As of Date in Form YYYY-MM-DD,Noncommercial Positions-Long (All),Noncommercial Positions-Short (All),Change in Noncommercial-Long (All),Change in Noncommercial-Short (All),Open Interest (All),Net Positions,Interpretation
1986-01-15,407,8382,,,15693,-7975,No signal
1986-01-31,413,9401,6.0,1019.0,18922,-8988,Bearish
1986-02-14,1710,2513,1297.0,-6888.0,13901,-803,Bullish Reversal
1986-02-28,1547,3756,-163.0,1243.0,15075,-2209,Bearish
1986-03-14,1524,1896,-23.0,-1860.0,14134,-372,Bullish Reversal
1986-03-31,1768,1004,244.0,-892.0,9748,764,Bullish Reversal
1986-04-15,2185,1410,417.0,406.0,10983,775,Bullish
1986-04-30,3401,1553,1216.0,143.0,13670,1848,Bullish
1986-05-15,3575,2508,174.0,955.0,14246,1067,Bearish
1986-05-30,2233,125,-1342.0,-2383.0,14977,2108,Bullish
1986-06-13,1174,1022,-1059.0,897.0,13025,152,Bearish Reversal
1986-06-30,1417,932,243.0,-90.0,9400,485,Bullish Reversal
1986-07-15,1951,1258,534.0,326.0,11320,693,Bullish
1986-07-31,1040,1966,-911.0,708.0,13759,-926,Bearish
1986-08-15,1557,2934,517.0,968.0,15436,-1377,Bearish
1986-08-29,205,3027,-1352.0,93.0,17501,-2822,Bearish
1986-09-15,328,1071,123.0,-1956.0,16111,-743,Bullish Reversal
1986-09-30,249,995,-79.0,-76.0,9358,-746,Bearish Reversal
1986-10-15,462,2173,213.0,1178.0,11095,-1711,Bearish
1986-10-31,702,2970,240.0,797.0,12377,-2268,Bearish
1986-11-14,4160,1723,3458.0,-1247.0,15667,2437,Bullish
1986-11-28,1620,1750,-2540.0,27.0,14648,-130,Bearish Reversal
1986-12-15,3056,1076,1436.0,-674.0,18363,1980,Bullish
1986-12-31,2905,1098,-151.0,22.0,14937,1807,Bearish Reversal
1987-01-15,3591,1577,686.0,479.0,15379,2014,Bullish
1987-01-30,6196,1031,2605.0,-546.0,23106,5165,Bullish
1987-02-13,4639,1482,-1557.0,451.0,24222,3157,Bearish
1987-02-27,6827,1057,2188.0,-425.0,24837,5770,Bullish
1987-03-13,11212,220,4385.0,-837.0,34455,10992,Bullish
1987-03-31,7855,469,-3357.0,249.0,27963,7386,Bearish Reversal
1987-04-15,3643,800,-4212.0,331.0,25825,2843,Bearish Reversal
1987-04-30,1721,1853,-1922.0,1053.0,24537,-132,Bearish Reversal
1987-05-15,1667,1257,-54.0,-596.0,24663,410,Bullish
1987-05-29,1521,1165,-146.0,-92.0,25406,356,Bearish
1987-06-15,1507,580,-14.0,-585.0,25820,927,Bullish
1987-06-30,3215,274,1708.0,-306.0,19674,2941,Bullish Reversal
1987-07-15,4652,0,1437.0,-274.0,23082,4652,Bullish
1987-07-31,2531,284,-2121.0,284.0,19033,2247,Bearish Reversal
1987-08-14,2530,0,-1.0,-284.0,18322,2530,Bullish Reversal
1987-08-31,5651,587,3121.0,587.0,23449,5064,Bullish
1987-09-15,6821,531,1170.0,-56.0,19660,6290,Bullish Reversal
1987-09-30,8694,0,1873.0,-531.0,21422,8694,Bullish
1987-10-15,10116,0,1422.0,0.0,23337,10116,Bullish
1987-10-30,2393,480,-7723.0,480.0,19138,1913,Bearish Reversal
1987-11-13,2196,480,-197.0,0.0,18209,1716,Bearish Reversal
1987-11-30,2527,480,331.0,0.0,19321,2047,Bullish
1987-12-15,3452,646,925.0,166.0,12185,2806,Bullish Reversal
1987-12-31,4907,669,1455.0,23.0,14908,4238,Bullish
1988-01-15,7950,219,3043.0,-450.0,21722,7731,Bullish
1988-01-29,9296,426,1346.0,207.0,25446,8870,Bullish
1988-02-12,9635,1260,339.0,834.0,25254,8375,Bearish Reversal
1988-02-29,9283,485,-352.0,-775.0,23411,8798,Bullish Reversal
1988-03-15,5965,0,-3318.0,-485.0,18998,5965,Bearish Reversal
1988-03-31,8840,545,2875.0,545.0,24339,8295,Bullish
1988-04-15,6314,875,-2526.0,330.0,23747,5439,Bearish Reversal
1988-04-29,6206,2171,-108.0,1296.0,25940,4035,Bearish
1988-05-13,8885,1783,2679.0,-388.0,28220,7102,Bullish
1988-05-31,5917,1889,-2968.0,106.0,29846,4028,Bearish
1988-06-15,19403,1286,13486.0,-603.0,36198,18117,Bullish
1988-06-30,18320,307,-1083.0,-979.0,33848,18013,Bearish Reversal
1988-07-15,17929,763,-391.0,456.0,33023,17166,Bearish Reversal
1988-07-29,9590,512,-8339.0,-251.0,30069,9078,Bearish Reversal
1988-08-15,5469,1826,-4121.0,1314.0,28090,3643,Bearish Reversal
1988-08-31,2707,3136,-2762.0,1310.0,28513,-429,Bearish
1988-09-15,2412,3343,-295.0,207.0,25186,-931,Bearish Reversal
1988-09-30,3819,2564,1407.0,-779.0,17849,1255,Bullish Reversal
1988-10-14,5223,735,1404.0,-1829.0,21686,4488,Bullish
1988-10-31,5651,840,428.0,105.0,23452,4811,Bullish
1988-11-15,2366,1788,-3285.0,948.0,17370,578,Bearish Reversal
1988-11-30,9566,2714,7200.0,926.0,28227,6852,Bullish
1988-12-15,5181,2548,-4385.0,-166.0,27374,2633,Bearish Reversal
1988-12-30,8136,1566,2955.0,-982.0,21974,6570,Bullish Reversal
1989-01-13,6105,1241,-2031.0,-325.0,21597,4864,Bearish Reversal
1989-01-31,12506,3429,6401.0,2188.0,29437,9077,Bullish
1989-02-15,9739,3242,-2767.0,-187.0,28642,6497,Bearish Reversal
1989-02-28,1373,3757,-8366.0,515.0,30683,-2384,Bearish
1989-03-15,3429,1669,2056.0,-2088.0,15491,1760,Bullish Reversal
1989-03-31,7049,1965,3620.0,296.0,19631,5084,Bullish
1989-04-14,7688,1648,639.0,-317.0,20893,6040,Bullish
1989-04-28,7729,1517,41.0,-131.0,22867,6212,Bullish
1989-05-15,10307,1157,2578.0,-360.0,25373,9150,Bullish
1989-05-31,2725,5971,-7582.0,4814.0,29282,-3246,Bearish
1989-06-15,1234,6375,-1491.0,404.0,29253,-5141,Bearish Reversal
1989-06-30,2872,4086,1638.0,-2289.0,17987,-1214,Bullish Reversal
1989-07-14,2802,2479,-70.0,-1607.0,17853,323,Bullish Reversal
1989-07-31,8894,3110,6092.0,631.0,27257,5784,Bullish
1989-08-15,10541,2665,1647.0,-445.0,29531,7876,Bullish
1989-08-31,13394,4006,2853.0,1341.0,34598,9388,Bullish
1989-09-15,7480,5620,-5914.0,1614.0,30187,1860,Bearish Reversal
1989-09-29,8311,3082,831.0,-2538.0,20315,5229,Bullish Reversal
1989-10-13,14567,2786,6256.0,-296.0,27248,11781,Bullish
1989-10-31,11688,2356,-2879.0,-430.0,26267,9332,Bearish Reversal
1989-11-15,13856,2150,2168.0,-206.0,29514,11706,Bullish
1989-11-30,13672,2276,-184.0,126.0,30846,11396,Bearish
1989-12-15,13327,2081,-345.0,-195.0,33546,11246,Bearish
1989-12-29,12551,2129,-776.0,48.0,23526,10422,Bearish Reversal
1990-01-15,10615,3481,-1936.0,1352.0,24717,7134,Bearish
1990-01-31,393,9639,-10222.0,6158.0,28934,-9246,Bearish
1990-02-15,787,9958,394.0,319.0,29370,-9171,Bullish
1990-02-28,251,10270,-536.0,312.0,29024,-10019,Bearish Reversal
1990-03-15,2591,5305,2340.0,-4965.0,27766,-2714,Bullish Reversal
1990-03-30,3130,2908,539.0,-2397.0,17957,222,Bullish Reversal
1990-04-12,8166,2418,5036.0,-490.0,25282,5748,Bullish
1990-04-30,9476,3655,1310.0,1237.0,29053,5821,Bullish
1990-05-15,4243,7230,-5233.0,3575.0,33642,-2987,Bearish
1990-05-31,2543,6753,-1700.0,-477.0,34873,-4210,Bearish
1990-06-15,3303,5619,760.0,-1134.0,30514,-2316,Bullish Reversal
1990-06-29,8570,4063,5267.0,-1556.0,31003,4507,Bullish
1990-07-13,12952,4034,4382.0,-29.0,38769,8918,Bullish
1990-07-31,14849,3264,1897.0,-770.0,42224,11585,Bullish
1990-08-15,13532,2557,-1317.0,-707.0,41556,10975,Bearish Reversal
1990-08-31,6010,3344,-7522.0,787.0,41206,2666,Bearish Reversal
1990-09-14,1472,4011,-4538.0,667.0,38281,-2539,Bearish Reversal
1990-09-28,1604,2325,132.0,-1686.0,27661,-721,Bullish Reversal
1990-10-15,4679,2001,3075.0,-324.0,27955,2678,Bullish
1990-10-31,1656,6294,-3023.0,4293.0,32325,-4638,Bearish
1990-11-15,693,5840,-963.0,-454.0,31534,-5147,Bearish Reversal
1990-11-30,2237,4553,1544.0,-1287.0,28907,-2316,Bullish Reversal
1990-12-14,1957,1657,-280.0,-2896.0,23961,300,Bullish Reversal
1990-12-31,4064,1849,2107.0,192.0,22712,2215,Bullish Reversal
1991-01-15,14157,1258,10093.0,-591.0,32725,12899,Bullish
1991-01-31,4342,4432,-9815.0,3174.0,25737,-90,Bearish Reversal
1991-02-15,5585,6510,1243.0,2078.0,27245,-925,Bearish
1991-02-28,9837,6873,4252.0,363.0,31879,2964,Bullish
1991-03-15,6577,3748,-3260.0,-3125.0,26779,2829,Bearish Reversal
1991-03-28,5056,3845,-1521.0,97.0,19241,1211,Bearish Reversal
1991-04-15,13581,4329,8525.0,484.0,28691,9252,Bullish
1991-04-30,6242,4628,-7339.0,299.0,25340,1614,Bearish Reversal
1991-05-15,9430,3601,3188.0,-1027.0,28608,5829,Bullish
1991-05-31,12330,3954,2900.0,353.0,32355,8376,Bullish
1991-06-14,13278,2888,948.0,-1066.0,37191,10390,Bullish
1991-06-28,14153,2675,875.0,-213.0,29427,11478,Bullish Reversal
1991-07-15,6344,5559,-7809.0,2884.0,24326,785,Bearish Reversal
1991-07-31,2643,5020,-3701.0,-539.0,22297,-2377,Bearish Reversal
1991-08-15,9093,2710,6450.0,-2310.0,26022,6383,Bullish
1991-08-30,11113,2451,2020.0,-259.0,29129,8662,Bullish
1991-09-16,11639,5678,526.0,3227.0,38130,5961,Bearish
1991-09-30,10063,7932,-1576.0,2254.0,27203,2131,Bearish Reversal
1991-10-15,10856,4752,793.0,-3180.0,28454,6104,Bullish
1991-10-31,11911,3832,1055.0,-920.0,29873,8079,Bullish
1991-11-15,4659,6511,-7252.0,2679.0,26661,-1852,Bearish Reversal
1991-11-29,3814,6237,-845.0,-274.0,25535,-2423,Bearish Reversal
1991-12-13,1234,5042,-2580.0,-1195.0,22133,-3808,Bearish Reversal
1991-12-31,259,7797,-975.0,2755.0,20540,-7538,Bearish Reversal
1992-01-15,205,5190,-54.0,-2607.0,18256,-4985,Bullish Reversal
1992-01-31,283,8214,78.0,3024.0,23068,-7931,Bearish
1992-02-14,234,7531,-49.0,-683.0,23894,-7297,Bullish
1992-02-28,872,5182,638.0,-2349.0,22904,-4310,Bullish Reversal
1992-03-13,2353,6826,1481.0,1644.0,29383,-4473,Bearish
1992-03-31,2236,5927,-117.0,-899.0,21405,-3691,Bullish Reversal
1992-04-15,3718,3591,1482.0,-2336.0,22012,127,Bullish
1992-04-30,1213,4152,,,20585,-2939,No signal
1992-05-15,587,11126,-626.0,6974.0,26914,-10539,Bearish
1992-05-29,2177,9876,1590.0,-1250.0,25630,-7699,Bullish Reversal
1992-06-15,3646,7193,1469.0,-2683.0,24250,-3547,Bullish Reversal
1992-06-30,4148,6799,502.0,-394.0,20036,-2651,Bullish Reversal
1992-07-15,7012,7797,2864.0,998.0,24509,-785,Bullish
1992-07-31,11663,8026,4651.0,229.0,30397,3637,Bullish
1992-08-14,7947,7247,-3716.0,-779.0,26979,700,Bearish Reversal
1992-08-31,5370,8283,-2577.0,1036.0,26375,-2913,Bearish Reversal
1992-09-15,716,12245,-4654.0,3962.0,31229,-11529,Bearish
1992-09-30,1474,11090,758.0,-1155.0,28128,-9616,Bullish Reversal
1992-10-06,630,10639,-844.0,-451.0,29787,-10009,Bearish
1992-10-13,370,8871,-260.0,-1768.0,28345,-8501,Bullish Reversal
1992-10-20,1532,7455,1162.0,-1416.0,27811,-5923,Bullish Reversal
1992-10-27,1158,7086,-374.0,-369.0,25623,-5928,Bearish Reversal
1992-11-03,1527,5930,369.0,-1156.0,23862,-4403,Bullish Reversal
1992-11-10,758,5643,-769.0,-287.0,25486,-4885,Bearish
1992-11-17,1106,6483,348.0,840.0,29834,-5377,Bearish
1992-11-24,2041,7661,935.0,1178.0,31439,-5620,Bearish
1992-12-01,658,7965,-1383.0,304.0,31410,-7307,Bearish Reversal
1992-12-08,370,5275,-288.0,-2690.0,28270,-4905,Bullish Reversal
1992-12-15,420,4653,50.0,-622.0,30053,-4233,Bullish
1992-12-22,1155,1418,735.0,-3235.0,18042,-263,Bullish Reversal
1992-12-29,2700,1294,1545.0,-124.0,19632,1406,Bullish
1993-01-05,2113,1355,-587.0,61.0,20289,758,Bearish
1993-01-12,1371,1377,-742.0,22.0,20715,-6,Bearish
1993-01-19,1618,1977,247.0,600.0,20672,-359,Bearish Reversal
1993-01-26,684,1831,-934.0,-146.0,19475,-1147,Bearish Reversal
1993-02-02,5232,1354,4548.0,-477.0,21708,3878,Bullish
1993-02-09,6608,2104,1376.0,750.0,23366,4504,Bullish
1993-02-16,7155,2216,547.0,112.0,25911,4939,Bullish
1993-02-23,7748,1581,593.0,-635.0,25332,6167,Bullish Reversal
1993-03-02,8566,1001,818.0,-580.0,27166,7565,Bullish
1993-03-09,8642,1934,76.0,933.0,31769,6708,Bearish
1993-03-16,8872,1343,230.0,-591.0,30163,7529,Bullish Reversal
1993-03-23,7328,2202,-1544.0,859.0,20880,5126,Bearish Reversal
1993-03-30,5368,3574,-1960.0,1372.0,21004,1794,Bearish
1993-04-06,4322,4016,-1046.0,442.0,20678,306,Bearish Reversal
1993-04-13,3710,4236,-612.0,220.0,22199,-526,Bearish
1993-04-20,3327,5675,-383.0,1439.0,22691,-2348,Bearish
1993-04-27,2953,8468,-374.0,2793.0,28933,-5515,Bearish
1993-05-04,1771,8211,-1182.0,-257.0,29784,-6440,Bearish
1993-05-11,1221,8508,-550.0,297.0,29706,-7287,Bearish Reversal
1993-05-18,1007,6537,-214.0,-1971.0,27440,-5530,Bullish Reversal
1993-05-25,1968,2081,961.0,-4456.0,22414,-113,Bullish Reversal
1993-06-01,1236,2323,-732.0,242.0,24302,-1087,Bearish
1993-06-08,627,7064,-609.0,4741.0,37449,-6437,Bearish
1993-06-15,336,7404,-291.0,340.0,37502,-7068,Bearish
1993-06-22,2138,4566,1802.0,-2838.0,26335,-2428,Bullish Reversal
1993-06-29,1561,4459,-577.0,-107.0,27008,-2898,Bearish
1993-07-06,1722,7383,161.0,2924.0,31644,-5661,Bearish
1993-07-13,2142,4351,420.0,-3032.0,29175,-2209,Bullish Reversal
1993-07-20,3237,2823,1095.0,-1528.0,28579,414,Bullish Reversal
1993-07-27,2133,4129,-1104.0,1306.0,28857,-1996,Bearish
1993-08-03,346,11125,-1787.0,6996.0,40502,-10779,Bearish
1993-08-10,311,13195,-35.0,2070.0,43458,-12884,Bearish
1993-08-17,353,18955,42.0,5760.0,48848,-18602,Bearish
1993-08-24,398,18726,45.0,-229.0,46154,-18328,Bullish Reversal
1993-08-31,1965,17809,1567.0,-917.0,45243,-15844,Bullish Reversal
1993-09-07,2157,17639,192.0,-170.0,46780,-15482,Bullish
1993-09-14,2403,12731,246.0,-4908.0,44869,-10328,Bullish Reversal
1993-09-21,3088,9587,685.0,-3144.0,34773,-6499,Bullish Reversal
1993-09-28,3758,12004,670.0,2417.0,36772,-8246,Bearish
1993-10-05,4036,20576,278.0,8572.0,50423,-16540,Bearish
1993-10-12,4434,18928,398.0,-1648.0,49915,-14494,Bullish Reversal
1993-10-19,4261,15152,-173.0,-3776.0,45072,-10891,Bullish Reversal
1993-10-26,7644,3566,3383.0,-11586.0,33188,4078,Bullish Reversal
1993-11-02,8606,3636,962.0,70.0,33472,4970,Bullish
1993-11-09,9698,4253,1092.0,617.0,34602,5445,Bullish
1993-11-16,2585,4072,-7113.0,-181.0,29633,-1487,Bearish Reversal
1993-11-23,3309,2220,724.0,-1852.0,31538,1089,Bullish
1993-11-30,3420,4258,111.0,2038.0,34373,-838,Bearish
1993-12-07,3380,2598,-40.0,-1660.0,31913,782,Bullish Reversal
1993-12-14,2839,3975,-541.0,1377.0,31438,-1136,Bearish Reversal
1993-12-21,3169,5258,330.0,1283.0,29211,-2089,Bearish Reversal
1993-12-28,3031,2329,-138.0,-2929.0,24332,702,Bullish Reversal
1994-01-04,8240,868,5209.0,-1461.0,28295,7372,Bullish
1994-01-11,6906,1077,-1334.0,209.0,27694,5829,Bearish Reversal
1994-01-18,6190,1512,-716.0,435.0,27523,4678,Bearish Reversal
1994-01-25,8127,1176,1937.0,-336.0,28554,6951,Bullish
1994-02-01,4939,1085,-3188.0,-91.0,29112,3854,Bearish
1994-02-08,3647,5124,-1292.0,4039.0,35365,-1477,Bearish
1994-02-15,3653,8850,6.0,3726.0,41220,-5197,Bearish
1994-02-22,5012,9258,1359.0,408.0,41548,-4246,Bullish
1994-03-01,4021,11012,-991.0,1754.0,46975,-6991,Bearish
1994-03-08,3702,13102,-319.0,2090.0,52577,-9400,Bearish
1994-03-15,4374,13921,672.0,819.0,56396,-9547,Bearish
1994-03-22,4529,12661,155.0,-1260.0,43654,-8132,Bullish Reversal
1994-03-29,4746,14761,217.0,2100.0,44543,-10015,Bearish
1994-04-05,2764,14394,-1982.0,-367.0,43576,-11630,Bearish Reversal
1994-04-12,4976,13943,2212.0,-451.0,43423,-8967,Bullish Reversal
1994-04-19,5654,12015,678.0,-1928.0,42749,-6361,Bullish Reversal
1994-04-26,5297,9734,-357.0,-2281.0,41747,-4437,Bullish Reversal
1994-05-03,5084,11511,-213.0,1777.0,43915,-6427,Bearish
1994-05-10,6231,8636,1147.0,-2875.0,43990,-2405,Bullish
1994-05-17,4918,9057,-1313.0,421.0,42898,-4139,Bearish Reversal
1994-05-24,2965,10300,-1953.0,1243.0,45144,-7335,Bearish
1994-05-31,3317,9217,352.0,-1083.0,45427,-5900,Bullish
1994-06-07,6811,4643,3494.0,-4574.0,49293,2168,Bullish
1994-06-14,6221,5835,-590.0,1192.0,43074,386,Bearish Reversal
1994-06-21,10098,14915,3877.0,9080.0,40447,-4817,Bearish Reversal
1994-06-28,10094,14039,-4.0,-876.0,40351,-3945,Bullish Reversal
1994-07-05,11239,8792,1145.0,-5247.0,36536,2447,Bullish Reversal
1994-07-12,10157,9705,-1082.0,913.0,36327,452,Bearish Reversal
1994-07-19,11618,5969,1461.0,-3736.0,34927,5649,Bullish Reversal
1994-07-26,12736,5748,1118.0,-221.0,35599,6988,Bullish
1994-08-02,6208,8332,-6528.0,2584.0,34259,-2124,Bearish Reversal
1994-08-09,13641,4706,7433.0,-3626.0,40216,8935,Bullish
1994-08-16,14059,5587,418.0,881.0,39964,8472,Bearish Reversal
1994-08-23,13359,7104,-700.0,1517.0,39309,6255,Bearish Reversal
1994-08-30,16604,8327,3245.0,1223.0,44063,8277,Bullish
1994-09-06,15148,8607,-1456.0,280.0,51099,6541,Bearish
1994-09-13,23139,7107,7991.0,-1500.0,51441,16032,Bullish
1994-09-20,25203,4185,2064.0,-2922.0,54681,21018,Bullish
1994-09-27,23812,3663,-1391.0,-522.0,45915,20149,Bearish Reversal
1994-10-04,24047,4324,235.0,661.0,46240,19723,Bearish
1994-10-11,22691,4306,-1356.0,-18.0,44573,18385,Bearish Reversal
1994-10-18,9963,8948,-12728.0,4642.0,37850,1015,Bearish Reversal
1994-10-25,10227,6634,264.0,-2314.0,38021,3593,Bullish
1994-11-01,8307,7927,-1920.0,1293.0,38858,380,Bearish
1994-11-08,6597,10431,-1710.0,2504.0,37841,-3834,Bearish Reversal
1994-11-15,2581,10233,-4016.0,-198.0,39735,-7652,Bearish
1994-11-22,1605,18638,-976.0,8405.0,46293,-17033,Bearish
1994-11-29,1287,21513,-318.0,2875.0,54462,-20226,Bearish
1994-12-06,1949,19523,662.0,-1990.0,55343,-17574,Bullish
1994-12-13,1927,24792,-22.0,5269.0,67004,-22865,Bearish
1994-12-20,1431,25875,-496.0,1083.0,67155,-24444,Bearish
1994-12-27,1297,26154,-134.0,279.0,51589,-24857,Bearish Reversal
1995-01-03,1078,28273,-219.0,2119.0,54732,-27195,Bearish
1995-01-10,1683,28432,605.0,159.0,56636,-26749,Bullish
1995-01-17,2428,26577,745.0,-1855.0,55051,-24149,Bullish Reversal
1995-01-24,2877,25515,449.0,-1062.0,56213,-22638,Bullish
1995-01-31,3790,21491,913.0,-4024.0,52723,-17701,Bullish Reversal
1995-02-07,3220,8658,-570.0,-12833.0,46674,-5438,Bullish Reversal
1995-02-14,4379,4611,1159.0,-4047.0,43238,-232,Bullish Reversal
1995-02-21,4837,3947,458.0,-664.0,43565,890,Bullish
1995-02-28,3401,2713,-1436.0,-1234.0,42646,688,Bearish Reversal
1995-03-07,4388,5008,987.0,2295.0,44087,-620,Bearish
1995-03-14,2755,4804,-1633.0,-204.0,38084,-2049,Bearish Reversal
1995-03-21,4295,2977,1540.0,-1827.0,27462,1318,Bullish Reversal
1995-03-28,4203,2216,-92.0,-761.0,27263,1987,Bullish Reversal
1995-04-04,7804,1433,3601.0,-783.0,33239,6371,Bullish
1995-04-11,16453,2040,8649.0,607.0,46365,14413,Bullish
1995-04-18,17049,616,596.0,-1424.0,48540,16433,Bullish
1995-04-25,17160,612,111.0,-4.0,50031,16548,Bullish
1995-05-02,17798,651,638.0,39.0,50828,17147,Bullish
1995-05-09,18047,1267,249.0,616.0,50968,16780,Bearish
1995-05-16,16528,855,-1519.0,-412.0,48219,15673,Bearish Reversal
1995-05-23,14333,1078,-2195.0,223.0,45027,13255,Bearish Reversal
1995-05-30,9787,1747,-4546.0,669.0,40885,8040,Bearish Reversal
1995-06-06,6761,2034,-3026.0,287.0,39995,4727,Bearish Reversal
1995-06-13,5414,3459,-1347.0,1425.0,40815,1955,Bearish
1995-06-20,6720,2367,1306.0,-1092.0,36466,4353,Bullish Reversal
1995-06-27,8189,2072,1469.0,-295.0,33533,6117,Bullish Reversal
1995-07-03,8620,1992,431.0,-80.0,34118,6628,Bullish
1995-07-11,20092,2953,11472.0,961.0,50369,17139,Bullish
1995-07-18,19117,2397,-975.0,-556.0,49312,16720,Bearish Reversal
1995-07-25,17163,769,-1954.0,-1628.0,46023,16394,Bearish Reversal
1995-08-01,11390,271,-5773.0,-498.0,39597,11119,Bearish Reversal
1995-08-08,12387,688,997.0,417.0,38822,11699,Bullish Reversal
1995-08-15,11661,1185,-726.0,497.0,38040,10476,Bearish Reversal
1995-08-22,12601,671,940.0,-514.0,38582,11930,Bullish
1995-08-29,25489,1296,12888.0,625.0,57983,24193,Bullish
1995-09-05,26814,1115,1325.0,-181.0,59686,25699,Bullish
1995-09-12,24088,469,-2726.0,-646.0,74047,23619,Bearish
1995-09-19,3743,2069,-20345.0,1600.0,50826,1674,Bearish Reversal
1995-09-26,3485,811,-258.0,-1258.0,33153,2674,Bullish Reversal
1995-10-03,9968,820,6483.0,9.0,43581,9148,Bullish
1995-10-10,11456,890,1488.0,70.0,45203,10566,Bullish
1995-10-17,11283,959,-173.0,69.0,43870,10324,Bearish Reversal
1995-10-24,5274,4149,-6009.0,3190.0,42368,1125,Bearish Reversal
1995-10-31,4025,206,-1249.0,-3943.0,42519,3819,Bullish
1995-11-07,4669,0,644.0,-206.0,39221,4669,Bullish Reversal
1995-11-14,4174,302,-495.0,302.0,39472,3872,Bearish
1995-11-21,4213,270,39.0,-32.0,40386,3943,Bullish
1995-11-28,4281,0,68.0,-270.0,41357,4281,Bullish
1995-12-05,3121,2467,-1160.0,2467.0,42909,654,Bearish
1995-12-12,1993,10670,-1128.0,8203.0,51147,-8677,Bearish
1995-12-19,2139,10463,146.0,-207.0,50078,-8324,Bullish Reversal
1995-12-26,2885,1594,746.0,-8869.0,27808,1291,Bullish Reversal
1996-01-02,2938,1390,53.0,-204.0,29038,1548,Bullish
1996-01-09,3179,846,241.0,-544.0,27971,2333,Bullish Reversal
1996-01-16,2897,823,-282.0,-23.0,28290,2074,Bearish
1996-01-23,2330,1945,-567.0,1122.0,29221,385,Bearish
1996-01-30,1931,13423,-399.0,11478.0,42912,-11492,Bearish
1996-02-06,3122,12850,1191.0,-573.0,42313,-9728,Bullish Reversal
1996-02-13,3032,3254,-90.0,-9596.0,35631,-222,Bullish Reversal
1996-02-20,1961,7316,-1071.0,4062.0,39066,-5355,Bearish
1996-02-27,1835,5568,-126.0,-1748.0,36277,-3733,Bullish Reversal
1996-03-05,3461,3418,1626.0,-2150.0,35854,43,Bullish Reversal
1996-03-12,5019,1646,1558.0,-1772.0,37673,3373,Bullish
1996-03-19,15039,798,10020.0,-848.0,47150,14241,Bullish
1996-03-26,14125,673,-914.0,-125.0,38235,13452,Bearish Reversal
1996-04-02,19173,494,5048.0,-179.0,45017,18679,Bullish
1996-04-09,15828,702,-3345.0,208.0,41188,15126,Bearish Reversal
1996-04-16,14176,413,-1652.0,-289.0,41267,13763,Bearish
1996-04-23,10240,413,-3936.0,0.0,39169,9827,Bearish Reversal
1996-04-30,8456,1800,-1784.0,1387.0,38673,6656,Bearish Reversal
1996-05-07,8129,2388,-327.0,588.0,42265,5741,Bearish
1996-05-14,6807,6118,-1322.0,3730.0,46048,689,Bearish
1996-05-21,2006,12885,-4801.0,6767.0,49808,-10879,Bearish
1996-05-28,2152,16331,146.0,3446.0,53866,-14179,Bearish
1996-06-04,2497,4929,345.0,-11402.0,43947,-2432,Bullish Reversal
1996-06-11,4068,1852,1571.0,-3077.0,39445,2216,Bullish Reversal
1996-06-18,3380,1852,-688.0,0.0,37261,1528,Bearish Reversal
1996-06-25,9863,1587,6483.0,-265.0,34868,8276,Bullish Reversal
1996-07-02,10682,3193,819.0,1606.0,37716,7489,Bearish
1996-07-09,4553,4247,-6129.0,1054.0,36736,306,Bearish Reversal
1996-07-16,5070,5202,517.0,955.0,37383,-132,Bearish
1996-07-23,4141,4920,-929.0,-282.0,36777,-779,Bearish Reversal
1996-07-30,3038,7634,-1103.0,2714.0,39255,-4596,Bearish
1996-08-06,3391,7848,353.0,214.0,41519,-4457,Bullish
1996-08-13,2891,7146,-500.0,-702.0,39870,-4255,Bullish Reversal
1996-08-20,3356,5860,465.0,-1286.0,40733,-2504,Bullish
1996-08-27,7408,2755,4052.0,-3105.0,43173,4653,Bullish
1996-09-03,12759,4311,5351.0,1556.0,50100,8448,Bullish
1996-09-10,3251,5477,-9508.0,1166.0,48902,-2226,Bearish Reversal
1996-09-17,3806,4787,555.0,-690.0,42447,-981,Bullish Reversal
1996-09-24,8271,2127,4465.0,-2660.0,38003,6144,Bullish Reversal
1996-10-01,15106,3597,6835.0,1470.0,51335,11509,Bullish
1996-10-08,29508,1525,14402.0,-2072.0,64746,27983,Bullish
1996-10-15,30858,2190,1350.0,665.0,68361,28668,Bullish
1996-10-22,32647,1630,1789.0,-560.0,70122,31017,Bullish
1996-10-29,39177,1275,6530.0,-355.0,77686,37902,Bullish
1996-11-05,42743,1213,3566.0,-62.0,85426,41530,Bullish
1996-11-12,46780,971,4037.0,-242.0,89808,45809,Bullish
1996-11-19,31536,958,-15244.0,-13.0,76972,30578,Bearish Reversal
1996-11-26,29518,1742,-2018.0,784.0,77569,27776,Bearish
1996-12-03,17979,3003,-11539.0,1261.0,73121,14976,Bearish Reversal
1996-12-10,12858,10953,-5121.0,7950.0,78507,1905,Bearish
1996-12-17,17330,13031,4472.0,2078.0,81456,4299,Bullish
1996-12-24,16423,13509,-907.0,478.0,63184,2914,Bearish Reversal
1996-12-31,17955,17238,1532.0,3729.0,68803,717,Bearish
1997-01-07,6130,10360,-11825.0,-6878.0,60630,-4230,Bearish Reversal
1997-01-14,6733,4932,603.0,-5428.0,54037,1801,Bullish Reversal
1997-01-21,6605,2863,-128.0,-2069.0,52257,3742,Bullish Reversal
1997-01-28,6226,2843,-379.0,-20.0,54495,3383,Bearish
1997-02-04,5832,3867,-394.0,1024.0,55453,1965,Bearish
1997-02-11,3359,3432,-2473.0,-435.0,54206,-73,Bearish Reversal
1997-02-18,4642,3477,1283.0,45.0,56628,1165,Bullish
1997-02-25,2478,5532,-2164.0,2055.0,56461,-3054,Bearish Reversal
1997-03-04,2856,13562,378.0,8030.0,62862,-10706,Bearish
1997-03-11,5015,14750,2159.0,1188.0,74320,-9735,Bullish
1997-03-18,5007,16994,-8.0,2244.0,75819,-11987,Bearish
1997-03-25,5060,19592,53.0,2598.0,74773,-14532,Bearish Reversal
1997-04-01,4927,19660,-133.0,68.0,78679,-14733,Bearish
1997-04-08,3081,20330,-1846.0,670.0,81384,-17249,Bearish
1997-04-15,4608,20848,1527.0,518.0,84124,-16240,Bullish
1997-04-22,4427,20605,-181.0,-243.0,84497,-16178,Bullish
1997-04-29,4694,19164,267.0,-1441.0,82815,-14470,Bullish Reversal
1997-05-06,5339,13879,645.0,-5285.0,76382,-8540,Bullish Reversal
1997-05-13,4832,14914,-507.0,1035.0,76830,-10082,Bearish
1997-05-20,7107,10370,2275.0,-4544.0,68670,-3263,Bullish Reversal
1997-05-27,6263,5802,-844.0,-4568.0,69553,461,Bullish
1997-06-03,5319,5352,-944.0,-450.0,70087,-33,Bearish
1997-06-10,3025,6039,-2294.0,687.0,67393,-3014,Bearish Reversal
1997-06-17,3099,4844,74.0,-1195.0,67533,-1745,Bullish
1997-06-24,2117,5770,-982.0,926.0,42957,-3653,Bearish Reversal
1997-07-01,2628,6233,511.0,463.0,43224,-3605,Bullish
1997-07-08,4297,5393,1669.0,-840.0,43168,-1096,Bullish Reversal
1997-07-15,3999,6547,-298.0,1154.0,43544,-2548,Bearish
1997-07-22,4367,5441,368.0,-1106.0,43465,-1074,Bullish Reversal
1997-07-29,4298,9232,-69.0,3791.0,45305,-4934,Bearish
1997-08-05,4012,8175,-286.0,-1057.0,45845,-4163,Bullish
1997-08-12,4478,13426,466.0,5251.0,57100,-8948,Bearish
1997-08-19,5080,19512,602.0,6086.0,64364,-14432,Bearish
1997-08-26,5114,20302,34.0,790.0,70373,-15188,Bearish
1997-09-02,4950,10705,-164.0,-9597.0,62757,-5755,Bullish Reversal
1997-09-09,6341,9254,1391.0,-1451.0,61756,-2913,Bullish Reversal
1997-09-16,6005,15135,-336.0,5881.0,62926,-9130,Bearish
1997-09-23,5505,15576,-500.0,441.0,49901,-10071,Bearish Reversal
1997-09-30,8514,10243,3009.0,-5333.0,49379,-1729,Bullish Reversal
1997-10-07,17913,7622,9399.0,-2621.0,58958,10291,Bullish
1997-10-14,11151,9111,-6762.0,1489.0,54173,2040,Bearish Reversal
1997-10-21,6145,14300,-5006.0,5189.0,55131,-8155,Bearish
1997-10-28,3837,29903,-2308.0,15603.0,72943,-26066,Bearish
1997-11-04,4285,29788,448.0,-115.0,74076,-25503,Bullish
1997-11-11,3844,25940,-441.0,-3848.0,71927,-22096,Bullish Reversal
1997-11-18,3974,25705,130.0,-235.0,74605,-21731,Bullish
1997-11-25,4301,25218,327.0,-487.0,77709,-20917,Bullish
1997-12-02,3922,23430,-379.0,-1788.0,75838,-19508,Bullish Reversal
1997-12-09,3895,22673,-27.0,-757.0,86967,-18778,Bullish
1997-12-16,3919,20128,24.0,-2545.0,84023,-16209,Bullish Reversal
1997-12-19,4258,20617,339.0,489.0,60824,-16359,Bearish Reversal
1997-12-23,4860,25244,941.0,5116.0,65173,-20384,Bearish Reversal
1997-12-30,3815,25212,-1045.0,-32.0,66115,-21397,Bearish
1998-01-06,3846,23115,31.0,-2097.0,62751,-19269,Bullish Reversal
1998-01-13,3180,17912,-666.0,-5203.0,62101,-14732,Bullish Reversal
1998-01-20,3716,17448,536.0,-464.0,63599,-13732,Bullish
1998-01-27,3295,20207,-421.0,2759.0,64419,-16912,Bearish
1998-02-03,2682,18352,-613.0,-1855.0,67444,-15670,Bullish
1998-02-10,2984,10972,302.0,-7380.0,64827,-7988,Bullish Reversal
1998-02-17,2275,11324,-709.0,352.0,68889,-9049,Bearish
1998-02-24,3754,7485,1479.0,-3839.0,70658,-3731,Bullish
1998-03-03,3734,7734,-20.0,249.0,68465,-4000,Bearish Reversal
1998-03-10,4962,1768,1228.0,-5966.0,68037,3194,Bullish Reversal
1998-03-17,6795,1908,1833.0,140.0,67562,4887,Bullish Reversal
1998-03-24,6764,2690,-31.0,782.0,53446,4074,Bearish Reversal
1998-03-31,6961,2843,197.0,153.0,58818,4118,Bullish
1998-04-07,5779,3011,-1182.0,168.0,57121,2768,Bearish Reversal
1998-04-14,5556,9170,-223.0,6159.0,59612,-3614,Bearish
1998-04-21,3037,10427,-2519.0,1257.0,58919,-7390,Bearish Reversal
1998-04-28,2808,11687,-229.0,1260.0,59705,-8879,Bearish
1998-05-05,3218,12538,410.0,851.0,60297,-9320,Bearish
1998-05-12,3792,13295,574.0,757.0,61808,-9503,Bearish
1998-05-19,3511,22686,-281.0,9391.0,67254,-19175,Bearish
1998-05-26,4728,23496,1217.0,810.0,70687,-18768,Bullish
1998-06-02,4880,24165,152.0,669.0,70537,-19285,Bearish Reversal
1998-06-09,4336,23703,-544.0,-462.0,80094,-19367,Bearish
1998-06-16,4880,29661,544.0,5958.0,86700,-24781,Bearish
1998-06-23,5304,26960,424.0,-2701.0,67433,-21656,Bullish Reversal
1998-06-30,4104,26601,-1200.0,-359.0,68815,-22497,Bearish
1998-07-07,4286,25434,182.0,-1167.0,69815,-21148,Bullish
1998-07-14,4594,23398,308.0,-2036.0,70340,-18804,Bullish
1998-07-21,5034,25228,440.0,1830.0,72088,-20194,Bearish
1998-07-28,4624,26962,-410.0,1734.0,71906,-22338,Bearish Reversal
1998-08-04,4278,27610,-346.0,648.0,73331,-23332,Bearish
1998-08-11,4841,26672,563.0,-938.0,72943,-21831,Bullish Reversal
1998-08-18,4273,26926,-568.0,254.0,77200,-22653,Bearish
1998-08-25,4953,27254,680.0,328.0,75626,-22301,Bullish Reversal
1998-09-01,5264,16285,311.0,-10969.0,73780,-11021,Bullish Reversal
1998-09-08,5375,13057,111.0,-3228.0,71659,-7682,Bullish Reversal
1998-09-15,2907,9135,-2468.0,-3922.0,65301,-6228,Bullish Reversal
1998-09-22,1979,7412,-928.0,-1723.0,51581,-5433,Bullish Reversal
1998-09-29,2007,5430,28.0,-1982.0,52049,-3423,Bullish
1998-10-06,2499,6798,492.0,1368.0,51219,-4299,Bearish Reversal
1998-10-13,2229,5831,-270.0,-967.0,50240,-3602,Bullish Reversal
1998-10-20,2309,5152,80.0,-679.0,51585,-2843,Bullish
1998-10-27,2110,5094,-199.0,-58.0,52934,-2984,Bearish
1998-11-03,2263,3912,153.0,-1182.0,56026,-1649,Bullish
1998-11-10,3137,4914,874.0,1002.0,60716,-1777,Bearish
1998-11-17,2571,7819,-566.0,2905.0,63048,-5248,Bearish
1998-11-24,2166,8243,-405.0,424.0,63624,-6077,Bearish
1998-12-01,3915,6677,1749.0,-1566.0,65472,-2762,Bullish
1998-12-08,2329,7683,-1586.0,1006.0,59112,-5354,Bearish Reversal
1998-12-15,2213,7751,-116.0,68.0,57842,-5538,Bearish Reversal
1998-12-22,1804,10010,-409.0,2259.0,39710,-8206,Bearish Reversal
1998-12-29,1851,10126,47.0,116.0,39871,-8275,Bearish
1999-01-05,4638,3943,2787.0,-6183.0,44072,695,Bullish
1999-01-12,11357,3044,6719.0,-899.0,51921,8313,Bullish
1999-01-19,6488,3327,-4869.0,283.0,50810,3161,Bearish Reversal
1999-01-26,6093,2746,-395.0,-581.0,51323,3347,Bullish
1999-02-02,7380,4034,1287.0,1288.0,57132,3346,Bearish
1999-02-09,17092,2399,9712.0,-1635.0,70696,14693,Bullish
1999-02-16,18988,2941,1896.0,542.0,76337,16047,Bullish
1999-02-23,18485,2639,-503.0,-302.0,79306,15846,Bearish
1999-03-02,13844,3578,-4641.0,939.0,70181,10266,Bearish Reversal
1999-03-09,10980,3228,-2864.0,-350.0,72008,7752,Bearish
1999-03-16,9432,3394,-1548.0,166.0,72693,6038,Bearish
1999-03-23,12534,2331,3102.0,-1063.0,55557,10203,Bullish Reversal
1999-03-30,9735,3272,-2799.0,941.0,54803,6463,Bearish Reversal
1999-04-06,12648,2955,2913.0,-317.0,59329,9693,Bullish
1999-04-13,23269,4138,10621.0,1183.0,70341,19131,Bullish
1999-04-20,32135,3480,8866.0,-658.0,79692,28655,Bullish
1999-04-27,35749,3559,3614.0,79.0,83465,32190,Bullish
1999-05-04,35794,4030,45.0,471.0,84922,31764,Bearish
1999-05-11,35282,4117,-512.0,87.0,84985,31165,Bearish
1999-05-18,35044,4146,-238.0,29.0,87144,30898,Bearish
1999-05-25,31589,2976,-3455.0,-1170.0,84475,28613,Bearish Reversal
1999-06-01,25017,3197,-6572.0,221.0,77848,21820,Bearish Reversal
1999-06-08,23606,4089,-1411.0,892.0,85077,19517,Bearish
1999-06-15,23824,3560,218.0,-529.0,83577,20264,Bullish Reversal
1999-06-22,21823,2615,-2001.0,-945.0,62240,19208,Bearish Reversal
1999-06-29,22580,2898,757.0,283.0,62374,19682,Bullish
1999-07-06,18634,3505,-3946.0,607.0,61270,15129,Bearish Reversal
1999-07-13,13424,5206,-5210.0,1701.0,62623,8218,Bearish
1999-07-20,12776,10332,-648.0,5126.0,61710,2444,Bearish Reversal
1999-07-27,5195,30126,-7581.0,19794.0,75262,-24931,Bearish
1999-08-03,6374,35589,1179.0,5463.0,84345,-29215,Bearish
1999-08-10,6656,24226,282.0,-11363.0,76379,-17570,Bullish Reversal
1999-08-17,6560,11381,-96.0,-12845.0,66156,-4821,Bullish Reversal
1999-08-24,5557,12201,-1003.0,820.0,66844,-6644,Bearish
1999-08-31,6043,11851,486.0,-350.0,68733,-5808,Bullish
1999-09-07,5723,9865,-320.0,-1986.0,71695,-4142,Bullish
1999-09-14,6692,4634,969.0,-5231.0,73156,2058,Bullish
1999-09-21,12658,5256,5966.0,622.0,52901,7402,Bullish Reversal
1999-09-28,16861,4292,4203.0,-964.0,60305,12569,Bullish
1999-10-05,21182,5254,4321.0,962.0,64521,15928,Bullish
1999-10-12,20811,5288,-371.0,34.0,63872,15523,Bearish Reversal
1999-10-19,5485,6760,-15326.0,1472.0,53655,-1275,Bearish Reversal
1999-10-26,7022,3807,1537.0,-2953.0,52319,3215,Bullish Reversal
1999-11-02,10192,3936,3170.0,129.0,56413,6256,Bullish
1999-11-09,14828,4465,4636.0,529.0,59358,10363,Bullish
1999-11-16,15943,4427,1115.0,-38.0,61403,11516,Bullish
1999-11-23,18279,5739,2336.0,1312.0,62385,12540,Bullish
1999-11-30,12289,7096,-5990.0,1357.0,58571,5193,Bearish Reversal
1999-12-07,7768,10423,-4521.0,3327.0,61260,-2655,Bearish
1999-12-14,6449,10067,-1319.0,-356.0,54029,-3618,Bearish Reversal
1999-12-21,6437,13085,-12.0,3018.0,45109,-6648,Bearish Reversal
1999-12-28,17602,10845,11165.0,-2240.0,51101,6757,Bullish
2000-01-04,24810,11385,7208.0,540.0,61690,13425,Bullish
2000-01-11,22760,12679,-2050.0,1294.0,61961,10081,Bearish
2000-01-18,24509,4797,1749.0,-7882.0,63372,19712,Bullish
2000-01-25,32165,5081,7656.0,284.0,73798,27084,Bullish
2000-02-01,24091,4597,-8074.0,-484.0,66504,19494,Bearish Reversal
2000-02-08,23406,2938,-685.0,-1659.0,66877,20468,Bullish
2000-02-15,17494,4850,-5912.0,1912.0,63502,12644,Bearish Reversal
2000-02-22,10843,6253,-6651.0,1403.0,62692,4590,Bearish Reversal
2000-02-29,8764,5135,-2079.0,-1118.0,61992,3629,Bearish Reversal
2000-03-07,6093,6978,-2671.0,1843.0,61387,-885,Bearish Reversal
2000-03-14,5460,7385,-633.0,407.0,63071,-1925,Bearish
2000-03-21,5733,14975,273.0,7590.0,56963,-9242,Bearish Reversal
2000-03-28,8011,10472,2278.0,-4503.0,55329,-2461,Bullish Reversal
2000-04-04,8323,8716,312.0,-1756.0,53474,-393,Bullish Reversal
2000-04-11,4862,9047,-3461.0,331.0,50945,-4185,Bearish Reversal
2000-04-18,7441,19019,2579.0,9972.0,67355,-11578,Bearish
2000-04-25,7897,19257,456.0,238.0,66751,-11360,Bullish Reversal
2000-05-02,8693,20772,796.0,1515.0,71246,-12079,Bearish
2000-05-09,8689,21721,-4.0,949.0,71504,-13032,Bearish
2000-05-16,6500,26334,-2189.0,4613.0,72524,-19834,Bearish
2000-05-23,6178,31947,-322.0,5613.0,82820,-25769,Bearish
2000-05-30,5453,36942,-725.0,4995.0,86836,-31489,Bearish
2000-06-06,3161,21233,-2292.0,-15709.0,68252,-18072,Bullish Reversal
2000-06-13,4085,19002,924.0,-2231.0,78822,-14917,Bullish
2000-06-20,4038,18381,-47.0,-621.0,74847,-14343,Bullish Reversal
2000-06-27,2599,18897,-1439.0,516.0,58960,-16298,Bearish Reversal
2000-07-05,3419,23213,820.0,4316.0,65357,-19794,Bearish
2000-07-11,3653,23327,234.0,114.0,66531,-19674,Bullish
2000-07-18,4960,23494,1307.0,167.0,67426,-18534,Bullish
2000-07-25,10573,15815,5613.0,-7679.0,69355,-5242,Bullish
2000-08-01,3794,16796,-6779.0,981.0,65130,-13002,Bearish Reversal
2000-08-08,4783,17446,989.0,650.0,65692,-12663,Bullish
2000-08-15,3197,17475,-1586.0,29.0,68102,-14278,Bearish
2000-08-22,1998,14425,-1199.0,-3050.0,63613,-12427,Bullish Reversal
2000-08-29,3473,17213,1475.0,2788.0,67795,-13740,Bearish
2000-09-05,4785,13557,1312.0,-3656.0,63791,-8772,Bullish Reversal
2000-09-12,2972,14947,-1813.0,1390.0,68219,-11975,Bearish
2000-09-19,2760,19543,-212.0,4596.0,72763,-16783,Bearish
2000-09-26,1590,24485,-1170.0,4942.0,59723,-22895,Bearish Reversal
2000-10-03,3598,38763,2008.0,14278.0,78505,-35165,Bearish
2000-10-10,3623,38583,25.0,-180.0,78505,-34960,No signal
2000-10-17,4022,41327,399.0,2744.0,84011,-37305,Bearish
2000-10-24,3268,41290,-754.0,-37.0,82404,-38022,Bearish Reversal
2000-10-31,3916,41021,648.0,-269.0,81105,-37105,Bullish Reversal
2000-11-07,3480,35075,-436.0,-5946.0,79094,-31595,Bullish Reversal
2000-11-14,3896,33625,416.0,-1450.0,79013,-29729,Bullish Reversal
2000-11-21,3887,31537,-9.0,-2088.0,76490,-27650,Bullish Reversal
2000-11-28,4021,23202,134.0,-8335.0,73411,-19181,Bullish Reversal
2000-12-05,3490,21927,-531.0,-1275.0,71774,-18437,Bullish Reversal
2000-12-12,3399,18260,-91.0,-3667.0,75994,-14861,Bullish
2000-12-19,3637,17283,238.0,-977.0,69859,-13646,Bullish Reversal
2000-12-26,3950,15480,313.0,-1803.0,55410,-11530,Bullish Reversal
2001-01-02,5119,8942,1169.0,-6538.0,52655,-3823,Bullish Reversal
2001-01-09,9894,7873,4775.0,-1069.0,57409,2021,Bullish
2001-01-16,11507,7533,1613.0,-340.0,57391,3974,Bullish Reversal
2001-01-23,12107,2190,600.0,-5343.0,52651,9917,Bullish Reversal
2001-01-30,10381,3157,-1726.0,967.0,50284,7224,Bearish Reversal
2001-02-06,10988,2336,607.0,-821.0,51675,8652,Bullish
2001-02-13,9971,9946,-1017.0,7610.0,57201,25,Bearish
2001-02-20,8476,12774,-1495.0,2828.0,61308,-4298,Bearish
2001-02-27,7853,20802,-623.0,8028.0,69634,-12949,Bearish
2001-03-06,8966,22446,1113.0,1644.0,70550,-13480,Bearish
2001-03-13,10414,23833,1448.0,1387.0,80110,-13419,Bullish
2001-03-20,9314,23988,-1100.0,155.0,78051,-14674,Bearish Reversal
2001-03-27,3470,24502,-5844.0,514.0,65818,-21032,Bearish Reversal
2001-04-03,3959,23323,489.0,-1179.0,66276,-19364,Bullish
2001-04-10,4069,19091,110.0,-4232.0,64143,-15022,Bullish Reversal
2001-04-17,3101,18703,-968.0,-388.0,63369,-15602,Bearish Reversal
2001-04-24,3543,17060,442.0,-1643.0,64298,-13517,Bullish
2001-05-01,4485,16641,942.0,-419.0,63144,-12156,Bullish Reversal
2001-05-08,3986,17120,-499.0,479.0,65893,-13134,Bearish
2001-05-15,2979,17833,-1007.0,713.0,65681,-14854,Bearish Reversal
2001-05-22,4986,16488,2007.0,-1345.0,64565,-11502,Bullish Reversal
2001-05-29,4303,18345,-683.0,1857.0,65466,-14042,Bearish
2001-06-05,7287,18816,2984.0,471.0,64530,-11529,Bullish Reversal
2001-06-12,7532,13041,245.0,-5775.0,70123,-5509,Bullish
2001-06-19,6765,11575,-767.0,-1466.0,69704,-4810,Bullish Reversal
2001-06-26,7771,11178,1006.0,-397.0,53314,-3407,Bullish Reversal
2001-07-03,7625,5501,-146.0,-5677.0,53420,2124,Bullish
2001-07-10,7197,5725,-428.0,224.0,53021,1472,Bearish Reversal
2001-07-17,5565,9728,-1632.0,4003.0,54950,-4163,Bearish
2001-07-24,3957,16148,-1608.0,6420.0,57116,-12191,Bearish
2001-07-31,4673,6048,716.0,-10100.0,51491,-1375,Bullish Reversal
2001-08-07,4322,5882,-351.0,-166.0,52698,-1560,Bearish
2001-08-14,4362,6013,40.0,131.0,51988,-1651,Bearish Reversal
2001-08-21,3187,10321,-1175.0,4308.0,57084,-7134,Bearish
2001-08-28,3946,10821,759.0,500.0,58016,-6875,Bullish
2001-09-04,3533,19060,-413.0,8239.0,65580,-15527,Bearish
2001-09-10,3124,28391,-409.0,9331.0,79523,-25267,Bearish
2001-09-18,2896,29474,-228.0,1083.0,83693,-26578,Bearish
2001-09-25,3279,31216,383.0,1742.0,67827,-27937,Bearish Reversal
2001-10-02,3386,33725,107.0,2509.0,73001,-30339,Bearish
2001-10-09,4092,24381,706.0,-9344.0,72186,-20289,Bullish Reversal
2001-10-16,5300,17918,1208.0,-6463.0,68069,-12618,Bullish Reversal
2001-10-23,3210,23014,-2090.0,5096.0,70752,-19804,Bearish
2001-10-30,2629,23202,-581.0,188.0,72414,-20573,Bearish
2001-11-06,3330,29762,701.0,6560.0,78392,-26432,Bearish
2001-11-13,3353,31442,23.0,1680.0,83277,-28089,Bearish
2001-11-20,3288,28663,-65.0,-2779.0,83231,-25375,Bullish Reversal
2001-11-27,3288,29960,0.0,1297.0,87310,-26672,Bearish
2001-12-04,5272,13242,1984.0,-16718.0,74823,-7970,Bullish Reversal
2001-12-11,4954,12748,-318.0,-494.0,77469,-7794,Bullish
2001-12-18,6470,11370,1516.0,-1378.0,75039,-4900,Bullish Reversal
2001-12-21,5691,11782,-779.0,412.0,51055,-6091,Bearish Reversal
2001-12-28,4463,19064,-1228.0,7282.0,59460,-14601,Bearish
2002-01-08,4934,20267,471.0,1203.0,61485,-15333,Bearish
2002-01-15,5816,21261,882.0,994.0,67456,-15445,Bearish
2002-01-22,6459,28504,643.0,7243.0,76458,-22045,Bearish
2002-01-29,5473,22637,-986.0,-5867.0,72933,-17164,Bullish Reversal
2002-02-05,6294,21720,821.0,-917.0,68040,-15426,Bullish Reversal
2002-02-12,6825,20421,531.0,-1299.0,70779,-13596,Bullish
2002-02-19,9420,18758,2595.0,-1663.0,71389,-9338,Bullish
2002-02-26,7508,27468,-1912.0,8710.0,80851,-19960,Bearish
2002-03-05,8231,18325,723.0,-9143.0,71722,-10094,Bullish Reversal
2002-03-12,11215,13315,2984.0,-5010.0,76124,-2100,Bullish
2002-03-19,11431,13722,216.0,407.0,76366,-2291,Bearish
2002-03-26,8954,13510,-2477.0,-212.0,62741,-4556,Bearish Reversal
2002-04-02,6936,19422,-2018.0,5912.0,65664,-12486,Bearish
2002-04-09,6269,27031,-667.0,7609.0,71824,-20762,Bearish
2002-04-16,5992,14814,-277.0,-12217.0,64020,-8822,Bullish Reversal
2002-04-23,10765,11234,4773.0,-3580.0,69168,-469,Bullish
2002-04-30,13840,11533,3075.0,299.0,71236,2307,Bullish
2002-05-07,19596,13414,5756.0,1881.0,77436,6182,Bullish
2002-05-14,22304,11781,2708.0,-1633.0,80626,10523,Bullish
2002-05-21,23552,8351,1248.0,-3430.0,83236,15201,Bullish
2002-05-28,27114,8909,3562.0,558.0,87172,18205,Bullish
2002-06-04,27776,4498,662.0,-4411.0,88429,23278,Bullish
2002-06-11,24689,0,-3087.0,-4498.0,95310,24689,Bullish
2002-06-18,22162,3217,-2527.0,3217.0,94694,18945,Bearish Reversal
2002-06-25,20756,2581,-1406.0,-636.0,76098,18175,Bearish Reversal
2002-07-02,25139,1727,4383.0,-854.0,78330,23412,Bullish
2002-07-09,25180,2864,41.0,1137.0,81078,22316,Bearish
2002-07-16,19536,3314,-5644.0,450.0,77868,16222,Bearish Reversal
2002-07-23,14095,4989,-5441.0,1675.0,70325,9106,Bearish Reversal
2002-07-30,8821,4616,-5274.0,-373.0,63134,4205,Bearish Reversal
2002-08-06,5739,4505,-3082.0,-111.0,65956,1234,Bearish
2002-08-13,5236,4175,-503.0,-330.0,62556,1061,Bearish Reversal
2002-08-20,5373,4816,137.0,641.0,63401,557,Bearish
2002-08-27,5905,3138,532.0,-1678.0,61302,2767,Bullish Reversal
2002-09-03,13983,3463,8078.0,325.0,69959,10520,Bullish
2002-09-10,14014,3411,31.0,-52.0,75560,10603,Bullish
2002-09-17,8942,6768,-5072.0,3357.0,73191,2174,Bearish Reversal
2002-09-24,6520,5908,-2422.0,-860.0,51972,612,Bearish Reversal
2002-10-01,6000,6414,-520.0,506.0,52448,-414,Bearish
2002-10-08,7560,7507,1560.0,1093.0,55966,53,Bullish
2002-10-15,7633,8043,73.0,536.0,57220,-410,Bearish
2002-10-22,9755,2189,2122.0,-5854.0,56278,7566,Bullish Reversal
2002-10-29,14787,2202,5032.0,13.0,57794,12585,Bullish
2002-11-05,17085,1469,2298.0,-733.0,61231,15616,Bullish
2002-11-12,13449,1724,-3636.0,255.0,59832,11725,Bearish Reversal
2002-11-19,10173,5683,-3276.0,3959.0,61051,4490,Bearish
2002-11-26,8708,4406,-1465.0,-1277.0,59002,4302,Bearish Reversal
2002-12-03,17276,634,8568.0,-3772.0,64722,16642,Bullish
2002-12-10,18682,0,1406.0,-634.0,77910,18682,Bullish
2002-12-17,24101,488,5419.0,488.0,89152,23613,Bullish
2002-12-23,23062,0,-1039.0,-488.0,68035,23062,Bearish Reversal
2002-12-31,14855,3336,-8207.0,3336.0,62742,11519,Bearish Reversal
2003-01-07,13131,0,-1724.0,-3336.0,61623,13131,Bullish Reversal
2003-01-14,25482,500,12351.0,500.0,81532,24982,Bullish
2003-01-21,32585,600,7103.0,100.0,91593,31985,Bullish
2003-01-28,39185,937,6600.0,337.0,97544,38248,Bullish
2003-02-04,43347,200,4162.0,-737.0,102651,43147,Bullish
2003-02-11,42852,30,-495.0,-170.0,101272,42822,Bearish Reversal
2003-02-18,43606,200,754.0,170.0,105250,43406,Bullish
2003-02-25,41929,320,-1677.0,120.0,109750,41609,Bearish
2003-03-04,42784,320,855.0,0.0,112974,42464,Bullish
2003-03-11,41764,0,-1020.0,-320.0,121735,41764,Bearish
2003-03-18,42676,0,912.0,0.0,121951,42676,Bullish
2003-03-25,34508,300,-8168.0,300.0,93264,34208,Bearish Reversal
2003-04-01,33961,772,-547.0,472.0,94115,33189,Bearish
2003-04-08,33003,200,-958.0,-572.0,94969,32803,Bearish
2003-04-15,33509,200,506.0,0.0,97003,33309,Bullish
2003-04-22,31288,200,-2221.0,0.0,97984,31088,Bearish
2003-04-29,36374,938,5086.0,738.0,102455,35436,Bullish
2003-05-06,33702,945,-2672.0,7.0,97802,32757,Bearish Reversal
2003-05-13,31618,728,-2084.0,-217.0,98743,30890,Bearish
2003-05-20,26085,525,-5533.0,-203.0,95663,25560,Bearish Reversal
2003-05-27,22461,2514,-3624.0,1989.0,93169,19947,Bearish Reversal
2003-06-03,21775,3413,-686.0,899.0,94481,18362,Bearish
2003-06-10,20614,2934,-1161.0,-479.0,95778,17680,Bearish
2003-06-17,19963,1509,-651.0,-1425.0,92878,18454,Bullish Reversal
2003-06-24,16599,820,-3364.0,-689.0,72542,15779,Bearish Reversal
2003-07-01,18022,1241,1423.0,421.0,75746,16781,Bullish
2003-07-08,17984,61,-38.0,-1180.0,74235,17923,Bullish Reversal
2003-07-15,12118,2782,-5866.0,2721.0,69818,9336,Bearish Reversal
2003-07-22,9352,1086,-2766.0,-1696.0,66155,8266,Bearish Reversal
2003-07-29,10028,594,676.0,-492.0,62645,9434,Bullish Reversal
2003-08-05,9585,1290,-443.0,696.0,62515,8295,Bearish Reversal
2003-08-12,13743,697,4158.0,-593.0,66366,13046,Bullish
2003-08-19,10444,473,-3299.0,-224.0,61784,9971,Bearish Reversal
2003-08-26,9662,113,-782.0,-360.0,62024,9549,Bearish
2003-09-02,12384,119,2722.0,6.0,64314,12265,Bullish
2003-09-09,19420,0,7036.0,-119.0,78757,19420,Bullish
2003-09-16,20282,150,862.0,150.0,81631,20132,Bullish
2003-09-23,23454,1147,3172.0,997.0,66514,22307,Bullish Reversal
2003-09-30,24828,1741,1374.0,594.0,69358,23087,Bullish
2003-10-07,31011,411,6183.0,-1330.0,76303,30600,Bullish
2003-10-14,30697,843,-314.0,432.0,80019,29854,Bearish
2003-10-21,29847,442,-850.0,-401.0,80185,29405,Bearish
2003-10-28,34353,1482,4506.0,1040.0,84034,32871,Bullish
2003-11-04,29207,487,-5146.0,-995.0,78303,28720,Bearish Reversal
2003-11-11,30192,487,985.0,0.0,80154,29705,Bullish
2003-11-18,34048,572,3856.0,85.0,86715,33476,Bullish
2003-11-25,26518,641,-7530.0,69.0,79162,25877,Bearish Reversal
2003-12-02,31155,487,4637.0,-154.0,82914,30668,Bullish
2003-12-09,27407,320,-3748.0,-167.0,87364,27087,Bearish
2003-12-16,17627,1029,-9780.0,709.0,81898,16598,Bearish Reversal
2003-12-22,13535,4872,-4092.0,3843.0,62750,8663,Bearish Reversal
2003-12-30,22336,3377,8801.0,-1495.0,66536,18959,Bullish
2004-01-06,29498,2286,7162.0,-1091.0,73435,27212,Bullish
2004-01-13,39658,2089,10160.0,-197.0,89905,37569,Bullish
2004-01-20,25232,1288,-14426.0,-801.0,76063,23944,Bearish Reversal
2004-01-27,16478,2769,-8754.0,1481.0,65919,13709,Bearish Reversal
2004-02-03,7835,11687,-8643.0,8918.0,63329,-3852,Bearish Reversal
2004-02-10,7968,12402,133.0,715.0,66688,-4434,Bearish
2004-02-17,8385,8758,417.0,-3644.0,61898,-373,Bullish Reversal
2004-02-24,6769,13545,-1616.0,4787.0,62648,-6776,Bearish
2004-03-02,5834,15249,-935.0,1704.0,65508,-9415,Bearish
2004-03-09,11605,8781,5771.0,-6468.0,72882,2824,Bullish
2004-03-16,9820,6078,-1785.0,-2703.0,71603,3742,Bullish Reversal
2004-03-23,10562,3462,742.0,-2616.0,48702,7100,Bullish Reversal
2004-03-30,35066,2051,24504.0,-1411.0,76113,33015,Bullish
2004-04-06,44219,2354,9153.0,303.0,86421,41865,Bullish
2004-04-12,20785,3635,-23434.0,1281.0,66422,17150,Bearish Reversal
2004-04-20,14206,14758,-6579.0,11123.0,65409,-552,Bearish Reversal
2004-04-27,12310,21935,-1896.0,7177.0,70976,-9625,Bearish
2004-05-04,13178,32569,868.0,10634.0,81767,-19391,Bearish
2004-05-11,13705,39353,527.0,6784.0,86362,-25648,Bearish
2004-05-18,13380,42114,-325.0,2761.0,91114,-28734,Bearish
2004-05-25,13154,32331,-226.0,-9783.0,82269,-19177,Bullish Reversal
2004-06-01,13430,27706,276.0,-4625.0,82138,-14276,Bullish Reversal
2004-06-08,13149,18041,-281.0,-9665.0,77098,-4892,Bullish Reversal
2004-06-15,14039,25029,890.0,6988.0,84500,-10990,Bearish
2004-06-22,12265,27470,-1774.0,2441.0,58449,-15205,Bearish Reversal
2004-06-29,16877,16612,4612.0,-10858.0,59016,265,Bullish
2004-07-06,18933,7612,2056.0,-9000.0,62007,11321,Bullish
2004-07-13,30113,6237,11180.0,-1375.0,72639,23876,Bullish
2004-07-20,36916,5938,6803.0,-299.0,82944,30978,Bullish
2004-07-27,31026,5311,-5890.0,-627.0,75905,25715,Bearish Reversal
2004-08-03,29499,5898,-1527.0,587.0,76946,23601,Bearish
2004-08-10,33093,6454,3594.0,556.0,80273,26639,Bullish
2004-08-17,37979,6885,4886.0,431.0,86804,31094,Bullish
2004-08-24,40507,6764,2528.0,-121.0,92045,33743,Bullish
2004-08-31,35306,6168,-5201.0,-596.0,86184,29138,Bearish Reversal
2004-09-07,46379,5076,11073.0,-1092.0,107167,41303,Bullish
2004-09-14,50371,5719,3992.0,643.0,111785,44652,Bullish
2004-09-21,44615,5216,-5756.0,-503.0,89047,39399,Bearish Reversal
2004-09-28,52716,5960,8101.0,744.0,98326,46756,Bullish
2004-10-05,53036,7868,320.0,1908.0,111202,45168,Bearish
2004-10-12,56875,7489,3839.0,-379.0,117114,49386,Bullish
2004-10-19,49034,9014,-7841.0,1525.0,116035,40020,Bearish Reversal
2004-10-26,42987,6764,-6047.0,-2250.0,109721,36223,Bearish Reversal
2004-11-02,45896,6204,2909.0,-560.0,115675,39692,Bullish
2004-11-09,41418,6446,-4478.0,242.0,109798,34972,Bearish Reversal
2004-11-16,40552,7217,-866.0,771.0,108544,33335,Bearish Reversal
2004-11-23,37207,7736,-3345.0,519.0,105371,29471,Bearish Reversal
2004-11-30,35634,12003,-1573.0,4267.0,105893,23631,Bearish
2004-12-07,30867,12497,-4767.0,494.0,108956,18370,Bearish
2004-12-14,21889,12812,-8978.0,315.0,101313,9077,Bearish Reversal
2004-12-21,20422,14146,-1467.0,1334.0,65452,6276,Bearish Reversal
2004-12-28,19215,13081,-1207.0,-1065.0,66171,6134,Bearish
2005-01-04,20448,10786,1233.0,-2295.0,71055,9662,Bullish
2005-01-11,19317,9424,-1131.0,-1362.0,69850,9893,Bullish Reversal
2005-01-18,19773,14273,456.0,4849.0,77385,5500,Bearish
2005-01-25,17352,14699,-2421.0,426.0,78850,2653,Bearish
2005-02-01,12127,10858,-5225.0,-3841.0,77006,1269,Bearish Reversal
2005-02-08,10606,17971,-1521.0,7113.0,82670,-7365,Bearish
2005-02-15,10760,16067,154.0,-1904.0,83368,-5307,Bullish
2005-02-22,11275,14416,515.0,-1651.0,88275,-3141,Bullish
2005-03-01,11793,18622,518.0,4206.0,95644,-6829,Bearish
2005-03-08,17563,14234,5770.0,-4388.0,105920,3329,Bullish
2005-03-15,36259,10109,18696.0,-4125.0,125191,26150,Bullish
2005-03-22,43143,11596,6884.0,1487.0,89844,31547,Bullish Reversal
2005-03-29,35455,8765,-7688.0,-2831.0,81193,26690,Bearish Reversal
2005-04-05,35799,10124,344.0,1359.0,80302,25675,Bearish Reversal
2005-04-12,15951,23385,-19848.0,13261.0,69292,-7434,Bearish Reversal
2005-04-19,13905,30263,-2046.0,6878.0,76771,-16358,Bearish
2005-04-26,13776,38495,-129.0,8232.0,85837,-24719,Bearish
2005-05-03,12434,45755,-1342.0,7260.0,93278,-33321,Bearish
2005-05-10,11651,39446,-783.0,-6309.0,86866,-27795,Bullish Reversal
2005-05-17,11662,45154,11.0,5708.0,99089,-33492,Bearish
2005-05-24,9806,42690,-1856.0,-2464.0,96833,-32884,Bullish Reversal
2005-05-31,10524,41764,718.0,-926.0,94700,-31240,Bullish Reversal
2005-06-07,9675,36236,-849.0,-5528.0,94186,-26561,Bullish Reversal
2005-06-14,10932,28521,1257.0,-7715.0,63187,-17589,Bullish Reversal
2005-06-21,16872,16588,5940.0,-11933.0,67143,284,Bullish
2005-06-28,20959,18675,4087.0,2087.0,71522,2284,Bullish
2005-07-05,19364,15276,-1595.0,-3399.0,70074,4088,Bullish Reversal
2005-07-12,35282,12079,15918.0,-3197.0,91423,23203,Bullish
2005-07-19,35684,9859,402.0,-2220.0,91255,25825,Bullish Reversal
2005-07-26,31840,14321,-3844.0,4462.0,90753,17519,Bearish Reversal
2005-08-02,28966,16802,-2874.0,2481.0,87906,12164,Bearish Reversal
2005-08-09,33587,19373,4621.0,2571.0,92585,14214,Bullish
2005-08-16,44042,17995,10455.0,-1378.0,109505,26047,Bullish
2005-08-23,41543,17000,-2499.0,-995.0,107851,24543,Bearish Reversal
2005-08-30,44904,15990,3361.0,-1010.0,111153,28914,Bullish
2005-09-06,46423,16430,1519.0,440.0,117451,29993,Bullish
2005-09-13,45957,16365,-466.0,-65.0,141219,29592,Bearish
2005-09-20,45536,19033,-421.0,2668.0,148171,26503,Bearish
2005-09-27,50520,7424,4984.0,-11609.0,110057,43096,Bullish Reversal
2005-10-04,47026,8995,-3494.0,1571.0,108178,38031,Bearish Reversal
2005-10-11,50532,6941,3506.0,-2054.0,109147,43591,Bullish
2005-10-18,51259,8447,727.0,1506.0,112354,42812,Bearish
2005-10-25,43849,6904,-7410.0,-1543.0,104625,36945,Bearish Reversal
2005-11-01,44435,7275,586.0,371.0,108226,37160,Bullish
2005-11-08,37234,10894,-7201.0,3619.0,104351,26340,Bearish Reversal
2005-11-15,32487,12318,-4747.0,1424.0,102550,20169,Bearish Reversal
2005-11-22,33585,17860,1098.0,5542.0,106006,15725,Bearish
2005-11-29,42311,13301,8726.0,-4559.0,115153,29010,Bullish
2005-12-06,49064,11747,6753.0,-1554.0,118337,37317,Bullish
2005-12-13,66468,10285,17404.0,-1462.0,142450,56183,Bullish
2005-12-20,55542,7431,-10926.0,-2854.0,137619,48111,Bearish Reversal
2005-12-27,49468,7176,-6074.0,-255.0,103040,42292,Bearish Reversal
2006-01-03,45749,9062,-3719.0,1886.0,105401,36687,Bearish
2006-01-10,32628,9311,-13121.0,249.0,98344,23317,Bearish Reversal
2006-01-17,39506,12573,6878.0,3262.0,101952,26933,Bullish
2006-01-24,35048,7915,-4458.0,-4658.0,102095,27133,Bullish
2006-01-31,50705,13221,15657.0,5306.0,117314,37484,Bullish
2006-02-07,56298,11453,5593.0,-1768.0,121889,44845,Bullish
2006-02-14,52220,11756,-4078.0,303.0,118357,40464,Bearish Reversal
2006-02-21,46710,11513,-5510.0,-243.0,115876,35197,Bearish Reversal
2006-02-28,54931,14297,8221.0,2784.0,124984,40634,Bullish
2006-03-07,55226,13903,295.0,-394.0,137195,41323,Bullish
2006-03-14,33979,19958,-21247.0,6055.0,125712,14021,Bearish Reversal
2006-03-21,18295,22037,-15684.0,2079.0,85219,-3742,Bearish Reversal
2006-03-28,13274,21085,-5021.0,-952.0,87356,-7811,Bearish
2006-04-04,12081,16227,-1193.0,-4858.0,84301,-4146,Bullish Reversal
2006-04-11,24639,10697,12558.0,-5530.0,87690,13942,Bullish
2006-04-18,23225,16307,-1414.0,5610.0,93170,6918,Bearish
2006-04-25,31949,16326,8724.0,19.0,100591,15623,Bullish
2006-05-02,48997,16845,17048.0,519.0,110279,32152,Bullish
2006-05-09,52111,23238,3114.0,6393.0,121046,28873,Bearish
2006-05-16,46060,26532,-6051.0,3294.0,117839,19528,Bearish Reversal
2006-05-23,36980,21278,-9080.0,-5254.0,111976,15702,Bearish Reversal
2006-05-30,45937,14230,8957.0,-7048.0,109252,31707,Bullish Reversal
2006-06-06,44443,21581,-1494.0,7351.0,118798,22862,Bearish
2006-06-13,46579,13228,2136.0,-8353.0,129707,33351,Bullish
2006-06-20,37024,13046,-9555.0,-182.0,123446,23978,Bearish Reversal
2006-06-27,38165,7856,1141.0,-5190.0,89791,30309,Bullish Reversal
2006-07-03,42762,6315,4597.0,-1541.0,93841,36447,Bullish
2006-07-11,29942,18321,-12820.0,12006.0,92978,11621,Bearish Reversal
2006-07-18,23302,14018,-6640.0,-4303.0,83415,9284,Bearish Reversal
2006-07-25,23613,29032,311.0,15014.0,91963,-5419,Bearish
2006-08-01,18809,26225,-4804.0,-2807.0,86048,-7416,Bearish Reversal
2006-08-08,23185,13355,4376.0,-12870.0,82510,9830,Bullish Reversal
2006-08-15,27206,18609,4021.0,5254.0,86815,8597,Bearish
2006-08-22,27805,12312,599.0,-6297.0,86667,15493,Bullish Reversal
2006-08-29,45977,15372,18172.0,3060.0,106142,30605,Bullish
2006-09-05,49440,21974,3463.0,6602.0,111705,27466,Bearish
2006-09-12,37739,22957,-11701.0,983.0,138181,14782,Bearish
2006-09-19,41043,40188,3304.0,17231.0,138838,855,Bearish
2006-09-26,38542,32032,-2501.0,-8156.0,94128,6510,Bullish Reversal
2006-10-03,45535,36256,6993.0,4224.0,100141,9279,Bullish
2006-10-10,34272,32413,-11263.0,-3843.0,91193,1859,Bearish Reversal
2006-10-17,26833,51331,-7439.0,18918.0,110173,-24498,Bearish
2006-10-24,24985,39218,-1848.0,-12113.0,100203,-14233,Bullish Reversal
2006-10-31,23818,47496,-1167.0,8278.0,104350,-23678,Bearish
2006-11-07,24999,45341,1181.0,-2155.0,103426,-20342,Bullish Reversal
2006-11-14,25902,73277,903.0,27936.0,129537,-47375,Bearish
2006-11-21,23236,82129,-2666.0,8852.0,138113,-58893,Bearish
2006-11-28,26934,67216,3698.0,-14913.0,124553,-40282,Bullish Reversal
2006-12-05,24557,71036,-2377.0,3820.0,131624,-46479,Bearish
2006-12-12,26173,78181,1616.0,7145.0,165716,-52008,Bearish
2006-12-19,27186,84578,1013.0,6397.0,183332,-57392,Bearish
2006-12-26,21479,87773,-5707.0,3195.0,136963,-66294,Bearish Reversal
2007-01-03,23583,97851,2104.0,10078.0,148644,-74268,Bearish
2007-01-09,20637,105543,-2946.0,7692.0,155922,-84906,Bearish
2007-01-16,22030,100997,1393.0,-4546.0,152438,-78967,Bullish Reversal
2007-01-23,22471,100328,441.0,-669.0,152395,-77857,Bullish Reversal
2007-01-30,21650,92526,-821.0,-7802.0,146376,-70876,Bullish Reversal
2007-02-06,18927,99573,-2723.0,7047.0,154591,-80646,Bearish
2007-02-13,19930,76625,1003.0,-22948.0,140722,-56695,Bullish Reversal
2007-02-20,17005,82431,-2925.0,5806.0,141561,-65426,Bearish
2007-02-27,17563,73987,558.0,-8444.0,137776,-56424,Bullish Reversal
2007-03-06,21585,96510,4022.0,22523.0,156871,-74925,Bearish
2007-03-13,15758,89897,-5827.0,-6613.0,159619,-74139,Bullish
2007-03-20,21021,72174,5263.0,-17723.0,161700,-51153,Bullish
2007-03-27,24613,56595,3592.0,-15579.0,114484,-31982,Bullish Reversal
2007-04-03,22068,57233,-2545.0,638.0,113096,-35165,Bearish Reversal
2007-04-10,23062,38626,994.0,-18607.0,110266,-15564,Bullish Reversal
2007-04-17,25549,41540,2487.0,2914.0,114610,-15991,Bearish
2007-04-24,39017,40648,13468.0,-892.0,121786,-1631,Bullish
2007-05-01,52582,43731,13565.0,3083.0,138029,8851,Bullish
2007-05-08,65117,47298,12535.0,3567.0,146311,17819,Bullish
2007-05-15,82619,39522,17502.0,-7776.0,168888,43097,Bullish
2007-05-22,83891,44924,1272.0,5402.0,172032,38967,Bearish
2007-05-29,92150,40130,8259.0,-4794.0,186775,52020,Bullish
2007-06-05,85481,41623,-6669.0,1493.0,184722,43858,Bearish Reversal
2007-06-12,98404,36399,12923.0,-5224.0,232090,62005,Bullish
2007-06-19,92321,33525,-6083.0,-2874.0,243351,58796,Bearish
2007-06-26,82053,13190,-10268.0,-20335.0,139879,68863,Bullish Reversal
2007-07-03,79653,14400,-2400.0,1210.0,143135,65253,Bearish
2007-07-10,82889,15511,3236.0,1111.0,143434,67378,Bullish
2007-07-17,85281,18009,2392.0,2498.0,150522,67272,Bearish
2007-07-24,94483,17519,9202.0,-490.0,158948,76964,Bullish
2007-07-31,68138,18440,-26345.0,921.0,133951,49698,Bearish Reversal
2007-08-07,71689,19751,3551.0,1311.0,135946,51938,Bullish
2007-08-14,66527,18717,-5162.0,-1034.0,134044,47810,Bearish Reversal
2007-08-21,60044,20011,-6483.0,1294.0,128591,40033,Bearish Reversal
2007-08-28,68013,22919,7969.0,2908.0,133856,45094,Bullish
2007-09-04,73234,21889,5221.0,-1030.0,135940,51345,Bullish
2007-09-11,78149,19395,4915.0,-2494.0,145388,58754,Bullish
2007-09-18,88758,8930,10609.0,-10465.0,167680,79828,Bullish
2007-09-25,73042,13880,-15716.0,4950.0,126605,59162,Bearish Reversal
2007-10-02,87538,18359,14496.0,4479.0,144193,69179,Bullish
2007-10-09,99617,16616,12079.0,-1743.0,157628,83001,Bullish
2007-10-16,90940,13991,-8677.0,-2625.0,147428,76949,Bearish Reversal
2007-10-23,82625,11302,-8315.0,-2689.0,140205,71323,Bearish Reversal
2007-10-30,79052,10221,-3573.0,-1081.0,137711,68831,Bearish Reversal
2007-11-06,75532,11944,-3520.0,1723.0,138502,63588,Bearish
2007-11-13,55876,9153,-19656.0,-2791.0,121478,46723,Bearish Reversal
2007-11-20,41574,9282,-14302.0,129.0,109533,32292,Bearish Reversal
2007-11-27,39532,10533,-2042.0,1251.0,112354,28999,Bearish
2007-12-04,34194,18870,-5338.0,8337.0,114020,15324,Bearish
2007-12-11,30935,12271,-3259.0,-6599.0,118951,18664,Bullish
2007-12-18,34895,11608,3960.0,-663.0,121294,23287,Bullish
2007-12-24,29959,15236,-4936.0,3628.0,77357,14723,Bearish Reversal
2007-12-31,35655,12657,5696.0,-2579.0,83024,22998,Bullish
2008-01-08,31648,15224,-4007.0,2567.0,82454,16424,Bearish Reversal
2008-01-15,22866,15101,-8782.0,-123.0,81827,7765,Bearish Reversal
2008-01-22,24463,16786,1597.0,1685.0,86378,7677,Bearish
2008-01-29,25948,21653,1485.0,4867.0,90907,4295,Bearish
2008-02-05,30603,20363,4655.0,-1290.0,93574,10240,Bullish
2008-02-12,43391,22956,12788.0,2593.0,101187,20435,Bullish
2008-02-19,33387,21440,-10004.0,-1516.0,95614,11947,Bearish Reversal
2008-02-26,50323,24139,16936.0,2699.0,110073,26184,Bullish
2008-03-04,60105,23699,9782.0,-440.0,117986,36406,Bullish
2008-03-11,50353,21422,-9752.0,-2277.0,117606,28931,Bearish Reversal
2008-03-18,43416,22517,-6937.0,1095.0,127275,20899,Bearish
2008-03-25,28183,26005,-15233.0,3488.0,98867,2178,Bearish Reversal
2008-04-01,28382,27659,199.0,1654.0,100329,723,Bearish
2008-04-08,37519,30955,9137.0,3296.0,106562,6564,Bullish
2008-04-15,33518,28015,-4001.0,-2940.0,104970,5503,Bearish Reversal
2008-04-22,43836,26466,10318.0,-1549.0,105665,17370,Bullish
2008-04-29,31816,24388,-12020.0,-2078.0,98159,7428,Bearish Reversal
2008-05-06,48104,16392,16288.0,-7996.0,114709,31712,Bullish
2008-05-13,46246,16837,-1858.0,445.0,108527,29409,Bearish Reversal
2008-05-20,53118,21700,6872.0,4863.0,115665,31418,Bullish
2008-05-27,69636,19511,16518.0,-2189.0,127620,50125,Bullish
2008-06-03,63825,18087,-5811.0,-1424.0,122819,45738,Bearish Reversal
2008-06-10,43276,25697,-20549.0,7610.0,123950,17579,Bearish
2008-06-17,36386,37337,-6890.0,11640.0,130634,-951,Bearish
2008-06-24,27397,31886,-8989.0,-5451.0,84325,-4489,Bearish Reversal
2008-07-01,24732,34522,-2665.0,2636.0,87207,-9790,Bearish
2008-07-08,30183,36135,5451.0,1613.0,91389,-5952,Bullish
2008-07-15,39972,27113,9789.0,-9022.0,97365,12859,Bullish
2008-07-22,43572,21683,3600.0,-5430.0,99845,21889,Bullish
2008-07-29,29682,31928,-13890.0,10245.0,97065,-2246,Bearish Reversal
2008-08-05,35442,54214,5760.0,22286.0,116660,-18772,Bearish
2008-08-12,33650,58979,-1792.0,4765.0,121154,-25329,Bearish
2008-08-19,38641,66726,4991.0,7747.0,126865,-28085,Bearish
2008-08-26,33329,49093,-5312.0,-17633.0,116253,-15764,Bullish Reversal
2008-09-02,37205,54779,3876.0,5686.0,122277,-17574,Bearish
2008-09-09,36134,46118,-1071.0,-8661.0,142344,-9984,Bullish
2008-09-16,33090,43312,-3044.0,-2806.0,145036,-10222,Bearish
2008-09-23,17090,35743,-16000.0,-7569.0,92330,-18653,Bearish Reversal
2008-09-30,19691,37712,2601.0,1969.0,93626,-18021,Bullish
2008-10-07,18431,35583,-1260.0,-2129.0,94501,-17152,Bullish
2008-10-14,16220,34104,-2211.0,-1479.0,98295,-17884,Bearish
2008-10-21,20698,33093,4478.0,-1011.0,111438,-12395,Bullish
2008-10-28,18065,27912,-2633.0,-5181.0,107866,-9847,Bullish Reversal
2008-11-04,17145,24639,-920.0,-3273.0,107787,-7494,Bullish Reversal
2008-11-11,16067,19312,-1078.0,-5327.0,98146,-3245,Bullish Reversal
2008-11-18,15426,22603,-641.0,3291.0,92554,-7177,Bearish Reversal
2008-11-25,12521,18790,-2905.0,-3813.0,83766,-6269,Bullish Reversal
2008-12-02,13076,22783,555.0,3993.0,88581,-9707,Bearish
2008-12-09,12579,21408,-497.0,-1375.0,86795,-8829,Bullish Reversal
2008-12-16,10729,17477,-1850.0,-3931.0,85413,-6748,Bullish Reversal
2008-12-22,9345,19375,-1384.0,1898.0,43701,-10030,Bearish Reversal
2008-12-30,8473,18828,-872.0,-547.0,47479,-10355,Bearish
2009-01-06,8930,22802,457.0,3974.0,53297,-13872,Bearish
2009-01-13,9277,21481,347.0,-1321.0,55217,-12204,Bullish
2009-01-20,8949,23534,-328.0,2053.0,65416,-14585,Bearish
2009-01-27,7898,22864,-1051.0,-670.0,64951,-14966,Bearish Reversal
2009-02-03,9597,22172,1699.0,-692.0,67011,-12575,Bullish
2009-02-10,7789,19260,-1808.0,-2912.0,67863,-11471,Bullish
2009-02-17,9631,22540,1842.0,3280.0,72185,-12909,Bearish
2009-02-24,9042,22007,-589.0,-533.0,74438,-12965,Bearish
2009-03-03,11859,30872,2817.0,8865.0,83768,-19013,Bearish
2009-03-10,7991,28281,-3868.0,-2591.0,87787,-20290,Bearish
2009-03-17,8715,32665,724.0,4384.0,93979,-23950,Bearish
2009-03-24,5203,25875,-3512.0,-6790.0,56641,-20672,Bullish Reversal
2009-03-31,6453,29799,1250.0,3924.0,58595,-23346,Bearish
2009-04-07,7397,30708,944.0,909.0,58219,-23311,Bullish Reversal
2009-04-14,10415,28144,3018.0,-2564.0,60486,-17729,Bullish
2009-04-21,12897,25604,2482.0,-2540.0,63049,-12707,Bullish
2009-04-28,16395,24102,3498.0,-1502.0,67729,-7707,Bullish
2009-05-05,22007,19993,5612.0,-4109.0,74576,2014,Bullish
2009-05-12,25180,19731,3173.0,-262.0,81402,5449,Bullish
2009-05-19,28816,23391,3636.0,3660.0,86527,5425,Bearish
2009-05-26,32429,20897,3613.0,-2494.0,89446,11532,Bullish
2009-06-02,31879,25285,-550.0,4388.0,90613,6594,Bearish
2009-06-09,33405,20439,1526.0,-4846.0,97915,12966,Bullish
2009-06-16,31433,15973,-1972.0,-4466.0,118604,15460,Bullish
2009-06-23,30043,18696,-1390.0,2723.0,74353,11347,Bearish Reversal
2009-06-30,32435,23163,2392.0,4467.0,80536,9272,Bearish
2009-07-07,29971,23419,-2464.0,256.0,80191,6552,Bearish Reversal
2009-07-14,31850,25957,1879.0,2538.0,85347,5893,Bearish
2009-07-21,42647,26141,10797.0,184.0,89893,16506,Bullish
2009-07-28,48548,19480,5901.0,-6661.0,92023,29068,Bullish
2009-08-04,58426,21834,9878.0,2354.0,105272,36592,Bullish
2009-08-11,47947,14058,-10479.0,-7776.0,95923,33889,Bearish Reversal
2009-08-18,48058,10600,111.0,-3458.0,93429,37458,Bullish Reversal
2009-08-25,50841,10852,2783.0,252.0,99083,39989,Bullish
2009-09-01,37838,4949,-13003.0,-5903.0,88664,32889,Bearish Reversal
2009-09-08,42844,6026,5006.0,1077.0,105084,36818,Bullish
2009-09-15,44894,6862,2050.0,836.0,124489,38032,Bullish
2009-09-22,44156,9604,-738.0,2742.0,89054,34552,Bearish Reversal
2009-09-29,23843,5634,-20313.0,-3970.0,71015,18209,Bearish Reversal
2009-10-06,41391,5616,17548.0,-18.0,88135,35775,Bullish
2009-10-13,50739,6543,9348.0,927.0,102958,44196,Bullish
2009-10-20,52689,9152,1950.0,2609.0,111244,43537,Bearish
2009-10-27,41261,5806,-11428.0,-3346.0,99635,35455,Bearish Reversal
2009-11-03,27862,4493,-13399.0,-1313.0,82896,23369,Bearish Reversal
2009-11-09,30168,8184,2306.0,3691.0,85919,21984,Bearish
2009-11-17,35653,12047,5485.0,3863.0,94241,23606,Bullish
2009-11-24,30492,5839,-5161.0,-6208.0,89131,24653,Bullish Reversal
2009-12-01,35964,5155,5472.0,-684.0,97431,30809,Bullish
2009-12-08,33195,3736,-2769.0,-1419.0,103218,29459,Bearish
2009-12-15,29365,3740,-3830.0,4.0,109895,25625,Bearish
2009-12-22,31381,8680,2016.0,4940.0,79423,22701,Bearish Reversal
2009-12-29,50457,10468,19076.0,1788.0,101157,39989,Bullish
2010-01-05,51736,11540,1279.0,1072.0,107554,40196,Bullish
2010-01-12,60219,11524,8483.0,-16.0,117310,48695,Bullish
2010-01-19,58048,11245,-2171.0,-279.0,120271,46803,Bearish
2010-01-26,35659,9850,-22389.0,-1395.0,91375,25809,Bearish Reversal
2010-02-02,25639,10284,-10020.0,434.0,82692,15355,Bearish Reversal
2010-02-09,24285,15422,-1354.0,5138.0,84317,8863,Bearish
2010-02-16,35026,11571,10741.0,-3851.0,93330,23455,Bullish
2010-02-23,40224,11803,5198.0,232.0,100629,28421,Bullish
2010-03-02,47170,8881,6946.0,-2922.0,109517,38289,Bullish
2010-03-09,71350,9951,24180.0,1070.0,138991,61399,Bullish
2010-03-16,80982,11342,9632.0,1391.0,180184,69640,Bullish
2010-03-23,90278,17251,9296.0,5909.0,152885,73027,Bullish Reversal
2010-03-30,88595,18299,-1683.0,1048.0,152133,70296,Bearish Reversal
2010-04-06,88881,19569,286.0,1270.0,151537,69312,Bearish Reversal
2010-04-13,87918,17443,-963.0,-2126.0,153401,70475,Bullish
2010-04-20,82664,13008,-5254.0,-4435.0,149360,69656,Bearish Reversal
2010-04-27,72366,13168,-10298.0,160.0,144191,59198,Bearish Reversal
2010-05-04,65431,13419,-6935.0,251.0,137181,52012,Bearish Reversal
2010-05-11,58010,7556,-7421.0,-5863.0,122092,50454,Bearish Reversal
2010-05-18,53254,8369,-4756.0,813.0,124952,44885,Bearish
2010-05-25,40113,16241,-13141.0,7872.0,122642,23872,Bearish Reversal
2010-06-01,37262,15108,-2851.0,-1133.0,117450,22154,Bearish Reversal
2010-06-08,36775,14265,-487.0,-843.0,121438,22510,Bullish
2010-06-15,37460,10106,685.0,-4159.0,127919,27354,Bullish
2010-06-22,38499,12146,1039.0,2040.0,86397,26353,Bearish Reversal
2010-06-29,31575,15681,-6924.0,3535.0,88461,15894,Bearish
2010-07-06,28549,20455,-3026.0,4774.0,92565,8094,Bearish
2010-07-13,27952,5914,-597.0,-14541.0,87394,22038,Bullish Reversal
2010-07-20,23739,7315,-4213.0,1401.0,83317,16424,Bearish Reversal
2010-07-27,27045,3177,3306.0,-4138.0,85121,23868,Bullish
2010-08-03,40335,6153,13290.0,2976.0,99262,34182,Bullish
2010-08-10,46616,5437,6281.0,-716.0,105543,41179,Bullish
2010-08-17,34446,4932,-12170.0,-505.0,94908,29514,Bearish Reversal
2010-08-24,24889,8742,-9557.0,3810.0,94976,16147,Bearish
2010-08-31,26957,31721,2068.0,22979.0,108003,-4764,Bearish
2010-09-07,27734,27282,777.0,-4439.0,107378,452,Bullish Reversal
2010-09-14,29057,11362,1323.0,-15920.0,110946,17695,Bullish
2010-09-21,46985,17170,17928.0,5808.0,101524,29815,Bullish Reversal
2010-09-28,43078,15208,-3907.0,-1962.0,101260,27870,Bearish Reversal
2010-10-05,62909,20231,19831.0,5023.0,120045,42678,Bullish
2010-10-12,63283,19497,374.0,-734.0,123851,43786,Bullish
2010-10-19,47852,17112,-15431.0,-2385.0,112791,30740,Bearish Reversal
2010-10-26,37802,17927,-10050.0,815.0,102269,19875,Bearish Reversal
2010-11-02,41890,18525,4088.0,598.0,104809,23365,Bullish
2010-11-09,62533,25195,20643.0,6670.0,128710,37338,Bullish
2010-11-16,58390,19949,-4143.0,-5246.0,124587,38441,Bullish Reversal
2010-11-23,36797,14298,-21593.0,-5651.0,105442,22499,Bearish Reversal
2010-11-30,30999,11844,-5798.0,-2454.0,100245,19155,Bearish Reversal
2010-12-07,47003,13281,16004.0,1437.0,114999,33722,Bullish
2010-12-14,44840,11444,-2163.0,-1837.0,142291,33396,Bearish
2010-12-21,39665,14717,-5175.0,3273.0,91294,24948,Bearish Reversal
2010-12-28,58142,23355,18477.0,8638.0,113223,34787,Bullish
2011-01-04,65421,27073,7279.0,3718.0,120758,38348,Bullish
2011-01-11,70872,23115,5451.0,-3958.0,129480,47757,Bullish
2011-01-18,67614,23559,-3258.0,444.0,128185,44055,Bearish Reversal
2011-01-25,54075,22356,-13539.0,-1203.0,117899,31719,Bearish Reversal
2011-02-01,55186,21372,1111.0,-984.0,119488,33814,Bullish
2011-02-08,72899,33109,17713.0,11737.0,141604,39790,Bullish
2011-02-15,77018,4928,4119.0,-28181.0,140822,72090,Bullish Reversal
2011-02-22,72774,4426,-4244.0,-502.0,140610,68348,Bearish Reversal
2011-03-01,78365,5538,5591.0,1112.0,148414,72827,Bullish
2011-03-08,81253,3709,2888.0,-1829.0,174715,77544,Bullish
2011-03-15,60789,3798,-20464.0,89.0,189157,56991,Bearish
2011-03-22,49722,3745,-11067.0,-53.0,118442,45977,Bearish Reversal
2011-03-29,52886,1641,3164.0,-2104.0,119128,51245,Bullish
2011-04-05,68876,3846,15990.0,2205.0,138257,65030,Bullish
2011-04-12,66354,2613,-2522.0,-1233.0,142022,63741,Bearish
2011-04-19,67489,2454,1135.0,-159.0,141961,65035,Bullish Reversal
2011-04-26,61493,2430,-5996.0,-24.0,138939,59063,Bearish Reversal
2011-05-03,59863,5822,-1630.0,3392.0,139919,54041,Bearish
2011-05-10,42698,5495,-17165.0,-327.0,121478,37203,Bearish Reversal
2011-05-17,36008,9717,-6690.0,4222.0,123386,26291,Bearish
2011-05-24,31219,9942,-4789.0,225.0,120245,21277,Bearish Reversal
2011-05-31,35657,9255,4438.0,-687.0,125654,26402,Bullish
2011-06-07,32631,19109,-3026.0,9854.0,129110,13522,Bearish
2011-06-14,33746,14891,1115.0,-4218.0,142172,18855,Bullish
2011-06-21,19983,17779,-13763.0,2888.0,87905,2204,Bearish Reversal
2011-06-28,21896,23759,1913.0,5980.0,92360,-1863,Bearish
2011-07-05,31346,24525,9450.0,766.0,105967,6821,Bullish
2011-07-12,39535,24201,8189.0,-324.0,111624,15334,Bullish
2011-07-19,52623,24859,13088.0,658.0,124719,27764,Bullish
2011-07-26,52884,16743,261.0,-8116.0,128807,36141,Bullish
2011-08-02,57482,16445,4598.0,-298.0,133150,41037,Bullish
2011-08-09,38872,15168,-18610.0,-1277.0,118973,23704,Bearish Reversal
2011-08-16,23153,19032,-15719.0,3864.0,103509,4121,Bearish Reversal
2011-08-23,23368,14564,215.0,-4468.0,104672,8804,Bullish
2011-08-30,24823,10884,1455.0,-3680.0,107237,13939,Bullish
2011-09-06,18441,16360,-6382.0,5476.0,109190,2081,Bearish
2011-09-13,17337,23640,-1104.0,7280.0,117403,-6303,Bearish
2011-09-20,20422,25880,3085.0,2240.0,123057,-5458,Bullish
2011-09-27,21320,41870,898.0,15990.0,86146,-20550,Bearish Reversal
2011-10-04,22713,38395,1393.0,-3475.0,103733,-15682,Bullish
2011-10-11,23922,48835,1209.0,10440.0,122945,-24913,Bearish
2011-10-18,23343,48138,-579.0,-697.0,123074,-24795,Bullish
2011-10-25,25368,43291,2025.0,-4847.0,120187,-17923,Bullish Reversal
2011-11-01,27420,42240,2052.0,-1051.0,119841,-14820,Bullish Reversal
2011-11-08,28003,43571,583.0,1331.0,122069,-15568,Bearish
2011-11-15,28819,46034,816.0,2463.0,123967,-17215,Bearish
2011-11-22,29041,51185,222.0,5151.0,129151,-22144,Bearish
2011-11-29,30069,56938,1028.0,5753.0,143231,-26869,Bearish
2011-12-06,31022,51193,953.0,-5745.0,150326,-20171,Bullish
2011-12-13,35787,49172,4765.0,-2021.0,173429,-13385,Bullish
2011-12-20,21428,48296,-14359.0,-876.0,174254,-26868,Bearish
2011-12-27,28132,49944,6704.0,1648.0,118735,-21812,Bullish Reversal
2012-01-03,27665,51036,-467.0,1092.0,119763,-23371,Bearish
2012-01-10,23039,51688,-4626.0,652.0,120997,-28649,Bearish
2012-01-17,25118,53848,2079.0,2160.0,123101,-28730,Bearish
2012-01-24,29772,48681,4654.0,-5167.0,117164,-18909,Bullish Reversal
2012-01-31,30140,49549,368.0,868.0,119270,-19409,Bearish
2012-02-07,37065,34881,6925.0,-14668.0,122955,2184,Bullish
2012-02-14,38465,28899,1400.0,-5982.0,122896,9566,Bullish Reversal
2012-02-21,47784,33672,9319.0,4773.0,129249,14112,Bullish
2012-02-28,50763,28283,2979.0,-5389.0,136553,22480,Bullish
2012-03-06,55906,29874,5143.0,1591.0,146771,26032,Bullish
2012-03-13,59548,32827,3642.0,2953.0,172856,26721,Bullish
2012-03-20,62768,20453,3220.0,-12374.0,189870,42315,Bullish
2012-03-27,53432,29695,-9336.0,9242.0,122621,23737,Bearish Reversal
2012-04-03,57291,27804,3859.0,-1891.0,126333,29487,Bullish
2012-04-10,47992,20025,-9299.0,-7779.0,113833,27967,Bearish Reversal
2012-04-17,58319,20291,10327.0,266.0,128841,38028,Bullish
2012-04-24,63028,18804,4709.0,-1487.0,134899,44224,Bullish
2012-05-01,84458,14235,21430.0,-4569.0,163036,70223,Bullish
2012-05-08,69914,9819,-14544.0,-4416.0,148415,60095,Bearish Reversal
2012-05-15,66286,15281,-3628.0,5462.0,140173,51005,Bearish Reversal
2012-05-22,57577,19022,-8709.0,3741.0,130992,38555,Bearish Reversal
2012-05-29,48793,14708,-8784.0,-4314.0,126626,34085,Bearish Reversal
2012-06-05,39559,24653,-9234.0,9945.0,137391,14906,Bearish
2012-06-12,31308,21688,-8251.0,-2965.0,135037,9620,Bearish Reversal
2012-06-19,27808,19607,-3500.0,-2081.0,131671,8201,Bearish Reversal
2012-06-26,27778,18501,-30.0,-1106.0,95821,9277,Bullish Reversal
2012-07-03,22923,14225,-4855.0,-4276.0,93160,8698,Bearish Reversal
2012-07-10,24673,20335,1750.0,6110.0,100606,4338,Bearish
2012-07-17,23628,24836,-1045.0,4501.0,103963,-1208,Bearish
2012-07-24,29695,32127,6067.0,7291.0,111062,-2432,Bearish
2012-07-31,30652,18203,957.0,-13924.0,101082,12449,Bullish Reversal
2012-08-07,43190,24068,12538.0,5865.0,109258,19122,Bullish
2012-08-14,53894,25301,10704.0,1233.0,123658,28593,Bullish
2012-08-21,76008,25141,22114.0,-160.0,150410,50867,Bullish
2012-08-28,86639,25703,10631.0,562.0,163842,60936,Bullish
2012-09-04,89309,22754,2670.0,-2949.0,171278,66555,Bullish
2012-09-11,116546,14686,27237.0,-8068.0,254598,101860,Bullish
2012-09-18,126688,14807,10142.0,121.0,296999,111881,Bullish
2012-09-25,123643,18297,-3045.0,3490.0,210066,105346,Bearish Reversal
2012-10-02,112706,11530,-10937.0,-6767.0,196895,101176,Bearish Reversal
2012-10-09,106300,10672,-6406.0,-858.0,192593,95628,Bearish Reversal
2012-10-16,106369,12619,69.0,1947.0,189466,93750,Bearish Reversal
2012-10-23,98566,9478,-7803.0,-3141.0,178102,89088,Bearish Reversal
2012-10-30,86306,7535,-12260.0,-1943.0,167010,78771,Bearish Reversal
2012-11-06,82882,8120,-3424.0,585.0,166422,74762,Bearish Reversal
2012-11-13,75935,9816,-6947.0,1696.0,168339,66119,Bearish
2012-11-20,72893,11447,-3042.0,1631.0,169517,61446,Bearish
2012-11-27,72663,10284,-230.0,-1163.0,170497,62379,Bullish
2012-12-04,66356,9285,-6307.0,-999.0,167343,57071,Bearish Reversal
2012-12-11,74220,11687,7864.0,2402.0,178087,62533,Bullish
2012-12-18,81493,7215,7273.0,-4472.0,219922,74278,Bullish
2012-12-24,72777,9425,-8716.0,2210.0,140965,63352,Bearish Reversal
2012-12-31,73678,7752,901.0,-1673.0,137247,65926,Bullish Reversal
2013-01-08,70435,6430,-3243.0,-1322.0,137314,64005,Bearish
2013-01-15,73099,4431,2664.0,-1999.0,144716,68668,Bullish
2013-01-22,66225,8273,-6874.0,3842.0,141710,57952,Bearish Reversal
2013-01-29,53915,18858,-12310.0,10585.0,144927,35057,Bearish
2013-02-05,44538,16777,-9377.0,-2081.0,141807,27761,Bearish Reversal
2013-02-12,39324,12759,-5214.0,-4018.0,140109,26565,Bearish Reversal
2013-02-19,46033,26654,6709.0,13895.0,156182,19379,Bearish
2013-02-26,42171,63604,-3862.0,36950.0,195893,-21433,Bearish
2013-03-05,39564,86227,-2607.0,22623.0,221062,-46663,Bearish
2013-03-12,37020,90417,-2544.0,4190.0,249150,-53397,Bearish
2013-03-19,39417,104748,2397.0,14331.0,308970,-65331,Bearish
2013-03-26,26286,88931,-13131.0,-15817.0,160847,-62645,Bullish Reversal
2013-04-02,26212,90756,-74.0,1825.0,163150,-64544,Bearish
2013-04-09,24056,95189,-2156.0,4433.0,161861,-71133,Bearish Reversal
2013-04-16,26003,101916,1947.0,6727.0,171111,-75913,Bearish
2013-04-23,27940,99619,1937.0,-2297.0,171804,-71679,Bullish
2013-04-30,23246,91094,-4694.0,-8525.0,161473,-67848,Bullish Reversal
2013-05-07,25741,77657,2495.0,-13437.0,149014,-51916,Bullish Reversal
2013-05-14,28352,72769,2611.0,-4888.0,142482,-44417,Bullish Reversal
2013-05-21,30686,64538,2334.0,-8231.0,141531,-33852,Bullish Reversal
2013-05-28,28298,61657,-2388.0,-2881.0,144725,-33359,Bullish
2013-06-04,22351,62127,-5947.0,470.0,141838,-39776,Bearish Reversal
2013-06-11,17343,53250,-5008.0,-8877.0,145729,-35907,Bullish
2013-06-18,15470,41557,-1873.0,-11693.0,145484,-26087,Bullish Reversal
2013-06-25,27186,37824,11716.0,-3733.0,109819,-10638,Bullish Reversal
2013-07-02,35398,51648,8212.0,13824.0,126754,-16250,Bearish
2013-07-09,37260,61089,1862.0,9441.0,140106,-23829,Bearish
2013-07-16,32187,52230,-5073.0,-8859.0,133870,-20043,Bullish Reversal
2013-07-23,22262,39020,-9925.0,-13210.0,119597,-16758,Bullish Reversal
2013-07-30,20729,32163,-1533.0,-6857.0,111005,-11434,Bullish Reversal
2013-08-06,22629,33065,1900.0,902.0,106787,-10436,Bullish Reversal
2013-08-13,21751,30832,-878.0,-2233.0,105303,-9081,Bullish Reversal
2013-08-20,26559,36103,4808.0,5271.0,108282,-9544,Bearish
2013-08-27,35375,60334,8816.0,24231.0,133392,-24959,Bearish
2013-09-03,31879,66518,-3496.0,6184.0,143241,-34639,Bearish
2013-09-10,24621,55563,-7258.0,-10955.0,137986,-30942,Bullish Reversal
2013-09-17,25286,44050,665.0,-11513.0,142925,-18764,Bullish
2013-09-24,40278,45953,14992.0,1903.0,119624,-5675,Bullish Reversal
2013-10-01,43734,44689,3456.0,-1264.0,122732,-955,Bullish
2013-10-08,33857,42520,-9877.0,-2169.0,118332,-8663,Bearish Reversal
2013-10-15,28436,39250,-5421.0,-3270.0,112544,-10814,Bearish Reversal
2013-10-22,28906,34270,470.0,-4980.0,109316,-5364,Bullish Reversal
2013-10-29,27233,42470,-1673.0,8200.0,116157,-15237,Bearish
2013-11-05,26803,44805,-430.0,2335.0,117253,-18002,Bearish
2013-11-12,29306,45398,2503.0,593.0,118952,-16092,Bullish
2013-11-19,31656,47991,2350.0,2593.0,121813,-16335,Bearish
2013-11-26,28143,56923,-3513.0,8932.0,129471,-28780,Bearish
2013-12-03,32589,74172,4446.0,17249.0,145767,-41583,Bearish
2013-12-10,31049,88563,-1540.0,14391.0,160759,-57514,Bearish
2013-12-17,25133,90633,-5916.0,2070.0,187136,-65500,Bearish
2013-12-24,28191,86623,3058.0,-4010.0,149359,-58432,Bullish Reversal
2013-12-31,28206,86162,15.0,-461.0,149037,-57956,Bullish Reversal
2014-01-07,30535,91077,2329.0,4915.0,156950,-60542,Bearish
2014-01-14,34212,101557,3677.0,10480.0,171370,-67345,Bearish
2014-01-21,29423,99750,-4789.0,-1807.0,169456,-70327,Bearish Reversal
2014-01-28,25976,88765,-3447.0,-10985.0,157214,-62789,Bullish Reversal
2014-02-04,29439,89739,3463.0,974.0,160625,-60300,Bullish
2014-02-11,27745,86673,-1694.0,-3066.0,157495,-58928,Bullish Reversal
2014-02-18,27756,92756,11.0,6083.0,154862,-65000,Bearish Reversal
2014-02-25,24865,83456,-2891.0,-9300.0,141519,-58591,Bullish Reversal
2014-03-04,23306,84402,-1559.0,946.0,147033,-61096,Bearish
2014-03-11,25180,77371,1874.0,-7031.0,153639,-52191,Bullish
2014-03-18,27751,97556,2571.0,20185.0,186782,-69805,Bearish
2014-03-25,40441,73656,12690.0,-23900.0,133246,-33215,Bullish Reversal
2014-04-01,27549,64543,-12892.0,-9113.0,117966,-36994,Bearish Reversal
2014-04-08,28704,63011,1155.0,-1532.0,120336,-34307,Bullish
2014-04-15,28288,63714,-416.0,703.0,119525,-35426,Bearish Reversal
2014-04-22,27529,62984,-759.0,-730.0,118707,-35455,Bearish Reversal
2014-04-29,30093,60388,2564.0,-2596.0,123589,-30295,Bullish
2014-05-06,28044,59644,-2049.0,-744.0,122287,-31600,Bearish Reversal
2014-05-13,26986,53023,-1058.0,-6621.0,121632,-26037,Bullish Reversal
2014-05-20,26500,53034,-486.0,11.0,121268,-26534,Bearish Reversal
2014-05-27,32581,54391,6081.0,1357.0,129989,-21810,Bullish
2014-06-03,32519,55250,-62.0,859.0,130275,-22731,Bearish
2014-06-10,30303,54411,-2216.0,-839.0,125832,-24108,Bearish Reversal
2014-06-17,34582,56115,4279.0,1704.0,132209,-21533,Bullish
2014-06-24,40595,45915,6013.0,-10200.0,103193,-5320,Bullish Reversal
2014-07-01,44755,42060,4160.0,-3855.0,111438,2695,Bullish
2014-07-08,58245,47950,13490.0,5890.0,128555,10295,Bullish
2014-07-15,60353,44732,2108.0,-3218.0,129787,15621,Bullish
2014-07-22,62078,41497,1725.0,-3235.0,129188,20581,Bullish Reversal
2014-07-29,56459,33768,-5619.0,-7729.0,122619,22691,Bullish Reversal
2014-08-05,48944,27489,-7515.0,-6279.0,115261,21455,Bearish Reversal
2014-08-12,44053,26055,-4891.0,-1434.0,108979,17998,Bearish Reversal
2014-08-19,41844,34563,-2209.0,8508.0,113301,7281,Bearish
2014-08-26,38522,32859,-3322.0,-1704.0,108441,5663,Bearish Reversal
2014-09-02,35333,26142,-3189.0,-6717.0,105984,9191,Bullish Reversal
2014-09-09,33400,21770,-1933.0,-4372.0,102951,11630,Bullish Reversal
2014-09-16,37347,29803,3947.0,8033.0,110275,7544,Bearish
2014-09-23,27673,24609,-9674.0,-5194.0,76530,3064,Bearish Reversal
2014-09-30,33014,37580,5341.0,12971.0,89376,-4566,Bearish
2014-10-07,39174,46626,6160.0,9046.0,100900,-7452,Bearish
2014-10-14,35688,51855,-3486.0,5229.0,104060,-16167,Bearish
2014-10-21,28837,50371,-6851.0,-1484.0,102170,-21534,Bearish Reversal
2014-10-28,26093,47498,-2744.0,-2873.0,99309,-21405,Bullish Reversal
2014-11-04,29627,49042,3534.0,1544.0,104720,-19415,Bullish
2014-11-11,32668,54514,3041.0,5472.0,108445,-21846,Bearish
2014-11-18,32082,51599,-586.0,-2915.0,106914,-19517,Bullish Reversal
2014-11-25,32106,48447,24.0,-3152.0,102393,-16341,Bullish Reversal
2014-12-02,28533,46922,-3573.0,-1525.0,101752,-18389,Bearish Reversal
2014-12-09,33406,47768,4873.0,846.0,109650,-14362,Bullish
2014-12-16,32397,48091,-1009.0,323.0,129475,-15694,Bearish
2014-12-23,33904,46091,1507.0,-2000.0,98477,-12187,Bullish Reversal
2014-12-30,32726,46759,-1178.0,668.0,97308,-14033,Bearish Reversal
2015-01-06,31275,48362,-1451.0,1603.0,103775,-17087,Bearish
2015-01-13,27599,48778,-3676.0,416.0,105003,-21179,Bearish
2015-01-20,24238,53318,-3361.0,4540.0,111631,-29080,Bearish
2015-01-27,28914,52877,4676.0,-441.0,112718,-23963,Bullish
2015-02-03,24553,51874,-4361.0,-1003.0,113662,-27321,Bearish
2015-02-10,21176,54509,-3377.0,2635.0,115744,-33333,Bearish
2015-02-17,19998,52840,-1178.0,-1669.0,111614,-32842,Bullish Reversal
2015-02-24,22423,58668,2425.0,5828.0,118014,-36245,Bearish
2015-03-03,24332,63195,1909.0,4527.0,121344,-38863,Bearish
2015-03-10,22011,61041,-2321.0,-2154.0,146639,-39030,Bearish
2015-03-17,21001,53823,-1010.0,-7218.0,158576,-32822,Bullish
2015-03-24,19193,51849,-1808.0,-1974.0,106731,-32656,Bullish Reversal
2015-03-31,18771,48389,-422.0,-3460.0,110447,-29618,Bullish
2015-04-07,22081,52100,3310.0,3711.0,114881,-30019,Bearish
2015-04-14,23020,53598,939.0,1498.0,118686,-30578,Bearish
2015-04-21,33343,60394,10323.0,6796.0,126801,-27051,Bullish
2015-04-28,33858,54767,515.0,-5627.0,128938,-20909,Bullish
2015-05-05,30028,40108,-3830.0,-14659.0,122108,-10080,Bullish Reversal
2015-05-12,29133,33115,-895.0,-6993.0,123908,-3982,Bullish
2015-05-19,25184,20836,-3949.0,-12279.0,117811,4348,Bullish Reversal
2015-05-26,30695,23362,5511.0,2526.0,121908,7333,Bullish
2015-06-02,30095,31120,-600.0,7758.0,123127,-1025,Bearish
2015-06-09,21004,34749,-9091.0,3629.0,118799,-13745,Bearish Reversal
2015-06-16,22484,34765,1480.0,16.0,118620,-12281,Bullish Reversal
2015-06-23,18270,35849,-4214.0,1084.0,81380,-17579,Bearish Reversal
2015-06-30,23105,46555,4835.0,10706.0,91797,-23450,Bearish
2015-07-07,35928,68196,12823.0,21641.0,120095,-32268,Bearish
2015-07-14,38177,78903,2249.0,10707.0,138431,-40726,Bearish
2015-07-21,41443,85011,3266.0,6108.0,153762,-43568,Bearish
2015-07-28,35195,91262,-6248.0,6251.0,162118,-56067,Bearish
2015-08-04,33993,98173,-1202.0,6911.0,170087,-64180,Bearish
2015-08-11,28546,95951,-5447.0,-2222.0,172252,-67405,Bearish
2015-08-18,21407,88201,-7139.0,-7750.0,161743,-66794,Bullish Reversal
2015-08-25,29555,89267,8148.0,1066.0,168819,-59712,Bullish
2015-09-01,28964,84083,-591.0,-5184.0,161893,-55119,Bullish Reversal
2015-09-08,29506,78146,542.0,-5937.0,159492,-48640,Bullish Reversal
2015-09-15,28509,75592,-997.0,-2554.0,188043,-47083,Bullish
2015-09-22,40901,79295,12392.0,3703.0,136213,-38394,Bullish Reversal
2015-09-29,36211,78446,-4690.0,-849.0,139431,-42235,Bearish
2015-10-06,29276,64286,-6935.0,-14160.0,121676,-35010,Bullish Reversal
2015-10-13,28207,62156,-1069.0,-2130.0,116800,-33949,Bullish Reversal
2015-10-20,31368,58480,3161.0,-3676.0,121148,-27112,Bullish
2015-10-27,34134,53029,2766.0,-5451.0,122885,-18895,Bullish
2015-11-03,32017,51508,-2117.0,-1521.0,119629,-19491,Bearish Reversal
2015-11-10,45787,63694,13770.0,12186.0,134360,-17907,Bullish
2015-11-17,45589,73941,-198.0,10247.0,141785,-28352,Bearish
2015-11-24,41304,79921,-4285.0,5980.0,143742,-38617,Bearish
2015-12-01,38349,77329,-2955.0,-2592.0,145547,-38980,Bearish
2015-12-08,48776,88914,10427.0,11585.0,162857,-40138,Bearish
2015-12-15,44262,95271,-4514.0,6357.0,189775,-51009,Bearish
2015-12-22,43455,99482,-807.0,4211.0,163581,-56027,Bearish Reversal
2015-12-29,47598,108385,4143.0,8903.0,172137,-60787,Bearish
2016-01-05,40898,101028,-6700.0,-7357.0,166610,-60130,Bullish Reversal
2016-01-12,38837,98051,-2061.0,-2977.0,166273,-59214,Bullish Reversal
2016-01-19,33064,99450,-5773.0,1399.0,165344,-66386,Bearish Reversal
2016-01-26,32767,99586,-297.0,136.0,165240,-66819,Bearish Reversal
2016-02-02,30069,82489,-2698.0,-17097.0,157362,-52420,Bullish Reversal
2016-02-09,27279,79214,-2790.0,-3275.0,157150,-51935,Bullish Reversal
2016-02-16,29077,74162,1798.0,-5052.0,158608,-45085,Bullish
2016-02-23,31487,68427,2410.0,-5735.0,157921,-36940,Bullish Reversal
2016-03-01,31018,61496,-469.0,-6931.0,159107,-30478,Bullish
2016-03-08,30550,56331,-468.0,-5165.0,174347,-25781,Bullish
2016-03-15,31584,48410,1034.0,-7921.0,169228,-16826,Bullish Reversal
2016-03-22,21807,36816,-9777.0,-11594.0,98997,-15009,Bullish Reversal
2016-03-29,28146,34326,6339.0,-2490.0,101099,-6180,Bullish
2016-04-05,29565,29468,1419.0,-4858.0,105335,97,Bullish
2016-04-12,28968,26583,-597.0,-2885.0,107755,2385,Bullish
2016-04-19,32473,25165,3505.0,-1418.0,114198,7308,Bullish
2016-04-26,37104,25105,4631.0,-60.0,121080,11999,Bullish
2016-05-03,39840,20897,2736.0,-4208.0,123864,18943,Bullish
2016-05-10,42040,16166,2200.0,-4731.0,124765,25874,Bullish
2016-05-17,37009,14303,-5031.0,-1863.0,124370,22706,Bearish Reversal
2016-05-24,32834,12787,-4175.0,-1516.0,123789,20047,Bearish Reversal
2016-05-31,38753,12494,5919.0,-293.0,126518,26259,Bullish
2016-06-07,37421,15884,-1332.0,3390.0,135330,21537,Bearish
2016-06-14,42394,23954,4973.0,8070.0,177711,18440,Bearish
2016-06-21,40664,38069,-1730.0,14115.0,118157,2595,Bearish Reversal
2016-06-28,38675,30726,-1989.0,-7343.0,114425,7949,Bullish Reversal
2016-07-05,41031,29514,2356.0,-1212.0,116494,11517,Bullish
2016-07-12,39963,22788,-1068.0,-6726.0,114230,17175,Bullish Reversal
2016-07-19,43086,21018,3123.0,-1770.0,117603,22068,Bullish
2016-07-26,44023,20843,937.0,-175.0,118079,23180,Bullish
2016-08-02,41711,23953,-2312.0,3110.0,115825,17758,Bearish Reversal
2016-08-09,43647,28281,1936.0,4328.0,115796,15366,Bearish Reversal
2016-08-16,46118,33645,2471.0,5364.0,124610,12473,Bearish
2016-08-23,50097,33363,3979.0,-282.0,131618,16734,Bullish
2016-08-30,46808,24408,-3289.0,-8955.0,125716,22400,Bullish Reversal
2016-09-06,44136,23231,-2672.0,-1177.0,122747,20905,Bearish Reversal
2016-09-13,45790,28732,1654.0,5501.0,124676,17058,Bearish
2016-09-20,57216,40913,11426.0,12181.0,137204,16303,Bearish
2016-09-27,34579,46194,-22637.0,5281.0,105130,-11615,Bearish Reversal
2016-10-04,32585,46662,-1994.0,468.0,104219,-14077,Bearish Reversal
2016-10-11,30809,42513,-1776.0,-4149.0,104002,-11704,Bullish Reversal
2016-10-18,23679,37977,-7130.0,-4536.0,95793,-14298,Bearish Reversal
2016-10-25,33274,46598,9595.0,8621.0,113501,-13324,Bullish
2016-11-01,35723,51683,2449.0,5085.0,121156,-15960,Bearish
2016-11-08,32850,54162,-2873.0,2479.0,120993,-21312,Bearish Reversal
2016-11-15,34293,52892,1443.0,-1270.0,125532,-18599,Bullish
2016-11-22,28260,45722,-6033.0,-7170.0,118667,-17462,Bullish Reversal
2016-11-29,25010,43586,-3250.0,-2136.0,114416,-18576,Bearish Reversal
2016-12-06,21538,39696,-3472.0,-3890.0,107289,-18158,Bullish Reversal
2016-12-13,24035,45904,2497.0,6208.0,114265,-21869,Bearish
2016-12-20,22246,34000,-1789.0,-11904.0,106080,-11754,Bullish Reversal
2016-12-27,36597,38195,14351.0,4195.0,93212,-1598,Bullish Reversal
2017-01-03,39546,43417,2949.0,5222.0,98751,-3871,Bearish
2017-01-10,28405,36340,-11141.0,-7077.0,90632,-7935,Bearish Reversal
2017-01-17,32064,37520,3659.0,1180.0,100307,-5456,Bullish
2017-01-24,36175,33656,4111.0,-3864.0,99574,2519,Bullish Reversal
2017-01-31,44939,41467,8764.0,7811.0,114274,3472,Bullish
2017-02-07,46127,37577,1188.0,-3890.0,118424,8550,Bullish
2017-02-14,53152,33812,7025.0,-3765.0,125056,19340,Bullish
2017-02-21,58780,34196,5628.0,384.0,131522,24584,Bullish
2017-02-28,63125,33035,4345.0,-1161.0,135442,30090,Bullish
2017-03-07,65616,36396,2491.0,3361.0,147601,29220,Bearish
2017-03-14,74620,53162,9004.0,16766.0,176379,21458,Bearish
2017-03-21,30293,54696,-44327.0,1534.0,119123,-24403,Bearish Reversal
2017-03-28,30419,58636,126.0,3940.0,121699,-28217,Bearish
2017-04-04,38535,68760,8116.0,10124.0,133688,-30225,Bearish
2017-04-11,31432,63766,-7103.0,-4994.0,126412,-32334,Bearish Reversal
2017-04-18,37306,70558,5874.0,6792.0,136614,-33252,Bearish
2017-04-25,52545,95187,15239.0,24629.0,165504,-42642,Bearish
2017-05-02,66565,114269,14020.0,19082.0,192692,-47704,Bearish
2017-05-09,47412,133627,-19153.0,19358.0,214946,-86215,Bearish
2017-05-16,39130,137130,-8282.0,3503.0,219483,-98000,Bearish
2017-05-23,29681,128790,-9449.0,-8340.0,208304,-99109,Bearish Reversal
2017-05-30,23711,121898,-5970.0,-6892.0,200273,-98187,Bullish Reversal
2017-06-06,26492,120993,2781.0,-905.0,210933,-94501,Bullish
2017-06-13,26781,115376,289.0,-5617.0,204115,-88595,Bullish Reversal
2017-06-20,28507,111388,1726.0,-3988.0,219496,-82881,Bullish
2017-06-27,28698,78193,191.0,-33195.0,143798,-49495,Bullish Reversal
2017-07-03,34300,73672,5602.0,-4521.0,145079,-39372,Bullish
2017-07-11,46080,54684,11780.0,-18988.0,161065,-8604,Bullish
2017-07-18,60000,51957,13920.0,-2727.0,169522,8043,Bullish
2017-07-25,70385,43772,10385.0,-8185.0,177330,26613,Bullish
2017-08-01,82885,42247,12500.0,-1525.0,190622,40638,Bullish
2017-08-08,98237,35416,15352.0,-6831.0,205963,62821,Bullish
2017-08-15,86455,35106,-11782.0,-310.0,192026,51349,Bearish Reversal
2017-08-22,80965,29866,-5490.0,-5240.0,186960,51099,Bearish Reversal
2017-08-29,86806,33639,5841.0,3773.0,191798,53167,Bullish
2017-09-05,94732,41088,7926.0,7449.0,203353,53644,Bullish
2017-09-12,91645,41146,-3087.0,58.0,227931,50499,Bearish
2017-09-19,100675,41829,9030.0,683.0,299169,58846,Bullish
2017-09-26,102688,28083,2013.0,-13746.0,181913,74605,Bullish Reversal
2017-10-03,97204,22076,-5484.0,-6007.0,177263,75128,Bullish Reversal
2017-10-10,97068,20676,-136.0,-1400.0,175817,76392,Bullish Reversal
2017-10-17,94507,19421,-2561.0,-1255.0,174347,75086,Bearish Reversal
2017-10-24,96561,24229,2054.0,4808.0,172673,72332,Bearish Reversal
2017-10-31,84309,26470,-12252.0,2241.0,157542,57839,Bearish Reversal
2017-11-07,75460,24571,-8849.0,-1899.0,147706,50889,Bearish Reversal
2017-11-14,70473,23138,-4987.0,-1433.0,143841,47335,Bearish Reversal
2017-11-21,67324,22199,-3149.0,-939.0,143596,45125,Bearish Reversal
2017-11-28,67882,22224,558.0,25.0,145257,45658,Bullish
2017-12-05,66467,24001,-1415.0,1777.0,147099,42466,Bearish
2017-12-12,62198,20238,-4269.0,-3763.0,149275,41960,Bearish
2017-12-19,68451,22550,6253.0,2312.0,155022,45901,Bullish
2017-12-26,42372,25026,-26079.0,2476.0,116559,17346,Bearish Reversal
2018-01-02,49297,34558,6925.0,9532.0,126829,14739,Bearish
2018-01-09,58581,41120,9284.0,6562.0,147839,17461,Bullish
2018-01-16,61473,43917,2892.0,2797.0,160810,17556,Bullish
2018-01-23,69446,46889,7973.0,2972.0,168849,22557,Bullish
2018-01-30,75296,41831,5850.0,-5058.0,176871,33465,Bullish
2018-02-06,69492,29328,-5804.0,-12503.0,167890,40164,Bullish Reversal
2018-02-13,62535,30006,-6957.0,678.0,155262,32529,Bearish Reversal
2018-02-20,49373,26246,-13162.0,-3760.0,144832,23127,Bearish Reversal
2018-02-27,54279,32059,4906.0,5813.0,145351,22220,Bearish
2018-03-06,54233,34668,-46.0,2609.0,139318,19565,Bearish Reversal
2018-03-13,59919,40499,5686.0,5831.0,154478,19420,Bearish
2018-03-20,78744,54184,18825.0,13685.0,180240,24560,Bullish
2018-03-27,33518,60568,-45226.0,6384.0,127568,-27050,Bearish Reversal
2018-04-03,29558,61430,-3960.0,862.0,127509,-31872,Bearish Reversal
2018-04-10,28027,59699,-1531.0,-1731.0,124621,-31672,Bullish Reversal
2018-04-17,28575,58899,548.0,-800.0,128174,-30324,Bullish
2018-04-24,23559,48703,-5016.0,-10196.0,120406,-25144,Bullish Reversal
2018-05-01,25940,53475,2381.0,4772.0,121676,-27535,Bearish
2018-05-08,33156,57017,7216.0,3542.0,128877,-23861,Bullish
2018-05-15,30419,54075,-2737.0,-2942.0,128708,-23656,Bullish Reversal
2018-05-22,23555,49767,-6864.0,-4308.0,136118,-26212,Bearish
2018-05-29,32696,48386,9141.0,-1381.0,147495,-15690,Bullish
2018-06-05,35266,51305,2570.0,2919.0,158317,-16039,Bearish
2018-06-12,30168,45156,-5098.0,-6149.0,156985,-14988,Bullish Reversal
2018-06-19,45738,59752,15570.0,14596.0,190384,-14014,Bullish
2018-06-26,40866,73665,-4872.0,13913.0,159233,-32799,Bearish Reversal
2018-07-03,26934,76382,-13932.0,2717.0,158341,-49448,Bearish Reversal
2018-07-10,26586,79473,-348.0,3091.0,159504,-52887,Bearish
2018-07-17,25594,73078,-992.0,-6395.0,157927,-47484,Bullish Reversal
2018-07-24,20084,64595,-5510.0,-8483.0,151441,-44511,Bullish Reversal
2018-07-31,23679,55248,3595.0,-9347.0,140253,-31569,Bullish Reversal
2018-08-07,33269,58167,9590.0,2919.0,144934,-24898,Bullish
2018-08-14,30627,56825,-2642.0,-1342.0,144705,-26198,Bearish Reversal
2018-08-21,32271,59292,1644.0,2467.0,145677,-27021,Bearish
2018-08-28,34111,58900,1840.0,-392.0,147679,-24789,Bullish
2018-09-04,34748,61055,637.0,2155.0,151238,-26307,Bearish
2018-09-11,30506,57448,-4242.0,-3607.0,158974,-26942,Bearish
2018-09-18,25979,56090,-4527.0,-1358.0,150538,-30111,Bearish Reversal
2018-09-25,31812,51344,5833.0,-4746.0,115727,-19532,Bullish Reversal
2018-10-02,41940,60424,10128.0,9080.0,127333,-18484,Bullish
2018-10-09,38867,51012,-3073.0,-9412.0,121489,-12145,Bullish Reversal
2018-10-16,32202,43221,-6665.0,-7791.0,115386,-11019,Bullish Reversal
2018-10-23,32031,39259,-171.0,-3962.0,118053,-7228,Bullish
2018-10-30,29436,39091,-2595.0,-168.0,118508,-9655,Bearish
2018-11-06,33753,36385,4317.0,-2706.0,116284,-2632,Bullish Reversal
2018-11-13,36773,39564,3020.0,3179.0,121999,-2791,Bearish
2018-11-20,39059,45348,2286.0,5784.0,140651,-6289,Bearish
2018-11-27,41427,50057,2368.0,4709.0,145122,-8630,Bearish
2018-12-04,38736,51672,-2691.0,1615.0,156750,-12936,Bearish
2018-12-11,41672,53341,2936.0,1669.0,161530,-11669,Bullish
2018-12-18,51566,59023,9894.0,5682.0,191476,-7457,Bullish
2018-12-24,27887,72579,-23679.0,13556.0,159195,-44692,Bearish Reversal
2018-12-31,34330,84979,6443.0,12400.0,170168,-50649,Bearish
2019-01-08,19287,85289,-15043.0,310.0,167005,-66002,Bearish Reversal
2019-01-15,17006,76530,-2281.0,-8759.0,155691,-59524,Bullish Reversal
2019-01-22,16727,72823,-279.0,-3707.0,151010,-56096,Bullish Reversal
2019-01-29,16523,72913,-204.0,90.0,151146,-56390,Bearish
2019-02-05,19808,61845,3285.0,-11068.0,141538,-42037,Bullish Reversal
2019-02-12,21433,58970,1625.0,-2875.0,141172,-37537,Bullish Reversal
2019-02-19,22989,59426,1556.0,456.0,142620,-36437,Bullish
2019-02-26,21553,60730,-1436.0,1304.0,147621,-39177,Bearish
2019-03-05,18210,58654,-3343.0,-2076.0,146552,-40444,Bearish Reversal
2019-03-12,20276,61329,2066.0,2675.0,159939,-41053,Bearish
2019-03-19,16267,64041,-4009.0,2712.0,167282,-47774,Bearish
2019-03-26,21194,60765,4927.0,-3276.0,144311,-39571,Bullish Reversal
2019-04-02,24619,68942,3425.0,8177.0,151140,-44323,Bearish
2019-04-09,24681,67883,62.0,-1059.0,149544,-43202,Bullish Reversal
2019-04-16,18256,67418,-6425.0,-465.0,145041,-49162,Bearish Reversal
2019-04-23,23222,70715,4966.0,3297.0,152998,-47493,Bullish
2019-04-30,19445,66190,-3777.0,-4525.0,154565,-46745,Bullish
2019-05-07,20117,66232,672.0,42.0,151258,-46115,Bullish Reversal
2019-05-14,18457,66045,-1660.0,-187.0,148058,-47588,Bearish Reversal
2019-05-21,16282,58518,-2175.0,-7527.0,140682,-42236,Bullish Reversal
2019-05-28,15878,55301,-404.0,-3217.0,140449,-39423,Bullish Reversal
2019-06-04,15330,57089,-548.0,1788.0,151970,-41759,Bearish
2019-06-11,25597,58437,10267.0,1348.0,159212,-32840,Bullish
2019-06-18,19796,57867,-5801.0,-570.0,160795,-38071,Bearish
2019-06-25,24750,39540,4954.0,-18327.0,137543,-14790,Bullish Reversal
2019-07-02,45057,38764,20307.0,-776.0,157998,6293,Bullish
2019-07-09,48734,39508,3677.0,744.0,164842,9226,Bullish
2019-07-16,63098,42134,14364.0,2626.0,182946,20964,Bullish
2019-07-23,69694,38944,6596.0,-3190.0,187397,30750,Bullish
2019-07-30,66305,44583,-3389.0,5639.0,182478,21722,Bearish Reversal
2019-08-06,63598,39432,-2707.0,-5151.0,172657,24166,Bullish Reversal
2019-08-13,50065,35865,-13533.0,-3567.0,160861,14200,Bearish Reversal
2019-08-20,47368,34331,-2697.0,-1534.0,155837,13037,Bearish Reversal
2019-08-27,48292,37387,924.0,3056.0,158921,10905,Bearish
2019-09-03,48206,42857,-86.0,5470.0,167396,5349,Bearish
2019-09-10,54971,43448,6765.0,591.0,183058,11523,Bullish
2019-09-17,62004,42181,7033.0,-1267.0,187795,19823,Bullish
2019-09-24,40323,35731,-21681.0,-6450.0,123017,4592,Bearish Reversal
2019-10-01,46303,39976,5980.0,4245.0,130937,6327,Bullish
2019-10-08,49071,43758,2768.0,3782.0,136105,5313,Bearish
2019-10-15,58007,45046,8936.0,1288.0,149079,12961,Bullish
2019-10-22,71410,38017,13403.0,-7029.0,170305,33393,Bullish
2019-10-29,81982,38393,10572.0,376.0,189971,43589,Bullish
2019-11-05,87774,33772,5792.0,-4621.0,192882,54002,Bullish
2019-11-12,73671,31298,-14103.0,-2474.0,182793,42373,Bearish Reversal
2019-11-19,65040,36175,-8631.0,4877.0,172759,28865,Bearish Reversal
2019-11-26,60930,40586,-4110.0,4411.0,167350,20344,Bearish Reversal
2019-12-03,64040,42569,3110.0,1983.0,184060,21471,Bullish
2019-12-10,55285,34544,-8755.0,-8025.0,169219,20741,Bearish Reversal
2019-12-17,47523,36332,-7762.0,1788.0,189458,11191,Bearish
2019-12-24,51478,42981,3955.0,6649.0,158666,8497,Bearish Reversal
2019-12-31,63961,52048,12483.0,9067.0,175666,11913,Bullish
2020-01-07,68756,42389,4795.0,-9659.0,189996,26367,Bullish
2020-01-14,70428,37576,1672.0,-4813.0,190229,32852,Bullish
2020-01-21,74399,36105,3971.0,-1471.0,188596,38294,Bullish Reversal
2020-01-28,76299,41709,1900.0,5604.0,185499,34590,Bearish Reversal
2020-02-04,67193,48630,-9106.0,6921.0,174000,18563,Bearish Reversal
2020-02-11,68225,58520,1032.0,9890.0,166914,9705,Bearish Reversal
2020-02-18,61559,53742,-6666.0,-4778.0,164698,7817,Bearish Reversal
2020-02-25,63658,49034,2099.0,-4708.0,168819,14624,Bullish
2020-03-03,55191,44612,-8467.0,-4422.0,160511,10579,Bearish Reversal
2020-03-10,48055,50045,-7136.0,5433.0,175226,-1990,Bearish
2020-03-17,43114,52737,-4941.0,2692.0,183137,-9623,Bearish
2020-03-24,21323,50568,-21791.0,-2169.0,124226,-29245,Bearish Reversal
2020-03-31,21517,43446,194.0,-7122.0,122891,-21929,Bullish Reversal
2020-04-07,17052,41485,-4465.0,-1961.0,117523,-24433,Bearish Reversal
2020-04-14,18038,41798,986.0,313.0,119798,-23760,Bullish
2020-04-21,19804,43695,1766.0,1897.0,121213,-23891,Bearish
2020-04-28,16032,45076,-3772.0,1381.0,117660,-29044,Bearish Reversal
2020-05-05,17007,49059,975.0,3983.0,119300,-32052,Bearish
2020-05-12,16995,49241,-12.0,182.0,120453,-32246,Bearish
2020-05-19,23142,58198,6147.0,8957.0,130099,-35056,Bearish
2020-05-26,21844,55798,-1298.0,-2400.0,129849,-33954,Bullish Reversal
2020-06-02,19774,52912,-2070.0,-2886.0,128476,-33138,Bullish Reversal
2020-06-09,22298,47127,2524.0,-5785.0,120459,-24829,Bullish Reversal
2020-06-16,19695,45181,-2603.0,-1946.0,125654,-25486,Bearish
2020-06-23,22852,43686,3157.0,-1495.0,105412,-20834,Bullish Reversal
2020-06-30,28174,48693,5322.0,5007.0,118197,-20519,Bullish
2020-07-07,31660,48478,3486.0,-215.0,121226,-16818,Bullish
2020-07-14,27642,47417,-4018.0,-1061.0,148003,-19775,Bearish
2020-07-21,34284,50982,6642.0,3565.0,143606,-16698,Bullish Reversal
2020-07-28,32105,44601,-2179.0,-6381.0,139397,-12496,Bullish Reversal
2020-08-04,19907,43102,-12198.0,-1499.0,137101,-23195,Bearish Reversal
2020-08-11,17256,46803,-2651.0,3701.0,136885,-29547,Bearish Reversal
2020-08-18,19497,53084,2241.0,6281.0,141600,-33587,Bearish
2020-08-25,21590,50908,2093.0,-2176.0,129557,-29318,Bullish Reversal
2020-09-01,26590,53596,5000.0,2688.0,140520,-27006,Bullish
2020-09-08,29626,46981,3036.0,-6615.0,137618,-17355,Bullish Reversal
2020-09-15,28909,45852,-717.0,-1129.0,147273,-16943,Bullish
2020-09-22,23588,42470,-5321.0,-3382.0,117564,-18882,Bearish Reversal
2020-09-29,21619,40567,-1969.0,-1903.0,113862,-18948,Bearish Reversal
2020-10-06,20808,38855,-811.0,-1712.0,113818,-18047,Bullish Reversal
2020-10-13,24638,38202,3830.0,-653.0,121956,-13564,Bullish
2020-10-20,24725,43800,87.0,5598.0,123266,-19075,Bearish
2020-10-27,24739,42808,14.0,-992.0,122403,-18069,Bullish Reversal
2020-11-03,21549,42235,-3190.0,-573.0,124892,-20686,Bearish
2020-11-10,25962,47311,4413.0,5076.0,136456,-21349,Bearish
2020-11-17,26205,46564,243.0,-747.0,136614,-20359,Bullish
2020-11-24,31529,48375,5324.0,1811.0,140823,-16846,Bullish
2020-12-01,28702,49945,-2827.0,1570.0,147803,-21243,Bearish
2020-12-08,34713,55451,6011.0,5506.0,163589,-20738,Bullish
2020-12-15,39856,55572,5143.0,121.0,196230,-15716,Bullish
2020-12-21,43198,33113,3342.0,-22459.0,156597,10085,Bullish Reversal
2020-12-29,42178,26810,-1020.0,-6303.0,154464,15368,Bullish Reversal
2021-01-05,41560,27036,-618.0,226.0,156124,14524,Bearish
2021-01-12,43386,31313,1826.0,4277.0,156675,12073,Bearish
2021-01-19,43633,33307,247.0,1994.0,154231,10326,Bearish Reversal
2021-01-26,53680,39910,10047.0,6603.0,168896,13770,Bullish
2021-02-02,46645,30549,-7035.0,-9361.0,158155,16096,Bullish Reversal
2021-02-09,44274,34746,-2371.0,4197.0,158454,9528,Bearish
2021-02-16,45021,36857,747.0,2111.0,159266,8164,Bearish
2021-02-23,46899,37767,1878.0,910.0,166868,9132,Bullish
2021-03-02,51391,36064,4492.0,-1703.0,168689,15327,Bullish
2021-03-09,50022,39041,-1369.0,2977.0,173078,10981,Bearish
2021-03-16,50907,40644,885.0,1603.0,186932,10263,Bearish
2021-03-23,46786,41683,-4121.0,1039.0,162170,5103,Bearish Reversal
2021-03-30,48462,41944,1676.0,261.0,164199,6518,Bullish
2021-04-06,47506,44816,-956.0,2872.0,166118,2690,Bearish
2021-04-13,48056,45650,550.0,834.0,166186,2406,Bearish
2021-04-20,53824,40578,5768.0,-5072.0,173145,13246,Bullish
2021-04-27,56675,40953,2851.0,375.0,180771,15722,Bullish
2021-05-04,74280,48333,17605.0,7380.0,196817,25947,Bullish
2021-05-11,79329,40700,5049.0,-7633.0,201955,38629,Bullish
2021-05-18,82026,35914,2697.0,-4786.0,207963,46112,Bullish
2021-05-25,84183,39372,2157.0,3458.0,213176,44811,Bearish
2021-06-01,89467,40695,5284.0,1323.0,228957,48772,Bullish
2021-06-08,80989,35708,-8478.0,-4987.0,220053,45281,Bearish Reversal
2021-06-15,73071,28817,-7918.0,-6891.0,252936,44254,Bearish
2021-06-22,69074,25849,-3997.0,-2968.0,202787,43225,Bearish Reversal
2021-06-29,68301,22500,-773.0,-3349.0,196928,45801,Bullish Reversal
2021-07-06,69923,28745,1622.0,6245.0,202136,41178,Bearish
2021-07-13,63107,36731,-6816.0,7986.0,198714,26376,Bearish Reversal
2021-07-20,59883,46968,-3224.0,10237.0,189308,12915,Bearish Reversal
2021-07-27,47048,41674,-12835.0,-5294.0,174701,5374,Bearish Reversal
2021-08-03,46064,38604,-984.0,-3070.0,170609,7460,Bullish Reversal
2021-08-10,45445,38980,-619.0,376.0,171602,6465,Bearish
2021-08-17,46499,43839,1054.0,4859.0,177460,2660,Bearish
2021-08-24,44124,38247,-2375.0,-5592.0,171487,5877,Bullish Reversal
2021-08-31,40686,43534,-3438.0,5287.0,170439,-2848,Bearish Reversal
2021-09-07,36704,42714,-3982.0,-820.0,170506,-6010,Bearish
2021-09-14,36677,45960,-27.0,3246.0,175708,-9283,Bearish
2021-09-21,18954,46831,-17723.0,871.0,118528,-27877,Bearish Reversal
2021-09-28,21873,42108,2919.0,-4723.0,118066,-20235,Bullish Reversal
2021-10-05,18580,45446,-3293.0,3338.0,120168,-26866,Bearish
2021-10-12,22382,50242,3802.0,4796.0,127827,-27860,Bearish
2021-10-19,40380,51304,17998.0,1062.0,153912,-10924,Bullish
2021-10-26,45977,42657,5597.0,-8647.0,159475,3320,Bullish
2021-11-02,42037,37875,-3940.0,-4782.0,156194,4162,Bullish Reversal
2021-11-09,43961,38857,1924.0,982.0,154720,5104,Bullish Reversal
2021-11-16,44147,35438,186.0,-3419.0,148955,8709,Bullish Reversal
2021-11-23,44320,47455,173.0,12017.0,150275,-3135,Bearish
2021-11-30,41242,55317,-3078.0,7862.0,148375,-14075,Bearish Reversal
2021-12-07,41095,50453,-147.0,-4864.0,155078,-9358,Bullish
2021-12-14,38230,51358,-2865.0,905.0,186638,-13128,Bearish
2021-12-21,45925,55802,7695.0,4444.0,145562,-9877,Bullish Reversal
2021-12-28,42528,52862,-3397.0,-2940.0,138692,-10334,Bearish Reversal
2022-01-04,41905,52930,-623.0,68.0,135633,-11025,Bearish Reversal
2022-01-11,44284,51660,2379.0,-1270.0,138571,-7376,Bullish
2022-01-18,49792,42300,5508.0,-9360.0,143371,7492,Bullish
2022-01-25,53129,40812,3337.0,-1488.0,146448,12317,Bullish
2022-02-01,52386,34122,-743.0,-6690.0,145082,18264,Bullish Reversal
2022-02-08,54762,39876,2376.0,5754.0,145208,14886,Bearish
2022-02-15,54424,42254,-338.0,2378.0,144815,12170,Bearish Reversal
2022-02-22,47661,38408,-6763.0,-3846.0,140305,9253,Bearish Reversal
2022-03-01,50881,36741,3220.0,-1667.0,143507,14140,Bullish
2022-03-08,48492,40846,-2389.0,4105.0,149425,7646,Bearish
2022-03-15,47406,29666,-1086.0,-11180.0,143863,17740,Bullish Reversal
2022-03-22,29314,34254,-18092.0,4588.0,124090,-4940,Bearish Reversal
2022-03-29,32429,33964,3115.0,-290.0,147421,-1535,Bullish
2022-04-05,37325,30402,4896.0,-3562.0,157562,6923,Bullish
2022-04-12,37724,25566,399.0,-4836.0,155390,12158,Bullish Reversal
2022-04-19,44063,22837,6339.0,-2729.0,153302,21226,Bullish Reversal
2022-04-26,48787,27906,4724.0,5069.0,155362,20881,Bearish
2022-05-03,44670,35641,-4117.0,7735.0,152779,9029,Bearish Reversal
2022-05-10,38679,44086,-5991.0,8445.0,151009,-5407,Bearish Reversal
2022-05-17,36069,50565,-2610.0,6479.0,151585,-14496,Bearish
2022-05-24,28999,41686,-7070.0,-8879.0,138508,-12687,Bullish Reversal
2022-05-31,30520,37527,1521.0,-4159.0,135929,-7007,Bullish Reversal
2022-06-07,39288,40350,8768.0,2823.0,167373,-1062,Bullish
2022-06-14,56550,33348,17262.0,-7002.0,175219,23202,Bullish
2022-06-21,42260,38155,-14290.0,4807.0,140047,4105,Bearish Reversal
2022-06-28,45893,36796,3633.0,-1359.0,142584,9097,Bullish
2022-07-05,45365,41072,-528.0,4276.0,145372,4293,Bearish
2022-07-12,41613,38108,-3752.0,-2964.0,139297,3505,Bearish Reversal
2022-07-19,42040,35373,427.0,-2735.0,142216,6667,Bullish
2022-07-26,46414,30645,4374.0,-4728.0,144182,15769,Bullish
2022-08-02,48342,28065,1928.0,-2580.0,145914,20277,Bullish
2022-08-09,46898,25675,-1444.0,-2390.0,143646,21223,Bullish Reversal
2022-08-16,51843,24976,4945.0,-699.0,147596,26867,Bullish
2022-08-23,53617,30390,1774.0,5414.0,152685,23227,Bearish
2022-08-30,58704,34525,5087.0,4135.0,158165,24179,Bullish
2022-09-06,57185,39275,-1519.0,4750.0,160567,17910,Bearish
2022-09-13,48102,35677,-9083.0,-3598.0,149556,12425,Bearish Reversal
2022-09-20,47913,45857,-189.0,10180.0,160314,2056,Bearish
2022-09-27,33677,51343,-14236.0,5486.0,140889,-17666,Bearish Reversal
2022-10-04,36246,57653,2569.0,6310.0,141799,-21407,Bearish
2022-10-11,32476,58148,-3770.0,495.0,144000,-25672,Bearish
2022-10-18,35384,55957,2908.0,-2191.0,146425,-20573,Bullish
2022-10-25,35607,53762,223.0,-2195.0,143417,-18155,Bullish Reversal
2022-11-01,38522,56171,2915.0,2409.0,147170,-17649,Bullish
2022-11-08,39586,58050,1064.0,1879.0,147555,-18464,Bearish
2022-11-15,37456,50376,-2130.0,-7674.0,139753,-12920,Bullish Reversal
2022-11-22,36733,48405,-723.0,-1971.0,134901,-11672,Bullish Reversal
2022-11-29,35123,51239,-1610.0,2834.0,136654,-16116,Bearish
2022-12-06,30717,52807,-4406.0,1568.0,148891,-22090,Bearish
2022-12-13,31720,58968,1003.0,6161.0,169433,-27248,Bearish
2022-12-20,39705,66666,7985.0,7698.0,180857,-26961,Bullish
2022-12-27,28879,58912,-10826.0,-7754.0,140544,-30033,Bearish Reversal
2023-01-03,25497,52263,-3382.0,-6649.0,138995,-26766,Bullish Reversal
2023-01-10,22166,53121,-3331.0,858.0,133888,-30955,Bearish Reversal
2023-01-17,20897,48156,-1269.0,-4965.0,132346,-27259,Bullish Reversal
2023-01-24,25978,56690,5081.0,8534.0,137476,-30712,Bearish
2023-01-31,26404,56588,426.0,-102.0,140167,-30184,Bullish
2023-02-07,33292,66383,6888.0,9795.0,149621,-33091,Bearish
2023-02-14,24466,59960,-8826.0,-6423.0,149059,-35494,Bearish Reversal
2023-02-21,21889,59392,-2577.0,-568.0,151896,-37503,Bearish
2023-02-28,31599,67673,9710.0,8281.0,165097,-36074,Bullish
2023-03-07,62108,91310,30509.0,23637.0,203816,-29202,Bullish
2023-03-14,60738,92453,-1370.0,1143.0,244421,-31715,Bearish
2023-03-21,18812,75633,-41926.0,-16820.0,178185,-56821,Bearish Reversal
2023-03-28,19672,76497,860.0,864.0,176559,-56825,Bearish Reversal
2023-04-04,16607,75116,-3065.0,-1381.0,169138,-58509,Bearish Reversal
2023-04-11,16914,73493,307.0,-1623.0,164875,-56579,Bullish Reversal
2023-04-18,17806,64039,892.0,-9454.0,148638,-46233,Bullish Reversal
2023-04-25,24295,68086,6489.0,4047.0,151786,-43791,Bullish
2023-05-02,27899,77995,3604.0,9909.0,171054,-50096,Bearish
2023-05-09,29609,71872,1710.0,-6123.0,159364,-42263,Bullish Reversal
2023-05-16,28514,71504,-1095.0,-368.0,161195,-42990,Bearish
2023-05-23,20388,68914,-8126.0,-2590.0,159199,-48526,Bearish Reversal
2023-05-30,37619,67533,17231.0,-1381.0,179871,-29914,Bullish
2023-06-06,21709,60038,-15910.0,-7495.0,168025,-38329,Bearish Reversal
2023-06-13,15536,52204,-6173.0,-7834.0,167232,-36668,Bullish Reversal
2023-06-20,28187,61730,12651.0,9526.0,184106,-33543,Bullish
2023-06-27,50307,53154,22120.0,-8576.0,167798,-2847,Bullish Reversal
2023-07-03,44178,39651,-6129.0,-13503.0,156284,4527,Bullish Reversal
2023-07-11,35072,30628,-9106.0,-9023.0,140395,4444,Bearish Reversal
2023-07-18,33877,33356,-1195.0,2728.0,146171,521,Bearish
2023-07-25,42759,37229,8882.0,3873.0,156395,5530,Bullish
2023-08-01,36278,29913,-6481.0,-7316.0,152606,6365,Bullish Reversal
2023-08-08,29481,30104,-6797.0,191.0,140960,-623,Bearish Reversal
2023-08-15,37112,48523,7631.0,18419.0,157827,-11411,Bearish
2023-08-22,35993,48063,-1119.0,-460.0,166147,-12070,Bearish
2023-08-29,42527,58288,6534.0,10225.0,177048,-15761,Bearish
2023-09-05,45761,70724,3234.0,12436.0,189660,-24963,Bearish
2023-09-12,40298,82181,-5463.0,11457.0,217080,-41883,Bearish
2023-09-19,19027,67054,-21271.0,-15127.0,246847,-48027,Bearish
2023-09-26,17006,49702,-2021.0,-17352.0,175848,-32696,Bullish Reversal
2023-10-03,21674,61825,4668.0,12123.0,189443,-40151,Bearish
2023-10-10,20342,66831,-1332.0,5006.0,179357,-46489,Bearish Reversal
2023-10-17,21640,70179,1298.0,3348.0,183938,-48539,Bearish
2023-10-24,22326,70965,686.0,786.0,184747,-48639,Bearish
2023-10-31,25418,74750,3092.0,3785.0,198528,-49332,Bearish
2023-11-07,17171,84892,-8247.0,10142.0,200364,-67721,Bearish
2023-11-14,18678,89081,1507.0,4189.0,206046,-70403,Bearish
2023-11-21,19407,84847,729.0,-4234.0,203248,-65440,Bullish Reversal
2023-11-28,18991,82233,-416.0,-2614.0,200864,-63242,Bullish Reversal
2023-12-05,19753,77601,762.0,-4632.0,197791,-57848,Bullish Reversal
2023-12-12,19457,74702,-296.0,-2899.0,213873,-55245,Bullish
2023-12-19,28862,83195,9405.0,8493.0,214241,-54333,Bullish
2023-12-26,41685,76406,12823.0,-6789.0,176452,-34721,Bullish Reversal
2024-01-02,50895,72026,9210.0,-4380.0,184476,-21131,Bullish
2024-01-09,42286,49666,-8609.0,-22360.0,171557,-7380,Bullish Reversal
2024-01-16,38738,52126,-3548.0,2460.0,165998,-13388,Bearish Reversal
2024-01-23,34310,42761,-4428.0,-9365.0,155138,-8451,Bullish Reversal
2024-01-30,39101,41489,4791.0,-1272.0,159376,-2388,Bullish
2024-02-06,32782,40518,-6319.0,-971.0,160118,-7736,Bearish
2024-02-13,35698,41180,2916.0,662.0,161519,-5482,Bullish
2024-02-20,37108,37971,1410.0,-3209.0,157666,-863,Bullish Reversal
2024-02-27,41158,42536,4050.0,4565.0,166484,-1378,Bearish
2024-03-05,42590,62427,1432.0,19891.0,183697,-19837,Bearish
2024-03-12,35964,66838,-6626.0,4411.0,193223,-30874,Bearish
2024-03-19,45761,82909,9797.0,16071.0,230592,-37148,Bearish
2024-03-26,37915,88205,-7846.0,5296.0,190995,-50290,Bearish Reversal
2024-04-02,44220,95443,6305.0,7238.0,197171,-51223,Bearish
2024-04-09,34741,88126,-9479.0,-7317.0,192964,-53385,Bearish Reversal
2024-04-16,37067,119882,2326.0,31756.0,237526,-82815,Bearish
2024-04-23,35873,112323,-1194.0,-7559.0,226747,-76450,Bullish Reversal
2024-04-30,33793,96994,-2080.0,-15329.0,211555,-63201,Bullish Reversal
2024-05-07,32945,102166,-848.0,5172.0,216708,-69221,Bearish
2024-05-14,34286,114589,1341.0,12423.0,220840,-80303,Bearish
2024-05-21,35399,126223,1113.0,11634.0,234491,-90824,Bearish
2024-05-28,37299,123884,1900.0,-2339.0,264401,-86585,Bullish
2024-06-04,37360,128999,61.0,5115.0,265761,-91639,Bearish
2024-06-11,37310,166803,-50.0,37804.0,307387,-129493,Bearish
2024-06-18,22778,170709,-14532.0,3906.0,351458,-147931,Bearish
2024-06-25,27790,150202,5012.0,-20507.0,278437,-122412,Bullish Reversal
2024-07-02,21850,142202,-5940.0,-8000.0,263465,-120352,Bullish Reversal
2024-07-09,20263,131475,-1587.0,-10727.0,257288,-111212,Bullish Reversal
2024-07-16,24734,157207,4471.0,25732.0,280941,-132473,Bearish
2024-07-23,24087,185690,-647.0,28483.0,315684,-161603,Bearish
2024-07-30,23726,219989,-361.0,34299.0,351856,-196263,Bearish
2024-08-06,21993,203625,-1733.0,-16364.0,335120,-181632,Bullish Reversal
2024-08-13,20668,200279,-1325.0,-3346.0,323167,-179611,Bullish Reversal
2024-08-20,19528,183938,-1140.0,-16341.0,314073,-164410,Bullish Reversal
2024-08-27,19325,129327,-203.0,-54611.0,296041,-110002,Bullish Reversal
2024-09-03,31460,100004,12135.0,-29323.0,255897,-68544,Bullish Reversal
2024-09-10,23773,92726,-7687.0,-7278.0,251209,-68953,Bearish Reversal
2024-09-17,21464,94614,-2309.0,1888.0,256538,-73150,Bearish
2024-09-24,25305,90894,3841.0,-3720.0,213164,-65589,Bullish Reversal
2024-10-01,25151,95154,-154.0,4260.0,216044,-70003,Bearish
2024-10-08,21643,110794,-3508.0,15640.0,224645,-89151,Bearish
2024-10-15,36718,159111,15075.0,48317.0,296537,-122393,Bearish
2024-10-22,28439,169070,-8279.0,9959.0,308279,-140631,Bearish
2024-10-29,27399,194898,-1040.0,25828.0,329945,-167499,Bearish
2024-11-05,26816,202045,-583.0,7147.0,336467,-175229,Bearish
2024-11-12,22011,204400,-4805.0,2355.0,342557,-182389,Bearish
2024-11-19,23904,207470,1893.0,3070.0,348354,-183566,Bearish
2024-11-26,21281,175283,-2623.0,-32187.0,322420,-154002,Bullish Reversal
2024-12-03,21696,181042,415.0,5759.0,324325,-159346,Bearish
2024-12-10,29034,210588,7338.0,29546.0,408181,-181554,Bearish
2024-12-17,19170,201225,-9864.0,-9363.0,485592,-182055,Bearish
2024-12-24,13502,190222,-5668.0,-11003.0,345942,-176720,Bullish Reversal
2024-12-31,20884,196592,7382.0,6370.0,353686,-175708,Bullish
2025-01-07,19114,197703,-1770.0,1111.0,357210,-178589,Bearish
2025-01-14,23031,190184,3917.0,-7519.0,350363,-167153,Bullish Reversal
2025-01-21,19503,170290,-3528.0,-19894.0,331635,-150787,Bullish Reversal
2025-01-28,21219,168820,1716.0,-1470.0,331109,-147601,Bullish Reversal
2025-02-04,20421,180865,-798.0,12045.0,346984,-160444,Bearish
2025-02-11,17911,168745,-2510.0,-12120.0,326849,-150834,Bullish Reversal
2025-02-18,21276,165919,3365.0,-2826.0,323195,-144643,Bullish Reversal
2025-02-25,20523,158429,-753.0,-7490.0,319493,-137906,Bullish Reversal
2025-03-04,22175,165945,1652.0,7516.0,340218,-143770,Bearish
2025-03-11,19197,161607,-2978.0,-4338.0,339922,-142410,Bullish Reversal
2025-03-18,18089,154671,-1108.0,-6936.0,347932,-136582,Bullish
2025-03-25,17948,147482,-141.0,-7189.0,281126,-129534,Bullish Reversal
2025-04-01,17606,147622,-342.0,140.0,278330,-130016,Bearish Reversal
2025-04-08,16029,135270,-1577.0,-12352.0,258263,-119241,Bullish Reversal
2025-04-15,18265,102125,2236.0,-33145.0,249484,-83860,Bullish Reversal
2025-04-22,18357,85524,92.0,-16601.0,249643,-67167,Bullish
2025-04-29,16046,83251,-2311.0,-2273.0,249257,-67205,Bearish Reversal
2025-05-06,16677,87322,631.0,4071.0,255101,-70645,Bearish
2025-05-13,23250,105406,6573.0,18084.0,262803,-82156,Bearish
2025-05-20,22629,126490,-621.0,21084.0,266748,-103861,Bearish
2025-05-27,20418,124316,-2211.0,-2174.0,263232,-103898,Bearish Reversal
2025-06-03,18667,127113,-1751.0,2797.0,270041,-108446,Bearish
2025-06-10,19651,112794,984.0,-14319.0,288477,-93143,Bullish
2025-06-17,28154,94487,8503.0,-18307.0,294801,-66333,Bullish
2025-06-24,25267,78434,-2887.0,-16053.0,201194,-53167,Bullish Reversal
2025-07-01,22149,85601,-3118.0,7167.0,203485,-63452,Bearish
2025-07-08,20344,91952,-1805.0,6351.0,201326,-71608,Bearish Reversal
2025-07-15,21924,96018,1580.0,4066.0,202720,-74094,Bearish
2025-07-22,23086,93429,1162.0,-2589.0,200895,-70343,Bullish Reversal
2025-07-29,20884,97317,-2202.0,3888.0,201852,-76433,Bearish
2025-08-05,23589,103009,2705.0,5692.0,214849,-79420,Bearish
2025-08-12,20898,110975,-2691.0,7966.0,221109,-90077,Bearish
2025-08-19,19028,112107,-1870.0,1132.0,220859,-93079,Bearish Reversal
2025-08-26,20397,125412,1369.0,13305.0,227180,-105015,Bearish
2025-09-02,16584,125560,-3813.0,148.0,225322,-108976,Bearish Reversal
2025-09-09,18704,127621,2120.0,2061.0,249304,-108917,Bullish
2025-09-16,20975,128152,2271.0,531.0,266847,-107177,Bullish
2025-09-23,18035,132841,-2940.0,4689.0,212186,-114806,Bearish Reversal
2025-09-30,29920,149825,11885.0,16984.0,240191,-119905,Bearish
2025-10-07,29514,166232,-406.0,16407.0,261636,-136718,Bearish
2025-10-14,27162,164755,-2352.0,-1477.0,269924,-137593,Bearish
2025-10-21,28098,173206,936.0,8451.0,272419,-145108,Bearish
2025-10-28,28366,178410,268.0,5204.0,278750,-150044,Bearish
2025-11-04,27186,186698,-1180.0,8288.0,292964,-159512,Bearish
2025-11-10,23151,180786,-4035.0,-5912.0,289605,-157635,Bullish Reversal
2025-11-18,24252,173351,1101.0,-7435.0,278400,-149099,Bullish Reversal
2025-11-25,21438,171852,-2814.0,-1499.0,280112,-150414,Bearish
2025-12-02,19047,169094,-2391.0,-2758.0,274997,-150047,Bullish Reversal
2025-12-09,15794,146394,-3253.0,-22700.0,251868,-130600,Bullish Reversal
2025-12-16,25653,112293,9859.0,-34101.0,244427,-86640,Bullish Reversal
2025-12-23,41739,97532,16086.0,-14761.0,197138,-55793,Bullish Reversal
2025-12-30,52787,93298,11048.0,-4234.0,211171,-40511,Bullish
2026-01-06,56931,97516,4144.0,4218.0,218740,-40585,Bearish
2026-01-13,62705,104955,5774.0,7439.0,219263,-42250,Bearish
2026-01-20,59456,101241,-3249.0,-3714.0,213597,-41785,Bullish Reversal
2026-01-27,77169,93215,17713.0,-8026.0,227204,-16046,Bullish
2026-02-03,77397,75267,228.0,-17948.0,216252,2130,Bullish Reversal
2026-02-10,84554,71278,7157.0,-3989.0,215037,13276,Bullish Reversal
2026-02-17,89601,63775,5047.0,-7503.0,218415,25826,Bullish
2026-02-24,92812,65234,3211.0,1459.0,222562,27578,Bullish
2026-03-03,94008,72958,1196.0,7724.0,232433,21050,Bearish
2026-03-10,93899,57740,-109.0,-15218.0,288392,36159,Bullish
2026-03-17,66507,65621,-27392.0,7881.0,247753,886,Bearish Reversal
2026-03-24,62382,63984,-4125.0,-1637.0,182798,-1602,Bearish Reversal
2026-03-31,56421,89105,-5961.0,25121.0,217085,-32684,Bearish
2026-04-07,60714,116362,4293.0,27257.0,240735,-55648,Bearish
2026-04-14,54249,132521,-6465.0,16159.0,259258,-78272,Bearish
2026-04-21,60889,119723,6640.0,-12798.0,255128,-58834,Bullish Reversal
2026-04-28,66517,104993,5628.0,-14730.0,252679,-38476,Bullish Reversal
2026-05-05,73650,88309,7133.0,-16684.0,243793,-14659,Bullish Reversal
2026-05-12,77042,93284,3392.0,4975.0,251467,-16242,Bearish
2026-05-19,72674,103905,-4368.0,10621.0,292877,-31231,Bearish
2026-05-26,53676,122558,-18998.0,18653.0,297944,-68882,Bearish
2026-06-02,37723,131834,-15953.0,9276.0,305869,-94111,Bearish
2026-06-09,37944,157943,221.0,26109.0,383773,-119999,Bearish
2026-06-16,39686,172587,1742.0,14644.0,492468,-132901,Bearish
2026-06-23,39429,186221,-257.0,13634.0,342860,-146792,Bearish Reversal
2026-06-30,37989,188795,-1440.0,2574.0,346500,-150806,Bearish
2026-07-07,31566,204692,-6423.0,15897.0,363847,-173126,Bearish
2026-07-14,29712,205991,-1854.0,1299.0,368792,-176279,Bearish
2026-07-21,27007,201455,-2705.0,-4536.0,365599,-174448,Bullish Reversal
2026-07-28,22500,198810,-4507.0,-2645.0,372447,-176310,Bearish
2026-08-04,13514,192609,-8986.0,-6201.0,365083,-179095,Bearish Reversal
2026-08-11,12854,186216,-660.0,-6393.0,364104,-173362,Bullish Reversal
2026-08-18,22985,181151,10131.0,-5065.0,359585,-158166,Bullish Reversal
2026-08-25,36266,157788,13281.0,-23363.0,329544,-121522,Bullish Reversal
2026-09-01,36262,144405,-4.0,-13383.0,334800,-108143,Bullish
2026-09-08,54444,124943,18182.0,-19462.0,334861,-70499,Bullish
2026-09-15,73950,111527,19506.0,-13416.0,358186,-37577,Bullish
2026-09-22,86030,139240,12080.0,27713.0,311085,-53210,Bearish Reversal
2026-09-29,85047,163718,-983.0,24478.0,347274,-78671,Bearish
