As of Date in Form YYYY-MM-DD,Noncommercial Positions-Long (All),Noncommercial Positions-Short (All),Change in Noncommercial-Long (All),Change in Noncommercial-Short (All),Open Interest (All),Net Positions,Interpretation
1986-01-15,18589,7706,,,148186,10883,No signal
1986-01-31,15364,9303,-3225.0,1597.0,144149,6061,Bearish Reversal
1986-02-14,5457,12229,-9907.0,2926.0,139995,-6772,Bearish Reversal
1986-02-28,7991,12222,2534.0,-7.0,143752,-4231,Bullish
1986-03-14,12637,11015,4646.0,-1207.0,142868,1622,Bullish Reversal
1986-03-31,9817,11406,-2820.0,391.0,136568,-1589,Bearish Reversal
1986-04-15,6805,20416,-3012.0,9010.0,138825,-13611,Bearish
1986-04-30,8159,10519,1354.0,-9897.0,132088,-2360,Bullish Reversal
1986-05-15,4649,10375,-3510.0,-144.0,132147,-5726,Bearish
1986-05-30,4982,13683,333.0,3308.0,115038,-8701,Bearish Reversal
1986-06-13,11657,10839,6675.0,-2844.0,115960,818,Bullish
1986-06-30,5361,13631,-6296.0,2792.0,120954,-8270,Bearish
1986-07-15,6735,11983,1374.0,-1648.0,121925,-5248,Bullish
1986-07-31,18617,9540,11882.0,-2443.0,125988,9077,Bullish
1986-08-15,23234,10589,4617.0,1049.0,134903,12645,Bullish
1986-08-29,23229,10291,-5.0,-298.0,136959,12938,Bullish
1986-09-15,24807,10423,1578.0,132.0,149809,14384,Bullish
1986-09-30,22421,7840,-2386.0,-2583.0,136574,14581,Bullish Reversal
1986-10-15,21274,10239,-1147.0,2399.0,147411,11035,Bearish
1986-10-31,12673,9373,-8601.0,-866.0,146778,3300,Bearish Reversal
1986-11-14,15816,11905,3143.0,2532.0,150800,3911,Bullish
1986-11-28,10148,8849,-5668.0,-3056.0,131679,1299,Bearish Reversal
1986-12-15,13089,11027,2941.0,2178.0,134005,2062,Bullish
1986-12-31,9405,8347,-3684.0,-2680.0,140744,1058,Bearish
1987-01-15,14063,8147,4658.0,-200.0,139318,5916,Bullish Reversal
1987-01-30,13453,9022,-610.0,875.0,130078,4431,Bearish Reversal
1987-02-13,7705,14024,-5748.0,5002.0,138130,-6319,Bearish
1987-02-27,7349,12273,-356.0,-1751.0,140016,-4924,Bullish
1987-03-13,10654,10265,3305.0,-2008.0,145109,389,Bullish
1987-03-31,18464,10076,7810.0,-189.0,156832,8388,Bullish
1987-04-15,27260,9006,8796.0,-1070.0,171395,18254,Bullish
1987-04-30,24684,12933,-2576.0,3927.0,175437,11751,Bearish
1987-05-15,32997,6294,8313.0,-6639.0,170819,26703,Bullish Reversal
1987-05-29,24267,8705,-8730.0,2411.0,150964,15562,Bearish Reversal
1987-06-15,20380,11899,-3887.0,3194.0,149219,8481,Bearish Reversal
1987-06-30,15476,11621,-4904.0,-278.0,146960,3855,Bearish Reversal
1987-06-30,0,19,,,5100,-19,No signal
1987-07-15,16101,7483,625.0,-4138.0,146076,8618,Bullish Reversal
1987-07-15,0,239,0.0,220.0,6597,-239,Bearish
1987-07-31,23945,6857,7844.0,-626.0,150523,17088,Bullish
1987-07-31,380,0,380.0,-239.0,7104,380,Bearish
1987-08-14,18612,10402,-5333.0,3545.0,150693,8210,Bullish
1987-08-14,360,0,-20.0,0.0,3402,360,Bearish Reversal
1987-08-31,16503,15979,-2109.0,5577.0,148815,524,Bullish Reversal
1987-08-31,361,0,1.0,0.0,3309,361,Bearish Reversal
1987-09-15,16196,12249,-307.0,-3730.0,146895,3947,Bullish Reversal
1987-09-15,0,0,-361.0,0.0,3241,0,Bearish Reversal
1987-09-30,17083,9981,887.0,-2268.0,142634,7102,Bullish Reversal
1987-09-30,0,0,0.0,0.0,2536,0,Bearish Reversal
1987-10-15,19848,7101,2765.0,-2880.0,143498,12747,Bullish
1987-10-15,0,300,0.0,300.0,2322,-300,Bearish Reversal
1987-10-30,15243,9416,-4605.0,2315.0,133422,5827,Bullish Reversal
1987-10-30,0,305,0.0,5.0,2268,-305,Bearish Reversal
1987-11-13,10867,9427,-4376.0,11.0,132803,1440,Bullish Reversal
1987-11-13,0,0,0.0,-305.0,2098,0,Bearish Reversal
1987-11-30,24270,8453,13403.0,-974.0,152206,15817,Bullish
1987-12-15,20912,9291,-3358.0,838.0,158831,11621,Bearish
1987-12-31,14523,9354,-6389.0,63.0,150106,5169,Bearish Reversal
1988-01-15,13275,9794,-1248.0,440.0,146350,3481,Bearish Reversal
1988-01-29,9803,19037,-3472.0,9243.0,146192,-9234,Bearish Reversal
1988-02-12,3759,26630,-6044.0,7593.0,150569,-22871,Bearish
1988-02-29,4067,29807,308.0,3177.0,158223,-25740,Bearish
1988-03-15,6054,23501,1987.0,-6306.0,161792,-17447,Bullish
1988-03-31,5401,24023,-653.0,522.0,148310,-18622,Bearish Reversal
1988-04-15,5491,24441,90.0,418.0,156961,-18950,Bearish
1988-04-29,2580,19679,-2911.0,-4762.0,154184,-17099,Bullish Reversal
1988-05-13,4835,13402,2255.0,-6277.0,153681,-8567,Bullish Reversal
1988-05-31,8320,11067,3485.0,-2335.0,146461,-2747,Bullish Reversal
1988-06-15,7185,10455,-1135.0,-612.0,142022,-3270,Bearish Reversal
1988-06-30,4658,23026,-2527.0,12571.0,151645,-18368,Bearish
1988-07-15,8779,22871,4121.0,-155.0,149809,-14092,Bullish Reversal
1988-07-29,3850,18769,-4929.0,-4102.0,139382,-14919,Bearish Reversal
1988-08-15,4761,18548,911.0,-221.0,139252,-13787,Bullish Reversal
1988-08-31,4905,18415,144.0,-133.0,142631,-13510,Bullish
1988-09-15,3567,27502,-1338.0,9087.0,155243,-23935,Bearish
1988-09-30,4427,33064,860.0,5562.0,156546,-28637,Bearish
1988-10-14,4517,33787,90.0,723.0,159467,-29270,Bearish
1988-10-31,4381,31358,-136.0,-2429.0,160894,-26977,Bullish
1988-11-15,8125,15896,3744.0,-15462.0,148897,-7771,Bullish Reversal
1988-11-30,5517,17263,-2608.0,1367.0,148286,-11746,Bearish Reversal
1988-12-15,5445,17648,-72.0,385.0,145811,-12203,Bearish Reversal
1988-12-30,282,2500,9.0,2500.0,2777,-2218,Bullish
1988-12-30,6837,21800,1392.0,4152.0,152731,-14963,Bearish
1989-01-13,5233,29394,-1604.0,7594.0,163937,-24161,Bearish
1989-01-31,1054,2000,1054.0,-1500.0,2999,-946,Bullish Reversal
1989-01-31,5009,37911,-224.0,8517.0,170221,-32902,Bearish
1989-02-15,1057,0,3.0,-2000.0,1869,1057,Bullish Reversal
1989-02-15,5828,32830,819.0,-5081.0,168943,-27002,Bearish Reversal
1989-02-28,1072,0,15.0,0.0,1906,1072,Bullish
1989-02-28,4394,32432,-1434.0,-398.0,165774,-28038,Bearish Reversal
1989-03-15,6347,25675,1953.0,-6757.0,165615,-19328,Bullish Reversal
1989-03-31,3422,33947,-2925.0,8272.0,163649,-30525,Bearish Reversal
1989-04-14,6079,29001,2657.0,-4946.0,158340,-22922,Bullish Reversal
1989-04-28,2448,32920,-3631.0,3919.0,168488,-30472,Bearish
1989-05-15,6010,30245,3562.0,-2675.0,188114,-24235,Bullish
1989-05-31,3414,28885,-2596.0,-1360.0,179513,-25471,Bearish Reversal
1989-06-15,5891,24023,2477.0,-4862.0,163699,-18132,Bullish Reversal
1989-06-30,8381,21462,2490.0,-2561.0,157858,-13081,Bullish Reversal
1989-07-14,7662,19453,-719.0,-2009.0,154241,-11791,Bullish Reversal
1989-07-31,3696,18587,-3966.0,-866.0,148279,-14891,Bearish Reversal
1989-08-15,6197,20394,2501.0,1807.0,147488,-14197,Bullish Reversal
1989-08-31,3477,28851,-2720.0,8457.0,156595,-25374,Bearish
1989-09-15,10113,23924,6636.0,-4927.0,154493,-13811,Bullish Reversal
1989-09-29,5134,16802,-4979.0,-7122.0,147468,-11668,Bullish Reversal
1989-10-13,3906,20467,-1228.0,3665.0,143681,-16561,Bearish Reversal
1989-10-31,15567,12768,11661.0,-7699.0,151142,2799,Bullish
1989-11-15,22440,9204,6873.0,-3564.0,153379,13236,Bullish
1989-11-30,28985,11049,6545.0,1845.0,147759,17936,Bullish Reversal
1989-12-15,30438,8513,1453.0,-2536.0,156019,21925,Bullish
1989-12-29,22982,8581,-7456.0,68.0,150931,14401,Bearish Reversal
1990-01-15,21782,5238,-1200.0,-3343.0,149393,16544,Bullish Reversal
1990-01-31,13694,7321,-8088.0,2083.0,131994,6373,Bearish Reversal
1990-02-15,20315,5565,6621.0,-1756.0,130564,14750,Bullish Reversal
1990-02-28,11965,8989,-8350.0,3424.0,121920,2976,Bearish Reversal
1990-03-15,13967,18303,2002.0,9314.0,132871,-4336,Bearish
1990-03-30,9414,21463,-4553.0,3160.0,116812,-12049,Bearish Reversal
1990-04-12,7110,21181,-2304.0,-282.0,118177,-14071,Bearish
1990-04-30,6364,20632,-746.0,-549.0,123601,-14268,Bearish
1990-05-15,5297,19403,-1067.0,-1229.0,118492,-14106,Bullish Reversal
1990-05-31,5233,18710,-64.0,-693.0,104625,-13477,Bullish Reversal
1990-06-15,4110,26452,-1123.0,7742.0,117247,-22342,Bearish
1990-06-29,4316,20190,206.0,-6262.0,112142,-15874,Bullish Reversal
1990-07-13,5878,15214,1562.0,-4976.0,107275,-9336,Bullish Reversal
1990-07-31,8016,5875,2138.0,-9339.0,98923,2141,Bullish Reversal
1990-08-15,23830,7522,15814.0,1647.0,125895,16308,Bullish
1990-08-31,20892,10597,-2938.0,3075.0,123147,10295,Bearish Reversal
1990-09-14,13775,7718,-7117.0,-2879.0,113077,6057,Bearish Reversal
1990-09-28,24684,3187,10909.0,-4531.0,116620,21497,Bullish
1990-10-15,17794,9063,-6890.0,5876.0,116656,8731,Bearish
1990-10-31,10974,9392,-6820.0,329.0,114534,1582,Bearish Reversal
1990-11-15,5893,8204,-5081.0,-1188.0,111194,-2311,Bearish Reversal
1990-11-30,7264,6135,1371.0,-2069.0,101946,1129,Bullish Reversal
1990-12-14,4781,10532,-2483.0,4397.0,111586,-5751,Bearish
1990-12-31,9228,4426,4447.0,-6106.0,107610,4802,Bullish Reversal
1991-01-15,17648,6122,8420.0,1696.0,118173,11526,Bullish
1991-01-31,2044,14302,-15604.0,8180.0,93496,-12258,Bearish Reversal
1991-02-15,2515,16880,471.0,2578.0,95750,-14365,Bearish
1991-02-28,1612,16447,-903.0,-433.0,98025,-14835,Bearish
1991-03-15,3111,14868,1499.0,-1579.0,98708,-11757,Bullish
1991-03-28,1724,21208,-1387.0,6340.0,102541,-19484,Bearish
1991-04-15,4002,18163,2278.0,-3045.0,97290,-14161,Bullish Reversal
1991-04-30,4300,25710,298.0,7547.0,108217,-21410,Bearish
1991-05-15,6949,17450,2649.0,-8260.0,99903,-10501,Bullish Reversal
1991-05-31,8125,17440,1176.0,-10.0,91485,-9315,Bullish Reversal
1991-06-14,19823,11956,11698.0,-5484.0,91953,7867,Bullish
1991-06-28,18540,9247,-1283.0,-2709.0,87349,9293,Bullish Reversal
1991-07-15,19663,9095,1123.0,-152.0,95164,10568,Bullish
1991-07-31,12649,15454,-7014.0,6359.0,87490,-2805,Bearish Reversal
1991-08-15,12421,27321,-228.0,11867.0,101756,-14900,Bearish
1991-08-30,7227,31854,-5194.0,4533.0,107993,-24627,Bearish
1991-09-16,7736,29869,509.0,-1985.0,107449,-22133,Bullish Reversal
1991-09-30,9403,20755,1667.0,-9114.0,97904,-11352,Bullish Reversal
1991-10-15,11464,9834,2061.0,-10921.0,92152,1630,Bullish Reversal
1991-10-31,13595,10032,2131.0,198.0,100311,3563,Bullish
1991-11-15,10191,13131,-3404.0,3099.0,103034,-2940,Bearish
1991-11-29,32242,4002,22051.0,-9129.0,115496,28240,Bullish
1991-12-13,16792,6313,-15450.0,2311.0,103659,10479,Bearish Reversal
1991-12-31,9018,13620,-7774.0,7307.0,114144,-4602,Bearish
1992-01-15,11190,15685,2172.0,2065.0,104052,-4495,Bullish Reversal
1992-01-31,13351,12438,2161.0,-3247.0,102940,913,Bullish Reversal
1992-02-14,13917,13429,566.0,991.0,100473,488,Bearish Reversal
1992-02-28,12912,19139,-1005.0,5710.0,102931,-6227,Bearish
1992-03-13,11724,26279,-1188.0,7140.0,113645,-14555,Bearish
1992-03-31,10876,23488,-848.0,-2791.0,103658,-12612,Bullish Reversal
1992-04-15,4260,29372,-6616.0,5884.0,109312,-25112,Bearish
1992-04-30,9025,27004,4765.0,-2368.0,113724,-17979,Bullish
1992-05-15,10494,18809,1469.0,-8195.0,109747,-8315,Bullish Reversal
1992-05-29,6295,22164,-4199.0,3355.0,102788,-15869,Bearish Reversal
1992-06-15,16252,9864,9957.0,-12300.0,103229,6388,Bullish
1992-06-30,13062,9401,-3190.0,-463.0,91162,3661,Bearish Reversal
1992-07-15,29782,5632,16720.0,-3769.0,111763,24150,Bullish
1992-07-31,32345,6932,2563.0,1300.0,112384,25413,Bullish
1992-08-14,6668,19887,-25677.0,12955.0,102784,-13219,Bearish Reversal
1992-08-31,6194,19845,-474.0,-42.0,99349,-13651,Bearish Reversal
1992-09-15,5167,13592,-1027.0,-6253.0,100717,-8425,Bullish
1992-09-30,6206,8706,1039.0,-4886.0,99191,-2500,Bullish Reversal
1992-10-06,6573,8550,367.0,-156.0,101946,-1977,Bullish
1992-10-13,5552,10250,-1021.0,1700.0,101717,-4698,Bearish Reversal
1992-10-20,3774,12210,-1778.0,1960.0,99420,-8436,Bearish Reversal
1992-10-27,3248,18553,-526.0,6343.0,108776,-15305,Bearish
1992-11-03,3350,20778,102.0,2225.0,106734,-17428,Bearish Reversal
1992-11-10,5307,27347,1957.0,6569.0,116747,-22040,Bearish
1992-11-17,4157,25377,-1150.0,-1970.0,112935,-21220,Bullish Reversal
1992-11-24,3396,23825,-761.0,-1552.0,108774,-20429,Bullish Reversal
1992-12-01,2612,24775,-784.0,950.0,98384,-22163,Bearish Reversal
1992-12-08,3555,22253,943.0,-2522.0,96886,-18698,Bullish Reversal
1992-12-15,3231,22110,-324.0,-143.0,99913,-18879,Bearish
1992-12-22,6638,21541,3407.0,-569.0,103836,-14903,Bullish
1992-12-29,5600,24445,-1038.0,2904.0,107682,-18845,Bearish
1993-01-05,5051,26772,-549.0,2327.0,113329,-21721,Bearish
1993-01-12,3937,31804,-1114.0,5032.0,113657,-27867,Bearish
1993-01-19,3271,31316,-666.0,-488.0,115828,-28045,Bearish
1993-01-26,3778,25046,507.0,-6270.0,109548,-21268,Bullish Reversal
1993-02-02,4374,22919,596.0,-2127.0,104396,-18545,Bullish Reversal
1993-02-09,4978,23564,604.0,645.0,113003,-18586,Bearish
1993-02-16,6559,17211,1581.0,-6353.0,111624,-10652,Bullish Reversal
1993-02-23,6419,15221,-140.0,-1990.0,108001,-8802,Bullish Reversal
1993-03-02,5831,19213,-588.0,3992.0,109864,-13382,Bearish
1993-03-09,5010,29273,-821.0,10060.0,118364,-24263,Bearish
1993-03-16,10013,25153,5003.0,-4120.0,118169,-15140,Bullish Reversal
1993-03-23,16471,14010,6458.0,-11143.0,112481,2461,Bullish Reversal
1993-03-30,32032,9314,15561.0,-4696.0,127614,22718,Bullish
1993-04-06,44080,3972,12048.0,-5342.0,134202,40108,Bullish
1993-04-13,44184,3174,104.0,-798.0,134188,41010,Bullish Reversal
1993-04-20,43522,7029,-662.0,3855.0,137431,36493,Bearish
1993-04-27,57655,7490,14133.0,461.0,156996,50165,Bullish
1993-05-04,65914,9316,8259.0,1826.0,164403,56598,Bullish
1993-05-11,65778,11210,-136.0,1894.0,167088,54568,Bearish
1993-05-18,73031,5758,7253.0,-5452.0,178417,67273,Bullish
1993-05-25,61808,8643,-11223.0,2885.0,174530,53165,Bearish Reversal
1993-06-01,61163,10146,-645.0,1503.0,175145,51017,Bearish
1993-06-08,56205,9226,-4958.0,-920.0,171089,46979,Bearish Reversal
1993-06-15,49164,10595,-7041.0,1369.0,164461,38569,Bearish Reversal
1993-06-22,54439,11130,5275.0,535.0,167368,43309,Bullish
1993-06-29,60965,12036,6526.0,906.0,174697,48929,Bullish
1993-07-06,73775,17138,12810.0,5102.0,199471,56637,Bullish
1993-07-13,76537,13336,2762.0,-3802.0,204057,63201,Bullish
1993-07-20,74337,9855,-2200.0,-3481.0,204642,64482,Bullish
1993-07-27,69330,10481,-5007.0,626.0,197704,58849,Bearish Reversal
1993-08-03,82076,12479,12746.0,1998.0,206869,69597,Bullish
1993-08-10,55725,13359,-26351.0,880.0,176847,42366,Bearish Reversal
1993-08-17,41868,12872,-13857.0,-487.0,172814,28996,Bearish Reversal
1993-08-24,44404,11738,2536.0,-1134.0,172556,32666,Bullish Reversal
1993-08-31,48894,12805,4490.0,1067.0,175913,36089,Bullish
1993-09-07,45493,18741,-3401.0,5936.0,179032,26752,Bearish
1993-09-14,38360,17840,-7133.0,-901.0,171512,20520,Bearish Reversal
1993-09-21,32735,16165,-5625.0,-1675.0,159931,16570,Bearish Reversal
1993-09-28,31272,15137,-1463.0,-1028.0,154198,16135,Bearish Reversal
1993-10-05,29815,16588,-1457.0,1451.0,151216,13227,Bearish Reversal
1993-10-12,36607,10716,6792.0,-5872.0,151204,25891,Bullish Reversal
1993-10-19,37249,9111,642.0,-1605.0,149633,28138,Bullish Reversal
1993-10-26,41405,10361,4156.0,1250.0,154785,31044,Bullish
1993-11-02,37080,11946,-4325.0,1585.0,146843,25134,Bearish Reversal
1993-11-09,44920,13504,7840.0,1558.0,154670,31416,Bullish
1993-11-16,41735,6983,-3185.0,-6521.0,151618,34752,Bullish Reversal
1993-11-23,42924,7011,1189.0,28.0,154281,35913,Bullish
1993-11-30,35713,11162,-7211.0,4151.0,147175,24551,Bearish Reversal
1993-12-07,40747,8594,5034.0,-2568.0,142524,32153,Bullish Reversal
1993-12-14,52864,7980,12117.0,-614.0,156428,44884,Bullish
1993-12-21,53916,8322,1052.0,342.0,159335,45594,Bullish
1993-12-28,54009,8224,93.0,-98.0,159847,45785,Bullish
1994-01-04,59294,9532,5285.0,1308.0,170497,49762,Bullish
1994-01-11,50144,8811,-9150.0,-721.0,157271,41333,Bearish Reversal
1994-01-18,51621,6893,1477.0,-1918.0,159083,44728,Bullish
1994-01-25,38287,9784,-13334.0,2891.0,147945,28503,Bearish Reversal
1994-02-01,35258,14480,-3029.0,4696.0,134302,20778,Bearish Reversal
1994-02-08,34704,14233,-554.0,-247.0,136106,20471,Bearish
1994-02-15,34398,13788,-306.0,-445.0,140211,20610,Bullish
1994-02-22,30012,17832,-4386.0,4044.0,139965,12180,Bearish Reversal
1994-03-01,33205,25729,3193.0,7897.0,148260,7476,Bearish
1994-03-08,28210,27146,-4995.0,1417.0,146116,1064,Bearish Reversal
1994-03-15,35954,15216,7744.0,-11930.0,142387,20738,Bullish Reversal
1994-03-22,37614,15374,1660.0,158.0,147001,22240,Bullish
1994-03-29,39949,16234,2335.0,860.0,147441,23715,Bullish
1994-04-05,35281,17876,-4668.0,1642.0,138683,17405,Bearish Reversal
1994-04-12,30231,27193,-5050.0,9317.0,140190,3038,Bearish
1994-04-19,25666,42487,-4565.0,15294.0,150065,-16821,Bearish
1994-04-26,21360,48075,-4306.0,5588.0,149682,-26715,Bearish Reversal
1994-05-03,23855,49230,2495.0,1155.0,150507,-25375,Bullish
1994-05-10,25958,34299,2103.0,-14931.0,142039,-8341,Bullish Reversal
1994-05-17,30099,32281,4141.0,-2018.0,144784,-2182,Bullish
1994-05-24,37509,29218,7410.0,-3063.0,154408,8291,Bullish
1994-05-31,45219,23705,7710.0,-5513.0,148143,21514,Bullish Reversal
1994-06-07,31353,25920,-13866.0,2215.0,136615,5433,Bearish Reversal
1994-06-14,33843,23618,2490.0,-2302.0,138822,10225,Bullish
1994-06-21,55391,21845,21548.0,-1773.0,161383,33546,Bullish
1994-06-28,39328,23394,-16063.0,1549.0,148851,15934,Bearish Reversal
1994-07-05,36631,23603,-2697.0,209.0,146005,13028,Bearish Reversal
1994-07-12,32962,23307,-3669.0,-296.0,145019,9655,Bearish Reversal
1994-07-19,33006,22995,44.0,-312.0,153041,10011,Bullish
1994-07-26,34041,22650,1035.0,-345.0,149109,11391,Bullish Reversal
1994-08-02,33034,37935,-1007.0,15285.0,145660,-4901,Bearish Reversal
1994-08-09,32524,46074,-510.0,8139.0,155058,-13550,Bearish
1994-08-16,27649,45377,-4875.0,-697.0,160298,-17728,Bearish
1994-08-23,30405,38306,2756.0,-7071.0,156684,-7901,Bullish Reversal
1994-08-30,38628,23584,8223.0,-14722.0,156676,15044,Bullish Reversal
1994-09-06,40107,21267,1479.0,-2317.0,157364,18840,Bullish
1994-09-13,42907,11099,2800.0,-10168.0,159123,31808,Bullish
1994-09-20,58124,11079,15217.0,-20.0,174646,47045,Bullish
1994-09-27,66886,8688,8762.0,-2391.0,184697,58198,Bullish
1994-10-04,66676,9236,-210.0,548.0,188054,57440,Bearish
1994-10-11,38255,10971,-28421.0,1735.0,164252,27284,Bearish Reversal
1994-10-18,32979,15993,-5276.0,5022.0,156161,16986,Bearish Reversal
1994-10-25,35388,13717,2409.0,-2276.0,157554,21671,Bullish
1994-11-01,30039,37703,-5349.0,23986.0,163943,-7664,Bearish
1994-11-08,30702,41118,663.0,3415.0,166608,-10416,Bearish
1994-11-15,26522,41122,-4180.0,4.0,166090,-14600,Bearish Reversal
1994-11-22,23152,37251,-3370.0,-3871.0,170691,-14099,Bullish
1994-11-29,19279,39679,-3873.0,2428.0,172690,-20400,Bearish
1994-12-06,14632,59710,-4647.0,20031.0,180619,-45078,Bearish
1994-12-13,14093,60972,-539.0,1262.0,179346,-46879,Bearish Reversal
1994-12-20,14095,54202,2.0,-6770.0,175686,-40107,Bullish Reversal
1994-12-27,13482,53710,-613.0,-492.0,179759,-40228,Bearish
1995-01-03,13004,47070,-478.0,-6640.0,178399,-34066,Bullish Reversal
1995-01-10,14517,64096,1513.0,17026.0,196271,-49579,Bearish
1995-01-17,15750,53584,1233.0,-10512.0,188429,-37834,Bullish Reversal
1995-01-24,16319,38233,569.0,-15351.0,175858,-21914,Bullish Reversal
1995-01-31,14708,45288,-1611.0,7055.0,171777,-30580,Bearish Reversal
1995-02-07,15943,47046,1235.0,1758.0,172009,-31103,Bearish
1995-02-14,15637,44891,-306.0,-2155.0,171401,-29254,Bullish Reversal
1995-02-21,15597,39363,-40.0,-5528.0,169377,-23766,Bullish Reversal
1995-02-28,14603,43836,-994.0,4473.0,174285,-29233,Bearish
1995-03-07,15813,25347,1210.0,-18489.0,168151,-9534,Bullish Reversal
1995-03-14,19918,12967,4105.0,-12380.0,167938,6951,Bullish Reversal
1995-03-21,15352,11719,-4566.0,-1248.0,168138,3633,Bearish
1995-03-28,12659,11818,-2693.0,99.0,162245,841,Bearish Reversal
1995-04-04,39871,6180,27212.0,-5638.0,187495,33691,Bullish
1995-04-11,43265,6820,3394.0,640.0,191233,36445,Bullish
1995-04-18,44945,6259,1680.0,-561.0,198168,38686,Bullish
1995-04-25,42702,6829,-2243.0,570.0,196084,35873,Bearish Reversal
1995-05-02,25653,6962,-17049.0,133.0,177178,18691,Bearish Reversal
1995-05-09,12615,13750,-13038.0,6788.0,170206,-1135,Bearish Reversal
1995-05-16,13179,19220,564.0,5470.0,173860,-6041,Bearish
1995-05-23,11361,21878,-1818.0,2658.0,181812,-10517,Bearish
1995-05-30,11716,17770,355.0,-4108.0,159456,-6054,Bullish Reversal
1995-06-06,13907,18187,2191.0,417.0,170887,-4280,Bullish
1995-06-13,17242,12814,3335.0,-5373.0,164848,4428,Bullish Reversal
1995-06-20,33046,6879,15804.0,-5935.0,183209,26167,Bullish
1995-06-27,29025,7584,-4021.0,705.0,177052,21441,Bearish Reversal
1995-07-03,18389,21962,-10636.0,14378.0,175928,-3573,Bearish Reversal
1995-07-11,14673,26780,-3716.0,4818.0,184850,-12107,Bearish
1995-07-18,20360,12480,5687.0,-14300.0,171900,7880,Bullish Reversal
1995-07-25,16627,14624,-3733.0,2144.0,168448,2003,Bearish Reversal
1995-08-01,13084,40233,-3543.0,25609.0,170099,-27149,Bearish
1995-08-08,15272,46262,2188.0,6029.0,177811,-30990,Bearish
1995-08-15,14838,32053,-434.0,-14209.0,173296,-17215,Bullish Reversal
1995-08-22,12195,45313,-2643.0,13260.0,175852,-33118,Bearish
1995-08-29,11333,47660,-862.0,2347.0,177422,-36327,Bearish
1995-09-05,12639,53989,1306.0,6329.0,183988,-41350,Bearish
1995-09-12,15444,44478,2805.0,-9511.0,186741,-29034,Bullish
1995-09-19,16915,38672,1471.0,-5806.0,188070,-21757,Bullish
1995-09-26,14513,41360,-2402.0,2688.0,184643,-26847,Bearish Reversal
1995-10-03,13167,44756,-1346.0,3396.0,180193,-31589,Bearish Reversal
1995-10-10,15392,40580,2225.0,-4176.0,180595,-25188,Bullish
1995-10-17,13493,41915,-1899.0,1335.0,181415,-28422,Bearish
1995-10-24,13266,54685,-227.0,12770.0,191143,-41419,Bearish
1995-10-31,14314,52940,1048.0,-1745.0,192942,-38626,Bullish
1995-11-07,15493,41697,1179.0,-11243.0,187463,-26204,Bullish Reversal
1995-11-14,23423,15186,7930.0,-26511.0,172130,8237,Bullish Reversal
1995-11-21,17247,14347,-6176.0,-839.0,155570,2900,Bearish Reversal
1995-11-28,14863,17285,-2384.0,2938.0,150937,-2422,Bearish Reversal
1995-12-05,15236,15528,373.0,-1757.0,139049,-292,Bullish Reversal
1995-12-12,24462,13377,9226.0,-2151.0,144601,11085,Bullish
1995-12-19,16148,13121,-8314.0,-256.0,142709,3027,Bearish Reversal
1995-12-26,15493,13233,-655.0,112.0,141213,2260,Bearish Reversal
1996-01-02,22223,11829,6730.0,-1404.0,148656,10394,Bullish
1996-01-09,56064,6413,33841.0,-5416.0,196205,49651,Bullish
1996-01-16,64825,6689,8761.0,276.0,213033,58136,Bullish
1996-01-23,72631,3289,7806.0,-3400.0,226823,69342,Bullish
1996-01-30,73978,6284,1347.0,2995.0,223800,67694,Bearish Reversal
1996-02-06,72958,9113,-1020.0,2829.0,235728,63845,Bearish
1996-02-13,55477,6884,-17481.0,-2229.0,224779,48593,Bearish Reversal
1996-02-20,49123,8013,-6354.0,1129.0,221187,41110,Bearish Reversal
1996-02-27,44106,5830,-5017.0,-2183.0,220205,38276,Bearish Reversal
1996-03-05,32146,9856,-11960.0,4026.0,206708,22290,Bearish Reversal
1996-03-12,34232,9423,2086.0,-433.0,208236,24809,Bullish
1996-03-19,29171,12107,-5061.0,2684.0,197708,17064,Bearish Reversal
1996-03-26,39469,7768,10298.0,-4339.0,201147,31701,Bullish
1996-04-02,36397,11592,-3072.0,3824.0,189385,24805,Bearish Reversal
1996-04-09,42220,12257,5823.0,665.0,202031,29963,Bullish
1996-04-16,24271,17681,-17949.0,5424.0,201839,6590,Bearish Reversal
1996-04-23,24144,23597,-127.0,5916.0,203351,547,Bearish
1996-04-30,24448,25486,304.0,1889.0,206658,-1038,Bearish
1996-05-07,25875,21051,1427.0,-4435.0,201442,4824,Bullish Reversal
1996-05-14,23187,28223,-2688.0,7172.0,205744,-5036,Bearish
1996-05-21,23277,34180,90.0,5957.0,205874,-10903,Bearish
1996-05-28,23843,31809,566.0,-2371.0,202685,-7966,Bullish Reversal
1996-06-04,25230,37997,1387.0,6188.0,183865,-12767,Bearish Reversal
1996-06-11,16825,53384,-8405.0,15387.0,189544,-36559,Bearish
1996-06-18,18772,50728,1947.0,-2656.0,192486,-31956,Bullish
1996-06-25,18980,49010,208.0,-1718.0,194460,-30030,Bullish
1996-07-02,13499,52310,-5481.0,3300.0,196152,-38811,Bearish
1996-07-09,13856,49630,357.0,-2680.0,197471,-35774,Bullish
1996-07-16,10183,42189,-3673.0,-7441.0,187816,-32006,Bullish Reversal
1996-07-23,10760,38907,577.0,-3282.0,176128,-28147,Bullish Reversal
1996-07-30,11780,35384,1020.0,-3523.0,169384,-23604,Bullish Reversal
1996-08-06,14155,17964,2375.0,-17420.0,158371,-3809,Bullish Reversal
1996-08-13,13969,17399,-186.0,-565.0,160705,-3430,Bullish
1996-08-20,12948,19352,-1021.0,1953.0,157653,-6404,Bearish Reversal
1996-08-27,14313,16841,1365.0,-2511.0,160819,-2528,Bullish
1996-09-03,10839,27442,-3474.0,10601.0,162775,-16603,Bearish
1996-09-10,10988,58020,149.0,30578.0,186183,-47032,Bearish
1996-09-17,11628,63874,640.0,5854.0,191988,-52246,Bearish
1996-09-24,9958,65772,-1670.0,1898.0,189340,-55814,Bearish Reversal
1996-10-01,10856,69120,898.0,3348.0,197398,-58264,Bearish
1996-10-08,12001,66246,1145.0,-2874.0,193843,-54245,Bullish Reversal
1996-10-15,14657,65430,2656.0,-816.0,196753,-50773,Bullish
1996-10-22,12240,48255,-2417.0,-17175.0,187813,-36015,Bullish Reversal
1996-10-29,10169,54543,-2071.0,6288.0,187475,-44374,Bearish Reversal
1996-11-05,10481,64187,312.0,9644.0,193964,-53706,Bearish
1996-11-12,13614,53794,3133.0,-10393.0,189454,-40180,Bullish Reversal
1996-11-19,10143,50202,-3471.0,-3592.0,175954,-40059,Bullish Reversal
1996-11-26,10662,65255,519.0,15053.0,191221,-54593,Bearish
1996-12-03,11865,65840,1203.0,585.0,188166,-53975,Bullish Reversal
1996-12-10,13689,51181,1824.0,-14659.0,185516,-37492,Bullish Reversal
1996-12-17,12219,49246,-1470.0,-1935.0,185415,-37027,Bullish Reversal
1996-12-24,11874,49415,-345.0,169.0,186187,-37541,Bearish
1996-12-31,11848,53773,-26.0,4358.0,189805,-41925,Bearish
1997-01-07,11368,59524,-480.0,5751.0,201412,-48156,Bearish
1997-01-14,7643,60612,-3725.0,1088.0,204117,-52969,Bearish
1997-01-21,7815,58085,172.0,-2527.0,205471,-50270,Bullish
1997-01-28,10226,49182,2411.0,-8903.0,189160,-38956,Bullish Reversal
1997-02-04,7438,55221,-2788.0,6039.0,191347,-47783,Bearish
1997-02-11,8403,55053,965.0,-168.0,195275,-46650,Bullish
1997-02-18,14150,48011,5747.0,-7042.0,194794,-33861,Bullish Reversal
1997-02-25,14009,35250,-141.0,-12761.0,184459,-21241,Bullish Reversal
1997-03-04,21214,18641,7205.0,-16609.0,174030,2573,Bullish Reversal
1997-03-11,15219,16432,-5995.0,-2209.0,170832,-1213,Bearish Reversal
1997-03-18,12800,23671,-2419.0,7239.0,172691,-10871,Bearish
1997-03-25,16865,23580,4065.0,-91.0,163639,-6715,Bullish Reversal
1997-04-01,10496,19958,-6369.0,-3622.0,152107,-9462,Bearish Reversal
1997-04-08,10019,18882,-477.0,-1076.0,148359,-8863,Bullish Reversal
1997-04-15,8895,37248,-1124.0,18366.0,159410,-28353,Bearish
1997-04-22,9131,46631,236.0,9383.0,162911,-37500,Bearish
1997-04-29,8071,48003,-1060.0,1372.0,163585,-39932,Bearish
1997-05-06,8661,48910,590.0,907.0,168134,-40249,Bearish
1997-05-13,14204,31887,5543.0,-17023.0,162528,-17683,Bullish Reversal
1997-05-20,10213,40450,-3991.0,8563.0,159466,-30237,Bearish Reversal
1997-05-27,10253,39801,40.0,-649.0,158811,-29548,Bullish Reversal
1997-06-03,8479,39277,-1774.0,-524.0,150801,-30798,Bearish Reversal
1997-06-10,7903,44095,-576.0,4818.0,160675,-36192,Bearish
1997-06-17,8277,45856,374.0,1761.0,164407,-37579,Bearish
1997-06-24,9490,64083,1213.0,18227.0,185491,-54593,Bearish
1997-07-01,5230,72241,-4260.0,8158.0,196108,-67011,Bearish
1997-07-08,6339,78779,1109.0,6538.0,217966,-72440,Bearish
1997-07-15,7397,81985,1058.0,3206.0,217370,-74588,Bearish Reversal
1997-07-22,10794,72280,3397.0,-9705.0,204631,-61486,Bullish Reversal
1997-07-29,11544,68170,750.0,-4110.0,194719,-56626,Bullish Reversal
1997-08-05,6513,77419,-5031.0,9249.0,197799,-70906,Bearish
1997-08-12,14018,63722,7505.0,-13697.0,196685,-49704,Bullish Reversal
1997-08-19,7183,63592,-6835.0,-130.0,201656,-56409,Bearish
1997-08-26,7589,59131,406.0,-4461.0,196870,-51542,Bullish Reversal
1997-09-02,6674,66468,-915.0,7337.0,195898,-59794,Bearish Reversal
1997-09-09,6595,66009,-79.0,-459.0,202432,-59414,Bullish
1997-09-16,4357,66787,-2238.0,778.0,205520,-62430,Bearish
1997-09-23,4678,67575,321.0,788.0,201439,-62897,Bearish Reversal
1997-09-30,22302,42134,17624.0,-25441.0,182284,-19832,Bullish Reversal
1997-10-07,41536,38086,19234.0,-4048.0,182549,3450,Bullish
1997-10-14,30291,38030,-11245.0,-56.0,176930,-7739,Bearish Reversal
1997-10-21,13909,43706,-16382.0,5676.0,175223,-29797,Bearish Reversal
1997-10-28,7117,71623,-6792.0,27917.0,217825,-64506,Bearish
1997-11-04,8017,71591,900.0,-32.0,217937,-63574,Bullish
1997-11-11,8834,68744,817.0,-2847.0,214765,-59910,Bullish Reversal
1997-11-18,13705,64354,4871.0,-4390.0,214353,-50649,Bullish Reversal
1997-11-25,9687,69449,-4018.0,5095.0,192531,-59762,Bearish Reversal
1997-12-02,10682,71170,995.0,1721.0,194540,-60488,Bearish
1997-12-09,10623,73243,-59.0,2073.0,197049,-62620,Bearish
1997-12-16,9866,68635,-757.0,-4608.0,187364,-58769,Bullish Reversal
1997-12-23,10200,61984,334.0,-6651.0,183073,-51784,Bullish Reversal
1997-12-30,9580,60624,-620.0,-1360.0,177704,-51044,Bullish Reversal
1998-01-06,9714,68298,134.0,7674.0,189409,-58584,Bearish
1998-01-13,9852,68380,138.0,82.0,191691,-58528,Bullish
1998-01-20,10105,61779,253.0,-6601.0,181245,-51674,Bullish Reversal
1998-01-27,12390,36522,2285.0,-25257.0,162174,-24132,Bullish Reversal
1998-02-03,14549,38547,2159.0,2025.0,164191,-23998,Bullish
1998-02-10,15393,36662,844.0,-1885.0,169296,-21269,Bullish
1998-02-17,14602,38649,-791.0,1987.0,172572,-24047,Bearish
1998-02-24,13023,46469,-1579.0,7820.0,178732,-33446,Bearish
1998-03-03,15161,43053,2138.0,-3416.0,181113,-27892,Bullish
1998-03-10,13496,48149,-1665.0,5096.0,184128,-34653,Bearish
1998-03-17,7047,58345,-6449.0,10196.0,200258,-51298,Bearish
1998-03-24,6820,48971,-227.0,-9374.0,172915,-42151,Bullish Reversal
1998-03-31,14151,35778,7331.0,-13193.0,161065,-21627,Bullish Reversal
1998-04-07,35912,30665,21761.0,-5113.0,180125,5247,Bullish
1998-04-14,39334,31138,3422.0,473.0,182619,8196,Bullish
1998-04-21,41712,29121,2378.0,-2017.0,184930,12591,Bullish
1998-04-28,41569,23684,-143.0,-5437.0,183719,17885,Bullish Reversal
1998-05-05,33098,27867,-8471.0,4183.0,173676,5231,Bearish Reversal
1998-05-12,12860,31575,-20238.0,3708.0,156329,-18715,Bearish Reversal
1998-05-19,12490,29737,-370.0,-1838.0,154467,-17247,Bullish Reversal
1998-05-26,11717,33923,-773.0,4186.0,149778,-22206,Bearish Reversal
1998-06-02,7556,60612,-4161.0,26689.0,171275,-53056,Bearish
1998-06-09,7000,58174,-556.0,-2438.0,171755,-51174,Bullish
1998-06-16,5082,65909,-1918.0,7735.0,182514,-60827,Bearish
1998-06-23,5441,42956,359.0,-22953.0,167070,-37515,Bullish Reversal
1998-06-30,5022,40939,-419.0,-2017.0,164716,-35917,Bullish Reversal
1998-07-07,8467,42482,3445.0,1543.0,167652,-34015,Bullish
1998-07-14,6518,44177,-1949.0,1695.0,171176,-37659,Bearish
1998-07-21,6425,40077,-93.0,-4100.0,170503,-33652,Bullish Reversal
1998-07-28,7801,47568,1376.0,7491.0,164221,-39767,Bearish Reversal
1998-08-04,8618,67413,817.0,19845.0,179832,-58795,Bearish
1998-08-11,9059,68769,441.0,1356.0,185167,-59710,Bearish
1998-08-18,12089,71699,3030.0,2930.0,195394,-59610,Bullish
1998-08-25,10539,72049,-1550.0,350.0,199774,-61510,Bearish
1998-09-01,6779,76568,-3760.0,4519.0,207005,-69789,Bearish
1998-09-08,7890,59215,1111.0,-17353.0,197099,-51325,Bullish Reversal
1998-09-15,10405,30520,2515.0,-28695.0,173813,-20115,Bullish Reversal
1998-09-22,13273,32286,2868.0,1766.0,174705,-19013,Bullish
1998-09-29,18982,24893,5709.0,-7393.0,175102,-5911,Bullish
1998-10-06,36588,12919,17606.0,-11974.0,190174,23669,Bullish
1998-10-13,32954,12822,-3634.0,-97.0,187179,20132,Bearish Reversal
1998-10-20,29034,13243,-3920.0,421.0,184842,15791,Bearish Reversal
1998-10-27,21174,13968,-7860.0,725.0,184784,7206,Bearish Reversal
1998-11-03,9917,27612,-11257.0,13644.0,180415,-17695,Bearish Reversal
1998-11-10,11354,18465,1437.0,-9147.0,172069,-7111,Bullish Reversal
1998-11-17,15147,11960,3793.0,-6505.0,153511,3187,Bullish Reversal
1998-11-24,17284,10369,2137.0,-1591.0,150873,6915,Bullish Reversal
1998-12-01,12857,16775,-4427.0,6406.0,143535,-3918,Bearish Reversal
1998-12-08,12306,17456,-551.0,681.0,145386,-5150,Bearish
1998-12-15,8951,23617,-3355.0,6161.0,148455,-14666,Bearish
1998-12-22,8703,35495,-248.0,11878.0,158623,-26792,Bearish
1998-12-29,8174,42760,-529.0,7265.0,162536,-34586,Bearish
1999-01-05,9127,53151,953.0,10391.0,173200,-44024,Bearish
1999-01-12,11435,53161,2308.0,10.0,172413,-41726,Bullish Reversal
1999-01-19,9596,64878,-1839.0,11717.0,184145,-55282,Bearish
1999-01-26,9861,70853,265.0,5975.0,181330,-60992,Bearish Reversal
1999-02-02,13654,73572,3793.0,2719.0,181292,-59918,Bullish Reversal
1999-02-09,10261,71310,-3393.0,-2262.0,181688,-61049,Bearish
1999-02-16,8862,77268,-1399.0,5958.0,185713,-68406,Bearish
1999-02-23,8938,79003,76.0,1735.0,190553,-70065,Bearish
1999-03-02,17147,75294,8209.0,-3709.0,191522,-58147,Bullish
1999-03-09,32899,35104,15752.0,-40190.0,182305,-2205,Bullish Reversal
1999-03-16,11160,39610,-21739.0,4506.0,165270,-28450,Bearish Reversal
1999-03-23,7997,62020,-3163.0,22410.0,174143,-54023,Bearish
1999-03-30,6836,87076,-1161.0,25056.0,187558,-80240,Bearish
1999-04-06,9350,97713,2514.0,10637.0,196125,-88363,Bearish
1999-04-13,11955,93046,2605.0,-4667.0,196091,-81091,Bullish Reversal
1999-04-20,12075,85765,120.0,-7281.0,196996,-73690,Bullish
1999-04-27,14087,94179,2012.0,8414.0,204378,-80092,Bearish
1999-05-04,18454,68306,4367.0,-25873.0,193275,-49852,Bullish Reversal
1999-05-11,12626,75976,-5828.0,7670.0,187427,-63350,Bearish Reversal
1999-05-18,8173,88719,-4453.0,12743.0,196892,-80546,Bearish
1999-05-25,7689,93127,-484.0,4408.0,199633,-85438,Bearish
1999-06-01,9625,88396,1936.0,-4731.0,198487,-78771,Bullish Reversal
1999-06-08,9281,94516,-344.0,6120.0,203955,-85235,Bearish
1999-06-15,10132,95118,851.0,602.0,212568,-84986,Bullish
1999-06-22,9930,96789,-202.0,1671.0,213680,-86859,Bearish
1999-06-29,8971,92582,-959.0,-4207.0,208222,-83611,Bullish Reversal
1999-07-06,8728,95291,-243.0,2709.0,218365,-86563,Bearish
1999-07-13,9914,88774,1186.0,-6517.0,211594,-78860,Bullish Reversal
1999-07-20,10323,89538,409.0,764.0,206266,-79215,Bearish Reversal
1999-07-27,13624,81518,3301.0,-8020.0,198760,-67894,Bullish Reversal
1999-08-03,17758,74198,4134.0,-7320.0,188933,-56440,Bullish Reversal
1999-08-10,15272,70336,-2486.0,-3862.0,193698,-55064,Bullish
1999-08-17,21260,56502,5988.0,-13834.0,191776,-35242,Bullish Reversal
1999-08-24,16211,75298,-5049.0,18796.0,191040,-59087,Bearish Reversal
1999-08-31,17219,78710,1008.0,3412.0,198692,-61491,Bearish
1999-09-07,16931,79841,-288.0,1131.0,201266,-62910,Bearish
1999-09-14,18500,72632,1569.0,-7209.0,201806,-54132,Bullish
1999-09-21,27235,65077,8735.0,-7555.0,205259,-37842,Bullish
1999-09-28,47881,62196,20646.0,-2881.0,225467,-14315,Bullish
1999-10-05,43094,64951,-4787.0,2755.0,215041,-21857,Bearish Reversal
1999-10-12,35722,52723,-7372.0,-12228.0,216938,-17001,Bullish
1999-10-19,35601,52897,-121.0,174.0,223090,-17296,Bearish
1999-10-26,33470,47085,-2131.0,-5812.0,217916,-13615,Bullish Reversal
1999-11-02,27786,43069,-5684.0,-4016.0,208907,-15283,Bearish Reversal
1999-11-09,23669,42788,-4117.0,-281.0,203057,-19119,Bearish Reversal
1999-11-16,28090,25319,4421.0,-17469.0,182148,2771,Bullish Reversal
1999-11-23,33610,24256,5520.0,-1063.0,171564,9354,Bullish Reversal
1999-11-30,31811,25682,-1799.0,1426.0,163574,6129,Bearish Reversal
1999-12-07,24409,27381,-7402.0,1699.0,156712,-2972,Bearish Reversal
1999-12-14,10261,30814,-14148.0,3433.0,155142,-20553,Bearish Reversal
1999-12-21,11393,39362,1132.0,8548.0,156318,-27969,Bearish
1999-12-28,10876,39829,-517.0,467.0,156526,-28953,Bearish
2000-01-04,12360,41068,1484.0,1239.0,155835,-28708,Bullish Reversal
2000-01-11,17699,41917,5339.0,849.0,157326,-24218,Bullish
2000-01-18,19895,26998,2196.0,-14919.0,148055,-7103,Bullish Reversal
2000-01-25,19469,25003,-426.0,-1995.0,142913,-5534,Bullish Reversal
2000-02-01,19414,28247,-55.0,3244.0,134305,-8833,Bearish Reversal
2000-02-08,40614,31600,21200.0,3353.0,153976,9014,Bullish
2000-02-15,42107,21410,1493.0,-10190.0,157231,20697,Bullish
2000-02-22,52079,21071,9972.0,-339.0,168125,31008,Bullish
2000-02-29,41099,22312,-10980.0,1241.0,166509,18787,Bearish Reversal
2000-03-07,38403,19732,-2696.0,-2580.0,161362,18671,Bearish Reversal
2000-03-14,34577,17282,-3826.0,-2450.0,161540,17295,Bearish
2000-03-21,33068,18135,-1509.0,853.0,164397,14933,Bearish
2000-03-28,15152,29437,-17916.0,11302.0,150712,-14285,Bearish Reversal
2000-04-04,19129,42440,3977.0,13003.0,155378,-23311,Bearish
2000-04-11,18432,40617,-697.0,-1823.0,153144,-22185,Bullish Reversal
2000-04-18,18580,38933,148.0,-1684.0,153546,-20353,Bullish
2000-04-25,17428,44970,-1152.0,6037.0,156486,-27542,Bearish
2000-05-02,18529,51124,1101.0,6154.0,168231,-32595,Bearish
2000-05-09,19708,45430,1179.0,-5694.0,162759,-25722,Bullish Reversal
2000-05-16,15748,45278,-3960.0,-152.0,160373,-29530,Bearish Reversal
2000-05-23,17625,53467,1877.0,8189.0,163062,-35842,Bearish
2000-05-30,19861,60485,2236.0,7018.0,159156,-40624,Bearish Reversal
2000-06-06,26029,30046,6168.0,-30439.0,140841,-4017,Bullish Reversal
2000-06-13,31474,16814,5445.0,-13232.0,141504,14660,Bullish
2000-06-20,32680,13622,1206.0,-3192.0,143814,19058,Bullish
2000-06-27,31821,15602,-859.0,1980.0,143700,16219,Bearish Reversal
2000-07-05,31351,15523,-470.0,-79.0,150096,15828,Bearish
2000-07-11,29093,16695,-2258.0,1172.0,146022,12398,Bearish Reversal
2000-07-18,26606,17591,-2487.0,896.0,136090,9015,Bearish Reversal
2000-07-25,24352,20809,-2254.0,3218.0,122177,3543,Bearish Reversal
2000-08-01,23120,28717,-1232.0,7908.0,111188,-5597,Bearish Reversal
2000-08-08,21171,46194,-1949.0,17477.0,122540,-25023,Bearish
2000-08-15,19597,52483,-1574.0,6289.0,132994,-32886,Bearish
2000-08-22,22255,48476,2658.0,-4007.0,130211,-26221,Bullish Reversal
2000-08-29,22128,50766,-127.0,2290.0,132014,-28638,Bearish
2000-09-05,23403,42285,1275.0,-8481.0,125433,-18882,Bullish Reversal
2000-09-12,22031,49029,-1372.0,6744.0,133431,-26998,Bearish
2000-09-19,22874,53435,843.0,4406.0,137565,-30561,Bearish
2000-09-26,24033,49984,1159.0,-3451.0,133035,-25951,Bullish Reversal
2000-10-03,23444,43555,-589.0,-6429.0,124815,-20111,Bullish Reversal
2000-10-10,25477,51003,2033.0,7448.0,134015,-25526,Bearish
2000-10-17,29308,46045,3831.0,-4958.0,129680,-16737,Bullish Reversal
2000-10-24,30738,49309,1430.0,3264.0,135064,-18571,Bearish
2000-10-31,24308,56030,-6430.0,6721.0,137818,-31722,Bearish
2000-11-07,22498,56618,-1810.0,588.0,138300,-34120,Bearish
2000-11-14,16145,61121,-6353.0,4503.0,140258,-44976,Bearish
2000-11-21,16495,62951,350.0,1830.0,132633,-46456,Bearish Reversal
2000-11-28,16405,52606,-90.0,-10345.0,124950,-36201,Bullish Reversal
2000-12-05,16902,43823,497.0,-8783.0,113455,-26921,Bullish Reversal
2000-12-12,18834,36776,1932.0,-7047.0,110455,-17942,Bullish Reversal
2000-12-19,17208,39376,-1626.0,2600.0,114708,-22168,Bearish
2000-12-26,18940,33199,1732.0,-6177.0,114850,-14259,Bullish
2001-01-02,17745,41480,-1195.0,8281.0,114491,-23735,Bearish Reversal
2001-01-09,15778,54004,-1967.0,12524.0,126527,-38226,Bearish
2001-01-16,13743,70903,-2035.0,16899.0,139180,-57160,Bearish
2001-01-23,15626,73324,1883.0,2421.0,140120,-57698,Bearish
2001-01-30,18847,72662,3221.0,-662.0,141156,-53815,Bullish
2001-02-06,16396,69102,-2451.0,-3560.0,135682,-52706,Bullish Reversal
2001-02-13,15639,74611,-757.0,5509.0,143725,-58972,Bearish
2001-02-20,16291,83022,652.0,8411.0,148782,-66731,Bearish
2001-02-27,17753,68548,1462.0,-14474.0,143173,-50795,Bullish Reversal
2001-03-06,17806,59788,53.0,-8760.0,133440,-41982,Bullish Reversal
2001-03-13,19050,43294,1244.0,-16494.0,126821,-24244,Bullish Reversal
2001-03-20,11598,49567,-7452.0,6273.0,123758,-37969,Bearish Reversal
2001-03-27,12006,45310,408.0,-4257.0,122944,-33304,Bullish Reversal
2001-04-03,10226,61580,-1780.0,16270.0,118398,-51354,Bearish Reversal
2001-04-10,10961,69094,735.0,7514.0,130116,-58133,Bearish
2001-04-17,10091,55660,-870.0,-13434.0,122146,-45569,Bullish Reversal
2001-04-24,11752,46763,1661.0,-8897.0,114900,-35011,Bullish Reversal
2001-05-01,12738,40708,986.0,-6055.0,110868,-27970,Bullish Reversal
2001-05-08,12867,38655,129.0,-2053.0,109018,-25788,Bullish Reversal
2001-05-15,28829,27298,15962.0,-11357.0,106947,1531,Bullish Reversal
2001-05-22,53505,14569,24676.0,-12729.0,133866,38936,Bullish
2001-05-29,55117,11881,1612.0,-2688.0,133990,43236,Bullish
2001-06-05,34718,9707,-20399.0,-2174.0,109182,25011,Bearish Reversal
2001-06-12,32243,13688,-2475.0,3981.0,114065,18555,Bearish
2001-06-19,33983,14981,1740.0,1293.0,118500,19002,Bullish
2001-06-26,37204,15131,3221.0,150.0,125033,22073,Bullish
2001-07-03,32764,16594,-4440.0,1463.0,117731,16170,Bearish Reversal
2001-07-10,31178,20576,-1586.0,3982.0,118688,10602,Bearish
2001-07-17,30150,19384,-1028.0,-1192.0,116292,10766,Bullish Reversal
2001-07-24,31387,18013,1237.0,-1371.0,111764,13374,Bullish Reversal
2001-07-31,24089,26795,-7298.0,8782.0,100943,-2706,Bearish Reversal
2001-08-07,25067,26757,978.0,-38.0,98582,-1690,Bullish Reversal
2001-08-14,50435,17566,25368.0,-9191.0,119311,32869,Bullish
2001-08-21,57049,17515,6614.0,-51.0,131631,39534,Bullish
2001-08-28,46567,18745,-10482.0,1230.0,120108,27822,Bearish Reversal
2001-09-04,44767,18850,-1800.0,105.0,121687,25917,Bearish
2001-09-10,42337,21513,-2430.0,2663.0,119518,20824,Bearish Reversal
2001-09-18,47155,18007,4818.0,-3506.0,120062,29148,Bullish
2001-09-25,55700,19062,8545.0,1055.0,129840,36638,Bullish
2001-10-02,54976,19721,-724.0,659.0,132653,35255,Bearish
2001-10-09,53926,21148,-1050.0,1427.0,134663,32778,Bearish
2001-10-16,43774,19686,-10152.0,-1462.0,126767,24088,Bearish Reversal
2001-10-23,35467,20788,-8307.0,1102.0,117875,14679,Bearish Reversal
2001-10-30,32041,19881,-3426.0,-907.0,118614,12160,Bearish
2001-11-06,32582,19052,541.0,-829.0,115880,13530,Bullish Reversal
2001-11-13,29312,23885,-3270.0,4833.0,111255,5427,Bearish Reversal
2001-11-20,25380,34553,-3932.0,10668.0,115326,-9173,Bearish
2001-11-27,23633,35773,-1747.0,1220.0,111942,-12140,Bearish Reversal
2001-12-04,26142,36171,2509.0,398.0,105023,-10029,Bullish Reversal
2001-12-11,25806,47523,-336.0,11352.0,115485,-21717,Bearish
2001-12-18,30819,31680,5013.0,-15843.0,110873,-861,Bullish Reversal
2001-12-21,28075,30978,-2744.0,-702.0,110971,-2903,Bearish
2001-12-28,28829,29474,754.0,-1504.0,113672,-645,Bullish
2002-01-08,29232,23876,403.0,-5598.0,113020,5356,Bullish Reversal
2002-01-15,47510,18069,18278.0,-5807.0,128197,29441,Bullish
2002-01-22,44800,18871,-2710.0,802.0,132005,25929,Bearish
2002-01-29,29044,16610,-15756.0,-2261.0,124540,12434,Bearish Reversal
2002-02-05,53810,19722,24766.0,3112.0,138370,34088,Bullish
2002-02-12,61706,25373,7896.0,5651.0,148022,36333,Bullish
2002-02-19,61748,27384,42.0,2011.0,148242,34364,Bearish
2002-02-26,58404,29325,-3344.0,1941.0,144384,29079,Bearish Reversal
2002-03-05,55673,25211,-2731.0,-4114.0,144154,30462,Bullish Reversal
2002-03-12,50525,20039,-5148.0,-5172.0,140978,30486,Bullish Reversal
2002-03-19,48393,20406,-2132.0,367.0,140007,27987,Bearish Reversal
2002-03-26,53695,19301,5302.0,-1105.0,148479,34394,Bullish
2002-04-02,62448,24787,8753.0,5486.0,153322,37661,Bullish
2002-04-09,63780,27273,1332.0,2486.0,152187,36507,Bearish Reversal
2002-04-16,58851,26769,-4929.0,-504.0,154615,32082,Bearish
2002-04-23,65168,25503,6317.0,-1266.0,162580,39665,Bullish
2002-04-30,73449,27382,8281.0,1879.0,180829,46067,Bullish
2002-05-07,76757,32322,3308.0,4940.0,192242,44435,Bearish
2002-05-14,70071,32232,-6686.0,-90.0,191721,37839,Bearish Reversal
2002-05-21,75332,28418,5261.0,-3814.0,189679,46914,Bullish Reversal
2002-05-28,75210,33887,-122.0,5469.0,190444,41323,Bearish
2002-06-04,73044,31101,-2166.0,-2786.0,181999,41943,Bullish Reversal
2002-06-11,68206,21750,-4838.0,-9351.0,171476,46456,Bullish Reversal
2002-06-18,63445,22204,-4761.0,454.0,169101,41241,Bearish Reversal
2002-06-25,62956,24989,-489.0,2785.0,176291,37967,Bearish
2002-07-02,53434,23361,-9522.0,-1628.0,167318,30073,Bearish Reversal
2002-07-09,45598,22970,-7836.0,-391.0,169837,22628,Bearish
2002-07-16,47062,23151,1464.0,181.0,173241,23911,Bullish
2002-07-23,48196,21958,1134.0,-1193.0,171233,26238,Bullish Reversal
2002-07-30,27460,27075,-20736.0,5117.0,147221,385,Bearish Reversal
2002-08-06,24859,23882,-2601.0,-3193.0,140484,977,Bullish Reversal
2002-08-13,25632,26108,773.0,2226.0,144723,-476,Bearish
2002-08-20,28280,23572,2648.0,-2536.0,149693,4708,Bullish
2002-08-27,27532,25150,-748.0,1578.0,150531,2382,Bearish
2002-09-03,29706,23591,2174.0,-1559.0,149202,6115,Bullish Reversal
2002-09-10,45693,25872,15987.0,2281.0,161170,19821,Bullish
2002-09-17,46110,20924,417.0,-4948.0,164036,25186,Bullish
2002-09-24,68074,25893,21964.0,4969.0,187501,42181,Bullish
2002-10-01,67739,25037,-335.0,-856.0,178261,42702,Bullish Reversal
2002-10-08,61992,24320,-5747.0,-717.0,173762,37672,Bearish Reversal
2002-10-15,40830,24916,-21162.0,596.0,158344,15914,Bearish Reversal
2002-10-22,34838,25376,-5992.0,460.0,155085,9462,Bearish Reversal
2002-10-29,33696,18365,-1142.0,-7011.0,152205,15331,Bullish Reversal
2002-11-05,38982,18997,5286.0,632.0,152269,19985,Bullish
2002-11-12,57600,20693,18618.0,1696.0,174682,36907,Bullish
2002-11-19,56665,18809,-935.0,-1884.0,169985,37856,Bullish Reversal
2002-11-26,52488,14934,-4177.0,-3875.0,166371,37554,Bearish Reversal
2002-12-03,48545,15584,-3943.0,650.0,158433,32961,Bearish Reversal
2002-12-10,73216,21857,24671.0,6273.0,180754,51359,Bullish
2002-12-17,86949,31749,13733.0,9892.0,205550,55200,Bullish
2002-12-23,86100,28995,-849.0,-2754.0,201761,57105,Bullish Reversal
2002-12-31,88002,28497,1902.0,-498.0,206914,59505,Bullish
2003-01-07,93664,30101,5662.0,1604.0,215299,63563,Bullish
2003-01-14,93046,32384,-618.0,2283.0,214684,60662,Bearish Reversal
2003-01-21,95013,33331,1967.0,947.0,218286,61682,Bullish
2003-01-28,91912,35045,-3101.0,1714.0,229819,56867,Bearish
2003-02-04,105154,38340,13242.0,3295.0,241161,66814,Bullish
2003-02-11,89620,39511,-15534.0,1171.0,216608,50109,Bearish Reversal
2003-02-14,69759,33952,-19861.0,-5559.0,202671,35807,Bearish Reversal
2003-02-25,60864,33899,-8895.0,-53.0,196138,26965,Bearish Reversal
2003-03-04,60149,29173,-715.0,-4726.0,189928,30976,Bullish Reversal
2003-03-11,62022,28473,1873.0,-700.0,193841,33549,Bullish
2003-03-18,51897,30476,-10125.0,2003.0,189983,21421,Bearish Reversal
2003-03-25,45220,15690,-6677.0,-14786.0,182966,29530,Bullish Reversal
2003-04-01,40659,16292,-4561.0,602.0,171558,24367,Bearish Reversal
2003-04-08,45496,19799,4837.0,3507.0,173293,25697,Bullish
2003-04-15,47667,26362,2171.0,6563.0,180817,21305,Bearish
2003-04-22,50301,25224,2634.0,-1138.0,177869,25077,Bullish Reversal
2003-04-29,49345,24578,-956.0,-646.0,176123,24767,Bearish Reversal
2003-05-06,53877,14586,4532.0,-9992.0,178933,39291,Bullish
2003-05-13,58093,15673,4216.0,1087.0,183957,42420,Bullish
2003-05-20,79694,13953,21601.0,-1720.0,196238,65741,Bullish
2003-05-27,78295,9546,-1399.0,-4407.0,206318,68749,Bullish
2003-06-03,94155,9108,15860.0,-438.0,205219,85047,Bullish Reversal
2003-06-10,79118,13519,-15037.0,4411.0,201381,65599,Bearish Reversal
2003-06-17,81499,17324,2381.0,3805.0,199642,64175,Bearish Reversal
2003-06-24,65690,16806,-15809.0,-518.0,192790,48884,Bearish Reversal
2003-07-01,59522,14308,-6168.0,-2498.0,187164,45214,Bearish Reversal
2003-07-08,56977,15649,-2545.0,1341.0,187327,41328,Bearish
2003-07-15,51045,23530,-5932.0,7881.0,186983,27515,Bearish Reversal
2003-07-22,60068,20659,9023.0,-2871.0,192848,39409,Bullish
2003-07-29,93311,17864,33243.0,-2795.0,238119,75447,Bullish
2003-08-05,75623,17812,-17688.0,-52.0,200599,57811,Bearish Reversal
2003-08-12,84578,18065,8955.0,253.0,209187,66513,Bullish
2003-08-19,104223,14225,19645.0,-3840.0,229142,89998,Bullish
2003-08-26,117340,17113,13117.0,2888.0,243009,100227,Bullish
2003-09-02,146230,23383,28890.0,6270.0,274981,122847,Bullish
2003-09-09,151530,36438,5300.0,13055.0,283325,115092,Bearish
2003-09-16,144818,39002,-6712.0,2564.0,283175,105816,Bearish Reversal
2003-09-23,146587,38919,1769.0,-83.0,291738,107668,Bullish
2003-09-30,136571,41383,-10016.0,2464.0,277922,95188,Bearish Reversal
2003-10-07,110811,30046,-25760.0,-11337.0,255935,80765,Bearish Reversal
2003-10-14,108615,31723,-2196.0,1677.0,246133,76892,Bearish Reversal
2003-10-21,115942,35078,7327.0,3355.0,252897,80864,Bullish
2003-10-28,126193,35580,10251.0,502.0,261514,90613,Bullish
2003-11-04,119702,35092,-6491.0,-488.0,262696,84610,Bearish
2003-11-11,124456,41878,4754.0,6786.0,270895,82578,Bearish
2003-11-18,136229,43069,11773.0,1191.0,285620,93160,Bullish
2003-11-25,134093,26065,-2136.0,-17004.0,285510,108028,Bullish Reversal
2003-12-02,142642,29787,8549.0,3722.0,278759,112855,Bullish Reversal
2003-12-09,140647,33619,-1995.0,3832.0,276302,107028,Bearish Reversal
2003-12-16,148033,31925,7386.0,-1694.0,278928,116108,Bullish
2003-12-22,143783,35511,-4250.0,3586.0,273517,108272,Bearish Reversal
2003-12-30,146647,34047,2864.0,-1464.0,278641,112600,Bullish
2004-01-06,151691,35706,5044.0,1659.0,284500,115985,Bullish
2004-01-13,147745,40513,-3946.0,4807.0,300273,107232,Bearish
2004-01-20,125320,40285,-22425.0,-228.0,277381,85035,Bearish Reversal
2004-01-27,118100,32044,-7220.0,-8241.0,275490,86056,Bullish Reversal
2004-02-03,95128,27564,-22972.0,-4480.0,236512,67564,Bearish Reversal
2004-02-10,95652,35366,524.0,7802.0,237396,60286,Bearish
2004-02-17,106632,36327,10980.0,961.0,241858,70305,Bullish
2004-02-24,95788,32730,-10844.0,-3597.0,241721,63058,Bearish Reversal
2004-03-02,83802,39923,-11986.0,7193.0,237352,43879,Bearish Reversal
2004-03-09,95130,34591,11328.0,-5332.0,230009,60539,Bullish Reversal
2004-03-16,98116,35637,2986.0,1046.0,245495,62479,Bullish
2004-03-23,144353,41842,46237.0,6205.0,281839,102511,Bullish
2004-03-30,159753,34615,15400.0,-7227.0,295044,125138,Bullish
2004-04-06,176285,32032,16532.0,-2583.0,305661,144253,Bullish
2004-04-12,174575,35879,-1710.0,3847.0,305423,138696,Bearish Reversal
2004-04-20,109438,36162,-65137.0,283.0,255395,73276,Bearish Reversal
2004-04-27,98229,40425,-11209.0,4263.0,246504,57804,Bearish Reversal
2004-05-04,91845,37182,-6384.0,-3243.0,246863,54663,Bearish
2004-05-11,86776,48760,-5069.0,11578.0,254742,38016,Bearish
2004-05-18,82288,54775,-4488.0,6015.0,253647,27513,Bearish Reversal
2004-05-25,76713,54504,-5575.0,-271.0,252665,22209,Bearish Reversal
2004-06-01,78293,46310,1580.0,-8194.0,228721,31983,Bullish Reversal
2004-06-08,78878,48547,585.0,2237.0,225921,30331,Bearish Reversal
2004-06-15,80534,51418,1656.0,2871.0,223243,29116,Bearish Reversal
2004-06-22,83340,43442,2806.0,-7976.0,219524,39898,Bullish Reversal
2004-06-29,86673,46506,3333.0,3064.0,226773,40167,Bullish
2004-07-06,82019,50616,-4654.0,4110.0,226957,31403,Bearish
2004-07-13,112049,41615,30030.0,-9001.0,247735,70434,Bullish
2004-07-20,114160,43702,2111.0,2087.0,256572,70458,Bullish
2004-07-27,78464,45149,-35696.0,1447.0,232007,33315,Bearish Reversal
2004-08-03,81545,47091,3081.0,1942.0,217814,34454,Bullish Reversal
2004-08-10,85056,38949,3511.0,-8142.0,219062,46107,Bullish
2004-08-17,91881,38091,6825.0,-858.0,227948,53790,Bullish
2004-08-24,126481,41720,34600.0,3629.0,259849,84761,Bullish
2004-08-31,130720,50223,4239.0,8503.0,269575,80497,Bearish
2004-09-07,111967,49824,-18753.0,-399.0,256711,62143,Bearish Reversal
2004-09-14,101047,46191,-10920.0,-3633.0,249885,54856,Bearish Reversal
2004-09-21,108228,43901,7181.0,-2290.0,256086,64327,Bullish
2004-09-28,124815,42697,16587.0,-1204.0,266565,82118,Bullish
2004-10-05,162941,48849,38126.0,6152.0,296592,114092,Bullish
2004-10-12,165529,50392,2588.0,1543.0,302197,115137,Bullish
2004-10-19,172649,51735,7120.0,1343.0,305225,120914,Bullish
2004-10-26,185342,57447,12693.0,5712.0,321849,127895,Bullish
2004-11-02,176069,64632,-9273.0,7185.0,313532,111437,Bearish Reversal
2004-11-09,187528,69675,11459.0,5043.0,342146,117853,Bullish
2004-11-16,196371,73370,8843.0,3695.0,362336,123001,Bullish
2004-11-23,202921,64289,6550.0,-9081.0,352638,138632,Bullish Reversal
2004-11-30,201218,72765,-1703.0,8476.0,345646,128453,Bearish Reversal
2004-12-07,211208,78861,9990.0,6096.0,353244,132347,Bullish
2004-12-14,160002,72208,-51206.0,-6653.0,316029,87794,Bearish Reversal
2004-12-21,162396,72143,2394.0,-65.0,319955,90253,Bullish
2004-12-28,169514,70761,7118.0,-1382.0,330965,98753,Bullish
2005-01-04,140471,67228,-29043.0,-3533.0,302298,73243,Bearish Reversal
2005-01-11,109497,72710,-30974.0,5482.0,275461,36787,Bearish Reversal
2005-01-18,107825,78259,-1672.0,5549.0,275630,29566,Bearish
2005-01-25,107378,79033,-447.0,774.0,273430,28345,Bearish Reversal
2005-02-01,102388,74270,-4990.0,-4763.0,253116,28118,Bearish Reversal
2005-02-08,97630,86455,-4758.0,12185.0,255424,11175,Bearish
2005-02-15,109421,87714,11791.0,1259.0,262589,21707,Bullish
2005-02-22,119318,80413,9897.0,-7301.0,267860,38905,Bullish
2005-03-01,135741,79060,16423.0,-1353.0,287761,56681,Bullish
2005-03-08,143930,73453,8189.0,-5607.0,296335,70477,Bullish
2005-03-15,178724,67602,34794.0,-5851.0,335503,111122,Bullish
2005-03-22,148089,56328,-30635.0,-11274.0,299531,91761,Bearish Reversal
2005-03-29,139491,37970,-8598.0,-18358.0,281601,101521,Bullish Reversal
2005-04-05,143487,37223,3996.0,-747.0,272946,106264,Bullish Reversal
2005-04-12,150611,37267,7124.0,44.0,279545,113344,Bullish
2005-04-19,152815,38423,2204.0,1156.0,280432,114392,Bullish
2005-04-26,173826,36049,21011.0,-2374.0,302084,137777,Bullish
2005-05-03,153914,46186,-19912.0,10137.0,290539,107728,Bearish Reversal
2005-05-10,134719,54341,-19195.0,8155.0,282478,80378,Bearish Reversal
2005-05-17,124569,68625,-10150.0,14284.0,274382,55944,Bearish Reversal
2005-05-24,114965,75456,-9604.0,6831.0,272748,39509,Bearish Reversal
2005-05-31,113002,80037,-1963.0,4581.0,255995,32965,Bearish Reversal
2005-06-07,111796,72689,-1206.0,-7348.0,252151,39107,Bullish Reversal
2005-06-14,119458,62597,7662.0,-10092.0,257034,56861,Bullish
2005-06-21,162238,53728,42780.0,-8869.0,289771,108510,Bullish
2005-06-28,175520,45589,13282.0,-8139.0,303385,129931,Bullish
2005-07-05,146733,41859,-28787.0,-3730.0,281186,104874,Bearish Reversal
2005-07-12,124585,50863,-22148.0,9004.0,269891,73722,Bearish Reversal
2005-07-19,116572,62461,-8013.0,11598.0,270001,54111,Bearish
2005-07-26,110685,61663,-5887.0,-798.0,256886,49022,Bearish Reversal
2005-08-02,118941,53372,8256.0,-8291.0,244488,65569,Bullish Reversal
2005-08-09,168613,50914,49672.0,-2458.0,287839,117699,Bullish
2005-08-16,208558,50951,39945.0,37.0,331633,157607,Bullish
2005-08-23,206898,47211,-1660.0,-3740.0,331804,159687,Bullish
2005-08-30,158841,49008,-48057.0,1797.0,291894,109833,Bearish Reversal
2005-09-06,159922,44670,1081.0,-4338.0,299192,115252,Bullish
2005-09-13,175285,48487,15363.0,3817.0,321200,126798,Bullish
2005-09-20,219963,61837,44678.0,13350.0,363315,158126,Bullish
2005-09-27,219648,53548,-315.0,-8289.0,366819,166100,Bullish
2005-10-04,229464,57966,9816.0,4418.0,363529,171498,Bullish Reversal
2005-10-11,234060,56650,4596.0,-1316.0,370844,177410,Bullish
2005-10-18,224424,54000,-9636.0,-2650.0,362699,170424,Bearish Reversal
2005-10-25,206809,53457,-17615.0,-543.0,339388,153352,Bearish Reversal
2005-11-01,180554,49986,-26255.0,-3471.0,334470,130568,Bearish Reversal
2005-11-08,167250,44139,-13304.0,-5847.0,317076,123111,Bearish Reversal
2005-11-15,177421,47735,10171.0,3596.0,324719,129686,Bullish
2005-11-22,201765,38783,24344.0,-8952.0,350603,162982,Bullish
2005-11-29,199521,40616,-2244.0,1833.0,350225,158905,Bearish Reversal
2005-12-06,208466,41053,8945.0,437.0,341011,167413,Bullish Reversal
2005-12-13,189931,33600,-18535.0,-7453.0,337574,156331,Bearish Reversal
2005-12-20,182723,26553,-7208.0,-7047.0,324429,156170,Bearish Reversal
2005-12-27,179324,24802,-3399.0,-1751.0,320115,154522,Bearish Reversal
2006-01-03,180688,29726,1364.0,4924.0,325524,150962,Bearish
2006-01-10,184408,38602,3720.0,8876.0,343419,145806,Bearish
2006-01-17,191650,43171,7242.0,4569.0,361704,148479,Bullish
2006-01-24,188928,46079,-2722.0,2908.0,356080,142849,Bearish Reversal
2006-01-31,187406,48156,-1522.0,2077.0,339645,139250,Bearish Reversal
2006-02-07,180971,53622,-6435.0,5466.0,341727,127349,Bearish
2006-02-14,167910,48996,-13061.0,-4626.0,338143,118914,Bearish Reversal
2006-02-21,163886,45202,-4024.0,-3794.0,333410,118684,Bearish Reversal
2006-02-28,169963,42593,6077.0,-2609.0,339859,127370,Bullish
2006-03-07,167144,46255,-2819.0,3662.0,338325,120889,Bearish Reversal
2006-03-14,143697,47757,-23447.0,1502.0,322360,95940,Bearish Reversal
2006-03-21,149946,45682,6249.0,-2075.0,319618,104264,Bullish Reversal
2006-03-28,163056,42470,13110.0,-3212.0,334042,120586,Bullish
2006-04-04,178040,45832,14984.0,3362.0,342721,132208,Bullish
2006-04-11,5784,5004,,,16832,780,No signal
2006-04-11,175000,50668,-3040.0,4836.0,342632,124332,Bullish Reversal
2006-04-18,5666,5227,-118.0,223.0,17077,439,Bearish
2006-04-18,177870,47576,2870.0,-3092.0,353757,130294,Bullish
2006-04-25,5349,5263,-317.0,36.0,18863,86,Bearish
2006-04-25,175346,45968,-2524.0,-1608.0,354108,129378,Bullish
2006-05-02,4900,4816,-449.0,-447.0,17784,84,Bearish Reversal
2006-05-02,177709,47421,2363.0,1453.0,359539,130288,Bullish
2006-05-09,4957,3068,57.0,-1748.0,21019,1889,Bearish
2006-05-09,175709,41773,-2000.0,-5648.0,351933,133936,Bullish Reversal
2006-05-16,5941,4923,984.0,1855.0,32955,1018,Bearish
2006-05-16,163773,37616,-11936.0,-4157.0,338720,126157,Bullish Reversal
2006-05-23,5361,3191,-580.0,-1732.0,24200,2170,Bearish Reversal
2006-05-23,144247,33149,-19526.0,-4467.0,316143,111098,Bullish Reversal
2006-05-30,4865,490,-496.0,-2701.0,19677,4375,Bearish Reversal
2006-05-30,133475,31988,-10772.0,-1161.0,314494,101487,Bullish Reversal
2006-06-06,6128,1647,1263.0,1157.0,19220,4481,Bearish Reversal
2006-06-06,134649,38753,1174.0,6765.0,283161,95896,Bullish Reversal
2006-06-13,8270,4673,2142.0,3026.0,25882,3597,Bearish
2006-06-13,138766,39479,4117.0,726.0,288981,99287,Bullish
2006-06-20,6742,2233,-1528.0,-2440.0,22685,4509,Bearish Reversal
2006-06-20,131864,41643,-6902.0,2164.0,288148,90221,Bullish Reversal
2006-06-27,6427,2210,-315.0,-23.0,22415,4217,Bearish Reversal
2006-06-27,128310,42686,-3554.0,1043.0,292789,85624,Bullish
2006-07-03,8184,2555,1757.0,345.0,23014,5629,Bearish
2006-07-03,131186,39266,2876.0,-3420.0,292500,91920,Bullish Reversal
2006-07-11,8156,1525,-28.0,-1030.0,25432,6631,Bearish
2006-07-11,142194,40265,11008.0,999.0,312684,101929,Bullish
2006-07-18,5961,2655,-2195.0,1130.0,28473,3306,Bearish
2006-07-18,143202,35828,1008.0,-4437.0,324276,107374,Bullish
2006-07-25,4635,2304,-1326.0,-351.0,26254,2331,Bearish Reversal
2006-07-25,132268,30713,-10934.0,-5115.0,315635,101555,Bullish Reversal
2006-08-01,6080,1469,1445.0,-835.0,24512,4611,Bearish Reversal
2006-08-01,132781,30020,513.0,-693.0,304907,102761,Bullish Reversal
2006-08-08,5843,1374,-237.0,-95.0,27939,4469,Bearish
2006-08-08,138971,32873,6190.0,2853.0,309097,106098,Bullish
2006-08-15,5721,2746,-122.0,1372.0,31735,2975,Bearish
2006-08-15,132019,31475,-6952.0,-1398.0,313327,100544,Bullish
2006-08-22,6485,2428,764.0,-318.0,31222,4057,Bearish Reversal
2006-08-22,128897,32949,-3122.0,1474.0,306171,95948,Bullish Reversal
2006-08-29,5493,5718,-992.0,3290.0,34338,-225,Bearish
2006-08-29,124421,36705,-4476.0,3756.0,307583,87716,Bullish
2006-09-05,10447,2215,4954.0,-3503.0,33795,8232,Bearish Reversal
2006-09-05,133991,35657,9570.0,-1048.0,319998,98334,Bullish
2006-09-12,4513,10513,-5934.0,8298.0,36419,-6000,Bearish
2006-09-12,121455,37233,-12536.0,1576.0,310510,84222,Bullish Reversal
2006-09-19,3974,12297,-539.0,1784.0,41036,-8323,Bearish
2006-09-19,116119,38251,-5336.0,1018.0,325852,77868,Bullish
2006-09-26,3537,8790,-437.0,-3507.0,37248,-5253,Bearish Reversal
2006-09-26,108117,36873,-8002.0,-1378.0,322937,71244,Bullish Reversal
2006-10-03,3957,10089,420.0,1299.0,39005,-6132,Bearish
2006-10-03,107570,38136,-547.0,1263.0,330065,69434,Bullish
2006-10-10,5125,10161,1168.0,72.0,42577,-5036,Bearish
2006-10-10,106211,43762,-1359.0,5626.0,334329,62449,Bullish
2006-10-17,6057,6541,932.0,-3620.0,41246,-484,Bearish Reversal
2006-10-17,107993,46734,1782.0,2972.0,329875,61259,Bullish Reversal
2006-10-24,7345,5756,1288.0,-785.0,44891,1589,Bearish
2006-10-24,104099,48049,-3894.0,1315.0,331598,56050,Bullish
2006-10-31,15370,3545,8025.0,-2211.0,49533,11825,Bearish
2006-10-31,107472,42756,3373.0,-5293.0,323481,64716,Bullish Reversal
2006-11-07,18033,4370,2663.0,825.0,52364,13663,Bearish
2006-11-07,121406,40240,13934.0,-2516.0,335036,81166,Bullish
2006-11-14,14190,6109,-3843.0,1739.0,52263,8081,Bearish Reversal
2006-11-14,126907,38073,5501.0,-2167.0,356575,88834,Bullish
2006-11-21,15249,4597,1059.0,-1512.0,54178,10652,Bearish
2006-11-21,123021,38728,-3886.0,655.0,355430,84293,Bullish Reversal
2006-11-28,14419,5774,-830.0,1177.0,50655,8645,Bearish Reversal
2006-11-28,120078,40212,-2943.0,1484.0,349517,79866,Bullish Reversal
2006-12-05,17332,6720,2913.0,946.0,47355,10612,Bearish Reversal
2006-12-05,122145,38506,2067.0,-1706.0,330530,83639,Bullish Reversal
2006-12-12,13262,5384,-4070.0,-1336.0,43761,7878,Bearish Reversal
2006-12-12,120128,38299,-2017.0,-207.0,333101,81829,Bullish
2006-12-19,11806,5173,-1456.0,-211.0,42779,6633,Bearish Reversal
2006-12-19,109682,39789,-10446.0,1490.0,337096,69893,Bullish
2006-12-26,11277,5214,-529.0,41.0,41191,6063,Bearish Reversal
2006-12-26,110486,42394,804.0,2605.0,340473,68092,Bullish
2007-01-03,14006,5345,2729.0,131.0,44571,8661,Bearish
2007-01-03,120639,42756,10153.0,362.0,353494,77883,Bullish
2007-01-09,7787,6523,-6219.0,1178.0,37605,1264,Bearish Reversal
2007-01-09,105157,52289,-15482.0,9533.0,347491,52868,Bullish Reversal
2007-01-16,8954,5688,1167.0,-835.0,38599,3266,Bearish
2007-01-16,109386,46436,4229.0,-5853.0,344685,62950,Bullish Reversal
2007-01-23,12386,6410,3432.0,722.0,43817,5976,Bearish
2007-01-23,128463,43962,19077.0,-2474.0,361114,84501,Bullish
2007-01-30,11143,5068,-1243.0,-1342.0,36750,6075,Bearish Reversal
2007-01-30,143964,43619,15501.0,-343.0,348035,100345,Bullish Reversal
2007-02-06,10773,4713,-370.0,-355.0,38492,6060,Bearish
2007-02-06,151891,43345,7927.0,-274.0,360936,108546,Bullish
2007-02-13,13855,3390,3082.0,-1323.0,39189,10465,Bearish
2007-02-13,167479,42729,15588.0,-616.0,383169,124750,Bullish
2007-02-20,11576,5969,-2279.0,2579.0,40402,5607,Bearish
2007-02-20,168838,38905,1359.0,-3824.0,396115,129933,Bullish
2007-02-27,15227,4059,3651.0,-1910.0,45832,11168,Bearish
2007-02-27,182456,40364,13618.0,1459.0,415155,142092,Bullish
2007-03-06,11265,8229,-3962.0,4170.0,40957,3036,Bearish Reversal
2007-03-06,136421,34723,-46035.0,-5641.0,382550,101698,Bullish Reversal
2007-03-13,10714,8704,-551.0,475.0,39354,2010,Bearish Reversal
2007-03-13,129078,32736,-7343.0,-1987.0,394090,96342,Bullish
2007-03-20,11430,6432,716.0,-2272.0,39649,4998,Bearish
2007-03-20,125201,31777,-3877.0,-959.0,359726,93424,Bullish Reversal
2007-03-27,11789,4355,359.0,-2077.0,35262,7434,Bearish Reversal
2007-03-27,126413,31290,1212.0,-487.0,359434,95123,Bullish Reversal
2007-04-03,11844,689,55.0,-3666.0,31397,11155,Bearish Reversal
2007-04-03,131858,37913,5445.0,6623.0,347817,93945,Bullish Reversal
2007-04-10,12273,1900,429.0,1211.0,31854,10373,Bearish
2007-04-10,150573,37617,18715.0,-296.0,369536,112956,Bullish
2007-04-17,12151,2490,-122.0,590.0,31771,9661,Bearish Reversal
2007-04-17,170601,35243,20028.0,-2374.0,380800,135358,Bullish
2007-04-24,11022,4385,-1129.0,1895.0,32194,6637,Bearish
2007-04-24,169703,35861,-898.0,618.0,403388,133842,Bullish
2007-05-01,9477,6192,-1545.0,1807.0,29074,3285,Bearish Reversal
2007-05-01,163823,33378,-5880.0,-2483.0,396276,130445,Bullish Reversal
2007-05-08,10178,5650,701.0,-542.0,29366,4528,Bearish
2007-05-08,168350,32064,4527.0,-1314.0,411273,136286,Bullish
2007-05-15,7739,8647,-2439.0,2997.0,29914,-908,Bearish
2007-05-15,149772,35874,-18578.0,3810.0,408936,113898,Bullish Reversal
2007-05-22,6905,7750,-834.0,-897.0,28826,-845,Bearish Reversal
2007-05-22,141294,45479,-8478.0,9605.0,416813,95815,Bullish
2007-05-29,5195,5940,-1710.0,-1810.0,25939,-745,Bearish Reversal
2007-05-29,134404,39507,-6890.0,-5972.0,425688,94897,Bullish
2007-06-05,6331,6184,1136.0,244.0,23828,147,Bearish Reversal
2007-06-05,143052,35435,8648.0,-4072.0,385046,107617,Bullish Reversal
2007-06-12,4952,4602,-1379.0,-1582.0,21638,350,Bearish Reversal
2007-06-12,125076,49180,-17976.0,13745.0,412150,75896,Bullish
2007-06-19,3179,4805,-1773.0,203.0,20600,-1626,Bearish Reversal
2007-06-19,126207,44602,1131.0,-4578.0,410324,81605,Bullish Reversal
2007-06-26,3247,6200,68.0,1395.0,22237,-2953,Bearish
2007-06-26,119068,55991,-7139.0,11389.0,407640,63077,Bullish Reversal
2007-07-03,3293,4185,46.0,-2015.0,21155,-892,Bearish Reversal
2007-07-03,109652,43990,-9416.0,-12001.0,375642,65662,Bullish Reversal
2007-07-10,4758,5066,1465.0,881.0,21795,-308,Bearish
2007-07-10,113510,41290,3858.0,-2700.0,387916,72220,Bullish
2007-07-17,4927,5080,169.0,14.0,22517,-153,Bearish
2007-07-17,114788,35069,1278.0,-6221.0,385595,79719,Bullish Reversal
2007-07-24,6873,3523,1946.0,-1557.0,23707,3350,Bearish
2007-07-24,154251,31321,39463.0,-3748.0,401603,122930,Bullish
2007-07-31,4891,3305,-1982.0,-218.0,20164,1586,Bearish Reversal
2007-07-31,113706,32817,-40545.0,1496.0,351185,80889,Bullish Reversal
2007-08-07,4032,2463,-859.0,-842.0,17817,1569,Bearish Reversal
2007-08-07,123391,34020,9685.0,1203.0,352908,89371,Bullish
2007-08-14,4815,2523,783.0,60.0,19220,2292,Bearish
2007-08-14,118978,24767,-4413.0,-9253.0,347973,94211,Bullish Reversal
2007-08-21,4478,3025,-337.0,502.0,17736,1453,Bearish Reversal
2007-08-21,102578,33648,-16400.0,8881.0,330204,68930,Bullish Reversal
2007-08-28,6075,2774,1597.0,-251.0,19026,3301,Bearish
2007-08-28,103844,26633,1266.0,-7015.0,325767,77211,Bullish Reversal
2007-09-04,7226,2855,1151.0,81.0,19656,4371,Bearish
2007-09-04,126346,29366,22502.0,2733.0,339439,96980,Bullish
2007-09-11,7717,3618,491.0,763.0,20591,4099,Bearish
2007-09-11,155317,28648,28971.0,-718.0,373686,126669,Bullish
2007-09-18,7931,3722,214.0,104.0,22267,4209,Bearish
2007-09-18,168140,26490,12823.0,-2158.0,392748,141650,Bullish
2007-09-25,9080,3796,1149.0,74.0,23271,5284,Bearish
2007-09-25,201188,27143,33048.0,653.0,440945,174045,Bullish
2007-10-02,9053,3703,-27.0,-93.0,22888,5350,Bearish Reversal
2007-10-02,210766,34871,9578.0,7728.0,439865,175895,Bullish Reversal
2007-10-09,7026,3807,-2027.0,104.0,20314,3219,Bearish Reversal
2007-10-09,221749,31053,10983.0,-3818.0,458936,190696,Bullish
2007-10-16,6390,4488,-636.0,681.0,22087,1902,Bearish
2007-10-16,238432,36573,16683.0,5520.0,483872,201859,Bullish
2007-10-23,6872,4850,482.0,362.0,21573,2022,Bearish Reversal
2007-10-23,226875,40571,-11557.0,3998.0,489471,186304,Bullish
2007-10-30,6606,6061,-266.0,1211.0,21494,545,Bearish Reversal
2007-10-30,232622,34016,5747.0,-6555.0,516163,198606,Bullish
2007-11-06,6792,5156,186.0,-905.0,22742,1636,Bearish
2007-11-06,241475,39350,8853.0,5334.0,556856,202125,Bullish
2007-11-13,3248,3004,-3544.0,-2152.0,21821,244,Bearish Reversal
2007-11-13,228360,37575,-13115.0,-1775.0,552546,190785,Bullish Reversal
2007-11-20,3541,1647,293.0,-1357.0,18555,1894,Bearish Reversal
2007-11-20,213234,40844,-15126.0,3269.0,512430,172390,Bullish Reversal
2007-11-27,3003,1277,-538.0,-370.0,17129,1726,Bearish Reversal
2007-11-27,206498,31417,-6736.0,-9427.0,520782,175081,Bullish
2007-12-04,3300,488,297.0,-789.0,15254,2812,Bearish Reversal
2007-12-04,190888,23364,-15610.0,-8053.0,486709,167524,Bullish Reversal
2007-12-11,3977,2084,677.0,1596.0,16180,1893,Bearish
2007-12-11,196529,24755,5641.0,1391.0,486198,171774,Bullish Reversal
2007-12-18,3076,1006,-901.0,-1078.0,14998,2070,Bearish Reversal
2007-12-18,197789,27516,1260.0,2761.0,495001,170273,Bullish
2007-12-24,4446,760,1370.0,-246.0,15482,3686,Bearish
2007-12-24,210521,26146,12732.0,-1370.0,517020,184375,Bullish
2007-12-31,6153,949,1707.0,189.0,16569,5204,Bearish
2007-12-31,227112,27674,16591.0,1528.0,541854,199438,Bullish
2008-01-08,6046,2040,-107.0,1091.0,17969,4006,Bearish
2008-01-08,238089,32685,10977.0,5011.0,558309,205404,Bullish
2008-01-15,5074,1034,-972.0,-1006.0,16645,4040,Bearish Reversal
2008-01-15,247106,35059,9017.0,2374.0,593953,212047,Bullish
2008-01-22,3823,1973,-1251.0,939.0,16322,1850,Bearish Reversal
2008-01-22,241183,36108,-5923.0,1049.0,560173,205075,Bullish Reversal
2008-01-29,3286,911,-537.0,-1062.0,14027,2375,Bearish Reversal
2008-01-29,237252,31472,-3931.0,-4636.0,522142,205780,Bullish Reversal
2008-02-05,3334,2196,48.0,1285.0,14324,1138,Bearish
2008-02-05,234852,31110,-2400.0,-362.0,495139,203742,Bullish Reversal
2008-02-12,3010,2301,-324.0,105.0,14136,709,Bearish Reversal
2008-02-12,240806,34210,5954.0,3100.0,475749,206596,Bullish Reversal
2008-02-19,2617,1946,-393.0,-355.0,13825,671,Bearish Reversal
2008-02-19,251717,39458,10911.0,5248.0,489789,212259,Bullish
2008-02-26,2903,3211,286.0,1265.0,14824,-308,Bearish
2008-02-26,250270,40907,-1447.0,1449.0,495102,209363,Bullish
2008-03-04,3200,3148,297.0,-63.0,14944,52,Bearish
2008-03-04,240597,44817,-9673.0,3910.0,486992,195780,Bullish Reversal
2008-03-11,3687,3021,487.0,-127.0,15039,666,Bearish
2008-03-11,239048,42705,-1549.0,-2112.0,482035,196343,Bullish Reversal
2008-03-18,3440,2384,-247.0,-637.0,15459,1056,Bearish
2008-03-18,232427,40418,-6621.0,-2287.0,489055,192009,Bullish
2008-03-25,214651,38909,-17776.0,-1509.0,452193,175742,Bearish Reversal
2008-04-01,190958,29680,-23693.0,-9229.0,399393,161278,Bearish Reversal
2008-04-08,196823,31430,5865.0,1750.0,407212,165393,Bullish
2008-04-15,202910,30933,6087.0,-497.0,422699,171977,Bullish
2008-04-22,201865,34242,-1045.0,3309.0,424218,167623,Bearish
2008-04-29,3681,2378,,,12443,1303,No signal
2008-04-29,194844,34196,-7021.0,-46.0,429670,160648,Bullish
2008-05-06,192719,36752,-2125.0,2556.0,433741,155967,Bearish
2008-05-13,2996,2126,401.0,287.0,12321,870,Bearish
2008-05-13,197809,44871,5090.0,8119.0,439636,152938,Bullish
2008-05-20,216324,34205,18515.0,-10666.0,453084,182119,Bullish
2008-05-27,220954,29442,4630.0,-4763.0,430961,191512,Bullish Reversal
2008-06-03,200544,30333,-20410.0,891.0,398441,170211,Bearish Reversal
2008-06-10,189175,37927,-11369.0,7594.0,396392,151248,Bearish Reversal
2008-06-17,180637,29447,-8538.0,-8480.0,390471,151190,Bearish Reversal
2008-06-24,190218,36680,9581.0,7233.0,401226,153538,Bullish
2008-07-01,223539,35860,33321.0,-820.0,434024,187679,Bullish
2008-07-08,225045,35443,1506.0,-417.0,443202,189602,Bullish
2008-07-15,4385,1079,,,11842,3306,No signal
2008-07-15,240934,38151,15889.0,2708.0,483920,202783,Bullish
2008-07-22,3630,2011,-755.0,932.0,11538,1619,Bearish Reversal
2008-07-22,231170,36517,-9764.0,-1634.0,475606,194653,Bullish Reversal
2008-07-29,212285,29966,-18885.0,-6551.0,446013,182319,Bearish Reversal
2008-08-05,192528,28800,-19757.0,-1166.0,408430,163728,Bearish Reversal
2008-08-12,159313,28653,-33215.0,-147.0,365611,130660,Bearish Reversal
2008-08-19,144104,31738,-15209.0,3085.0,372968,112366,Bearish
2008-08-26,147240,41961,3136.0,10223.0,380766,105279,Bearish
2008-09-02,139251,46060,-7989.0,4099.0,382329,93191,Bearish
2008-09-09,133946,51291,-5305.0,5231.0,392592,82655,Bearish
2008-09-16,147720,57429,13774.0,6138.0,393814,90291,Bullish
2008-09-23,156812,35796,9092.0,-21633.0,368254,121016,Bullish Reversal
2008-09-30,141026,23240,-15786.0,-12556.0,336598,117786,Bearish Reversal
2008-10-07,137672,26059,-3354.0,2819.0,329480,111613,Bearish Reversal
2008-10-14,131093,24268,-6579.0,-1791.0,323496,106825,Bearish Reversal
2008-10-21,125951,26749,-5142.0,2481.0,319472,99202,Bearish Reversal
2008-10-28,117638,39323,-8313.0,12574.0,313709,78315,Bearish Reversal
2008-11-04,118166,49971,528.0,10648.0,303908,68195,Bearish Reversal
2008-11-11,116351,52392,-1815.0,2421.0,293831,63959,Bearish Reversal
2008-11-18,111063,46234,-5288.0,-6158.0,289700,64829,Bullish Reversal
2008-11-25,115014,33142,3951.0,-13092.0,276567,81872,Bullish Reversal
2008-12-02,111592,27223,-3422.0,-5919.0,264796,84369,Bullish Reversal
2008-12-09,111284,28129,-308.0,906.0,261001,83155,Bearish Reversal
2008-12-16,132674,24425,21390.0,-3704.0,282915,108249,Bullish
2008-12-22,141246,21458,8572.0,-2967.0,291022,119788,Bullish
2008-12-30,146292,20331,5046.0,-1127.0,300448,125961,Bullish
2009-01-06,152569,18965,6277.0,-1366.0,320391,133604,Bullish
2009-01-13,146167,18549,-6402.0,-416.0,318185,127618,Bearish Reversal
2009-01-20,146910,22973,743.0,4424.0,331507,123937,Bearish
2009-01-27,165652,24538,18742.0,1565.0,354191,141114,Bullish
2009-02-03,181020,25714,15368.0,1176.0,346288,155306,Bullish Reversal
2009-02-10,188898,25276,7878.0,-438.0,350858,163622,Bullish
2009-02-17,195966,30045,7068.0,4769.0,361619,165921,Bullish
2009-02-24,199830,37965,3864.0,7920.0,372697,161865,Bearish
2009-03-03,189580,30287,-10250.0,-7678.0,365271,159293,Bearish Reversal
2009-03-10,178160,33372,-11420.0,3085.0,371321,144788,Bearish
2009-03-17,175190,24795,-2970.0,-8577.0,376237,150395,Bullish
2009-03-24,178635,26708,3445.0,1913.0,387177,151927,Bullish
2009-03-31,182986,28127,4351.0,1419.0,368618,154859,Bullish Reversal
2009-04-07,165377,37565,-17609.0,9438.0,344929,127812,Bearish Reversal
2009-04-14,165866,35971,489.0,-1594.0,336930,129895,Bullish Reversal
2009-04-21,164328,35961,-1538.0,-10.0,339226,128367,Bearish
2009-04-28,166821,37721,2493.0,1760.0,343037,129100,Bullish
2009-05-05,171493,41502,4672.0,3781.0,341461,129991,Bullish Reversal
2009-05-12,184509,45632,13016.0,4130.0,359517,138877,Bullish
2009-05-19,185932,36348,1423.0,-9284.0,367931,149584,Bullish
2009-05-26,209733,32425,23801.0,-3923.0,396965,177308,Bullish
2009-06-02,215968,28628,6235.0,-3797.0,391057,187340,Bullish Reversal
2009-06-09,215785,26111,-183.0,-2517.0,387181,189674,Bullish Reversal
2009-06-16,202687,27144,-13098.0,1033.0,371997,175543,Bearish Reversal
2009-06-23,195654,29360,-7033.0,2216.0,370347,166294,Bearish Reversal
2009-06-30,194005,29819,-1649.0,459.0,379199,164186,Bearish
2009-07-07,190386,26242,-3619.0,-3577.0,372985,164144,Bearish Reversal
2009-07-14,185704,26900,-4682.0,658.0,370509,158804,Bearish Reversal
2009-07-21,201269,27967,15565.0,1067.0,390939,173302,Bullish
2009-07-28,199452,26681,-1817.0,-1286.0,386340,172771,Bearish Reversal
2009-08-04,217009,23495,17557.0,-3186.0,392834,193514,Bullish
2009-08-11,211989,21903,-5020.0,-1592.0,385002,190086,Bearish Reversal
2009-08-18,203467,25937,-8522.0,4034.0,373810,177530,Bearish Reversal
2009-08-25,205472,22490,2005.0,-3447.0,379629,182982,Bullish
2009-09-01,206799,22298,1327.0,-192.0,384703,184501,Bullish
2009-09-08,251708,27032,44909.0,4734.0,451713,224676,Bullish
2009-09-15,263329,27682,11621.0,650.0,467892,235647,Bullish
2009-09-22,265925,29176,2596.0,1494.0,467145,236749,Bullish Reversal
2009-09-29,252994,21608,-12931.0,-7568.0,454585,231386,Bearish Reversal
2009-10-06,269879,30211,16885.0,8603.0,484307,239668,Bullish
2009-10-13,288214,34259,18335.0,4048.0,504187,253955,Bullish
2009-10-20,286864,36757,-1350.0,2498.0,509678,250107,Bearish
2009-10-27,272946,31169,-13918.0,-5588.0,497479,241777,Bearish Reversal
2009-11-03,279524,38205,6578.0,7036.0,493991,241319,Bearish Reversal
2009-11-09,280398,42338,874.0,4133.0,530505,238060,Bearish
2009-11-17,284390,48693,3992.0,6355.0,533119,235697,Bearish
2009-11-24,294780,32449,10390.0,-16244.0,521253,262331,Bullish Reversal
2009-12-01,297316,38252,2536.0,5803.0,521433,259064,Bearish
2009-12-08,290956,36527,-6360.0,-1725.0,505652,254429,Bearish Reversal
2009-12-15,288482,32374,-2474.0,-4153.0,504368,256108,Bullish Reversal
2009-12-22,273487,35411,-14995.0,3037.0,499233,238076,Bearish Reversal
2009-12-29,263631,33141,-9856.0,-2270.0,491712,230490,Bearish Reversal
2010-01-05,263008,35241,-623.0,2100.0,507643,227767,Bearish
2010-01-12,271260,41918,8252.0,6677.0,523266,229342,Bullish
2010-01-19,261276,39807,-9984.0,-2111.0,528924,221469,Bearish
2010-01-26,246223,34299,-15053.0,-5508.0,507565,211924,Bearish Reversal
2010-02-02,246048,35879,-175.0,1580.0,480860,210169,Bearish Reversal
2010-02-09,222775,41256,-23273.0,5377.0,466905,181519,Bearish Reversal
2010-02-16,224715,35857,1940.0,-5399.0,466509,188858,Bullish Reversal
2010-02-23,233106,32484,8391.0,-3373.0,466572,200622,Bullish
2010-03-02,239765,32393,6659.0,-91.0,482786,207372,Bullish
2010-03-09,240868,32674,1103.0,281.0,493909,208194,Bullish
2010-03-16,239065,38719,-1803.0,6045.0,496481,200346,Bearish
2010-03-23,221472,37600,-17593.0,-1119.0,495143,183872,Bearish Reversal
2010-03-30,209874,36108,-11598.0,-1492.0,466678,173766,Bearish Reversal
2010-04-06,242302,38856,32428.0,2748.0,497388,203446,Bullish
2010-04-13,262599,41857,20297.0,3001.0,528856,220742,Bullish
2010-04-20,251244,40593,-11355.0,-1264.0,521338,210651,Bearish Reversal
2010-04-27,263472,37804,12228.0,-2789.0,538591,225668,Bullish
2010-05-04,271511,40964,8039.0,3160.0,551616,230547,Bullish
2010-05-11,282375,46550,10864.0,5586.0,583504,235825,Bullish
2010-05-18,281985,50315,-390.0,3765.0,579758,231670,Bearish Reversal
2010-05-25,271184,43493,-10801.0,-6822.0,591360,227691,Bearish
2010-06-01,266569,42023,-4615.0,-1470.0,553950,224546,Bearish Reversal
2010-06-08,270729,43331,4160.0,1308.0,564792,227398,Bullish
2010-06-15,273657,43406,2928.0,75.0,569204,230251,Bullish
2010-06-22,283920,45286,10263.0,1880.0,602411,238634,Bullish
2010-06-29,279992,35267,-3928.0,-10019.0,601138,244725,Bullish Reversal
2010-07-06,251273,42231,-28719.0,6964.0,577732,209042,Bearish Reversal
2010-07-13,243867,38946,-7406.0,-3285.0,568078,204921,Bearish Reversal
2010-07-20,227963,49656,-15904.0,10710.0,559473,178307,Bearish Reversal
2010-07-27,228251,39350,288.0,-10306.0,560066,188901,Bullish
2010-08-03,222704,37189,-5547.0,-2161.0,518643,185515,Bearish Reversal
2010-08-10,224485,33798,1781.0,-3391.0,523078,190687,Bullish
2010-08-17,240954,36726,16469.0,2928.0,543674,204228,Bullish
2010-08-24,256244,35053,15290.0,-1673.0,556464,221191,Bullish
2010-08-31,272509,34432,16265.0,-621.0,577352,238077,Bullish
2010-09-07,275367,35670,2858.0,1238.0,585564,239697,Bullish
2010-09-14,286237,41976,10870.0,6306.0,594058,244261,Bullish
2010-09-21,286568,42555,331.0,579.0,597592,244013,Bearish
2010-09-28,297272,39623,10704.0,-2932.0,619408,257649,Bullish
2010-10-05,300571,40951,3299.0,1328.0,617204,259620,Bullish Reversal
2010-10-12,304564,48690,3993.0,7739.0,616382,255874,Bearish Reversal
2010-10-19,299275,49523,-5289.0,833.0,630626,249752,Bearish
2010-10-26,283153,44067,-16122.0,-5456.0,607582,239086,Bearish Reversal
2010-11-02,282707,52479,-446.0,8412.0,618381,230228,Bearish
2010-11-09,298005,51826,15298.0,-653.0,650764,246179,Bullish
2010-11-16,267157,48678,-30848.0,-3148.0,637435,218479,Bearish Reversal
2010-11-23,261969,40640,-5188.0,-8038.0,622712,221329,Bullish Reversal
2010-11-30,265824,38217,3855.0,-2423.0,600158,227607,Bullish Reversal
2010-12-07,269504,36753,3680.0,-1464.0,603632,232751,Bullish
2010-12-14,259917,39722,-9587.0,2969.0,594652,220195,Bearish Reversal
2010-12-21,251722,45298,-8195.0,5576.0,582133,206424,Bearish Reversal
2010-12-28,258145,42357,6423.0,-2941.0,594490,215788,Bullish
2011-01-04,250305,47987,-7840.0,5630.0,592613,202318,Bearish Reversal
2011-01-11,234333,56961,-15972.0,8974.0,588179,177372,Bearish Reversal
2011-01-18,237404,72411,3071.0,15450.0,587832,164993,Bearish Reversal
2011-01-25,232725,72136,-4679.0,-275.0,506047,160589,Bearish Reversal
2011-02-01,212265,61071,-20460.0,-11065.0,462907,151194,Bearish Reversal
2011-02-08,226799,59706,14534.0,-1365.0,469779,167093,Bullish
2011-02-15,230943,58099,4144.0,-1607.0,473345,172844,Bullish
2011-02-22,246967,66543,16024.0,8444.0,502119,180424,Bullish
2011-03-01,257754,60501,10787.0,-6042.0,515784,197253,Bullish
2011-03-08,253434,62494,-4320.0,1993.0,515214,190940,Bearish Reversal
2011-03-15,240661,66090,-12773.0,3596.0,507760,174571,Bearish Reversal
2011-03-22,231512,56675,-9149.0,-9415.0,509131,174837,Bullish
2011-03-29,242343,49222,10831.0,-7453.0,492087,193121,Bullish Reversal
2011-04-05,259792,55086,17449.0,5864.0,508956,204706,Bullish
2011-04-12,261335,59590,1543.0,4504.0,514871,201745,Bearish
2011-04-19,274208,59282,12873.0,-308.0,537946,214926,Bullish
2011-04-26,260607,59341,-13601.0,59.0,530132,201266,Bearish Reversal
2011-05-03,259440,66784,-1167.0,7443.0,522323,192656,Bearish Reversal
2011-05-10,240975,64636,-18465.0,-2148.0,510151,176339,Bearish Reversal
2011-05-17,227421,62818,-13554.0,-1818.0,509164,164603,Bearish Reversal
2011-05-24,240461,68067,13040.0,5249.0,531180,172394,Bullish
2011-05-31,247185,55411,6724.0,-12656.0,501400,191774,Bullish Reversal
2011-06-07,251837,53129,4652.0,-2282.0,502251,198708,Bullish
2011-06-14,247713,56018,-4124.0,2889.0,497780,191695,Bearish Reversal
2011-06-21,262254,59027,14541.0,3009.0,515016,203227,Bullish
2011-06-28,225982,60080,-36272.0,1053.0,495761,165902,Bearish Reversal
2011-07-05,219889,62114,-6093.0,2034.0,489782,157775,Bearish Reversal
2011-07-12,262515,64918,42626.0,2804.0,520202,197597,Bullish
2011-07-19,277492,58195,14977.0,-6723.0,542342,219297,Bullish
2011-07-26,278473,42856,981.0,-15339.0,536454,235617,Bullish Reversal
2011-08-02,291974,44799,13501.0,1943.0,529403,247175,Bullish Reversal
2011-08-09,259388,55815,-32586.0,11016.0,510223,203573,Bearish Reversal
2011-08-16,263954,63868,4566.0,8053.0,514107,200086,Bearish
2011-08-23,258641,70960,-5313.0,7092.0,528520,187681,Bearish
2011-08-30,237230,60283,-21411.0,-10677.0,509326,176947,Bearish Reversal
2011-09-06,248457,64086,11227.0,3803.0,523294,184371,Bullish
2011-09-13,235395,66548,-13062.0,2462.0,512068,168847,Bearish Reversal
2011-09-20,212809,62280,-22586.0,-4268.0,499356,150529,Bearish Reversal
2011-09-27,181723,53922,-31086.0,-8358.0,465414,127801,Bearish Reversal
2011-10-04,180635,47479,-1088.0,-6443.0,436920,133156,Bullish Reversal
2011-10-11,179125,44623,-1510.0,-2856.0,438090,134502,Bullish
2011-10-18,175224,48246,-3901.0,3623.0,437739,126978,Bearish Reversal
2011-10-25,182146,52425,6922.0,4179.0,443723,129721,Bullish
2011-11-01,183149,43204,1003.0,-9221.0,442435,139945,Bullish Reversal
2011-11-08,200186,44479,17037.0,1275.0,464982,155707,Bullish
2011-11-15,205417,46203,5231.0,1724.0,470490,159214,Bullish
2011-11-22,194066,33096,-11351.0,-13107.0,457070,160970,Bullish Reversal
2011-11-29,186031,31238,-8035.0,-1858.0,423176,154793,Bearish Reversal
2011-12-06,192752,33041,6721.0,1803.0,422956,159711,Bullish Reversal
2011-12-13,184468,33965,-8284.0,924.0,427699,150503,Bearish
2011-12-20,172973,39037,-11495.0,5072.0,423465,133936,Bearish Reversal
2011-12-27,167413,36625,-5560.0,-2412.0,418945,130788,Bearish Reversal
2012-01-03,169339,38368,1926.0,1743.0,423275,130971,Bullish
2012-01-10,166262,33502,-3077.0,-4866.0,417923,132760,Bullish Reversal
2012-01-17,167373,31344,1111.0,-2158.0,432838,136029,Bullish
2012-01-24,173479,31256,6106.0,-88.0,427032,142223,Bullish Reversal
2012-01-31,197478,26119,23999.0,-5137.0,425133,171359,Bullish Reversal
2012-02-07,207620,30113,10142.0,3994.0,436061,177507,Bullish
2012-02-14,200332,32912,-7288.0,2799.0,431164,167420,Bearish Reversal
2012-02-21,214343,33382,14011.0,470.0,456676,180961,Bullish
2012-02-28,231050,37830,16707.0,4448.0,479044,193220,Bullish
2012-03-06,198112,34847,-32938.0,-2983.0,443249,163265,Bearish Reversal
2012-03-13,190477,39571,-7635.0,4724.0,442319,150906,Bearish Reversal
2012-03-20,175009,43546,-15468.0,3975.0,431039,131463,Bearish Reversal
2012-03-27,182369,34548,7360.0,-8998.0,417304,147821,Bullish Reversal
2012-04-03,175592,33827,-6777.0,-721.0,407761,141765,Bearish Reversal
2012-04-10,170996,34343,-4596.0,516.0,403989,136653,Bearish Reversal
2012-04-17,168700,26695,-2296.0,-7648.0,398526,142005,Bullish Reversal
2012-04-24,165003,30009,-3697.0,3314.0,395389,134994,Bearish Reversal
2012-05-01,169568,29175,4565.0,-834.0,411972,140393,Bullish
2012-05-08,166130,42827,-3438.0,13652.0,417798,123303,Bearish
2012-05-15,164051,49909,-2079.0,7082.0,422091,114142,Bearish
2012-05-22,169551,54400,5500.0,4491.0,435706,115151,Bullish
2012-05-29,167439,56727,-2112.0,2327.0,419991,110712,Bearish Reversal
2012-06-05,183962,55098,16523.0,-1629.0,423941,128864,Bullish
2012-06-12,181259,48944,-2703.0,-6154.0,412244,132315,Bullish Reversal
2012-06-19,184393,47989,3134.0,-955.0,418492,136404,Bullish
2012-06-26,174589,51970,-9804.0,3981.0,413618,122619,Bearish Reversal
2012-07-03,187263,50048,12674.0,-1922.0,425068,137215,Bullish
2012-07-10,182156,55921,-5107.0,5873.0,429854,126235,Bearish
2012-07-17,180474,51515,-1682.0,-4406.0,431317,128959,Bullish
2012-07-24,166085,53108,-14389.0,1593.0,420296,112977,Bearish Reversal
2012-07-31,171331,45267,5246.0,-7841.0,403403,126064,Bullish Reversal
2012-08-07,163082,47582,-8249.0,2315.0,388254,115500,Bearish Reversal
2012-08-14,161435,47131,-1647.0,-451.0,388187,114304,Bearish Reversal
2012-08-21,170780,40096,9345.0,-7035.0,398747,130684,Bullish
2012-08-28,194680,36189,23900.0,-3907.0,426559,158491,Bullish
2012-09-04,204945,34481,10265.0,-1708.0,444489,170464,Bullish
2012-09-11,214403,32387,9458.0,-2094.0,460531,182016,Bullish
2012-09-18,224988,33873,10585.0,1486.0,478609,191115,Bullish
2012-09-25,233994,30098,9006.0,-3775.0,489516,203896,Bullish
2012-10-02,239434,31108,5440.0,1010.0,480908,208326,Bullish Reversal
2012-10-09,247401,35452,7967.0,4344.0,484359,211949,Bullish
2012-10-16,232988,38968,-14413.0,3516.0,462826,194020,Bearish Reversal
2012-10-23,222095,40052,-10893.0,1084.0,455836,182043,Bearish Reversal
2012-10-30,207532,37310,-14563.0,-2742.0,454742,170222,Bearish Reversal
2012-11-06,196504,36331,-11028.0,-979.0,447154,160173,Bearish Reversal
2012-11-13,207847,36253,11343.0,-78.0,459761,171594,Bullish
2012-11-20,217433,36618,9586.0,365.0,474129,180815,Bullish
2012-11-27,228431,28024,10998.0,-8594.0,479373,200407,Bullish
2012-12-04,202177,36441,-26254.0,8417.0,434416,165736,Bearish Reversal
2012-12-11,201955,38256,-222.0,1815.0,433586,163699,Bearish Reversal
2012-12-18,202641,44860,686.0,6604.0,435742,157781,Bearish
2012-12-24,200436,50340,-2205.0,5480.0,426300,150096,Bearish Reversal
2012-12-31,198660,50141,-1776.0,-199.0,427991,148519,Bearish
2013-01-08,193869,51061,-4791.0,920.0,441304,142808,Bearish
2013-01-15,192955,47839,-914.0,-3222.0,447773,145116,Bullish
2013-01-22,195795,43898,2840.0,-3941.0,461369,151897,Bullish
2013-01-29,181103,54155,-14692.0,10257.0,430718,126948,Bearish Reversal
2013-02-05,192806,55341,11703.0,1186.0,423982,137465,Bullish Reversal
2013-02-12,193941,67106,1135.0,11765.0,435088,126835,Bearish
2013-02-19,195870,92219,1929.0,25113.0,447290,103651,Bearish
2013-02-26,201956,85357,6086.0,-6862.0,433858,116599,Bullish Reversal
2013-03-05,195248,87661,-6708.0,2304.0,434586,107587,Bearish
2013-03-12,201617,87110,6369.0,-551.0,445651,114507,Bullish
2013-03-19,208895,73285,7278.0,-13825.0,440712,135610,Bullish Reversal
2013-03-26,200389,67943,-8506.0,-5342.0,419727,132446,Bearish Reversal
2013-04-02,202634,82428,2245.0,14485.0,417176,120206,Bearish Reversal
2013-04-09,203812,84453,1178.0,2025.0,416513,119359,Bearish Reversal
2013-04-16,204677,75795,865.0,-8658.0,413083,128882,Bullish Reversal
2013-04-23,197188,92933,-7489.0,17138.0,415074,104255,Bearish
2013-04-30,193310,96258,-3878.0,3325.0,421087,97052,Bearish
2013-05-07,189343,99920,-3967.0,3662.0,437931,89423,Bearish
2013-05-14,186921,103195,-2422.0,3275.0,443806,83726,Bearish
2013-05-21,189401,109142,2480.0,5947.0,446087,80259,Bearish
2013-05-28,172565,115686,-16836.0,6544.0,411001,56879,Bearish Reversal
2013-06-04,170971,109771,-1594.0,-5915.0,373061,61200,Bullish Reversal
2013-06-11,174015,115010,3044.0,5239.0,373844,59005,Bearish
2013-06-18,166771,123079,-7244.0,8069.0,377106,43692,Bearish
2013-06-25,164901,130749,-1870.0,7670.0,390647,34152,Bearish
2013-07-02,158712,137961,-6189.0,7212.0,410399,20751,Bearish
2013-07-09,160214,143657,1502.0,5696.0,431574,16557,Bearish
2013-07-16,156571,133109,-3643.0,-10548.0,440283,23462,Bullish
2013-07-23,161197,127006,4626.0,-6103.0,434750,34191,Bullish Reversal
2013-07-30,154519,126153,-6678.0,-853.0,397035,28366,Bearish Reversal
2013-08-06,153812,102177,-707.0,-23976.0,396062,51635,Bullish Reversal
2013-08-13,148524,94598,-5288.0,-7579.0,390547,53926,Bullish Reversal
2013-08-20,151348,90952,2824.0,-3646.0,385410,60396,Bullish Reversal
2013-08-27,150074,71785,-1274.0,-19167.0,384102,78289,Bullish Reversal
2013-09-03,151951,73760,1877.0,1975.0,388584,78191,Bearish
2013-09-10,141506,72782,-10445.0,-978.0,384164,68724,Bearish Reversal
2013-09-17,138956,80160,-2550.0,7378.0,384592,58796,Bearish
2013-09-24,140468,73329,1512.0,-6831.0,378216,67139,Bullish Reversal
2013-10-01,141541,68494,1073.0,-4835.0,374151,73047,Bullish Reversal
2013-10-08,140207,57890,-1334.0,-10604.0,370406,82317,Bullish Reversal
2013-10-15,139663,77730,-544.0,19840.0,381727,61933,Bearish
2013-10-22,147835,71170,8172.0,-6560.0,390369,76665,Bullish
2013-10-29,153409,53173,5574.0,-17997.0,387166,100236,Bullish Reversal
2013-11-05,149031,57895,-4378.0,4722.0,386796,91136,Bearish Reversal
2013-11-12,144062,82710,-4969.0,24815.0,403840,61352,Bearish
2013-11-19,140853,92733,-3209.0,10023.0,397590,48120,Bearish Reversal
2013-11-26,133414,106859,-7439.0,14126.0,394432,26555,Bearish Reversal
2013-12-03,134546,111855,1132.0,4996.0,386436,22691,Bearish Reversal
2013-12-10,133866,107486,-680.0,-4369.0,377313,26380,Bullish Reversal
2013-12-17,133068,107164,-798.0,-322.0,385432,25904,Bearish
2013-12-24,135390,108051,2322.0,887.0,384974,27339,Bullish Reversal
2013-12-31,137182,104959,1792.0,-3092.0,379550,32223,Bullish Reversal
2014-01-07,139244,100357,2062.0,-4602.0,383021,38887,Bullish
2014-01-14,145857,101844,6613.0,1487.0,415426,44013,Bullish
2014-01-21,146018,99435,161.0,-2409.0,410959,46583,Bullish Reversal
2014-01-28,150158,83817,4140.0,-15618.0,382739,66341,Bullish Reversal
2014-02-04,147754,82815,-2404.0,-1002.0,368279,64939,Bearish Reversal
2014-02-11,156786,85585,9032.0,2770.0,376973,71201,Bullish
2014-02-18,164478,79847,7692.0,-5738.0,390535,84631,Bullish
2014-02-25,169870,60406,5392.0,-19441.0,387503,109464,Bullish Reversal
2014-03-04,171404,56238,1534.0,-4168.0,393266,115166,Bullish
2014-03-11,170482,51592,-922.0,-4646.0,415340,118890,Bullish
2014-03-18,183324,46510,12842.0,-5082.0,420626,136814,Bullish
2014-03-25,169083,51766,-14241.0,5256.0,398264,117317,Bearish Reversal
2014-04-01,158152,58007,-10931.0,6241.0,363451,100145,Bearish Reversal
2014-04-08,149693,61094,-8459.0,3087.0,365400,88599,Bearish
2014-04-15,147432,68140,-2261.0,7046.0,369577,79292,Bearish
2014-04-22,146880,65047,-552.0,-3093.0,372593,81833,Bullish
2014-04-29,147769,62542,889.0,-2505.0,378092,85227,Bullish
2014-05-06,160982,63026,13213.0,484.0,404700,97956,Bullish
2014-05-13,157176,65542,-3806.0,2516.0,397029,91634,Bearish Reversal
2014-05-20,157398,60907,222.0,-4635.0,399371,96491,Bullish
2014-05-27,155615,82224,-1783.0,21317.0,397695,73391,Bearish Reversal
2014-06-03,157332,98181,1717.0,15957.0,382141,59151,Bearish Reversal
2014-06-10,159567,98440,2235.0,259.0,378689,61127,Bullish Reversal
2014-06-17,162052,83757,2485.0,-14683.0,379843,78295,Bullish
2014-06-24,183433,62574,21381.0,-21183.0,392388,120859,Bullish
2014-07-01,201287,55262,17854.0,-7312.0,401813,146025,Bullish
2014-07-08,203464,53443,2177.0,-1819.0,410992,150021,Bullish
2014-07-15,199950,57492,-3514.0,4049.0,408368,142458,Bearish Reversal
2014-07-22,197835,51689,-2115.0,-5803.0,405617,146146,Bullish Reversal
2014-07-29,188980,49827,-8855.0,-1862.0,374467,139153,Bearish Reversal
2014-08-05,176386,54923,-12594.0,5096.0,360342,121463,Bearish Reversal
2014-08-12,191325,43644,14939.0,-11279.0,368114,147681,Bullish
2014-08-19,183846,45870,-7479.0,2226.0,366401,137976,Bearish Reversal
2014-08-26,172022,58853,-11824.0,12983.0,363608,113169,Bearish Reversal
2014-09-02,172522,75643,500.0,16790.0,371515,96879,Bearish
2014-09-09,177555,82414,5033.0,6771.0,384341,95141,Bearish
2014-09-16,170749,98562,-6806.0,16148.0,386080,72187,Bearish
2014-09-23,170382,106498,-367.0,7936.0,385788,63884,Bearish Reversal
2014-09-30,171075,106205,693.0,-293.0,379874,64870,Bullish Reversal
2014-10-07,174075,107628,3000.0,1423.0,380087,66447,Bullish
2014-10-14,193580,108165,19505.0,537.0,397855,85415,Bullish
2014-10-21,207129,99145,13549.0,-9020.0,411057,107984,Bullish
2014-10-28,195885,95146,-11244.0,-3999.0,414410,100739,Bearish
2014-11-04,176899,113674,-18986.0,18528.0,417377,63225,Bearish
2014-11-11,177268,121225,369.0,7551.0,443422,56043,Bearish
2014-11-18,187955,106533,10687.0,-14692.0,459657,81422,Bullish
2014-11-25,167394,91187,-20561.0,-15346.0,388145,76207,Bearish Reversal
2014-12-02,170635,81305,3241.0,-9882.0,368121,89330,Bullish Reversal
2014-12-09,186861,71999,16226.0,-9306.0,375323,114862,Bullish
2014-12-16,182147,63739,-4714.0,-8260.0,371743,118408,Bullish Reversal
2014-12-23,180980,70070,-1167.0,6331.0,375212,110910,Bearish
2014-12-30,182897,67060,1917.0,-3010.0,373982,115837,Bullish Reversal
2015-01-06,187705,65527,4808.0,-1533.0,394021,122178,Bullish
2015-01-13,192959,62733,5254.0,-2794.0,402108,130226,Bullish
2015-01-20,223257,60802,30298.0,-1931.0,430128,162455,Bullish
2015-01-27,238407,49482,15150.0,-11320.0,438279,188925,Bullish
2015-02-03,229006,43991,-9401.0,-5491.0,419524,185015,Bearish Reversal
2015-02-10,199036,43762,-29970.0,-229.0,393232,155274,Bearish Reversal
2015-02-17,188121,56387,-10915.0,12625.0,389530,131734,Bearish Reversal
2015-02-24,184416,58245,-3705.0,1858.0,399307,126171,Bearish
2015-03-03,180561,64741,-3855.0,6496.0,405124,115820,Bearish
2015-03-10,171821,89929,-8740.0,25188.0,410918,81892,Bearish
2015-03-17,162268,109175,-9553.0,19246.0,429738,53093,Bearish
2015-03-24,168234,113953,5966.0,4778.0,433767,54281,Bullish
2015-03-31,172818,92799,4584.0,-21154.0,387585,80019,Bullish Reversal
2015-04-07,183130,82373,10312.0,-10426.0,390571,100757,Bullish
2015-04-14,184741,86344,1611.0,3971.0,395089,98397,Bearish
2015-04-21,184567,83322,-174.0,-3022.0,397379,101245,Bullish
2015-04-28,189929,88672,5362.0,5350.0,403575,101257,Bullish
2015-05-05,173105,100665,-16824.0,11993.0,399988,72440,Bearish Reversal
2015-05-12,179257,101817,6152.0,1152.0,405612,77440,Bullish
2015-05-19,202190,79569,22933.0,-22248.0,428597,122621,Bullish
2015-05-26,191951,87257,-10239.0,7688.0,411961,104694,Bearish Reversal
2015-06-02,194299,89889,2348.0,2632.0,398724,104410,Bearish Reversal
2015-06-09,186813,111723,-7486.0,21834.0,406069,75090,Bearish
2015-06-16,191053,115330,4240.0,3607.0,415718,75723,Bullish
2015-06-23,202944,107830,11891.0,-7500.0,430978,95114,Bullish
2015-06-30,194476,127321,-8468.0,19491.0,442301,67155,Bearish
2015-07-07,193776,143328,-700.0,16007.0,452145,50448,Bearish
2015-07-14,191014,143190,-2762.0,-138.0,462664,47824,Bearish
2015-07-21,187720,159441,-3294.0,16251.0,459760,28279,Bearish Reversal
2015-07-28,182977,158512,-4743.0,-929.0,438282,24465,Bearish Reversal
2015-08-04,184792,154892,1815.0,-3620.0,434273,29900,Bullish Reversal
2015-08-11,187778,155336,2986.0,444.0,435489,32442,Bullish
2015-08-18,185712,144053,-2066.0,-11283.0,432728,41659,Bullish Reversal
2015-08-25,189893,119160,4181.0,-24893.0,432154,70733,Bullish Reversal
2015-09-01,182753,110068,-7140.0,-9092.0,410274,72685,Bullish Reversal
2015-09-08,183615,124322,862.0,14254.0,421732,59293,Bearish
2015-09-15,174225,134678,-9390.0,10356.0,413333,39547,Bearish Reversal
2015-09-22,182080,120955,7855.0,-13723.0,419304,61125,Bullish
2015-09-29,182792,106147,712.0,-14808.0,415700,76645,Bullish Reversal
2015-10-06,191000,104181,8208.0,-1966.0,430228,86819,Bullish
2015-10-13,203299,86140,12299.0,-18041.0,435928,117159,Bullish
2015-10-20,233227,81926,29928.0,-4214.0,467792,151301,Bullish
2015-10-27,225985,68551,-7242.0,-13375.0,466780,157434,Bullish Reversal
2015-11-03,194784,78442,-31201.0,9891.0,443900,116342,Bearish Reversal
2015-11-10,174561,106172,-20223.0,27730.0,436426,68389,Bearish Reversal
2015-11-17,173395,138996,-1166.0,32824.0,435376,34399,Bearish Reversal
2015-11-24,159440,143138,-13955.0,4142.0,397705,16302,Bearish Reversal
2015-12-01,158792,149042,-648.0,5904.0,390940,9750,Bearish Reversal
2015-12-08,162764,143141,3972.0,-5901.0,394128,19623,Bullish
2015-12-15,155934,142278,-6830.0,-863.0,390944,13656,Bearish Reversal
2015-12-22,154276,127849,-1658.0,-14429.0,405294,26427,Bullish
2015-12-29,150229,131127,-4047.0,3278.0,401880,19102,Bearish Reversal
2016-01-05,153532,126972,3303.0,-4155.0,413688,26560,Bullish
2016-01-12,158655,113937,5123.0,-13035.0,397565,44718,Bullish Reversal
2016-01-19,158320,114626,-335.0,689.0,408835,43694,Bearish
2016-01-26,170471,111431,12151.0,-3195.0,385350,59040,Bullish Reversal
2016-02-02,176968,104146,6497.0,-7285.0,379185,72822,Bullish Reversal
2016-02-09,201754,103326,24786.0,-820.0,410833,98428,Bullish
2016-02-16,209101,91741,7347.0,-11585.0,428912,117360,Bullish
2016-02-23,227381,82403,18280.0,-9338.0,445290,144978,Bullish
2016-03-01,223186,70773,-4195.0,-11630.0,450555,152413,Bullish
2016-03-08,252895,78085,29709.0,7312.0,499110,174810,Bullish
2016-03-15,247659,78147,-5236.0,62.0,493086,169512,Bearish Reversal
2016-03-22,258646,79815,10987.0,1668.0,510579,178831,Bullish
2016-03-29,262082,72276,3436.0,-7539.0,480461,189806,Bullish Reversal
2016-04-05,263781,73381,1699.0,1105.0,474094,190400,Bullish Reversal
2016-04-12,286341,72534,22560.0,-847.0,504523,213807,Bullish
2016-04-19,291143,74306,4802.0,1772.0,503331,216837,Bullish Reversal
2016-04-26,288173,67316,-2970.0,-6990.0,497884,220857,Bullish Reversal
2016-05-03,338476,66828,50303.0,-488.0,565774,271648,Bullish
2016-05-10,337251,72353,-1225.0,5525.0,579777,264898,Bearish
2016-05-17,340748,74460,3497.0,2107.0,595077,266288,Bullish
2016-05-24,291266,84634,-49482.0,10174.0,542958,206632,Bearish Reversal
2016-05-31,274589,77454,-16677.0,-7180.0,494321,197135,Bearish Reversal
2016-06-07,295688,67069,21099.0,-10385.0,496330,228619,Bullish
2016-06-14,347557,67695,51869.0,626.0,545357,279862,Bullish
2016-06-21,358825,66096,11268.0,-1599.0,571517,292729,Bullish
2016-06-28,373128,71208,14303.0,5112.0,613792,301920,Bullish
2016-07-05,389590,73627,16462.0,2419.0,652971,315963,Bullish
2016-07-12,378081,80618,-11509.0,6991.0,633020,297463,Bearish Reversal
2016-07-19,366871,80960,-11210.0,342.0,617069,285911,Bearish Reversal
2016-07-26,347426,68471,-19445.0,-12489.0,576325,278955,Bearish Reversal
2016-08-02,365801,71618,18375.0,3147.0,582211,294183,Bullish
2016-08-09,356471,70024,-9330.0,-1594.0,575399,286447,Bearish Reversal
2016-08-16,351535,67684,-4936.0,-2340.0,572496,283851,Bearish Reversal
2016-08-23,359785,65176,8250.0,-2508.0,572973,294609,Bullish
2016-08-30,340586,64245,-19199.0,-931.0,558398,276341,Bearish Reversal
2016-09-06,370375,62515,29789.0,-1730.0,590656,307860,Bullish
2016-09-13,351776,66363,-18599.0,3848.0,575002,285413,Bearish Reversal
2016-09-20,326326,70147,-25450.0,3784.0,558791,256179,Bearish Reversal
2016-09-27,358972,67068,32646.0,-3079.0,583161,291904,Bullish
2016-10-04,324136,78628,-34836.0,11560.0,544824,245508,Bearish Reversal
2016-10-11,283386,88167,-40750.0,9539.0,500328,195219,Bearish Reversal
2016-10-18,274345,94727,-9041.0,6560.0,497061,179618,Bearish Reversal
2016-10-25,285376,88396,11031.0,-6331.0,507617,196980,Bullish
2016-11-01,288308,73177,2932.0,-15219.0,521506,215131,Bullish
2016-11-08,289860,72622,1552.0,-555.0,528203,217238,Bullish
2016-11-15,245750,68090,-44110.0,-4532.0,479237,177660,Bearish Reversal
2016-11-22,241646,74561,-4104.0,6471.0,461062,167085,Bearish Reversal
2016-11-29,229731,78161,-11915.0,3600.0,405661,151570,Bearish Reversal
2016-12-06,227675,91295,-2056.0,13134.0,393524,136380,Bearish Reversal
2016-12-13,229755,100444,2080.0,9149.0,397034,129311,Bearish
2016-12-20,219067,104233,-10688.0,3789.0,398661,114834,Bearish
2016-12-27,206538,108195,-12529.0,3962.0,401513,98343,Bearish
2017-01-03,208855,112305,2317.0,4110.0,424673,96550,Bearish
2017-01-10,214000,104518,5145.0,-7787.0,444001,109482,Bullish
2017-01-17,218144,111103,4144.0,6585.0,467937,107041,Bearish
2017-01-24,209854,100447,-8290.0,-10656.0,482374,109407,Bullish
2017-01-31,212414,93259,2560.0,-7188.0,398433,119155,Bullish Reversal
2017-02-07,216408,99259,3994.0,6000.0,415543,117149,Bearish
2017-02-14,212259,102507,-4149.0,3248.0,415128,109752,Bearish Reversal
2017-02-21,219673,95910,7414.0,-6597.0,427168,123763,Bullish
2017-02-28,247494,83696,27821.0,-12214.0,446081,163798,Bullish
2017-03-07,229969,96284,-17525.0,12588.0,434401,133685,Bearish Reversal
2017-03-14,210315,104277,-19654.0,7993.0,426170,106038,Bearish Reversal
2017-03-21,219719,103467,9404.0,-810.0,446880,116252,Bullish
2017-03-28,227839,90019,8120.0,-13448.0,449418,137820,Bullish
2017-04-04,239061,83625,11222.0,-6394.0,427808,155436,Bullish Reversal
2017-04-11,253004,80338,13943.0,-3287.0,456131,172666,Bullish
2017-04-18,279311,83543,26307.0,3205.0,472263,195768,Bullish
2017-04-25,287468,86791,8157.0,3248.0,475985,200677,Bullish
2017-05-02,276032,86398,-11436.0,-393.0,461905,189634,Bearish Reversal
2017-05-09,236115,86109,-39917.0,-289.0,433033,150006,Bearish Reversal
2017-05-16,221532,94808,-14583.0,8699.0,435021,126724,Bearish
2017-05-23,241752,81985,20220.0,-12823.0,462572,159767,Bullish
2017-05-30,250542,83452,8790.0,1467.0,434246,167090,Bullish Reversal
2017-06-06,312240,107775,61698.0,24323.0,494041,204465,Bullish
2017-06-13,297178,106904,-15062.0,-871.0,471134,190274,Bearish Reversal
2017-06-20,252620,101945,-44558.0,-4959.0,445841,150675,Bearish Reversal
2017-06-27,236586,104914,-16034.0,2969.0,453144,131672,Bearish
2017-07-03,221681,127882,-14905.0,22968.0,457201,93799,Bearish
2017-07-11,217637,157377,-4044.0,29495.0,475669,60260,Bearish
2017-07-18,217232,157094,-405.0,-283.0,484204,60138,Bearish
2017-07-25,220299,129468,3067.0,-27626.0,463827,90831,Bullish Reversal
2017-08-01,239766,110094,19467.0,-19374.0,448709,129672,Bullish Reversal
2017-08-08,246377,97540,6611.0,-12554.0,448727,148837,Bullish
2017-08-15,277730,89996,31353.0,-7544.0,477921,187734,Bullish
2017-08-22,295711,87273,17981.0,-2723.0,500443,208438,Bullish
2017-08-29,318883,87836,23172.0,563.0,538875,231047,Bullish
2017-09-05,336073,90775,17190.0,2939.0,566817,245298,Bullish
2017-09-12,351492,96732,15419.0,5957.0,580606,254760,Bullish
2017-09-19,330646,94557,-20846.0,-2175.0,570096,236089,Bearish Reversal
2017-09-26,303255,90661,-27391.0,-3896.0,549637,212594,Bearish Reversal
2017-10-03,287296,83441,-15959.0,-7220.0,525127,203855,Bearish Reversal
2017-10-10,279227,79115,-8069.0,-4326.0,520005,200112,Bearish Reversal
2017-10-17,284617,83893,5390.0,4778.0,528800,200724,Bullish
2017-10-24,275521,84136,-9096.0,243.0,526674,191385,Bearish Reversal
2017-10-31,268710,75615,-6811.0,-8521.0,531918,193095,Bullish
2017-11-07,272571,76781,3861.0,1166.0,536843,195790,Bullish
2017-11-14,271496,76412,-1075.0,-369.0,533054,195084,Bearish Reversal
2017-11-21,272934,71107,1438.0,-5305.0,531612,201827,Bullish Reversal
2017-11-28,287384,62967,14450.0,-8140.0,503810,224417,Bullish Reversal
2017-12-05,251234,77905,-36150.0,14938.0,472795,173329,Bearish Reversal
2017-12-12,201912,94844,-49322.0,16939.0,446618,107068,Bearish Reversal
2017-12-19,197473,83678,-4439.0,-11166.0,453595,113795,Bullish
2017-12-26,202590,66642,5117.0,-17036.0,456470,135948,Bullish
2018-01-02,241428,78160,38838.0,11518.0,500731,163268,Bullish
2018-01-09,289161,85873,47733.0,7713.0,555455,203288,Bullish
2018-01-16,301863,90152,12702.0,4279.0,582333,211711,Bullish
2018-01-23,305812,91128,3949.0,976.0,582421,214684,Bullish
2018-01-30,298327,91065,-7485.0,-63.0,559332,207262,Bearish Reversal
2018-02-06,273828,82951,-24499.0,-8114.0,535321,190877,Bearish Reversal
2018-02-13,251860,76254,-21968.0,-6697.0,511745,175606,Bearish Reversal
2018-02-20,257205,66283,5345.0,-9971.0,528154,190922,Bullish
2018-02-27,251981,73263,-5224.0,6980.0,532860,178718,Bearish
2018-03-06,245587,61764,-6394.0,-11499.0,508100,183823,Bullish Reversal
2018-03-13,234431,66483,-11156.0,4719.0,526762,167948,Bearish
2018-03-20,223882,75151,-10549.0,8668.0,545499,148731,Bearish
2018-03-27,259032,55678,35150.0,-19473.0,529690,203354,Bullish Reversal
2018-04-03,234677,68088,-24355.0,12410.0,493141,166589,Bearish Reversal
2018-04-10,234457,79085,-220.0,10997.0,499588,155372,Bearish
2018-04-17,237288,74219,2831.0,-4866.0,510229,163069,Bullish
2018-04-24,225804,89158,-11484.0,14939.0,506410,136646,Bearish Reversal
2018-05-01,209577,102798,-16227.0,13640.0,507756,106779,Bearish
2018-05-08,198548,91108,-11029.0,-11690.0,491398,107440,Bullish Reversal
2018-05-15,201468,109025,2920.0,17917.0,519958,92443,Bearish
2018-05-22,189677,98720,-11791.0,-10305.0,502942,90957,Bearish Reversal
2018-05-29,193652,78522,3975.0,-20198.0,469382,115130,Bullish Reversal
2018-06-05,185321,73905,-8331.0,-4617.0,450641,111416,Bearish Reversal
2018-06-12,192752,72512,7431.0,-1393.0,448695,120240,Bullish Reversal
2018-06-19,202915,106403,10163.0,33891.0,468345,96512,Bearish
2018-06-26,195118,118446,-7797.0,12043.0,468573,76672,Bearish
2018-07-03,210483,132156,15365.0,13710.0,494164,78327,Bullish
2018-07-10,214310,132876,3827.0,720.0,503593,81434,Bullish
2018-07-17,218427,160586,4117.0,27710.0,528278,57841,Bearish
2018-07-24,220620,172023,2193.0,11437.0,496620,48597,Bearish Reversal
2018-07-31,209255,173918,-11365.0,1895.0,452655,35337,Bearish Reversal
2018-08-07,208292,195604,-963.0,21686.0,459474,12688,Bearish
2018-08-14,211779,215467,3487.0,19863.0,476739,-3688,Bearish
2018-08-21,213500,222210,1721.0,6743.0,483730,-8710,Bearish
2018-08-28,207370,210433,-6130.0,-11777.0,479283,-3063,Bullish Reversal
2018-09-04,199762,213259,-7608.0,2826.0,473118,-13497,Bearish Reversal
2018-09-11,198367,205957,-1395.0,-7302.0,469450,-7590,Bullish Reversal
2018-09-18,197797,208641,-570.0,2684.0,469436,-10844,Bearish Reversal
2018-09-25,192940,210588,-4857.0,1947.0,460279,-17648,Bearish Reversal
2018-10-02,192490,214312,-450.0,3724.0,459776,-21822,Bearish Reversal
2018-10-09,179746,217921,-12744.0,3609.0,465253,-38175,Bearish
2018-10-16,189200,171533,9454.0,-46388.0,474418,17667,Bullish
2018-10-23,192578,163190,3378.0,-8343.0,477832,29388,Bullish
2018-10-30,168754,155560,-23824.0,-7630.0,474941,13194,Bearish Reversal
2018-11-06,169141,150115,387.0,-5445.0,494911,19026,Bullish
2018-11-13,168416,177663,-725.0,27548.0,539520,-9247,Bearish
2018-11-20,165506,156610,-2910.0,-21053.0,525940,8896,Bullish Reversal
2018-11-27,156779,154908,-8727.0,-1702.0,442801,1871,Bearish Reversal
2018-12-04,173019,124018,16240.0,-30890.0,399919,49001,Bullish Reversal
2018-12-11,169600,109101,-3419.0,-14917.0,402250,60499,Bullish
2018-12-18,182168,106208,12568.0,-2893.0,412485,75960,Bullish
2018-12-24,208622,97637,26454.0,-8571.0,442727,110985,Bullish
2018-12-31,210141,86369,1519.0,-11268.0,451360,123772,Bullish
2019-01-08,199560,100344,-10581.0,13975.0,455232,99216,Bearish
2019-01-15,201796,113883,2236.0,13539.0,501605,87913,Bearish
2019-01-22,186510,112006,-15286.0,-1877.0,513509,74504,Bearish
2019-01-29,212318,112725,25808.0,719.0,483390,99593,Bullish Reversal
2019-02-05,218200,109105,5882.0,-3620.0,479736,109095,Bullish Reversal
2019-02-12,214170,109296,-4030.0,191.0,476083,104874,Bearish Reversal
2019-02-19,254086,108439,39916.0,-857.0,504639,145647,Bullish
2019-02-26,236835,101139,-17251.0,-7300.0,501268,135696,Bearish Reversal
2019-03-05,202628,114610,-34207.0,13471.0,471311,88018,Bearish Reversal
2019-03-12,205250,126431,2622.0,11821.0,530030,78819,Bearish
2019-03-19,204325,115929,-925.0,-10502.0,514163,88396,Bullish Reversal
2019-03-26,214897,94959,10572.0,-20970.0,509575,119938,Bullish Reversal
2019-04-02,193784,99228,-21113.0,4269.0,440170,94556,Bearish Reversal
2019-04-09,199507,94143,5723.0,-5085.0,447539,105364,Bullish
2019-04-16,183213,126940,-16294.0,32797.0,440581,56273,Bearish Reversal
2019-04-23,176691,139296,-6522.0,12356.0,440048,37395,Bearish Reversal
2019-04-30,177275,111056,584.0,-28240.0,430011,66219,Bullish Reversal
2019-05-07,185801,110390,8526.0,-666.0,450039,75411,Bullish
2019-05-14,226361,101825,40560.0,-8565.0,517995,124536,Bullish
2019-05-21,203628,114823,-22733.0,12998.0,508643,88805,Bearish Reversal
2019-05-28,194463,107775,-9165.0,-7048.0,505126,86688,Bearish Reversal
2019-06-04,240477,84362,46014.0,-23413.0,481495,156115,Bullish Reversal
2019-06-11,250114,65876,9637.0,-18486.0,496663,184238,Bullish
2019-06-18,274633,70310,24519.0,4434.0,525636,204323,Bullish
2019-06-25,298108,61554,23475.0,-8756.0,577605,236554,Bullish
2019-07-02,312702,53756,14594.0,-7798.0,605949,258946,Bullish
2019-07-09,306105,61342,-6597.0,7586.0,598977,244763,Bearish Reversal
2019-07-16,309535,64034,3430.0,2692.0,601900,245501,Bullish
2019-07-23,311881,60631,2346.0,-3403.0,616859,251250,Bullish
2019-07-30,312214,57826,333.0,-2805.0,563298,254388,Bullish Reversal
2019-08-06,350558,58013,38344.0,187.0,600317,292545,Bullish
2019-08-13,346223,56133,-4335.0,-1880.0,593962,290090,Bearish Reversal
2019-08-20,352294,52301,6071.0,-3832.0,594807,299993,Bullish
2019-08-27,362609,65771,10315.0,13470.0,636183,296838,Bearish
2019-09-03,365385,64838,2776.0,-933.0,634358,300547,Bullish Reversal
2019-09-10,334114,64389,-31271.0,-449.0,614753,269725,Bearish Reversal
2019-09-17,341511,58912,7397.0,-5477.0,630990,282599,Bullish
2019-09-24,370393,57949,28882.0,-963.0,658944,312444,Bullish
2019-10-01,322800,53807,-47593.0,-4142.0,604885,268993,Bearish Reversal
2019-10-08,334383,58820,11583.0,5013.0,616957,275563,Bullish
2019-10-15,319370,66343,-15013.0,7523.0,607387,253027,Bearish Reversal
2019-10-22,322917,63785,3547.0,-2558.0,625528,259132,Bullish
2019-10-29,335423,58908,12506.0,-4877.0,643442,276515,Bullish
2019-11-05,344591,64763,9168.0,5855.0,690181,279828,Bullish
2019-11-12,323189,56123,-21402.0,-8640.0,708463,267066,Bearish
2019-11-19,337296,51437,14107.0,-4686.0,719211,285859,Bullish
2019-11-26,325286,53652,-12010.0,2215.0,669268,271634,Bearish Reversal
2019-12-03,346525,55820,21239.0,2168.0,701016,290705,Bullish
2019-12-10,329169,58249,-17356.0,2429.0,690003,270920,Bearish Reversal
2019-12-17,344493,58218,15324.0,-31.0,716987,286275,Bullish
2019-12-24,364310,58658,19817.0,440.0,748737,305652,Bullish
2019-12-31,381620,53695,17310.0,-4963.0,786166,327925,Bullish
2020-01-07,383480,61189,1860.0,7494.0,785857,322291,Bearish Reversal
2020-01-14,376809,57574,-6671.0,-3615.0,796883,319235,Bearish
2020-01-21,374793,57098,-2016.0,-476.0,793829,317695,Bearish Reversal
2020-01-28,376401,46309,1608.0,-10789.0,715539,330092,Bullish Reversal
2020-02-04,355909,56103,-20492.0,9794.0,654572,299806,Bearish Reversal
2020-02-11,356535,48561,626.0,-7542.0,658024,307974,Bullish
2020-02-18,408349,54700,51814.0,6139.0,715317,353649,Bullish
2020-02-25,389339,53474,-19010.0,-1226.0,732917,335865,Bearish
2020-03-03,366173,46440,-23166.0,-7034.0,691985,319733,Bearish Reversal
2020-03-10,336290,36759,-29883.0,-9681.0,633470,299531,Bearish Reversal
2020-03-17,317405,35489,-18885.0,-1270.0,573925,281916,Bearish Reversal
2020-03-24,317928,29562,523.0,-5927.0,547334,288366,Bullish Reversal
2020-03-31,287529,28680,-30399.0,-882.0,495652,258849,Bearish Reversal
2020-04-07,279880,30938,-7649.0,2258.0,480050,248942,Bearish Reversal
2020-04-14,286617,34116,6737.0,3178.0,489965,252501,Bullish
2020-04-21,282263,32692,-4354.0,-1424.0,493158,249571,Bearish
2020-04-28,287382,24653,5119.0,-8039.0,500816,262729,Bullish
2020-05-05,275571,25567,-11811.0,914.0,490343,250004,Bearish Reversal
2020-05-12,277771,34943,2200.0,9376.0,496739,242828,Bearish
2020-05-19,295394,43606,17623.0,8663.0,528205,251788,Bullish
2020-05-26,288148,50234,-7246.0,6628.0,519374,237914,Bearish Reversal
2020-06-02,272196,53162,-15952.0,2928.0,475745,219034,Bearish Reversal
2020-06-09,263972,55359,-8224.0,2197.0,475661,208613,Bearish Reversal
2020-06-16,277395,53047,13423.0,-2312.0,489563,224348,Bullish
2020-06-23,308459,56502,31064.0,3455.0,532101,251957,Bullish
2020-06-30,328942,62272,20483.0,5770.0,561628,266670,Bullish
2020-07-07,337030,69672,8088.0,7400.0,572776,267358,Bullish
2020-07-14,330205,67777,-6825.0,-1895.0,580175,262428,Bearish
2020-07-21,334237,67801,4032.0,24.0,603138,266436,Bullish
2020-07-28,312588,75787,-21649.0,7986.0,598629,236801,Bearish Reversal
2020-08-04,321847,83101,9259.0,7314.0,561837,238746,Bullish Reversal
2020-08-11,306867,82814,-14980.0,-287.0,553345,224053,Bearish Reversal
2020-08-18,302369,78851,-4498.0,-3963.0,544010,223518,Bearish Reversal
2020-08-25,301559,80521,-810.0,1670.0,549282,221038,Bearish
2020-09-01,306118,75322,4559.0,-5199.0,547704,230796,Bullish Reversal
2020-09-08,313173,76700,7055.0,1378.0,557457,236473,Bullish
2020-09-15,324512,83535,11339.0,6835.0,578925,240977,Bullish
2020-09-22,309015,89955,-15497.0,6420.0,575877,219060,Bearish Reversal
2020-09-29,316106,72447,7091.0,-17508.0,562396,243659,Bullish Reversal
2020-10-06,320922,72335,4816.0,-112.0,555555,248587,Bullish Reversal
2020-10-13,326986,86315,6064.0,13980.0,553197,240671,Bearish Reversal
2020-10-20,340206,90602,13220.0,4287.0,562993,249604,Bullish
2020-10-27,326063,77429,-14143.0,-13173.0,560900,248634,Bearish Reversal
2020-11-03,321798,78889,-4265.0,1460.0,544774,242909,Bearish Reversal
2020-11-10,318516,78780,-3282.0,-109.0,547449,239736,Bearish
2020-11-17,329698,78428,11182.0,-352.0,557533,251270,Bullish
2020-11-24,320324,76422,-9374.0,-2006.0,555253,243902,Bearish Reversal
2020-12-01,324344,64030,4020.0,-12392.0,538042,260314,Bullish Reversal
2020-12-08,338271,69051,13927.0,5021.0,549520,269220,Bullish
2020-12-15,340610,69026,2339.0,-25.0,550366,271584,Bullish
2020-12-21,349870,71674,9260.0,2648.0,560769,278196,Bullish
2020-12-29,341812,72940,-8058.0,1266.0,556414,268872,Bearish Reversal
2021-01-05,349946,70628,8134.0,-2312.0,568888,279318,Bullish
2021-01-12,313217,66990,-36729.0,-3638.0,555538,246227,Bearish Reversal
2021-01-19,307507,60869,-5710.0,-6121.0,541330,246638,Bullish Reversal
2021-01-26,313532,55986,6025.0,-4883.0,534574,257546,Bullish Reversal
2021-02-02,314352,57226,820.0,1240.0,520011,257126,Bearish Reversal
2021-02-09,309326,57919,-5026.0,693.0,506741,251407,Bearish Reversal
2021-02-16,303583,68614,-5743.0,10695.0,503016,234969,Bearish Reversal
2021-02-23,284081,68348,-19502.0,-266.0,481125,215733,Bearish Reversal
2021-03-02,265533,75895,-18548.0,7547.0,467008,189638,Bearish Reversal
2021-03-09,254839,79676,-10694.0,3781.0,473871,175163,Bearish
2021-03-16,256237,76041,1398.0,-3635.0,476467,180196,Bullish
2021-03-23,262774,88707,6537.0,12666.0,485457,174067,Bearish
2021-03-30,263453,95925,679.0,7218.0,467321,167528,Bearish Reversal
2021-04-06,275703,86194,12250.0,-9731.0,463353,189509,Bullish Reversal
2021-04-13,269513,88639,-6190.0,2445.0,460733,180874,Bearish Reversal
2021-04-20,275985,94487,6472.0,5848.0,471738,181498,Bullish
2021-04-27,270717,100098,-5268.0,5611.0,473305,170619,Bearish
2021-05-04,270194,99453,-523.0,-645.0,470341,170741,Bullish Reversal
2021-05-11,282161,89906,11967.0,-9547.0,498693,192255,Bullish
2021-05-18,290267,91378,8106.0,1472.0,520410,198889,Bullish
2021-05-25,288266,73624,-2001.0,-17754.0,510164,214642,Bullish Reversal
2021-06-01,288826,75125,560.0,1501.0,489198,213701,Bearish Reversal
2021-06-08,288781,79394,-45.0,4269.0,491858,209387,Bearish
2021-06-15,273947,81911,-14834.0,2517.0,480127,192036,Bearish Reversal
2021-06-22,253153,86939,-20794.0,5028.0,453940,166214,Bearish Reversal
2021-06-29,254206,91980,1053.0,5041.0,453360,162226,Bearish Reversal
2021-07-06,270545,87724,16339.0,-4256.0,465811,182821,Bullish
2021-07-13,275543,84707,4998.0,-3017.0,495798,190836,Bullish
2021-07-20,277312,81340,1769.0,-3367.0,490520,195972,Bullish Reversal
2021-07-27,273688,74300,-3624.0,-7040.0,500187,199388,Bullish
2021-08-03,273143,76808,-545.0,2508.0,485663,196335,Bearish Reversal
2021-08-10,277260,108854,4117.0,32046.0,477232,168406,Bearish Reversal
2021-08-17,284437,92895,7177.0,-15959.0,485485,191542,Bullish
2021-08-24,299084,88431,14647.0,-4464.0,504735,210653,Bullish
2021-08-31,311004,94454,11920.0,6023.0,507113,216550,Bullish
2021-09-07,306017,99978,-4987.0,5524.0,506772,206039,Bearish Reversal
2021-09-14,306988,99228,971.0,-750.0,506356,207760,Bullish Reversal
2021-09-21,296670,109023,-10318.0,9795.0,492765,187647,Bearish Reversal
2021-09-28,293814,125415,-2856.0,16392.0,490858,168399,Bearish Reversal
2021-10-05,295939,113357,2125.0,-12058.0,483789,182582,Bullish Reversal
2021-10-12,298503,112964,2564.0,-393.0,484382,185539,Bullish
2021-10-19,299882,106533,1379.0,-6431.0,485974,193349,Bullish
2021-10-26,313646,99086,13764.0,-7447.0,509794,214560,Bullish
2021-11-02,311091,95962,-2555.0,-3124.0,507616,215129,Bullish Reversal
2021-11-09,341111,90930,30020.0,-5032.0,571025,250181,Bullish
2021-11-16,360529,100749,19418.0,9819.0,612612,259780,Bullish
2021-11-23,326409,91998,-34120.0,-8751.0,559823,234411,Bearish Reversal
2021-11-30,310253,84393,-16156.0,-7605.0,531868,225860,Bearish Reversal
2021-12-07,300518,83333,-9735.0,-1060.0,499307,217185,Bearish Reversal
2021-12-14,298142,95741,-2376.0,12408.0,503709,202401,Bearish
2021-12-21,296628,90817,-1514.0,-4924.0,500846,205811,Bullish Reversal
2021-12-28,303879,90723,7251.0,-94.0,508912,213156,Bullish
2022-01-04,296583,85228,-7296.0,-5495.0,502717,211355,Bearish Reversal
2022-01-11,290102,90365,-6481.0,5137.0,546516,199737,Bearish
2022-01-18,290528,96321,426.0,5956.0,539204,194207,Bearish Reversal
2022-01-25,313415,93264,22887.0,-3057.0,572078,220151,Bullish
2022-02-01,275994,103852,-37421.0,10588.0,515331,172142,Bearish Reversal
2022-02-08,279559,92853,3565.0,-10999.0,512842,186706,Bullish Reversal
2022-02-15,313269,99656,33710.0,6803.0,558645,213613,Bullish
2022-02-22,350096,106948,36827.0,7292.0,611488,243148,Bullish
2022-03-01,354177,96555,4081.0,-10393.0,615600,257622,Bullish
2022-03-08,364618,90230,10441.0,-6325.0,638502,274388,Bullish
2022-03-15,346731,84943,-17887.0,-5287.0,617605,261788,Bearish Reversal
2022-03-22,328660,80628,-18071.0,-4315.0,605191,248032,Bearish Reversal
2022-03-29,327632,70036,-1028.0,-10592.0,574521,257596,Bullish Reversal
2022-04-05,324570,79029,-3062.0,8993.0,560666,245541,Bearish Reversal
2022-04-12,338164,83877,13594.0,4848.0,577639,254287,Bullish
2022-04-19,330745,90988,-7419.0,7111.0,575202,239757,Bearish Reversal
2022-04-26,310511,92487,-20234.0,1499.0,557785,218024,Bearish Reversal
2022-05-03,293439,94271,-17072.0,1784.0,560441,199168,Bearish
2022-05-10,288947,95632,-4492.0,1361.0,571447,193315,Bearish
2022-05-17,283011,107651,-5936.0,12019.0,555756,175360,Bearish Reversal
2022-05-24,282202,98389,-809.0,-9262.0,530098,183813,Bullish Reversal
2022-05-31,269459,96870,-12743.0,-1519.0,513722,172589,Bearish Reversal
2022-06-07,270356,95088,897.0,-1782.0,494130,175268,Bullish Reversal
2022-06-14,266596,111998,-3760.0,16910.0,497456,154598,Bearish
2022-06-21,268119,104832,1523.0,-7166.0,500276,163287,Bullish
2022-06-28,268712,111019,593.0,6187.0,497005,157693,Bearish Reversal
2022-07-05,267806,122146,-906.0,11127.0,498210,145660,Bearish
2022-07-12,251126,133005,-16680.0,10859.0,542493,118121,Bearish
2022-07-19,241004,146049,-10122.0,13044.0,524786,94955,Bearish Reversal
2022-07-26,241661,148971,657.0,2922.0,487515,92690,Bearish Reversal
2022-08-02,242128,117802,467.0,-31169.0,459649,124326,Bullish Reversal
2022-08-09,242906,100055,778.0,-17747.0,453540,142851,Bullish Reversal
2022-08-16,238196,97032,-4710.0,-3023.0,453960,141164,Bearish
2022-08-23,237427,111580,-769.0,14548.0,457762,125847,Bearish
2022-08-30,235314,117580,-2113.0,6000.0,459165,117734,Bearish
2022-09-06,231527,127670,-3787.0,10090.0,465908,103857,Bearish
2022-09-13,225932,128588,-5595.0,918.0,463674,97344,Bearish Reversal
2022-09-20,214557,148835,-11375.0,20247.0,469395,65722,Bearish
2022-09-27,207154,155073,-7403.0,6238.0,457061,52081,Bearish Reversal
2022-10-04,215964,127579,8810.0,-27494.0,437065,88385,Bullish Reversal
2022-10-11,212561,118141,-3403.0,-9438.0,431395,94420,Bullish Reversal
2022-10-18,210890,133934,-1671.0,15793.0,434701,76956,Bearish
2022-10-25,212853,144821,1963.0,10887.0,456072,68032,Bearish
2022-11-01,216341,151718,3488.0,6897.0,467276,64623,Bearish
2022-11-08,223135,140797,6794.0,-10921.0,488471,82338,Bullish
2022-11-15,227282,101013,4147.0,-39784.0,495171,126269,Bullish
2022-11-22,214284,98171,-12998.0,-2842.0,449542,116113,Bearish Reversal
2022-11-29,209161,99158,-5123.0,987.0,433661,110003,Bearish Reversal
2022-12-06,211472,96347,2311.0,-2811.0,422100,115125,Bullish Reversal
2022-12-13,224409,98760,12937.0,2413.0,437040,125649,Bullish
2022-12-20,226136,97288,1727.0,-1472.0,436653,128848,Bullish Reversal
2022-12-27,229525,92645,3389.0,-4643.0,440040,136880,Bullish
2023-01-03,230801,89135,1276.0,-3510.0,449393,141666,Bullish
2023-01-10,243566,93031,12765.0,3896.0,481519,150535,Bullish
2023-01-17,246874,93634,3308.0,603.0,491818,153240,Bullish
2023-01-24,253311,95638,6437.0,2004.0,499927,157673,Bullish
2023-01-31,256417,96136,3106.0,498.0,471642,160281,Bullish Reversal
2023-02-07,223298,94483,-33119.0,-1653.0,439755,128815,Bearish Reversal
2023-02-14,210374,104845,-12924.0,10362.0,426116,105529,Bearish Reversal
2023-02-21,210185,103084,-189.0,-1761.0,422648,107101,Bullish Reversal
2023-02-28,208419,99826,-1766.0,-3258.0,426890,108593,Bullish
2023-03-07,215574,117100,7155.0,17274.0,458474,98474,Bearish
2023-03-14,230823,90492,15249.0,-26608.0,459064,140331,Bullish
2023-03-21,237891,79286,7068.0,-11206.0,469874,158605,Bullish
2023-03-28,245135,63505,7244.0,-15781.0,478611,181630,Bullish
2023-04-04,266164,70948,21029.0,7443.0,476592,195216,Bullish Reversal
2023-04-11,260165,67420,-5999.0,-3528.0,476567,192745,Bearish Reversal
2023-04-18,260061,70168,-104.0,2748.0,482254,189893,Bearish
2023-04-25,253186,67922,-6875.0,-2246.0,473209,185264,Bearish Reversal
2023-05-02,262413,66846,9227.0,-1076.0,493804,195567,Bullish
2023-05-09,266472,70658,4059.0,3812.0,518951,195814,Bullish
2023-05-16,255250,75436,-11222.0,4778.0,521832,179814,Bearish
2023-05-23,236149,75417,-19101.0,-19.0,479080,160732,Bearish Reversal
2023-05-30,237306,67990,1157.0,-7427.0,449515,169316,Bullish Reversal
2023-06-06,237467,61826,161.0,-6164.0,436301,175641,Bullish Reversal
2023-06-13,227317,67108,-10150.0,5282.0,432898,160209,Bearish Reversal
2023-06-20,229308,66333,1991.0,-775.0,438037,162975,Bullish
2023-06-27,220881,68971,-8427.0,2638.0,431861,151910,Bearish Reversal
2023-07-03,235081,71984,14200.0,3013.0,448063,163097,Bullish
2023-07-11,240546,74792,5465.0,2808.0,483170,165754,Bullish
2023-07-18,263740,70392,23194.0,-4400.0,482104,193348,Bullish Reversal
2023-07-25,248229,74590,-15511.0,4198.0,476176,173639,Bearish Reversal
2023-08-01,238985,74061,-9244.0,-529.0,439383,164924,Bearish Reversal
2023-08-08,228846,85861,-10139.0,11800.0,427759,142985,Bearish Reversal
2023-08-15,233078,111942,4232.0,26081.0,433611,121136,Bearish
2023-08-22,226340,124394,-6738.0,12452.0,430239,101946,Bearish Reversal
2023-08-29,236054,112782,9714.0,-11612.0,442806,123272,Bullish
2023-09-05,235802,97796,-252.0,-14986.0,438672,138006,Bullish Reversal
2023-09-12,235704,111840,-98.0,14044.0,441221,123864,Bearish
2023-09-19,237716,102553,2012.0,-9287.0,438078,135163,Bullish Reversal
2023-09-26,235560,119745,-2156.0,17192.0,435620,115815,Bearish Reversal
2023-10-03,228406,137180,-7154.0,17435.0,431226,91226,Bearish Reversal
2023-10-10,220332,148899,-8074.0,11719.0,436499,71433,Bearish
2023-10-17,231412,118674,11080.0,-30225.0,439581,112738,Bullish
2023-10-24,251469,102084,20057.0,-16590.0,463476,149385,Bullish
2023-10-31,261053,97628,9584.0,-4456.0,475808,163425,Bullish
2023-11-07,261653,95437,600.0,-2191.0,484347,166216,Bullish
2023-11-14,254352,98976,-7301.0,3539.0,486634,155376,Bearish
2023-11-21,269701,97996,15349.0,-980.0,508429,171705,Bullish
2023-11-28,289845,89761,20144.0,-8235.0,505658,200084,Bullish Reversal
2023-12-05,288840,85296,-1005.0,-4465.0,487469,203544,Bullish Reversal
2023-12-12,273536,85303,-15304.0,7.0,469939,188233,Bearish Reversal
2023-12-19,280972,79633,7436.0,-5670.0,481203,201339,Bullish
2023-12-26,289843,82125,8871.0,2492.0,491343,207718,Bullish
2024-01-02,290706,83057,863.0,932.0,500364,207649,Bearish
2024-01-09,271665,83051,-19041.0,-6.0,489849,188614,Bearish Reversal
2024-01-16,262360,82467,-9305.0,-584.0,489334,179893,Bearish Reversal
2024-01-23,241100,71626,-21260.0,-10841.0,465872,169474,Bearish Reversal
2024-01-30,219222,71431,-21878.0,-195.0,430328,147791,Bearish Reversal
2024-02-06,228623,66885,9401.0,-4546.0,419121,161738,Bullish Reversal
2024-02-13,217505,86337,-11118.0,19452.0,420812,131168,Bearish
2024-02-20,211034,70772,-6471.0,-15565.0,407063,140262,Bullish Reversal
2024-02-27,214948,73312,3914.0,2540.0,411195,141636,Bullish
2024-03-05,264148,72855,49200.0,-457.0,471616,191293,Bullish
2024-03-12,283062,81460,18914.0,8605.0,516057,201602,Bullish
2024-03-19,278732,77130,-4330.0,-4330.0,535047,201602,No signal
2024-03-26,265647,66353,-13085.0,-10777.0,503642,199294,Bearish Reversal
2024-04-02,281399,74149,15752.0,7796.0,500045,207250,Bullish Reversal
2024-04-09,279799,77380,-1600.0,3231.0,505214,202419,Bearish
2024-04-16,278777,76854,-1022.0,-526.0,517193,201923,Bearish
2024-04-23,279535,76644,758.0,-210.0,516249,202891,Bullish Reversal
2024-04-30,278850,74640,-685.0,-2004.0,519791,204210,Bullish
2024-05-07,272144,72577,-6706.0,-2063.0,529835,199567,Bearish
2024-05-14,277642,73146,5498.0,569.0,522952,204496,Bullish Reversal
2024-05-21,300729,70923,23087.0,-2223.0,530591,229806,Bullish
2024-05-28,286737,50152,-13992.0,-20771.0,485430,236585,Bullish Reversal
2024-06-04,284566,47264,-2171.0,-2888.0,447488,237302,Bullish Reversal
2024-06-11,276769,42843,-7797.0,-4421.0,436857,233926,Bearish Reversal
2024-06-18,287147,44063,10378.0,1220.0,444345,243084,Bullish
2024-06-25,284885,38656,-2262.0,-5407.0,452190,246229,Bullish
2024-07-02,280117,38574,-4768.0,-82.0,454730,241543,Bearish
2024-07-09,303043,48268,22926.0,9694.0,516324,254775,Bullish
2024-07-16,349827,64803,46784.0,16535.0,579862,285024,Bullish
2024-07-23,341600,68526,-8227.0,3723.0,572306,273074,Bearish Reversal
2024-07-30,313364,66763,-28236.0,-1763.0,510914,246601,Bearish Reversal
2024-08-06,298119,59370,-15245.0,-7393.0,480645,238749,Bearish Reversal
2024-08-13,328769,61505,30650.0,2135.0,505872,267264,Bullish
2024-08-20,355551,64298,26782.0,2793.0,532867,291253,Bullish
2024-08-27,343330,48885,-12221.0,-15413.0,521759,294445,Bullish Reversal
2024-09-03,339157,51599,-4173.0,2714.0,511136,287558,Bearish Reversal
2024-09-10,340006,57505,849.0,5906.0,511501,282501,Bearish
2024-09-17,369734,59668,29728.0,2163.0,537627,310066,Bullish
2024-09-24,387572,72182,17838.0,12514.0,564640,315390,Bullish
2024-10-01,370051,70120,-17521.0,-2062.0,533107,299931,Bearish Reversal
2024-10-08,348891,70711,-21160.0,591.0,520316,278180,Bearish Reversal
2024-10-15,357494,71060,8603.0,349.0,541232,286434,Bullish
2024-10-22,371813,75609,14319.0,4549.0,573760,296204,Bullish
2024-10-29,366636,87983,-5177.0,12374.0,579468,278653,Bearish
2024-11-05,336816,81487,-29820.0,-6496.0,558034,255329,Bearish Reversal
2024-11-12,316225,79774,-20591.0,-1713.0,535981,236451,Bearish Reversal
2024-11-19,309354,74987,-6871.0,-4787.0,502952,234367,Bearish Reversal
2024-11-26,303401,53063,-5953.0,-21924.0,472660,250338,Bullish Reversal
2024-12-03,307611,47875,4210.0,-5188.0,462040,259736,Bullish Reversal
2024-12-10,324332,48746,16721.0,871.0,483346,275586,Bullish
2024-12-17,302978,40937,-21354.0,-7809.0,466571,262041,Bearish Reversal
2024-12-24,289416,41787,-13562.0,850.0,454646,247629,Bearish Reversal
2024-12-31,282907,35628,-6509.0,-6159.0,458584,247279,Bearish
2025-01-07,291721,36810,8814.0,1182.0,477043,254911,Bullish
2025-01-14,312568,33205,20847.0,-3605.0,526467,279363,Bullish
2025-01-21,337289,36505,24721.0,3300.0,571387,300784,Bullish
2025-01-28,338371,38962,1082.0,2457.0,577505,299409,Bearish
2025-02-04,356500,53992,18129.0,15030.0,542004,302508,Bullish Reversal
2025-02-11,343766,59262,-12734.0,5270.0,528719,284504,Bearish Reversal
2025-02-18,334043,65369,-9723.0,6107.0,522330,268674,Bearish Reversal
2025-02-25,316948,55323,-17095.0,-10046.0,512179,261625,Bearish Reversal
2025-03-04,303132,59871,-13816.0,4548.0,489270,243261,Bearish Reversal
2025-03-11,296172,60072,-6960.0,201.0,511276,236100,Bearish
2025-03-18,321654,63722,25482.0,3650.0,533566,257932,Bullish
2025-03-25,316572,66776,-5082.0,3054.0,511482,249796,Bearish Reversal
2025-04-01,327936,89502,11364.0,22726.0,498746,238434,Bearish Reversal
2025-04-08,269833,69118,-58103.0,-20384.0,445468,200715,Bearish Reversal
2025-04-15,271707,69497,1874.0,379.0,456628,202210,Bullish
2025-04-22,258896,83518,-12811.0,14021.0,465351,175378,Bearish
2025-04-29,240377,77059,-18519.0,-6459.0,451868,163318,Bearish Reversal
2025-05-06,237445,74948,-2932.0,-2111.0,452414,162497,Bearish
2025-05-13,238191,76982,746.0,2034.0,440842,161209,Bearish Reversal
2025-05-20,238062,74081,-129.0,-2901.0,448000,163981,Bullish
2025-05-27,234087,59903,-3975.0,-14178.0,437538,174184,Bullish Reversal
2025-06-03,246982,59077,12895.0,-826.0,415941,187905,Bullish Reversal
2025-06-10,245995,58514,-987.0,-563.0,417143,187481,Bearish
2025-06-17,260586,59938,14591.0,1424.0,441214,200648,Bullish
2025-06-24,256077,61073,-4509.0,1135.0,434958,195004,Bearish Reversal
2025-07-01,258631,56651,2554.0,-4422.0,437662,201980,Bullish
2025-07-08,261685,58717,3054.0,2066.0,443144,202968,Bullish
2025-07-15,270227,57112,8542.0,-1605.0,448531,213115,Bullish
2025-07-22,311949,58911,41722.0,1799.0,489423,253038,Bullish
2025-07-29,281241,57645,-30708.0,-1266.0,445259,223596,Bearish Reversal
2025-08-05,292194,55144,10953.0,-2501.0,449647,237050,Bullish
2025-08-12,288115,58630,-4079.0,3486.0,446152,229485,Bearish Reversal
2025-08-19,275277,62687,-12838.0,4057.0,438541,212590,Bearish Reversal
2025-08-26,275767,61456,490.0,-1231.0,443760,214311,Bullish
2025-09-02,315796,66266,40029.0,4810.0,492908,249530,Bullish
2025-09-09,324875,63135,9079.0,-3131.0,509625,261740,Bullish
2025-09-16,326778,60368,1903.0,-2767.0,516221,266410,Bullish
2025-09-23,332808,66059,6030.0,5691.0,528789,266749,Bullish
2025-09-30,318804,65896,-14004.0,-163.0,493748,252908,Bearish Reversal
2025-10-07,300798,68842,-18006.0,2946.0,485559,231956,Bearish Reversal
2025-10-14,278405,74489,-22393.0,5647.0,485788,203916,Bearish
2025-10-21,253851,77242,-24554.0,2753.0,472421,176609,Bearish Reversal
2025-10-28,266308,61644,12457.0,-15598.0,457122,204664,Bullish Reversal
2025-11-04,256572,54265,-9736.0,-7379.0,450399,202307,Bearish Reversal
2025-11-10,265916,58847,9344.0,4582.0,459997,207069,Bullish
2025-11-18,269556,59217,3640.0,370.0,471953,210339,Bullish
2025-11-25,253266,48678,-16290.0,-10539.0,432946,204588,Bearish Reversal
2025-12-02,261331,43771,8065.0,-4907.0,418490,217560,Bullish Reversal
2025-12-09,268485,44599,7154.0,828.0,432569,223886,Bullish
2025-12-16,280920,46942,12435.0,2343.0,471093,233978,Bullish
2025-12-23,290161,49461,9241.0,2519.0,492103,240700,Bullish
2025-12-30,275592,44419,-14569.0,-5042.0,481866,231173,Bearish Reversal
2026-01-06,274435,46803,-1157.0,2384.0,488116,227632,Bearish
2026-01-13,296183,44945,21748.0,-1858.0,527455,251238,Bullish
2026-01-20,295772,51002,-411.0,6057.0,528004,244770,Bearish
2026-01-27,252100,46704,-43672.0,-4298.0,488463,205396,Bearish Reversal
2026-02-03,214508,48904,-37592.0,2200.0,409694,165604,Bearish Reversal
2026-02-10,212808,52796,-1700.0,3892.0,404391,160012,Bearish Reversal
2026-02-17,213432,53517,624.0,721.0,407078,159915,Bearish
2026-02-24,211649,52472,-1783.0,-1045.0,420182,159177,Bearish
2026-03-03,213752,53607,2103.0,1135.0,409789,160145,Bullish Reversal
2026-03-10,215445,52313,1693.0,-1294.0,413956,163132,Bullish
2026-03-17,215961,56092,516.0,3779.0,411388,159869,Bearish Reversal
2026-03-24,220861,52534,4900.0,-3558.0,403925,168327,Bullish Reversal
2026-03-31,207602,44400,-13259.0,-8134.0,361409,163202,Bearish Reversal
2026-04-07,205368,49063,-2234.0,4663.0,354877,156305,Bearish Reversal
2026-04-14,210009,47483,4641.0,-1580.0,362274,162526,Bullish
2026-04-21,212893,48887,2884.0,1404.0,365842,164006,Bullish
2026-04-28,211818,52247,-1075.0,3360.0,369530,159571,Bearish
2026-05-05,211814,48511,-4.0,-3736.0,367932,163303,Bullish Reversal
2026-05-12,219793,48171,7979.0,-340.0,376496,171622,Bullish
2026-05-19,211018,51185,-8775.0,3014.0,379325,159833,Bearish
2026-05-26,200704,46444,-10314.0,-4741.0,353489,154260,Bearish Reversal
2026-06-02,206096,30076,5392.0,-16368.0,326052,176020,Bullish Reversal
2026-06-09,207984,34147,1888.0,4071.0,332709,173837,Bearish
2026-06-16,211127,30907,3143.0,-3240.0,339330,180220,Bullish
2026-06-23,217028,35689,5901.0,4782.0,352167,181339,Bullish
2026-06-30,229619,35600,12591.0,-89.0,369541,194019,Bullish
2026-07-07,233713,39467,4094.0,3867.0,371776,194246,Bullish
2026-07-14,227310,40628,-6403.0,1161.0,383689,186682,Bearish
2026-07-21,224785,40875,-2525.0,247.0,383368,183910,Bearish Reversal
2026-07-28,219622,37552,-5163.0,-3323.0,384603,182070,Bearish
2026-08-04,227013,29379,7391.0,-8173.0,371551,197634,Bullish Reversal
2026-08-11,250936,32996,23923.0,3617.0,400309,217940,Bullish
2026-08-18,256902,34713,5966.0,1717.0,406260,222189,Bullish
2026-08-25,277159,33825,20257.0,-888.0,427957,243334,Bullish
2026-09-01,260485,32361,-16674.0,-1464.0,415196,228124,Bearish Reversal
2026-09-08,261007,29047,522.0,-3314.0,411227,231960,Bullish Reversal
2026-09-15,258059,27721,-2948.0,-1326.0,409899,230338,Bearish Reversal
2026-09-22,253982,28129,-4077.0,408.0,412800,225853,Bearish
2026-09-29,249736,31104,-4246.0,2975.0,406456,218632,Bearish Reversal
