As of Date in Form YYYY-MM-DD,Noncommercial Positions-Long (All),Noncommercial Positions-Short (All),Change in Noncommercial-Long (All),Change in Noncommercial-Short (All),Open Interest (All),Net Positions,Interpretation
1986-01-15,7668,715,,,23231,6953,No signal
1986-01-31,14509,1331,6841.0,616.0,31732,13178,Bullish
1986-02-14,12512,2195,-1997.0,864.0,34452,10317,Bearish
1986-02-28,11829,1748,-683.0,-447.0,33792,10081,Bearish Reversal
1986-03-14,18786,4165,6957.0,2417.0,47322,14621,Bullish
1986-03-31,16358,1689,-2428.0,-2476.0,31305,14669,Bullish Reversal
1986-04-15,10584,4091,-5774.0,2402.0,28691,6493,Bearish Reversal
1986-04-30,20589,2598,10005.0,-1493.0,38348,17991,Bullish
1986-05-15,21080,9829,491.0,7231.0,41423,11251,Bearish
1986-05-30,18757,4426,-2323.0,-5403.0,38363,14331,Bullish Reversal
1986-06-13,11445,1731,-7312.0,-2695.0,44257,9714,Bearish
1986-06-30,19761,209,8316.0,-1522.0,37443,19552,Bullish Reversal
1986-07-15,25150,0,5389.0,-209.0,55806,25150,Bullish
1986-07-31,18089,1073,-7061.0,1073.0,47528,17016,Bearish Reversal
1986-08-15,12356,4840,-5733.0,3767.0,42796,7516,Bearish Reversal
1986-08-29,4774,12165,-7582.0,7325.0,49571,-7391,Bearish
1986-09-15,3054,11634,-1720.0,-531.0,46360,-8580,Bearish Reversal
1986-09-30,7607,1470,4553.0,-10164.0,30463,6137,Bullish Reversal
1986-10-15,5164,2153,-2443.0,683.0,32044,3011,Bearish
1986-10-31,2164,11814,-3000.0,9661.0,43062,-9650,Bearish
1986-11-14,2621,8997,457.0,-2817.0,40547,-6376,Bullish Reversal
1986-11-28,3366,9269,745.0,272.0,41052,-5903,Bullish
1986-12-15,2914,8047,-452.0,-1222.0,37066,-5133,Bullish Reversal
1986-12-31,5398,1606,2484.0,-6441.0,23172,3792,Bullish Reversal
1987-01-15,10555,1291,5157.0,-315.0,33067,9264,Bullish
1987-01-30,6749,1285,-3806.0,-6.0,32164,5464,Bearish Reversal
1987-02-13,9220,2250,2471.0,965.0,30292,6970,Bullish Reversal
1987-02-27,9321,1777,101.0,-473.0,31988,7544,Bullish
1987-03-13,9687,2179,366.0,402.0,37276,7508,Bearish
1987-03-31,18352,2427,8665.0,248.0,43282,15925,Bullish
1987-04-15,18351,2078,-1.0,-349.0,46438,16273,Bullish
1987-04-30,17264,3188,-1087.0,1110.0,47410,14076,Bearish
1987-05-15,12553,2308,-4711.0,-880.0,44609,10245,Bearish Reversal
1987-05-29,15948,5737,3395.0,3429.0,51681,10211,Bearish
1987-06-15,8319,1777,-7629.0,-3960.0,40871,6542,Bearish Reversal
1987-06-30,4612,5846,-3707.0,4069.0,27969,-1234,Bearish Reversal
1987-07-15,6671,7081,2059.0,1235.0,35984,-410,Bullish
1987-07-31,8740,6215,2069.0,-866.0,38334,2525,Bullish
1987-08-14,6665,8533,-2075.0,2318.0,37320,-1868,Bearish Reversal
1987-08-31,21447,1669,14782.0,-6864.0,52905,19778,Bullish
1987-09-15,8963,6834,-12484.0,5165.0,40933,2129,Bearish Reversal
1987-09-30,5653,4665,-3310.0,-2169.0,37058,988,Bearish Reversal
1987-10-15,12992,1185,7339.0,-3480.0,49237,11807,Bullish
1987-10-30,8745,1155,-4247.0,-30.0,46297,7590,Bearish Reversal
1987-11-13,8134,1669,-611.0,514.0,52752,6465,Bearish
1987-11-30,10972,2069,2838.0,400.0,60299,8903,Bullish
1987-12-15,10625,3674,-347.0,1605.0,36598,6951,Bearish Reversal
1987-12-31,11861,4966,1236.0,1292.0,42656,6895,Bearish
1988-01-15,10284,7954,-1577.0,2988.0,48605,2330,Bearish
1988-01-29,13171,9937,2887.0,1983.0,54303,3234,Bullish
1988-02-12,7925,3353,-5246.0,-6584.0,53494,4572,Bullish Reversal
1988-02-29,10397,7086,2472.0,3733.0,61820,3311,Bearish
1988-03-15,14343,10637,3946.0,3551.0,42519,3706,Bullish Reversal
1988-03-31,17284,3144,2941.0,-7493.0,53572,14140,Bullish
1988-04-15,12841,2945,-4443.0,-199.0,45478,9896,Bearish Reversal
1988-04-29,10253,4599,-2588.0,1654.0,43499,5654,Bearish Reversal
1988-05-13,10180,5224,-73.0,625.0,51139,4956,Bearish
1988-05-31,8211,8867,-1969.0,3643.0,49763,-656,Bearish Reversal
1988-06-15,7397,11887,-814.0,3020.0,35732,-4490,Bearish Reversal
1988-06-30,10558,11015,3161.0,-872.0,42550,-457,Bullish
1988-07-15,15488,9916,4930.0,-1099.0,52812,5572,Bullish
1988-07-29,8645,10440,-6843.0,524.0,49262,-1795,Bearish Reversal
1988-08-15,8873,9946,228.0,-494.0,47371,-1073,Bullish Reversal
1988-08-31,6506,20609,-2367.0,10663.0,63746,-14103,Bearish
1988-09-15,4444,12323,-2062.0,-8286.0,57941,-7879,Bullish Reversal
1988-09-30,3808,9590,-636.0,-2733.0,31690,-5782,Bullish Reversal
1988-10-14,13057,7866,9249.0,-1724.0,48413,5191,Bullish
1988-10-31,12505,5757,-552.0,-2109.0,48882,6748,Bullish
1988-11-15,15632,4100,3127.0,-1657.0,51272,11532,Bullish
1988-11-30,13825,4598,-1807.0,498.0,55538,9227,Bearish
1988-12-15,6000,6792,-7825.0,2194.0,54094,-792,Bearish Reversal
1988-12-30,4205,10957,-1795.0,4165.0,32647,-6752,Bearish Reversal
1989-01-13,3730,10446,-475.0,-511.0,38313,-6716,Bullish
1989-01-31,10704,15958,6974.0,5512.0,52064,-5254,Bullish
1989-02-15,8131,8316,-2573.0,-7642.0,47922,-185,Bullish Reversal
1989-02-28,8531,11659,400.0,3343.0,50738,-3128,Bearish
1989-03-15,7389,25962,-1142.0,14303.0,49798,-18573,Bearish Reversal
1989-03-31,7714,24420,325.0,-1542.0,51867,-16706,Bullish
1989-04-14,6114,18194,-1600.0,-6226.0,49884,-12080,Bullish Reversal
1989-04-28,5491,16509,-623.0,-1685.0,52005,-11018,Bullish
1989-05-15,8017,24157,2526.0,7648.0,68747,-16140,Bearish
1989-05-31,10428,16916,2411.0,-7241.0,75508,-6488,Bullish
1989-06-15,14367,15227,3939.0,-1689.0,98730,-860,Bullish
1989-06-30,4835,9966,-9532.0,-5261.0,44031,-5131,Bearish Reversal
1989-07-14,5464,10768,629.0,802.0,45782,-5304,Bearish
1989-07-31,8440,12568,2976.0,1800.0,56683,-4128,Bullish
1989-08-15,6766,13337,-1674.0,769.0,56415,-6571,Bearish Reversal
1989-08-31,5864,22500,-902.0,9163.0,73355,-16636,Bearish
1989-09-15,5839,26843,-25.0,4343.0,89914,-21004,Bearish
1989-09-29,6336,7783,497.0,-19060.0,52052,-1447,Bullish Reversal
1989-10-13,4452,9754,-1884.0,1971.0,50655,-5302,Bearish Reversal
1989-10-31,4737,13099,285.0,3345.0,55646,-8362,Bearish
1989-11-15,7675,12582,2938.0,-517.0,59673,-4907,Bullish
1989-11-30,12322,11792,4647.0,-790.0,66167,530,Bullish
1989-12-15,4557,12430,-7765.0,638.0,59538,-7873,Bearish Reversal
1989-12-29,7739,6557,3182.0,-5873.0,49960,1182,Bullish Reversal
1990-01-15,5547,13714,-2192.0,7157.0,58418,-8167,Bearish
1990-01-31,8964,9563,3417.0,-4151.0,62631,-599,Bullish
1990-02-15,8824,13276,-140.0,3713.0,63179,-4452,Bearish
1990-02-28,6925,28110,-1899.0,14834.0,80467,-21185,Bearish
1990-03-15,8513,29408,1588.0,1298.0,96299,-20895,Bullish
1990-03-30,19563,26785,11050.0,-2623.0,68066,-7222,Bullish Reversal
1990-04-12,16068,20961,-3495.0,-5824.0,67872,-4893,Bullish Reversal
1990-04-30,12573,19260,-3495.0,-1701.0,74209,-6687,Bearish
1990-05-15,20232,12699,7659.0,-6561.0,82431,7533,Bullish
1990-05-31,13166,6740,-7066.0,-5959.0,75157,6426,Bearish Reversal
1990-06-15,9069,10865,-4097.0,4125.0,67044,-1796,Bearish Reversal
1990-06-29,9982,12646,913.0,1781.0,44853,-2664,Bearish Reversal
1990-07-13,25701,10657,15719.0,-1989.0,70338,15044,Bullish
1990-07-31,16271,10347,-9430.0,-310.0,62136,5924,Bearish Reversal
1990-08-15,18485,14296,2214.0,3949.0,62083,4189,Bearish Reversal
1990-08-31,24957,13847,6472.0,-449.0,72590,11110,Bullish
1990-09-14,22973,14763,-1984.0,916.0,90764,8210,Bearish
1990-09-28,23915,17992,942.0,3229.0,69109,5923,Bearish Reversal
1990-10-15,27491,10352,3576.0,-7640.0,75460,17139,Bullish
1990-10-31,23209,8078,-4282.0,-2274.0,77323,15131,Bearish
1990-11-15,11050,11570,-12159.0,3492.0,80442,-520,Bearish
1990-11-30,8216,8569,-2834.0,-3001.0,79466,-353,Bullish Reversal
1990-12-14,3607,10009,-4609.0,1440.0,79611,-6402,Bearish
1990-12-31,2171,15647,-1436.0,5638.0,44250,-13476,Bearish Reversal
1991-01-15,2081,9484,-90.0,-6163.0,39537,-7403,Bullish Reversal
1991-01-31,8183,6813,6102.0,-2671.0,56674,1370,Bullish
1991-02-15,7019,5286,-1164.0,-1527.0,63987,1733,Bullish
1991-02-28,4750,10210,-2269.0,4924.0,64094,-5460,Bearish
1991-03-15,4481,12039,-269.0,1829.0,63862,-7558,Bearish Reversal
1991-03-28,5285,14360,804.0,2321.0,42975,-9075,Bearish Reversal
1991-04-15,8507,8189,3222.0,-6171.0,49401,318,Bullish
1991-04-30,8808,6781,301.0,-1408.0,50770,2027,Bullish
1991-05-15,10824,7874,2016.0,1093.0,54314,2950,Bullish
1991-05-31,7247,7755,-3577.0,-119.0,53855,-508,Bearish Reversal
1991-06-14,6353,16430,-894.0,8675.0,68326,-10077,Bearish
1991-06-28,11729,9139,5376.0,-7291.0,47731,2590,Bullish Reversal
1991-07-15,20700,6908,8971.0,-2231.0,61280,13792,Bullish
1991-07-31,7109,9084,-13591.0,2176.0,49013,-1975,Bearish Reversal
1991-08-15,14121,9220,7012.0,136.0,60071,4901,Bullish
1991-08-30,6168,9682,-7953.0,462.0,56107,-3514,Bearish Reversal
1991-09-16,16586,10012,10418.0,330.0,79172,6574,Bullish
1991-09-30,18705,9643,2119.0,-369.0,58214,9062,Bullish Reversal
1991-10-15,26191,8316,7486.0,-1327.0,81265,17875,Bullish
1991-10-31,16193,10103,-9998.0,1787.0,68782,6090,Bearish Reversal
1991-11-15,18701,7538,2508.0,-2565.0,76996,11163,Bullish
1991-11-29,11688,7772,-7013.0,234.0,70753,3916,Bearish Reversal
1991-12-13,8422,8691,-3266.0,919.0,72824,-269,Bearish
1991-12-31,15179,8598,6757.0,-93.0,59874,6581,Bullish Reversal
1992-01-15,13314,9825,-1865.0,1227.0,58338,3489,Bearish Reversal
1992-01-31,16190,9733,2876.0,-92.0,67215,6457,Bullish
1992-02-14,12586,8237,-3604.0,-1496.0,66896,4349,Bearish Reversal
1992-02-28,8151,13790,-4435.0,5553.0,71720,-5639,Bearish
1992-03-13,2609,21390,-5542.0,7600.0,86413,-18781,Bearish
1992-03-31,8836,22407,6227.0,1017.0,59747,-13571,Bullish Reversal
1992-04-15,1527,17620,-7309.0,-4787.0,61269,-16093,Bearish
1992-04-30,2812,17039,,,62950,-14227,No signal
1992-05-15,6551,10769,3739.0,-6270.0,61061,-4218,Bullish Reversal
1992-05-29,9608,7987,3057.0,-2782.0,67608,1621,Bullish
1992-06-15,11380,7917,1772.0,-70.0,73130,3463,Bullish
1992-06-30,6855,7114,-4525.0,-803.0,54153,-259,Bearish Reversal
1992-07-15,7624,8783,769.0,1669.0,57460,-1159,Bearish
1992-07-31,3004,14009,-4620.0,5226.0,56217,-11005,Bearish Reversal
1992-08-14,5171,11436,2167.0,-2573.0,55249,-6265,Bullish Reversal
1992-08-31,9199,7832,4028.0,-3604.0,67081,1367,Bullish
1992-09-15,10443,8820,1244.0,988.0,61174,1623,Bullish Reversal
1992-09-30,13136,7097,2693.0,-1723.0,45920,6039,Bullish Reversal
1992-10-06,13525,6625,389.0,-472.0,47321,6900,Bullish
1992-10-13,10347,6692,-3178.0,67.0,40308,3655,Bearish Reversal
1992-10-20,13501,7690,3154.0,998.0,45289,5811,Bullish
1992-10-27,12397,7789,-1104.0,99.0,44509,4608,Bearish Reversal
1992-11-03,10338,8713,-2059.0,924.0,43247,1625,Bearish Reversal
1992-11-10,8364,10164,-1974.0,1451.0,43343,-1800,Bearish
1992-11-17,5636,10443,-2728.0,279.0,48162,-4807,Bearish
1992-11-24,6143,10594,507.0,151.0,46784,-4451,Bullish Reversal
1992-12-01,5850,9826,-293.0,-768.0,49615,-3976,Bullish
1992-12-08,4124,9913,-1726.0,87.0,55213,-5789,Bearish
1992-12-15,6059,8886,1935.0,-1027.0,51707,-2827,Bullish Reversal
1992-12-22,9567,9526,3508.0,640.0,40440,41,Bullish Reversal
1992-12-29,4858,13983,-4709.0,4457.0,43890,-9125,Bearish
1993-01-05,3961,15311,-897.0,1328.0,47748,-11350,Bearish
1993-01-12,3217,16110,-744.0,799.0,48995,-12893,Bearish
1993-01-19,1793,19493,-1424.0,3383.0,53223,-17700,Bearish
1993-01-26,5454,11510,3661.0,-7983.0,50267,-6056,Bullish Reversal
1993-02-02,6286,10455,832.0,-1055.0,49684,-4169,Bullish Reversal
1993-02-09,18100,9683,11814.0,-772.0,67592,8417,Bullish
1993-02-16,26041,9344,7941.0,-339.0,77217,16697,Bullish
1993-02-23,29982,9626,3941.0,282.0,84352,20356,Bullish
1993-03-02,28817,9854,-1165.0,228.0,86041,18963,Bearish
1993-03-09,25660,8298,-3157.0,-1556.0,91735,17362,Bearish
1993-03-16,29646,17120,3986.0,8822.0,102504,12526,Bearish
1993-03-23,30784,13728,1138.0,-3392.0,73225,17056,Bullish Reversal
1993-03-30,24455,14527,-6329.0,799.0,68945,9928,Bearish Reversal
1993-04-06,27477,14293,3022.0,-234.0,73140,13184,Bullish
1993-04-13,27466,5098,-11.0,-9195.0,78095,22368,Bullish
1993-04-20,27736,5206,270.0,108.0,80388,22530,Bullish
1993-04-27,23965,5088,-3771.0,-118.0,77016,18877,Bearish Reversal
1993-05-04,24033,4500,68.0,-588.0,78734,19533,Bullish
1993-05-11,22168,4782,-1865.0,282.0,76829,17386,Bearish Reversal
1993-05-18,25068,4021,2900.0,-761.0,78349,21047,Bullish
1993-05-25,30260,3774,5192.0,-247.0,89308,26486,Bullish
1993-06-01,29993,4234,-267.0,460.0,92225,25759,Bearish
1993-06-08,31016,4555,1023.0,321.0,98719,26461,Bullish
1993-06-15,34555,5362,3539.0,807.0,96625,29193,Bullish Reversal
1993-06-22,21297,7386,-13258.0,2024.0,64172,13911,Bearish Reversal
1993-06-29,24833,8329,3536.0,943.0,65907,16504,Bullish
1993-07-06,23960,10175,-873.0,1846.0,67374,13785,Bearish
1993-07-13,22638,10558,-1322.0,383.0,73422,12080,Bearish
1993-07-20,20776,10040,-1862.0,-518.0,71003,10736,Bearish Reversal
1993-07-27,29532,8622,8756.0,-1418.0,75198,20910,Bullish
1993-08-03,32867,7282,3335.0,-1340.0,78735,25585,Bullish
1993-08-10,29742,9531,-3125.0,2249.0,77346,20211,Bearish Reversal
1993-08-17,34519,9882,4777.0,351.0,85910,24637,Bullish
1993-08-24,28021,10219,-6498.0,337.0,81682,17802,Bearish Reversal
1993-08-31,26086,10959,-1935.0,740.0,82941,15127,Bearish
1993-09-07,17832,12540,-8254.0,1581.0,86428,5292,Bearish
1993-09-14,5352,13172,-12480.0,632.0,84465,-7820,Bearish Reversal
1993-09-21,2766,16438,-2586.0,3266.0,59291,-13672,Bearish Reversal
1993-09-28,4227,13780,1461.0,-2658.0,59209,-9553,Bullish Reversal
1993-10-05,2393,15372,-1834.0,1592.0,60642,-12979,Bearish
1993-10-12,2254,15503,-139.0,131.0,65006,-13249,Bearish
1993-10-19,2057,35105,-197.0,19602.0,93772,-33048,Bearish
1993-10-26,1431,41525,-626.0,6420.0,102775,-40094,Bearish
1993-11-02,1210,34004,-221.0,-7521.0,93601,-32794,Bullish Reversal
1993-11-09,2231,32811,1021.0,-1193.0,93744,-30580,Bullish
1993-11-16,5364,15419,3133.0,-17392.0,76575,-10055,Bullish Reversal
1993-11-23,1934,16737,-3430.0,1318.0,82388,-14803,Bearish
1993-11-30,2265,24897,331.0,8160.0,92775,-22632,Bearish
1993-12-07,2318,22090,53.0,-2807.0,90361,-19772,Bullish Reversal
1993-12-14,2549,28413,231.0,6323.0,98111,-25864,Bearish
1993-12-21,3598,46325,1049.0,17912.0,101590,-42727,Bearish
1993-12-28,3296,46395,-302.0,70.0,100336,-43099,Bearish Reversal
1994-01-04,25528,47798,22232.0,1403.0,103821,-22270,Bullish
1994-01-11,23920,44511,-1608.0,-3287.0,105981,-20591,Bullish
1994-01-18,23459,42069,-461.0,-2442.0,106559,-18610,Bullish
1994-01-25,3350,36313,-20109.0,-5756.0,100271,-32963,Bearish Reversal
1994-02-01,4406,13925,1056.0,-22388.0,84861,-9519,Bullish Reversal
1994-02-08,8700,15066,4294.0,1141.0,86434,-6366,Bullish
1994-02-15,22648,11481,13948.0,-3585.0,103131,11167,Bullish
1994-02-22,21985,8785,-663.0,-2696.0,100123,13200,Bullish Reversal
1994-03-01,19382,10854,-2603.0,2069.0,98853,8528,Bearish Reversal
1994-03-08,13639,10505,-5743.0,-349.0,93851,3134,Bearish Reversal
1994-03-15,9697,11666,-3942.0,1161.0,94943,-1969,Bearish
1994-03-22,3331,12310,-6366.0,644.0,50508,-8979,Bearish Reversal
1994-03-29,5503,11558,2172.0,-752.0,53287,-6055,Bullish
1994-04-05,11131,11538,5628.0,-20.0,57101,-407,Bullish
1994-04-12,9301,12427,-1830.0,889.0,55960,-3126,Bearish Reversal
1994-04-19,9098,11566,-203.0,-861.0,56896,-2468,Bullish
1994-04-26,9221,9532,123.0,-2034.0,58882,-311,Bullish
1994-05-03,13046,11694,3825.0,2162.0,67119,1352,Bullish
1994-05-10,6079,14826,-6967.0,3132.0,62470,-8747,Bearish Reversal
1994-05-17,4270,14873,-1809.0,47.0,64182,-10603,Bearish
1994-05-24,5144,19418,874.0,4545.0,70215,-14274,Bearish
1994-05-31,3773,17886,-1371.0,-1532.0,71275,-14113,Bullish
1994-06-07,1491,19494,-2282.0,1608.0,84052,-18003,Bearish
1994-06-14,4537,14001,3046.0,-5493.0,79926,-9464,Bullish Reversal
1994-06-21,7421,10751,2884.0,-3250.0,63074,-3330,Bullish Reversal
1994-06-28,8992,12789,1571.0,2038.0,65551,-3797,Bearish
1994-07-05,10585,8402,1593.0,-4387.0,68419,2183,Bullish
1994-07-12,10866,10150,281.0,1748.0,73980,716,Bearish
1994-07-19,9495,13574,-1371.0,3424.0,75196,-4079,Bearish
1994-07-26,8968,12474,-527.0,-1100.0,75748,-3506,Bullish
1994-08-02,5082,14063,-3886.0,1589.0,73413,-8981,Bearish Reversal
1994-08-09,3217,16534,-1865.0,2471.0,73474,-13317,Bearish
1994-08-16,4855,16509,1638.0,-25.0,72160,-11654,Bullish Reversal
1994-08-23,6366,15049,1511.0,-1460.0,74347,-8683,Bullish
1994-08-30,4334,15560,-2032.0,511.0,72090,-11226,Bearish Reversal
1994-09-06,3573,14172,-761.0,-1388.0,72539,-10599,Bullish
1994-09-13,2254,12350,-1319.0,-1822.0,70026,-10096,Bullish Reversal
1994-09-20,6598,8050,4344.0,-4300.0,72975,-1452,Bullish
1994-09-27,4668,7264,-1930.0,-786.0,48160,-2596,Bearish Reversal
1994-10-04,3116,10655,-1552.0,3391.0,52336,-7539,Bearish
1994-10-11,3140,16559,24.0,5904.0,63724,-13419,Bearish
1994-10-18,5572,13127,2432.0,-3432.0,63023,-7555,Bullish Reversal
1994-10-25,8638,12067,3066.0,-1060.0,68467,-3429,Bullish
1994-11-01,7954,13063,-684.0,996.0,70377,-5109,Bearish
1994-11-08,7257,17522,-697.0,4459.0,75024,-10265,Bearish
1994-11-15,5431,22845,-1826.0,5323.0,80629,-17414,Bearish
1994-11-22,4675,28480,-756.0,5635.0,86959,-23805,Bearish
1994-11-29,4998,30275,323.0,1795.0,88930,-25277,Bearish
1994-12-06,3688,39412,-1310.0,9137.0,101704,-35724,Bearish
1994-12-13,2874,40412,-814.0,1000.0,104478,-37538,Bearish
1994-12-20,1844,32344,-1030.0,-8068.0,99621,-30500,Bullish Reversal
1994-12-27,2533,33182,689.0,838.0,75424,-30649,Bearish Reversal
1995-01-03,594,34318,-1939.0,1136.0,79062,-33724,Bearish
1995-01-10,768,41068,174.0,6750.0,91881,-40300,Bearish
1995-01-17,2283,26464,1515.0,-14604.0,86134,-24181,Bullish Reversal
1995-01-24,1942,26836,-341.0,372.0,83432,-24894,Bearish Reversal
1995-01-31,2193,28432,251.0,1596.0,85272,-26239,Bearish
1995-02-07,1644,29154,-549.0,722.0,84900,-27510,Bearish Reversal
1995-02-14,1846,25509,202.0,-3645.0,83792,-23663,Bullish Reversal
1995-02-21,6117,9925,4271.0,-15584.0,90189,-3808,Bullish
1995-02-28,9875,10745,3758.0,820.0,94456,-870,Bullish
1995-03-07,15308,13112,5433.0,2367.0,110580,2196,Bullish
1995-03-14,14981,9816,-327.0,-3296.0,97055,5165,Bullish Reversal
1995-03-21,16598,9322,1617.0,-494.0,59405,7276,Bullish Reversal
1995-03-28,14590,9593,-2008.0,271.0,58807,4997,Bearish Reversal
1995-04-04,14081,8454,-509.0,-1139.0,61198,5627,Bullish
1995-04-11,10507,5740,-3574.0,-2714.0,62991,4767,Bearish
1995-04-18,12296,7146,1789.0,1406.0,65264,5150,Bullish
1995-04-25,9477,4672,-2819.0,-2474.0,64032,4805,Bearish Reversal
1995-05-02,9454,5781,-23.0,1109.0,63835,3673,Bearish Reversal
1995-05-09,9095,8327,-359.0,2546.0,70164,768,Bearish
1995-05-16,6324,10263,-2771.0,1936.0,68725,-3939,Bearish Reversal
1995-05-23,5010,12694,-1314.0,2431.0,67121,-7684,Bearish Reversal
1995-05-30,6705,9084,1695.0,-3610.0,69703,-2379,Bullish
1995-06-06,6710,10484,5.0,1400.0,68074,-3774,Bearish Reversal
1995-06-13,4766,9586,-1944.0,-898.0,70892,-4820,Bearish
1995-06-20,3110,8627,-1656.0,-959.0,35188,-5517,Bearish Reversal
1995-06-27,3705,7581,595.0,-1046.0,35848,-3876,Bullish
1995-07-03,2233,11279,-1472.0,3698.0,38981,-9046,Bearish
1995-07-11,3774,14700,1541.0,3421.0,47853,-10926,Bearish
1995-07-18,3766,16024,-8.0,1324.0,51837,-12258,Bearish
1995-07-25,2487,16153,-1279.0,129.0,53017,-13666,Bearish
1995-08-01,2873,15832,386.0,-321.0,52390,-12959,Bullish Reversal
1995-08-08,3927,18511,1054.0,2679.0,60382,-14584,Bearish
1995-08-15,2780,19498,-1147.0,987.0,62361,-16718,Bearish
1995-08-22,5224,20773,2444.0,1275.0,66558,-15549,Bullish
1995-08-29,5138,19272,-86.0,-1501.0,70417,-14134,Bullish
1995-09-05,3981,19323,-1157.0,51.0,69898,-15342,Bearish Reversal
1995-09-12,3309,21748,-672.0,2425.0,84762,-18439,Bearish
1995-09-19,2826,21236,-483.0,-512.0,66246,-18410,Bullish Reversal
1995-09-26,1509,21720,-1317.0,484.0,64851,-20211,Bearish Reversal
1995-10-03,1531,22492,22.0,772.0,66926,-20961,Bearish
1995-10-10,1328,22111,-203.0,-381.0,67060,-20783,Bullish
1995-10-17,1694,22858,366.0,747.0,65330,-21164,Bearish Reversal
1995-10-24,1467,21514,-227.0,-1344.0,66502,-20047,Bullish
1995-10-31,812,23024,-655.0,1510.0,71121,-22212,Bearish
1995-11-07,833,25896,21.0,2872.0,76844,-25063,Bearish
1995-11-14,483,23532,-350.0,-2364.0,71125,-23049,Bullish Reversal
1995-11-21,3490,24154,3007.0,622.0,72962,-20664,Bullish
1995-11-28,3429,22561,-61.0,-1593.0,72461,-19132,Bullish Reversal
1995-12-05,3198,21962,-231.0,-599.0,70992,-18764,Bullish Reversal
1995-12-12,3796,23070,598.0,1108.0,78456,-19274,Bearish
1995-12-19,673,23717,-3123.0,647.0,55726,-23044,Bearish Reversal
1995-12-26,776,28850,103.0,5133.0,63213,-28074,Bearish
1996-01-02,1328,33627,552.0,4777.0,71890,-32299,Bearish
1996-01-09,1578,34834,250.0,1207.0,78227,-33256,Bearish
1996-01-16,1274,38262,-304.0,3428.0,84284,-36988,Bearish
1996-01-23,1342,37140,68.0,-1122.0,80456,-35798,Bullish Reversal
1996-01-30,1085,38120,-257.0,980.0,84717,-37035,Bearish
1996-02-06,607,31542,-478.0,-6578.0,76388,-30935,Bullish Reversal
1996-02-13,1292,31870,685.0,328.0,81446,-30578,Bullish
1996-02-20,1978,30603,686.0,-1267.0,79626,-28625,Bullish Reversal
1996-02-27,3914,24583,1936.0,-6020.0,73756,-20669,Bullish Reversal
1996-03-05,1985,21830,-1929.0,-2753.0,70199,-19845,Bullish Reversal
1996-03-12,1695,21407,-290.0,-423.0,74241,-19712,Bullish
1996-03-19,513,24871,-1182.0,3464.0,58846,-24358,Bearish Reversal
1996-03-26,261,29925,-252.0,5054.0,68100,-29664,Bearish
1996-04-02,1040,34940,779.0,5015.0,77944,-33900,Bearish
1996-04-09,2071,37766,1031.0,2826.0,83973,-35695,Bearish
1996-04-16,2771,35345,700.0,-2421.0,80629,-32574,Bullish Reversal
1996-04-23,2660,24586,-111.0,-10759.0,70632,-21926,Bullish Reversal
1996-04-30,8724,17911,6064.0,-6675.0,68490,-9187,Bullish Reversal
1996-05-07,9514,18025,790.0,114.0,69235,-8511,Bullish
1996-05-14,7548,17572,-1966.0,-453.0,68985,-10024,Bearish Reversal
1996-05-21,4335,19841,-3213.0,2269.0,75454,-15506,Bearish
1996-05-28,3736,27607,-599.0,7766.0,84612,-23871,Bearish
1996-06-04,1531,31613,-2205.0,4006.0,90273,-30082,Bearish
1996-06-11,2009,32757,478.0,1144.0,98760,-30748,Bearish
1996-06-18,800,29985,-1209.0,-2772.0,70593,-29185,Bullish Reversal
1996-06-25,1319,29375,519.0,-610.0,71198,-28056,Bullish
1996-07-02,1459,35647,140.0,6272.0,82027,-34188,Bearish
1996-07-09,2112,36363,653.0,716.0,82820,-34251,Bearish
1996-07-16,2008,32354,-104.0,-4009.0,79906,-30346,Bullish Reversal
1996-07-23,2691,26372,683.0,-5982.0,72207,-23681,Bullish Reversal
1996-07-30,2657,27025,-34.0,653.0,72041,-24368,Bearish Reversal
1996-08-06,8881,18179,6224.0,-8846.0,71289,-9298,Bullish Reversal
1996-08-13,6770,18906,-2111.0,727.0,68444,-12136,Bearish Reversal
1996-08-20,7225,20120,455.0,1214.0,71701,-12895,Bearish
1996-08-27,5695,22820,-1530.0,2700.0,78052,-17125,Bearish
1996-09-03,5962,24456,267.0,1636.0,86286,-18494,Bearish
1996-09-10,5323,36846,-639.0,12390.0,102589,-31523,Bearish
1996-09-17,2274,39958,-3049.0,3112.0,78955,-37684,Bearish Reversal
1996-09-24,3500,33833,1226.0,-6125.0,72303,-30333,Bullish Reversal
1996-10-01,3656,36254,156.0,2421.0,78542,-32598,Bearish
1996-10-08,1440,32740,-2216.0,-3514.0,76778,-31300,Bullish Reversal
1996-10-15,965,31767,-475.0,-973.0,76276,-30802,Bullish Reversal
1996-10-22,250,30285,-715.0,-1482.0,74473,-30035,Bullish Reversal
1996-10-29,1272,32823,1022.0,2538.0,82265,-31551,Bearish
1996-11-05,1198,30720,-74.0,-2103.0,75738,-29522,Bullish Reversal
1996-11-12,1049,22226,-149.0,-8494.0,71473,-21177,Bullish Reversal
1996-11-19,2331,21024,1282.0,-1202.0,71084,-18693,Bullish Reversal
1996-11-26,2410,21413,79.0,389.0,67412,-19003,Bearish Reversal
1996-12-03,848,25438,-1562.0,4025.0,76229,-24590,Bearish
1996-12-10,1224,23968,376.0,-1470.0,76579,-22744,Bullish
1996-12-17,1302,25010,78.0,1042.0,54232,-23708,Bearish Reversal
1996-12-24,888,25988,-414.0,978.0,54646,-25100,Bearish
1996-12-31,1783,28258,895.0,2270.0,59781,-26475,Bearish
1997-01-07,237,31541,-1546.0,3283.0,71117,-31304,Bearish
1997-01-14,791,33398,554.0,1857.0,72957,-32607,Bearish
1997-01-21,800,33185,9.0,-213.0,75440,-32385,Bullish
1997-01-28,1708,34934,908.0,1749.0,75822,-33226,Bearish
1997-02-04,3094,35897,1386.0,963.0,79874,-32803,Bullish
1997-02-11,923,35632,-2171.0,-265.0,83850,-34709,Bearish
1997-02-18,1079,34227,156.0,-1405.0,82037,-33148,Bullish Reversal
1997-02-25,2876,30127,1797.0,-4100.0,80390,-27251,Bullish Reversal
1997-03-04,2380,27465,-496.0,-2662.0,78819,-25085,Bullish Reversal
1997-03-11,2386,26613,6.0,-852.0,88163,-24227,Bullish
1997-03-18,2046,27716,-340.0,1103.0,61971,-25670,Bearish Reversal
1997-03-25,2615,29642,569.0,1926.0,67862,-27027,Bearish
1997-04-01,2699,26432,84.0,-3210.0,68670,-23733,Bullish
1997-04-08,2615,33255,-84.0,6823.0,79690,-30640,Bearish
1997-04-15,1875,35489,-740.0,2234.0,84154,-33614,Bearish
1997-04-22,1941,35535,66.0,46.0,82536,-33594,Bullish Reversal
1997-04-29,1664,37527,-277.0,1992.0,87253,-35863,Bearish
1997-05-06,3630,33435,1966.0,-4092.0,82137,-29805,Bullish Reversal
1997-05-13,19871,12900,16241.0,-20535.0,81674,6971,Bullish Reversal
1997-05-20,25107,11527,5236.0,-1373.0,94323,13580,Bullish
1997-05-27,21221,11274,-3886.0,-253.0,85114,9947,Bearish Reversal
1997-06-03,21915,11076,694.0,-198.0,84109,10839,Bullish Reversal
1997-06-10,20060,9755,-1855.0,-1321.0,100978,10305,Bearish
1997-06-17,13951,9490,-6109.0,-265.0,50981,4461,Bearish Reversal
1997-06-24,12573,11435,-1378.0,1945.0,52859,1138,Bearish
1997-07-01,13831,11363,1258.0,-72.0,49743,2468,Bullish Reversal
1997-07-08,18518,10327,4687.0,-1036.0,60190,8191,Bullish
1997-07-15,12607,14201,-5911.0,3874.0,58461,-1594,Bearish Reversal
1997-07-22,11379,13996,-1228.0,-205.0,60054,-2617,Bearish
1997-07-29,5255,27342,-6124.0,13346.0,79533,-22087,Bearish
1997-08-05,2664,31990,-2591.0,4648.0,82030,-29326,Bearish
1997-08-12,2476,26801,-188.0,-5189.0,73356,-24325,Bullish Reversal
1997-08-19,2782,29512,306.0,2711.0,81269,-26730,Bearish
1997-08-26,3752,26500,970.0,-3012.0,82931,-22748,Bullish
1997-09-02,6542,35856,2790.0,9356.0,110153,-29314,Bearish
1997-09-09,5446,25849,-1096.0,-10007.0,125821,-20403,Bullish
1997-09-16,2870,26091,-2576.0,242.0,71476,-23221,Bearish Reversal
1997-09-23,3593,28748,723.0,2657.0,76840,-25155,Bearish
1997-09-30,4845,30978,1252.0,2230.0,77580,-26133,Bearish
1997-10-07,4373,37375,-472.0,6397.0,88180,-33002,Bearish
1997-10-14,8972,27741,4599.0,-9634.0,84844,-18769,Bullish Reversal
1997-10-21,14984,25891,6012.0,-1850.0,87983,-10907,Bullish
1997-10-28,12675,28930,-2309.0,3039.0,105651,-16255,Bearish
1997-11-04,9965,30807,-2710.0,1877.0,108806,-20842,Bearish
1997-11-11,11352,45487,1387.0,14680.0,134949,-34135,Bearish
1997-11-18,8915,46437,-2437.0,950.0,138653,-37522,Bearish
1997-11-25,6158,46365,-2757.0,-72.0,133612,-40207,Bearish Reversal
1997-12-02,3730,46878,-2428.0,513.0,143466,-43148,Bearish
1997-12-09,6823,50423,3093.0,3545.0,157450,-43600,Bearish
1997-12-16,4327,47413,-2496.0,-3010.0,99991,-43086,Bullish Reversal
1997-12-19,3775,39933,-552.0,-7480.0,91440,-36158,Bullish Reversal
1997-12-23,3504,38911,-823.0,-8502.0,89139,-35407,Bullish Reversal
1997-12-30,3614,37572,110.0,-1339.0,87300,-33958,Bullish Reversal
1998-01-06,3729,45782,115.0,8210.0,100138,-42053,Bearish
1998-01-13,2885,40497,-844.0,-5285.0,97500,-37612,Bullish Reversal
1998-01-20,3475,33736,590.0,-6761.0,91039,-30261,Bullish Reversal
1998-01-27,6251,28881,2776.0,-4855.0,91369,-22630,Bullish
1998-02-03,6556,30828,305.0,1947.0,98601,-24272,Bearish
1998-02-10,18676,19553,12120.0,-11275.0,104328,-877,Bullish
1998-02-17,9330,15953,-9346.0,-3600.0,104210,-6623,Bearish Reversal
1998-02-24,8425,17673,-905.0,1720.0,98205,-9248,Bearish Reversal
1998-03-03,7090,16029,-1335.0,-1644.0,97168,-8939,Bullish Reversal
1998-03-10,4388,18505,-2702.0,2476.0,107136,-14117,Bearish
1998-03-17,4937,26053,549.0,7548.0,68922,-21116,Bearish Reversal
1998-03-24,4339,36444,-598.0,10391.0,81988,-32105,Bearish
1998-03-31,4090,46888,-249.0,10444.0,99645,-42798,Bearish
1998-04-07,4055,59980,-35.0,13092.0,118672,-55925,Bearish
1998-04-14,3826,41090,-229.0,-18890.0,89758,-37264,Bullish Reversal
1998-04-21,3872,43195,46.0,2105.0,93359,-39323,Bearish
1998-04-28,2056,32481,-1816.0,-10714.0,88323,-30425,Bullish Reversal
1998-05-05,6064,32805,4008.0,324.0,92803,-26741,Bullish
1998-05-12,3272,35194,-2792.0,2389.0,92820,-31922,Bearish
1998-05-19,3718,57144,446.0,21950.0,120892,-53426,Bearish
1998-05-26,4611,68089,893.0,10945.0,124590,-63478,Bearish
1998-06-02,8122,66329,3511.0,-1760.0,131550,-58207,Bullish
1998-06-09,8524,69319,402.0,2990.0,154971,-60795,Bearish
1998-06-16,11528,58275,3004.0,-11044.0,118902,-46747,Bullish Reversal
1998-06-23,3825,32696,-7703.0,-25579.0,112988,-28871,Bullish Reversal
1998-06-30,4604,33577,779.0,881.0,108781,-28973,Bearish Reversal
1998-07-07,5381,35426,777.0,1849.0,111492,-30045,Bearish
1998-07-14,2540,35647,-2841.0,221.0,107157,-33107,Bearish Reversal
1998-07-21,5700,37902,3160.0,2255.0,110323,-32202,Bullish
1998-07-28,3130,41054,-2570.0,3152.0,116184,-37924,Bearish
1998-08-04,7563,53271,4433.0,12217.0,142444,-45708,Bearish
1998-08-11,3873,58571,-3690.0,5300.0,150804,-54698,Bearish
1998-08-18,9012,52437,5139.0,-6134.0,148067,-43425,Bullish Reversal
1998-08-25,4686,46368,-4326.0,-6069.0,144169,-41682,Bullish Reversal
1998-09-01,9078,24395,4392.0,-21973.0,136199,-15317,Bullish Reversal
1998-09-08,25433,17003,16355.0,-7392.0,138490,8430,Bullish
1998-09-15,21708,15885,-3725.0,-1118.0,79793,5823,Bearish Reversal
1998-09-22,18703,16640,-3005.0,755.0,77894,2063,Bearish Reversal
1998-09-29,19307,18445,604.0,1805.0,84359,862,Bearish
1998-10-06,28162,20336,8855.0,1891.0,89771,7826,Bullish
1998-10-13,22889,16640,-5273.0,-3696.0,88116,6249,Bearish Reversal
1998-10-20,25243,17023,2354.0,383.0,89791,8220,Bullish
1998-10-27,22729,18239,-2514.0,1216.0,87791,4490,Bearish Reversal
1998-11-03,25093,16388,2364.0,-1851.0,89560,8705,Bullish
1998-11-10,16585,15512,-8508.0,-876.0,95327,1073,Bearish
1998-11-17,18248,15688,1663.0,176.0,86640,2560,Bullish Reversal
1998-11-24,16515,15586,-1733.0,-102.0,85183,929,Bearish Reversal
1998-12-01,12301,14537,-4214.0,-1049.0,84057,-2236,Bearish Reversal
1998-12-08,14593,12298,2292.0,-2239.0,89427,2295,Bullish
1998-12-15,19442,11276,4849.0,-1022.0,65543,8166,Bullish Reversal
1998-12-22,19626,11716,184.0,440.0,65463,7910,Bearish Reversal
1998-12-29,20963,11086,1337.0,-630.0,66189,9877,Bullish
1999-01-05,32885,10865,11922.0,-221.0,78909,22020,Bullish
1999-01-12,28236,11310,-4649.0,445.0,80474,16926,Bearish
1999-01-19,23579,18588,-4657.0,7278.0,78621,4991,Bearish Reversal
1999-01-26,23152,14584,-427.0,-4004.0,78063,8568,Bullish Reversal
1999-02-02,19197,13093,-3955.0,-1491.0,78317,6104,Bearish
1999-02-09,18241,12052,-956.0,-1041.0,76418,6189,Bullish Reversal
1999-02-16,7162,18278,-11079.0,6226.0,72244,-11116,Bearish Reversal
1999-02-23,1484,35774,-5678.0,17496.0,89085,-34290,Bearish
1999-03-02,2536,38747,1052.0,2973.0,97584,-36211,Bearish
1999-03-09,1305,45563,-1231.0,6816.0,124605,-44258,Bearish
1999-03-16,1878,33670,573.0,-11893.0,74429,-31792,Bullish Reversal
1999-03-23,2128,33858,250.0,188.0,74634,-31730,Bullish
1999-03-30,2526,40989,398.0,7131.0,85280,-38463,Bearish
1999-04-06,1738,37435,-788.0,-3554.0,85436,-35697,Bullish
1999-04-13,2089,38468,351.0,1033.0,83908,-36379,Bearish Reversal
1999-04-20,3212,28889,1123.0,-9579.0,85666,-25677,Bullish
1999-04-27,2906,38216,-306.0,9327.0,94472,-35310,Bearish
1999-05-04,5370,43808,2464.0,5592.0,99590,-38438,Bearish
1999-05-11,2406,46471,-2964.0,2663.0,102147,-44065,Bearish
1999-05-18,3018,69715,612.0,23244.0,136084,-66697,Bearish
1999-05-25,1827,64011,-1191.0,-5704.0,131754,-62184,Bullish Reversal
1999-06-01,3868,49791,2041.0,-14220.0,118114,-45923,Bullish Reversal
1999-06-08,4801,53803,933.0,4012.0,146342,-49002,Bearish
1999-06-15,2457,42518,-2344.0,-11285.0,96356,-40061,Bullish Reversal
1999-06-22,2178,53021,-279.0,10503.0,104052,-50843,Bearish
1999-06-29,3561,52628,1383.0,-393.0,108234,-49067,Bullish
1999-07-06,4061,54037,500.0,1409.0,111634,-49976,Bearish
1999-07-13,5766,58964,1705.0,4927.0,113708,-53198,Bearish
1999-07-20,31756,34466,25990.0,-24498.0,115699,-2710,Bullish
1999-07-27,49571,24810,17815.0,-9656.0,130673,24761,Bullish
1999-08-03,56565,14696,6994.0,-10114.0,131570,41869,Bullish
1999-08-10,56618,16541,53.0,1845.0,132678,40077,Bearish
1999-08-17,56001,14689,-617.0,-1852.0,136057,41312,Bullish
1999-08-24,59178,14747,3177.0,58.0,139656,44431,Bullish
1999-08-31,67229,13327,8051.0,-1420.0,146870,53902,Bullish
1999-09-07,58185,13552,-9044.0,225.0,154886,44633,Bearish
1999-09-14,54045,12921,-4140.0,-631.0,93219,41124,Bearish Reversal
1999-09-21,45832,8933,-8213.0,-3988.0,86942,36899,Bearish Reversal
1999-09-28,40370,9085,-5462.0,152.0,81131,31285,Bearish Reversal
1999-10-05,36745,10151,-3625.0,1066.0,79913,26594,Bearish Reversal
1999-10-12,37387,10217,642.0,66.0,80770,27170,Bullish
1999-10-19,39262,15884,1875.0,5667.0,84001,23378,Bearish
1999-10-26,39061,11348,-201.0,-4536.0,84344,27713,Bullish
1999-11-02,38605,10798,-456.0,-550.0,87789,27807,Bullish
1999-11-09,32008,12856,-6597.0,2058.0,85455,19152,Bearish Reversal
1999-11-16,31649,16651,-359.0,3795.0,84939,14998,Bearish Reversal
1999-11-23,38048,11337,6399.0,-5314.0,90091,26711,Bullish
1999-11-30,49438,11458,11390.0,121.0,99716,37980,Bullish
1999-12-07,41687,11362,-7751.0,-96.0,107366,30325,Bearish
1999-12-14,19012,9346,-22675.0,-2016.0,70377,9666,Bearish Reversal
1999-12-21,23487,9737,4475.0,391.0,73528,13750,Bullish
1999-12-28,26450,9454,2963.0,-283.0,73726,16996,Bullish
2000-01-04,23597,8122,-2853.0,-1332.0,74372,15475,Bearish
2000-01-11,13901,36654,-9696.0,28532.0,96868,-22753,Bearish
2000-01-18,14552,39383,651.0,2729.0,98948,-24831,Bearish
2000-01-25,14395,38173,-157.0,-1210.0,102097,-23778,Bullish
2000-02-01,14920,52037,525.0,13864.0,114608,-37117,Bearish
2000-02-08,15452,58730,532.0,6693.0,122393,-43278,Bearish
2000-02-15,15845,63670,393.0,4940.0,127294,-47825,Bearish
2000-02-22,15592,65948,-253.0,2278.0,130314,-50356,Bearish
2000-02-29,15979,61373,387.0,-4575.0,126995,-45394,Bullish Reversal
2000-03-07,18522,32210,2543.0,-29163.0,127634,-13688,Bullish
2000-03-14,10306,28706,-8216.0,-3504.0,71233,-18400,Bearish Reversal
2000-03-21,4444,28415,-5862.0,-291.0,68331,-23971,Bearish Reversal
2000-03-28,6061,28150,1617.0,-265.0,69382,-22089,Bullish
2000-04-04,15319,8004,9258.0,-20146.0,76692,7315,Bullish
2000-04-11,12042,8116,-3277.0,112.0,72067,3926,Bearish Reversal
2000-04-18,13424,7810,1382.0,-306.0,75075,5614,Bullish
2000-04-25,12254,8681,-1170.0,871.0,75039,3573,Bearish Reversal
2000-05-02,4110,16960,-8144.0,8279.0,80159,-12850,Bearish
2000-05-09,1523,21199,-2587.0,4239.0,80715,-19676,Bearish
2000-05-16,761,18143,-762.0,-3056.0,82902,-17382,Bullish
2000-05-23,752,13931,-9.0,-4212.0,79554,-13179,Bullish Reversal
2000-05-30,763,13228,11.0,-703.0,78630,-12465,Bullish Reversal
2000-06-06,1333,16143,570.0,2915.0,82045,-14810,Bearish
2000-06-13,1619,11557,286.0,-4586.0,79632,-9938,Bullish Reversal
2000-06-20,818,8590,-801.0,-2967.0,40067,-7772,Bullish Reversal
2000-06-27,8251,6610,7433.0,-1980.0,46786,1641,Bullish
2000-07-05,3823,9893,-4428.0,3283.0,48751,-6070,Bearish
2000-07-11,963,8752,-2860.0,-1141.0,52399,-7789,Bearish
2000-07-18,641,15127,-322.0,6375.0,61744,-14486,Bearish
2000-07-25,435,22664,-206.0,7537.0,69716,-22229,Bearish
2000-08-01,1503,26502,1068.0,3838.0,77862,-24999,Bearish
2000-08-08,471,27223,-1032.0,721.0,76872,-26752,Bearish Reversal
2000-08-15,0,28804,-471.0,1581.0,82088,-28804,Bearish
2000-08-22,140,28619,140.0,-185.0,80631,-28479,Bullish Reversal
2000-08-29,6943,19918,6803.0,-8701.0,77923,-12975,Bullish Reversal
2000-09-05,5476,12578,-1467.0,-7340.0,71820,-7102,Bullish Reversal
2000-09-12,14416,8082,8940.0,-4496.0,92390,6334,Bullish
2000-09-19,3734,7566,-10682.0,-516.0,38431,-3832,Bearish Reversal
2000-09-26,5306,9532,1572.0,1966.0,43973,-4226,Bearish
2000-10-03,2244,16011,-3062.0,6479.0,54499,-13767,Bearish
2000-10-10,977,31065,-1267.0,15054.0,66105,-30088,Bearish
2000-10-17,965,30292,-12.0,-773.0,65298,-29327,Bullish Reversal
2000-10-24,981,28792,16.0,-1500.0,65348,-27811,Bullish
2000-10-31,1147,28226,166.0,-566.0,68898,-27079,Bullish
2000-11-07,615,24492,-532.0,-3734.0,59077,-23877,Bullish Reversal
2000-11-14,1315,23885,700.0,-607.0,59507,-22570,Bullish
2000-11-21,986,36058,-329.0,12173.0,77499,-35072,Bearish
2000-11-28,866,34196,-120.0,-1862.0,77425,-33330,Bullish Reversal
2000-12-05,853,33302,-13.0,-894.0,82427,-32449,Bullish
2000-12-12,110,41806,-743.0,8504.0,130047,-41696,Bearish
2000-12-19,788,39021,678.0,-2785.0,87563,-38233,Bullish Reversal
2000-12-26,1634,44254,846.0,5233.0,90803,-42620,Bearish
2001-01-02,1613,43032,-21.0,-1222.0,91258,-41419,Bullish
2001-01-09,1550,41688,-63.0,-1344.0,91091,-40138,Bullish Reversal
2001-01-16,1877,35747,327.0,-5941.0,90061,-33870,Bullish Reversal
2001-01-23,4611,33823,2734.0,-1924.0,91368,-29212,Bullish
2001-01-30,1606,26806,-3005.0,-7017.0,87420,-25200,Bullish Reversal
2001-02-06,1829,27865,223.0,1059.0,92632,-26036,Bearish
2001-02-13,1484,28958,-345.0,1093.0,90964,-27474,Bearish Reversal
2001-02-20,682,27742,-802.0,-1216.0,89673,-27060,Bullish Reversal
2001-02-27,849,28386,167.0,644.0,89216,-27537,Bearish Reversal
2001-03-06,922,32429,73.0,4043.0,98574,-31507,Bearish
2001-03-13,23034,41341,22112.0,8912.0,123971,-18307,Bullish
2001-03-20,36675,37256,13641.0,-4085.0,103349,-581,Bullish Reversal
2001-03-27,33952,30465,-2723.0,-6791.0,99717,3487,Bullish Reversal
2001-04-03,34750,32999,798.0,2534.0,106688,1751,Bearish
2001-04-10,34121,32200,-629.0,-799.0,105515,1921,Bullish Reversal
2001-04-17,2292,27878,-31829.0,-4322.0,90864,-25586,Bearish Reversal
2001-04-24,3775,27235,1483.0,-643.0,87870,-23460,Bullish Reversal
2001-05-01,21103,26816,17328.0,-419.0,86456,-5713,Bullish Reversal
2001-05-08,26696,29615,5593.0,2799.0,90252,-2919,Bullish
2001-05-15,26429,28744,-267.0,-871.0,92328,-2315,Bullish
2001-05-22,2531,29579,-23898.0,835.0,97736,-27048,Bearish
2001-05-29,6661,16825,4130.0,-12754.0,87280,-10164,Bullish Reversal
2001-06-05,16370,11107,9709.0,-5718.0,93638,5263,Bullish
2001-06-12,16507,13792,137.0,2685.0,97354,2715,Bearish
2001-06-19,4703,20569,-11804.0,6777.0,56263,-15866,Bearish Reversal
2001-06-26,2708,27294,-1995.0,6725.0,62444,-24586,Bearish
2001-07-03,2294,34674,-414.0,7380.0,72009,-32380,Bearish
2001-07-10,17020,41110,14726.0,6436.0,95443,-24090,Bullish
2001-07-17,26985,36939,9965.0,-4171.0,102545,-9954,Bullish
2001-07-24,26014,27243,-971.0,-9696.0,100240,-1229,Bullish Reversal
2001-07-31,26464,30899,450.0,3656.0,105945,-4435,Bearish
2001-08-07,26803,25375,339.0,-5524.0,105044,1428,Bullish Reversal
2001-08-14,26620,15062,-183.0,-10313.0,101855,11558,Bullish Reversal
2001-08-21,40409,9798,13789.0,-5264.0,109786,30611,Bullish
2001-08-28,40057,9877,-352.0,79.0,111974,30180,Bearish
2001-09-04,40762,8251,705.0,-1626.0,115883,32511,Bullish
2001-09-10,32713,9220,-8049.0,969.0,112122,23493,Bearish Reversal
2001-09-18,37787,9348,5074.0,128.0,86678,28439,Bullish Reversal
2001-09-25,39909,9544,2122.0,196.0,90169,30365,Bullish
2001-10-02,22438,8929,-17471.0,-615.0,75174,13509,Bearish Reversal
2001-10-09,20983,10715,-1455.0,1786.0,71605,10268,Bearish Reversal
2001-10-16,15409,16523,-5574.0,5808.0,74649,-1114,Bearish
2001-10-23,3588,25372,-11821.0,8849.0,75643,-21784,Bearish
2001-10-30,3817,31162,229.0,5790.0,81807,-27345,Bearish
2001-11-06,14379,28293,10562.0,-2869.0,91333,-13914,Bullish
2001-11-13,19203,23434,4824.0,-4859.0,92819,-4231,Bullish
2001-11-20,13491,32377,-5712.0,8943.0,102491,-18886,Bearish
2001-11-27,18647,40277,5156.0,7900.0,109170,-21630,Bearish
2001-12-04,29792,38210,11145.0,-2067.0,119948,-8418,Bullish
2001-12-11,36798,41056,7006.0,2846.0,153340,-4258,Bullish
2001-12-18,37020,38955,222.0,-2101.0,126848,-1935,Bullish Reversal
2001-12-21,37531,41852,511.0,2897.0,129864,-4321,Bearish
2001-12-28,39575,38709,2044.0,-3143.0,130768,866,Bullish
2002-01-08,38443,41973,-1132.0,3264.0,135340,-3530,Bearish
2002-01-15,36543,39146,-1900.0,-2827.0,133175,-2603,Bullish Reversal
2002-01-22,27336,41737,-9207.0,2591.0,130458,-14401,Bearish Reversal
2002-01-29,31724,38067,4388.0,-3670.0,126984,-6343,Bullish Reversal
2002-02-05,31592,35608,-132.0,-2459.0,129271,-4016,Bullish
2002-02-12,22996,30777,-8596.0,-4831.0,115316,-7781,Bearish Reversal
2002-02-19,23244,35576,248.0,4799.0,122120,-12332,Bearish
2002-02-26,23130,42942,-114.0,7366.0,127692,-19812,Bearish
2002-03-05,13717,27363,-9413.0,-15579.0,104976,-13646,Bullish Reversal
2002-03-12,20510,13612,6793.0,-13751.0,110848,6898,Bullish
2002-03-19,13812,14939,-6698.0,1327.0,71074,-1127,Bearish Reversal
2002-03-26,12941,17301,-871.0,2362.0,72383,-4360,Bearish
2002-04-02,14174,23431,1233.0,6130.0,78204,-9257,Bearish
2002-04-09,7488,18329,-6686.0,-5102.0,69913,-10841,Bearish Reversal
2002-04-16,8644,17395,1156.0,-934.0,71886,-8751,Bullish
2002-04-23,12647,13373,4003.0,-4022.0,67954,-726,Bullish Reversal
2002-04-30,16757,11103,4110.0,-2270.0,82621,5654,Bullish
2002-05-07,16872,10358,115.0,-745.0,84031,6514,Bullish
2002-05-14,14583,11769,-2289.0,1411.0,83322,2814,Bearish Reversal
2002-05-21,21800,7938,7217.0,-3831.0,95905,13862,Bullish
2002-05-28,20481,8307,-1319.0,369.0,94948,12174,Bearish Reversal
2002-06-04,17715,9340,-2766.0,1033.0,97625,8375,Bearish
2002-06-11,17774,11699,59.0,2359.0,105123,6075,Bearish
2002-06-18,19424,9955,1650.0,-1744.0,68634,9469,Bullish Reversal
2002-06-25,21992,11383,2568.0,1428.0,75487,10609,Bullish
2002-07-02,19786,10740,-2206.0,-643.0,74473,9046,Bearish Reversal
2002-07-09,20799,10599,1013.0,-141.0,78069,10200,Bullish
2002-07-16,21661,10440,862.0,-159.0,78550,11221,Bullish
2002-07-23,20262,10399,-1399.0,-41.0,76478,9863,Bearish Reversal
2002-07-30,14452,10600,-5810.0,201.0,73947,3852,Bearish Reversal
2002-08-06,12340,11634,-2112.0,1034.0,71254,706,Bearish Reversal
2002-08-13,13237,9573,897.0,-2061.0,70948,3664,Bullish Reversal
2002-08-20,12496,9084,-741.0,-489.0,70974,3412,Bearish
2002-08-27,15007,10656,2511.0,1572.0,72646,4351,Bullish
2002-09-03,17853,11212,2846.0,556.0,77046,6641,Bullish
2002-09-10,14997,11777,-2856.0,565.0,102073,3220,Bearish
2002-09-17,1996,18370,-13001.0,6593.0,68295,-16374,Bearish Reversal
2002-09-24,1826,19906,-170.0,1536.0,70469,-18080,Bearish
2002-10-01,2586,17899,760.0,-2007.0,71055,-15313,Bullish
2002-10-08,9841,23082,7255.0,5183.0,82495,-13241,Bullish
2002-10-15,8606,21436,-1235.0,-1646.0,80287,-12830,Bullish Reversal
2002-10-22,8768,23702,162.0,2266.0,85343,-14934,Bearish
2002-10-29,13185,21449,4417.0,-2253.0,79469,-8264,Bullish Reversal
2002-11-05,12412,17108,-773.0,-4341.0,75258,-4696,Bullish Reversal
2002-11-12,14064,14491,1652.0,-2617.0,77422,-427,Bullish
2002-11-19,12867,15758,-1197.0,1267.0,75092,-2891,Bearish Reversal
2002-11-26,11744,16208,-1123.0,450.0,71861,-4464,Bearish Reversal
2002-12-03,9754,19657,-1990.0,3449.0,78433,-9903,Bearish
2002-12-10,8206,20416,-1548.0,759.0,119680,-12210,Bearish
2002-12-17,11832,12538,3626.0,-7878.0,87176,-706,Bullish Reversal
2002-12-23,16976,13169,5144.0,631.0,92767,3807,Bullish
2002-12-31,40666,12532,23690.0,-637.0,119681,28134,Bullish
2003-01-07,39488,12261,-1178.0,-271.0,116555,27227,Bearish Reversal
2003-01-14,44399,11455,4911.0,-806.0,120396,32944,Bullish
2003-01-21,44463,11170,64.0,-285.0,119530,33293,Bullish Reversal
2003-01-28,36528,10918,-7935.0,-252.0,108851,25610,Bearish Reversal
2003-02-04,19681,14087,-16847.0,3169.0,91248,5594,Bearish Reversal
2003-02-11,30376,19667,10695.0,5580.0,110275,10709,Bullish
2003-02-18,37746,19313,7370.0,-354.0,113853,18433,Bullish
2003-02-25,45047,9293,7301.0,-10020.0,118365,35754,Bullish
2003-03-04,40722,8690,-4325.0,-603.0,116621,32032,Bearish Reversal
2003-03-11,42400,6181,1678.0,-2509.0,133098,36219,Bullish
2003-03-18,30389,7071,-12011.0,890.0,82659,23318,Bearish Reversal
2003-03-25,10780,23763,-19609.0,16692.0,84457,-12983,Bearish
2003-04-01,12485,16388,1705.0,-7375.0,80136,-3903,Bullish Reversal
2003-04-08,11031,16665,-1454.0,277.0,75088,-5634,Bearish Reversal
2003-04-15,9937,19354,-1094.0,2689.0,79252,-9417,Bearish
2003-04-22,14525,18708,4588.0,-646.0,83959,-4183,Bullish
2003-04-29,9641,19821,-4884.0,1113.0,86346,-10180,Bearish
2003-05-06,19853,17185,10212.0,-2636.0,99924,2668,Bullish
2003-05-13,38488,9026,18635.0,-8159.0,114134,29462,Bullish
2003-05-20,37884,8114,-604.0,-912.0,111964,29770,Bullish Reversal
2003-05-27,36758,7315,-1126.0,-799.0,109843,29443,Bearish Reversal
2003-06-03,19933,12373,-16825.0,5058.0,98513,7560,Bearish Reversal
2003-06-10,22835,11079,2902.0,-1294.0,121421,11756,Bullish
2003-06-17,24463,13601,1628.0,2522.0,91916,10862,Bearish Reversal
2003-06-24,25897,8761,1434.0,-4840.0,98292,17136,Bullish
2003-07-01,8768,22165,-17129.0,13404.0,104184,-13397,Bearish
2003-07-08,13642,13534,4874.0,-8631.0,104434,108,Bullish
2003-07-15,23702,7877,10060.0,-5657.0,113969,15825,Bullish
2003-07-22,16536,9744,-7166.0,1867.0,104161,6792,Bearish Reversal
2003-07-29,18580,12272,2044.0,2528.0,103252,6308,Bearish Reversal
2003-08-05,10136,46435,-8444.0,34163.0,125420,-36299,Bearish
2003-08-12,12940,22880,2804.0,-23555.0,115581,-9940,Bullish Reversal
2003-08-19,14557,23909,1617.0,1029.0,118044,-9352,Bullish
2003-08-26,22148,8916,7591.0,-14993.0,131738,13232,Bullish
2003-09-02,53464,6509,31316.0,-2407.0,169584,46955,Bullish
2003-09-09,59532,6687,6068.0,178.0,171788,52845,Bullish
2003-09-16,60153,5506,621.0,-1181.0,126661,54647,Bullish Reversal
2003-09-23,61520,7972,1367.0,2466.0,135500,53548,Bearish
2003-09-30,69657,28792,8137.0,20820.0,144431,40865,Bearish
2003-10-07,76438,26713,6781.0,-2079.0,159009,49725,Bullish
2003-10-14,71679,32470,-4759.0,5757.0,154276,39209,Bearish Reversal
2003-10-21,69794,21490,-1885.0,-10980.0,151390,48304,Bullish Reversal
2003-10-28,71462,16552,1668.0,-4938.0,152880,54910,Bullish
2003-11-04,56179,5835,-15283.0,-10717.0,135896,50344,Bearish Reversal
2003-11-11,63585,5788,7406.0,-47.0,143363,57797,Bullish
2003-11-18,59678,5916,-3907.0,128.0,143468,53762,Bearish
2003-11-25,47773,5233,-11905.0,-683.0,133380,42540,Bearish Reversal
2003-12-02,53739,7553,5966.0,2320.0,142600,46186,Bullish
2003-12-09,62513,5777,8774.0,-1776.0,170513,56736,Bullish
2003-12-16,62421,4185,-92.0,-1592.0,139376,58236,Bullish Reversal
2003-12-22,52320,4185,-10101.0,0.0,131080,48135,Bearish Reversal
2003-12-30,51851,4187,-469.0,2.0,138423,47664,Bearish
2004-01-06,62753,5919,10902.0,1732.0,156255,56834,Bullish
2004-01-13,65248,4646,2495.0,-1273.0,159233,60602,Bullish
2004-01-20,56801,5093,-8447.0,447.0,152326,51708,Bearish Reversal
2004-01-27,63946,5954,7145.0,861.0,160713,57992,Bullish
2004-02-03,70199,5700,6253.0,-254.0,169516,64499,Bullish
2004-02-10,64595,5965,-5604.0,265.0,160443,58630,Bearish Reversal
2004-02-17,62030,6832,-2565.0,867.0,159603,55198,Bearish Reversal
2004-02-24,16202,28383,-45828.0,21551.0,142090,-12181,Bearish Reversal
2004-03-02,15719,38031,-483.0,9648.0,153545,-22312,Bearish
2004-03-09,7779,42295,-7940.0,4264.0,156926,-34516,Bearish
2004-03-16,6974,38413,-805.0,-3882.0,89476,-31439,Bullish Reversal
2004-03-23,11328,25929,4354.0,-12484.0,86095,-14601,Bullish Reversal
2004-03-30,26251,21942,14923.0,-3987.0,107017,4309,Bullish
2004-04-06,43206,22818,16955.0,876.0,132851,20388,Bullish
2004-04-12,47017,22257,3811.0,-561.0,135388,24760,Bullish
2004-04-20,18697,24741,-28320.0,2484.0,104240,-6044,Bearish Reversal
2004-04-27,17240,17036,-1457.0,-7705.0,104978,204,Bullish
2004-05-04,12525,9552,-4715.0,-7484.0,103861,2973,Bullish Reversal
2004-05-11,8791,18884,-3734.0,9332.0,108604,-10093,Bearish
2004-05-18,9095,21777,304.0,2893.0,105799,-12682,Bearish Reversal
2004-05-25,8656,20763,-439.0,-1014.0,107597,-12107,Bullish
2004-06-01,8561,13400,-95.0,-7363.0,115839,-4839,Bullish
2004-06-08,12259,11661,3698.0,-1739.0,126066,598,Bullish
2004-06-15,11677,9184,-582.0,-2477.0,91167,2493,Bullish Reversal
2004-06-22,12433,6938,756.0,-2246.0,92993,5495,Bullish
2004-06-29,13262,4846,829.0,-2092.0,98904,8416,Bullish
2004-07-06,7488,5071,-5774.0,225.0,99512,2417,Bearish
2004-07-13,10569,8403,3081.0,3332.0,106390,2166,Bearish
2004-07-20,11789,9952,1220.0,1549.0,109321,1837,Bearish
2004-07-27,10608,13009,-1181.0,3057.0,107170,-2401,Bearish Reversal
2004-08-03,12133,15401,1525.0,2392.0,113468,-3268,Bearish
2004-08-10,10330,18612,-1803.0,3211.0,110433,-8282,Bearish Reversal
2004-08-17,11251,16456,921.0,-2156.0,113957,-5205,Bullish
2004-08-24,12757,13726,1506.0,-2730.0,108560,-969,Bullish Reversal
2004-08-31,12753,12228,-4.0,-1498.0,109198,525,Bullish
2004-09-07,10847,11679,-1906.0,-549.0,106537,-832,Bearish Reversal
2004-09-14,7982,12039,-2865.0,360.0,79272,-4057,Bearish Reversal
2004-09-21,7666,17023,-316.0,4984.0,82044,-9357,Bearish
2004-09-28,10277,32480,2611.0,15457.0,94536,-22203,Bearish
2004-10-05,11572,26068,1295.0,-6412.0,111308,-14496,Bullish
2004-10-12,12753,19140,1181.0,-6928.0,117286,-6387,Bullish
2004-10-19,22884,14319,10131.0,-4821.0,130921,8565,Bullish
2004-10-26,41391,13755,18507.0,-564.0,143619,27636,Bullish
2004-11-02,46779,9965,5388.0,-3790.0,162362,36814,Bullish
2004-11-09,53757,14664,6978.0,4699.0,174751,39093,Bullish
2004-11-16,58608,14012,4851.0,-652.0,181901,44596,Bullish
2004-11-23,56698,23500,-1910.0,9488.0,190372,33198,Bearish
2004-11-30,61276,21916,4578.0,-1584.0,196960,39360,Bullish
2004-12-07,50795,13472,-10481.0,-8444.0,221297,37323,Bearish
2004-12-14,33636,12235,-17159.0,-1237.0,145978,21401,Bearish Reversal
2004-12-21,33373,12797,-263.0,562.0,145705,20576,Bearish Reversal
2004-12-28,39240,11487,5867.0,-1310.0,150488,27753,Bullish
2005-01-04,33972,11252,-5268.0,-235.0,155870,22720,Bearish
2005-01-11,35208,11463,1236.0,211.0,161868,23745,Bullish
2005-01-18,39872,31993,4664.0,20530.0,171109,7879,Bearish
2005-01-25,33608,32684,-6264.0,691.0,162182,924,Bearish Reversal
2005-02-01,31214,30815,-2394.0,-1869.0,167125,399,Bearish
2005-02-08,19798,34088,-11416.0,3273.0,155552,-14290,Bearish Reversal
2005-02-15,13017,36710,-6781.0,2622.0,151987,-23693,Bearish Reversal
2005-02-22,14078,40013,1061.0,3303.0,154084,-25935,Bearish
2005-03-01,13422,20545,-656.0,-19468.0,153631,-7123,Bullish Reversal
2005-03-08,13350,23136,-72.0,2591.0,171109,-9786,Bearish
2005-03-15,13944,19290,594.0,-3846.0,107434,-5346,Bullish Reversal
2005-03-22,15675,27578,1731.0,8288.0,108865,-11903,Bearish
2005-03-29,11033,41222,-4642.0,13644.0,114268,-30189,Bearish
2005-04-05,9686,46128,-1347.0,4906.0,127406,-36442,Bearish
2005-04-12,11954,56150,2268.0,10022.0,133228,-44196,Bearish
2005-04-19,6927,61624,-5027.0,5474.0,143178,-54697,Bearish
2005-04-26,11215,43717,4288.0,-17907.0,138788,-32502,Bullish Reversal
2005-05-03,21832,35963,10617.0,-7754.0,160185,-14131,Bullish
2005-05-10,20771,30334,-1061.0,-5629.0,160836,-9563,Bullish
2005-05-17,11663,59546,-9108.0,29212.0,189032,-47883,Bearish
2005-05-24,10629,49460,-1034.0,-10086.0,184022,-38831,Bullish Reversal
2005-05-31,6467,54902,-4162.0,5442.0,183593,-48435,Bearish Reversal
2005-06-07,5295,42406,-1172.0,-12496.0,185988,-37111,Bullish
2005-06-14,8991,61022,3696.0,18616.0,144048,-52031,Bearish Reversal
2005-06-21,11128,49102,2137.0,-11920.0,139726,-37974,Bullish Reversal
2005-06-28,10844,62689,-284.0,13587.0,147872,-51845,Bearish
2005-07-05,11579,63765,735.0,1076.0,156517,-52186,Bearish
2005-07-12,10830,73906,-749.0,10141.0,162959,-63076,Bearish
2005-07-19,9165,68221,-1665.0,-5685.0,168697,-59056,Bullish
2005-07-26,8032,55800,-1133.0,-12421.0,161014,-47768,Bullish Reversal
2005-08-02,9337,52488,1305.0,-3312.0,165281,-43151,Bullish
2005-08-09,12768,61428,3431.0,8940.0,177994,-48660,Bearish
2005-08-16,12423,38808,-345.0,-22620.0,166923,-26385,Bullish Reversal
2005-08-23,9358,40724,-3065.0,1916.0,166538,-31366,Bearish Reversal
2005-08-30,7941,55606,-1417.0,14882.0,178245,-47665,Bearish
2005-09-06,8017,42389,76.0,-13217.0,175986,-34372,Bullish Reversal
2005-09-13,10280,45214,2263.0,2825.0,189247,-34934,Bearish
2005-09-20,11954,59583,1674.0,14369.0,127850,-47629,Bearish Reversal
2005-09-27,13469,72535,1515.0,12952.0,138571,-59066,Bearish
2005-10-04,16352,79651,2883.0,7116.0,167979,-63299,Bearish
2005-10-11,18745,84780,2393.0,5129.0,176161,-66035,Bearish
2005-10-18,20214,86855,1469.0,2075.0,199678,-66641,Bearish
2005-10-25,20098,86780,-116.0,-75.0,195218,-66682,Bearish Reversal
2005-11-01,19862,86164,-236.0,-616.0,195803,-66302,Bullish
2005-11-08,19428,84056,-434.0,-2108.0,197715,-64628,Bullish
2005-11-15,21147,88378,1719.0,4322.0,203137,-67231,Bearish
2005-11-22,21037,86921,-110.0,-1457.0,204816,-65884,Bullish
2005-11-29,22626,86626,1589.0,-295.0,206878,-64000,Bullish
2005-12-06,26712,98355,4086.0,11729.0,220313,-71643,Bearish
2005-12-13,22221,94284,-4491.0,-4071.0,243599,-72063,Bearish
2005-12-20,12322,38427,-9899.0,-55857.0,139503,-26105,Bullish Reversal
2005-12-27,16998,39127,4676.0,700.0,148945,-22129,Bullish
2006-01-03,22192,46929,5194.0,7802.0,155722,-24737,Bearish
2006-01-10,30472,50001,8280.0,3072.0,169886,-19529,Bullish
2006-01-17,30062,48321,-410.0,-1680.0,167681,-18259,Bullish Reversal
2006-01-24,29698,48976,-364.0,655.0,166600,-19278,Bearish Reversal
2006-01-31,32287,74032,2589.0,25056.0,188724,-41745,Bearish
2006-02-07,31219,87566,-1068.0,13534.0,197898,-56347,Bearish
2006-02-14,27560,82617,-3659.0,-4949.0,195644,-55057,Bullish Reversal
2006-02-21,26959,98143,-601.0,15526.0,203465,-71184,Bearish
2006-02-28,41587,64408,14628.0,-33735.0,201773,-22821,Bullish Reversal
2006-03-07,36738,78569,-4849.0,14161.0,248612,-41831,Bearish
2006-03-14,24814,70103,-11924.0,-8466.0,189513,-45289,Bearish Reversal
2006-03-21,23115,52471,-1699.0,-17632.0,175962,-29356,Bullish Reversal
2006-03-28,27229,57641,4114.0,5170.0,180101,-30412,Bearish
2006-04-04,30603,63319,3374.0,5678.0,189732,-32716,Bearish
2006-04-11,36213,90684,5610.0,27365.0,205630,-54471,Bearish
2006-04-18,38749,79890,2536.0,-10794.0,202039,-41141,Bullish Reversal
2006-04-25,40997,47487,2248.0,-32403.0,201415,-6490,Bullish Reversal
2006-05-02,44389,41700,3392.0,-5787.0,206400,2689,Bullish
2006-05-09,46769,27925,2380.0,-13775.0,210545,18844,Bullish
2006-05-16,47053,27932,284.0,7.0,212386,19121,Bullish
2006-05-23,49669,31340,2616.0,3408.0,211949,18329,Bearish Reversal
2006-05-30,56019,30278,6350.0,-1062.0,208512,25741,Bullish Reversal
2006-06-06,47148,26145,-8871.0,-4133.0,201843,21003,Bearish Reversal
2006-06-13,39360,48957,-7788.0,22812.0,243513,-9597,Bearish
2006-06-20,23877,46884,-15483.0,-2073.0,161290,-23007,Bearish Reversal
2006-06-27,25190,60762,1313.0,13878.0,174066,-35572,Bearish
2006-07-03,25330,49239,140.0,-11523.0,168688,-23909,Bullish Reversal
2006-07-11,27639,48343,2309.0,-896.0,173470,-20704,Bullish
2006-07-18,27724,96773,85.0,48430.0,203567,-69049,Bearish
2006-07-25,26299,103185,-1425.0,6412.0,208508,-76886,Bearish
2006-08-01,25391,68375,-908.0,-34810.0,195626,-42984,Bullish Reversal
2006-08-08,25031,76822,-360.0,8447.0,198570,-51791,Bearish
2006-08-15,29646,91920,4615.0,15098.0,216492,-62274,Bearish
2006-08-22,30853,105930,1207.0,14010.0,227195,-75077,Bearish
2006-08-29,33920,122249,3067.0,16319.0,244441,-88329,Bearish
2006-09-05,32941,102439,-979.0,-19810.0,228792,-69498,Bullish Reversal
2006-09-12,34942,134394,2001.0,31955.0,275585,-99452,Bearish
2006-09-19,34955,125759,13.0,-8635.0,225098,-90804,Bullish Reversal
2006-09-26,42518,129876,7563.0,4117.0,221240,-87358,Bullish Reversal
2006-10-03,47430,151581,4912.0,21705.0,243819,-104151,Bearish
2006-10-10,50595,174193,3165.0,22612.0,267803,-123598,Bearish
2006-10-17,53173,165751,2578.0,-8442.0,261575,-112578,Bullish Reversal
2006-10-24,50401,187691,-2772.0,21940.0,282998,-137290,Bearish
2006-10-31,46776,106376,-3625.0,-81315.0,226607,-59600,Bullish Reversal
2006-11-07,48102,111614,1326.0,5238.0,229063,-63512,Bearish
2006-11-14,48106,103118,4.0,-8496.0,233573,-55012,Bullish
2006-11-21,50648,131069,2542.0,27951.0,258327,-80421,Bearish
2006-11-28,56033,97991,5385.0,-33078.0,252107,-41958,Bullish Reversal
2006-12-05,62344,85881,6311.0,-12110.0,268136,-23537,Bullish
2006-12-12,50622,106182,-11722.0,20301.0,276919,-55560,Bearish
2006-12-19,48950,141469,-1672.0,35287.0,239042,-92519,Bearish Reversal
2006-12-26,55629,160543,6679.0,19074.0,262764,-104914,Bearish
2007-01-03,54819,173411,-810.0,12868.0,280541,-118592,Bearish
2007-01-09,54341,177684,-478.0,4273.0,287999,-123343,Bearish
2007-01-16,56031,194177,1690.0,16493.0,308740,-138146,Bearish
2007-01-23,52200,217060,-3831.0,22883.0,344998,-164860,Bearish
2007-01-30,42579,215584,-9621.0,-1476.0,344070,-173005,Bearish Reversal
2007-02-06,41025,169551,-1554.0,-46033.0,314920,-128526,Bullish Reversal
2007-02-13,43467,210972,2442.0,41421.0,361809,-167505,Bearish
2007-02-20,42286,158481,-1181.0,-52491.0,332216,-116195,Bullish Reversal
2007-02-27,39383,154009,-2903.0,-4472.0,328295,-114626,Bullish Reversal
2007-03-06,30479,93365,-8904.0,-60644.0,278491,-62886,Bullish Reversal
2007-03-13,38194,91047,7715.0,-2318.0,281602,-52853,Bullish
2007-03-20,34269,84222,-3925.0,-6825.0,176550,-49953,Bullish Reversal
2007-03-27,37765,85245,3496.0,1023.0,204073,-47480,Bullish
2007-04-03,36845,100703,-920.0,15458.0,221748,-63858,Bearish
2007-04-10,42718,107559,5873.0,6856.0,230370,-64841,Bearish
2007-04-17,43281,113800,563.0,6241.0,234796,-70519,Bearish
2007-04-24,37900,119672,-5381.0,5872.0,235531,-81772,Bearish
2007-05-01,47618,166400,9718.0,46728.0,279868,-118782,Bearish
2007-05-08,51213,163472,3595.0,-2928.0,284780,-112259,Bullish
2007-05-15,46650,174546,-4563.0,11074.0,297263,-127896,Bearish
2007-05-22,52301,204047,5651.0,29501.0,326431,-151746,Bearish
2007-05-29,51301,197544,-1000.0,-6503.0,319048,-146243,Bullish Reversal
2007-06-05,53781,177787,2480.0,-19757.0,311288,-124006,Bullish Reversal
2007-06-12,48791,176353,-4990.0,-1434.0,380532,-127562,Bearish
2007-06-19,45218,206579,-3573.0,30226.0,310083,-161361,Bearish Reversal
2007-06-26,49411,237488,4193.0,30909.0,352299,-188077,Bearish
2007-07-03,43373,198511,-6038.0,-38977.0,326811,-155138,Bullish Reversal
2007-07-10,51549,177439,8176.0,-21072.0,320333,-125890,Bullish Reversal
2007-07-17,50431,177204,-1118.0,-235.0,303595,-126773,Bearish Reversal
2007-07-24,51088,143503,657.0,-33701.0,284669,-92415,Bullish Reversal
2007-07-31,46600,97762,-4488.0,-45741.0,264271,-51162,Bullish Reversal
2007-08-07,47110,81603,510.0,-16159.0,263905,-34493,Bullish Reversal
2007-08-14,57759,79648,10649.0,-1955.0,278398,-21889,Bullish
2007-08-21,61218,59702,3459.0,-19946.0,273008,1516,Bullish Reversal
2007-08-28,66128,56282,4910.0,-3420.0,276995,9846,Bullish
2007-09-04,58339,65392,-7789.0,9110.0,269834,-7053,Bearish Reversal
2007-09-11,62733,57148,4394.0,-8244.0,299538,5585,Bullish
2007-09-18,41534,62601,-21199.0,5453.0,168189,-21067,Bearish Reversal
2007-09-25,46051,48500,4517.0,-14101.0,171770,-2449,Bullish
2007-10-02,35521,63590,-10530.0,15090.0,197060,-28069,Bearish
2007-10-09,36321,82078,800.0,18488.0,224347,-45757,Bearish
2007-10-16,45607,84220,9286.0,2142.0,228334,-38613,Bullish
2007-10-23,46369,67723,762.0,-16497.0,225032,-21354,Bullish Reversal
2007-10-30,57461,67410,11092.0,-313.0,222002,-9949,Bullish Reversal
2007-11-06,59945,68842,2484.0,1432.0,216041,-8897,Bullish Reversal
2007-11-13,63338,42542,3393.0,-26300.0,190955,20796,Bullish Reversal
2007-11-20,68020,37619,4682.0,-4923.0,193209,30401,Bullish
2007-11-27,68104,36772,84.0,-847.0,192574,31332,Bullish Reversal
2007-12-04,73463,39378,5359.0,2606.0,195761,34085,Bullish
2007-12-11,68557,37654,-4906.0,-1724.0,218614,30903,Bearish
2007-12-18,54075,40718,-14482.0,3064.0,176620,13357,Bearish Reversal
2007-12-24,46961,42948,-7114.0,2230.0,180033,4013,Bearish
2007-12-31,45107,44187,-1854.0,1239.0,181412,920,Bearish
2008-01-08,62356,24883,17249.0,-19304.0,193786,37473,Bullish
2008-01-15,64712,27513,2356.0,2630.0,202548,37199,Bearish
2008-01-22,67896,26054,3184.0,-1459.0,193308,41842,Bullish Reversal
2008-01-29,78810,25882,10914.0,-172.0,206162,52928,Bullish
2008-02-05,83740,29050,4930.0,3168.0,225290,54690,Bullish
2008-02-12,73955,30484,-9785.0,1434.0,231216,43471,Bearish
2008-02-19,80805,30361,6850.0,-123.0,237223,50444,Bullish
2008-02-26,70188,35899,-10617.0,5538.0,235856,34289,Bearish Reversal
2008-03-04,94654,38369,24466.0,2470.0,254859,56285,Bullish
2008-03-11,86383,36230,-8271.0,-2139.0,234069,50153,Bearish Reversal
2008-03-18,82300,26541,-4083.0,-9689.0,193580,55759,Bullish Reversal
2008-03-25,88691,22771,6391.0,-3770.0,196616,65920,Bullish
2008-04-01,78135,25837,-10556.0,3066.0,189206,52298,Bearish Reversal
2008-04-08,70424,27357,-7711.0,1520.0,182491,43067,Bearish Reversal
2008-04-15,68950,20978,-1474.0,-6379.0,177514,47972,Bullish Reversal
2008-04-22,60353,25266,-8597.0,4288.0,172737,35087,Bearish Reversal
2008-04-29,73485,18035,13132.0,-7231.0,166940,55450,Bullish Reversal
2008-05-06,69355,20620,-4130.0,2585.0,169098,48735,Bearish
2008-05-13,62209,28393,-7146.0,7773.0,174423,33816,Bearish
2008-05-20,65203,25155,2994.0,-3238.0,165388,40048,Bullish Reversal
2008-05-27,62907,29603,-2296.0,4448.0,171688,33304,Bearish
2008-06-03,55009,31644,-7898.0,2041.0,164454,23365,Bearish Reversal
2008-06-10,43391,35675,-11618.0,4031.0,202372,7716,Bearish
2008-06-17,39989,34132,-3402.0,-1543.0,161544,5857,Bearish Reversal
2008-06-24,34316,47063,-5673.0,12931.0,164015,-12747,Bearish
2008-07-01,45189,29184,10873.0,-17879.0,175598,16005,Bullish
2008-07-08,40519,35194,-4670.0,6010.0,175428,5325,Bearish Reversal
2008-07-15,77600,27495,37081.0,-7699.0,213992,50105,Bullish
2008-07-22,48433,37909,-29167.0,10414.0,187785,10524,Bearish Reversal
2008-07-29,39162,45442,-9271.0,7533.0,178959,-6280,Bearish Reversal
2008-08-05,45898,57979,6736.0,12537.0,200818,-12081,Bearish
2008-08-12,46164,59413,266.0,1434.0,208622,-13249,Bearish
2008-08-19,40933,64071,-5231.0,4658.0,212982,-23138,Bearish
2008-08-26,40103,60073,-830.0,-3998.0,209138,-19970,Bullish Reversal
2008-09-02,38405,43425,-1698.0,-16648.0,205813,-5020,Bullish Reversal
2008-09-09,39298,24477,893.0,-18948.0,206916,14821,Bullish
2008-09-16,50625,24025,11327.0,-452.0,132133,26600,Bullish Reversal
2008-09-23,51186,19247,561.0,-4778.0,141677,31939,Bullish
2008-09-30,69373,26351,18187.0,7104.0,159908,43022,Bullish
2008-10-07,61557,21744,-7816.0,-4607.0,158003,39813,Bearish Reversal
2008-10-14,51709,21805,-9848.0,61.0,132983,29904,Bearish Reversal
2008-10-21,51441,21320,-268.0,-485.0,138768,30121,Bullish
2008-10-28,51215,19389,-226.0,-1931.0,143020,31826,Bullish
2008-11-04,46772,20278,-4443.0,889.0,129500,26494,Bearish Reversal
2008-11-11,46353,21842,-419.0,1564.0,130102,24511,Bearish
2008-11-18,46827,22693,474.0,851.0,129694,24134,Bearish Reversal
2008-11-25,62066,24900,15239.0,2207.0,131206,37166,Bullish
2008-12-02,67743,24840,5677.0,-60.0,138994,42903,Bullish
2008-12-09,62978,19719,-4765.0,-5121.0,166059,43259,Bullish
2008-12-16,59985,18604,-2993.0,-1115.0,110472,41381,Bearish Reversal
2008-12-22,56334,16236,-3651.0,-2368.0,105339,40098,Bearish Reversal
2008-12-30,57793,13917,1459.0,-2319.0,105926,43876,Bullish
2009-01-06,62615,16221,4822.0,2304.0,110160,46394,Bullish
2009-01-13,60480,15585,-2135.0,-636.0,107714,44895,Bearish Reversal
2009-01-20,62529,15439,2049.0,-146.0,113171,47090,Bullish
2009-01-27,63369,14362,840.0,-1077.0,115063,49007,Bullish
2009-02-03,65131,14613,1762.0,251.0,117069,50518,Bullish
2009-02-10,56870,13273,-8261.0,-1340.0,106751,43597,Bearish Reversal
2009-02-17,54653,18465,-2217.0,5192.0,108685,36188,Bearish
2009-02-24,47262,18627,-7391.0,162.0,108705,28635,Bearish
2009-03-03,46618,26548,-644.0,7921.0,110223,20070,Bearish
2009-03-10,43326,24420,-3292.0,-2128.0,114020,18906,Bearish
2009-03-17,27170,31866,-16156.0,7446.0,70507,-4696,Bearish Reversal
2009-03-24,25057,32719,-2113.0,853.0,69923,-7662,Bearish Reversal
2009-03-31,26744,36207,1687.0,3488.0,76607,-9463,Bearish
2009-04-07,25566,32564,-1178.0,-3643.0,84138,-6998,Bullish
2009-04-14,21169,27264,-4397.0,-5300.0,82017,-6095,Bullish Reversal
2009-04-21,18343,32038,-2826.0,4774.0,74215,-13695,Bearish Reversal
2009-04-28,22162,26741,3819.0,-5297.0,75734,-4579,Bullish
2009-05-05,21588,28106,-574.0,1365.0,75595,-6518,Bearish Reversal
2009-05-12,28513,26125,6925.0,-1981.0,85709,2388,Bullish
2009-05-19,29526,23526,1013.0,-2599.0,90204,6000,Bullish
2009-05-26,34860,26851,5334.0,3325.0,96706,8009,Bullish
2009-06-02,34077,24456,-783.0,-2395.0,96969,9621,Bullish
2009-06-09,25222,27521,-8855.0,3065.0,93527,-2299,Bearish Reversal
2009-06-16,18287,26850,-6935.0,-671.0,62998,-8563,Bearish Reversal
2009-06-23,22186,26193,3899.0,-657.0,73797,-4007,Bullish
2009-06-30,23261,24308,1075.0,-1885.0,73476,-1047,Bullish Reversal
2009-07-07,36668,19551,13407.0,-4757.0,89956,17117,Bullish
2009-07-14,52640,19073,15972.0,-478.0,110140,33567,Bullish
2009-07-21,52973,16785,333.0,-2288.0,110610,36188,Bullish
2009-07-28,37334,13032,-15639.0,-3753.0,90649,24302,Bearish Reversal
2009-08-04,28269,17654,-9065.0,4622.0,80101,10615,Bearish Reversal
2009-08-11,24019,23195,-4250.0,5541.0,70654,824,Bearish Reversal
2009-08-18,25121,22768,1102.0,-427.0,72642,2353,Bullish
2009-08-25,34055,22408,8934.0,-360.0,86500,11647,Bullish
2009-09-01,52041,19676,17986.0,-2732.0,107605,32365,Bullish
2009-09-08,56725,15926,4684.0,-3750.0,115249,40799,Bullish
2009-09-15,54044,16937,-2681.0,1011.0,108330,37107,Bearish Reversal
2009-09-22,63269,17654,9225.0,717.0,119425,45615,Bullish
2009-09-29,63449,18593,180.0,939.0,119276,44856,Bearish Reversal
2009-10-06,62127,17484,-1322.0,-1109.0,120340,44643,Bearish
2009-10-13,49817,16478,-12310.0,-1006.0,119052,33339,Bearish Reversal
2009-10-20,49401,18216,-416.0,1738.0,120630,31185,Bearish
2009-10-27,36076,18546,-13325.0,330.0,115161,17530,Bearish Reversal
2009-11-03,39028,19196,2952.0,650.0,110032,19832,Bullish Reversal
2009-11-09,42044,20166,3016.0,970.0,117344,21878,Bullish
2009-11-17,48750,13198,6706.0,-6968.0,125908,35552,Bullish
2009-11-24,65224,13514,16474.0,316.0,131833,51710,Bullish
2009-12-01,73793,16886,8569.0,3372.0,144123,56907,Bullish
2009-12-08,48754,13572,-25039.0,-3314.0,123501,35182,Bearish Reversal
2009-12-15,33810,25438,-14944.0,11866.0,88438,8372,Bearish Reversal
2009-12-22,29477,30488,-4333.0,5050.0,93224,-1011,Bearish
2009-12-29,19943,34846,-9534.0,4358.0,95217,-14903,Bearish
2010-01-05,20634,37445,691.0,2599.0,104231,-16811,Bearish
2010-01-12,21951,38695,1317.0,1250.0,120568,-16744,Bullish
2010-01-19,23718,40814,1767.0,2119.0,122367,-17096,Bearish
2010-01-26,28821,33168,5103.0,-7646.0,119819,-4347,Bullish Reversal
2010-02-02,30177,23042,1356.0,-10126.0,116129,7135,Bullish Reversal
2010-02-09,41352,18956,11175.0,-4086.0,120060,22396,Bullish
2010-02-16,35691,21779,-5661.0,2823.0,119816,13912,Bearish Reversal
2010-02-23,30432,28715,-5259.0,6936.0,122919,1717,Bearish
2010-03-02,57332,24780,26900.0,-3935.0,133600,32552,Bullish
2010-03-09,51919,25631,-5413.0,851.0,137443,26288,Bearish
2010-03-16,41278,26081,-10641.0,450.0,95999,15197,Bearish Reversal
2010-03-23,41030,30869,-248.0,4788.0,96913,10161,Bearish
2010-03-30,17174,48040,-23856.0,17171.0,109417,-30866,Bearish
2010-04-06,18596,60901,1422.0,12861.0,123837,-42305,Bearish
2010-04-13,12573,68319,-6023.0,7418.0,131723,-55746,Bearish
2010-04-20,14211,64549,1638.0,-3770.0,134324,-50338,Bullish
2010-04-27,15018,64795,807.0,246.0,137780,-49777,Bullish
2010-05-04,12430,78042,-2588.0,13247.0,147243,-65612,Bearish
2010-05-11,23265,57934,10835.0,-20108.0,146389,-34669,Bullish Reversal
2010-05-18,21393,55682,-1872.0,-2252.0,142699,-34289,Bullish Reversal
2010-05-25,31994,42232,10601.0,-13450.0,140769,-10238,Bullish Reversal
2010-06-01,33215,39699,1221.0,-2533.0,133365,-6484,Bullish Reversal
2010-06-08,28519,41066,-4696.0,1367.0,133010,-12547,Bearish Reversal
2010-06-15,23304,26984,-5215.0,-14082.0,82217,-3680,Bullish Reversal
2010-06-22,29257,25627,5953.0,-1357.0,91415,3630,Bullish
2010-06-29,51721,24294,22464.0,-1333.0,120484,27427,Bullish
2010-07-06,62476,24550,10755.0,256.0,135128,37926,Bullish
2010-07-13,63205,15846,729.0,-8704.0,133665,47359,Bullish Reversal
2010-07-20,54733,13822,-8472.0,-2024.0,127658,40911,Bearish Reversal
2010-07-27,48488,18567,-6245.0,4745.0,124595,29921,Bearish Reversal
2010-08-03,61723,13725,13235.0,-4842.0,133870,47998,Bullish
2010-08-10,65314,12836,3591.0,-889.0,136999,52478,Bullish
2010-08-17,62745,12776,-2569.0,-60.0,137645,49969,Bearish
2010-08-24,63086,12017,341.0,-759.0,140128,51069,Bullish
2010-08-31,61219,11315,-1867.0,-702.0,139079,49904,Bearish Reversal
2010-09-07,65440,13257,4221.0,1942.0,150513,52183,Bullish
2010-09-14,61215,13573,-4225.0,316.0,134360,47642,Bearish Reversal
2010-09-21,39948,16848,-21267.0,3275.0,113349,23100,Bearish Reversal
2010-09-28,45136,16470,5188.0,-378.0,118274,28666,Bullish
2010-10-05,66866,17660,21730.0,1190.0,142488,49206,Bullish
2010-10-12,66463,18178,-403.0,518.0,146581,48285,Bearish
2010-10-19,62554,16698,-3909.0,-1480.0,139496,45856,Bearish Reversal
2010-10-26,61305,18176,-1249.0,1478.0,139850,43129,Bearish
2010-11-02,63061,16606,1756.0,-1570.0,140062,46455,Bullish
2010-11-09,54256,17602,-8805.0,996.0,140515,36654,Bearish
2010-11-16,47595,24737,-6661.0,7135.0,131701,22858,Bearish Reversal
2010-11-23,51161,23969,3566.0,-768.0,129620,27192,Bullish Reversal
2010-11-30,55791,25785,4630.0,1816.0,133069,30006,Bullish
2010-12-07,47661,24373,-8130.0,-1412.0,132233,23288,Bearish Reversal
2010-12-14,34996,22261,-12665.0,-2112.0,96110,12735,Bearish Reversal
2010-12-21,34243,21714,-753.0,-547.0,90072,12529,Bearish Reversal
2010-12-28,49941,20300,15698.0,-1414.0,109343,29641,Bullish
2011-01-04,65924,26859,15983.0,6559.0,128483,39065,Bullish
2011-01-11,43884,19148,-22040.0,-7711.0,107132,24736,Bearish Reversal
2011-01-18,46258,25729,2374.0,6581.0,110405,20529,Bearish
2011-01-25,54495,22277,8237.0,-3452.0,116661,32218,Bullish
2011-02-01,52648,21167,-1847.0,-1110.0,116384,31481,Bearish Reversal
2011-02-08,56607,19876,3959.0,-1291.0,117705,36731,Bullish
2011-02-15,24389,42937,-32218.0,23061.0,116803,-18548,Bearish Reversal
2011-02-22,23457,51203,-932.0,8266.0,124016,-27746,Bearish
2011-03-01,62396,21122,38939.0,-30081.0,136561,41274,Bullish
2011-03-08,43205,26549,-19191.0,5427.0,131247,16656,Bearish Reversal
2011-03-15,52603,22373,9398.0,-4176.0,114701,30230,Bullish Reversal
2011-03-22,52484,17959,-119.0,-4414.0,112051,34525,Bullish Reversal
2011-03-29,37737,30685,-14747.0,12726.0,100377,7052,Bearish Reversal
2011-04-05,16516,59747,-21221.0,29062.0,120632,-43231,Bearish
2011-04-12,14183,67060,-2333.0,7313.0,130084,-52877,Bearish
2011-04-19,12935,65918,-1248.0,-1142.0,127838,-52983,Bearish Reversal
2011-04-26,14063,51060,1128.0,-14858.0,114134,-36997,Bullish Reversal
2011-05-03,19779,38598,5716.0,-12462.0,104590,-18819,Bullish Reversal
2011-05-10,36100,23046,16321.0,-15552.0,102289,13054,Bullish Reversal
2011-05-17,38016,22643,1916.0,-403.0,103453,15373,Bullish
2011-05-24,32188,24182,-5828.0,1539.0,99264,8006,Bearish Reversal
2011-05-31,24186,25834,-8002.0,1652.0,95929,-1648,Bearish Reversal
2011-06-07,35883,18252,11697.0,-7582.0,106199,17631,Bullish
2011-06-14,38618,13850,2735.0,-4402.0,94483,24768,Bullish Reversal
2011-06-21,47074,14480,8456.0,630.0,99071,32594,Bullish
2011-06-28,34319,20696,-12755.0,6216.0,94286,13623,Bearish Reversal
2011-07-05,34595,20268,276.0,-428.0,94901,14327,Bullish
2011-07-12,52277,23989,17682.0,3721.0,115846,28288,Bullish
2011-07-19,63535,21380,11258.0,-2609.0,129653,42155,Bullish
2011-07-26,72114,20812,8579.0,-568.0,138932,51302,Bullish
2011-08-02,78855,20022,6741.0,-790.0,148888,58833,Bullish
2011-08-09,53386,11237,-25469.0,-8785.0,119904,42149,Bearish Reversal
2011-08-16,59060,11712,5674.0,475.0,126262,47348,Bullish
2011-08-23,60831,13692,1771.0,1980.0,131217,47139,Bearish
2011-08-30,54136,12951,-6695.0,-741.0,126128,41185,Bearish Reversal
2011-09-06,48125,15338,-6011.0,2387.0,123412,32787,Bearish Reversal
2011-09-13,53778,18823,5653.0,3485.0,151535,34955,Bullish
2011-09-20,63888,18271,10110.0,-552.0,127828,45617,Bullish Reversal
2011-09-27,61166,18844,-2722.0,573.0,125732,42322,Bearish Reversal
2011-10-04,60867,17405,-299.0,-1439.0,134724,43462,Bullish
2011-10-11,54190,19071,-6677.0,1666.0,153849,35119,Bearish
2011-10-18,49047,22140,-5143.0,3069.0,152255,26907,Bearish Reversal
2011-10-25,75999,21720,26952.0,-420.0,165616,54279,Bullish
2011-11-01,43671,17767,-32328.0,-3953.0,138045,25904,Bearish Reversal
2011-11-08,44320,16243,649.0,-1524.0,138981,28077,Bullish
2011-11-15,49916,16236,5596.0,-7.0,142233,33680,Bullish
2011-11-22,57018,13838,7102.0,-2398.0,149571,43180,Bullish
2011-11-29,56162,15615,-856.0,1777.0,166279,40547,Bearish
2011-12-06,56817,18546,655.0,2931.0,178625,38271,Bearish
2011-12-13,52249,16649,-4568.0,-1897.0,204818,35600,Bearish
2011-12-20,52148,27672,-101.0,11023.0,132006,24476,Bearish Reversal
2011-12-27,52691,30106,543.0,2434.0,132557,22585,Bearish
2012-01-03,72986,16505,20295.0,-13601.0,158719,56481,Bullish
2012-01-10,76671,17014,3685.0,509.0,163533,59657,Bullish
2012-01-17,78355,19493,1684.0,2479.0,168070,58862,Bearish
2012-01-24,66194,21827,-12161.0,2334.0,152061,44367,Bearish Reversal
2012-01-31,81054,24385,14860.0,2558.0,172967,56669,Bullish
2012-02-07,84847,29676,3793.0,5291.0,178512,55171,Bearish
2012-02-14,64096,34637,-20751.0,4961.0,153683,29459,Bearish Reversal
2012-02-21,62062,44805,-2034.0,10168.0,150551,17257,Bearish Reversal
2012-02-28,51558,52761,-10504.0,7956.0,148310,-1203,Bearish Reversal
2012-03-06,33281,52639,-18277.0,-122.0,147952,-19358,Bearish Reversal
2012-03-13,22249,64629,-11032.0,11990.0,196396,-42380,Bearish
2012-03-20,34923,60744,12674.0,-3885.0,139769,-25821,Bullish Reversal
2012-03-27,10905,78527,-24018.0,17783.0,145497,-67622,Bearish
2012-04-03,14563,79671,3658.0,1144.0,150382,-65108,Bullish
2012-04-10,16097,82181,1534.0,2510.0,150875,-66084,Bearish
2012-04-17,16917,74720,820.0,-7461.0,144168,-57803,Bullish Reversal
2012-04-24,12669,68572,-4248.0,-6148.0,137636,-55903,Bullish Reversal
2012-05-01,14110,64283,1441.0,-4289.0,140349,-50173,Bullish
2012-05-08,16369,57462,2259.0,-6821.0,141842,-41093,Bullish
2012-05-15,17455,51770,1086.0,-5692.0,139275,-34315,Bullish Reversal
2012-05-22,20483,38498,3028.0,-13272.0,142168,-18015,Bullish
2012-05-29,21620,32950,1137.0,-5548.0,140684,-11330,Bullish Reversal
2012-06-05,37376,25303,15756.0,-7647.0,169663,12073,Bullish
2012-06-12,38182,25875,806.0,572.0,174278,12307,Bullish
2012-06-19,44740,29603,6558.0,3728.0,123868,15137,Bullish Reversal
2012-06-26,43910,39368,-830.0,9765.0,123247,4542,Bearish Reversal
2012-07-03,36950,32775,-6960.0,-6593.0,117403,4175,Bearish Reversal
2012-07-10,32920,23968,-4030.0,-8807.0,115522,8952,Bullish Reversal
2012-07-17,36734,25613,3814.0,1645.0,121806,11121,Bullish
2012-07-24,52024,26963,15290.0,1350.0,139033,25061,Bullish
2012-07-31,55373,23119,3349.0,-3844.0,144095,32254,Bullish
2012-08-07,55883,28344,510.0,5225.0,148998,27539,Bearish
2012-08-14,55983,25279,100.0,-3065.0,151036,30704,Bullish
2012-08-21,43584,32413,-12399.0,7134.0,141458,11171,Bearish Reversal
2012-08-28,53571,32015,9987.0,-398.0,149444,21556,Bullish
2012-09-04,55133,31126,1562.0,-889.0,152452,24007,Bullish
2012-09-11,60862,28089,5729.0,-3037.0,176618,32773,Bullish
2012-09-18,41500,26024,-19362.0,-2065.0,128862,15476,Bearish Reversal
2012-09-25,47318,26207,5818.0,183.0,137692,21111,Bullish
2012-10-02,52696,23361,5378.0,-2846.0,141693,29335,Bullish
2012-10-09,40778,27864,-11918.0,4503.0,127442,12914,Bearish Reversal
2012-10-16,42767,32681,1989.0,4817.0,131343,10086,Bearish
2012-10-23,25550,43746,-17217.0,11065.0,137135,-18196,Bearish
2012-10-30,19886,56906,-5664.0,13160.0,147135,-37020,Bearish
2012-11-06,24966,65070,5080.0,8164.0,161552,-40104,Bearish
2012-11-13,21980,52427,-2986.0,-12643.0,155931,-30447,Bullish Reversal
2012-11-20,28272,79661,6292.0,27234.0,180979,-51389,Bearish
2012-11-27,27027,106493,-1245.0,26832.0,208130,-79466,Bearish
2012-12-04,20929,111255,-6098.0,4762.0,220982,-90326,Bearish
2012-12-11,16369,110770,-4560.0,-485.0,267582,-94401,Bearish
2012-12-18,27935,117098,11566.0,6328.0,196662,-89163,Bullish Reversal
2012-12-24,26757,112365,-1178.0,-4733.0,195705,-85608,Bullish Reversal
2012-12-31,30432,110949,3675.0,-1416.0,194632,-80517,Bullish Reversal
2013-01-08,32129,106225,1697.0,-4724.0,193295,-74096,Bullish Reversal
2013-01-15,39447,105174,7318.0,-1051.0,196509,-65727,Bullish
2013-01-22,41983,106051,2536.0,877.0,202225,-64068,Bullish
2013-01-29,48476,119722,6493.0,13671.0,219635,-71246,Bearish
2013-02-05,50667,119080,2191.0,-642.0,217709,-68413,Bullish Reversal
2013-02-12,55782,117088,5115.0,-1992.0,215036,-61306,Bullish Reversal
2013-02-19,54662,120553,-1120.0,3465.0,218241,-65891,Bearish
2013-02-26,51998,117342,-2664.0,-3211.0,216323,-65344,Bullish Reversal
2013-03-05,50958,124309,-1040.0,6967.0,241938,-73351,Bearish
2013-03-12,51240,145003,282.0,20694.0,288474,-93763,Bearish
2013-03-19,55408,135401,4168.0,-9602.0,216674,-79993,Bullish Reversal
2013-03-26,46931,136080,-8477.0,679.0,220896,-89149,Bearish
2013-04-02,46966,125137,35.0,-10943.0,213997,-78171,Bullish Reversal
2013-04-09,39699,117396,-7267.0,-7741.0,220626,-77697,Bullish
2013-04-16,26448,119859,-13251.0,2463.0,214577,-93411,Bearish Reversal
2013-04-23,25942,105672,-506.0,-14187.0,204150,-79730,Bullish Reversal
2013-04-30,24872,95999,-1070.0,-9673.0,198106,-71127,Bullish Reversal
2013-05-07,27886,106446,3014.0,10447.0,209370,-78560,Bearish
2013-05-14,28882,117289,996.0,10843.0,229746,-88407,Bearish
2013-05-21,19454,114640,-9428.0,-2649.0,227826,-95186,Bearish Reversal
2013-05-28,18406,118175,-1048.0,3535.0,231012,-99769,Bearish
2013-06-04,19176,101920,770.0,-16255.0,219135,-82744,Bullish Reversal
2013-06-11,21722,94628,2546.0,-7292.0,243644,-72906,Bullish
2013-06-18,23010,84900,1288.0,-9728.0,163921,-61890,Bullish Reversal
2013-06-25,24376,85838,1366.0,938.0,161160,-61462,Bullish Reversal
2013-07-02,27336,98072,2960.0,12234.0,178926,-70736,Bearish
2013-07-09,25117,105422,-2219.0,7350.0,185249,-80305,Bearish
2013-07-16,20220,105982,-4897.0,560.0,182429,-85762,Bearish Reversal
2013-07-23,22513,110009,2293.0,4027.0,187250,-87496,Bearish
2013-07-30,18216,100351,-4297.0,-9658.0,174872,-82135,Bullish Reversal
2013-08-06,19421,99634,1205.0,-717.0,172059,-80213,Bullish Reversal
2013-08-13,17375,91837,-2046.0,-7797.0,159496,-74462,Bullish Reversal
2013-08-20,19720,91441,2345.0,-396.0,162168,-71721,Bullish
2013-08-27,23396,101749,3676.0,10308.0,175588,-78353,Bearish
2013-09-03,27665,107426,4269.0,5677.0,178360,-79761,Bearish
2013-09-10,18854,113920,-8811.0,6494.0,197099,-95066,Bearish
2013-09-17,26088,114882,7234.0,962.0,177045,-88794,Bullish Reversal
2013-09-24,18173,110991,-7915.0,-3891.0,174892,-92818,Bearish Reversal
2013-10-01,18634,100958,461.0,-10033.0,170525,-82324,Bullish Reversal
2013-10-08,28165,85262,9531.0,-15696.0,165957,-57097,Bullish Reversal
2013-10-15,25392,84658,-2773.0,-604.0,159871,-59266,Bearish Reversal
2013-10-22,13928,85730,-11464.0,1072.0,152938,-71802,Bearish Reversal
2013-10-29,17483,79878,3555.0,-5852.0,151987,-62395,Bullish Reversal
2013-11-05,18734,92526,1251.0,12648.0,169004,-73792,Bearish
2013-11-12,20977,116084,2243.0,23558.0,195690,-95107,Bearish
2013-11-19,19424,131640,-1553.0,15556.0,214211,-112216,Bearish
2013-11-26,23999,147201,4575.0,15561.0,236713,-123202,Bearish
2013-12-03,21290,154673,-2709.0,7472.0,245167,-133383,Bearish
2013-12-10,18085,147796,-3205.0,-6877.0,262229,-129711,Bullish
2013-12-17,22225,152448,4140.0,4652.0,232743,-130223,Bearish Reversal
2013-12-24,14261,158083,-7964.0,5635.0,239160,-143822,Bearish
2013-12-31,14274,149502,13.0,-8581.0,232225,-135228,Bullish Reversal
2014-01-07,11340,140208,-2934.0,-9294.0,230156,-128868,Bullish Reversal
2014-01-14,10754,128820,-586.0,-11388.0,218324,-118066,Bullish Reversal
2014-01-21,13128,128089,2374.0,-731.0,217548,-114961,Bullish Reversal
2014-01-28,15977,102169,2849.0,-25920.0,203014,-86192,Bullish Reversal
2014-02-04,15896,92725,-81.0,-9444.0,199361,-76829,Bullish Reversal
2014-02-11,13686,92472,-2210.0,-253.0,196435,-78786,Bearish Reversal
2014-02-18,16736,96520,3050.0,4048.0,200057,-79784,Bearish
2014-02-25,14727,99817,-2009.0,3297.0,203743,-85090,Bearish
2014-03-04,20407,100116,5680.0,299.0,205886,-79709,Bullish
2014-03-11,15726,115082,-4681.0,14966.0,242170,-99356,Bearish
2014-03-18,24144,85243,8418.0,-29839.0,156922,-61099,Bullish Reversal
2014-03-25,17600,86487,-6544.0,1244.0,158280,-68887,Bearish
2014-04-01,22162,110800,4562.0,24313.0,188464,-88638,Bearish
2014-04-08,13340,100802,-8822.0,-9998.0,181814,-87462,Bullish Reversal
2014-04-15,14351,83067,1011.0,-17735.0,164843,-68716,Bullish Reversal
2014-04-22,16564,83807,2213.0,740.0,165674,-67243,Bullish
2014-04-29,13846,84198,-2718.0,391.0,168820,-70352,Bearish
2014-05-06,20381,81109,6535.0,-3089.0,167093,-60728,Bullish Reversal
2014-05-13,17471,82178,-2910.0,1069.0,164707,-64707,Bearish Reversal
2014-05-20,18681,72468,1210.0,-9710.0,164819,-53787,Bullish
2014-05-27,16999,76035,-1682.0,3567.0,162820,-59036,Bearish Reversal
2014-06-03,12578,86796,-4421.0,10761.0,171804,-74218,Bearish
2014-06-10,11893,94055,-685.0,7259.0,201094,-82162,Bearish
2014-06-17,17832,85870,5939.0,-8185.0,153007,-68038,Bullish Reversal
2014-06-24,10325,81548,-7507.0,-4322.0,148257,-71223,Bearish Reversal
2014-07-01,18739,77425,8414.0,-4123.0,156480,-58686,Bullish
2014-07-08,11174,77549,-7565.0,124.0,157710,-66375,Bearish
2014-07-15,8385,71333,-2789.0,-6216.0,155127,-62948,Bullish Reversal
2014-07-22,11979,65895,3594.0,-5438.0,162029,-53916,Bullish
2014-07-29,7828,80897,-4151.0,15002.0,172210,-73069,Bearish
2014-08-05,9896,105295,2068.0,24398.0,192906,-95399,Bearish
2014-08-12,12518,93615,2622.0,-11680.0,192140,-81097,Bullish Reversal
2014-08-19,17976,105247,5458.0,11632.0,203180,-87271,Bearish
2014-08-26,19512,122403,1536.0,17156.0,218009,-102891,Bearish
2014-09-02,15485,132793,-4027.0,10390.0,230937,-117308,Bearish
2014-09-09,17280,117953,1795.0,-14840.0,255624,-100673,Bullish
2014-09-16,37617,120799,20337.0,2846.0,208235,-83182,Bullish Reversal
2014-09-23,28391,133813,-9226.0,13014.0,222214,-105422,Bearish
2014-09-30,29910,150788,1519.0,16975.0,239477,-120878,Bearish
2014-10-07,24837,137388,-5073.0,-13400.0,223255,-112551,Bullish Reversal
2014-10-14,22839,123986,-1998.0,-13402.0,212420,-101147,Bullish Reversal
2014-10-21,26634,98372,3795.0,-25614.0,185412,-71738,Bullish Reversal
2014-10-28,23883,91282,-2751.0,-7090.0,184120,-67399,Bullish Reversal
2014-11-04,37917,109568,14034.0,18286.0,207974,-71651,Bearish
2014-11-11,47271,129834,9354.0,20266.0,227576,-82563,Bearish
2014-11-18,46612,139066,-659.0,9232.0,238898,-92454,Bearish
2014-11-25,46304,150684,-308.0,11618.0,253976,-104380,Bearish
2014-12-02,41530,152690,-4774.0,2006.0,257828,-111160,Bearish
2014-12-09,38067,142203,-3463.0,-10487.0,279859,-104136,Bullish
2014-12-16,45652,132579,7585.0,-9624.0,227685,-86927,Bullish Reversal
2014-12-23,29021,122763,-16631.0,-9816.0,226107,-93742,Bearish Reversal
2014-12-30,28836,125155,-185.0,2392.0,226629,-96319,Bearish
2015-01-06,33160,123243,4324.0,-1912.0,228954,-90083,Bullish
2015-01-13,25872,120497,-7288.0,-2746.0,231223,-94625,Bearish
2015-01-20,26525,104411,653.0,-16086.0,215413,-77886,Bullish Reversal
2015-01-27,26526,91184,1.0,-13227.0,202571,-64658,Bullish Reversal
2015-02-03,25586,85157,-940.0,-6027.0,203963,-59571,Bullish
2015-02-10,25884,81008,298.0,-4149.0,204193,-55124,Bullish
2015-02-17,31269,80360,5385.0,-648.0,203555,-49091,Bullish Reversal
2015-02-24,31611,79123,342.0,-1237.0,202438,-47512,Bullish Reversal
2015-03-03,33944,86465,2333.0,7342.0,210611,-52521,Bearish
2015-03-10,32898,92285,-1046.0,5820.0,235089,-59387,Bearish
2015-03-17,44496,92550,11598.0,265.0,195913,-48054,Bullish Reversal
2015-03-24,39156,85061,-5340.0,-7489.0,181026,-45905,Bullish Reversal
2015-03-31,44409,68333,5253.0,-16728.0,177478,-23924,Bullish Reversal
2015-04-07,53320,77769,8911.0,9436.0,189444,-24449,Bearish
2015-04-14,54783,77853,1463.0,84.0,195230,-23070,Bullish
2015-04-21,51520,65968,-3263.0,-11885.0,189332,-14448,Bullish Reversal
2015-04-28,48721,54214,-2799.0,-11754.0,188079,-5493,Bullish Reversal
2015-05-05,41852,73035,-6869.0,18821.0,198886,-31183,Bearish
2015-05-12,37848,61441,-4004.0,-11594.0,193296,-23593,Bullish Reversal
2015-05-19,63398,85403,25550.0,23962.0,231658,-22005,Bullish
2015-05-26,50210,112434,-13188.0,27031.0,251744,-62224,Bearish
2015-06-02,46681,132374,-3529.0,19940.0,260104,-85693,Bearish
2015-06-09,42440,158726,-4241.0,26352.0,306449,-116286,Bearish
2015-06-16,64760,145424,22320.0,-13302.0,262329,-80664,Bullish Reversal
2015-06-23,39019,126736,-25741.0,-18688.0,247839,-87717,Bearish Reversal
2015-06-30,45479,124301,6460.0,-2435.0,254014,-78822,Bullish
2015-07-07,46070,109699,591.0,-14602.0,250828,-63629,Bullish Reversal
2015-07-14,49167,96538,3097.0,-13161.0,247704,-47371,Bullish Reversal
2015-07-21,50899,113213,1732.0,16675.0,251136,-62314,Bearish
2015-07-28,46270,109808,-4629.0,-3405.0,246269,-63538,Bearish Reversal
2015-08-04,49906,129622,3636.0,19814.0,252655,-79716,Bearish
2015-08-11,45768,150994,-4138.0,21372.0,264608,-105226,Bearish
2015-08-18,45935,136065,167.0,-14929.0,251418,-90130,Bullish Reversal
2015-08-25,59922,98981,13987.0,-37084.0,260458,-39059,Bullish
2015-09-01,68023,83578,8101.0,-15403.0,273205,-15555,Bullish
2015-09-08,63121,69783,-4902.0,-13795.0,279712,-6662,Bullish
2015-09-15,36449,63263,-26672.0,-6520.0,166081,-26814,Bearish Reversal
2015-09-22,48282,71960,11833.0,8697.0,177439,-23678,Bullish
2015-09-29,39753,61805,-8529.0,-10155.0,174697,-22052,Bullish Reversal
2015-10-06,39050,56649,-703.0,-5156.0,170780,-17599,Bullish Reversal
2015-10-13,38004,51836,-1046.0,-4813.0,169873,-13832,Bullish Reversal
2015-10-20,48747,52386,10743.0,550.0,184281,-3639,Bullish
2015-10-27,36437,70348,-12310.0,17962.0,189472,-33911,Bearish
2015-11-03,41489,85276,5052.0,14928.0,204271,-43787,Bearish
2015-11-10,35081,101969,-6408.0,16693.0,234202,-66888,Bearish
2015-11-17,34475,113086,-606.0,11117.0,250346,-78611,Bearish
2015-11-24,30277,107613,-4198.0,-5473.0,247513,-77336,Bullish Reversal
2015-12-01,31228,106129,951.0,-1484.0,253505,-74901,Bullish
2015-12-08,26400,94450,-4828.0,-11679.0,246055,-68050,Bullish Reversal
2015-12-15,37301,63881,10901.0,-30569.0,194196,-26580,Bullish Reversal
2015-12-22,37677,68044,376.0,4163.0,197375,-30367,Bearish
2015-12-29,45008,62234,7331.0,-5810.0,196825,-17226,Bullish Reversal
2016-01-05,67471,63368,22463.0,1134.0,220707,4103,Bullish
2016-01-12,78385,53119,10914.0,-10249.0,241366,25266,Bullish
2016-01-19,84485,46832,6100.0,-6287.0,247614,37653,Bullish
2016-01-26,92628,42602,8143.0,-4230.0,250711,50026,Bullish
2016-02-02,82108,44863,-10520.0,2261.0,237289,37245,Bearish Reversal
2016-02-09,75811,32579,-6297.0,-12284.0,237081,43232,Bullish Reversal
2016-02-16,84518,36617,8707.0,4038.0,248985,47901,Bullish
2016-02-23,92376,39642,7858.0,3025.0,257064,52734,Bullish
2016-03-01,94070,34445,1694.0,-5197.0,261679,59625,Bullish
2016-03-08,93867,29534,-203.0,-4911.0,289879,64333,Bullish
2016-03-15,79426,33937,-14441.0,4403.0,140084,45489,Bearish Reversal
2016-03-22,82812,29466,3386.0,-4471.0,146421,53346,Bullish
2016-03-29,84870,30483,2058.0,1017.0,148292,54387,Bullish
2016-04-05,98130,38057,13260.0,7574.0,166831,60073,Bullish
2016-04-12,100120,33930,1990.0,-4127.0,173515,66190,Bullish
2016-04-19,105710,33840,5590.0,-90.0,179888,71870,Bullish
2016-04-26,97470,30972,-8240.0,-2868.0,168767,66498,Bearish Reversal
2016-05-03,85627,24106,-11843.0,-6866.0,161529,61521,Bearish Reversal
2016-05-10,88897,29850,3270.0,5744.0,165549,59047,Bearish
2016-05-17,86165,27246,-2732.0,-2604.0,158909,58919,Bearish Reversal
2016-05-24,54792,32733,-31373.0,5487.0,159833,22059,Bearish
2016-05-31,46964,32127,-7828.0,-606.0,156499,14837,Bearish Reversal
2016-06-07,68237,25384,21273.0,-6743.0,180894,42853,Bullish
2016-06-14,77703,22013,9466.0,-3371.0,139052,55690,Bullish Reversal
2016-06-21,79398,27102,1695.0,5089.0,144710,52296,Bearish
2016-06-28,85493,25743,6095.0,-1359.0,143117,59750,Bullish Reversal
2016-07-05,87037,23469,1544.0,-2274.0,150417,63568,Bullish
2016-07-12,85364,37819,-1673.0,14350.0,161262,47545,Bearish
2016-07-19,79864,40511,-5500.0,2692.0,158366,39353,Bearish Reversal
2016-07-26,74074,39116,-5790.0,-1395.0,159869,34958,Bearish
2016-08-02,76575,34875,2501.0,-4241.0,156696,41700,Bullish Reversal
2016-08-09,86719,37888,10144.0,3013.0,167011,48831,Bullish
2016-08-16,88273,32267,1554.0,-5621.0,165905,56006,Bullish Reversal
2016-08-23,90387,30071,2114.0,-2196.0,164756,60316,Bullish Reversal
2016-08-30,91570,27909,1183.0,-2162.0,164329,63661,Bullish Reversal
2016-09-06,83968,29479,-7602.0,1570.0,159342,54489,Bearish Reversal
2016-09-13,86140,29294,2172.0,-185.0,167340,56846,Bullish
2016-09-20,85117,26332,-1023.0,-2962.0,140738,58785,Bullish Reversal
2016-09-27,97432,28540,12315.0,2208.0,155170,68892,Bullish
2016-10-04,101986,33291,4554.0,4751.0,157574,68695,Bearish
2016-10-11,79279,33370,-22707.0,79.0,150394,45909,Bearish Reversal
2016-10-18,74966,37975,-4313.0,4605.0,156607,36991,Bearish
2016-10-25,82385,37790,7419.0,-185.0,163040,44595,Bullish
2016-11-01,81010,37850,-1375.0,60.0,165124,43160,Bearish
2016-11-08,72619,40663,-8391.0,2813.0,164328,31956,Bearish Reversal
2016-11-15,67085,46409,-5534.0,5746.0,170967,20676,Bearish
2016-11-22,71183,60283,4098.0,13874.0,187684,10900,Bearish
2016-11-29,72124,72393,941.0,12110.0,202171,-269,Bearish
2016-12-06,74367,108304,2243.0,35911.0,235915,-33937,Bearish
2016-12-13,62432,125861,-11935.0,17557.0,285274,-63429,Bearish
2016-12-20,64200,139649,1768.0,13788.0,220435,-75449,Bearish Reversal
2016-12-27,40565,127574,-23635.0,-12075.0,219343,-87009,Bearish Reversal
2017-01-03,37962,124726,-2603.0,-2848.0,220120,-86764,Bullish
2017-01-10,26041,105880,-11921.0,-18846.0,209488,-79839,Bullish Reversal
2017-01-17,28560,106390,2519.0,510.0,211752,-77830,Bullish
2017-01-24,27127,93967,-1433.0,-12423.0,196765,-66840,Bullish Reversal
2017-01-31,32216,90547,5089.0,-3420.0,204494,-58331,Bullish
2017-02-07,25874,80934,-6342.0,-9613.0,201632,-55060,Bullish Reversal
2017-02-14,27701,78985,1827.0,-1949.0,204277,-51284,Bullish
2017-02-21,29954,80116,2253.0,1131.0,205223,-50162,Bullish
2017-02-28,29012,79029,-942.0,-1087.0,204602,-50017,Bullish Reversal
2017-03-07,39203,93903,10191.0,14874.0,217982,-54700,Bearish
2017-03-14,35563,106860,-3640.0,12957.0,202647,-71297,Bearish Reversal
2017-03-21,35039,102026,-524.0,-4834.0,191626,-66987,Bullish Reversal
2017-03-28,42886,96067,7847.0,-5959.0,197542,-53181,Bullish
2017-04-04,41313,87113,-1573.0,-8954.0,194368,-45800,Bullish Reversal
2017-04-11,43316,78080,2003.0,-9033.0,198381,-34764,Bullish
2017-04-18,45761,76224,2445.0,-1856.0,203617,-30463,Bullish
2017-04-25,48538,75407,2777.0,-817.0,204179,-26869,Bullish
2017-05-02,37519,68002,-11019.0,-7405.0,196845,-30483,Bearish Reversal
2017-05-09,42635,78942,5116.0,10940.0,203140,-36307,Bearish
2017-05-16,41963,101971,-672.0,23029.0,222510,-60008,Bearish
2017-05-23,41920,93576,-43.0,-8395.0,211298,-51656,Bullish Reversal
2017-05-30,43404,95679,1484.0,2103.0,213727,-52275,Bearish
2017-06-06,39736,94763,-3668.0,-916.0,225549,-55027,Bearish
2017-06-13,34160,84713,-5576.0,-10050.0,210617,-50553,Bullish Reversal
2017-06-20,39498,89457,5338.0,4744.0,171840,-49959,Bullish Reversal
2017-06-27,38254,99604,-1244.0,10147.0,183705,-61350,Bearish
2017-07-03,43648,118684,5394.0,19080.0,207597,-75036,Bearish
2017-07-11,40778,152903,-2870.0,34219.0,239786,-112125,Bearish
2017-07-18,37419,164338,-3359.0,11435.0,250071,-126919,Bearish
2017-07-25,28018,149507,-9401.0,-14831.0,235140,-121489,Bullish Reversal
2017-08-01,36445,148641,8427.0,-866.0,242876,-112196,Bullish
2017-08-08,39810,135623,3365.0,-13018.0,232827,-95813,Bullish Reversal
2017-08-15,43308,120800,3498.0,-14823.0,215090,-77492,Bullish Reversal
2017-08-22,45162,119248,1854.0,-1552.0,215457,-74086,Bullish
2017-08-29,43889,112413,-1273.0,-6835.0,209890,-68524,Bullish Reversal
2017-09-05,47285,120230,3396.0,7817.0,213200,-72945,Bearish
2017-09-12,40642,97939,-6643.0,-22291.0,200444,-57297,Bullish Reversal
2017-09-19,42435,93757,1793.0,-4182.0,185352,-51322,Bullish Reversal
2017-09-26,42963,114310,528.0,20553.0,207097,-71347,Bearish
2017-10-03,58770,143413,15807.0,29103.0,246889,-84643,Bearish
2017-10-10,51655,153074,-7115.0,9661.0,254124,-101419,Bearish
2017-10-17,55010,156296,3355.0,3222.0,257087,-101286,Bullish
2017-10-24,60077,176934,5067.0,20638.0,282230,-116857,Bearish
2017-10-31,54585,173454,-5492.0,-3480.0,277706,-118869,Bearish Reversal
2017-11-07,54336,182184,-249.0,8730.0,287936,-127848,Bearish
2017-11-14,49347,185346,-4989.0,3162.0,283628,-135999,Bearish Reversal
2017-11-21,44382,166984,-4965.0,-18362.0,261019,-122602,Bullish Reversal
2017-11-28,39793,150433,-4589.0,-16551.0,244536,-110640,Bullish Reversal
2017-12-05,34766,149033,-5027.0,-1400.0,238077,-114267,Bearish Reversal
2017-12-12,31747,145870,-3019.0,-3163.0,250581,-114123,Bullish
2017-12-19,36874,151247,5127.0,5377.0,223424,-114373,Bearish Reversal
2017-12-26,44269,160355,7395.0,9108.0,232428,-116086,Bearish
2018-01-02,39592,161358,-4677.0,1003.0,230564,-121766,Bearish Reversal
2018-01-09,37376,162912,-2216.0,1554.0,233144,-125536,Bearish
2018-01-16,38152,157502,776.0,-5410.0,236305,-119350,Bullish
2018-01-23,37260,160130,-892.0,2628.0,241136,-122870,Bearish
2018-01-30,47828,162524,10568.0,2394.0,260237,-114696,Bullish
2018-02-06,39108,151984,-8720.0,-10540.0,249478,-112876,Bullish Reversal
2018-02-13,42299,157808,3191.0,5824.0,260170,-115509,Bearish
2018-02-20,45634,153972,3335.0,-3836.0,271271,-108338,Bullish
2018-02-27,44539,141190,-1095.0,-12782.0,263066,-96651,Bullish Reversal
2018-03-06,50057,136902,5518.0,-4288.0,277327,-86845,Bullish
2018-03-13,44296,123835,-5761.0,-13067.0,279671,-79539,Bullish
2018-03-20,47902,69901,3606.0,-53934.0,160250,-21999,Bullish Reversal
2018-03-27,56544,60212,8642.0,-9689.0,162038,-3668,Bullish
2018-04-03,48053,44481,-8491.0,-15731.0,148818,3572,Bullish Reversal
2018-04-10,49855,47094,1802.0,2613.0,151202,2761,Bearish
2018-04-17,49433,46842,-422.0,-252.0,147319,2591,Bearish Reversal
2018-04-24,59253,58670,9820.0,11828.0,155237,583,Bearish
2018-05-01,57349,58754,-1904.0,84.0,160337,-1405,Bearish
2018-05-08,51812,57274,-5537.0,-1480.0,157576,-5462,Bearish Reversal
2018-05-15,64926,61246,13114.0,3972.0,163411,3680,Bullish
2018-05-22,73836,76603,8910.0,15357.0,175316,-2767,Bearish
2018-05-29,63182,71218,-10654.0,-5385.0,171339,-8036,Bearish Reversal
2018-06-05,52060,55497,-11122.0,-15721.0,146448,-3437,Bullish Reversal
2018-06-12,60609,55557,8549.0,60.0,166877,5052,Bullish
2018-06-19,46565,82127,-14044.0,26570.0,154641,-35562,Bearish Reversal
2018-06-26,44430,78651,-2135.0,-3476.0,153566,-34221,Bullish Reversal
2018-07-03,49990,88720,5560.0,10069.0,168360,-38730,Bearish
2018-07-10,60563,100395,10573.0,11675.0,182066,-39832,Bearish
2018-07-17,77021,135671,16458.0,35276.0,215413,-58650,Bearish
2018-07-24,49993,123762,-27028.0,-11909.0,200427,-73769,Bearish Reversal
2018-07-31,48016,116473,-1977.0,-7289.0,197566,-68457,Bullish Reversal
2018-08-07,46136,108943,-1880.0,-7530.0,187902,-62807,Bullish Reversal
2018-08-14,49369,107737,3233.0,-1206.0,185834,-58368,Bullish Reversal
2018-08-21,54116,101522,4747.0,-6215.0,189698,-47406,Bullish
2018-08-28,50230,96271,-3886.0,-5251.0,185082,-46041,Bullish Reversal
2018-09-04,47572,99504,-2658.0,3233.0,185347,-51932,Bearish
2018-09-11,48057,101943,485.0,2439.0,193428,-53886,Bearish
2018-09-18,49752,113507,1695.0,11564.0,200221,-63755,Bearish
2018-09-25,47253,131972,-2499.0,18465.0,215376,-84719,Bearish
2018-10-02,56074,170120,8821.0,38148.0,252277,-114046,Bearish
2018-10-09,47034,162235,-9040.0,-7885.0,253374,-115201,Bearish
2018-10-16,30096,130717,-16938.0,-31518.0,211210,-100621,Bullish Reversal
2018-10-23,29922,122726,-174.0,-7991.0,205643,-92804,Bullish Reversal
2018-10-30,28854,120474,-1068.0,-2252.0,203113,-91620,Bullish Reversal
2018-11-06,33060,122182,4206.0,1708.0,209453,-89122,Bullish
2018-11-13,40192,142486,7132.0,20304.0,231730,-102294,Bearish
2018-11-20,33462,133527,-6730.0,-8959.0,223144,-100065,Bullish Reversal
2018-11-27,35817,140141,2355.0,6614.0,231711,-104324,Bearish
2018-12-04,32717,142483,-3100.0,2342.0,226835,-109766,Bearish Reversal
2018-12-11,25495,123101,-7222.0,-19382.0,213055,-97606,Bullish Reversal
2018-12-18,26957,129728,1462.0,6627.0,214868,-102771,Bearish
2018-12-24,33281,132370,6324.0,2642.0,224458,-99089,Bullish
2018-12-31,32712,121335,-569.0,-11035.0,216224,-88623,Bullish Reversal
2019-01-08,42727,104041,10015.0,-17294.0,230524,-61314,Bullish
2019-01-15,38686,85107,-4041.0,-18934.0,229295,-46421,Bullish Reversal
2019-01-22,28403,68070,-10283.0,-17037.0,212563,-39667,Bullish Reversal
2019-01-29,27001,60346,-1402.0,-7724.0,204816,-33345,Bullish Reversal
2019-02-05,20752,52162,-6249.0,-8184.0,192789,-31410,Bullish Reversal
2019-02-12,24541,55283,3789.0,3121.0,185725,-30742,Bullish Reversal
2019-02-19,24844,62305,303.0,7022.0,184023,-37461,Bearish Reversal
2019-02-26,27365,67019,2521.0,4714.0,186158,-39654,Bearish
2019-03-05,33421,84727,6056.0,17708.0,207083,-51306,Bearish
2019-03-12,22144,80925,-11277.0,-3802.0,196766,-58781,Bearish Reversal
2019-03-19,20081,79302,-2063.0,-1623.0,158074,-59221,Bearish Reversal
2019-03-26,18323,80444,-1758.0,1142.0,157145,-62121,Bearish Reversal
2019-04-02,20462,83203,2139.0,2759.0,156838,-62741,Bearish Reversal
2019-04-09,19914,91434,-548.0,8231.0,165736,-71520,Bearish
2019-04-16,31807,118913,11893.0,27479.0,200018,-87106,Bearish
2019-04-23,28121,122535,-3686.0,3622.0,207316,-94414,Bearish
2019-04-30,20578,120177,-7543.0,-2358.0,203323,-99599,Bearish Reversal
2019-05-07,25869,117586,5291.0,-2591.0,201462,-91717,Bullish Reversal
2019-05-14,35915,97495,10046.0,-20091.0,180573,-61580,Bullish Reversal
2019-05-21,27540,82732,-8375.0,-14763.0,170834,-55192,Bullish Reversal
2019-05-28,25803,81380,-1737.0,-1352.0,169790,-55577,Bearish Reversal
2019-06-04,27437,71826,1634.0,-9554.0,167810,-44389,Bullish Reversal
2019-06-11,20786,65951,-6651.0,-5875.0,169387,-45165,Bearish
2019-06-18,28169,44734,7383.0,-21217.0,123629,-16565,Bullish Reversal
2019-06-25,31090,41237,2921.0,-3497.0,139439,-10147,Bullish
2019-07-02,34198,35425,3108.0,-5812.0,139355,-1227,Bullish Reversal
2019-07-09,35346,38997,1148.0,3572.0,135737,-3651,Bearish Reversal
2019-07-16,32905,44285,-2441.0,5288.0,130304,-11380,Bearish Reversal
2019-07-23,34642,44019,1737.0,-266.0,136245,-9377,Bullish
2019-07-30,37028,41246,2386.0,-2773.0,138842,-4218,Bullish
2019-08-06,46225,35664,9197.0,-5582.0,153338,10561,Bullish
2019-08-13,51764,27022,5539.0,-8642.0,160271,24742,Bullish
2019-08-20,49984,18830,-1780.0,-8192.0,154662,31154,Bullish Reversal
2019-08-27,59795,26188,9811.0,7358.0,157862,33607,Bullish
2019-09-03,57222,29540,-2573.0,3352.0,157788,27682,Bearish Reversal
2019-09-10,56579,23988,-643.0,-5552.0,151397,32591,Bullish Reversal
2019-09-17,50842,26980,-5737.0,2992.0,130940,23862,Bearish Reversal
2019-09-24,45759,32976,-5083.0,5996.0,142026,12783,Bearish
2019-10-01,57893,43976,12134.0,11000.0,151860,13917,Bullish
2019-10-08,52803,41791,-5090.0,-2185.0,150019,11012,Bearish Reversal
2019-10-15,46416,53057,-6387.0,11266.0,157707,-6641,Bearish
2019-10-22,41556,59721,-4860.0,6664.0,159250,-18165,Bearish
2019-10-29,39185,58883,-2371.0,-838.0,163486,-19698,Bearish
2019-11-05,43996,70601,4811.0,11718.0,177106,-26605,Bearish
2019-11-12,43964,78961,-32.0,8360.0,183480,-34997,Bearish
2019-11-19,45423,80454,1459.0,1493.0,182445,-35031,Bearish Reversal
2019-11-26,49278,88869,3855.0,8415.0,196894,-39591,Bearish
2019-12-03,48312,96135,-966.0,7266.0,214223,-47823,Bearish
2019-12-10,41843,85525,-6469.0,-10610.0,198700,-43682,Bullish Reversal
2019-12-17,43418,85480,1575.0,-45.0,178529,-42062,Bullish Reversal
2019-12-24,40592,74134,-2826.0,-11346.0,173142,-33542,Bullish Reversal
2019-12-31,43668,68970,3076.0,-5164.0,174966,-25302,Bullish
2020-01-07,47846,60094,4178.0,-8876.0,162094,-12248,Bullish Reversal
2020-01-14,49720,81150,1874.0,21056.0,183863,-31430,Bearish
2020-01-21,50596,95297,876.0,14147.0,203579,-44701,Bearish
2020-01-28,45676,81701,-4920.0,-13596.0,184919,-36025,Bullish Reversal
2020-02-04,57672,79570,11996.0,-2131.0,190079,-21898,Bullish
2020-02-11,54805,80993,-2867.0,1423.0,193822,-26188,Bearish
2020-02-18,58605,85826,3800.0,4833.0,203631,-27221,Bearish
2020-02-25,53855,110244,-4750.0,24418.0,223904,-56389,Bearish
2020-03-03,50598,92922,-3257.0,-17322.0,198404,-42324,Bullish Reversal
2020-03-10,61732,53575,11134.0,-39347.0,159128,8157,Bullish Reversal
2020-03-17,57286,24351,-4446.0,-29224.0,125769,32935,Bullish Reversal
2020-03-24,56528,32665,-758.0,8314.0,125594,23863,Bearish Reversal
2020-03-31,48444,30162,-8084.0,-2503.0,120270,18282,Bearish Reversal
2020-04-07,49249,26839,805.0,-3323.0,118595,22410,Bullish Reversal
2020-04-14,49863,27220,614.0,381.0,122929,22643,Bullish
2020-04-21,53730,27704,3867.0,484.0,128272,26026,Bullish
2020-04-28,59962,27636,6232.0,-68.0,143835,32326,Bullish
2020-05-05,56634,29420,-3328.0,1784.0,152042,27214,Bearish
2020-05-12,56307,28370,-327.0,-1050.0,153370,27937,Bullish
2020-05-19,52038,24568,-4269.0,-3802.0,147975,27470,Bearish Reversal
2020-05-26,57873,23266,5835.0,-1302.0,156827,34607,Bullish
2020-06-02,61958,29379,4085.0,6113.0,158743,32579,Bearish
2020-06-09,48862,31400,-13096.0,2021.0,155159,17462,Bearish Reversal
2020-06-16,43126,21016,-5736.0,-10384.0,127287,22110,Bullish Reversal
2020-06-23,50490,23032,7364.0,2016.0,144549,27458,Bullish
2020-06-30,42755,18894,-7735.0,-4138.0,137362,23861,Bearish Reversal
2020-07-07,44043,27231,1288.0,8337.0,138313,16812,Bearish
2020-07-14,45111,26785,1068.0,-446.0,135263,18326,Bullish Reversal
2020-07-21,50854,31547,5743.0,4762.0,142686,19307,Bullish
2020-07-28,62924,34417,12070.0,2870.0,170269,28507,Bullish
2020-08-04,52073,20644,-10851.0,-13773.0,157968,31429,Bullish Reversal
2020-08-11,48158,21142,-3915.0,498.0,150149,27016,Bearish Reversal
2020-08-18,41717,21133,-6441.0,-9.0,147076,20584,Bearish Reversal
2020-08-25,44978,21362,3261.0,229.0,147553,23616,Bullish
2020-09-01,46654,17050,1676.0,-4312.0,145922,29604,Bullish Reversal
2020-09-08,44850,23108,-1804.0,6058.0,151546,21742,Bearish
2020-09-15,50360,27471,5510.0,4363.0,148912,22889,Bullish Reversal
2020-09-22,59033,29452,8673.0,1981.0,169251,29581,Bullish
2020-09-29,47535,22746,-11498.0,-6706.0,158298,24789,Bearish Reversal
2020-10-06,45779,24677,-1756.0,1931.0,163024,21102,Bearish
2020-10-13,47245,27269,1466.0,2592.0,165616,19976,Bearish
2020-10-20,46524,32341,-721.0,5072.0,166091,14183,Bearish
2020-10-27,46131,28238,-393.0,-4103.0,177622,17893,Bullish
2020-11-03,51012,22914,4881.0,-5324.0,184751,28098,Bullish
2020-11-10,55644,13750,4632.0,-9164.0,183518,41894,Bullish Reversal
2020-11-17,40313,10646,-15331.0,-3104.0,165073,29667,Bearish Reversal
2020-11-24,54472,14230,14159.0,3584.0,179503,40242,Bullish
2020-12-01,62449,14946,7977.0,716.0,185873,47503,Bullish
2020-12-08,63585,15419,1136.0,473.0,193326,48166,Bullish
2020-12-15,65376,21413,1791.0,5994.0,193317,43963,Bearish Reversal
2020-12-21,66970,20877,1594.0,-536.0,196845,46093,Bullish
2020-12-29,63577,16227,-3393.0,-4650.0,194454,47350,Bullish Reversal
2021-01-05,69163,18973,5586.0,2746.0,206963,50190,Bullish
2021-01-12,63857,13337,-5306.0,-5636.0,190811,50520,Bullish Reversal
2021-01-19,64143,14129,286.0,792.0,191540,50014,Bearish
2021-01-26,63463,18471,-680.0,4342.0,193822,44992,Bearish
2021-02-02,69602,24973,6139.0,6502.0,190948,44629,Bearish Reversal
2021-02-09,60719,26101,-8883.0,1128.0,183901,34618,Bearish Reversal
2021-02-16,66732,29550,6013.0,3449.0,188119,37182,Bullish
2021-02-23,66670,38048,-62.0,8498.0,183247,28622,Bearish Reversal
2021-03-02,61259,41989,-5411.0,3941.0,189270,19270,Bearish
2021-03-09,64027,57513,2768.0,15524.0,211347,6514,Bearish
2021-03-16,26003,65371,-38024.0,7858.0,145951,-39368,Bearish Reversal
2021-03-23,27524,81049,1521.0,15678.0,160581,-53525,Bearish
2021-03-30,24724,84205,-2800.0,3156.0,166091,-59481,Bearish
2021-04-06,26794,84783,2070.0,578.0,164310,-57989,Bullish Reversal
2021-04-13,27682,85994,888.0,1211.0,165431,-58312,Bearish
2021-04-20,26617,86436,-1065.0,442.0,162649,-59819,Bearish Reversal
2021-04-27,29673,78182,3056.0,-8254.0,154894,-48509,Bullish Reversal
2021-05-04,31208,72700,1535.0,-5482.0,152676,-41492,Bullish Reversal
2021-05-11,30491,72219,-717.0,-481.0,152404,-41728,Bearish Reversal
2021-05-18,24965,75913,-5526.0,3694.0,154727,-50948,Bearish
2021-05-25,24163,74319,-802.0,-1594.0,153196,-50156,Bullish Reversal
2021-06-01,29462,76577,5299.0,2258.0,162091,-47115,Bullish
2021-06-08,27248,64562,-2214.0,-12015.0,161592,-37314,Bullish Reversal
2021-06-15,22974,69824,-4274.0,5262.0,155359,-46850,Bearish Reversal
2021-06-22,34118,87980,11144.0,18156.0,190545,-53862,Bearish
2021-06-29,27380,97275,-6738.0,9295.0,195698,-69895,Bearish
2021-07-06,31625,100761,4245.0,3486.0,205341,-69136,Bullish
2021-07-13,40440,96690,8815.0,-4071.0,203727,-56250,Bullish Reversal
2021-07-20,35474,91205,-4966.0,-5485.0,192301,-55731,Bullish Reversal
2021-07-27,32975,92909,-2499.0,1704.0,196102,-59934,Bearish
2021-08-03,30409,85599,-2566.0,-7310.0,189242,-55190,Bullish Reversal
2021-08-10,36684,97341,6275.0,11742.0,206131,-60657,Bearish
2021-08-17,27532,90740,-9152.0,-6601.0,196495,-63208,Bearish Reversal
2021-08-24,26763,93434,-769.0,2694.0,194477,-66671,Bearish Reversal
2021-08-31,29030,92160,2267.0,-1274.0,193999,-63130,Bullish Reversal
2021-09-07,29704,92029,674.0,-131.0,204435,-62325,Bullish
2021-09-14,21728,82023,-7976.0,-10006.0,192088,-60295,Bullish Reversal
2021-09-21,22844,78915,1116.0,-3108.0,191213,-56071,Bullish Reversal
2021-09-28,35328,100088,12484.0,21173.0,219638,-64760,Bearish
2021-10-05,31569,95263,-3759.0,-4825.0,226379,-63694,Bullish
2021-10-12,35810,112444,4241.0,17181.0,243617,-76634,Bearish
2021-10-19,35713,138447,-97.0,26003.0,266750,-102734,Bearish
2021-10-26,31487,138523,-4226.0,76.0,265254,-107036,Bearish Reversal
2021-11-02,20337,127961,-11150.0,-10562.0,251058,-107624,Bearish Reversal
2021-11-09,16440,121791,-3897.0,-6170.0,243087,-105351,Bullish Reversal
2021-11-16,24635,117761,8195.0,-4030.0,252897,-93126,Bullish
2021-11-23,20285,117538,-4350.0,-223.0,251801,-97253,Bearish Reversal
2021-11-30,14585,93451,-5700.0,-24087.0,216692,-78866,Bullish Reversal
2021-12-07,13148,76229,-1437.0,-17222.0,205970,-63081,Bullish Reversal
2021-12-14,20231,73754,7083.0,-2475.0,176584,-53523,Bullish Reversal
2021-12-21,22191,74477,1960.0,723.0,183743,-52286,Bullish
2021-12-28,32475,85577,10284.0,11100.0,203814,-53102,Bearish
2022-01-04,40816,103078,8341.0,17501.0,234068,-62262,Bearish
2022-01-11,22364,109889,-18452.0,6811.0,234005,-87525,Bearish Reversal
2022-01-18,8002,88881,-14362.0,-21008.0,201820,-80879,Bullish Reversal
2022-01-25,15866,84139,7864.0,-4742.0,197830,-68273,Bullish Reversal
2022-02-01,14510,75150,-1356.0,-8989.0,194435,-60640,Bullish Reversal
2022-02-08,15692,74840,1182.0,-310.0,196478,-59148,Bullish
2022-02-15,10425,76587,-5267.0,1747.0,199425,-66162,Bearish
2022-02-22,10976,74163,551.0,-2424.0,194169,-63187,Bullish Reversal
2022-03-01,14665,83397,3689.0,9234.0,208629,-68732,Bearish
2022-03-08,15548,71404,883.0,-11993.0,208683,-55856,Bullish
2022-03-15,34016,96356,18468.0,24952.0,215484,-62340,Bearish
2022-03-22,36676,115158,2660.0,18802.0,248221,-78482,Bearish
2022-03-29,15274,117405,-21402.0,2247.0,239698,-102131,Bearish Reversal
2022-04-05,14583,118412,-691.0,1007.0,242217,-103829,Bearish
2022-04-12,9925,121752,-4658.0,3340.0,245403,-111827,Bearish
2022-04-19,12723,119910,2798.0,-1842.0,251291,-107187,Bullish
2022-04-26,14269,109804,1546.0,-10106.0,237995,-95535,Bullish Reversal
2022-05-03,18585,119379,4316.0,9575.0,254813,-100794,Bearish
2022-05-10,11196,121650,-7389.0,2271.0,247278,-110454,Bearish Reversal
2022-05-17,12113,114422,917.0,-7228.0,241308,-102309,Bullish Reversal
2022-05-24,16567,116011,4454.0,1589.0,237256,-99444,Bullish Reversal
2022-05-31,15201,109640,-1366.0,-6371.0,239080,-94439,Bullish
2022-06-07,18466,110112,3265.0,472.0,266054,-91646,Bullish
2022-06-14,32441,102196,13975.0,-7916.0,232513,-69755,Bullish Reversal
2022-06-21,35864,94318,3423.0,-7878.0,218076,-58454,Bullish Reversal
2022-06-28,36462,89032,598.0,-5286.0,213767,-52570,Bullish Reversal
2022-07-05,38660,93105,2198.0,4073.0,217672,-54445,Bearish
2022-07-12,35533,95531,-3127.0,2426.0,223539,-59998,Bearish
2022-07-19,42880,102105,7347.0,6574.0,229449,-59225,Bullish
2022-07-26,43812,105293,932.0,3188.0,229219,-61481,Bearish Reversal
2022-08-02,50433,93186,6621.0,-12107.0,236737,-42753,Bullish
2022-08-09,52333,77365,1900.0,-15821.0,225834,-25032,Bullish Reversal
2022-08-16,51308,80199,-1025.0,2834.0,228697,-28891,Bearish
2022-08-23,56734,95541,5426.0,15342.0,242132,-38807,Bearish
2022-08-30,54513,96044,-2221.0,503.0,247030,-41531,Bearish
2022-09-06,56002,114191,1489.0,18147.0,281266,-58189,Bearish
2022-09-13,39323,120015,-16679.0,5824.0,281716,-80692,Bearish
2022-09-20,34767,116047,-4556.0,-3968.0,250892,-81280,Bearish Reversal
2022-09-27,22706,105262,-12061.0,-10785.0,244655,-82556,Bearish Reversal
2022-10-04,26962,108585,4256.0,3323.0,243289,-81623,Bullish Reversal
2022-10-11,30149,107542,3187.0,-1043.0,245007,-77393,Bullish
2022-10-18,30583,124919,434.0,17377.0,264265,-94336,Bearish
2022-10-25,37579,140197,6996.0,15278.0,272597,-102618,Bearish
2022-11-01,40460,118080,2881.0,-22117.0,258906,-77620,Bullish Reversal
2022-11-08,37201,112459,-3259.0,-5621.0,251378,-75258,Bullish Reversal
2022-11-15,33797,99639,-3404.0,-12820.0,233346,-65842,Bullish Reversal
2022-11-22,30800,95650,-2997.0,-3989.0,227435,-64850,Bullish Reversal
2022-11-29,28125,95519,-2675.0,-131.0,228328,-67394,Bearish
2022-12-06,23589,89585,-4536.0,-5934.0,223424,-65996,Bullish Reversal
2022-12-13,22290,75478,-1299.0,-14107.0,226964,-53188,Bullish
2022-12-20,33686,74567,11396.0,-911.0,182034,-40881,Bullish Reversal
2022-12-27,29685,67415,-4001.0,-7152.0,173136,-37730,Bullish Reversal
2023-01-03,25377,72241,-4308.0,4826.0,172590,-46864,Bearish Reversal
2023-01-10,26395,61772,1018.0,-10469.0,175745,-35377,Bullish
2023-01-17,29458,52419,3063.0,-9353.0,176862,-22961,Bullish
2023-01-24,27620,49255,-1838.0,-3164.0,173321,-21635,Bullish Reversal
2023-01-31,22550,42610,-5070.0,-6645.0,168540,-20060,Bullish Reversal
2023-02-07,16556,45645,-5994.0,3035.0,164069,-29089,Bearish Reversal
2023-02-14,23079,50922,6523.0,5277.0,174955,-27843,Bullish
2023-02-21,32486,66515,9407.0,15593.0,186100,-34029,Bearish
2023-02-28,27703,86381,-4783.0,19866.0,200047,-58678,Bearish
2023-03-07,17141,92444,-10562.0,6063.0,211297,-75303,Bearish
2023-03-14,11048,85842,-6093.0,-6602.0,179782,-74794,Bullish Reversal
2023-03-21,7255,73600,-3793.0,-12242.0,169188,-66345,Bullish Reversal
2023-03-28,9717,63692,2462.0,-9908.0,169473,-53975,Bullish
2023-04-04,11523,68559,1806.0,4867.0,178828,-57036,Bearish
2023-04-11,11933,69140,410.0,581.0,176822,-57207,Bearish Reversal
2023-04-18,15661,72530,3728.0,3390.0,177507,-56869,Bullish
2023-04-25,13680,82424,-1981.0,9894.0,184041,-68744,Bearish
2023-05-02,28088,96412,14408.0,13988.0,202996,-68324,Bullish
2023-05-09,22229,83244,-5859.0,-13168.0,192574,-61015,Bullish Reversal
2023-05-16,29494,94285,7265.0,11041.0,200515,-64791,Bearish
2023-05-23,36760,117420,7266.0,23135.0,226400,-80660,Bearish
2023-05-30,40736,136929,3976.0,19509.0,243237,-96193,Bearish
2023-06-06,34151,138968,-6585.0,2039.0,245332,-104817,Bearish
2023-06-13,37088,141064,2937.0,2096.0,252566,-103976,Bullish
2023-06-20,32244,139900,-4844.0,-1164.0,238556,-107656,Bearish Reversal
2023-06-27,38018,150888,5774.0,10988.0,251524,-112870,Bearish
2023-07-03,41713,159633,3695.0,8745.0,265066,-117920,Bearish
2023-07-11,29838,147020,-11875.0,-12613.0,252349,-117182,Bullish Reversal
2023-07-18,29776,120015,-62.0,-27005.0,230932,-90239,Bullish Reversal
2023-07-25,30358,108110,582.0,-11905.0,223760,-77752,Bullish Reversal
2023-08-01,26849,106065,-3509.0,-2045.0,229015,-79216,Bearish
2023-08-08,23135,106315,-3714.0,250.0,229849,-83180,Bearish
2023-08-15,34789,115750,11654.0,9435.0,247954,-80961,Bullish
2023-08-22,28680,124003,-6109.0,8253.0,246923,-95323,Bearish Reversal
2023-08-29,24790,123263,-3890.0,-740.0,245452,-98473,Bearish Reversal
2023-09-05,37014,134150,12224.0,10887.0,268344,-97136,Bullish
2023-09-12,38247,136960,1233.0,2810.0,270854,-98713,Bearish
2023-09-19,45737,147356,7490.0,10396.0,265860,-101619,Bearish Reversal
2023-09-26,46169,155681,432.0,8325.0,285974,-109512,Bearish
2023-10-03,47544,161532,1375.0,5851.0,282682,-113988,Bearish Reversal
2023-10-10,36780,136256,-10764.0,-25276.0,259937,-99476,Bullish Reversal
2023-10-17,33139,135797,-3641.0,-459.0,267521,-102658,Bearish
2023-10-24,30964,130593,-2175.0,-5204.0,260909,-99629,Bullish Reversal
2023-10-31,37641,141489,6677.0,10896.0,277272,-103848,Bearish
2023-11-07,27238,131278,-10403.0,-10211.0,259698,-104040,Bearish Reversal
2023-11-14,27772,158021,534.0,26743.0,273763,-130249,Bearish
2023-11-21,39236,144690,11464.0,-13331.0,264903,-105454,Bullish Reversal
2023-11-28,30461,139698,-8775.0,-4992.0,260781,-109237,Bearish Reversal
2023-12-05,28266,133222,-2195.0,-6476.0,267482,-104956,Bullish
2023-12-12,28226,109357,-40.0,-23865.0,257581,-81131,Bullish Reversal
2023-12-19,31734,96636,3508.0,-12721.0,185940,-64902,Bullish Reversal
2023-12-26,37321,92889,5587.0,-3747.0,188540,-55568,Bullish
2024-01-02,33585,90780,-3736.0,-2109.0,184042,-57195,Bearish Reversal
2024-01-09,41364,97313,7779.0,6533.0,200299,-55949,Bullish
2024-01-16,44180,100740,2816.0,3427.0,213309,-56560,Bearish
2024-01-23,52585,123230,8405.0,22490.0,243032,-70645,Bearish
2024-01-30,44918,125373,-7667.0,2143.0,242029,-80455,Bearish Reversal
2024-02-06,55646,139876,10728.0,14503.0,259542,-84230,Bearish
2024-02-13,58554,170090,2908.0,30214.0,304592,-111536,Bearish
2024-02-20,53862,174640,-4692.0,4550.0,305438,-120778,Bearish
2024-02-27,51261,183966,-2601.0,9326.0,309633,-132705,Bearish
2024-03-05,54671,173514,3410.0,-10452.0,314586,-118843,Bullish
2024-03-12,54923,157245,252.0,-16269.0,325675,-102322,Bullish
2024-03-19,66274,182286,11351.0,25041.0,302500,-116012,Bearish Reversal
2024-03-26,59969,189075,-6305.0,6789.0,305701,-129106,Bearish
2024-04-02,55190,198420,-4779.0,9345.0,316809,-143230,Bearish
2024-04-09,47275,209426,-7915.0,11006.0,324479,-162151,Bearish
2024-04-16,49463,215082,2188.0,5656.0,331110,-165619,Bearish
2024-04-23,42426,222345,-7037.0,7263.0,336167,-179919,Bearish
2024-04-30,40435,208823,-1991.0,-13522.0,334848,-168388,Bullish Reversal
2024-05-07,34990,169912,-5445.0,-38911.0,299859,-134922,Bullish Reversal
2024-05-14,35303,161485,313.0,-8427.0,297606,-126182,Bullish Reversal
2024-05-21,29614,173981,-5689.0,12496.0,301315,-144367,Bearish
2024-05-28,28565,184604,-1049.0,10623.0,325231,-156039,Bearish
2024-06-04,40427,172528,11862.0,-12076.0,303009,-132101,Bullish Reversal
2024-06-11,30763,169342,-9664.0,-3186.0,319274,-138579,Bearish
2024-06-18,29429,177182,-1334.0,7840.0,297117,-147753,Bearish Reversal
2024-06-25,34576,208476,5147.0,31294.0,340237,-173900,Bearish
2024-07-02,36714,220937,2138.0,12461.0,349817,-184223,Bearish
2024-07-09,41521,223554,4807.0,2617.0,348954,-182033,Bullish Reversal
2024-07-16,47356,198428,5835.0,-25126.0,307205,-151072,Bullish Reversal
2024-07-23,64390,171498,17034.0,-26930.0,307183,-107108,Bullish Reversal
2024-07-30,65016,138476,626.0,-33022.0,303151,-73460,Bullish Reversal
2024-08-06,66169,77523,1153.0,-60953.0,298937,-11354,Bullish Reversal
2024-08-13,87101,63997,20932.0,-13526.0,315338,23104,Bullish
2024-08-20,88761,65176,1660.0,1179.0,316197,23585,Bullish
2024-08-27,84305,58437,-4456.0,-6739.0,318259,25868,Bullish
2024-09-03,91791,50675,7486.0,-7762.0,326795,41116,Bullish
2024-09-10,98894,43124,7103.0,-7551.0,376514,55770,Bullish
2024-09-17,97332,40492,-1562.0,-2632.0,199463,56840,Bullish Reversal
2024-09-24,104690,38679,7358.0,-1813.0,207702,66011,Bullish
2024-10-01,95513,38741,-9177.0,62.0,196200,56772,Bearish Reversal
2024-10-08,83679,47151,-11834.0,8410.0,196685,36528,Bearish
2024-10-15,86685,52575,3006.0,5424.0,197871,34110,Bearish
2024-10-22,79364,66593,-7321.0,14018.0,207338,12771,Bearish
2024-10-29,64925,89742,-14439.0,23149.0,225894,-24817,Bearish
2024-11-05,60334,104501,-4591.0,14759.0,235762,-44167,Bearish
2024-11-12,64038,128940,3704.0,24439.0,257688,-64902,Bearish
2024-11-19,78973,125841,14935.0,-3099.0,254087,-46868,Bullish Reversal
2024-11-26,87597,110230,8624.0,-15611.0,253566,-22633,Bullish Reversal
2024-12-03,93622,91288,6025.0,-18942.0,256849,2334,Bullish
2024-12-10,97938,72186,4316.0,-19102.0,274834,25752,Bullish
2024-12-17,87208,81247,-10730.0,9061.0,181673,5961,Bearish Reversal
2024-12-24,95958,93647,8750.0,12400.0,200720,2311,Bearish
2024-12-31,96119,104562,161.0,10915.0,206971,-8443,Bearish
2025-01-07,91206,111395,-4913.0,6833.0,212456,-20189,Bearish
2025-01-14,91434,120845,228.0,9450.0,223952,-29411,Bearish
2025-01-21,94157,108830,2723.0,-12015.0,211620,-14673,Bullish Reversal
2025-01-28,96809,97768,2652.0,-11062.0,216788,-959,Bullish
2025-02-04,104684,85916,7875.0,-11852.0,231911,18768,Bullish
2025-02-11,144158,89543,39474.0,3627.0,273314,54615,Bullish
2025-02-18,147566,86997,3408.0,-2546.0,281163,60569,Bullish
2025-02-25,171751,75771,24185.0,-11226.0,329186,95980,Bullish
2025-03-04,183955,50304,12204.0,-25467.0,354415,133651,Bullish
2025-03-11,176790,42888,-7165.0,-7416.0,446178,133902,Bullish
2025-03-18,164752,41788,-12038.0,-1100.0,296567,122964,Bearish Reversal
2025-03-25,160474,35098,-4278.0,-6690.0,303778,125376,Bullish
2025-04-01,161566,39792,1092.0,4694.0,311162,121774,Bearish
2025-04-08,176555,29488,14989.0,-10304.0,320758,147067,Bullish
2025-04-15,198560,26705,22005.0,-2783.0,338849,171855,Bullish
2025-04-22,202373,24559,3813.0,-2146.0,351226,177814,Bullish
2025-04-29,202797,23585,424.0,-974.0,366246,179212,Bullish
2025-05-06,204008,27149,1211.0,3564.0,375546,176859,Bearish
2025-05-13,194226,21958,-9782.0,-5191.0,359521,172268,Bearish Reversal
2025-05-20,194510,27180,284.0,5222.0,366865,167330,Bearish
2025-05-27,191802,27790,-2708.0,610.0,377011,164012,Bearish
2025-06-03,189514,38365,-2288.0,10575.0,366008,151149,Bearish Reversal
2025-06-10,184195,39600,-5319.0,1235.0,388263,144595,Bearish
2025-06-17,175601,44724,-8594.0,5124.0,317523,130877,Bearish Reversal
2025-06-24,178403,46126,2802.0,1402.0,314767,132277,Bullish Reversal
2025-07-01,170624,43286,-7779.0,-2840.0,314251,127338,Bearish Reversal
2025-07-08,166192,50037,-4432.0,6751.0,308621,116155,Bearish Reversal
2025-07-15,165444,61862,-748.0,11825.0,321350,103582,Bearish
2025-07-22,164411,57766,-1033.0,-4096.0,313040,106645,Bullish Reversal
2025-07-29,162122,72879,-2289.0,15113.0,329115,89243,Bearish
2025-08-05,160258,78252,-1864.0,5373.0,337378,82006,Bearish
2025-08-12,164693,90459,4435.0,12207.0,351163,74234,Bearish
2025-08-19,168363,90782,3670.0,323.0,348982,77581,Bullish Reversal
2025-08-26,170765,86281,2402.0,-4501.0,357366,84484,Bullish
2025-09-02,174774,101516,4009.0,15235.0,414249,73258,Bearish
2025-09-09,180724,89081,5950.0,-12435.0,410799,91643,Bullish Reversal
2025-09-16,161673,100262,-19051.0,11181.0,299620,61411,Bearish Reversal
2025-09-23,176400,96900,14727.0,-3362.0,309893,79500,Bullish
2025-09-30,167811,106346,-8589.0,9446.0,305711,61465,Bearish Reversal
2025-10-07,159197,112890,-8614.0,6544.0,305134,46307,Bearish Reversal
2025-10-14,160639,123473,1442.0,10583.0,305003,37166,Bearish Reversal
2025-10-21,175724,105310,15085.0,-18163.0,307569,70414,Bullish
2025-10-28,178745,110630,3021.0,5320.0,321889,68115,Bearish
2025-11-04,170180,118915,-8565.0,8285.0,314190,51265,Bearish Reversal
2025-11-10,172349,123873,2169.0,4958.0,312845,48476,Bearish Reversal
2025-11-18,169890,138733,-2459.0,14860.0,329456,31157,Bearish
2025-11-25,169218,142701,-672.0,3968.0,344420,26517,Bearish
2025-12-02,184958,148540,15740.0,5839.0,394859,36418,Bullish
2025-12-09,184488,167040,-470.0,18500.0,465416,17448,Bearish
2025-12-16,146275,149217,-38213.0,-17823.0,379679,-2942,Bearish Reversal
2025-12-23,141133,139910,-5142.0,-9307.0,285084,1223,Bullish Reversal
2025-12-30,144596,130528,3463.0,-9382.0,286132,14068,Bullish
2026-01-06,140441,131626,-4155.0,1098.0,287715,8815,Bearish
2026-01-13,111743,156907,-28698.0,25281.0,294242,-45164,Bearish
2026-01-20,107139,151968,-4604.0,-4939.0,292607,-44829,Bullish Reversal
2026-01-27,104460,138393,-2679.0,-13575.0,300726,-33933,Bullish
2026-02-03,114428,133650,9968.0,-4743.0,303673,-19222,Bullish
2026-02-10,128090,147196,13662.0,13546.0,334948,-19106,Bullish
2026-02-17,143172,130217,15082.0,-16979.0,354328,12955,Bullish
2026-02-24,149364,137825,6192.0,7608.0,369721,11539,Bearish
2026-03-03,134945,151520,-14419.0,13695.0,416977,-16575,Bearish
2026-03-10,119411,160798,-15534.0,9278.0,427718,-41387,Bearish
2026-03-17,106819,174599,-12592.0,13801.0,326688,-67780,Bearish Reversal
2026-03-24,98271,161077,-8548.0,-13522.0,328210,-62806,Bullish
2026-03-31,95356,168228,-2915.0,7151.0,345276,-72872,Bearish
2026-04-07,91560,185302,-3796.0,17074.0,349373,-93742,Bearish
2026-04-14,102114,185322,10554.0,20.0,354344,-83208,Bullish
2026-04-21,101386,195846,-728.0,10524.0,351782,-94460,Bearish Reversal
2026-04-28,106530,208589,5144.0,12743.0,372780,-102059,Bearish
2026-05-05,109035,170773,2505.0,-37816.0,354005,-61738,Bullish Reversal
2026-05-12,100155,175257,-8880.0,4484.0,362042,-75102,Bearish
2026-05-19,106603,200508,6448.0,25251.0,396573,-93905,Bearish
2026-05-26,112993,227660,6390.0,27152.0,427294,-114667,Bearish
2026-06-02,114849,244416,1856.0,16756.0,505555,-129567,Bearish
2026-06-09,121520,267338,6671.0,22922.0,505075,-145818,Bearish Reversal
2026-06-16,117375,267507,-4145.0,169.0,520825,-150132,Bearish
2026-06-23,113698,259802,-3677.0,-7705.0,431030,-146104,Bullish Reversal
2026-06-30,111872,266964,-1826.0,7162.0,438825,-155092,Bearish
2026-07-07,112247,236025,375.0,-30939.0,398103,-123778,Bullish Reversal
2026-07-14,115965,238628,3718.0,2603.0,396514,-122663,Bullish Reversal
2026-07-21,107590,259715,-8375.0,21087.0,423796,-152125,Bearish
2026-07-28,101271,264683,-6319.0,4968.0,432366,-163412,Bearish
2026-08-04,147228,192701,45957.0,-71982.0,419393,-45473,Bullish Reversal
2026-08-11,134188,176273,-13040.0,-16428.0,391874,-42085,Bullish Reversal
2026-08-18,128932,181825,-5256.0,5552.0,380811,-52893,Bearish Reversal
2026-08-25,128340,191638,-592.0,9813.0,384216,-63298,Bearish
2026-09-01,117169,209396,-11171.0,17758.0,411882,-92227,Bearish
2026-09-08,178791,167995,61622.0,-41401.0,499635,10796,Bullish
2026-09-15,237951,117592,59160.0,-50403.0,542802,120359,Bullish
2026-09-22,192274,120292,-45677.0,2700.0,378701,71982,Bearish Reversal
