As of Date in Form YYYY-MM-DD,Noncommercial Positions-Long (All),Noncommercial Positions-Short (All),Change in Noncommercial-Long (All),Change in Noncommercial-Short (All),Open Interest (All),Net Positions,Interpretation
1995-05-23,679,0,679.0,0.0,3407,679,No signal
1995-05-30,1162,0,483.0,0.0,4388,1162,Bullish
1995-06-06,812,233,-350.0,233.0,4867,579,Bearish
1995-06-13,1287,0,475.0,-233.0,5216,1287,Bullish
1995-06-20,1981,227,694.0,227.0,5298,1754,Bullish
1995-06-27,2683,0,702.0,-227.0,6099,2683,Bullish
1995-07-03,2628,0,-55.0,0.0,6527,2628,Bearish
1995-07-11,3274,330,646.0,330.0,7510,2944,Bullish
1995-07-18,2983,512,-291.0,182.0,8677,2471,Bearish
1995-07-25,2638,300,-345.0,-212.0,9114,2338,Bearish
1995-08-01,2985,300,347.0,0.0,9288,2685,Bullish
1995-08-08,2628,300,-357.0,0.0,9993,2328,Bearish
1995-08-15,588,535,-2040.0,235.0,10406,53,Bearish
1995-08-22,588,300,0.0,-235.0,11395,288,Bullish
1995-08-29,797,300,209.0,0.0,12256,497,Bullish
1995-09-05,225,0,-572.0,-300.0,12639,225,Bearish
1995-09-12,225,0,0.0,0.0,13224,225,No signal
1995-09-19,225,0,0.0,0.0,10826,225,No signal
1995-09-26,448,0,223.0,0.0,11737,448,Bullish
1995-10-03,1029,0,581.0,0.0,12444,1029,Bullish
1995-10-10,948,0,-81.0,0.0,12988,948,Bearish
1995-10-17,963,0,15.0,0.0,13789,963,Bullish
1995-10-24,917,0,-46.0,0.0,14018,917,Bearish
1995-10-31,1076,0,159.0,0.0,14167,1076,Bullish
1995-11-07,1214,0,138.0,0.0,14656,1214,Bullish
1995-11-14,1132,0,-82.0,0.0,14897,1132,Bearish
1995-11-21,752,0,-380.0,0.0,14936,752,Bearish
1995-11-28,612,0,-140.0,0.0,15230,612,Bearish
1995-12-05,1069,318,457.0,318.0,15809,751,Bullish
1995-12-12,595,318,-474.0,0.0,15563,277,Bearish Reversal
1995-12-19,0,1844,-595.0,1526.0,12573,-1844,Bearish Reversal
1995-12-26,0,1859,0.0,15.0,13020,-1859,Bearish
1996-01-02,0,1859,0.0,0.0,14492,-1859,No signal
1996-01-09,0,2096,0.0,237.0,14277,-2096,Bearish Reversal
1996-01-16,207,2346,207.0,250.0,14555,-2139,Bearish
1996-01-23,207,2574,0.0,228.0,16315,-2367,Bearish
1996-01-30,0,3481,-207.0,907.0,16900,-3481,Bearish
1996-02-06,0,2962,0.0,-519.0,18363,-2962,Bullish
1996-02-13,101,2521,101.0,-441.0,19581,-2420,Bullish
1996-02-20,101,1777,0.0,-744.0,19329,-1676,Bullish Reversal
1996-02-27,101,2319,0.0,542.0,19308,-2218,Bearish Reversal
1996-03-05,301,2943,200.0,624.0,19915,-2642,Bearish
1996-03-12,335,1764,34.0,-1179.0,19343,-1429,Bullish Reversal
1996-03-19,663,645,328.0,-1119.0,12797,18,Bullish Reversal
1996-03-26,558,645,-105.0,0.0,13123,-87,Bearish
1996-04-02,830,657,272.0,12.0,14005,173,Bullish
1996-04-09,429,657,-401.0,0.0,14181,-228,Bearish
1996-04-16,897,1245,468.0,588.0,14905,-348,Bearish
1996-04-23,96,1389,-801.0,144.0,16061,-1293,Bearish
1996-04-30,0,1144,-96.0,-245.0,16232,-1144,Bullish
1996-05-07,0,1012,0.0,-132.0,16343,-1012,Bullish
1996-05-14,209,1061,209.0,49.0,17299,-852,Bullish
1996-05-21,356,1023,147.0,-38.0,16151,-667,Bullish Reversal
1996-05-28,582,1537,226.0,514.0,15662,-955,Bearish Reversal
1996-06-04,558,1754,-24.0,217.0,16364,-1196,Bearish
1996-06-11,785,1454,227.0,-300.0,17882,-669,Bullish
1996-06-18,561,390,-224.0,-1064.0,14116,171,Bullish Reversal
1996-06-25,282,74,-279.0,-316.0,15003,208,Bullish
1996-07-02,477,0,195.0,-74.0,15034,477,Bullish
1996-07-09,361,98,-116.0,98.0,15403,263,Bearish
1996-07-16,2903,290,2542.0,192.0,16604,2613,Bullish
1996-07-23,631,70,-2272.0,-220.0,19592,561,Bearish
1996-07-30,1030,0,399.0,-70.0,19013,1030,Bullish Reversal
1996-08-06,381,0,-649.0,0.0,19223,381,Bearish
1996-08-13,323,205,-58.0,205.0,19103,118,Bearish Reversal
1996-08-20,547,306,224.0,101.0,19970,241,Bullish
1996-08-27,1264,580,717.0,274.0,20514,684,Bullish
1996-09-03,767,580,-497.0,0.0,18266,187,Bearish Reversal
1996-09-10,1171,0,404.0,-580.0,16637,1171,Bullish Reversal
1996-09-17,1155,255,-16.0,255.0,14806,900,Bearish Reversal
1996-09-24,1319,255,164.0,0.0,20010,1064,Bullish
1996-10-01,1320,255,1.0,0.0,21959,1065,Bullish
1996-10-08,1217,255,-103.0,0.0,23526,962,Bearish
1996-10-15,1199,0,-18.0,-255.0,24899,1199,Bullish
1996-10-22,1537,93,338.0,93.0,28496,1444,Bullish
1996-10-29,1002,0,-535.0,-93.0,29705,1002,Bearish
1996-11-05,457,404,-545.0,404.0,30107,53,Bearish
1996-11-12,996,250,539.0,-154.0,29437,746,Bullish Reversal
1996-11-19,1634,530,638.0,280.0,30018,1104,Bullish
1996-11-26,971,950,-663.0,420.0,31419,21,Bearish
1996-12-03,1600,315,629.0,-635.0,31657,1285,Bullish
1996-12-10,1795,299,195.0,-16.0,31961,1496,Bullish
1996-12-17,2301,487,506.0,188.0,28993,1814,Bullish Reversal
1996-12-24,2368,274,67.0,-213.0,30939,2094,Bullish
1996-12-31,2365,274,-3.0,0.0,31103,2091,Bearish
1997-01-07,3647,312,1282.0,38.0,31941,3335,Bullish
1997-01-14,4280,317,633.0,5.0,31562,3963,Bullish Reversal
1997-01-21,4478,326,198.0,9.0,33070,4152,Bullish
1997-01-28,4321,342,-157.0,16.0,35144,3979,Bearish
1997-02-04,4504,362,183.0,20.0,37804,4142,Bullish
1997-02-11,4447,461,-57.0,99.0,40414,3986,Bearish
1997-02-18,4270,463,-177.0,2.0,43038,3807,Bearish
1997-02-25,5839,511,1569.0,48.0,47761,5328,Bullish
1997-03-04,1879,664,-3960.0,153.0,40166,1215,Bearish Reversal
1997-03-11,914,210,-965.0,-454.0,40538,704,Bearish
1997-03-18,0,0,-914.0,-210.0,26734,0,Bearish Reversal
1997-03-25,200,0,200.0,0.0,27861,200,Bullish
1997-04-01,1266,0,1066.0,0.0,29921,1266,Bullish
1997-04-08,1702,1287,436.0,1287.0,31401,415,Bearish
1997-04-15,2241,477,539.0,-810.0,32272,1764,Bullish
1997-04-22,2638,200,397.0,-277.0,32566,2438,Bullish
1997-04-29,1930,809,-708.0,609.0,30987,1121,Bearish Reversal
1997-05-06,2143,771,213.0,-38.0,31579,1372,Bullish
1997-05-13,1370,1328,-773.0,557.0,35741,42,Bearish
1997-05-20,1852,1197,482.0,-131.0,35508,655,Bullish Reversal
1997-05-27,2212,1708,360.0,511.0,37397,504,Bearish
1997-06-03,2302,1482,90.0,-226.0,38374,820,Bullish
1997-06-10,1357,723,-945.0,-759.0,39890,634,Bearish
1997-06-17,1591,1319,234.0,596.0,32986,272,Bearish Reversal
1997-06-24,1809,3705,218.0,2386.0,34392,-1896,Bearish
1997-07-01,2974,4159,1165.0,454.0,35457,-1185,Bullish
1997-07-08,3113,2854,139.0,-1305.0,34237,259,Bullish Reversal
1997-07-15,3256,2593,143.0,-261.0,35436,663,Bullish
1997-07-22,4652,3366,1396.0,773.0,38265,1286,Bullish
1997-07-29,4088,3635,-564.0,269.0,39281,453,Bearish
1997-08-05,4474,1702,386.0,-1933.0,41287,2772,Bullish
1997-08-12,5170,1866,696.0,164.0,44469,3304,Bullish
1997-08-19,5866,2016,696.0,150.0,44209,3850,Bullish Reversal
1997-08-26,7277,2040,1411.0,24.0,45086,5237,Bullish
1997-09-02,6881,1750,-396.0,-290.0,43875,5131,Bearish Reversal
1997-09-09,5726,229,-1155.0,-1521.0,42539,5497,Bullish Reversal
1997-09-16,7475,0,1749.0,-229.0,32268,7475,Bullish Reversal
1997-09-23,7798,727,323.0,727.0,36123,7071,Bearish
1997-09-30,8048,1785,250.0,1058.0,36279,6263,Bearish
1997-10-07,8434,3051,386.0,1266.0,39430,5383,Bearish
1997-10-14,9269,1925,835.0,-1126.0,40813,7344,Bullish
1997-10-21,8975,1715,-294.0,-210.0,43135,7260,Bearish
1997-10-28,7253,3190,-1722.0,1475.0,42718,4063,Bearish Reversal
1997-11-04,4213,2663,-3040.0,-527.0,38974,1550,Bearish Reversal
1997-11-11,3166,2528,-1047.0,-135.0,35270,638,Bearish Reversal
1997-11-18,2541,2337,-625.0,-191.0,34395,204,Bearish Reversal
1997-11-25,1865,2663,-676.0,326.0,33790,-798,Bearish Reversal
1997-12-02,1906,2589,41.0,-74.0,32374,-683,Bullish Reversal
1997-12-09,4812,2084,2906.0,-505.0,32500,2728,Bullish
1997-12-16,3766,2245,-1046.0,161.0,25577,1521,Bearish Reversal
1997-12-19,1323,1770,-2443.0,-475.0,25068,-447,Bearish Reversal
1997-12-23,1358,1770,-2408.0,-475.0,24964,-412,Bullish Reversal
1997-12-30,2284,2774,926.0,1004.0,24434,-490,Bearish Reversal
1998-01-06,3305,3557,1021.0,783.0,25070,-252,Bullish
1998-01-13,3778,3014,473.0,-543.0,26096,764,Bullish
1998-01-20,3348,3290,-430.0,276.0,27570,58,Bearish
1998-01-27,4369,1856,1021.0,-1434.0,37080,2513,Bullish
1998-02-03,4239,1200,-130.0,-656.0,37410,3039,Bullish
1998-02-10,4388,1200,149.0,0.0,36834,3188,Bullish Reversal
1998-02-17,4532,1200,144.0,0.0,35588,3332,Bullish Reversal
1998-02-24,2467,2213,-2065.0,1013.0,35656,254,Bearish
1998-03-03,4499,2035,2032.0,-178.0,39389,2464,Bullish
1998-03-10,5695,2298,1196.0,263.0,39075,3397,Bullish Reversal
1998-03-17,5883,2653,188.0,355.0,27326,3230,Bearish Reversal
1998-03-24,6886,2021,1003.0,-632.0,29742,4865,Bullish
1998-03-31,3483,1540,-3403.0,-481.0,32785,1943,Bearish
1998-04-07,2710,1897,-773.0,357.0,33728,813,Bearish
1998-04-14,3989,1535,1279.0,-362.0,36285,2454,Bullish
1998-04-21,4061,80,72.0,-1455.0,37227,3981,Bullish
1998-04-28,2627,85,-1434.0,5.0,36645,2542,Bearish Reversal
1998-05-05,5208,0,2581.0,-85.0,38135,5208,Bullish
1998-05-12,4297,0,-911.0,0.0,38351,4297,Bearish
1998-05-19,2724,284,-1573.0,284.0,41187,2440,Bearish
1998-05-26,1547,2219,-1177.0,1935.0,44820,-672,Bearish
1998-06-02,1279,3299,-268.0,1080.0,47754,-2020,Bearish
1998-06-09,1168,2237,-111.0,-1062.0,47298,-1069,Bullish Reversal
1998-06-16,2202,3813,1034.0,1576.0,36430,-1611,Bearish Reversal
1998-06-23,2697,2775,495.0,-1038.0,40307,-78,Bullish
1998-06-30,2810,2857,113.0,82.0,42692,-47,Bullish
1998-07-07,3090,2017,280.0,-840.0,43295,1073,Bullish
1998-07-14,3904,1174,814.0,-843.0,42344,2730,Bullish Reversal
1998-07-21,5088,635,1184.0,-539.0,43586,4453,Bullish
1998-07-28,4200,504,-888.0,-131.0,44073,3696,Bearish
1998-08-04,3546,281,-654.0,-223.0,43013,3265,Bearish Reversal
1998-08-11,3243,2456,-303.0,2175.0,45139,787,Bearish
1998-08-18,2638,3457,-605.0,1001.0,42047,-819,Bearish Reversal
1998-08-25,1902,4080,-736.0,623.0,41635,-2178,Bearish Reversal
1998-09-01,1332,3579,-570.0,-501.0,41120,-2247,Bearish Reversal
1998-09-08,1342,3625,10.0,46.0,43616,-2283,Bearish
1998-09-15,2261,3323,919.0,-302.0,28656,-1062,Bullish Reversal
1998-09-22,2474,2773,213.0,-550.0,29189,-299,Bullish
1998-09-29,2160,1941,-314.0,-832.0,25726,219,Bullish Reversal
1998-10-06,1610,1941,-550.0,0.0,28750,-331,Bearish
1998-10-13,1474,2031,-136.0,90.0,28575,-557,Bearish Reversal
1998-10-20,1474,647,0.0,-1384.0,25787,827,Bullish Reversal
1998-10-27,1474,597,0.0,-50.0,23889,877,Bullish Reversal
1998-11-03,1474,597,0.0,0.0,25019,877,No signal
1998-11-10,1689,597,215.0,0.0,23914,1092,Bullish Reversal
1998-11-17,1939,597,250.0,0.0,25749,1342,Bullish
1998-11-24,2439,597,500.0,0.0,25911,1842,Bullish
1998-12-01,2411,597,-28.0,0.0,25268,1814,Bearish Reversal
1998-12-08,3730,597,1319.0,0.0,25174,3133,Bullish Reversal
1998-12-15,4310,649,580.0,52.0,18226,3661,Bullish Reversal
1998-12-22,4613,307,303.0,-342.0,19301,4306,Bullish
1998-12-29,4556,307,-57.0,0.0,19591,4249,Bearish
1999-01-05,4826,306,270.0,-1.0,21948,4520,Bullish
1999-01-12,1497,490,-3329.0,184.0,19496,1007,Bearish Reversal
1999-01-19,0,0,-1497.0,-490.0,17166,0,Bearish Reversal
1999-01-26,0,200,0.0,200.0,18164,-200,Bearish
1999-02-02,412,0,412.0,-200.0,17583,412,Bullish Reversal
1999-02-09,821,0,409.0,0.0,17488,821,Bullish Reversal
1999-02-16,4352,0,3531.0,0.0,19170,4352,Bullish
1999-02-23,4782,310,430.0,310.0,19399,4472,Bullish
1999-03-02,6076,92,1294.0,-218.0,22137,5984,Bullish
1999-03-09,7693,23,1617.0,-69.0,27511,7670,Bullish
1999-03-16,7784,0,91.0,-23.0,20305,7784,Bullish Reversal
1999-03-23,6148,339,-1636.0,339.0,20031,5809,Bearish Reversal
1999-03-30,6419,0,271.0,-339.0,19795,6419,Bullish Reversal
1999-04-06,6566,450,147.0,450.0,20035,6116,Bearish
1999-04-13,6448,270,-118.0,-180.0,20690,6178,Bullish
1999-04-20,7342,0,894.0,-270.0,22328,7342,Bullish
1999-04-27,6530,0,-812.0,0.0,22603,6530,Bearish
1999-05-04,6593,0,63.0,0.0,23979,6593,Bullish
1999-05-11,6679,250,86.0,250.0,25433,6429,Bearish
1999-05-18,6546,0,-133.0,-250.0,24321,6546,Bullish Reversal
1999-05-25,2133,430,-4413.0,430.0,23982,1703,Bearish Reversal
1999-06-01,1147,897,-986.0,467.0,22582,250,Bearish Reversal
1999-06-08,1358,345,211.0,-552.0,19943,1013,Bullish Reversal
1999-06-15,1693,345,335.0,0.0,14372,1348,Bullish Reversal
1999-06-22,4284,0,2591.0,-345.0,19833,4284,Bullish
1999-06-29,4328,0,44.0,0.0,23080,4328,Bullish
1999-07-06,4341,619,13.0,619.0,25092,3722,Bearish
1999-07-13,4550,619,209.0,0.0,28514,3931,Bullish
1999-07-20,4610,1203,60.0,584.0,27765,3407,Bearish Reversal
1999-07-27,4280,853,-330.0,-350.0,28108,3427,Bullish
1999-08-03,3526,573,-754.0,-280.0,27222,2953,Bearish Reversal
1999-08-10,2394,873,-1132.0,300.0,27238,1521,Bearish
1999-08-17,6342,1573,3948.0,700.0,31990,4769,Bullish
1999-08-24,6744,1703,402.0,130.0,34913,5041,Bullish
1999-08-31,6745,1703,1.0,0.0,35024,5042,Bullish
1999-09-07,7970,1279,1225.0,-424.0,36892,6691,Bullish
1999-09-14,9336,702,1366.0,-577.0,29509,8634,Bullish Reversal
1999-09-21,7697,636,-1639.0,-66.0,27551,7061,Bearish Reversal
1999-09-28,7221,636,-476.0,0.0,26793,6585,Bearish Reversal
1999-10-05,4229,1008,-2992.0,372.0,26088,3221,Bearish Reversal
1999-10-12,4092,1038,-137.0,30.0,24888,3054,Bearish Reversal
1999-10-19,3594,1618,-498.0,580.0,23853,1976,Bearish Reversal
1999-10-26,3092,1617,-502.0,-1.0,22847,1475,Bearish Reversal
1999-11-02,3357,1428,265.0,-189.0,23663,1929,Bullish
1999-11-09,9073,470,5716.0,-958.0,30058,8603,Bullish
1999-11-16,10384,940,1311.0,470.0,31697,9444,Bullish
1999-11-23,10640,470,256.0,-470.0,31461,10170,Bullish Reversal
1999-11-30,10246,470,-394.0,0.0,30123,9776,Bearish Reversal
1999-12-07,6416,892,-3830.0,422.0,26061,5524,Bearish Reversal
1999-12-14,5489,470,-927.0,-422.0,14663,5019,Bearish Reversal
1999-12-21,5924,470,435.0,0.0,15369,5454,Bullish
1999-12-28,5771,897,-153.0,427.0,14179,4874,Bearish Reversal
2000-01-04,5675,725,-96.0,-172.0,15009,4950,Bullish
2000-01-11,6648,785,973.0,60.0,16071,5863,Bullish
2000-01-18,7003,836,355.0,51.0,18004,6167,Bullish
2000-01-25,6448,702,-555.0,-134.0,17602,5746,Bearish Reversal
2000-02-01,3710,637,-2738.0,-65.0,14941,3073,Bearish Reversal
2000-02-08,8546,567,4836.0,-70.0,20802,7979,Bullish
2000-02-15,9253,250,707.0,-317.0,21995,9003,Bullish
2000-02-22,9401,250,148.0,0.0,21693,9151,Bullish Reversal
2000-02-29,9872,263,471.0,13.0,24593,9609,Bullish
2000-03-07,10652,210,780.0,-53.0,30268,10442,Bullish
2000-03-14,9986,200,-666.0,-10.0,28436,9786,Bearish Reversal
2000-03-21,9661,225,-325.0,25.0,21373,9436,Bearish Reversal
2000-03-28,10256,0,595.0,-225.0,22418,10256,Bullish
2000-04-04,7010,409,-3246.0,409.0,20640,6601,Bearish Reversal
2000-04-11,5040,609,-1970.0,200.0,19099,4431,Bearish Reversal
2000-04-18,1910,394,-3130.0,-215.0,18838,1516,Bearish Reversal
2000-04-25,2185,394,275.0,0.0,18733,1791,Bullish Reversal
2000-05-02,5542,0,3357.0,-394.0,20442,5542,Bullish
2000-05-09,2013,409,-3529.0,409.0,19240,1604,Bearish Reversal
2000-05-16,871,939,-1142.0,530.0,19830,-68,Bearish
2000-05-23,1476,959,605.0,20.0,22247,517,Bullish
2000-05-30,2375,430,899.0,-529.0,20857,1945,Bullish Reversal
2000-06-06,675,1887,-1700.0,1457.0,24115,-1212,Bearish
2000-06-13,747,2431,72.0,544.0,24031,-1684,Bearish Reversal
2000-06-20,528,2700,-219.0,269.0,12102,-2172,Bearish Reversal
2000-06-27,422,3035,-106.0,335.0,12868,-2613,Bearish
2000-07-05,3033,633,2611.0,-2402.0,12320,2400,Bullish Reversal
2000-07-11,3777,673,744.0,40.0,13787,3104,Bullish
2000-07-18,4353,443,576.0,-230.0,14514,3910,Bullish
2000-07-25,4850,683,497.0,240.0,15733,4167,Bullish
2000-08-01,4731,598,-119.0,-85.0,15423,4133,Bearish Reversal
2000-08-08,4700,618,-31.0,20.0,16391,4082,Bearish
2000-08-15,6617,598,1917.0,-20.0,18353,6019,Bullish
2000-08-22,5752,743,-865.0,145.0,19153,5009,Bearish
2000-08-29,6109,835,357.0,92.0,19632,5274,Bullish
2000-09-05,6103,683,-6.0,-152.0,18636,5420,Bullish Reversal
2000-09-12,4626,1164,-1477.0,481.0,19329,3462,Bearish
2000-09-19,2093,1056,-2533.0,-108.0,11363,1037,Bearish Reversal
2000-09-26,1702,1091,-391.0,35.0,10913,611,Bearish Reversal
2000-10-03,3342,623,1640.0,-468.0,11465,2719,Bullish
2000-10-10,2483,1066,-859.0,443.0,11181,1417,Bearish Reversal
2000-10-17,1467,1208,-1016.0,142.0,13773,259,Bearish
2000-10-24,773,1702,-694.0,494.0,13717,-929,Bearish Reversal
2000-10-31,476,1399,-297.0,-303.0,13832,-923,Bullish
2000-11-07,416,1999,-60.0,600.0,13757,-1583,Bearish Reversal
2000-11-14,5494,1506,5078.0,-493.0,18245,3988,Bullish
2000-11-21,6938,1517,1444.0,11.0,25760,5421,Bullish
2000-11-28,9167,1462,2229.0,-55.0,29737,7705,Bullish
2000-12-05,10146,1718,979.0,256.0,30450,8428,Bullish
2000-12-12,8854,1183,-1292.0,-535.0,32149,7671,Bearish
2000-12-19,11358,1782,2504.0,599.0,29337,9576,Bullish Reversal
2000-12-26,6182,1928,-5176.0,146.0,25385,4254,Bearish Reversal
2001-01-02,5026,1983,-1156.0,-89.0,25329,3043,Bearish Reversal
2001-01-09,3485,3938,-1541.0,1955.0,25700,-453,Bearish
2001-01-16,1649,4142,-1836.0,204.0,21476,-2493,Bearish Reversal
2001-01-23,1336,3819,-313.0,-323.0,21688,-2483,Bullish
2001-01-30,2041,1873,705.0,-1946.0,21504,168,Bullish Reversal
2001-02-06,3581,1718,1540.0,-155.0,21717,1863,Bullish
2001-02-13,4285,1498,704.0,-220.0,22594,2787,Bullish
2001-02-20,4665,1439,380.0,-59.0,22571,3226,Bullish Reversal
2001-02-27,6437,1594,1772.0,155.0,26375,4843,Bullish
2001-03-06,8218,2316,1781.0,722.0,27517,5902,Bullish
2001-03-13,11795,1571,3577.0,-745.0,35772,10224,Bullish
2001-03-20,12641,1632,846.0,61.0,25812,11009,Bullish Reversal
2001-03-27,11237,1313,-1404.0,-319.0,24977,9924,Bearish Reversal
2001-04-03,12125,2088,888.0,775.0,27219,10037,Bullish
2001-04-10,12259,2097,134.0,9.0,27057,10162,Bullish Reversal
2001-04-17,11891,2147,-368.0,50.0,26675,9744,Bearish Reversal
2001-04-24,11591,1964,-300.0,-183.0,26634,9627,Bearish Reversal
2001-05-01,11656,1418,65.0,-546.0,25148,10238,Bullish Reversal
2001-05-08,12144,1874,488.0,456.0,28374,10270,Bullish
2001-05-15,12443,1227,299.0,-647.0,29776,11216,Bullish
2001-05-22,10898,1641,-1545.0,414.0,29713,9257,Bearish Reversal
2001-05-29,10915,1683,17.0,42.0,30359,9232,Bearish
2001-06-05,9175,1926,-1740.0,243.0,32035,7249,Bearish
2001-06-12,9603,2019,428.0,93.0,37604,7584,Bullish
2001-06-19,9661,1365,58.0,-654.0,27097,8296,Bullish Reversal
2001-06-26,9932,1467,271.0,102.0,27758,8465,Bullish
2001-07-03,10025,2003,93.0,536.0,29079,8022,Bearish
2001-07-10,5669,2463,-4356.0,460.0,28256,3206,Bearish Reversal
2001-07-17,3965,1566,-1704.0,-897.0,26495,2399,Bearish Reversal
2001-07-24,5846,1582,1881.0,16.0,27396,4264,Bullish
2001-07-31,5195,1641,-651.0,59.0,28130,3554,Bearish
2001-08-07,9627,1479,4432.0,-162.0,32155,8148,Bullish
2001-08-14,11609,1078,1982.0,-401.0,31708,10531,Bullish Reversal
2001-08-21,10916,1484,-693.0,406.0,33321,9432,Bearish
2001-08-28,10691,969,-225.0,-515.0,33441,9722,Bullish
2001-09-04,7943,1514,-2748.0,545.0,31314,6429,Bearish Reversal
2001-09-10,4444,1783,-3499.0,269.0,30800,2661,Bearish Reversal
2001-09-18,3334,2845,-1110.0,1062.0,12561,489,Bearish Reversal
2001-09-25,3068,2862,-266.0,17.0,12952,206,Bearish
2001-10-02,3459,3189,391.0,327.0,13251,270,Bullish
2001-10-09,4864,2509,1405.0,-680.0,12851,2355,Bullish Reversal
2001-10-16,6355,971,1491.0,-1538.0,14763,5384,Bullish
2001-10-23,8749,1069,2394.0,98.0,18102,7680,Bullish
2001-10-30,9720,1104,971.0,35.0,20711,8616,Bullish
2001-11-06,14363,1144,4643.0,40.0,24249,13219,Bullish
2001-11-13,15306,984,943.0,-160.0,25407,14322,Bullish
2001-11-20,16393,1064,1087.0,80.0,26324,15329,Bullish
2001-11-27,14898,939,-1495.0,-125.0,24809,13959,Bearish Reversal
2001-12-04,12125,1101,-2773.0,162.0,22803,11024,Bearish Reversal
2001-12-11,14981,1107,2856.0,6.0,38191,13874,Bullish
2001-12-18,15320,1216,339.0,109.0,25323,14104,Bullish Reversal
2001-12-21,16130,1040,810.0,-176.0,27311,15090,Bullish
2001-12-28,14039,1065,-2091.0,25.0,25076,12974,Bearish Reversal
2002-01-08,15610,894,1571.0,-171.0,26745,14716,Bullish
2002-01-15,12649,911,-2961.0,17.0,25099,11738,Bearish Reversal
2002-01-22,15729,736,3080.0,-175.0,29664,14993,Bullish
2002-01-29,14917,529,-812.0,-207.0,29000,14388,Bearish Reversal
2002-02-05,17181,1035,2264.0,506.0,34466,16146,Bullish
2002-02-12,19180,1127,1999.0,92.0,37141,18053,Bullish
2002-02-19,19230,1170,50.0,43.0,39347,18060,Bullish
2002-02-26,19163,1595,-67.0,425.0,39223,17568,Bearish Reversal
2002-03-05,20426,1078,1263.0,-517.0,41663,19348,Bullish
2002-03-12,20056,612,-370.0,-466.0,45857,19444,Bullish
2002-03-19,21896,1028,1840.0,416.0,36792,20868,Bullish Reversal
2002-03-26,24325,1388,2429.0,360.0,40122,22937,Bullish
2002-04-02,23953,1268,-372.0,-120.0,41394,22685,Bearish
2002-04-09,22757,964,-1196.0,-304.0,43206,21793,Bearish
2002-04-16,13071,1816,-9686.0,852.0,35639,11255,Bearish Reversal
2002-04-23,6208,2167,-6863.0,351.0,27751,4041,Bearish Reversal
2002-04-30,3339,3484,-2869.0,1317.0,27227,-145,Bearish Reversal
2002-05-07,4116,5268,777.0,1784.0,28066,-1152,Bearish
2002-05-14,1972,5723,-2144.0,455.0,29446,-3751,Bearish
2002-05-21,1273,7173,-699.0,1450.0,28726,-5900,Bearish Reversal
2002-05-28,1260,7482,-13.0,309.0,28343,-6222,Bearish Reversal
2002-06-04,1423,9786,163.0,2304.0,30811,-8363,Bearish
2002-06-11,690,9888,-733.0,102.0,36859,-9198,Bearish
2002-06-18,920,8062,230.0,-1826.0,18535,-7142,Bullish Reversal
2002-06-25,1239,10373,319.0,2311.0,20778,-9134,Bearish
2002-07-02,1160,10520,-79.0,147.0,21094,-9360,Bearish
2002-07-09,1697,9495,537.0,-1025.0,20237,-7798,Bullish Reversal
2002-07-16,2160,5374,463.0,-4121.0,16142,-3214,Bullish Reversal
2002-07-23,2947,2539,787.0,-2835.0,15742,408,Bullish Reversal
2002-07-30,3432,1672,485.0,-867.0,15513,1760,Bullish Reversal
2002-08-06,2432,2274,-1000.0,602.0,15365,158,Bearish Reversal
2002-08-13,2991,4787,559.0,2513.0,16243,-1796,Bearish
2002-08-20,2343,3059,-648.0,-1728.0,15293,-716,Bullish Reversal
2002-08-27,2266,3709,-77.0,650.0,17486,-1443,Bearish
2002-09-03,2560,5234,294.0,1525.0,19244,-2674,Bearish
2002-09-10,1697,6679,-863.0,1445.0,26086,-4982,Bearish
2002-09-17,1676,6494,-21.0,-185.0,15558,-4818,Bullish Reversal
2002-09-24,250,10657,-1426.0,4163.0,19774,-10407,Bearish
2002-10-01,180,10867,-70.0,210.0,19810,-10687,Bearish
2002-10-08,15,10251,-165.0,-616.0,20019,-10236,Bullish
2002-10-15,249,7396,234.0,-2855.0,17970,-7147,Bullish Reversal
2002-10-22,2006,4600,1757.0,-2796.0,15467,-2594,Bullish Reversal
2002-10-29,2444,4835,438.0,235.0,15891,-2391,Bullish
2002-11-05,1471,6672,-973.0,1837.0,16046,-5201,Bearish
2002-11-12,1160,8507,-311.0,1835.0,19933,-7347,Bearish
2002-11-19,2726,5424,1566.0,-3083.0,19783,-2698,Bullish Reversal
2002-11-26,3730,5933,1004.0,509.0,21806,-2203,Bullish
2002-12-03,4018,4325,288.0,-1608.0,21281,-307,Bullish Reversal
2002-12-10,2197,4595,-1821.0,270.0,22598,-2398,Bearish
2002-12-17,1368,2748,-829.0,-1847.0,11464,-1380,Bullish Reversal
2002-12-23,3673,1558,2305.0,-1190.0,13357,2115,Bullish
2002-12-31,1297,9107,-2376.0,7549.0,19208,-7810,Bearish
2003-01-07,2181,13049,884.0,3942.0,23751,-10868,Bearish
2003-01-14,2102,16764,-79.0,3715.0,28464,-14662,Bearish
2003-01-21,1040,20931,-1062.0,4167.0,32965,-19891,Bearish
2003-01-28,649,20951,-391.0,20.0,32205,-20302,Bearish Reversal
2003-02-04,820,22868,171.0,1917.0,35244,-22048,Bearish
2003-02-11,565,22382,-255.0,-486.0,35385,-21817,Bullish
2003-02-18,1466,17043,901.0,-5339.0,29731,-15577,Bullish Reversal
2003-02-25,192,20724,-1274.0,3681.0,35646,-20532,Bearish
2003-03-04,50,21919,-142.0,1195.0,38141,-21869,Bearish
2003-03-11,247,16496,197.0,-5423.0,42197,-16249,Bullish
2003-03-18,1508,9810,1261.0,-6686.0,22606,-8302,Bullish Reversal
2003-03-25,2538,7166,1030.0,-2644.0,22279,-4628,Bullish Reversal
2003-04-01,4494,6667,1956.0,-499.0,25843,-2173,Bullish
2003-04-08,3011,7860,-1483.0,1193.0,24605,-4849,Bearish Reversal
2003-04-15,6932,6358,3921.0,-1502.0,30106,574,Bullish
2003-04-22,8543,3037,1611.0,-3321.0,30835,5506,Bullish
2003-04-29,15682,1267,7139.0,-1770.0,39342,14415,Bullish
2003-05-06,20355,666,4673.0,-601.0,44029,19689,Bullish
2003-05-13,24533,591,4178.0,-75.0,51422,23942,Bullish
2003-05-20,20812,529,-3721.0,-62.0,48662,20283,Bearish Reversal
2003-05-27,19266,1721,-1546.0,1192.0,48565,17545,Bearish Reversal
2003-06-03,22620,978,3354.0,-743.0,55834,21642,Bullish
2003-06-10,7338,4471,-15282.0,3493.0,45201,2867,Bearish Reversal
2003-06-17,7689,2917,351.0,-1554.0,23934,4772,Bullish Reversal
2003-06-24,8070,2599,381.0,-318.0,25766,5471,Bullish
2003-07-01,9948,2265,1878.0,-334.0,29312,7683,Bullish
2003-07-08,9195,3969,-753.0,1704.0,32661,5226,Bearish
2003-07-15,12059,4348,2864.0,379.0,34842,7711,Bullish
2003-07-22,14426,4480,2367.0,132.0,38551,9946,Bullish
2003-07-29,11229,7884,-3197.0,3404.0,38040,3345,Bearish Reversal
2003-08-05,8689,8258,-2540.0,374.0,36485,431,Bearish Reversal
2003-08-12,7014,9101,-1675.0,843.0,37988,-2087,Bearish
2003-08-19,7825,15775,811.0,6674.0,41248,-7950,Bearish
2003-08-26,5344,16071,-2481.0,296.0,39681,-10727,Bearish Reversal
2003-09-02,4467,18977,-877.0,2906.0,48486,-14510,Bearish
2003-09-09,4509,19467,42.0,490.0,49952,-14958,Bearish
2003-09-16,3278,18935,-1231.0,-532.0,31881,-15657,Bearish Reversal
2003-09-23,3119,12062,-159.0,-6873.0,28076,-8943,Bullish Reversal
2003-09-30,2451,12573,-668.0,511.0,28886,-10122,Bearish
2003-10-07,1143,21184,-1308.0,8611.0,36380,-20041,Bearish
2003-10-14,629,24063,-514.0,2879.0,39254,-23434,Bearish
2003-10-21,1386,23959,757.0,-104.0,38339,-22573,Bullish Reversal
2003-10-28,1424,21153,38.0,-2806.0,35779,-19729,Bullish Reversal
2003-11-04,2776,17601,1352.0,-3552.0,36306,-14825,Bullish
2003-11-11,4034,15156,1258.0,-2445.0,35185,-11122,Bullish Reversal
2003-11-18,3225,18627,-809.0,3471.0,34833,-15402,Bearish Reversal
2003-11-25,2368,18877,-857.0,250.0,43929,-16509,Bearish
2003-12-02,2694,21513,326.0,2636.0,43126,-18819,Bearish Reversal
2003-12-09,2367,20012,-327.0,-1501.0,43667,-17645,Bullish
2003-12-16,2763,18269,396.0,-1743.0,30173,-15506,Bullish Reversal
2003-12-22,3872,21612,1109.0,3343.0,32748,-17740,Bearish
2003-12-30,4452,14921,580.0,-6691.0,27630,-10469,Bullish Reversal
2004-01-06,13046,3592,8594.0,-11329.0,28708,9454,Bullish
2004-01-13,26716,2052,13670.0,-1540.0,43115,24664,Bullish
2004-01-20,31017,2219,4301.0,167.0,47340,28798,Bullish
2004-01-27,23675,2064,-7342.0,-155.0,42910,21611,Bearish Reversal
2004-02-03,18612,1662,-5063.0,-402.0,38120,16950,Bearish Reversal
2004-02-10,12272,3939,-6340.0,2277.0,34961,8333,Bearish Reversal
2004-02-17,17855,3710,5583.0,-229.0,38944,14145,Bullish
2004-02-24,16427,2812,-1428.0,-898.0,41688,13615,Bearish
2004-03-02,19461,2284,3034.0,-528.0,44291,17177,Bullish
2004-03-09,21247,1601,1786.0,-683.0,54432,19646,Bullish
2004-03-16,17306,2849,-3941.0,1248.0,35206,14457,Bearish Reversal
2004-03-23,20490,2089,3184.0,-760.0,38181,18401,Bullish
2004-03-30,10003,6303,-10487.0,4214.0,33302,3700,Bearish Reversal
2004-04-06,9016,10853,-987.0,4550.0,34577,-1837,Bearish
2004-04-12,8915,15184,-101.0,4331.0,37417,-6269,Bearish
2004-04-20,4894,20231,-4021.0,5047.0,39527,-15337,Bearish
2004-04-27,3946,17240,-948.0,-2991.0,37863,-13294,Bullish Reversal
2004-05-04,5104,34531,1158.0,17291.0,53989,-29427,Bearish
2004-05-11,6780,44651,1676.0,10120.0,64776,-37871,Bearish
2004-05-18,7246,47749,466.0,3098.0,69232,-40503,Bearish
2004-05-25,4209,46102,-3037.0,-1647.0,70451,-41893,Bearish
2004-06-01,3631,41833,-578.0,-4269.0,67809,-38202,Bullish Reversal
2004-06-08,4963,28737,1332.0,-13096.0,68086,-23774,Bullish
2004-06-15,4802,27848,-161.0,-889.0,48287,-23046,Bullish Reversal
2004-06-22,15734,15532,10932.0,-12316.0,48985,202,Bullish
2004-06-29,6292,19044,-9442.0,3512.0,42655,-12752,Bearish Reversal
2004-07-06,3186,24316,-3106.0,5272.0,50614,-21130,Bearish
2004-07-13,5000,27115,1814.0,2799.0,47754,-22115,Bearish Reversal
2004-07-20,12344,20351,7344.0,-6764.0,46466,-8007,Bullish Reversal
2004-07-27,9546,15817,-2798.0,-4534.0,40408,-6271,Bullish Reversal
2004-08-03,18326,13446,8780.0,-2371.0,49273,4880,Bullish
2004-08-10,31502,15548,13176.0,2102.0,62309,15954,Bullish
2004-08-17,44255,9565,12753.0,-5983.0,77551,34690,Bullish
2004-08-24,49751,6654,5496.0,-2911.0,81511,43097,Bullish
2004-08-31,45279,6459,-4472.0,-195.0,76517,38820,Bearish Reversal
2004-09-07,19341,10020,-25938.0,3561.0,63521,9321,Bearish Reversal
2004-09-14,3788,18579,-15553.0,8559.0,38876,-14791,Bearish Reversal
2004-09-21,18058,7726,14270.0,-10853.0,42797,10332,Bullish
2004-09-28,31668,7415,13610.0,-311.0,57174,24253,Bullish
2004-10-05,53702,8389,22034.0,974.0,78563,45313,Bullish
2004-10-12,64750,9819,11048.0,1430.0,90268,54931,Bullish
2004-10-19,42140,7437,-22610.0,-2382.0,69840,34703,Bearish Reversal
2004-10-26,31004,8373,-11136.0,936.0,60478,22631,Bearish Reversal
2004-11-02,30098,8634,-906.0,261.0,59193,21464,Bearish Reversal
2004-11-09,38458,9919,8360.0,1285.0,65219,28539,Bullish
2004-11-16,44251,7913,5793.0,-2006.0,70543,36338,Bullish
2004-11-23,52757,9773,8506.0,1860.0,81542,42984,Bullish
2004-11-30,63456,10741,10699.0,968.0,96439,52715,Bullish
2004-12-07,67210,11219,3754.0,478.0,114669,55991,Bullish
2004-12-14,56366,6256,-10844.0,-4963.0,83043,50110,Bearish Reversal
2004-12-21,57096,6077,730.0,-179.0,85701,51019,Bullish
2004-12-28,54120,6053,-2976.0,-24.0,85605,48067,Bearish Reversal
2005-01-04,42781,9870,-11339.0,3817.0,74868,32911,Bearish Reversal
2005-01-11,38533,6397,-4248.0,-3473.0,69157,32136,Bearish Reversal
2005-01-18,47902,5122,9369.0,-1275.0,72418,42780,Bullish
2005-01-25,42968,8088,-4934.0,2966.0,69088,34880,Bearish Reversal
2005-02-01,53672,6438,10704.0,-1650.0,79368,47234,Bullish
2005-02-08,58515,6567,4843.0,129.0,82779,51948,Bullish
2005-02-15,64195,8031,5680.0,1464.0,89095,56164,Bullish
2005-02-22,71256,8238,7061.0,207.0,97645,63018,Bullish
2005-03-01,70999,8686,-257.0,448.0,102386,62313,Bearish
2005-03-08,73217,8218,2218.0,-468.0,125412,64999,Bullish
2005-03-15,49610,5015,-23607.0,-3203.0,71963,44595,Bearish Reversal
2005-03-22,37662,4651,-11948.0,-364.0,65784,33011,Bearish Reversal
2005-03-29,32692,8860,-4970.0,4209.0,60526,23832,Bearish Reversal
2005-04-05,32647,10817,-45.0,1957.0,60463,21830,Bearish Reversal
2005-04-12,51661,3749,19014.0,-7068.0,77870,47912,Bullish
2005-04-19,64823,3889,13162.0,140.0,92459,60934,Bullish
2005-04-26,71259,4917,6436.0,1028.0,98729,66342,Bullish
2005-05-03,80754,4432,9495.0,-485.0,109099,76322,Bullish
2005-05-10,79579,4143,-1175.0,-289.0,107076,75436,Bearish Reversal
2005-05-17,78417,2856,-1162.0,-1287.0,105029,75561,Bullish Reversal
2005-05-24,77044,3599,-1373.0,743.0,101704,73445,Bearish Reversal
2005-05-31,83830,3400,6786.0,-199.0,109821,80430,Bullish
2005-06-07,80498,3240,-3332.0,-160.0,120880,77258,Bearish
2005-06-14,82315,4367,1817.0,1127.0,102424,77948,Bullish Reversal
2005-06-21,84058,4968,1743.0,601.0,104351,79090,Bullish
2005-06-28,77644,3968,-6414.0,-1000.0,101145,73676,Bearish Reversal
2005-07-05,82516,4364,4872.0,396.0,104611,78152,Bullish
2005-07-12,79187,4891,-3329.0,527.0,100344,74296,Bearish Reversal
2005-07-19,74606,4382,-4581.0,-509.0,94641,70224,Bearish Reversal
2005-07-26,75471,1862,865.0,-2520.0,97082,73609,Bullish
2005-08-02,74738,1568,-733.0,-294.0,95783,73170,Bearish Reversal
2005-08-09,75620,1411,882.0,-157.0,97200,74209,Bullish
2005-08-16,74922,870,-698.0,-541.0,98820,74052,Bearish
2005-08-23,54579,9279,-20343.0,8409.0,81261,45300,Bearish Reversal
2005-08-30,39671,4907,-14908.0,-4372.0,70597,34764,Bearish Reversal
2005-09-06,45022,1944,5351.0,-2963.0,75752,43078,Bullish
2005-09-13,45010,5404,-12.0,3460.0,88343,39606,Bearish
2005-09-20,39820,4517,-5190.0,-887.0,74609,35303,Bearish Reversal
2005-09-27,40077,7415,257.0,2898.0,79975,32662,Bearish
2005-10-04,60168,3894,20091.0,-3521.0,81286,56274,Bullish
2005-10-11,53443,5509,-6725.0,1615.0,75577,47934,Bearish Reversal
2005-10-18,26899,6589,-26544.0,1080.0,63100,20310,Bearish Reversal
2005-10-25,26719,12048,-180.0,5459.0,64329,14671,Bearish
2005-11-01,49052,5131,22333.0,-6917.0,69890,43921,Bullish
2005-11-08,67361,5207,18309.0,76.0,91692,62154,Bullish
2005-11-15,84664,4827,17303.0,-380.0,110276,79837,Bullish
2005-11-22,91337,5043,6673.0,216.0,129683,86294,Bullish
2005-11-29,89970,4250,-1367.0,-793.0,136925,85720,Bearish
2005-12-06,87749,5159,-2221.0,909.0,136373,82590,Bearish Reversal
2005-12-13,73239,5649,-14510.0,490.0,138274,67590,Bearish
2005-12-20,42265,5976,-30974.0,327.0,93855,36289,Bearish Reversal
2005-12-27,38295,7660,-3970.0,1684.0,91636,30635,Bearish Reversal
2006-01-03,38380,2566,85.0,-5094.0,91750,35814,Bullish
2006-01-10,43411,3272,5031.0,706.0,96154,40139,Bullish
2006-01-17,49051,4981,5640.0,1709.0,99485,44070,Bullish
2006-01-24,48496,3939,-555.0,-1042.0,98608,44557,Bullish Reversal
2006-01-31,69877,3779,21381.0,-160.0,117640,66098,Bullish
2006-02-07,67597,6624,-2280.0,2845.0,117623,60973,Bearish Reversal
2006-02-14,70463,3987,2866.0,-2637.0,120098,66476,Bullish
2006-02-21,69966,5263,-497.0,1276.0,119303,64703,Bearish Reversal
2006-02-28,66951,4046,-3015.0,-1217.0,113669,62905,Bearish Reversal
2006-03-07,40730,6170,-26221.0,2124.0,98842,34560,Bearish Reversal
2006-03-14,35654,5724,-5076.0,-446.0,77716,29930,Bearish Reversal
2006-03-21,28530,7520,-7124.0,1796.0,73692,21010,Bearish Reversal
2006-03-28,20739,9517,-7791.0,1997.0,70502,11222,Bearish Reversal
2006-04-04,16625,19831,-4114.0,10314.0,79909,-3206,Bearish
2006-04-11,16180,20804,-445.0,973.0,79961,-4624,Bearish
2006-04-18,16522,23489,342.0,2685.0,80940,-6967,Bearish
2006-04-25,18779,31829,2257.0,8340.0,91804,-13050,Bearish
2006-05-02,17300,23957,-1479.0,-7872.0,84728,-6657,Bullish Reversal
2006-05-09,19719,23024,2419.0,-933.0,86961,-3305,Bullish
2006-05-16,15488,26560,-4231.0,3536.0,88324,-11072,Bearish
2006-05-23,11984,30505,-3504.0,3945.0,90941,-18521,Bearish
2006-05-30,8027,36887,-3957.0,6382.0,90621,-28860,Bearish Reversal
2006-06-06,8862,36758,835.0,-129.0,90022,-27896,Bullish Reversal
2006-06-13,10088,36319,1226.0,-439.0,103111,-26231,Bullish
2006-06-20,7765,36808,-2323.0,489.0,77868,-29043,Bearish Reversal
2006-06-27,8917,36735,1152.0,-73.0,88259,-27818,Bullish
2006-07-03,10965,22601,2048.0,-14134.0,85075,-11636,Bullish Reversal
2006-07-11,10838,15195,-127.0,-7406.0,77319,-4357,Bullish Reversal
2006-07-18,17009,10583,6171.0,-4612.0,81681,6426,Bullish
2006-07-25,16625,8554,-384.0,-2029.0,82117,8071,Bullish
2006-08-01,27255,9580,10630.0,1026.0,86532,17675,Bullish
2006-08-08,28762,6853,1507.0,-2727.0,79548,21909,Bullish Reversal
2006-08-15,42433,6799,13671.0,-54.0,92014,35634,Bullish
2006-08-22,31768,6927,-10665.0,128.0,82797,24841,Bearish Reversal
2006-08-29,32841,10036,1073.0,3109.0,84319,22805,Bearish
2006-09-05,33449,5778,608.0,-4258.0,83830,27671,Bullish Reversal
2006-09-12,21116,13042,-12333.0,7264.0,81318,8074,Bearish Reversal
2006-09-19,21065,18603,-51.0,5561.0,52703,2462,Bearish Reversal
2006-09-26,16227,20494,-4838.0,1891.0,54570,-4267,Bearish
2006-10-03,30899,25235,14672.0,4741.0,61683,5664,Bullish
2006-10-10,31309,21537,410.0,-3698.0,70319,9772,Bullish
2006-10-17,64691,12214,33382.0,-9323.0,84107,52477,Bullish
2006-10-24,79052,11969,14361.0,-245.0,99853,67083,Bullish
2006-10-31,93138,10957,14086.0,-1012.0,113332,82181,Bullish
2006-11-07,67625,9565,-25513.0,-1392.0,90298,58060,Bearish Reversal
2006-11-14,45819,11659,-21806.0,2094.0,74155,34160,Bearish Reversal
2006-11-21,35021,22882,-10798.0,11223.0,76549,12139,Bearish
2006-11-28,27433,24144,-7588.0,1262.0,73516,3289,Bearish Reversal
2006-12-05,33935,8586,6502.0,-15558.0,73822,25349,Bullish
2006-12-12,55828,8192,21893.0,-394.0,108850,47636,Bullish
2006-12-19,69778,9775,13950.0,1583.0,80814,60003,Bullish Reversal
2006-12-26,62756,7975,-7022.0,-1800.0,95521,54781,Bearish
2007-01-03,83250,15377,20494.0,7402.0,115893,67873,Bullish
2007-01-09,52580,24714,-30670.0,9337.0,93823,27866,Bearish Reversal
2007-01-16,49620,23120,-2960.0,-1594.0,90751,26500,Bearish Reversal
2007-01-23,45335,27230,-4285.0,4110.0,90420,18105,Bearish Reversal
2007-01-30,40595,30080,-4740.0,2850.0,95731,10515,Bearish
2007-02-06,44037,27323,3442.0,-2757.0,93156,16714,Bullish Reversal
2007-02-13,42247,20840,-1790.0,-6483.0,91261,21407,Bullish Reversal
2007-02-20,46411,28793,4164.0,7953.0,99338,17618,Bearish
2007-02-27,33662,33480,-12749.0,4687.0,94756,182,Bearish Reversal
2007-03-06,30810,46405,-2852.0,12925.0,102082,-15595,Bearish
2007-03-13,28319,42847,-2491.0,-3558.0,113307,-14528,Bullish
2007-03-20,20833,39849,-7486.0,-2998.0,75465,-19016,Bearish Reversal
2007-03-27,26718,23174,5885.0,-16675.0,71690,3544,Bullish Reversal
2007-04-03,23449,21666,-3269.0,-1508.0,73102,1783,Bearish
2007-04-10,30440,16696,6991.0,-4970.0,75108,13744,Bullish
2007-04-17,28366,18607,-2074.0,1911.0,77552,9759,Bearish
2007-04-24,28053,22324,-313.0,3717.0,80802,5729,Bearish
2007-05-01,50776,24209,22723.0,1885.0,107566,26567,Bullish
2007-05-08,69338,21011,18562.0,-3198.0,126677,48327,Bullish
2007-05-15,85844,22782,16506.0,1771.0,142943,63062,Bullish
2007-05-22,81362,12124,-4482.0,-10658.0,128888,69238,Bullish Reversal
2007-05-29,94740,8603,13378.0,-3521.0,139965,86137,Bullish
2007-06-05,97365,6309,2625.0,-2294.0,141432,91056,Bullish
2007-06-12,72598,16268,-24767.0,9959.0,138039,56330,Bearish Reversal
2007-06-19,69496,4923,-3102.0,-11345.0,104674,64573,Bullish Reversal
2007-06-26,53758,11778,-15738.0,6855.0,94588,41980,Bearish Reversal
2007-07-03,55616,6836,1858.0,-4942.0,94589,48780,Bullish
2007-07-10,59061,6849,3445.0,13.0,95605,52212,Bullish
2007-07-17,66046,7879,6985.0,1030.0,101682,58167,Bullish
2007-07-24,62055,14327,-3991.0,6448.0,103205,47728,Bearish
2007-07-31,34415,11809,-27640.0,-2518.0,95940,22606,Bearish Reversal
2007-08-07,27157,10787,-7258.0,-1022.0,94580,16370,Bearish Reversal
2007-08-14,26630,14915,-527.0,4128.0,94014,11715,Bearish Reversal
2007-08-21,9674,33808,-16956.0,18893.0,101504,-24134,Bearish
2007-08-28,10761,30963,1087.0,-2845.0,101179,-20202,Bullish Reversal
2007-09-04,10724,26644,-37.0,-4319.0,109118,-15920,Bullish
2007-09-11,16805,29938,6081.0,3294.0,128847,-13133,Bullish
2007-09-18,9948,38020,-6857.0,8082.0,72554,-28072,Bearish Reversal
2007-09-25,18346,31267,8398.0,-6753.0,75151,-12921,Bullish
2007-10-02,18098,20241,-248.0,-11026.0,73625,-2143,Bullish Reversal
2007-10-09,25879,15159,7781.0,-5082.0,80483,10720,Bullish
2007-10-16,37570,7376,11691.0,-7783.0,84626,30194,Bullish
2007-10-23,51103,5844,13533.0,-1532.0,96322,45259,Bullish
2007-10-30,76830,7065,25727.0,1221.0,118028,69765,Bullish
2007-11-06,68172,14597,-8658.0,7532.0,113295,53575,Bearish Reversal
2007-11-13,45638,11399,-22534.0,-3198.0,102849,34239,Bearish Reversal
2007-11-20,31631,14724,-14007.0,3325.0,94239,16907,Bearish Reversal
2007-11-27,26351,14582,-5280.0,-142.0,90471,11769,Bearish Reversal
2007-12-04,32548,22512,6197.0,7930.0,105039,10036,Bearish
2007-12-11,58200,19297,25652.0,-3215.0,126777,38903,Bullish
2007-12-18,70710,3821,12510.0,-15476.0,89937,66889,Bullish Reversal
2007-12-24,75331,3523,4621.0,-298.0,94387,71808,Bullish
2007-12-31,62193,5903,-13138.0,2380.0,85765,56290,Bearish Reversal
2008-01-08,62120,6254,-73.0,351.0,93542,55866,Bearish
2008-01-15,38271,8319,-23849.0,2065.0,82208,29952,Bearish Reversal
2008-01-22,34615,10652,-3656.0,2333.0,81705,23963,Bearish Reversal
2008-01-29,51191,9405,16576.0,-1247.0,84369,41786,Bullish
2008-02-05,79122,7067,27931.0,-2338.0,121116,72055,Bullish
2008-02-12,111054,5032,31932.0,-2035.0,152013,106022,Bullish
2008-02-19,123599,7092,12545.0,2060.0,166427,116507,Bullish
2008-02-26,131665,6331,8066.0,-761.0,177319,125334,Bullish
2008-03-04,120841,7958,-10824.0,1627.0,170510,112883,Bearish Reversal
2008-03-11,79981,6247,-40860.0,-1711.0,126567,73734,Bearish Reversal
2008-03-18,93397,4093,13416.0,-2154.0,104067,89304,Bullish Reversal
2008-03-25,109318,5467,15921.0,1374.0,120313,103851,Bullish
2008-04-01,127875,6972,18557.0,1505.0,140166,120903,Bullish
2008-04-08,124116,8713,-3759.0,1741.0,138434,115403,Bearish Reversal
2008-04-15,122670,7776,-1446.0,-937.0,136543,114894,Bearish Reversal
2008-04-22,128069,7212,5399.0,-564.0,142006,120857,Bullish
2008-04-29,100559,9763,-27510.0,2551.0,116470,90796,Bearish Reversal
2008-05-06,108564,7053,8005.0,-2710.0,122815,101511,Bullish
2008-05-13,104833,5805,-3731.0,-1248.0,118845,99028,Bearish Reversal
2008-05-20,97539,6940,-7294.0,1135.0,116535,90599,Bearish Reversal
2008-05-27,100428,5672,2889.0,-1268.0,120338,94756,Bullish
2008-06-03,104836,6001,4408.0,329.0,150702,98835,Bullish
2008-06-10,90984,6822,-13852.0,821.0,148568,84162,Bearish Reversal
2008-06-17,99948,4101,8964.0,-2721.0,111911,95847,Bullish Reversal
2008-06-24,101766,3596,1818.0,-505.0,116518,98170,Bullish
2008-07-01,80362,6427,-21404.0,2831.0,100205,73935,Bearish Reversal
2008-07-08,82780,10590,2418.0,4163.0,100375,72190,Bearish
2008-07-15,87130,14789,4350.0,4199.0,107156,72341,Bullish
2008-07-22,97975,7838,10845.0,-6951.0,111592,90137,Bullish
2008-07-29,90545,11777,-7430.0,3939.0,104551,78768,Bearish Reversal
2008-08-05,82217,9924,-8328.0,-1853.0,113239,72293,Bearish
2008-08-12,60047,9523,-22170.0,-401.0,105696,50524,Bearish Reversal
2008-08-19,59148,8833,-899.0,-690.0,106247,50315,Bearish
2008-08-26,59399,5531,251.0,-3302.0,107142,53868,Bullish
2008-09-02,51004,7427,-8395.0,1896.0,104660,43577,Bearish Reversal
2008-09-09,32754,7275,-18250.0,-152.0,88224,25479,Bearish Reversal
2008-09-16,24814,7506,-7940.0,231.0,50220,17308,Bearish Reversal
2008-09-23,14498,8069,-10316.0,563.0,48558,6429,Bearish Reversal
2008-09-30,18220,6204,3722.0,-1865.0,55055,12016,Bullish
2008-10-07,16283,6348,-1937.0,144.0,50572,9935,Bearish Reversal
2008-10-14,8294,5193,-7989.0,-1155.0,44963,3101,Bearish Reversal
2008-10-21,5746,5317,-2548.0,124.0,43587,429,Bearish Reversal
2008-10-28,3470,6435,-2276.0,1118.0,42793,-2965,Bearish Reversal
2008-11-04,3346,7905,-124.0,1470.0,43809,-4559,Bearish
2008-11-11,3739,6074,393.0,-1831.0,41277,-2335,Bullish Reversal
2008-11-18,4390,5325,651.0,-749.0,40790,-935,Bullish Reversal
2008-11-25,3808,5823,-582.0,498.0,41586,-2015,Bearish
2008-12-02,4142,6040,334.0,217.0,41175,-1898,Bullish Reversal
2008-12-09,4743,4118,601.0,-1922.0,42263,625,Bullish
2008-12-16,6000,3714,1257.0,-404.0,10927,2286,Bullish Reversal
2008-12-22,6829,5028,829.0,1314.0,13423,1801,Bearish
2008-12-30,6760,7400,-69.0,2372.0,15442,-640,Bearish
2009-01-06,6789,7203,29.0,-197.0,16211,-414,Bullish
2009-01-13,5943,10201,-846.0,2998.0,18232,-4258,Bearish
2009-01-20,5671,14524,-272.0,4323.0,24625,-8853,Bearish
2009-01-27,5491,16393,-180.0,1869.0,30762,-10902,Bearish
2009-02-03,6678,16388,1187.0,-5.0,42781,-9710,Bullish
2009-02-10,7577,19224,899.0,2836.0,46419,-11647,Bearish
2009-02-17,6061,17693,-1516.0,-1531.0,44972,-11632,Bullish Reversal
2009-02-24,5290,19570,-771.0,1877.0,46055,-14280,Bearish
2009-03-03,4750,22011,-540.0,2441.0,48835,-17261,Bearish
2009-03-10,5223,21378,473.0,-633.0,60408,-16155,Bullish
2009-03-17,9178,16648,3955.0,-4730.0,47497,-7470,Bullish Reversal
2009-03-24,12439,13569,3261.0,-3079.0,43726,-1130,Bullish Reversal
2009-03-31,12892,15858,453.0,2289.0,44418,-2966,Bearish
2009-04-07,17293,11721,4401.0,-4137.0,43610,5572,Bullish Reversal
2009-04-14,20035,7337,2742.0,-4384.0,42647,12698,Bullish Reversal
2009-04-21,36407,6300,16372.0,-1037.0,57092,30107,Bullish
2009-04-28,35156,6025,-1251.0,-275.0,59521,29131,Bearish
2009-05-05,24744,5839,-10412.0,-186.0,47511,18905,Bearish Reversal
2009-05-12,30478,9010,5734.0,3171.0,48168,21468,Bullish
2009-05-19,28540,7411,-1938.0,-1599.0,47350,21129,Bearish Reversal
2009-05-26,31352,7548,2812.0,137.0,50269,23804,Bullish
2009-06-02,32097,6709,745.0,-839.0,50823,25388,Bullish
2009-06-09,25637,11829,-6460.0,5120.0,58287,13808,Bearish
2009-06-16,23611,10870,-2026.0,-959.0,38677,12741,Bearish Reversal
2009-06-23,26074,10827,2463.0,-43.0,40150,15247,Bullish
2009-06-30,40356,11405,14282.0,578.0,54055,28951,Bullish
2009-07-07,48769,9749,8413.0,-1656.0,61934,39020,Bullish
2009-07-14,27620,14006,-21149.0,4257.0,45901,13614,Bearish Reversal
2009-07-21,23177,11962,-4443.0,-2044.0,43086,11215,Bearish Reversal
2009-07-28,40014,9807,16837.0,-2155.0,56665,30207,Bullish
2009-08-04,45350,9419,5336.0,-388.0,62079,35931,Bullish
2009-08-11,57266,8804,11916.0,-615.0,77773,48462,Bullish
2009-08-18,72367,7954,15101.0,-850.0,89816,64413,Bullish
2009-08-25,79550,8707,7183.0,753.0,99277,70843,Bullish
2009-09-01,44759,14712,-34791.0,6005.0,78153,30047,Bearish Reversal
2009-09-08,27141,23077,-17618.0,8365.0,75528,4064,Bearish Reversal
2009-09-15,26589,27881,-552.0,4804.0,51097,-1292,Bearish Reversal
2009-09-22,29213,24912,2624.0,-2969.0,50435,4301,Bullish Reversal
2009-09-29,25928,36787,-3285.0,11875.0,58508,-10859,Bearish
2009-10-06,25032,45585,-896.0,8798.0,66272,-20553,Bearish
2009-10-13,32215,24266,7183.0,-21319.0,58033,7949,Bullish Reversal
2009-10-20,63913,8729,31698.0,-15537.0,83524,55184,Bullish
2009-10-27,73654,6859,9741.0,-1870.0,90873,66795,Bullish
2009-11-03,66828,6901,-6826.0,42.0,82289,59927,Bearish Reversal
2009-11-09,49221,8771,-17607.0,1870.0,67557,40450,Bearish Reversal
2009-11-17,65121,9813,15900.0,1042.0,83174,55308,Bullish
2009-11-24,98074,8808,32953.0,-1005.0,116667,89266,Bullish
2009-12-01,107391,7006,9317.0,-1802.0,126085,100385,Bullish
2009-12-08,113628,7445,6237.0,439.0,172511,106183,Bullish
2009-12-15,97731,6169,-15897.0,-1276.0,114996,91562,Bearish Reversal
2009-12-22,78578,5580,-19153.0,-589.0,103531,72998,Bearish Reversal
2009-12-29,70392,5759,-8186.0,179.0,96720,64633,Bearish Reversal
2010-01-05,69341,7354,-1051.0,1595.0,96759,61987,Bearish
2010-01-12,81605,5708,12264.0,-1646.0,104662,75897,Bullish
2010-01-19,87090,7843,5485.0,2135.0,112382,79247,Bullish
2010-01-26,67133,8994,-19957.0,1151.0,97398,58139,Bearish Reversal
2010-02-02,52997,10344,-14136.0,1350.0,93172,42653,Bearish Reversal
2010-02-09,42328,10054,-10669.0,-290.0,85916,32274,Bearish Reversal
2010-02-16,43429,8965,1101.0,-1089.0,89170,34464,Bullish
2010-02-23,67846,10501,24417.0,1536.0,101026,57345,Bullish
2010-03-02,91411,11632,23565.0,1131.0,118640,79779,Bullish
2010-03-09,102793,9319,11382.0,-2313.0,168073,93474,Bullish
2010-03-16,109662,6408,6869.0,-2911.0,127293,103254,Bullish Reversal
2010-03-23,114686,4824,5024.0,-1584.0,132840,109862,Bullish
2010-03-30,113370,3772,-1316.0,-1052.0,131061,109598,Bearish Reversal
2010-04-06,118233,7023,4863.0,3251.0,136399,111210,Bullish
2010-04-13,120220,7994,1987.0,971.0,140209,112226,Bullish
2010-04-20,118977,8825,-1243.0,831.0,139644,110152,Bearish Reversal
2010-04-27,107556,9515,-11421.0,690.0,127916,98041,Bearish Reversal
2010-05-04,91669,8626,-15887.0,-889.0,118206,83043,Bearish Reversal
2010-05-11,47507,5549,-44162.0,-3077.0,95941,41958,Bearish Reversal
2010-05-18,42037,6335,-5470.0,786.0,85778,35702,Bearish Reversal
2010-05-25,34203,5346,-7834.0,-989.0,85238,28857,Bearish Reversal
2010-06-01,26142,6369,-8061.0,1023.0,79114,19773,Bearish Reversal
2010-06-08,24249,6823,-1893.0,454.0,88262,17426,Bearish
2010-06-15,33414,5117,9165.0,-1706.0,52676,28297,Bullish Reversal
2010-06-22,40797,5158,7383.0,41.0,60656,35639,Bullish
2010-06-29,45712,3216,4915.0,-1942.0,66846,42496,Bullish
2010-07-06,30858,8133,-14854.0,4917.0,61340,22725,Bearish Reversal
2010-07-13,36830,8695,5972.0,562.0,64215,28135,Bullish
2010-07-20,43551,7665,6721.0,-1030.0,72072,35886,Bullish
2010-07-27,51784,6466,8233.0,-1199.0,80209,45318,Bullish
2010-08-03,62503,7362,10719.0,896.0,92249,55141,Bullish
2010-08-10,80624,8255,18121.0,893.0,110281,72369,Bullish
2010-08-17,81187,10634,563.0,2379.0,111732,70553,Bearish
2010-08-24,68371,9001,-12816.0,-1633.0,101768,59370,Bearish Reversal
2010-08-31,38731,17727,-29640.0,8726.0,91104,21004,Bearish Reversal
2010-09-07,38237,24173,-494.0,6446.0,102861,14064,Bearish
2010-09-14,35691,20734,-2546.0,-3439.0,75894,14957,Bullish Reversal
2010-09-21,41410,15034,5719.0,-5700.0,78416,26376,Bullish
2010-09-28,89312,22721,47902.0,7687.0,123581,66591,Bullish
2010-10-05,106169,20405,16857.0,-2316.0,139575,85764,Bullish
2010-10-12,108857,22639,2688.0,2234.0,141728,86218,Bullish
2010-10-19,104557,22432,-4300.0,-207.0,137858,82125,Bearish Reversal
2010-10-26,103670,23527,-887.0,1095.0,136899,80143,Bearish Reversal
2010-11-02,104522,22250,852.0,-1277.0,135871,82272,Bullish Reversal
2010-11-09,114547,25801,10025.0,3551.0,146142,88746,Bullish
2010-11-16,115539,22322,992.0,-3479.0,147623,93217,Bullish
2010-11-23,111116,23870,-4423.0,1548.0,150782,87246,Bearish
2010-11-30,97199,18293,-13917.0,-5577.0,134618,78906,Bearish Reversal
2010-12-07,78102,18620,-19097.0,327.0,143823,59482,Bearish
2010-12-14,87694,10526,9592.0,-8094.0,116794,77168,Bullish Reversal
2010-12-21,89066,11064,1372.0,538.0,116332,78002,Bullish Reversal
2010-12-28,96664,14418,7598.0,3354.0,125232,82246,Bullish
2011-01-04,91372,17062,-5292.0,2644.0,118786,74310,Bearish Reversal
2011-01-11,101710,18138,10338.0,1076.0,127917,83572,Bullish
2011-01-18,108866,18664,7156.0,526.0,135242,90202,Bullish
2011-01-25,114979,19734,6113.0,1070.0,142786,95245,Bullish
2011-02-01,123543,20426,8564.0,692.0,151734,103117,Bullish
2011-02-08,122615,18803,-928.0,-1623.0,151871,103812,Bullish
2011-02-15,116892,7796,-5723.0,-11007.0,149874,109096,Bullish Reversal
2011-02-22,118448,4172,1556.0,-3624.0,149855,114276,Bullish Reversal
2011-03-01,101537,4335,-16911.0,163.0,134821,97202,Bearish Reversal
2011-03-08,118812,5647,17275.0,1312.0,157775,113165,Bullish
2011-03-15,130652,9077,11840.0,3430.0,161361,121575,Bullish
2011-03-22,89646,2098,-41006.0,-6979.0,127075,87548,Bearish Reversal
2011-03-29,91688,3613,2042.0,1515.0,129361,88075,Bullish
2011-04-05,126414,7352,34726.0,3739.0,158825,119062,Bullish
2011-04-12,131688,6842,5274.0,-510.0,166619,124846,Bullish
2011-04-19,142812,8683,11124.0,1841.0,174299,134129,Bullish
2011-04-26,138516,6710,-4296.0,-1973.0,170977,131806,Bearish Reversal
2011-05-03,127995,3735,-10521.0,-2975.0,162963,124260,Bearish Reversal
2011-05-10,123092,5027,-4903.0,1292.0,158386,118065,Bearish Reversal
2011-05-17,112311,7399,-10781.0,2372.0,147582,104912,Bearish Reversal
2011-05-24,113219,4538,908.0,-2861.0,147410,108681,Bullish Reversal
2011-05-31,111814,3546,-1405.0,-992.0,142530,108268,Bearish Reversal
2011-06-07,95505,5307,-16309.0,1761.0,150067,90198,Bearish
2011-06-14,66092,17929,-29413.0,12622.0,110231,48163,Bearish Reversal
2011-06-21,58528,17105,-7564.0,-824.0,98383,41423,Bearish Reversal
2011-06-28,59833,13756,1305.0,-3349.0,98930,46077,Bullish
2011-07-05,89492,6548,29659.0,-7208.0,125229,82944,Bullish
2011-07-12,111530,13083,22038.0,6535.0,145774,98447,Bullish
2011-07-19,100309,11043,-11221.0,-2040.0,135263,89266,Bearish Reversal
2011-07-26,103288,11375,2979.0,332.0,137823,91913,Bullish
2011-08-02,96157,7673,-7131.0,-3702.0,130240,88484,Bearish Reversal
2011-08-09,56912,15619,-39245.0,7946.0,117845,41293,Bearish Reversal
2011-08-16,40669,18035,-16243.0,2416.0,110017,22634,Bearish Reversal
2011-08-23,40566,18731,-103.0,696.0,114424,21835,Bearish
2011-08-30,40954,20074,388.0,1343.0,111355,20880,Bearish Reversal
2011-09-06,34163,20917,-6791.0,843.0,111130,13246,Bearish Reversal
2011-09-13,20939,22148,-13224.0,1231.0,119075,-1209,Bearish
2011-09-20,8251,25141,-12688.0,2993.0,76010,-16890,Bearish Reversal
2011-09-27,10211,30837,1960.0,5696.0,83098,-20626,Bearish
2011-10-04,6904,32335,-3307.0,1498.0,89418,-25431,Bearish
2011-10-11,7397,32275,493.0,-60.0,88822,-24878,Bullish Reversal
2011-10-18,8298,32427,901.0,152.0,90949,-24129,Bullish
2011-10-25,10160,37215,1862.0,4788.0,96313,-27055,Bearish
2011-11-01,10195,36783,35.0,-432.0,105956,-26588,Bullish
2011-11-08,13087,31154,2892.0,-5629.0,98340,-18067,Bullish Reversal
2011-11-15,17858,32879,4771.0,1725.0,105696,-15021,Bullish
2011-11-22,6166,37748,-11692.0,4869.0,116535,-31582,Bearish
2011-11-29,6539,42779,373.0,5031.0,120894,-36240,Bearish
2011-12-06,18219,39081,11680.0,-3698.0,130231,-20862,Bullish
2011-12-13,17609,40503,-610.0,1422.0,125833,-22894,Bearish Reversal
2011-12-20,20177,38979,2568.0,-1524.0,116352,-18802,Bullish Reversal
2011-12-27,18228,43913,-1949.0,4934.0,117370,-25685,Bearish
2012-01-03,22073,47902,3845.0,3989.0,121622,-25829,Bearish
2012-01-10,25147,47479,3074.0,-423.0,123845,-22332,Bullish
2012-01-17,24219,41547,-928.0,-5932.0,130393,-17328,Bullish
2012-01-24,36512,29094,12293.0,-12453.0,142514,7418,Bullish
2012-01-31,44190,22709,7678.0,-6385.0,150567,21481,Bullish
2012-02-07,44614,10507,424.0,-12202.0,145645,34107,Bullish Reversal
2012-02-14,52461,11222,7847.0,715.0,159768,41239,Bullish
2012-02-21,62775,13350,10314.0,2128.0,173082,49425,Bullish
2012-02-28,73810,13060,11035.0,-290.0,189778,60750,Bullish
2012-03-06,84514,18167,10704.0,5107.0,207994,66347,Bullish
2012-03-13,86449,7557,1935.0,-10610.0,247777,78892,Bullish
2012-03-20,87482,63153,1033.0,55596.0,174691,24329,Bearish Reversal
2012-03-27,91900,9067,4418.0,-54086.0,178551,82833,Bullish
2012-04-03,91744,7241,-156.0,-1826.0,175692,84503,Bullish Reversal
2012-04-10,84600,16000,-7144.0,8759.0,174230,68600,Bearish Reversal
2012-04-17,63848,17747,-20752.0,1747.0,167618,46101,Bearish Reversal
2012-04-24,58544,18336,-5304.0,589.0,162405,40208,Bearish Reversal
2012-05-01,57907,15862,-637.0,-2474.0,156499,42045,Bullish Reversal
2012-05-08,53380,16452,-4527.0,590.0,160169,36928,Bearish
2012-05-15,35857,21412,-17523.0,4960.0,174386,14445,Bearish
2012-05-22,22415,38531,-13442.0,17119.0,189254,-16116,Bearish
2012-05-29,24872,37867,2457.0,-664.0,187458,-12995,Bullish Reversal
2012-06-05,10998,41394,-13874.0,3527.0,192370,-30396,Bearish
2012-06-12,19426,41430,8428.0,36.0,198616,-22004,Bullish
2012-06-19,22801,37475,3375.0,-3955.0,109795,-14674,Bullish Reversal
2012-06-26,32190,39837,9389.0,2362.0,121524,-7647,Bullish
2012-07-03,40604,23129,8414.0,-16708.0,132669,17475,Bullish
2012-07-10,48567,23345,7963.0,216.0,142469,25222,Bullish
2012-07-17,60772,25783,12205.0,2438.0,159971,34989,Bullish
2012-07-24,65985,16323,5213.0,-9460.0,164597,49662,Bullish
2012-07-31,69542,21986,3557.0,5663.0,170977,47556,Bearish
2012-08-07,81901,12523,12359.0,-9463.0,181520,69378,Bullish
2012-08-14,95816,12305,13915.0,-218.0,206996,83511,Bullish
2012-08-21,107140,9159,11324.0,-3146.0,222772,97981,Bullish
2012-08-28,104239,9613,-2901.0,454.0,221529,94626,Bearish Reversal
2012-09-04,101497,10616,-2742.0,1003.0,222655,90881,Bearish
2012-09-11,127168,4925,25671.0,-5691.0,309244,122243,Bullish
2012-09-18,140375,22228,13207.0,17303.0,214921,118147,Bearish Reversal
2012-09-25,147245,5989,6870.0,-16239.0,220035,141256,Bullish
2012-10-02,137986,2121,-9259.0,-3868.0,209964,135865,Bearish Reversal
2012-10-09,139392,3000,1406.0,879.0,209257,136392,Bullish Reversal
2012-10-16,139787,4331,395.0,1331.0,208782,135456,Bearish Reversal
2012-10-23,136680,4278,-3107.0,-53.0,207606,132402,Bearish Reversal
2012-10-30,130624,4615,-6056.0,337.0,202456,126009,Bearish Reversal
2012-11-06,120223,5801,-10401.0,1186.0,189659,114422,Bearish Reversal
2012-11-13,102917,5923,-17306.0,122.0,170011,96994,Bearish Reversal
2012-11-20,96451,9664,-6466.0,3741.0,165940,86787,Bearish Reversal
2012-11-27,101490,7632,5039.0,-2032.0,173160,93858,Bullish
2012-12-04,126957,7995,25467.0,363.0,190751,118962,Bullish
2012-12-11,155296,6025,28339.0,-1970.0,251887,149271,Bullish
2012-12-18,169413,21664,14117.0,15639.0,212190,147749,Bearish Reversal
2012-12-24,157338,7983,-12075.0,-13681.0,200460,149355,Bullish Reversal
2012-12-31,149624,7872,-7714.0,-111.0,186181,141752,Bearish Reversal
2013-01-08,148293,8770,-1331.0,898.0,185211,139523,Bearish Reversal
2013-01-15,160543,8878,12250.0,108.0,190902,151665,Bullish
2013-01-22,159909,9872,-634.0,994.0,189952,150037,Bearish Reversal
2013-01-29,156862,7991,-3047.0,-1881.0,187078,148871,Bearish Reversal
2013-02-05,150495,8993,-6367.0,1002.0,181131,141502,Bearish Reversal
2013-02-12,131615,7036,-18880.0,-1957.0,169726,124579,Bearish Reversal
2013-02-19,124613,8448,-7002.0,1412.0,173204,116165,Bearish
2013-02-26,120401,15597,-4212.0,7149.0,173806,104804,Bearish
2013-03-05,102996,9475,-17405.0,-6122.0,160919,93521,Bearish Reversal
2013-03-12,120476,6706,17480.0,-2769.0,192764,113770,Bullish
2013-03-19,132936,23560,12460.0,16854.0,156281,109376,Bearish Reversal
2013-03-26,150742,22580,17806.0,-980.0,172805,128162,Bullish
2013-04-02,162185,19430,11443.0,-3150.0,182880,142755,Bullish
2013-04-09,151784,9242,-10401.0,-10188.0,172646,142542,Bearish Reversal
2013-04-16,159424,8136,7640.0,-1106.0,179491,151288,Bullish
2013-04-23,151302,4391,-8122.0,-3745.0,177502,146911,Bearish Reversal
2013-04-30,145932,7381,-5370.0,2990.0,170606,138551,Bearish Reversal
2013-05-07,144076,5632,-1856.0,-1749.0,167659,138444,Bearish Reversal
2013-05-14,145339,5020,1263.0,-612.0,168040,140319,Bullish
2013-05-21,140449,3586,-4890.0,-1434.0,162789,136863,Bearish Reversal
2013-05-28,126130,5266,-14319.0,1680.0,150465,120864,Bearish Reversal
2013-06-04,94630,11759,-31500.0,6493.0,126313,82871,Bearish Reversal
2013-06-11,71854,8080,-22776.0,-3679.0,119757,63774,Bearish Reversal
2013-06-18,43007,22058,-28847.0,13978.0,63895,20949,Bearish Reversal
2013-06-25,31068,26087,-11939.0,4029.0,67796,4981,Bearish
2013-07-02,27516,24669,-3552.0,-1418.0,64863,2847,Bearish Reversal
2013-07-09,31282,23247,3766.0,-1422.0,68551,8035,Bullish
2013-07-16,40809,29443,9527.0,6196.0,78638,11366,Bullish
2013-07-23,55501,35702,14692.0,6259.0,93757,19799,Bullish
2013-07-30,61049,36161,5548.0,459.0,97135,24888,Bullish
2013-08-06,62230,30105,1181.0,-6056.0,94275,32125,Bullish Reversal
2013-08-13,66899,30579,4669.0,474.0,99846,36320,Bullish
2013-08-20,61235,25104,-5664.0,-5475.0,94485,36131,Bearish Reversal
2013-08-27,41776,34578,-19459.0,9474.0,109461,7198,Bearish
2013-09-03,33761,33073,-8015.0,-1505.0,107974,688,Bearish Reversal
2013-09-10,32753,24474,-1008.0,-8599.0,145125,8279,Bullish
2013-09-17,28479,38680,-4274.0,14206.0,111475,-10201,Bearish Reversal
2013-09-24,47887,33864,19408.0,-4816.0,130157,14023,Bullish
2013-10-01,37161,22560,-10726.0,-11304.0,119788,14601,Bullish Reversal
2013-10-08,27284,16351,-9877.0,-6209.0,107975,10933,Bearish Reversal
2013-10-15,23714,15953,-3570.0,-398.0,106314,7761,Bearish Reversal
2013-10-22,28776,21562,5062.0,5609.0,115334,7214,Bearish
2013-10-29,27735,22839,-1041.0,1277.0,114506,4896,Bearish Reversal
2013-11-05,29474,24294,1739.0,1455.0,116072,5180,Bullish
2013-11-12,32614,25597,3140.0,1303.0,122171,7017,Bullish
2013-11-19,40564,31025,7950.0,5428.0,130109,9539,Bullish
2013-11-26,38508,26045,-2056.0,-4980.0,127570,12463,Bullish Reversal
2013-12-03,27661,18728,-10847.0,-7317.0,121461,8933,Bearish Reversal
2013-12-10,39952,17422,12291.0,-1306.0,155227,22530,Bullish
2013-12-17,40410,24760,458.0,7338.0,114614,15650,Bearish Reversal
2013-12-24,47206,27028,6796.0,2268.0,123733,20178,Bullish
2013-12-31,37874,22269,-9332.0,-4759.0,116803,15605,Bearish Reversal
2014-01-07,38449,20842,575.0,-1427.0,117008,17607,Bullish
2014-01-14,32495,18778,-5954.0,-2064.0,112998,13717,Bearish Reversal
2014-01-21,26739,30367,-5756.0,11589.0,121142,-3628,Bearish
2014-01-28,20730,56046,-6009.0,25679.0,133035,-35316,Bearish
2014-02-04,13694,48209,-7036.0,-7837.0,131832,-34515,Bullish Reversal
2014-02-11,9682,43622,-4012.0,-4587.0,127225,-33940,Bullish Reversal
2014-02-18,8094,31406,-1588.0,-12216.0,131097,-23312,Bullish
2014-02-25,9971,31540,1877.0,134.0,128542,-21569,Bullish Reversal
2014-03-04,8230,28980,-1741.0,-2560.0,126885,-20750,Bullish Reversal
2014-03-11,12739,20986,4509.0,-7994.0,166949,-8247,Bullish
2014-03-18,19320,20590,6581.0,-396.0,111057,-1270,Bullish Reversal
2014-03-25,22769,24423,3449.0,3833.0,115858,-1654,Bearish
2014-04-01,49893,28109,27124.0,3686.0,145270,21784,Bullish
2014-04-08,70371,13870,20478.0,-14239.0,130331,56501,Bullish Reversal
2014-04-15,71038,16801,667.0,2931.0,131412,54237,Bearish
2014-04-22,68329,14818,-2709.0,-1983.0,128932,53511,Bearish Reversal
2014-04-29,68073,18455,-256.0,3637.0,128100,49618,Bearish Reversal
2014-05-06,67663,19779,-410.0,1324.0,146455,47884,Bearish
2014-05-13,86137,17515,18474.0,-2264.0,149209,68622,Bullish
2014-05-20,92730,15464,6593.0,-2051.0,154795,77266,Bullish
2014-05-27,101808,18507,9078.0,3043.0,157626,83301,Bullish
2014-06-03,105666,19650,3858.0,1143.0,162647,86016,Bullish
2014-06-10,106566,16363,900.0,-3287.0,200202,90203,Bullish
2014-06-17,91227,22152,-15339.0,5789.0,135017,69075,Bearish Reversal
2014-06-24,84943,15974,-6284.0,-6178.0,128333,68969,Bearish Reversal
2014-07-01,85387,15825,444.0,-149.0,129425,69562,Bullish
2014-07-08,82777,13966,-2610.0,-1859.0,126231,68811,Bearish Reversal
2014-07-15,86707,17070,3930.0,3104.0,131108,69637,Bullish
2014-07-22,98823,19689,12116.0,2619.0,142254,79134,Bullish
2014-07-29,100551,23436,1728.0,3747.0,145184,77115,Bearish
2014-08-05,77535,45102,-23016.0,21666.0,143236,32433,Bearish Reversal
2014-08-12,51933,51974,-25602.0,6872.0,154694,-41,Bearish
2014-08-19,56207,43800,4274.0,-8174.0,141175,12407,Bullish Reversal
2014-08-26,71680,35010,15473.0,-8790.0,141665,36670,Bullish
2014-09-02,75444,36280,3764.0,1270.0,144255,39164,Bullish
2014-09-09,71021,32503,-4423.0,-3777.0,155265,38518,Bearish
2014-09-16,69430,47384,-1591.0,14881.0,134445,22046,Bearish Reversal
2014-09-23,58278,47774,-11152.0,390.0,151319,10504,Bearish
2014-09-30,48864,56178,-9414.0,8404.0,148678,-7314,Bearish Reversal
2014-10-07,43781,51364,-5083.0,-4814.0,147139,-7583,Bearish Reversal
2014-10-14,39798,45561,-3983.0,-5803.0,139036,-5763,Bullish Reversal
2014-10-21,30087,51211,-9711.0,5650.0,138193,-21124,Bearish Reversal
2014-10-28,26832,53675,-3255.0,2464.0,144016,-26843,Bearish
2014-11-04,30218,56808,3386.0,3133.0,159857,-26590,Bullish
2014-11-11,29393,59067,-825.0,2259.0,167364,-29674,Bearish
2014-11-18,31305,60339,1912.0,1272.0,167389,-29034,Bullish
2014-11-25,26386,58938,-4919.0,-1401.0,176125,-32552,Bearish
2014-12-02,30210,73214,3824.0,14276.0,191208,-43004,Bearish
2014-12-09,32116,80710,1906.0,7496.0,213159,-48594,Bearish
2014-12-16,25843,78599,-6273.0,-2111.0,137628,-52756,Bearish Reversal
2014-12-23,17311,80681,-8532.0,2082.0,130728,-63370,Bearish Reversal
2014-12-30,15878,79683,-1433.0,-998.0,129467,-63805,Bearish Reversal
2015-01-06,18667,83118,2789.0,3435.0,131121,-64451,Bearish
2015-01-13,17305,71600,-1362.0,-11518.0,131155,-54295,Bullish
2015-01-20,19017,65280,1712.0,-6320.0,148671,-46263,Bullish
2015-01-27,26739,71312,7722.0,6032.0,153115,-44573,Bullish
2015-02-03,23599,71836,-3140.0,524.0,161412,-48237,Bearish
2015-02-10,25691,74926,2092.0,3090.0,174861,-49235,Bearish
2015-02-17,28873,74318,3182.0,-608.0,175704,-45445,Bullish
2015-02-24,34105,82449,5232.0,8131.0,180506,-48344,Bearish
2015-03-03,31414,74821,-2691.0,-7628.0,178057,-43407,Bullish Reversal
2015-03-10,30622,66269,-792.0,-8552.0,185039,-35647,Bullish
2015-03-17,23702,79641,-6920.0,13372.0,135144,-55939,Bearish Reversal
2015-03-24,35044,76144,11342.0,-3497.0,150320,-41100,Bullish
2015-03-31,43289,73578,8245.0,-2566.0,157688,-30289,Bullish
2015-04-07,42185,65110,-1104.0,-8468.0,151072,-22925,Bullish Reversal
2015-04-14,63521,55160,21336.0,-9950.0,130501,8361,Bullish Reversal
2015-04-21,50343,64018,-13178.0,8858.0,118074,-13675,Bearish Reversal
2015-04-28,38003,61394,-12340.0,-2624.0,138497,-23391,Bearish
2015-05-05,24046,74162,-13957.0,12768.0,146418,-50116,Bearish
2015-05-12,34027,61066,9981.0,-13096.0,135526,-27039,Bullish Reversal
2015-05-19,23706,55037,-10321.0,-6029.0,127349,-31331,Bearish Reversal
2015-05-26,23943,56459,237.0,1422.0,129030,-32516,Bearish
2015-06-02,33983,79110,10040.0,22651.0,152809,-45127,Bearish
2015-06-09,28602,79734,-5381.0,624.0,179026,-51132,Bearish
2015-06-16,28245,80735,-357.0,1001.0,133660,-52490,Bearish Reversal
2015-06-23,39402,67269,11157.0,-13466.0,111876,-27867,Bullish Reversal
2015-06-30,36051,74810,-3351.0,7541.0,111471,-38759,Bearish Reversal
2015-07-07,24067,96482,-11984.0,21672.0,140418,-72415,Bearish
2015-07-14,19965,92683,-4102.0,-3799.0,153639,-72718,Bearish
2015-07-21,21371,102795,1406.0,10112.0,189662,-81424,Bearish
2015-07-28,21846,110689,475.0,7894.0,196328,-88843,Bearish
2015-08-04,22590,104638,744.0,-6051.0,191087,-82048,Bullish Reversal
2015-08-11,18163,88732,-4427.0,-15906.0,173781,-70569,Bullish Reversal
2015-08-18,24629,85056,6466.0,-3676.0,171467,-60427,Bullish Reversal
2015-08-25,20401,103454,-4228.0,18398.0,196090,-83053,Bearish
2015-09-01,21353,98290,952.0,-5164.0,191019,-76937,Bullish Reversal
2015-09-08,22880,93831,1527.0,-4459.0,188237,-70951,Bullish Reversal
2015-09-15,21749,77034,-1131.0,-16797.0,130555,-55285,Bullish Reversal
2015-09-22,47626,59982,25877.0,-17052.0,126544,-12356,Bullish Reversal
2015-09-29,31276,75727,-16350.0,15745.0,142517,-44451,Bearish
2015-10-06,50942,56185,19666.0,-19542.0,119424,-5243,Bullish Reversal
2015-10-13,47411,51554,-3531.0,-4631.0,116418,-4143,Bullish Reversal
2015-10-20,50627,51243,3216.0,-311.0,119955,-616,Bullish
2015-10-27,52078,52161,1451.0,918.0,136629,-83,Bullish
2015-11-03,52097,52832,19.0,671.0,148844,-735,Bearish
2015-11-10,43865,62700,-8232.0,9868.0,158543,-18835,Bearish
2015-11-17,41435,79698,-2430.0,16998.0,181499,-38263,Bearish
2015-11-24,50323,79584,8888.0,-114.0,189063,-29261,Bullish
2015-12-01,48974,74439,-1349.0,-5145.0,186826,-25465,Bullish Reversal
2015-12-08,45226,69607,-3748.0,-4832.0,199890,-24381,Bullish
2015-12-15,34779,95151,-10447.0,25544.0,144451,-60372,Bearish Reversal
2015-12-22,28736,85455,-6043.0,-9696.0,137854,-56719,Bullish Reversal
2015-12-29,30566,87953,1830.0,2498.0,139756,-57387,Bearish
2016-01-05,33894,95882,3328.0,7929.0,143374,-61988,Bearish
2016-01-12,29415,103430,-4479.0,7548.0,148683,-74015,Bearish
2016-01-19,30361,106364,946.0,2934.0,171971,-76003,Bearish
2016-01-26,28487,105094,-1874.0,-1270.0,167763,-76607,Bearish Reversal
2016-02-02,24958,103552,-3529.0,-1542.0,166295,-78594,Bearish Reversal
2016-02-09,41732,88254,16774.0,-15298.0,155692,-46522,Bullish Reversal
2016-02-16,21445,98830,-20287.0,10576.0,161403,-77385,Bearish
2016-02-23,30149,83008,8704.0,-15822.0,145631,-52859,Bullish Reversal
2016-03-01,25194,81667,-4955.0,-1341.0,141104,-56473,Bearish Reversal
2016-03-08,20441,77995,-4753.0,-3672.0,139105,-57554,Bearish Reversal
2016-03-15,23040,68077,2599.0,-9918.0,97456,-45037,Bullish Reversal
2016-03-22,28550,74246,5510.0,6169.0,105395,-45696,Bearish
2016-03-29,33005,73801,4455.0,-445.0,109067,-40796,Bullish
2016-04-05,40864,72742,7859.0,-1059.0,113872,-31878,Bullish
2016-04-12,40518,87109,-346.0,14367.0,153572,-46591,Bearish
2016-04-19,43925,58334,3407.0,-28775.0,126511,-14409,Bullish Reversal
2016-04-26,34602,53917,-9323.0,-4417.0,117178,-19315,Bearish Reversal
2016-05-03,35753,48173,1151.0,-5744.0,116533,-12420,Bullish Reversal
2016-05-10,16149,61369,-19604.0,13196.0,128911,-45220,Bearish
2016-05-17,25219,70910,9070.0,9541.0,134805,-45691,Bearish
2016-05-24,27017,74477,1798.0,3567.0,138084,-47460,Bearish
2016-05-31,20193,75808,-6824.0,1331.0,143577,-55615,Bearish
2016-06-07,22389,81698,2196.0,5890.0,142333,-59309,Bearish Reversal
2016-06-14,16894,82513,-5495.0,815.0,110890,-65619,Bearish Reversal
2016-06-21,13509,82389,-3385.0,-124.0,111143,-68880,Bearish
2016-06-28,13390,78717,-119.0,-3672.0,109440,-65327,Bullish Reversal
2016-07-05,24238,69095,10848.0,-9622.0,103117,-44857,Bullish Reversal
2016-07-12,28648,65820,4410.0,-3275.0,97361,-37172,Bullish Reversal
2016-07-19,24675,64041,-3973.0,-1779.0,103432,-39366,Bearish
2016-07-26,24114,70676,-561.0,6635.0,119753,-46562,Bearish
2016-08-02,23915,76038,-199.0,5362.0,128186,-52123,Bearish
2016-08-09,19963,74325,-3952.0,-1713.0,127632,-54362,Bearish Reversal
2016-08-16,24542,70265,4579.0,-4060.0,120749,-45723,Bullish Reversal
2016-08-23,26845,55386,2303.0,-14879.0,113732,-28541,Bullish Reversal
2016-08-30,19848,53082,-6997.0,-2304.0,114101,-33234,Bearish
2016-09-06,16790,75189,-3058.0,22107.0,162430,-58399,Bearish
2016-09-13,19930,85677,3140.0,10488.0,168729,-65747,Bearish
2016-09-20,20526,109868,596.0,24191.0,153278,-89342,Bearish Reversal
2016-09-27,24865,110738,4339.0,870.0,160243,-85873,Bullish
2016-10-04,22358,108250,-2507.0,-2488.0,157510,-85892,Bearish Reversal
2016-10-11,38060,89852,15702.0,-18398.0,135977,-51792,Bullish Reversal
2016-10-18,33364,64083,-4696.0,-25769.0,129729,-30719,Bullish Reversal
2016-10-25,28677,54020,-4687.0,-10063.0,139555,-25343,Bullish
2016-11-01,30838,67310,2161.0,13290.0,157048,-36472,Bearish
2016-11-08,25298,58294,-5540.0,-9016.0,148866,-32996,Bullish Reversal
2016-11-15,22124,67277,-3174.0,8983.0,153771,-45153,Bearish
2016-11-22,19884,68198,-2240.0,921.0,154976,-48314,Bearish
2016-11-29,19314,73814,-570.0,5616.0,155401,-54500,Bearish
2016-12-06,18619,72685,-695.0,-1129.0,151640,-54066,Bullish Reversal
2016-12-13,19001,76660,382.0,3975.0,155718,-57659,Bearish
2016-12-20,20806,87487,1805.0,10827.0,139166,-66681,Bearish Reversal
2016-12-27,21411,83068,605.0,-4419.0,143192,-61657,Bullish
2017-01-03,22279,87915,868.0,4847.0,151563,-65636,Bearish
2017-01-10,23878,95654,1599.0,7739.0,174390,-71776,Bearish
2017-01-17,22573,95894,-1305.0,240.0,177433,-73321,Bearish
2017-01-24,32133,96787,9560.0,893.0,191470,-64654,Bullish
2017-01-31,26000,89208,-6133.0,-7579.0,184327,-63208,Bullish Reversal
2017-02-07,31229,89717,5229.0,509.0,189464,-58488,Bullish
2017-02-14,30271,90484,-958.0,767.0,190028,-60213,Bearish
2017-02-21,35125,91606,4854.0,1122.0,193415,-56481,Bullish
2017-02-28,39057,84840,3932.0,-6766.0,194858,-45783,Bullish
2017-03-07,38707,81465,-350.0,-3375.0,209454,-42758,Bullish
2017-03-14,51271,56738,12564.0,-24727.0,169900,-5467,Bullish Reversal
2017-03-21,57730,61011,6459.0,4273.0,176764,-3281,Bullish
2017-03-28,72728,77465,14998.0,16454.0,191438,-4737,Bearish
2017-04-04,80979,90667,8251.0,13202.0,199099,-9688,Bearish
2017-04-11,86813,99488,5834.0,8821.0,205663,-12675,Bearish
2017-04-18,97027,82783,10214.0,-16705.0,195575,14244,Bullish Reversal
2017-04-25,91689,75651,-5338.0,-7132.0,177359,16038,Bullish Reversal
2017-05-02,91142,76027,-547.0,376.0,177326,15115,Bearish Reversal
2017-05-09,92514,22611,1372.0,-53416.0,179886,69903,Bullish
2017-05-16,92686,22632,172.0,21.0,183857,70054,Bullish
2017-05-23,98609,44311,5923.0,21679.0,211110,54298,Bearish
2017-05-30,112479,37477,13870.0,-6834.0,206058,75002,Bullish Reversal
2017-06-06,115601,30780,3122.0,-6697.0,207116,84821,Bullish
2017-06-13,123468,27654,7867.0,-3126.0,233490,95814,Bullish
2017-06-20,125659,76674,2191.0,49020.0,217481,48985,Bearish Reversal
2017-06-27,126019,45012,360.0,-31662.0,212815,81007,Bullish Reversal
2017-07-03,119408,34549,-6611.0,-10463.0,210730,84859,Bullish Reversal
2017-07-11,125291,27432,5883.0,-7117.0,213241,97859,Bullish
2017-07-18,130155,17616,4864.0,-9816.0,209717,112539,Bullish Reversal
2017-07-25,130075,17185,-80.0,-431.0,212346,112890,Bullish
2017-08-01,130186,16637,111.0,-548.0,214358,113549,Bullish
2017-08-08,130668,24231,482.0,7594.0,218908,106437,Bearish
2017-08-15,130900,36051,232.0,11820.0,237589,94849,Bearish
2017-08-22,137856,40238,6956.0,4187.0,243849,97618,Bullish
2017-08-29,135549,38539,-2307.0,-1699.0,246509,97010,Bearish
2017-09-05,141051,27439,5502.0,-11100.0,240705,113612,Bullish Reversal
2017-09-12,143188,26190,2137.0,-1249.0,258092,116998,Bullish
2017-09-19,136338,59386,-6850.0,33196.0,218381,76952,Bearish Reversal
2017-09-26,134621,50894,-1717.0,-8492.0,219926,83727,Bullish
2017-10-03,117452,28336,-17169.0,-22558.0,204344,89116,Bullish Reversal
2017-10-10,102473,19724,-14979.0,-8612.0,188075,82749,Bearish Reversal
2017-10-17,98936,27869,-3537.0,8145.0,188907,71067,Bearish
2017-10-24,87536,31835,-11400.0,3966.0,180527,55701,Bearish Reversal
2017-10-31,87220,31974,-316.0,139.0,177306,55246,Bearish Reversal
2017-11-07,88731,31756,1511.0,-218.0,177429,56975,Bullish
2017-11-14,92961,30428,4230.0,-1328.0,177739,62533,Bullish
2017-11-21,110044,29658,17083.0,-770.0,179530,80386,Bullish
2017-11-28,112966,23400,2922.0,-6258.0,171485,89566,Bullish Reversal
2017-12-05,121003,24480,8037.0,1080.0,179296,96523,Bullish
2017-12-12,112383,26207,-8620.0,1727.0,211478,86176,Bearish
2017-12-19,102273,48379,-10110.0,22172.0,181925,53894,Bearish Reversal
2017-12-26,87576,51192,-14697.0,2813.0,184543,36384,Bearish
2018-01-02,93804,58746,6228.0,7554.0,193802,35058,Bearish
2018-01-09,78703,48906,-15101.0,-9840.0,184250,29797,Bearish Reversal
2018-01-16,82790,35995,4087.0,-12911.0,172511,46795,Bullish Reversal
2018-01-23,97964,36809,15174.0,814.0,178983,61155,Bullish
2018-01-30,110923,30878,12959.0,-5931.0,188829,80045,Bullish
2018-02-06,127650,34795,16727.0,3917.0,201316,92855,Bullish
2018-02-13,122762,25984,-4888.0,-8811.0,196517,96778,Bullish Reversal
2018-02-20,127065,32244,4303.0,6260.0,196447,94821,Bearish Reversal
2018-02-27,120144,27637,-6921.0,-4607.0,189222,92507,Bearish Reversal
2018-03-06,114143,30848,-6001.0,3211.0,192062,83295,Bearish
2018-03-13,113977,27037,-166.0,-3811.0,196223,86940,Bullish
2018-03-20,105870,39025,-8107.0,11988.0,182537,66845,Bearish Reversal
2018-03-27,130264,40477,24394.0,1452.0,199947,89787,Bullish
2018-04-03,136812,37732,6548.0,-2745.0,209945,99080,Bullish
2018-04-10,147519,45301,10707.0,7569.0,223499,102218,Bullish
2018-04-17,155624,53783,8105.0,8482.0,228823,101841,Bearish
2018-04-24,140739,51956,-14885.0,-1827.0,232193,88783,Bearish
2018-05-01,129849,43808,-10890.0,-8148.0,216905,86041,Bearish Reversal
2018-05-08,109911,33723,-19938.0,-10085.0,199756,76188,Bearish Reversal
2018-05-15,86288,33510,-23623.0,-213.0,183354,52778,Bearish Reversal
2018-05-22,78769,47229,-7519.0,13719.0,184285,31540,Bearish
2018-05-29,73232,54896,-5537.0,7667.0,181671,18336,Bearish Reversal
2018-06-05,69986,81096,-3246.0,26200.0,202098,-11110,Bearish
2018-06-12,64923,86623,-5063.0,5527.0,214278,-21700,Bearish
2018-06-19,60316,71581,-4607.0,-15042.0,156503,-11265,Bullish Reversal
2018-06-26,61775,74285,1459.0,2704.0,150501,-12510,Bearish Reversal
2018-07-03,60815,54900,-960.0,-19385.0,145233,5915,Bullish Reversal
2018-07-10,66485,38353,5670.0,-16547.0,141886,28132,Bullish Reversal
2018-07-17,75878,46800,9393.0,8447.0,155008,29078,Bullish
2018-07-24,87495,67911,11617.0,21111.0,177515,19584,Bearish
2018-07-31,97475,70960,9980.0,3049.0,189767,26515,Bullish
2018-08-07,108066,74806,10591.0,3846.0,198476,33260,Bullish
2018-08-14,112980,81906,4914.0,7100.0,207354,31074,Bearish
2018-08-21,113603,87933,623.0,6027.0,213196,25670,Bearish
2018-08-28,105978,86641,-7625.0,-1292.0,217019,19337,Bearish
2018-09-04,103856,91337,-2122.0,4696.0,220430,12519,Bearish
2018-09-11,101282,86746,-2574.0,-4591.0,245043,14536,Bullish
2018-09-18,112234,71721,10952.0,-15025.0,200192,40513,Bullish Reversal
2018-09-25,117315,65917,5081.0,-5804.0,204650,51398,Bullish
2018-10-02,135649,61820,18334.0,-4097.0,217218,73829,Bullish
2018-10-09,126813,52364,-8836.0,-9456.0,208594,74449,Bullish Reversal
2018-10-16,127324,58749,511.0,6385.0,215138,68575,Bearish
2018-10-23,111571,53544,-15753.0,-5205.0,206270,58027,Bearish Reversal
2018-10-30,93644,59835,-17927.0,6291.0,192330,33809,Bearish Reversal
2018-11-06,67588,60552,-26056.0,717.0,184085,7036,Bearish Reversal
2018-11-13,69888,62601,2300.0,2049.0,186246,7287,Bullish
2018-11-20,72611,58528,2723.0,-4073.0,186030,14083,Bullish Reversal
2018-11-27,77867,62540,5256.0,4012.0,189912,15327,Bullish
2018-12-04,64314,59791,-13553.0,-2749.0,191512,4523,Bearish
2018-12-11,66195,54753,1881.0,-5038.0,184120,11442,Bullish Reversal
2018-12-18,49996,50765,-16199.0,-3988.0,122610,-769,Bearish Reversal
2018-12-24,64558,61129,14562.0,10364.0,137078,3429,Bullish
2018-12-31,82260,72488,17702.0,11359.0,151235,9772,Bullish
2019-01-08,92398,61416,10138.0,-11072.0,160493,30982,Bullish
2019-01-15,124498,67233,32100.0,5817.0,190187,57265,Bullish
2019-01-22,141908,78389,17410.0,11156.0,206199,63519,Bullish
2019-01-29,149306,79863,7398.0,1474.0,214141,69443,Bullish
2019-02-05,156916,85449,7610.0,5586.0,222193,71467,Bullish
2019-02-12,158735,82324,1819.0,-3125.0,223535,76411,Bullish
2019-02-19,169715,74620,10980.0,-7704.0,233792,95095,Bullish
2019-02-26,168531,76584,-1184.0,1964.0,236584,91947,Bearish
2019-03-05,176942,88524,8411.0,11940.0,246641,88418,Bearish
2019-03-12,177252,102156,310.0,13632.0,273064,75096,Bearish
2019-03-19,183614,60727,6362.0,-41429.0,235008,122887,Bullish Reversal
2019-03-26,198612,52278,14998.0,-8449.0,239526,146334,Bullish
2019-04-02,186698,43975,-11914.0,-8303.0,227327,142723,Bearish Reversal
2019-04-09,194643,39206,7945.0,-4769.0,234676,155437,Bullish
2019-04-16,202538,46508,7895.0,7302.0,244360,156030,Bullish
2019-04-23,207389,56684,4851.0,10176.0,252304,150705,Bearish
2019-04-30,212417,67678,5028.0,10994.0,258551,144739,Bearish
2019-05-07,215485,70796,3068.0,3118.0,263669,144689,Bearish
2019-05-14,214359,66152,-1126.0,-4644.0,265513,148207,Bullish
2019-05-21,218160,71675,3801.0,5523.0,271550,146485,Bearish
2019-05-28,213758,71291,-4402.0,-384.0,274999,142467,Bearish
2019-06-04,172354,48125,-41404.0,-23166.0,242090,124229,Bearish Reversal
2019-06-11,141898,40583,-30456.0,-7542.0,222003,101315,Bearish Reversal
2019-06-18,143640,26834,1742.0,-13749.0,202744,116806,Bullish Reversal
2019-06-25,154205,39170,10565.0,12336.0,216206,115035,Bearish
2019-07-02,168532,60265,14327.0,21095.0,236052,108267,Bearish
2019-07-09,181214,54832,12682.0,-5433.0,244234,126382,Bullish
2019-07-16,168473,40352,-12741.0,-14480.0,225725,128121,Bullish Reversal
2019-07-23,162435,37680,-6038.0,-2672.0,221368,124755,Bearish Reversal
2019-07-30,164178,35910,1743.0,-1770.0,221211,128268,Bullish Reversal
2019-08-06,161166,39097,-3012.0,3187.0,222394,122069,Bearish
2019-08-13,152707,35145,-8459.0,-3952.0,212499,117562,Bearish Reversal
2019-08-20,147542,37183,-5165.0,2038.0,197525,110359,Bearish Reversal
2019-08-27,129991,36677,-17551.0,-506.0,189136,93314,Bearish Reversal
2019-09-03,126271,34480,-3720.0,-2197.0,187869,91791,Bearish Reversal
2019-09-10,126807,31170,536.0,-3310.0,196951,95637,Bullish
2019-09-17,135507,53881,8700.0,22711.0,187938,81626,Bearish Reversal
2019-09-24,149871,57457,14364.0,3576.0,199268,92414,Bullish
2019-10-01,162307,46495,12436.0,-10962.0,215614,115812,Bullish
2019-10-08,159694,44298,-2613.0,-2197.0,218266,115396,Bearish
2019-10-15,171659,58617,11965.0,14319.0,233100,113042,Bearish
2019-10-22,192776,79826,21117.0,21209.0,254385,112950,Bearish
2019-10-29,215210,86303,22434.0,6477.0,280627,128907,Bullish
2019-11-05,232281,91879,17071.0,5576.0,299034,140402,Bullish
2019-11-12,219312,77275,-12969.0,-14604.0,298167,142037,Bullish Reversal
2019-11-19,213938,74117,-5374.0,-3158.0,294412,139821,Bearish Reversal
2019-11-26,202534,66885,-11404.0,-7232.0,292397,135649,Bearish Reversal
2019-12-03,196052,65925,-6482.0,-960.0,290980,130127,Bearish Reversal
2019-12-10,196673,66032,621.0,107.0,304848,130641,Bullish
2019-12-17,211650,59390,14977.0,-6642.0,288786,152260,Bullish Reversal
2019-12-24,202097,43881,-9553.0,-15509.0,274987,158216,Bullish Reversal
2019-12-31,193069,42803,-9028.0,-1078.0,277946,150266,Bearish
2020-01-07,203580,46262,10511.0,3459.0,283332,157318,Bullish
2020-01-14,207127,41487,3547.0,-4775.0,294039,165640,Bullish
2020-01-21,211681,41710,4554.0,223.0,299980,169971,Bullish
2020-01-28,207336,36970,-4345.0,-4740.0,305928,170366,Bullish
2020-02-04,206538,41366,-798.0,4396.0,308894,165172,Bearish
2020-02-11,193940,37614,-12598.0,-3752.0,302445,156326,Bearish Reversal
2020-02-18,192345,39063,-1595.0,1449.0,301797,153282,Bearish Reversal
2020-02-25,176836,26235,-15509.0,-12828.0,276267,150601,Bearish Reversal
2020-03-03,147358,16177,-29478.0,-10058.0,233892,131181,Bearish Reversal
2020-03-10,129376,16829,-17982.0,652.0,224550,112547,Bearish Reversal
2020-03-17,55563,21718,-73813.0,4889.0,121964,33845,Bearish Reversal
2020-03-24,40783,18804,-14780.0,-2914.0,110323,21979,Bearish Reversal
2020-03-31,28435,20770,-12348.0,1966.0,102712,7665,Bearish Reversal
2020-04-07,26766,21010,-1669.0,240.0,102137,5756,Bearish Reversal
2020-04-14,29926,26593,3160.0,5583.0,109371,3333,Bearish
2020-04-21,25851,24611,-4075.0,-1982.0,105480,1240,Bearish Reversal
2020-04-28,32191,23710,6340.0,-901.0,103359,8481,Bullish Reversal
2020-05-05,31184,24075,-1007.0,365.0,100220,7109,Bearish Reversal
2020-05-12,22491,27611,-8693.0,3536.0,101098,-5120,Bearish
2020-05-19,24268,30252,1777.0,2641.0,103425,-5984,Bearish
2020-05-26,43294,38603,19026.0,8351.0,128952,4691,Bullish
2020-06-02,56663,48346,13369.0,9743.0,122614,8317,Bullish Reversal
2020-06-09,58953,59799,2290.0,11453.0,135937,-846,Bearish
2020-06-16,49258,27152,-9695.0,-32647.0,109329,22106,Bullish Reversal
2020-06-23,51601,28423,2343.0,1271.0,113290,23178,Bullish
2020-06-30,55795,34839,4194.0,6416.0,122007,20956,Bearish
2020-07-07,50848,35868,-4947.0,1029.0,122938,14980,Bearish
2020-07-14,48737,36866,-2111.0,998.0,124807,11871,Bearish
2020-07-21,49461,39613,724.0,2747.0,128136,9848,Bearish
2020-07-28,51851,40987,2390.0,1374.0,133914,10864,Bullish
2020-08-04,42692,39693,-9159.0,-1294.0,128492,2999,Bearish Reversal
2020-08-11,44240,37733,1548.0,-1960.0,130908,6507,Bullish
2020-08-18,42450,38112,-1790.0,379.0,134542,4338,Bearish
2020-08-25,42397,38535,-53.0,423.0,134794,3862,Bearish
2020-09-01,45309,39340,2912.0,805.0,132731,5969,Bullish Reversal
2020-09-08,53190,44817,7881.0,5477.0,150387,8373,Bullish
2020-09-15,56478,30007,3288.0,-14810.0,134482,26471,Bullish Reversal
2020-09-22,59484,32834,3006.0,2827.0,136718,26650,Bullish
2020-09-29,43334,30698,-16150.0,-2136.0,121918,12636,Bearish Reversal
2020-10-06,51201,29859,7867.0,-839.0,120674,21342,Bullish Reversal
2020-10-13,51329,28851,128.0,-1008.0,118828,22478,Bullish Reversal
2020-10-20,56246,36404,4917.0,7553.0,124948,19842,Bearish
2020-10-27,63135,35189,6889.0,-1215.0,125868,27946,Bullish
2020-11-03,53988,29891,-9147.0,-5298.0,118193,24097,Bearish Reversal
2020-11-10,57399,39077,3411.0,9186.0,128610,18322,Bearish
2020-11-17,59799,39390,2400.0,313.0,132317,20409,Bullish
2020-11-24,63156,39361,3357.0,-29.0,136787,23795,Bullish
2020-12-01,72880,43839,9724.0,4478.0,149709,29041,Bullish
2020-12-08,70443,43921,-2437.0,82.0,191833,26522,Bearish
2020-12-15,62335,65562,-8108.0,21641.0,142913,-3227,Bearish Reversal
2020-12-21,56598,64847,-5737.0,-715.0,142814,-8249,Bearish Reversal
2020-12-29,56929,62187,331.0,-2660.0,142582,-5258,Bullish Reversal
2021-01-05,52578,60301,-4351.0,-1886.0,141291,-7723,Bearish Reversal
2021-01-12,57570,63022,4992.0,2721.0,151244,-5452,Bullish
2021-01-19,52890,60577,-4680.0,-2445.0,145735,-7687,Bearish Reversal
2021-01-26,58301,59251,5411.0,-1326.0,150653,-950,Bullish
2021-02-02,53406,50538,-4895.0,-8713.0,150781,2868,Bullish
2021-02-09,53203,51720,-203.0,1182.0,158040,1483,Bearish
2021-02-16,57670,56258,4467.0,4538.0,163322,1412,Bearish
2021-02-23,54655,51630,-3015.0,-4628.0,165600,3025,Bullish
2021-03-02,52098,47667,-2557.0,-3963.0,159755,4431,Bullish Reversal
2021-03-09,50349,48497,-1749.0,830.0,167287,1852,Bearish
2021-03-16,40137,69594,-10212.0,21097.0,113924,-29457,Bearish Reversal
2021-03-23,52412,73306,12275.0,3712.0,130204,-20894,Bullish
2021-03-30,58089,73202,5677.0,-104.0,136497,-15113,Bullish
2021-04-06,57610,70752,-479.0,-2450.0,136870,-13142,Bullish
2021-04-13,63387,75365,5777.0,4613.0,143619,-11978,Bullish
2021-04-20,68012,71566,4625.0,-3799.0,146537,-3554,Bullish
2021-04-27,75554,74594,7542.0,3028.0,154844,960,Bullish
2021-05-04,65948,70394,-9606.0,-4200.0,145948,-4446,Bearish Reversal
2021-05-11,61625,70105,-4323.0,-289.0,143323,-8480,Bearish Reversal
2021-05-18,62251,72369,626.0,2264.0,144712,-10118,Bearish
2021-05-25,63868,72366,1617.0,-3.0,146892,-8498,Bullish
2021-06-01,69880,73526,6012.0,1160.0,159507,-3646,Bullish
2021-06-08,63814,70375,-6066.0,-3151.0,159811,-6561,Bearish
2021-06-15,68675,92605,4861.0,22230.0,144805,-23930,Bearish Reversal
2021-06-22,61955,90546,-6720.0,-2059.0,139874,-28591,Bearish Reversal
2021-06-29,71449,90903,9494.0,357.0,144435,-19454,Bullish
2021-07-06,70788,93121,-661.0,2218.0,147459,-22333,Bearish
2021-07-13,69611,97043,-1177.0,3922.0,149382,-27432,Bearish
2021-07-20,66141,94562,-3470.0,-2481.0,146412,-28421,Bearish Reversal
2021-07-27,65404,91811,-737.0,-2751.0,150348,-26407,Bullish
2021-08-03,70787,92084,5383.0,273.0,154363,-21297,Bullish
2021-08-10,69818,93705,-969.0,1621.0,152510,-23887,Bearish Reversal
2021-08-17,76530,95647,6712.0,1942.0,159599,-19117,Bullish
2021-08-24,71067,94897,-5463.0,-750.0,152123,-23830,Bearish Reversal
2021-08-31,72052,93095,985.0,-1802.0,153285,-21043,Bullish
2021-09-07,88168,105685,16116.0,12590.0,180540,-17517,Bullish
2021-09-14,95948,111800,7780.0,6115.0,176776,-15852,Bullish Reversal
2021-09-21,88733,107748,-7215.0,-4052.0,169898,-19015,Bearish Reversal
2021-09-28,92423,112018,3690.0,4270.0,172640,-19595,Bearish
2021-10-05,77074,112653,-15349.0,635.0,168119,-35579,Bearish Reversal
2021-10-12,74129,113763,-2945.0,1110.0,171754,-39634,Bearish
2021-10-19,70192,108763,-3937.0,-5000.0,164268,-38571,Bullish Reversal
2021-10-26,63677,106966,-6515.0,-1797.0,162542,-43289,Bearish Reversal
2021-11-02,61553,112571,-2124.0,5605.0,167676,-51018,Bearish
2021-11-09,61791,110198,238.0,-2373.0,164152,-48407,Bullish Reversal
2021-11-16,69984,117639,8193.0,7441.0,170102,-47655,Bullish
2021-11-23,80691,130152,10707.0,12513.0,184243,-49461,Bearish
2021-11-30,85840,145587,5149.0,15435.0,195719,-59747,Bearish
2021-12-07,70791,134917,-15049.0,-10670.0,200173,-64126,Bearish
2021-12-14,34748,45421,-36043.0,-89496.0,101049,-10673,Bullish Reversal
2021-12-21,30021,34813,-4727.0,-10608.0,94469,-4792,Bullish Reversal
2021-12-28,33561,42569,3540.0,7756.0,102418,-9008,Bearish
2022-01-04,44876,54366,11315.0,11797.0,119748,-9490,Bearish
2022-01-11,53194,57645,8318.0,3279.0,127155,-4451,Bullish
2022-01-18,75461,70541,22267.0,12896.0,151778,4920,Bullish
2022-01-25,66449,67239,-9012.0,-3302.0,150142,-790,Bearish Reversal
2022-02-01,53767,53037,-12682.0,-14202.0,141352,730,Bullish Reversal
2022-02-08,45097,43853,-8670.0,-9184.0,134257,1244,Bullish Reversal
2022-02-15,59485,50511,14388.0,6658.0,151098,8974,Bullish
2022-02-22,72846,56021,13361.0,5510.0,171299,16825,Bullish
2022-03-01,74971,32593,2125.0,-23428.0,154664,42378,Bullish Reversal
2022-03-08,76020,23003,1049.0,-9590.0,166433,53017,Bullish
2022-03-15,39164,49740,-36856.0,26737.0,102749,-10576,Bearish Reversal
2022-03-22,58150,76201,18986.0,26461.0,134766,-18051,Bearish
2022-03-29,75081,83328,16931.0,7127.0,157779,-8247,Bullish
2022-04-05,78728,77818,3647.0,-5510.0,172712,910,Bullish
2022-04-12,81582,66622,2854.0,-11196.0,175905,14960,Bullish
2022-04-19,73710,52046,-7872.0,-14576.0,165403,21664,Bullish Reversal
2022-04-26,67389,47263,-6321.0,-4783.0,156766,20126,Bearish Reversal
2022-05-03,63860,49237,-3529.0,1974.0,151933,14623,Bearish Reversal
2022-05-10,63921,47196,61.0,-2041.0,153858,16725,Bullish
2022-05-17,77819,49604,13898.0,2408.0,170924,28215,Bullish
2022-05-24,83031,53239,5212.0,3635.0,177125,29792,Bullish
2022-05-31,114480,79031,31449.0,25792.0,212843,35449,Bullish
2022-06-07,119162,86436,4682.0,7405.0,248184,32726,Bearish
2022-06-14,114093,140474,-5069.0,54038.0,197375,-26381,Bearish Reversal
2022-06-21,96147,123017,-17946.0,-17457.0,191265,-26870,Bearish Reversal
2022-06-28,107031,121011,10884.0,-2006.0,193536,-13980,Bullish
2022-07-05,107141,121559,110.0,548.0,197463,-14418,Bearish
2022-07-12,104715,127953,-2426.0,6394.0,195611,-23238,Bearish Reversal
2022-07-19,97965,128725,-6750.0,772.0,196123,-30760,Bearish
2022-07-26,96752,126650,-1213.0,-2075.0,195025,-29898,Bullish Reversal
2022-08-02,101415,124468,4663.0,-2182.0,192971,-23053,Bullish Reversal
2022-08-09,95572,123193,-5843.0,-1275.0,189988,-27621,Bearish Reversal
2022-08-16,108642,130013,13070.0,6820.0,201618,-21371,Bullish
2022-08-23,103056,134372,-5586.0,4359.0,205575,-31316,Bearish
2022-08-30,103623,132653,567.0,-1719.0,206823,-29030,Bullish
2022-09-06,97112,126572,-6511.0,-6081.0,199161,-29460,Bearish Reversal
2022-09-13,103772,129153,6660.0,2581.0,208403,-25381,Bullish
2022-09-20,96671,124704,-7101.0,-4449.0,172650,-28033,Bearish Reversal
2022-09-27,87723,129045,-8948.0,4341.0,173045,-41322,Bearish
2022-10-04,108626,145947,20903.0,16902.0,192352,-37321,Bullish
2022-10-11,120239,153893,11613.0,7946.0,206170,-33654,Bullish
2022-10-18,133432,155726,13193.0,1833.0,215836,-22294,Bullish
2022-10-25,161558,148984,28126.0,-6742.0,248910,12574,Bullish
2022-11-01,182316,138271,20758.0,-10713.0,282864,44045,Bullish
2022-11-08,192024,132410,9708.0,-5861.0,300020,59614,Bullish
2022-11-15,197700,129849,5676.0,-2561.0,303442,67851,Bullish
2022-11-22,188446,125127,-9254.0,-4722.0,296145,63319,Bearish Reversal
2022-11-29,199744,133658,11298.0,8531.0,307733,66086,Bullish
2022-12-06,177555,129603,-22189.0,-4055.0,293708,47952,Bearish Reversal
2022-12-13,168481,124117,-9074.0,-5486.0,290116,44364,Bearish Reversal
2022-12-20,124474,179570,-44007.0,55453.0,229275,-55096,Bearish Reversal
2022-12-27,125891,177617,1417.0,-1953.0,232407,-51726,Bullish
2023-01-03,131201,187577,5310.0,9960.0,245029,-56376,Bearish
2023-01-10,149517,202898,18316.0,15321.0,270826,-53381,Bullish
2023-01-17,150543,199182,1026.0,-3716.0,274227,-48639,Bullish
2023-01-24,148265,197005,-2278.0,-2177.0,272655,-48740,Bearish Reversal
2023-01-31,156950,202220,8685.0,5215.0,285481,-45270,Bullish
2023-02-07,138771,183049,-18179.0,-19171.0,262449,-44278,Bullish Reversal
2023-02-14,153370,193037,14599.0,9988.0,279004,-39667,Bullish
2023-02-21,152675,189548,-695.0,-3489.0,277353,-36873,Bullish Reversal
2023-02-28,169769,204914,17094.0,15366.0,294741,-35145,Bullish
2023-03-07,177503,208755,7734.0,3841.0,376712,-31252,Bullish
2023-03-14,147405,81278,-30098.0,-127477.0,260414,66127,Bullish Reversal
2023-03-21,101899,50369,-45506.0,-30909.0,222130,51530,Bearish Reversal
2023-03-28,109417,60138,7518.0,9769.0,233669,49279,Bearish
2023-04-04,127371,69458,17954.0,9320.0,250403,57913,Bullish
2023-04-11,136355,75878,8984.0,6420.0,260053,60477,Bullish
2023-04-18,139289,83118,2934.0,7240.0,267698,56171,Bearish
2023-04-25,133098,78970,-6191.0,-4148.0,267276,54128,Bearish Reversal
2023-05-02,128173,70463,-4925.0,-8507.0,260235,57710,Bullish Reversal
2023-05-09,127763,57731,-410.0,-12732.0,255441,70032,Bullish Reversal
2023-05-16,133268,59633,5505.0,1902.0,254037,73635,Bullish Reversal
2023-05-23,118579,41636,-14689.0,-17997.0,233538,76943,Bullish Reversal
2023-05-30,115535,37530,-3044.0,-4106.0,224395,78005,Bullish Reversal
2023-06-06,123447,41777,7912.0,4247.0,235994,81670,Bullish
2023-06-13,131738,52903,8291.0,11126.0,291589,78835,Bearish
2023-06-20,121005,21287,-10733.0,-31616.0,224897,99718,Bullish Reversal
2023-06-27,117098,20749,-3907.0,-538.0,226033,96349,Bearish
2023-07-03,123919,28679,6821.0,7930.0,238269,95240,Bearish
2023-07-11,122996,26830,-923.0,-1849.0,239738,96166,Bullish
2023-07-18,122811,28319,-185.0,1489.0,238006,94492,Bearish Reversal
2023-07-25,117732,29891,-5079.0,1572.0,233549,87841,Bearish Reversal
2023-08-01,119651,31103,1919.0,1212.0,236446,88548,Bullish
2023-08-08,110008,26357,-9643.0,-4746.0,227745,83651,Bearish Reversal
2023-08-15,109340,27317,-668.0,960.0,228984,82023,Bearish
2023-08-22,103018,29359,-6322.0,2042.0,228801,73659,Bearish Reversal
2023-08-29,110075,36212,7057.0,6853.0,238767,73863,Bullish
2023-09-05,100298,32777,-9777.0,-3435.0,246061,67521,Bearish
2023-09-12,93022,26151,-7276.0,-6626.0,235720,66871,Bearish Reversal
2023-09-19,95307,31657,2285.0,5506.0,220707,63650,Bearish Reversal
2023-09-26,92732,32099,-2575.0,442.0,216906,60633,Bearish Reversal
2023-10-03,90848,26334,-1884.0,-5765.0,212539,64514,Bullish Reversal
2023-10-10,70525,18292,-20323.0,-8042.0,201997,52233,Bearish Reversal
2023-10-17,63351,19046,-7174.0,754.0,197037,44305,Bearish Reversal
2023-10-24,54446,16585,-8905.0,-2461.0,194530,37861,Bearish Reversal
2023-10-31,57470,26173,3024.0,9588.0,199078,31297,Bearish
2023-11-07,71644,34904,14174.0,8731.0,216534,36740,Bullish
2023-11-14,79162,35780,7518.0,876.0,228809,43382,Bullish
2023-11-21,88474,29543,9312.0,-6237.0,225972,58931,Bullish Reversal
2023-11-28,105838,40353,17364.0,10810.0,247503,65485,Bullish
2023-12-05,108921,35465,3083.0,-4888.0,257053,73456,Bullish
2023-12-12,114396,40271,5475.0,4806.0,269074,74125,Bullish
2023-12-19,126608,42607,12212.0,2336.0,245808,84001,Bullish Reversal
2023-12-26,131856,44107,5248.0,1500.0,253217,87749,Bullish
2024-01-02,141007,51909,9151.0,7802.0,268627,89098,Bullish
2024-01-09,143436,54997,2429.0,3088.0,271237,88439,Bearish
2024-01-16,133691,52089,-9745.0,-2908.0,263473,81602,Bearish Reversal
2024-01-23,127479,52380,-6212.0,291.0,250059,75099,Bearish Reversal
2024-01-30,132808,52415,5329.0,35.0,250075,80393,Bullish
2024-02-06,143570,56741,10762.0,4326.0,261212,86829,Bullish
2024-02-13,147176,46732,3606.0,-10009.0,265257,100444,Bullish
2024-02-20,141528,45533,-5648.0,-1199.0,254486,95995,Bearish Reversal
2024-02-27,146118,52304,4590.0,6771.0,256055,93814,Bearish
2024-03-05,171871,65285,25753.0,12981.0,294670,106586,Bullish
2024-03-12,180140,75848,8269.0,10563.0,330046,104292,Bearish
2024-03-19,183182,54512,3042.0,-21336.0,303202,128670,Bullish Reversal
2024-03-26,184361,52293,1179.0,-2219.0,307002,132068,Bullish
2024-04-02,191685,57955,7324.0,5662.0,314517,133730,Bullish
2024-04-09,189880,50189,-1805.0,-7766.0,309571,139691,Bullish Reversal
2024-04-16,172573,44842,-17307.0,-5347.0,286335,127731,Bearish Reversal
2024-04-23,152071,28416,-20502.0,-16426.0,254982,123655,Bearish Reversal
2024-04-30,144679,25634,-7392.0,-2782.0,249126,119045,Bearish Reversal
2024-05-07,137564,25252,-7115.0,-382.0,246848,112312,Bearish Reversal
2024-05-14,144307,31346,6743.0,6094.0,258065,112961,Bullish
2024-05-21,153206,35314,8899.0,3968.0,269695,117892,Bullish
2024-05-28,151468,30549,-1738.0,-4765.0,268109,120919,Bullish Reversal
2024-06-04,153943,29272,2475.0,-1277.0,264788,124671,Bullish Reversal
2024-06-11,145604,26611,-8339.0,-2661.0,275217,118993,Bearish
2024-06-18,71739,21485,-73865.0,-5126.0,164401,50254,Bearish Reversal
2024-06-25,84314,26508,12575.0,5023.0,172171,57806,Bullish
2024-07-02,96359,32732,12045.0,6224.0,188324,63627,Bullish
2024-07-09,95748,32425,-611.0,-307.0,189294,63323,Bearish
2024-07-16,98495,36785,2747.0,4360.0,197580,61710,Bearish
2024-07-23,100555,31238,2060.0,-5547.0,198691,69317,Bullish
2024-07-30,99143,31483,-1412.0,245.0,196287,67660,Bearish Reversal
2024-08-06,96916,31580,-2227.0,97.0,190477,65336,Bearish Reversal
2024-08-13,82188,32094,-14728.0,514.0,184929,50094,Bearish Reversal
2024-08-20,66745,32099,-15443.0,5.0,174530,34646,Bearish Reversal
2024-08-27,66669,35949,-76.0,3850.0,170231,30720,Bearish Reversal
2024-09-03,63103,32624,-3566.0,-3325.0,171000,30479,Bearish
2024-09-10,62614,35588,-489.0,2964.0,190133,27026,Bearish
2024-09-17,48486,40763,-14128.0,5175.0,130644,7723,Bearish Reversal
2024-09-24,51480,39054,2994.0,-1709.0,134947,12426,Bullish
2024-10-01,61487,35188,10007.0,-3866.0,141622,26299,Bullish
2024-10-08,55327,26134,-6160.0,-9054.0,135821,29193,Bullish Reversal
2024-10-15,60759,35513,5432.0,9379.0,139187,25246,Bearish
2024-10-22,61303,37406,544.0,1893.0,139302,23897,Bearish
2024-10-29,71127,36082,9824.0,-1324.0,147540,35045,Bullish
2024-11-05,65501,34406,-5626.0,-1676.0,143741,31095,Bearish Reversal
2024-11-12,73269,53076,7768.0,18670.0,147790,20193,Bearish
2024-11-19,60642,46628,-12627.0,-6448.0,139260,14014,Bearish Reversal
2024-11-26,56402,52944,-4240.0,6316.0,142400,3458,Bearish
2024-12-03,55114,50930,-1288.0,-2014.0,146854,4184,Bullish
2024-12-10,61643,53715,6529.0,2785.0,160701,7928,Bullish
2024-12-17,55529,40915,-6114.0,-12800.0,126921,14614,Bullish Reversal
2024-12-24,63168,44325,7639.0,3410.0,132801,18843,Bullish
2024-12-31,68458,47787,5290.0,3462.0,135646,20671,Bullish
2025-01-07,60139,47748,-8319.0,-39.0,139151,12391,Bearish
2025-01-14,57188,51191,-2951.0,3443.0,142860,5997,Bearish
2025-01-21,47985,49529,-9203.0,-1662.0,141724,-1544,Bearish Reversal
2025-01-28,46601,41377,-1384.0,-8152.0,138321,5224,Bullish Reversal
2025-02-04,61459,49197,14858.0,7820.0,145368,12262,Bullish
2025-02-11,59388,43538,-2071.0,-5659.0,143628,15850,Bullish Reversal
2025-02-18,63852,49179,4464.0,5641.0,149733,14673,Bearish
2025-02-25,70337,41607,6485.0,-7572.0,150579,28730,Bullish
2025-03-04,65679,46223,-4658.0,4616.0,145035,19456,Bearish Reversal
2025-03-11,75519,45433,9840.0,-790.0,166564,30086,Bullish
2025-03-18,93583,37631,18064.0,-7802.0,142943,55952,Bullish Reversal
2025-03-25,89477,30438,-4106.0,-7193.0,137459,59039,Bullish Reversal
2025-04-01,86757,35677,-2720.0,5239.0,139481,51080,Bearish
2025-04-08,80167,41085,-6590.0,5408.0,150017,39082,Bearish
2025-04-15,67550,34281,-12617.0,-6804.0,146438,33269,Bearish Reversal
2025-04-22,67624,26459,74.0,-7822.0,130379,41165,Bullish Reversal
2025-04-29,83287,23775,15663.0,-2684.0,129201,59512,Bullish Reversal
2025-05-06,86615,18060,3328.0,-5715.0,127483,68555,Bullish Reversal
2025-05-13,90191,24485,3576.0,6425.0,134834,65706,Bearish
2025-05-20,89323,26791,-868.0,2306.0,136985,62532,Bearish
2025-05-27,88293,26891,-1030.0,100.0,161653,61402,Bearish
2025-06-03,93401,28952,5108.0,2061.0,168665,64449,Bullish
2025-06-10,99017,36291,5616.0,7339.0,180612,62726,Bearish
2025-06-17,92833,34806,-6184.0,-1485.0,155581,58027,Bearish Reversal
2025-06-24,83729,32418,-9104.0,-2388.0,146855,51311,Bearish Reversal
2025-07-01,87448,32936,3719.0,518.0,153052,54512,Bullish
2025-07-08,97431,42353,9983.0,9417.0,167262,55078,Bullish
2025-07-15,92332,42210,-5099.0,-143.0,165808,50122,Bearish Reversal
2025-07-22,99081,43017,6749.0,807.0,172369,56064,Bullish
2025-07-29,99141,42463,60.0,-554.0,173983,56678,Bullish
2025-08-05,105231,37176,6090.0,-5287.0,176153,68055,Bullish
2025-08-12,106539,45300,1308.0,8124.0,182397,61239,Bearish
2025-08-19,91974,27449,-14565.0,-17851.0,162678,64525,Bullish Reversal
2025-08-26,97158,28160,5184.0,711.0,165392,68998,Bullish
2025-09-02,101520,28507,4362.0,347.0,179417,73013,Bullish
2025-09-09,107503,33771,5983.0,5264.0,213424,73732,Bullish
2025-09-16,112395,34402,4892.0,631.0,182118,77993,Bullish Reversal
2025-09-23,107346,23913,-5049.0,-10489.0,176007,83433,Bullish Reversal
2025-09-30,115256,23373,7910.0,-540.0,183221,91883,Bullish
2025-10-07,115817,28150,561.0,4777.0,191754,87667,Bearish
2025-10-14,95674,28113,-20143.0,-37.0,178245,67561,Bearish Reversal
2025-10-21,99658,26316,3984.0,-1797.0,177118,73342,Bullish Reversal
2025-10-28,116489,34985,16831.0,8669.0,193166,81504,Bullish
2025-11-04,113164,26988,-3325.0,-7997.0,188337,86176,Bullish Reversal
2025-11-10,118511,33330,5347.0,6342.0,197299,85181,Bearish
2025-11-18,132165,36337,13654.0,3007.0,216607,95828,Bullish
2025-11-25,126551,31364,-5614.0,-4973.0,207501,95187,Bearish Reversal
2025-12-02,149102,50162,22551.0,18798.0,235435,98940,Bullish
2025-12-09,153728,46752,4626.0,-3410.0,284060,106976,Bullish
2025-12-16,158447,71335,4719.0,24583.0,365595,87112,Bearish
2025-12-23,164985,63809,6538.0,-7526.0,255477,101176,Bullish Reversal
2025-12-30,162240,55874,-2745.0,-7935.0,249474,106366,Bullish Reversal
2026-01-06,161616,52315,-624.0,-3559.0,250364,109301,Bullish
2026-01-13,153670,50112,-7946.0,-2203.0,241382,103558,Bearish Reversal
2026-01-20,153398,46245,-272.0,-3867.0,239959,107153,Bullish Reversal
2026-01-27,149094,45980,-4304.0,-265.0,237744,103114,Bearish Reversal
2026-02-03,132392,41800,-16702.0,-4180.0,225867,90592,Bearish Reversal
2026-02-10,128360,43409,-4032.0,1609.0,226933,84951,Bearish
2026-02-17,128197,44075,-163.0,666.0,226417,84122,Bearish Reversal
2026-02-24,126009,43129,-2188.0,-946.0,225567,82880,Bearish Reversal
2026-03-03,126531,49488,522.0,6359.0,235943,77043,Bearish
2026-03-10,112701,38890,-13830.0,-10598.0,254257,73811,Bearish
2026-03-17,90997,22537,-21704.0,-16353.0,171319,68460,Bearish Reversal
2026-03-24,92246,18170,1249.0,-4367.0,166676,74076,Bullish Reversal
2026-03-31,94183,36499,1937.0,18329.0,184074,57684,Bearish
2026-04-07,91055,33584,-3128.0,-2915.0,182790,57471,Bearish Reversal
2026-04-14,93692,34738,2637.0,1154.0,188147,58954,Bullish
2026-04-21,101306,33605,7614.0,-1133.0,195622,67701,Bullish
2026-04-28,103697,35874,2391.0,2269.0,202265,67823,Bullish
2026-05-05,91592,29465,-12105.0,-6409.0,186899,62127,Bearish Reversal
2026-05-12,93390,29300,1798.0,-165.0,188631,64090,Bullish
2026-05-19,95246,32997,1856.0,3697.0,203827,62249,Bearish
2026-05-26,90541,32387,-4705.0,-610.0,201274,58154,Bearish Reversal
2026-06-02,86699,32042,-3842.0,-345.0,204071,54657,Bearish
2026-06-09,100199,36398,13500.0,4356.0,213844,63801,Bullish
2026-06-16,119042,47253,18843.0,10855.0,276950,71789,Bullish
2026-06-23,112389,38164,-6653.0,-9089.0,198588,74225,Bullish Reversal
2026-06-30,105291,34355,-7098.0,-3809.0,195406,70936,Bearish Reversal
2026-07-07,112628,35271,7337.0,916.0,198958,77357,Bullish
2026-07-14,107127,34172,-5501.0,-1099.0,199350,72955,Bearish
2026-07-21,106600,34901,-527.0,729.0,201335,71699,Bearish
2026-07-28,106487,33959,-113.0,-942.0,200776,72528,Bullish Reversal
2026-08-04,118510,41967,12023.0,8008.0,217220,76543,Bullish
2026-08-11,150731,67058,32221.0,25091.0,258898,83673,Bullish
2026-08-18,160766,81314,10035.0,14256.0,284591,79452,Bearish
2026-08-25,159905,77523,-861.0,-3791.0,286429,82382,Bullish
2026-09-01,174649,81402,14744.0,3879.0,313188,93247,Bullish
2026-09-08,169798,75066,-4851.0,-6336.0,327215,94732,Bullish
2026-09-15,134607,46825,-35191.0,-28241.0,319499,87782,Bearish Reversal
2026-09-22,127595,52428,-7012.0,5603.0,266061,75167,Bearish Reversal
2026-09-29,115431,63029,-12164.0,10601.0,274821,52402,Bearish
