As of Date in Form YYYY-MM-DD,Noncommercial Positions-Long (All),Noncommercial Positions-Short (All),Change in Noncommercial-Long (All),Change in Noncommercial-Short (All),Open Interest (All),Net Positions,Interpretation
1986-01-15,3990,1335,,,17568,2655,No signal
1986-01-31,5434,1177,1444.0,-158.0,18163,4257,Bullish
1986-02-14,4890,1380,-544.0,203.0,18030,3510,Bearish Reversal
1986-02-28,5176,1276,286.0,-104.0,20490,3900,Bullish
1986-03-14,6452,1716,1276.0,440.0,20376,4736,Bullish Reversal
1986-03-31,4856,1517,-1596.0,-199.0,19938,3339,Bearish Reversal
1986-04-15,5451,1638,595.0,121.0,17794,3813,Bullish Reversal
1986-04-30,3271,1201,-2180.0,-437.0,15768,2070,Bearish Reversal
1986-05-15,3314,745,43.0,-456.0,15736,2569,Bullish Reversal
1986-05-30,3224,552,-90.0,-193.0,16582,2672,Bullish
1986-06-13,5506,1495,2282.0,943.0,20443,4011,Bullish
1986-06-30,4940,948,-566.0,-547.0,18748,3992,Bearish Reversal
1986-07-15,5127,656,187.0,-292.0,17405,4471,Bullish Reversal
1986-07-31,6207,1487,1080.0,831.0,18749,4720,Bullish
1986-08-15,5664,1865,-543.0,378.0,19535,3799,Bearish
1986-08-29,7848,2494,2184.0,629.0,25939,5354,Bullish
1986-09-15,6856,1171,-992.0,-1323.0,28877,5685,Bullish
1986-09-30,4608,1130,-2248.0,-41.0,20091,3478,Bearish Reversal
1986-10-15,5109,568,501.0,-562.0,18633,4541,Bullish Reversal
1986-10-31,6216,592,1107.0,24.0,19152,5624,Bullish
1986-11-14,4697,1291,-1519.0,699.0,20023,3406,Bearish
1986-11-28,3020,803,-1677.0,-488.0,18204,2217,Bearish Reversal
1986-12-15,2643,939,-377.0,136.0,17923,1704,Bearish Reversal
1986-12-31,3316,1174,673.0,235.0,17707,2142,Bullish Reversal
1987-01-15,3258,377,-58.0,-797.0,16603,2881,Bullish Reversal
1987-01-30,3382,392,124.0,15.0,16490,2990,Bullish Reversal
1987-02-13,3676,628,294.0,236.0,16452,3048,Bullish Reversal
1987-02-27,4105,417,429.0,-211.0,16741,3688,Bullish
1987-03-13,4225,518,120.0,101.0,20957,3707,Bullish
1987-03-31,6042,1302,1817.0,784.0,19771,4740,Bullish Reversal
1987-04-15,7358,1481,1316.0,179.0,21005,5877,Bullish
1987-04-30,4386,889,-2972.0,-592.0,19699,3497,Bearish Reversal
1987-05-15,4755,1069,369.0,180.0,20374,3686,Bullish
1987-05-29,3931,1060,-824.0,-9.0,17981,2871,Bearish Reversal
1987-06-15,4698,1475,767.0,415.0,18955,3223,Bullish
1987-06-30,3036,1114,-1662.0,-361.0,17362,1922,Bearish Reversal
1987-07-15,3409,678,373.0,-436.0,16906,2731,Bullish Reversal
1987-07-31,5760,900,2351.0,222.0,20947,4860,Bullish
1987-08-14,6100,766,340.0,-134.0,25255,5334,Bullish
1987-08-31,5021,1321,-1079.0,555.0,22280,3700,Bearish Reversal
1987-09-15,5547,1791,526.0,470.0,24360,3756,Bullish
1987-09-30,4830,1904,-717.0,113.0,26233,2926,Bearish
1987-10-15,4084,1099,-746.0,-805.0,22771,2985,Bullish Reversal
1987-10-30,3977,1892,-107.0,793.0,22183,2085,Bearish Reversal
1987-11-13,3902,2372,-75.0,480.0,20455,1530,Bearish Reversal
1987-11-30,3959,1887,57.0,-485.0,20141,2072,Bullish Reversal
1987-12-15,3947,2353,-12.0,466.0,20365,1594,Bearish
1987-12-31,2940,1177,-1007.0,-1176.0,17764,1763,Bullish Reversal
1988-01-15,2477,1215,-463.0,38.0,17211,1262,Bearish Reversal
1988-01-29,2703,3616,226.0,2401.0,20135,-913,Bearish
1988-02-12,1953,2434,-750.0,-1182.0,17365,-481,Bullish Reversal
1988-02-29,2150,3073,197.0,639.0,19237,-923,Bearish
1988-03-15,2382,1166,232.0,-1907.0,16042,1216,Bullish Reversal
1988-03-31,2581,1355,199.0,189.0,17534,1226,Bullish
1988-04-15,2754,1838,173.0,483.0,16640,916,Bearish Reversal
1988-04-29,2575,1799,-179.0,-39.0,15535,776,Bearish Reversal
1988-05-13,3051,2108,476.0,309.0,18018,943,Bullish
1988-05-31,4438,1983,1387.0,-125.0,23062,2455,Bullish
1988-06-15,3970,1808,-468.0,-175.0,22700,2162,Bearish Reversal
1988-06-30,3845,1858,-125.0,50.0,21102,1987,Bearish Reversal
1988-07-15,3256,1891,-589.0,33.0,19539,1365,Bearish Reversal
1988-07-29,2546,1581,-710.0,-310.0,18396,965,Bearish Reversal
1988-08-15,3033,1410,487.0,-171.0,17094,1623,Bullish Reversal
1988-08-31,5094,1247,2061.0,-163.0,17737,3847,Bullish
1988-09-15,5289,2601,195.0,1354.0,20563,2688,Bearish
1988-09-30,3797,2466,-1492.0,-135.0,21333,1331,Bearish
1988-10-14,3673,1845,-124.0,-621.0,19665,1828,Bullish Reversal
1988-10-31,3229,1273,-444.0,-572.0,17982,1956,Bullish Reversal
1988-11-15,8096,1856,4867.0,583.0,22047,6240,Bullish
1988-11-30,10133,1748,2037.0,-108.0,25030,8385,Bullish
1988-12-15,8154,1751,-1979.0,3.0,25836,6403,Bearish
1988-12-30,4349,1588,-3805.0,-163.0,19919,2761,Bearish Reversal
1989-01-13,3720,1904,-629.0,316.0,19558,1816,Bearish Reversal
1989-01-31,3433,1959,-287.0,55.0,18527,1474,Bearish Reversal
1989-02-15,3892,2524,459.0,565.0,19131,1368,Bearish
1989-02-28,3657,2146,-235.0,-378.0,19144,1511,Bullish
1989-03-15,4660,1978,1003.0,-168.0,20478,2682,Bullish
1989-03-31,3491,2886,-1169.0,908.0,19029,605,Bearish Reversal
1989-04-14,7037,2239,3546.0,-647.0,21823,4798,Bullish
1989-04-28,6214,1865,-823.0,-374.0,19616,4349,Bearish Reversal
1989-05-15,5968,2297,-246.0,432.0,18888,3671,Bearish Reversal
1989-05-31,5197,5501,-771.0,3204.0,20745,-304,Bearish
1989-06-15,4254,5369,-943.0,-132.0,21377,-1115,Bearish
1989-06-30,2992,3337,-1262.0,-2032.0,18295,-345,Bullish Reversal
1989-07-14,3543,2937,551.0,-400.0,17082,606,Bullish Reversal
1989-07-31,2663,3958,-880.0,1021.0,17914,-1295,Bearish
1989-08-15,2513,4940,-150.0,982.0,19302,-2427,Bearish
1989-08-31,2768,5686,255.0,746.0,20191,-2918,Bearish
1989-09-15,2846,5217,78.0,-469.0,20344,-2371,Bullish
1989-09-29,3369,2699,523.0,-2518.0,17484,670,Bullish Reversal
1989-10-13,3459,2288,90.0,-411.0,17025,1171,Bullish Reversal
1989-10-31,4136,2340,677.0,52.0,18262,1796,Bullish
1989-11-15,6559,2302,2423.0,-38.0,19947,4257,Bullish
1989-11-30,5937,1148,-622.0,-1154.0,21056,4789,Bullish
1989-12-15,4426,1153,-1511.0,5.0,21283,3273,Bearish
1989-12-29,3227,1211,-1199.0,58.0,18767,2016,Bearish Reversal
1990-01-15,2644,2787,-583.0,1576.0,19442,-143,Bearish
1990-01-31,3680,531,1036.0,-2256.0,18777,3149,Bullish Reversal
1990-02-15,5300,770,1620.0,239.0,19917,4530,Bullish
1990-02-28,3006,1377,-2294.0,607.0,14948,1629,Bearish Reversal
1990-03-15,2755,2129,-251.0,752.0,15620,626,Bearish
1990-03-30,3486,3429,731.0,1300.0,17029,57,Bearish
1990-04-12,3046,3549,-440.0,120.0,15561,-503,Bearish Reversal
1990-04-30,2789,4428,-257.0,879.0,16415,-1639,Bearish
1990-05-15,2642,3352,-147.0,-1076.0,16762,-710,Bullish
1990-05-31,3555,1061,913.0,-2291.0,15825,2494,Bullish Reversal
1990-06-15,2997,2112,-558.0,1051.0,15568,885,Bearish Reversal
1990-06-29,2825,1972,-172.0,-140.0,16464,853,Bearish
1990-07-13,3020,2604,195.0,632.0,14756,416,Bearish Reversal
1990-07-31,3866,2250,846.0,-354.0,17005,1616,Bullish
1990-08-15,4489,976,623.0,-1274.0,18169,3513,Bullish
1990-08-31,1794,1805,-2695.0,829.0,16420,-11,Bearish Reversal
1990-09-14,2494,4430,700.0,2625.0,19324,-1936,Bearish
1990-09-28,2605,4257,111.0,-173.0,19752,-1652,Bullish
1990-10-15,2443,3889,-162.0,-368.0,17400,-1446,Bullish Reversal
1990-10-31,1717,2385,-726.0,-1504.0,17140,-668,Bullish Reversal
1990-11-15,2007,2714,290.0,329.0,16433,-707,Bearish Reversal
1990-11-30,2052,2382,45.0,-332.0,15599,-330,Bullish Reversal
1990-12-14,3555,2933,1503.0,551.0,17630,622,Bullish
1990-12-31,2209,2895,-1346.0,-38.0,16089,-686,Bearish Reversal
1991-01-15,1839,2816,-370.0,-79.0,14511,-977,Bearish Reversal
1991-01-31,1952,3871,113.0,1055.0,15785,-1919,Bearish
1991-02-15,1899,3915,-53.0,44.0,15948,-2016,Bearish
1991-02-28,1974,2525,75.0,-1390.0,16555,-551,Bullish
1991-03-15,2801,2105,827.0,-420.0,16213,696,Bullish Reversal
1991-03-28,1390,2683,-1411.0,578.0,15153,-1293,Bearish Reversal
1991-04-15,1410,2287,20.0,-396.0,13833,-877,Bullish Reversal
1991-04-30,2193,3311,783.0,1024.0,15640,-1118,Bearish
1991-05-15,2407,2578,214.0,-733.0,15450,-171,Bullish Reversal
1991-05-31,2671,3432,264.0,854.0,17663,-761,Bearish
1991-06-14,2753,4253,82.0,821.0,18675,-1500,Bearish
1991-06-28,1900,4399,-853.0,146.0,17370,-2499,Bearish Reversal
1991-07-15,2436,3624,536.0,-775.0,16600,-1188,Bullish Reversal
1991-07-31,3187,6230,751.0,2606.0,19138,-3043,Bearish
1991-08-15,4364,5951,1177.0,-279.0,19630,-1587,Bullish
1991-08-30,4751,5907,387.0,-44.0,19724,-1156,Bullish
1991-09-16,4109,4362,-642.0,-1545.0,18397,-253,Bullish Reversal
1991-09-30,3634,4100,-475.0,-262.0,18162,-466,Bearish Reversal
1991-10-15,4492,1237,858.0,-2863.0,16493,3255,Bullish Reversal
1991-10-31,2626,807,-1866.0,-430.0,13310,1819,Bearish Reversal
1991-11-15,2517,2229,-109.0,1422.0,13437,288,Bearish
1991-11-29,2984,975,467.0,-1254.0,13386,2009,Bullish Reversal
1991-12-13,2557,3437,-427.0,2462.0,15365,-880,Bearish
1991-12-31,3046,4997,489.0,1560.0,15238,-1951,Bearish Reversal
1992-01-15,3748,5506,702.0,509.0,15710,-1758,Bullish
1992-01-31,4194,3435,446.0,-2071.0,15551,759,Bullish Reversal
1992-02-14,4357,448,163.0,-2987.0,14513,3909,Bullish Reversal
1992-02-28,3307,917,-1050.0,469.0,13785,2390,Bearish Reversal
1992-03-13,3310,668,3.0,-249.0,14668,2642,Bullish
1992-03-31,3507,1867,197.0,1199.0,13029,1640,Bearish Reversal
1992-04-15,3603,3511,96.0,1644.0,13867,92,Bearish
1992-04-30,4217,5050,614.0,1539.0,16124,-833,Bearish
1992-05-15,4361,1955,144.0,-3095.0,14690,2406,Bullish Reversal
1992-05-29,8131,709,3770.0,-1246.0,18332,7422,Bullish
1992-06-15,7038,692,-1093.0,-17.0,20754,6346,Bearish
1992-06-30,7884,540,846.0,-152.0,19309,7344,Bullish Reversal
1992-07-15,10546,515,2662.0,-25.0,21885,10031,Bullish
1992-07-31,7464,460,-3082.0,-55.0,18608,7004,Bearish Reversal
1992-08-14,2878,3153,-4586.0,2693.0,18186,-275,Bearish Reversal
1992-08-31,2561,2904,-317.0,-249.0,18115,-343,Bearish Reversal
1992-09-15,60,50,,,1424,10,No signal
1992-09-15,2793,2185,232.0,-719.0,17035,608,Bullish Reversal
1992-09-30,0,0,-60.0,-50.0,1484,0,Bearish
1992-09-30,4776,483,1983.0,-1702.0,15724,4293,Bullish Reversal
1992-10-06,0,0,0.0,0.0,1507,0,Bearish
1992-10-06,4454,762,-322.0,279.0,15251,3692,Bullish Reversal
1992-10-13,0,0,0.0,0.0,1594,0,Bearish
1992-10-13,2859,1360,-1595.0,598.0,14109,1499,Bullish Reversal
1992-10-20,0,0,0.0,0.0,1604,0,Bearish
1992-10-20,3018,1328,159.0,-32.0,13821,1690,Bullish Reversal
1992-10-27,0,0,0.0,0.0,1624,0,Bearish
1992-10-27,3067,1193,49.0,-135.0,13610,1874,Bullish Reversal
1992-11-03,53,0,53.0,0.0,1688,53,Bearish
1992-11-03,3226,1337,159.0,144.0,12831,1889,Bullish Reversal
1992-11-10,0,0,-53.0,0.0,1655,0,Bearish Reversal
1992-11-10,4067,1477,841.0,140.0,13410,2590,Bullish
1992-11-17,0,0,0.0,0.0,1678,0,Bearish
1992-11-17,3622,2243,-445.0,766.0,13857,1379,Bullish
1992-11-24,0,231,0.0,231.0,1516,-231,Bearish Reversal
1992-11-24,4072,502,450.0,-1741.0,13152,3570,Bullish Reversal
1992-12-01,0,0,0.0,-231.0,1302,0,Bearish Reversal
1992-12-01,3692,544,-380.0,42.0,12835,3148,Bullish Reversal
1992-12-08,0,0,0.0,0.0,994,0,Bearish Reversal
1992-12-08,7324,532,3632.0,-12.0,16127,6792,Bullish
1992-12-15,0,0,0.0,0.0,769,0,Bearish Reversal
1992-12-15,7147,179,-177.0,-353.0,15618,6968,Bullish Reversal
1992-12-22,5955,104,-1192.0,-75.0,13733,5851,Bearish Reversal
1992-12-29,5602,130,-353.0,26.0,12297,5472,Bearish Reversal
1993-01-05,4486,1268,-1116.0,1138.0,11218,3218,Bearish Reversal
1993-01-12,5006,435,520.0,-833.0,10996,4571,Bullish Reversal
1993-01-19,5162,415,156.0,-20.0,11665,4747,Bullish
1993-01-26,6785,70,1623.0,-345.0,13209,6715,Bullish
1993-02-02,6074,150,-711.0,80.0,12444,5924,Bearish Reversal
1993-02-09,7197,500,1123.0,350.0,14512,6697,Bullish
1993-02-16,9458,314,2261.0,-186.0,16872,9144,Bullish
1993-02-23,5879,2802,-3579.0,2488.0,13615,3077,Bearish Reversal
1993-03-02,6100,3405,221.0,603.0,14126,2695,Bearish
1993-03-09,5999,3515,-101.0,110.0,13410,2484,Bearish Reversal
1993-03-16,5609,2431,-390.0,-1084.0,13089,3178,Bullish Reversal
1993-03-23,5710,1155,101.0,-1276.0,11856,4555,Bullish Reversal
1993-03-30,6880,852,1170.0,-303.0,12536,6028,Bullish
1993-04-06,7638,142,758.0,-710.0,12770,7496,Bullish
1993-04-13,7502,214,-136.0,72.0,13398,7288,Bearish
1993-04-20,9631,212,2129.0,-2.0,16254,9419,Bullish
1993-04-27,10532,461,901.0,249.0,17862,10071,Bullish
1993-05-04,11205,1076,673.0,615.0,18741,10129,Bullish
1993-05-11,9838,1124,-1367.0,48.0,18784,8714,Bearish
1993-05-18,9596,1104,-242.0,-20.0,20383,8492,Bearish
1993-05-25,9664,1458,68.0,354.0,20190,8206,Bearish Reversal
1993-06-01,9704,1260,40.0,-198.0,20180,8444,Bullish Reversal
1993-06-08,8482,594,-1222.0,-666.0,18698,7888,Bearish Reversal
1993-06-15,7254,706,-1228.0,112.0,17109,6548,Bearish Reversal
1993-06-22,7157,747,-97.0,41.0,16319,6410,Bearish Reversal
1993-06-29,7679,229,522.0,-518.0,16623,7450,Bullish
1993-07-06,9641,244,1962.0,15.0,19678,9397,Bullish
1993-07-13,11560,248,1919.0,4.0,20811,11312,Bullish
1993-07-20,11644,297,84.0,49.0,21712,11347,Bullish
1993-07-27,11817,341,173.0,44.0,21868,11476,Bullish
1993-08-03,12680,575,863.0,234.0,22827,12105,Bullish
1993-08-10,10173,454,-2507.0,-121.0,19594,9719,Bearish Reversal
1993-08-17,8486,703,-1687.0,249.0,17364,7783,Bearish Reversal
1993-08-24,8022,539,-464.0,-164.0,17296,7483,Bearish Reversal
1993-08-31,7924,1513,-98.0,974.0,18046,6411,Bearish
1993-09-07,6536,3018,-1388.0,1505.0,18190,3518,Bearish
1993-09-14,6316,3091,-220.0,73.0,17047,3225,Bearish Reversal
1993-09-21,6419,2432,103.0,-659.0,15854,3987,Bullish Reversal
1993-09-28,6399,1699,-20.0,-733.0,16173,4700,Bullish
1993-10-05,6066,2123,-333.0,424.0,15473,3943,Bearish Reversal
1993-10-12,6349,1272,283.0,-851.0,15239,5077,Bullish Reversal
1993-10-19,6861,1000,512.0,-272.0,15220,5861,Bullish Reversal
1993-10-26,7388,632,527.0,-368.0,16142,6756,Bullish
1993-11-02,7510,816,122.0,184.0,15749,6694,Bearish Reversal
1993-11-09,7643,210,133.0,-606.0,16280,7433,Bullish
1993-11-16,8117,238,474.0,28.0,17119,7879,Bullish
1993-11-23,7355,763,-762.0,525.0,16935,6592,Bearish Reversal
1993-11-30,7767,891,412.0,128.0,16559,6876,Bullish Reversal
1993-12-07,8492,490,725.0,-401.0,17150,8002,Bullish
1993-12-14,11350,348,2858.0,-142.0,20794,11002,Bullish
1993-12-21,12073,312,723.0,-36.0,20937,11761,Bullish
1993-12-28,11871,308,-202.0,-4.0,20576,11563,Bearish Reversal
1994-01-04,12903,425,1032.0,117.0,21011,12478,Bullish
1994-01-11,11331,742,-1572.0,317.0,19432,10589,Bearish Reversal
1994-01-18,11339,721,8.0,-21.0,19205,10618,Bullish Reversal
1994-01-25,8723,690,-2616.0,-31.0,17260,8033,Bearish Reversal
1994-02-01,9119,76,396.0,-614.0,17934,9043,Bullish
1994-02-08,9202,245,83.0,169.0,18203,8957,Bearish
1994-02-15,11877,544,2675.0,299.0,21901,11333,Bullish
1994-02-22,12452,1310,575.0,766.0,22305,11142,Bearish
1994-03-01,9197,1238,-3255.0,-72.0,19610,7959,Bearish Reversal
1994-03-08,9255,1030,58.0,-208.0,19219,8225,Bullish Reversal
1994-03-15,13230,1102,3975.0,72.0,22777,12128,Bullish
1994-03-22,11831,641,-1399.0,-461.0,22106,11190,Bearish Reversal
1994-03-29,14028,998,2197.0,357.0,24073,13030,Bullish
1994-04-05,14116,754,88.0,-244.0,24742,13362,Bullish
1994-04-12,11979,657,-2137.0,-97.0,22603,11322,Bearish Reversal
1994-04-19,10787,1658,-1192.0,1001.0,22014,9129,Bearish Reversal
1994-04-26,9793,1659,-994.0,1.0,21394,8134,Bearish Reversal
1994-05-03,8835,689,-958.0,-970.0,20650,8146,Bullish Reversal
1994-05-10,9463,655,628.0,-34.0,20774,8808,Bullish
1994-05-17,10130,593,667.0,-62.0,21939,9537,Bullish
1994-05-24,11366,345,1236.0,-248.0,23570,11021,Bullish
1994-05-31,10077,395,-1289.0,50.0,22157,9682,Bearish Reversal
1994-06-07,10023,410,-54.0,15.0,21589,9613,Bearish Reversal
1994-06-14,11140,169,1117.0,-241.0,22603,10971,Bullish
1994-06-21,12879,562,1739.0,393.0,24085,12317,Bullish
1994-06-28,10044,601,-2835.0,39.0,22329,9443,Bearish Reversal
1994-07-05,14641,636,4597.0,35.0,24714,14005,Bullish
1994-07-12,12090,349,-2551.0,-287.0,22646,11741,Bearish Reversal
1994-07-19,15078,650,2988.0,301.0,25181,14428,Bullish
1994-07-26,16201,942,1123.0,292.0,26950,15259,Bullish
1994-08-02,15868,935,-333.0,-7.0,27457,14933,Bearish
1994-08-09,11826,708,-4042.0,-227.0,24299,11118,Bearish Reversal
1994-08-16,11710,881,-116.0,173.0,24192,10829,Bearish Reversal
1994-08-23,11282,1203,-428.0,322.0,24503,10079,Bearish
1994-08-30,11108,955,-174.0,-248.0,24990,10153,Bullish
1994-09-06,11906,379,798.0,-576.0,25111,11527,Bullish
1994-09-13,11744,202,-162.0,-177.0,24781,11542,Bullish Reversal
1994-09-20,10906,146,-838.0,-56.0,23544,10760,Bearish Reversal
1994-09-27,10954,190,48.0,44.0,23326,10764,Bullish Reversal
1994-10-04,11642,376,688.0,186.0,22623,11266,Bullish Reversal
1994-10-11,11496,617,-146.0,241.0,23541,10879,Bearish
1994-10-18,9706,888,-1790.0,271.0,23072,8818,Bearish Reversal
1994-10-25,12310,634,2604.0,-254.0,25494,11676,Bullish
1994-11-01,10080,1093,-2230.0,459.0,24790,8987,Bearish Reversal
1994-11-08,7486,3222,-2594.0,2129.0,27233,4264,Bearish
1994-11-15,7472,4497,-14.0,1275.0,26731,2975,Bearish Reversal
1994-11-22,6898,4390,-574.0,-107.0,25590,2508,Bearish Reversal
1994-11-29,6567,4716,-331.0,326.0,26515,1851,Bearish
1994-12-06,7362,6741,795.0,2025.0,27994,621,Bearish
1994-12-13,6312,5373,-1050.0,-1368.0,28451,939,Bullish
1994-12-20,7070,2799,758.0,-2574.0,25221,4271,Bullish Reversal
1994-12-27,7457,2742,387.0,-57.0,24481,4715,Bullish Reversal
1995-01-03,7892,2530,435.0,-212.0,23506,5362,Bullish Reversal
1995-01-10,5900,4851,-1992.0,2321.0,23526,1049,Bearish
1995-01-17,6417,3116,517.0,-1735.0,23206,3301,Bullish Reversal
1995-01-24,6436,2582,19.0,-534.0,22818,3854,Bullish Reversal
1995-01-31,6210,2290,-226.0,-292.0,22143,3920,Bullish Reversal
1995-02-07,5746,3979,-464.0,1689.0,22797,1767,Bearish
1995-02-14,6043,3636,297.0,-343.0,22887,2407,Bullish
1995-02-21,6241,3297,198.0,-339.0,23843,2944,Bullish
1995-02-28,5831,3360,-410.0,63.0,23422,2471,Bearish Reversal
1995-03-07,5522,3757,-309.0,397.0,25789,1765,Bearish
1995-03-14,5679,2499,157.0,-1258.0,24892,3180,Bullish Reversal
1995-03-21,4148,1721,-1531.0,-778.0,22602,2427,Bearish Reversal
1995-03-28,4206,1238,58.0,-483.0,19899,2968,Bullish Reversal
1995-04-04,9743,1013,5537.0,-225.0,22081,8730,Bullish
1995-04-11,10893,1318,1150.0,305.0,24386,9575,Bullish
1995-04-18,10726,1261,-167.0,-57.0,24979,9465,Bearish
1995-04-25,7826,1130,-2900.0,-131.0,23093,6696,Bearish Reversal
1995-05-02,7154,1301,-672.0,171.0,22125,5853,Bearish Reversal
1995-05-09,6686,1241,-468.0,-60.0,22684,5445,Bearish
1995-05-16,3673,804,-3013.0,-437.0,20248,2869,Bearish Reversal
1995-05-23,3622,1152,-51.0,348.0,19849,2470,Bearish Reversal
1995-05-30,3766,959,144.0,-193.0,20247,2807,Bullish
1995-06-06,3822,1484,56.0,525.0,20136,2338,Bearish Reversal
1995-06-13,5122,831,1300.0,-653.0,21890,4291,Bullish
1995-06-20,7269,1122,2147.0,291.0,22584,6147,Bullish
1995-06-27,7597,969,328.0,-153.0,21659,6628,Bullish Reversal
1995-07-03,6276,884,-1321.0,-85.0,20151,5392,Bearish Reversal
1995-07-11,5077,1208,-1199.0,324.0,19575,3869,Bearish Reversal
1995-07-18,6288,591,1211.0,-617.0,20295,5697,Bullish
1995-07-25,5134,3873,-1154.0,3282.0,21799,1261,Bearish
1995-08-01,5779,6346,645.0,2473.0,24410,-567,Bearish
1995-08-08,5658,6454,-121.0,108.0,26115,-796,Bearish
1995-08-15,6007,6682,349.0,228.0,27416,-675,Bullish
1995-08-22,6734,2854,727.0,-3828.0,24357,3880,Bullish Reversal
1995-08-29,7064,2558,330.0,-296.0,23654,4506,Bullish Reversal
1995-09-05,6746,2744,-318.0,186.0,24468,4002,Bearish
1995-09-12,7578,1923,832.0,-821.0,24133,5655,Bullish Reversal
1995-09-19,8119,278,541.0,-1645.0,23548,7841,Bullish Reversal
1995-09-26,6032,2044,-2087.0,1766.0,21339,3988,Bearish Reversal
1995-10-03,5827,5370,-205.0,3326.0,24526,457,Bearish
1995-10-10,6307,6533,480.0,1163.0,24976,-226,Bearish
1995-10-17,5878,6809,-429.0,276.0,25195,-931,Bearish
1995-10-24,5896,6924,18.0,115.0,23740,-1028,Bearish Reversal
1995-10-31,6143,6861,247.0,-63.0,23996,-718,Bullish
1995-11-07,6271,4485,128.0,-2376.0,23466,1786,Bullish Reversal
1995-11-14,5599,2008,-672.0,-2477.0,21111,3591,Bullish Reversal
1995-11-21,5708,2058,109.0,50.0,21505,3650,Bullish
1995-11-28,5403,2178,-305.0,120.0,20035,3225,Bearish Reversal
1995-12-05,5902,3104,499.0,926.0,22329,2798,Bearish
1995-12-12,5916,2346,14.0,-758.0,21065,3570,Bullish Reversal
1995-12-19,5952,4274,36.0,1928.0,20208,1678,Bearish Reversal
1995-12-26,5854,4225,-98.0,-49.0,19575,1629,Bearish Reversal
1996-01-02,7137,7499,1283.0,3274.0,23825,-362,Bearish
1996-01-09,8058,2018,921.0,-5481.0,22544,6040,Bullish Reversal
1996-01-16,9620,1456,1562.0,-562.0,22787,8164,Bullish
1996-01-23,12042,434,2422.0,-1022.0,24418,11608,Bullish
1996-01-30,11054,157,-988.0,-277.0,22721,10897,Bearish Reversal
1996-02-06,11271,54,217.0,-103.0,22592,11217,Bullish Reversal
1996-02-13,9810,245,-1461.0,191.0,21589,9565,Bearish Reversal
1996-02-20,10038,172,228.0,-73.0,21435,9866,Bullish Reversal
1996-02-27,7783,656,-2255.0,484.0,20376,7127,Bearish Reversal
1996-03-05,7441,2215,-342.0,1559.0,22945,5226,Bearish
1996-03-12,7279,1912,-162.0,-303.0,21973,5367,Bullish Reversal
1996-03-19,7114,1798,-165.0,-114.0,22912,5316,Bearish
1996-03-26,8321,1732,1207.0,-66.0,23999,6589,Bullish
1996-04-02,7746,4514,-575.0,2782.0,25408,3232,Bearish
1996-04-09,7321,4535,-425.0,21.0,23894,2786,Bearish Reversal
1996-04-16,6937,5564,-384.0,1029.0,25168,1373,Bearish
1996-04-23,6796,5132,-141.0,-432.0,25104,1664,Bullish Reversal
1996-04-30,6890,5337,94.0,205.0,25428,1553,Bearish
1996-05-07,6705,4873,-185.0,-464.0,25509,1832,Bullish
1996-05-14,6625,4830,-80.0,-43.0,25758,1795,Bearish
1996-05-21,7264,6013,639.0,1183.0,26948,1251,Bearish
1996-05-28,7361,6028,97.0,15.0,28012,1333,Bullish
1996-06-04,7549,6289,188.0,261.0,27319,1260,Bearish Reversal
1996-06-11,8110,6642,561.0,353.0,28079,1468,Bullish
1996-06-18,8105,6612,-5.0,-30.0,27574,1493,Bullish Reversal
1996-06-25,8706,6542,601.0,-70.0,28157,2164,Bullish
1996-07-02,8391,6422,-315.0,-120.0,26618,1969,Bearish Reversal
1996-07-09,8438,6842,47.0,420.0,26953,1596,Bearish
1996-07-16,8092,5146,-346.0,-1696.0,27059,2946,Bullish
1996-07-23,8130,2869,38.0,-2277.0,25789,5261,Bullish Reversal
1996-07-30,7250,1800,-880.0,-1069.0,24709,5450,Bullish Reversal
1996-08-06,8869,458,1619.0,-1342.0,25607,8411,Bullish
1996-08-13,8167,339,-702.0,-119.0,25087,7828,Bearish Reversal
1996-08-20,7055,281,-1112.0,-58.0,25600,6774,Bearish
1996-08-27,6838,160,-217.0,-121.0,25691,6678,Bearish
1996-09-03,5650,2795,-1188.0,2635.0,25881,2855,Bearish
1996-09-10,6334,4698,684.0,1903.0,27849,1636,Bearish
1996-09-17,7220,8297,886.0,3599.0,29670,-1077,Bearish
1996-09-24,7080,7924,-140.0,-373.0,29287,-844,Bullish Reversal
1996-10-01,7268,7929,188.0,5.0,28478,-661,Bullish Reversal
1996-10-08,7532,7964,264.0,35.0,28571,-432,Bullish
1996-10-15,7261,6192,-271.0,-1772.0,28170,1069,Bullish Reversal
1996-10-22,7441,5915,180.0,-277.0,28238,1526,Bullish
1996-10-29,7705,6503,264.0,588.0,28419,1202,Bearish
1996-11-05,7385,6724,-320.0,221.0,27600,661,Bearish Reversal
1996-11-12,7306,4734,-79.0,-1990.0,28219,2572,Bullish
1996-11-19,7445,4690,139.0,-44.0,27096,2755,Bullish Reversal
1996-11-26,7155,6777,-290.0,2087.0,27224,378,Bearish
1996-12-03,7345,8729,190.0,1952.0,28171,-1384,Bearish
1996-12-10,8160,9103,815.0,374.0,31203,-943,Bullish
1996-12-17,8191,8191,31.0,-912.0,30613,0,Bullish Reversal
1996-12-24,7872,7342,-319.0,-849.0,26810,530,Bullish Reversal
1996-12-31,8381,7279,509.0,-63.0,25990,1102,Bullish Reversal
1997-01-07,7621,8310,-760.0,1031.0,25506,-689,Bearish Reversal
1997-01-14,6765,6880,-856.0,-1430.0,24454,-115,Bullish Reversal
1997-01-21,6974,7177,209.0,297.0,26487,-203,Bearish
1997-01-28,6768,7257,-206.0,80.0,26727,-489,Bearish
1997-02-04,7060,6973,292.0,-284.0,27204,87,Bullish
1997-02-11,7577,6215,517.0,-758.0,27951,1362,Bullish
1997-02-18,5785,2534,-1792.0,-3681.0,25792,3251,Bullish Reversal
1997-02-25,6489,965,704.0,-1569.0,24564,5524,Bullish Reversal
1997-03-04,9353,2240,2864.0,1275.0,25314,7113,Bullish
1997-03-11,8847,1658,-506.0,-582.0,24752,7189,Bullish Reversal
1997-03-18,8269,1482,-578.0,-176.0,21025,6787,Bearish Reversal
1997-03-25,7786,617,-483.0,-865.0,19763,7169,Bullish Reversal
1997-04-01,4722,620,-3064.0,3.0,16622,4102,Bearish Reversal
1997-04-08,4118,2103,-604.0,1483.0,16439,2015,Bearish Reversal
1997-04-15,3727,1855,-391.0,-248.0,16396,1872,Bearish Reversal
1997-04-22,4040,1258,313.0,-597.0,16448,2782,Bullish
1997-04-29,4216,1222,176.0,-36.0,16792,2994,Bullish
1997-05-06,4306,1371,90.0,149.0,17080,2935,Bearish
1997-05-13,7813,1476,3507.0,105.0,19115,6337,Bullish
1997-05-20,9279,1759,1466.0,283.0,20529,7520,Bullish
1997-05-27,9185,847,-94.0,-912.0,19673,8338,Bullish Reversal
1997-06-03,9970,1017,785.0,170.0,19926,8953,Bullish
1997-06-10,9403,1135,-567.0,118.0,20069,8268,Bearish
1997-06-17,8161,1212,-1242.0,77.0,18426,6949,Bearish Reversal
1997-06-24,6435,1054,-1726.0,-158.0,16236,5381,Bearish Reversal
1997-07-01,5960,1036,-475.0,-18.0,15481,4924,Bearish Reversal
1997-07-08,5715,875,-245.0,-161.0,13304,4840,Bearish Reversal
1997-07-15,4600,576,-1115.0,-299.0,12338,4024,Bearish Reversal
1997-07-22,4699,693,99.0,117.0,12565,4006,Bearish
1997-07-29,6042,761,1343.0,68.0,13707,5281,Bullish
1997-08-05,7771,1072,1729.0,311.0,14896,6699,Bullish
1997-08-12,7684,887,-87.0,-185.0,14863,6797,Bullish Reversal
1997-08-19,5897,516,-1787.0,-371.0,13843,5381,Bearish Reversal
1997-08-26,5138,456,-759.0,-60.0,13482,4682,Bearish Reversal
1997-09-02,5035,597,-103.0,141.0,13025,4438,Bearish Reversal
1997-09-09,5739,896,704.0,299.0,14157,4843,Bullish
1997-09-16,6054,375,315.0,-521.0,13498,5679,Bullish Reversal
1997-09-23,7125,430,1071.0,55.0,13801,6695,Bullish
1997-09-30,7210,426,85.0,-4.0,13939,6784,Bullish
1997-10-07,7833,431,623.0,5.0,13577,7402,Bullish Reversal
1997-10-14,8061,539,228.0,108.0,13919,7522,Bullish
1997-10-21,8364,547,303.0,8.0,14071,7817,Bullish
1997-10-28,4709,1565,-3655.0,1018.0,12346,3144,Bearish Reversal
1997-11-04,4652,1627,-57.0,62.0,12687,3025,Bearish
1997-11-11,2827,2750,-1825.0,1123.0,11934,77,Bearish Reversal
1997-11-18,3027,4162,200.0,1412.0,12541,-1135,Bearish
1997-11-25,3049,4349,22.0,187.0,13151,-1300,Bearish
1997-12-02,3211,4292,162.0,-57.0,12859,-1081,Bullish Reversal
1997-12-09,3278,4914,67.0,622.0,14261,-1636,Bearish
1997-12-16,2197,5298,-1081.0,384.0,14846,-3101,Bearish
1997-12-23,2314,4978,117.0,-320.0,14101,-2664,Bullish Reversal
1997-12-30,2340,4376,26.0,-602.0,11168,-2036,Bullish Reversal
1998-01-06,2278,4003,-62.0,-373.0,11266,-1725,Bullish
1998-01-13,2411,3681,133.0,-322.0,11559,-1270,Bullish
1998-01-20,2633,1521,222.0,-2160.0,10555,1112,Bullish Reversal
1998-01-27,2811,1307,178.0,-214.0,10097,1504,Bullish Reversal
1998-02-03,3426,829,615.0,-478.0,10566,2597,Bullish
1998-02-10,4883,348,1457.0,-481.0,11308,4535,Bullish
1998-02-17,4439,580,-444.0,232.0,11039,3859,Bearish Reversal
1998-02-24,3715,957,-724.0,377.0,10645,2758,Bearish Reversal
1998-03-03,3725,766,10.0,-191.0,10784,2959,Bullish
1998-03-10,3959,625,234.0,-141.0,11479,3334,Bullish
1998-03-17,5011,273,1052.0,-352.0,13112,4738,Bullish
1998-03-24,7996,435,2985.0,162.0,16486,7561,Bullish
1998-03-31,7887,251,-109.0,-184.0,13571,7636,Bullish Reversal
1998-04-07,7747,196,-140.0,-55.0,13501,7551,Bearish Reversal
1998-04-14,8673,256,926.0,60.0,14204,8417,Bullish
1998-04-21,7989,176,-684.0,-80.0,13510,7813,Bearish Reversal
1998-04-28,8052,116,63.0,-60.0,13366,7936,Bullish Reversal
1998-05-05,7751,347,-301.0,231.0,13408,7404,Bearish
1998-05-12,5687,754,-2064.0,407.0,11715,4933,Bearish Reversal
1998-05-19,5536,354,-151.0,-400.0,12077,5182,Bullish
1998-05-26,4311,769,-1225.0,415.0,11060,3542,Bearish Reversal
1998-06-02,3903,2635,-408.0,1866.0,10810,1268,Bearish Reversal
1998-06-09,3634,2995,-269.0,360.0,11518,639,Bearish
1998-06-16,3449,3885,-185.0,890.0,11955,-436,Bearish
1998-06-23,3587,3609,138.0,-276.0,11484,-22,Bullish Reversal
1998-06-30,4068,3476,481.0,-133.0,11169,592,Bullish Reversal
1998-07-07,4248,2240,180.0,-1236.0,11301,2008,Bullish
1998-07-14,4548,1284,300.0,-956.0,10485,3264,Bullish Reversal
1998-07-21,4959,467,411.0,-817.0,11026,4492,Bullish
1998-07-28,4706,244,-253.0,-223.0,9935,4462,Bearish Reversal
1998-08-04,4172,247,-534.0,3.0,9409,3925,Bearish Reversal
1998-08-11,4411,310,239.0,63.0,9435,4101,Bullish
1998-08-18,3884,1152,-527.0,842.0,9463,2732,Bearish
1998-08-25,4001,1727,117.0,575.0,10209,2274,Bearish
1998-09-01,2927,3176,-1074.0,1449.0,10991,-249,Bearish
1998-09-08,2872,3430,-55.0,254.0,11277,-558,Bearish
1998-09-15,3223,3383,351.0,-47.0,11886,-160,Bullish
1998-09-22,3613,3899,390.0,516.0,12330,-286,Bearish
1998-09-29,4005,6524,392.0,2625.0,13570,-2519,Bearish
1998-10-06,2621,7655,-1384.0,1131.0,14162,-5034,Bearish
1998-10-13,2368,7384,-253.0,-271.0,14062,-5016,Bullish Reversal
1998-10-20,2930,7511,562.0,127.0,14711,-4581,Bullish
1998-10-27,3066,7243,136.0,-268.0,15648,-4177,Bullish
1998-11-03,2964,7785,-102.0,542.0,16442,-4821,Bearish
1998-11-10,3273,7008,309.0,-777.0,16169,-3735,Bullish Reversal
1998-11-17,4744,5972,1471.0,-1036.0,15989,-1228,Bullish Reversal
1998-11-24,4926,2884,182.0,-3088.0,14400,2042,Bullish Reversal
1998-12-01,4718,2874,-208.0,-10.0,14329,1844,Bearish Reversal
1998-12-08,4305,2876,-413.0,2.0,13694,1429,Bearish Reversal
1998-12-15,4383,2845,78.0,-31.0,13325,1538,Bullish Reversal
1998-12-22,4069,4276,-314.0,1431.0,13363,-207,Bearish
1998-12-29,4164,3627,95.0,-649.0,12408,537,Bullish Reversal
1999-01-05,5324,953,1160.0,-2674.0,11549,4371,Bullish Reversal
1999-01-12,5926,827,602.0,-126.0,12722,5099,Bullish
1999-01-19,5427,1030,-499.0,203.0,12190,4397,Bearish Reversal
1999-01-26,5007,1707,-420.0,677.0,12422,3300,Bearish
1999-02-02,4381,4650,-626.0,2943.0,13429,-269,Bearish
1999-02-09,4550,3634,169.0,-1016.0,13261,916,Bullish Reversal
1999-02-16,6554,1231,2004.0,-2403.0,13657,5323,Bullish
1999-02-23,9719,1086,3165.0,-145.0,17366,8633,Bullish
1999-03-02,10577,1044,858.0,-42.0,17969,9533,Bullish
1999-03-09,10679,1264,102.0,220.0,18175,9415,Bearish
1999-03-16,9206,652,-1473.0,-612.0,16185,8554,Bearish Reversal
1999-03-23,9738,205,532.0,-447.0,16166,9533,Bullish Reversal
1999-03-30,7229,1283,-2509.0,1078.0,13998,5946,Bearish Reversal
1999-04-06,5978,930,-1251.0,-353.0,11990,5048,Bearish Reversal
1999-04-13,4745,1206,-1233.0,276.0,10696,3539,Bearish Reversal
1999-04-20,4854,1128,109.0,-78.0,11043,3726,Bullish
1999-04-27,4449,2714,-405.0,1586.0,11640,1735,Bearish
1999-05-04,4010,5089,-439.0,2375.0,12174,-1079,Bearish
1999-05-11,4204,5234,194.0,145.0,12235,-1030,Bullish
1999-05-18,4404,5480,200.0,246.0,12413,-1076,Bearish
1999-05-25,4279,5262,-125.0,-218.0,12379,-983,Bullish Reversal
1999-06-01,3506,3147,-773.0,-2115.0,11321,359,Bullish Reversal
1999-06-08,4262,1081,756.0,-2066.0,11523,3181,Bullish
1999-06-15,5798,1581,1536.0,500.0,12147,4217,Bullish
1999-06-22,3812,6373,-1986.0,4792.0,13892,-2561,Bearish
1999-06-29,3547,6066,-265.0,-307.0,13110,-2519,Bullish Reversal
1999-07-06,4025,6954,478.0,888.0,13254,-2929,Bearish
1999-07-13,4620,7514,595.0,560.0,14742,-2894,Bullish
1999-07-20,4667,7254,47.0,-260.0,14766,-2587,Bullish
1999-07-27,4348,7437,-319.0,183.0,15639,-3089,Bearish
1999-08-03,4116,7723,-232.0,286.0,15253,-3607,Bearish Reversal
1999-08-10,4687,6392,571.0,-1331.0,14399,-1705,Bullish Reversal
1999-08-17,3532,6828,-1155.0,436.0,14166,-3296,Bearish Reversal
1999-08-24,3136,5550,-396.0,-1278.0,12623,-2414,Bullish Reversal
1999-08-31,3159,5838,23.0,288.0,12574,-2679,Bearish Reversal
1999-09-07,2980,4919,-179.0,-919.0,12642,-1939,Bullish
1999-09-14,8670,532,5690.0,-4387.0,15240,8138,Bullish
1999-09-21,10611,375,1941.0,-157.0,16435,10236,Bullish
1999-09-28,10676,662,65.0,287.0,15903,10014,Bearish Reversal
1999-10-05,11210,351,534.0,-311.0,15353,10859,Bullish Reversal
1999-10-12,10967,412,-243.0,61.0,15261,10555,Bearish Reversal
1999-10-19,11030,535,63.0,123.0,14660,10495,Bearish Reversal
1999-10-26,10376,528,-654.0,-7.0,14323,9848,Bearish Reversal
1999-11-02,9243,387,-1133.0,-141.0,13399,8856,Bearish Reversal
1999-11-09,9278,382,35.0,-5.0,13724,8896,Bullish
1999-11-16,10447,574,1169.0,192.0,14118,9873,Bullish
1999-11-23,7767,152,-2680.0,-422.0,12223,7615,Bearish Reversal
1999-11-30,7463,156,-304.0,4.0,11807,7307,Bearish Reversal
1999-12-07,7152,156,-311.0,0.0,11956,6996,Bearish
1999-12-14,7035,102,-117.0,-54.0,11857,6933,Bearish Reversal
1999-12-21,6362,100,-673.0,-2.0,11597,6262,Bearish Reversal
1999-12-28,7434,127,1072.0,27.0,12192,7307,Bullish
2000-01-04,6768,100,-666.0,-27.0,11816,6668,Bearish Reversal
2000-01-11,4761,100,-2007.0,0.0,9627,4661,Bearish Reversal
2000-01-18,5334,210,573.0,110.0,10320,5124,Bullish
2000-01-25,7284,800,1950.0,590.0,11610,6484,Bullish
2000-02-01,7165,872,-119.0,72.0,11351,6293,Bearish Reversal
2000-02-08,6671,2516,-494.0,1644.0,11277,4155,Bearish Reversal
2000-02-15,6983,2497,312.0,-19.0,11444,4486,Bullish
2000-02-22,6644,2343,-339.0,-154.0,10942,4301,Bearish Reversal
2000-02-29,5577,2250,-1067.0,-93.0,9531,3327,Bearish Reversal
2000-03-07,5151,1764,-426.0,-486.0,8754,3387,Bullish Reversal
2000-03-14,5420,1771,269.0,7.0,8874,3649,Bullish
2000-03-21,5743,1857,323.0,86.0,9524,3886,Bullish
2000-03-28,5711,1921,-32.0,64.0,9699,3790,Bearish
2000-04-04,6214,1956,503.0,35.0,9687,4258,Bullish Reversal
2000-04-11,4664,1730,-1550.0,-226.0,8358,2934,Bearish Reversal
2000-04-18,4710,1642,46.0,-88.0,8732,3068,Bullish
2000-04-25,3279,1620,-1431.0,-22.0,7732,1659,Bearish Reversal
2000-05-02,3500,1722,221.0,102.0,8124,1778,Bullish
2000-05-09,3650,1801,150.0,79.0,8305,1849,Bullish
2000-05-16,3462,1758,-188.0,-43.0,8404,1704,Bearish
2000-05-23,5311,2209,1849.0,451.0,10081,3102,Bullish
2000-05-30,6378,2560,1067.0,351.0,11105,3818,Bullish
2000-06-06,7132,2467,754.0,-93.0,11439,4665,Bullish
2000-06-13,6080,2152,-1052.0,-315.0,10514,3928,Bearish Reversal
2000-06-20,6048,2212,-32.0,60.0,10482,3836,Bearish Reversal
2000-06-27,5876,2089,-172.0,-123.0,10377,3787,Bearish Reversal
2000-07-05,4869,1671,-1007.0,-418.0,8832,3198,Bearish Reversal
2000-07-11,4981,1816,112.0,145.0,8915,3165,Bearish
2000-07-18,5670,1949,689.0,133.0,9718,3721,Bullish
2000-07-25,6120,2037,450.0,88.0,10008,4083,Bullish
2000-08-01,5888,2076,-232.0,39.0,10219,3812,Bearish
2000-08-08,5049,1818,-839.0,-258.0,9559,3231,Bearish Reversal
2000-08-15,5011,1809,-38.0,-9.0,9569,3202,Bearish
2000-08-22,4990,1887,-21.0,78.0,9547,3103,Bearish Reversal
2000-08-29,5402,2182,412.0,295.0,9992,3220,Bullish
2000-09-05,5490,2325,88.0,143.0,10136,3165,Bearish
2000-09-12,5212,2190,-278.0,-135.0,9771,3022,Bearish Reversal
2000-09-19,4748,1909,-464.0,-281.0,9726,2839,Bearish Reversal
2000-09-26,4121,1780,-627.0,-129.0,8930,2341,Bearish Reversal
2000-10-03,3354,1635,-767.0,-145.0,8240,1719,Bearish Reversal
2000-10-10,3448,1615,94.0,-20.0,8220,1833,Bullish Reversal
2000-10-17,3472,1776,24.0,161.0,8104,1696,Bearish Reversal
2000-10-24,3597,1656,125.0,-120.0,7946,1941,Bullish Reversal
2000-10-31,3558,1657,-39.0,1.0,7598,1901,Bearish Reversal
2000-11-07,4075,1614,517.0,-43.0,8102,2461,Bullish
2000-11-14,4122,1509,47.0,-105.0,8346,2613,Bullish
2000-11-21,3941,1457,-181.0,-52.0,8001,2484,Bearish Reversal
2000-11-28,4460,1600,519.0,143.0,8373,2860,Bullish
2000-12-05,4853,1608,393.0,8.0,8899,3245,Bullish
2000-12-12,4656,1553,-197.0,-55.0,8732,3103,Bearish Reversal
2000-12-19,4505,1496,-151.0,-57.0,8586,3009,Bearish Reversal
2000-12-26,4545,1495,40.0,-1.0,8055,3050,Bullish Reversal
2001-01-02,4675,1488,130.0,-7.0,8257,3187,Bullish
2001-01-09,4959,1579,284.0,91.0,8860,3380,Bullish
2001-01-16,5003,541,44.0,-1038.0,8961,4462,Bullish
2001-01-23,4388,370,-615.0,-171.0,8333,4018,Bearish Reversal
2001-01-30,3309,312,-1079.0,-58.0,7656,2997,Bearish Reversal
2001-02-06,3040,315,-269.0,3.0,7506,2725,Bearish Reversal
2001-02-13,2236,292,-804.0,-23.0,7147,1944,Bearish Reversal
2001-02-20,2287,290,51.0,-2.0,7188,1997,Bullish
2001-02-27,2511,292,224.0,2.0,7221,2219,Bullish
2001-03-06,1878,504,-633.0,212.0,7496,1374,Bearish
2001-03-13,1773,515,-105.0,11.0,7375,1258,Bearish Reversal
2001-03-20,1486,718,-287.0,203.0,6125,768,Bearish Reversal
2001-03-27,888,788,-598.0,70.0,6015,100,Bearish Reversal
2001-04-03,476,1579,-412.0,791.0,6558,-1103,Bearish
2001-04-10,486,1898,10.0,319.0,6714,-1412,Bearish
2001-04-17,508,903,22.0,-995.0,6412,-395,Bullish Reversal
2001-04-24,964,827,456.0,-76.0,6834,137,Bullish
2001-05-01,1079,643,115.0,-184.0,6743,436,Bullish Reversal
2001-05-08,1990,246,911.0,-397.0,7253,1744,Bullish
2001-05-15,2414,513,424.0,267.0,7510,1901,Bullish
2001-05-22,2663,328,249.0,-185.0,7620,2335,Bullish
2001-05-29,3084,381,421.0,53.0,7893,2703,Bullish
2001-06-05,1516,352,-1568.0,-29.0,6146,1164,Bearish Reversal
2001-06-12,1362,370,-154.0,18.0,6108,992,Bearish Reversal
2001-06-19,979,426,-383.0,56.0,5523,553,Bearish Reversal
2001-06-26,724,617,-255.0,191.0,5237,107,Bearish Reversal
2001-07-03,711,1512,-13.0,895.0,5844,-801,Bearish
2001-07-10,726,1853,15.0,341.0,6185,-1127,Bearish
2001-07-17,824,2016,98.0,163.0,6395,-1192,Bearish
2001-07-24,796,1937,-28.0,-79.0,6270,-1141,Bullish Reversal
2001-07-31,871,1945,75.0,8.0,6211,-1074,Bullish Reversal
2001-08-07,961,1536,90.0,-409.0,6046,-575,Bullish Reversal
2001-08-14,926,1358,-35.0,-178.0,5701,-432,Bullish Reversal
2001-08-21,1067,1375,141.0,17.0,6045,-308,Bullish
2001-08-28,998,1301,-69.0,-74.0,6086,-303,Bullish
2001-09-04,954,1477,-44.0,176.0,6028,-523,Bearish Reversal
2001-09-10,944,1365,-10.0,-112.0,6095,-421,Bullish
2001-09-18,1085,1096,141.0,-269.0,5774,-11,Bullish Reversal
2001-09-25,846,929,-239.0,-167.0,4904,-83,Bearish Reversal
2001-10-02,950,1348,104.0,419.0,5157,-398,Bearish
2001-10-09,944,1543,-6.0,195.0,5164,-599,Bearish
2001-10-16,933,1529,-11.0,-14.0,5369,-596,Bullish
2001-10-23,1020,1648,87.0,119.0,5681,-628,Bearish
2001-10-30,1049,1668,29.0,20.0,5793,-619,Bullish
2001-11-06,1058,1917,9.0,249.0,6051,-859,Bearish
2001-11-13,1129,1705,71.0,-212.0,6230,-576,Bullish
2001-11-20,1113,1350,-16.0,-355.0,6122,-237,Bullish Reversal
2001-11-27,1169,1262,56.0,-88.0,6198,-93,Bullish
2001-12-04,1149,837,-20.0,-425.0,6139,312,Bullish Reversal
2001-12-11,1142,567,-7.0,-270.0,5853,575,Bullish Reversal
2001-12-18,1085,335,-57.0,-232.0,6027,750,Bullish
2001-12-21,1060,196,-25.0,-139.0,6088,864,Bullish
2001-12-28,1528,0,468.0,-196.0,6222,1528,Bullish
2002-01-08,1884,0,356.0,0.0,6348,1884,Bullish
2002-01-15,2240,0,356.0,0.0,6741,2240,Bullish
2002-01-22,2306,0,66.0,0.0,6853,2306,Bullish
2002-01-29,1537,400,-769.0,400.0,6522,1137,Bearish Reversal
2002-02-05,1131,512,-406.0,112.0,5978,619,Bearish Reversal
2002-02-12,933,315,-198.0,-197.0,5894,618,Bearish Reversal
2002-02-19,1412,156,479.0,-159.0,6153,1256,Bullish
2002-02-26,1994,252,582.0,96.0,6723,1742,Bullish
2002-03-05,2189,157,195.0,-95.0,7166,2032,Bullish
2002-03-12,2305,222,116.0,65.0,7241,2083,Bullish
2002-03-19,2585,256,280.0,34.0,7283,2329,Bullish
2002-03-26,2423,135,-162.0,-121.0,6781,2288,Bearish Reversal
2002-04-02,2515,145,92.0,10.0,6825,2370,Bullish
2002-04-09,2691,145,176.0,0.0,6612,2546,Bullish Reversal
2002-04-16,2851,278,160.0,133.0,6704,2573,Bullish
2002-04-23,3306,381,455.0,103.0,6433,2925,Bullish Reversal
2002-04-30,3863,407,557.0,26.0,7107,3456,Bullish
2002-05-07,2194,390,-1669.0,-17.0,5749,1804,Bearish Reversal
2002-05-14,1995,263,-199.0,-127.0,5746,1732,Bearish Reversal
2002-05-21,2381,257,386.0,-6.0,5828,2124,Bullish
2002-05-28,2585,578,204.0,321.0,6113,2007,Bearish
2002-06-04,3020,573,435.0,-5.0,6461,2447,Bullish
2002-06-11,3100,642,80.0,69.0,6668,2458,Bullish
2002-06-18,3545,669,445.0,27.0,7282,2876,Bullish
2002-06-25,3732,611,187.0,-58.0,7303,3121,Bullish
2002-07-02,2799,754,-933.0,143.0,6373,2045,Bearish Reversal
2002-07-09,2199,837,-600.0,83.0,5765,1362,Bearish Reversal
2002-07-16,1749,803,-450.0,-34.0,5491,946,Bearish Reversal
2002-07-23,1017,647,-732.0,-156.0,4957,370,Bearish Reversal
2002-07-30,1001,608,-16.0,-39.0,5056,393,Bullish
2002-08-06,1036,649,35.0,41.0,5135,387,Bearish
2002-08-13,2534,798,1498.0,149.0,6090,1736,Bullish
2002-08-20,4289,881,1755.0,83.0,6795,3408,Bullish
2002-08-27,4623,1195,334.0,314.0,7245,3428,Bullish
2002-09-03,4306,1060,-317.0,-135.0,7404,3246,Bearish
2002-09-10,3141,987,-1165.0,-73.0,6628,2154,Bearish Reversal
2002-09-17,3671,952,530.0,-35.0,6802,2719,Bullish
2002-09-24,3950,1025,279.0,73.0,7264,2925,Bullish
2002-10-01,4039,1033,89.0,8.0,6923,3006,Bullish Reversal
2002-10-08,4180,1000,141.0,-33.0,7025,3180,Bullish
2002-10-15,4534,1138,354.0,138.0,7365,3396,Bullish
2002-10-22,4680,1084,146.0,-54.0,7282,3596,Bullish Reversal
2002-10-29,4730,1099,50.0,15.0,7297,3631,Bullish
2002-11-05,4314,1112,-416.0,13.0,6873,3202,Bearish Reversal
2002-11-12,4536,1316,222.0,204.0,7109,3220,Bullish
2002-11-19,5177,1570,641.0,254.0,7799,3607,Bullish
2002-11-26,5092,1483,-85.0,-87.0,7549,3609,Bullish Reversal
2002-12-03,5075,1461,-17.0,-22.0,7959,3614,Bullish
2002-12-10,5429,1361,354.0,-100.0,8798,4068,Bullish
2002-12-17,5882,1270,453.0,-91.0,9047,4612,Bullish
2002-12-23,4350,1040,-1532.0,-230.0,8075,3310,Bearish Reversal
2002-12-31,4231,1113,-119.0,73.0,8255,3118,Bearish
2003-01-07,5107,1272,876.0,159.0,8579,3835,Bullish
2003-01-14,5739,1275,632.0,3.0,8899,4464,Bullish
2003-01-21,5638,1179,-101.0,-96.0,8575,4459,Bearish Reversal
2003-01-28,5623,1182,-15.0,3.0,8649,4441,Bearish
2003-02-04,5212,1150,-411.0,-32.0,8678,4062,Bearish
2003-02-11,5294,1161,82.0,11.0,8568,4133,Bullish Reversal
2003-02-14,5013,1163,-281.0,2.0,8305,3850,Bearish Reversal
2003-02-25,4269,1066,-744.0,-97.0,7552,3203,Bearish Reversal
2003-03-04,4376,1018,107.0,-48.0,8288,3358,Bullish
2003-03-11,5185,1074,809.0,56.0,9202,4111,Bullish
2003-03-18,4755,1027,-430.0,-47.0,9022,3728,Bearish Reversal
2003-03-25,2437,829,-2318.0,-198.0,6714,1608,Bearish Reversal
2003-04-01,2313,771,-124.0,-58.0,6341,1542,Bearish Reversal
2003-04-08,2349,366,36.0,-405.0,6634,1983,Bullish
2003-04-15,1922,355,-427.0,-11.0,6230,1567,Bearish Reversal
2003-04-22,1885,337,-37.0,-18.0,6200,1548,Bearish Reversal
2003-04-29,2134,430,249.0,93.0,6302,1704,Bullish
2003-05-06,2177,686,43.0,256.0,6275,1491,Bearish Reversal
2003-05-13,2713,288,536.0,-398.0,6454,2425,Bullish
2003-05-20,3342,91,629.0,-197.0,6918,3251,Bullish
2003-05-27,3974,100,632.0,9.0,7274,3874,Bullish
2003-06-03,3691,54,-283.0,-46.0,6464,3637,Bearish Reversal
2003-06-10,3348,140,-343.0,86.0,6678,3208,Bearish
2003-06-17,3247,137,-101.0,-3.0,6583,3110,Bearish Reversal
2003-06-24,3997,155,750.0,18.0,7695,3842,Bullish
2003-07-01,3956,73,-41.0,-82.0,6598,3883,Bullish Reversal
2003-07-08,4165,75,209.0,2.0,6750,4090,Bullish
2003-07-15,4920,144,755.0,69.0,7642,4776,Bullish
2003-07-22,5386,317,466.0,173.0,7945,5069,Bullish
2003-07-29,5716,460,330.0,143.0,8114,5256,Bullish
2003-08-05,5677,476,-39.0,16.0,8096,5201,Bearish Reversal
2003-08-12,5997,553,320.0,77.0,8523,5444,Bullish
2003-08-19,6186,513,189.0,-40.0,8649,5673,Bullish
2003-08-26,6248,406,62.0,-107.0,8700,5842,Bullish
2003-09-02,6584,640,336.0,234.0,9218,5944,Bullish
2003-09-09,6500,627,-84.0,-13.0,9066,5873,Bearish Reversal
2003-09-16,5965,604,-535.0,-23.0,8771,5361,Bearish Reversal
2003-09-23,5660,466,-305.0,-138.0,8670,5194,Bearish Reversal
2003-09-30,5230,131,-430.0,-335.0,8447,5099,Bearish Reversal
2003-10-07,5942,338,712.0,207.0,8600,5604,Bullish
2003-10-14,5464,414,-478.0,76.0,8223,5050,Bearish Reversal
2003-10-21,5723,545,259.0,131.0,8201,5178,Bullish Reversal
2003-10-28,5824,641,101.0,96.0,8515,5183,Bullish
2003-11-04,6106,836,282.0,195.0,9173,5270,Bullish
2003-11-11,6175,879,69.0,43.0,9697,5296,Bullish
2003-11-18,6152,972,-23.0,93.0,9524,5180,Bearish Reversal
2003-11-25,5876,797,-276.0,-175.0,9153,5079,Bearish Reversal
2003-12-02,6266,966,390.0,169.0,9969,5300,Bullish
2003-12-09,5994,1044,-272.0,78.0,9594,4950,Bearish Reversal
2003-12-16,5846,1440,-148.0,396.0,9922,4406,Bearish
2003-12-22,4990,1368,-856.0,-72.0,8822,3622,Bearish Reversal
2003-12-30,4972,1229,-18.0,-139.0,8261,3743,Bullish Reversal
2004-01-06,5176,1209,204.0,-20.0,8500,3967,Bullish
2004-01-13,4962,1172,-214.0,-37.0,8417,3790,Bearish Reversal
2004-01-20,5052,1116,90.0,-56.0,8348,3936,Bullish Reversal
2004-01-27,4809,1123,-243.0,7.0,8085,3686,Bearish Reversal
2004-02-03,3589,1065,-1220.0,-58.0,7126,2524,Bearish Reversal
2004-02-10,3262,707,-327.0,-358.0,7069,2555,Bullish Reversal
2004-02-17,3967,690,705.0,-17.0,7649,3277,Bullish
2004-02-24,3988,610,21.0,-80.0,7332,3378,Bullish Reversal
2004-03-02,5190,642,1202.0,32.0,8759,4548,Bullish
2004-03-09,5183,574,-7.0,-68.0,8675,4609,Bullish Reversal
2004-03-16,5173,831,-10.0,257.0,9156,4342,Bearish
2004-03-23,5177,989,4.0,158.0,8985,4188,Bearish Reversal
2004-03-30,4422,863,-755.0,-126.0,8490,3559,Bearish Reversal
2004-04-06,4789,832,367.0,-31.0,8327,3957,Bullish Reversal
2004-04-12,4748,914,-41.0,82.0,8280,3834,Bearish Reversal
2004-04-20,4528,904,-220.0,-10.0,8122,3624,Bearish Reversal
2004-04-27,1976,863,-2552.0,-41.0,6469,1113,Bearish Reversal
2004-05-04,1588,759,-388.0,-104.0,6083,829,Bearish Reversal
2004-05-11,1471,622,-117.0,-137.0,5551,849,Bullish Reversal
2004-05-18,1230,821,-241.0,199.0,5384,409,Bearish Reversal
2004-05-25,1180,843,-50.0,22.0,5420,337,Bearish
2004-06-01,1205,975,25.0,132.0,5375,230,Bearish Reversal
2004-06-08,1218,999,13.0,24.0,5541,219,Bearish
2004-06-15,1139,1212,-79.0,213.0,5737,-73,Bearish
2004-06-22,900,981,-239.0,-231.0,5647,-81,Bearish Reversal
2004-06-29,979,1382,79.0,401.0,5527,-403,Bearish Reversal
2004-07-06,954,1454,-25.0,72.0,5553,-500,Bearish
2004-07-13,934,1104,-20.0,-350.0,5283,-170,Bullish Reversal
2004-07-20,1445,976,511.0,-128.0,5314,469,Bullish
2004-07-27,1847,942,402.0,-34.0,5616,905,Bullish
2004-08-03,1765,789,-82.0,-153.0,5408,976,Bullish Reversal
2004-08-10,2369,527,604.0,-262.0,6099,1842,Bullish
2004-08-17,3305,371,936.0,-156.0,7206,2934,Bullish
2004-08-24,2964,227,-341.0,-144.0,6435,2737,Bearish Reversal
2004-08-31,3025,327,61.0,100.0,6455,2698,Bearish
2004-09-07,2752,269,-273.0,-58.0,6157,2483,Bearish Reversal
2004-09-14,2214,386,-538.0,117.0,5535,1828,Bearish Reversal
2004-09-21,2293,404,79.0,18.0,5959,1889,Bullish
2004-09-28,3529,304,1236.0,-100.0,7005,3225,Bullish
2004-10-05,2165,283,-1364.0,-21.0,6241,1882,Bearish Reversal
2004-10-12,2064,183,-101.0,-100.0,6063,1881,Bearish Reversal
2004-10-19,1984,238,-80.0,55.0,5658,1746,Bearish Reversal
2004-10-26,2320,179,336.0,-59.0,6295,2141,Bullish
2004-11-02,1578,662,-742.0,483.0,5865,916,Bearish Reversal
2004-11-09,2341,307,763.0,-355.0,6503,2034,Bullish
2004-11-16,3621,251,1280.0,-56.0,7747,3370,Bullish
2004-11-23,3973,370,352.0,119.0,8166,3603,Bullish
2004-11-30,4135,370,162.0,0.0,8374,3765,Bullish
2004-12-07,5161,413,1026.0,43.0,9042,4748,Bullish
2004-12-14,1683,966,-3478.0,553.0,6538,717,Bearish Reversal
2004-12-21,1671,956,-12.0,-10.0,6374,715,Bearish Reversal
2004-12-28,2299,156,628.0,-800.0,6327,2143,Bullish Reversal
2005-01-04,2293,167,-6.0,11.0,6201,2126,Bearish Reversal
2005-01-11,2399,549,106.0,382.0,6443,1850,Bearish
2005-01-18,2637,229,238.0,-320.0,6609,2408,Bullish
2005-01-25,3330,297,693.0,68.0,7330,3033,Bullish
2005-02-01,4185,272,855.0,-25.0,7946,3913,Bullish
2005-02-08,3882,315,-303.0,43.0,7536,3567,Bearish Reversal
2005-02-15,3618,311,-264.0,-4.0,7432,3307,Bearish Reversal
2005-02-22,3773,355,155.0,44.0,7510,3418,Bullish
2005-03-01,3352,380,-421.0,25.0,7347,2972,Bearish Reversal
2005-03-08,3917,474,565.0,94.0,7852,3443,Bullish
2005-03-15,4324,553,407.0,79.0,8037,3771,Bullish
2005-03-22,4892,503,568.0,-50.0,8711,4389,Bullish
2005-03-29,4558,507,-334.0,4.0,7948,4051,Bearish Reversal
2005-04-05,4478,550,-80.0,43.0,7641,3928,Bearish Reversal
2005-04-12,4634,700,156.0,150.0,7606,3934,Bullish Reversal
2005-04-19,5386,1007,752.0,307.0,8254,4379,Bullish
2005-04-26,6254,1078,868.0,71.0,9180,5176,Bullish
2005-05-03,5898,1167,-356.0,89.0,8684,4731,Bearish Reversal
2005-05-10,6395,1237,497.0,70.0,9459,5158,Bullish
2005-05-17,4875,1530,-1520.0,293.0,8140,3345,Bearish Reversal
2005-05-24,4593,1142,-282.0,-388.0,7718,3451,Bullish Reversal
2005-05-31,4525,1059,-68.0,-83.0,7946,3466,Bullish
2005-06-07,5913,790,1388.0,-269.0,8806,5123,Bullish
2005-06-14,6470,790,557.0,0.0,9380,5680,Bullish
2005-06-21,7796,800,1326.0,10.0,11683,6996,Bullish
2005-06-28,8184,746,388.0,-54.0,11355,7438,Bullish Reversal
2005-07-05,5603,820,-2581.0,74.0,9070,4783,Bearish Reversal
2005-07-12,4089,860,-1514.0,40.0,7908,3229,Bearish Reversal
2005-07-19,4140,870,51.0,10.0,7869,3270,Bullish Reversal
2005-07-26,5576,762,1436.0,-108.0,8809,4814,Bullish
2005-08-02,7578,826,2002.0,64.0,10932,6752,Bullish
2005-08-09,8655,724,1077.0,-102.0,12334,7931,Bullish
2005-08-16,8117,641,-538.0,-83.0,11659,7476,Bearish Reversal
2005-08-23,7644,701,-473.0,60.0,11292,6943,Bearish Reversal
2005-08-30,7435,706,-209.0,5.0,10835,6729,Bearish Reversal
2005-09-06,7782,818,347.0,112.0,11319,6964,Bullish
2005-09-13,8383,914,601.0,96.0,11960,7469,Bullish
2005-09-20,10126,783,1743.0,-131.0,13480,9343,Bullish
2005-09-27,9536,606,-590.0,-177.0,12884,8930,Bearish Reversal
2005-10-04,10058,469,522.0,-137.0,13071,9589,Bullish
2005-10-11,10336,555,278.0,86.0,13455,9781,Bullish
2005-10-18,9361,536,-975.0,-19.0,12560,8825,Bearish Reversal
2005-10-25,9834,564,473.0,28.0,12774,9270,Bullish
2005-11-01,8024,472,-1810.0,-92.0,11075,7552,Bearish Reversal
2005-11-08,8500,462,476.0,-10.0,11525,8038,Bullish
2005-11-15,9811,671,1311.0,209.0,12913,9140,Bullish
2005-11-22,10153,745,342.0,74.0,13491,9408,Bullish
2005-11-29,10000,808,-153.0,63.0,13486,9192,Bearish Reversal
2005-12-06,8788,761,-1212.0,-47.0,12234,8027,Bearish Reversal
2005-12-13,8113,653,-675.0,-108.0,11939,7460,Bearish Reversal
2005-12-20,6392,766,-1721.0,113.0,10697,5626,Bearish Reversal
2005-12-27,6153,694,-239.0,-72.0,10323,5459,Bearish Reversal
2006-01-03,5527,701,-626.0,7.0,9381,4826,Bearish Reversal
2006-01-10,6046,846,519.0,145.0,9901,5200,Bullish
2006-01-17,6937,916,891.0,70.0,10829,6021,Bullish
2006-01-24,7460,1087,523.0,171.0,11275,6373,Bullish
2006-01-31,7772,1114,312.0,27.0,11686,6658,Bullish
2006-02-07,7170,1278,-602.0,164.0,11384,5892,Bearish Reversal
2006-02-14,5197,1404,-1973.0,126.0,9571,3793,Bearish Reversal
2006-02-21,4149,1020,-1048.0,-384.0,8736,3129,Bearish Reversal
2006-02-28,4302,1169,153.0,149.0,8576,3133,Bullish Reversal
2006-03-07,4467,1107,165.0,-62.0,8768,3360,Bullish
2006-03-14,3702,1177,-765.0,70.0,7959,2525,Bearish Reversal
2006-03-21,4063,1119,361.0,-58.0,7988,2944,Bullish
2006-03-28,4390,972,327.0,-147.0,8886,3418,Bullish
2006-04-04,4962,1144,572.0,172.0,9103,3818,Bullish
2006-04-11,4962,1059,0.0,-85.0,9290,3903,Bullish
2006-04-18,5176,959,214.0,-100.0,9559,4217,Bullish
2006-04-25,5422,964,246.0,5.0,9712,4458,Bullish
2006-05-02,5581,1064,159.0,100.0,9908,4517,Bullish
2006-05-09,5513,1211,-68.0,147.0,10009,4302,Bearish
2006-05-16,4481,1328,-1032.0,117.0,9357,3153,Bearish Reversal
2006-05-23,4503,1446,22.0,118.0,9495,3057,Bearish
2006-05-30,4745,1878,242.0,432.0,9616,2867,Bearish
2006-06-06,4079,2198,-666.0,320.0,8905,1881,Bearish Reversal
2006-06-13,3619,3164,-460.0,966.0,8614,455,Bearish Reversal
2006-06-20,3224,2018,-395.0,-1146.0,7379,1206,Bullish Reversal
2006-06-27,3336,1968,112.0,-50.0,8093,1368,Bullish
2006-07-03,3425,1238,89.0,-730.0,7338,2187,Bullish Reversal
2006-07-11,4389,946,964.0,-292.0,8213,3443,Bullish
2006-07-18,4949,893,560.0,-53.0,9022,4056,Bullish
2006-07-25,4623,648,-326.0,-245.0,8567,3975,Bearish Reversal
2006-08-01,5315,512,692.0,-136.0,9272,4803,Bullish
2006-08-08,5785,528,470.0,16.0,10176,5257,Bullish
2006-08-15,5652,443,-133.0,-85.0,9948,5209,Bearish Reversal
2006-08-22,5533,383,-119.0,-60.0,9877,5150,Bearish Reversal
2006-08-29,5368,525,-165.0,142.0,9665,4843,Bearish Reversal
2006-09-05,5890,645,522.0,120.0,10269,5245,Bullish
2006-09-12,5647,600,-243.0,-45.0,9399,5047,Bearish Reversal
2006-09-19,4771,550,-876.0,-50.0,8528,4221,Bearish Reversal
2006-09-26,4611,744,-160.0,194.0,8451,3867,Bearish Reversal
2006-10-03,4303,964,-308.0,220.0,7682,3339,Bearish Reversal
2006-10-10,3412,1643,-891.0,679.0,6968,1769,Bearish Reversal
2006-10-17,3320,1572,-92.0,-71.0,7288,1748,Bearish
2006-10-24,3464,1668,144.0,96.0,7046,1796,Bullish Reversal
2006-10-31,3356,1874,-108.0,206.0,7648,1482,Bearish
2006-11-07,4112,1548,756.0,-326.0,9085,2564,Bullish
2006-11-14,4084,1336,-28.0,-212.0,8258,2748,Bullish Reversal
2006-11-21,3642,804,-442.0,-532.0,7580,2838,Bullish Reversal
2006-11-28,3315,873,-327.0,69.0,8081,2442,Bearish
2006-12-05,2902,961,-413.0,88.0,8015,1941,Bearish Reversal
2006-12-12,2870,982,-32.0,21.0,8144,1888,Bearish
2006-12-19,2977,946,107.0,-36.0,8165,2031,Bullish
2006-12-26,2743,1031,-234.0,85.0,8549,1712,Bearish
2007-01-03,3715,1143,972.0,112.0,8383,2572,Bullish Reversal
2007-01-09,3357,1295,-358.0,152.0,8058,2062,Bearish Reversal
2007-01-16,3646,1141,289.0,-154.0,8504,2505,Bullish
2007-01-23,4527,1118,881.0,-23.0,9102,3409,Bullish
2007-01-30,5187,1241,660.0,123.0,9811,3946,Bullish
2007-02-06,5118,1199,-69.0,-42.0,10354,3919,Bearish
2007-02-13,5599,1404,481.0,205.0,10571,4195,Bullish
2007-02-20,5911,1367,312.0,-37.0,10908,4544,Bullish
2007-02-27,6781,1435,870.0,68.0,12289,5346,Bullish
2007-03-06,5521,789,-1260.0,-646.0,10978,4732,Bearish Reversal
2007-03-13,5724,710,203.0,-79.0,10704,5014,Bullish Reversal
2007-03-20,6292,1106,568.0,396.0,11339,5186,Bullish
2007-03-27,6515,962,223.0,-144.0,11320,5553,Bullish Reversal
2007-04-03,7215,1509,700.0,547.0,11787,5706,Bullish
2007-04-10,8067,1726,852.0,217.0,12684,6341,Bullish
2007-04-17,9385,1409,1318.0,-317.0,13788,7976,Bullish
2007-04-24,9753,1490,368.0,81.0,14767,8263,Bullish
2007-05-01,9662,1104,-91.0,-386.0,14652,8558,Bullish Reversal
2007-05-08,10140,1018,478.0,-86.0,15130,9122,Bullish
2007-05-15,11118,999,978.0,-19.0,16081,10119,Bullish
2007-05-22,10248,1283,-870.0,284.0,15141,8965,Bearish Reversal
2007-05-29,9483,1023,-765.0,-260.0,14738,8460,Bearish Reversal
2007-06-05,9635,923,152.0,-100.0,14730,8712,Bullish Reversal
2007-06-12,10196,938,561.0,15.0,15187,9258,Bullish
2007-06-19,10151,927,-45.0,-11.0,15231,9224,Bearish
2007-06-26,9289,1186,-862.0,259.0,15288,8103,Bearish
2007-07-03,9629,1088,340.0,-98.0,14533,8541,Bullish Reversal
2007-07-10,10889,1355,1260.0,267.0,15801,9534,Bullish
2007-07-17,12132,1323,1243.0,-32.0,17001,10809,Bullish
2007-07-24,13685,1409,1553.0,86.0,18768,12276,Bullish
2007-07-31,9037,878,-4648.0,-531.0,14773,8159,Bearish Reversal
2007-08-07,8946,994,-91.0,116.0,14573,7952,Bearish Reversal
2007-08-14,7150,768,-1796.0,-226.0,12933,6382,Bearish Reversal
2007-08-21,5740,1351,-1410.0,583.0,11119,4389,Bearish Reversal
2007-08-28,5478,1106,-262.0,-245.0,10529,4372,Bearish Reversal
2007-09-04,5273,979,-205.0,-127.0,10881,4294,Bearish
2007-09-11,6066,971,793.0,-8.0,11352,5095,Bullish
2007-09-18,7103,1148,1037.0,177.0,12205,5955,Bullish
2007-09-25,8772,841,1669.0,-307.0,13729,7931,Bullish
2007-10-02,9569,1714,797.0,873.0,14621,7855,Bearish
2007-10-09,9492,1631,-77.0,-83.0,14894,7861,Bullish
2007-10-16,10009,1771,517.0,140.0,14968,8238,Bullish
2007-10-23,10584,1774,575.0,3.0,15504,8810,Bullish
2007-10-30,10462,2144,-122.0,370.0,15695,8318,Bearish
2007-11-06,11377,2385,915.0,241.0,16382,8992,Bullish
2007-11-13,9208,2030,-2169.0,-355.0,13865,7178,Bearish Reversal
2007-11-20,9381,2134,173.0,104.0,13979,7247,Bullish
2007-11-27,8781,2492,-600.0,358.0,13612,6289,Bearish Reversal
2007-12-04,8928,2939,147.0,447.0,13897,5989,Bearish
2007-12-11,9306,2803,378.0,-136.0,14092,6503,Bullish
2007-12-18,10916,2713,1610.0,-90.0,16213,8203,Bullish
2007-12-24,11733,2524,817.0,-189.0,16670,9209,Bullish
2007-12-31,12647,2259,914.0,-265.0,17562,10388,Bullish
2008-01-08,14569,2816,1922.0,557.0,19500,11753,Bullish
2008-01-15,12945,2787,-1624.0,-29.0,17970,10158,Bearish Reversal
2008-01-22,12144,2361,-801.0,-426.0,16847,9783,Bearish Reversal
2008-01-29,11413,2677,-731.0,316.0,16759,8736,Bearish Reversal
2008-02-05,10648,2779,-765.0,102.0,15705,7869,Bearish Reversal
2008-02-12,10105,3013,-543.0,234.0,15135,7092,Bearish Reversal
2008-02-19,10078,3043,-27.0,30.0,16153,7035,Bearish
2008-02-26,9138,2943,-940.0,-100.0,15486,6195,Bearish Reversal
2008-03-04,8539,2673,-599.0,-270.0,15014,5866,Bearish Reversal
2008-03-11,7596,1989,-943.0,-684.0,13669,5607,Bearish Reversal
2008-03-18,6385,1933,-1211.0,-56.0,12575,4452,Bearish Reversal
2008-03-25,6363,1566,-22.0,-367.0,11413,4797,Bullish Reversal
2008-04-01,7281,1678,918.0,112.0,12018,5603,Bullish
2008-04-08,7606,1680,325.0,2.0,11916,5926,Bullish Reversal
2008-04-15,8306,1863,700.0,183.0,12533,6443,Bullish
2008-04-22,9592,1905,1286.0,42.0,13881,7687,Bullish
2008-04-29,9596,2004,4.0,99.0,13968,7592,Bearish
2008-05-06,9726,1662,130.0,-342.0,13961,8064,Bullish Reversal
2008-05-13,10432,1557,706.0,-105.0,15783,8875,Bullish
2008-05-20,11671,1925,1239.0,368.0,17225,9746,Bullish
2008-05-27,11729,2082,58.0,157.0,17295,9647,Bearish
2008-06-03,10045,2713,-1684.0,631.0,15395,7332,Bearish Reversal
2008-06-10,10811,2729,766.0,16.0,16138,8082,Bullish
2008-06-17,10767,2450,-44.0,-279.0,16146,8317,Bullish
2008-06-24,10179,1900,-588.0,-550.0,15051,8279,Bearish Reversal
2008-07-01,9846,2107,-333.0,207.0,15141,7739,Bearish
2008-07-08,9052,2543,-794.0,436.0,14647,6509,Bearish Reversal
2008-07-15,8799,2464,-253.0,-79.0,13943,6335,Bearish Reversal
2008-07-22,8235,3776,-564.0,1312.0,14632,4459,Bearish
2008-07-29,7102,3683,-1133.0,-93.0,13406,3419,Bearish Reversal
2008-08-05,6275,4115,-827.0,432.0,12078,2160,Bearish Reversal
2008-08-12,6117,4127,-158.0,12.0,12258,1990,Bearish
2008-08-19,6552,3562,435.0,-565.0,12563,2990,Bullish
2008-08-26,6403,2992,-149.0,-570.0,12355,3411,Bullish Reversal
2008-09-02,6679,3137,276.0,145.0,12994,3542,Bullish
2008-09-09,6609,3240,-70.0,103.0,13142,3369,Bearish
2008-09-16,6798,3257,189.0,17.0,13405,3541,Bullish
2008-09-23,7853,3177,1055.0,-80.0,14572,4676,Bullish
2008-09-30,7745,1656,-108.0,-1521.0,14679,6089,Bullish
2008-10-07,8409,1670,664.0,14.0,14850,6739,Bullish
2008-10-14,8581,1683,172.0,13.0,15240,6898,Bullish
2008-10-21,8128,1198,-453.0,-485.0,15106,6930,Bullish Reversal
2008-10-28,8440,1256,312.0,58.0,15434,7184,Bullish
2008-11-04,8299,1502,-141.0,246.0,15761,6797,Bearish
2008-11-11,9086,1337,787.0,-165.0,16055,7749,Bullish
2008-11-18,9339,1252,253.0,-85.0,16731,8087,Bullish
2008-11-25,9766,2017,427.0,765.0,17358,7749,Bearish
2008-12-02,8993,2108,-773.0,91.0,17325,6885,Bearish Reversal
2008-12-09,8361,2439,-632.0,331.0,16054,5922,Bearish Reversal
2008-12-16,8880,1750,519.0,-689.0,17045,7130,Bullish
2008-12-22,9467,1778,587.0,28.0,18191,7689,Bullish
2008-12-30,9389,2054,-78.0,276.0,18320,7335,Bearish
2009-01-06,9777,1785,388.0,-269.0,18386,7992,Bullish
2009-01-13,9758,1619,-19.0,-166.0,18294,8139,Bullish Reversal
2009-01-20,9212,1969,-546.0,350.0,17832,7243,Bearish Reversal
2009-01-27,9778,2394,566.0,425.0,18522,7384,Bullish
2009-02-03,10342,1729,564.0,-665.0,18927,8613,Bullish
2009-02-10,10869,1669,527.0,-60.0,19945,9200,Bullish
2009-02-17,11736,1607,867.0,-62.0,20510,10129,Bullish
2009-02-24,11390,1961,-346.0,354.0,20870,9429,Bearish
2009-03-03,10226,2075,-1164.0,114.0,19443,8151,Bearish Reversal
2009-03-10,10676,2426,450.0,351.0,20175,8250,Bullish
2009-03-17,9592,2640,-1084.0,214.0,19900,6952,Bearish Reversal
2009-03-24,10176,2187,584.0,-453.0,20940,7989,Bullish
2009-03-31,9851,2509,-325.0,322.0,20101,7342,Bearish Reversal
2009-04-07,10247,2748,396.0,239.0,20969,7499,Bullish
2009-04-14,10446,3012,199.0,264.0,21052,7434,Bearish
2009-04-21,9692,3197,-754.0,185.0,19879,6495,Bearish Reversal
2009-04-28,9710,3339,18.0,142.0,19767,6371,Bearish Reversal
2009-05-05,9913,3096,203.0,-243.0,20510,6817,Bullish
2009-05-12,9972,3000,59.0,-96.0,20600,6972,Bullish
2009-05-19,10523,3415,551.0,415.0,21174,7108,Bullish
2009-05-26,11175,3395,652.0,-20.0,21840,7780,Bullish
2009-06-02,11155,3631,-20.0,236.0,23162,7524,Bearish
2009-06-09,12535,3604,1380.0,-27.0,24233,8931,Bullish
2009-06-16,12654,3511,119.0,-93.0,23901,9143,Bullish Reversal
2009-06-23,12645,2727,-9.0,-784.0,23276,9918,Bullish Reversal
2009-06-30,12721,2736,76.0,9.0,22996,9985,Bullish Reversal
2009-07-07,12552,2429,-169.0,-307.0,21965,10123,Bullish Reversal
2009-07-14,12097,2929,-455.0,500.0,21566,9168,Bearish Reversal
2009-07-21,12867,3127,770.0,198.0,21774,9740,Bullish
2009-07-28,12833,2818,-34.0,-309.0,22289,10015,Bullish
2009-08-04,14046,2045,1213.0,-773.0,23272,12001,Bullish
2009-08-11,15039,2067,993.0,22.0,24264,12972,Bullish
2009-08-18,16498,2215,1459.0,148.0,25878,14283,Bullish
2009-08-25,17132,2400,634.0,185.0,27053,14732,Bullish
2009-09-01,16388,2353,-744.0,-47.0,26857,14035,Bearish Reversal
2009-09-08,17580,2432,1192.0,79.0,26908,15148,Bullish
2009-09-15,19097,2576,1517.0,144.0,29051,16521,Bullish
2009-09-22,20408,2184,1311.0,-392.0,30270,18224,Bullish
2009-09-29,19257,1886,-1151.0,-298.0,28591,17371,Bearish Reversal
2009-10-06,19956,2001,699.0,115.0,29743,17955,Bullish
2009-10-13,21518,2109,1562.0,108.0,31813,19409,Bullish
2009-10-20,21433,2236,-85.0,127.0,32227,19197,Bearish
2009-10-27,20804,1377,-629.0,-859.0,31649,19427,Bullish Reversal
2009-11-03,21025,1721,221.0,344.0,31269,19304,Bearish Reversal
2009-11-09,21897,1582,872.0,-139.0,32774,20315,Bullish
2009-11-17,23679,1834,1782.0,252.0,34656,21845,Bullish
2009-11-24,23772,2189,93.0,355.0,34981,21583,Bearish
2009-12-01,24407,1927,635.0,-262.0,35855,22480,Bullish
2009-12-08,22820,1706,-1587.0,-221.0,34120,21114,Bearish Reversal
2009-12-15,21926,1683,-894.0,-23.0,32909,20243,Bearish Reversal
2009-12-22,21309,1777,-617.0,94.0,32478,19532,Bearish Reversal
2009-12-29,21051,1792,-258.0,15.0,32473,19259,Bearish Reversal
2010-01-05,21663,1285,612.0,-507.0,33582,20378,Bullish
2010-01-12,23013,2854,1350.0,1569.0,34502,20159,Bearish
2010-01-19,22844,3416,-169.0,562.0,34352,19428,Bearish Reversal
2010-01-26,22932,4418,88.0,1002.0,34697,18514,Bearish
2010-02-02,23309,4286,377.0,-132.0,35072,19023,Bullish
2010-02-09,23263,3929,-46.0,-357.0,34325,19334,Bullish Reversal
2010-02-16,23881,3824,618.0,-105.0,35153,20057,Bullish
2010-02-23,23303,3026,-578.0,-798.0,34991,20277,Bullish Reversal
2010-03-02,23711,2608,408.0,-418.0,35096,21103,Bullish
2010-03-09,24468,2978,757.0,370.0,35953,21490,Bullish
2010-03-16,25041,2732,573.0,-246.0,36930,22309,Bullish
2010-03-23,25567,2104,526.0,-628.0,38255,23463,Bullish
2010-03-30,25341,2483,-226.0,379.0,37583,22858,Bearish Reversal
2010-04-06,25896,2251,555.0,-232.0,37763,23645,Bullish
2010-04-13,26261,2201,365.0,-50.0,37422,24060,Bullish Reversal
2010-04-20,25017,2070,-1244.0,-131.0,37178,22947,Bearish Reversal
2010-04-27,25761,2043,744.0,-27.0,37251,23718,Bullish
2010-05-04,25299,1830,-462.0,-213.0,36320,23469,Bearish Reversal
2010-05-11,24463,2046,-836.0,216.0,35673,22417,Bearish Reversal
2010-05-18,25018,1966,555.0,-80.0,35541,23052,Bullish Reversal
2010-05-25,17536,2548,-7482.0,582.0,30283,14988,Bearish Reversal
2010-06-01,18065,2902,529.0,354.0,30293,15163,Bullish
2010-06-08,17714,2240,-351.0,-662.0,29728,15474,Bullish Reversal
2010-06-15,17889,2090,175.0,-150.0,30659,15799,Bullish
2010-06-22,18139,1985,250.0,-105.0,30667,16154,Bullish
2010-06-29,17529,2329,-610.0,344.0,29497,15200,Bearish Reversal
2010-07-06,15931,2095,-1598.0,-234.0,28097,13836,Bearish Reversal
2010-07-13,16227,2324,296.0,229.0,27985,13903,Bullish Reversal
2010-07-20,15983,2562,-244.0,238.0,27646,13421,Bearish Reversal
2010-07-27,17781,2300,1798.0,-262.0,28971,15481,Bullish
2010-08-03,19996,2081,2215.0,-219.0,31615,17915,Bullish
2010-08-10,19445,1879,-551.0,-202.0,31262,17566,Bearish Reversal
2010-08-17,18945,2028,-500.0,149.0,31047,16917,Bearish Reversal
2010-08-24,18665,2405,-280.0,377.0,30248,16260,Bearish Reversal
2010-08-31,18475,2950,-190.0,545.0,31010,15525,Bearish
2010-09-07,19488,3033,1013.0,83.0,32647,16455,Bullish
2010-09-14,22073,2160,2585.0,-873.0,34637,19913,Bullish
2010-09-21,25054,2076,2981.0,-84.0,37937,22978,Bullish
2010-09-28,24818,1716,-236.0,-360.0,38523,23102,Bullish
2010-10-05,25087,1438,269.0,-278.0,38336,23649,Bullish Reversal
2010-10-12,26849,1602,1762.0,164.0,38698,25247,Bullish
2010-10-19,27286,1724,437.0,122.0,38488,25562,Bullish Reversal
2010-10-26,27507,764,221.0,-960.0,37906,26743,Bullish Reversal
2010-11-02,27971,930,464.0,166.0,38603,27041,Bullish
2010-11-09,29423,1319,1452.0,389.0,40815,28104,Bullish
2010-11-16,24747,2062,-4676.0,743.0,35418,22685,Bearish Reversal
2010-11-23,23959,2293,-788.0,231.0,34148,21666,Bearish Reversal
2010-11-30,23749,2358,-210.0,65.0,34501,21391,Bearish
2010-12-07,25325,1971,1576.0,-387.0,36578,23354,Bullish
2010-12-14,24484,1850,-841.0,-121.0,36520,22634,Bearish Reversal
2010-12-21,24785,1491,301.0,-359.0,37473,23294,Bullish
2010-12-28,25844,1159,1059.0,-332.0,38980,24685,Bullish
2011-01-04,27198,1416,1354.0,257.0,39620,25782,Bullish
2011-01-11,26369,1642,-829.0,226.0,38973,24727,Bearish Reversal
2011-01-18,31204,1387,4835.0,-255.0,41604,29817,Bullish
2011-01-25,30513,1654,-691.0,267.0,41995,28859,Bearish
2011-02-01,31081,1414,568.0,-240.0,42483,29667,Bullish
2011-02-08,31825,1702,744.0,288.0,43810,30123,Bullish
2011-02-15,30124,1240,-1701.0,-462.0,41375,28884,Bearish Reversal
2011-02-22,30208,1819,84.0,579.0,41700,28389,Bearish
2011-03-01,29576,1832,-632.0,13.0,41621,27744,Bearish Reversal
2011-03-08,28270,1478,-1306.0,-354.0,39640,26792,Bearish Reversal
2011-03-15,23298,3300,-4972.0,1822.0,35584,19998,Bearish Reversal
2011-03-22,21044,2541,-2254.0,-759.0,32752,18503,Bearish Reversal
2011-03-29,21156,2128,112.0,-413.0,32556,19028,Bullish Reversal
2011-04-05,22615,1621,1459.0,-507.0,33967,20994,Bullish
2011-04-12,25008,1687,2393.0,66.0,35727,23321,Bullish
2011-04-19,24834,1524,-174.0,-163.0,35352,23310,Bearish Reversal
2011-04-26,26458,1342,1624.0,-182.0,37110,25116,Bullish
2011-05-03,29084,2092,2626.0,750.0,40279,26992,Bullish
2011-05-10,25278,1551,-3806.0,-541.0,36391,23727,Bearish Reversal
2011-05-17,24063,1848,-1215.0,297.0,35215,22215,Bearish Reversal
2011-05-24,23564,2456,-499.0,608.0,34956,21108,Bearish Reversal
2011-05-31,23721,1980,157.0,-476.0,35121,21741,Bullish
2011-06-07,24790,1582,1069.0,-398.0,36399,23208,Bullish
2011-06-14,25760,1911,970.0,329.0,37506,23849,Bullish
2011-06-21,22882,3419,-2878.0,1508.0,35659,19463,Bearish Reversal
2011-06-28,20026,3555,-2856.0,136.0,30935,16471,Bearish Reversal
2011-07-05,20642,3802,616.0,247.0,31245,16840,Bullish
2011-07-12,21092,3975,450.0,173.0,31373,17117,Bullish
2011-07-19,21437,2110,345.0,-1865.0,31999,19327,Bullish
2011-07-26,23349,1805,1912.0,-305.0,33843,21544,Bullish
2011-08-02,24211,1238,862.0,-567.0,35099,22973,Bullish
2011-08-09,22980,4295,-1231.0,3057.0,36046,18685,Bearish
2011-08-16,25861,2534,2881.0,-1761.0,36041,23327,Bullish Reversal
2011-08-23,30030,1723,4169.0,-811.0,40688,28307,Bullish
2011-08-30,27892,1316,-2138.0,-407.0,39104,26576,Bearish Reversal
2011-09-06,29934,1926,2042.0,610.0,42146,28008,Bullish
2011-09-13,28556,1780,-1378.0,-146.0,41298,26776,Bearish Reversal
2011-09-20,25857,2017,-2699.0,237.0,38408,23840,Bearish Reversal
2011-09-27,24284,3417,-1573.0,1400.0,37708,20867,Bearish Reversal
2011-10-04,25390,4977,1106.0,1560.0,38401,20413,Bearish
2011-10-11,25696,6019,306.0,1042.0,38519,19677,Bearish
2011-10-18,25759,5579,63.0,-440.0,37657,20180,Bullish Reversal
2011-10-25,25360,5648,-399.0,69.0,37291,19712,Bearish Reversal
2011-11-01,26022,5420,662.0,-228.0,37948,20602,Bullish
2011-11-08,26788,5186,766.0,-234.0,38852,21602,Bullish
2011-11-15,26771,5022,-17.0,-164.0,38552,21749,Bullish Reversal
2011-11-22,27062,6259,291.0,1237.0,38807,20803,Bearish
2011-11-29,26680,6412,-382.0,153.0,38820,20268,Bearish
2011-12-06,28967,8221,2287.0,1809.0,41893,20746,Bullish
2011-12-13,29144,9409,177.0,1188.0,43600,19735,Bearish
2011-12-20,29199,10078,55.0,669.0,43456,19121,Bearish Reversal
2011-12-27,28902,10343,-297.0,265.0,42938,18559,Bearish Reversal
2012-01-03,29451,9965,549.0,-378.0,42476,19486,Bullish Reversal
2012-01-10,30032,9995,581.0,30.0,43692,20037,Bullish
2012-01-17,30528,9467,496.0,-528.0,43849,21061,Bullish
2012-01-24,30331,8247,-197.0,-1220.0,44105,22084,Bullish
2012-01-31,30967,5991,636.0,-2256.0,45030,24976,Bullish
2012-02-07,31140,5501,173.0,-490.0,44584,25639,Bullish Reversal
2012-02-14,31121,3046,-19.0,-2455.0,44020,28075,Bullish Reversal
2012-02-21,31301,2953,180.0,-93.0,44580,28348,Bullish
2012-02-28,30248,2487,-1053.0,-466.0,45337,27761,Bearish
2012-03-06,29323,2583,-925.0,96.0,42850,26740,Bearish Reversal
2012-03-13,29067,3100,-256.0,517.0,43268,25967,Bearish
2012-03-20,28851,3193,-216.0,93.0,43502,25658,Bearish
2012-03-27,27382,3862,-1469.0,669.0,41855,23520,Bearish Reversal
2012-04-03,27201,3246,-181.0,-616.0,40490,23955,Bullish Reversal
2012-04-10,25888,5100,-1313.0,1854.0,39814,20788,Bearish Reversal
2012-04-17,25681,6679,-207.0,1579.0,40585,19002,Bearish
2012-04-24,25086,10163,-595.0,3484.0,40823,14923,Bearish
2012-05-01,26754,10153,1668.0,-10.0,41810,16601,Bullish
2012-05-08,27605,11877,851.0,1724.0,43091,15728,Bearish
2012-05-15,28494,14124,889.0,2247.0,45020,14370,Bearish
2012-05-22,29456,16359,962.0,2235.0,47012,13097,Bearish
2012-05-29,31080,16993,1624.0,634.0,48449,14087,Bullish
2012-06-05,32229,17495,1149.0,502.0,49838,14734,Bullish
2012-06-12,32927,16734,698.0,-761.0,50036,16193,Bullish
2012-06-19,34570,15318,1643.0,-1416.0,51831,19252,Bullish
2012-06-26,34754,15957,184.0,639.0,50349,18797,Bearish Reversal
2012-07-03,34947,14919,193.0,-1038.0,49442,20028,Bullish Reversal
2012-07-10,34452,14755,-495.0,-164.0,48715,19697,Bearish Reversal
2012-07-17,35213,15857,761.0,1102.0,49929,19356,Bearish
2012-07-24,35936,17372,723.0,1515.0,51043,18564,Bearish
2012-07-31,35886,17605,-50.0,233.0,52220,18281,Bearish
2012-08-07,36520,17565,634.0,-40.0,53246,18955,Bullish
2012-08-14,37101,18574,581.0,1009.0,54074,18527,Bearish
2012-08-21,39578,14691,2477.0,-3883.0,54526,24887,Bullish
2012-08-28,40070,11407,492.0,-3284.0,54458,28663,Bullish Reversal
2012-09-04,40880,10397,810.0,-1010.0,54977,30483,Bullish
2012-09-11,41708,7956,828.0,-2441.0,56375,33752,Bullish
2012-09-18,42935,6801,1227.0,-1155.0,57118,36134,Bullish
2012-09-25,44773,6050,1838.0,-751.0,58824,38723,Bullish
2012-10-02,48002,5882,3229.0,-168.0,60889,42120,Bullish
2012-10-09,52576,5751,4574.0,-131.0,64674,46825,Bullish
2012-10-16,53007,5331,431.0,-420.0,64707,47676,Bullish
2012-10-23,49639,6038,-3368.0,707.0,62200,43601,Bearish Reversal
2012-10-30,48233,7227,-1406.0,1189.0,61449,41006,Bearish Reversal
2012-11-06,44567,6892,-3666.0,-335.0,60132,37675,Bearish Reversal
2012-11-13,43331,7376,-1236.0,484.0,60470,35955,Bearish
2012-11-20,41353,6935,-1978.0,-441.0,59533,34418,Bearish Reversal
2012-11-27,43751,6890,2398.0,-45.0,61261,36861,Bullish
2012-12-04,44789,6319,1038.0,-571.0,61309,38470,Bullish
2012-12-11,46699,6089,1910.0,-230.0,63805,40610,Bullish
2012-12-18,47633,4658,934.0,-1431.0,64501,42975,Bullish
2012-12-24,43696,5332,-3937.0,674.0,62466,38364,Bearish Reversal
2012-12-31,43479,7423,-217.0,2091.0,59593,36056,Bearish Reversal
2013-01-08,45267,7394,1788.0,-29.0,62313,37873,Bullish
2013-01-15,46547,3628,1280.0,-3766.0,63266,42919,Bullish
2013-01-22,49440,3980,2893.0,352.0,64784,45460,Bullish
2013-01-29,52738,4234,3298.0,254.0,68157,48504,Bullish
2013-02-05,54685,5219,1947.0,985.0,71955,49466,Bullish
2013-02-12,55027,4889,342.0,-330.0,73657,50138,Bullish
2013-02-19,52756,4008,-2271.0,-881.0,72215,48748,Bearish Reversal
2013-02-26,45121,3717,-7635.0,-291.0,66162,41404,Bearish Reversal
2013-03-05,43529,4371,-1592.0,654.0,64689,39158,Bearish Reversal
2013-03-12,43580,5467,51.0,1096.0,65079,38113,Bearish
2013-03-19,42095,7832,-1485.0,2365.0,64670,34263,Bearish Reversal
2013-03-26,44013,8520,1918.0,688.0,65542,35493,Bullish
2013-04-02,45573,8578,1560.0,58.0,63829,36995,Bullish Reversal
2013-04-09,45210,11967,-363.0,3389.0,64905,33243,Bearish
2013-04-16,41910,12706,-3300.0,739.0,61946,29204,Bearish Reversal
2013-04-23,43242,13593,1332.0,887.0,62976,29649,Bullish
2013-04-30,43537,11693,295.0,-1900.0,62692,31844,Bullish Reversal
2013-05-07,43623,12144,86.0,451.0,63701,31479,Bearish
2013-05-14,44018,11320,395.0,-824.0,63509,32698,Bullish Reversal
2013-05-21,41903,13268,-2115.0,1948.0,63518,28635,Bearish
2013-05-28,41812,16950,-91.0,3682.0,63619,24862,Bearish
2013-06-04,42245,15256,433.0,-1694.0,61991,26989,Bullish Reversal
2013-06-11,43187,13651,942.0,-1605.0,62964,29536,Bullish
2013-06-18,42769,17067,-418.0,3416.0,62677,25702,Bearish Reversal
2013-06-25,41015,19142,-1754.0,2075.0,63824,21873,Bearish
2013-07-02,41654,20672,639.0,1530.0,61248,20982,Bearish Reversal
2013-07-09,41808,19555,154.0,-1117.0,61593,22253,Bullish
2013-07-16,41792,17915,-16.0,-1640.0,60670,23877,Bullish Reversal
2013-07-23,41789,17438,-3.0,-477.0,62923,24351,Bullish
2013-07-30,43755,15809,1966.0,-1629.0,63811,27946,Bullish
2013-08-06,43440,11914,-315.0,-3895.0,64066,31526,Bullish
2013-08-13,42810,9135,-630.0,-2779.0,64953,33675,Bullish
2013-08-20,44095,8149,1285.0,-986.0,65710,35946,Bullish
2013-08-27,44432,6701,337.0,-1448.0,66996,37731,Bullish
2013-09-03,44216,6432,-216.0,-269.0,66585,37784,Bullish Reversal
2013-09-10,42979,6046,-1237.0,-386.0,63223,36933,Bearish Reversal
2013-09-17,40094,7158,-2885.0,1112.0,61006,32936,Bearish Reversal
2013-09-24,40900,7656,806.0,498.0,59279,33244,Bullish Reversal
2013-10-01,42351,11164,1451.0,3508.0,59708,31187,Bearish
2013-10-08,42339,13955,-12.0,2791.0,60888,28384,Bearish
2013-10-15,41371,13437,-968.0,-518.0,60716,27934,Bearish Reversal
2013-10-22,40325,11113,-1046.0,-2324.0,58993,29212,Bullish Reversal
2013-10-29,39995,7908,-330.0,-3205.0,57827,32087,Bullish Reversal
2013-11-05,41078,5989,1083.0,-1919.0,58319,35089,Bullish
2013-11-12,42455,6198,1377.0,209.0,59048,36257,Bullish
2013-11-19,41512,8926,-943.0,2728.0,58571,32586,Bearish Reversal
2013-11-26,41072,14353,-440.0,5427.0,61034,26719,Bearish
2013-12-03,41375,17938,303.0,3585.0,61351,23437,Bearish
2013-12-10,41918,18297,543.0,359.0,62152,23621,Bullish
2013-12-17,42839,19383,921.0,1086.0,64211,23456,Bearish
2013-12-24,41667,20512,-1172.0,1129.0,64199,21155,Bearish Reversal
2013-12-31,41185,18338,-482.0,-2174.0,62037,22847,Bullish Reversal
2014-01-07,39961,12766,-1224.0,-5572.0,59561,27195,Bullish Reversal
2014-01-14,40851,8471,890.0,-4295.0,58636,32380,Bullish Reversal
2014-01-21,42557,7560,1706.0,-911.0,60358,34997,Bullish
2014-01-28,43110,6221,553.0,-1339.0,60923,36889,Bullish
2014-02-04,41751,8435,-1359.0,2214.0,61388,33316,Bearish
2014-02-11,43186,10788,1435.0,2353.0,63300,32398,Bearish
2014-02-18,43167,9709,-19.0,-1079.0,63376,33458,Bullish
2014-02-25,44577,9501,1410.0,-208.0,64653,35076,Bullish
2014-03-04,46946,7299,2369.0,-2202.0,66158,39647,Bullish
2014-03-11,50564,5844,3618.0,-1455.0,69748,44720,Bullish
2014-03-18,52090,7257,1526.0,1413.0,71251,44833,Bullish
2014-03-25,50720,6326,-1370.0,-931.0,69810,44394,Bearish Reversal
2014-04-01,49474,8626,-1246.0,2300.0,66562,40848,Bearish Reversal
2014-04-08,50572,7312,1098.0,-1314.0,66928,43260,Bullish
2014-04-15,51034,6787,462.0,-525.0,67064,44247,Bullish
2014-04-22,47861,5510,-3173.0,-1277.0,63645,42351,Bearish Reversal
2014-04-29,47024,6881,-837.0,1371.0,63427,40143,Bearish Reversal
2014-05-06,49285,6478,2261.0,-403.0,64939,42807,Bullish
2014-05-13,51861,5656,2576.0,-822.0,67432,46205,Bullish
2014-05-20,53957,7132,2096.0,1476.0,70109,46825,Bullish
2014-05-27,52924,7237,-1033.0,105.0,70304,45687,Bearish
2014-06-03,52226,6420,-698.0,-817.0,69875,45806,Bullish Reversal
2014-06-10,50854,8810,-1372.0,2390.0,69756,42044,Bearish Reversal
2014-06-17,48502,7224,-2352.0,-1586.0,67854,41278,Bearish Reversal
2014-06-24,48282,4847,-220.0,-2377.0,65525,43435,Bullish Reversal
2014-07-01,53078,6824,4796.0,1977.0,69466,46254,Bullish
2014-07-08,55887,5735,2809.0,-1089.0,72928,50152,Bullish
2014-07-15,56238,7588,351.0,1853.0,72433,48650,Bearish Reversal
2014-07-22,55037,7027,-1201.0,-561.0,70716,48010,Bearish Reversal
2014-07-29,53827,6234,-1210.0,-793.0,69593,47593,Bearish Reversal
2014-08-05,51745,5252,-2082.0,-982.0,66836,46493,Bearish Reversal
2014-08-12,51026,4092,-719.0,-1160.0,64763,46934,Bullish Reversal
2014-08-19,49615,4022,-1411.0,-70.0,63846,45593,Bearish Reversal
2014-08-26,48593,8021,-1022.0,3999.0,63225,40572,Bearish Reversal
2014-09-02,50640,10093,2047.0,2072.0,65015,40547,Bearish
2014-09-09,49540,11916,-1100.0,1823.0,66449,37624,Bearish
2014-09-16,46415,13099,-3125.0,1183.0,64542,33316,Bearish Reversal
2014-09-23,43553,15712,-2862.0,2613.0,64712,27841,Bearish
2014-09-30,41052,17385,-2501.0,1673.0,59192,23667,Bearish Reversal
2014-10-07,40484,16105,-568.0,-1280.0,59560,24379,Bullish
2014-10-14,40324,15777,-160.0,-328.0,58569,24547,Bullish Reversal
2014-10-21,40534,18038,210.0,2261.0,59865,22496,Bearish
2014-10-28,39900,18950,-634.0,912.0,60695,20950,Bearish
2014-11-04,40325,19005,425.0,55.0,60012,21320,Bullish Reversal
2014-11-11,40883,18750,558.0,-255.0,60167,22133,Bullish
2014-11-18,41044,20747,161.0,1997.0,62442,20297,Bearish
2014-11-25,42587,20265,1543.0,-482.0,64042,22322,Bullish
2014-12-02,42586,16760,-1.0,-3505.0,63522,25826,Bullish Reversal
2014-12-09,42898,15495,312.0,-1265.0,65138,27403,Bullish
2014-12-16,43395,16654,497.0,1159.0,66810,26741,Bearish
2014-12-23,43202,16911,-193.0,257.0,66799,26291,Bearish Reversal
2014-12-30,43697,16553,495.0,-358.0,64175,27144,Bullish Reversal
2015-01-06,45565,18265,1868.0,1712.0,66275,27300,Bullish
2015-01-13,46360,17828,795.0,-437.0,66358,28532,Bullish
2015-01-20,49136,16064,2776.0,-1764.0,67945,33072,Bullish
2015-01-27,47515,12672,-1621.0,-3392.0,65908,34843,Bullish Reversal
2015-02-03,46193,13797,-1322.0,1125.0,64831,32396,Bearish Reversal
2015-02-10,45418,16091,-775.0,2294.0,64849,29327,Bearish
2015-02-17,46690,19530,1272.0,3439.0,67715,27160,Bearish
2015-02-24,47127,22945,437.0,3415.0,69019,24182,Bearish
2015-03-03,47907,24366,780.0,1421.0,68794,23541,Bearish Reversal
2015-03-10,48560,26542,653.0,2176.0,69341,22018,Bearish
2015-03-17,50983,30049,2423.0,3507.0,72020,20934,Bearish
2015-03-24,51655,29495,672.0,-554.0,72949,22160,Bullish
2015-03-31,51053,26280,-602.0,-3215.0,68848,24773,Bullish Reversal
2015-04-07,50419,22025,-634.0,-4255.0,68260,28394,Bullish Reversal
2015-04-14,50393,21026,-26.0,-999.0,68699,29367,Bullish
2015-04-21,50733,23354,340.0,2328.0,68668,27379,Bearish Reversal
2015-04-28,51324,26089,591.0,2735.0,70799,25235,Bearish
2015-05-05,50930,25614,-394.0,-475.0,70063,25316,Bullish Reversal
2015-05-12,52853,27770,1923.0,2156.0,71688,25083,Bearish
2015-05-19,53101,23442,248.0,-4328.0,70841,29659,Bullish Reversal
2015-05-26,53503,24327,402.0,885.0,72424,29176,Bearish
2015-06-02,55445,30528,1942.0,6201.0,76650,24917,Bearish
2015-06-09,56068,33019,623.0,2491.0,77304,23049,Bearish
2015-06-16,59094,35778,3026.0,2759.0,82478,23316,Bullish
2015-06-23,57276,37794,-1818.0,2016.0,84121,19482,Bearish
2015-06-30,56014,34719,-1262.0,-3075.0,77670,21295,Bullish Reversal
2015-07-07,56446,34929,432.0,210.0,78321,21517,Bullish
2015-07-14,56809,36383,363.0,1454.0,79889,20426,Bearish
2015-07-21,57445,37306,636.0,923.0,80783,20139,Bearish
2015-07-28,56320,37237,-1125.0,-69.0,79079,19083,Bearish Reversal
2015-08-04,55786,37240,-534.0,3.0,79763,18546,Bearish
2015-08-11,55015,35472,-771.0,-1768.0,78884,19543,Bullish Reversal
2015-08-18,55833,33754,818.0,-1718.0,78564,22079,Bullish Reversal
2015-08-25,51798,28507,-4035.0,-5247.0,74149,23291,Bullish Reversal
2015-09-01,49080,24497,-2718.0,-4010.0,69973,24583,Bullish Reversal
2015-09-08,49031,23665,-49.0,-832.0,70035,25366,Bullish
2015-09-15,50833,27801,1802.0,4136.0,73784,23032,Bearish
2015-09-22,54537,31695,3704.0,3894.0,79193,22842,Bearish
2015-09-29,52667,32771,-1870.0,1076.0,75469,19896,Bearish Reversal
2015-10-06,51401,31210,-1266.0,-1561.0,74919,20191,Bullish Reversal
2015-10-13,51130,24758,-271.0,-6452.0,71682,26372,Bullish Reversal
2015-10-20,50312,20493,-818.0,-4265.0,70469,29819,Bullish Reversal
2015-10-27,51736,18220,1424.0,-2273.0,71052,33516,Bullish
2015-11-03,51302,16039,-434.0,-2181.0,70053,35263,Bullish Reversal
2015-11-10,49986,20108,-1316.0,4069.0,71115,29878,Bearish
2015-11-17,51143,28387,1157.0,8279.0,74144,22756,Bearish
2015-11-24,50943,32517,-200.0,4130.0,75570,18426,Bearish
2015-12-01,51856,33111,913.0,594.0,76282,18745,Bullish
2015-12-08,52171,30700,315.0,-2411.0,76192,21471,Bullish Reversal
2015-12-15,50832,29612,-1339.0,-1088.0,76027,21220,Bearish Reversal
2015-12-22,47679,24753,-3153.0,-4859.0,69653,22926,Bullish Reversal
2015-12-29,46716,23373,-963.0,-1380.0,66584,23343,Bullish Reversal
2016-01-05,46112,22255,-604.0,-1118.0,65506,23857,Bullish Reversal
2016-01-12,46953,24389,841.0,2134.0,69088,22564,Bearish
2016-01-19,48064,27781,1111.0,3392.0,70000,20283,Bearish
2016-01-26,47787,26287,-277.0,-1494.0,67395,21500,Bullish Reversal
2016-02-02,46451,24797,-1336.0,-1490.0,66265,21654,Bullish Reversal
2016-02-09,47497,18995,1046.0,-5802.0,65426,28502,Bullish Reversal
2016-02-16,47719,15625,222.0,-3370.0,64876,32094,Bullish Reversal
2016-02-23,46701,13194,-1018.0,-2431.0,64316,33507,Bullish Reversal
2016-03-01,47357,15838,656.0,2644.0,66211,31519,Bearish
2016-03-08,45193,11669,-2164.0,-4169.0,64142,33524,Bullish Reversal
2016-03-15,44496,12631,-697.0,962.0,63234,31865,Bearish Reversal
2016-03-22,44295,11931,-201.0,-700.0,62649,32364,Bullish Reversal
2016-03-29,41766,11760,-2529.0,-171.0,58313,30006,Bearish Reversal
2016-04-05,40313,11690,-1453.0,-70.0,55898,28623,Bearish Reversal
2016-04-12,41109,12267,796.0,577.0,56899,28842,Bullish
2016-04-19,44464,12525,3355.0,258.0,60387,31939,Bullish
2016-04-26,46552,11699,2088.0,-826.0,62482,34853,Bullish
2016-05-03,48276,11398,1724.0,-301.0,64158,36878,Bullish
2016-05-10,50094,11717,1818.0,319.0,65493,38377,Bullish
2016-05-17,51796,12392,1702.0,675.0,66689,39404,Bullish
2016-05-24,48455,11959,-3341.0,-433.0,64186,36496,Bearish Reversal
2016-05-31,45266,13006,-3189.0,1047.0,61795,32260,Bearish Reversal
2016-06-07,45688,14587,422.0,1581.0,63185,31101,Bearish
2016-06-14,46573,16197,885.0,1610.0,66103,30376,Bearish
2016-06-21,45372,16073,-1201.0,-124.0,64950,29299,Bearish Reversal
2016-06-28,44366,14549,-1006.0,-1524.0,62873,29817,Bullish Reversal
2016-07-05,47208,10839,2842.0,-3710.0,63840,36369,Bullish
2016-07-12,54237,11834,7029.0,995.0,70300,42403,Bullish
2016-07-19,59008,11615,4771.0,-219.0,74782,47393,Bullish
2016-07-26,61346,10424,2338.0,-1191.0,77014,50922,Bullish
2016-08-02,63929,10158,2583.0,-266.0,79541,53771,Bullish
2016-08-09,65259,9310,1330.0,-848.0,80645,55949,Bullish
2016-08-16,64787,10450,-472.0,1140.0,80960,54337,Bearish
2016-08-23,65203,10934,416.0,484.0,81801,54269,Bearish
2016-08-30,60231,11619,-4972.0,685.0,79543,48612,Bearish Reversal
2016-09-06,56363,11302,-3868.0,-317.0,77629,45061,Bearish Reversal
2016-09-13,54288,13233,-2075.0,1931.0,76199,41055,Bearish Reversal
2016-09-20,52330,14028,-1958.0,795.0,74671,38302,Bearish Reversal
2016-09-27,51154,13897,-1176.0,-131.0,70394,37257,Bearish Reversal
2016-10-04,50973,17909,-181.0,4012.0,69695,33064,Bearish Reversal
2016-10-11,48923,22645,-2050.0,4736.0,69710,26278,Bearish
2016-10-18,48218,26781,-705.0,4136.0,69494,21437,Bearish Reversal
2016-10-25,49339,29241,1121.0,2460.0,70383,20098,Bearish
2016-11-01,51047,27907,1708.0,-1334.0,71112,23140,Bullish
2016-11-08,49046,19427,-2001.0,-8480.0,66469,29619,Bullish Reversal
2016-11-15,45085,20394,-3961.0,967.0,63255,24691,Bearish Reversal
2016-11-22,46472,21663,1387.0,1269.0,65403,24809,Bullish
2016-11-29,48487,24319,2015.0,2656.0,69551,24168,Bearish
2016-12-06,47047,22790,-1440.0,-1529.0,67342,24257,Bullish Reversal
2016-12-13,45096,19480,-1951.0,-3310.0,66814,25616,Bullish Reversal
2016-12-20,42437,16169,-2659.0,-3311.0,64352,26268,Bullish Reversal
2016-12-27,42038,16624,-399.0,455.0,63714,25414,Bearish Reversal
2017-01-03,42925,18171,887.0,1547.0,64102,24754,Bearish
2017-01-10,42669,12498,-256.0,-5673.0,62061,30171,Bullish Reversal
2017-01-17,43522,10490,853.0,-2008.0,63219,33032,Bullish
2017-01-24,44751,8262,1229.0,-2228.0,62823,36489,Bullish Reversal
2017-01-31,46217,7244,1466.0,-1018.0,64552,38973,Bullish
2017-02-07,45723,5591,-494.0,-1653.0,64811,40132,Bullish
2017-02-14,45781,6133,58.0,542.0,65179,39648,Bearish
2017-02-21,45538,5896,-243.0,-237.0,65938,39642,Bearish
2017-02-28,49818,5208,4280.0,-688.0,71200,44610,Bullish
2017-03-07,44136,5509,-5682.0,301.0,68200,38627,Bearish Reversal
2017-03-14,40641,10466,-3495.0,4957.0,66039,30175,Bearish Reversal
2017-03-21,41071,12116,430.0,1650.0,67455,28955,Bearish
2017-03-28,40434,12805,-637.0,689.0,66094,27629,Bearish Reversal
2017-04-04,42291,15578,1857.0,2773.0,63741,26713,Bearish Reversal
2017-04-11,43312,17153,1021.0,1575.0,64829,26159,Bearish
2017-04-18,44899,15672,1587.0,-1481.0,66022,29227,Bullish
2017-04-25,43395,16157,-1504.0,485.0,65327,27238,Bearish Reversal
2017-05-02,44778,27237,1383.0,11080.0,71757,17541,Bearish
2017-05-09,46798,36558,2020.0,9321.0,76104,10240,Bearish
2017-05-16,46746,34577,-52.0,-1981.0,74421,12169,Bullish Reversal
2017-05-23,45412,29125,-1334.0,-5452.0,70625,16287,Bullish Reversal
2017-05-30,43637,26591,-1775.0,-2534.0,69380,17046,Bullish Reversal
2017-06-06,44817,25134,1180.0,-1457.0,69495,19683,Bullish
2017-06-13,46295,31059,1478.0,5925.0,76040,15236,Bearish
2017-06-20,44843,32032,-1452.0,973.0,75380,12811,Bearish Reversal
2017-06-27,45343,34810,500.0,2778.0,76578,10533,Bearish
2017-07-03,44318,36108,-1025.0,1298.0,72797,8210,Bearish Reversal
2017-07-11,45904,40507,1586.0,4399.0,74471,5397,Bearish
2017-07-18,43871,35330,-2033.0,-5177.0,72456,8541,Bullish Reversal
2017-07-25,43574,33391,-297.0,-1939.0,71062,10183,Bullish Reversal
2017-08-01,45276,32464,1702.0,-927.0,72421,12812,Bullish
2017-08-08,47348,22847,2072.0,-9617.0,70550,24501,Bullish Reversal
2017-08-15,46810,19629,-538.0,-3218.0,70177,27181,Bullish Reversal
2017-08-22,48601,16777,1791.0,-2852.0,71946,31824,Bullish
2017-08-29,52549,16719,3948.0,-58.0,75270,35830,Bullish
2017-09-05,55834,17861,3285.0,1142.0,79308,37973,Bullish
2017-09-12,57375,19378,1541.0,1517.0,80477,37997,Bullish
2017-09-19,50525,18877,-6850.0,-501.0,76633,31648,Bearish Reversal
2017-09-26,44411,19048,-6114.0,171.0,70987,25363,Bearish Reversal
2017-10-03,46066,24137,1655.0,5089.0,71860,21929,Bearish
2017-10-10,50395,28380,4329.0,4243.0,75931,22015,Bullish
2017-10-17,50697,26612,302.0,-1768.0,75448,24085,Bullish Reversal
2017-10-24,48495,27547,-2202.0,935.0,75692,20948,Bearish
2017-10-31,49582,29970,1087.0,2423.0,77828,19612,Bearish
2017-11-07,51591,29387,2009.0,-583.0,78380,22204,Bullish
2017-11-14,53160,27684,1569.0,-1703.0,78974,25476,Bullish
2017-11-21,52141,25620,-1019.0,-2064.0,77941,26521,Bullish Reversal
2017-11-28,53463,21417,1322.0,-4203.0,78435,32046,Bullish
2017-12-05,52409,25381,-1054.0,3964.0,78993,27028,Bearish
2017-12-12,54178,41354,1769.0,15973.0,88076,12824,Bearish
2017-12-19,52676,39836,-1502.0,-1518.0,87329,12840,Bullish Reversal
2017-12-26,53720,37407,1044.0,-2429.0,85616,16313,Bullish Reversal
2018-01-02,51242,33827,-2478.0,-3580.0,81677,17415,Bullish Reversal
2018-01-09,52710,24056,1468.0,-9771.0,80569,28654,Bullish Reversal
2018-01-16,58368,23670,5658.0,-386.0,85179,34698,Bullish
2018-01-23,65290,22374,6922.0,-1296.0,90494,42916,Bullish
2018-01-30,65589,22196,299.0,-178.0,92167,43393,Bullish
2018-02-06,64188,22369,-1401.0,173.0,90932,41819,Bearish Reversal
2018-02-13,58265,19894,-5923.0,-2475.0,84126,38371,Bearish Reversal
2018-02-20,61146,19393,2881.0,-501.0,85249,41753,Bullish
2018-02-27,61495,19744,349.0,351.0,85924,41751,Bearish
2018-03-06,53477,17836,-8018.0,-1908.0,80653,35641,Bearish Reversal
2018-03-13,49702,16269,-3775.0,-1567.0,79225,33433,Bearish Reversal
2018-03-20,47599,18528,-2103.0,2259.0,78021,29071,Bearish Reversal
2018-03-27,47255,19216,-344.0,688.0,76610,28039,Bearish Reversal
2018-04-03,47033,23290,-222.0,4074.0,75757,23743,Bearish Reversal
2018-04-10,46435,27435,-598.0,4145.0,76230,19000,Bearish
2018-04-17,45236,27589,-1199.0,154.0,76193,17647,Bearish Reversal
2018-04-24,46015,28183,779.0,594.0,76044,17832,Bullish Reversal
2018-05-01,47582,36818,1567.0,8635.0,80633,10764,Bearish
2018-05-08,48191,37803,609.0,985.0,80411,10388,Bearish Reversal
2018-05-15,46699,38503,-1492.0,700.0,80140,8196,Bearish Reversal
2018-05-22,43085,41623,-3614.0,3120.0,80393,1462,Bearish
2018-05-29,45823,41807,2738.0,184.0,81357,4016,Bullish
2018-06-05,45239,43093,-584.0,1286.0,84484,2146,Bearish
2018-06-12,45489,41928,250.0,-1165.0,85886,3561,Bullish
2018-06-19,42868,48029,-2621.0,6101.0,88852,-5161,Bearish
2018-06-26,41335,47450,-1533.0,-579.0,86452,-6115,Bearish Reversal
2018-07-03,41521,48423,186.0,973.0,83561,-6902,Bearish Reversal
2018-07-10,41134,48001,-387.0,-422.0,81535,-6867,Bullish Reversal
2018-07-17,39854,49498,-1280.0,1497.0,80785,-9644,Bearish Reversal
2018-07-24,41163,49279,1309.0,-219.0,80021,-8116,Bullish Reversal
2018-07-31,41416,49599,253.0,320.0,82139,-8183,Bearish
2018-08-07,38756,46899,-2660.0,-2700.0,79082,-8143,Bullish Reversal
2018-08-14,40847,51029,2091.0,4130.0,83991,-10182,Bearish
2018-08-21,38787,49779,-2060.0,-1250.0,84057,-10992,Bearish
2018-08-28,38249,49225,-538.0,-554.0,85221,-10976,Bullish
2018-09-04,39446,51362,1197.0,2137.0,89546,-11916,Bearish
2018-09-11,41152,48720,1706.0,-2642.0,93273,-7568,Bullish
2018-09-18,41947,44157,795.0,-4563.0,88533,-2210,Bullish Reversal
2018-09-25,39027,36337,-2920.0,-7820.0,75991,2690,Bullish Reversal
2018-10-02,40869,33820,1842.0,-2517.0,73139,7049,Bullish Reversal
2018-10-09,40938,32712,69.0,-1108.0,74067,8226,Bullish
2018-10-16,43130,30050,2192.0,-2662.0,75547,13080,Bullish
2018-10-23,41498,29836,-1632.0,-214.0,74436,11662,Bearish Reversal
2018-10-30,43509,28786,2011.0,-1050.0,75001,14723,Bullish
2018-11-06,46037,22113,2528.0,-6673.0,74364,23924,Bullish Reversal
2018-11-13,43232,21241,-2805.0,-872.0,70152,21991,Bearish Reversal
2018-11-20,42994,21209,-238.0,-32.0,69800,21785,Bearish Reversal
2018-11-27,44969,22154,1975.0,945.0,72373,22815,Bullish
2018-12-04,46010,31384,1041.0,9230.0,76828,14626,Bearish
2018-12-11,48259,37268,2249.0,5884.0,82550,10991,Bearish
2018-12-18,46981,35594,-1278.0,-1674.0,82939,11387,Bullish
2018-12-24,47335,35665,354.0,71.0,81640,11670,Bullish Reversal
2018-12-31,50269,37812,2934.0,2147.0,82828,12457,Bullish
2019-01-08,51997,40011,1728.0,2199.0,86645,11986,Bearish
2019-01-15,48166,40437,-3831.0,426.0,83822,7729,Bearish Reversal
2019-01-22,47851,45416,-315.0,4979.0,85889,2435,Bearish
2019-01-29,46316,41699,-1535.0,-3717.0,82259,4617,Bullish Reversal
2019-02-05,44920,38926,-1396.0,-2773.0,80894,5994,Bullish Reversal
2019-02-12,45414,47020,494.0,8094.0,85394,-1606,Bearish
2019-02-19,47888,46341,2474.0,-679.0,83413,1547,Bullish Reversal
2019-02-26,47645,31900,-243.0,-14441.0,79606,15745,Bullish Reversal
2019-03-05,43779,22316,-3866.0,-9584.0,77483,21463,Bullish Reversal
2019-03-12,42555,26207,-1224.0,3891.0,77461,16348,Bearish Reversal
2019-03-19,43204,25623,649.0,-584.0,75915,17581,Bullish Reversal
2019-03-26,43351,19144,147.0,-6479.0,72073,24207,Bullish Reversal
2019-04-02,41464,18109,-1887.0,-1035.0,68064,23355,Bearish Reversal
2019-04-09,47148,15304,5684.0,-2805.0,74605,31844,Bullish
2019-04-16,46340,15229,-808.0,-75.0,73727,31111,Bearish Reversal
2019-04-23,47143,16063,803.0,834.0,75277,31080,Bearish
2019-04-30,48188,14866,1045.0,-1197.0,75798,33322,Bullish
2019-05-07,45857,17164,-2331.0,2298.0,74901,28693,Bearish Reversal
2019-05-14,44737,18987,-1120.0,1823.0,75331,25750,Bearish
2019-05-21,46174,30684,1437.0,11697.0,78838,15490,Bearish
2019-05-28,47601,39710,1427.0,9026.0,83398,7891,Bearish
2019-06-04,48117,41048,516.0,1338.0,83492,7069,Bearish
2019-06-11,47336,40384,-781.0,-664.0,86371,6952,Bearish
2019-06-18,46797,44827,-539.0,4443.0,90782,1970,Bearish
2019-06-25,48631,46645,1834.0,1818.0,88101,1986,Bullish Reversal
2019-07-02,47841,38544,-790.0,-8101.0,80391,9297,Bullish Reversal
2019-07-09,45166,38473,-2675.0,-71.0,78771,6693,Bearish Reversal
2019-07-16,45373,29781,207.0,-8692.0,76824,15592,Bullish Reversal
2019-07-23,47679,26789,2306.0,-2992.0,77025,20890,Bullish
2019-07-30,46584,20816,-1095.0,-5973.0,76346,25768,Bullish Reversal
2019-08-06,44211,22267,-2373.0,1451.0,75607,21944,Bearish Reversal
2019-08-13,46105,24429,1894.0,2162.0,77101,21676,Bearish
2019-08-20,45654,26039,-451.0,1610.0,77468,19615,Bearish
2019-08-27,46983,23996,1329.0,-2043.0,78397,22987,Bullish
2019-09-03,57877,24718,10894.0,722.0,88697,33159,Bullish
2019-09-10,58545,23626,668.0,-1092.0,94478,34919,Bullish
2019-09-17,58540,24892,-5.0,1266.0,98283,33648,Bearish
2019-09-24,59353,24374,813.0,-518.0,91821,34979,Bullish Reversal
2019-10-01,53367,26769,-5986.0,2395.0,85115,26598,Bearish Reversal
2019-10-08,52217,25403,-1150.0,-1366.0,84222,26814,Bullish Reversal
2019-10-15,53943,20342,1726.0,-5061.0,85759,33601,Bullish
2019-10-22,55342,19626,1399.0,-716.0,86338,35716,Bullish
2019-10-29,56725,14428,1383.0,-5198.0,88022,42297,Bullish
2019-11-05,60204,14509,3479.0,81.0,91799,45695,Bullish
2019-11-12,56377,17918,-3827.0,3409.0,90681,38459,Bearish Reversal
2019-11-19,55333,13248,-1044.0,-4670.0,88395,42085,Bullish Reversal
2019-11-26,55843,10774,510.0,-2474.0,90498,45069,Bullish
2019-12-03,56747,11218,904.0,444.0,90939,45529,Bullish
2019-12-10,60246,10669,3499.0,-549.0,94869,49577,Bullish
2019-12-17,65173,10897,4927.0,228.0,98962,54276,Bullish
2019-12-24,67048,10556,1875.0,-341.0,98176,56492,Bullish Reversal
2019-12-31,71575,9412,4527.0,-1144.0,99045,62163,Bullish
2020-01-07,73584,11303,2009.0,1891.0,102495,62281,Bullish
2020-01-14,76467,11942,2883.0,639.0,104943,64525,Bullish
2020-01-21,77952,10561,1485.0,-1381.0,105936,67391,Bullish
2020-01-28,77440,9844,-512.0,-717.0,105456,67596,Bullish Reversal
2020-02-04,72980,10200,-4460.0,356.0,101276,62780,Bearish Reversal
2020-02-11,71738,9898,-1242.0,-302.0,100624,61840,Bearish Reversal
2020-02-18,72059,10444,321.0,546.0,102384,61615,Bearish
2020-02-25,63973,13772,-8086.0,3328.0,97626,50201,Bearish Reversal
2020-03-03,49931,15894,-14042.0,2122.0,82051,34037,Bearish Reversal
2020-03-10,46268,13021,-3663.0,-2873.0,76017,33247,Bearish Reversal
2020-03-17,37818,10171,-8450.0,-2850.0,66275,27647,Bearish Reversal
2020-03-24,33207,10911,-4611.0,740.0,63571,22296,Bearish Reversal
2020-03-31,31051,11203,-2156.0,292.0,54148,19848,Bearish Reversal
2020-04-07,30559,11538,-492.0,335.0,54044,19021,Bearish Reversal
2020-04-14,29126,11330,-1433.0,-208.0,53142,17796,Bearish Reversal
2020-04-21,26475,11188,-2651.0,-142.0,49300,15287,Bearish Reversal
2020-04-28,28667,11333,2192.0,145.0,50982,17334,Bullish
2020-05-05,28639,10393,-28.0,-940.0,50327,18246,Bullish Reversal
2020-05-12,28253,10098,-386.0,-295.0,49942,18155,Bearish Reversal
2020-05-19,30671,8658,2418.0,-1440.0,51652,22013,Bullish
2020-05-26,29924,6901,-747.0,-1757.0,51559,23023,Bullish Reversal
2020-06-02,28645,7053,-1279.0,152.0,52788,21592,Bearish
2020-06-09,27370,7655,-1275.0,602.0,50811,19715,Bearish Reversal
2020-06-16,26368,7257,-1002.0,-398.0,49916,19111,Bearish Reversal
2020-06-23,25774,8011,-594.0,754.0,47275,17763,Bearish Reversal
2020-06-30,26725,10877,951.0,2866.0,47837,15848,Bearish
2020-07-07,27680,10365,955.0,-512.0,49143,17315,Bullish
2020-07-14,27111,10807,-569.0,442.0,48016,16304,Bearish Reversal
2020-07-21,31254,10842,4143.0,35.0,52071,20412,Bullish
2020-07-28,33342,10930,2088.0,88.0,54525,22412,Bullish
2020-08-04,33404,13898,62.0,2968.0,55647,19506,Bearish
2020-08-11,34811,12539,1407.0,-1359.0,56900,22272,Bullish
2020-08-18,35658,13846,847.0,1307.0,58525,21812,Bearish
2020-08-25,34794,14881,-864.0,1035.0,57831,19913,Bearish Reversal
2020-09-01,35060,15605,266.0,724.0,60538,19455,Bearish
2020-09-08,32560,17289,-2500.0,1684.0,59711,15271,Bearish Reversal
2020-09-15,35167,15730,2607.0,-1559.0,61778,19437,Bullish
2020-09-22,30418,20158,-4749.0,4428.0,60004,10260,Bearish Reversal
2020-09-29,27054,17230,-3364.0,-2928.0,55680,9824,Bearish Reversal
2020-10-06,27125,18530,71.0,1300.0,51995,8595,Bearish Reversal
2020-10-13,26119,17208,-1006.0,-1322.0,51258,8911,Bullish Reversal
2020-10-20,26595,18770,476.0,1562.0,52199,7825,Bearish
2020-10-27,27647,17596,1052.0,-1174.0,52138,10051,Bullish Reversal
2020-11-03,26465,16702,-1182.0,-894.0,51034,9763,Bearish Reversal
2020-11-10,26978,15379,513.0,-1323.0,51624,11599,Bullish
2020-11-17,29495,13323,2517.0,-2056.0,54077,16172,Bullish
2020-11-24,30036,11271,541.0,-2052.0,54647,18765,Bullish
2020-12-01,33053,11027,3017.0,-244.0,57970,22026,Bullish
2020-12-08,36299,11797,3246.0,770.0,63572,24502,Bullish
2020-12-15,36924,11848,625.0,51.0,65881,25076,Bullish
2020-12-21,35791,11086,-1133.0,-762.0,65012,24705,Bearish Reversal
2020-12-29,35228,9399,-563.0,-1687.0,59399,25829,Bullish Reversal
2021-01-05,37312,9690,2084.0,291.0,61185,27622,Bullish
2021-01-12,36718,9259,-594.0,-431.0,59893,27459,Bearish Reversal
2021-01-19,35835,7949,-883.0,-1310.0,59812,27886,Bullish Reversal
2021-01-26,38187,8649,2352.0,700.0,62530,29538,Bullish
2021-02-02,40252,10042,2065.0,1393.0,64701,30210,Bullish
2021-02-09,47530,11330,7278.0,1288.0,72051,36200,Bullish
2021-02-16,48237,11660,707.0,330.0,74780,36577,Bullish
2021-02-23,46903,11936,-1334.0,276.0,73964,34967,Bearish Reversal
2021-03-02,42760,12227,-4143.0,291.0,72681,30533,Bearish Reversal
2021-03-09,40796,12759,-1964.0,532.0,71411,28037,Bearish Reversal
2021-03-16,42685,11242,1889.0,-1517.0,74810,31443,Bullish
2021-03-23,40914,10688,-1771.0,-554.0,73324,30226,Bearish Reversal
2021-03-30,41017,10411,103.0,-277.0,67480,30606,Bullish Reversal
2021-04-06,43621,10873,2604.0,462.0,68108,32748,Bullish
2021-04-13,37890,13258,-5731.0,2385.0,65661,24632,Bearish Reversal
2021-04-20,37215,11530,-675.0,-1728.0,63613,25685,Bullish Reversal
2021-04-27,40496,11200,3281.0,-330.0,65211,29296,Bullish
2021-05-04,39894,11663,-602.0,463.0,64855,28231,Bearish Reversal
2021-05-11,39738,12471,-156.0,808.0,66115,27267,Bearish
2021-05-18,38874,13060,-864.0,589.0,66761,25814,Bearish
2021-05-25,38188,15201,-686.0,2141.0,67247,22987,Bearish
2021-06-01,39063,15018,875.0,-183.0,67551,24045,Bullish
2021-06-08,37717,17553,-1346.0,2535.0,66649,20164,Bearish Reversal
2021-06-15,36745,16688,-972.0,-865.0,64994,20057,Bearish Reversal
2021-06-22,31830,18890,-4915.0,2202.0,63276,12940,Bearish Reversal
2021-06-29,30141,15397,-1689.0,-3493.0,58265,14744,Bullish Reversal
2021-07-06,28390,14814,-1751.0,-583.0,55441,13576,Bearish Reversal
2021-07-13,28994,13633,604.0,-1181.0,56142,15361,Bullish
2021-07-20,28529,16416,-465.0,2783.0,57661,12113,Bearish
2021-07-27,30519,18724,1990.0,2308.0,59378,11795,Bearish
2021-08-03,30735,21931,216.0,3207.0,61085,8804,Bearish
2021-08-10,31567,25748,832.0,3817.0,64271,5819,Bearish
2021-08-17,32124,23766,557.0,-1982.0,62569,8358,Bullish Reversal
2021-08-24,33042,23899,918.0,133.0,63828,9143,Bullish
2021-08-31,33413,25356,371.0,1457.0,67072,8057,Bearish
2021-09-07,32183,25834,-1230.0,478.0,69024,6349,Bearish
2021-09-14,33649,34716,1466.0,8882.0,75870,-1067,Bearish
2021-09-21,33230,32012,-419.0,-2704.0,73415,1218,Bullish Reversal
2021-09-28,31908,26255,-1322.0,-5757.0,62551,5653,Bullish Reversal
2021-10-05,32414,26899,506.0,644.0,62109,5515,Bearish Reversal
2021-10-12,31711,20792,-703.0,-6107.0,59344,10919,Bullish Reversal
2021-10-19,30917,16073,-794.0,-4719.0,58570,14844,Bullish Reversal
2021-10-26,29445,14543,-1472.0,-1530.0,58161,14902,Bullish Reversal
2021-11-02,28870,13506,-575.0,-1037.0,56508,15364,Bullish Reversal
2021-11-09,30260,12630,1390.0,-876.0,57866,17630,Bullish
2021-11-16,33266,12253,3006.0,-377.0,62284,21013,Bullish
2021-11-23,30454,17319,-2812.0,5066.0,61553,13135,Bearish Reversal
2021-11-30,28408,19460,-2046.0,2141.0,62385,8948,Bearish
2021-12-07,27056,20994,-1352.0,1534.0,65134,6062,Bearish
2021-12-14,27853,24122,797.0,3128.0,66300,3731,Bearish
2021-12-21,28302,27034,449.0,2912.0,64732,1268,Bearish Reversal
2021-12-28,27133,22664,-1169.0,-4370.0,60353,4469,Bullish Reversal
2022-01-04,27680,20918,547.0,-1746.0,58275,6762,Bullish Reversal
2022-01-11,27751,22462,71.0,1544.0,59061,5289,Bearish
2022-01-18,27304,20075,-447.0,-2387.0,57321,7229,Bullish Reversal
2022-01-25,27429,13637,125.0,-6438.0,53390,13792,Bullish Reversal
2022-02-01,28171,13590,742.0,-47.0,53898,14581,Bullish
2022-02-08,28134,16375,-37.0,2785.0,58766,11759,Bearish
2022-02-15,28217,18085,83.0,1710.0,59897,10132,Bearish
2022-02-22,32462,14922,4245.0,-3163.0,62274,17540,Bullish
2022-03-01,33902,17012,1440.0,2090.0,65383,16890,Bearish
2022-03-08,41758,15925,7856.0,-1087.0,72496,25833,Bullish
2022-03-15,33833,15901,-7925.0,-24.0,67727,17932,Bearish Reversal
2022-03-22,32184,12369,-1649.0,-3532.0,64000,19815,Bullish Reversal
2022-03-29,29585,15584,-2599.0,3215.0,61807,14001,Bearish Reversal
2022-04-05,28827,17537,-758.0,1953.0,60983,11290,Bearish Reversal
2022-04-12,28544,22129,-283.0,4592.0,63363,6415,Bearish
2022-04-19,28293,20756,-251.0,-1373.0,61603,7537,Bullish Reversal
2022-04-26,28121,30478,-172.0,9722.0,67591,-2357,Bearish
2022-05-03,29516,31057,1395.0,579.0,66545,-1541,Bullish Reversal
2022-05-10,28774,27411,-742.0,-3646.0,66064,1363,Bullish Reversal
2022-05-17,28253,26050,-521.0,-1361.0,65926,2203,Bullish Reversal
2022-05-24,26052,24567,-2201.0,-1483.0,65824,1485,Bearish Reversal
2022-05-31,27226,24863,1174.0,296.0,67964,2363,Bullish
2022-06-07,27004,21071,-222.0,-3792.0,65295,5933,Bullish Reversal
2022-06-14,25085,22871,-1919.0,1800.0,66613,2214,Bearish
2022-06-21,25676,24185,591.0,1314.0,64946,1491,Bearish Reversal
2022-06-28,28451,29757,2775.0,5572.0,68232,-1306,Bearish
2022-07-05,31920,34654,3469.0,4897.0,72895,-2734,Bearish
2022-07-12,32580,38491,660.0,3837.0,75615,-5911,Bearish
2022-07-19,32960,37242,380.0,-1249.0,75069,-4282,Bullish Reversal
2022-07-26,31027,35495,-1933.0,-1747.0,73423,-4468,Bearish Reversal
2022-08-02,28648,31189,-2379.0,-4306.0,68266,-2541,Bullish Reversal
2022-08-09,27754,26908,-894.0,-4281.0,62782,846,Bullish Reversal
2022-08-16,26218,23278,-1536.0,-3630.0,57254,2940,Bullish Reversal
2022-08-23,26970,27546,752.0,4268.0,62329,-576,Bearish
2022-08-30,29635,35013,2665.0,7467.0,70747,-5378,Bearish
2022-09-06,33598,40349,3963.0,5336.0,78610,-6751,Bearish
2022-09-13,30552,32431,-3046.0,-7918.0,68574,-1879,Bullish Reversal
2022-09-20,27756,25366,-2796.0,-7065.0,62900,2390,Bullish Reversal
2022-09-27,23944,23783,-3812.0,-1583.0,58994,161,Bearish Reversal
2022-10-04,25610,22329,1666.0,-1454.0,55682,3281,Bullish Reversal
2022-10-11,24306,18378,-1304.0,-3951.0,52435,5928,Bullish Reversal
2022-10-18,26385,17891,2079.0,-487.0,53728,8494,Bullish
2022-10-25,28471,17090,2086.0,-801.0,56117,11381,Bullish
2022-11-01,28611,12624,140.0,-4466.0,56534,15987,Bullish
2022-11-08,31065,11616,2454.0,-1008.0,60301,19449,Bullish
2022-11-15,33079,10535,2014.0,-1081.0,63391,22544,Bullish
2022-11-22,33832,11342,753.0,807.0,63704,22490,Bearish
2022-11-29,35268,11009,1436.0,-333.0,66468,24259,Bullish
2022-12-06,36693,11057,1425.0,48.0,68821,25636,Bullish
2022-12-13,39112,10667,2419.0,-390.0,72416,28445,Bullish
2022-12-20,37373,13321,-1739.0,2654.0,70021,24052,Bearish Reversal
2022-12-27,36326,11660,-1047.0,-1661.0,66817,24666,Bullish Reversal
2023-01-03,41555,11052,5229.0,-608.0,69687,30503,Bullish
2023-01-10,43745,13043,2190.0,1991.0,72216,30702,Bullish
2023-01-17,40387,16843,-3358.0,3800.0,71144,23544,Bearish Reversal
2023-01-24,39279,19018,-1108.0,2175.0,72613,20261,Bearish
2023-01-31,35098,18961,-4181.0,-57.0,69121,16137,Bearish Reversal
2023-02-07,30862,20242,-4236.0,1281.0,65469,10620,Bearish Reversal
2023-02-14,28560,22562,-2302.0,2320.0,66197,5998,Bearish
2023-02-21,28058,25153,-502.0,2591.0,67499,2905,Bearish
2023-02-28,27713,22416,-345.0,-2737.0,68075,5297,Bullish
2023-03-07,28988,23843,1275.0,1427.0,69721,5145,Bearish
2023-03-14,27423,16850,-1565.0,-6993.0,66817,10573,Bullish Reversal
2023-03-21,25199,15673,-2224.0,-1177.0,61416,9526,Bearish Reversal
2023-03-28,24247,13873,-952.0,-1800.0,57244,10374,Bullish Reversal
2023-04-04,29841,14418,5594.0,545.0,59156,15423,Bullish
2023-04-11,29570,16237,-271.0,1819.0,60115,13333,Bearish
2023-04-18,35028,10709,5458.0,-5528.0,63794,24319,Bullish
2023-04-25,41240,11623,6212.0,914.0,72125,29617,Bullish
2023-05-02,41109,14422,-131.0,2799.0,73591,26687,Bearish
2023-05-09,41712,13628,603.0,-794.0,74125,28084,Bullish
2023-05-16,39962,14139,-1750.0,511.0,73410,25823,Bearish Reversal
2023-05-23,41246,13767,1284.0,-372.0,73079,27479,Bullish Reversal
2023-05-30,37534,14128,-3712.0,361.0,69929,23406,Bearish Reversal
2023-06-06,35201,10588,-2333.0,-3540.0,67537,24613,Bullish Reversal
2023-06-13,34328,12356,-873.0,1768.0,69851,21972,Bearish
2023-06-20,34059,14587,-269.0,2231.0,69436,19472,Bearish Reversal
2023-06-27,34048,21888,-11.0,7301.0,68517,12160,Bearish Reversal
2023-07-03,36443,28376,2395.0,6488.0,69383,8067,Bearish
2023-07-11,38590,30803,2147.0,2427.0,71007,7787,Bearish
2023-07-18,38256,22520,-334.0,-8283.0,65834,15736,Bullish Reversal
2023-07-25,36489,21002,-1767.0,-1518.0,64197,15487,Bearish Reversal
2023-08-01,38036,25746,1547.0,4744.0,68875,12290,Bearish
2023-08-08,42007,39015,3971.0,13269.0,79989,2992,Bearish
2023-08-15,44233,44232,2226.0,5217.0,84557,1,Bearish
2023-08-22,44584,43750,351.0,-482.0,82331,834,Bullish Reversal
2023-08-29,43557,28519,-1027.0,-15231.0,75619,15038,Bullish Reversal
2023-09-05,36991,22389,-6566.0,-6130.0,68721,14602,Bearish Reversal
2023-09-12,43619,36898,6628.0,14509.0,87021,6721,Bearish
2023-09-19,42158,32164,-1461.0,-4734.0,82379,9994,Bullish Reversal
2023-09-26,40305,32979,-1853.0,815.0,72957,7326,Bearish Reversal
2023-10-03,45496,42880,5191.0,9901.0,81529,2616,Bearish
2023-10-10,45969,46005,473.0,3125.0,82751,-36,Bearish
2023-10-17,46746,46397,777.0,392.0,84292,349,Bullish
2023-10-24,46048,46528,-698.0,131.0,84610,-480,Bearish
2023-10-31,44291,33465,-1757.0,-13063.0,74768,10826,Bullish Reversal
2023-11-07,40752,33794,-3539.0,329.0,73613,6958,Bearish Reversal
2023-11-14,44969,48965,4217.0,15171.0,85870,-3996,Bearish
2023-11-21,40276,33140,-4693.0,-15825.0,73431,7136,Bullish Reversal
2023-11-28,38438,28404,-1838.0,-4736.0,70437,10034,Bullish Reversal
2023-12-05,37395,32262,-1043.0,3858.0,75508,5133,Bearish
2023-12-12,36789,29080,-606.0,-3182.0,74004,7709,Bullish Reversal
2023-12-19,40385,23387,3596.0,-5693.0,72263,16998,Bullish Reversal
2023-12-26,44404,20742,4019.0,-2645.0,70953,23662,Bullish Reversal
2024-01-02,49960,20921,5556.0,179.0,73883,29039,Bullish
2024-01-09,47209,23668,-2751.0,2747.0,71940,23541,Bearish Reversal
2024-01-16,43243,30686,-3966.0,7018.0,75103,12557,Bearish
2024-01-23,45895,37554,2652.0,6868.0,79394,8341,Bearish
2024-01-30,43818,32269,-2077.0,-5285.0,74321,11549,Bullish Reversal
2024-02-06,44878,35344,1060.0,3075.0,77077,9534,Bearish
2024-02-13,50318,48380,5440.0,13036.0,93019,1938,Bearish
2024-02-20,52505,44010,2187.0,-4370.0,87861,8495,Bullish Reversal
2024-02-27,49898,46297,-2607.0,2287.0,87889,3601,Bearish
2024-03-05,49391,53755,-507.0,7458.0,96814,-4364,Bearish
2024-03-12,44716,37297,-4675.0,-16458.0,86082,7419,Bullish Reversal
2024-03-19,42540,36260,-2176.0,-1037.0,86155,6280,Bearish
2024-03-26,43006,35811,466.0,-449.0,80677,7195,Bullish Reversal
2024-04-02,45845,37256,2839.0,1445.0,80099,8589,Bullish Reversal
2024-04-09,51330,32323,5485.0,-4933.0,81425,19007,Bullish
2024-04-16,52430,34189,1100.0,1866.0,81834,18241,Bearish
2024-04-23,46596,39132,-5834.0,4943.0,83696,7464,Bearish
2024-04-30,42532,35735,-4064.0,-3397.0,80142,6797,Bearish Reversal
2024-05-07,45232,31572,2700.0,-4163.0,80677,13660,Bullish
2024-05-14,53314,28867,8082.0,-2705.0,87175,24447,Bullish
2024-05-21,58479,30830,5165.0,1963.0,92741,27649,Bullish
2024-05-28,58272,30705,-207.0,-125.0,93588,27567,Bearish
2024-06-04,56389,33823,-1883.0,3118.0,96267,22566,Bearish
2024-06-11,47463,31765,-8926.0,-2058.0,89976,15698,Bearish Reversal
2024-06-18,43302,27438,-4161.0,-4327.0,87632,15864,Bullish Reversal
2024-06-25,43196,22593,-106.0,-4845.0,76816,20603,Bullish Reversal
2024-07-02,45032,21076,1836.0,-1517.0,76572,23956,Bullish Reversal
2024-07-09,47350,24684,2318.0,3608.0,81837,22666,Bearish
2024-07-16,48962,27014,1612.0,2330.0,83416,21948,Bearish
2024-07-23,40902,28694,-8060.0,1680.0,80402,12208,Bearish Reversal
2024-07-30,42595,28281,1693.0,-413.0,78760,14314,Bullish Reversal
2024-08-06,44391,34100,1796.0,5819.0,81153,10291,Bearish
2024-08-13,46287,34348,1896.0,248.0,81605,11939,Bullish
2024-08-20,45980,31154,-307.0,-3194.0,81395,14826,Bullish Reversal
2024-08-27,42951,27218,-3029.0,-3936.0,77082,15733,Bullish Reversal
2024-09-03,41924,40536,-1027.0,13318.0,87185,1388,Bearish
2024-09-10,45427,35424,3503.0,-5112.0,84729,10003,Bullish Reversal
2024-09-17,42679,20701,-2748.0,-14723.0,79134,21978,Bullish Reversal
2024-09-24,46103,21702,3424.0,1001.0,75168,24401,Bullish Reversal
2024-10-01,46316,18184,213.0,-3518.0,72633,28132,Bullish Reversal
2024-10-08,46339,22682,23.0,4498.0,76979,23657,Bearish
2024-10-15,46523,18136,184.0,-4546.0,72967,28387,Bullish Reversal
2024-10-22,53816,18940,7293.0,804.0,81497,34876,Bullish
2024-10-29,57500,21957,3684.0,3017.0,86344,35543,Bullish
2024-11-05,55780,26739,-1720.0,4782.0,85562,29041,Bearish Reversal
2024-11-12,53283,33050,-2497.0,6311.0,88887,20233,Bearish
2024-11-19,55437,32761,2154.0,-289.0,88953,22676,Bullish
2024-11-26,54467,35807,-970.0,3046.0,92361,18660,Bearish
2024-12-03,55415,34929,948.0,-878.0,94662,20486,Bullish
2024-12-10,54105,39276,-1310.0,4347.0,97656,14829,Bearish
2024-12-17,56233,42489,2128.0,3213.0,97942,13744,Bearish
2024-12-24,57368,41720,1135.0,-769.0,91990,15648,Bullish Reversal
2024-12-31,52623,46967,-4745.0,5247.0,89197,5656,Bearish Reversal
2025-01-07,56439,38592,3816.0,-8375.0,84617,17847,Bullish Reversal
2025-01-14,47098,31538,-9341.0,-7054.0,75049,15560,Bearish Reversal
2025-01-21,48605,33997,1507.0,2459.0,75574,14608,Bearish
2025-01-28,46600,33227,-2005.0,-770.0,76105,13373,Bearish
2025-02-04,45676,26701,-924.0,-6526.0,73237,18975,Bullish Reversal
2025-02-11,54600,28870,8924.0,2169.0,82571,25730,Bullish
2025-02-18,58829,35292,4229.0,6422.0,88270,23537,Bearish
2025-02-25,52850,36674,-5979.0,1382.0,84790,16176,Bearish Reversal
2025-03-04,48163,34311,-4687.0,-2363.0,79207,13852,Bearish Reversal
2025-03-11,46531,30783,-1632.0,-3528.0,79390,15748,Bullish
2025-03-18,49545,29038,3014.0,-1745.0,80614,20507,Bullish
2025-03-25,48416,34858,-1129.0,5820.0,80688,13558,Bearish
2025-04-01,49449,34474,1033.0,-384.0,78874,14975,Bullish Reversal
2025-04-08,43763,44557,-5686.0,10083.0,81948,-794,Bearish
2025-04-15,44827,38793,1064.0,-5764.0,76375,6034,Bullish Reversal
2025-04-22,45094,39417,267.0,624.0,77885,5677,Bearish
2025-04-29,45794,35832,700.0,-3585.0,76812,9962,Bullish Reversal
2025-05-06,44605,35095,-1189.0,-737.0,77994,9510,Bearish
2025-05-13,42968,33652,-1637.0,-1443.0,75977,9316,Bearish Reversal
2025-05-20,50293,32897,7325.0,-755.0,82058,17396,Bullish
2025-05-27,59282,33939,8989.0,1042.0,91884,25343,Bullish
2025-06-03,59019,38970,-263.0,5031.0,95262,20049,Bearish
2025-06-10,62728,35749,3709.0,-3221.0,99722,26979,Bullish
2025-06-17,62078,38851,-650.0,3102.0,105866,23227,Bearish
2025-06-24,60143,34931,-1935.0,-3920.0,100778,25212,Bullish Reversal
2025-07-01,57559,34917,-2584.0,-14.0,91281,22642,Bearish Reversal
2025-07-08,56239,35465,-1320.0,548.0,91757,20774,Bearish
2025-07-15,55186,35884,-1053.0,419.0,91718,19302,Bearish Reversal
2025-07-22,55180,34505,-6.0,-1379.0,90701,20675,Bullish Reversal
2025-07-29,52572,32004,-2608.0,-2501.0,88178,20568,Bearish Reversal
2025-08-05,46067,29405,-6505.0,-2599.0,80547,16662,Bearish Reversal
2025-08-12,47458,29670,1391.0,265.0,81726,17788,Bullish
2025-08-19,49269,34219,1811.0,4549.0,86155,15050,Bearish
2025-08-26,49314,33528,45.0,-691.0,85575,15786,Bullish Reversal
2025-09-02,52156,35158,2842.0,1630.0,88805,16998,Bullish
2025-09-09,53057,38701,901.0,3543.0,94804,14356,Bearish
2025-09-16,54061,38858,1004.0,157.0,100289,15203,Bullish
2025-09-23,56669,34627,2608.0,-4231.0,97978,22042,Bullish Reversal
2025-09-30,56227,34462,-442.0,-165.0,91091,21765,Bearish Reversal
2025-10-07,56442,38101,215.0,3639.0,90867,18341,Bearish Reversal
2025-10-14,54669,35716,-1773.0,-2385.0,88642,18953,Bullish Reversal
2025-10-21,48237,31363,-6432.0,-4353.0,81364,16874,Bearish Reversal
2025-10-28,46612,27062,-1625.0,-4301.0,78306,19550,Bullish Reversal
2025-11-04,46811,28117,199.0,1055.0,78849,18694,Bearish
2025-11-10,47415,28530,604.0,413.0,80545,18885,Bullish
2025-11-18,48000,31427,585.0,2897.0,83408,16573,Bearish
2025-11-25,48005,32026,5.0,599.0,83676,15979,Bearish
2025-12-02,50630,34650,2625.0,2624.0,87659,15980,Bullish
2025-12-09,53632,33742,3002.0,-908.0,90356,19890,Bullish
2025-12-16,57731,34438,4099.0,696.0,97095,23293,Bullish
2025-12-23,48138,28795,-9593.0,-5643.0,90330,19343,Bearish Reversal
2025-12-30,44667,26625,-3471.0,-2170.0,82836,18042,Bearish Reversal
2026-01-06,42589,24479,-2078.0,-2146.0,79050,18110,Bullish Reversal
2026-01-13,40741,23147,-1848.0,-1332.0,78337,17594,Bearish Reversal
2026-01-20,39709,24585,-1032.0,1438.0,79009,15124,Bearish
2026-01-27,36419,22497,-3290.0,-2088.0,79441,13922,Bearish
2026-02-03,31468,18362,-4951.0,-4135.0,73590,13106,Bearish Reversal
2026-02-10,28340,16256,-3128.0,-2106.0,69061,12084,Bearish Reversal
2026-02-17,28826,16479,486.0,223.0,69291,12347,Bullish
2026-02-24,29669,16429,843.0,-50.0,72351,13240,Bullish
2026-03-03,31579,17747,1910.0,1318.0,70154,13832,Bullish Reversal
2026-03-10,30396,15706,-1183.0,-2041.0,68758,14690,Bullish Reversal
2026-03-17,30172,13274,-224.0,-2432.0,67292,16898,Bullish Reversal
2026-03-24,26146,9948,-4026.0,-3326.0,61473,16198,Bearish Reversal
2026-03-31,26303,9966,157.0,18.0,60515,16337,Bullish Reversal
2026-04-07,27259,9221,956.0,-745.0,59884,18038,Bullish Reversal
2026-04-14,29215,8612,1956.0,-609.0,62452,20603,Bullish
2026-04-21,28940,8404,-275.0,-208.0,61997,20536,Bearish Reversal
2026-04-28,27632,9082,-1308.0,678.0,61055,18550,Bearish Reversal
2026-05-05,26668,8883,-964.0,-199.0,60646,17785,Bearish Reversal
2026-05-12,28266,7554,1598.0,-1329.0,63375,20712,Bullish
2026-05-19,26148,8240,-2118.0,686.0,62782,17908,Bearish Reversal
2026-05-26,25998,8340,-150.0,100.0,62711,17658,Bearish Reversal
2026-06-02,25527,8315,-471.0,-25.0,65697,17212,Bearish
2026-06-09,24826,9814,-701.0,1499.0,62457,15012,Bearish Reversal
2026-06-16,23745,9137,-1081.0,-677.0,62420,14608,Bearish Reversal
2026-06-23,23376,8281,-369.0,-856.0,57738,15095,Bullish Reversal
2026-06-30,24830,9829,1454.0,1548.0,53719,15001,Bearish Reversal
2026-07-07,22825,8953,-2005.0,-876.0,53645,13872,Bearish Reversal
2026-07-14,22461,8713,-364.0,-240.0,53837,13748,Bearish
2026-07-21,21807,9323,-654.0,610.0,53721,12484,Bearish Reversal
2026-07-28,21071,9436,-736.0,113.0,53658,11635,Bearish Reversal
2026-08-04,23151,8390,2080.0,-1046.0,55848,14761,Bullish
2026-08-11,23292,9752,141.0,1362.0,56771,13540,Bearish
2026-08-18,23514,10475,222.0,723.0,60129,13039,Bearish
2026-08-25,26947,11561,3433.0,1086.0,64648,15386,Bullish
2026-09-01,25692,10692,-1255.0,-869.0,68059,15000,Bearish
2026-09-08,26775,10799,1083.0,107.0,67810,15976,Bullish Reversal
2026-09-15,26250,11030,-525.0,231.0,65478,15220,Bearish Reversal
2026-09-22,27006,11640,756.0,610.0,65373,15366,Bullish Reversal
