As of Date in Form YYYY-MM-DD,Noncommercial Positions-Long (All),Noncommercial Positions-Short (All),Change in Noncommercial-Long (All),Change in Noncommercial-Short (All),Open Interest (All),Net Positions,Interpretation
1986-01-15,6639,5103,,,28642,1536,No signal
1986-01-31,4911,11997,-1728.0,6894.0,38235,-7086,Bearish
1986-02-14,7810,10431,2899.0,-1566.0,43243,-2621,Bullish
1986-02-28,10452,6920,2642.0,-3511.0,40880,3532,Bullish Reversal
1986-03-14,11326,7749,874.0,829.0,39392,3577,Bullish Reversal
1986-03-31,11807,4687,481.0,-3062.0,28187,7120,Bullish Reversal
1986-04-15,14730,3649,2923.0,-1038.0,31882,11081,Bullish
1986-04-30,19023,3018,4293.0,-631.0,39520,16005,Bullish
1986-05-15,13353,3465,-5670.0,447.0,34137,9888,Bearish Reversal
1986-05-30,8558,3975,-4795.0,510.0,30584,4583,Bearish Reversal
1986-06-13,8560,3373,2.0,-602.0,35696,5187,Bullish
1986-06-30,11912,1793,3352.0,-1580.0,24702,10119,Bullish Reversal
1986-07-15,3624,11986,-8288.0,10193.0,28328,-8362,Bearish
1986-07-31,1689,7619,-1935.0,-4367.0,26211,-5930,Bullish Reversal
1986-08-15,7898,6421,6209.0,-1198.0,30575,1477,Bullish
1986-08-29,1767,5691,-6131.0,-730.0,27788,-3924,Bearish Reversal
1986-09-15,1784,11933,17.0,6242.0,39753,-10149,Bearish
1986-09-30,1352,14875,-432.0,2942.0,37506,-13523,Bearish Reversal
1986-10-15,716,14711,-636.0,-164.0,39883,-13995,Bearish
1986-10-31,1024,8063,308.0,-6648.0,36992,-7039,Bullish Reversal
1986-11-14,1460,5542,436.0,-2521.0,32076,-4082,Bullish Reversal
1986-11-28,2993,3179,1533.0,-2363.0,34127,-186,Bullish
1986-12-15,2035,2534,-958.0,-645.0,28762,-499,Bearish Reversal
1986-12-31,6382,1651,4347.0,-883.0,23145,4731,Bullish Reversal
1987-01-15,5026,2017,-1356.0,366.0,27397,3009,Bearish
1987-01-30,4367,1989,-659.0,-28.0,27615,2378,Bearish
1987-02-13,4927,1598,560.0,-391.0,26684,3329,Bullish Reversal
1987-02-27,14961,1475,10034.0,-123.0,41391,13486,Bullish
1987-03-13,17369,1195,2408.0,-280.0,58211,16174,Bullish
1987-03-31,15434,795,-1935.0,-400.0,37799,14639,Bearish Reversal
1987-04-15,15018,795,-416.0,0.0,39147,14223,Bearish
1987-04-30,14176,4839,-842.0,4044.0,40247,9337,Bearish
1987-05-15,15618,7526,1442.0,2687.0,45116,8092,Bearish
1987-05-29,9810,6686,-5808.0,-840.0,42731,3124,Bearish Reversal
1987-06-15,10118,8830,308.0,2144.0,51477,1288,Bearish
1987-06-30,10435,2329,317.0,-6501.0,33006,8106,Bullish Reversal
1987-07-15,7732,1849,-2703.0,-480.0,38435,5883,Bearish
1987-07-31,9119,2643,1387.0,794.0,39754,6476,Bullish
1987-08-14,6762,4163,-2357.0,1520.0,43096,2599,Bearish
1987-08-31,8415,1486,1653.0,-2677.0,43281,6929,Bullish
1987-09-15,6788,2059,-1627.0,573.0,23232,4729,Bearish Reversal
1987-09-30,6383,1529,-405.0,-530.0,26290,4854,Bullish
1987-10-15,20304,1619,13921.0,90.0,45911,18685,Bullish
1987-10-30,9388,515,-10916.0,-1104.0,41563,8873,Bearish Reversal
1987-11-13,9569,825,181.0,310.0,42553,8744,Bearish
1987-11-30,13959,1397,4390.0,572.0,46132,12562,Bullish
1987-12-15,6920,1046,-7039.0,-351.0,25688,5874,Bearish Reversal
1987-12-31,9158,515,2238.0,-531.0,28589,8643,Bullish
1988-01-15,3899,1747,-5259.0,1232.0,27795,2152,Bearish Reversal
1988-01-29,7119,6136,3220.0,4389.0,36055,983,Bearish
1988-02-12,2261,5531,-4858.0,-605.0,40295,-3270,Bearish
1988-02-29,2962,4611,701.0,-920.0,43161,-1649,Bullish
1988-03-15,10912,5802,7950.0,1191.0,30238,5110,Bullish Reversal
1988-03-31,15086,4287,4174.0,-1515.0,42359,10799,Bullish
1988-04-15,6753,4317,-8333.0,30.0,38720,2436,Bearish Reversal
1988-04-29,7219,4943,466.0,626.0,38662,2276,Bearish Reversal
1988-05-13,12162,2725,4943.0,-2218.0,45362,9437,Bullish
1988-05-31,3954,8139,-8208.0,5414.0,39082,-4185,Bearish Reversal
1993-01-26,1847,3450,98.0,549.0,24608,-1603,Bullish
1993-02-02,2268,11219,421.0,7769.0,36652,-8951,Bearish
1993-02-09,3162,14986,894.0,3767.0,43350,-11824,Bearish
1993-02-16,2997,16188,-165.0,1202.0,43814,-13191,Bearish
1993-02-23,3269,16694,272.0,506.0,42549,-13425,Bearish Reversal
1993-03-02,2489,15773,-780.0,-921.0,42002,-13284,Bullish Reversal
1993-03-09,1561,13452,-928.0,-2321.0,46274,-11891,Bullish
1993-03-16,3263,12890,1702.0,-562.0,53864,-9627,Bullish
1993-03-23,5383,3379,2120.0,-9511.0,31060,2004,Bullish Reversal
1993-03-30,4570,2935,-813.0,-444.0,30465,1635,Bearish Reversal
1993-04-06,5567,1402,997.0,-1533.0,31878,4165,Bullish
1993-04-13,9330,3636,3763.0,2234.0,38474,5694,Bullish
1993-04-20,9759,3028,429.0,-608.0,39068,6731,Bullish
1993-04-27,13277,2660,3518.0,-368.0,45310,10617,Bullish
1993-05-04,12321,1876,-956.0,-784.0,43693,10445,Bearish Reversal
1993-05-11,10438,1482,-1883.0,-394.0,40195,8956,Bearish Reversal
1993-05-18,6812,832,-3626.0,-650.0,35802,5980,Bearish Reversal
1993-05-25,6851,1014,39.0,182.0,35712,5837,Bearish Reversal
1993-06-01,5138,2113,-1713.0,1099.0,38130,3025,Bearish
1993-06-08,1246,5095,-3892.0,2982.0,39932,-3849,Bearish
1993-06-15,603,5478,-643.0,383.0,38141,-4875,Bearish Reversal
1993-06-22,1117,10407,514.0,4929.0,35143,-9290,Bearish Reversal
1993-06-29,2301,7175,1184.0,-3232.0,27652,-4874,Bullish Reversal
1993-07-06,1218,5459,-1083.0,-1716.0,22666,-4241,Bullish Reversal
1993-07-13,1639,5547,421.0,88.0,27070,-3908,Bullish
1993-07-20,1245,4689,-394.0,-858.0,24537,-3444,Bullish Reversal
1993-07-27,1365,4444,120.0,-245.0,26754,-3079,Bullish
1993-08-03,1463,5563,98.0,1119.0,25966,-4100,Bearish Reversal
1993-08-10,1475,11129,12.0,5566.0,37767,-9654,Bearish
1993-08-17,2188,12212,713.0,1083.0,38830,-10024,Bearish
1993-08-24,4263,3637,2075.0,-8575.0,28887,626,Bullish Reversal
1993-08-31,3222,9131,-1041.0,5494.0,34075,-5909,Bearish
1993-09-07,9867,3312,6645.0,-5819.0,47635,6555,Bullish
1993-09-14,10031,2698,164.0,-614.0,41945,7333,Bullish Reversal
1993-09-21,6898,2439,-3133.0,-259.0,26968,4459,Bearish Reversal
1993-09-28,5083,2286,-1815.0,-153.0,25234,2797,Bearish Reversal
1993-10-05,3726,2284,-1357.0,-2.0,24961,1442,Bearish Reversal
1993-10-12,5081,4000,1355.0,1716.0,27291,1081,Bearish
1993-10-19,2894,7679,-2187.0,3679.0,31889,-4785,Bearish
1993-10-26,1605,9095,-1289.0,1416.0,35240,-7490,Bearish
1993-11-02,2001,9599,396.0,504.0,36284,-7598,Bearish
1993-11-09,1706,11841,-295.0,2242.0,43133,-10135,Bearish
1993-11-16,929,10116,-777.0,-1725.0,36927,-9187,Bullish Reversal
1993-11-23,1248,8216,319.0,-1900.0,36341,-6968,Bullish Reversal
1993-11-30,2501,5653,1253.0,-2563.0,37537,-3152,Bullish
1993-12-07,5221,2145,2720.0,-3508.0,41274,3076,Bullish
1993-12-14,7747,2695,2526.0,550.0,41092,5052,Bullish Reversal
1993-12-21,2344,3182,-5403.0,487.0,22959,-838,Bearish Reversal
1993-12-28,9815,1835,7471.0,-1347.0,34070,7980,Bullish
1994-01-04,3508,5980,-6307.0,4145.0,28834,-2472,Bearish Reversal
1994-01-11,4308,5779,800.0,-201.0,30991,-1471,Bullish
1994-01-18,17280,8461,12972.0,2682.0,43513,8819,Bullish
1994-01-25,15848,2821,-1432.0,-5640.0,42142,13027,Bullish Reversal
1994-02-01,22481,3429,6633.0,608.0,54526,19052,Bullish
1994-02-08,1512,8178,-20969.0,4749.0,40431,-6666,Bearish Reversal
1994-02-15,987,9225,-525.0,1047.0,41666,-8238,Bearish
1994-02-22,1978,11843,991.0,2618.0,43197,-9865,Bearish
1994-03-01,845,13071,-1133.0,1228.0,48502,-12226,Bearish
1994-03-08,1497,3394,652.0,-9677.0,41508,-1897,Bullish Reversal
1994-03-15,3814,3202,2317.0,-192.0,45275,612,Bullish
1994-03-22,2939,3897,-875.0,695.0,25174,-958,Bearish Reversal
1994-03-29,2973,8102,34.0,4205.0,31281,-5129,Bearish
1994-04-05,355,18189,-2618.0,10087.0,43406,-17834,Bearish
1994-04-12,714,19134,359.0,945.0,47239,-18420,Bearish
1994-04-19,535,15516,-179.0,-3618.0,46240,-14981,Bullish Reversal
1994-04-26,12655,6414,12120.0,-9102.0,45341,6241,Bullish Reversal
1994-05-03,16819,4437,4164.0,-1977.0,49464,12382,Bullish
1994-05-10,11488,4784,-5331.0,347.0,42890,6704,Bearish Reversal
1994-05-17,11706,4175,218.0,-609.0,46628,7531,Bullish
1994-05-24,11294,4514,-412.0,339.0,46306,6780,Bearish Reversal
1994-05-31,10868,4474,-426.0,-40.0,44476,6394,Bearish Reversal
1994-06-07,10045,4524,-823.0,50.0,45412,5521,Bearish
1994-06-14,15179,3487,5134.0,-1037.0,50899,11692,Bullish
1994-06-21,20262,3309,5083.0,-178.0,40151,16953,Bullish Reversal
1994-06-28,19227,3030,-1035.0,-279.0,39103,16197,Bearish Reversal
1994-07-05,18644,3497,-583.0,467.0,39036,15147,Bearish Reversal
1994-07-12,17877,5539,-767.0,2042.0,41030,12338,Bearish
1994-07-19,16333,7058,-1544.0,1519.0,41394,9275,Bearish
1994-07-26,6516,10785,-9817.0,3727.0,32221,-4269,Bearish Reversal
1994-08-02,5539,10511,-977.0,-274.0,31928,-4972,Bearish Reversal
1994-08-09,5468,9894,-71.0,-617.0,32123,-4426,Bullish
1994-08-16,5909,8953,441.0,-941.0,34992,-3044,Bullish
1994-08-23,8424,8386,2515.0,-567.0,40352,38,Bullish
1994-08-30,4067,10685,-4357.0,2299.0,35612,-6618,Bearish Reversal
1994-09-06,5239,9566,1172.0,-1119.0,39923,-4327,Bullish
1994-09-13,9559,5395,4320.0,-4171.0,50574,4164,Bullish
1994-09-20,12941,2627,3382.0,-2768.0,52019,10314,Bullish
1994-09-27,14342,2467,1401.0,-160.0,33279,11875,Bullish Reversal
1994-10-04,14547,1728,205.0,-739.0,33580,12819,Bullish
1994-10-11,16289,3340,1742.0,1612.0,41796,12949,Bullish
1994-10-18,16137,2717,-152.0,-623.0,44329,13420,Bullish
1994-10-25,16587,1872,450.0,-845.0,43616,14715,Bullish Reversal
1994-11-01,16285,3806,-302.0,1934.0,45599,12479,Bearish
1994-11-08,15905,8555,-380.0,4749.0,50144,7350,Bearish
1994-11-15,11240,14960,-4665.0,6405.0,46959,-3720,Bearish Reversal
1994-11-22,6874,23920,-4366.0,8960.0,51287,-17046,Bearish
1994-11-29,5633,24302,-1241.0,382.0,57360,-18669,Bearish
1994-12-06,5777,23489,144.0,-813.0,72635,-17712,Bullish
1994-12-13,4495,23933,-1282.0,444.0,72973,-19438,Bearish
1994-12-20,4706,16042,211.0,-7891.0,73360,-11336,Bullish
1994-12-27,2197,25361,-2509.0,9319.0,58849,-23164,Bearish Reversal
1995-01-03,1797,17240,-400.0,-8121.0,54250,-15443,Bullish Reversal
1995-01-10,1853,17744,56.0,504.0,56015,-15891,Bearish
1995-01-17,2811,15708,958.0,-2036.0,37986,-12897,Bullish Reversal
1995-01-24,6690,10558,3879.0,-5150.0,47147,-3868,Bullish
1995-01-31,6156,10856,-534.0,298.0,42756,-4700,Bearish Reversal
1995-02-07,2337,14246,-3819.0,3390.0,40512,-11909,Bearish Reversal
1995-02-14,1992,11654,-345.0,-2592.0,46244,-9662,Bullish
1995-02-21,2224,10348,232.0,-1306.0,48575,-8124,Bullish
1995-02-28,4114,8710,1890.0,-1638.0,50942,-4596,Bullish
1995-03-07,10600,1939,6486.0,-6771.0,58604,8661,Bullish
1995-03-14,6382,2274,-4218.0,335.0,53422,4108,Bearish Reversal
1995-03-21,5261,1784,-1121.0,-490.0,20876,3477,Bearish Reversal
1995-03-28,5640,1825,379.0,41.0,22937,3815,Bullish
1995-04-04,5870,2138,230.0,313.0,23373,3732,Bearish
1995-04-11,4251,1465,-1619.0,-673.0,22800,2786,Bearish Reversal
1995-04-18,4705,1232,454.0,-233.0,22698,3473,Bullish Reversal
1995-04-25,4227,1406,-478.0,174.0,23379,2821,Bearish
1995-05-02,4137,1710,-90.0,304.0,23479,2427,Bearish
1995-05-09,4332,2949,195.0,1239.0,24590,1383,Bearish
1995-05-16,935,11580,-3397.0,8631.0,29270,-10645,Bearish
1995-05-23,984,11811,49.0,231.0,28733,-10827,Bearish Reversal
1995-05-30,521,7184,-463.0,-4627.0,25232,-6663,Bullish Reversal
1995-06-06,812,7127,291.0,-57.0,27572,-6315,Bullish
1995-06-13,435,7111,-377.0,-16.0,36074,-6676,Bearish
1995-06-20,2133,4559,1698.0,-2552.0,19393,-2426,Bullish Reversal
1995-06-27,560,5401,-1573.0,842.0,20555,-4841,Bearish
1995-07-03,371,5382,-189.0,-19.0,20776,-5011,Bearish
1995-07-11,0,5727,-371.0,345.0,22967,-5727,Bearish
1995-07-18,213,5309,213.0,-418.0,22817,-5096,Bullish Reversal
1995-07-25,0,6953,-213.0,1644.0,24866,-6953,Bearish
1995-08-01,3990,5975,3990.0,-978.0,26290,-1985,Bullish
1995-08-08,6455,3631,2465.0,-2344.0,29924,2824,Bullish
1995-08-15,1296,11746,-5159.0,8115.0,36871,-10450,Bearish
1995-08-22,984,15629,-312.0,3883.0,39360,-14645,Bearish
1995-08-29,1507,14489,523.0,-1140.0,40216,-12982,Bullish
1995-09-05,1089,13021,-418.0,-1468.0,37942,-11932,Bullish Reversal
1995-09-12,850,14471,-239.0,1450.0,48364,-13621,Bearish
1995-09-19,855,14404,5.0,-67.0,32310,-13549,Bullish Reversal
1995-09-26,9070,2605,8215.0,-11799.0,30065,6465,Bullish Reversal
1995-10-03,9029,2979,-41.0,374.0,31204,6050,Bearish
1995-10-10,9312,1345,283.0,-1634.0,36393,7967,Bullish
1995-10-17,9132,638,-180.0,-707.0,35799,8494,Bullish Reversal
1995-10-24,9419,618,287.0,-20.0,34207,8801,Bullish Reversal
1995-10-31,9240,853,-179.0,235.0,35694,8387,Bearish
1995-11-07,9621,625,381.0,-228.0,36938,8996,Bullish
1995-11-14,1629,11223,-7992.0,10598.0,42391,-9594,Bearish
1995-11-21,345,18689,-1284.0,7466.0,51499,-18344,Bearish
1995-11-28,362,15740,17.0,-2949.0,48657,-15378,Bullish Reversal
1995-12-05,0,16525,-362.0,785.0,53421,-16525,Bearish
1995-12-12,268,14369,268.0,-2156.0,66057,-14101,Bullish
1995-12-19,268,12563,0.0,-1806.0,32723,-12295,Bullish Reversal
1995-12-26,4633,6560,4365.0,-6003.0,34130,-1927,Bullish
1996-01-02,6607,2045,1974.0,-4515.0,30668,4562,Bullish Reversal
1996-01-09,8622,1003,2015.0,-1042.0,36678,7619,Bullish
1996-01-16,7023,2052,-1599.0,1049.0,33713,4971,Bearish Reversal
1996-01-23,345,17240,-6678.0,15188.0,43863,-16895,Bearish
1996-01-30,745,21586,400.0,4346.0,50988,-20841,Bearish
1996-02-06,4356,6219,3611.0,-15367.0,44161,-1863,Bullish Reversal
1996-02-13,6208,4923,1852.0,-1296.0,49838,1285,Bullish
1996-02-20,9280,3534,3072.0,-1389.0,53470,5746,Bullish
1996-02-27,6027,3855,-3253.0,321.0,50711,2172,Bearish Reversal
1996-03-05,4239,4747,-1788.0,892.0,53038,-508,Bearish
1996-03-12,1310,10765,-2929.0,6018.0,61581,-9455,Bearish
1996-03-19,300,6406,-1010.0,-4359.0,34389,-6106,Bullish Reversal
1996-03-26,1485,6637,1185.0,231.0,45880,-5152,Bullish
1996-04-02,1470,10311,-15.0,3674.0,49971,-8841,Bearish
1996-04-09,557,9771,-913.0,-540.0,46709,-9214,Bearish Reversal
1996-04-16,2983,20682,2426.0,10911.0,66772,-17699,Bearish
1996-04-23,2569,13100,-414.0,-7582.0,56917,-10531,Bullish Reversal
1996-04-30,6610,17723,4041.0,4623.0,61153,-11113,Bearish
1996-05-07,6740,17246,130.0,-477.0,52391,-10506,Bullish Reversal
1996-05-14,7575,8013,835.0,-9233.0,45694,-438,Bullish Reversal
1996-05-21,8014,8866,439.0,853.0,47273,-852,Bearish
1996-05-28,8785,8741,771.0,-125.0,51628,44,Bullish
1996-06-04,28832,3627,20047.0,-5114.0,75505,25205,Bullish
1996-06-11,24614,1699,-4218.0,-1928.0,77714,22915,Bearish
1996-06-18,16812,1619,-7802.0,-80.0,40863,15193,Bearish Reversal
1996-06-25,16627,2097,-185.0,478.0,42155,14530,Bearish
1996-07-02,18709,2522,2082.0,425.0,48179,16187,Bullish
1996-07-09,20824,634,2115.0,-1888.0,58784,20190,Bullish
1996-07-16,20249,608,-575.0,-26.0,60201,19641,Bearish
1996-07-23,14708,1186,-5541.0,578.0,53762,13522,Bearish Reversal
1996-07-30,14799,1123,91.0,-63.0,54359,13676,Bullish
1996-08-06,8219,2285,-6580.0,1162.0,49096,5934,Bearish Reversal
1996-08-13,6138,1475,-2081.0,-810.0,47991,4663,Bearish Reversal
1996-08-20,7124,1684,986.0,209.0,49320,5440,Bullish
1996-08-27,10039,1286,2915.0,-398.0,53358,8753,Bullish
1996-09-03,20235,1301,10196.0,15.0,65298,18934,Bullish
1996-09-10,19324,1297,-911.0,-4.0,69758,18027,Bearish
1996-09-17,19209,1362,-115.0,65.0,40033,17847,Bearish Reversal
1996-09-24,18406,1712,-803.0,350.0,39349,16694,Bearish Reversal
1996-10-01,19717,1731,1311.0,19.0,41093,17986,Bullish
1996-10-08,20256,4234,539.0,2503.0,44569,16022,Bearish
1996-10-15,24862,2183,4606.0,-2051.0,56764,22679,Bullish
1996-10-22,25160,1829,298.0,-354.0,57540,23331,Bullish
1996-10-29,25819,2113,659.0,284.0,58025,23706,Bullish
1996-11-05,24265,1355,-1554.0,-758.0,59894,22910,Bearish
1996-11-12,23994,1203,-271.0,-152.0,60973,22791,Bearish
1996-11-19,22551,801,-1443.0,-402.0,64129,21750,Bearish
1996-11-26,20937,540,-1614.0,-261.0,62272,20397,Bearish Reversal
1996-12-03,11420,7901,-9517.0,7361.0,64173,3519,Bearish
1996-12-10,4114,3764,-7306.0,-4137.0,58466,350,Bearish Reversal
1996-12-17,4706,3428,592.0,-336.0,26328,1278,Bullish Reversal
1996-12-24,4844,3636,138.0,208.0,28901,1208,Bearish
1996-12-31,17524,893,12680.0,-2743.0,42991,16631,Bullish
1997-01-07,15408,680,-2116.0,-213.0,44725,14728,Bearish
1997-01-14,11886,1158,-3522.0,478.0,39750,10728,Bearish Reversal
1997-01-21,11525,1374,-361.0,216.0,39625,10151,Bearish Reversal
1997-01-28,1538,8949,-9987.0,7575.0,36740,-7411,Bearish Reversal
1997-02-04,759,12475,-779.0,3526.0,40392,-11716,Bearish
1997-02-11,1492,10152,733.0,-2323.0,37223,-8660,Bullish Reversal
1997-02-18,874,10363,-618.0,211.0,38880,-9489,Bearish
1997-02-25,1990,10103,1116.0,-260.0,38965,-8113,Bullish
1997-03-04,1755,9442,-235.0,-661.0,38791,-7687,Bullish Reversal
1997-03-11,152,12519,-1603.0,3077.0,51948,-12367,Bearish
1997-03-18,0,13989,-152.0,1470.0,39630,-13989,Bearish Reversal
1997-03-25,885,11808,885.0,-2181.0,33460,-10923,Bullish Reversal
1997-04-01,9886,1568,9001.0,-10240.0,36841,8318,Bullish
1997-04-08,10169,1182,283.0,-386.0,36422,8987,Bullish Reversal
1997-04-15,9915,1402,-254.0,220.0,36712,8513,Bearish
1997-04-22,10502,968,587.0,-434.0,38726,9534,Bullish
1997-04-29,13165,935,2663.0,-33.0,40777,12230,Bullish
1997-05-06,9017,846,-4148.0,-89.0,40045,8171,Bearish Reversal
1997-05-13,8768,1398,-249.0,552.0,37463,7370,Bearish Reversal
1997-05-20,11832,721,3064.0,-677.0,44416,11111,Bullish
1997-05-27,11918,951,86.0,230.0,41784,10967,Bearish Reversal
1997-06-03,12109,935,191.0,-16.0,41825,11174,Bullish
1997-06-10,11098,676,-1011.0,-259.0,51246,10422,Bearish
1997-06-17,12871,672,1773.0,-4.0,32656,12199,Bullish Reversal
1997-06-24,25119,817,12248.0,145.0,55541,24302,Bullish
1997-07-01,22801,815,-2318.0,-2.0,54291,21986,Bearish Reversal
1997-07-08,28036,759,5235.0,-56.0,64098,27277,Bullish
1997-07-15,28067,1111,31.0,352.0,64333,26956,Bearish
1997-07-22,27873,1779,-194.0,668.0,65625,26094,Bearish
1997-07-29,7707,8537,-20166.0,6758.0,50192,-830,Bearish Reversal
1997-08-05,4877,10045,-2830.0,1508.0,49609,-5168,Bearish Reversal
1997-08-12,2034,14804,-2843.0,4759.0,54002,-12770,Bearish
1997-08-19,590,13929,-1444.0,-875.0,49773,-13339,Bearish Reversal
1997-08-26,563,12518,-27.0,-1411.0,48989,-11955,Bullish Reversal
1997-09-02,1097,12578,534.0,60.0,49693,-11481,Bullish
1997-09-09,1310,11631,213.0,-947.0,62379,-10321,Bullish
1997-09-16,403,11663,-907.0,32.0,30841,-11260,Bearish Reversal
1997-09-23,625,10331,222.0,-1332.0,28758,-9706,Bullish Reversal
1997-09-30,999,8306,374.0,-2025.0,28040,-7307,Bullish Reversal
1997-10-07,1640,7417,641.0,-889.0,29740,-5777,Bullish
1997-10-14,1640,7652,0.0,235.0,29720,-6012,Bearish Reversal
1997-10-21,3710,3821,2070.0,-3831.0,35436,-111,Bullish
1997-10-28,21292,1187,17582.0,-2634.0,52014,20105,Bullish
1997-11-04,20979,1497,-313.0,310.0,50125,19482,Bearish Reversal
1997-11-11,25941,1132,4962.0,-365.0,56149,24809,Bullish
1997-11-18,29977,1536,4036.0,404.0,60001,28441,Bullish
1997-11-25,26299,1996,-3678.0,460.0,58703,24303,Bearish Reversal
1997-12-02,25660,1317,-639.0,-679.0,57669,24343,Bullish Reversal
1997-12-09,7620,1653,-18040.0,336.0,52950,5967,Bearish Reversal
1997-12-16,4784,6440,-2836.0,4787.0,33808,-1656,Bearish Reversal
1997-12-19,4086,5620,-698.0,-820.0,34186,-1534,Bullish
1997-12-23,4085,5588,-699.0,-852.0,31839,-1503,Bullish Reversal
1997-12-30,3811,4192,-274.0,-1396.0,31750,-381,Bullish Reversal
1998-01-06,2917,6537,-894.0,2345.0,32850,-3620,Bearish
1998-01-13,2721,7281,-196.0,744.0,34890,-4560,Bearish
1998-01-20,2985,7225,264.0,-56.0,35925,-4240,Bullish
1998-01-27,4405,1129,1420.0,-6096.0,31215,3276,Bullish Reversal
1998-02-03,3814,1127,-591.0,-2.0,30566,2687,Bearish Reversal
1998-02-10,3412,1574,-402.0,447.0,30407,1838,Bearish Reversal
1998-02-17,3449,1834,37.0,260.0,30225,1615,Bearish Reversal
1998-02-24,4882,1214,1433.0,-620.0,33650,3668,Bullish
1998-03-03,6492,1183,1610.0,-31.0,33697,5309,Bullish
1998-03-10,2237,2486,-4255.0,1303.0,32537,-249,Bearish Reversal
1998-03-17,11754,875,9517.0,-1611.0,35189,10879,Bullish
1998-03-24,13692,616,1938.0,-259.0,39543,13076,Bullish
1998-03-31,15274,1684,1582.0,1068.0,43166,13590,Bullish
1998-04-07,13453,1643,-1821.0,-41.0,38548,11810,Bearish Reversal
1998-04-14,14499,1141,1046.0,-502.0,44503,13358,Bullish
1998-04-21,18732,935,4233.0,-206.0,47517,17797,Bullish
1998-04-28,12172,1654,-6560.0,719.0,37557,10518,Bearish Reversal
1998-05-05,9073,2942,-3099.0,1288.0,36791,6131,Bearish Reversal
1998-05-12,982,13057,-8091.0,10115.0,44675,-12075,Bearish
1998-05-19,697,19854,-285.0,6797.0,52887,-19157,Bearish
1998-05-26,2303,19216,1606.0,-638.0,52744,-16913,Bullish Reversal
1998-06-02,1230,19394,-1073.0,178.0,52167,-18164,Bearish Reversal
1998-06-09,1168,18045,-62.0,-1349.0,64130,-16877,Bullish
1998-06-16,5809,17734,4641.0,-311.0,44093,-11925,Bullish Reversal
1998-06-23,19032,1900,13223.0,-15834.0,48874,17132,Bullish
1998-06-30,19754,1955,722.0,55.0,50578,17799,Bullish
1998-07-07,6362,2154,-13392.0,199.0,39512,4208,Bearish Reversal
1998-07-14,3328,4423,-3034.0,2269.0,37141,-1095,Bearish Reversal
1998-07-21,1762,4273,-1566.0,-150.0,36769,-2511,Bearish Reversal
1998-07-28,6697,1966,4935.0,-2307.0,37872,4731,Bullish
1998-08-04,2755,5383,-3942.0,3417.0,40629,-2628,Bearish
1998-08-11,2136,6402,-619.0,1019.0,41926,-4266,Bearish
1998-08-18,1126,27717,-1010.0,21315.0,63395,-26591,Bearish
1998-08-25,1193,14545,67.0,-13172.0,47718,-13352,Bullish Reversal
1998-09-01,25576,3837,24383.0,-10708.0,71946,21739,Bullish
1998-09-08,26028,3974,452.0,137.0,74452,22054,Bullish
1998-09-15,22488,5632,-3540.0,1658.0,49541,16856,Bearish Reversal
1998-09-22,23755,5529,1267.0,-103.0,51441,18226,Bullish
1998-09-29,29192,6401,5437.0,872.0,58454,22791,Bullish
1998-10-06,24165,6256,-5027.0,-145.0,54176,17909,Bearish Reversal
1998-10-13,23524,5510,-641.0,-746.0,52658,18014,Bullish Reversal
1998-10-20,22048,5487,-1476.0,-23.0,52335,16561,Bearish Reversal
1998-10-27,9602,7494,-12446.0,2007.0,50305,2108,Bearish Reversal
1998-11-03,6312,12015,-3290.0,4521.0,53506,-5703,Bearish
1998-11-10,6037,10702,-275.0,-1313.0,52884,-4665,Bullish Reversal
1998-11-17,5402,12885,-635.0,2183.0,52761,-7483,Bearish Reversal
1998-11-24,5042,14604,-360.0,1719.0,55379,-9562,Bearish
1998-12-01,4735,15163,-307.0,559.0,57589,-10428,Bearish
1998-12-08,4586,15278,-149.0,115.0,64674,-10692,Bearish
1998-12-15,16511,3539,11925.0,-11739.0,47847,12972,Bullish Reversal
1998-12-22,12476,2735,-4035.0,-804.0,44144,9741,Bearish Reversal
1998-12-29,15169,2735,2693.0,0.0,46075,12434,Bullish
1999-01-05,10828,5862,-4341.0,3127.0,43206,4966,Bearish Reversal
1999-01-12,4556,20717,-6272.0,14855.0,57740,-16161,Bearish
1999-01-19,5700,12965,1144.0,-7752.0,52148,-7265,Bullish Reversal
1999-01-26,4918,12181,-782.0,-784.0,50488,-7263,Bullish Reversal
1999-02-02,4478,18834,-440.0,6653.0,56703,-14356,Bearish
1999-02-09,4386,18042,-92.0,-792.0,54792,-13656,Bullish Reversal
1999-02-16,3965,18180,-421.0,138.0,56165,-14215,Bearish
1999-02-23,3747,27531,-218.0,9351.0,67663,-23784,Bearish
1999-03-02,3747,31513,0.0,3982.0,73910,-27766,Bearish
1999-03-09,4849,32452,1102.0,939.0,83402,-27603,Bullish
1999-03-16,1179,20312,-3670.0,-12140.0,55118,-19133,Bullish Reversal
1999-03-23,11122,22318,9943.0,2006.0,61850,-11196,Bullish
1999-03-30,947,17968,-10175.0,-4350.0,54416,-17021,Bearish Reversal
1999-04-06,1882,29142,935.0,11174.0,68549,-27260,Bearish
1999-04-13,884,30016,-998.0,874.0,64984,-29132,Bearish Reversal
1999-04-20,684,32800,-200.0,2784.0,67131,-32116,Bearish
1999-04-27,1138,24633,454.0,-8167.0,61648,-23495,Bullish Reversal
1999-05-04,3855,19763,2717.0,-4870.0,60750,-15908,Bullish Reversal
1999-05-11,16942,2549,13087.0,-17214.0,55926,14393,Bullish Reversal
1999-05-18,17302,3054,360.0,505.0,57184,14248,Bearish
1999-05-25,4277,16026,-13025.0,12972.0,60096,-11749,Bearish
1999-06-01,4064,24566,-213.0,8540.0,63155,-20502,Bearish
1999-06-08,6405,24720,2341.0,154.0,66284,-18315,Bullish
1999-06-15,7516,26526,1111.0,1806.0,51176,-19010,Bearish Reversal
1999-06-22,2944,25097,-4572.0,-1429.0,48586,-22153,Bearish Reversal
1999-06-29,3154,37576,210.0,12479.0,62127,-34422,Bearish
1999-07-06,2711,41616,-443.0,4040.0,69689,-38905,Bearish
1999-07-13,3470,43767,759.0,2151.0,73339,-40297,Bearish
1999-07-20,3187,34882,-283.0,-8885.0,67257,-31695,Bullish Reversal
1999-07-27,2924,29662,-263.0,-5220.0,57262,-26738,Bullish Reversal
1999-08-03,10125,6581,7201.0,-23081.0,55026,3544,Bullish Reversal
1999-08-10,14846,6561,4721.0,-20.0,55315,8285,Bullish
1999-08-17,13792,4354,-1054.0,-2207.0,52821,9438,Bullish Reversal
1999-08-24,12378,5067,-1414.0,713.0,55277,7311,Bearish
1999-08-31,14833,4051,2455.0,-1016.0,54879,10782,Bullish Reversal
1999-09-07,10018,6075,-4815.0,2024.0,53262,3943,Bearish Reversal
1999-09-14,14721,4390,4703.0,-1685.0,34466,10331,Bullish Reversal
1999-09-21,13830,4814,-891.0,424.0,34781,9016,Bearish
1999-09-28,32579,4297,18749.0,-517.0,54299,28282,Bullish
1999-10-05,39896,3545,7317.0,-752.0,62192,36351,Bullish
1999-10-12,39343,3758,-553.0,213.0,63106,35585,Bearish
1999-10-19,48014,4235,8671.0,477.0,74359,43779,Bullish
1999-10-26,35944,1900,-12070.0,-2335.0,61647,34044,Bearish Reversal
1999-11-02,32574,1418,-3370.0,-482.0,59174,31156,Bearish Reversal
1999-11-09,17143,7490,-15431.0,6072.0,47996,9653,Bearish Reversal
1999-11-16,15155,7947,-1988.0,457.0,46714,7208,Bearish Reversal
1999-11-23,15651,7163,496.0,-784.0,47213,8488,Bullish
1999-11-30,10829,11946,-4822.0,4783.0,46548,-1117,Bearish Reversal
1999-12-07,6688,10253,-4141.0,-1693.0,54458,-3565,Bearish
1999-12-14,914,3978,-5774.0,-6275.0,18990,-3064,Bullish Reversal
1999-12-21,414,4415,-500.0,437.0,18467,-4001,Bearish Reversal
1999-12-28,627,5229,213.0,814.0,18786,-4602,Bearish
2000-01-04,5767,1724,5140.0,-3505.0,27070,4043,Bullish
2000-01-11,14961,853,9194.0,-871.0,36938,14108,Bullish
2000-01-18,15385,387,424.0,-466.0,36241,14998,Bullish Reversal
2000-01-25,20494,402,5109.0,15.0,47257,20092,Bullish
2000-02-01,1918,2119,-18576.0,1717.0,33949,-201,Bearish Reversal
2000-02-08,1567,17477,-351.0,15358.0,48047,-15910,Bearish
2000-02-15,1352,15490,-215.0,-1987.0,47791,-14138,Bullish Reversal
2000-02-22,1454,11895,102.0,-3595.0,47438,-10441,Bullish Reversal
2000-02-29,1560,16370,106.0,4475.0,51024,-14810,Bearish
2000-03-07,1997,14354,437.0,-2016.0,62049,-12357,Bullish
2000-03-14,627,18417,-1370.0,4063.0,43677,-17790,Bearish Reversal
2000-03-21,625,17757,-2.0,-660.0,43392,-17132,Bullish Reversal
2000-03-28,3404,9078,2779.0,-8679.0,37843,-5674,Bullish Reversal
2000-04-04,6122,7242,2718.0,-1836.0,40719,-1120,Bullish
2000-04-11,1945,7707,-4177.0,465.0,38671,-5762,Bearish Reversal
2000-04-18,1737,10436,-208.0,2729.0,42051,-8699,Bearish
2000-04-25,1266,11935,-471.0,1499.0,42813,-10669,Bearish
2000-05-02,1902,19950,636.0,8015.0,52717,-18048,Bearish
2000-05-09,1082,19025,-820.0,-925.0,51395,-17943,Bullish Reversal
2000-05-16,570,13694,-512.0,-5331.0,49851,-13124,Bullish Reversal
2000-05-23,570,16959,0.0,3265.0,53580,-16389,Bearish
2000-05-30,1249,14223,679.0,-2736.0,52836,-12974,Bullish Reversal
2000-06-06,770,8789,-479.0,-5434.0,50316,-8019,Bullish Reversal
2000-06-13,770,8873,0.0,84.0,52278,-8103,Bearish
2000-06-20,0,4660,-770.0,-4213.0,25945,-4660,Bullish Reversal
2000-06-27,0,4662,0.0,2.0,26582,-4662,Bearish
2000-07-05,2493,4932,2493.0,270.0,28243,-2439,Bullish
2000-07-11,1126,4680,-1367.0,-252.0,27846,-3554,Bearish Reversal
2000-07-18,406,6203,-720.0,1523.0,33703,-5797,Bearish
2000-07-25,2662,3620,2256.0,-2583.0,30688,-958,Bullish Reversal
2000-08-01,1458,5087,-1204.0,1467.0,31895,-3629,Bearish
2000-08-08,1068,6120,-390.0,1033.0,31666,-5052,Bearish Reversal
2000-08-15,689,5913,-379.0,-207.0,30511,-5224,Bearish Reversal
2000-08-22,401,15086,-288.0,9173.0,41087,-14685,Bearish
2000-08-29,0,16574,-401.0,1488.0,45752,-16574,Bearish
2000-09-05,807,16981,807.0,407.0,45161,-16174,Bullish Reversal
2000-09-12,470,15255,-337.0,-1726.0,54969,-14785,Bullish
2000-09-19,4,15026,-466.0,-229.0,37690,-15022,Bearish Reversal
2000-09-26,36,6943,32.0,-8083.0,32381,-6907,Bullish Reversal
2000-10-03,46,5317,10.0,-1626.0,30294,-5271,Bullish Reversal
2000-10-10,99,4160,53.0,-1157.0,30327,-4061,Bullish
2000-10-17,638,5369,539.0,1209.0,31982,-4731,Bearish
2000-10-24,71,4284,-567.0,-1085.0,30852,-4213,Bullish Reversal
2000-10-31,724,4149,653.0,-135.0,31177,-3425,Bullish
2000-11-07,1166,4934,442.0,785.0,34188,-3768,Bearish
2000-11-14,412,4754,-754.0,-180.0,33617,-4342,Bearish Reversal
2000-11-21,594,6418,182.0,1664.0,36018,-5824,Bearish
2000-11-28,610,7579,16.0,1161.0,37298,-6969,Bearish
2000-12-05,552,5901,-58.0,-1678.0,40519,-5349,Bullish
2000-12-12,667,2856,115.0,-3045.0,38716,-2189,Bullish Reversal
2000-12-19,920,2538,253.0,-318.0,23226,-1618,Bullish Reversal
2000-12-26,1518,1906,598.0,-632.0,23181,-388,Bullish Reversal
2001-01-02,3722,1885,2204.0,-21.0,27079,1837,Bullish
2001-01-09,3410,772,-312.0,-1113.0,29253,2638,Bullish
2001-01-16,3463,1463,53.0,691.0,29854,2000,Bearish
2001-01-23,3091,1223,-372.0,-240.0,28835,1868,Bearish Reversal
2001-01-30,2130,772,-961.0,-451.0,27837,1358,Bearish Reversal
2001-02-06,2750,1748,620.0,976.0,28738,1002,Bearish
2001-02-13,2556,4257,-194.0,2509.0,30561,-1701,Bearish
2001-02-20,2116,5066,-440.0,809.0,32335,-2950,Bearish
2001-02-27,2104,4842,-12.0,-224.0,31691,-2738,Bullish Reversal
2001-03-06,3435,3392,1331.0,-1450.0,37437,43,Bullish
2001-03-13,5980,4982,2545.0,1590.0,41230,998,Bullish
2001-03-20,1004,6110,-4976.0,1128.0,29527,-5106,Bearish Reversal
2001-03-27,1069,9371,65.0,3261.0,34343,-8302,Bearish
2001-04-03,1815,10279,746.0,908.0,37712,-8464,Bearish
2001-04-10,1633,7212,-182.0,-3067.0,32735,-5579,Bullish Reversal
2001-04-17,1506,8479,-127.0,1267.0,33572,-6973,Bearish
2001-04-24,1966,6979,460.0,-1500.0,33311,-5013,Bullish Reversal
2001-05-01,1822,7414,-144.0,435.0,34963,-5592,Bearish
2001-05-08,1866,11388,44.0,3974.0,39216,-9522,Bearish
2001-05-15,1052,11366,-814.0,-22.0,41505,-10314,Bearish
2001-05-22,1740,9764,688.0,-1602.0,40620,-8024,Bullish Reversal
2001-05-29,2039,11897,299.0,2133.0,44794,-9858,Bearish
2001-06-05,2002,14243,-37.0,2346.0,47003,-12241,Bearish
2001-06-12,3767,16168,1765.0,1925.0,61357,-12401,Bearish
2001-06-19,1397,14748,-2370.0,-1420.0,39946,-13351,Bearish Reversal
2001-06-26,1486,10437,89.0,-4311.0,34659,-8951,Bullish Reversal
2001-07-03,844,9409,-642.0,-1028.0,35912,-8565,Bullish
2001-07-10,1781,8598,937.0,-811.0,34163,-6817,Bullish Reversal
2001-07-17,2164,9846,383.0,1248.0,33246,-7682,Bearish Reversal
2001-07-24,3602,5322,1438.0,-4524.0,31979,-1720,Bullish Reversal
2001-07-31,3476,5488,-126.0,166.0,31886,-2012,Bearish Reversal
2001-08-07,2643,5780,-833.0,292.0,33927,-3137,Bearish
2001-08-14,6161,4953,3518.0,-827.0,36855,1208,Bullish
2001-08-21,15386,4586,9225.0,-367.0,45476,10800,Bullish
2001-08-28,18852,4059,3466.0,-527.0,50269,14793,Bullish
2001-09-04,16192,4146,-2660.0,87.0,48467,12046,Bearish Reversal
2001-09-10,17074,4649,882.0,503.0,63015,12425,Bullish
2001-09-18,13239,3070,-3835.0,-1579.0,39768,10169,Bearish Reversal
2001-09-25,13092,3786,-147.0,716.0,40103,9306,Bearish
2001-10-02,13436,4242,344.0,456.0,40185,9194,Bearish
2001-10-09,13342,5054,-94.0,812.0,40137,8288,Bearish Reversal
2001-10-16,9690,4904,-3652.0,-150.0,37905,4786,Bearish Reversal
2001-10-23,4946,6225,-4744.0,1321.0,39343,-1279,Bearish
2001-10-30,6313,5414,1367.0,-811.0,38163,899,Bullish Reversal
2001-11-06,6416,4366,103.0,-1048.0,37327,2050,Bullish Reversal
2001-11-13,4989,3234,-1427.0,-1132.0,38885,1755,Bearish
2001-11-20,3162,9220,-1827.0,5986.0,43540,-6058,Bearish
2001-11-27,1801,10279,-1361.0,1059.0,43792,-8478,Bearish
2001-12-04,1888,10836,87.0,557.0,42861,-8948,Bearish Reversal
2001-12-11,2417,4877,529.0,-5959.0,44312,-2460,Bullish
2001-12-18,4889,3147,2472.0,-1730.0,23677,1742,Bullish Reversal
2001-12-21,2670,4298,-2219.0,1151.0,22919,-1628,Bearish Reversal
2001-12-28,647,3132,-2023.0,-1166.0,22515,-2485,Bearish Reversal
2002-01-08,966,4376,319.0,1244.0,24447,-3410,Bearish
2002-01-15,900,5417,-66.0,1041.0,25096,-4517,Bearish
2002-01-22,1725,4814,825.0,-603.0,25242,-3089,Bullish
2002-01-29,992,12934,-733.0,8120.0,33552,-11942,Bearish
2002-02-05,545,11409,-447.0,-1525.0,33289,-10864,Bullish Reversal
2002-02-12,3751,9149,3206.0,-2260.0,31419,-5398,Bullish Reversal
2002-02-19,1597,7192,-2154.0,-1957.0,26728,-5595,Bearish Reversal
2002-02-26,3560,9774,1963.0,2582.0,33026,-6214,Bearish
2002-03-05,3367,6963,-193.0,-2811.0,27814,-3596,Bullish Reversal
2002-03-12,2112,12235,-1255.0,5272.0,39898,-10123,Bearish
2002-03-19,2360,9051,248.0,-3184.0,27150,-6691,Bullish Reversal
2002-03-26,6723,7578,4363.0,-1473.0,29410,-855,Bullish
2002-04-02,10649,6047,3926.0,-1531.0,38169,4602,Bullish
2002-04-09,5868,5624,-4781.0,-423.0,34199,244,Bearish Reversal
2002-04-16,8350,5913,2482.0,289.0,37817,2437,Bullish
2002-04-23,13688,5007,5338.0,-906.0,42976,8681,Bullish
2002-04-30,17061,6503,3373.0,1496.0,45691,10558,Bullish
2002-05-07,19501,7831,2440.0,1328.0,50156,11670,Bullish
2002-05-14,13376,8983,-6125.0,1152.0,44927,4393,Bearish Reversal
2002-05-21,12071,6832,-1305.0,-2151.0,45036,5239,Bullish
2002-05-28,11317,6671,-754.0,-161.0,46069,4646,Bearish
2002-06-04,9819,6969,-1498.0,298.0,43285,2850,Bearish Reversal
2002-06-11,16657,6829,6838.0,-140.0,55572,9828,Bullish
2002-06-18,14829,8986,-1828.0,2157.0,44886,5843,Bearish Reversal
2002-06-25,13284,8044,-1545.0,-942.0,43586,5240,Bearish Reversal
2002-07-02,9892,7663,-3392.0,-381.0,40504,2229,Bearish Reversal
2002-07-09,9072,7156,-820.0,-507.0,39998,1916,Bearish Reversal
2002-07-16,5382,5637,-3690.0,-1519.0,37231,-255,Bearish Reversal
2002-07-23,5186,5019,-196.0,-618.0,35862,167,Bullish Reversal
2002-07-30,6234,4720,1048.0,-299.0,35941,1514,Bullish
2002-08-06,5963,3431,-271.0,-1289.0,33265,2532,Bullish Reversal
2002-08-13,3798,2767,-2165.0,-664.0,28961,1031,Bearish Reversal
2002-08-20,2805,3982,-993.0,1215.0,30012,-1177,Bearish
2002-08-27,6160,3597,3355.0,-385.0,32571,2563,Bullish
2002-09-03,5732,2861,-428.0,-736.0,33512,2871,Bullish
2002-09-10,5795,3772,63.0,911.0,39093,2023,Bearish
2002-09-17,2739,5162,-3056.0,1390.0,22269,-2423,Bearish Reversal
2002-09-24,3382,5062,643.0,-100.0,23398,-1680,Bullish
2002-10-01,5396,5780,2014.0,718.0,28653,-384,Bullish
2002-10-08,5780,6935,384.0,1155.0,30743,-1155,Bearish
2002-10-15,6431,4146,651.0,-2789.0,28327,2285,Bullish Reversal
2002-10-22,4835,4568,-1596.0,422.0,26456,267,Bearish Reversal
2002-10-29,11193,3516,6358.0,-1052.0,32297,7677,Bullish
2002-11-05,14957,4994,3764.0,1478.0,37029,9963,Bullish
2002-11-12,19263,3944,4306.0,-1050.0,45933,15319,Bullish
2002-11-19,17779,4404,-1484.0,460.0,43939,13375,Bearish Reversal
2002-11-26,11414,4668,-6365.0,264.0,38687,6746,Bearish Reversal
2002-12-03,5052,4312,-6362.0,-356.0,33681,740,Bearish Reversal
2002-12-10,7079,3537,2027.0,-775.0,40447,3542,Bullish
2002-12-17,11344,3587,4265.0,50.0,32946,7757,Bullish Reversal
2002-12-23,10488,3587,-856.0,0.0,34020,6901,Bearish
2002-12-31,11957,3587,1469.0,0.0,34823,8370,Bullish
2003-01-07,13444,4630,1487.0,1043.0,36924,8814,Bullish
2003-01-14,13773,3608,329.0,-1022.0,37182,10165,Bullish
2003-01-21,14909,3618,1136.0,10.0,37884,11291,Bullish
2003-01-28,13369,4065,-1540.0,447.0,37111,9304,Bearish Reversal
2003-02-04,13415,4433,46.0,368.0,37750,8982,Bearish
2003-02-11,10006,5014,-3409.0,581.0,35251,4992,Bearish Reversal
2003-02-18,6298,5922,-3708.0,908.0,33382,376,Bearish Reversal
2003-02-25,3807,4717,-2491.0,-1205.0,28528,-910,Bearish Reversal
2003-03-04,3496,3684,-311.0,-1033.0,29889,-188,Bullish
2003-03-11,4123,2685,627.0,-999.0,34292,1438,Bullish
2003-03-18,592,4968,-3531.0,2283.0,21258,-4376,Bearish Reversal
2003-03-25,700,3300,108.0,-1668.0,20470,-2600,Bullish Reversal
2003-04-01,563,3101,-137.0,-199.0,21711,-2538,Bullish
2003-04-08,973,4835,410.0,1734.0,25980,-3862,Bearish
2003-04-15,993,4064,20.0,-771.0,23221,-3071,Bullish Reversal
2003-04-22,2053,4681,1060.0,617.0,25201,-2628,Bullish
2003-04-29,2135,4676,82.0,-5.0,27870,-2541,Bullish
2003-05-06,9393,4465,7258.0,-211.0,31088,4928,Bullish
2003-05-13,7470,3376,-1923.0,-1089.0,32959,4094,Bearish
2003-05-20,9042,2156,1572.0,-1220.0,37761,6886,Bullish
2003-05-27,10497,2765,1455.0,609.0,39958,7732,Bullish
2003-06-03,17567,1531,7070.0,-1234.0,48222,16036,Bullish
2003-06-10,20014,1970,2447.0,439.0,59050,18044,Bullish
2003-06-17,19709,2261,-305.0,291.0,46234,17448,Bearish Reversal
2003-06-24,18775,1558,-934.0,-703.0,45976,17217,Bearish Reversal
2003-07-01,18710,2272,-65.0,714.0,47221,16438,Bearish
2003-07-08,14414,4460,-4296.0,2188.0,45011,9954,Bearish Reversal
2003-07-15,5501,2999,-8913.0,-1461.0,39893,2502,Bearish Reversal
2003-07-22,3487,4142,-2014.0,1143.0,36574,-655,Bearish Reversal
2003-07-29,3595,5281,108.0,1139.0,44811,-1686,Bearish
2003-08-05,3660,3959,65.0,-1322.0,45719,-299,Bullish
2003-08-12,3107,2526,-553.0,-1433.0,44939,581,Bullish Reversal
2003-08-19,3143,6746,36.0,4220.0,47837,-3603,Bearish
2003-08-26,3953,6136,810.0,-610.0,49139,-2183,Bullish
2003-09-02,4717,7042,764.0,906.0,42438,-2325,Bearish Reversal
2003-09-09,4125,4739,-592.0,-2303.0,44767,-614,Bullish
2003-09-16,4540,3019,415.0,-1720.0,26786,1521,Bullish Reversal
2003-09-23,12753,2707,8213.0,-312.0,36402,10046,Bullish
2003-09-30,12371,2448,-382.0,-259.0,48321,9923,Bearish
2003-10-07,15295,3678,2924.0,1230.0,51131,11617,Bullish
2003-10-14,15428,4728,133.0,1050.0,53815,10700,Bearish
2003-10-21,15687,3121,259.0,-1607.0,53768,12566,Bullish Reversal
2003-10-28,23023,3357,7336.0,236.0,65065,19666,Bullish
2003-11-04,21766,2514,-1257.0,-843.0,66893,19252,Bearish
2003-11-11,17150,2450,-4616.0,-64.0,63740,14700,Bearish Reversal
2003-11-18,21525,2584,4375.0,134.0,68738,18941,Bullish
2003-11-25,22356,3575,831.0,991.0,67155,18781,Bearish Reversal
2003-12-02,26628,3226,4272.0,-349.0,74221,23402,Bullish
2003-12-09,27080,2454,452.0,-772.0,93872,24626,Bullish
2003-12-16,24923,2368,-2157.0,-86.0,67067,22555,Bearish Reversal
2003-12-22,23165,2828,-1758.0,460.0,57738,20337,Bearish Reversal
2003-12-30,22849,2893,-316.0,65.0,57504,19956,Bearish Reversal
2004-01-06,22009,3959,-840.0,1066.0,60146,18050,Bearish
2004-01-13,17849,4159,-4160.0,200.0,61829,13690,Bearish
2004-01-20,18594,2359,745.0,-1800.0,61215,16235,Bullish Reversal
2004-01-27,19967,2296,1373.0,-63.0,63400,17671,Bullish
2004-02-03,23623,2730,3656.0,434.0,66822,20893,Bullish
2004-02-10,23388,3482,-235.0,752.0,67552,19906,Bearish
2004-02-17,24010,3851,622.0,369.0,70663,20159,Bullish
2004-02-24,24415,3339,405.0,-512.0,69494,21076,Bullish Reversal
2004-03-02,17565,3588,-6850.0,249.0,63096,13977,Bearish Reversal
2004-03-09,13288,2658,-4277.0,-930.0,73570,10630,Bearish
2004-03-16,6579,2484,-6709.0,-174.0,37329,4095,Bearish Reversal
2004-03-23,8351,2479,1772.0,-5.0,43178,5872,Bullish
2004-03-30,7141,1906,-1210.0,-573.0,39413,5235,Bearish Reversal
2004-04-06,13475,2224,6334.0,318.0,45396,11251,Bullish
2004-04-12,12752,2104,-723.0,-120.0,45575,10648,Bearish
2004-04-20,8083,2939,-4669.0,835.0,41048,5144,Bearish Reversal
2004-04-27,7965,4233,-118.0,1294.0,42492,3732,Bearish
2004-05-04,8405,3675,440.0,-558.0,46341,4730,Bullish
2004-05-11,8702,5483,297.0,1808.0,48387,3219,Bearish
2004-05-18,7229,5616,-1473.0,133.0,43218,1613,Bearish Reversal
2004-05-25,9993,4091,2764.0,-1525.0,45355,5902,Bullish
2004-06-01,16046,6013,6053.0,1922.0,54636,10033,Bullish
2004-06-08,19401,5924,3355.0,-89.0,64694,13477,Bullish
2004-06-15,18432,2224,-969.0,-3700.0,47098,16208,Bullish Reversal
2004-06-22,18393,2211,-39.0,-13.0,47510,16182,Bearish
2004-06-29,16021,2137,-2372.0,-74.0,49713,13884,Bearish
2004-07-06,23288,2211,7267.0,74.0,53855,21077,Bullish
2004-07-13,33831,3809,10543.0,1598.0,72101,30022,Bullish
2004-07-20,37000,5233,3169.0,1424.0,79820,31767,Bullish
2004-07-27,27913,3418,-9087.0,-1815.0,67259,24495,Bearish Reversal
2004-08-03,26238,4632,-1675.0,1214.0,70933,21606,Bearish
2004-08-10,28155,5439,1917.0,807.0,69615,22716,Bullish Reversal
2004-08-17,24266,5068,-3889.0,-371.0,74776,19198,Bearish
2004-08-24,14581,7322,-9685.0,2254.0,72156,7259,Bearish Reversal
2004-08-31,15120,8031,539.0,709.0,74825,7089,Bearish
2004-09-07,10778,9031,-4342.0,1000.0,81067,1747,Bearish
2004-09-14,12072,6063,1294.0,-2968.0,46188,6009,Bullish Reversal
2004-09-21,12471,6469,399.0,406.0,46702,6002,Bearish
2004-09-28,16311,8495,3840.0,2026.0,55643,7816,Bullish
2004-10-05,14877,14851,-1434.0,6356.0,59892,26,Bearish
2004-10-12,12458,16631,-2419.0,1780.0,64539,-4173,Bearish
2004-10-19,14932,16633,2474.0,2.0,66763,-1701,Bullish
2004-10-26,24758,15233,9826.0,-1400.0,72410,9525,Bullish
2004-11-02,29594,16252,4836.0,1019.0,75805,13342,Bullish
2004-11-09,40588,17242,10994.0,990.0,88825,23346,Bullish
2004-11-16,42409,14760,1821.0,-2482.0,88817,27649,Bullish Reversal
2004-11-23,47600,13995,5191.0,-765.0,97094,33605,Bullish
2004-11-30,44296,11521,-3304.0,-2474.0,88044,32775,Bearish Reversal
2004-12-07,39467,5882,-4829.0,-5639.0,101414,33585,Bullish
2004-12-14,41235,2449,1768.0,-3433.0,77331,38786,Bullish Reversal
2004-12-21,37492,2710,-3743.0,261.0,81082,34782,Bearish
2004-12-28,33131,12980,-4361.0,10270.0,77644,20151,Bearish Reversal
2005-01-04,24458,11935,-8673.0,-1045.0,75999,12523,Bearish Reversal
2005-01-11,22756,1364,-1702.0,-10571.0,66467,21392,Bullish Reversal
2005-01-18,21007,2292,-1749.0,928.0,64508,18715,Bearish Reversal
2005-01-25,18616,2626,-2391.0,334.0,63971,15990,Bearish Reversal
2005-02-01,19591,2898,975.0,272.0,65926,16693,Bullish
2005-02-08,15190,5081,-4401.0,2183.0,64686,10109,Bearish Reversal
2005-02-15,26973,4734,11783.0,-347.0,73291,22239,Bullish
2005-02-22,29369,4213,2396.0,-521.0,79178,25156,Bullish
2005-03-01,38182,4663,8813.0,450.0,79910,33519,Bullish
2005-03-08,46451,5324,8269.0,661.0,99583,41127,Bullish
2005-03-15,42006,4182,-4445.0,-1142.0,79439,37824,Bearish Reversal
2005-03-22,31332,4677,-10674.0,495.0,71769,26655,Bearish Reversal
2005-03-29,18587,6713,-12745.0,2036.0,66380,11874,Bearish Reversal
2005-04-05,21540,6056,2953.0,-657.0,68416,15484,Bullish
2005-04-12,26824,6453,5284.0,397.0,82524,20371,Bullish
2005-04-19,33817,7019,6993.0,566.0,86549,26798,Bullish
2005-04-26,29282,5571,-4535.0,-1448.0,85465,23711,Bearish Reversal
2005-05-03,25845,5967,-3437.0,396.0,88941,19878,Bearish
2005-05-10,25907,5809,62.0,-158.0,89238,20098,Bullish
2005-05-17,17615,17181,-8292.0,11372.0,81490,434,Bearish Reversal
2005-05-24,14760,22170,-2855.0,4989.0,86387,-7410,Bearish
2005-05-31,14346,25417,-414.0,3247.0,95073,-11071,Bearish
2005-06-07,14668,23243,322.0,-2174.0,101520,-8575,Bullish
2005-06-14,14197,31146,-471.0,7903.0,68775,-16949,Bearish Reversal
2005-06-21,13979,26898,-218.0,-4248.0,65232,-12919,Bullish Reversal
2005-06-28,8962,28767,-5017.0,1869.0,66998,-19805,Bearish
2005-07-05,10990,31404,2028.0,2637.0,73218,-20414,Bearish
2005-07-12,9067,31648,-1923.0,244.0,74117,-22581,Bearish
2005-07-19,11268,36892,2201.0,5244.0,77596,-25624,Bearish
2005-07-26,12276,32141,1008.0,-4751.0,75763,-19865,Bullish Reversal
2005-08-02,12377,29356,101.0,-2785.0,73519,-16979,Bullish Reversal
2005-08-09,11090,26599,-1287.0,-2757.0,72461,-15509,Bullish Reversal
2005-08-16,20459,18101,9369.0,-8498.0,72786,2358,Bullish
2005-08-23,21708,16210,1249.0,-1891.0,74604,5498,Bullish
2005-08-30,18388,20599,-3320.0,4389.0,77596,-2211,Bearish
2005-09-06,25940,14944,7552.0,-5655.0,80522,10996,Bullish
2005-09-13,27410,8935,1470.0,-6009.0,91701,18475,Bullish
2005-09-20,24572,13994,-2838.0,5059.0,67785,10578,Bearish Reversal
2005-09-27,27581,25018,3009.0,11024.0,77440,2563,Bearish
2005-10-04,20074,36934,-7507.0,11916.0,89889,-16860,Bearish
2005-10-11,13716,36761,-6358.0,-173.0,89400,-23045,Bearish Reversal
2005-10-18,10591,31641,-3125.0,-5120.0,83729,-21050,Bullish Reversal
2005-10-25,12541,26582,1950.0,-5059.0,74286,-14041,Bullish Reversal
2005-11-01,9163,23472,-3378.0,-3110.0,69583,-14309,Bearish Reversal
2005-11-08,10489,29859,1326.0,6387.0,80390,-19370,Bearish
2005-11-15,10175,33992,-314.0,4133.0,84441,-23817,Bearish
2005-11-22,9056,42076,-1119.0,8084.0,89837,-33020,Bearish
2005-11-29,10936,44023,1880.0,1947.0,100047,-33087,Bearish
2005-12-06,15567,41346,4631.0,-2677.0,107224,-25779,Bullish
2005-12-13,13586,21442,-1981.0,-19904.0,111268,-7856,Bullish
2005-12-20,9425,17617,-4161.0,-3825.0,70230,-8192,Bearish Reversal
2005-12-27,9474,21067,49.0,3450.0,62736,-11593,Bearish Reversal
2006-01-03,13026,28047,3552.0,6980.0,69591,-15021,Bearish
2006-01-10,17074,21847,4048.0,-6200.0,77079,-4773,Bullish
2006-01-17,17411,20714,337.0,-1133.0,83135,-3303,Bullish
2006-01-24,22028,19180,4617.0,-1534.0,89537,2848,Bullish
2006-01-31,21296,23206,-732.0,4026.0,94091,-1910,Bearish
2006-02-07,15492,29554,-5804.0,6348.0,93793,-14062,Bearish Reversal
2006-02-14,12019,36663,-3473.0,7109.0,99687,-24644,Bearish
2006-02-21,14722,34603,2703.0,-2060.0,97217,-19881,Bullish Reversal
2006-02-28,15055,23244,333.0,-11359.0,98756,-8189,Bullish
2006-03-07,14981,27325,-74.0,4081.0,105166,-12344,Bearish
2006-03-14,10989,25621,-3992.0,-1704.0,70017,-14632,Bearish Reversal
2006-03-21,13183,18418,2194.0,-7203.0,68099,-5235,Bullish Reversal
2006-03-28,12491,18775,-692.0,357.0,67999,-6284,Bearish Reversal
2006-04-04,14015,24699,1524.0,5924.0,79371,-10684,Bearish
2006-04-11,16971,22595,2956.0,-2104.0,79127,-5624,Bullish Reversal
2006-04-18,27302,22208,10331.0,-387.0,83282,5094,Bullish
2006-04-25,35005,22715,7703.0,507.0,93662,12290,Bullish
2006-05-02,34133,15509,-872.0,-7206.0,89073,18624,Bullish Reversal
2006-05-09,41071,15304,6938.0,-205.0,104008,25767,Bullish
2006-05-16,39358,15086,-1713.0,-218.0,110006,24272,Bearish
2006-05-23,42928,12370,3570.0,-2716.0,114772,30558,Bullish
2006-05-30,51965,12268,9037.0,-102.0,112099,39697,Bullish Reversal
2006-06-06,33771,11485,-18194.0,-783.0,105314,22286,Bearish Reversal
2006-06-13,34221,12127,450.0,642.0,126043,22094,Bearish
2006-06-20,29010,5608,-5211.0,-6519.0,78491,23402,Bullish Reversal
2006-06-27,17709,11138,-11301.0,5530.0,78592,6571,Bearish
2006-07-03,22169,10306,4460.0,-832.0,78658,11863,Bullish
2006-07-11,25268,11519,3099.0,1213.0,85671,13749,Bullish
2006-07-18,28460,11383,3192.0,-136.0,88080,17077,Bullish
2006-07-25,34685,12026,6225.0,643.0,102104,22659,Bullish
2006-08-01,56297,11294,21612.0,-732.0,114075,45003,Bullish
2006-08-08,65228,9602,8931.0,-1692.0,128112,55626,Bullish
2006-08-15,74152,10956,8924.0,1354.0,135944,63196,Bullish
2006-08-22,66586,9770,-7566.0,-1186.0,127943,56816,Bearish Reversal
2006-08-29,66676,10551,90.0,781.0,130539,56125,Bearish
2006-09-05,63587,9655,-3089.0,-896.0,131836,53932,Bearish
2006-09-12,50259,12678,-13328.0,3023.0,127633,37581,Bearish Reversal
2006-09-19,60218,17265,9959.0,4587.0,104255,42953,Bullish Reversal
2006-09-26,74642,17675,14424.0,410.0,122122,56967,Bullish
2006-10-03,62700,17754,-11942.0,79.0,104665,44946,Bearish Reversal
2006-10-10,44433,24598,-18267.0,6844.0,101848,19835,Bearish Reversal
2006-10-17,56447,23142,12014.0,-1456.0,108510,33305,Bullish
2006-10-24,56205,19040,-242.0,-4102.0,101676,37165,Bullish Reversal
2006-10-31,80509,20645,24304.0,1605.0,126678,59864,Bullish
2006-11-07,104189,19909,23680.0,-736.0,152030,84280,Bullish
2006-11-14,82682,20430,-21507.0,521.0,136600,62252,Bearish Reversal
2006-11-21,90136,21047,7454.0,617.0,140587,69089,Bullish
2006-11-28,101064,20438,10928.0,-609.0,154081,80626,Bullish
2006-12-05,96711,20879,-4353.0,441.0,151959,75832,Bearish Reversal
2006-12-12,103761,24592,7050.0,3713.0,181580,79169,Bullish
2006-12-19,98434,12836,-5327.0,-11756.0,149800,85598,Bullish Reversal
2006-12-26,86236,12392,-12198.0,-444.0,140289,73844,Bearish Reversal
2007-01-03,79060,13903,-7176.0,1511.0,137217,65157,Bearish Reversal
2007-01-09,69319,10666,-9741.0,-3237.0,132731,58653,Bearish Reversal
2007-01-16,96664,12346,27345.0,1680.0,150691,84318,Bullish
2007-01-23,109941,15213,13277.0,2867.0,163961,94728,Bullish
2007-01-30,87825,10898,-22116.0,-4315.0,146660,76927,Bearish Reversal
2007-02-06,106463,13735,18638.0,2837.0,162238,92728,Bullish
2007-02-13,66582,17984,-39881.0,4249.0,150695,48598,Bearish Reversal
2007-02-20,74776,15623,8194.0,-2361.0,147702,59153,Bullish Reversal
2007-02-27,88313,20285,13537.0,4662.0,160234,68028,Bullish
2007-03-06,57219,29826,-31094.0,9541.0,152524,27393,Bearish Reversal
2007-03-13,49742,29339,-7477.0,-487.0,160560,20403,Bearish
2007-03-20,66091,19962,16349.0,-9377.0,111646,46129,Bullish Reversal
2007-03-27,63269,20691,-2822.0,729.0,111802,42578,Bearish
2007-04-03,73343,17500,10074.0,-3191.0,122932,55843,Bullish
2007-04-10,70095,21678,-3248.0,4178.0,120468,48417,Bearish Reversal
2007-04-17,83429,23762,13334.0,2084.0,134953,59667,Bullish
2007-04-24,95965,25899,12536.0,2137.0,148006,70066,Bullish
2007-05-01,88457,24464,-7508.0,-1435.0,144051,63993,Bearish Reversal
2007-05-08,74982,22985,-13475.0,-1479.0,134140,51997,Bearish Reversal
2007-05-15,64011,22933,-10971.0,-52.0,126092,41078,Bearish Reversal
2007-05-22,56493,21155,-7518.0,-1778.0,122261,35338,Bearish Reversal
2007-05-29,69948,22538,13455.0,1383.0,129528,47410,Bullish
2007-06-05,85999,24139,16051.0,1601.0,142314,61860,Bullish
2007-06-12,63644,24227,-22355.0,88.0,133395,39417,Bearish Reversal
2007-06-19,92943,21250,29299.0,-2977.0,133035,71693,Bullish Reversal
2007-06-26,119328,23194,26385.0,1944.0,159791,96134,Bullish
2007-07-03,122379,24206,3051.0,1012.0,164639,98173,Bullish
2007-07-10,112950,24419,-9429.0,213.0,156362,88531,Bearish Reversal
2007-07-17,123452,25086,10502.0,667.0,173222,98366,Bullish
2007-07-24,107615,24111,-15837.0,-975.0,158955,83504,Bearish Reversal
2007-07-31,89522,20809,-18093.0,-3302.0,128722,68713,Bearish Reversal
2007-08-07,74315,20182,-15207.0,-627.0,125762,54133,Bearish Reversal
2007-08-14,58864,17506,-15451.0,-2676.0,120623,41358,Bearish Reversal
2007-08-21,48830,19691,-10034.0,2185.0,117568,29139,Bearish Reversal
2007-08-28,55525,20954,6695.0,1263.0,123570,34571,Bullish
2007-09-04,53176,20602,-2349.0,-352.0,125940,32574,Bearish
2007-09-11,62069,20478,8893.0,-124.0,143188,41591,Bullish
2007-09-18,38917,25524,-23152.0,5046.0,78793,13393,Bearish Reversal
2007-09-25,47380,22823,8463.0,-2701.0,85124,24557,Bullish
2007-10-02,55395,28841,8015.0,6018.0,98589,26554,Bullish
2007-10-09,54137,23649,-1258.0,-5192.0,108741,30488,Bullish
2007-10-16,56067,20363,1930.0,-3286.0,108213,35704,Bullish Reversal
2007-10-23,62712,17291,6645.0,-3072.0,124112,45421,Bullish
2007-10-30,70484,17556,7772.0,265.0,138550,52928,Bullish
2007-11-06,79840,19514,9356.0,1958.0,147306,60326,Bullish
2007-11-13,61661,18036,-18179.0,-1478.0,123575,43625,Bearish Reversal
2007-11-20,54350,19965,-7311.0,1929.0,122587,34385,Bearish Reversal
2007-11-27,56430,21368,2080.0,1403.0,121270,35062,Bullish Reversal
2007-12-04,50879,19351,-5551.0,-2017.0,117681,31528,Bearish Reversal
2007-12-11,76851,19853,25972.0,502.0,157832,56998,Bullish
2007-12-18,32117,20580,-44734.0,727.0,66527,11537,Bearish Reversal
2007-12-24,34590,25464,2473.0,4884.0,74898,9126,Bearish
2007-12-31,29132,31941,-5458.0,6477.0,78638,-2809,Bearish
2008-01-08,30569,33831,1437.0,1890.0,86731,-3262,Bearish
2008-01-15,32740,32433,2171.0,-1398.0,84161,307,Bullish Reversal
2008-01-22,32239,32968,-501.0,535.0,93381,-729,Bearish
2008-01-29,38888,33530,6649.0,562.0,92484,5358,Bullish Reversal
2008-02-05,30757,38566,-8131.0,5036.0,93616,-7809,Bearish
2008-02-12,26593,40526,-4164.0,1960.0,96936,-13933,Bearish
2008-02-19,25606,37763,-987.0,-2763.0,94673,-12157,Bullish Reversal
2008-02-26,30642,27005,5036.0,-10758.0,95018,3637,Bullish
2008-03-04,38013,22299,7371.0,-4706.0,100067,15714,Bullish
2008-03-11,45149,23920,7136.0,1621.0,109031,21229,Bullish
2008-03-18,49963,20823,4814.0,-3097.0,83249,29140,Bullish Reversal
2008-03-25,44244,24516,-5719.0,3693.0,78111,19728,Bearish Reversal
2008-04-01,34114,36874,-10130.0,12358.0,98868,-2760,Bearish
2008-04-08,30945,43505,-3169.0,6631.0,99529,-12560,Bearish
2008-04-15,28219,44355,-2726.0,850.0,113459,-16136,Bearish
2008-04-22,35044,30381,6825.0,-13974.0,115364,4663,Bullish
2008-04-29,21296,46144,-13748.0,15763.0,131121,-24848,Bearish
2008-05-06,13874,44311,-7422.0,-1833.0,144702,-30437,Bearish
2008-05-13,25873,50677,11999.0,6366.0,165843,-24804,Bullish
2008-05-20,22233,47573,-3640.0,-3104.0,160094,-25340,Bearish Reversal
2008-05-27,22471,47359,238.0,-214.0,164058,-24888,Bullish
2008-06-03,18580,47608,-3891.0,249.0,162647,-29028,Bearish Reversal
2008-06-10,28040,49091,9460.0,1483.0,176947,-21051,Bullish
2008-06-17,20534,51782,-7506.0,2691.0,88496,-31248,Bearish Reversal
2008-06-24,24735,37578,4201.0,-14204.0,76375,-12843,Bullish Reversal
2008-07-01,38184,40815,13449.0,3237.0,89850,-2631,Bullish
2008-07-08,31256,39554,-6928.0,-1261.0,83736,-8298,Bearish Reversal
2008-07-15,50345,43922,19089.0,4368.0,108703,6423,Bullish
2008-07-22,48513,45191,-1832.0,1269.0,107323,3322,Bearish Reversal
2008-07-29,43269,41809,-5244.0,-3382.0,102737,1460,Bearish Reversal
2008-08-05,21707,47582,-21562.0,5773.0,93022,-25875,Bearish Reversal
2008-08-12,18886,51832,-2821.0,4250.0,99819,-32946,Bearish
2008-08-19,14836,58564,-4050.0,6732.0,109921,-43728,Bearish
2008-08-26,16211,61320,1375.0,2756.0,115174,-45109,Bearish
2008-09-02,12504,59789,-3707.0,-1531.0,120499,-47285,Bearish
2008-09-09,16511,64031,4007.0,4242.0,127527,-47520,Bearish
2008-09-16,18353,67712,1842.0,3681.0,105913,-49359,Bearish Reversal
2008-09-23,12008,59779,-6345.0,-7933.0,98762,-47771,Bullish Reversal
2008-09-30,19488,52524,7480.0,-7255.0,101945,-33036,Bullish
2008-10-07,20112,55336,624.0,2812.0,101018,-35224,Bearish Reversal
2008-10-14,15804,47277,-4308.0,-8059.0,101182,-31473,Bullish
2008-10-21,16095,52796,291.0,5519.0,116248,-36701,Bearish
2008-10-28,18591,51681,2496.0,-1115.0,130716,-33090,Bullish
2008-11-04,12548,47813,-6043.0,-3868.0,115676,-35265,Bearish Reversal
2008-11-11,5967,45805,-6581.0,-2008.0,110560,-39838,Bearish Reversal
2008-11-18,5160,47591,-807.0,1786.0,112652,-42431,Bearish
2008-11-25,7289,47533,2129.0,-58.0,117162,-40244,Bullish
2008-12-02,6199,45424,-1090.0,-2109.0,115876,-39225,Bullish Reversal
2008-12-09,5892,43318,-307.0,-2106.0,122570,-37426,Bullish
2008-12-16,7200,37600,1308.0,-5718.0,64421,-30400,Bullish Reversal
2008-12-22,8817,40447,1617.0,2847.0,70151,-31630,Bearish
2008-12-30,9317,45160,500.0,4713.0,76340,-35843,Bearish
2009-01-06,11365,46049,2048.0,889.0,78257,-34684,Bullish
2009-01-13,10415,44467,-950.0,-1582.0,75438,-34052,Bullish Reversal
2009-01-20,7489,46526,-2926.0,2059.0,87698,-39037,Bearish
2009-01-27,9697,46691,2208.0,165.0,87433,-36994,Bullish Reversal
2009-02-03,8890,42313,-807.0,-4378.0,83589,-33423,Bullish Reversal
2009-02-10,8451,40381,-439.0,-1932.0,80695,-31930,Bullish Reversal
2009-02-17,10591,41161,2140.0,780.0,83306,-30570,Bullish
2009-02-24,10599,38881,8.0,-2280.0,86102,-28282,Bullish
2009-03-03,14845,40294,4246.0,1413.0,94175,-25449,Bullish
2009-03-10,11420,42100,-3425.0,1806.0,113352,-30680,Bearish
2009-03-17,7731,40721,-3689.0,-1379.0,76198,-32990,Bearish Reversal
2009-03-24,9352,40098,1621.0,-623.0,76157,-30746,Bullish Reversal
2009-03-31,8487,39623,-865.0,-475.0,78516,-31136,Bearish
2009-04-07,7150,41612,-1337.0,1989.0,79456,-34462,Bearish
2009-04-14,12700,39210,5550.0,-2402.0,83635,-26510,Bullish
2009-04-21,15614,39774,2914.0,564.0,83379,-24160,Bullish Reversal
2009-04-28,17702,40615,2088.0,841.0,84760,-22913,Bullish
2009-05-05,20858,43295,3156.0,2680.0,91226,-22437,Bullish
2009-05-12,19205,41711,-1653.0,-1584.0,91329,-22506,Bearish
2009-05-19,16596,42524,-2609.0,813.0,92870,-25928,Bearish
2009-05-26,17724,42529,1128.0,5.0,93484,-24805,Bullish
2009-06-02,20137,40297,2413.0,-2232.0,99293,-20160,Bullish
2009-06-09,20887,36220,750.0,-4077.0,101196,-15333,Bullish
2009-06-16,23982,32456,3095.0,-3764.0,81438,-8474,Bullish Reversal
2009-06-23,24039,36197,57.0,3741.0,84320,-12158,Bearish
2009-06-30,31038,35139,6999.0,-1058.0,92518,-4101,Bullish
2009-07-07,26280,35430,-4758.0,291.0,87303,-9150,Bearish Reversal
2009-07-14,23263,35917,-3017.0,487.0,90346,-12654,Bearish
2009-07-21,27441,33132,4178.0,-2785.0,94151,-5691,Bullish
2009-07-28,23863,31906,-3578.0,-1226.0,92133,-8043,Bearish Reversal
2009-08-04,36683,38911,12820.0,7005.0,107366,-2228,Bullish
2009-08-11,24568,28824,-12115.0,-10087.0,94413,-4256,Bearish Reversal
2009-08-18,26849,28507,2281.0,-317.0,94626,-1658,Bullish
2009-08-25,26449,33466,-400.0,4959.0,98148,-7017,Bearish
2009-09-01,23032,40550,-3417.0,7084.0,97615,-17518,Bearish Reversal
2009-09-08,29336,35296,6304.0,-5254.0,105694,-5960,Bullish
2009-09-15,24491,36978,-4845.0,1682.0,67178,-12487,Bearish Reversal
2009-09-22,17821,49416,-6670.0,12438.0,78452,-31595,Bearish
2009-09-29,16129,63955,-1692.0,14539.0,98205,-47826,Bearish
2009-10-06,12636,74742,-3493.0,10787.0,111463,-62106,Bearish
2009-10-13,9898,75244,-2738.0,502.0,116449,-65346,Bearish
2009-10-20,15644,58962,5746.0,-16282.0,103138,-43318,Bullish Reversal
2009-10-27,21736,53167,6092.0,-5795.0,95835,-31431,Bullish Reversal
2009-11-03,25102,44007,3366.0,-9160.0,97336,-18905,Bullish
2009-11-09,28677,44534,3575.0,527.0,103817,-15857,Bullish
2009-11-17,29520,36105,843.0,-8429.0,96616,-6585,Bullish Reversal
2009-11-24,22820,34175,-6700.0,-1930.0,88875,-11355,Bearish Reversal
2009-12-01,23468,34131,648.0,-44.0,89615,-10663,Bullish
2009-12-08,17059,33935,-6409.0,-196.0,103496,-16876,Bearish
2009-12-15,13810,37254,-3249.0,3319.0,72177,-23444,Bearish Reversal
2009-12-22,13551,38128,-259.0,874.0,74083,-24577,Bearish
2009-12-29,18480,47955,4929.0,9827.0,84792,-29475,Bearish
2010-01-05,18031,51595,-449.0,3640.0,92891,-33564,Bearish
2010-01-12,15182,50649,-2849.0,-946.0,89147,-35467,Bearish Reversal
2010-01-19,21199,41370,6017.0,-9279.0,83337,-20171,Bullish Reversal
2010-01-26,15075,42228,-6124.0,858.0,86475,-27153,Bearish
2010-02-02,14611,48579,-464.0,6351.0,95712,-33968,Bearish
2010-02-09,14012,66768,-599.0,18189.0,116362,-52756,Bearish
2010-02-16,13922,70001,-90.0,3233.0,119085,-56079,Bearish
2010-02-23,13882,76766,-40.0,6765.0,125106,-62884,Bearish
2010-03-02,13862,81411,-20.0,4645.0,129123,-67549,Bearish
2010-03-09,10417,73890,-3445.0,-7521.0,148562,-63473,Bullish
2010-03-16,11731,75718,1314.0,1828.0,121551,-63987,Bearish Reversal
2010-03-23,11349,82973,-382.0,7255.0,130646,-71624,Bearish
2010-03-30,11965,79038,616.0,-3935.0,132818,-67073,Bullish
2010-04-06,14281,73755,2316.0,-5283.0,129290,-59474,Bullish Reversal
2010-04-13,13390,70781,-891.0,-2974.0,121947,-57391,Bullish Reversal
2010-04-20,14258,63556,868.0,-7225.0,121340,-49298,Bullish Reversal
2010-04-27,11634,66300,-2624.0,2744.0,119871,-54666,Bearish Reversal
2010-05-04,13062,78678,1428.0,12378.0,133988,-65616,Bearish
2010-05-11,10269,82457,-2793.0,3779.0,142670,-72188,Bearish
2010-05-18,10492,87237,223.0,4780.0,152357,-76745,Bearish
2010-05-25,10962,86041,470.0,-1196.0,151212,-75079,Bullish Reversal
2010-06-01,11809,82263,847.0,-3778.0,149216,-70454,Bullish Reversal
2010-06-08,14146,88826,2337.0,6563.0,167076,-74680,Bearish
2010-06-15,13081,61215,-1065.0,-27611.0,119301,-48134,Bullish Reversal
2010-06-22,15921,62267,2840.0,1052.0,125471,-46346,Bullish
2010-06-29,17626,52397,1705.0,-9870.0,121233,-34771,Bullish Reversal
2010-07-06,18442,56519,816.0,4122.0,123693,-38077,Bearish
2010-07-13,15501,50172,-2941.0,-6347.0,131680,-34671,Bullish
2010-07-20,16448,43215,947.0,-6957.0,124904,-26767,Bullish Reversal
2010-07-27,17107,35047,659.0,-8168.0,122570,-17940,Bullish Reversal
2010-08-03,31058,31308,13951.0,-3739.0,135454,-250,Bullish
2010-08-10,35915,30894,4857.0,-414.0,142227,5021,Bullish
2010-08-17,31467,35898,-4448.0,5004.0,141441,-4431,Bearish Reversal
2010-08-24,28511,32876,-2956.0,-3022.0,139333,-4365,Bullish Reversal
2010-08-31,23052,38318,-5459.0,5442.0,144196,-15266,Bearish
2010-09-07,21363,37431,-1689.0,-887.0,145712,-16068,Bearish
2010-09-14,21108,30235,-255.0,-7196.0,74850,-9127,Bullish Reversal
2010-09-21,17858,26847,-3250.0,-3388.0,71318,-8989,Bullish Reversal
2010-09-28,26725,28919,8867.0,2072.0,77713,-2194,Bullish
2010-10-05,37064,27661,10339.0,-1258.0,86536,9403,Bullish
2010-10-12,39870,31804,2806.0,4143.0,92868,8066,Bearish
2010-10-19,34708,28912,-5162.0,-2892.0,90068,5796,Bearish Reversal
2010-10-26,33001,27912,-1707.0,-1000.0,86611,5089,Bearish Reversal
2010-11-02,39900,24718,6899.0,-3194.0,91819,15182,Bullish
2010-11-09,41915,20649,2015.0,-4069.0,96533,21266,Bullish
2010-11-16,45677,21906,3762.0,1257.0,98997,23771,Bullish
2010-11-23,35839,25642,-9838.0,3736.0,93914,10197,Bearish Reversal
2010-11-30,24409,29273,-11430.0,3631.0,85587,-4864,Bearish Reversal
2010-12-07,14242,27162,-10167.0,-2111.0,86269,-12920,Bearish
2010-12-14,12205,20391,-2037.0,-6771.0,67820,-8186,Bullish Reversal
2010-12-21,14579,22011,2374.0,1620.0,69207,-7432,Bullish
2010-12-28,18294,31415,3715.0,9404.0,82141,-13121,Bearish
2011-01-04,17494,31627,-800.0,212.0,84270,-14133,Bearish
2011-01-11,21014,26104,3520.0,-5523.0,86335,-5090,Bullish
2011-01-18,31415,25621,10401.0,-483.0,90630,5794,Bullish
2011-01-25,36028,28140,4613.0,2519.0,96648,7888,Bullish
2011-02-01,46923,24264,10895.0,-3876.0,108587,22659,Bullish
2011-02-08,49204,24729,2281.0,465.0,111363,24475,Bullish
2011-02-15,68885,16313,19681.0,-8416.0,132763,52572,Bullish
2011-02-22,53097,17088,-15788.0,775.0,123774,36009,Bearish Reversal
2011-03-01,52122,26313,-975.0,9225.0,126350,25809,Bearish
2011-03-08,54967,21061,2845.0,-5252.0,145352,33906,Bullish
2011-03-15,28580,28805,-26387.0,7744.0,98181,-225,Bearish Reversal
2011-03-22,53348,23624,24768.0,-5181.0,117974,29724,Bullish
2011-03-29,30077,29334,-23271.0,5710.0,104506,743,Bearish Reversal
2011-04-05,53796,21382,23719.0,-7952.0,111219,32414,Bullish
2011-04-12,53423,26752,-373.0,5370.0,120316,26671,Bearish
2011-04-19,50572,20397,-2851.0,-6355.0,108808,30175,Bullish Reversal
2011-04-26,56867,23284,6295.0,2887.0,118486,33583,Bullish
2011-05-03,59735,28928,2868.0,5644.0,124003,30807,Bearish
2011-05-10,41368,23250,-18367.0,-5678.0,108117,18118,Bearish Reversal
2011-05-17,30327,31255,-11041.0,8005.0,103753,-928,Bearish Reversal
2011-05-24,28090,42233,-2237.0,10978.0,110336,-14143,Bearish
2011-05-31,32284,34113,4194.0,-8120.0,108085,-1829,Bullish Reversal
2011-06-07,33554,35304,1270.0,1191.0,113641,-1750,Bullish
2011-06-14,36684,25458,3130.0,-9846.0,90719,11226,Bullish Reversal
2011-06-21,26763,38123,-9921.0,12665.0,92824,-11360,Bearish
2011-06-28,27928,46277,1165.0,8154.0,102414,-18349,Bearish
2011-07-05,28634,60303,706.0,14026.0,118359,-31669,Bearish
2011-07-12,27687,52488,-947.0,-7815.0,121134,-24801,Bullish
2011-07-19,26011,32725,-1676.0,-19763.0,98291,-6714,Bullish Reversal
2011-07-26,33312,32090,7301.0,-635.0,97415,1222,Bullish Reversal
2011-08-02,43266,38127,9954.0,6037.0,103172,5139,Bullish
2011-08-09,41290,41045,-1976.0,2918.0,105544,245,Bearish
2011-08-16,36193,39289,-5097.0,-1756.0,100562,-3096,Bearish Reversal
2011-08-23,40888,29927,4695.0,-9362.0,102177,10961,Bullish
2011-08-30,31248,30804,-9640.0,877.0,96164,444,Bearish Reversal
2011-09-06,30543,43763,-705.0,12959.0,110372,-13220,Bearish
2011-09-13,33969,60162,3426.0,16399.0,142120,-26193,Bearish
2011-09-20,14106,73861,-19863.0,13699.0,143678,-59755,Bearish
2011-09-27,14288,78298,182.0,4437.0,154682,-64010,Bearish
2011-10-04,14929,83653,641.0,5355.0,175500,-68724,Bearish
2011-10-11,15391,77363,462.0,-6290.0,184709,-61972,Bullish
2011-10-18,16946,70172,1555.0,-7191.0,175827,-53226,Bullish Reversal
2011-10-25,18917,69064,1971.0,-1108.0,171560,-50147,Bullish Reversal
2011-11-01,24396,71488,5479.0,2424.0,169466,-47092,Bullish Reversal
2011-11-08,22607,51729,-1789.0,-19759.0,147978,-29122,Bullish Reversal
2011-11-15,23355,56219,748.0,4490.0,150702,-32864,Bearish
2011-11-22,20691,57325,-2664.0,1106.0,160287,-36634,Bearish
2011-11-29,23503,70163,2812.0,12838.0,190728,-46660,Bearish
2011-12-06,26311,69871,2808.0,-292.0,209514,-43560,Bullish
2011-12-13,23782,63291,-2529.0,-6580.0,218203,-39509,Bullish
2011-12-20,26533,52472,2751.0,-10819.0,183972,-25939,Bullish Reversal
2011-12-27,25465,54637,-1068.0,2165.0,183119,-29172,Bearish Reversal
2012-01-03,27832,59731,2367.0,5094.0,193595,-31899,Bearish
2012-01-10,24044,59897,-3788.0,166.0,199855,-35853,Bearish
2012-01-17,23373,65007,-671.0,5110.0,211418,-41634,Bearish
2012-01-24,16103,47464,-7270.0,-17543.0,190040,-31361,Bullish Reversal
2012-01-31,23698,49912,7595.0,2448.0,190849,-26214,Bullish
2012-02-07,28161,61283,4463.0,11371.0,195733,-33122,Bearish
2012-02-14,29309,69908,1148.0,8625.0,192071,-40599,Bearish Reversal
2012-02-21,27617,58967,-1692.0,-10941.0,186668,-31350,Bullish Reversal
2012-02-28,26931,50166,-686.0,-8801.0,176885,-23235,Bullish Reversal
2012-03-06,22308,59407,-4623.0,9241.0,184104,-37099,Bearish
2012-03-13,21924,63772,-384.0,4365.0,202880,-41848,Bearish
2012-03-20,25951,41803,4027.0,-21969.0,141411,-15852,Bullish Reversal
2012-03-27,26609,37719,658.0,-4084.0,135147,-11110,Bullish Reversal
2012-04-03,29262,38069,2653.0,350.0,142660,-8807,Bullish
2012-04-10,29777,48561,515.0,10492.0,145522,-18784,Bearish
2012-04-17,33221,46272,3444.0,-2289.0,157015,-13051,Bullish
2012-04-24,47435,39899,14214.0,-6373.0,173368,7536,Bullish
2012-05-01,53121,36628,5686.0,-3271.0,188288,16493,Bullish
2012-05-08,59697,34358,6576.0,-2270.0,199801,25339,Bullish
2012-05-15,57471,32450,-2226.0,-1908.0,199270,25021,Bearish Reversal
2012-05-22,40842,29502,-16629.0,-2948.0,184497,11340,Bearish Reversal
2012-05-29,36052,34577,-4790.0,5075.0,181435,1475,Bearish Reversal
2012-06-05,39042,41909,2990.0,7332.0,184583,-2867,Bearish
2012-06-12,28017,51129,-11025.0,9220.0,178648,-23112,Bearish Reversal
2012-06-19,32248,49401,4231.0,-1728.0,121624,-17153,Bullish Reversal
2012-06-26,35296,36054,3048.0,-13347.0,114561,-758,Bullish Reversal
2012-07-03,32208,37561,-3088.0,1507.0,108208,-5353,Bearish Reversal
2012-07-10,32804,40426,596.0,2865.0,117616,-7622,Bearish
2012-07-17,33896,41349,1092.0,923.0,116976,-7453,Bullish Reversal
2012-07-24,29332,32266,-4564.0,-9083.0,116143,-2934,Bullish Reversal
2012-07-31,31304,33114,1972.0,848.0,110770,-1810,Bullish Reversal
2012-08-07,25764,34039,-5540.0,925.0,115125,-8275,Bearish
2012-08-14,32054,32342,6290.0,-1697.0,114042,-288,Bullish Reversal
2012-08-21,45984,38151,13930.0,5809.0,118550,7833,Bullish
2012-08-28,42407,40439,-3577.0,2288.0,117034,1968,Bearish Reversal
2012-09-04,41834,48702,-573.0,8263.0,133755,-6868,Bearish
2012-09-11,49312,53678,7478.0,4976.0,181682,-4366,Bullish
2012-09-18,52597,38185,3285.0,-15493.0,151305,14412,Bullish Reversal
2012-09-25,60809,33672,8212.0,-4513.0,172103,27137,Bullish
2012-10-02,64726,34632,3917.0,960.0,177746,30094,Bullish
2012-10-09,54190,31618,-10536.0,-3014.0,161457,22572,Bearish Reversal
2012-10-16,54010,34411,-180.0,2793.0,164454,19599,Bearish
2012-10-23,54879,36482,869.0,2071.0,155791,18397,Bearish Reversal
2012-10-30,57897,34494,3018.0,-1988.0,163917,23403,Bullish
2012-11-06,57208,37929,-689.0,3435.0,164481,19279,Bearish
2012-11-13,45799,37571,-11409.0,-358.0,149173,8228,Bearish Reversal
2012-11-20,46546,45816,747.0,8245.0,150722,730,Bearish
2012-11-27,51107,40829,4561.0,-4987.0,157701,10278,Bullish
2012-12-04,66050,38780,14943.0,-2049.0,178749,27270,Bullish
2012-12-11,64753,36799,-1297.0,-1981.0,183628,27954,Bullish
2012-12-18,79375,51339,14622.0,14540.0,188472,28036,Bullish
2012-12-24,74466,37145,-4909.0,-14194.0,181219,37321,Bullish Reversal
2012-12-31,69146,32838,-5320.0,-4307.0,174676,36308,Bearish Reversal
2013-01-08,60523,34574,-8623.0,1736.0,165584,25949,Bearish Reversal
2013-01-15,63796,35458,3273.0,884.0,163295,28338,Bullish Reversal
2013-01-22,60201,42263,-3595.0,6805.0,160820,17938,Bearish Reversal
2013-01-29,57989,47367,-2212.0,5104.0,166060,10622,Bearish
2013-02-05,51959,50785,-6030.0,3418.0,165369,1174,Bearish Reversal
2013-02-12,38661,55437,-13298.0,4652.0,167100,-16776,Bearish
2013-02-19,40668,64033,2007.0,8596.0,187027,-23365,Bearish
2013-02-26,31126,67256,-9542.0,3223.0,205183,-36130,Bearish
2013-03-05,36021,79870,4895.0,12614.0,236181,-43849,Bearish
2013-03-12,28833,78633,-7188.0,-1237.0,297130,-49800,Bearish
2013-03-19,39048,100528,10215.0,21895.0,212517,-61480,Bearish Reversal
2013-03-26,38184,104739,-864.0,4211.0,214636,-66555,Bearish
2013-04-02,31815,96835,-6369.0,-7904.0,208425,-65020,Bullish Reversal
2013-04-09,27104,97073,-4711.0,238.0,204827,-69969,Bearish Reversal
2013-04-16,34020,95995,6916.0,-1078.0,200884,-61975,Bullish Reversal
2013-04-23,33989,94101,-31.0,-1894.0,199465,-60112,Bullish Reversal
2013-04-30,31078,89685,-2911.0,-4416.0,189084,-58607,Bullish Reversal
2013-05-07,31542,94628,464.0,4943.0,190781,-63086,Bearish
2013-05-14,36975,102330,5433.0,7702.0,198068,-65355,Bearish
2013-05-21,33380,110356,-3595.0,8026.0,211098,-76976,Bearish
2013-05-28,36221,110746,2841.0,390.0,221612,-74525,Bullish
2013-06-04,26666,104404,-9555.0,-6342.0,210499,-77738,Bearish Reversal
2013-06-11,32755,86442,6089.0,-17962.0,219176,-53687,Bullish
2013-06-18,47377,67783,14622.0,-18659.0,140550,-20406,Bullish Reversal
2013-06-25,34419,53848,-12958.0,-13935.0,123602,-19429,Bullish Reversal
2013-07-02,32562,63886,-1857.0,10038.0,131817,-31324,Bearish
2013-07-09,31311,65570,-1251.0,1684.0,145033,-34259,Bearish
2013-07-16,24634,62080,-6677.0,-3490.0,151127,-37446,Bearish
2013-07-23,19135,68788,-5499.0,6708.0,148065,-49653,Bearish Reversal
2013-07-30,20155,69618,1020.0,830.0,146335,-49463,Bullish Reversal
2013-08-06,22097,68130,1942.0,-1488.0,145387,-46033,Bullish Reversal
2013-08-13,22209,68730,112.0,600.0,145126,-46521,Bearish Reversal
2013-08-20,26947,66469,4738.0,-2261.0,138505,-39522,Bullish Reversal
2013-08-27,30004,68230,3057.0,1761.0,149328,-38226,Bullish
2013-09-03,27943,70989,-2061.0,2759.0,156870,-43046,Bearish
2013-09-10,32921,71087,4978.0,98.0,185433,-38166,Bullish
2013-09-17,44124,50434,11203.0,-20653.0,141735,-6310,Bullish Reversal
2013-09-24,50736,49562,6612.0,-872.0,163719,1174,Bullish
2013-10-01,47329,45833,-3407.0,-3729.0,172422,1496,Bullish
2013-10-08,58681,49910,11352.0,4077.0,184643,8771,Bullish
2013-10-15,60100,47869,1419.0,-2041.0,183979,12231,Bullish Reversal
2013-10-22,59437,45175,-663.0,-2694.0,181489,14262,Bullish Reversal
2013-10-29,57791,47629,-1646.0,2454.0,177427,10162,Bearish Reversal
2013-11-05,51186,53578,-6605.0,5949.0,172368,-2392,Bearish Reversal
2013-11-12,43888,53191,-7298.0,-387.0,171002,-9303,Bearish Reversal
2013-11-19,53766,55431,9878.0,2240.0,183449,-1665,Bullish
2013-11-26,56969,56578,3203.0,1147.0,214443,391,Bullish
2013-12-03,73962,55593,16993.0,-985.0,239371,18369,Bullish
2013-12-10,71015,52586,-2947.0,-3007.0,255604,18429,Bullish
2013-12-17,62285,44460,-8730.0,-8126.0,191648,17825,Bearish Reversal
2013-12-24,62593,48173,308.0,3713.0,198063,14420,Bearish
2013-12-31,62084,39303,-509.0,-8870.0,206886,22781,Bullish
2014-01-07,54679,36501,-7405.0,-2802.0,194668,18178,Bearish Reversal
2014-01-14,54352,43192,-327.0,6691.0,201372,11160,Bearish
2014-01-21,56573,47853,2221.0,4661.0,208112,8720,Bearish
2014-01-28,63359,41187,6786.0,-6666.0,218738,22172,Bullish
2014-02-04,52098,41147,-11261.0,-40.0,202690,10951,Bearish Reversal
2014-02-11,53199,42527,1101.0,1380.0,204982,10672,Bearish
2014-02-18,76271,53948,23072.0,11421.0,241471,22323,Bullish
2014-02-25,74558,45756,-1713.0,-8192.0,257037,28802,Bullish
2014-03-04,71021,41416,-3537.0,-4340.0,254013,29605,Bullish Reversal
2014-03-11,64553,42554,-6468.0,1138.0,250867,21999,Bearish Reversal
2014-03-18,64141,38605,-412.0,-3949.0,208961,25536,Bullish Reversal
2014-03-25,66751,37027,2610.0,-1578.0,202115,29724,Bullish Reversal
2014-04-01,75969,42397,9218.0,5370.0,211437,33572,Bullish
2014-04-08,91642,45165,15673.0,2768.0,226667,46477,Bullish
2014-04-15,87472,36874,-4170.0,-8291.0,226688,50598,Bullish
2014-04-22,89692,41892,2220.0,5018.0,237055,47800,Bearish
2014-04-29,85913,41679,-3779.0,-213.0,236030,44234,Bearish Reversal
2014-05-06,83794,43148,-2119.0,1469.0,241264,40646,Bearish
2014-05-13,71168,39413,-12626.0,-3735.0,230333,31755,Bearish Reversal
2014-05-20,80009,46919,8841.0,7506.0,237637,33090,Bullish
2014-05-27,78438,43134,-1571.0,-3785.0,238440,35304,Bullish
2014-06-03,79476,44502,1038.0,1368.0,239604,34974,Bearish
2014-06-10,85202,49360,5726.0,4858.0,271602,35842,Bullish
2014-06-17,100434,47838,15232.0,-1522.0,250231,52596,Bullish Reversal
2014-06-24,98098,48347,-2336.0,509.0,254369,49751,Bearish
2014-07-01,99929,43517,1831.0,-4830.0,255911,56412,Bullish
2014-07-08,86614,44975,-13315.0,1458.0,254788,41639,Bearish Reversal
2014-07-15,85983,47213,-631.0,2238.0,255115,38770,Bearish
2014-07-22,71792,44295,-14191.0,-2918.0,241155,27497,Bearish Reversal
2014-07-29,75370,50460,3578.0,6165.0,237411,24910,Bearish Reversal
2014-08-05,66437,54316,-8933.0,3856.0,230801,12121,Bearish Reversal
2014-08-12,65348,46549,-1089.0,-7767.0,223719,18799,Bullish Reversal
2014-08-19,72230,58943,6882.0,12394.0,237291,13287,Bearish
2014-08-26,71002,55535,-1228.0,-3408.0,233435,15467,Bullish Reversal
2014-09-02,67538,58090,-3464.0,2555.0,238973,9448,Bearish
2014-09-09,81330,54603,13792.0,-3487.0,256591,26727,Bullish
2014-09-16,55617,62198,-25713.0,7595.0,134560,-6581,Bearish Reversal
2014-09-23,53691,54741,-1926.0,-7457.0,134061,-1050,Bullish Reversal
2014-09-30,54243,50654,552.0,-4087.0,132369,3589,Bullish Reversal
2014-10-07,46503,47578,-7740.0,-3076.0,129666,-1075,Bearish Reversal
2014-10-14,43116,45953,-3387.0,-1625.0,138471,-2837,Bearish
2014-10-21,36567,41052,-6549.0,-4901.0,135766,-4485,Bearish Reversal
2014-10-28,40718,46965,4151.0,5913.0,138661,-6247,Bearish
2014-11-04,43289,50751,2571.0,3786.0,144215,-7462,Bearish
2014-11-11,40661,53552,-2628.0,2801.0,151660,-12891,Bearish
2014-11-18,42865,65694,2204.0,12142.0,166966,-22829,Bearish
2014-11-25,38541,69207,-4324.0,3513.0,171730,-30666,Bearish
2014-12-02,38556,69570,15.0,363.0,174875,-31014,Bearish
2014-12-09,37695,61297,-861.0,-8273.0,192104,-23602,Bullish
2014-12-16,37861,52413,166.0,-8884.0,137581,-14552,Bullish Reversal
2014-12-23,36615,51848,-1246.0,-565.0,141455,-15233,Bearish
2014-12-30,35072,54374,-1543.0,2526.0,143660,-19302,Bearish
2015-01-06,39156,64726,4084.0,10352.0,161876,-25570,Bearish
2015-01-13,41920,79060,2764.0,14334.0,178563,-37140,Bearish
2015-01-20,35319,81027,-6601.0,1967.0,182860,-45708,Bearish
2015-01-27,38649,83989,3330.0,2962.0,185350,-45340,Bullish
2015-02-03,36220,78618,-2429.0,-5371.0,182903,-42398,Bullish Reversal
2015-02-10,36798,75401,578.0,-3217.0,175966,-38603,Bullish Reversal
2015-02-17,42999,71797,6201.0,-3604.0,170627,-28798,Bullish Reversal
2015-02-24,46741,68611,3742.0,-3186.0,169784,-21870,Bullish Reversal
2015-03-03,44563,71471,-2178.0,2860.0,165737,-26908,Bearish Reversal
2015-03-10,48053,80644,3490.0,9173.0,205166,-32591,Bearish
2015-03-17,47155,85006,-898.0,4362.0,188238,-37851,Bearish Reversal
2015-03-24,35938,74495,-11217.0,-10511.0,178140,-38557,Bearish Reversal
2015-03-31,35143,71773,-795.0,-2722.0,182514,-36630,Bullish
2015-04-07,37641,71942,2498.0,169.0,185219,-34301,Bullish
2015-04-14,33993,70038,-3648.0,-1904.0,189513,-36045,Bearish
2015-04-21,34830,64111,837.0,-5927.0,175066,-29281,Bullish Reversal
2015-04-28,33239,67367,-1591.0,3256.0,171698,-34128,Bearish Reversal
2015-05-05,34304,59062,1065.0,-8305.0,173468,-24758,Bullish
2015-05-12,37511,68280,3207.0,9218.0,183586,-30769,Bearish
2015-05-19,41132,64494,3621.0,-3786.0,182607,-23362,Bullish Reversal
2015-05-26,34696,60235,-6436.0,-4259.0,176797,-25539,Bearish Reversal
2015-06-02,32769,58427,-1927.0,-1808.0,175291,-25658,Bearish Reversal
2015-06-09,31014,59291,-1755.0,864.0,181049,-28277,Bearish
2015-06-16,33877,59311,2863.0,20.0,146635,-25434,Bullish Reversal
2015-06-23,51530,73724,17653.0,14413.0,178641,-22194,Bullish
2015-06-30,53656,66415,2126.0,-7309.0,181413,-12759,Bullish
2015-07-07,39583,62556,-14073.0,-3859.0,168480,-22973,Bearish Reversal
2015-07-14,32162,56361,-7421.0,-6195.0,157073,-24199,Bearish Reversal
2015-07-21,35141,56609,2979.0,248.0,164779,-21468,Bullish
2015-07-28,43795,53583,8654.0,-3026.0,173295,-9788,Bullish
2015-08-04,45748,52305,1953.0,-1278.0,169224,-6557,Bullish Reversal
2015-08-11,41751,52122,-3997.0,-183.0,158247,-10371,Bearish Reversal
2015-08-18,52030,56001,10279.0,3879.0,172083,-3971,Bullish
2015-08-25,58051,54752,6021.0,-1249.0,176962,3299,Bullish
2015-09-01,47801,59040,-10250.0,4288.0,170032,-11239,Bearish Reversal
2015-09-08,43509,61147,-4292.0,2107.0,186994,-17638,Bearish
2015-09-15,43206,46825,-303.0,-14322.0,145704,-3619,Bullish Reversal
2015-09-22,45001,43734,1795.0,-3091.0,146573,1267,Bullish
2015-09-29,49815,51862,4814.0,8128.0,155821,-2047,Bearish
2015-10-06,47700,52233,-2115.0,371.0,160373,-4533,Bearish
2015-10-13,44765,52292,-2935.0,59.0,152164,-7527,Bearish Reversal
2015-10-20,53477,45940,8712.0,-6352.0,158043,7537,Bullish
2015-10-27,47986,43852,-5491.0,-2088.0,153453,4134,Bearish Reversal
2015-11-03,45775,45587,-2211.0,1735.0,151194,188,Bearish Reversal
2015-11-10,39369,55139,-6406.0,9552.0,172346,-15770,Bearish
2015-11-17,35107,60367,-4262.0,5228.0,175254,-25260,Bearish
2015-11-24,32322,64578,-2785.0,4211.0,172390,-32256,Bearish Reversal
2015-12-01,38403,66661,6081.0,2083.0,187628,-28258,Bullish
2015-12-08,41633,65535,3230.0,-1126.0,200245,-23902,Bullish
2015-12-15,39121,56041,-2512.0,-9494.0,165845,-16920,Bullish Reversal
2015-12-22,42075,68736,2954.0,12695.0,194313,-26661,Bearish
2015-12-29,40476,71498,-1599.0,2762.0,204038,-31022,Bearish
2016-01-05,44662,75158,4186.0,3660.0,221993,-30496,Bullish
2016-01-12,34294,64815,-10368.0,-10343.0,238868,-30521,Bearish
2016-01-19,37863,76442,3569.0,11627.0,259589,-38579,Bearish
2016-01-26,34696,82233,-3167.0,5791.0,272798,-47537,Bearish
2016-02-02,32737,77755,-1959.0,-4478.0,270680,-45018,Bullish Reversal
2016-02-09,31025,67325,-1712.0,-10430.0,255866,-36300,Bullish Reversal
2016-02-16,36512,72767,5487.0,5442.0,260649,-36255,Bullish
2016-02-23,35479,68547,-1033.0,-4220.0,257214,-33068,Bullish Reversal
2016-03-01,38965,78343,3486.0,9796.0,275825,-39378,Bearish
2016-03-08,29364,78369,-9601.0,26.0,299048,-49005,Bearish
2016-03-15,62876,76495,33512.0,-1874.0,253177,-13619,Bullish Reversal
2016-03-22,38526,76249,-24350.0,-246.0,246222,-37723,Bearish Reversal
2016-03-29,38926,78954,400.0,2705.0,250444,-40028,Bearish
2016-04-05,39574,86080,648.0,7126.0,247586,-46506,Bearish Reversal
2016-04-12,33848,85158,-5726.0,-922.0,236169,-51310,Bearish Reversal
2016-04-19,32765,87917,-1083.0,2759.0,238195,-55152,Bearish
2016-04-26,40431,89100,7666.0,1183.0,243829,-48669,Bullish
2016-05-03,46105,86513,5674.0,-2587.0,248180,-40408,Bullish
2016-05-10,37628,72563,-8477.0,-13950.0,238519,-34935,Bullish Reversal
2016-05-17,37533,75955,-95.0,3392.0,239158,-38422,Bearish
2016-05-24,38557,71392,1024.0,-4563.0,244377,-32835,Bullish
2016-05-31,36546,69397,-2011.0,-1995.0,243685,-32851,Bearish Reversal
2016-06-07,36337,102636,-209.0,33239.0,259238,-66299,Bearish
2016-06-14,61706,98367,25369.0,-4269.0,206389,-36661,Bullish Reversal
2016-06-21,41707,93654,-19999.0,-4713.0,199189,-51947,Bearish Reversal
2016-06-28,43274,85985,1567.0,-7669.0,206551,-42711,Bullish
2016-07-05,45746,94777,2472.0,8792.0,227939,-49031,Bearish
2016-07-12,39999,100066,-5747.0,5289.0,236611,-60067,Bearish
2016-07-19,27959,102345,-12040.0,2279.0,225589,-74386,Bearish Reversal
2016-07-26,29819,110391,1860.0,8046.0,231644,-80572,Bearish
2016-08-02,33375,115890,3556.0,5499.0,233265,-82515,Bearish
2016-08-09,35523,125605,2148.0,9715.0,243430,-90082,Bearish
2016-08-16,35890,130128,367.0,4523.0,248568,-94238,Bearish
2016-08-23,35850,130828,-40.0,700.0,247711,-94978,Bearish Reversal
2016-08-30,39648,132133,3798.0,1305.0,248410,-92485,Bullish
2016-09-06,38785,128754,-863.0,-3379.0,255953,-89969,Bullish
2016-09-13,40397,123218,1612.0,-5536.0,252539,-82821,Bullish Reversal
2016-09-20,69233,127919,28836.0,4701.0,237759,-58686,Bullish Reversal
2016-09-27,48177,135891,-21056.0,7972.0,239025,-87714,Bearish
2016-10-04,56760,154332,8583.0,18441.0,262478,-97572,Bearish
2016-10-11,50393,145863,-6367.0,-8469.0,255590,-95470,Bullish Reversal
2016-10-18,52575,144133,2182.0,-1730.0,255194,-91558,Bullish Reversal
2016-10-25,63601,147563,11026.0,3430.0,267500,-83962,Bullish
2016-11-01,63739,146700,138.0,-863.0,267564,-82961,Bullish
2016-11-08,53211,143056,-10528.0,-3644.0,253703,-89845,Bearish Reversal
2016-11-15,54241,134554,1030.0,-8502.0,248103,-80313,Bullish Reversal
2016-11-22,54209,128527,-32.0,-6027.0,242916,-74318,Bullish Reversal
2016-11-29,50806,128941,-3403.0,414.0,244257,-78135,Bearish
2016-12-06,43169,120407,-7637.0,-8534.0,243671,-77238,Bullish Reversal
2016-12-13,40515,112858,-2654.0,-7549.0,237797,-72343,Bullish Reversal
2016-12-20,44152,103502,3637.0,-9356.0,205486,-59350,Bullish Reversal
2016-12-27,50062,107161,5910.0,3659.0,212492,-57099,Bullish
2017-01-03,55482,120224,5420.0,13063.0,225396,-64742,Bearish
2017-01-10,56742,122573,1260.0,2349.0,228050,-65831,Bearish
2017-01-17,55242,121484,-1500.0,-1089.0,228782,-66242,Bearish
2017-01-24,51521,114693,-3721.0,-6791.0,223681,-63172,Bullish Reversal
2017-01-31,42232,104004,-9289.0,-10689.0,211910,-61772,Bullish Reversal
2017-02-07,38135,102674,-4097.0,-1330.0,211013,-64539,Bearish Reversal
2017-02-14,39039,104567,904.0,1893.0,212044,-65528,Bearish
2017-02-21,38253,104605,-786.0,38.0,213713,-66352,Bearish
2017-02-28,43329,114000,5076.0,9395.0,226882,-70671,Bearish
2017-03-07,61847,143284,18518.0,29284.0,262512,-81437,Bearish
2017-03-14,42367,149484,-19480.0,6200.0,259945,-107117,Bearish Reversal
2017-03-21,32586,140430,-9781.0,-9054.0,252480,-107844,Bearish Reversal
2017-03-28,35055,139130,2469.0,-1300.0,246985,-104075,Bullish Reversal
2017-04-04,30741,130414,-4314.0,-8716.0,241774,-99673,Bullish Reversal
2017-04-11,31871,137772,1130.0,7358.0,244188,-105901,Bearish
2017-04-18,48348,147838,16477.0,10066.0,261350,-99490,Bullish
2017-04-25,54050,145232,5702.0,-2606.0,261711,-91182,Bullish
2017-05-02,54281,135645,231.0,-9587.0,267230,-81364,Bullish
2017-05-09,44910,91708,-9371.0,-43937.0,257225,-46798,Bullish Reversal
2017-05-16,48369,81364,3459.0,-10344.0,256035,-32995,Bullish Reversal
2017-05-23,49166,73033,797.0,-8331.0,256257,-23867,Bullish
2017-05-30,45574,75225,-3592.0,2192.0,254039,-29651,Bearish Reversal
2017-06-06,40147,76863,-5427.0,1638.0,248173,-36716,Bearish Reversal
2017-06-13,40552,79993,405.0,3130.0,269593,-39441,Bearish
2017-06-20,50625,88229,10073.0,8236.0,194700,-37604,Bullish Reversal
2017-06-27,43707,82840,-6918.0,-5389.0,187799,-39133,Bearish Reversal
2017-07-03,54025,81792,10318.0,-1048.0,201379,-27767,Bullish
2017-07-11,46614,70752,-7411.0,-11040.0,193648,-24138,Bullish Reversal
2017-07-18,50883,67356,4269.0,-3396.0,200185,-16473,Bullish
2017-07-25,52152,78349,1269.0,10993.0,200700,-26197,Bearish
2017-08-01,58857,88309,6705.0,9960.0,217430,-29452,Bearish
2017-08-08,58617,83777,-240.0,-4532.0,208091,-25160,Bullish Reversal
2017-08-15,63810,95670,5193.0,11893.0,213259,-31860,Bearish
2017-08-22,61484,107384,-2326.0,11714.0,216494,-45900,Bearish
2017-08-29,60053,111608,-1431.0,4224.0,224031,-51555,Bearish
2017-09-05,54454,107381,-5599.0,-4227.0,219048,-52927,Bearish Reversal
2017-09-12,68938,115023,14484.0,7642.0,273720,-46085,Bullish
2017-09-19,76556,86717,7618.0,-28306.0,202582,-10161,Bullish Reversal
2017-09-26,80145,75091,3589.0,-11626.0,195509,5054,Bullish Reversal
2017-10-03,80325,60376,180.0,-14715.0,174867,19949,Bullish Reversal
2017-10-10,79610,64102,-715.0,3726.0,181570,15508,Bearish
2017-10-17,72871,67824,-6739.0,3722.0,186473,5047,Bearish
2017-10-24,66162,67647,-6709.0,-177.0,188064,-1485,Bearish
2017-10-31,65482,64237,-680.0,-3410.0,185123,1245,Bullish Reversal
2017-11-07,50403,59601,-15079.0,-4636.0,177968,-9198,Bearish Reversal
2017-11-14,53147,57680,2744.0,-1921.0,176727,-4533,Bullish Reversal
2017-11-21,58358,58658,5211.0,978.0,175839,-300,Bullish Reversal
2017-11-28,66549,61976,8191.0,3318.0,178230,4573,Bullish
2017-12-05,89270,82864,22721.0,20888.0,202693,6406,Bullish
2017-12-12,82611,71223,-6659.0,-11641.0,208102,11388,Bullish
2017-12-19,77109,56721,-5502.0,-14502.0,183783,20388,Bullish Reversal
2017-12-26,76354,63678,-755.0,6957.0,190393,12676,Bearish
2018-01-02,93611,77376,17257.0,13698.0,211627,16235,Bullish
2018-01-09,85039,59547,-8572.0,-17829.0,203484,25492,Bullish Reversal
2018-01-16,84661,58457,-378.0,-1090.0,218209,26204,Bullish
2018-01-23,99369,66324,14708.0,7867.0,236432,33045,Bullish
2018-01-30,95667,63926,-3702.0,-2398.0,235080,31741,Bearish Reversal
2018-02-06,81698,53831,-13969.0,-10095.0,216402,27867,Bearish Reversal
2018-02-13,64164,49224,-17534.0,-4607.0,193326,14940,Bearish Reversal
2018-02-20,57953,50150,-6211.0,926.0,188118,7803,Bearish Reversal
2018-02-27,62924,50237,4971.0,87.0,196913,12687,Bullish
2018-03-06,61368,56104,-1556.0,5867.0,197439,5264,Bearish
2018-03-13,67190,59163,5822.0,3059.0,206151,8027,Bullish
2018-03-20,71425,47618,4235.0,-11545.0,159183,23807,Bullish Reversal
2018-03-27,90239,56063,18814.0,8445.0,176947,34176,Bullish
2018-04-03,86643,46305,-3596.0,-9758.0,172017,40338,Bullish Reversal
2018-04-10,95267,52251,8624.0,5946.0,182784,43016,Bullish
2018-04-17,113252,65550,17985.0,13299.0,205523,47702,Bullish
2018-04-24,90186,52821,-23066.0,-12729.0,183826,37365,Bearish Reversal
2018-05-01,84565,58193,-5621.0,5372.0,194859,26372,Bearish
2018-05-08,62194,53206,-22371.0,-4987.0,188802,8988,Bearish Reversal
2018-05-15,61361,55740,-833.0,2534.0,190648,5621,Bearish
2018-05-22,56329,50628,-5032.0,-5112.0,186517,5701,Bullish Reversal
2018-05-29,71057,61580,14728.0,10952.0,205778,9477,Bullish
2018-06-05,78577,71232,7520.0,9652.0,239409,7345,Bearish
2018-06-12,69254,58285,-9323.0,-12947.0,269609,10969,Bullish
2018-06-19,46892,66098,-22362.0,7813.0,172592,-19206,Bearish Reversal
2018-06-26,41491,63072,-5401.0,-3026.0,169623,-21581,Bearish Reversal
2018-07-03,43775,72556,2284.0,9484.0,184402,-28781,Bearish
2018-07-10,32043,72446,-11732.0,-110.0,178633,-40403,Bearish Reversal
2018-07-17,40841,79593,8798.0,7147.0,187151,-38752,Bullish
2018-07-24,32178,78921,-8663.0,-672.0,191590,-46743,Bearish
2018-07-31,35001,82387,2823.0,3466.0,190296,-47386,Bearish Reversal
2018-08-07,43930,102782,8929.0,20395.0,219746,-58852,Bearish
2018-08-14,60028,120769,16098.0,17987.0,245490,-60741,Bearish
2018-08-21,68091,140429,8063.0,19660.0,267219,-72338,Bearish
2018-08-28,58662,135590,-9429.0,-4839.0,260228,-76928,Bearish Reversal
2018-09-04,64040,133653,5378.0,-1937.0,261700,-69613,Bullish
2018-09-11,65982,127161,1942.0,-6492.0,279503,-61179,Bullish
2018-09-18,32856,112114,-33126.0,-15047.0,229637,-79258,Bearish Reversal
2018-09-25,34768,101846,1912.0,-10268.0,225082,-67078,Bullish Reversal
2018-10-02,30786,90126,-3982.0,-11720.0,210495,-59340,Bullish Reversal
2018-10-09,30186,90693,-600.0,567.0,210549,-60507,Bearish
2018-10-16,32153,82506,1967.0,-8187.0,210108,-50353,Bullish Reversal
2018-10-23,33299,80296,1146.0,-2210.0,221303,-46997,Bullish
2018-10-30,35778,88260,2479.0,7964.0,233339,-52482,Bearish
2018-11-06,31670,88469,-4108.0,209.0,227514,-56799,Bearish Reversal
2018-11-13,38606,85713,6936.0,-2756.0,229052,-47107,Bullish
2018-11-20,37710,81188,-896.0,-4525.0,227556,-43478,Bullish Reversal
2018-11-27,37930,77080,220.0,-4108.0,227895,-39150,Bullish
2018-12-04,43935,83685,6005.0,6605.0,235704,-39750,Bearish
2018-12-11,47649,90068,3714.0,6383.0,255703,-42419,Bearish
2018-12-18,29162,89885,-18487.0,-183.0,204948,-60723,Bearish Reversal
2018-12-24,35076,91555,5914.0,1670.0,212023,-56479,Bullish
2018-12-31,35782,92696,706.0,1141.0,212470,-56914,Bearish
2019-01-08,27670,87762,-8112.0,-4934.0,210800,-60092,Bearish Reversal
2019-01-15,31061,91537,3391.0,3775.0,219326,-60476,Bearish
2019-01-22,30050,82161,-1011.0,-9376.0,210645,-52111,Bullish Reversal
2019-01-29,39271,74467,9221.0,-7694.0,206696,-35196,Bullish Reversal
2019-02-05,35111,68855,-4160.0,-5612.0,196616,-33744,Bullish Reversal
2019-02-12,30720,73664,-4391.0,4809.0,194998,-42944,Bearish Reversal
2019-02-19,33266,80794,2546.0,7130.0,201904,-47528,Bearish
2019-02-26,39743,79006,6477.0,-1788.0,202065,-39263,Bullish
2019-03-05,34620,69549,-5123.0,-9457.0,193497,-34929,Bullish Reversal
2019-03-12,29927,66623,-4693.0,-2926.0,191938,-36696,Bearish Reversal
2019-03-19,30157,43931,230.0,-22692.0,140283,-13774,Bullish Reversal
2019-03-26,33638,42220,3481.0,-1711.0,142957,-8582,Bullish
2019-04-02,39423,49354,5785.0,7134.0,147431,-9931,Bearish
2019-04-09,36260,42776,-3163.0,-6578.0,142525,-6516,Bullish Reversal
2019-04-16,45932,45010,9672.0,2234.0,148202,922,Bullish
2019-04-23,54522,56357,8590.0,11347.0,157851,-1835,Bearish
2019-04-30,51577,56245,-2945.0,-112.0,161764,-4668,Bearish
2019-05-07,45232,52111,-6345.0,-4134.0,154991,-6879,Bearish Reversal
2019-05-14,49332,52650,4100.0,539.0,156893,-3318,Bullish
2019-05-21,45638,71790,-3694.0,19140.0,190191,-26152,Bearish
2019-05-28,51796,83792,6158.0,12002.0,213930,-31996,Bearish
2019-06-04,41998,89760,-9798.0,5968.0,220728,-47762,Bearish
2019-06-11,33761,78562,-8237.0,-11198.0,221181,-44801,Bullish
2019-06-18,33155,85719,-606.0,7157.0,210421,-52564,Bearish Reversal
2019-06-25,32059,90996,-1096.0,5277.0,207543,-58937,Bearish Reversal
2019-07-02,33647,97891,1588.0,6895.0,224591,-64244,Bearish
2019-07-09,36232,109214,2585.0,11323.0,247048,-72982,Bearish
2019-07-16,35190,111547,-1042.0,2333.0,253464,-76357,Bearish
2019-07-23,31935,110518,-3255.0,-1029.0,248063,-78583,Bearish Reversal
2019-07-30,41367,131517,9432.0,20999.0,275984,-90150,Bearish
2019-08-06,44716,147418,3349.0,15901.0,296904,-102702,Bearish
2019-08-13,33405,129225,-11311.0,-18193.0,273931,-95820,Bullish Reversal
2019-08-20,33405,125823,0.0,-3402.0,273481,-92418,Bullish Reversal
2019-08-27,38143,127171,4738.0,1348.0,273650,-89028,Bullish
2019-09-03,38695,123654,552.0,-3517.0,272396,-84959,Bullish Reversal
2019-09-10,37903,130136,-792.0,6482.0,283161,-92233,Bearish
2019-09-17,21332,107456,-16571.0,-22680.0,230609,-86124,Bullish Reversal
2019-09-24,24446,105241,3114.0,-2215.0,236081,-80795,Bullish
2019-10-01,27916,105008,3470.0,-233.0,238392,-77092,Bullish
2019-10-08,29482,102701,1566.0,-2307.0,246896,-73219,Bullish
2019-10-15,25431,98383,-4051.0,-4318.0,243309,-72952,Bullish Reversal
2019-10-22,35749,88189,10318.0,-10194.0,230224,-52440,Bullish Reversal
2019-10-29,43157,75572,7408.0,-12617.0,214406,-32415,Bullish Reversal
2019-11-05,40984,70019,-2173.0,-5553.0,206317,-29035,Bullish Reversal
2019-11-12,40348,68481,-636.0,-1538.0,209312,-28133,Bullish
2019-11-19,39205,71108,-1143.0,2627.0,218042,-31903,Bearish
2019-11-26,38646,75222,-559.0,4114.0,223181,-36576,Bearish
2019-12-03,47755,77805,9109.0,2583.0,236714,-30050,Bullish
2019-12-10,51920,74559,4165.0,-3246.0,256553,-22639,Bullish
2019-12-17,59311,65091,7391.0,-9468.0,201586,-5780,Bullish Reversal
2019-12-24,68574,59877,9263.0,-5214.0,206283,8697,Bullish
2019-12-31,64574,52181,-4000.0,-7696.0,206784,12393,Bullish
2020-01-07,67403,50893,2829.0,-1288.0,197490,16510,Bullish Reversal
2020-01-14,68816,37284,1413.0,-13609.0,196536,31532,Bullish Reversal
2020-01-21,64256,39334,-4560.0,2050.0,194625,24922,Bearish Reversal
2020-01-28,61887,44198,-2369.0,4864.0,203169,17689,Bearish
2020-02-04,59659,46672,-2228.0,2474.0,208165,12987,Bearish
2020-02-11,65006,43922,5347.0,-2750.0,212228,21084,Bullish
2020-02-18,72784,43526,7778.0,-396.0,216933,29258,Bullish
2020-02-25,72667,43069,-117.0,-457.0,211321,29598,Bullish Reversal
2020-03-03,76063,40901,3396.0,-2168.0,214672,35162,Bullish
2020-03-10,56077,29749,-19986.0,-11152.0,214185,26328,Bearish Reversal
2020-03-17,56575,37935,498.0,8186.0,182109,18640,Bearish Reversal
2020-03-24,46534,35650,-10041.0,-2285.0,179552,10884,Bearish Reversal
2020-03-31,37149,32156,-9385.0,-3494.0,165226,4993,Bearish Reversal
2020-04-07,31254,27561,-5895.0,-4595.0,150318,3693,Bearish Reversal
2020-04-14,30287,27055,-967.0,-506.0,153088,3232,Bearish
2020-04-21,29527,30907,-760.0,3852.0,158788,-1380,Bearish
2020-04-28,31466,38147,1939.0,7240.0,162868,-6681,Bearish
2020-05-05,28096,40101,-3370.0,1954.0,161083,-12005,Bearish Reversal
2020-05-12,31525,45213,3429.0,5112.0,166568,-13688,Bearish
2020-05-19,35810,54799,4285.0,9586.0,179734,-18989,Bearish
2020-05-26,39192,61449,3382.0,6650.0,188650,-22257,Bearish
2020-06-02,26970,63014,-12222.0,1565.0,190138,-36044,Bearish
2020-06-09,28893,52941,1923.0,-10073.0,185606,-24048,Bullish Reversal
2020-06-16,29378,45376,485.0,-7565.0,166808,-15998,Bullish Reversal
2020-06-23,29654,48170,276.0,2794.0,170455,-18516,Bearish
2020-06-30,34424,55414,4770.0,7244.0,186144,-20990,Bearish
2020-07-07,39892,56300,5468.0,886.0,180696,-16408,Bullish Reversal
2020-07-14,43175,56761,3283.0,461.0,179340,-13586,Bullish Reversal
2020-07-21,46230,61310,3055.0,4549.0,180337,-15080,Bearish
2020-07-28,39329,64738,-6901.0,3428.0,178912,-25409,Bearish Reversal
2020-08-04,45977,60704,6648.0,-4034.0,176728,-14727,Bullish Reversal
2020-08-11,48053,50874,2076.0,-9830.0,179071,-2821,Bullish
2020-08-18,54310,47806,6257.0,-3068.0,187043,6504,Bullish
2020-08-25,45390,39790,-8920.0,-8016.0,175363,5600,Bearish Reversal
2020-09-01,49213,42901,3823.0,3111.0,186588,6312,Bullish
2020-09-08,46590,33860,-2623.0,-9041.0,197524,12730,Bullish
2020-09-15,43801,41508,-2789.0,7648.0,149989,2293,Bearish Reversal
2020-09-22,43487,40523,-314.0,-985.0,152613,2964,Bullish
2020-09-29,39216,51961,-4271.0,11438.0,159049,-12745,Bearish
2020-10-06,40698,51996,1482.0,35.0,156467,-11298,Bullish Reversal
2020-10-13,36195,45997,-4503.0,-5999.0,148279,-9802,Bullish Reversal
2020-10-20,39836,41836,3641.0,-4161.0,146356,-2000,Bullish Reversal
2020-10-27,31799,38459,-8037.0,-3377.0,139984,-6660,Bearish Reversal
2020-11-03,27701,38928,-4098.0,469.0,140437,-11227,Bearish
2020-11-10,27872,45567,171.0,6639.0,141346,-17695,Bearish
2020-11-17,27454,47200,-418.0,1633.0,139010,-19746,Bearish Reversal
2020-11-24,30838,47968,3384.0,768.0,142958,-17130,Bullish
2020-12-01,37087,44986,6249.0,-2982.0,146966,-7899,Bullish
2020-12-08,39344,33634,2257.0,-11352.0,164184,5710,Bullish
2020-12-15,35128,31060,-4216.0,-2574.0,142242,4068,Bearish Reversal
2020-12-21,37550,31518,2422.0,458.0,144606,6032,Bullish
2020-12-29,35735,30903,-1815.0,-615.0,139870,4832,Bearish Reversal
2021-01-05,35526,31861,-209.0,958.0,143209,3665,Bearish
2021-01-12,47935,34993,12409.0,3132.0,152924,12942,Bullish
2021-01-19,45904,32199,-2031.0,-2794.0,147096,13705,Bullish Reversal
2021-01-26,47360,39395,1456.0,7196.0,154558,7965,Bearish
2021-02-02,53658,44042,6298.0,4647.0,161100,9616,Bullish
2021-02-09,60513,39395,6855.0,-4647.0,170161,21118,Bullish
2021-02-16,60269,38102,-244.0,-1293.0,171218,22167,Bullish
2021-02-23,68266,37288,7997.0,-814.0,176721,30978,Bullish
2021-03-02,65138,29056,-3128.0,-8232.0,169363,36082,Bullish Reversal
2021-03-09,61271,27360,-3867.0,-1696.0,181373,33911,Bearish
2021-03-16,55190,26590,-6081.0,-770.0,148035,28600,Bearish Reversal
2021-03-23,51843,30024,-3347.0,3434.0,146112,21819,Bearish Reversal
2021-03-30,47222,22263,-4621.0,-7761.0,139779,24959,Bullish Reversal
2021-04-06,45270,25319,-1952.0,3056.0,140556,19951,Bearish
2021-04-13,52851,27261,7581.0,1942.0,148785,25590,Bullish
2021-04-20,61053,35875,8202.0,8614.0,164246,25178,Bearish
2021-04-27,59917,30699,-1136.0,-5176.0,161251,29218,Bullish Reversal
2021-05-04,52262,32414,-7655.0,1715.0,152741,19848,Bearish Reversal
2021-05-11,64947,36771,12685.0,4357.0,173960,28176,Bullish
2021-05-18,63027,38127,-1920.0,1356.0,173146,24900,Bearish Reversal
2021-05-25,64193,33534,1166.0,-4593.0,169372,30659,Bullish Reversal
2021-06-01,64204,40079,11.0,6545.0,174502,24125,Bearish
2021-06-08,59238,31524,-4966.0,-8555.0,171602,27714,Bullish Reversal
2021-06-15,55203,23033,-4035.0,-8491.0,156059,32170,Bullish Reversal
2021-06-22,51445,33518,-3758.0,10485.0,171280,17927,Bearish
2021-06-29,51596,33873,151.0,355.0,169230,17723,Bearish Reversal
2021-07-06,57232,35329,5636.0,1456.0,178783,21903,Bullish
2021-07-13,44686,36717,-12546.0,1388.0,172345,7969,Bearish Reversal
2021-07-20,44223,47720,-463.0,11003.0,188787,-3497,Bearish
2021-07-27,41194,46878,-3029.0,-842.0,185373,-5684,Bearish Reversal
2021-08-03,43119,43205,1925.0,-3673.0,180873,-86,Bullish Reversal
2021-08-10,44750,37680,1631.0,-5525.0,178875,7070,Bullish Reversal
2021-08-17,41898,37247,-2852.0,-433.0,178385,4651,Bearish Reversal
2021-08-24,39489,56234,-2409.0,18987.0,196366,-16745,Bearish
2021-08-31,36544,51444,-2945.0,-4790.0,194010,-14900,Bullish Reversal
2021-09-07,29348,53872,-7196.0,2428.0,201389,-24524,Bearish
2021-09-14,44161,39371,14813.0,-14501.0,142607,4790,Bullish Reversal
2021-09-21,51910,52128,7749.0,12757.0,159908,-218,Bearish
2021-09-28,57923,55959,6013.0,3831.0,171773,1964,Bullish
2021-10-05,48137,68155,-9786.0,12196.0,182338,-20018,Bearish
2021-10-12,46794,58773,-1343.0,-9382.0,172829,-11979,Bullish Reversal
2021-10-19,49112,47497,2318.0,-11276.0,158961,1615,Bullish Reversal
2021-10-26,51912,36959,2800.0,-10538.0,156495,14953,Bullish Reversal
2021-11-02,57255,42208,5343.0,5249.0,166780,15047,Bullish
2021-11-09,54004,66097,-3251.0,23889.0,186898,-12093,Bearish
2021-11-16,50443,82042,-3561.0,15945.0,207099,-31599,Bearish
2021-11-23,50122,84701,-321.0,2659.0,213313,-34579,Bearish
2021-11-30,52099,90998,1977.0,6297.0,230423,-38899,Bearish
2021-12-07,48950,87227,-3149.0,-3771.0,238310,-38277,Bullish
2021-12-14,29497,80245,-19453.0,-6982.0,213210,-50748,Bearish Reversal
2021-12-21,20824,78510,-8673.0,-1735.0,207747,-57686,Bearish Reversal
2021-12-28,23093,73812,2269.0,-4698.0,205378,-50719,Bullish Reversal
2022-01-04,25980,65151,2887.0,-8661.0,200007,-39171,Bullish Reversal
2022-01-11,30506,59672,4526.0,-5479.0,200493,-29166,Bullish
2022-01-18,39760,40007,9254.0,-19665.0,183234,-247,Bullish Reversal
2022-01-25,36666,44429,-3094.0,4422.0,182040,-7763,Bearish Reversal
2022-02-01,29597,53202,-7069.0,8773.0,184007,-23605,Bearish
2022-02-08,44709,53254,15112.0,52.0,197948,-8545,Bullish
2022-02-15,50151,47914,5442.0,-5340.0,195302,2237,Bullish Reversal
2022-02-22,42249,48058,-7902.0,144.0,188443,-5809,Bearish Reversal
2022-03-01,47679,48016,5430.0,-42.0,211869,-337,Bullish
2022-03-08,50982,63508,3303.0,15492.0,246312,-12526,Bearish
2022-03-15,32442,61503,-18540.0,-2005.0,188323,-29061,Bearish Reversal
2022-03-22,32753,69997,311.0,8494.0,195712,-37244,Bearish
2022-03-29,30624,70694,-2129.0,697.0,224365,-40070,Bearish
2022-04-05,35873,77631,5249.0,6937.0,238266,-41758,Bearish
2022-04-12,35514,88568,-359.0,10937.0,246152,-53054,Bearish
2022-04-19,36811,95725,1297.0,7157.0,249529,-58914,Bearish
2022-04-26,40436,110057,3625.0,14332.0,272792,-69621,Bearish
2022-05-03,33536,107349,-6900.0,-2708.0,268496,-73813,Bearish Reversal
2022-05-10,29469,109067,-4067.0,1718.0,264594,-79598,Bearish Reversal
2022-05-17,26613,105854,-2856.0,-3213.0,253811,-79241,Bullish Reversal
2022-05-24,25936,106308,-677.0,454.0,253864,-80372,Bearish
2022-05-31,30788,104893,4852.0,-1415.0,252881,-74105,Bullish Reversal
2022-06-07,34618,105428,3830.0,535.0,258623,-70810,Bullish
2022-06-14,29343,94939,-5275.0,-10489.0,238322,-65596,Bullish Reversal
2022-06-21,28470,91717,-873.0,-3222.0,228266,-63247,Bullish Reversal
2022-06-28,35184,88302,6714.0,-3415.0,228736,-53118,Bullish
2022-07-05,39618,95826,4434.0,7524.0,240926,-56208,Bearish
2022-07-12,33850,92939,-5768.0,-2887.0,231945,-59089,Bearish Reversal
2022-07-19,31943,89193,-1907.0,-3746.0,228051,-57250,Bullish Reversal
2022-07-26,34606,88596,2663.0,-597.0,225889,-53990,Bullish Reversal
2022-08-02,29305,85714,-5301.0,-2882.0,226987,-56409,Bearish
2022-08-09,42219,76687,12914.0,-9027.0,224581,-34468,Bullish Reversal
2022-08-16,44084,77193,1865.0,506.0,227752,-33109,Bullish
2022-08-23,58783,86749,14699.0,9556.0,248007,-27966,Bullish
2022-08-30,58477,87647,-306.0,898.0,262004,-29170,Bearish
2022-09-06,52731,103163,-5746.0,15516.0,280937,-50432,Bearish
2022-09-13,41129,109215,-11602.0,6052.0,303965,-68086,Bearish
2022-09-20,41289,96132,160.0,-13083.0,266295,-54843,Bullish Reversal
2022-09-27,59831,106255,18542.0,10123.0,281805,-46424,Bullish
2022-10-04,42078,91617,-17753.0,-14638.0,256906,-49539,Bearish Reversal
2022-10-11,48979,88149,6901.0,-3468.0,255649,-39170,Bullish Reversal
2022-10-18,40328,91539,-8651.0,3390.0,258826,-51211,Bearish
2022-10-25,43511,91316,3183.0,-223.0,258969,-47805,Bullish
2022-11-01,34979,79815,-8532.0,-11501.0,243549,-44836,Bullish Reversal
2022-11-08,36630,76365,1651.0,-3450.0,237334,-39735,Bullish Reversal
2022-11-15,34699,67533,-1931.0,-8832.0,230102,-32834,Bullish Reversal
2022-11-22,30917,66859,-3782.0,-674.0,222317,-35942,Bearish Reversal
2022-11-29,26000,62584,-4917.0,-4275.0,225480,-36584,Bearish
2022-12-06,28539,56732,2539.0,-5852.0,230311,-28193,Bullish
2022-12-13,32008,57747,3469.0,1015.0,240264,-25739,Bullish
2022-12-20,35284,40887,3276.0,-16860.0,187766,-5603,Bullish Reversal
2022-12-27,40585,51472,5301.0,10585.0,195440,-10887,Bearish
2023-01-03,43625,63926,3040.0,12454.0,205722,-20301,Bearish
2023-01-10,36007,65463,-7618.0,1537.0,202713,-29456,Bearish Reversal
2023-01-17,41469,66166,5462.0,703.0,201956,-24697,Bullish Reversal
2023-01-24,34756,58690,-6713.0,-7476.0,194051,-23934,Bullish Reversal
2023-01-31,36234,54551,1478.0,-4139.0,196113,-18317,Bullish
2023-02-07,47131,61252,10897.0,6701.0,203720,-14121,Bullish
2023-02-14,42198,61993,-4933.0,741.0,205316,-19795,Bearish
2023-02-21,45475,66891,3277.0,4898.0,213502,-21416,Bearish
2023-02-28,41562,65286,-3913.0,-1605.0,212064,-23724,Bearish Reversal
2023-03-07,49111,66513,7549.0,1227.0,222558,-17402,Bullish
2023-03-14,32334,49648,-16777.0,-16865.0,193377,-17314,Bullish Reversal
2023-03-21,28652,49150,-3682.0,-498.0,190796,-20498,Bearish Reversal
2023-03-28,28355,52439,-297.0,3289.0,199868,-24084,Bearish
2023-04-04,46415,61208,18060.0,8769.0,224690,-14793,Bullish
2023-04-11,54928,57326,8513.0,-3882.0,225292,-2398,Bullish
2023-04-18,53834,52532,-1094.0,-4794.0,224536,1302,Bullish Reversal
2023-04-25,59405,53566,5571.0,1034.0,231666,5839,Bullish
2023-05-02,58661,57596,-744.0,4030.0,231602,1065,Bearish Reversal
2023-05-09,71561,67033,12900.0,9437.0,242576,4528,Bullish
2023-05-16,77388,64795,5827.0,-2238.0,247165,12593,Bullish
2023-05-23,69203,57614,-8185.0,-7181.0,237614,11589,Bearish Reversal
2023-05-30,70320,57085,1117.0,-529.0,240301,13235,Bullish
2023-06-06,65063,52579,-5257.0,-4506.0,242117,12484,Bearish
2023-06-13,76383,69648,11320.0,17069.0,290350,6735,Bearish
2023-06-20,101567,54959,25184.0,-14689.0,226505,46608,Bullish Reversal
2023-06-27,104382,52388,2815.0,-2571.0,229970,51994,Bullish
2023-07-03,96461,46196,-7921.0,-6192.0,221021,50265,Bearish Reversal
2023-07-11,111667,53604,15206.0,7408.0,239125,58063,Bullish
2023-07-18,135269,71540,23602.0,17936.0,265766,63729,Bullish
2023-07-25,105498,46503,-29771.0,-25037.0,237340,58995,Bearish Reversal
2023-08-01,92175,42613,-13323.0,-3890.0,220906,49562,Bearish Reversal
2023-08-08,83239,36219,-8936.0,-6394.0,206954,47020,Bearish Reversal
2023-08-15,90541,39553,7302.0,3334.0,215340,50988,Bullish
2023-08-22,98061,38954,7520.0,-599.0,228179,59107,Bullish
2023-08-29,97143,48742,-918.0,9788.0,228616,48401,Bearish
2023-09-05,92645,46261,-4498.0,-2481.0,225404,46384,Bearish Reversal
2023-09-12,97365,51191,4720.0,4930.0,227437,46174,Bearish
2023-09-19,85095,51412,-12270.0,221.0,191117,33683,Bearish Reversal
2023-09-26,84750,69081,-345.0,17669.0,227843,15669,Bearish
2023-10-03,73911,80591,-10839.0,11510.0,241045,-6680,Bearish
2023-10-10,66290,76338,-7621.0,-4253.0,231510,-10048,Bearish Reversal
2023-10-17,65537,76746,-753.0,408.0,222945,-11209,Bearish Reversal
2023-10-24,67119,85755,1582.0,9009.0,233259,-18636,Bearish
2023-10-31,63712,84083,-3407.0,-1672.0,229991,-20371,Bearish Reversal
2023-11-07,57532,73784,-6180.0,-10299.0,212730,-16252,Bullish Reversal
2023-11-14,52797,80527,-4735.0,6743.0,216411,-27730,Bearish
2023-11-21,43300,69398,-9497.0,-11129.0,208657,-26098,Bullish Reversal
2023-11-28,61296,69191,17996.0,-207.0,217372,-7895,Bullish
2023-12-05,66359,54694,5063.0,-14497.0,218873,11665,Bullish
2023-12-12,72011,50430,5652.0,-4264.0,243677,21581,Bullish
2023-12-19,68810,48884,-3201.0,-1546.0,177998,19926,Bearish Reversal
2023-12-26,58750,44658,-10060.0,-4226.0,175138,14092,Bearish Reversal
2024-01-02,61794,46589,3044.0,1931.0,177770,15205,Bullish
2024-01-09,60684,39950,-1110.0,-6639.0,172631,20734,Bullish Reversal
2024-01-16,66230,35299,5546.0,-4651.0,179758,30931,Bullish
2024-01-23,72599,41162,6369.0,5863.0,185680,31437,Bullish
2024-01-30,77499,43346,4900.0,2184.0,192229,34153,Bullish
2024-02-06,83936,49461,6437.0,6115.0,199246,34475,Bullish
2024-02-13,90545,40073,6609.0,-9388.0,199070,50472,Bullish Reversal
2024-02-20,87602,41290,-2943.0,1217.0,199275,46312,Bearish
2024-02-27,91970,45612,4368.0,4322.0,210828,46358,Bullish
2024-03-05,102279,43894,10309.0,-1718.0,221726,58385,Bullish
2024-03-12,123285,52834,21006.0,8940.0,277702,70451,Bullish
2024-03-19,102605,49405,-20680.0,-3429.0,197398,53200,Bearish Reversal
2024-03-26,91261,56091,-11344.0,6686.0,203109,35170,Bearish
2024-04-02,98352,54938,7091.0,-1153.0,219176,43414,Bullish
2024-04-09,80000,51748,-18352.0,-3190.0,211286,28252,Bearish Reversal
2024-04-16,71800,63181,-8200.0,11433.0,229420,8619,Bearish
2024-04-23,48459,74692,-23341.0,11511.0,242821,-26233,Bearish
2024-04-30,43668,72658,-4791.0,-2034.0,235610,-28990,Bearish Reversal
2024-05-07,51777,73590,8109.0,932.0,223730,-21813,Bullish Reversal
2024-05-14,48674,68749,-3103.0,-4841.0,223242,-20075,Bullish Reversal
2024-05-21,68538,67485,19864.0,-1264.0,223976,1053,Bullish
2024-05-28,93041,67639,24503.0,154.0,268749,25402,Bullish
2024-06-04,102118,58908,9077.0,-8731.0,267750,43210,Bullish Reversal
2024-06-11,110300,58179,8182.0,-729.0,275487,52121,Bullish
2024-06-18,105920,58299,-4380.0,120.0,207303,47621,Bearish Reversal
2024-06-25,102547,58499,-3373.0,200.0,207697,44048,Bearish
2024-07-02,106753,44712,4206.0,-13787.0,198119,62041,Bullish Reversal
2024-07-09,135316,50626,28563.0,5914.0,224179,84690,Bullish
2024-07-16,183287,50385,47971.0,-241.0,280623,132902,Bullish
2024-07-23,188489,46306,5202.0,-4079.0,289241,142183,Bullish
2024-07-30,165635,54164,-22854.0,7858.0,268554,111471,Bearish Reversal
2024-08-06,126080,51681,-39555.0,-2483.0,224042,74399,Bearish Reversal
2024-08-13,102603,54791,-23477.0,3110.0,205569,47812,Bearish Reversal
2024-08-20,125634,58123,23031.0,3332.0,231383,67511,Bullish
2024-08-27,152163,62232,26529.0,4109.0,274215,89931,Bullish
2024-09-03,160773,52695,8610.0,-9537.0,285461,108078,Bullish
2024-09-10,142072,51784,-18701.0,-911.0,272336,90288,Bearish Reversal
2024-09-17,124822,61843,-17250.0,10059.0,212595,62979,Bearish Reversal
2024-09-24,155325,68333,30503.0,6490.0,251641,86992,Bullish
2024-10-01,161469,67704,6144.0,-629.0,257312,93765,Bullish
2024-10-08,157666,64531,-3803.0,-3173.0,255908,93135,Bearish Reversal
2024-10-15,151923,66121,-5743.0,1590.0,250150,85802,Bearish Reversal
2024-10-22,140603,66027,-11320.0,-94.0,230130,74576,Bearish Reversal
2024-10-29,132636,66280,-7967.0,253.0,221535,66356,Bearish Reversal
2024-11-05,120737,75653,-11899.0,9373.0,219857,45084,Bearish Reversal
2024-11-12,119992,63942,-745.0,-11711.0,212345,56050,Bullish Reversal
2024-11-19,101713,61398,-18279.0,-2544.0,220896,40315,Bearish
2024-11-26,98459,76825,-3254.0,15427.0,239062,21634,Bearish
2024-12-03,98056,78730,-403.0,1905.0,243504,19326,Bearish
2024-12-10,102763,75638,4707.0,-3092.0,311725,27125,Bullish
2024-12-17,88265,66618,-14498.0,-9020.0,187135,21647,Bearish Reversal
2024-12-24,84558,65235,-3707.0,-1383.0,188844,19323,Bearish
2024-12-31,86202,65367,1644.0,132.0,188879,20835,Bullish
2025-01-07,81343,66837,-4859.0,1470.0,188770,14506,Bearish Reversal
2025-01-14,80557,80119,-786.0,13282.0,200826,438,Bearish
2025-01-21,75696,83953,-4861.0,3834.0,212688,-8257,Bearish
2025-01-28,59331,81003,-16365.0,-2950.0,206821,-21672,Bearish Reversal
2025-02-04,65442,76765,6111.0,-4238.0,204644,-11323,Bullish Reversal
2025-02-11,69087,72255,3645.0,-4510.0,208138,-3168,Bullish
2025-02-18,73564,74143,4477.0,1888.0,203370,-579,Bullish Reversal
2025-02-25,74089,69626,525.0,-4517.0,200468,4463,Bullish Reversal
2025-03-04,81866,63292,7777.0,-6334.0,200634,18574,Bullish
2025-03-11,94786,65593,12920.0,2301.0,248457,29193,Bullish
2025-03-18,95941,66539,1155.0,946.0,180841,29402,Bullish Reversal
2025-03-25,109016,64733,13075.0,-1806.0,191212,44283,Bullish
2025-04-01,104986,70360,-4030.0,5627.0,187160,34626,Bearish Reversal
2025-04-08,91733,74423,-13253.0,4063.0,176910,17310,Bearish Reversal
2025-04-15,85708,79199,-6025.0,4776.0,177006,6509,Bearish
2025-04-22,94021,73531,8313.0,-5668.0,179555,20490,Bullish
2025-04-29,91064,67105,-2957.0,-6426.0,192312,23959,Bullish
2025-05-06,94384,65149,3320.0,-1956.0,200214,29235,Bullish
2025-05-13,89540,62324,-4844.0,-2825.0,194861,27216,Bearish Reversal
2025-05-20,88144,64151,-1396.0,1827.0,195326,23993,Bearish
2025-05-27,102391,67012,14247.0,2861.0,202990,35379,Bullish
2025-06-03,103672,68457,1281.0,1445.0,233601,35215,Bearish
2025-06-10,111076,59442,7404.0,-9015.0,213940,51634,Bullish Reversal
2025-06-17,106282,63425,-4794.0,3983.0,177026,42857,Bearish Reversal
2025-06-24,99848,65453,-6434.0,2028.0,179898,34395,Bearish
2025-07-01,107150,75751,7302.0,10298.0,188689,31399,Bearish
2025-07-08,108019,74825,869.0,-926.0,191557,33194,Bullish
2025-07-15,100980,71789,-7039.0,-3036.0,187275,29191,Bearish Reversal
2025-07-22,93760,93190,-7220.0,21401.0,195467,570,Bearish
2025-07-29,87799,99827,-5961.0,6637.0,207879,-12028,Bearish
2025-08-05,65635,98938,-22164.0,-889.0,206254,-33303,Bearish Reversal
2025-08-12,73736,112829,8101.0,13891.0,216082,-39093,Bearish
2025-08-19,81303,106488,7567.0,-6341.0,219831,-25185,Bullish
2025-08-26,76001,107354,-5302.0,866.0,219906,-31353,Bearish
2025-09-02,76062,109202,61.0,1848.0,226437,-33140,Bearish
2025-09-09,74849,108454,-1213.0,-748.0,322879,-33605,Bearish
2025-09-16,80796,87376,5947.0,-21078.0,234531,-6580,Bullish Reversal
2025-09-23,84500,86464,3704.0,-912.0,233166,-1964,Bullish Reversal
2025-09-30,80540,89434,-3960.0,2970.0,226426,-8894,Bearish Reversal
2025-10-07,94411,98887,13871.0,9453.0,247550,-4476,Bullish
2025-10-14,79515,91144,-14896.0,-7743.0,237520,-11629,Bearish Reversal
2025-10-21,75419,92194,-4096.0,1050.0,233484,-16775,Bearish Reversal
2025-10-28,82471,102733,7052.0,10539.0,248118,-20262,Bearish
2025-11-04,63117,118136,-19354.0,15403.0,270917,-55019,Bearish
2025-11-10,52423,133427,-10694.0,15291.0,272612,-81004,Bearish
2025-11-18,53189,132446,766.0,-981.0,279341,-79257,Bullish
2025-11-25,45257,138478,-7932.0,6032.0,315550,-93221,Bearish
2025-12-02,52252,132432,6995.0,-6046.0,299768,-80180,Bullish Reversal
2025-12-09,60319,135834,8067.0,3402.0,332405,-75515,Bullish
2025-12-16,61968,110466,1649.0,-25368.0,282031,-48498,Bullish Reversal
2025-12-23,63540,104739,1572.0,-5727.0,198132,-41199,Bullish Reversal
2025-12-30,69492,102699,5952.0,-2040.0,196003,-33207,Bullish Reversal
2026-01-06,76486,107024,6994.0,4325.0,206314,-30538,Bullish
2026-01-13,79003,104273,2517.0,-2751.0,207867,-25270,Bullish
2026-01-20,81332,103312,2329.0,-961.0,207612,-21980,Bullish Reversal
2026-01-27,87786,103948,6454.0,636.0,224459,-16162,Bullish
2026-02-03,94893,108804,7107.0,4856.0,227888,-13911,Bullish
2026-02-10,88373,114183,-6520.0,5379.0,227574,-25810,Bearish Reversal
2026-02-17,82015,124419,-6358.0,10236.0,238845,-42404,Bearish
2026-02-24,67213,124285,-14802.0,-134.0,245891,-57072,Bearish
2026-03-03,59499,132185,-7714.0,7900.0,269696,-72686,Bearish
2026-03-10,49270,133467,-10229.0,1282.0,392591,-84197,Bearish
2026-03-17,44293,109808,-4977.0,-23659.0,243434,-65515,Bullish Reversal
2026-03-24,46459,104881,2166.0,-4927.0,238862,-58422,Bullish Reversal
2026-03-31,51304,103969,4845.0,-912.0,243461,-52665,Bullish
2026-04-07,47344,103698,-3960.0,-271.0,244191,-56354,Bearish
2026-04-14,54947,109671,7603.0,5973.0,250053,-54724,Bullish
2026-04-21,63086,115125,8139.0,5454.0,263523,-52039,Bullish
2026-04-28,59577,120216,-3509.0,5091.0,263635,-60639,Bearish
2026-05-05,62573,126481,2996.0,6265.0,276143,-63908,Bearish
2026-05-12,79605,122664,17032.0,-3817.0,283643,-43059,Bullish
2026-05-19,68075,132382,-11530.0,9718.0,285647,-64307,Bearish
2026-05-26,57978,119376,-10097.0,-13006.0,282065,-61398,Bullish Reversal
2026-06-02,53687,105905,-4291.0,-13471.0,271147,-52218,Bullish Reversal
2026-06-09,45743,109956,-7944.0,4051.0,291371,-64213,Bearish
2026-06-16,42043,113628,-3700.0,3672.0,323315,-71585,Bearish
2026-06-23,40772,146491,-1271.0,32863.0,297226,-105719,Bearish Reversal
2026-06-30,37149,139296,-3623.0,-7195.0,295062,-102147,Bullish Reversal
2026-07-07,44564,132467,7415.0,-6829.0,282969,-87903,Bullish Reversal
2026-07-14,51085,122338,6521.0,-10129.0,265153,-71253,Bullish Reversal
2026-07-21,64282,119843,13197.0,-2495.0,262281,-55561,Bullish Reversal
2026-07-28,61458,126272,-2824.0,6429.0,267426,-64814,Bearish
2026-08-04,55012,112826,-6446.0,-13446.0,246577,-57814,Bullish Reversal
2026-08-11,65268,121489,10256.0,8663.0,256447,-56221,Bullish
2026-08-18,77343,131916,12075.0,10427.0,286371,-54573,Bullish
2026-08-25,93612,138136,16269.0,6220.0,318468,-44524,Bullish
2026-09-01,85386,134961,-8226.0,-3175.0,317961,-49575,Bearish Reversal
2026-09-08,73520,132356,-11866.0,-2605.0,318608,-58836,Bearish
2026-09-15,69331,128046,-4189.0,-4310.0,314293,-58715,Bullish Reversal
2026-09-22,54455,137023,-14876.0,8977.0,244925,-82568,Bearish Reversal
2026-09-29,41396,132471,-13059.0,-4552.0,251740,-91075,Bearish
