As of Date in Form YYYY-MM-DD,Noncommercial Positions-Long (All),Noncommercial Positions-Short (All),Change in Noncommercial-Long (All),Change in Noncommercial-Short (All),Open Interest (All),Net Positions,Interpretation
1986-01-15,11687,7480,,,82722,4207,No signal
1986-01-15,554,3170,,,18883,-2616,No signal
1986-01-31,10702,5664,-985.0,-1816.0,81949,5038,Bullish Reversal
1986-01-31,1658,1749,1104.0,-1421.0,20079,-91,Bearish
1986-02-14,9113,7091,-1589.0,1427.0,82008,2022,Bullish
1986-02-14,943,2137,-715.0,388.0,18065,-1194,Bearish Reversal
1986-02-28,10355,10555,1242.0,3464.0,79008,-200,Bullish Reversal
1986-02-28,1132,3387,189.0,1250.0,19636,-2255,Bearish
1986-03-14,8740,7771,-1615.0,-2784.0,74066,969,Bullish Reversal
1986-03-14,530,2546,-602.0,-841.0,16330,-2016,Bearish Reversal
1986-03-31,8990,10443,250.0,2672.0,78406,-1453,Bullish
1986-03-31,600,3223,70.0,677.0,17395,-2623,Bearish
1986-04-15,12005,8955,3015.0,-1488.0,79567,3050,Bullish
1986-04-15,950,2798,350.0,-425.0,16808,-1848,Bearish Reversal
1986-04-30,7526,7486,-4479.0,-1469.0,73868,40,Bullish Reversal
1986-04-30,620,4166,-330.0,1368.0,15511,-3546,Bearish Reversal
1986-05-15,7598,8493,72.0,1007.0,73890,-895,Bullish
1986-05-15,693,5174,73.0,1008.0,16630,-4481,Bearish
1986-05-30,10377,7920,2779.0,-573.0,75216,2457,Bullish
1986-05-30,391,2843,-302.0,-2331.0,13562,-2452,Bearish Reversal
1986-06-13,12768,7637,2391.0,-283.0,74855,5131,Bullish Reversal
1986-06-13,677,2667,286.0,-176.0,12860,-1990,Bearish Reversal
1986-06-30,5425,6399,-7343.0,-1238.0,64478,-974,Bullish Reversal
1986-06-30,865,2825,188.0,158.0,12800,-1960,Bearish Reversal
1986-07-15,4965,7341,-460.0,942.0,65294,-2376,Bearish
1986-07-15,851,2566,-14.0,-259.0,13399,-1715,Bullish
1986-07-31,7086,6131,2121.0,-1210.0,71238,955,Bullish
1986-07-31,664,1892,-187.0,-674.0,12470,-1228,Bearish Reversal
1986-08-15,11302,3289,4216.0,-2842.0,77588,8013,Bullish
1986-08-15,445,2383,-219.0,491.0,12652,-1938,Bearish
1986-08-29,9953,3424,-1349.0,135.0,67835,6529,Bullish Reversal
1986-08-29,335,1600,-110.0,-783.0,12530,-1265,Bearish Reversal
1986-09-15,16365,4913,6412.0,1489.0,87271,11452,Bullish
1986-09-15,992,1901,657.0,301.0,13684,-909,Bearish
1986-09-30,12097,4808,-4268.0,-105.0,73895,7289,Bullish Reversal
1986-09-30,1450,846,458.0,-1055.0,13041,604,Bearish Reversal
1986-10-15,12235,4559,138.0,-249.0,84548,7676,Bullish
1986-10-15,898,790,-552.0,-56.0,13101,108,Bearish
1986-10-31,13490,4438,1255.0,-121.0,89998,9052,Bullish
1986-10-31,67,950,-831.0,160.0,13035,-883,Bearish Reversal
1986-11-14,13833,5501,343.0,1063.0,98214,8332,Bullish
1986-11-14,376,1280,309.0,330.0,13535,-904,Bearish
1986-11-28,8485,3951,-5348.0,-1550.0,90952,4534,Bullish Reversal
1986-11-28,1931,719,1555.0,-561.0,14427,1212,Bearish
1986-12-15,8741,3326,256.0,-625.0,89252,5415,Bullish Reversal
1986-12-15,1033,856,-898.0,137.0,12746,177,Bearish Reversal
1986-12-31,8638,4693,-103.0,1367.0,89822,3945,Bullish
1986-12-31,1658,790,625.0,-66.0,12748,868,Bearish
1987-01-15,9986,3672,1348.0,-1021.0,93470,6314,Bullish
1987-01-15,942,651,-716.0,-139.0,12822,291,Bearish
1987-01-30,10122,3729,136.0,57.0,95672,6393,Bullish
1987-01-30,1841,490,899.0,-161.0,12937,1351,Bearish
1987-02-13,8984,4243,-1138.0,514.0,94609,4741,Bullish Reversal
1987-02-13,2026,490,185.0,0.0,12135,1536,Bearish Reversal
1987-02-27,9873,6561,889.0,2318.0,89438,3312,Bullish Reversal
1987-02-27,1672,490,-354.0,0.0,11972,1182,Bearish Reversal
1987-03-13,12775,5539,2902.0,-1022.0,92735,7236,Bullish
1987-03-13,585,490,-1087.0,0.0,12536,95,Bearish
1987-03-31,19625,6973,6850.0,1434.0,100751,12652,Bullish
1987-03-31,2210,841,1625.0,351.0,13718,1369,Bearish
1987-04-15,20923,8692,1298.0,1719.0,111131,12231,Bullish
1987-04-15,2725,1064,515.0,223.0,15338,1661,Bearish
1987-04-30,15262,6519,-5661.0,-2173.0,108882,8743,Bullish Reversal
1987-04-30,1523,479,-1202.0,-585.0,14861,1044,Bearish Reversal
1987-05-15,19916,6627,4654.0,108.0,99902,13289,Bullish Reversal
1987-05-15,2401,3018,878.0,2539.0,17922,-617,Bearish
1987-05-29,11438,6578,-8478.0,-49.0,93803,4860,Bullish Reversal
1987-05-29,513,2469,-1888.0,-549.0,15152,-1956,Bearish Reversal
1987-06-15,13384,3864,1946.0,-2714.0,92473,9520,Bullish Reversal
1987-06-15,388,2740,-125.0,271.0,15032,-2352,Bearish Reversal
1987-06-30,13283,4697,-101.0,833.0,80745,8586,Bullish Reversal
1987-06-30,500,2815,112.0,75.0,15239,-2315,Bearish
1987-07-15,15011,5487,1728.0,790.0,83105,9524,Bullish
1987-07-15,445,3060,-55.0,245.0,15888,-2615,Bearish
1987-07-31,17923,5983,2912.0,496.0,88277,11940,Bullish
1987-07-31,1145,2453,700.0,-607.0,14492,-1308,Bearish Reversal
1987-08-14,12014,5684,-5909.0,-299.0,86311,6330,Bullish Reversal
1987-08-14,894,1846,-251.0,-607.0,13761,-952,Bearish Reversal
1987-08-31,9894,8965,-2120.0,3281.0,82360,929,Bullish Reversal
1987-08-31,150,746,-744.0,-1100.0,13484,-596,Bearish Reversal
1987-09-15,12743,7153,2849.0,-1812.0,80424,5590,Bullish Reversal
1987-09-15,200,1726,50.0,980.0,13591,-1526,Bearish
1987-09-30,9740,5956,-3003.0,-1197.0,78573,3784,Bullish Reversal
1987-09-30,227,865,27.0,-861.0,13504,-638,Bearish Reversal
1987-10-15,10543,5206,803.0,-750.0,86803,5337,Bullish
1987-10-15,0,1815,-227.0,950.0,13951,-1815,Bearish
1987-10-30,9794,6055,-749.0,849.0,82890,3739,Bullish Reversal
1987-10-30,480,829,480.0,-986.0,13062,-349,Bearish Reversal
1987-11-13,8154,5029,-1640.0,-1026.0,78897,3125,Bullish Reversal
1987-11-13,672,1225,192.0,396.0,12601,-553,Bearish Reversal
1987-11-30,7029,4308,-1125.0,-721.0,71169,2721,Bullish Reversal
1987-11-30,309,1451,-363.0,226.0,11185,-1142,Bearish Reversal
1987-12-15,8767,4567,1738.0,259.0,71447,4200,Bullish
1987-12-15,410,1219,101.0,-232.0,10482,-809,Bearish Reversal
1987-12-31,7244,4499,-1523.0,-68.0,74233,2745,Bullish
1987-12-31,265,1444,-145.0,225.0,10167,-1179,Bearish Reversal
1988-01-15,8337,4852,1093.0,353.0,77166,3485,Bullish
1988-01-15,0,2571,-265.0,1127.0,11108,-2571,Bearish
1988-01-29,7767,6428,-570.0,1576.0,79470,1339,Bullish
1988-01-29,700,1486,700.0,-1085.0,11889,-786,Bearish
1988-02-12,6719,7385,-1048.0,957.0,80621,-666,Bullish
1988-02-12,702,1427,2.0,-59.0,11288,-725,Bearish Reversal
1988-02-29,9124,6019,2405.0,-1366.0,71002,3105,Bullish Reversal
1988-02-29,287,1500,-415.0,73.0,11055,-1213,Bearish Reversal
1988-03-15,8042,4761,-1082.0,-1258.0,67760,3281,Bullish Reversal
1988-03-15,306,1704,19.0,204.0,10664,-1398,Bearish Reversal
1988-03-31,14472,4154,6430.0,-607.0,68708,10318,Bullish
1988-03-31,508,2218,202.0,514.0,10299,-1710,Bearish Reversal
1988-04-15,8005,5184,-6467.0,1030.0,65254,2821,Bullish Reversal
1988-04-15,622,1526,114.0,-692.0,10365,-904,Bearish
1988-04-29,8187,4149,182.0,-1035.0,62356,4038,Bullish Reversal
1988-04-29,455,1807,-167.0,281.0,10581,-1352,Bearish
1988-05-13,9568,4984,1381.0,835.0,69826,4584,Bullish
1988-05-13,1700,4037,1245.0,2230.0,12147,-2337,Bearish
1988-05-31,11371,4968,1803.0,-16.0,71083,6403,Bullish
1988-05-31,1226,2673,-474.0,-1364.0,12023,-1447,Bearish Reversal
1988-06-15,15304,5065,3933.0,97.0,81946,10239,Bullish
1988-06-15,2580,4294,1354.0,1621.0,13052,-1714,Bearish
1988-06-30,12945,4251,-2359.0,-814.0,79431,8694,Bullish Reversal
1988-06-30,818,2115,-1762.0,-2179.0,10974,-1297,Bearish Reversal
1988-07-15,21107,5705,8162.0,1454.0,86951,15402,Bullish
1988-07-15,2650,4051,1832.0,1936.0,14171,-1401,Bearish
1988-07-29,13803,5459,-7304.0,-246.0,83956,8344,Bullish Reversal
1988-07-29,2716,1762,66.0,-2289.0,12710,954,Bearish Reversal
1988-08-15,9494,5956,-4309.0,497.0,81975,3538,Bullish Reversal
1988-08-15,2608,2385,-108.0,623.0,12856,223,Bearish
1988-08-31,7866,5179,-1628.0,-777.0,76870,2687,Bullish Reversal
1988-08-31,2231,2878,-377.0,493.0,12933,-647,Bearish
1988-09-15,8573,5296,707.0,117.0,84791,3277,Bullish
1988-09-15,1684,2558,-547.0,-320.0,12474,-874,Bearish Reversal
1988-09-30,7371,5538,-1202.0,242.0,81903,1833,Bullish Reversal
1988-09-30,1909,2941,225.0,383.0,11801,-1032,Bearish Reversal
1988-10-14,10886,5651,3515.0,113.0,86088,5235,Bullish
1988-10-14,2836,3923,927.0,982.0,12983,-1087,Bearish
1988-10-31,9320,4116,-1566.0,-1535.0,86090,5204,Bullish
1988-10-31,150,2083,-2686.0,-1840.0,9852,-1933,Bearish Reversal
1988-11-15,10628,4505,1308.0,389.0,89952,6123,Bullish
1988-11-15,1266,4320,1116.0,2237.0,11519,-3054,Bearish
1988-11-30,10572,11505,-56.0,7000.0,91104,-933,Bullish
1988-11-30,1469,2887,203.0,-1433.0,12893,-1418,Bearish
1988-12-15,12242,10341,1670.0,-1164.0,90557,1901,Bullish Reversal
1988-12-15,1042,2464,-427.0,-423.0,9700,-1422,Bearish Reversal
1988-12-30,12815,11186,573.0,845.0,93990,1629,Bullish
1988-12-30,3047,3135,2005.0,671.0,11787,-88,Bearish
1989-01-13,11392,12664,-1423.0,1478.0,92768,-1272,Bearish Reversal
1989-01-13,250,2495,-2797.0,-640.0,10653,-2245,Bearish Reversal
1989-01-31,13385,10332,1993.0,-2332.0,94178,3053,Bullish
1989-01-31,250,2180,0.0,-315.0,9584,-1930,Bearish Reversal
1989-02-15,13333,9376,-52.0,-956.0,96665,3957,Bullish
1989-02-15,650,1952,400.0,-228.0,9692,-1302,Bearish
1989-02-28,14201,8555,868.0,-821.0,91910,5646,Bullish Reversal
1989-02-28,250,2578,-400.0,626.0,9809,-2328,Bearish
1989-03-15,20438,4602,6237.0,-3953.0,91484,15836,Bullish Reversal
1989-03-15,408,2669,158.0,91.0,9911,-2261,Bearish
1989-03-31,19375,11191,-1063.0,6589.0,97317,8184,Bullish
1989-03-31,756,2444,348.0,-225.0,9001,-1688,Bearish Reversal
1989-04-14,19359,10651,-16.0,-540.0,101606,8708,Bullish
1989-04-14,430,2640,-326.0,196.0,8802,-2210,Bearish Reversal
1989-04-28,17135,11074,-2224.0,423.0,93849,6061,Bullish Reversal
1989-04-28,795,2477,365.0,-163.0,9002,-1682,Bearish
1989-05-15,17893,13792,758.0,2718.0,93496,4101,Bullish Reversal
1989-05-15,787,2370,-8.0,-107.0,8936,-1583,Bearish Reversal
1989-05-31,15244,9429,-2649.0,-4363.0,87166,5815,Bullish Reversal
1989-05-31,1200,1568,413.0,-802.0,9356,-368,Bearish
1989-06-15,12541,7496,-2703.0,-1933.0,87582,5045,Bullish
1989-06-15,2105,1732,905.0,164.0,10509,373,Bearish
1989-06-30,11267,9083,-1274.0,1587.0,85789,2184,Bullish Reversal
1989-06-30,1849,2315,-256.0,583.0,10456,-466,Bearish Reversal
1989-07-14,10808,7778,-459.0,-1305.0,82030,3030,Bullish Reversal
1989-07-14,1981,2407,132.0,92.0,10510,-426,Bearish
1989-07-31,12565,12069,1757.0,4291.0,88352,496,Bullish
1989-07-31,2992,3245,1011.0,838.0,9378,-253,Bearish Reversal
1989-08-15,12261,10879,-304.0,-1190.0,87521,1382,Bullish Reversal
1989-08-15,3536,3388,544.0,143.0,9907,148,Bearish
1989-08-31,13863,13822,1602.0,2943.0,84012,41,Bearish Reversal
1989-08-31,3193,3507,-343.0,119.0,10038,-314,Bearish
1989-09-15,15299,14669,1436.0,847.0,84173,630,Bullish
1989-09-15,3266,3737,73.0,230.0,10260,-471,Bearish
1989-09-29,17540,7600,2241.0,-7069.0,88111,9940,Bullish
1989-09-29,2825,4291,-441.0,554.0,10126,-1466,Bearish Reversal
1989-10-13,16530,12773,-1010.0,5173.0,87867,3757,Bullish Reversal
1989-10-13,1547,3946,-1278.0,-345.0,9255,-2399,Bearish Reversal
1989-10-31,16866,8308,336.0,-4465.0,88762,8558,Bullish
1989-10-31,972,3863,-575.0,-83.0,8614,-2891,Bearish Reversal
1989-11-15,20754,2214,3888.0,-6094.0,89216,18540,Bullish
1989-11-15,4380,6493,3408.0,2630.0,13210,-2113,Bearish
1989-11-30,27449,2564,6695.0,350.0,90479,24885,Bullish
1989-11-30,2650,4847,-1730.0,-1646.0,10574,-2197,Bearish Reversal
1989-12-15,26513,3309,-936.0,745.0,94383,23204,Bullish
1989-12-15,970,3825,-1680.0,-1022.0,8921,-2855,Bearish Reversal
1989-12-29,17180,4373,-9333.0,1064.0,94843,12807,Bullish
1989-12-29,1163,3354,193.0,-471.0,8535,-2191,Bearish Reversal
1990-01-15,17366,6257,186.0,1884.0,95260,11109,Bullish
1990-01-15,1970,4513,807.0,1159.0,10086,-2543,Bearish
1990-01-31,16038,7111,-1328.0,854.0,92892,8927,Bullish Reversal
1990-01-31,1970,4214,0.0,-299.0,9535,-2244,Bearish Reversal
1990-02-15,19825,4687,3787.0,-2424.0,91942,15138,Bullish Reversal
1990-02-15,3970,5363,2000.0,1149.0,11244,-1393,Bearish
1990-02-28,19165,10279,-660.0,5592.0,95314,8886,Bullish
1990-02-28,2970,4781,-1000.0,-582.0,9591,-1811,Bearish Reversal
1990-03-15,20497,13001,1332.0,2722.0,96786,7496,Bullish
1990-03-15,3170,4297,200.0,-484.0,9987,-1127,Bearish
1990-03-30,19698,12453,-799.0,-548.0,98752,7245,Bullish
1990-03-30,3170,4272,0.0,-25.0,10371,-1102,Bearish
1990-04-12,20310,8016,612.0,-4437.0,92661,12294,Bullish Reversal
1990-04-12,4170,4659,1000.0,387.0,10734,-489,Bearish
1990-04-30,19264,12738,-1046.0,4722.0,96543,6526,Bullish
1990-04-30,4870,4192,700.0,-467.0,11985,678,Bearish
1990-05-15,20451,11678,1187.0,-1060.0,94790,8773,Bullish Reversal
1990-05-15,6001,4001,1131.0,-191.0,13375,2000,Bearish
1990-05-31,25058,2232,4607.0,-9446.0,97589,22826,Bullish
1990-05-31,4382,2448,-1619.0,-1553.0,11042,1934,Bearish Reversal
1990-06-15,19336,12995,-5722.0,10763.0,110675,6341,Bullish
1990-06-15,1812,2472,-2570.0,24.0,8550,-660,Bearish Reversal
1990-06-29,23020,13259,3684.0,264.0,102356,9761,Bullish Reversal
1990-06-29,2836,3126,1024.0,654.0,9855,-290,Bearish
1990-07-13,22927,11689,-93.0,-1570.0,98270,11238,Bullish Reversal
1990-07-13,1584,2281,-1252.0,-845.0,8621,-697,Bearish Reversal
1990-07-31,19957,14596,-2970.0,2907.0,100192,5361,Bullish
1990-07-31,3590,1874,2006.0,-407.0,9755,1716,Bearish
1990-08-15,20153,3391,196.0,-11205.0,101135,16762,Bullish
1990-08-15,3552,1729,-38.0,-145.0,9775,1823,Bearish
1990-08-31,16602,8976,-3551.0,5585.0,93504,7626,Bullish Reversal
1990-08-31,4546,2467,994.0,738.0,11249,2079,Bearish
1990-09-14,16862,10086,260.0,1110.0,91407,6776,Bullish Reversal
1990-09-14,4546,2621,0.0,154.0,11950,1925,Bearish
1990-09-28,17221,8559,359.0,-1527.0,91807,8662,Bullish
1990-09-28,4795,1955,249.0,-666.0,11379,2840,Bearish Reversal
1990-10-15,18328,9178,1107.0,619.0,91155,9150,Bullish Reversal
1990-10-15,4546,1973,-249.0,18.0,10918,2573,Bearish Reversal
1990-10-31,19860,9393,1532.0,215.0,89414,10467,Bullish Reversal
1990-10-31,5531,2729,985.0,756.0,11774,2802,Bearish
1990-11-15,15257,6741,-4603.0,-2652.0,84858,8516,Bullish Reversal
1990-11-15,5656,2743,125.0,14.0,11660,2913,Bearish Reversal
1990-11-30,16617,6680,1542.0,-61.0,73707,9937,Bullish Reversal
1990-11-30,5546,1488,-110.0,-1255.0,10165,4058,Bearish Reversal
1990-12-14,17426,9879,809.0,3199.0,82613,7547,Bullish
1990-12-14,5546,1662,0.0,174.0,9875,3884,Bearish Reversal
1990-12-31,17508,4098,82.0,-5781.0,84343,13410,Bullish
1990-12-31,5826,2141,280.0,479.0,10289,3685,Bearish
1991-01-15,19645,6592,2137.0,2494.0,92239,13053,Bullish
1991-01-15,5326,2305,-500.0,164.0,10333,3021,Bearish
1991-01-31,17231,9362,-2414.0,2770.0,89726,7869,Bullish Reversal
1991-01-31,1409,692,-3917.0,-1613.0,6409,717,Bearish Reversal
1991-02-15,21931,8736,4700.0,-626.0,102137,13195,Bullish
1991-02-15,5496,1479,4087.0,787.0,10560,4017,Bearish
1991-02-28,21650,8553,-281.0,-183.0,96613,13097,Bullish Reversal
1991-02-28,3460,682,-2036.0,-797.0,8754,2778,Bearish Reversal
1991-03-15,29042,2880,7392.0,-5673.0,99760,26162,Bullish
1991-03-15,2212,889,-1248.0,207.0,7919,1323,Bearish Reversal
1991-03-28,27461,4248,-1581.0,1368.0,105335,23213,Bullish
1991-03-28,2171,1034,-41.0,145.0,7255,1137,Bearish Reversal
1991-04-15,22744,3183,-4717.0,-1065.0,98063,19561,Bullish Reversal
1991-04-15,1007,934,-1164.0,-100.0,6483,73,Bearish Reversal
1991-04-30,23134,4830,390.0,1647.0,95163,18304,Bullish Reversal
1991-04-30,731,917,-276.0,-17.0,6088,-186,Bearish Reversal
1991-05-15,24657,3851,1523.0,-979.0,95414,20806,Bullish
1991-05-15,903,925,172.0,8.0,6150,-22,Bearish
1991-05-31,24583,7249,-74.0,3398.0,98889,17334,Bullish
1991-05-31,1048,662,145.0,-263.0,6001,386,Bearish Reversal
1991-06-14,29982,2224,5399.0,-5025.0,108901,27758,Bullish
1991-06-14,1896,1396,848.0,734.0,6851,500,Bearish
1991-06-28,29693,1823,-289.0,-401.0,97162,27870,Bullish Reversal
1991-06-28,2171,1847,275.0,451.0,7123,324,Bearish
1991-07-15,27926,4474,-1767.0,2651.0,97616,23452,Bullish
1991-07-15,4471,3638,2300.0,1791.0,9547,833,Bearish
1991-07-31,20487,12187,-7439.0,7713.0,96529,8300,Bullish Reversal
1991-07-31,1014,1150,-3457.0,-2488.0,5628,-136,Bearish Reversal
1991-08-15,18460,17010,-2027.0,4823.0,96182,1450,Bullish Reversal
1991-08-15,1014,1379,0.0,229.0,5703,-365,Bearish
1991-08-30,19447,18416,987.0,1406.0,87980,1031,Bullish Reversal
1991-08-30,1020,1427,6.0,48.0,5648,-407,Bearish Reversal
1991-09-16,24077,14322,4630.0,-4094.0,86917,9755,Bullish Reversal
1991-09-16,979,1498,-41.0,71.0,5684,-519,Bearish
1991-09-30,24676,5901,599.0,-8421.0,86818,18775,Bullish Reversal
1991-09-30,938,1378,-41.0,-120.0,5448,-440,Bearish Reversal
1991-10-15,23108,7294,-1568.0,1393.0,90476,15814,Bullish
1991-10-15,1081,972,143.0,-406.0,5396,109,Bearish Reversal
1991-10-31,23464,5719,356.0,-1575.0,93747,17745,Bullish
1991-10-31,1593,1022,512.0,50.0,5601,571,Bearish
1991-11-15,19832,10699,-3632.0,4980.0,89210,9133,Bullish Reversal
1991-11-15,2146,1657,553.0,635.0,6159,489,Bearish
1991-11-29,18943,7906,-889.0,-2793.0,81040,11037,Bullish Reversal
1991-11-29,2246,1219,100.0,-438.0,5780,1027,Bearish Reversal
1991-12-13,17215,23459,-1728.0,15553.0,96584,-6244,Bearish
1991-12-13,1916,713,-330.0,-506.0,5520,1203,Bullish Reversal
1991-12-31,18786,19802,1571.0,-3657.0,96843,-1016,Bearish
1991-12-31,2146,1230,230.0,517.0,5673,916,Bullish
1992-01-15,24533,10827,5747.0,-8975.0,98251,13706,Bullish
1992-01-15,2446,1718,300.0,488.0,5906,728,Bearish
1992-01-31,27954,5828,3421.0,-4999.0,96343,22126,Bullish Reversal
1992-01-31,2866,1987,420.0,269.0,6014,879,Bearish
1992-02-14,27420,5890,-534.0,62.0,94260,21530,Bullish Reversal
1992-02-14,2866,2022,0.0,35.0,5965,844,Bearish Reversal
1992-02-28,25195,5989,-2225.0,99.0,87607,19206,Bullish Reversal
1992-02-28,546,1669,-2320.0,-353.0,5192,-1123,Bearish Reversal
1992-03-13,24606,6020,-589.0,31.0,87719,18586,Bullish
1992-03-13,546,1942,0.0,273.0,5286,-1396,Bearish
1992-03-31,27195,4661,2589.0,-1359.0,90245,22534,Bullish
1992-03-31,546,1962,0.0,20.0,4998,-1416,Bearish Reversal
1992-04-15,21324,10549,-5871.0,5888.0,96449,10775,Bullish
1992-04-15,546,2000,0.0,38.0,5163,-1454,Bearish
1992-04-30,23837,16537,2513.0,5988.0,94565,7300,Bullish Reversal
1992-04-30,546,1989,,,5253,-1443,No signal
1992-05-15,22686,7604,-1151.0,-8933.0,85822,15082,Bullish Reversal
1992-05-15,546,1754,0.0,-235.0,5082,-1208,Bearish Reversal
1992-05-29,22062,8321,-624.0,717.0,86029,13741,Bullish
1992-05-29,546,1502,0.0,-252.0,4793,-956,Bearish Reversal
1992-06-15,22793,5381,731.0,-2940.0,84018,17412,Bullish Reversal
1992-06-15,749,1892,203.0,390.0,5067,-1143,Bearish
1992-06-30,20216,14043,-2577.0,8662.0,80383,6173,Bullish Reversal
1992-06-30,769,1927,20.0,35.0,5181,-1158,Bearish
1992-07-15,20994,13432,778.0,-611.0,81509,7562,Bullish
1992-07-15,769,2140,0.0,213.0,5479,-1371,Bearish
1992-07-31,20609,11364,-385.0,-2068.0,80767,9245,Bullish Reversal
1992-07-31,769,2250,0.0,110.0,5464,-1481,Bearish Reversal
1992-08-14,18372,15123,-2237.0,3759.0,83052,3249,Bullish
1992-08-14,769,2270,0.0,20.0,5547,-1501,Bearish
1992-08-31,20183,12992,1811.0,-2131.0,79526,7191,Bullish Reversal
1992-08-31,769,2178,0.0,-92.0,5525,-1409,Bearish Reversal
1992-09-15,17395,6254,-2788.0,-6738.0,72642,11141,Bullish Reversal
1992-09-15,769,2287,0.0,109.0,5606,-1518,Bearish
1992-09-30,18449,6896,1054.0,642.0,71889,11553,Bullish Reversal
1992-09-30,769,2353,0.0,66.0,5656,-1584,Bearish
1992-10-06,18538,7333,89.0,437.0,71249,11205,Bullish Reversal
1992-10-06,759,2399,-10.0,46.0,5703,-1640,Bearish
1992-10-13,18799,7304,261.0,-29.0,70054,11495,Bullish Reversal
1992-10-13,759,2829,0.0,430.0,5811,-2070,Bearish
1992-10-20,19438,6818,639.0,-486.0,73618,12620,Bullish
1992-10-20,759,3336,0.0,507.0,5889,-2577,Bearish
1992-10-27,20059,5916,621.0,-902.0,73045,14143,Bullish Reversal
1992-10-27,759,3356,0.0,20.0,5935,-2597,Bearish
1992-11-03,20605,5363,546.0,-553.0,73513,15242,Bullish
1992-11-03,759,3390,0.0,34.0,6022,-2631,Bearish
1992-11-10,22417,5220,1812.0,-143.0,80667,17197,Bullish
1992-11-10,759,3341,0.0,-49.0,6217,-2582,Bearish
1992-11-17,19292,4273,-3125.0,-947.0,76501,15019,Bullish Reversal
1992-11-17,759,3614,0.0,273.0,6134,-2855,Bearish Reversal
1992-11-24,19597,4547,305.0,274.0,75530,15050,Bullish Reversal
1992-11-24,759,3342,0.0,-272.0,6164,-2583,Bearish
1992-12-01,19225,3947,-372.0,-600.0,71438,15278,Bullish Reversal
1992-12-01,536,2844,-223.0,-498.0,5058,-2308,Bearish Reversal
1992-12-08,18530,3947,-695.0,0.0,70866,14583,Bullish Reversal
1992-12-08,536,2825,0.0,-19.0,5018,-2289,Bearish Reversal
1992-12-15,18533,5410,3.0,1463.0,71331,13123,Bullish
1992-12-15,536,3026,0.0,201.0,5065,-2490,Bearish
1992-12-22,19206,4756,673.0,-654.0,71986,14450,Bullish
1992-12-22,536,3017,0.0,-9.0,5033,-2481,Bearish Reversal
1992-12-29,17683,7492,-1523.0,2736.0,75202,10191,Bullish
1992-12-29,536,3094,0.0,77.0,5121,-2558,Bearish
1993-01-05,17494,9198,-189.0,1706.0,77640,8296,Bullish
1993-01-05,536,3098,0.0,4.0,5139,-2562,Bearish
1993-01-12,16665,6629,-829.0,-2569.0,79540,10036,Bullish
1993-01-12,536,3086,0.0,-12.0,5183,-2550,Bearish
1993-01-19,17367,5350,702.0,-1279.0,81358,12017,Bullish
1993-01-19,536,2857,0.0,-229.0,6268,-2321,Bearish
1993-01-26,19557,3412,2190.0,-1938.0,80602,16145,Bullish Reversal
1993-01-26,536,3048,0.0,191.0,5331,-2512,Bearish Reversal
1993-02-02,18064,5225,-1493.0,1813.0,79200,12839,Bullish Reversal
1993-02-02,536,2932,0.0,-116.0,5233,-2396,Bearish Reversal
1993-02-09,18480,5406,416.0,181.0,80481,13074,Bullish
1993-02-09,536,2943,0.0,11.0,5224,-2407,Bearish Reversal
1993-02-16,17855,2831,-625.0,-2575.0,83013,15024,Bullish
1993-02-16,536,2947,0.0,4.0,5296,-2411,Bearish
1993-02-23,17134,15863,-721.0,13032.0,96768,1271,Bullish
1993-02-23,536,3334,0.0,387.0,5452,-2798,Bearish
1993-03-02,18468,15709,1334.0,-154.0,88353,2759,Bullish Reversal
1993-03-02,536,3408,0.0,74.0,5613,-2872,Bearish
1993-03-09,17497,15289,-971.0,-420.0,88224,2208,Bullish Reversal
1993-03-09,571,3522,35.0,114.0,5694,-2951,Bearish
1993-03-16,18086,7529,589.0,-7760.0,82860,10557,Bullish Reversal
1993-03-16,571,3590,0.0,68.0,5356,-3019,Bearish Reversal
1993-03-23,19933,7697,1847.0,168.0,84475,12236,Bullish
1993-03-23,571,3603,0.0,13.0,5433,-3032,Bearish
1993-03-30,30367,3111,10434.0,-4586.0,92679,27256,Bullish
1993-03-30,571,3323,0.0,-280.0,5416,-2752,Bearish Reversal
1993-04-06,37132,2905,6765.0,-206.0,96947,34227,Bullish
1993-04-06,901,3851,330.0,528.0,5473,-2950,Bearish
1993-04-13,34734,1562,-2398.0,-1343.0,95518,33172,Bullish Reversal
1993-04-13,901,4063,0.0,212.0,5544,-3162,Bearish
1993-04-20,34580,2218,-154.0,656.0,98978,32362,Bullish
1993-04-20,751,3957,-150.0,-106.0,5475,-3206,Bearish Reversal
1993-04-27,36714,2676,2134.0,458.0,109531,34038,Bullish
1993-04-27,751,4163,0.0,206.0,5577,-3412,Bearish
1993-05-04,34985,5091,-1729.0,2415.0,104252,29894,Bullish Reversal
1993-05-04,711,4260,-40.0,97.0,5676,-3549,Bearish
1993-05-11,34921,5249,-64.0,158.0,104248,29672,Bullish Reversal
1993-05-11,489,4365,-222.0,105.0,6077,-3876,Bearish
1993-05-18,33558,4895,-1363.0,-354.0,107217,28663,Bullish
1993-05-18,215,4419,-274.0,54.0,6546,-4204,Bearish
1993-05-25,32697,5429,-861.0,534.0,107080,27268,Bullish Reversal
1993-05-25,414,4431,199.0,12.0,6842,-4017,Bearish
1993-06-01,30799,6808,-1898.0,1379.0,107638,23991,Bullish
1993-06-01,406,3178,-8.0,-1253.0,5850,-2772,Bearish Reversal
1993-06-08,27774,5478,-3025.0,-1330.0,103993,22296,Bullish Reversal
1993-06-08,420,3342,14.0,164.0,5944,-2922,Bearish
1993-06-15,23262,4439,-4512.0,-1039.0,99004,18823,Bullish Reversal
1993-06-15,408,3298,-12.0,-44.0,5824,-2890,Bearish Reversal
1993-06-22,25541,7540,2279.0,3101.0,101769,18001,Bullish
1993-06-22,413,3313,5.0,15.0,5826,-2900,Bearish
1993-06-29,26676,1925,1135.0,-5615.0,102978,24751,Bullish
1993-06-29,405,3369,-8.0,56.0,5988,-2964,Bearish
1993-07-06,31980,5071,5304.0,3146.0,103506,26909,Bullish
1993-07-06,548,3638,143.0,269.0,6274,-3090,Bearish
1993-07-13,35703,5491,3723.0,420.0,108242,30212,Bullish
1993-07-13,618,3392,70.0,-246.0,6049,-2774,Bearish Reversal
1993-07-20,34079,6452,-1624.0,961.0,108548,27627,Bullish
1993-07-20,584,3383,-34.0,-9.0,6080,-2799,Bearish
1993-07-27,34677,6753,598.0,301.0,106962,27924,Bullish Reversal
1993-07-27,488,3208,-96.0,-175.0,5900,-2720,Bearish Reversal
1993-08-03,37152,7940,2475.0,1187.0,114900,29212,Bullish
1993-08-03,372,3417,-116.0,209.0,6057,-3045,Bearish
1993-08-10,31158,7567,-5994.0,-373.0,107703,23591,Bullish Reversal
1993-08-10,646,3163,274.0,-254.0,5722,-2517,Bearish Reversal
1993-08-17,29503,4240,-1655.0,-3327.0,106813,25263,Bullish Reversal
1993-08-17,675,3099,29.0,-64.0,5635,-2424,Bearish Reversal
1993-08-24,29165,4264,-338.0,24.0,108322,24901,Bullish
1993-08-24,552,3086,-123.0,-13.0,5655,-2534,Bearish
1993-08-31,33702,3872,4537.0,-392.0,99584,29830,Bullish Reversal
1993-08-31,413,3120,-139.0,34.0,5673,-2707,Bearish
1993-09-07,30745,4966,-2957.0,1094.0,96390,25779,Bullish Reversal
1993-09-07,438,2982,25.0,-138.0,5534,-2544,Bearish Reversal
1993-09-14,31405,6014,660.0,1048.0,95741,25391,Bullish Reversal
1993-09-14,215,2829,-223.0,-153.0,5270,-2614,Bearish Reversal
1993-09-21,29242,6270,-2163.0,256.0,92402,22972,Bullish Reversal
1993-09-21,215,2809,0.0,-20.0,5265,-2594,Bearish Reversal
1993-09-28,29077,5366,-165.0,-904.0,91233,23711,Bullish Reversal
1993-09-28,215,2784,0.0,-25.0,5355,-2569,Bearish
1993-10-05,28839,5123,-238.0,-243.0,90461,23716,Bullish Reversal
1993-10-05,215,2740,0.0,-44.0,5339,-2525,Bearish Reversal
1993-10-12,29107,3224,268.0,-1899.0,93580,25883,Bullish
1993-10-12,195,2745,-20.0,5.0,5292,-2550,Bearish Reversal
1993-10-19,27441,3737,-1666.0,513.0,92657,23704,Bullish Reversal
1993-10-19,195,2711,0.0,-34.0,5255,-2516,Bearish Reversal
1993-10-26,27361,3303,-80.0,-434.0,96200,24058,Bullish
1993-10-26,195,2641,0.0,-70.0,5178,-2446,Bearish Reversal
1993-11-02,28063,6697,702.0,3394.0,101263,21366,Bullish
1993-11-02,195,2579,0.0,-62.0,5127,-2384,Bearish Reversal
1993-11-09,27749,5774,-314.0,-923.0,102013,21975,Bullish
1993-11-09,195,2586,0.0,7.0,4990,-2391,Bearish Reversal
1993-11-16,28473,3788,724.0,-1986.0,101279,24685,Bullish Reversal
1993-11-16,195,2084,0.0,-502.0,4870,-1889,Bearish Reversal
1993-11-23,25180,4704,-3293.0,916.0,103903,20476,Bullish
1993-11-23,581,2218,386.0,134.0,5458,-1637,Bearish
1993-11-30,25243,4671,63.0,-33.0,92806,20572,Bullish Reversal
1993-11-30,678,1783,97.0,-435.0,4672,-1105,Bearish Reversal
1993-12-07,31395,5086,6152.0,415.0,107222,26309,Bullish
1993-12-07,686,2268,8.0,485.0,4846,-1582,Bearish
1993-12-14,33858,3732,2463.0,-1354.0,110272,30126,Bullish
1993-12-14,655,2285,-31.0,17.0,4972,-1630,Bearish
1993-12-21,33953,3020,95.0,-712.0,112332,30933,Bullish
1993-12-21,834,2433,179.0,148.0,4983,-1599,Bearish
1993-12-28,35169,3049,1216.0,29.0,114054,32120,Bullish
1993-12-28,836,2431,2.0,-2.0,5013,-1595,Bearish
1994-01-04,37925,3881,2756.0,832.0,118041,34044,Bullish
1994-01-04,823,2447,-13.0,16.0,5166,-1624,Bearish
1994-01-11,35230,4026,-2695.0,145.0,106964,31204,Bullish Reversal
1994-01-11,806,2422,-17.0,-25.0,5173,-1616,Bearish
1994-01-18,39290,4160,4060.0,134.0,111477,35130,Bullish
1994-01-18,777,2374,-29.0,-48.0,5142,-1597,Bearish Reversal
1994-01-25,39111,4191,-179.0,31.0,110651,34920,Bullish Reversal
1994-01-25,754,2319,-23.0,-55.0,5248,-1565,Bearish
1994-02-01,39786,4016,675.0,-175.0,114278,35770,Bullish
1994-02-01,884,2315,130.0,-4.0,5201,-1431,Bearish Reversal
1994-02-08,43110,4361,3324.0,345.0,119135,38749,Bullish
1994-02-08,1148,2558,264.0,243.0,5337,-1410,Bearish
1994-02-15,37768,3354,-5342.0,-1007.0,117655,34414,Bullish Reversal
1994-02-15,1109,2609,-39.0,51.0,5594,-1500,Bearish
1994-02-22,37996,3758,228.0,404.0,115482,34238,Bullish Reversal
1994-02-22,1183,2907,74.0,298.0,5630,-1724,Bearish
1994-03-01,40447,3427,2451.0,-331.0,107929,37020,Bullish Reversal
1994-03-01,1185,2902,2.0,-5.0,5661,-1717,Bearish
1994-03-08,38995,3749,-1452.0,322.0,107057,35246,Bullish Reversal
1994-03-08,1334,2966,149.0,64.0,5727,-1632,Bearish
1994-03-15,46211,3562,7216.0,-187.0,113823,42649,Bullish
1994-03-15,1178,2858,-156.0,-108.0,5636,-1680,Bearish Reversal
1994-03-22,48168,4415,1957.0,853.0,116536,43753,Bullish
1994-03-22,1453,2849,275.0,-9.0,5774,-1396,Bearish
1994-03-29,49430,5243,1262.0,828.0,116902,44187,Bullish
1994-03-29,1549,3055,96.0,206.0,5805,-1506,Bearish
1994-04-05,45371,5530,-4059.0,287.0,117410,39841,Bullish
1994-04-05,1555,3031,6.0,-24.0,5893,-1476,Bearish
1994-04-12,40308,5155,-5063.0,-375.0,113560,35153,Bullish Reversal
1994-04-12,1674,2756,119.0,-275.0,5728,-1082,Bearish Reversal
1994-04-19,43553,6331,3245.0,1176.0,114547,37222,Bullish
1994-04-19,1178,2410,-496.0,-346.0,5381,-1232,Bearish Reversal
1994-04-26,45671,7572,2118.0,1241.0,127858,38099,Bullish
1994-04-26,794,2392,-384.0,-18.0,5228,-1598,Bearish Reversal
1994-05-03,49092,7009,3421.0,-563.0,120110,42083,Bullish Reversal
1994-05-03,663,2291,-131.0,-101.0,5125,-1628,Bearish Reversal
1994-05-10,47958,5880,-1134.0,-1129.0,114017,42078,Bullish Reversal
1994-05-10,712,2212,49.0,-79.0,5096,-1500,Bearish Reversal
1994-05-17,53632,5035,5674.0,-845.0,119947,48597,Bullish
1994-05-17,468,1928,-244.0,-284.0,5050,-1460,Bearish Reversal
1994-05-24,61290,5958,7658.0,923.0,130249,55332,Bullish
1994-05-24,442,1981,-26.0,53.0,5106,-1539,Bearish
1994-05-31,60055,4890,-1235.0,-1068.0,128229,55165,Bullish Reversal
1994-05-31,461,1825,19.0,-156.0,4732,-1364,Bearish Reversal
1994-06-07,51936,4877,-8119.0,-13.0,124445,47059,Bullish Reversal
1994-06-07,1782,2246,1321.0,421.0,5094,-464,Bearish
1994-06-14,51862,4722,-74.0,-155.0,124907,47140,Bullish
1994-06-14,1821,2447,39.0,201.0,5177,-626,Bearish
1994-06-21,55431,4867,3569.0,145.0,124718,50564,Bullish Reversal
1994-06-21,2016,2190,195.0,-257.0,5241,-174,Bearish
1994-06-28,56156,6339,725.0,1472.0,126877,49817,Bullish
1994-06-28,1732,2113,-284.0,-77.0,5125,-381,Bearish Reversal
1994-07-05,58755,5604,2599.0,-735.0,121780,53151,Bullish Reversal
1994-07-05,1530,2111,-202.0,-2.0,5104,-581,Bearish Reversal
1994-07-12,55479,5923,-3276.0,319.0,122756,49556,Bullish
1994-07-12,1696,2151,166.0,40.0,5177,-455,Bearish
1994-07-19,55265,7738,-214.0,1815.0,123282,47527,Bullish
1994-07-19,1311,1841,-385.0,-310.0,5488,-530,Bearish
1994-07-26,54753,7908,-512.0,170.0,119638,46845,Bullish Reversal
1994-07-26,1309,1909,-2.0,68.0,5518,-600,Bearish
1994-08-02,53320,8818,-1433.0,910.0,120551,44502,Bullish
1994-08-02,1379,2271,70.0,362.0,5528,-892,Bearish
1994-08-09,50963,11093,-2357.0,2275.0,122383,39870,Bullish
1994-08-09,1362,2439,-17.0,168.0,5725,-1077,Bearish
1994-08-16,45457,10803,-5506.0,-290.0,121690,34654,Bullish Reversal
1994-08-16,1350,2659,-12.0,220.0,5826,-1309,Bearish
1994-08-23,40921,8875,-4536.0,-1928.0,110711,32046,Bullish Reversal
1994-08-23,1347,2631,-3.0,-28.0,5801,-1284,Bearish Reversal
1994-08-30,47535,3896,6614.0,-4979.0,111767,43639,Bullish
1994-08-30,1168,2476,-179.0,-155.0,5620,-1308,Bearish Reversal
1994-09-06,50445,1828,2910.0,-2068.0,108333,48617,Bullish Reversal
1994-09-06,1318,2546,150.0,70.0,5707,-1228,Bearish
1994-09-13,44123,3846,-6322.0,2018.0,107876,40277,Bullish Reversal
1994-09-13,1168,2675,-150.0,129.0,5819,-1507,Bearish
1994-09-20,52246,3465,8123.0,-381.0,115191,48781,Bullish
1994-09-20,1051,2506,-117.0,-169.0,5678,-1455,Bearish Reversal
1994-09-27,55832,4083,3586.0,618.0,119912,51749,Bullish
1994-09-27,1687,2750,636.0,244.0,5985,-1063,Bearish
1994-10-04,57779,3045,1947.0,-1038.0,125315,54734,Bullish
1994-10-04,1936,3006,249.0,256.0,5343,-1070,Bearish Reversal
1994-10-11,51859,3427,-5920.0,382.0,121787,48432,Bullish Reversal
1994-10-11,1517,2812,-419.0,-194.0,5147,-1295,Bearish Reversal
1994-10-18,41180,3886,-10679.0,459.0,113406,37294,Bullish Reversal
1994-10-18,1784,3049,267.0,237.0,5309,-1265,Bearish
1994-10-25,34998,3982,-6182.0,96.0,111247,31016,Bullish Reversal
1994-10-25,1581,2847,-203.0,-202.0,5377,-1266,Bearish
1994-11-01,36075,5743,1077.0,1761.0,113989,30332,Bullish
1994-11-01,1858,3356,277.0,509.0,5701,-1498,Bearish
1994-11-08,36072,7915,-3.0,2172.0,115777,28157,Bullish
1994-11-08,1882,3250,24.0,-106.0,5722,-1368,Bearish
1994-11-15,31044,14835,-5028.0,6920.0,131753,16209,Bullish
1994-11-15,2009,3282,127.0,32.0,5867,-1273,Bearish
1994-11-22,29997,14895,-1047.0,60.0,137656,15102,Bullish
1994-11-22,1234,2532,-775.0,-750.0,5628,-1298,Bearish Reversal
1994-11-29,28541,16176,-1456.0,1281.0,140148,12365,Bullish
1994-11-29,1523,1953,289.0,-579.0,5669,-430,Bearish
1994-12-06,27529,19490,-1012.0,3314.0,137536,8039,Bullish Reversal
1994-12-06,997,2028,-526.0,75.0,4243,-1031,Bearish Reversal
1994-12-13,25278,20077,-2251.0,587.0,135027,5201,Bullish Reversal
1994-12-13,1405,2694,408.0,666.0,4739,-1289,Bearish
1994-12-20,26418,18461,1140.0,-1616.0,131634,7957,Bullish Reversal
1994-12-20,1592,2911,187.0,217.0,4955,-1319,Bearish
1994-12-27,27194,19799,776.0,1338.0,133327,7395,Bullish
1994-12-27,1663,3015,71.0,104.0,5062,-1352,Bearish
1995-01-03,26028,18165,-1166.0,-1634.0,131937,7863,Bullish Reversal
1995-01-03,1670,3160,7.0,145.0,5152,-1490,Bearish
1995-01-10,25475,19120,-553.0,955.0,133353,6355,Bullish
1995-01-10,2017,3406,347.0,246.0,5491,-1389,Bearish
1995-01-17,23463,15829,-2012.0,-3291.0,132566,7634,Bullish Reversal
1995-01-17,2190,3347,173.0,-59.0,5477,-1157,Bearish Reversal
1995-01-24,22623,13578,-840.0,-2251.0,131736,9045,Bullish Reversal
1995-01-24,2352,3387,162.0,40.0,5440,-1035,Bearish Reversal
1995-01-31,22770,16430,147.0,2852.0,135922,6340,Bullish
1995-01-31,1914,3090,-438.0,-297.0,5158,-1176,Bearish Reversal
1995-02-07,22263,16355,-507.0,-75.0,138558,5908,Bullish
1995-02-07,1878,2977,-36.0,-113.0,5071,-1099,Bearish Reversal
1995-02-14,20422,13115,-1841.0,-3240.0,140848,7307,Bullish
1995-02-14,1859,2940,-19.0,-37.0,5128,-1081,Bearish
1995-02-21,20145,12782,-277.0,-333.0,140784,7363,Bullish Reversal
1995-02-21,1844,2930,-15.0,-10.0,5140,-1086,Bearish
1995-02-28,24229,15391,4084.0,2609.0,138076,8838,Bullish Reversal
1995-02-28,1816,2852,-28.0,-78.0,5162,-1036,Bearish
1995-03-07,20315,15669,-3914.0,278.0,134360,4646,Bullish Reversal
1995-03-07,1759,2841,-57.0,-11.0,5152,-1082,Bearish Reversal
1995-03-14,19008,12019,-1307.0,-3650.0,131101,6989,Bullish Reversal
1995-03-14,1739,2702,-20.0,-139.0,5030,-963,Bearish Reversal
1995-03-21,19093,11532,85.0,-487.0,131372,7561,Bullish
1995-03-21,1932,2771,193.0,69.0,5001,-839,Bearish Reversal
1995-03-28,20341,11413,1248.0,-119.0,134153,8928,Bullish
1995-03-28,1941,2796,9.0,25.0,5118,-855,Bearish
1995-04-04,21123,5817,782.0,-5596.0,130183,15306,Bullish Reversal
1995-04-04,2001,2597,60.0,-199.0,4651,-596,Bearish Reversal
1995-04-11,25463,6221,4340.0,404.0,129877,19242,Bullish Reversal
1995-04-11,2170,3005,169.0,408.0,4804,-835,Bearish
1995-04-18,26492,3469,1029.0,-2752.0,132264,23023,Bullish
1995-04-18,1630,2767,-540.0,-238.0,4617,-1137,Bearish Reversal
1995-04-25,27080,2946,588.0,-523.0,125453,24134,Bullish Reversal
1995-04-25,2472,3518,842.0,751.0,5373,-1046,Bearish
1995-05-02,28960,3395,1880.0,449.0,117477,25565,Bullish Reversal
1995-05-02,1788,3451,-684.0,-67.0,5474,-1663,Bearish
1995-05-09,28429,4035,-531.0,640.0,117829,24394,Bullish
1995-05-09,1771,3037,-17.0,-414.0,5088,-1266,Bearish Reversal
1995-05-16,20122,2965,-8307.0,-1070.0,109851,17157,Bullish Reversal
1995-05-16,1751,3188,-20.0,151.0,5146,-1437,Bearish
1995-05-23,18076,4011,-2046.0,1046.0,107691,14065,Bullish Reversal
1995-05-23,1739,3199,-12.0,11.0,5319,-1460,Bearish
1995-05-30,17557,6573,-519.0,2562.0,107938,10984,Bullish
1995-05-30,1753,3450,14.0,251.0,5367,-1697,Bearish
1995-06-06,16510,7857,-1047.0,1284.0,108529,8653,Bullish
1995-06-06,1743,2820,-10.0,-630.0,4319,-1077,Bearish Reversal
1995-06-13,16344,4824,-166.0,-3033.0,108288,11520,Bullish Reversal
1995-06-13,1707,2945,-36.0,125.0,4416,-1238,Bearish
1995-06-20,17296,4719,952.0,-105.0,112393,12577,Bullish
1995-06-20,1689,2957,-18.0,12.0,4451,-1268,Bearish
1995-06-27,18856,5265,1560.0,546.0,105404,13591,Bullish Reversal
1995-06-27,1666,2908,-23.0,-49.0,4387,-1242,Bearish Reversal
1995-07-03,17271,10727,-1585.0,5462.0,106230,6544,Bullish
1995-07-03,1393,2754,-273.0,-154.0,4493,-1361,Bearish
1995-07-11,17207,11100,-64.0,373.0,102370,6107,Bullish Reversal
1995-07-11,1358,2839,-35.0,85.0,4315,-1481,Bearish Reversal
1995-07-18,16938,7711,-269.0,-3389.0,99852,9227,Bullish Reversal
1995-07-18,1200,2951,-158.0,112.0,4409,-1751,Bearish
1995-07-25,18503,7991,1565.0,280.0,99729,10512,Bullish Reversal
1995-07-25,1200,2846,0.0,-105.0,4300,-1646,Bearish Reversal
1995-08-01,19207,9724,704.0,1733.0,102987,9483,Bullish
1995-08-01,200,1776,-1000.0,-1070.0,3134,-1576,Bearish Reversal
1995-08-08,18984,8931,-223.0,-793.0,108222,10053,Bullish
1995-08-08,200,1813,0.0,37.0,3158,-1613,Bearish
1995-08-15,21179,8213,2195.0,-718.0,113220,12966,Bullish
1995-08-15,200,1766,0.0,-47.0,3099,-1566,Bearish Reversal
1995-08-22,30647,4422,9468.0,-3791.0,116078,26225,Bullish
1995-08-22,200,1622,0.0,-144.0,2957,-1422,Bearish Reversal
1995-08-29,31212,4142,565.0,-280.0,115300,27070,Bullish Reversal
1995-08-29,200,1671,0.0,49.0,2998,-1471,Bearish
1995-09-05,24241,3132,-6971.0,-1010.0,99553,21109,Bullish Reversal
1995-09-05,200,1741,0.0,70.0,3022,-1541,Bearish
1995-09-12,25589,2799,1348.0,-333.0,93479,22790,Bullish Reversal
1995-09-19,28831,3462,3242.0,663.0,96393,25369,Bullish
1995-09-19,185,1733,185.0,63.0,3035,-1548,Bearish
1995-09-26,29796,1654,965.0,-1808.0,95062,28142,Bullish Reversal
1995-10-03,26334,3330,-3462.0,1676.0,96978,23004,Bearish
1995-10-10,25153,4155,-1181.0,825.0,98775,20998,Bearish
1995-10-17,25032,5577,-121.0,1422.0,103036,19455,Bearish
1995-10-24,25162,5732,130.0,155.0,104749,19430,Bearish
1995-10-31,25809,4462,647.0,-1270.0,106062,21347,Bullish
1995-11-07,25210,5685,-599.0,1223.0,107649,19525,Bearish
1995-11-07,209,1230,209.0,-93.0,2889,-1021,Bearish
1995-11-14,24223,5524,-987.0,-161.0,106133,18699,Bullish Reversal
1995-11-21,23712,6100,-511.0,576.0,103562,17612,Bearish Reversal
1995-11-28,25693,13581,1981.0,7481.0,105592,12112,Bearish
1995-12-05,27207,14372,1514.0,791.0,96034,12835,Bullish Reversal
1995-12-12,27209,15421,2.0,1049.0,95363,11788,Bearish Reversal
1995-12-19,25507,14930,-1702.0,-491.0,94931,10577,Bearish Reversal
1995-12-26,25056,14560,-451.0,-370.0,95095,10496,Bearish
1996-01-02,24745,10881,-311.0,-3679.0,96849,13864,Bullish
1996-01-09,30385,4848,5640.0,-6033.0,97404,25537,Bullish
1996-01-16,32524,4572,2139.0,-276.0,98602,27952,Bullish
1996-01-23,31827,3529,-697.0,-1043.0,100483,28298,Bullish
1996-01-30,31211,3981,-616.0,452.0,103186,27230,Bearish
1996-02-06,36147,3953,4936.0,-28.0,111001,32194,Bullish
1996-02-06,200,1314,200.0,333.0,2721,-1114,Bearish
1996-02-13,34501,3638,-1646.0,-315.0,114098,30863,Bullish
1996-02-20,30857,3701,-3644.0,63.0,108505,27156,Bearish Reversal
1996-02-27,26648,2538,-4209.0,-1163.0,97767,24110,Bearish Reversal
1996-03-05,22283,3216,-4365.0,678.0,87724,19067,Bearish Reversal
1996-03-12,24166,1329,1883.0,-1887.0,89503,22837,Bullish
1996-03-19,28102,1739,3936.0,410.0,91666,26363,Bullish
1996-03-26,34594,1613,6492.0,-126.0,98108,32981,Bullish
1996-04-02,30800,3477,-3794.0,1864.0,97836,27323,Bearish Reversal
1996-04-09,30441,8558,-359.0,5081.0,102885,21883,Bearish
1996-04-16,25763,13261,-4678.0,4703.0,105657,12502,Bearish
1996-04-23,22668,15245,-3095.0,1984.0,98307,7423,Bearish Reversal
1996-04-30,25210,16032,2542.0,787.0,98613,9178,Bullish
1996-05-07,27002,13438,1792.0,-2594.0,97372,13564,Bullish Reversal
1996-05-14,26582,13320,-420.0,-118.0,99017,13262,Bearish
1996-05-21,21543,17736,-5039.0,4416.0,101303,3807,Bearish
1996-05-28,21454,16939,-89.0,-797.0,100879,4515,Bullish Reversal
1996-06-04,22311,16609,857.0,-330.0,103265,5702,Bullish
1996-06-11,22340,20372,29.0,3763.0,110039,1968,Bearish
1996-06-18,20693,20506,-1647.0,134.0,114585,187,Bearish
1996-06-25,20626,18519,-67.0,-1987.0,111021,2107,Bullish Reversal
1996-07-02,19421,18477,-1205.0,-42.0,99240,944,Bearish Reversal
1996-07-09,19752,16867,331.0,-1610.0,98079,2885,Bullish Reversal
1996-07-16,21533,22302,1781.0,5435.0,107865,-769,Bearish
1996-07-23,20902,26950,-631.0,4648.0,112387,-6048,Bearish
1996-07-30,19281,21593,-1621.0,-5357.0,106664,-2312,Bullish Reversal
1996-08-06,20130,22593,849.0,1000.0,111123,-2463,Bearish
1996-08-13,19579,20377,-551.0,-2216.0,109171,-798,Bullish Reversal
1996-08-20,20568,9459,989.0,-10918.0,100042,11109,Bullish Reversal
1996-08-27,21258,5328,690.0,-4131.0,92819,15930,Bullish Reversal
1996-08-27,0,1573,0.0,210.0,2570,-1573,No signal
1996-09-03,21775,5207,517.0,-121.0,88829,16568,Bullish Reversal
1996-09-03,0,1629,0.0,56.0,2637,-1629,Bearish
1996-09-10,19838,7057,-1937.0,1850.0,87994,12781,Bullish Reversal
1996-09-10,0,1674,0.0,45.0,2712,-1674,Bearish
1996-09-17,18288,12377,-1550.0,5320.0,92555,5911,Bullish
1996-09-17,0,1654,0.0,-20.0,2693,-1654,Bearish Reversal
1996-09-24,18566,22345,278.0,9968.0,98308,-3779,Bearish
1996-09-24,0,1652,0.0,-2.0,2665,-1652,Bullish Reversal
1996-10-01,19026,19490,460.0,-2855.0,97749,-464,Bullish Reversal
1996-10-01,0,1670,0.0,18.0,2675,-1670,Bearish
1996-10-08,19085,19280,59.0,-210.0,97644,-195,Bullish Reversal
1996-10-08,0,1704,0.0,34.0,2707,-1704,Bearish
1996-10-15,21705,15432,2620.0,-3848.0,92944,6273,Bullish Reversal
1996-10-15,0,1699,0.0,-5.0,2693,-1699,Bearish Reversal
1996-10-22,18496,15997,-3209.0,565.0,94098,2499,Bullish
1996-10-22,0,1663,0.0,-36.0,2689,-1663,Bearish Reversal
1996-10-29,18772,18292,276.0,2295.0,97500,480,Bullish
1996-10-29,0,1628,0.0,-35.0,2736,-1628,Bearish
1996-11-05,18434,19766,-338.0,1474.0,96727,-1332,Bullish Reversal
1996-11-05,0,1591,0.0,-37.0,2659,-1591,Bearish Reversal
1996-11-12,17465,18529,-969.0,-1237.0,94736,-1064,Bullish Reversal
1996-11-12,0,1377,0.0,-214.0,2570,-1377,Bearish Reversal
1996-11-19,16506,16578,-959.0,-1951.0,91682,-72,Bullish Reversal
1996-11-19,0,1175,0.0,-202.0,2470,-1175,Bearish Reversal
1996-11-26,16902,18536,396.0,1958.0,89184,-1634,Bearish Reversal
1996-12-03,16738,18011,-164.0,-525.0,86368,-1273,Bullish Reversal
1996-12-10,16095,14645,-643.0,-3366.0,84492,1450,Bullish Reversal
1996-12-17,16659,10522,564.0,-4123.0,83189,6137,Bullish Reversal
1996-12-24,15569,11264,-1090.0,742.0,81991,4305,Bearish Reversal
1996-12-31,16155,15845,586.0,4581.0,84693,310,Bearish
1997-01-07,18288,20767,2133.0,4922.0,89321,-2479,Bearish
1997-01-14,22560,24449,4272.0,3682.0,94028,-1889,Bullish
1997-01-21,21176,23421,-1384.0,-1028.0,93223,-2245,Bearish Reversal
1997-01-28,21369,10856,193.0,-12565.0,89571,10513,Bullish Reversal
1997-02-04,20788,12154,-581.0,1298.0,90098,8634,Bearish
1997-02-11,19074,11833,-1714.0,-321.0,91079,7241,Bearish
1997-02-18,29180,4300,10106.0,-7533.0,99563,24880,Bullish
1997-02-25,30374,4026,1194.0,-274.0,93596,26348,Bullish Reversal
1997-03-04,33000,1602,2626.0,-2424.0,90813,31398,Bullish Reversal
1997-03-11,32071,2576,-929.0,974.0,89019,29495,Bearish Reversal
1997-03-18,30866,3122,-1205.0,546.0,89969,27744,Bearish
1997-03-25,28240,3784,-2626.0,662.0,88713,24456,Bearish Reversal
1997-04-01,25177,6952,-3063.0,3168.0,93926,18225,Bearish
1997-04-08,20575,17317,-4602.0,10365.0,99130,3258,Bearish
1997-04-15,20684,19120,109.0,1803.0,101823,1564,Bearish
1997-04-22,18051,18435,-2633.0,-685.0,98005,-384,Bearish Reversal
1997-04-29,18139,19867,88.0,1432.0,91260,-1728,Bearish Reversal
1997-05-06,18018,17869,-121.0,-1998.0,86192,149,Bullish Reversal
1997-05-13,18927,15333,909.0,-2536.0,85327,3594,Bullish Reversal
1997-05-20,18499,22254,-428.0,6921.0,90268,-3755,Bearish
1997-05-27,19974,22193,1475.0,-61.0,89477,-2219,Bullish Reversal
1997-06-03,20265,22602,291.0,409.0,91915,-2337,Bearish
1997-06-10,19340,18647,-925.0,-3955.0,88045,693,Bullish Reversal
1997-06-17,19667,20135,327.0,1488.0,90655,-468,Bearish
1997-06-24,19132,13632,-535.0,-6503.0,88950,5500,Bullish Reversal
1997-07-01,19203,21457,71.0,7825.0,93480,-2254,Bearish
1997-07-08,17651,25419,-1552.0,3962.0,99053,-7768,Bearish
1997-07-15,17693,25080,42.0,-339.0,99155,-7387,Bullish
1997-07-22,18583,27561,890.0,2481.0,94829,-8978,Bearish Reversal
1997-07-29,19062,29441,479.0,1880.0,97777,-10379,Bearish
1997-08-05,19153,25851,91.0,-3590.0,94293,-6698,Bullish Reversal
1997-08-12,18988,24558,-165.0,-1293.0,92228,-5570,Bullish Reversal
1997-08-19,17857,20044,-1131.0,-4514.0,88932,-2187,Bullish Reversal
1997-08-26,16539,10782,-1318.0,-9262.0,82848,5757,Bullish Reversal
1997-09-02,16399,10946,-140.0,164.0,77184,5453,Bearish Reversal
1997-09-09,18542,10576,2143.0,-370.0,77878,7966,Bullish
1997-09-16,18546,13451,4.0,2875.0,78406,5095,Bearish
1997-09-23,17738,11781,-808.0,-1670.0,78039,5957,Bullish Reversal
1997-09-30,40463,8321,22725.0,-3460.0,95589,32142,Bullish
1997-10-07,43323,8629,2860.0,308.0,104480,34694,Bullish
1997-10-14,41833,10197,-1490.0,1568.0,103011,31636,Bearish Reversal
1997-10-21,39795,13055,-2038.0,2858.0,99037,26740,Bearish Reversal
1997-10-28,29786,15073,-10009.0,2018.0,92847,14713,Bearish Reversal
1997-11-04,31952,16542,2166.0,1469.0,95965,15410,Bullish
1997-11-11,34651,17025,2699.0,483.0,94993,17626,Bullish Reversal
1997-11-18,39799,15195,5148.0,-1830.0,98554,24604,Bullish
1997-11-25,48407,7964,8608.0,-7231.0,94257,40443,Bullish Reversal
1997-12-02,48359,7858,-48.0,-106.0,89243,40501,Bullish Reversal
1997-12-09,45081,7661,-3278.0,-197.0,89550,37420,Bearish
1997-12-16,49495,7764,4414.0,103.0,94552,41731,Bullish
1997-12-23,51855,8919,2360.0,1155.0,98820,42936,Bullish
1997-12-30,52149,10022,294.0,1103.0,98558,42127,Bearish Reversal
1998-01-06,51594,10113,-555.0,91.0,97490,41481,Bearish Reversal
1998-01-13,44921,7221,-6673.0,-2892.0,92507,37700,Bearish Reversal
1998-01-20,43479,7280,-1442.0,59.0,92731,36199,Bearish
1998-01-27,45771,5472,2292.0,-1808.0,97404,40299,Bullish
1998-02-03,52932,6033,7161.0,561.0,106274,46899,Bullish
1998-02-10,53144,5186,212.0,-847.0,111633,47958,Bullish
1998-02-17,53813,4617,669.0,-569.0,113004,49196,Bullish
1998-02-24,51662,5541,-2151.0,924.0,102156,46121,Bearish Reversal
1998-03-03,49878,4183,-1784.0,-1358.0,97626,45695,Bearish Reversal
1998-03-10,49305,4437,-573.0,254.0,97317,44868,Bearish Reversal
1998-03-17,40039,5057,-9266.0,620.0,90971,34982,Bearish Reversal
1998-03-24,35861,3768,-4178.0,-1289.0,85814,32093,Bearish Reversal
1998-03-31,37432,3525,1571.0,-243.0,85986,33907,Bullish
1998-04-07,38793,2530,1361.0,-995.0,87773,36263,Bullish
1998-04-14,38606,3024,-187.0,494.0,86079,35582,Bearish Reversal
1998-04-21,37320,3764,-1286.0,740.0,81336,33556,Bearish Reversal
1998-04-28,37218,3608,-102.0,-156.0,77206,33610,Bullish Reversal
1998-05-05,36486,4082,-732.0,474.0,74273,32404,Bearish Reversal
1998-05-12,33068,6532,-3418.0,2450.0,76225,26536,Bearish
1998-05-19,30551,13975,-2517.0,7443.0,82076,16576,Bearish
1998-05-26,29236,14572,-1315.0,597.0,84069,14664,Bearish
1998-06-02,32212,19771,2976.0,5199.0,93121,12441,Bearish
1998-06-09,33273,18868,1061.0,-903.0,94321,14405,Bullish
1998-06-16,29280,15286,-3993.0,-3582.0,92339,13994,Bearish Reversal
1998-06-23,29370,11868,90.0,-3418.0,91947,17502,Bullish Reversal
1998-06-30,30414,11433,1044.0,-435.0,79898,18981,Bullish Reversal
1998-07-07,29066,11041,-1348.0,-392.0,75445,18025,Bearish Reversal
1998-07-14,29569,10769,503.0,-272.0,76839,18800,Bullish
1998-07-21,32248,9965,2679.0,-804.0,81787,22283,Bullish
1998-07-28,32914,2247,666.0,-7718.0,80261,30667,Bullish Reversal
1998-08-04,33391,3512,477.0,1265.0,81012,29879,Bearish
1998-08-11,32264,6483,-1127.0,2971.0,82378,25781,Bearish
1998-08-18,31039,12433,-1225.0,5950.0,83930,18606,Bearish
1998-08-25,31874,14672,835.0,2239.0,83468,17202,Bearish Reversal
1998-09-01,30157,21464,-1717.0,6792.0,79403,8693,Bearish Reversal
1998-09-08,30026,20847,-131.0,-617.0,76854,9179,Bullish Reversal
1998-09-15,29339,18476,-687.0,-2371.0,72989,10863,Bullish Reversal
1998-09-22,30608,18436,1269.0,-40.0,74894,12172,Bullish
1998-09-29,31316,7307,708.0,-11129.0,72508,24009,Bullish Reversal
1998-10-06,29448,6245,-1868.0,-1062.0,72198,23203,Bearish Reversal
1998-10-13,28426,10540,-1022.0,4295.0,74184,17886,Bearish
1998-10-20,28789,10973,363.0,433.0,74847,17816,Bearish
1998-10-27,28808,11440,19.0,467.0,76173,17368,Bearish
1998-11-03,28055,9397,-753.0,-2043.0,74429,18658,Bullish Reversal
1998-11-10,28143,7831,88.0,-1566.0,75074,20312,Bullish
1998-11-17,27325,8319,-818.0,488.0,77804,19006,Bearish
1998-11-24,26256,11885,-1069.0,3566.0,76932,14371,Bearish Reversal
1998-12-01,28329,12850,2073.0,965.0,74764,15479,Bullish Reversal
1998-12-08,28158,21298,-171.0,8448.0,82305,6860,Bearish
1998-12-15,27150,19953,-1008.0,-1345.0,80768,7197,Bullish Reversal
1998-12-22,27868,14689,718.0,-5264.0,76273,13179,Bullish Reversal
1998-12-29,28994,14744,1126.0,55.0,75987,14250,Bullish Reversal
1999-01-05,29939,13288,945.0,-1456.0,76063,16651,Bullish
1999-01-12,37222,4415,7283.0,-8873.0,80352,32807,Bullish
1999-01-19,34777,4701,-2445.0,286.0,76822,30076,Bearish Reversal
1999-01-26,34715,4594,-62.0,-107.0,76505,30121,Bullish Reversal
1999-02-02,44079,3962,9364.0,-632.0,89734,40117,Bullish
1999-02-09,56505,2869,12426.0,-1093.0,100332,53636,Bullish
1999-02-16,55186,3405,-1319.0,536.0,98123,51781,Bearish Reversal
1999-02-23,54471,3587,-715.0,182.0,95748,50884,Bearish Reversal
1999-03-02,55330,3430,859.0,-157.0,97800,51900,Bullish
1999-03-09,43428,1962,-11902.0,-1468.0,85178,41466,Bearish Reversal
1999-03-16,33646,3932,-9782.0,1970.0,80622,29714,Bearish Reversal
1999-03-23,29659,6404,-3987.0,2472.0,76062,23255,Bearish Reversal
1999-03-30,32303,6971,2644.0,567.0,78567,25332,Bullish
1999-04-06,33420,11537,1117.0,4566.0,79770,21883,Bearish
1999-04-13,31968,20163,-1452.0,8626.0,84956,11805,Bearish
1999-04-20,30840,9356,-1128.0,-10807.0,83096,21484,Bullish Reversal
1999-04-27,31972,8545,1132.0,-811.0,82409,23427,Bullish Reversal
1999-05-04,35807,3425,3835.0,-5120.0,76614,32382,Bullish Reversal
1999-05-11,40591,2136,4784.0,-1289.0,82022,38455,Bullish
1999-05-18,39323,1768,-1268.0,-368.0,81269,37555,Bearish Reversal
1999-05-25,29275,2781,-10048.0,1013.0,74250,26494,Bearish Reversal
1999-06-01,26831,8868,-2444.0,6087.0,76488,17963,Bearish
1999-06-08,26609,15520,-222.0,6652.0,82171,11089,Bearish
1999-06-15,27625,13138,1016.0,-2382.0,76482,14487,Bullish Reversal
1999-06-22,27561,15528,-64.0,2390.0,79866,12033,Bearish
1999-06-29,29679,9507,2118.0,-6021.0,78443,20172,Bullish Reversal
1999-07-06,35687,3343,6008.0,-6164.0,81775,32344,Bullish
1999-07-13,35368,3193,-319.0,-150.0,81007,32175,Bearish Reversal
1999-07-20,29595,6865,-5773.0,3672.0,74994,22730,Bearish Reversal
1999-07-27,30824,5174,1229.0,-1691.0,74673,25650,Bullish Reversal
1999-08-03,44995,3035,14171.0,-2139.0,86060,41960,Bullish
1999-08-10,51159,2721,6164.0,-314.0,94386,48438,Bullish
1999-08-17,44582,2666,-6577.0,-55.0,86799,41916,Bearish Reversal
1999-08-24,38351,3888,-6231.0,1222.0,83534,34463,Bearish Reversal
1999-08-31,34083,7463,-4268.0,3575.0,73844,26620,Bearish Reversal
1999-09-07,33765,8430,-318.0,967.0,72739,25335,Bearish Reversal
1999-09-14,34187,9341,422.0,911.0,74979,24846,Bearish
1999-09-21,39471,8370,5284.0,-971.0,79137,31101,Bullish
1999-09-28,49826,5020,10355.0,-3350.0,89783,44806,Bullish
1999-10-05,49990,4758,164.0,-262.0,92737,45232,Bullish
1999-10-12,53320,3134,3330.0,-1624.0,95551,50186,Bullish
1999-10-19,37266,2571,-16054.0,-563.0,80320,34695,Bearish Reversal
1999-10-26,33033,4787,-4233.0,2216.0,77899,28246,Bearish Reversal
1999-11-02,34051,6711,1018.0,1924.0,79536,27340,Bearish
1999-11-09,32436,16595,-1615.0,9884.0,86458,15841,Bearish
1999-11-16,32714,14121,278.0,-2474.0,81061,18593,Bullish Reversal
1999-11-23,33429,7137,715.0,-6984.0,76209,26292,Bullish Reversal
1999-11-30,32267,7834,-1162.0,697.0,71574,24433,Bearish Reversal
1999-12-07,31749,8771,-518.0,937.0,69769,22978,Bearish Reversal
1999-12-14,30943,8514,-806.0,-257.0,69789,22429,Bearish
1999-12-21,32542,6574,1599.0,-1940.0,69062,25968,Bullish Reversal
1999-12-28,32641,6583,99.0,9.0,70000,26058,Bullish
2000-01-04,39893,5045,7252.0,-1538.0,76093,34848,Bullish
2000-01-11,35479,5710,-4414.0,665.0,73157,29769,Bearish Reversal
2000-01-18,35224,11157,-255.0,5447.0,76432,24067,Bearish
2000-01-25,39143,6602,3919.0,-4555.0,76786,32541,Bullish
2000-02-01,43190,4252,4047.0,-2350.0,80659,38938,Bullish
2000-02-08,47362,3169,4172.0,-1083.0,85895,44193,Bullish
2000-02-15,42619,1977,-4743.0,-1192.0,81169,40642,Bearish Reversal
2000-02-22,42051,1647,-568.0,-330.0,79929,40404,Bearish Reversal
2000-02-29,34389,10480,-7662.0,8833.0,74070,23909,Bearish Reversal
2000-03-07,33524,15727,-865.0,5247.0,74416,17797,Bearish
2000-03-14,34517,17849,993.0,2122.0,74268,16668,Bearish Reversal
2000-03-21,33727,16256,-790.0,-1593.0,74137,17471,Bullish Reversal
2000-03-28,34467,18283,740.0,2027.0,78683,16184,Bearish
2000-04-04,30926,16585,-3541.0,-1698.0,73613,14341,Bearish Reversal
2000-04-11,30727,12629,-199.0,-3956.0,71464,18098,Bullish Reversal
2000-04-18,31313,11727,586.0,-902.0,76728,19586,Bullish
2000-04-25,31410,20141,97.0,8414.0,82551,11269,Bearish
2000-05-02,32221,20428,811.0,287.0,72673,11793,Bullish Reversal
2000-05-09,32293,16209,72.0,-4219.0,73478,16084,Bullish
2000-05-16,31607,15284,-686.0,-925.0,72016,16323,Bullish Reversal
2000-05-23,32657,20124,1050.0,4840.0,75631,12533,Bearish
2000-05-30,34271,29087,1614.0,8963.0,81362,5184,Bearish
2000-06-06,31425,15286,-2846.0,-13801.0,76294,16139,Bullish Reversal
2000-06-13,29290,14351,-2135.0,-935.0,75159,14939,Bearish Reversal
2000-06-20,30096,13305,806.0,-1046.0,72499,16791,Bullish Reversal
2000-06-27,29502,20721,-594.0,7416.0,78737,8781,Bearish
2000-07-05,30461,17104,959.0,-3617.0,74024,13357,Bullish Reversal
2000-07-11,31211,19423,750.0,2319.0,74345,11788,Bearish
2000-07-18,29087,17737,-2124.0,-1686.0,72072,11350,Bearish Reversal
2000-07-25,30622,21725,1535.0,3988.0,76902,8897,Bearish
2000-08-01,29482,19767,-1140.0,-1958.0,78268,9715,Bullish
2000-08-08,31969,25104,2487.0,5337.0,89533,6865,Bearish
2000-08-15,33832,30884,1863.0,5780.0,96284,2948,Bearish
2000-08-22,34195,32983,363.0,2099.0,98698,1212,Bearish
2000-08-29,33377,30678,-818.0,-2305.0,87766,2699,Bullish Reversal
2000-09-05,32041,24432,-1336.0,-6246.0,74290,7609,Bullish Reversal
2000-09-12,33240,23985,1199.0,-447.0,72522,9255,Bullish Reversal
2000-09-19,32520,25741,-720.0,1756.0,73625,6779,Bearish
2000-09-26,32378,25470,-142.0,-271.0,73351,6908,Bullish Reversal
2000-10-03,31772,23114,-606.0,-2356.0,72365,8658,Bullish Reversal
2000-10-10,32440,23592,668.0,478.0,74915,8848,Bullish
2000-10-17,34715,26971,2275.0,3379.0,78490,7744,Bearish
2000-10-24,35485,32451,770.0,5480.0,82093,3034,Bearish
2000-10-31,34460,34750,-1025.0,2299.0,84841,-290,Bearish
2000-11-07,35551,35563,1091.0,813.0,86546,-12,Bullish
2000-11-14,30920,34630,-4631.0,-933.0,84208,-3710,Bearish Reversal
2000-11-21,30617,32437,-303.0,-2193.0,81382,-1820,Bullish Reversal
2000-11-28,33049,31370,2432.0,-1067.0,79683,1679,Bullish Reversal
2000-12-05,33964,32716,915.0,1346.0,73515,1248,Bearish Reversal
2000-12-12,34400,32456,436.0,-260.0,75097,1944,Bullish
2000-12-19,32047,32841,-2353.0,385.0,73261,-794,Bearish Reversal
2000-12-26,32052,32812,5.0,-29.0,72291,-760,Bullish Reversal
2001-01-02,31882,34097,-170.0,1285.0,73255,-2215,Bearish
2001-01-09,32187,32916,305.0,-1181.0,72565,-729,Bullish Reversal
2001-01-16,30853,29244,-1334.0,-3672.0,69210,1609,Bullish Reversal
2001-01-23,30964,19164,111.0,-10080.0,66720,11800,Bullish Reversal
2001-01-30,31132,15969,168.0,-3195.0,66478,15163,Bullish Reversal
2001-02-06,32995,15848,1863.0,-121.0,66339,17147,Bullish Reversal
2001-02-13,29528,23093,-3467.0,7245.0,72095,6435,Bearish
2001-02-20,29426,28215,-102.0,5122.0,76826,1211,Bearish
2001-02-27,29767,29560,341.0,1345.0,83021,207,Bearish
2001-03-06,29431,31729,-336.0,2169.0,74339,-2298,Bearish Reversal
2001-03-13,29642,30709,211.0,-1020.0,73038,-1067,Bullish Reversal
2001-03-20,29711,31153,69.0,444.0,75015,-1442,Bearish
2001-03-27,30362,27852,651.0,-3301.0,73258,2510,Bullish Reversal
2001-04-03,30745,29593,383.0,1741.0,75281,1152,Bearish
2001-04-10,30576,28350,-169.0,-1243.0,75305,2226,Bullish
2001-04-17,28102,25483,-2474.0,-2867.0,70392,2619,Bullish Reversal
2001-04-24,28649,22094,547.0,-3389.0,67640,6555,Bullish Reversal
2001-05-01,28896,24793,247.0,2699.0,64781,4103,Bearish Reversal
2001-05-08,29074,28452,178.0,3659.0,66853,622,Bearish
2001-05-15,29584,31045,510.0,2593.0,69410,-1461,Bearish
2001-05-22,32379,21052,2795.0,-9993.0,67973,11327,Bullish Reversal
2001-05-29,32809,17202,430.0,-3850.0,68464,15607,Bullish
2001-06-05,30503,19097,-2306.0,1895.0,66439,11406,Bearish Reversal
2001-06-12,29066,21891,-1437.0,2794.0,68826,7175,Bearish
2001-06-19,28507,18974,-559.0,-2917.0,65308,9533,Bullish Reversal
2001-06-26,29153,23029,646.0,4055.0,70494,6124,Bearish
2001-07-03,31180,27618,2027.0,4589.0,69074,3562,Bearish Reversal
2001-07-10,31663,31096,483.0,3478.0,73531,567,Bearish
2001-07-17,31520,34106,-143.0,3010.0,77428,-2586,Bearish
2001-07-24,31863,33840,343.0,-266.0,76722,-1977,Bullish Reversal
2001-07-31,32373,34126,510.0,286.0,77616,-1753,Bullish
2001-08-07,32451,33801,78.0,-325.0,78056,-1350,Bullish
2001-08-14,31157,31783,-1294.0,-2018.0,75207,-626,Bullish Reversal
2001-08-21,32955,29985,1798.0,-1798.0,74613,2970,Bullish Reversal
2001-08-28,33344,29872,389.0,-113.0,73714,3472,Bullish Reversal
2001-09-04,32968,31365,-376.0,1493.0,72547,1603,Bearish Reversal
2001-09-10,32728,31498,-240.0,133.0,70825,1230,Bearish Reversal
2001-09-18,34064,25205,1336.0,-6293.0,63592,8859,Bullish Reversal
2001-09-25,33697,9577,-367.0,-15628.0,63127,24120,Bullish Reversal
2001-10-02,37429,7436,3732.0,-2141.0,65473,29993,Bullish
2001-10-09,43743,9004,6314.0,1568.0,71215,34739,Bullish
2001-10-16,37952,6696,-5791.0,-2308.0,65557,31256,Bearish Reversal
2001-10-23,31598,8503,-6354.0,1807.0,65520,23095,Bearish Reversal
2001-10-30,30473,11847,-1125.0,3344.0,67416,18626,Bearish
2001-11-06,31175,21983,702.0,10136.0,73175,9192,Bearish
2001-11-13,31920,25081,745.0,3098.0,73671,6839,Bearish
2001-11-20,31532,27499,-388.0,2418.0,75468,4033,Bearish
2001-11-27,31589,30166,57.0,2667.0,72849,1423,Bearish Reversal
2001-12-04,32356,29303,767.0,-863.0,71351,3053,Bullish Reversal
2001-12-11,32823,24919,467.0,-4384.0,67829,7904,Bullish Reversal
2001-12-18,32107,19016,-716.0,-5903.0,65704,13091,Bullish Reversal
2001-12-21,31808,13840,-299.0,-5176.0,63848,17968,Bullish Reversal
2001-12-28,32058,8990,250.0,-4850.0,63260,23068,Bullish Reversal
2002-01-08,37728,5115,5670.0,-3875.0,67412,32613,Bullish
2002-01-15,40882,4674,3154.0,-441.0,71748,36208,Bullish
2002-01-22,36636,3600,-4246.0,-1074.0,67577,33036,Bearish Reversal
2002-01-29,32428,3833,-4208.0,233.0,65182,28595,Bearish Reversal
2002-02-05,30712,5491,-1716.0,1658.0,66014,25221,Bearish
2002-02-12,30777,4253,65.0,-1238.0,64702,26524,Bullish Reversal
2002-02-19,32533,4405,1756.0,152.0,68018,28128,Bullish
2002-02-26,32327,5217,-206.0,812.0,65009,27110,Bearish Reversal
2002-03-05,35995,3958,3668.0,-1259.0,66893,32037,Bullish
2002-03-12,36515,3882,520.0,-76.0,69921,32633,Bullish
2002-03-19,36681,3600,166.0,-282.0,71778,33081,Bullish
2002-03-26,38820,4017,2139.0,417.0,74477,34803,Bullish
2002-04-02,45615,3686,6795.0,-331.0,80061,41929,Bullish
2002-04-09,43572,4532,-2043.0,846.0,79026,39040,Bearish Reversal
2002-04-16,34125,5958,-9447.0,1426.0,73774,28167,Bearish Reversal
2002-04-23,32350,3698,-1775.0,-2260.0,71283,28652,Bullish Reversal
2002-04-30,32661,3686,311.0,-12.0,73618,28975,Bullish
2002-05-07,33697,3761,1036.0,75.0,73729,29936,Bullish
2002-05-14,34377,3413,680.0,-348.0,74887,30964,Bullish
2002-05-21,49038,3708,14661.0,295.0,85666,45330,Bullish
2002-05-28,56092,6586,7054.0,2878.0,98766,49506,Bullish
2002-06-04,58184,6012,2092.0,-574.0,101403,52172,Bullish
2002-06-11,54720,4528,-3464.0,-1484.0,101564,50192,Bearish
2002-06-18,49496,4841,-5224.0,313.0,102608,44655,Bearish
2002-06-25,44821,5657,-4675.0,816.0,98927,39164,Bearish Reversal
2002-07-02,47016,4763,2195.0,-894.0,93941,42253,Bullish Reversal
2002-07-09,50066,5742,3050.0,979.0,97169,44324,Bullish
2002-07-16,52634,4089,2568.0,-1653.0,100428,48545,Bullish
2002-07-23,47110,3835,-5524.0,-254.0,95317,43275,Bearish Reversal
2002-07-30,32082,3708,-15028.0,-127.0,83102,28374,Bearish Reversal
2002-08-06,29692,4766,-2390.0,1058.0,83630,24926,Bearish
2002-08-13,28981,6244,-711.0,1478.0,82391,22737,Bearish Reversal
2002-08-20,26231,9787,-2750.0,3543.0,83430,16444,Bearish
2002-08-27,26550,13424,319.0,3637.0,79468,13126,Bearish Reversal
2002-09-03,26210,14855,-340.0,1431.0,77879,11355,Bearish Reversal
2002-09-10,26612,15038,402.0,183.0,80009,11574,Bullish
2002-09-17,28406,14087,1794.0,-951.0,81185,14319,Bullish
2002-09-24,32953,10747,4547.0,-3340.0,81663,22206,Bullish
2002-10-01,30840,12792,-2113.0,2045.0,81743,18048,Bearish
2002-10-08,29252,20882,-1588.0,8090.0,86501,8370,Bearish
2002-10-15,28629,29002,-623.0,8120.0,90648,-373,Bearish
2002-10-22,30128,30917,1499.0,1915.0,92676,-789,Bearish
2002-10-29,29937,27401,-191.0,-3516.0,89063,2536,Bullish Reversal
2002-11-05,28414,22234,-1523.0,-5167.0,85603,6180,Bullish Reversal
2002-11-12,30745,15936,2331.0,-6298.0,84103,14809,Bullish Reversal
2002-11-19,32339,14484,1594.0,-1452.0,86256,17855,Bullish
2002-11-26,28788,16324,-3551.0,1840.0,83456,12464,Bearish Reversal
2002-12-03,29315,16765,527.0,441.0,79183,12550,Bullish Reversal
2002-12-10,31288,10149,1973.0,-6616.0,76695,21139,Bullish Reversal
2002-12-17,33764,6138,2476.0,-4011.0,78899,27626,Bullish
2002-12-23,34246,5314,482.0,-824.0,76932,28932,Bullish Reversal
2002-12-31,36652,4772,2406.0,-542.0,80920,31880,Bullish
2003-01-07,45993,7406,9341.0,2634.0,95739,38587,Bullish
2003-01-14,45901,8658,-92.0,1252.0,98600,37243,Bearish
2003-01-21,47016,8616,1115.0,-42.0,99420,38400,Bullish
2003-01-28,47139,7167,123.0,-1449.0,102214,39972,Bullish
2003-02-04,49110,6582,1971.0,-585.0,103514,42528,Bullish
2003-02-11,36461,7324,-12649.0,742.0,95036,29137,Bearish Reversal
2003-02-14,30821,10643,-5640.0,3319.0,92139,20178,Bearish Reversal
2003-02-25,30629,9723,-192.0,-920.0,90955,20906,Bullish Reversal
2003-03-04,27509,9499,-3120.0,-224.0,81825,18010,Bearish Reversal
2003-03-11,28597,6577,1088.0,-2922.0,81943,22020,Bullish
2003-03-18,27518,14759,-1079.0,8182.0,83928,12759,Bearish
2003-03-25,25093,25714,-2425.0,10955.0,88189,-621,Bearish
2003-04-01,25268,28948,175.0,3234.0,89047,-3680,Bearish
2003-04-08,27512,28192,2244.0,-756.0,90692,-680,Bullish
2003-04-15,26854,27201,-658.0,-991.0,88705,-347,Bullish Reversal
2003-04-22,26792,22701,-62.0,-4500.0,87564,4091,Bullish Reversal
2003-04-29,24615,15398,-2177.0,-7303.0,81957,9217,Bullish Reversal
2003-05-06,34169,8581,9554.0,-6817.0,84773,25588,Bullish
2003-05-13,39038,6805,4869.0,-1776.0,89108,32233,Bullish
2003-05-20,40340,8176,1302.0,1371.0,89363,32164,Bearish
2003-05-27,36415,6110,-3925.0,-2066.0,82547,30305,Bearish Reversal
2003-06-03,26998,6250,-9417.0,140.0,75912,20748,Bearish Reversal
2003-06-10,26604,11940,-394.0,5690.0,78684,14664,Bearish
2003-06-17,27358,13676,754.0,1736.0,79428,13682,Bearish
2003-06-24,27154,17398,-204.0,3722.0,83905,9756,Bearish
2003-07-01,26686,17810,-468.0,412.0,79972,8876,Bearish Reversal
2003-07-08,31125,10210,4439.0,-7600.0,81775,20915,Bullish
2003-07-15,38637,8294,7512.0,-1916.0,87872,30343,Bullish
2003-07-22,39330,9419,693.0,1125.0,89035,29911,Bearish
2003-07-29,56004,7572,16674.0,-1847.0,108811,48432,Bullish
2003-08-05,53066,5353,-2938.0,-2219.0,110005,47713,Bearish
2003-08-12,48346,6163,-4720.0,810.0,107445,42183,Bearish Reversal
2003-08-19,45072,5482,-3274.0,-681.0,107708,39590,Bearish
2003-08-26,46748,4403,1676.0,-1079.0,103343,42345,Bullish Reversal
2003-09-02,47810,6073,1062.0,1670.0,103311,41737,Bearish Reversal
2003-09-09,57490,4680,9680.0,-1393.0,109498,52810,Bullish
2003-09-16,56129,5118,-1361.0,438.0,115510,51011,Bearish
2003-09-23,54399,5742,-1730.0,624.0,114578,48657,Bearish Reversal
2003-09-30,50958,6033,-3441.0,291.0,105542,44925,Bearish Reversal
2003-10-07,29732,6991,-21226.0,958.0,89786,22741,Bearish Reversal
2003-10-14,28179,9693,-1553.0,2702.0,86995,18486,Bearish Reversal
2003-10-21,30156,8228,1977.0,-1465.0,90599,21928,Bullish
2003-10-28,33068,5011,2912.0,-3217.0,93409,28057,Bullish
2003-11-04,30227,5156,-2841.0,145.0,92256,25071,Bearish Reversal
2003-11-11,29492,5377,-735.0,221.0,91880,24115,Bearish Reversal
2003-11-18,42567,5213,13075.0,-164.0,109720,37354,Bullish
2003-11-25,41236,1659,-1331.0,-3554.0,107762,39577,Bullish Reversal
2003-12-02,47798,2656,6562.0,997.0,104077,45142,Bullish Reversal
2003-12-09,50808,3595,3010.0,939.0,103100,47213,Bullish Reversal
2003-12-16,53237,3769,2429.0,174.0,104093,49468,Bullish
2003-12-22,52468,3498,-769.0,-271.0,102585,48970,Bearish Reversal
2003-12-30,54889,3364,2421.0,-134.0,102784,51525,Bullish
2004-01-06,59543,4042,4654.0,678.0,107665,55501,Bullish
2004-01-13,57364,4752,-2179.0,710.0,108724,52612,Bearish
2004-01-20,54925,7743,-2439.0,2991.0,107814,47182,Bearish Reversal
2004-01-27,61066,4621,6141.0,-3122.0,114036,56445,Bullish
2004-02-03,53206,2650,-7860.0,-1971.0,107432,50556,Bearish Reversal
2004-02-10,54115,3983,909.0,1333.0,112587,50132,Bearish
2004-02-17,57144,3969,3029.0,-14.0,119070,53175,Bullish
2004-02-24,56131,2432,-1013.0,-1537.0,118149,53699,Bullish Reversal
2004-03-02,58087,3783,1956.0,1351.0,113485,54304,Bullish Reversal
2004-03-09,63135,4449,5048.0,666.0,116299,58686,Bullish
2004-03-16,61444,5183,-1691.0,734.0,117659,56261,Bearish
2004-03-23,61720,5373,276.0,190.0,119976,56347,Bullish
2004-03-30,59587,3496,-2133.0,-1877.0,119147,56091,Bearish Reversal
2004-04-06,57433,5696,-2154.0,2200.0,120507,51737,Bearish
2004-04-12,55444,3728,-1989.0,-1968.0,119901,51716,Bearish Reversal
2004-04-20,46589,3286,-8855.0,-442.0,110293,43303,Bearish Reversal
2004-04-27,39078,4447,-7511.0,1161.0,106516,34631,Bearish Reversal
2004-05-04,37178,4130,-1900.0,-317.0,93166,33048,Bearish Reversal
2004-05-11,33653,5389,-3525.0,1259.0,91879,28264,Bearish Reversal
2004-05-18,32998,6815,-655.0,1426.0,89376,26183,Bearish Reversal
2004-05-25,30587,7247,-2411.0,432.0,88330,23340,Bearish Reversal
2004-06-01,30077,7209,-510.0,-38.0,85891,22868,Bearish Reversal
2004-06-08,29672,9397,-405.0,2188.0,83809,20275,Bearish Reversal
2004-06-15,29651,8623,-21.0,-774.0,85796,21028,Bullish
2004-06-22,29109,8260,-542.0,-363.0,90502,20849,Bearish
2004-06-29,30613,5165,1504.0,-3095.0,90221,25448,Bullish Reversal
2004-07-06,30389,6413,-224.0,1248.0,82761,23976,Bearish Reversal
2004-07-13,36761,2825,6372.0,-3588.0,87162,33936,Bullish
2004-07-20,43271,3272,6510.0,447.0,92456,39999,Bullish
2004-07-27,40184,4728,-3087.0,1456.0,91991,35456,Bearish Reversal
2004-08-03,44765,4256,4581.0,-472.0,94715,40509,Bullish
2004-08-10,48019,3675,3254.0,-581.0,97251,44344,Bullish
2004-08-17,46370,2830,-1649.0,-845.0,96119,43540,Bearish Reversal
2004-08-24,48506,2074,2136.0,-756.0,102711,46432,Bullish
2004-08-31,48118,2547,-388.0,473.0,95230,45571,Bearish Reversal
2004-09-07,38898,4221,-9220.0,1674.0,87139,34677,Bearish Reversal
2004-09-14,30554,7365,-8344.0,3144.0,82028,23189,Bearish Reversal
2004-09-21,30798,6958,244.0,-407.0,82327,23840,Bullish
2004-09-28,32046,4831,1248.0,-2127.0,83896,27215,Bullish
2004-10-05,50369,4088,18323.0,-743.0,99518,46281,Bullish
2004-10-12,58594,5141,8225.0,1053.0,107869,53453,Bullish
2004-10-19,60545,5058,1951.0,-83.0,111307,55487,Bullish
2004-10-26,62746,6653,2201.0,1595.0,116815,56093,Bullish
2004-11-02,58504,4172,-4242.0,-2481.0,114494,54332,Bearish Reversal
2004-11-09,64181,6960,5677.0,2788.0,123564,57221,Bullish
2004-11-16,64251,7074,70.0,114.0,124272,57177,Bearish
2004-11-23,69820,4062,5569.0,-3012.0,121720,65758,Bullish Reversal
2004-11-30,70987,3763,1167.0,-299.0,116958,67224,Bullish Reversal
2004-12-07,73786,3668,2799.0,-95.0,125722,70118,Bullish
2004-12-14,46556,3331,-27230.0,-337.0,101771,43225,Bearish Reversal
2004-12-21,42217,4553,-4339.0,1222.0,98426,37664,Bearish Reversal
2004-12-28,42318,4612,101.0,59.0,99266,37706,Bullish
2005-01-04,43147,4797,829.0,185.0,96882,38350,Bullish Reversal
2005-01-11,42170,9052,-977.0,4255.0,98189,33118,Bearish
2005-01-18,42288,9642,118.0,590.0,98962,32646,Bearish
2005-01-25,40809,10583,-1479.0,941.0,96891,30226,Bearish Reversal
2005-02-01,40985,10753,176.0,170.0,95173,30232,Bullish Reversal
2005-02-08,39463,11700,-1522.0,947.0,95344,27763,Bearish
2005-02-15,43664,6690,4201.0,-5010.0,96899,36974,Bullish
2005-02-22,47471,5157,3807.0,-1533.0,102103,42314,Bullish
2005-03-01,47371,4887,-100.0,-270.0,99341,42484,Bullish Reversal
2005-03-08,49415,4676,2044.0,-211.0,101960,44739,Bullish
2005-03-15,47955,3510,-1460.0,-1166.0,102305,44445,Bearish
2005-03-22,45798,6246,-2157.0,2736.0,103328,39552,Bearish
2005-03-29,37645,4674,-8153.0,-1572.0,96568,32971,Bearish Reversal
2005-04-05,39261,4663,1616.0,-11.0,98663,34598,Bullish
2005-04-12,40952,4268,1691.0,-395.0,102168,36684,Bullish
2005-04-19,40909,3273,-43.0,-995.0,104305,37636,Bullish
2005-04-26,44601,4236,3692.0,963.0,111987,40365,Bullish
2005-05-03,37887,18029,-6714.0,13793.0,105261,19858,Bearish Reversal
2005-05-10,37632,15121,-255.0,-2908.0,104114,22511,Bullish Reversal
2005-05-17,38777,14087,1145.0,-1034.0,102869,24690,Bullish Reversal
2005-05-24,38526,13572,-251.0,-515.0,105219,24954,Bullish
2005-05-31,52757,9956,14231.0,-3616.0,113358,42801,Bullish
2005-06-07,64948,7479,12191.0,-2477.0,121857,57469,Bullish
2005-06-14,59725,5778,-5223.0,-1701.0,128442,53947,Bearish
2005-06-21,57072,5781,-2653.0,3.0,130474,51291,Bearish
2005-06-28,52982,6335,-4090.0,554.0,124362,46647,Bearish Reversal
2005-07-05,42886,18329,-10096.0,11994.0,122624,24557,Bearish Reversal
2005-07-12,41751,18891,-1135.0,562.0,123279,22860,Bearish
2005-07-19,43198,21296,1447.0,2405.0,128213,21902,Bearish
2005-07-26,41302,19384,-1896.0,-1912.0,123485,21918,Bullish Reversal
2005-08-02,43043,9640,1741.0,-9744.0,122020,33403,Bullish Reversal
2005-08-09,41925,12687,-1118.0,3047.0,123818,29238,Bearish
2005-08-16,40199,15861,-1726.0,3174.0,121306,24338,Bearish Reversal
2005-08-23,40167,15490,-32.0,-371.0,116131,24677,Bullish Reversal
2005-08-30,43817,32167,3650.0,16677.0,120303,11650,Bearish
2005-09-06,39225,24659,-4592.0,-7508.0,112175,14566,Bullish Reversal
2005-09-13,42004,26495,2779.0,1836.0,115435,15509,Bullish
2005-09-20,49008,15548,7004.0,-10947.0,117718,33460,Bullish
2005-09-27,50616,13317,1608.0,-2231.0,118954,37299,Bullish
2005-10-04,55195,12413,4579.0,-904.0,125742,42782,Bullish
2005-10-11,62883,11516,7688.0,-897.0,134435,51367,Bullish
2005-10-18,66282,12036,3399.0,520.0,142530,54246,Bullish
2005-10-25,66256,12135,-26.0,99.0,138960,54121,Bearish Reversal
2005-11-01,60685,9137,-5571.0,-2998.0,137967,51548,Bearish Reversal
2005-11-08,62257,11181,1572.0,2044.0,143966,51076,Bearish
2005-11-15,65215,13493,2958.0,2312.0,150342,51722,Bullish
2005-11-22,73548,12988,8333.0,-505.0,149698,60560,Bullish Reversal
2005-11-29,75230,12079,1682.0,-909.0,145136,63151,Bullish Reversal
2005-12-06,79031,12301,3801.0,222.0,141571,66730,Bullish Reversal
2005-12-13,72934,10147,-6097.0,-2154.0,137249,62787,Bearish Reversal
2005-12-20,68903,7927,-4031.0,-2220.0,133600,60976,Bearish Reversal
2005-12-27,69081,7888,178.0,-39.0,135028,61193,Bullish
2006-01-03,66488,7108,-2593.0,-780.0,131555,59380,Bearish Reversal
2006-01-10,64551,5580,-1937.0,-1528.0,130725,58971,Bearish Reversal
2006-01-17,64299,5452,-252.0,-128.0,131701,58847,Bearish
2006-01-24,66946,7114,2647.0,1662.0,131185,59832,Bullish Reversal
2006-01-31,66502,10246,-444.0,3132.0,133259,56256,Bearish
2006-02-07,62794,10006,-3708.0,-240.0,130754,52788,Bearish Reversal
2006-02-14,59275,8687,-3519.0,-1319.0,127737,50588,Bearish Reversal
2006-02-21,59943,8096,668.0,-591.0,132532,51847,Bullish
2006-02-28,56871,12249,-3072.0,4153.0,127839,44622,Bearish Reversal
2006-03-07,61688,9732,4817.0,-2517.0,132341,51956,Bullish
2006-03-14,59251,8062,-2437.0,-1670.0,127834,51189,Bearish Reversal
2006-03-21,62687,8786,3436.0,724.0,132347,53901,Bullish
2006-03-28,63054,10691,367.0,1905.0,134579,52363,Bearish
2006-04-04,62676,10830,-378.0,139.0,140419,51846,Bearish
2006-04-11,60028,13889,-2648.0,3059.0,141906,46139,Bearish
2006-04-18,56968,14792,-3060.0,903.0,140408,42176,Bearish Reversal
2006-04-25,43242,7187,-13726.0,-7605.0,127250,36055,Bearish Reversal
2006-05-02,41659,10448,-1583.0,3261.0,112421,31211,Bearish Reversal
2006-05-09,38664,8838,-2995.0,-1610.0,110968,29826,Bearish Reversal
2006-05-16,35419,9349,-3245.0,511.0,110184,26070,Bearish Reversal
2006-05-23,34795,8554,-624.0,-795.0,110443,26241,Bullish
2006-05-30,35169,8797,374.0,243.0,109388,26372,Bullish Reversal
2006-06-06,32662,9728,-2507.0,931.0,112351,22934,Bearish
2006-06-13,33080,8612,418.0,-1116.0,112993,24468,Bullish
2006-06-20,32276,9803,-804.0,1191.0,112485,22473,Bearish Reversal
2006-06-27,30746,10906,-1530.0,1103.0,109024,19840,Bearish Reversal
2006-07-03,31220,7219,474.0,-3687.0,97874,24001,Bullish Reversal
2006-07-11,31855,7464,635.0,245.0,99551,24391,Bullish
2006-07-18,31264,8077,-591.0,613.0,99954,23187,Bearish
2006-07-25,31142,7320,-122.0,-757.0,97539,23822,Bullish Reversal
2006-08-01,32228,7889,1086.0,569.0,98685,24339,Bullish
2006-08-08,37564,8994,5336.0,1105.0,108463,28570,Bullish
2006-08-15,36719,8978,-845.0,-16.0,111358,27741,Bearish
2006-08-22,38914,9361,2195.0,383.0,114877,29553,Bullish
2006-08-29,38861,9400,-53.0,39.0,112346,29461,Bearish Reversal
2006-09-05,40920,11100,2059.0,1700.0,108132,29820,Bullish Reversal
2006-09-12,32926,10553,-7994.0,-547.0,101450,22373,Bearish Reversal
2006-09-19,29367,10286,-3559.0,-267.0,100314,19081,Bearish Reversal
2006-09-19,1450,2276,,,9607,-826,No signal
2006-09-26,28267,9800,-1100.0,-486.0,100272,18467,Bullish Reversal
2006-09-26,1685,942,235.0,-1334.0,9134,743,Bearish Reversal
2006-10-03,27302,8089,-965.0,-1711.0,98967,19213,Bullish Reversal
2006-10-03,1729,1887,44.0,945.0,10180,-158,Bearish
2006-10-10,27850,8370,548.0,281.0,100304,19480,Bullish
2006-10-17,31433,9026,3583.0,656.0,106890,22407,Bullish
2006-10-24,34851,8496,3418.0,-530.0,109100,26355,Bullish
2006-10-24,2525,551,,,9525,1974,No signal
2006-10-31,36672,8570,1821.0,74.0,110237,28102,Bullish
2006-11-07,38784,8467,2112.0,-103.0,113697,30317,Bullish
2006-11-14,43634,8540,4850.0,73.0,117486,35094,Bullish
2006-11-14,4301,0,,,10681,4301,No signal
2006-11-21,44371,6905,737.0,-1635.0,116375,37466,Bullish Reversal
2006-11-21,4448,195,147.0,195.0,11009,4253,Bearish
2006-11-28,46095,7051,1724.0,146.0,109864,39044,Bullish Reversal
2006-11-28,4545,0,97.0,-195.0,11832,4545,Bearish
2006-12-05,49012,7352,2917.0,301.0,106839,41660,Bullish Reversal
2006-12-05,4026,186,-519.0,186.0,11327,3840,Bearish Reversal
2006-12-12,51968,8364,2956.0,1012.0,110084,43604,Bullish
2006-12-12,4814,0,788.0,-186.0,10922,4814,Bearish Reversal
2006-12-19,43218,6432,-8750.0,-1932.0,103358,36786,Bullish Reversal
2006-12-19,3137,2127,-1677.0,2127.0,10985,1010,Bearish
2006-12-26,41044,6541,-2174.0,109.0,101141,34503,Bullish Reversal
2006-12-26,2271,1467,-866.0,-660.0,9848,804,Bearish Reversal
2007-01-03,40337,8056,-707.0,1515.0,103703,32281,Bullish
2007-01-03,2294,1065,23.0,-402.0,10978,1229,Bearish
2007-01-09,40894,7262,557.0,-794.0,101420,33632,Bullish Reversal
2007-01-09,2397,716,103.0,-349.0,9537,1681,Bearish Reversal
2007-01-16,39984,7212,-910.0,-50.0,101830,32772,Bullish
2007-01-16,2804,531,407.0,-185.0,9833,2273,Bearish
2007-01-23,43051,7398,3067.0,186.0,108484,35653,Bullish
2007-01-23,3335,672,531.0,141.0,9726,2663,Bearish Reversal
2007-01-30,47120,8123,4069.0,725.0,112320,38997,Bullish
2007-01-30,2953,668,-382.0,-4.0,9989,2285,Bearish
2007-02-06,49943,8816,2823.0,693.0,116607,41127,Bullish
2007-02-13,53943,10381,4000.0,1565.0,123596,43562,Bullish
2007-02-13,3186,0,233.0,-668.0,10631,3186,Bearish
2007-02-20,56923,10495,2980.0,114.0,127032,46428,Bullish
2007-02-20,2875,229,-311.0,229.0,10847,2646,Bearish
2007-02-27,63891,9502,6968.0,-993.0,125249,54389,Bullish Reversal
2007-02-27,3868,307,993.0,78.0,12102,3561,Bearish
2007-03-06,44348,7308,-19543.0,-2194.0,115412,37040,Bullish Reversal
2007-03-06,2225,1258,-1643.0,951.0,10192,967,Bearish Reversal
2007-03-13,40204,6920,-4144.0,-388.0,112728,33284,Bullish Reversal
2007-03-20,38039,6475,-2165.0,-445.0,113072,31564,Bearish
2007-03-27,38443,6365,404.0,-110.0,111348,32078,Bullish Reversal
2007-04-03,39399,7739,956.0,1374.0,112120,31660,Bearish
2007-04-10,43105,9375,3706.0,1636.0,118004,33730,Bullish
2007-04-17,47030,9997,3925.0,622.0,122313,37033,Bullish
2007-04-17,2101,1779,,,10783,322,No signal
2007-04-24,48794,10378,1764.0,381.0,123627,38416,Bullish
2007-05-01,43129,11404,-5665.0,1026.0,109108,31725,Bearish Reversal
2007-05-08,41590,11929,-1539.0,525.0,108852,29661,Bearish Reversal
2007-05-15,41376,11620,-214.0,-309.0,108698,29756,Bullish Reversal
2007-05-22,39806,14479,-1570.0,2859.0,108612,25327,Bearish Reversal
2007-05-29,41409,13717,1603.0,-762.0,111742,27692,Bullish
2007-06-05,44461,11980,3052.0,-1737.0,115097,32481,Bullish
2007-06-12,44174,12494,-287.0,514.0,119583,31680,Bearish
2007-06-12,1727,1534,,,8458,193,No signal
2007-06-19,44649,9953,475.0,-2541.0,124252,34696,Bullish
2007-06-26,40565,12713,-4084.0,2760.0,120288,27852,Bearish Reversal
2007-06-26,1613,2846,-114.0,1312.0,9002,-1233,Bearish
2007-07-03,40070,16067,-495.0,3354.0,117290,24003,Bullish Reversal
2007-07-10,40880,14402,810.0,-1665.0,116724,26478,Bullish Reversal
2007-07-17,39986,12046,-894.0,-2356.0,115546,27940,Bullish Reversal
2007-07-24,42754,10411,2768.0,-1635.0,119064,32343,Bullish
2007-07-31,38580,11211,-4174.0,800.0,118550,27369,Bearish Reversal
2007-08-07,39317,10377,737.0,-834.0,122787,28940,Bullish
2007-08-14,36203,9256,-3114.0,-1121.0,122912,26947,Bearish
2007-08-21,32607,12809,-3596.0,3553.0,117914,19798,Bearish Reversal
2007-08-28,25712,16050,-6895.0,3241.0,111791,9662,Bearish Reversal
2007-09-04,25965,16688,253.0,638.0,107814,9277,Bearish Reversal
2007-09-11,27426,16582,1461.0,-106.0,108199,10844,Bullish
2007-09-18,28450,15241,1024.0,-1341.0,109750,13209,Bullish
2007-09-25,37848,13085,9398.0,-2156.0,116537,24763,Bullish
2007-10-02,39347,12749,1499.0,-336.0,117498,26598,Bullish
2007-10-09,41278,13029,1931.0,280.0,120478,28249,Bullish
2007-10-16,41936,13040,658.0,11.0,124780,28896,Bullish
2007-10-23,40818,12298,-1118.0,-742.0,122842,28520,Bearish Reversal
2007-10-30,44222,13733,3404.0,1435.0,133518,30489,Bullish
2007-11-06,48322,14245,4100.0,512.0,150120,34077,Bullish
2007-11-13,45951,14724,-2371.0,479.0,146205,31227,Bearish Reversal
2007-11-20,44350,14802,-1601.0,78.0,146852,29548,Bearish
2007-11-27,42438,11564,-1912.0,-3238.0,144601,30874,Bullish Reversal
2007-12-04,39409,11041,-3029.0,-523.0,138128,28368,Bearish Reversal
2007-12-11,42254,11234,2845.0,193.0,147922,31020,Bullish
2007-12-18,38234,12111,-4020.0,877.0,148157,26123,Bearish
2007-12-24,40310,8820,2076.0,-3291.0,150953,31490,Bullish
2007-12-31,43450,8322,3140.0,-498.0,152888,35128,Bullish
2008-01-08,51774,10691,8324.0,2369.0,168508,41083,Bullish
2008-01-15,55869,12852,4095.0,2161.0,177544,43017,Bullish
2008-01-22,58504,11916,2635.0,-936.0,179362,46588,Bullish
2008-01-29,57683,11571,-821.0,-345.0,183056,46112,Bearish
2008-02-05,58807,9057,1124.0,-2514.0,184677,49750,Bullish
2008-02-12,62875,10885,4068.0,1828.0,187309,51990,Bullish
2008-02-19,63733,10595,858.0,-290.0,189151,53138,Bullish
2008-02-26,63537,9620,-196.0,-975.0,173340,53917,Bullish Reversal
2008-03-04,62211,11594,-1326.0,1974.0,166625,50617,Bearish Reversal
2008-03-11,59926,8916,-2285.0,-2678.0,162481,51010,Bullish Reversal
2008-03-18,59944,9489,18.0,573.0,160860,50455,Bearish Reversal
2008-03-25,48579,8541,-11365.0,-948.0,148918,40038,Bearish Reversal
2008-04-01,47457,6193,-1122.0,-2348.0,145358,41264,Bullish Reversal
2008-04-08,47194,7258,-263.0,1065.0,145698,39936,Bearish
2008-04-15,46916,6379,-278.0,-879.0,149199,40537,Bullish
2008-04-22,47548,6226,632.0,-153.0,153234,41322,Bullish
2008-04-29,48978,6421,1430.0,195.0,126504,42557,Bullish Reversal
2008-05-06,48779,7600,-199.0,1179.0,121057,41179,Bearish Reversal
2008-05-13,49456,9415,677.0,1815.0,122802,40041,Bearish
2008-05-20,54227,11158,4771.0,1743.0,125838,43069,Bullish
2008-05-27,55747,10909,1520.0,-249.0,126583,44838,Bullish
2008-06-03,51098,9145,-4649.0,-1764.0,123200,41953,Bearish Reversal
2008-06-10,51259,10338,161.0,1193.0,128241,40921,Bearish
2008-06-17,49452,9430,-1807.0,-908.0,130931,40022,Bearish
2008-06-24,49195,10195,-257.0,765.0,128720,39000,Bearish Reversal
2008-07-01,56414,9925,7219.0,-270.0,130495,46489,Bullish
2008-07-08,59095,10957,2681.0,1032.0,135835,48138,Bullish
2008-07-15,60062,10777,967.0,-180.0,143386,49285,Bullish
2008-07-22,57762,10802,-2300.0,25.0,140089,46960,Bearish Reversal
2008-07-29,50265,10421,-7497.0,-381.0,132854,39844,Bearish Reversal
2008-08-05,46849,9649,-3416.0,-772.0,133255,37200,Bearish
2008-08-12,45941,9915,-908.0,266.0,140094,36026,Bearish
2008-08-19,42525,10961,-3416.0,1046.0,135028,31564,Bearish Reversal
2008-08-26,39453,11869,-3072.0,908.0,125075,27584,Bearish Reversal
2008-09-02,40310,13301,857.0,1432.0,116628,27009,Bearish Reversal
2008-09-09,38840,14090,-1470.0,789.0,116403,24750,Bearish Reversal
2008-09-16,38161,14660,-679.0,570.0,112340,23501,Bearish Reversal
2008-09-23,34169,13012,-3992.0,-1648.0,104403,21157,Bearish Reversal
2008-09-30,30405,12069,-3764.0,-943.0,103812,18336,Bearish Reversal
2008-10-07,28882,11783,-1523.0,-286.0,99883,17099,Bearish Reversal
2008-10-14,28140,11218,-742.0,-565.0,98596,16922,Bearish Reversal
2008-10-21,27104,13463,-1036.0,2245.0,95873,13641,Bearish Reversal
2008-10-28,27822,12754,718.0,-709.0,95716,15068,Bullish Reversal
2008-11-04,29015,11508,1193.0,-1246.0,94365,17507,Bullish Reversal
2008-11-11,30913,11287,1898.0,-221.0,94494,19626,Bullish
2008-11-18,29678,10603,-1235.0,-684.0,91853,19075,Bearish Reversal
2008-11-25,24915,10756,-4763.0,153.0,86878,14159,Bearish Reversal
2008-12-02,24263,8210,-652.0,-2546.0,82434,16053,Bullish Reversal
2008-12-09,24501,7618,238.0,-592.0,83476,16883,Bullish
2008-12-16,26737,7416,2236.0,-202.0,87384,19321,Bullish
2008-12-22,26817,6577,80.0,-839.0,85219,20240,Bullish Reversal
2008-12-30,27106,7311,289.0,734.0,85312,19795,Bearish
2009-01-06,26767,6578,-339.0,-733.0,86788,20189,Bullish
2009-01-13,25899,7543,-868.0,965.0,85916,18356,Bearish Reversal
2009-01-20,26663,7597,764.0,54.0,86349,19066,Bullish
2009-01-27,28760,7802,2097.0,205.0,89185,20958,Bullish
2009-02-03,29430,7015,670.0,-787.0,93813,22415,Bullish
2009-02-10,30842,6720,1412.0,-295.0,96019,24122,Bullish
2009-02-17,30954,6237,112.0,-483.0,99325,24717,Bullish
2009-02-24,30975,5768,21.0,-469.0,101629,25207,Bullish
2009-03-03,32391,5706,1416.0,-62.0,93051,26685,Bullish Reversal
2009-03-10,30549,5267,-1842.0,-439.0,92260,25282,Bearish Reversal
2009-03-17,29437,5022,-1112.0,-245.0,92796,24415,Bearish
2009-03-24,27711,4980,-1726.0,-42.0,93147,22731,Bearish
2009-03-31,27232,6645,-479.0,1665.0,94506,20587,Bearish
2009-04-07,26198,8557,-1034.0,1912.0,93101,17641,Bearish Reversal
2009-04-14,24462,7656,-1736.0,-901.0,94568,16806,Bearish
2009-04-21,24516,10518,54.0,2862.0,96277,13998,Bearish
2009-04-28,24121,8402,-395.0,-2116.0,90687,15719,Bullish Reversal
2009-05-05,27385,6581,3264.0,-1821.0,89477,20804,Bullish Reversal
2009-05-12,32432,7932,5047.0,1351.0,96546,24500,Bullish
2009-05-19,34189,5964,1757.0,-1968.0,96079,28225,Bullish Reversal
2009-05-26,33982,5948,-207.0,-16.0,98120,28034,Bearish
2009-06-02,35789,7121,1807.0,1173.0,104986,28668,Bullish
2009-06-09,36330,5446,541.0,-1675.0,106447,30884,Bullish
2009-06-16,33876,4481,-2454.0,-965.0,103981,29395,Bearish Reversal
2009-06-23,30838,4633,-3038.0,152.0,105699,26205,Bearish
2009-06-30,30233,5455,-605.0,822.0,104594,24778,Bearish Reversal
2009-07-07,29641,5515,-592.0,60.0,100376,24126,Bearish Reversal
2009-07-14,28690,7605,-951.0,2090.0,99662,21085,Bearish Reversal
2009-07-21,28351,9811,-339.0,2206.0,98269,18540,Bearish Reversal
2009-07-28,30181,8855,1830.0,-956.0,97761,21326,Bullish Reversal
2009-08-04,32434,8585,2253.0,-270.0,99477,23849,Bullish
2009-08-11,36581,8771,4147.0,186.0,104790,27810,Bullish
2009-08-18,35138,7287,-1443.0,-1484.0,103527,27851,Bullish Reversal
2009-08-25,35667,6537,529.0,-750.0,101539,29130,Bullish Reversal
2009-09-01,42244,7815,6577.0,1278.0,106671,34429,Bullish
2009-09-08,48685,7783,6441.0,-32.0,116421,40902,Bullish
2009-09-15,54995,8526,6310.0,743.0,123873,46469,Bullish
2009-09-22,56756,9522,1761.0,996.0,128184,47234,Bullish
2009-09-29,54966,7556,-1790.0,-1966.0,128695,47410,Bullish
2009-10-06,54614,7314,-352.0,-242.0,131801,47300,Bearish
2009-10-13,55532,7257,918.0,-57.0,136015,48275,Bullish
2009-10-20,55740,7602,208.0,345.0,135456,48138,Bearish Reversal
2009-10-27,51014,6874,-4726.0,-728.0,132843,44140,Bearish Reversal
2009-11-03,45742,5944,-5272.0,-930.0,129240,39798,Bearish Reversal
2009-11-09,43862,5908,-1880.0,-36.0,141794,37954,Bearish
2009-11-17,47597,7117,3735.0,1209.0,142200,40480,Bullish
2009-11-24,48870,3222,1273.0,-3895.0,136162,45648,Bullish Reversal
2009-12-01,49798,4599,928.0,1377.0,131899,45199,Bearish Reversal
2009-12-08,46575,4039,-3223.0,-560.0,125999,42536,Bearish Reversal
2009-12-15,42440,3763,-4135.0,-276.0,121787,38677,Bearish Reversal
2009-12-22,42528,2850,88.0,-913.0,122294,39678,Bullish
2009-12-29,41886,3165,-642.0,315.0,124334,38721,Bearish
2010-01-05,44312,4813,2426.0,1648.0,125391,39499,Bullish
2010-01-12,48703,4175,4391.0,-638.0,128675,44528,Bullish
2010-01-19,49357,5056,654.0,881.0,131385,44301,Bearish
2010-01-26,41473,4404,-7884.0,-652.0,124895,37069,Bearish Reversal
2010-02-02,36924,6047,-4549.0,1643.0,122261,30877,Bearish Reversal
2010-02-09,32438,9073,-4486.0,3026.0,118593,23365,Bearish Reversal
2010-02-16,34615,9237,2177.0,164.0,120166,25378,Bullish
2010-02-23,35495,7679,880.0,-1558.0,117376,27816,Bullish Reversal
2010-03-02,36721,5663,1226.0,-2016.0,108248,31058,Bullish Reversal
2010-03-09,40051,4886,3330.0,-777.0,112130,35165,Bullish
2010-03-16,40126,5270,75.0,384.0,114192,34856,Bearish
2010-03-23,38105,5804,-2021.0,534.0,112520,32301,Bearish Reversal
2010-03-30,38734,5753,629.0,-51.0,113405,32981,Bullish
2010-04-06,44052,6529,5318.0,776.0,118712,37523,Bullish
2010-04-13,47495,7890,3443.0,1361.0,123661,39605,Bullish
2010-04-20,46960,8098,-535.0,208.0,126679,38862,Bearish
2010-04-27,48462,7895,1502.0,-203.0,124157,40567,Bullish Reversal
2010-05-04,47287,8627,-1175.0,732.0,123448,38660,Bearish Reversal
2010-05-11,47848,10258,561.0,1631.0,122669,37590,Bearish Reversal
2010-05-18,51664,8874,3816.0,-1384.0,125228,42790,Bullish
2010-05-25,42146,7314,-9518.0,-1560.0,120120,34832,Bearish Reversal
2010-06-01,41797,5912,-349.0,-1402.0,122368,35885,Bullish
2010-06-08,40478,5475,-1319.0,-437.0,122536,35003,Bearish
2010-06-15,43464,5948,2986.0,473.0,131070,37516,Bullish
2010-06-22,46666,6615,3202.0,667.0,139019,40051,Bullish
2010-06-29,47455,5545,789.0,-1070.0,128065,41910,Bullish Reversal
2010-07-06,39876,4832,-7579.0,-713.0,118962,35044,Bearish Reversal
2010-07-13,39176,3994,-700.0,-838.0,117959,35182,Bullish Reversal
2010-07-20,37827,6193,-1349.0,2199.0,117531,31634,Bearish Reversal
2010-07-27,38480,8143,653.0,1950.0,117370,30337,Bearish Reversal
2010-08-03,43185,6730,4705.0,-1413.0,123464,36455,Bullish
2010-08-10,42597,6863,-588.0,133.0,123370,35734,Bearish Reversal
2010-08-17,43251,7679,654.0,816.0,128848,35572,Bearish
2010-08-24,42255,7448,-996.0,-231.0,124185,34807,Bearish Reversal
2010-08-31,54472,9659,12217.0,2211.0,130813,44813,Bullish
2010-09-07,59112,11909,4640.0,2250.0,139522,47203,Bullish
2010-09-14,60696,11905,1584.0,-4.0,144798,48791,Bullish
2010-09-21,62013,12642,1317.0,737.0,146767,49371,Bullish
2010-09-28,66066,14585,4053.0,1943.0,154219,51481,Bullish
2010-10-05,63681,15198,-2385.0,613.0,156096,48483,Bearish
2010-10-12,59615,14263,-4066.0,-935.0,153970,45352,Bearish Reversal
2010-10-19,56278,12981,-3337.0,-1282.0,151104,43297,Bearish Reversal
2010-10-26,53018,12509,-3260.0,-472.0,152980,40509,Bearish
2010-11-02,52625,12834,-393.0,325.0,158633,39791,Bearish
2010-11-09,46004,13421,-6621.0,587.0,156418,32583,Bearish Reversal
2010-11-16,40243,12139,-5761.0,-1282.0,146693,28104,Bearish Reversal
2010-11-23,40307,9881,64.0,-2258.0,147685,30426,Bullish
2010-11-30,40818,6784,511.0,-3097.0,133139,34034,Bullish Reversal
2010-12-07,42606,9637,1788.0,2853.0,137675,32969,Bearish
2010-12-14,39450,9218,-3156.0,-419.0,130145,30232,Bearish Reversal
2010-12-21,39180,8885,-270.0,-333.0,133135,30295,Bullish
2010-12-28,41539,9420,2359.0,535.0,137918,32119,Bullish
2011-01-04,40483,10448,-1056.0,1028.0,136931,30035,Bearish Reversal
2011-01-11,38570,9301,-1913.0,-1147.0,136331,29269,Bearish Reversal
2011-01-18,40010,10357,1440.0,1056.0,135675,29653,Bullish Reversal
2011-01-25,38699,10473,-1311.0,116.0,125229,28226,Bearish Reversal
2011-02-01,37883,7203,-816.0,-3270.0,125287,30680,Bullish
2011-02-08,44915,7852,7032.0,649.0,135797,37063,Bullish
2011-02-15,50718,9781,5803.0,1929.0,147113,40937,Bullish
2011-02-22,50937,11714,219.0,1933.0,145070,39223,Bearish Reversal
2011-03-01,49750,11848,-1187.0,134.0,135802,37902,Bearish Reversal
2011-03-08,50394,11900,644.0,52.0,133485,38494,Bullish Reversal
2011-03-15,47290,12336,-3104.0,436.0,134914,34954,Bearish
2011-03-22,47552,10777,262.0,-1559.0,135988,36775,Bullish
2011-03-29,47764,10625,212.0,-152.0,138486,37139,Bullish
2011-04-05,48890,12105,1126.0,1480.0,143013,36785,Bearish
2011-04-12,46305,13583,-2585.0,1478.0,144670,32722,Bearish
2011-04-19,48325,14559,2020.0,976.0,144981,33766,Bullish
2011-04-26,43078,18083,-5247.0,3524.0,143341,24995,Bearish Reversal
2011-05-03,42751,19397,-327.0,1314.0,131907,23354,Bearish Reversal
2011-05-10,34239,10753,-8512.0,-8644.0,123537,23486,Bullish Reversal
2011-05-17,30936,13501,-3303.0,2748.0,120227,17435,Bearish Reversal
2011-05-24,31754,14171,818.0,670.0,121395,17583,Bullish
2011-05-31,28870,11288,-2884.0,-2883.0,120853,17582,Bearish Reversal
2011-06-07,28761,11762,-109.0,474.0,121191,16999,Bearish
2011-06-14,29261,12674,500.0,912.0,118846,16587,Bearish Reversal
2011-06-21,30454,11131,1193.0,-1543.0,120238,19323,Bullish
2011-06-28,27439,11441,-3015.0,310.0,114330,15998,Bearish Reversal
2011-07-05,28131,9296,692.0,-2145.0,111251,18835,Bullish Reversal
2011-07-12,29967,9464,1836.0,168.0,112795,20503,Bullish
2011-07-19,34248,13499,4281.0,4035.0,115999,20749,Bullish
2011-07-26,37358,13445,3110.0,-54.0,119563,23913,Bullish
2011-08-02,38265,13414,907.0,-31.0,120385,24851,Bullish
2011-08-09,32101,13713,-6164.0,299.0,115939,18388,Bearish Reversal
2011-08-16,32697,10769,596.0,-2944.0,116007,21928,Bullish
2011-08-23,38756,11745,6059.0,976.0,122543,27011,Bullish
2011-08-30,36537,9694,-2219.0,-2051.0,112375,26843,Bearish Reversal
2011-09-06,37185,9978,648.0,284.0,113449,27207,Bullish
2011-09-13,36588,10301,-597.0,323.0,112726,26287,Bearish Reversal
2011-09-20,33947,11409,-2641.0,1108.0,112103,22538,Bearish Reversal
2011-09-27,25153,9728,-8794.0,-1681.0,102014,15425,Bearish Reversal
2011-10-04,23859,11959,-1294.0,2231.0,101102,11900,Bearish Reversal
2011-10-11,23571,11623,-288.0,-336.0,99698,11948,Bullish Reversal
2011-10-18,23005,12653,-566.0,1030.0,103357,10352,Bearish
2011-10-25,23660,12638,655.0,-15.0,107066,11022,Bullish
2011-11-01,24084,11910,424.0,-728.0,108675,12174,Bullish
2011-11-08,24414,11474,330.0,-436.0,111841,12940,Bullish
2011-11-15,25822,11375,1408.0,-99.0,110513,14447,Bullish Reversal
2011-11-22,23577,10953,-2245.0,-422.0,108548,12624,Bearish Reversal
2011-11-29,23816,11722,239.0,769.0,98959,12094,Bearish Reversal
2011-12-06,23211,10581,-605.0,-1141.0,95684,12630,Bullish Reversal
2011-12-13,25572,11905,2361.0,1324.0,98311,13667,Bullish
2011-12-20,24302,16874,-1270.0,4969.0,101165,7428,Bearish
2011-12-27,24026,17171,-276.0,297.0,103993,6855,Bearish
2012-01-03,26629,16991,2603.0,-180.0,107101,9638,Bullish
2012-01-10,26208,15137,-421.0,-1854.0,104345,11071,Bullish Reversal
2012-01-17,26209,12816,1.0,-2321.0,103668,13393,Bullish Reversal
2012-01-24,27051,10934,842.0,-1882.0,103025,16117,Bullish Reversal
2012-01-31,28465,9374,1414.0,-1560.0,101747,19091,Bullish Reversal
2012-02-07,32239,8652,3774.0,-722.0,106008,23587,Bullish
2012-02-14,32860,7192,621.0,-1460.0,104872,25668,Bullish Reversal
2012-02-21,34819,8154,1959.0,962.0,110583,26665,Bullish
2012-02-28,38012,8009,3193.0,-145.0,115866,30003,Bullish
2012-03-06,30635,7443,-7377.0,-566.0,111023,23192,Bearish Reversal
2012-03-13,28459,6643,-2176.0,-800.0,111730,21816,Bearish
2012-03-20,28489,7320,30.0,677.0,111422,21169,Bearish Reversal
2012-03-27,26897,8242,-1592.0,922.0,109859,18655,Bearish Reversal
2012-04-03,29242,9187,2345.0,945.0,116434,20055,Bullish
2012-04-10,28154,9968,-1088.0,781.0,114469,18186,Bearish Reversal
2012-04-17,28051,9644,-103.0,-324.0,121448,18407,Bullish
2012-04-24,28913,12442,862.0,2798.0,122325,16471,Bearish
2012-05-01,26855,11271,-2058.0,-1171.0,110862,15584,Bearish Reversal
2012-05-08,28008,15445,1153.0,4174.0,113549,12563,Bearish
2012-05-15,27251,15777,-757.0,332.0,114208,11474,Bearish
2012-05-22,28018,17221,767.0,1444.0,113647,10797,Bearish Reversal
2012-05-29,26499,17941,-1519.0,720.0,113961,8558,Bearish
2012-06-05,27809,18015,1310.0,74.0,116809,9794,Bullish
2012-06-12,26716,17107,-1093.0,-908.0,122080,9609,Bearish
2012-06-19,27767,17665,1051.0,558.0,122508,10102,Bullish
2012-06-26,28362,22140,595.0,4475.0,126164,6222,Bearish
2012-07-03,28662,18956,300.0,-3184.0,122128,9706,Bullish Reversal
2012-07-10,28434,19652,-228.0,696.0,124109,8782,Bearish
2012-07-17,28431,20775,-3.0,1123.0,121819,7656,Bearish Reversal
2012-07-24,30291,22132,1860.0,1357.0,123661,8159,Bullish
2012-07-31,31394,18358,1103.0,-3774.0,121809,13036,Bullish Reversal
2012-08-07,31421,17741,27.0,-617.0,124276,13680,Bullish
2012-08-14,32317,16730,896.0,-1011.0,128993,15587,Bullish
2012-08-21,35646,14446,3329.0,-2284.0,127776,21200,Bullish Reversal
2012-08-28,39708,11070,4062.0,-3376.0,121777,28638,Bullish Reversal
2012-09-04,42283,9853,2575.0,-1217.0,119504,32430,Bullish Reversal
2012-09-11,41371,9889,-912.0,36.0,121050,31482,Bearish
2012-09-18,43205,10650,1834.0,761.0,127032,32555,Bullish
2012-09-25,44778,10768,1573.0,118.0,133163,34010,Bullish
2012-10-02,47236,9118,2458.0,-1650.0,139117,38118,Bullish
2012-10-09,49398,9573,2162.0,455.0,140426,39825,Bullish
2012-10-16,49041,8913,-357.0,-660.0,141405,40128,Bullish
2012-10-23,47463,9327,-1578.0,414.0,140643,38136,Bearish Reversal
2012-10-30,46782,10565,-681.0,1238.0,137585,36217,Bearish Reversal
2012-11-06,44230,10111,-2552.0,-454.0,139313,34119,Bearish
2012-11-13,45185,10775,955.0,664.0,144567,34410,Bullish
2012-11-20,47308,9347,2123.0,-1428.0,150335,37961,Bullish
2012-11-27,51084,9809,3776.0,462.0,150727,41275,Bullish
2012-12-04,50204,8932,-880.0,-877.0,141738,41272,Bearish Reversal
2012-12-11,48548,9048,-1656.0,116.0,142085,39500,Bearish
2012-12-18,44889,8900,-3659.0,-148.0,141423,35989,Bearish Reversal
2012-12-24,39620,8977,-5269.0,77.0,140751,30643,Bearish Reversal
2012-12-31,38291,9104,-1329.0,127.0,141489,29187,Bearish
2013-01-08,37257,9163,-1034.0,59.0,137542,28094,Bearish Reversal
2013-01-15,38382,9810,1125.0,647.0,140433,28572,Bullish
2013-01-22,41282,10189,2900.0,379.0,142279,31093,Bullish
2013-01-29,43089,8285,1807.0,-1904.0,148532,34804,Bullish
2013-02-05,42449,6588,-640.0,-1697.0,151512,35861,Bullish
2013-02-12,40205,8133,-2244.0,1545.0,152817,32072,Bearish
2013-02-19,39057,12601,-1148.0,4468.0,155353,26456,Bearish
2013-02-26,37753,16016,-1304.0,3415.0,145625,21737,Bearish Reversal
2013-03-05,38449,19846,696.0,3830.0,147100,18603,Bearish
2013-03-12,38637,20529,188.0,683.0,148283,18108,Bearish
2013-03-19,38707,23656,70.0,3127.0,151521,15051,Bearish
2013-03-26,37548,26144,-1159.0,2488.0,151568,11404,Bearish
2013-04-02,38201,30055,653.0,3911.0,155755,8146,Bearish
2013-04-09,38492,30577,291.0,522.0,162241,7915,Bearish
2013-04-16,39701,22103,1209.0,-8474.0,157302,17598,Bullish Reversal
2013-04-23,38817,23816,-884.0,1713.0,158970,15001,Bearish
2013-04-30,35720,23530,-3097.0,-286.0,143477,12190,Bearish Reversal
2013-05-07,35834,22183,114.0,-1347.0,144156,13651,Bullish
2013-05-14,35690,24896,-144.0,2713.0,144666,10794,Bearish
2013-05-21,35533,26718,-157.0,1822.0,148619,8815,Bearish
2013-05-28,34059,29468,-1474.0,2750.0,145299,4591,Bearish Reversal
2013-06-04,35051,29695,992.0,227.0,145734,5356,Bullish
2013-06-11,35509,31806,458.0,2111.0,147175,3703,Bearish
2013-06-18,35474,31570,-35.0,-236.0,149891,3904,Bullish
2013-06-25,34505,33668,-969.0,2098.0,140639,837,Bearish Reversal
2013-07-02,36175,31528,1670.0,-2140.0,136146,4647,Bullish Reversal
2013-07-09,36560,31539,385.0,11.0,133851,5021,Bullish Reversal
2013-07-16,36775,30140,215.0,-1399.0,133445,6635,Bullish Reversal
2013-07-23,35440,29759,-1335.0,-381.0,131748,5681,Bearish Reversal
2013-07-30,35628,30653,188.0,894.0,132831,4975,Bearish
2013-08-06,34627,29160,-1001.0,-1493.0,132053,5467,Bullish Reversal
2013-08-13,36945,24236,2318.0,-4924.0,135226,12709,Bullish
2013-08-20,37308,18800,363.0,-5436.0,131076,18508,Bullish Reversal
2013-08-27,33147,16767,-4161.0,-2033.0,122271,16380,Bearish Reversal
2013-09-03,34616,15769,1469.0,-998.0,115644,18847,Bullish Reversal
2013-09-10,32644,16810,-1972.0,1041.0,112276,15834,Bearish Reversal
2013-09-17,30889,17083,-1755.0,273.0,112757,13806,Bearish
2013-09-24,29357,16705,-1532.0,-378.0,112317,12652,Bearish Reversal
2013-10-01,31235,18460,1878.0,1755.0,115238,12775,Bullish
2013-10-08,31887,16881,652.0,-1579.0,116098,15006,Bullish
2013-10-15,33368,18600,1481.0,1719.0,116207,14768,Bearish
2013-10-22,35706,17498,2338.0,-1102.0,116767,18208,Bullish
2013-10-29,36674,18225,968.0,727.0,117934,18449,Bullish
2013-11-05,36134,17231,-540.0,-994.0,118718,18903,Bullish
2013-11-12,37380,24344,1246.0,7113.0,129525,13036,Bearish
2013-11-19,38586,28555,1206.0,4211.0,138809,10031,Bearish
2013-11-26,39270,32648,684.0,4093.0,133287,6622,Bearish Reversal
2013-12-03,40438,37537,1168.0,4889.0,133109,2901,Bearish Reversal
2013-12-10,42551,32598,2113.0,-4939.0,133086,9953,Bullish Reversal
2013-12-17,41916,30368,-635.0,-2230.0,133306,11548,Bullish
2013-12-24,42097,29999,181.0,-369.0,132501,12098,Bullish Reversal
2013-12-31,42083,27402,-14.0,-2597.0,132475,14681,Bullish Reversal
2014-01-07,41285,23950,-798.0,-3452.0,131294,17335,Bullish Reversal
2014-01-14,41287,24798,2.0,848.0,136158,16489,Bearish
2014-01-21,42334,26466,1047.0,1668.0,139468,15868,Bearish
2014-01-28,40816,30324,-1518.0,3858.0,144244,10492,Bearish
2014-02-04,41321,34333,505.0,4009.0,149163,6988,Bearish
2014-02-11,41279,28645,-42.0,-5688.0,147988,12634,Bullish Reversal
2014-02-18,40506,16971,-773.0,-11674.0,147035,23535,Bullish Reversal
2014-02-25,44848,15911,4342.0,-1060.0,144305,28937,Bullish Reversal
2014-03-04,44297,16388,-551.0,477.0,133550,27909,Bearish Reversal
2014-03-11,43886,17222,-411.0,834.0,136625,26664,Bearish
2014-03-18,44744,20372,858.0,3150.0,144578,24372,Bearish
2014-03-25,45500,26487,756.0,6115.0,147597,19013,Bearish
2014-04-01,44145,29641,-1355.0,3154.0,150361,14504,Bearish
2014-04-08,45042,28780,897.0,-861.0,159316,16262,Bullish
2014-04-15,45957,32858,915.0,4078.0,164158,13099,Bearish
2014-04-22,45868,31751,-89.0,-1107.0,157687,14117,Bullish Reversal
2014-04-29,46103,34052,235.0,2301.0,149341,12051,Bearish Reversal
2014-05-06,45772,35393,-331.0,1341.0,149495,10379,Bearish
2014-05-13,46625,35088,853.0,-305.0,149922,11537,Bullish
2014-05-20,45967,37891,-658.0,2803.0,150164,8076,Bearish
2014-05-27,48126,43038,2159.0,5147.0,156319,5088,Bearish
2014-06-03,49778,49012,1652.0,5974.0,161062,766,Bearish
2014-06-10,48592,44486,-1186.0,-4526.0,161532,4106,Bullish
2014-06-17,48333,34996,-259.0,-9490.0,164576,13337,Bullish
2014-06-24,54160,24830,5827.0,-10166.0,158093,29330,Bullish Reversal
2014-07-01,60392,20093,6232.0,-4737.0,156698,40299,Bullish Reversal
2014-07-08,67029,19148,6637.0,-945.0,162879,47881,Bullish
2014-07-15,65907,16629,-1122.0,-2519.0,162447,49278,Bullish Reversal
2014-07-22,64277,16752,-1630.0,123.0,162485,47525,Bearish
2014-07-29,59030,14918,-5247.0,-1834.0,158558,44112,Bearish Reversal
2014-08-05,54165,19802,-4865.0,4884.0,157578,34363,Bearish Reversal
2014-08-12,53942,24245,-223.0,4443.0,158219,29697,Bearish
2014-08-19,53677,29526,-265.0,5281.0,164893,24151,Bearish
2014-08-26,55545,33021,1868.0,3495.0,164262,22524,Bearish Reversal
2014-09-02,59472,39917,3927.0,6896.0,162307,19555,Bearish Reversal
2014-09-09,58910,42373,-562.0,2456.0,165281,16537,Bearish
2014-09-16,58536,47624,-374.0,5251.0,171260,10912,Bearish
2014-09-23,55602,46780,-2934.0,-844.0,170393,8822,Bearish Reversal
2014-09-30,58730,52104,3128.0,5324.0,173222,6626,Bearish
2014-10-07,58526,49584,-204.0,-2520.0,171283,8942,Bullish Reversal
2014-10-14,58188,50451,-338.0,867.0,169329,7737,Bearish Reversal
2014-10-21,57236,50405,-952.0,-46.0,170192,6831,Bearish
2014-10-28,57469,51537,233.0,1132.0,173733,5932,Bearish
2014-11-04,58088,51146,619.0,-391.0,176463,6942,Bullish
2014-11-11,57465,47033,-623.0,-4113.0,170684,10432,Bullish Reversal
2014-11-18,56831,45077,-634.0,-1956.0,173075,11754,Bullish
2014-11-25,52883,37427,-3948.0,-7650.0,156984,15456,Bullish Reversal
2014-12-02,50686,29095,-2197.0,-8332.0,148422,21591,Bullish Reversal
2014-12-09,52129,23670,1443.0,-5425.0,148195,28459,Bullish Reversal
2014-12-16,52921,26432,792.0,2762.0,150199,26489,Bearish
2014-12-23,52057,25744,-864.0,-688.0,149149,26313,Bearish Reversal
2014-12-30,54126,24104,2069.0,-1640.0,149594,30022,Bullish
2015-01-06,54911,22872,785.0,-1232.0,152879,32039,Bullish
2015-01-13,59808,19869,4897.0,-3003.0,157282,39939,Bullish
2015-01-20,62203,15929,2395.0,-3940.0,159904,46274,Bullish
2015-01-27,65722,12375,3519.0,-3554.0,162440,53347,Bullish
2015-02-03,64166,13593,-1556.0,1218.0,168486,50573,Bearish
2015-02-10,62034,15170,-2132.0,1577.0,168146,46864,Bearish Reversal
2015-02-17,61145,19822,-889.0,4652.0,175193,41323,Bearish
2015-02-24,57348,20009,-3797.0,187.0,166676,37339,Bearish Reversal
2015-03-03,56342,25135,-1006.0,5126.0,164018,31207,Bearish Reversal
2015-03-10,57966,31994,1624.0,6859.0,169125,25972,Bearish
2015-03-17,61649,37238,3683.0,5244.0,178524,24411,Bearish
2015-03-24,62332,30209,683.0,-7029.0,172659,32123,Bullish Reversal
2015-03-31,65426,22314,3094.0,-7895.0,170105,43112,Bullish Reversal
2015-04-07,63241,21160,-2185.0,-1154.0,169700,42081,Bearish Reversal
2015-04-14,61417,26872,-1824.0,5712.0,177877,34545,Bearish
2015-04-21,60848,36523,-569.0,9651.0,182633,24325,Bearish
2015-04-28,64340,41410,3492.0,4887.0,179461,22930,Bearish Reversal
2015-05-05,65383,37760,1043.0,-3650.0,175694,27623,Bullish Reversal
2015-05-12,65302,35964,-81.0,-1796.0,174919,29338,Bullish Reversal
2015-05-19,68171,16891,2869.0,-19073.0,174337,51280,Bullish Reversal
2015-05-26,66592,15611,-1579.0,-1280.0,173629,50981,Bearish Reversal
2015-06-02,63573,16728,-3019.0,1117.0,178343,46845,Bearish
2015-06-09,65881,43335,2308.0,26607.0,189524,22546,Bearish
2015-06-16,67315,51643,1434.0,8308.0,191774,15672,Bearish
2015-06-23,74254,58697,6939.0,7054.0,200273,15557,Bearish
2015-06-30,71886,62005,-2368.0,3308.0,196724,9881,Bearish Reversal
2015-07-07,70786,63993,-1100.0,1988.0,197092,6793,Bearish
2015-07-14,66392,56839,-4394.0,-7154.0,185716,9553,Bullish Reversal
2015-07-21,66576,62331,184.0,5492.0,190226,4245,Bearish
2015-07-28,67125,60829,549.0,-1502.0,190322,6296,Bullish
2015-08-04,66772,58367,-353.0,-2462.0,185848,8405,Bullish Reversal
2015-08-11,65566,48729,-1206.0,-9638.0,177902,16837,Bullish Reversal
2015-08-18,59535,45501,-6031.0,-3228.0,173545,14034,Bearish Reversal
2015-08-25,58687,43129,-848.0,-2372.0,167243,15558,Bullish Reversal
2015-09-01,57866,40394,-821.0,-2735.0,157013,17472,Bullish Reversal
2015-09-08,58761,40020,895.0,-374.0,155615,18741,Bullish Reversal
2015-09-15,60443,46180,1682.0,6160.0,158007,14263,Bearish
2015-09-22,60413,35554,-30.0,-10626.0,152140,24859,Bullish Reversal
2015-09-29,61556,38453,1143.0,2899.0,156905,23103,Bearish
2015-10-06,68838,28052,7282.0,-10401.0,156226,40786,Bullish Reversal
2015-10-13,74575,22865,5737.0,-5187.0,161346,51710,Bullish
2015-10-20,79449,22151,4874.0,-714.0,167574,57298,Bullish
2015-10-27,82023,19578,2574.0,-2573.0,169757,62445,Bullish
2015-11-03,77220,18843,-4803.0,-735.0,166942,58377,Bearish Reversal
2015-11-10,72304,33314,-4916.0,14471.0,162435,38990,Bearish Reversal
2015-11-17,72282,47028,-22.0,13714.0,170721,25254,Bearish
2015-11-24,70210,50817,-2072.0,3789.0,170092,19393,Bearish Reversal
2015-12-01,72909,51019,2699.0,202.0,163286,21890,Bullish Reversal
2015-12-08,70591,49331,-2318.0,-1688.0,162758,21260,Bearish Reversal
2015-12-15,71479,55902,888.0,6571.0,166864,15577,Bearish
2015-12-22,68584,45193,-2895.0,-10709.0,161116,23391,Bullish Reversal
2015-12-29,68450,47746,-134.0,2553.0,165006,20704,Bearish
2016-01-05,69779,48153,1329.0,407.0,167520,21626,Bullish
2016-01-12,71255,48772,1476.0,619.0,166172,22483,Bullish Reversal
2016-01-19,68196,39238,-3059.0,-9534.0,159521,28958,Bullish Reversal
2016-01-26,68920,31334,724.0,-7904.0,154734,37586,Bullish Reversal
2016-02-02,70685,32097,1765.0,763.0,157934,38588,Bullish
2016-02-09,78108,25426,7423.0,-6671.0,164664,52682,Bullish
2016-02-16,80249,21532,2141.0,-3894.0,166645,58717,Bullish
2016-02-23,83189,21262,2940.0,-270.0,174697,61927,Bullish
2016-03-01,78607,23127,-4582.0,1865.0,162293,55480,Bearish Reversal
2016-03-08,79879,19995,1272.0,-3132.0,169875,59884,Bullish
2016-03-15,76606,18533,-3273.0,-1462.0,166180,58073,Bearish Reversal
2016-03-22,82933,19504,6327.0,971.0,175775,63429,Bullish
2016-03-29,79493,24986,-3440.0,5482.0,175255,54507,Bearish Reversal
2016-04-05,79942,27931,449.0,2945.0,179913,52011,Bearish
2016-04-12,87892,25424,7950.0,-2507.0,184800,62468,Bullish
2016-04-19,94988,23560,7096.0,-1864.0,194510,71428,Bullish
2016-04-26,99774,21001,4786.0,-2559.0,206748,78773,Bullish
2016-05-03,100401,24526,627.0,3525.0,198237,75875,Bearish Reversal
2016-05-10,107844,27573,7443.0,3047.0,205391,80271,Bullish
2016-05-17,105988,28786,-1856.0,1213.0,207394,77202,Bearish
2016-05-24,97242,31358,-8746.0,2572.0,203682,65884,Bearish Reversal
2016-05-31,89815,28184,-7427.0,-3174.0,198118,61631,Bearish Reversal
2016-06-07,86676,29635,-3139.0,1451.0,192376,57041,Bearish Reversal
2016-06-14,97370,27731,10694.0,-1904.0,199111,69639,Bullish
2016-06-21,106942,26699,9572.0,-1032.0,205618,80243,Bullish
2016-06-28,107555,23894,613.0,-2805.0,211396,83661,Bullish
2016-07-05,111348,25594,3793.0,1700.0,211347,85754,Bullish Reversal
2016-07-12,114376,26724,3028.0,1130.0,214617,87652,Bullish
2016-07-19,120839,26449,6463.0,-275.0,219206,94390,Bullish
2016-07-26,123737,27660,2898.0,1211.0,218299,96077,Bullish Reversal
2016-08-02,122676,29242,-1061.0,1582.0,224540,93434,Bearish
2016-08-09,122165,31101,-511.0,1859.0,210647,91064,Bearish Reversal
2016-08-16,118988,33999,-3177.0,2898.0,205905,84989,Bearish Reversal
2016-08-23,118356,35153,-632.0,1154.0,206264,83203,Bearish
2016-08-30,114230,29876,-4126.0,-5277.0,189416,84354,Bullish Reversal
2016-09-06,118059,30031,3829.0,155.0,199197,88028,Bullish
2016-09-13,113792,32224,-4267.0,2193.0,193953,81568,Bearish Reversal
2016-09-20,113567,30932,-225.0,-1292.0,193501,82635,Bullish Reversal
2016-09-27,116948,32086,3381.0,1154.0,201486,84862,Bullish
2016-10-04,110764,34961,-6184.0,2875.0,198747,75803,Bearish Reversal
2016-10-11,97527,34634,-13237.0,-327.0,187469,62893,Bearish Reversal
2016-10-18,94230,34944,-3297.0,310.0,189229,59286,Bearish
2016-10-25,92213,35140,-2017.0,196.0,196311,57073,Bearish
2016-11-01,89233,27097,-2980.0,-8043.0,196912,62136,Bullish
2016-11-08,89360,24091,127.0,-3006.0,188265,65269,Bullish Reversal
2016-11-15,85575,22969,-3785.0,-1122.0,174831,62606,Bearish Reversal
2016-11-22,81835,21668,-3740.0,-1301.0,169661,60167,Bearish Reversal
2016-11-29,79485,20445,-2350.0,-1223.0,156626,59040,Bearish Reversal
2016-12-06,81495,22130,2010.0,1685.0,159337,59365,Bullish
2016-12-13,87040,20107,5545.0,-2023.0,163556,66933,Bullish
2016-12-20,83529,22635,-3511.0,2528.0,159697,60894,Bearish Reversal
2016-12-27,84330,25419,801.0,2784.0,163097,58911,Bearish
2017-01-03,86821,25530,2491.0,111.0,163812,61291,Bullish
2017-01-10,88430,23829,1609.0,-1701.0,165040,64601,Bullish
2017-01-17,90838,21356,2408.0,-2473.0,172056,69482,Bullish
2017-01-24,92319,21298,1481.0,-58.0,177601,71021,Bullish
2017-01-31,96909,20935,4590.0,-363.0,186839,75974,Bullish
2017-02-07,98560,20283,1651.0,-652.0,193936,78277,Bullish
2017-02-14,104765,19953,6205.0,-330.0,195338,84812,Bullish
2017-02-21,108848,20831,4083.0,878.0,208147,88017,Bullish
2017-02-28,115229,19806,6381.0,-1025.0,197629,95423,Bullish Reversal
2017-03-07,113437,19984,-1792.0,178.0,192398,93453,Bearish Reversal
2017-03-14,102675,19797,-10762.0,-187.0,186936,82878,Bearish Reversal
2017-03-21,100337,21225,-2338.0,1428.0,190819,79112,Bearish
2017-03-28,112197,21509,11860.0,284.0,201829,90688,Bullish
2017-04-04,126524,25142,14327.0,3633.0,219160,101382,Bullish
2017-04-11,131969,26454,5445.0,1312.0,220172,105515,Bullish
2017-04-18,128378,24491,-3591.0,-1963.0,227984,103887,Bearish
2017-04-25,121018,27405,-7360.0,2914.0,214782,93613,Bearish Reversal
2017-05-02,101538,30171,-19480.0,2766.0,189240,71367,Bearish Reversal
2017-05-09,94982,41327,-6556.0,11156.0,196083,53655,Bearish
2017-05-16,100142,57138,5160.0,15811.0,215127,43004,Bearish
2017-05-23,96531,45358,-3611.0,-11780.0,203459,51173,Bullish Reversal
2017-05-30,96568,35154,37.0,-10204.0,205235,61414,Bullish
2017-06-06,101713,35772,5145.0,618.0,208967,65941,Bullish
2017-06-13,102702,42044,989.0,6272.0,201214,60658,Bearish Reversal
2017-06-20,96000,49319,-6702.0,7275.0,199929,46681,Bearish Reversal
2017-06-27,93869,58337,-2131.0,9018.0,204637,35532,Bearish
2017-07-03,91996,65721,-1873.0,7384.0,203541,26275,Bearish Reversal
2017-07-11,91174,77169,-822.0,11448.0,207592,14005,Bearish
2017-07-18,90776,81400,-398.0,4231.0,209689,9376,Bearish
2017-07-25,90865,71448,89.0,-9952.0,206347,19417,Bullish Reversal
2017-08-01,92259,61500,1394.0,-9948.0,207258,30759,Bullish
2017-08-08,91345,57481,-914.0,-4019.0,195163,33864,Bullish Reversal
2017-08-15,91596,52745,251.0,-4736.0,187955,38851,Bullish Reversal
2017-08-22,91305,46759,-291.0,-5986.0,187227,44546,Bullish Reversal
2017-08-29,92930,39285,1625.0,-7474.0,182823,53645,Bullish Reversal
2017-09-05,96374,32203,3444.0,-7082.0,183276,64171,Bullish
2017-09-12,102243,27256,5869.0,-4947.0,188207,74987,Bullish
2017-09-19,99687,31884,-2556.0,4628.0,192994,67803,Bearish
2017-09-26,91812,31552,-7875.0,-332.0,186906,60260,Bearish Reversal
2017-10-03,91097,31918,-715.0,366.0,183494,59179,Bearish Reversal
2017-10-10,92195,33087,1098.0,1169.0,188258,59108,Bearish
2017-10-17,94825,30910,2630.0,-2177.0,191928,63915,Bullish
2017-10-24,95413,30293,588.0,-617.0,193899,65120,Bullish
2017-10-31,95382,35230,-31.0,4937.0,198853,60152,Bearish
2017-11-07,99872,30970,4490.0,-4260.0,203330,68902,Bullish
2017-11-14,98070,28897,-1802.0,-2073.0,199899,69173,Bullish Reversal
2017-11-21,98144,30503,74.0,1606.0,199402,67641,Bearish Reversal
2017-11-28,90138,31356,-8006.0,853.0,186272,58782,Bearish Reversal
2017-12-05,84905,53479,-5233.0,22123.0,192970,31426,Bearish
2017-12-12,77169,67255,-7736.0,13776.0,202797,9914,Bearish
2017-12-19,77575,75106,406.0,7851.0,203703,2469,Bearish
2017-12-26,74013,69365,-3562.0,-5741.0,200321,4648,Bullish Reversal
2018-01-02,75127,52377,1114.0,-16988.0,192423,22750,Bullish Reversal
2018-01-09,84313,46278,9186.0,-6099.0,195009,38035,Bullish
2018-01-16,79866,42654,-4447.0,-3624.0,196511,37212,Bearish
2018-01-23,76193,47112,-3673.0,4458.0,199985,29081,Bearish
2018-01-30,72145,39723,-4048.0,-7389.0,198358,32422,Bullish Reversal
2018-02-06,63729,47189,-8416.0,7466.0,205470,16540,Bearish
2018-02-13,64816,56105,1087.0,8916.0,194056,8711,Bearish Reversal
2018-02-20,63200,57880,-1616.0,1775.0,203629,5320,Bearish
2018-02-27,63023,64531,-177.0,6651.0,193343,-1508,Bearish Reversal
2018-03-06,68686,62500,5663.0,-2031.0,196590,6186,Bullish
2018-03-13,66707,63760,-1979.0,1260.0,200094,2947,Bearish
2018-03-20,63813,76329,-2894.0,12569.0,216042,-12516,Bearish
2018-03-27,60786,74443,-3027.0,-1886.0,219518,-13657,Bearish
2018-04-03,65969,82934,5183.0,8491.0,232682,-16965,Bearish
2018-04-10,65033,79866,-936.0,-3068.0,227175,-14833,Bullish Reversal
2018-04-17,66609,66696,1576.0,-13170.0,214297,-87,Bullish Reversal
2018-04-24,67802,55835,1193.0,-10861.0,201707,11967,Bullish Reversal
2018-05-01,68528,75724,726.0,19889.0,194685,-7196,Bearish Reversal
2018-05-08,72713,72834,4185.0,-2890.0,195865,-121,Bullish
2018-05-15,72663,72005,-50.0,-829.0,198065,658,Bullish
2018-05-22,78007,62782,5344.0,-9223.0,198248,15225,Bullish
2018-05-29,83066,65613,5059.0,2831.0,207610,17453,Bullish
2018-06-05,85070,65636,2004.0,23.0,211605,19434,Bullish
2018-06-12,101133,51403,16063.0,-14233.0,230163,49730,Bullish
2018-06-19,95323,54421,-5810.0,3018.0,218814,40902,Bearish Reversal
2018-06-26,93565,59344,-1758.0,4923.0,218492,34221,Bearish Reversal
2018-07-03,92678,67996,-887.0,8652.0,205622,24682,Bearish Reversal
2018-07-10,90598,66899,-2080.0,-1097.0,207701,23699,Bearish
2018-07-17,87176,78294,-3422.0,11395.0,212527,8882,Bearish
2018-07-24,88025,84487,849.0,6193.0,214596,3538,Bearish
2018-07-31,89616,83752,1591.0,-735.0,226512,5864,Bullish
2018-08-07,93016,88675,3400.0,4923.0,235440,4341,Bearish
2018-08-14,93346,96182,330.0,7507.0,240038,-2836,Bearish
2018-08-21,91428,98586,-1918.0,2404.0,244196,-7158,Bearish
2018-08-28,86540,103138,-4888.0,4552.0,227329,-16598,Bearish Reversal
2018-09-04,83061,112035,-3479.0,8897.0,212391,-28974,Bearish Reversal
2018-09-11,81095,108498,-1966.0,-3537.0,208969,-27403,Bullish Reversal
2018-09-18,80024,105540,-1071.0,-2958.0,205469,-25516,Bullish Reversal
2018-09-25,79198,102453,-826.0,-3087.0,204508,-23255,Bullish Reversal
2018-10-02,75937,93435,-3261.0,-9018.0,200173,-17498,Bullish Reversal
2018-10-09,72135,94385,-3802.0,950.0,199853,-22250,Bearish Reversal
2018-10-16,72203,87030,68.0,-7355.0,199398,-14827,Bullish Reversal
2018-10-23,75016,80195,2813.0,-6835.0,199746,-5179,Bullish
2018-10-30,76053,84523,1037.0,4328.0,208976,-8470,Bearish
2018-11-06,73117,75587,-2936.0,-8936.0,213566,-2470,Bullish
2018-11-13,74618,91763,1501.0,16176.0,224346,-17145,Bearish
2018-11-20,71646,82374,-2972.0,-9389.0,223049,-10728,Bullish Reversal
2018-11-27,67813,78779,-3833.0,-3595.0,199783,-10966,Bearish Reversal
2018-12-04,69314,69949,1501.0,-8830.0,179909,-635,Bullish Reversal
2018-12-11,71136,59880,1822.0,-10069.0,174071,11256,Bullish Reversal
2018-12-18,74023,54192,2887.0,-5688.0,172860,19831,Bullish Reversal
2018-12-24,77314,51764,3291.0,-2428.0,173685,25550,Bullish
2018-12-31,83022,38063,5708.0,-13701.0,176159,44959,Bullish
2019-01-08,86786,32763,3764.0,-5300.0,186506,54023,Bullish
2019-01-15,85959,33784,-827.0,1021.0,191922,52175,Bearish
2019-01-22,83303,35147,-2656.0,1363.0,188674,48156,Bearish Reversal
2019-01-29,86074,31791,2771.0,-3356.0,194895,54283,Bullish
2019-02-05,89868,32773,3794.0,982.0,207101,57095,Bullish
2019-02-12,89722,36519,-146.0,3746.0,217925,53203,Bearish
2019-02-19,89135,38866,-587.0,2347.0,220822,50269,Bearish
2019-02-26,90971,32658,1836.0,-6208.0,206447,58313,Bullish Reversal
2019-03-05,76954,44433,-14017.0,11775.0,190024,32521,Bearish Reversal
2019-03-12,76183,49101,-771.0,4668.0,189768,27082,Bearish Reversal
2019-03-19,75196,51886,-987.0,2785.0,189124,23310,Bearish Reversal
2019-03-26,76541,49864,1345.0,-2022.0,192676,26677,Bullish
2019-04-02,78993,62210,2452.0,12346.0,199592,16783,Bearish
2019-04-09,76410,59992,-2583.0,-2218.0,208784,16418,Bearish
2019-04-16,76033,70148,-377.0,10156.0,224783,5885,Bearish
2019-04-23,75889,75999,-144.0,5851.0,219113,-110,Bearish Reversal
2019-04-30,77120,74984,1231.0,-1015.0,196610,2136,Bullish Reversal
2019-05-07,77346,78303,226.0,3319.0,199467,-957,Bearish
2019-05-14,77542,79751,196.0,1448.0,203788,-2209,Bearish
2019-05-21,75482,90144,-2060.0,10393.0,210356,-14662,Bearish
2019-05-28,73663,96072,-1819.0,5928.0,217605,-22409,Bearish
2019-06-04,76653,85096,2990.0,-10976.0,216145,-8443,Bullish Reversal
2019-06-11,85225,82565,8572.0,-2531.0,226513,2660,Bullish
2019-06-18,93275,78759,8050.0,-3806.0,239466,14516,Bullish
2019-06-25,97573,67008,4298.0,-11751.0,229007,30565,Bullish Reversal
2019-07-02,99739,69284,2166.0,2276.0,221224,30455,Bearish Reversal
2019-07-09,96080,70929,-3659.0,1645.0,218493,25151,Bearish Reversal
2019-07-16,100449,63024,4369.0,-7905.0,229465,37425,Bullish
2019-07-23,110129,55368,9680.0,-7656.0,234735,54761,Bullish
2019-07-30,111282,46985,1153.0,-8383.0,239059,64297,Bullish
2019-08-06,106034,56202,-5248.0,9217.0,239290,49832,Bearish
2019-08-13,97520,58251,-8514.0,2049.0,233839,39269,Bearish Reversal
2019-08-20,95987,49273,-1533.0,-8978.0,238086,46714,Bullish
2019-08-27,103488,43636,7501.0,-5637.0,239970,59852,Bullish
2019-09-03,104977,42852,1489.0,-784.0,225688,62125,Bullish Reversal
2019-09-10,100413,40182,-4564.0,-2670.0,217433,60231,Bearish Reversal
2019-09-17,94625,38647,-5788.0,-1535.0,212514,55978,Bearish Reversal
2019-09-24,94002,43273,-623.0,4626.0,215217,50729,Bearish
2019-10-01,89967,40152,-4035.0,-3121.0,212266,49815,Bearish Reversal
2019-10-08,90092,39338,125.0,-814.0,213968,50754,Bullish
2019-10-15,85088,41099,-5004.0,1761.0,210916,43989,Bearish Reversal
2019-10-22,89747,43004,4659.0,1905.0,214529,46743,Bullish
2019-10-29,95368,41690,5621.0,-1314.0,221384,53678,Bullish
2019-11-05,97174,49177,1806.0,7487.0,227509,47997,Bearish
2019-11-12,89327,51963,-7847.0,2786.0,222122,37364,Bearish Reversal
2019-11-19,89898,45182,571.0,-6781.0,221707,44716,Bullish Reversal
2019-11-26,90895,38385,997.0,-6797.0,209603,52510,Bullish Reversal
2019-12-03,89241,39014,-1654.0,629.0,205807,50227,Bearish Reversal
2019-12-10,85617,44875,-3624.0,5861.0,202258,40742,Bearish Reversal
2019-12-17,88215,42434,2598.0,-2441.0,206302,45781,Bullish
2019-12-24,101030,38608,12815.0,-3826.0,223046,62422,Bullish
2019-12-31,106310,36582,5280.0,-2026.0,229680,69728,Bullish
2020-01-07,109224,41971,2914.0,5389.0,234324,67253,Bearish
2020-01-14,110762,43389,1538.0,1418.0,234639,67373,Bullish
2020-01-21,109144,40269,-1618.0,-3120.0,233858,68875,Bullish Reversal
2020-01-28,105637,42220,-3507.0,1951.0,231933,63417,Bearish Reversal
2020-02-04,97078,29275,-8559.0,-12945.0,224936,67803,Bullish Reversal
2020-02-11,96395,28758,-683.0,-517.0,221858,67637,Bearish Reversal
2020-02-18,107940,30063,11545.0,1305.0,238077,77877,Bullish
2020-02-25,107490,32697,-450.0,2634.0,238970,74793,Bearish
2020-03-03,82570,34267,-24920.0,1570.0,196909,48303,Bearish Reversal
2020-03-10,75117,30170,-7453.0,-4097.0,187060,44947,Bearish Reversal
2020-03-17,61215,19247,-13902.0,-10923.0,166682,41968,Bearish Reversal
2020-03-24,53077,19390,-8138.0,143.0,150700,33687,Bearish Reversal
2020-03-31,47050,16172,-6027.0,-3218.0,139256,30878,Bearish Reversal
2020-04-07,46471,16754,-579.0,582.0,138974,29717,Bearish Reversal
2020-04-14,48003,17449,1532.0,695.0,143477,30554,Bullish
2020-04-21,46688,18180,-1315.0,731.0,139607,28508,Bearish Reversal
2020-04-28,45020,19515,-1668.0,1335.0,138349,25505,Bearish Reversal
2020-05-05,44052,21137,-968.0,1622.0,132573,22915,Bearish Reversal
2020-05-12,44757,18984,705.0,-2153.0,135987,25773,Bullish
2020-05-19,54391,23463,9634.0,4479.0,151890,30928,Bullish
2020-05-26,61525,24336,7134.0,873.0,158185,37189,Bullish
2020-06-02,64997,27773,3472.0,3437.0,169670,37224,Bullish
2020-06-09,65660,32295,663.0,4522.0,175240,33365,Bearish
2020-06-16,66664,30042,1004.0,-2253.0,174386,36622,Bullish Reversal
2020-06-23,71859,33936,5195.0,3894.0,183444,37923,Bullish
2020-06-30,78746,41145,6887.0,7209.0,169418,37601,Bearish Reversal
2020-07-07,80741,42916,1995.0,1771.0,169513,37825,Bullish
2020-07-14,85679,41810,4938.0,-1106.0,178367,43869,Bullish
2020-07-21,90010,43255,4331.0,1445.0,185745,46755,Bullish
2020-07-28,74401,47093,-15609.0,3838.0,184020,27308,Bearish Reversal
2020-08-04,75498,45609,1097.0,-1484.0,205527,29889,Bullish
2020-08-11,67428,43860,-8070.0,-1749.0,198069,23568,Bearish Reversal
2020-08-18,71283,44727,3855.0,867.0,194897,26556,Bullish Reversal
2020-08-25,74311,42974,3028.0,-1753.0,187631,31337,Bullish Reversal
2020-09-01,76346,42874,2035.0,-100.0,166449,33472,Bullish Reversal
2020-09-08,73019,39539,-3327.0,-3335.0,158991,33480,Bullish Reversal
2020-09-15,77004,38655,3985.0,-884.0,162397,38349,Bullish
2020-09-22,75009,36062,-1995.0,-2593.0,157908,38947,Bullish Reversal
2020-09-29,74631,33901,-378.0,-2161.0,157308,40730,Bullish Reversal
2020-10-06,75358,34101,727.0,200.0,155484,41257,Bullish Reversal
2020-10-13,76920,36132,1562.0,2031.0,158203,40788,Bearish
2020-10-20,76946,32220,26.0,-3912.0,157845,44726,Bullish Reversal
2020-10-27,76652,32021,-294.0,-199.0,160550,44631,Bearish
2020-11-03,72516,27175,-4136.0,-4846.0,153267,45341,Bullish Reversal
2020-11-10,72544,26716,28.0,-459.0,155011,45828,Bullish
2020-11-17,75632,30018,3088.0,3302.0,160972,45614,Bearish
2020-11-24,74771,29091,-861.0,-927.0,162092,45680,Bullish
2020-12-01,77023,29131,2252.0,40.0,152372,47892,Bullish Reversal
2020-12-08,79310,30934,2287.0,1803.0,154821,48376,Bullish
2020-12-15,80689,31177,1379.0,243.0,158268,49512,Bullish
2020-12-21,90473,33184,9784.0,2007.0,171398,57289,Bullish
2020-12-29,88868,34089,-1605.0,905.0,170057,54779,Bearish Reversal
2021-01-05,90777,35226,1909.0,1137.0,176005,55551,Bullish
2021-01-12,87905,35113,-2872.0,-113.0,170033,52792,Bearish Reversal
2021-01-19,84009,32007,-3896.0,-3106.0,166896,52002,Bearish Reversal
2021-01-26,84444,29984,435.0,-2023.0,167880,54460,Bullish
2021-02-02,80634,29225,-3810.0,-759.0,179786,51409,Bearish
2021-02-09,80133,30590,-501.0,1365.0,179288,49543,Bearish Reversal
2021-02-16,81648,31824,1515.0,1234.0,183544,49824,Bullish
2021-02-23,78710,31067,-2938.0,-757.0,172392,47643,Bearish Reversal
2021-03-02,74925,35309,-3785.0,4242.0,158349,39616,Bearish Reversal
2021-03-09,71445,35296,-3480.0,-13.0,155425,36149,Bearish Reversal
2021-03-16,70658,37049,-787.0,1753.0,159092,33609,Bearish
2021-03-23,70257,39178,-401.0,2129.0,160437,31079,Bearish
2021-03-30,66502,37532,-3755.0,-1646.0,154987,28970,Bearish Reversal
2021-04-06,67245,34930,743.0,-2602.0,154593,32315,Bullish Reversal
2021-04-13,69429,33005,2184.0,-1925.0,164066,36424,Bullish
2021-04-20,75167,33486,5738.0,481.0,169420,41681,Bullish
2021-04-27,76380,33539,1213.0,53.0,172470,42841,Bullish
2021-05-04,78858,30991,2478.0,-2548.0,167073,47867,Bullish Reversal
2021-05-11,86397,33554,7539.0,2563.0,178250,52843,Bullish
2021-05-18,86640,35659,243.0,2105.0,181606,50981,Bearish
2021-05-25,86013,35531,-627.0,-128.0,180830,50482,Bearish Reversal
2021-06-01,84400,36883,-1613.0,1352.0,182312,47517,Bearish
2021-06-08,83378,33572,-1022.0,-3311.0,184841,49806,Bullish
2021-06-15,88591,36527,5213.0,2955.0,194268,52064,Bullish
2021-06-22,73841,33970,-14750.0,-2557.0,175703,39871,Bearish Reversal
2021-06-29,71855,30378,-1986.0,-3592.0,157119,41477,Bullish Reversal
2021-07-06,76790,32302,4935.0,1924.0,157216,44488,Bullish
2021-07-13,74247,30558,-2543.0,-1744.0,154699,43689,Bearish Reversal
2021-07-20,70286,32811,-3961.0,2253.0,151763,37475,Bearish Reversal
2021-07-27,66733,35516,-3553.0,2705.0,150814,31217,Bearish Reversal
2021-08-03,66192,30053,-541.0,-5463.0,146196,36139,Bullish Reversal
2021-08-10,64379,39905,-1813.0,9852.0,154491,24474,Bearish
2021-08-17,63390,42170,-989.0,2265.0,153825,21220,Bearish Reversal
2021-08-24,63311,41450,-79.0,-720.0,149847,21861,Bullish Reversal
2021-08-31,62935,40604,-376.0,-846.0,140937,22331,Bullish Reversal
2021-09-07,63879,35323,944.0,-5281.0,139187,28556,Bullish Reversal
2021-09-14,64827,38151,948.0,2828.0,140540,26676,Bearish
2021-09-21,66708,51073,1881.0,12922.0,145537,15635,Bearish
2021-09-28,64490,47785,-2218.0,-3288.0,142163,16705,Bullish Reversal
2021-10-05,63957,47578,-533.0,-207.0,139763,16379,Bearish Reversal
2021-10-12,63488,45501,-469.0,-2077.0,139403,17987,Bullish Reversal
2021-10-19,66572,36216,3084.0,-9285.0,143664,30356,Bullish
2021-10-26,66677,29145,105.0,-7071.0,141581,37532,Bullish Reversal
2021-11-02,64502,31387,-2175.0,2242.0,141394,33115,Bearish Reversal
2021-11-09,65013,28098,511.0,-3289.0,144370,36915,Bullish
2021-11-16,73944,28319,8931.0,221.0,152404,45625,Bullish
2021-11-23,68478,28373,-5466.0,54.0,149642,40105,Bearish Reversal
2021-11-30,62678,24244,-5800.0,-4129.0,138003,38434,Bearish Reversal
2021-12-07,62930,33097,252.0,8853.0,136572,29833,Bearish Reversal
2021-12-14,63669,41685,739.0,8588.0,142384,21984,Bearish
2021-12-21,62070,41144,-1599.0,-541.0,141119,20926,Bearish Reversal
2021-12-28,63873,37415,1803.0,-3729.0,141246,26458,Bullish
2022-01-04,65108,34189,1235.0,-3226.0,139521,30919,Bullish Reversal
2022-01-11,66193,38645,1085.0,4456.0,144442,27548,Bearish
2022-01-18,65985,36285,-208.0,-2360.0,148737,29700,Bullish
2022-01-25,63923,31782,-2062.0,-4503.0,151779,32141,Bullish
2022-02-01,60723,38605,-3200.0,6823.0,149136,22118,Bearish Reversal
2022-02-08,56905,37606,-3818.0,-999.0,147379,19299,Bearish Reversal
2022-02-15,56911,33355,6.0,-4251.0,156968,23556,Bullish
2022-02-22,58830,28528,1919.0,-4827.0,163745,30302,Bullish
2022-03-01,71235,26287,12405.0,-2241.0,157391,44948,Bullish Reversal
2022-03-08,76565,24268,5330.0,-2019.0,168283,52297,Bullish
2022-03-15,74044,22490,-2521.0,-1778.0,159571,51554,Bearish Reversal
2022-03-22,69279,21332,-4765.0,-1158.0,155456,47947,Bearish Reversal
2022-03-29,65917,17677,-3362.0,-3655.0,147370,48240,Bullish Reversal
2022-04-05,64936,19902,-981.0,2225.0,148526,45034,Bearish
2022-04-12,66356,20370,1420.0,468.0,158813,45986,Bullish
2022-04-19,69088,22659,2732.0,2289.0,170577,46429,Bullish
2022-04-26,56782,21376,-12306.0,-1283.0,145538,35406,Bearish Reversal
2022-05-03,56764,28696,-18.0,7320.0,137692,28068,Bearish Reversal
2022-05-10,59829,40747,3065.0,12051.0,142752,19082,Bearish
2022-05-17,59857,43743,28.0,2996.0,144534,16114,Bearish
2022-05-24,58748,44645,-1109.0,902.0,146456,14103,Bearish
2022-05-31,55545,41548,-3203.0,-3097.0,147301,13997,Bearish
2022-06-07,54899,37495,-646.0,-4053.0,148294,17404,Bullish
2022-06-14,57216,43211,2317.0,5716.0,151978,14005,Bearish
2022-06-21,54451,36032,-2765.0,-7179.0,145356,18419,Bullish Reversal
2022-06-28,52932,42041,-1519.0,6009.0,135775,10891,Bearish Reversal
2022-07-05,54841,49702,1909.0,7661.0,140463,5139,Bearish
2022-07-12,54744,51540,-97.0,1838.0,142259,3204,Bearish
2022-07-19,56187,54827,1443.0,3287.0,145247,1360,Bearish
2022-07-26,54671,59171,-1516.0,4344.0,147784,-4500,Bearish
2022-08-02,49220,48246,-5451.0,-10925.0,136267,974,Bullish Reversal
2022-08-09,48864,45985,-356.0,-2261.0,141093,2879,Bullish
2022-08-16,47851,44343,-1013.0,-1642.0,144314,3508,Bullish
2022-08-23,49151,53651,1300.0,9308.0,144357,-4500,Bearish
2022-08-30,49468,57739,317.0,4088.0,138714,-8271,Bearish Reversal
2022-09-06,51714,64498,2246.0,6759.0,138300,-12784,Bearish Reversal
2022-09-13,53373,58013,1659.0,-6485.0,135530,-4640,Bullish Reversal
2022-09-20,52323,53963,-1050.0,-4050.0,132107,-1640,Bullish Reversal
2022-09-27,49984,49226,-2339.0,-4737.0,129000,758,Bullish Reversal
2022-10-04,51926,43218,1942.0,-6008.0,129524,8708,Bullish
2022-10-11,47939,40550,-3987.0,-2668.0,125623,7389,Bearish Reversal
2022-10-18,51541,50274,3602.0,9724.0,136055,1267,Bearish
2022-10-25,51163,51264,-378.0,990.0,139085,-101,Bearish
2022-11-01,51286,49762,123.0,-1502.0,138875,1524,Bullish Reversal
2022-11-08,53651,40648,2365.0,-9114.0,140437,13003,Bullish
2022-11-15,52692,35085,-959.0,-5563.0,141623,17607,Bullish
2022-11-22,50540,33774,-2152.0,-1311.0,128907,16766,Bearish Reversal
2022-11-29,48441,30958,-2099.0,-2816.0,121258,17483,Bullish Reversal
2022-12-06,48954,29746,513.0,-1212.0,122558,19208,Bullish
2022-12-13,51405,28586,2451.0,-1160.0,125555,22819,Bullish
2022-12-20,56164,26402,4759.0,-2184.0,129278,29762,Bullish
2022-12-27,55870,24843,-294.0,-1559.0,128467,31027,Bullish Reversal
2023-01-03,57801,26867,1931.0,2024.0,131990,30934,Bearish
2023-01-10,56770,27757,-1031.0,890.0,129961,29013,Bearish Reversal
2023-01-17,57439,25971,669.0,-1786.0,131862,31468,Bullish
2023-01-24,55595,29911,-1844.0,3940.0,134922,25684,Bearish
2023-01-31,54867,27551,-728.0,-2360.0,138263,27316,Bullish
2023-02-07,48121,34590,-6746.0,7039.0,133601,13531,Bearish Reversal
2023-02-14,46028,34522,-2093.0,-68.0,132132,11506,Bearish Reversal
2023-02-21,44985,35083,-1043.0,561.0,123906,9902,Bearish Reversal
2023-02-28,44202,44256,-783.0,9173.0,123900,-54,Bearish Reversal
2023-03-07,42903,50685,-1299.0,6429.0,127503,-7782,Bearish
2023-03-14,42227,43446,-676.0,-7239.0,121772,-1219,Bullish Reversal
2023-03-21,41325,37863,-902.0,-5583.0,119082,3462,Bullish Reversal
2023-03-28,42254,28893,929.0,-8970.0,117395,13361,Bullish Reversal
2023-04-04,50327,29044,8073.0,151.0,131210,21283,Bullish
2023-04-11,55583,31865,5256.0,2821.0,142699,23718,Bullish
2023-04-18,62968,36373,7385.0,4508.0,158371,26595,Bullish
2023-04-25,66145,35542,3177.0,-831.0,149692,30603,Bullish Reversal
2023-05-02,68219,36267,2074.0,725.0,142538,31952,Bullish Reversal
2023-05-09,69166,36806,947.0,539.0,145445,32360,Bullish
2023-05-16,60440,36625,-8726.0,-181.0,140139,23815,Bearish Reversal
2023-05-23,56686,34728,-3754.0,-1897.0,135740,21958,Bearish Reversal
2023-05-30,54837,33713,-1849.0,-1015.0,133619,21124,Bearish Reversal
2023-06-06,53149,31674,-1688.0,-2039.0,137871,21475,Bullish
2023-06-13,55054,31318,1905.0,-356.0,153853,23736,Bullish
2023-06-20,52547,32489,-2507.0,1171.0,152633,20058,Bearish Reversal
2023-06-27,45983,26931,-6564.0,-5558.0,123491,19052,Bearish Reversal
2023-07-03,46433,28443,450.0,1512.0,114421,17990,Bearish Reversal
2023-07-11,51305,31013,4872.0,2570.0,120282,20292,Bullish
2023-07-18,76420,32558,25115.0,1545.0,146863,43862,Bullish
2023-07-25,72786,35861,-3634.0,3303.0,146898,36925,Bearish
2023-08-01,68463,37632,-4323.0,1771.0,144138,30831,Bearish Reversal
2023-08-08,53781,40457,-14682.0,2825.0,137631,13324,Bearish Reversal
2023-08-15,50692,42831,-3089.0,2374.0,138215,7861,Bearish
2023-08-22,52967,40090,2275.0,-2741.0,136680,12877,Bullish Reversal
2023-08-29,61744,34611,8777.0,-5479.0,134993,27133,Bullish Reversal
2023-09-05,57558,30754,-4186.0,-3857.0,128279,26804,Bearish Reversal
2023-09-12,52963,34930,-4595.0,4176.0,125292,18033,Bearish Reversal
2023-09-19,50699,35468,-2264.0,538.0,125749,15231,Bearish
2023-09-26,51539,31434,840.0,-4034.0,126206,20105,Bullish
2023-10-03,51405,36061,-134.0,4627.0,125847,15344,Bearish Reversal
2023-10-10,50337,38038,-1068.0,1977.0,126971,12299,Bearish
2023-10-17,50749,31003,412.0,-7035.0,123640,19746,Bullish Reversal
2023-10-24,51860,27528,1111.0,-3475.0,123980,24332,Bullish
2023-10-31,48025,27814,-3835.0,286.0,126549,20211,Bearish
2023-11-07,47196,28943,-829.0,1129.0,131073,18253,Bearish
2023-11-14,50291,27893,3095.0,-1050.0,134826,22398,Bullish
2023-11-21,53372,25920,3081.0,-1973.0,134333,27452,Bullish Reversal
2023-11-28,62880,28600,9508.0,2680.0,139144,34280,Bullish
2023-12-05,63241,26938,361.0,-1662.0,139753,36303,Bullish
2023-12-12,55684,27226,-7557.0,288.0,134281,28458,Bearish Reversal
2023-12-19,52631,22880,-3053.0,-4346.0,127549,29751,Bullish Reversal
2023-12-26,54559,22696,1928.0,-184.0,131408,31863,Bullish
2024-01-02,57634,25064,3075.0,2368.0,134725,32570,Bullish
2024-01-09,52886,26524,-4748.0,1460.0,131992,26362,Bearish Reversal
2024-01-16,54001,28408,1115.0,1884.0,131956,25593,Bearish Reversal
2024-01-23,53121,35384,-880.0,6976.0,138617,17737,Bearish
2024-01-30,52778,31352,-343.0,-4032.0,136544,21426,Bullish Reversal
2024-02-06,55335,38455,2557.0,7103.0,147333,16880,Bearish
2024-02-13,56785,44360,1450.0,5905.0,152544,12425,Bearish
2024-02-20,57582,35205,797.0,-9155.0,146584,22377,Bullish Reversal
2024-02-27,54546,40047,-3036.0,4842.0,144382,14499,Bearish Reversal
2024-03-05,58885,30570,4339.0,-9477.0,141026,28315,Bullish Reversal
2024-03-12,67094,26116,8209.0,-4454.0,144534,40978,Bullish
2024-03-19,77632,25197,10538.0,-919.0,153154,52435,Bullish
2024-03-26,80721,29885,3089.0,4688.0,160327,50836,Bearish
2024-04-02,83565,30418,2844.0,533.0,166823,53147,Bullish
2024-04-09,84826,31614,1261.0,1196.0,174397,53212,Bullish
2024-04-16,82415,29056,-2411.0,-2558.0,175784,53359,Bullish
2024-04-23,86178,26838,3763.0,-2218.0,175740,59340,Bullish Reversal
2024-04-30,83094,28600,-3084.0,1762.0,166315,54494,Bearish Reversal
2024-05-07,81650,27998,-1444.0,-602.0,161868,53652,Bearish Reversal
2024-05-14,87936,28475,6286.0,477.0,171371,59461,Bullish
2024-05-21,94141,34497,6205.0,6022.0,186945,59644,Bullish
2024-05-28,91730,34547,-2411.0,50.0,184846,57183,Bearish Reversal
2024-06-04,88604,32201,-3126.0,-2346.0,179854,56403,Bearish Reversal
2024-06-11,84193,32501,-4411.0,300.0,176036,51692,Bearish Reversal
2024-06-18,81859,29958,-2334.0,-2543.0,176605,51901,Bullish
2024-06-25,81366,25388,-493.0,-4570.0,166470,55978,Bullish Reversal
2024-07-02,79771,23937,-1595.0,-1451.0,154724,55834,Bearish Reversal
2024-07-09,84351,23295,4580.0,-642.0,163245,61056,Bullish
2024-07-16,85005,24840,654.0,1545.0,166641,60165,Bearish
2024-07-23,75473,24093,-9532.0,-747.0,157106,51380,Bearish Reversal
2024-07-30,67416,18355,-8057.0,-5738.0,151437,49061,Bearish Reversal
2024-08-06,64574,15493,-2842.0,-2862.0,147537,49081,Bullish Reversal
2024-08-13,61458,16169,-3116.0,676.0,147859,45289,Bearish
2024-08-20,63930,14606,2472.0,-1563.0,146986,49324,Bullish Reversal
2024-08-27,65715,13529,1785.0,-1077.0,141613,52186,Bullish Reversal
2024-09-03,64099,18040,-1616.0,4511.0,130928,46059,Bearish Reversal
2024-09-10,61649,16907,-2450.0,-1133.0,128959,44742,Bearish Reversal
2024-09-17,74978,16680,13329.0,-227.0,140605,58298,Bullish
2024-09-24,81029,18831,6051.0,2151.0,150071,62198,Bullish
2024-10-01,75588,18664,-5441.0,-167.0,144757,56924,Bearish Reversal
2024-10-08,72113,17398,-3475.0,-1266.0,142839,54715,Bearish Reversal
2024-10-15,70024,15992,-2089.0,-1406.0,141898,54032,Bearish Reversal
2024-10-22,82139,15784,12115.0,-208.0,157264,66355,Bullish
2024-10-29,79649,19218,-2490.0,3434.0,156320,60431,Bearish Reversal
2024-11-05,73980,20634,-5669.0,1416.0,151126,53346,Bearish Reversal
2024-11-12,68951,21309,-5029.0,675.0,147526,47642,Bearish Reversal
2024-11-19,65939,19616,-3012.0,-1693.0,141287,46323,Bearish Reversal
2024-11-26,63076,20293,-2863.0,677.0,134590,42783,Bearish Reversal
2024-12-03,64285,21025,1209.0,732.0,134074,43260,Bullish Reversal
2024-12-10,72515,31350,8230.0,10325.0,151096,41165,Bearish
2024-12-17,68183,27919,-4332.0,-3431.0,146938,40264,Bearish Reversal
2024-12-24,67851,27688,-332.0,-231.0,145618,40163,Bearish Reversal
2024-12-31,67007,29118,-844.0,1430.0,151013,37889,Bearish
2025-01-07,68892,27944,1885.0,-1174.0,151590,40948,Bullish
2025-01-14,71511,25431,2619.0,-2513.0,150364,46080,Bullish Reversal
2025-01-21,75660,28180,4149.0,2749.0,159899,47480,Bullish
2025-01-28,74656,30288,-1004.0,2108.0,165135,44368,Bearish
2025-02-04,83120,32759,8464.0,2471.0,170726,50361,Bullish
2025-02-11,79112,29402,-4008.0,-3357.0,164251,49710,Bearish Reversal
2025-02-18,84814,30360,5702.0,958.0,170107,54454,Bullish
2025-02-25,78469,25607,-6345.0,-4753.0,163681,52862,Bearish Reversal
2025-03-04,73315,19999,-5154.0,-5608.0,145935,53316,Bullish Reversal
2025-03-11,79965,20439,6650.0,440.0,155263,59526,Bullish
2025-03-18,87601,25303,7636.0,4864.0,170566,62298,Bullish
2025-03-25,85712,24762,-1889.0,-541.0,169628,60950,Bearish Reversal
2025-04-01,85609,28351,-103.0,3589.0,170197,57258,Bearish
2025-04-08,68426,21910,-17183.0,-6441.0,154289,46516,Bearish Reversal
2025-04-15,65068,21119,-3358.0,-791.0,144400,43949,Bearish Reversal
2025-04-22,64693,19967,-375.0,-1152.0,146923,44726,Bullish
2025-04-29,70299,20356,5606.0,389.0,152669,49943,Bullish
2025-05-06,70335,21083,36.0,727.0,140261,49252,Bearish Reversal
2025-05-13,67944,20190,-2391.0,-893.0,138262,47754,Bearish Reversal
2025-05-20,70891,20849,2947.0,659.0,141451,50042,Bullish
2025-05-27,73240,20228,2349.0,-621.0,147555,53012,Bullish
2025-06-03,81981,21211,8741.0,983.0,163347,60770,Bullish
2025-06-10,85192,18542,3211.0,-2669.0,174281,66650,Bullish
2025-06-17,88994,21820,3802.0,3278.0,184831,67174,Bullish
2025-06-24,84491,21544,-4503.0,-276.0,174613,62947,Bearish Reversal
2025-07-01,82747,19347,-1744.0,-2197.0,163567,63400,Bullish Reversal
2025-07-08,80779,22258,-1968.0,2911.0,162803,58521,Bearish Reversal
2025-07-15,85022,25574,4243.0,3316.0,171474,59448,Bullish
2025-07-22,85678,25058,656.0,-516.0,173679,60620,Bullish
2025-07-29,80493,21086,-5185.0,-3972.0,170329,59407,Bearish Reversal
2025-08-05,71234,20576,-9259.0,-510.0,161262,50658,Bearish Reversal
2025-08-12,66252,21984,-4982.0,1408.0,156432,44268,Bearish Reversal
2025-08-19,68102,21553,1850.0,-431.0,158477,46549,Bullish
2025-08-26,68227,21761,125.0,208.0,158630,46466,Bearish
2025-09-02,74466,18543,6239.0,-3218.0,158368,55923,Bullish Reversal
2025-09-09,72450,18513,-2016.0,-30.0,156703,53937,Bearish Reversal
2025-09-16,71623,20085,-827.0,1572.0,162954,51538,Bearish
2025-09-23,72318,20042,695.0,-43.0,165805,52276,Bullish
2025-09-30,70062,20323,-2256.0,281.0,163837,49739,Bearish Reversal
2025-10-07,67668,21451,-2394.0,1128.0,166474,46217,Bearish
2025-10-14,67041,23860,-627.0,2409.0,172415,43181,Bearish
2025-10-21,60904,23645,-6137.0,-215.0,169418,37259,Bearish Reversal
2025-10-28,55959,18840,-4945.0,-4805.0,158187,37119,Bearish Reversal
2025-11-04,54166,20945,-1793.0,2105.0,155257,33221,Bearish Reversal
2025-11-10,55038,22052,872.0,1107.0,159649,32986,Bearish
2025-11-18,54535,20519,-503.0,-1533.0,153295,34016,Bullish Reversal
2025-11-25,52002,19814,-2533.0,-705.0,144541,32188,Bearish Reversal
2025-12-02,59575,21056,7573.0,1242.0,150832,38519,Bullish
2025-12-09,65958,21249,6383.0,193.0,154762,44709,Bullish
2025-12-16,56034,19682,-9924.0,-1567.0,152921,36352,Bearish Reversal
2025-12-23,55243,19359,-791.0,-323.0,155710,35884,Bearish
2025-12-30,50506,20443,-4737.0,1084.0,157391,30063,Bearish
2026-01-06,47384,18113,-3122.0,-2330.0,153240,29271,Bearish Reversal
2026-01-13,47337,15277,-47.0,-2836.0,151513,32060,Bullish Reversal
2026-01-20,42965,17751,-4372.0,2474.0,152020,25214,Bearish
2026-01-27,43475,19772,510.0,2021.0,156637,23703,Bearish
2026-02-03,38883,13006,-4592.0,-6766.0,143180,25877,Bullish Reversal
2026-02-10,36660,13705,-2223.0,699.0,133641,22955,Bearish Reversal
2026-02-17,36626,12623,-34.0,-1082.0,131496,24003,Bullish Reversal
2026-02-24,32500,10240,-4126.0,-2383.0,125454,22260,Bearish Reversal
2026-03-03,34226,10888,1726.0,648.0,113326,23338,Bullish Reversal
2026-03-10,33306,8728,-920.0,-2160.0,115458,24578,Bullish
2026-03-17,31125,9244,-2181.0,516.0,114758,21881,Bearish Reversal
2026-03-24,33938,9265,2813.0,21.0,113164,24673,Bullish Reversal
2026-03-31,33463,9559,-475.0,294.0,115169,23904,Bearish
2026-04-07,32810,9393,-653.0,-166.0,115138,23417,Bearish Reversal
2026-04-14,32391,8829,-419.0,-564.0,116983,23562,Bullish
2026-04-21,33233,9513,842.0,684.0,115462,23720,Bullish Reversal
2026-04-28,31314,7154,-1919.0,-2359.0,101275,24160,Bullish Reversal
2026-05-05,32965,9073,1651.0,1919.0,96932,23892,Bearish Reversal
2026-05-12,36569,10458,3604.0,1385.0,103800,26111,Bullish
2026-05-19,34591,9920,-1978.0,-538.0,100751,24671,Bearish Reversal
2026-05-26,32758,10535,-1833.0,615.0,101744,22223,Bearish
2026-06-02,33933,10007,1175.0,-528.0,102809,23926,Bullish
2026-06-09,32487,10273,-1446.0,266.0,103440,22214,Bearish
2026-06-16,35611,11067,3124.0,794.0,107721,24544,Bullish
2026-06-23,35139,11388,-472.0,321.0,108944,23751,Bearish
2026-06-30,37805,10437,2666.0,-951.0,108964,27368,Bullish
2026-07-07,39446,11431,1641.0,994.0,104859,28015,Bullish Reversal
2026-07-14,36246,11172,-3200.0,-259.0,105023,25074,Bearish
2026-07-21,36741,13276,495.0,2104.0,106410,23465,Bearish
2026-07-28,35314,13097,-1427.0,-179.0,106719,22217,Bearish
2026-08-04,36454,14174,1140.0,1077.0,111999,22280,Bullish
2026-08-11,39275,15629,2821.0,1455.0,115127,23646,Bullish
2026-08-18,38353,14728,-922.0,-901.0,120117,23625,Bearish
2026-08-25,37871,12610,-482.0,-2118.0,113801,25261,Bullish Reversal
2026-09-01,35403,8664,-2468.0,-3946.0,104362,26739,Bullish Reversal
2026-09-08,36245,10196,842.0,1532.0,103250,26049,Bearish Reversal
2026-09-15,35395,10069,-850.0,-127.0,103745,25326,Bearish
2026-09-22,34701,9257,-694.0,-812.0,106474,25444,Bullish
