As of Date in Form YYYY-MM-DD,Noncommercial Positions-Long (All),Noncommercial Positions-Short (All),Change in Noncommercial-Long (All),Change in Noncommercial-Short (All),Open Interest (All),Net Positions,Interpretation
1986-01-15,8461,1316,,,25278,7145,No signal
1986-01-31,11679,1975,3218.0,659.0,29412,9704,Bullish
1986-02-14,11444,2044,-235.0,69.0,33894,9400,Bearish
1986-02-28,10931,6459,-513.0,4415.0,39151,4472,Bearish
1986-03-14,8159,2063,-2772.0,-4396.0,31902,6096,Bullish Reversal
1986-03-31,7741,4009,-418.0,1946.0,28521,3732,Bearish Reversal
1986-04-15,5104,5268,-2637.0,1259.0,28886,-164,Bearish
1986-04-30,12412,4465,7308.0,-803.0,34855,7947,Bullish
1986-05-15,10454,6448,-1958.0,1983.0,34137,4006,Bearish Reversal
1986-05-30,3248,7550,-7206.0,1102.0,30766,-4302,Bearish Reversal
1986-06-13,5406,2981,2158.0,-4569.0,28002,2425,Bullish Reversal
1986-06-30,12068,3463,6662.0,482.0,32254,8605,Bullish
1986-07-15,10081,2638,-1987.0,-825.0,32598,7443,Bearish
1986-07-31,12719,1009,2638.0,-1629.0,35466,11710,Bullish
1986-08-15,10118,3155,-2601.0,2146.0,36666,6963,Bearish
1986-08-29,7604,9845,-2514.0,6690.0,44717,-2241,Bearish
1986-09-15,6970,3972,-634.0,-5873.0,36557,2998,Bullish Reversal
1986-09-30,8975,3439,2005.0,-533.0,26619,5536,Bullish Reversal
1986-10-15,14599,4222,5624.0,783.0,33920,10377,Bullish
1986-10-31,4697,8971,-9902.0,4749.0,32621,-4274,Bearish Reversal
1986-11-14,4099,3116,-598.0,-5855.0,33294,983,Bullish
1986-11-28,4507,2964,408.0,-152.0,34495,1543,Bullish
1986-12-15,5274,4838,767.0,1874.0,29054,436,Bearish Reversal
1986-12-31,6487,4235,1213.0,-603.0,23138,2252,Bullish Reversal
1987-01-15,8914,5204,2427.0,969.0,31252,3710,Bullish
1987-01-30,8174,5950,-740.0,746.0,33581,2224,Bearish
1987-02-13,6516,9896,-1658.0,3946.0,34833,-3380,Bearish
1987-02-27,7372,8874,856.0,-1022.0,36210,-1502,Bullish
1987-03-13,5130,7901,-2242.0,-973.0,31397,-2771,Bearish Reversal
1987-03-31,7277,8286,2147.0,385.0,29102,-1009,Bullish Reversal
1987-04-15,6391,5998,-886.0,-2288.0,31042,393,Bullish
1987-04-30,6116,5925,-275.0,-73.0,31854,191,Bearish
1987-05-15,8789,5069,2673.0,-856.0,34132,3720,Bullish
1987-05-29,7134,4526,-1655.0,-543.0,33551,2608,Bearish Reversal
1987-06-15,6505,4498,-629.0,-28.0,31521,2007,Bearish Reversal
1987-06-30,4894,5631,-1611.0,1133.0,24351,-737,Bearish Reversal
1987-07-15,3874,5041,-1020.0,-590.0,27142,-1167,Bearish
1987-07-31,6932,5488,3058.0,447.0,29387,1444,Bullish
1987-08-14,5112,6499,-1820.0,1011.0,31829,-1387,Bearish
1987-08-31,6663,3683,1551.0,-2816.0,31898,2980,Bullish
1987-09-15,3806,3445,-2857.0,-238.0,20326,361,Bearish Reversal
1987-09-30,3570,5227,-236.0,1782.0,23328,-1657,Bearish
1987-10-15,5659,1445,2089.0,-3782.0,24020,4214,Bullish
1987-10-30,5759,1745,100.0,300.0,29809,4014,Bearish
1987-11-13,6837,4132,1078.0,2387.0,34579,2705,Bearish
1987-11-30,6900,1359,63.0,-2773.0,40772,5541,Bullish
1987-12-15,5144,769,-1756.0,-590.0,20484,4375,Bearish Reversal
1987-12-31,4528,2958,-616.0,2189.0,24298,1570,Bearish
1988-01-15,5797,2434,1269.0,-524.0,25218,3363,Bullish
1988-01-29,4516,2925,-1281.0,491.0,28279,1591,Bearish
1988-02-12,4285,4073,-231.0,1148.0,32857,212,Bearish
1988-02-29,6183,3898,1898.0,-175.0,32494,2285,Bullish Reversal
1988-03-15,6061,2509,-122.0,-1389.0,19690,3552,Bullish Reversal
1988-03-31,6441,1776,380.0,-733.0,24835,4665,Bullish
1988-04-15,6080,2867,-361.0,1091.0,27477,3213,Bearish
1988-04-29,4058,4273,-2022.0,1406.0,27511,-215,Bearish
1988-05-13,5182,7103,1124.0,2830.0,34875,-1921,Bearish
1988-05-31,4270,10109,-912.0,3006.0,41433,-5839,Bearish
1988-06-15,4549,7840,279.0,-2269.0,27045,-3291,Bullish Reversal
1988-06-30,5384,4468,835.0,-3372.0,25519,916,Bullish Reversal
1988-07-15,6252,5498,868.0,1030.0,31989,754,Bearish
1988-07-29,3460,3349,-2792.0,-2149.0,29120,111,Bearish Reversal
1988-08-15,5111,2918,1651.0,-431.0,33668,2193,Bullish
1988-08-31,5647,2446,536.0,-472.0,35500,3201,Bullish
1988-09-15,3439,3301,-2208.0,855.0,37358,138,Bearish
1988-09-30,3940,4342,501.0,1041.0,20240,-402,Bearish Reversal
1988-10-14,6850,1875,2910.0,-2467.0,25886,4975,Bullish
1988-10-31,10438,633,3588.0,-1242.0,34238,9805,Bullish
1988-11-15,10839,1623,401.0,990.0,36751,9216,Bearish
1988-11-30,11514,1661,675.0,38.0,37544,9853,Bullish
1988-12-15,7021,5729,-4493.0,4068.0,34907,1292,Bearish Reversal
1988-12-30,5756,4396,-1265.0,-1333.0,21478,1360,Bullish Reversal
1989-01-13,4383,6322,-1373.0,1926.0,27648,-1939,Bearish
1989-01-31,3612,12424,-771.0,6102.0,30853,-8812,Bearish
1989-02-15,6593,4986,2981.0,-7438.0,30209,1607,Bullish Reversal
1989-02-28,5474,3982,-1119.0,-1004.0,31709,1492,Bearish
1989-03-15,2902,10017,-2572.0,6035.0,30339,-7115,Bearish Reversal
1989-03-31,5796,14133,2894.0,4116.0,36992,-8337,Bearish
1989-04-14,8631,9864,2835.0,-4269.0,34669,-1233,Bullish Reversal
1989-04-28,4020,9172,-4611.0,-692.0,34448,-5152,Bearish Reversal
1989-05-15,6868,12904,2848.0,3732.0,43909,-6036,Bearish
1989-05-31,8264,5644,1396.0,-7260.0,43712,2620,Bullish Reversal
1989-06-15,9046,3726,782.0,-1918.0,43880,5320,Bullish
1989-06-30,9325,3860,279.0,134.0,26467,5465,Bullish Reversal
1989-07-14,9765,5900,440.0,2040.0,37038,3865,Bearish
1989-07-31,13819,3955,4054.0,-1945.0,39847,9864,Bullish
1989-08-15,8245,5759,-5574.0,1804.0,39648,2486,Bearish Reversal
1989-08-31,7245,11381,-1000.0,5622.0,45426,-4136,Bearish
1989-09-15,4301,13360,-2944.0,1979.0,48996,-9059,Bearish
1989-09-29,6553,6405,2252.0,-6955.0,29473,148,Bullish Reversal
1989-10-13,3087,5189,-3466.0,-1216.0,26436,-2102,Bearish Reversal
1989-10-31,9777,6472,6690.0,1283.0,39110,3305,Bullish
1989-11-15,6366,6816,-3411.0,344.0,37475,-450,Bearish Reversal
1989-11-30,13973,4493,7607.0,-2323.0,50125,9480,Bullish
1989-12-15,18165,1749,4192.0,-2744.0,60577,16416,Bullish
1989-12-29,12024,1273,-6141.0,-476.0,32418,10751,Bearish Reversal
1990-01-15,11809,937,-215.0,-336.0,36729,10872,Bullish
1990-01-31,11669,1795,-140.0,858.0,39066,9874,Bearish
1990-02-15,9248,4538,-2421.0,2743.0,38443,4710,Bearish Reversal
1990-02-28,9282,6122,34.0,1584.0,41188,3160,Bearish
1990-03-15,4141,5420,-5141.0,-702.0,36254,-1279,Bearish Reversal
1990-03-30,5299,6593,1158.0,1173.0,32693,-1294,Bearish Reversal
1990-04-12,11137,3589,5838.0,-3004.0,32616,7548,Bullish Reversal
1990-04-30,15236,5015,4099.0,1426.0,42625,10221,Bullish
1990-05-15,20690,6194,5454.0,1179.0,48503,14496,Bullish
1990-05-31,9518,9352,-11172.0,3158.0,44028,166,Bearish Reversal
1990-06-15,9740,6390,222.0,-2962.0,47049,3350,Bullish
1990-06-29,10107,6121,367.0,-269.0,38348,3986,Bullish Reversal
1990-07-13,15696,4654,5589.0,-1467.0,40495,11042,Bullish
1990-07-31,12461,5444,-3235.0,790.0,40607,7017,Bearish
1990-08-15,18366,7027,5905.0,1583.0,51520,11339,Bullish
1990-08-31,9899,5759,-8467.0,-1268.0,45276,4140,Bearish Reversal
1990-09-14,8295,6054,-1604.0,295.0,49826,2241,Bearish
1990-09-28,10330,8403,2035.0,2349.0,30855,1927,Bearish Reversal
1990-10-15,8917,6042,-1413.0,-2361.0,36470,2875,Bullish
1990-10-31,9112,9489,195.0,3447.0,41346,-377,Bearish
1990-11-15,12351,8189,3239.0,-1300.0,44835,4162,Bullish
1990-11-30,6629,7506,-5722.0,-683.0,39289,-877,Bearish Reversal
1990-12-14,3237,7278,-3392.0,-228.0,40928,-4041,Bearish
1990-12-31,750,14485,-2487.0,7207.0,33971,-13735,Bearish Reversal
1991-01-15,2072,10342,1322.0,-4143.0,29728,-8270,Bullish Reversal
1991-01-31,3358,9105,1286.0,-1237.0,31707,-5747,Bullish
1991-02-15,5136,11954,1778.0,2849.0,36166,-6818,Bearish
1991-02-28,960,15019,-4176.0,3065.0,44541,-14059,Bearish
1991-03-15,610,17150,-350.0,2131.0,62497,-16540,Bearish
1991-03-28,1618,16388,1008.0,-762.0,38107,-14770,Bullish Reversal
1991-04-15,2565,13939,947.0,-2449.0,39547,-11374,Bullish
1991-04-30,2691,12161,126.0,-1778.0,42202,-9470,Bullish
1991-05-15,4551,7164,1860.0,-4997.0,41125,-2613,Bullish Reversal
1991-05-31,1403,9381,-3148.0,2217.0,39118,-7978,Bearish Reversal
1991-06-14,750,11316,-653.0,1935.0,53863,-10566,Bearish
1991-06-28,2530,12130,1780.0,814.0,34897,-9600,Bullish Reversal
1991-07-15,2571,11298,41.0,-832.0,37329,-8727,Bullish
1991-07-31,3174,6199,603.0,-5099.0,33225,-3025,Bullish Reversal
1991-08-15,3912,5330,738.0,-869.0,35510,-1418,Bullish
1991-08-30,1246,7408,-2666.0,2078.0,34775,-6162,Bearish Reversal
1991-09-16,5189,3034,3943.0,-4374.0,33486,2155,Bullish Reversal
1991-09-30,5832,3598,643.0,564.0,24001,2234,Bullish Reversal
1991-10-15,4081,3068,-1751.0,-530.0,24703,1013,Bearish
1991-10-31,3489,2560,-592.0,-508.0,24351,929,Bearish Reversal
1991-11-15,10272,3094,6783.0,534.0,32449,7178,Bullish
1991-11-29,9853,3360,-419.0,266.0,31745,6493,Bearish Reversal
1991-12-13,9094,1553,-759.0,-1807.0,38290,7541,Bullish
1991-12-31,8579,2572,-515.0,1019.0,26301,6007,Bearish Reversal
1992-01-15,4046,1157,-4533.0,-1415.0,22579,2889,Bearish Reversal
1992-01-31,3037,6479,-1009.0,5322.0,27779,-3442,Bearish
1992-02-14,1559,8119,-1478.0,1640.0,34455,-6560,Bearish
1992-02-28,1136,10823,-423.0,2704.0,40410,-9687,Bearish
1992-03-13,319,10272,-817.0,-551.0,57963,-9953,Bearish
1992-03-31,798,8026,479.0,-2246.0,31370,-7228,Bullish Reversal
1992-04-15,246,11461,-552.0,3435.0,38541,-11215,Bearish
1992-04-30,866,8395,,,37659,-7529,No signal
1992-05-15,3762,4270,2896.0,-4125.0,38418,-508,Bullish
1992-05-29,5173,2496,1411.0,-1774.0,39507,2677,Bullish
1992-06-15,7239,1468,2066.0,-1028.0,42315,5771,Bullish
1992-06-30,11061,702,3822.0,-766.0,30879,10359,Bullish Reversal
1992-07-15,9821,920,-1240.0,218.0,29534,8901,Bearish Reversal
1992-07-31,6319,3819,-3502.0,2899.0,31667,2500,Bearish
1992-08-14,7615,2372,1296.0,-1447.0,33352,5243,Bullish
1992-08-31,8796,3601,1181.0,1229.0,39307,5195,Bearish
1992-09-15,6666,2217,-2130.0,-1384.0,35061,4449,Bearish Reversal
1992-09-30,6530,6490,-136.0,4273.0,29557,40,Bearish Reversal
1992-10-06,7287,7359,757.0,869.0,32311,-72,Bearish
1992-10-13,6725,13029,-562.0,5670.0,32660,-6304,Bearish
1992-10-20,2377,15033,-4348.0,2004.0,39292,-12656,Bearish
1992-10-27,902,10150,-1475.0,-4883.0,36367,-9248,Bullish Reversal
1992-11-03,1767,11015,865.0,865.0,38934,-9248,No signal
1992-11-10,2270,11486,503.0,471.0,44031,-9216,Bullish
1992-11-17,2016,13032,-254.0,1546.0,46606,-11016,Bearish
1992-11-24,3170,14523,1154.0,1491.0,48957,-11353,Bearish
1992-12-01,2744,14208,-426.0,-315.0,46638,-11464,Bearish Reversal
1992-12-08,853,12347,-1891.0,-1861.0,49058,-11494,Bearish
1992-12-15,2238,12914,1385.0,567.0,50400,-10676,Bullish
1992-12-22,3410,14726,1172.0,1812.0,36979,-11316,Bearish Reversal
1992-12-29,3978,20627,568.0,5901.0,48548,-16649,Bearish
1993-01-05,4563,21693,585.0,1066.0,51762,-17130,Bearish
1993-01-12,3260,25864,-1303.0,4171.0,58287,-22604,Bearish
1993-01-19,2912,21422,-348.0,-4442.0,53749,-18510,Bullish Reversal
1993-01-26,1757,14470,-1155.0,-6952.0,45076,-12713,Bullish Reversal
1993-02-02,2374,19101,617.0,4631.0,53145,-16727,Bearish
1993-02-09,1879,15013,-495.0,-4088.0,48683,-13134,Bullish Reversal
1993-02-16,2262,15972,383.0,959.0,48845,-13710,Bearish
1993-02-23,4393,14904,2131.0,-1068.0,47688,-10511,Bullish Reversal
1993-03-02,2136,16567,-2257.0,1663.0,49032,-14431,Bearish
1993-03-09,2553,15532,417.0,-1035.0,57029,-12979,Bullish
1993-03-16,3226,10612,673.0,-4920.0,54804,-7386,Bullish Reversal
1993-03-23,1914,14678,-1312.0,4066.0,43556,-12764,Bearish Reversal
1993-03-30,2652,14130,738.0,-548.0,42624,-11478,Bullish Reversal
1993-04-06,3056,8083,404.0,-6047.0,38232,-5027,Bullish Reversal
1993-04-13,7744,4721,4688.0,-3362.0,43856,3023,Bullish
1993-04-20,7382,5750,-362.0,1029.0,44043,1632,Bearish
1993-04-27,10845,6008,3463.0,258.0,47873,4837,Bullish
1993-05-04,11090,2060,245.0,-3948.0,49940,9030,Bullish
1993-05-11,7113,2237,-3977.0,177.0,45076,4876,Bearish Reversal
1993-05-18,3182,2823,-3931.0,586.0,46199,359,Bearish
1993-05-25,4788,2387,1606.0,-436.0,46509,2401,Bullish
1993-06-01,6938,2848,2150.0,461.0,51931,4090,Bullish
1993-06-08,3595,2763,-3343.0,-85.0,51248,832,Bearish Reversal
1993-06-15,3907,5002,312.0,2239.0,48267,-1095,Bearish Reversal
1993-06-22,3146,10974,-761.0,5972.0,36595,-7828,Bearish Reversal
1993-06-29,1890,10570,-1256.0,-404.0,34494,-8680,Bearish Reversal
1993-07-06,2546,10678,656.0,108.0,36466,-8132,Bullish
1993-07-13,725,14038,-1821.0,3360.0,42581,-13313,Bearish
1993-07-20,850,9189,125.0,-4849.0,39824,-8339,Bullish Reversal
1993-07-27,822,11517,-28.0,2328.0,42385,-10695,Bearish
1993-08-03,1611,8609,789.0,-2908.0,42625,-6998,Bullish
1993-08-10,884,10269,-727.0,1660.0,42524,-9385,Bearish Reversal
1993-08-17,1328,10671,444.0,402.0,45718,-9343,Bullish
1993-08-24,5159,5075,3831.0,-5596.0,43481,84,Bullish Reversal
1993-08-31,7811,4887,2652.0,-188.0,45524,2924,Bullish
1993-09-07,17389,3817,9578.0,-1070.0,67712,13572,Bullish
1993-09-14,27632,5186,10243.0,1369.0,77997,22446,Bullish
1993-09-21,26831,3572,-801.0,-1614.0,54095,23259,Bullish Reversal
1993-09-28,27160,2795,329.0,-777.0,53515,24365,Bullish Reversal
1993-10-05,27383,2612,223.0,-183.0,52744,24771,Bullish Reversal
1993-10-12,32713,3152,5330.0,540.0,62395,29561,Bullish
1993-10-19,18596,4389,-14117.0,1237.0,50200,14207,Bearish Reversal
1993-10-26,3342,4550,-15254.0,161.0,38619,-1208,Bearish Reversal
1993-11-02,2461,15629,-881.0,11079.0,50833,-13168,Bearish
1993-11-09,2403,15737,-58.0,108.0,53068,-13334,Bearish
1993-11-16,2170,28623,-233.0,12886.0,63853,-26453,Bearish
1993-11-23,3720,26092,1550.0,-2531.0,62440,-22372,Bullish Reversal
1993-11-30,2631,21085,-1089.0,-5007.0,60306,-18454,Bullish Reversal
1993-12-07,3955,7866,1324.0,-13219.0,55905,-3911,Bullish Reversal
1993-12-14,4511,7851,556.0,-15.0,57749,-3340,Bullish
1993-12-21,9111,8296,4600.0,445.0,36597,815,Bullish Reversal
1993-12-28,21824,7636,12713.0,-660.0,51615,14188,Bullish
1994-01-04,18824,9384,-3000.0,1748.0,45960,9440,Bearish Reversal
1994-01-11,19198,9604,374.0,220.0,47632,9594,Bullish
1994-01-18,5351,7281,-13847.0,-2323.0,37906,-1930,Bearish Reversal
1994-01-25,2709,8450,-2642.0,1169.0,39015,-5741,Bearish
1994-02-01,7529,7102,4820.0,-1348.0,42329,427,Bullish
1994-02-08,13932,9287,6403.0,2185.0,51197,4645,Bullish
1994-02-15,5969,4754,-7963.0,-4533.0,41673,1215,Bearish Reversal
1994-02-22,8273,4672,2304.0,-82.0,42850,3601,Bullish
1994-03-01,12666,7257,4393.0,2585.0,52460,5409,Bullish
1994-03-08,10035,4700,-2631.0,-2557.0,53479,5335,Bearish
1994-03-15,9927,5449,-108.0,749.0,53323,4478,Bearish Reversal
1994-03-22,11378,6009,1451.0,560.0,33164,5369,Bullish Reversal
1994-03-29,12703,6838,1325.0,829.0,36078,5865,Bullish
1994-04-05,9651,8268,-3052.0,1430.0,34614,1383,Bearish Reversal
1994-04-12,7104,6733,-2547.0,-1535.0,34996,371,Bearish
1994-04-19,6039,11619,-1065.0,4886.0,40579,-5580,Bearish
1994-04-26,8897,9291,2858.0,-2328.0,39486,-394,Bullish Reversal
1994-05-03,16839,4522,7942.0,-4769.0,42704,12317,Bullish
1994-05-10,11082,4842,-5757.0,320.0,38163,6240,Bearish Reversal
1994-05-17,12624,4082,1542.0,-760.0,39475,8542,Bullish
1994-05-24,12616,4764,-8.0,682.0,44280,7852,Bearish
1994-05-31,13175,4697,559.0,-67.0,47435,8478,Bullish
1994-06-07,10324,4351,-2851.0,-346.0,47643,5973,Bearish
1994-06-14,18297,2839,7973.0,-1512.0,55025,15458,Bullish
1994-06-21,23385,2311,5088.0,-528.0,49148,21074,Bullish Reversal
1994-06-28,23916,3067,531.0,756.0,51837,20849,Bearish
1994-07-05,23217,1583,-699.0,-1484.0,49622,21634,Bullish Reversal
1994-07-12,21423,921,-1794.0,-662.0,48176,20502,Bearish Reversal
1994-07-19,18295,3401,-3128.0,2480.0,44560,14894,Bearish Reversal
1994-07-26,12911,1427,-5384.0,-1974.0,38445,11484,Bearish Reversal
1994-08-02,13238,1284,327.0,-143.0,40035,11954,Bullish
1994-08-09,15910,805,2672.0,-479.0,41060,15105,Bullish
1994-08-16,19746,707,3836.0,-98.0,47245,19039,Bullish
1994-08-23,20953,588,1207.0,-119.0,46475,20365,Bullish Reversal
1994-08-30,12030,2228,-8923.0,1640.0,42930,9802,Bearish Reversal
1994-09-06,14985,588,2955.0,-1640.0,45660,14397,Bullish
1994-09-13,15309,1679,324.0,1091.0,54183,13630,Bearish
1994-09-20,14139,853,-1170.0,-826.0,50723,13286,Bearish Reversal
1994-09-27,13605,1455,-534.0,602.0,36750,12150,Bearish Reversal
1994-10-04,11462,2249,-2143.0,794.0,34270,9213,Bearish Reversal
1994-10-11,11202,2122,-260.0,-127.0,35412,9080,Bearish
1994-10-18,17105,1255,5903.0,-867.0,43199,15850,Bullish
1994-10-25,16267,1972,-838.0,717.0,42328,14295,Bearish Reversal
1994-11-01,14811,3420,-1456.0,1448.0,43625,11391,Bearish
1994-11-08,12507,8698,-2304.0,5278.0,44280,3809,Bearish
1994-11-15,3565,19097,-8942.0,10399.0,51985,-15532,Bearish
1994-11-22,2997,25151,-568.0,6054.0,60065,-22154,Bearish
1994-11-29,2756,25746,-241.0,595.0,61211,-22990,Bearish
1994-12-06,1981,26451,-775.0,705.0,63355,-24470,Bearish
1994-12-13,2413,25701,432.0,-750.0,66463,-23288,Bullish
1994-12-20,2242,17657,-171.0,-8044.0,64552,-15415,Bullish Reversal
1994-12-27,2347,18418,105.0,761.0,38448,-16071,Bearish Reversal
1995-01-03,2474,12811,127.0,-5607.0,35389,-10337,Bullish Reversal
1995-01-10,8243,11662,5769.0,-1149.0,39893,-3419,Bullish
1995-01-17,8280,11188,37.0,-474.0,39313,-2908,Bullish Reversal
1995-01-24,9294,10983,1014.0,-205.0,40894,-1689,Bullish
1995-01-31,7250,11540,-2044.0,557.0,39957,-4290,Bearish Reversal
1995-02-07,4902,13675,-2348.0,2135.0,41778,-8773,Bearish
1995-02-14,4936,13962,34.0,287.0,41310,-9026,Bearish Reversal
1995-02-21,8951,15255,4015.0,1293.0,47637,-6304,Bullish
1995-02-28,9524,16271,573.0,1016.0,52017,-6747,Bearish
1995-03-07,9649,3661,125.0,-12610.0,53114,5988,Bullish
1995-03-14,9843,1383,194.0,-2278.0,48352,8460,Bullish Reversal
1995-03-21,9156,1069,-687.0,-314.0,28744,8087,Bearish Reversal
1995-03-28,8511,662,-645.0,-407.0,31523,7849,Bearish
1995-04-04,8412,1481,-99.0,819.0,30533,6931,Bearish Reversal
1995-04-11,7712,1298,-700.0,-183.0,30048,6414,Bearish Reversal
1995-04-18,7982,1474,270.0,176.0,30330,6508,Bullish
1995-04-25,7106,954,-876.0,-520.0,30557,6152,Bearish
1995-05-02,7110,1230,4.0,276.0,30121,5880,Bearish Reversal
1995-05-09,6747,860,-363.0,-370.0,30295,5887,Bullish
1995-05-16,1378,6483,-5369.0,5623.0,30369,-5105,Bearish
1995-05-23,1440,7818,62.0,1335.0,32209,-6378,Bearish
1995-05-30,1713,4534,273.0,-3284.0,28826,-2821,Bullish Reversal
1995-06-06,1230,4311,-483.0,-223.0,28268,-3081,Bearish Reversal
1995-06-13,993,4056,-237.0,-255.0,31048,-3063,Bullish
1995-06-20,886,4202,-107.0,146.0,20066,-3316,Bearish Reversal
1995-06-27,1063,3208,177.0,-994.0,20581,-2145,Bullish
1995-07-03,595,3395,-468.0,187.0,19783,-2800,Bearish Reversal
1995-07-11,595,4322,0.0,927.0,21877,-3727,Bearish
1995-07-18,843,5650,248.0,1328.0,23963,-4807,Bearish
1995-07-25,623,4700,-220.0,-950.0,24511,-4077,Bullish
1995-08-01,3691,3843,3068.0,-857.0,28357,-152,Bullish
1995-08-08,1433,4113,-2258.0,270.0,27966,-2680,Bearish Reversal
1995-08-15,345,7118,-1088.0,3005.0,30609,-6773,Bearish
1995-08-22,333,7207,-12.0,89.0,30931,-6874,Bearish
1995-08-29,373,7230,40.0,23.0,32786,-6857,Bullish
1995-09-05,537,6501,164.0,-729.0,32725,-5964,Bullish Reversal
1995-09-12,412,8865,-125.0,2364.0,37482,-8453,Bearish
1995-09-19,575,8623,163.0,-242.0,30280,-8048,Bullish Reversal
1995-09-26,5473,1887,4898.0,-6736.0,30378,3586,Bullish
1995-10-03,5518,2268,45.0,381.0,32377,3250,Bearish
1995-10-10,5801,2536,283.0,268.0,35256,3265,Bullish
1995-10-17,5515,2525,-286.0,-11.0,33947,2990,Bearish Reversal
1995-10-24,5817,1727,302.0,-798.0,36765,4090,Bullish
1995-10-31,5129,1707,-688.0,-20.0,36923,3422,Bearish
1995-11-07,4849,2044,-280.0,337.0,36385,2805,Bearish Reversal
1995-11-14,4144,1832,-705.0,-212.0,37373,2312,Bearish
1995-11-21,4374,1612,230.0,-220.0,38199,2762,Bullish
1995-11-28,4437,2655,63.0,1043.0,38138,1782,Bearish Reversal
1995-12-05,297,12156,-4140.0,9501.0,46387,-11859,Bearish
1995-12-12,812,12625,515.0,469.0,54754,-11813,Bullish
1995-12-19,638,11523,-174.0,-1102.0,35059,-10885,Bullish Reversal
1995-12-26,561,11128,-77.0,-395.0,33670,-10567,Bullish Reversal
1996-01-02,1922,11150,1361.0,22.0,36133,-9228,Bullish
1996-01-09,1806,12940,-116.0,1790.0,40162,-11134,Bearish
1996-01-16,757,12264,-1049.0,-676.0,42831,-11507,Bearish
1996-01-23,422,14113,-335.0,1849.0,44242,-13691,Bearish
1996-01-30,364,14572,-58.0,459.0,45089,-14208,Bearish
1996-02-06,611,14872,247.0,300.0,44430,-14261,Bearish Reversal
1996-02-13,852,14587,241.0,-285.0,44639,-13735,Bullish
1996-02-20,1238,11405,386.0,-3182.0,42777,-10167,Bullish Reversal
1996-02-27,432,8938,-806.0,-2467.0,38358,-8506,Bullish Reversal
1996-03-05,265,7052,-167.0,-1886.0,40718,-6787,Bullish
1996-03-12,1245,7880,980.0,828.0,44072,-6635,Bullish
1996-03-19,464,7241,-781.0,-639.0,27331,-6777,Bearish Reversal
1996-03-26,763,7302,299.0,61.0,28394,-6539,Bullish
1996-04-02,1343,6832,580.0,-470.0,29759,-5489,Bullish
1996-04-09,1278,9305,-65.0,2473.0,36186,-8027,Bearish
1996-04-16,1477,14789,199.0,5484.0,43303,-13312,Bearish
1996-04-23,2319,15063,842.0,274.0,43350,-12744,Bullish
1996-04-30,1591,16543,-728.0,1480.0,45847,-14952,Bearish
1996-05-07,1770,16853,179.0,310.0,46306,-15083,Bearish
1996-05-14,1916,16520,146.0,-333.0,46693,-14604,Bullish
1996-05-21,1387,16518,-529.0,-2.0,48697,-15131,Bearish
1996-05-28,1482,17027,95.0,509.0,48045,-15545,Bearish Reversal
1996-06-04,306,13959,-1176.0,-3068.0,45873,-13653,Bullish Reversal
1996-06-11,432,15009,126.0,1050.0,53717,-14577,Bearish
1996-06-18,800,11859,368.0,-3150.0,35968,-11059,Bullish Reversal
1996-06-25,0,12876,-800.0,1017.0,37605,-12876,Bearish
1996-07-02,108,13252,108.0,376.0,37132,-13144,Bearish Reversal
1996-07-09,702,12876,594.0,-376.0,38121,-12174,Bullish
1996-07-16,5634,3680,4932.0,-9196.0,38421,1954,Bullish
1996-07-23,8516,2830,2882.0,-850.0,37846,5686,Bullish Reversal
1996-07-30,8620,2668,104.0,-162.0,39471,5952,Bullish
1996-08-06,9557,1813,937.0,-855.0,40775,7744,Bullish
1996-08-13,8909,2056,-648.0,243.0,39211,6853,Bearish Reversal
1996-08-20,9258,1906,349.0,-150.0,39413,7352,Bullish
1996-08-27,10575,2299,1317.0,393.0,42079,8276,Bullish
1996-09-03,8439,1423,-2136.0,-876.0,40301,7016,Bearish Reversal
1996-09-10,1908,9043,-6531.0,7620.0,50231,-7135,Bearish
1996-09-17,200,12374,-1708.0,3331.0,35888,-12174,Bearish Reversal
1996-09-24,230,13003,30.0,629.0,38997,-12773,Bearish
1996-10-01,454,13484,224.0,481.0,41837,-13030,Bearish
1996-10-08,1373,13995,919.0,511.0,47903,-12622,Bullish
1996-10-15,1113,15542,-260.0,1547.0,48939,-14429,Bearish
1996-10-22,295,16092,-818.0,550.0,51411,-15797,Bearish
1996-10-29,220,13627,-75.0,-2465.0,45897,-13407,Bullish Reversal
1996-11-05,2,15610,-218.0,1983.0,49394,-15608,Bearish
1996-11-12,8,14688,6.0,-922.0,52267,-14680,Bullish
1996-11-19,8,15846,0.0,1158.0,53953,-15838,Bearish
1996-11-26,500,17733,492.0,1887.0,60096,-17233,Bearish
1996-12-03,456,16116,-44.0,-1617.0,61545,-15660,Bullish
1996-12-10,663,17485,207.0,1369.0,73935,-16822,Bearish
1996-12-17,700,16264,37.0,-1221.0,44882,-15564,Bullish Reversal
1996-12-24,300,18214,-400.0,1950.0,47461,-17914,Bearish
1996-12-31,300,16332,0.0,-1882.0,45105,-16032,Bullish Reversal
1997-01-07,700,17954,400.0,1622.0,50060,-17254,Bearish
1997-01-14,200,20290,-500.0,2336.0,55678,-20090,Bearish
1997-01-21,200,19664,0.0,-626.0,51415,-19464,Bullish Reversal
1997-01-28,241,18728,41.0,-936.0,53727,-18487,Bullish
1997-02-04,657,19019,416.0,291.0,51787,-18362,Bullish Reversal
1997-02-11,795,18754,138.0,-265.0,52976,-17959,Bullish
1997-02-18,400,19269,-395.0,515.0,55515,-18869,Bearish
1997-02-25,400,19691,0.0,422.0,56211,-19291,Bearish
1997-03-04,850,19645,450.0,-46.0,57904,-18795,Bullish
1997-03-11,956,18034,106.0,-1611.0,59695,-17078,Bullish
1997-03-18,903,15837,-53.0,-2197.0,41033,-14934,Bullish Reversal
1997-03-25,200,14938,-703.0,-899.0,40567,-14738,Bullish Reversal
1997-04-01,746,15872,546.0,934.0,43347,-15126,Bearish
1997-04-08,274,16938,-472.0,1066.0,46392,-16664,Bearish
1997-04-15,286,17077,12.0,139.0,45313,-16791,Bearish Reversal
1997-04-22,550,17129,264.0,52.0,47526,-16579,Bullish
1997-04-29,250,17173,-300.0,44.0,47384,-16923,Bearish Reversal
1997-05-06,1394,13674,1144.0,-3499.0,47165,-12280,Bullish Reversal
1997-05-13,14002,4053,12608.0,-9621.0,44657,9949,Bullish Reversal
1997-05-20,17905,3526,3903.0,-527.0,50826,14379,Bullish
1997-05-27,18603,3285,698.0,-241.0,52533,15318,Bullish
1997-06-03,14180,2655,-4423.0,-630.0,45882,11525,Bearish Reversal
1997-06-10,1740,11686,-12440.0,9031.0,51562,-9946,Bearish
1997-06-17,1731,11476,-9.0,-210.0,32237,-9745,Bullish Reversal
1997-06-24,3964,8934,2233.0,-2542.0,33268,-4970,Bullish
1997-07-01,2211,15066,-1753.0,6132.0,42570,-12855,Bearish
1997-07-08,1448,21741,-763.0,6675.0,53110,-20293,Bearish
1997-07-15,2091,18819,643.0,-2922.0,54829,-16728,Bullish
1997-07-22,2781,20536,690.0,1717.0,56391,-17755,Bearish
1997-07-29,2542,23776,-239.0,3240.0,64402,-21234,Bearish
1997-08-05,1915,24137,-627.0,361.0,65465,-22222,Bearish
1997-08-12,2481,19682,566.0,-4455.0,56799,-17201,Bullish Reversal
1997-08-19,3503,18671,1022.0,-1011.0,54892,-15168,Bullish Reversal
1997-08-26,4724,15279,1221.0,-3392.0,56028,-10555,Bullish
1997-09-02,4343,15397,-381.0,118.0,55135,-11054,Bearish Reversal
1997-09-09,5796,14563,1453.0,-834.0,59626,-8767,Bullish
1997-09-16,12724,4485,6928.0,-10078.0,39128,8239,Bullish Reversal
1997-09-23,13477,5006,753.0,521.0,38341,8471,Bullish Reversal
1997-09-30,14184,3393,707.0,-1613.0,37371,10791,Bullish Reversal
1997-10-07,19328,3341,5144.0,-52.0,44432,15987,Bullish
1997-10-14,17338,3755,-1990.0,414.0,40797,13583,Bearish Reversal
1997-10-21,8592,6946,-8746.0,3191.0,44265,1646,Bearish
1997-10-28,12446,2270,3854.0,-4676.0,49413,10176,Bullish
1997-11-04,14439,2326,1993.0,56.0,49711,12113,Bullish
1997-11-11,19559,3391,5120.0,1065.0,54686,16168,Bullish
1997-11-18,19845,2607,286.0,-784.0,52691,17238,Bullish Reversal
1997-11-25,18926,1942,-919.0,-665.0,50947,16984,Bearish Reversal
1997-12-02,15325,4202,-3601.0,2260.0,52555,11123,Bearish
1997-12-09,768,18599,-14557.0,14397.0,64895,-17831,Bearish
1997-12-16,599,14036,-169.0,-4563.0,37024,-13437,Bullish Reversal
1997-12-19,609,13375,10.0,-661.0,38931,-12766,Bullish
1997-12-23,609,13171,10.0,-865.0,37379,-12562,Bullish
1997-12-30,585,16468,-24.0,3297.0,43497,-15883,Bearish
1998-01-06,978,21761,393.0,5293.0,59190,-20783,Bearish
1998-01-13,565,22840,-413.0,1079.0,57346,-22275,Bearish Reversal
1998-01-20,570,29028,5.0,6188.0,68283,-28458,Bearish
1998-01-27,525,15047,-45.0,-13981.0,50597,-14522,Bullish Reversal
1998-02-03,859,13668,334.0,-1379.0,48339,-12809,Bullish Reversal
1998-02-10,263,13606,-596.0,-62.0,44914,-13343,Bearish Reversal
1998-02-17,263,14485,0.0,879.0,46246,-14222,Bearish
1998-02-24,1191,13446,928.0,-1039.0,46437,-12255,Bullish
1998-03-03,1128,14445,-63.0,999.0,47038,-13317,Bearish
1998-03-10,692,23297,-436.0,8852.0,82166,-22605,Bearish
1998-03-17,1139,19164,447.0,-4133.0,54332,-18025,Bullish Reversal
1998-03-24,2313,26044,1174.0,6880.0,63405,-23731,Bearish
1998-03-31,2830,29834,517.0,3790.0,74057,-27004,Bearish
1998-04-07,1037,31051,-1793.0,1217.0,72115,-30014,Bearish Reversal
1998-04-14,1996,21233,959.0,-9818.0,63175,-19237,Bullish Reversal
1998-04-21,1533,16399,-463.0,-4834.0,64856,-14866,Bullish
1998-04-28,912,15234,-621.0,-1165.0,66632,-14322,Bullish
1998-05-05,3184,15856,2272.0,622.0,58017,-12672,Bullish Reversal
1998-05-12,4650,11941,1466.0,-3915.0,60383,-7291,Bullish
1998-05-19,3952,12446,-698.0,505.0,58490,-8494,Bearish Reversal
1998-05-26,18612,7505,14660.0,-4941.0,72306,11107,Bullish
1998-06-02,13718,7445,-4894.0,-60.0,71639,6273,Bearish Reversal
1998-06-09,14228,7697,510.0,252.0,74877,6531,Bullish
1998-06-16,489,23470,-13739.0,15773.0,67989,-22981,Bearish Reversal
1998-06-23,0,25380,-489.0,1910.0,72377,-25380,Bearish
1998-06-30,0,34301,0.0,8921.0,84479,-34301,Bearish
1998-07-07,667,37105,667.0,2804.0,91984,-36438,Bearish
1998-07-14,1866,34717,1199.0,-2388.0,94364,-32851,Bullish
1998-07-21,1419,30479,-447.0,-4238.0,89621,-29060,Bullish Reversal
1998-07-28,1969,21997,550.0,-8482.0,71653,-20028,Bullish Reversal
1998-08-04,1633,10274,-336.0,-11723.0,69201,-8641,Bullish Reversal
1998-08-11,3636,9825,2003.0,-449.0,63325,-6189,Bullish Reversal
1998-08-18,6800,12946,3164.0,3121.0,71898,-6146,Bullish
1998-08-25,6626,11476,-174.0,-1470.0,71062,-4850,Bullish Reversal
1998-09-01,29181,2577,22555.0,-8899.0,94728,26604,Bullish
1998-09-08,30246,2568,1065.0,-9.0,107698,27678,Bullish
1998-09-15,29363,4162,-883.0,1594.0,62729,25201,Bearish Reversal
1998-09-22,31485,4176,2122.0,14.0,60636,27309,Bullish Reversal
1998-09-29,29785,3716,-1700.0,-460.0,61231,26069,Bearish
1998-10-06,31097,4472,1312.0,756.0,65316,26625,Bullish
1998-10-13,27815,1938,-3282.0,-2534.0,57595,25877,Bearish Reversal
1998-10-20,27237,2778,-578.0,840.0,55397,24459,Bearish Reversal
1998-10-27,25213,2377,-2024.0,-401.0,53439,22836,Bearish Reversal
1998-11-03,20220,2894,-4993.0,517.0,47107,17326,Bearish Reversal
1998-11-10,6102,9056,-14118.0,6162.0,43526,-2954,Bearish Reversal
1998-11-17,6114,5176,12.0,-3880.0,37992,938,Bullish Reversal
1998-11-24,6472,10750,358.0,5574.0,48642,-4278,Bearish
1998-12-01,1250,13396,-5222.0,2646.0,53014,-12146,Bearish
1998-12-08,4207,11573,2957.0,-1823.0,56017,-7366,Bullish
1998-12-15,14153,2922,9946.0,-8651.0,35533,11231,Bullish Reversal
1998-12-22,10816,2472,-3337.0,-450.0,34227,8344,Bearish Reversal
1998-12-29,9645,2526,-1171.0,54.0,27894,7119,Bearish Reversal
1999-01-05,6156,2865,-3489.0,339.0,28162,3291,Bearish
1999-01-12,5154,5639,-1002.0,2774.0,34499,-485,Bearish
1999-01-19,9619,4776,4465.0,-863.0,39551,4843,Bullish
1999-01-26,9612,7493,-7.0,2717.0,39925,2119,Bearish
1999-02-02,1856,17649,-7756.0,10156.0,55423,-15793,Bearish
1999-02-09,2049,19588,193.0,1939.0,57841,-17539,Bearish
1999-02-16,2360,20588,311.0,1000.0,58906,-18228,Bearish
1999-02-23,4265,27807,1905.0,7219.0,58818,-23542,Bearish Reversal
1999-03-02,2252,29841,-2013.0,2034.0,62783,-27589,Bearish
1999-03-09,3058,32031,806.0,2190.0,77118,-28973,Bearish
1999-03-16,653,32740,-2405.0,709.0,58225,-32087,Bearish Reversal
1999-03-23,1580,33725,927.0,985.0,59773,-32145,Bearish
1999-03-30,848,37178,-732.0,3453.0,65132,-36330,Bearish
1999-04-06,250,34356,-598.0,-2822.0,60305,-34106,Bullish Reversal
1999-04-13,400,34887,150.0,531.0,61762,-34487,Bearish
1999-04-20,920,40832,520.0,5945.0,69739,-39912,Bearish
1999-04-27,1308,46645,388.0,5813.0,72793,-45337,Bearish
1999-05-04,2081,54553,773.0,7908.0,79764,-52472,Bearish
1999-05-11,2026,40213,-55.0,-14340.0,69202,-38187,Bullish Reversal
1999-05-18,1137,44487,-889.0,4274.0,72148,-43350,Bearish
1999-05-25,1730,32345,593.0,-12142.0,72256,-30615,Bullish
1999-06-01,820,34555,-910.0,2210.0,78503,-33735,Bearish
1999-06-08,1400,36991,580.0,2436.0,93143,-35591,Bearish
1999-06-15,1560,35052,160.0,-1939.0,60005,-33492,Bullish Reversal
1999-06-22,1754,36481,194.0,1429.0,61728,-34727,Bearish
1999-06-29,1091,37974,-663.0,1493.0,62864,-36883,Bearish
1999-07-06,2595,42832,1504.0,4858.0,70429,-40237,Bearish
1999-07-13,3081,39765,486.0,-3067.0,68746,-36684,Bullish Reversal
1999-07-20,4720,38121,1639.0,-1644.0,64112,-33401,Bullish Reversal
1999-07-27,16415,8919,11695.0,-29202.0,62785,7496,Bullish Reversal
1999-08-03,23162,8024,6747.0,-895.0,68452,15138,Bullish
1999-08-10,25467,8372,2305.0,348.0,71229,17095,Bullish
1999-08-17,21493,9938,-3974.0,1566.0,70619,11555,Bearish Reversal
1999-08-24,21155,11694,-338.0,1756.0,74192,9461,Bearish
1999-08-31,17718,10376,-3437.0,-1318.0,75421,7342,Bearish
1999-09-07,21796,8734,4078.0,-1642.0,83443,13062,Bullish
1999-09-14,6552,10146,-15244.0,1412.0,39524,-3594,Bearish Reversal
1999-09-21,5941,16362,-611.0,6216.0,42875,-10421,Bearish
1999-09-28,6355,13939,414.0,-2423.0,46310,-7584,Bullish
1999-10-05,17308,6614,10953.0,-7325.0,52712,10694,Bullish
1999-10-12,31090,5759,13782.0,-855.0,61768,25331,Bullish
1999-10-19,48332,3688,17242.0,-2071.0,77098,44644,Bullish
1999-10-26,34793,1214,-13539.0,-2474.0,66055,33579,Bearish Reversal
1999-11-02,16429,5236,-18364.0,4022.0,57593,11193,Bearish Reversal
1999-11-09,7878,24497,-8551.0,19261.0,66209,-16619,Bearish
1999-11-16,6425,25822,-1453.0,1325.0,70282,-19397,Bearish
1999-11-23,6986,27940,561.0,2118.0,70368,-20954,Bearish
1999-11-30,9811,32543,2825.0,4603.0,73971,-22732,Bearish
1999-12-07,4902,23083,-4909.0,-9460.0,88422,-18181,Bullish
1999-12-14,3187,15913,-1715.0,-7170.0,46156,-12726,Bullish Reversal
1999-12-21,3574,15360,387.0,-553.0,43769,-11786,Bullish Reversal
1999-12-28,3680,17035,106.0,1675.0,44834,-13355,Bearish
2000-01-04,3924,13839,244.0,-3196.0,43280,-9915,Bullish Reversal
2000-01-11,10610,10664,6686.0,-3175.0,49828,-54,Bullish
2000-01-18,9553,19560,-1057.0,8896.0,57549,-10007,Bearish
2000-01-25,3530,24041,-6023.0,4481.0,60956,-20511,Bearish
2000-02-01,981,33394,-2549.0,9353.0,68474,-32413,Bearish
2000-02-08,1905,33431,924.0,37.0,70946,-31526,Bullish
2000-02-15,2726,30313,821.0,-3118.0,69682,-27587,Bullish Reversal
2000-02-22,5776,24513,3050.0,-5800.0,68268,-18737,Bullish Reversal
2000-02-29,1703,28415,-4073.0,3902.0,69567,-26712,Bearish
2000-03-07,1798,28066,95.0,-349.0,73487,-26268,Bullish
2000-03-14,869,25943,-929.0,-2123.0,46462,-25074,Bullish Reversal
2000-03-21,895,28498,26.0,2555.0,48014,-27603,Bearish
2000-03-28,3079,14645,2184.0,-13853.0,39624,-11566,Bullish Reversal
2000-04-04,3885,13560,806.0,-1085.0,39166,-9675,Bullish Reversal
2000-04-11,3735,13363,-150.0,-197.0,40415,-9628,Bullish
2000-04-18,2771,16245,-964.0,2882.0,41355,-13474,Bearish
2000-04-25,1775,19394,-996.0,3149.0,44731,-17619,Bearish
2000-05-02,1491,20164,-284.0,770.0,44747,-18673,Bearish
2000-05-09,1827,22566,336.0,2402.0,46044,-20739,Bearish
2000-05-16,513,19745,-1314.0,-2821.0,44802,-19232,Bullish Reversal
2000-05-23,1061,19046,548.0,-699.0,47495,-17985,Bullish
2000-05-30,1659,11935,598.0,-7111.0,43436,-10276,Bullish Reversal
2000-06-06,2740,5164,1081.0,-6771.0,40281,-2424,Bullish Reversal
2000-06-13,10451,1506,7711.0,-3658.0,48130,8945,Bullish
2000-06-20,10376,0,-75.0,-1506.0,35076,10376,Bullish Reversal
2000-06-27,8015,0,-2361.0,0.0,32663,8015,Bearish Reversal
2000-07-05,8702,0,687.0,0.0,36413,8702,Bullish
2000-07-11,10607,1147,1905.0,1147.0,35282,9460,Bullish Reversal
2000-07-18,6858,5472,-3749.0,4325.0,39293,1386,Bearish
2000-07-25,1956,4316,-4902.0,-1156.0,38246,-2360,Bearish Reversal
2000-08-01,2059,4966,103.0,650.0,37775,-2907,Bearish Reversal
2000-08-08,456,17451,-1603.0,12485.0,49510,-16995,Bearish
2000-08-15,465,17384,9.0,-67.0,51065,-16919,Bullish
2000-08-22,17,21507,-448.0,4123.0,55008,-21490,Bearish
2000-08-29,0,21678,-17.0,171.0,54174,-21678,Bearish Reversal
2000-09-05,35,21899,35.0,221.0,60790,-21864,Bearish
2000-09-12,0,22852,-35.0,953.0,67266,-22852,Bearish
2000-09-19,710,23091,710.0,239.0,47704,-22381,Bullish Reversal
2000-09-26,1211,16988,501.0,-6103.0,43443,-15777,Bullish Reversal
2000-10-03,1611,16943,400.0,-45.0,42626,-15332,Bullish Reversal
2000-10-10,1924,15817,313.0,-1126.0,44566,-13893,Bullish
2000-10-17,181,17693,-1743.0,1876.0,48582,-17512,Bearish
2000-10-24,181,18186,0.0,493.0,49114,-18005,Bearish
2000-10-31,524,17817,343.0,-369.0,51334,-17293,Bullish
2000-11-07,1000,14199,476.0,-3618.0,48949,-13199,Bullish Reversal
2000-11-14,1684,14101,684.0,-98.0,48360,-12417,Bullish Reversal
2000-11-21,1236,15936,-448.0,1835.0,49098,-14700,Bearish
2000-11-28,1275,12438,39.0,-3498.0,49675,-11163,Bullish
2000-12-05,8363,3238,7088.0,-9200.0,55840,5125,Bullish
2000-12-12,12326,3237,3963.0,-1.0,64186,9089,Bullish
2000-12-19,12627,3787,301.0,550.0,40067,8840,Bearish Reversal
2000-12-26,13366,2212,739.0,-1575.0,43449,11154,Bullish
2001-01-02,13683,2197,317.0,-15.0,47926,11486,Bullish
2001-01-09,14003,2044,320.0,-153.0,48022,11959,Bullish
2001-01-16,15468,2155,1465.0,111.0,49883,13313,Bullish
2001-01-23,15721,2053,253.0,-102.0,52944,13668,Bullish
2001-01-30,13453,2616,-2268.0,563.0,51103,10837,Bearish Reversal
2001-02-06,11447,3022,-2006.0,406.0,46904,8425,Bearish Reversal
2001-02-13,10124,2537,-1323.0,-485.0,45106,7587,Bearish Reversal
2001-02-20,2548,3881,-7576.0,1344.0,41578,-1333,Bearish Reversal
2001-02-27,3293,5385,745.0,1504.0,41691,-2092,Bearish
2001-03-06,5879,5683,2586.0,298.0,44450,196,Bullish
2001-03-13,6135,8053,256.0,2370.0,48823,-1918,Bearish
2001-03-20,1352,15982,-4783.0,7929.0,38504,-14630,Bearish Reversal
2001-03-27,900,15931,-452.0,-51.0,42018,-15031,Bearish
2001-04-03,860,16176,-40.0,245.0,40219,-15316,Bearish Reversal
2001-04-10,752,16313,-108.0,137.0,40762,-15561,Bearish
2001-04-17,257,17002,-495.0,689.0,41101,-16745,Bearish
2001-04-24,274,18296,17.0,1294.0,43310,-18022,Bearish
2001-05-01,457,21145,183.0,2849.0,46595,-20688,Bearish
2001-05-08,1674,22098,1217.0,953.0,51497,-20424,Bullish
2001-05-15,3493,25490,1819.0,3392.0,55039,-21997,Bearish
2001-05-22,3002,27345,-491.0,1855.0,57644,-24343,Bearish
2001-05-29,2901,26605,-101.0,-740.0,57880,-23704,Bullish
2001-06-05,3395,26737,494.0,132.0,59218,-23342,Bullish
2001-06-12,3713,25482,318.0,-1255.0,78819,-21769,Bullish
2001-06-19,2256,20748,-1457.0,-4734.0,44886,-18492,Bullish Reversal
2001-06-26,1837,19198,-419.0,-1550.0,45280,-17361,Bullish
2001-07-03,2215,30630,378.0,11432.0,59127,-28415,Bearish
2001-07-10,2254,28572,39.0,-2058.0,57247,-26318,Bullish Reversal
2001-07-17,2508,20626,254.0,-7946.0,49243,-18118,Bullish Reversal
2001-07-24,11660,6833,9152.0,-13793.0,52242,4827,Bullish
2001-07-31,12633,5964,973.0,-869.0,51045,6669,Bullish Reversal
2001-08-07,16351,5352,3718.0,-612.0,55078,10999,Bullish
2001-08-14,20155,3024,3804.0,-2328.0,60467,17131,Bullish
2001-08-21,21545,842,1390.0,-2182.0,63620,20703,Bullish
2001-08-28,21578,1399,33.0,557.0,64979,20179,Bearish
2001-09-04,18879,3517,-2699.0,2118.0,63213,15362,Bearish Reversal
2001-09-10,17375,2609,-1504.0,-908.0,67436,14766,Bearish
2001-09-18,22112,444,4737.0,-2165.0,49670,21668,Bullish Reversal
2001-09-25,19377,1038,-2735.0,594.0,48890,18339,Bearish Reversal
2001-10-02,18013,855,-1364.0,-183.0,48429,17158,Bearish Reversal
2001-10-09,18420,1338,407.0,483.0,48135,17082,Bearish Reversal
2001-10-16,17914,953,-506.0,-385.0,47839,16961,Bearish Reversal
2001-10-23,14717,5274,-3197.0,4321.0,49156,9443,Bearish
2001-10-30,16826,4397,2109.0,-877.0,52732,12429,Bullish
2001-11-06,15330,3294,-1496.0,-1103.0,53393,12036,Bearish
2001-11-13,12389,7170,-2941.0,3876.0,55854,5219,Bearish
2001-11-20,8473,8234,-3916.0,1064.0,51800,239,Bearish Reversal
2001-11-27,6369,10953,-2104.0,2719.0,53351,-4584,Bearish
2001-12-04,6330,6535,-39.0,-4418.0,51077,-205,Bullish Reversal
2001-12-11,4786,5252,-1544.0,-1283.0,56869,-466,Bearish
2001-12-18,10882,3749,6096.0,-1503.0,34232,7133,Bullish Reversal
2001-12-21,7322,5072,-3560.0,1323.0,31069,2250,Bearish Reversal
2001-12-28,2139,11578,-5183.0,6506.0,34855,-9439,Bearish
2002-01-08,2120,7985,-19.0,-3593.0,27704,-5865,Bullish Reversal
2002-01-15,2837,11857,717.0,3872.0,35162,-9020,Bearish
2002-01-22,4710,8656,1873.0,-3201.0,33536,-3946,Bullish Reversal
2002-01-29,1943,20313,-2767.0,11657.0,46672,-18370,Bearish
2002-02-05,2042,15999,99.0,-4314.0,44628,-13957,Bullish Reversal
2002-02-12,2406,16732,364.0,733.0,42496,-14326,Bearish Reversal
2002-02-19,4406,16636,2000.0,-96.0,43256,-12230,Bullish
2002-02-26,3343,18242,-1063.0,1606.0,44593,-14899,Bearish
2002-03-05,1825,14770,-1518.0,-3472.0,45641,-12945,Bullish
2002-03-12,3056,11092,1231.0,-3678.0,54877,-8036,Bullish
2002-03-19,3593,10148,537.0,-944.0,31147,-6555,Bullish Reversal
2002-03-26,6042,10299,2449.0,151.0,33558,-4257,Bullish
2002-04-02,8992,10733,2950.0,434.0,34709,-1741,Bullish
2002-04-09,4164,10704,-4828.0,-29.0,30241,-6540,Bearish Reversal
2002-04-16,6948,10465,2784.0,-239.0,32812,-3517,Bullish
2002-04-23,13604,6834,6656.0,-3631.0,43483,6770,Bullish
2002-04-30,19662,4555,6058.0,-2279.0,53449,15107,Bullish
2002-05-07,19765,4091,103.0,-464.0,55906,15674,Bullish
2002-05-14,16917,3602,-2848.0,-489.0,53559,13315,Bearish Reversal
2002-05-21,17652,3831,735.0,229.0,54273,13821,Bullish
2002-05-28,15620,3632,-2032.0,-199.0,55255,11988,Bearish
2002-06-04,14226,4204,-1394.0,572.0,54699,10022,Bearish Reversal
2002-06-11,15115,2640,889.0,-1564.0,61771,12475,Bullish
2002-06-18,16830,2430,1715.0,-210.0,41808,14400,Bullish Reversal
2002-06-25,16138,1618,-692.0,-812.0,42093,14520,Bullish
2002-07-02,14447,1274,-1691.0,-344.0,41514,13173,Bearish Reversal
2002-07-09,13414,1016,-1033.0,-258.0,40306,12398,Bearish Reversal
2002-07-16,14649,564,1235.0,-452.0,43504,14085,Bullish
2002-07-23,13114,0,-1535.0,-564.0,43471,13114,Bearish Reversal
2002-07-30,8888,729,-4226.0,729.0,38202,8159,Bearish Reversal
2002-08-06,8571,2084,-317.0,1355.0,40136,6487,Bearish
2002-08-13,8339,787,-232.0,-1297.0,36637,7552,Bullish Reversal
2002-08-20,8139,1916,-200.0,1129.0,37675,6223,Bearish
2002-08-27,10848,909,2709.0,-1007.0,41038,9939,Bullish
2002-09-03,12597,1666,1749.0,757.0,43187,10931,Bullish
2002-09-10,12296,2062,-301.0,396.0,45547,10234,Bearish
2002-09-17,1841,7745,-10455.0,5683.0,31372,-5904,Bearish Reversal
2002-09-24,3208,6282,1367.0,-1463.0,29978,-3074,Bullish Reversal
2002-10-01,7551,5446,4343.0,-836.0,34820,2105,Bullish
2002-10-08,2931,6525,-4620.0,1079.0,32344,-3594,Bearish Reversal
2002-10-15,3441,6439,510.0,-86.0,34794,-2998,Bullish
2002-10-22,1589,7744,-1852.0,1305.0,34064,-6155,Bearish Reversal
2002-10-29,7172,5495,5583.0,-2249.0,39726,1677,Bullish
2002-11-05,15086,4536,7914.0,-959.0,46457,10550,Bullish
2002-11-12,20436,3195,5350.0,-1341.0,54699,17241,Bullish
2002-11-19,18695,3568,-1741.0,373.0,51854,15127,Bearish Reversal
2002-11-26,9482,3475,-9213.0,-93.0,39113,6007,Bearish Reversal
2002-12-03,8857,3549,-625.0,74.0,41297,5308,Bearish
2002-12-10,12617,3584,3760.0,35.0,56438,9033,Bullish
2002-12-17,21932,2737,9315.0,-847.0,45822,19195,Bullish Reversal
2002-12-23,23980,2157,2048.0,-580.0,48996,21823,Bullish
2002-12-31,24829,1576,849.0,-581.0,50293,23253,Bullish
2003-01-07,24392,1342,-437.0,-234.0,51474,23050,Bearish
2003-01-14,26106,3076,1714.0,1734.0,54413,23030,Bearish
2003-01-21,29457,2778,3351.0,-298.0,60220,26679,Bullish
2003-01-28,27506,2042,-1951.0,-736.0,57912,25464,Bearish Reversal
2003-02-04,29146,3400,1640.0,1358.0,62069,25746,Bullish
2003-02-11,21871,1584,-7275.0,-1816.0,57566,20287,Bearish Reversal
2003-02-18,17243,2737,-4628.0,1153.0,55430,14506,Bearish Reversal
2003-02-25,18644,2801,1401.0,64.0,56247,15843,Bullish
2003-03-04,21912,1684,3268.0,-1117.0,65297,20228,Bullish
2003-03-11,22469,1650,557.0,-34.0,76795,20819,Bullish
2003-03-18,7649,2617,-14820.0,967.0,32564,5032,Bearish Reversal
2003-03-25,5094,5537,-2555.0,2920.0,32336,-443,Bearish Reversal
2003-04-01,5945,3957,851.0,-1580.0,33917,1988,Bullish
2003-04-08,3574,4794,-2371.0,837.0,36072,-1220,Bearish
2003-04-15,3703,5132,129.0,338.0,37084,-1429,Bearish
2003-04-22,6280,8333,2577.0,3201.0,38778,-2053,Bearish
2003-04-29,6251,6577,-29.0,-1756.0,39583,-326,Bullish
2003-05-06,19122,5631,12871.0,-946.0,48748,13491,Bullish
2003-05-13,19927,4301,805.0,-1330.0,53657,15626,Bullish
2003-05-20,22261,4272,2334.0,-29.0,56731,17989,Bullish
2003-05-27,22826,2039,565.0,-2233.0,57565,20787,Bullish
2003-06-03,20431,4382,-2395.0,2343.0,56747,16049,Bearish Reversal
2003-06-10,19468,3328,-963.0,-1054.0,66764,16140,Bullish
2003-06-17,20750,2971,1282.0,-357.0,43746,17779,Bullish Reversal
2003-06-24,12193,3698,-8557.0,727.0,38511,8495,Bearish Reversal
2003-07-01,6909,6530,-5284.0,2832.0,38413,379,Bearish Reversal
2003-07-08,3140,9239,-3769.0,2709.0,38622,-6099,Bearish
2003-07-15,3194,12046,54.0,2807.0,41283,-8852,Bearish
2003-07-22,1855,10880,-1339.0,-1166.0,42920,-9025,Bearish
2003-07-29,1984,10124,129.0,-756.0,44007,-8140,Bullish
2003-08-05,1082,9538,-902.0,-586.0,43306,-8456,Bearish Reversal
2003-08-12,1556,11558,474.0,2020.0,43172,-10002,Bearish Reversal
2003-08-19,2032,21829,476.0,10271.0,55803,-19797,Bearish
2003-08-26,2669,22045,637.0,216.0,59642,-19376,Bullish
2003-09-02,2179,22268,-490.0,223.0,62339,-20089,Bearish
2003-09-09,2134,18238,-45.0,-4030.0,69919,-16104,Bullish
2003-09-16,600,20534,-1534.0,2296.0,43853,-19934,Bearish Reversal
2003-09-23,3883,13386,3283.0,-7148.0,39097,-9503,Bullish Reversal
2003-09-30,10464,8877,6581.0,-4509.0,43199,1587,Bullish
2003-10-07,14236,7170,3772.0,-1707.0,47583,7066,Bullish
2003-10-14,21627,6729,7391.0,-441.0,54575,14898,Bullish
2003-10-21,20045,8652,-1582.0,1923.0,56476,11393,Bearish
2003-10-28,20403,7304,358.0,-1348.0,58372,13099,Bullish
2003-11-04,8075,10369,-12328.0,3065.0,55727,-2294,Bearish Reversal
2003-11-11,2352,18074,-5723.0,7705.0,61432,-15722,Bearish
2003-11-18,11879,8928,9527.0,-9146.0,65394,2951,Bullish
2003-11-25,10303,5422,-1576.0,-3506.0,66856,4881,Bullish
2003-12-02,13276,4818,2973.0,-604.0,71273,8458,Bullish
2003-12-09,16850,4499,3574.0,-319.0,84218,12351,Bullish
2003-12-16,17217,3963,367.0,-536.0,43835,13254,Bullish Reversal
2003-12-22,16287,4655,-930.0,692.0,44642,11632,Bearish
2003-12-30,21637,4854,5350.0,199.0,48615,16783,Bullish
2004-01-06,21198,4993,-439.0,139.0,50231,16205,Bearish
2004-01-13,19826,4553,-1372.0,-440.0,48588,15273,Bearish Reversal
2004-01-20,13858,4826,-5968.0,273.0,41755,9032,Bearish Reversal
2004-01-27,18388,5409,4530.0,583.0,41836,12979,Bullish
2004-02-03,15234,5791,-3154.0,382.0,40899,9443,Bearish Reversal
2004-02-10,18974,7971,3740.0,2180.0,43840,11003,Bullish
2004-02-17,19558,8079,584.0,108.0,46002,11479,Bullish
2004-02-24,12608,7234,-6950.0,-845.0,41521,5374,Bearish Reversal
2004-03-02,5518,16298,-7090.0,9064.0,47795,-10780,Bearish
2004-03-09,3624,18397,-1894.0,2099.0,52178,-14773,Bearish
2004-03-16,3351,12674,-273.0,-5723.0,36981,-9323,Bullish Reversal
2004-03-23,4130,6992,779.0,-5682.0,32617,-2862,Bullish Reversal
2004-03-30,3894,8514,-236.0,1522.0,34701,-4620,Bearish
2004-04-06,4369,17197,475.0,8683.0,44331,-12828,Bearish
2004-04-12,3865,9806,-504.0,-7391.0,36138,-5941,Bullish Reversal
2004-04-20,3757,12060,-108.0,2254.0,38936,-8303,Bearish
2004-04-27,1374,12466,-2383.0,406.0,37889,-11092,Bearish Reversal
2004-05-04,1717,8806,343.0,-3660.0,36901,-7089,Bullish Reversal
2004-05-11,1244,8139,-473.0,-667.0,38467,-6895,Bullish
2004-05-18,4633,7231,3389.0,-908.0,34868,-2598,Bullish Reversal
2004-05-25,4367,7907,-266.0,676.0,36529,-3540,Bearish
2004-06-01,12108,6786,7741.0,-1121.0,45970,5322,Bullish
2004-06-08,22670,6408,10562.0,-378.0,69978,16262,Bullish
2004-06-15,21099,4354,-1571.0,-2054.0,43388,16745,Bullish Reversal
2004-06-22,18499,1061,-2600.0,-3293.0,42778,17438,Bullish Reversal
2004-06-29,16232,3883,-2267.0,2822.0,39116,12349,Bearish Reversal
2004-07-06,25146,2970,8914.0,-913.0,53561,22176,Bullish
2004-07-13,29193,2352,4047.0,-618.0,60091,26841,Bullish
2004-07-20,23981,2818,-5212.0,466.0,55778,21163,Bearish Reversal
2004-07-27,8327,9153,-15654.0,6335.0,40111,-826,Bearish Reversal
2004-08-03,3140,15967,-5187.0,6814.0,42332,-12827,Bearish
2004-08-10,4420,10849,1280.0,-5118.0,36349,-6429,Bullish Reversal
2004-08-17,6852,9354,2432.0,-1495.0,40867,-2502,Bullish
2004-08-24,4152,10688,-2700.0,1334.0,40437,-6536,Bearish Reversal
2004-08-31,3707,11890,-445.0,1202.0,41657,-8183,Bearish
2004-09-07,3488,11148,-219.0,-742.0,41687,-7660,Bullish
2004-09-28,5092,10638,,,29774,-5546,No signal
2004-10-05,5092,9852,0.0,-786.0,31092,-4760,Bullish
2004-10-12,8167,12805,3075.0,2953.0,35432,-4638,Bullish
2004-10-19,22288,10490,14121.0,-2315.0,49694,11798,Bullish
2004-10-26,35403,8072,13115.0,-2418.0,63595,27331,Bullish
2004-11-02,39924,8132,4521.0,60.0,68098,31792,Bullish
2004-11-09,46258,5891,6334.0,-2241.0,77168,40367,Bullish
2004-11-16,46659,5654,401.0,-237.0,75763,41005,Bullish Reversal
2004-11-23,44391,5605,-2268.0,-49.0,77383,38786,Bearish
2004-11-30,42761,3823,-1630.0,-1782.0,75035,38938,Bullish Reversal
2004-12-07,40393,4345,-2368.0,522.0,100269,36048,Bearish
2004-12-14,34319,16759,-6074.0,12414.0,56671,17560,Bearish Reversal
2004-12-21,30105,18553,-4214.0,1794.0,56834,11552,Bearish
2004-12-28,33728,8739,3623.0,-9814.0,60282,24989,Bullish
2005-01-04,19388,7893,-14340.0,-846.0,50988,11495,Bearish Reversal
2005-01-11,11883,11823,-7505.0,3930.0,53634,60,Bearish
2005-01-18,11217,12317,-666.0,494.0,52151,-1100,Bearish Reversal
2005-01-25,8043,13224,-3174.0,907.0,51069,-5181,Bearish Reversal
2005-02-01,6322,13722,-1721.0,498.0,51859,-7400,Bearish
2005-02-08,3371,20545,-2951.0,6823.0,56861,-17174,Bearish
2005-02-15,3837,15106,466.0,-5439.0,52852,-11269,Bullish Reversal
2005-02-22,4790,8240,953.0,-6866.0,54437,-3450,Bullish
2005-03-01,7313,9216,2523.0,976.0,61956,-1903,Bullish
2005-03-08,7474,10501,161.0,1285.0,67512,-3027,Bearish
2005-03-15,10655,10495,3181.0,-6.0,41804,160,Bullish Reversal
2005-03-22,5242,16598,-5413.0,6103.0,38278,-11356,Bearish Reversal
2005-03-29,2168,16210,-3074.0,-388.0,42256,-14042,Bearish
2005-04-05,1677,20456,-491.0,4246.0,47464,-18779,Bearish
2005-04-12,1677,24441,0.0,3985.0,45692,-22764,Bearish Reversal
2005-04-19,3585,15306,1908.0,-9135.0,35822,-11721,Bullish Reversal
2005-04-26,3504,12129,-81.0,-3177.0,34396,-8625,Bullish Reversal
2005-05-03,4889,16219,1385.0,4090.0,38584,-11330,Bearish
2005-05-10,2214,19638,-2675.0,3419.0,43977,-17424,Bearish
2005-05-17,1942,30320,-272.0,10682.0,60958,-28378,Bearish
2005-05-24,1762,39433,-180.0,9113.0,69873,-37671,Bearish
2005-05-31,850,40249,-912.0,816.0,69037,-39399,Bearish Reversal
2005-06-07,1943,47255,1093.0,7006.0,90020,-45312,Bearish
2005-06-14,2905,46486,962.0,-769.0,73534,-43581,Bullish Reversal
2005-06-21,1579,43966,-1326.0,-2520.0,71529,-42387,Bullish Reversal
2005-06-28,1764,46185,185.0,2219.0,73119,-44421,Bearish
2005-07-05,1694,47234,-70.0,1049.0,73790,-45540,Bearish
2005-07-12,2991,40939,1297.0,-6295.0,69525,-37948,Bullish Reversal
2005-07-19,6019,42511,3028.0,1572.0,72416,-36492,Bullish
2005-07-26,4604,41033,-1415.0,-1478.0,73768,-36429,Bullish
2005-08-02,4633,35959,29.0,-5074.0,71327,-31326,Bullish Reversal
2005-08-09,6045,38256,1412.0,2297.0,71277,-32211,Bearish Reversal
2005-08-16,6485,34107,440.0,-4149.0,66890,-27622,Bullish Reversal
2005-08-23,3165,40709,-3320.0,6602.0,67995,-37544,Bearish
2005-08-30,4008,35884,843.0,-4825.0,67721,-31876,Bullish Reversal
2005-09-06,14944,15729,10936.0,-20155.0,61472,-785,Bullish Reversal
2005-09-13,4175,19141,-10769.0,3412.0,60845,-14966,Bearish Reversal
2005-09-20,2488,33398,-1687.0,14257.0,57198,-30910,Bearish Reversal
2005-09-27,6138,49869,3650.0,16471.0,76757,-43731,Bearish
2005-10-04,9973,57099,3835.0,7230.0,87779,-47126,Bearish
2005-10-11,13572,38859,3599.0,-18240.0,72377,-25287,Bullish Reversal
2005-10-18,13958,44940,386.0,6081.0,80322,-30982,Bearish
2005-10-25,12814,33657,-1144.0,-11283.0,66764,-20843,Bullish Reversal
2005-11-01,13637,35416,823.0,1759.0,69574,-21779,Bearish
2005-11-08,13830,48500,193.0,13084.0,84753,-34670,Bearish
2005-11-15,15132,60166,1302.0,11666.0,98446,-45034,Bearish
2005-11-22,15191,63398,59.0,3232.0,100881,-48207,Bearish
2005-11-29,14195,62611,-996.0,-787.0,99363,-48416,Bearish Reversal
2005-12-06,16550,65909,2355.0,3298.0,105413,-49359,Bearish
2005-12-13,13937,53798,-2613.0,-12111.0,113909,-39861,Bullish
2005-12-20,5247,39314,-8690.0,-14484.0,75904,-34067,Bullish Reversal
2005-12-27,9032,47358,3785.0,8044.0,86551,-38326,Bearish
2006-01-03,15002,31513,5970.0,-15845.0,77368,-16511,Bullish Reversal
2006-01-10,24138,24378,9136.0,-7135.0,79029,-240,Bullish
2006-01-17,21356,19896,-2782.0,-4482.0,80480,1460,Bullish
2006-01-24,24328,19965,2972.0,69.0,85876,4363,Bullish
2006-01-31,26222,25239,1894.0,5274.0,84122,983,Bearish Reversal
2006-02-07,23624,38314,-2598.0,13075.0,92132,-14690,Bearish
2006-02-14,21612,52800,-2012.0,14486.0,108343,-31188,Bearish
2006-02-21,23789,60764,2177.0,7964.0,112408,-36975,Bearish
2006-02-28,16309,84571,-7480.0,23807.0,134418,-68262,Bearish
2006-03-07,15975,62198,-334.0,-22373.0,127779,-46223,Bullish Reversal
2006-03-14,7429,55807,-8546.0,-6391.0,93713,-48378,Bearish Reversal
2006-03-21,3462,50327,-3967.0,-5480.0,83307,-46865,Bullish Reversal
2006-03-28,5820,51155,2358.0,828.0,84695,-45335,Bullish
2006-04-04,7412,45540,1592.0,-5615.0,79020,-38128,Bullish Reversal
2006-04-11,6470,35121,-942.0,-10419.0,78605,-28651,Bullish Reversal
2006-04-18,10744,32912,4274.0,-2209.0,80925,-22168,Bullish
2006-04-25,12113,36542,1369.0,3630.0,84075,-24429,Bearish
2006-05-02,17518,30147,5405.0,-6395.0,89956,-12629,Bullish
2006-05-09,18306,29319,788.0,-828.0,94856,-11013,Bullish
2006-05-16,23935,25516,5629.0,-3803.0,100736,-1581,Bullish
2006-05-23,30138,21756,6203.0,-3760.0,101734,8382,Bullish
2006-05-30,30264,19733,126.0,-2023.0,100852,10531,Bullish Reversal
2006-06-06,26639,17319,-3625.0,-2414.0,107626,9320,Bearish
2006-06-13,21176,24058,-5463.0,6739.0,122926,-2882,Bearish
2006-06-20,20297,25769,-879.0,1711.0,57617,-5472,Bearish Reversal
2006-06-27,14509,30398,-5788.0,4629.0,63556,-15889,Bearish
2006-07-03,21327,25641,6818.0,-4757.0,58809,-4314,Bullish Reversal
2006-07-11,20120,27379,-1207.0,1738.0,62771,-7259,Bearish
2006-07-18,18116,33533,-2004.0,6154.0,69612,-15417,Bearish
2006-07-25,16611,37571,-1505.0,4038.0,73560,-20960,Bearish
2006-08-01,17487,26881,876.0,-10690.0,65105,-9394,Bullish Reversal
2006-08-08,21484,36337,3997.0,9456.0,72643,-14853,Bearish
2006-08-15,13082,28329,-8402.0,-8008.0,66021,-15247,Bearish Reversal
2006-08-22,16847,27312,3765.0,-1017.0,68484,-10465,Bullish
2006-08-29,12618,25253,-4229.0,-2059.0,68787,-12635,Bearish
2006-09-05,11221,30367,-1397.0,5114.0,70053,-19146,Bearish
2006-09-12,12013,45254,792.0,14887.0,98012,-33241,Bearish
2006-09-19,10111,54145,-1902.0,8891.0,76994,-44034,Bearish Reversal
2006-09-26,10497,39517,386.0,-14628.0,69977,-29020,Bullish Reversal
2006-10-03,10759,40886,262.0,1369.0,72687,-30127,Bearish
2006-10-10,8870,69290,-1889.0,28404.0,95979,-60420,Bearish
2006-10-17,10504,77712,1634.0,8422.0,105046,-67208,Bearish
2006-10-24,9331,79554,-1173.0,1842.0,107816,-70223,Bearish
2006-10-31,11230,58299,1899.0,-21255.0,89968,-47069,Bullish Reversal
2006-11-07,14326,70027,3096.0,11728.0,103184,-55701,Bearish
2006-11-14,9883,52428,-4443.0,-17599.0,87935,-42545,Bullish Reversal
2006-11-21,10633,49430,750.0,-2998.0,84320,-38797,Bullish Reversal
2006-11-28,21961,35864,11328.0,-13566.0,78706,-13903,Bullish Reversal
2006-12-05,25835,32303,3874.0,-3561.0,80908,-6468,Bullish
2006-12-12,24981,34753,-854.0,2450.0,92840,-9772,Bearish
2006-12-19,18315,29153,-6666.0,-5600.0,54652,-10838,Bearish Reversal
2006-12-26,17614,29899,-701.0,746.0,57050,-12285,Bearish
2007-01-03,11280,34078,-6334.0,4179.0,64732,-22798,Bearish
2007-01-09,7698,48069,-3582.0,13991.0,80925,-40371,Bearish
2007-01-16,6476,48724,-1222.0,655.0,83803,-42248,Bearish
2007-01-23,5290,49371,-1186.0,647.0,83065,-44081,Bearish Reversal
2007-01-30,5819,65399,529.0,16028.0,99642,-59580,Bearish
2007-02-06,9393,52318,3574.0,-13081.0,93536,-42925,Bullish Reversal
2007-02-13,6693,70099,-2700.0,17781.0,107988,-63406,Bearish
2007-02-20,5525,61078,-1168.0,-9021.0,100274,-55553,Bullish Reversal
2007-02-27,15823,60508,10298.0,-570.0,103378,-44685,Bullish
2007-03-06,16859,38726,1036.0,-21782.0,83320,-21867,Bullish Reversal
2007-03-13,15012,39903,-1847.0,1177.0,88190,-24891,Bearish
2007-03-20,16020,31022,1008.0,-8881.0,53302,-15002,Bullish Reversal
2007-03-27,18597,30156,2577.0,-866.0,52720,-11559,Bullish Reversal
2007-04-03,10294,37559,-8303.0,7403.0,57666,-27265,Bearish
2007-04-10,13453,36659,3159.0,-900.0,58718,-23206,Bullish
2007-04-17,17907,40279,4454.0,3620.0,67565,-22372,Bullish
2007-04-24,23229,40080,5322.0,-199.0,77956,-16851,Bullish
2007-05-01,16669,47839,-6560.0,7759.0,79989,-31170,Bearish
2007-05-08,14860,49212,-1809.0,1373.0,81736,-34352,Bearish
2007-05-15,17093,51838,2233.0,2626.0,81328,-34745,Bearish Reversal
2007-05-22,9372,75241,-7721.0,23403.0,100303,-65869,Bearish
2007-05-29,9644,68852,272.0,-6389.0,97517,-59208,Bullish Reversal
2007-06-05,11536,69788,1892.0,936.0,99547,-58252,Bullish
2007-06-12,10341,89522,-1195.0,19734.0,155140,-79181,Bearish
2007-06-19,6682,86013,-3659.0,-3509.0,110556,-79331,Bearish Reversal
2007-06-26,8303,67134,1621.0,-18879.0,101945,-58831,Bullish Reversal
2007-07-03,14876,48451,6573.0,-18683.0,95030,-33575,Bullish Reversal
2007-07-10,20339,58411,5463.0,9960.0,102992,-38072,Bearish
2007-07-17,24189,59743,3850.0,1332.0,110578,-35554,Bullish
2007-07-24,21909,64786,-2280.0,5043.0,115383,-42877,Bearish
2007-07-31,28309,42942,6400.0,-21844.0,116838,-14633,Bullish
2007-08-07,34401,36705,6092.0,-6237.0,121823,-2304,Bullish
2007-08-14,26255,40245,-8146.0,3540.0,117264,-13990,Bearish Reversal
2007-08-21,14642,31921,-11613.0,-8324.0,111735,-17279,Bearish Reversal
2007-08-28,17923,36046,3281.0,4125.0,118870,-18123,Bearish
2007-09-04,12078,46553,-5845.0,10507.0,131156,-34475,Bearish
2007-09-11,26527,23866,14449.0,-22687.0,136045,2661,Bullish
2007-09-18,28647,23158,2120.0,-708.0,66122,5489,Bullish Reversal
2007-09-25,32958,26666,4311.0,3508.0,70582,6292,Bullish
2007-10-02,31596,34674,-1362.0,8008.0,75617,-3078,Bearish
2007-10-09,28185,32276,-3411.0,-2398.0,70197,-4091,Bearish Reversal
2007-10-16,26550,34739,-1635.0,2463.0,76520,-8189,Bearish
2007-10-23,26611,24101,61.0,-10638.0,69629,2510,Bullish Reversal
2007-10-30,32274,21484,5663.0,-2617.0,72401,10790,Bullish
2007-11-06,32575,30156,301.0,8672.0,86821,2419,Bearish
2007-11-13,33093,17590,518.0,-12566.0,77136,15503,Bullish Reversal
2007-11-20,37165,23433,4072.0,5843.0,83181,13732,Bearish
2007-11-27,37072,23870,-93.0,437.0,81879,13202,Bearish Reversal
2007-12-04,30533,23490,-6539.0,-380.0,77920,7043,Bearish Reversal
2007-12-11,26684,24751,-3849.0,1261.0,86792,1933,Bearish
2007-12-18,14677,21661,-12007.0,-3090.0,60246,-6984,Bearish Reversal
2007-12-24,12643,24140,-2034.0,2479.0,60681,-11497,Bearish
2007-12-31,18502,23121,5859.0,-1019.0,61358,-4619,Bullish
2008-01-08,21345,23516,2843.0,395.0,62749,-2171,Bullish
2008-01-15,25415,20253,4070.0,-3263.0,67556,5162,Bullish
2008-01-22,28949,13573,3534.0,-6680.0,71705,15376,Bullish
2008-01-29,28578,19345,-371.0,5772.0,70806,9233,Bearish Reversal
2008-02-05,22588,19802,-5990.0,457.0,64353,2786,Bearish Reversal
2008-02-12,17550,14370,-5038.0,-5432.0,57989,3180,Bullish Reversal
2008-02-19,23979,22992,6429.0,8622.0,68500,987,Bearish
2008-02-26,32085,23313,8106.0,321.0,78947,8772,Bullish
2008-03-04,24647,24480,-7438.0,1167.0,81574,167,Bearish
2008-03-11,25646,29894,999.0,5414.0,90384,-4248,Bearish
2008-03-18,24560,13336,-1086.0,-16558.0,54366,11224,Bullish Reversal
2008-03-25,30768,19987,6208.0,6651.0,57488,10781,Bearish
2008-04-01,30785,21904,17.0,1917.0,56967,8881,Bearish Reversal
2008-04-08,24145,23228,-6640.0,1324.0,57506,917,Bearish
2008-04-15,27058,21824,2913.0,-1404.0,61278,5234,Bullish
2008-04-22,24731,21722,-2327.0,-102.0,59593,3009,Bearish Reversal
2008-04-29,26625,19624,1894.0,-2098.0,59678,7001,Bullish
2008-05-06,19125,23262,-7500.0,3638.0,63405,-4137,Bearish
2008-05-13,13758,31194,-5367.0,7932.0,69188,-17436,Bearish
2008-05-20,19037,23980,5279.0,-7214.0,62984,-4943,Bullish Reversal
2008-05-27,18907,28756,-130.0,4776.0,69571,-9849,Bearish
2008-06-03,14128,21399,-4779.0,-7357.0,65317,-7271,Bullish Reversal
2008-06-10,15820,19552,1692.0,-1847.0,68666,-3732,Bullish
2008-06-17,10824,19738,-4996.0,186.0,44091,-8914,Bearish Reversal
2008-06-24,14081,16482,3257.0,-3256.0,45574,-2401,Bullish
2008-07-01,26040,19433,11959.0,2951.0,56638,6607,Bullish
2008-07-08,18085,22782,-7955.0,3349.0,52188,-4697,Bearish Reversal
2008-07-15,32874,17830,14789.0,-4952.0,63754,15044,Bullish
2008-07-22,17900,19566,-14974.0,1736.0,51791,-1666,Bearish Reversal
2008-07-29,17401,22056,-499.0,2490.0,56449,-4655,Bearish
2008-08-05,14986,23969,-2415.0,1913.0,59128,-8983,Bearish
2008-08-12,13555,21938,-1431.0,-2031.0,58312,-8383,Bullish Reversal
2008-08-19,9683,23085,-3872.0,1147.0,62081,-13402,Bearish
2008-08-26,12148,25477,2465.0,2392.0,65910,-13329,Bullish
2008-09-02,12059,25322,-89.0,-155.0,64084,-13263,Bullish Reversal
2008-09-09,11076,25991,-983.0,669.0,70332,-14915,Bearish
2008-09-16,7451,20899,-3625.0,-5092.0,39036,-13448,Bullish Reversal
2008-09-23,8345,16452,894.0,-4447.0,42296,-8107,Bullish
2008-09-30,5953,17402,-2392.0,950.0,39047,-11449,Bearish Reversal
2008-10-07,8291,19820,2338.0,2418.0,39137,-11529,Bearish
2008-10-14,5222,18304,-3069.0,-1516.0,38302,-13082,Bearish Reversal
2008-10-21,3953,19875,-1269.0,1571.0,39838,-15922,Bearish
2008-10-28,5726,20042,1773.0,167.0,39184,-14316,Bullish Reversal
2008-11-04,7416,14617,1690.0,-5425.0,41403,-7201,Bullish
2008-11-11,4826,14982,-2590.0,365.0,39893,-10156,Bearish Reversal
2008-11-18,5740,19329,914.0,4347.0,43937,-13589,Bearish
2008-11-25,3653,20066,-2087.0,737.0,42747,-16413,Bearish Reversal
2008-12-02,2328,20568,-1325.0,502.0,42123,-18240,Bearish Reversal
2008-12-09,1620,15694,-708.0,-4874.0,38990,-14074,Bullish Reversal
2008-12-16,1826,7137,206.0,-8557.0,20142,-5311,Bullish Reversal
2008-12-22,4310,8466,2484.0,1329.0,24773,-4156,Bullish
2008-12-30,4968,8815,658.0,349.0,25073,-3847,Bullish
2009-01-06,5978,11845,1010.0,3030.0,25435,-5867,Bearish
2009-01-13,4826,11060,-1152.0,-785.0,24703,-6234,Bearish Reversal
2009-01-20,5135,11509,309.0,449.0,24527,-6374,Bearish Reversal
2009-01-27,4319,14507,-816.0,2998.0,28119,-10188,Bearish
2009-02-03,3801,14941,-518.0,434.0,29006,-11140,Bearish
2009-02-10,3613,15134,-188.0,193.0,32070,-11521,Bearish
2009-02-17,4848,15986,1235.0,852.0,34470,-11138,Bullish
2009-02-24,5137,16325,289.0,339.0,33873,-11188,Bearish Reversal
2009-03-03,4253,17163,-884.0,838.0,36848,-12910,Bearish
2009-03-10,4784,16237,531.0,-926.0,39747,-11453,Bullish
2009-03-17,5942,14380,1158.0,-1857.0,31126,-8438,Bullish Reversal
2009-03-24,6311,9459,369.0,-4921.0,27937,-3148,Bullish Reversal
2009-03-31,4068,8479,-2243.0,-980.0,27578,-4411,Bearish Reversal
2009-04-07,3895,7436,-173.0,-1043.0,25914,-3541,Bullish Reversal
2009-04-14,3404,8459,-491.0,1023.0,27406,-5055,Bearish
2009-04-21,5718,17803,2314.0,9344.0,33601,-12085,Bearish
2009-04-28,4907,9829,-811.0,-7974.0,27107,-4922,Bullish Reversal
2009-05-05,4756,5499,-151.0,-4330.0,26366,-743,Bullish Reversal
2009-05-12,8692,7073,3936.0,1574.0,32340,1619,Bullish
2009-05-19,11497,6888,2805.0,-185.0,35951,4609,Bullish
2009-05-26,13929,7255,2432.0,367.0,39627,6674,Bullish
2009-06-02,15412,6813,1483.0,-442.0,42429,8599,Bullish
2009-06-09,14879,6405,-533.0,-408.0,48715,8474,Bearish
2009-06-16,16146,8244,1267.0,1839.0,30453,7902,Bearish Reversal
2009-06-23,22023,7615,5877.0,-629.0,39777,14408,Bullish
2009-06-30,16623,5933,-5400.0,-1682.0,32774,10690,Bearish Reversal
2009-07-07,16476,5422,-147.0,-511.0,33308,11054,Bullish
2009-07-14,16950,6158,474.0,736.0,33833,10792,Bearish
2009-07-21,20182,6985,3232.0,827.0,39639,13197,Bullish
2009-07-28,18808,4638,-1374.0,-2347.0,37313,14170,Bullish Reversal
2009-08-04,21341,6829,2533.0,2191.0,42223,14512,Bullish
2009-08-11,10962,10999,-10379.0,4170.0,32801,-37,Bearish Reversal
2009-08-18,12121,5366,1159.0,-5633.0,30291,6755,Bullish Reversal
2009-08-25,23649,6851,11528.0,1485.0,46196,16798,Bullish
2009-09-01,19627,5375,-4022.0,-1476.0,44607,14252,Bearish Reversal
2009-09-08,23371,5234,3744.0,-141.0,52293,18137,Bullish
2009-09-15,24026,5835,655.0,601.0,45016,18191,Bullish Reversal
2009-09-22,28968,5177,4942.0,-658.0,52087,23791,Bullish
2009-09-29,22857,5264,-6111.0,87.0,45542,17593,Bearish Reversal
2009-10-06,28261,4791,5404.0,-473.0,49587,23470,Bullish
2009-10-13,27537,5258,-724.0,467.0,50413,22279,Bearish
2009-10-20,30017,6164,2480.0,906.0,54748,23853,Bullish
2009-10-27,24104,6259,-5913.0,95.0,50703,17845,Bearish Reversal
2009-11-03,21171,2506,-2933.0,-3753.0,46414,18665,Bullish Reversal
2009-11-09,25717,2419,4546.0,-87.0,53280,23298,Bullish
2009-11-17,25311,3112,-406.0,693.0,54018,22199,Bearish
2009-11-24,26136,4019,825.0,907.0,54159,22117,Bearish
2009-12-01,28904,4179,2768.0,160.0,56659,24725,Bullish
2009-12-08,20177,6829,-8727.0,2650.0,49595,13348,Bearish Reversal
2009-12-15,11305,10844,-8872.0,4015.0,33591,461,Bearish Reversal
2009-12-22,9084,13652,-2221.0,2808.0,34198,-4568,Bearish
2009-12-29,10334,17385,1250.0,3733.0,38033,-7051,Bearish
2010-01-05,12488,15268,2154.0,-2117.0,35161,-2780,Bullish Reversal
2010-01-12,17213,3287,4725.0,-11981.0,38204,13926,Bullish
2010-01-19,17281,3310,68.0,23.0,37744,13971,Bullish Reversal
2010-01-26,12421,6716,-4860.0,3406.0,34075,5705,Bearish Reversal
2010-02-02,10344,12119,-2077.0,5403.0,36263,-1775,Bearish
2010-02-09,9219,16115,-1125.0,3996.0,42359,-6896,Bearish
2010-02-16,10763,15430,1544.0,-685.0,40881,-4667,Bullish Reversal
2010-02-23,12119,20938,1356.0,5508.0,45407,-8819,Bearish
2010-03-02,11508,17818,-611.0,-3120.0,42147,-6310,Bullish Reversal
2010-03-09,10727,15872,-781.0,-1946.0,47810,-5145,Bullish
2010-03-16,8977,14210,-1750.0,-1662.0,32157,-5233,Bearish Reversal
2010-03-23,9239,10327,262.0,-3883.0,30910,-1088,Bullish Reversal
2010-03-30,6735,13275,-2504.0,2948.0,28290,-6540,Bearish Reversal
2010-04-06,9777,13929,3042.0,654.0,32272,-4152,Bullish
2010-04-13,10417,15371,640.0,1442.0,33886,-4954,Bearish
2010-04-20,9838,15220,-579.0,-151.0,33431,-5382,Bearish Reversal
2010-04-27,13031,26644,3193.0,11424.0,49308,-13613,Bearish
2010-05-04,12665,29257,-366.0,2613.0,51339,-16592,Bearish
2010-05-11,10020,27547,-2645.0,-1710.0,50562,-17527,Bearish Reversal
2010-05-18,10616,25174,596.0,-2373.0,48242,-14558,Bullish Reversal
2010-05-25,11489,24108,873.0,-1066.0,48163,-12619,Bullish Reversal
2010-06-01,11139,25863,-350.0,1755.0,49959,-14724,Bearish
2010-06-08,14111,25526,2972.0,-337.0,59622,-11415,Bullish
2010-06-15,8852,25328,-5259.0,-198.0,44092,-16476,Bearish Reversal
2010-06-22,9620,19885,768.0,-5443.0,43561,-10265,Bullish Reversal
2010-06-29,7647,20495,-1973.0,610.0,42840,-12848,Bearish Reversal
2010-07-06,7627,15082,-20.0,-5413.0,45002,-7455,Bullish
2010-07-13,18237,3647,10610.0,-11435.0,53056,14590,Bullish
2010-07-20,19977,4864,1740.0,1217.0,54918,15113,Bullish
2010-07-27,15283,9067,-4694.0,4203.0,55722,6216,Bearish
2010-08-03,20302,4079,5019.0,-4988.0,57976,16223,Bullish
2010-08-10,16775,5874,-3527.0,1795.0,52566,10901,Bearish Reversal
2010-08-17,18041,6291,1266.0,417.0,54560,11750,Bullish
2010-08-24,20735,6867,2694.0,576.0,57316,13868,Bullish
2010-08-31,21185,6904,450.0,37.0,60655,14281,Bullish
2010-09-07,25464,8837,4279.0,1933.0,74713,16627,Bullish
2010-09-14,27800,13564,2336.0,4727.0,49352,14236,Bearish Reversal
2010-09-21,26272,11810,-1528.0,-1754.0,49910,14462,Bullish
2010-09-28,27655,7662,1383.0,-4148.0,53452,19993,Bullish
2010-10-05,31693,9094,4038.0,1432.0,56636,22599,Bullish
2010-10-12,31504,11557,-189.0,2463.0,57722,19947,Bearish
2010-10-19,24908,13673,-6596.0,2116.0,54022,11235,Bearish Reversal
2010-10-26,24600,12081,-308.0,-1592.0,50068,12519,Bullish Reversal
2010-11-02,23363,10898,-1237.0,-1183.0,48129,12465,Bearish Reversal
2010-11-09,24911,12296,1548.0,1398.0,51000,12615,Bullish
2010-11-16,18005,10202,-6906.0,-2094.0,44579,7803,Bearish Reversal
2010-11-23,14709,6198,-3296.0,-4004.0,40065,8511,Bullish Reversal
2010-11-30,16240,8416,1531.0,2218.0,43600,7824,Bearish
2010-12-07,18014,9027,1774.0,611.0,42914,8987,Bullish Reversal
2010-12-14,20794,10078,2780.0,1051.0,39804,10716,Bullish Reversal
2010-12-21,25365,12838,4571.0,2760.0,44704,12527,Bullish
2010-12-28,24349,10347,-1016.0,-2491.0,46356,14002,Bullish
2011-01-04,24487,11455,138.0,1108.0,47484,13032,Bearish
2011-01-11,20497,9679,-3990.0,-1776.0,42839,10818,Bearish Reversal
2011-01-18,19711,12719,-786.0,3040.0,41839,6992,Bearish Reversal
2011-01-25,17675,11081,-2036.0,-1638.0,40470,6594,Bearish Reversal
2011-02-01,22079,11638,4404.0,557.0,46750,10441,Bullish
2011-02-08,22686,14505,607.0,2867.0,47876,8181,Bearish
2011-02-15,17467,6949,-5219.0,-7556.0,41934,10518,Bullish Reversal
2011-02-22,18326,6035,859.0,-914.0,43931,12291,Bullish
2011-03-01,29218,11201,10892.0,5166.0,57360,18017,Bullish
2011-03-08,30841,7180,1623.0,-4021.0,62936,23661,Bullish
2011-03-15,32295,4655,1454.0,-2525.0,61506,27640,Bullish Reversal
2011-03-22,24883,3582,-7412.0,-1073.0,56786,21301,Bearish Reversal
2011-03-29,24184,5227,-699.0,1645.0,56730,18957,Bearish Reversal
2011-04-05,21588,10745,-2596.0,5518.0,59954,10843,Bearish
2011-04-12,22272,7615,684.0,-3130.0,61505,14657,Bullish
2011-04-19,27271,9897,4999.0,2282.0,69281,17374,Bullish
2011-04-26,27549,9708,278.0,-189.0,71635,17841,Bullish
2011-05-03,28551,10170,1002.0,462.0,72778,18381,Bullish
2011-05-10,27905,11569,-646.0,1399.0,72312,16336,Bearish Reversal
2011-05-17,24409,8748,-3496.0,-2821.0,68304,15661,Bearish Reversal
2011-05-24,23088,8363,-1321.0,-385.0,66776,14725,Bearish Reversal
2011-05-31,27846,6727,4758.0,-1636.0,67713,21119,Bullish
2011-06-07,26290,9425,-1556.0,2698.0,74339,16865,Bearish
2011-06-14,25555,12268,-735.0,2843.0,54048,13287,Bearish Reversal
2011-06-21,23700,11887,-1855.0,-381.0,51304,11813,Bearish Reversal
2011-06-28,21412,11464,-2288.0,-423.0,51227,9948,Bearish Reversal
2011-07-05,15983,10692,-5429.0,-772.0,47566,5291,Bearish Reversal
2011-07-12,18139,10058,2156.0,-634.0,48630,8081,Bullish
2011-07-19,21159,9665,3020.0,-393.0,52133,11494,Bullish
2011-07-26,21103,13226,-56.0,3561.0,53513,7877,Bearish
2011-08-02,25593,13252,4490.0,26.0,56911,12341,Bullish
2011-08-09,14449,9794,-11144.0,-3458.0,53055,4655,Bearish Reversal
2011-08-16,13330,4322,-1119.0,-5472.0,48498,9008,Bullish Reversal
2011-08-23,14889,5252,1559.0,930.0,48964,9637,Bullish
2011-08-30,13347,4005,-1542.0,-1247.0,45566,9342,Bearish Reversal
2011-09-06,12589,5040,-758.0,1035.0,45785,7549,Bearish
2011-09-13,10409,4916,-2180.0,-124.0,43828,5493,Bearish Reversal
2011-09-20,7258,3037,-3151.0,-1879.0,21500,4221,Bearish Reversal
2011-09-27,6618,4194,-640.0,1157.0,23123,2424,Bearish
2011-10-04,5110,6219,-1508.0,2025.0,24964,-1109,Bearish
2011-10-11,5233,5220,123.0,-999.0,24317,13,Bullish Reversal
2011-10-18,3829,6072,-1404.0,852.0,26097,-2243,Bearish
2011-10-25,5077,6280,1248.0,208.0,27697,-1203,Bullish
2011-11-01,3224,4970,-1853.0,-1310.0,23607,-1746,Bearish Reversal
2011-11-08,6928,4766,3704.0,-204.0,25539,2162,Bullish
2011-11-15,5308,7212,-1620.0,2446.0,30206,-1904,Bearish
2011-11-22,4049,9919,-1259.0,2707.0,31022,-5870,Bearish
2011-11-29,4950,14277,901.0,4358.0,37224,-9327,Bearish
2011-12-06,4358,15516,-592.0,1239.0,42548,-11158,Bearish
2011-12-13,5005,15486,647.0,-30.0,56102,-10481,Bullish
2011-12-20,10417,13553,5412.0,-1933.0,33020,-3136,Bullish Reversal
2011-12-27,3829,14627,-6588.0,1074.0,35741,-10798,Bearish
2012-01-03,3787,16142,-42.0,1515.0,37999,-12355,Bearish
2012-01-10,5112,17209,1325.0,1067.0,41869,-12097,Bullish
2012-01-17,4649,17471,-463.0,262.0,41577,-12822,Bearish Reversal
2012-01-24,5172,17686,523.0,215.0,39314,-12514,Bullish Reversal
2012-01-31,6477,17699,1305.0,13.0,40836,-11222,Bullish
2012-02-07,8331,18126,1854.0,427.0,42826,-9795,Bullish
2012-02-14,8663,24526,332.0,6400.0,48092,-15863,Bearish
2012-02-21,7900,27746,-763.0,3220.0,51197,-19846,Bearish
2012-02-28,9775,29166,1875.0,1420.0,52360,-19391,Bullish
2012-03-06,8114,27592,-1661.0,-1574.0,53649,-19478,Bearish
2012-03-13,9351,24149,1237.0,-3443.0,56305,-14798,Bullish
2012-03-20,11747,22938,2396.0,-1211.0,43616,-11191,Bullish Reversal
2012-03-27,6293,21389,-5454.0,-1549.0,42852,-15096,Bearish Reversal
2012-04-03,6615,21291,322.0,-98.0,43624,-14676,Bullish
2012-04-10,6548,16467,-67.0,-4824.0,39995,-9919,Bullish Reversal
2012-04-17,6040,19802,-508.0,3335.0,41358,-13762,Bearish
2012-04-24,4312,20953,-1728.0,1151.0,40155,-16641,Bearish Reversal
2012-05-01,5692,20003,1380.0,-950.0,41657,-14311,Bullish
2012-05-08,4980,21474,-712.0,1471.0,45717,-16494,Bearish
2012-05-15,6127,32821,1147.0,11347.0,63543,-26694,Bearish
2012-05-22,4901,39752,-1226.0,6931.0,71832,-34851,Bearish
2012-05-29,6882,37478,1981.0,-2274.0,71895,-30596,Bullish
2012-06-05,5747,39395,-1135.0,1917.0,71967,-33648,Bearish
2012-06-12,5220,38521,-527.0,-874.0,92023,-33301,Bullish
2012-06-19,24108,31115,18888.0,-7406.0,55756,-7007,Bullish Reversal
2012-06-26,4637,28473,-19471.0,-2642.0,52447,-23836,Bearish Reversal
2012-07-03,5263,24323,626.0,-4150.0,53322,-19060,Bullish
2012-07-10,5815,23399,552.0,-924.0,58117,-17584,Bullish
2012-07-17,6209,29299,394.0,5900.0,62836,-23090,Bearish
2012-07-24,5102,31047,-1107.0,1748.0,64375,-25945,Bearish
2012-07-31,5409,24217,307.0,-6830.0,59536,-18808,Bullish Reversal
2012-08-07,6771,24686,1362.0,469.0,56379,-17915,Bullish Reversal
2012-08-14,6140,24994,-631.0,308.0,56773,-18854,Bearish
2012-08-21,5921,21583,-219.0,-3411.0,54619,-15662,Bullish Reversal
2012-08-28,10684,22145,4763.0,562.0,55426,-11461,Bullish
2012-09-04,9013,22125,-1671.0,-20.0,55949,-13112,Bearish
2012-09-11,11648,20615,2635.0,-1510.0,58031,-8967,Bullish
2012-09-18,13626,18153,1978.0,-2462.0,38449,-4527,Bullish Reversal
2012-09-25,13567,14471,-59.0,-3682.0,37328,-904,Bullish Reversal
2012-10-02,12641,13625,-926.0,-846.0,37313,-984,Bearish Reversal
2012-10-09,11676,11982,-965.0,-1643.0,35264,-306,Bullish Reversal
2012-10-16,10289,11481,-1387.0,-501.0,36487,-1192,Bearish
2012-10-23,10756,8395,467.0,-3086.0,36769,2361,Bullish
2012-10-30,11785,9419,1029.0,1024.0,37591,2366,Bullish
2012-11-06,13509,13812,1724.0,4393.0,40311,-303,Bearish
2012-11-13,11388,20276,-2121.0,6464.0,46940,-8888,Bearish
2012-11-20,7220,19708,-4168.0,-568.0,46210,-12488,Bearish Reversal
2012-11-27,9744,13111,2524.0,-6597.0,42767,-3367,Bullish Reversal
2012-12-04,11722,11086,1978.0,-2025.0,44798,636,Bullish
2012-12-11,11243,8034,-479.0,-3052.0,48835,3209,Bullish
2012-12-18,17361,13081,6118.0,5047.0,43412,4280,Bullish Reversal
2012-12-24,21897,10462,4536.0,-2619.0,48634,11435,Bullish
2012-12-31,23800,12169,1903.0,1707.0,50182,11631,Bullish
2013-01-08,19604,9343,-4196.0,-2826.0,46716,10261,Bearish Reversal
2013-01-15,19007,6237,-597.0,-3106.0,43176,12770,Bullish Reversal
2013-01-22,15232,8848,-3775.0,2611.0,39483,6384,Bearish Reversal
2013-01-29,11994,7846,-3238.0,-1002.0,38618,4148,Bearish Reversal
2013-02-05,13091,9215,1097.0,1369.0,43585,3876,Bearish
2013-02-12,12113,7561,-978.0,-1654.0,41850,4552,Bullish Reversal
2013-02-19,11069,11744,-1044.0,4183.0,42833,-675,Bearish
2013-02-26,8165,16356,-2904.0,4612.0,47602,-8191,Bearish
2013-03-05,7092,18542,-1073.0,2186.0,55311,-11450,Bearish
2013-03-12,6206,19694,-886.0,1152.0,69408,-13488,Bearish
2013-03-19,11143,22139,4937.0,2445.0,50580,-10996,Bullish Reversal
2013-03-26,8668,20866,-2475.0,-1273.0,49575,-12198,Bearish Reversal
2013-04-02,9789,21804,1121.0,938.0,51473,-12015,Bullish
2013-04-09,6570,16584,-3219.0,-5220.0,42751,-10014,Bullish Reversal
2013-04-16,14954,18207,8384.0,1623.0,53769,-3253,Bullish
2013-04-23,13249,12070,-1705.0,-6137.0,50101,1179,Bullish Reversal
2013-04-30,8132,16396,-5117.0,4326.0,50872,-8264,Bearish
2013-05-07,7291,13526,-841.0,-2870.0,49245,-6235,Bullish Reversal
2013-05-14,9550,24960,2259.0,11434.0,58084,-15410,Bearish
2013-05-21,8814,28744,-736.0,3784.0,65146,-19930,Bearish
2013-05-28,7936,36908,-878.0,8164.0,70015,-28972,Bearish
2013-06-04,5871,31674,-2065.0,-5234.0,64552,-25803,Bullish Reversal
2013-06-11,6576,27314,705.0,-4360.0,65244,-20738,Bullish
2013-06-18,14977,9186,8401.0,-18128.0,33846,5791,Bullish Reversal
2013-06-25,9932,7468,-5045.0,-1718.0,31477,2464,Bearish Reversal
2013-07-02,8919,9035,-1013.0,1567.0,31795,-116,Bearish
2013-07-09,12307,14083,3388.0,5048.0,39437,-1776,Bearish
2013-07-16,10754,15723,-1553.0,1640.0,40258,-4969,Bearish
2013-07-23,6339,11772,-4415.0,-3951.0,34906,-5433,Bearish Reversal
2013-07-30,9531,10792,3192.0,-980.0,34099,-1261,Bullish Reversal
2013-08-06,8756,9081,-775.0,-1711.0,34942,-325,Bullish
2013-08-13,10626,8490,1870.0,-591.0,37584,2136,Bullish
2013-08-20,12061,11770,1435.0,3280.0,41138,291,Bearish
2013-08-27,11596,11194,-465.0,-576.0,41682,402,Bullish
2013-09-03,10809,9750,-787.0,-1444.0,40091,1059,Bullish Reversal
2013-09-10,10598,10178,-211.0,428.0,38760,420,Bearish Reversal
2013-09-17,9992,9376,-606.0,-802.0,29094,616,Bullish Reversal
2013-09-24,15129,9384,5137.0,8.0,39512,5745,Bullish
2013-10-01,17898,11262,2769.0,1878.0,45298,6636,Bullish
2013-10-08,20313,9898,2415.0,-1364.0,51017,10415,Bullish
2013-10-15,21757,10990,1444.0,1092.0,50287,10767,Bullish Reversal
2013-10-22,22175,11244,418.0,254.0,52402,10931,Bullish
2013-10-29,22727,11276,552.0,32.0,54705,11451,Bullish
2013-11-05,20479,12384,-2248.0,1108.0,52752,8095,Bearish Reversal
2013-11-12,14122,10933,-6357.0,-1451.0,44399,3189,Bearish Reversal
2013-11-19,13098,9429,-1024.0,-1504.0,41770,3669,Bullish Reversal
2013-11-26,13012,8360,-86.0,-1069.0,42421,4652,Bullish
2013-12-03,14489,7942,1477.0,-418.0,45862,6547,Bullish
2013-12-10,22213,10215,7724.0,2273.0,64506,11998,Bullish
2013-12-17,25292,13337,3079.0,3122.0,47367,11955,Bearish Reversal
2013-12-24,26537,14617,1245.0,1280.0,51131,11920,Bearish
2013-12-31,26507,15618,-30.0,1001.0,51139,10889,Bearish
2014-01-07,18813,14086,-7694.0,-1532.0,42087,4727,Bearish Reversal
2014-01-14,12601,15542,-6212.0,1456.0,42791,-2941,Bearish
2014-01-21,11645,13566,-956.0,-1976.0,42110,-1921,Bullish Reversal
2014-01-28,11389,11830,-256.0,-1736.0,40869,-441,Bullish Reversal
2014-02-04,13236,11016,1847.0,-814.0,41918,2220,Bullish
2014-02-11,12166,11611,-1070.0,595.0,42433,555,Bearish
2014-02-18,14188,17016,2022.0,5405.0,51003,-2828,Bearish
2014-02-25,19396,19038,5208.0,2022.0,55157,358,Bullish
2014-03-04,21818,19650,2422.0,612.0,60532,2168,Bullish
2014-03-11,23097,14140,1279.0,-5510.0,66889,8957,Bullish
2014-03-18,25311,10195,2214.0,-3945.0,49391,15116,Bullish Reversal
2014-03-25,25037,10218,-274.0,23.0,47353,14819,Bearish Reversal
2014-04-01,24800,10569,-237.0,351.0,47228,14231,Bearish Reversal
2014-04-08,19275,7940,-5525.0,-2629.0,44752,11335,Bearish Reversal
2014-04-15,23905,9839,4630.0,1899.0,48976,14066,Bullish
2014-04-22,21732,7709,-2173.0,-2130.0,46888,14023,Bearish Reversal
2014-04-29,21960,8257,228.0,548.0,47424,13703,Bearish
2014-05-06,25102,11918,3142.0,3661.0,55538,13184,Bearish
2014-05-13,16951,10145,-8151.0,-1773.0,45282,6806,Bearish Reversal
2014-05-20,17387,12368,436.0,2223.0,48803,5019,Bearish
2014-05-27,11559,15431,-5828.0,3063.0,48284,-3872,Bearish Reversal
2014-06-03,11907,13919,348.0,-1512.0,48936,-2012,Bullish
2014-06-10,9615,12645,-2292.0,-1274.0,52445,-3030,Bearish
2014-06-17,15296,11776,5681.0,-869.0,32259,3520,Bullish Reversal
2014-06-24,9069,14441,-6227.0,2665.0,33599,-5372,Bearish
2014-07-01,9731,16991,662.0,2550.0,35221,-7260,Bearish
2014-07-08,9136,15949,-595.0,-1042.0,35053,-6813,Bullish Reversal
2014-07-15,8799,15061,-337.0,-888.0,35007,-6262,Bullish Reversal
2014-07-22,9642,17022,843.0,1961.0,38359,-7380,Bearish
2014-07-29,8665,20429,-977.0,3407.0,44022,-11764,Bearish
2014-08-05,9247,28100,582.0,7671.0,57238,-18853,Bearish
2014-08-12,5247,22606,-4000.0,-5494.0,51981,-17359,Bullish Reversal
2014-08-19,6174,21666,927.0,-940.0,50414,-15492,Bullish Reversal
2014-08-26,7466,20505,1292.0,-1161.0,53761,-13039,Bullish
2014-09-02,9166,22333,1700.0,1828.0,60436,-13167,Bearish
2014-09-09,9856,23681,690.0,1348.0,77317,-13825,Bearish
2014-09-16,12889,24285,3033.0,604.0,54929,-11396,Bullish Reversal
2014-09-23,8354,21729,-4535.0,-2556.0,52124,-13375,Bearish Reversal
2014-09-30,11998,24555,3644.0,2826.0,57223,-12557,Bullish
2014-10-07,15509,27928,3511.0,3373.0,60516,-12419,Bullish
2014-10-14,11113,28666,-4396.0,738.0,60968,-17553,Bearish
2014-10-21,7643,25505,-3470.0,-3161.0,55550,-17862,Bearish Reversal
2014-10-28,6887,27170,-756.0,1665.0,57006,-20283,Bearish
2014-11-04,7844,28065,957.0,895.0,59699,-20221,Bullish
2014-11-11,8752,31427,908.0,3362.0,61280,-22675,Bearish
2014-11-18,9142,31258,390.0,-169.0,60718,-22116,Bullish Reversal
2014-11-25,8153,31577,-989.0,319.0,61037,-23424,Bearish
2014-12-02,8628,31550,475.0,-27.0,63659,-22922,Bullish
2014-12-09,8971,31068,343.0,-482.0,78496,-22097,Bullish
2014-12-16,18905,22560,9934.0,-8508.0,51377,-3655,Bullish Reversal
2014-12-23,6514,23360,-12391.0,800.0,55021,-16846,Bearish
2014-12-30,8851,25396,2337.0,2036.0,57951,-16545,Bullish
2015-01-06,5547,29718,-3304.0,4322.0,64427,-24171,Bearish
2015-01-13,4922,31366,-625.0,1648.0,66272,-26444,Bearish
2015-01-20,8226,18035,3304.0,-13331.0,47236,-9809,Bullish Reversal
2015-01-27,8841,16214,615.0,-1821.0,42956,-7373,Bullish Reversal
2015-02-03,8383,13733,-458.0,-2481.0,38421,-5350,Bullish Reversal
2015-02-10,5771,11257,-2612.0,-2476.0,34459,-5486,Bearish Reversal
2015-02-17,4740,10784,-1031.0,-473.0,34204,-6044,Bearish Reversal
2015-02-24,5228,10313,488.0,-471.0,34765,-5085,Bullish
2015-03-03,7027,13089,1799.0,2776.0,40861,-6062,Bearish
2015-03-10,7217,15597,190.0,2508.0,52384,-8380,Bearish
2015-03-17,18129,15894,10912.0,297.0,38889,2235,Bullish Reversal
2015-03-24,12604,16559,-5525.0,665.0,36296,-3955,Bearish Reversal
2015-03-31,13679,12973,1075.0,-3586.0,34149,706,Bullish Reversal
2015-04-07,12746,12626,-933.0,-347.0,33245,120,Bearish Reversal
2015-04-14,12240,12070,-506.0,-556.0,33935,170,Bullish
2015-04-21,11105,10770,-1135.0,-1300.0,31727,335,Bullish Reversal
2015-04-28,11144,9809,39.0,-961.0,31585,1335,Bullish Reversal
2015-05-05,14174,8843,3030.0,-966.0,34449,5331,Bullish
2015-05-12,14778,4228,604.0,-4615.0,33465,10550,Bullish Reversal
2015-05-19,12114,2709,-2664.0,-1519.0,31796,9405,Bearish Reversal
2015-05-26,11202,2872,-912.0,163.0,30432,8330,Bearish Reversal
2015-06-02,12514,4155,1312.0,1283.0,32449,8359,Bullish
2015-06-09,13515,3386,1001.0,-769.0,33813,10129,Bullish
2015-06-16,8858,3500,-4657.0,114.0,19852,5358,Bearish Reversal
2015-06-23,9910,2838,1052.0,-662.0,21869,7072,Bullish
2015-06-30,9559,2704,-351.0,-134.0,21472,6855,Bearish Reversal
2015-07-07,9225,3104,-334.0,400.0,23740,6121,Bearish
2015-07-14,6498,3417,-2727.0,313.0,22390,3081,Bearish Reversal
2015-07-21,9881,6464,3383.0,3047.0,28424,3417,Bullish
2015-07-28,9761,9637,-120.0,3173.0,32365,124,Bearish
2015-08-04,11364,12830,1603.0,3193.0,37399,-1466,Bearish
2015-08-11,9668,16680,-1696.0,3850.0,43677,-7012,Bearish
2015-08-18,8183,18051,-1485.0,1371.0,43588,-9868,Bearish Reversal
2015-08-25,4889,17486,-3294.0,-565.0,37901,-12597,Bearish Reversal
2015-09-01,5442,13945,553.0,-3541.0,36203,-8503,Bullish Reversal
2015-09-08,5585,12481,143.0,-1464.0,40937,-6896,Bullish
2015-09-15,19039,15257,13454.0,2776.0,37846,3782,Bullish Reversal
2015-09-22,13722,15598,-5317.0,341.0,36981,-1876,Bearish Reversal
2015-09-29,13266,15981,-456.0,383.0,38229,-2715,Bearish
2015-10-06,12406,16376,-860.0,395.0,38826,-3970,Bearish
2015-10-13,10863,13215,-1543.0,-3161.0,34934,-2352,Bullish Reversal
2015-10-20,11997,11372,1134.0,-1843.0,35628,625,Bullish
2015-10-27,13947,12448,1950.0,1076.0,38453,1499,Bullish
2015-11-03,17792,24827,3845.0,12379.0,51953,-7035,Bearish
2015-11-10,18945,28255,1153.0,3428.0,60031,-9310,Bearish
2015-11-17,19014,34343,69.0,6088.0,67119,-15329,Bearish
2015-11-24,18314,40523,-700.0,6180.0,72945,-22209,Bearish
2015-12-01,18313,43102,-1.0,2579.0,78546,-24789,Bearish
2015-12-08,11538,37078,-6775.0,-6024.0,77258,-25540,Bearish Reversal
2015-12-15,29710,27759,18172.0,-9319.0,52468,1951,Bullish Reversal
2015-12-22,27646,24894,-2064.0,-2865.0,50265,2752,Bullish Reversal
2015-12-29,26836,23272,-810.0,-1622.0,49114,3564,Bullish Reversal
2016-01-05,26419,22799,-417.0,-473.0,50276,3620,Bullish
2016-01-12,24484,21160,-1935.0,-1639.0,46428,3324,Bearish Reversal
2016-01-19,25191,24285,707.0,3125.0,49290,906,Bearish
2016-01-26,24932,29435,-259.0,5150.0,55694,-4503,Bearish
2016-02-02,25970,30665,1038.0,1230.0,59370,-4695,Bearish
2016-02-09,20356,27624,-5614.0,-3041.0,52701,-7268,Bearish Reversal
2016-02-16,20141,24507,-215.0,-3117.0,48564,-4366,Bullish Reversal
2016-02-23,20213,22534,72.0,-1973.0,47838,-2321,Bullish Reversal
2016-03-01,19723,21230,-490.0,-1304.0,47634,-1507,Bullish Reversal
2016-03-08,19735,19864,12.0,-1366.0,49744,-129,Bullish
2016-03-15,22619,17357,2884.0,-2507.0,40250,5262,Bullish Reversal
2016-03-22,19391,15205,-3228.0,-2152.0,37656,4186,Bearish Reversal
2016-03-29,17932,13285,-1459.0,-1920.0,35601,4647,Bullish Reversal
2016-04-05,16564,10915,-1368.0,-2370.0,36411,5649,Bullish
2016-04-12,17478,9240,914.0,-1675.0,39757,8238,Bullish
2016-04-19,19859,10449,2381.0,1209.0,43212,9410,Bullish
2016-04-26,23990,14725,4131.0,4276.0,42860,9265,Bearish Reversal
2016-05-03,21297,14468,-2693.0,-257.0,41656,6829,Bearish Reversal
2016-05-10,22674,15757,1377.0,1289.0,42701,6917,Bullish
2016-05-17,22463,18316,-211.0,2559.0,44754,4147,Bearish
2016-05-24,24884,20930,2421.0,2614.0,52142,3954,Bearish
2016-05-31,24291,24162,-593.0,3232.0,57175,129,Bearish
2016-06-07,21644,31289,-2647.0,7127.0,62626,-9645,Bearish
2016-06-14,28492,21362,6848.0,-9927.0,43110,7130,Bullish Reversal
2016-06-21,24016,17635,-4476.0,-3727.0,38535,6381,Bearish Reversal
2016-06-28,22905,12038,-1111.0,-5597.0,35507,10867,Bullish Reversal
2016-07-05,22474,13796,-431.0,1758.0,34796,8678,Bearish Reversal
2016-07-12,23330,16612,856.0,2816.0,39010,6718,Bearish
2016-07-19,23191,18504,-139.0,1892.0,41766,4687,Bearish
2016-07-26,26807,25861,3616.0,7357.0,51507,946,Bearish
2016-08-02,21216,22931,-5591.0,-2930.0,44853,-1715,Bearish Reversal
2016-08-09,20426,20319,-790.0,-2612.0,43405,107,Bullish Reversal
2016-08-16,19996,21541,-430.0,1222.0,42786,-1545,Bearish Reversal
2016-08-23,20921,19036,925.0,-2505.0,39554,1885,Bullish Reversal
2016-08-30,24557,16349,3636.0,-2687.0,42294,8208,Bullish
2016-09-06,22819,21368,-1738.0,5019.0,45795,1451,Bearish
2016-09-13,20853,19505,-1966.0,-1863.0,44748,1348,Bearish Reversal
2016-09-20,27281,18868,6428.0,-637.0,40838,8413,Bullish Reversal
2016-09-27,12803,18759,-14478.0,-109.0,38969,-5956,Bearish Reversal
2016-10-04,19293,22229,6490.0,3470.0,46330,-2936,Bullish
2016-10-11,20146,29554,853.0,7325.0,55747,-9408,Bearish
2016-10-18,18329,34706,-1817.0,5152.0,63226,-16377,Bearish
2016-10-25,18828,37528,499.0,2822.0,67211,-18700,Bearish
2016-11-01,12744,32714,-6084.0,-4814.0,59698,-19970,Bearish Reversal
2016-11-08,6806,30097,-5938.0,-2617.0,53632,-23291,Bearish Reversal
2016-11-15,7005,29199,199.0,-898.0,54533,-22194,Bullish
2016-11-22,9515,32415,2510.0,3216.0,60191,-22900,Bearish
2016-11-29,13027,37361,3512.0,4946.0,67062,-24334,Bearish
2016-12-06,9859,35256,-3168.0,-2105.0,65455,-25397,Bearish Reversal
2016-12-13,5600,30888,-4259.0,-4368.0,64633,-25288,Bullish Reversal
2016-12-20,33476,26366,27876.0,-4522.0,55185,7110,Bullish Reversal
2016-12-27,14303,24394,-19173.0,-1972.0,54605,-10091,Bearish Reversal
2017-01-03,11813,25252,-2490.0,858.0,53455,-13439,Bearish Reversal
2017-01-10,10012,24258,-1801.0,-994.0,50253,-14246,Bearish Reversal
2017-01-17,7166,20849,-2846.0,-3409.0,45713,-13683,Bullish Reversal
2017-01-24,6198,19842,-968.0,-1007.0,45493,-13644,Bullish Reversal
2017-01-31,6812,23952,614.0,4110.0,49558,-17140,Bearish
2017-02-07,7059,21680,247.0,-2272.0,48883,-14621,Bullish Reversal
2017-02-14,6608,18092,-451.0,-3588.0,47482,-11484,Bullish Reversal
2017-02-21,6945,15881,337.0,-2211.0,48398,-8936,Bullish
2017-02-28,3569,15383,-3376.0,-498.0,46601,-11814,Bearish Reversal
2017-03-07,12718,22734,9149.0,7351.0,56508,-10016,Bullish
2017-03-14,12950,21947,232.0,-787.0,45623,-8997,Bullish Reversal
2017-03-21,9089,21068,-3861.0,-879.0,42613,-11979,Bearish Reversal
2017-03-28,6886,23278,-2203.0,2210.0,42124,-16392,Bearish Reversal
2017-04-04,5694,19519,-1192.0,-3759.0,39010,-13825,Bullish Reversal
2017-04-11,13107,23235,7413.0,3716.0,46768,-10128,Bullish
2017-04-18,10830,24632,-2277.0,1397.0,48435,-13802,Bearish
2017-04-25,7654,24971,-3176.0,339.0,46882,-17317,Bearish Reversal
2017-05-02,4448,22156,-3206.0,-2815.0,43343,-17708,Bearish Reversal
2017-05-09,8480,23676,4032.0,1520.0,48410,-15196,Bullish
2017-05-16,3946,25108,-4534.0,1432.0,48928,-21162,Bearish
2017-05-23,6118,25903,2172.0,795.0,51178,-19785,Bullish
2017-05-30,8735,27247,2617.0,1344.0,54403,-18512,Bullish
2017-06-06,6752,23307,-1983.0,-3940.0,51728,-16555,Bullish Reversal
2017-06-13,8518,22978,1766.0,-329.0,55138,-14460,Bullish
2017-06-20,11275,14257,2757.0,-8721.0,35051,-2982,Bullish Reversal
2017-06-27,11218,15887,-57.0,1630.0,37364,-4669,Bearish
2017-07-03,10928,11041,-290.0,-4846.0,38491,-113,Bullish
2017-07-11,10359,10151,-569.0,-890.0,37943,208,Bullish Reversal
2017-07-18,13832,17499,3473.0,7348.0,43183,-3667,Bearish
2017-07-25,14893,16443,1061.0,-1056.0,45005,-1550,Bullish
2017-08-01,13536,12096,-1357.0,-4347.0,39812,1440,Bullish Reversal
2017-08-08,15268,16670,1732.0,4574.0,43122,-1402,Bearish
2017-08-15,12556,13737,-2712.0,-2933.0,39380,-1181,Bullish Reversal
2017-08-22,12168,14155,-388.0,418.0,40420,-1987,Bearish
2017-08-29,13209,14987,1041.0,832.0,42067,-1778,Bullish
2017-09-05,11892,14063,-1317.0,-924.0,42019,-2171,Bearish Reversal
2017-09-12,13556,14870,1664.0,807.0,44076,-1314,Bullish
2017-09-19,13387,14956,-169.0,86.0,35451,-1569,Bearish Reversal
2017-09-26,14926,16788,1539.0,1832.0,39765,-1862,Bearish
2017-10-03,17614,20907,2688.0,4119.0,44571,-3293,Bearish
2017-10-10,18211,22473,597.0,1566.0,49039,-4262,Bearish
2017-10-17,22174,27105,3963.0,4632.0,55168,-4931,Bearish
2017-10-24,22539,34136,365.0,7031.0,63892,-11597,Bearish
2017-10-31,21001,41672,-1538.0,7536.0,74717,-20671,Bearish
2017-11-07,19568,44678,-1433.0,3006.0,79116,-25110,Bearish
2017-11-14,19470,47453,-98.0,2775.0,81661,-27983,Bearish
2017-11-21,20821,50561,1351.0,3108.0,82906,-29740,Bearish
2017-11-28,17581,47765,-3240.0,-2796.0,79544,-30184,Bearish Reversal
2017-12-05,17891,47458,310.0,-307.0,80778,-29567,Bullish
2017-12-12,19349,48114,1458.0,656.0,95115,-28765,Bullish
2017-12-19,29875,47270,10526.0,-844.0,78872,-17395,Bullish Reversal
2017-12-26,31959,45861,2084.0,-1409.0,81655,-13902,Bullish
2018-01-02,24984,41216,-6975.0,-4645.0,75662,-16232,Bearish Reversal
2018-01-09,18523,40445,-6461.0,-771.0,77070,-21922,Bearish
2018-01-16,14233,35339,-4290.0,-5106.0,70214,-21106,Bullish Reversal
2018-01-23,14245,36360,12.0,1021.0,71767,-22115,Bearish
2018-01-30,16673,37000,2428.0,640.0,72587,-20327,Bullish
2018-02-06,16898,37139,225.0,139.0,73968,-20241,Bullish
2018-02-13,17763,37688,865.0,549.0,74651,-19925,Bullish
2018-02-20,17063,32851,-700.0,-4837.0,69137,-15788,Bullish Reversal
2018-02-27,15888,31887,-1175.0,-964.0,69018,-15999,Bearish Reversal
2018-03-06,17945,26422,2057.0,-5465.0,62349,-8477,Bullish Reversal
2018-03-13,17190,23762,-755.0,-2660.0,63221,-6572,Bullish
2018-03-20,17431,25677,241.0,1915.0,44305,-8246,Bearish Reversal
2018-03-27,15992,25437,-1439.0,-240.0,44649,-9445,Bearish
2018-04-03,17908,27819,1916.0,2382.0,48734,-9911,Bearish
2018-04-10,18370,29114,462.0,1295.0,51144,-10744,Bearish
2018-04-17,24967,35488,6597.0,6374.0,59012,-10521,Bullish
2018-04-24,29376,39601,4409.0,4113.0,71004,-10225,Bullish
2018-05-01,28810,48266,-566.0,8665.0,84228,-19456,Bearish
2018-05-08,25690,58292,-3120.0,10026.0,97900,-32602,Bearish
2018-05-15,25724,62117,34.0,3825.0,103691,-36393,Bearish
2018-05-22,25386,62697,-338.0,580.0,104258,-37311,Bearish
2018-05-29,19744,63175,-5642.0,478.0,107190,-43431,Bearish
2018-06-05,16349,55565,-3395.0,-7610.0,100867,-39216,Bullish Reversal
2018-06-12,13020,50265,-3329.0,-5300.0,101245,-37245,Bullish
2018-06-19,18837,50794,5817.0,529.0,93601,-31957,Bullish Reversal
2018-06-26,13242,51273,-5595.0,479.0,92933,-38031,Bearish Reversal
2018-07-03,9599,50093,-3643.0,-1180.0,91196,-40494,Bearish Reversal
2018-07-10,8308,48429,-1291.0,-1664.0,89910,-40121,Bullish Reversal
2018-07-17,7320,49463,-988.0,1034.0,91952,-42143,Bearish
2018-07-24,4764,50572,-2556.0,1109.0,91838,-45808,Bearish Reversal
2018-07-31,6190,50612,1426.0,40.0,91099,-44422,Bullish Reversal
2018-08-07,5728,51836,-462.0,1224.0,90930,-46108,Bearish Reversal
2018-08-14,5424,51273,-304.0,-563.0,90768,-45849,Bullish Reversal
2018-08-21,6302,53520,878.0,2247.0,90905,-47218,Bearish
2018-08-28,5884,50628,-418.0,-2892.0,85366,-44744,Bullish Reversal
2018-09-04,7973,48367,2089.0,-2261.0,80733,-40394,Bullish Reversal
2018-09-11,7676,43026,-297.0,-5341.0,79879,-35350,Bullish Reversal
2018-09-18,9875,28313,2199.0,-14713.0,54251,-18438,Bullish Reversal
2018-09-25,10394,26477,519.0,-1836.0,53927,-16083,Bullish Reversal
2018-10-02,11848,25250,1454.0,-1227.0,54650,-13402,Bullish
2018-10-09,14990,27793,3142.0,2543.0,61862,-12803,Bullish
2018-10-16,13505,30029,-1485.0,2236.0,64635,-16524,Bearish
2018-10-23,13213,30318,-292.0,289.0,69685,-17105,Bearish
2018-10-30,18851,33373,5638.0,3055.0,75835,-14522,Bullish
2018-11-06,16747,36695,-2104.0,3322.0,77205,-19948,Bearish
2018-11-13,15841,34443,-906.0,-2252.0,77629,-18602,Bullish
2018-11-20,17418,37043,1577.0,2600.0,81100,-19625,Bearish
2018-11-27,16871,37939,-547.0,896.0,78973,-21068,Bearish Reversal
2018-12-04,17913,37708,1042.0,-231.0,79008,-19795,Bullish
2018-12-11,16858,35125,-1055.0,-2583.0,81518,-18267,Bullish
2018-12-18,8437,31363,-8421.0,-3762.0,70943,-22926,Bearish Reversal
2018-12-24,6830,30159,-1607.0,-1204.0,70711,-23329,Bearish Reversal
2018-12-31,5931,31461,-899.0,1302.0,67730,-25530,Bearish Reversal
2019-01-08,5724,28910,-207.0,-2551.0,67100,-23186,Bullish Reversal
2019-01-15,5870,21164,146.0,-7746.0,62523,-15294,Bullish Reversal
2019-01-22,6091,22493,221.0,1329.0,63095,-16402,Bearish
2019-01-29,6826,24906,735.0,2413.0,65004,-18080,Bearish
2019-02-05,9664,27778,2838.0,2872.0,68402,-18114,Bearish
2019-02-12,10246,30926,582.0,3148.0,72014,-20680,Bearish
2019-02-19,9497,32847,-749.0,1921.0,74612,-23350,Bearish
2019-02-26,8777,34126,-720.0,1279.0,75277,-25349,Bearish
2019-03-05,11993,36097,3216.0,1971.0,79621,-24104,Bullish
2019-03-12,12174,35479,181.0,-618.0,85572,-23305,Bullish
2019-03-19,7626,34815,-4548.0,-664.0,75896,-27189,Bearish Reversal
2019-03-26,5759,33054,-1867.0,-1761.0,72539,-27295,Bearish Reversal
2019-04-02,7280,33546,1521.0,492.0,73617,-26266,Bullish
2019-04-09,7285,35431,5.0,1885.0,74157,-28146,Bearish
2019-04-16,6571,39155,-714.0,3724.0,81940,-32584,Bearish
2019-04-23,9639,47175,3068.0,8020.0,94115,-37536,Bearish
2019-04-30,14239,53985,4600.0,6810.0,102722,-39746,Bearish
2019-05-07,12383,51962,-1856.0,-2023.0,101595,-39579,Bullish Reversal
2019-05-14,7646,47656,-4737.0,-4306.0,93782,-40010,Bearish Reversal
2019-05-21,5270,42765,-2376.0,-4891.0,88283,-37495,Bullish Reversal
2019-05-28,4644,39319,-626.0,-3446.0,85660,-34675,Bullish Reversal
2019-06-04,4541,40606,-103.0,1287.0,82843,-36065,Bearish Reversal
2019-06-11,4466,29254,-75.0,-11352.0,72177,-24788,Bullish Reversal
2019-06-18,6317,21801,1851.0,-7453.0,58961,-15484,Bullish Reversal
2019-06-25,7030,23511,713.0,1710.0,55740,-16481,Bearish Reversal
2019-07-02,5672,16414,-1358.0,-7097.0,50766,-10742,Bullish Reversal
2019-07-09,7149,17577,1477.0,1163.0,51844,-10428,Bullish
2019-07-16,5962,17694,-1187.0,117.0,52203,-11732,Bearish
2019-07-23,6886,20079,924.0,2385.0,53369,-13193,Bearish
2019-07-30,10821,25309,3935.0,5230.0,57805,-14488,Bearish
2019-08-06,8395,24826,-2426.0,-483.0,56716,-16431,Bearish Reversal
2019-08-13,7760,20712,-635.0,-4114.0,54267,-12952,Bullish Reversal
2019-08-20,7925,19042,165.0,-1670.0,54941,-11117,Bullish
2019-08-27,14235,18035,6310.0,-1007.0,55251,-3800,Bullish
2019-09-03,16362,22201,2127.0,4166.0,60867,-5839,Bearish
2019-09-10,16087,18979,-275.0,-3222.0,64165,-2892,Bullish
2019-09-17,15125,19681,-962.0,702.0,52487,-4556,Bearish Reversal
2019-09-24,14279,24831,-846.0,5150.0,56934,-10552,Bearish
2019-10-01,18245,29780,3966.0,4949.0,65484,-11535,Bearish
2019-10-08,15252,26299,-2993.0,-3481.0,64837,-11047,Bullish Reversal
2019-10-15,13534,26300,-1718.0,1.0,64763,-12766,Bearish Reversal
2019-10-22,13051,24386,-483.0,-1914.0,61619,-11335,Bullish Reversal
2019-10-29,14334,26818,1283.0,2432.0,65712,-12484,Bearish
2019-11-05,14048,28201,-286.0,1383.0,67855,-14153,Bearish
2019-11-12,12824,27944,-1224.0,-257.0,68066,-15120,Bearish
2019-11-19,11573,27765,-1251.0,-179.0,68223,-16192,Bearish
2019-11-26,14767,35742,3194.0,7977.0,77318,-20975,Bearish
2019-12-03,15119,37406,352.0,1664.0,79183,-22287,Bearish
2019-12-10,10182,31047,-4937.0,-6359.0,75650,-20865,Bullish Reversal
2019-12-17,13762,24836,3580.0,-6211.0,61630,-11074,Bullish Reversal
2019-12-24,14516,24195,754.0,-641.0,60450,-9679,Bullish Reversal
2019-12-31,14549,20274,33.0,-3921.0,55514,-5725,Bullish Reversal
2020-01-07,11298,15767,-3251.0,-4507.0,49365,-4469,Bullish Reversal
2020-01-14,12417,12609,1119.0,-3158.0,49118,-192,Bullish Reversal
2020-01-21,12375,10839,-42.0,-1770.0,50368,1536,Bullish
2020-01-28,12969,9472,594.0,-1367.0,51440,3497,Bullish
2020-02-04,14261,9342,1292.0,-130.0,49855,4919,Bullish Reversal
2020-02-11,15937,12170,1676.0,2828.0,51465,3767,Bearish
2020-02-18,17057,15516,1120.0,3346.0,52520,1541,Bearish
2020-02-25,19914,19298,2857.0,3782.0,57192,616,Bearish
2020-03-03,14727,17969,-5187.0,-1329.0,54436,-3242,Bearish Reversal
2020-03-10,13460,12865,-1267.0,-5104.0,50474,595,Bullish Reversal
2020-03-17,13963,6589,503.0,-6276.0,35254,7374,Bullish Reversal
2020-03-24,10294,5403,-3669.0,-1186.0,30767,4891,Bearish Reversal
2020-03-31,10389,5442,95.0,39.0,29657,4947,Bullish Reversal
2020-04-07,11186,5582,797.0,140.0,30391,5604,Bullish
2020-04-14,11608,6951,422.0,1369.0,32718,4657,Bearish
2020-04-21,12731,7807,1123.0,856.0,35026,4924,Bullish
2020-04-28,12474,6898,-257.0,-909.0,36326,5576,Bullish
2020-05-05,12967,5176,493.0,-1722.0,36257,7791,Bullish Reversal
2020-05-12,12624,5976,-343.0,800.0,40469,6648,Bearish
2020-05-19,13678,4950,1054.0,-1026.0,38746,8728,Bullish Reversal
2020-05-26,13246,4507,-432.0,-443.0,39072,8739,Bullish
2020-06-02,13364,4375,118.0,-132.0,40352,8989,Bullish
2020-06-09,10463,8697,-2901.0,4322.0,41580,1766,Bearish
2020-06-16,9150,7544,-1313.0,-1153.0,35733,1606,Bearish Reversal
2020-06-23,11739,10291,2589.0,2747.0,42299,1448,Bearish
2020-06-30,12796,8458,1057.0,-1833.0,41400,4338,Bullish Reversal
2020-07-07,12832,9054,36.0,596.0,45115,3778,Bearish
2020-07-14,16526,9469,3694.0,415.0,48430,7057,Bullish
2020-07-21,17761,10382,1235.0,913.0,51006,7379,Bullish
2020-07-28,17654,9212,-107.0,-1170.0,51799,8442,Bullish
2020-08-04,21760,10100,4106.0,888.0,56772,11660,Bullish
2020-08-11,23084,5919,1324.0,-4181.0,56592,17165,Bullish Reversal
2020-08-18,20774,6267,-2310.0,348.0,56114,14507,Bearish Reversal
2020-08-25,18344,6478,-2430.0,211.0,53085,11866,Bearish Reversal
2020-09-01,19263,7666,919.0,1188.0,54037,11597,Bearish
2020-09-08,18440,6913,-823.0,-753.0,52562,11527,Bearish Reversal
2020-09-15,18649,6583,209.0,-330.0,52411,12066,Bullish Reversal
2020-09-22,21684,5768,3035.0,-815.0,51875,15916,Bullish Reversal
2020-09-29,19166,6425,-2518.0,657.0,47666,12741,Bearish Reversal
2020-10-06,16941,3845,-2225.0,-2580.0,45038,13096,Bullish Reversal
2020-10-13,16896,4724,-45.0,879.0,47725,12172,Bearish
2020-10-20,21682,7283,4786.0,2559.0,52755,14399,Bullish
2020-10-27,22189,6686,507.0,-597.0,52735,15503,Bullish Reversal
2020-11-03,20775,5880,-1414.0,-806.0,51092,14895,Bearish Reversal
2020-11-10,21403,5539,628.0,-341.0,52528,15864,Bullish
2020-11-17,19929,5005,-1474.0,-534.0,50775,14924,Bearish Reversal
2020-11-24,20117,5131,188.0,126.0,50388,14986,Bullish Reversal
2020-12-01,19860,5209,-257.0,78.0,51683,14651,Bearish
2020-12-08,16693,6270,-3167.0,1061.0,54922,10423,Bearish
2020-12-15,17177,7886,484.0,1616.0,48913,9291,Bearish Reversal
2020-12-21,23286,12042,6109.0,4156.0,53305,11244,Bullish
2020-12-29,21496,9709,-1790.0,-2333.0,52404,11787,Bullish Reversal
2021-01-05,17386,8014,-4110.0,-1695.0,49028,9372,Bearish Reversal
2021-01-12,20421,8446,3035.0,432.0,50164,11975,Bullish
2021-01-19,17706,8286,-2715.0,-160.0,48530,9420,Bearish Reversal
2021-01-26,17638,7546,-68.0,-740.0,48337,10092,Bullish Reversal
2021-02-02,22159,7518,4521.0,-28.0,50832,14641,Bullish
2021-02-09,18778,7370,-3381.0,-148.0,48656,11408,Bearish Reversal
2021-02-16,15745,7374,-3033.0,4.0,48093,8371,Bearish Reversal
2021-02-23,21561,10038,5816.0,2664.0,53002,11523,Bullish
2021-03-02,21863,9602,302.0,-436.0,52707,12261,Bullish Reversal
2021-03-09,23614,9221,1751.0,-381.0,57348,14393,Bullish
2021-03-16,13297,8626,-10317.0,-595.0,37985,4671,Bearish Reversal
2021-03-23,12458,9586,-839.0,960.0,38302,2872,Bearish
2021-03-30,16086,11817,3628.0,2231.0,42770,4269,Bullish
2021-04-06,15690,12445,-396.0,628.0,43677,3245,Bearish
2021-04-13,12965,12141,-2725.0,-304.0,42423,824,Bearish Reversal
2021-04-20,11264,12906,-1701.0,765.0,41266,-1642,Bearish Reversal
2021-04-27,11116,11802,-148.0,-1104.0,40783,-686,Bullish Reversal
2021-05-04,10276,10220,-840.0,-1582.0,39526,56,Bullish Reversal
2021-05-11,10381,13232,105.0,3012.0,41585,-2851,Bearish
2021-05-18,11115,15380,734.0,2148.0,44162,-4265,Bearish
2021-05-25,12223,13426,1108.0,-1954.0,43521,-1203,Bullish Reversal
2021-06-01,13940,13616,1717.0,190.0,46004,324,Bullish
2021-06-08,12649,11573,-1291.0,-2043.0,49202,1076,Bullish
2021-06-15,14875,5488,2226.0,-6085.0,37057,9387,Bullish Reversal
2021-06-22,20980,7428,6105.0,1940.0,41889,13552,Bullish
2021-06-29,18941,7876,-2039.0,448.0,42684,11065,Bearish
2021-07-06,19230,9068,289.0,1192.0,44739,10162,Bearish
2021-07-13,18074,10937,-1156.0,1869.0,45704,7137,Bearish
2021-07-20,18061,10019,-13.0,-918.0,44735,8042,Bullish Reversal
2021-07-27,18262,9773,201.0,-246.0,44784,8489,Bullish
2021-08-03,16522,8979,-1740.0,-794.0,42456,7543,Bearish Reversal
2021-08-10,18537,8859,2015.0,-120.0,45159,9678,Bullish
2021-08-17,14354,8807,-4183.0,-52.0,44005,5547,Bearish Reversal
2021-08-24,14608,10514,254.0,1707.0,43703,4094,Bearish Reversal
2021-08-31,14259,10284,-349.0,-230.0,43060,3975,Bearish Reversal
2021-09-07,11671,11451,-2588.0,1167.0,44573,220,Bearish
2021-09-14,6170,12048,-5501.0,597.0,45513,-5878,Bearish
2021-09-21,7447,16664,1277.0,4616.0,56838,-9217,Bearish
2021-09-28,6734,18321,-713.0,1657.0,58506,-11587,Bearish
2021-10-05,2274,17953,-4460.0,-368.0,55970,-15679,Bearish Reversal
2021-10-12,3560,16532,1286.0,-1421.0,57341,-12972,Bullish
2021-10-19,2365,19949,-1195.0,3417.0,55600,-17584,Bearish Reversal
2021-10-26,1246,20625,-1119.0,676.0,54305,-19379,Bearish Reversal
2021-11-02,1439,22087,193.0,1462.0,51613,-20648,Bearish Reversal
2021-11-09,4690,21733,3251.0,-354.0,51546,-17043,Bullish Reversal
2021-11-16,5502,14391,812.0,-7342.0,49320,-8889,Bullish Reversal
2021-11-23,6241,17617,739.0,3226.0,52412,-11376,Bearish
2021-11-30,3927,18109,-2314.0,492.0,50543,-14182,Bearish Reversal
2021-12-07,2838,14891,-1089.0,-3218.0,51229,-12053,Bullish
2021-12-14,1344,9680,-1494.0,-5211.0,38467,-8336,Bullish Reversal
2021-12-21,2460,11687,1116.0,2007.0,40920,-9227,Bearish
2021-12-28,1043,11761,-1417.0,74.0,40122,-10718,Bearish Reversal
2022-01-04,4510,14039,3467.0,2278.0,42251,-9529,Bullish
2022-01-11,4571,12231,61.0,-1808.0,42713,-7660,Bullish
2022-01-18,925,11735,-3646.0,-496.0,39871,-10810,Bearish Reversal
2022-01-25,1999,10795,1074.0,-940.0,39742,-8796,Bullish Reversal
2022-02-01,698,8937,-1301.0,-1858.0,41054,-8239,Bullish
2022-02-08,1234,10633,536.0,1696.0,41481,-9399,Bearish
2022-02-15,3652,13367,2418.0,2734.0,45522,-9715,Bearish
2022-02-22,3785,14772,133.0,1405.0,47339,-10987,Bearish
2022-03-01,1651,16899,-2134.0,2127.0,47273,-15248,Bearish Reversal
2022-03-08,4856,14566,3205.0,-2333.0,51820,-9710,Bullish
2022-03-15,5808,11037,952.0,-3529.0,43356,-5229,Bullish Reversal
2022-03-22,6012,14436,204.0,3399.0,44911,-8424,Bearish
2022-03-29,3292,14871,-2720.0,435.0,44327,-11579,Bearish Reversal
2022-04-05,1860,14253,-1432.0,-618.0,40005,-12393,Bearish Reversal
2022-04-12,1642,15584,-218.0,1331.0,41231,-13942,Bearish
2022-04-19,2900,14350,1258.0,-1234.0,44269,-11450,Bullish
2022-04-26,4455,17324,1555.0,2974.0,47297,-12869,Bearish
2022-05-03,4357,18264,-98.0,940.0,49385,-13907,Bearish
2022-05-10,4727,20490,370.0,2226.0,51282,-15763,Bearish
2022-05-17,5240,21832,513.0,1342.0,53291,-16592,Bearish
2022-05-24,1355,21028,-3885.0,-804.0,49918,-19673,Bearish Reversal
2022-05-31,2641,23099,1286.0,2071.0,49579,-20458,Bearish Reversal
2022-06-07,2609,18741,-32.0,-4358.0,49794,-16132,Bullish
2022-06-14,4291,11099,1682.0,-7642.0,39362,-6808,Bullish Reversal
2022-06-21,3068,10225,-1223.0,-874.0,37669,-7157,Bearish Reversal
2022-06-28,4523,13114,1455.0,2889.0,40123,-8591,Bearish
2022-07-05,3218,13353,-1305.0,239.0,38504,-10135,Bearish Reversal
2022-07-12,7017,15741,3799.0,2388.0,41255,-8724,Bullish
2022-07-19,6948,17860,-69.0,2119.0,41855,-10912,Bearish
2022-07-26,8138,19437,1190.0,1577.0,44081,-11299,Bearish
2022-08-02,8170,21478,32.0,2041.0,45874,-13308,Bearish
2022-08-09,8635,18417,465.0,-3061.0,43202,-9782,Bullish Reversal
2022-08-16,7773,12869,-862.0,-5548.0,39407,-5096,Bullish Reversal
2022-08-23,9541,11946,1768.0,-923.0,42471,-2405,Bullish
2022-08-30,11915,14177,2374.0,2231.0,47168,-2262,Bullish
2022-09-06,10882,14919,-1033.0,742.0,48226,-4037,Bearish
2022-09-13,7704,15009,-3178.0,90.0,44853,-7305,Bearish Reversal
2022-09-20,8167,14907,463.0,-102.0,40937,-6740,Bullish Reversal
2022-09-27,7681,13411,-486.0,-1496.0,44492,-5730,Bullish
2022-10-04,7816,14668,135.0,1257.0,43121,-6852,Bearish Reversal
2022-10-11,5501,11391,-2315.0,-3277.0,43748,-5890,Bullish
2022-10-18,7052,14138,1551.0,2747.0,44911,-7086,Bearish
2022-10-25,5538,16838,-1514.0,2700.0,46594,-11300,Bearish
2022-11-01,6612,21396,1074.0,4558.0,50107,-14784,Bearish
2022-11-08,4865,22019,-1747.0,623.0,49907,-17154,Bearish Reversal
2022-11-15,2271,19098,-2594.0,-2921.0,41966,-16827,Bullish Reversal
2022-11-22,1910,16386,-361.0,-2712.0,41440,-14476,Bullish Reversal
2022-11-29,1488,15735,-422.0,-651.0,41360,-14247,Bullish Reversal
2022-12-06,1343,13573,-145.0,-2162.0,40171,-12230,Bullish Reversal
2022-12-13,2081,13892,738.0,319.0,49340,-11811,Bullish
2022-12-20,5001,9065,2920.0,-4827.0,30040,-4064,Bullish Reversal
2022-12-27,3929,8060,-1072.0,-1005.0,29851,-4131,Bearish Reversal
2023-01-03,6632,9486,2703.0,1426.0,33250,-2854,Bullish
2023-01-10,3668,11038,-2964.0,1552.0,33266,-7370,Bearish
2023-01-17,3919,11860,251.0,822.0,34300,-7941,Bearish
2023-01-24,3624,13132,-295.0,1272.0,35368,-9508,Bearish
2023-01-31,5664,13978,2040.0,846.0,38345,-8314,Bullish
2023-02-07,7052,13420,1388.0,-558.0,38842,-6368,Bullish
2023-02-14,4701,12169,-2351.0,-1251.0,37591,-7468,Bearish Reversal
2023-02-21,7243,13763,2542.0,1594.0,39087,-6520,Bullish
2023-02-28,8876,13793,1633.0,30.0,41991,-4917,Bullish
2023-03-07,10394,14344,1518.0,551.0,46745,-3950,Bullish
2023-03-14,3594,13559,-6800.0,-785.0,39006,-9965,Bearish Reversal
2023-03-21,4853,12150,1259.0,-1409.0,35837,-7297,Bullish Reversal
2023-03-28,3978,10052,-875.0,-2098.0,34856,-6074,Bullish Reversal
2023-04-04,2958,10961,-1020.0,909.0,37177,-8003,Bearish
2023-04-11,4155,10889,1197.0,-72.0,38272,-6734,Bullish
2023-04-18,5347,10067,1192.0,-822.0,40870,-4720,Bullish
2023-04-25,6556,10212,1209.0,145.0,41736,-3656,Bullish
2023-05-02,8230,11229,1674.0,1017.0,43251,-2999,Bullish
2023-05-09,7056,11523,-1174.0,294.0,43389,-4467,Bearish
2023-05-16,8561,10420,1505.0,-1103.0,43681,-1859,Bullish
2023-05-23,10267,11170,1706.0,750.0,44808,-903,Bullish
2023-05-30,8482,8917,-1785.0,-2253.0,41354,-435,Bullish Reversal
2023-06-06,11579,12893,3097.0,3976.0,44087,-1314,Bearish
2023-06-13,8386,13429,-3193.0,536.0,48163,-5043,Bearish
2023-06-20,8322,13173,-64.0,-256.0,36128,-4851,Bullish Reversal
2023-06-27,6627,11573,-1695.0,-1600.0,37379,-4946,Bearish
2023-07-03,10634,14038,4007.0,2465.0,40639,-3404,Bullish
2023-07-11,7417,15324,-3217.0,1286.0,43563,-7907,Bearish
2023-07-18,6772,16983,-645.0,1659.0,43213,-10211,Bearish Reversal
2023-07-25,7804,16235,1032.0,-748.0,44180,-8431,Bullish
2023-08-01,7299,16046,-505.0,-189.0,43983,-8747,Bearish Reversal
2023-08-08,8509,13961,1210.0,-2085.0,43122,-5452,Bullish Reversal
2023-08-15,8693,12700,184.0,-1261.0,42794,-4007,Bullish Reversal
2023-08-22,10200,14066,1507.0,1366.0,44326,-3866,Bullish
2023-08-29,8253,12771,-1947.0,-1295.0,43242,-4518,Bearish Reversal
2023-09-05,11494,16819,3241.0,4048.0,46670,-5325,Bearish
2023-09-12,9009,18347,-2485.0,1528.0,49945,-9338,Bearish
2023-09-19,12196,20131,3187.0,1784.0,46638,-7935,Bullish Reversal
2023-09-26,12377,21492,181.0,1361.0,53900,-9115,Bearish
2023-10-03,11143,27885,-1234.0,6393.0,58673,-16742,Bearish
2023-10-10,11633,27708,490.0,-177.0,61742,-16075,Bullish
2023-10-17,10327,27405,-1306.0,-303.0,61346,-17078,Bearish Reversal
2023-10-24,9807,24902,-520.0,-2503.0,59266,-15095,Bullish Reversal
2023-10-31,8888,23798,-919.0,-1104.0,56353,-14910,Bullish Reversal
2023-11-07,8054,25616,-834.0,1818.0,56756,-17562,Bearish
2023-11-14,5515,25666,-2539.0,50.0,59464,-20151,Bearish
2023-11-21,4727,23721,-788.0,-1945.0,58815,-18994,Bullish Reversal
2023-11-28,4300,24589,-427.0,868.0,60479,-20289,Bearish
2023-12-05,3732,21584,-568.0,-3005.0,60356,-17852,Bullish Reversal
2023-12-12,3970,18444,238.0,-3140.0,65186,-14474,Bullish
2023-12-19,6723,12811,2753.0,-5633.0,45281,-6088,Bullish Reversal
2023-12-26,8422,11867,1699.0,-944.0,47222,-3445,Bullish
2024-01-02,10734,15949,2312.0,4082.0,51236,-5215,Bearish
2024-01-09,11044,15436,310.0,-513.0,50169,-4392,Bullish Reversal
2024-01-16,10627,14365,-417.0,-1071.0,50480,-3738,Bullish
2024-01-23,10049,15220,-578.0,855.0,48398,-5171,Bearish Reversal
2024-01-30,10137,14041,88.0,-1179.0,47783,-3904,Bullish Reversal
2024-02-06,10591,16158,454.0,2117.0,49919,-5567,Bearish
2024-02-13,12689,18703,2098.0,2545.0,55069,-6014,Bearish
2024-02-20,13036,22959,347.0,4256.0,60030,-9923,Bearish
2024-02-27,15857,27838,2821.0,4879.0,65207,-11981,Bearish
2024-03-05,16935,34486,1078.0,6648.0,76166,-17551,Bearish
2024-03-12,11236,29106,-5699.0,-5380.0,82442,-17870,Bearish
2024-03-19,13003,33503,1767.0,4397.0,71545,-20500,Bearish Reversal
2024-03-26,16323,38291,3320.0,4788.0,80460,-21968,Bearish
2024-04-02,21220,43590,4897.0,5299.0,87108,-22370,Bearish
2024-04-09,16626,48390,-4594.0,4800.0,90833,-31764,Bearish
2024-04-16,14650,50862,-1976.0,2472.0,93411,-36212,Bearish
2024-04-23,9681,52243,-4969.0,1381.0,96029,-42562,Bearish
2024-04-30,11040,52826,1359.0,583.0,98926,-41786,Bullish
2024-05-07,9237,51024,-1803.0,-1802.0,94645,-41787,Bearish Reversal
2024-05-14,6646,47753,-2591.0,-3271.0,90701,-41107,Bullish Reversal
2024-05-21,7688,48333,1042.0,580.0,94270,-40645,Bullish
2024-05-28,8943,53309,1255.0,4976.0,100381,-44366,Bearish
2024-06-04,7751,53514,-1192.0,205.0,98815,-45763,Bearish Reversal
2024-06-11,7698,50561,-53.0,-2953.0,101556,-42863,Bullish
2024-06-18,6474,43864,-1224.0,-6697.0,88290,-37390,Bullish Reversal
2024-06-25,6506,41563,32.0,-2301.0,84204,-35057,Bullish Reversal
2024-07-02,6179,49622,-327.0,8059.0,92286,-43443,Bearish
2024-07-09,5338,51426,-841.0,1804.0,93433,-46088,Bearish
2024-07-16,6491,56284,1153.0,4858.0,98671,-49793,Bearish
2024-07-23,5619,47856,-872.0,-8428.0,92633,-42237,Bullish Reversal
2024-07-30,7514,42034,1895.0,-5822.0,85475,-34520,Bullish Reversal
2024-08-06,9570,31643,2056.0,-10391.0,68503,-22073,Bullish Reversal
2024-08-13,9155,30819,-415.0,-824.0,65751,-21664,Bullish Reversal
2024-08-20,7600,33314,-1555.0,2495.0,67104,-25714,Bearish
2024-08-27,9873,34485,2273.0,1171.0,68768,-24612,Bullish
2024-09-03,8822,30704,-1051.0,-3781.0,67121,-21882,Bullish Reversal
2024-09-10,8082,29386,-740.0,-1318.0,80439,-21304,Bullish
2024-09-17,8579,25687,497.0,-3699.0,58554,-17108,Bullish Reversal
2024-09-24,7501,26791,-1078.0,1104.0,60688,-19290,Bearish
2024-10-01,6550,29404,-951.0,2613.0,62140,-22854,Bearish
2024-10-08,7619,30078,1069.0,674.0,63822,-22459,Bullish
2024-10-15,6834,32995,-785.0,2917.0,66154,-26161,Bearish
2024-10-22,5789,38443,-1045.0,5448.0,72719,-32654,Bearish
2024-10-29,7092,41090,1303.0,2647.0,78973,-33998,Bearish
2024-11-05,8107,38088,1015.0,-3002.0,75911,-29981,Bullish Reversal
2024-11-12,5365,38059,-2742.0,-29.0,78380,-32694,Bearish
2024-11-19,4036,41107,-1329.0,3048.0,82690,-37071,Bearish
2024-11-26,4458,44134,422.0,3027.0,86500,-39676,Bearish
2024-12-03,4874,45968,416.0,1834.0,85247,-41094,Bearish Reversal
2024-12-10,4796,39788,-78.0,-6180.0,109379,-34992,Bullish
2024-12-17,16872,38672,12076.0,-1116.0,85631,-21800,Bullish Reversal
2024-12-24,12518,40900,-4354.0,2228.0,85954,-28382,Bearish
2024-12-31,10507,43320,-2011.0,2420.0,89129,-32813,Bearish
2025-01-07,7868,45756,-2639.0,2436.0,91244,-37888,Bearish
2025-01-14,7557,46258,-311.0,502.0,94045,-38701,Bearish
2025-01-21,6526,48363,-1031.0,2105.0,96356,-41837,Bearish
2025-01-28,4996,47996,-1530.0,-367.0,97264,-43000,Bearish
2025-02-04,5242,47500,246.0,-496.0,97931,-42258,Bullish
2025-02-11,5553,44298,311.0,-3202.0,98159,-38745,Bullish
2025-02-18,7047,45406,1494.0,1108.0,97878,-38359,Bullish Reversal
2025-02-25,5019,44479,-2028.0,-927.0,97178,-39460,Bearish Reversal
2025-03-04,5572,43347,553.0,-1132.0,97021,-37775,Bullish Reversal
2025-03-11,5129,42086,-443.0,-1261.0,100493,-36957,Bullish
2025-03-18,4087,38462,-1042.0,-3624.0,80057,-34375,Bullish Reversal
2025-03-25,4178,41771,91.0,3309.0,85731,-37593,Bearish
2025-04-01,4143,46907,-35.0,5136.0,89248,-42764,Bearish
2025-04-08,4348,34625,205.0,-12282.0,76433,-30277,Bullish Reversal
2025-04-15,5280,33864,932.0,-761.0,73479,-28584,Bullish Reversal
2025-04-22,5322,30796,42.0,-3068.0,72891,-25474,Bullish Reversal
2025-04-29,5567,29881,245.0,-915.0,71949,-24314,Bullish Reversal
2025-05-06,5558,29132,-9.0,-749.0,70578,-23574,Bullish Reversal
2025-05-13,7443,30512,1885.0,1380.0,73088,-23069,Bullish
2025-05-20,7632,31399,189.0,887.0,73133,-23767,Bearish
2025-05-27,5789,31272,-1843.0,-127.0,73781,-25483,Bearish
2025-06-03,7145,33211,1356.0,1939.0,81322,-26066,Bearish
2025-06-10,9240,30508,2095.0,-2703.0,86928,-21268,Bullish
2025-06-17,7857,27913,-1383.0,-2595.0,67383,-20056,Bullish Reversal
2025-06-24,8184,29128,327.0,1215.0,69488,-20944,Bearish
2025-07-01,7100,30953,-1084.0,1825.0,72546,-23853,Bearish
2025-07-08,8488,30684,1388.0,-269.0,72761,-22196,Bullish
2025-07-15,9959,32596,1471.0,1912.0,74255,-22637,Bearish
2025-07-22,8087,34152,-1872.0,1556.0,75681,-26065,Bearish
2025-07-29,9023,33057,936.0,-1095.0,76905,-24034,Bullish
2025-08-05,6806,34183,-2217.0,1126.0,79837,-27377,Bearish
2025-08-12,6091,34134,-715.0,-49.0,80415,-28043,Bearish
2025-08-19,6459,33737,368.0,-397.0,80039,-27278,Bullish Reversal
2025-08-26,6659,33637,200.0,-100.0,78933,-26978,Bullish Reversal
2025-09-02,8401,34289,1742.0,652.0,80906,-25888,Bullish
2025-09-09,6989,35828,-1412.0,1539.0,105100,-28839,Bearish
2025-09-16,6235,32275,-754.0,-3553.0,71730,-26040,Bullish Reversal
2025-09-23,8227,31245,1992.0,-1030.0,72030,-23018,Bullish
2025-09-30,8377,34439,150.0,3194.0,71950,-26062,Bearish Reversal
2025-10-07,7568,35038,-809.0,599.0,72046,-27470,Bearish
2025-10-14,8407,36613,839.0,1575.0,73172,-28206,Bearish
2025-10-21,7366,35210,-1041.0,-1403.0,74034,-27844,Bullish
2025-10-28,9149,37007,1783.0,1797.0,74922,-27858,Bearish
2025-11-04,8809,40696,-340.0,3689.0,81378,-31887,Bearish
2025-11-10,7403,43452,-1406.0,2756.0,82840,-36049,Bearish
2025-11-18,8746,40931,1343.0,-2521.0,76329,-32185,Bullish Reversal
2025-11-25,7571,42931,-1175.0,2000.0,77509,-35360,Bearish
2025-12-02,6894,42679,-677.0,-252.0,77275,-35785,Bearish Reversal
2025-12-09,8456,47059,1562.0,4380.0,92395,-38603,Bearish
2025-12-16,9448,48355,992.0,1296.0,103436,-38907,Bearish
2025-12-23,8780,52769,-668.0,4414.0,88305,-43989,Bearish Reversal
2025-12-30,8910,53108,130.0,339.0,89124,-44198,Bearish
2026-01-06,11077,51343,2167.0,-1765.0,90378,-40266,Bullish
2026-01-13,13395,56787,2318.0,5444.0,96220,-43392,Bearish
2026-01-20,12257,55464,-1138.0,-1323.0,98085,-43207,Bullish
2026-01-27,9724,52617,-2533.0,-2847.0,96111,-42893,Bullish Reversal
2026-02-03,9687,50404,-37.0,-2213.0,93555,-40717,Bullish Reversal
2026-02-10,9600,51859,-87.0,1455.0,95799,-42259,Bearish
2026-02-17,10072,50953,472.0,-906.0,95743,-40881,Bullish Reversal
2026-02-24,11525,52711,1453.0,1758.0,96835,-41186,Bearish
2026-03-03,12390,53673,865.0,962.0,105413,-41283,Bearish
2026-03-10,12152,53244,-238.0,-429.0,110897,-41092,Bullish
2026-03-17,8175,33388,-3977.0,-19856.0,74101,-25213,Bullish Reversal
2026-03-24,7831,34928,-344.0,1540.0,76518,-27097,Bearish
2026-03-31,9315,39186,1484.0,4258.0,79740,-29871,Bearish
2026-04-07,10586,41280,1271.0,2094.0,86646,-30694,Bearish
2026-04-14,9637,43734,-949.0,2454.0,93376,-34097,Bearish
2026-04-21,8372,41645,-1265.0,-2089.0,91532,-33273,Bullish Reversal
2026-04-28,6359,41580,-2013.0,-65.0,94111,-35221,Bearish
2026-05-05,7145,41666,786.0,86.0,94468,-34521,Bullish
2026-05-12,5602,41799,-1543.0,133.0,94743,-36197,Bearish
2026-05-19,6284,43221,682.0,1422.0,104225,-36937,Bearish
2026-05-26,7118,42258,834.0,-963.0,105594,-35140,Bullish
2026-06-02,6245,39154,-873.0,-3104.0,111432,-32909,Bullish
2026-06-09,7335,44000,1090.0,4846.0,115412,-36665,Bearish
2026-06-16,7594,47652,259.0,3652.0,145747,-40058,Bearish
2026-06-23,7975,49069,381.0,1417.0,108626,-41094,Bearish Reversal
2026-06-30,7975,46933,0.0,-2136.0,105912,-38958,Bullish Reversal
2026-07-07,10561,47975,2586.0,1042.0,107672,-37414,Bullish
2026-07-14,9909,46865,-652.0,-1110.0,108412,-36956,Bullish
2026-07-21,9817,44059,-92.0,-2806.0,107866,-34242,Bullish Reversal
2026-07-28,10117,43579,300.0,-480.0,111939,-33462,Bullish
2026-08-04,11270,44092,1153.0,513.0,109573,-32822,Bullish Reversal
2026-08-11,9773,42235,-1497.0,-1857.0,109874,-32462,Bullish
2026-08-18,14041,41319,4268.0,-916.0,113749,-27278,Bullish
2026-08-25,19938,39884,5897.0,-1435.0,108923,-19946,Bullish Reversal
2026-09-01,19912,42788,-26.0,2904.0,136962,-22876,Bearish
2026-09-08,17273,47258,-2639.0,4470.0,153683,-29985,Bearish
2026-09-15,20263,49251,2990.0,1993.0,171313,-28988,Bullish
2026-09-22,22189,48941,1926.0,-310.0,133495,-26752,Bullish Reversal
