As of Date in Form YYYY-MM-DD,Noncommercial Positions-Long (All),Noncommercial Positions-Short (All),Change in Noncommercial-Long (All),Change in Noncommercial-Short (All),Open Interest (All),Net Positions,Interpretation
1986-01-15,477,20,,,2522,457,No signal
1986-01-31,124,193,-353.0,173.0,2288,-69,Bearish Reversal
1986-02-14,118,586,-6.0,393.0,3299,-468,Bearish
1986-02-28,115,188,-3.0,-398.0,2099,-73,Bullish Reversal
1986-03-14,27,49,-88.0,-139.0,3108,-22,Bullish
1986-03-31,75,113,48.0,64.0,4883,-38,Bearish
1986-04-15,40,84,-35.0,-29.0,5135,-44,Bearish
1986-04-30,107,197,67.0,113.0,5585,-90,Bearish
1986-05-15,425,191,318.0,-6.0,5674,234,Bullish
1986-05-30,184,120,-241.0,-71.0,3341,64,Bearish Reversal
1986-06-13,341,189,157.0,69.0,2466,152,Bullish Reversal
1986-06-30,288,250,-53.0,61.0,3138,38,Bearish
1986-07-15,79,385,-209.0,135.0,3002,-306,Bearish Reversal
1986-07-31,29,404,-50.0,19.0,3323,-375,Bearish
1986-08-15,256,615,227.0,211.0,3617,-359,Bullish
1986-08-29,164,454,-92.0,-161.0,2743,-290,Bullish Reversal
1986-09-15,376,482,212.0,28.0,2607,-106,Bullish Reversal
1986-09-30,400,564,24.0,82.0,2469,-164,Bearish Reversal
1986-10-15,0,117,-400.0,-447.0,2615,-117,Bullish
1986-10-31,232,256,232.0,139.0,2541,-24,Bullish Reversal
1986-11-14,369,296,137.0,40.0,2666,73,Bullish
1986-11-28,136,60,-233.0,-236.0,2258,76,Bullish Reversal
1986-12-15,507,234,371.0,174.0,2171,273,Bullish Reversal
1986-12-31,82,30,-425.0,-204.0,1853,52,Bearish Reversal
1987-01-15,52,55,-30.0,25.0,1942,-3,Bearish
1987-01-30,505,109,453.0,54.0,2582,396,Bullish
1987-02-13,619,420,114.0,311.0,3286,199,Bearish
1987-02-27,990,677,371.0,257.0,3403,313,Bullish
1987-03-13,232,344,-758.0,-333.0,5072,-112,Bearish
1987-03-31,1259,385,1027.0,41.0,4530,874,Bullish Reversal
1987-04-15,696,304,-563.0,-81.0,4190,392,Bearish Reversal
1987-04-30,1061,937,365.0,633.0,5178,124,Bearish
1987-05-15,393,1077,-668.0,140.0,5527,-684,Bearish
1987-05-29,615,1200,222.0,123.0,5293,-585,Bullish Reversal
1987-06-15,377,665,-238.0,-535.0,5965,-288,Bullish
1987-06-30,73,607,-304.0,-58.0,5055,-534,Bearish Reversal
1987-07-15,72,582,-1.0,-25.0,4935,-510,Bullish Reversal
1987-07-31,502,640,430.0,58.0,4683,-138,Bullish Reversal
1987-08-14,564,1324,62.0,684.0,5018,-760,Bearish
1987-08-31,267,311,-297.0,-1013.0,4348,-44,Bullish Reversal
1987-09-15,505,467,238.0,156.0,4831,38,Bullish
1987-09-30,551,1030,46.0,563.0,5308,-479,Bearish
1987-10-15,520,1693,-31.0,663.0,6654,-1173,Bearish
1987-10-30,217,328,-303.0,-1365.0,1281,-111,Bullish Reversal
1987-11-13,105,567,-112.0,239.0,5507,-462,Bearish
1987-11-30,1003,973,898.0,406.0,5972,30,Bullish
1987-12-15,489,995,-514.0,22.0,6188,-506,Bearish
1987-12-31,442,1129,-47.0,134.0,5638,-687,Bearish Reversal
1988-01-15,199,860,-243.0,-269.0,5742,-661,Bullish
1988-01-29,466,1021,267.0,161.0,6336,-555,Bullish
1988-02-12,743,949,277.0,-72.0,6368,-206,Bullish
1988-02-29,1037,659,294.0,-290.0,3394,378,Bullish Reversal
1988-03-15,1519,1261,482.0,602.0,4607,258,Bearish
1988-03-31,1493,1038,-26.0,-223.0,5066,455,Bullish
1988-04-15,2161,1047,668.0,9.0,6801,1114,Bullish
1988-04-29,1927,1098,-234.0,51.0,6840,829,Bearish
1988-05-13,1998,1164,71.0,66.0,7172,834,Bullish
1988-05-31,940,1057,-1058.0,-107.0,7296,-117,Bearish
1988-06-15,1016,2503,76.0,1446.0,6273,-1487,Bearish Reversal
1988-06-30,1164,2766,148.0,263.0,6142,-1602,Bearish Reversal
1988-07-15,1186,2542,22.0,-224.0,5925,-1356,Bullish Reversal
1988-07-29,1614,2563,428.0,21.0,6431,-949,Bullish
1988-08-15,2045,2371,431.0,-192.0,6070,-326,Bullish Reversal
1988-08-31,1659,977,-386.0,-1394.0,5950,682,Bullish Reversal
1988-09-15,444,799,-1215.0,-178.0,3067,-355,Bearish Reversal
1988-09-30,626,1190,182.0,391.0,5041,-564,Bearish
1988-10-14,1222,1655,596.0,465.0,6182,-433,Bullish
1988-10-31,2028,2297,806.0,642.0,6462,-269,Bullish
1988-11-15,1425,1560,-603.0,-737.0,6096,-135,Bullish Reversal
1988-11-30,1333,1007,-92.0,-553.0,6047,326,Bullish Reversal
1988-12-15,1742,633,409.0,-374.0,7470,1109,Bullish
1988-12-30,1204,1096,-538.0,463.0,6186,108,Bearish Reversal
1989-01-13,1543,433,339.0,-663.0,6295,1110,Bullish
1989-01-31,1311,651,-232.0,218.0,5455,660,Bearish Reversal
1989-02-15,564,758,-747.0,107.0,4829,-194,Bearish Reversal
1989-02-28,1784,1930,1220.0,1172.0,6334,-146,Bullish
1989-03-15,1731,1608,-53.0,-322.0,3980,123,Bullish Reversal
1989-03-31,1478,1147,-253.0,-461.0,5837,331,Bullish
1989-04-14,2474,3119,996.0,1972.0,9490,-645,Bearish
1989-04-28,3297,2062,823.0,-1057.0,6150,1235,Bullish Reversal
1989-05-15,1152,2021,-2145.0,-41.0,5830,-869,Bearish Reversal
1989-05-31,1832,4502,680.0,2481.0,8464,-2670,Bearish
1989-06-15,1403,1677,-429.0,-2825.0,4744,-274,Bullish Reversal
1989-06-30,4013,1853,2610.0,176.0,6698,2160,Bullish
1989-07-14,2532,1869,-1481.0,16.0,5631,663,Bearish Reversal
1989-07-31,4753,3000,2221.0,1131.0,7804,1753,Bullish
1989-08-15,1645,1002,-3108.0,-1998.0,7281,643,Bearish Reversal
1989-08-31,4486,2292,2841.0,1290.0,8559,2194,Bullish
1989-09-15,5537,2349,1051.0,57.0,10124,3188,Bullish
1989-09-29,2214,2171,-3323.0,-178.0,5881,43,Bearish Reversal
1989-10-13,3088,2477,874.0,306.0,7513,611,Bullish
1989-10-31,3147,559,59.0,-1918.0,7767,2588,Bullish
1989-11-15,6213,2019,3066.0,1460.0,10280,4194,Bullish
1989-11-30,2515,849,-3698.0,-1170.0,7259,1666,Bearish Reversal
1989-12-15,1863,321,-652.0,-528.0,7288,1542,Bearish
1989-12-29,1384,2005,-479.0,1684.0,3273,-621,Bearish Reversal
1990-01-15,1334,2352,-50.0,347.0,3592,-1018,Bearish
1990-01-31,2030,3145,696.0,793.0,5045,-1115,Bearish
1990-02-15,1067,2470,-963.0,-675.0,4259,-1403,Bearish Reversal
1990-02-28,2478,3762,1411.0,1292.0,6034,-1284,Bullish
1990-03-15,2748,5490,270.0,1728.0,8797,-2742,Bearish
1990-03-30,4793,6359,2045.0,869.0,11593,-1566,Bullish
1990-04-12,3702,6249,-1091.0,-110.0,9569,-2547,Bearish Reversal
1990-04-30,3619,6294,-83.0,45.0,9897,-2675,Bearish
1990-05-15,2749,4296,-870.0,-1998.0,8029,-1547,Bullish Reversal
1990-05-31,1201,2939,-1548.0,-1357.0,7602,-1738,Bearish Reversal
1990-06-15,3485,3621,2284.0,682.0,8770,-136,Bullish
1990-06-29,2458,2396,-1027.0,-1225.0,3543,62,Bullish Reversal
1990-07-13,3629,3770,1171.0,1374.0,7159,-141,Bearish
1990-07-31,3312,3388,-317.0,-382.0,5849,-76,Bullish Reversal
1990-08-15,3385,2409,73.0,-979.0,6910,976,Bullish
1990-08-31,4114,3814,729.0,1405.0,8297,300,Bearish
1990-09-14,2439,1143,-1675.0,-2671.0,5711,1296,Bullish Reversal
1990-09-28,3390,3279,951.0,2136.0,4838,111,Bearish Reversal
1990-10-15,3860,3516,470.0,237.0,5178,344,Bullish
1990-10-31,5781,5747,1921.0,2231.0,7806,34,Bearish
1990-11-15,2008,1486,-3773.0,-4261.0,4894,522,Bullish Reversal
1990-11-30,1389,1683,-619.0,197.0,4985,-294,Bearish
1990-12-14,1891,2703,502.0,1020.0,5747,-812,Bearish
1990-12-31,1367,3426,-524.0,723.0,6938,-2059,Bearish
1991-01-15,3571,6205,2204.0,2779.0,7665,-2634,Bearish
1991-01-31,1858,2789,-1713.0,-3416.0,7215,-931,Bullish Reversal
1991-02-15,2691,2635,833.0,-154.0,8949,56,Bullish
1991-02-28,2290,3196,-401.0,561.0,9121,-906,Bearish
1991-03-15,5244,6028,2954.0,2832.0,9204,-784,Bullish
1991-03-28,3359,3386,-1885.0,-2642.0,5949,-27,Bullish Reversal
1991-04-15,5146,6099,1787.0,2713.0,8629,-953,Bearish
1991-04-30,3583,5202,-1563.0,-897.0,8836,-1619,Bearish
1991-05-15,2930,3685,-653.0,-1517.0,6802,-755,Bullish Reversal
1991-05-31,4102,4117,1172.0,432.0,7832,-15,Bullish
1991-06-14,4445,2863,343.0,-1254.0,8613,1582,Bullish
1991-06-28,5352,3615,907.0,752.0,8487,1737,Bullish Reversal
1991-07-15,1917,1010,-3435.0,-2605.0,5266,907,Bearish Reversal
1991-07-31,1395,1411,-522.0,401.0,6237,-16,Bearish
1991-08-15,2124,2722,729.0,1311.0,6233,-598,Bearish Reversal
1991-08-30,2295,3040,171.0,318.0,5764,-745,Bearish Reversal
1991-09-16,2413,4508,118.0,1468.0,6934,-2095,Bearish
1991-09-30,1082,3137,-1331.0,-1371.0,5048,-2055,Bullish Reversal
1991-10-15,4147,6774,3065.0,3637.0,9023,-2627,Bearish
1991-10-31,1644,4519,-2503.0,-2255.0,6745,-2875,Bearish Reversal
1991-11-15,2184,3462,540.0,-1057.0,6049,-1278,Bullish Reversal
1991-11-29,1722,4480,-462.0,1018.0,7629,-2758,Bearish
1991-12-13,649,3398,-1073.0,-1082.0,5408,-2749,Bullish Reversal
1991-12-31,709,3773,60.0,375.0,5144,-3064,Bearish Reversal
1992-01-15,1912,2583,1203.0,-1190.0,5524,-671,Bullish
1992-01-31,5405,4470,3493.0,1887.0,8855,935,Bullish
1992-02-14,5308,5061,-97.0,591.0,10204,247,Bearish
1992-02-28,4975,4890,-333.0,-171.0,10578,85,Bearish
1992-03-13,4249,6273,-726.0,1383.0,10971,-2024,Bearish
1992-03-31,3631,4306,-618.0,-1967.0,7822,-675,Bullish Reversal
1992-04-15,6023,6374,2392.0,2068.0,9698,-351,Bullish
1992-04-30,2844,3564,-3179.0,-2810.0,6850,-720,Bearish Reversal
1992-05-15,7106,8055,4262.0,4491.0,10362,-949,Bearish
1992-05-29,50,492,50.0,365.0,743,-442,No signal
1992-06-15,1176,2058,1126.0,1566.0,3586,-882,Bearish
1992-06-30,1621,3286,445.0,1228.0,4576,-1665,Bearish
1992-07-15,1720,2572,99.0,-714.0,4073,-852,Bullish Reversal
1992-07-31,1584,3119,-136.0,547.0,4421,-1535,Bearish
1992-08-14,2095,3539,511.0,420.0,5372,-1444,Bullish
1992-08-31,1407,2595,-688.0,-944.0,4625,-1188,Bullish Reversal
1992-09-15,2975,3677,1568.0,1082.0,5386,-702,Bullish
1992-09-30,1349,2226,-1626.0,-1451.0,4515,-877,Bearish Reversal
1992-10-06,2908,4439,1559.0,2213.0,6706,-1531,Bearish
1992-10-13,1062,2912,-1846.0,-1527.0,5003,-1850,Bearish Reversal
1992-10-20,2190,3967,1128.0,1055.0,5874,-1777,Bullish
1992-10-27,1228,2738,-962.0,-1229.0,4301,-1510,Bullish Reversal
1992-11-03,1298,1878,70.0,-860.0,5064,-580,Bullish
1992-11-10,2474,2137,1176.0,259.0,6142,337,Bullish
1992-11-17,2455,2653,-19.0,516.0,6078,-198,Bearish Reversal
1992-11-24,3662,3816,1207.0,1163.0,6987,-154,Bullish
1992-12-01,2189,2615,-1473.0,-1201.0,5508,-426,Bearish Reversal
1992-12-08,1099,1494,-1090.0,-1121.0,3358,-395,Bullish Reversal
1992-12-15,917,1308,-182.0,-186.0,2274,-391,Bullish Reversal
1992-12-22,2079,3152,1162.0,1844.0,4033,-1073,Bearish
1992-12-29,3200,5212,1121.0,2060.0,5818,-2012,Bearish
1993-01-05,2886,6226,-314.0,1014.0,7253,-3340,Bearish
1993-01-12,3902,7384,1016.0,1158.0,8288,-3482,Bearish
1993-01-19,2352,4062,-1550.0,-3322.0,5188,-1710,Bullish Reversal
1993-01-26,1265,2356,-1087.0,-1706.0,3345,-1091,Bullish Reversal
1993-02-02,1785,3846,520.0,1490.0,6509,-2061,Bearish
1993-02-09,2357,4261,572.0,415.0,7167,-1904,Bullish
1993-02-16,1449,3066,-908.0,-1195.0,6136,-1617,Bullish Reversal
1993-02-23,2191,2835,742.0,-231.0,6144,-644,Bullish
1993-03-02,2744,3677,553.0,842.0,6535,-933,Bearish
1993-03-09,4212,4555,1468.0,878.0,6548,-343,Bullish
1993-03-16,4469,3471,257.0,-1084.0,7014,998,Bullish
1993-03-23,4841,3406,372.0,-65.0,6342,1435,Bullish Reversal
1993-03-30,3616,1901,-1225.0,-1505.0,5260,1715,Bullish Reversal
1993-04-06,4334,3007,718.0,1106.0,6693,1327,Bearish
1993-04-13,5677,2640,1343.0,-367.0,8200,3037,Bullish
1993-04-20,5121,2649,-556.0,9.0,7992,2472,Bearish Reversal
1993-04-27,4810,2612,-311.0,-37.0,7737,2198,Bearish Reversal
1993-05-04,5139,3106,329.0,494.0,7121,2033,Bearish Reversal
1993-05-11,3753,2377,-1386.0,-729.0,6130,1376,Bearish Reversal
1993-05-18,3110,2876,-643.0,499.0,6452,234,Bearish
1993-05-25,3464,2871,354.0,-5.0,6915,593,Bullish
1993-06-01,4247,2901,783.0,30.0,6822,1346,Bullish Reversal
1993-06-08,3226,2036,-1021.0,-865.0,7404,1190,Bearish
1993-06-15,2739,2029,-487.0,-7.0,6010,710,Bearish Reversal
1993-06-22,3779,5538,1040.0,3509.0,8781,-1759,Bearish
1993-06-29,2632,4454,-1147.0,-1084.0,7640,-1822,Bearish Reversal
1993-07-06,4280,7211,1648.0,2757.0,9942,-2931,Bearish
1993-07-13,3674,7507,-606.0,296.0,10280,-3833,Bearish
1993-07-20,3158,5896,-516.0,-1611.0,8727,-2738,Bullish Reversal
1993-07-27,2562,5224,-596.0,-672.0,9767,-2662,Bullish
1993-08-03,2997,5272,435.0,48.0,10368,-2275,Bullish
1993-08-10,3019,5131,22.0,-141.0,10051,-2112,Bullish Reversal
1993-08-17,2296,3133,-723.0,-1998.0,8278,-837,Bullish Reversal
1993-08-24,1876,2159,-420.0,-974.0,7541,-283,Bullish Reversal
1993-08-31,2910,3163,1034.0,1004.0,8375,-253,Bullish
1993-09-07,5414,4356,2504.0,1193.0,7636,1058,Bullish Reversal
1993-09-14,4224,2764,-1190.0,-1592.0,7041,1460,Bullish Reversal
1993-09-21,4599,2739,375.0,-25.0,5560,1860,Bullish Reversal
1993-09-28,4297,2469,-302.0,-270.0,5555,1828,Bearish Reversal
1993-10-05,3698,1532,-599.0,-937.0,7919,2166,Bullish
1993-10-12,6994,5626,3296.0,4094.0,8951,1368,Bearish
1993-10-19,2049,1255,-4945.0,-4371.0,8031,794,Bearish Reversal
1993-10-26,2897,2708,848.0,1453.0,10291,189,Bearish
1993-11-02,2246,2232,-651.0,-476.0,9975,14,Bearish Reversal
1993-11-09,4482,4622,2236.0,2390.0,12298,-140,Bearish
1993-11-16,6047,6004,1565.0,1382.0,14430,43,Bullish
1993-11-23,4015,4775,-2032.0,-1229.0,11894,-760,Bearish Reversal
1993-11-30,3948,4822,-67.0,47.0,12132,-874,Bearish
1993-12-07,3021,3403,-927.0,-1419.0,10260,-382,Bullish Reversal
1993-12-14,2974,2897,-47.0,-506.0,8468,77,Bullish Reversal
1993-12-21,2948,4333,-26.0,1436.0,7950,-1385,Bearish Reversal
1993-12-28,2760,3237,-188.0,-1096.0,7796,-477,Bullish Reversal
1994-01-04,6303,8321,3543.0,5084.0,11599,-2018,Bearish
1994-01-11,5945,8122,-358.0,-199.0,11584,-2177,Bearish Reversal
1994-01-18,5809,8602,-136.0,480.0,11781,-2793,Bearish
1994-01-25,6646,7327,837.0,-1275.0,10805,-681,Bullish Reversal
1994-02-01,4464,3782,-2182.0,-3545.0,8091,682,Bullish Reversal
1994-02-08,5910,5421,1446.0,1639.0,8892,489,Bearish
1994-02-15,2431,2136,-3479.0,-3285.0,6369,295,Bearish Reversal
1994-02-22,2897,1893,466.0,-243.0,5899,1004,Bullish Reversal
1994-03-01,3720,1894,823.0,1.0,6816,1826,Bullish
1994-03-08,3694,1594,-26.0,-300.0,5853,2100,Bullish Reversal
1994-03-15,3448,2017,-246.0,423.0,5506,1431,Bearish Reversal
1994-03-22,2747,2328,-701.0,311.0,4486,419,Bearish Reversal
1994-03-29,2885,2118,138.0,-210.0,7310,767,Bullish
1994-04-05,3704,2606,819.0,488.0,9172,1098,Bullish
1994-04-12,3300,3666,-404.0,1060.0,9246,-366,Bearish
1994-04-19,2783,3069,-517.0,-597.0,8427,-286,Bullish Reversal
1994-04-26,2623,3073,-160.0,4.0,7434,-450,Bearish Reversal
1994-05-03,3809,3433,1186.0,360.0,8714,376,Bullish
1994-05-10,3799,3834,-10.0,401.0,7659,-35,Bearish Reversal
1994-05-17,2698,2635,-1101.0,-1199.0,7494,63,Bullish Reversal
1994-05-24,3238,2530,540.0,-105.0,8347,708,Bullish
1994-05-31,2723,2646,-515.0,116.0,7870,77,Bearish Reversal
1994-06-07,1285,1759,-1438.0,-887.0,7476,-474,Bearish Reversal
1994-06-14,3807,4353,2522.0,2594.0,10371,-546,Bearish
1994-06-21,6234,6526,2427.0,2173.0,14532,-292,Bullish
1994-06-28,5484,6941,-750.0,415.0,14989,-1457,Bearish
1994-07-05,5527,6575,43.0,-366.0,14435,-1048,Bullish Reversal
1994-07-12,4696,4313,-831.0,-2262.0,12350,383,Bullish Reversal
1994-07-19,4645,5261,-51.0,948.0,13179,-616,Bearish
1994-07-26,3345,4381,-1300.0,-880.0,11576,-1036,Bearish Reversal
1994-08-02,1856,2310,-1489.0,-2071.0,9472,-454,Bullish Reversal
1994-08-09,1592,1733,-264.0,-577.0,9186,-141,Bullish Reversal
1994-08-16,2503,2632,911.0,899.0,10468,-129,Bullish
1994-08-23,3321,2482,818.0,-150.0,9581,839,Bullish Reversal
1994-08-30,1535,1076,-1786.0,-1406.0,7828,459,Bearish Reversal
1994-09-06,3108,2997,1573.0,1921.0,10069,111,Bearish
1994-09-13,3798,4777,690.0,1780.0,11310,-979,Bearish
1994-09-20,4400,4822,602.0,45.0,7431,-422,Bullish Reversal
1994-09-27,5909,7767,1509.0,2945.0,9176,-1858,Bearish
1994-10-04,4676,6838,-1233.0,-929.0,8411,-2162,Bearish Reversal
1994-10-11,4565,6100,-111.0,-738.0,8157,-1535,Bullish Reversal
1994-10-18,6931,8287,2366.0,2187.0,10647,-1356,Bullish
1994-10-25,5561,6093,-1370.0,-2194.0,9825,-532,Bullish Reversal
1994-11-01,3873,4593,-1688.0,-1500.0,9606,-720,Bearish Reversal
1994-11-08,2688,2405,-1185.0,-2188.0,9767,283,Bullish
1994-11-15,2110,2848,-578.0,443.0,8267,-738,Bearish Reversal
1994-11-22,1149,2174,-961.0,-674.0,8961,-1025,Bearish
1994-11-29,2715,3725,1566.0,1551.0,9243,-1010,Bullish
1994-12-06,2996,4405,281.0,680.0,7913,-1409,Bearish Reversal
1994-12-13,3201,4556,205.0,151.0,6418,-1355,Bullish Reversal
1994-12-20,3023,4463,-178.0,-93.0,6070,-1440,Bearish Reversal
1994-12-27,3368,4767,345.0,304.0,5503,-1399,Bullish Reversal
1995-01-03,1739,2611,-1629.0,-2156.0,3609,-872,Bullish Reversal
1995-01-10,2034,3687,295.0,1076.0,4585,-1653,Bearish
1995-01-17,1949,1368,-85.0,-2319.0,3677,581,Bullish Reversal
1995-01-24,2300,1742,351.0,374.0,3760,558,Bearish
1995-01-31,1250,1536,-1050.0,-206.0,2865,-286,Bearish Reversal
1995-02-07,1662,2008,412.0,472.0,5217,-346,Bearish
1995-02-14,1770,2362,108.0,354.0,5303,-592,Bearish
1995-02-21,3254,4061,1484.0,1699.0,5358,-807,Bearish
1995-02-28,2979,3960,-275.0,-101.0,5437,-981,Bearish
1995-03-07,2346,1997,-633.0,-1963.0,4469,349,Bullish Reversal
1995-03-14,2655,1970,309.0,-27.0,4322,685,Bullish Reversal
1995-03-21,2297,2279,-358.0,309.0,3744,18,Bearish Reversal
1995-03-28,2944,3610,647.0,1331.0,5172,-666,Bearish
1995-04-04,3204,4283,260.0,673.0,5641,-1079,Bearish
1995-04-11,3669,4070,465.0,-213.0,5930,-401,Bullish
1995-04-18,5161,5559,1492.0,1489.0,7682,-398,Bullish
1995-04-25,3024,3261,-2137.0,-2298.0,5605,-237,Bullish Reversal
1995-05-02,3181,4246,157.0,985.0,5980,-1065,Bearish
1995-05-09,3463,4412,282.0,166.0,6045,-949,Bullish
1995-05-16,2092,3210,-1371.0,-1202.0,6427,-1118,Bearish
1995-05-23,3110,4111,1018.0,901.0,7557,-1001,Bullish
1995-05-30,2239,2932,-871.0,-1179.0,5845,-693,Bullish Reversal
1995-06-06,2601,3087,362.0,155.0,6257,-486,Bullish
1995-06-13,2560,2949,-41.0,-138.0,5957,-389,Bullish Reversal
1995-06-20,2040,2565,-520.0,-384.0,6897,-525,Bearish
1995-06-27,1761,1842,-279.0,-723.0,5558,-81,Bullish Reversal
1995-07-03,1725,1954,-36.0,112.0,5843,-229,Bearish
1995-07-11,2297,2602,572.0,648.0,6755,-305,Bearish
1995-07-18,2272,3234,-25.0,632.0,7130,-962,Bearish
1995-07-25,3016,3420,744.0,186.0,6558,-404,Bullish Reversal
1995-08-01,3863,3579,847.0,159.0,7094,284,Bullish
1995-08-08,5920,5732,2057.0,2153.0,8216,188,Bearish
1995-08-15,6180,6851,260.0,1119.0,9052,-671,Bearish
1995-08-22,5848,6263,-332.0,-588.0,8519,-415,Bullish Reversal
1995-08-29,6482,6879,634.0,616.0,9289,-397,Bullish
1995-09-05,6529,6635,47.0,-244.0,9030,-106,Bullish Reversal
1995-09-12,5678,6497,-851.0,-138.0,8712,-819,Bearish Reversal
1995-09-19,6288,7661,610.0,1164.0,9694,-1373,Bearish
1995-09-26,4534,5060,-1754.0,-2601.0,6455,-526,Bullish Reversal
1995-10-03,4523,5011,-11.0,-49.0,6671,-488,Bullish
1995-10-10,4928,5188,405.0,177.0,6899,-260,Bullish
1995-10-17,1902,3259,-3026.0,-1929.0,6277,-1357,Bearish Reversal
1995-10-24,2924,3846,1022.0,587.0,7384,-922,Bullish
1995-10-31,2872,4273,-52.0,427.0,8246,-1401,Bearish
1995-11-07,2172,3684,-700.0,-589.0,7758,-1512,Bearish Reversal
1995-11-14,2764,3785,592.0,101.0,5750,-1021,Bullish Reversal
1995-11-21,1782,3065,-982.0,-720.0,5969,-1283,Bearish
1995-11-28,3030,4438,1248.0,1373.0,6583,-1408,Bearish
1995-12-05,4415,6186,1385.0,1748.0,8026,-1771,Bearish
1995-12-12,4666,6873,251.0,687.0,8433,-2207,Bearish
1995-12-19,3209,5221,-1457.0,-1652.0,6267,-2012,Bullish Reversal
1995-12-26,2524,4527,-685.0,-694.0,5291,-2003,Bullish Reversal
1996-01-02,2646,4595,122.0,68.0,5340,-1949,Bullish
1996-01-09,5645,6847,2999.0,2252.0,8778,-1202,Bullish
1996-01-16,5241,6961,-404.0,114.0,8534,-1720,Bearish Reversal
1996-01-23,7184,8134,1943.0,1173.0,10774,-950,Bullish
1996-01-30,8365,8383,1181.0,249.0,11920,-18,Bullish
1996-02-06,5916,6629,-2449.0,-1754.0,9582,-713,Bearish Reversal
1996-02-13,4113,5242,-1803.0,-1387.0,7394,-1129,Bearish Reversal
1996-02-20,3588,3861,-525.0,-1381.0,6298,-273,Bullish Reversal
1996-02-27,3658,3175,70.0,-686.0,6247,483,Bullish Reversal
1996-03-05,3782,3217,124.0,42.0,6520,565,Bullish
1996-03-12,4348,4043,566.0,826.0,7310,305,Bearish
1996-03-19,5478,4679,1130.0,636.0,8352,799,Bullish
1996-03-26,2349,3367,-3129.0,-1312.0,4995,-1018,Bearish Reversal
1996-04-02,2933,4472,584.0,1105.0,6041,-1539,Bearish
1996-04-09,6692,6863,3759.0,2391.0,11660,-171,Bullish
1996-04-16,6813,7513,121.0,650.0,11532,-700,Bearish Reversal
1996-04-23,6278,6764,-535.0,-749.0,10601,-486,Bullish Reversal
1996-04-30,5256,6272,-1022.0,-492.0,10158,-1016,Bearish Reversal
1996-05-07,4948,5335,-308.0,-937.0,9539,-387,Bullish Reversal
1996-05-14,4241,4495,-707.0,-840.0,8609,-254,Bullish Reversal
1996-05-21,6136,5853,1895.0,1358.0,10400,283,Bullish
1996-05-28,7176,6865,1040.0,1012.0,11625,311,Bullish
1996-06-04,3157,3380,-4019.0,-3485.0,6765,-223,Bearish Reversal
1996-06-11,3815,4026,658.0,646.0,7623,-211,Bullish
1996-06-18,3602,3919,-213.0,-107.0,8039,-317,Bearish
1996-06-25,3772,3221,170.0,-698.0,6112,551,Bullish Reversal
1996-07-02,2858,3095,-914.0,-126.0,6928,-237,Bearish
1996-07-09,2996,3041,138.0,-54.0,6855,-45,Bullish Reversal
1996-07-16,5131,3937,2135.0,896.0,8644,1194,Bullish
1996-07-23,7079,4147,1948.0,210.0,8881,2932,Bullish
1996-07-30,5893,3766,-1186.0,-381.0,8726,2127,Bearish Reversal
1996-08-06,5014,2596,-879.0,-1170.0,8003,2418,Bullish Reversal
1996-08-13,5986,3874,972.0,1278.0,9018,2112,Bearish
1996-08-20,5479,2716,-507.0,-1158.0,8671,2763,Bullish Reversal
1996-08-27,5472,3452,-7.0,736.0,8715,2020,Bearish
1996-09-03,4822,2884,-650.0,-568.0,7705,1938,Bearish Reversal
1996-09-10,3841,2832,-981.0,-52.0,8604,1009,Bearish
1996-09-17,5667,4123,1826.0,1291.0,9757,1544,Bullish
1996-09-24,5382,3984,-285.0,-139.0,8198,1398,Bearish Reversal
1996-10-01,4317,4016,-1065.0,32.0,7772,301,Bearish Reversal
1996-10-08,4720,4734,403.0,718.0,8132,-14,Bearish
1996-10-15,5666,4733,946.0,-1.0,9367,933,Bullish
1996-10-22,2357,2230,-3309.0,-2503.0,5636,127,Bearish Reversal
1996-10-29,2561,2053,204.0,-177.0,5722,508,Bullish
1996-11-05,2685,1608,124.0,-445.0,5428,1077,Bullish Reversal
1996-11-12,5258,4069,2573.0,2461.0,7856,1189,Bullish
1996-11-19,5143,3935,-115.0,-134.0,7714,1208,Bullish Reversal
1996-11-26,4178,2273,-965.0,-1662.0,7792,1905,Bullish
1996-12-03,5252,4235,1074.0,1962.0,9234,1017,Bearish
1996-12-10,5146,3604,-106.0,-631.0,7902,1542,Bullish Reversal
1996-12-17,4280,2854,-866.0,-750.0,7576,1426,Bearish Reversal
1996-12-24,4177,2927,-103.0,73.0,7289,1250,Bearish Reversal
1996-12-31,3238,2642,-939.0,-285.0,5829,596,Bearish Reversal
1997-01-07,5318,4404,2080.0,1762.0,8979,914,Bullish
1997-01-14,7653,6158,2335.0,1754.0,11109,1495,Bullish
1997-01-21,6977,5631,-676.0,-527.0,10493,1346,Bearish Reversal
1997-01-28,6222,4549,-755.0,-1082.0,9806,1673,Bullish Reversal
1997-02-04,4928,3252,-1294.0,-1297.0,8566,1676,Bullish Reversal
1997-02-11,6597,4423,1669.0,1171.0,10150,2174,Bullish
1997-02-18,5403,3598,-1194.0,-825.0,9009,1805,Bearish Reversal
1997-02-25,3904,1996,-1499.0,-1602.0,7387,1908,Bullish Reversal
1997-03-04,6712,4641,2808.0,2645.0,10456,2071,Bullish
1997-03-11,4996,4451,-1716.0,-190.0,7957,545,Bearish Reversal
1997-03-18,3140,3568,-1856.0,-883.0,5634,-428,Bearish Reversal
1997-03-25,2961,3271,-179.0,-297.0,4968,-310,Bullish Reversal
1997-04-01,3675,3067,714.0,-204.0,5064,608,Bullish
1997-04-08,2557,2382,-1118.0,-685.0,6802,175,Bearish
1997-04-15,2083,2825,-474.0,443.0,7224,-742,Bearish
1997-04-22,2305,2695,222.0,-130.0,7445,-390,Bullish
1997-04-29,2648,3130,343.0,435.0,7764,-482,Bearish
1997-05-06,3719,3644,1071.0,514.0,7403,75,Bullish Reversal
1997-05-13,2228,1382,-1491.0,-2262.0,7418,846,Bullish
1997-05-20,3575,1678,1347.0,296.0,8260,1897,Bullish
1997-05-27,3731,1711,156.0,33.0,7145,2020,Bullish Reversal
1997-06-03,3844,1418,113.0,-293.0,6389,2426,Bullish Reversal
1997-06-10,3637,1782,-207.0,364.0,6183,1855,Bearish Reversal
1997-06-17,2787,2070,-850.0,288.0,6141,717,Bearish Reversal
1997-06-24,1323,1689,-1464.0,-381.0,3804,-366,Bearish Reversal
1997-07-01,4749,4055,3426.0,2366.0,7231,694,Bullish
1997-07-08,3179,3406,-1570.0,-649.0,5877,-227,Bearish Reversal
1997-07-15,5906,6816,2727.0,3410.0,9966,-910,Bearish
1997-07-22,8129,8731,2223.0,1915.0,12400,-602,Bullish
1997-07-29,11209,11797,3080.0,3066.0,15474,-588,Bullish
1997-08-05,5471,7742,-5738.0,-4055.0,10181,-2271,Bearish Reversal
1997-08-12,4777,6572,-694.0,-1170.0,8938,-1795,Bullish Reversal
1997-08-19,5015,5447,238.0,-1125.0,8465,-432,Bullish Reversal
1997-08-26,3113,3132,-1902.0,-2315.0,6105,-19,Bullish Reversal
1997-09-02,4551,4081,1438.0,949.0,7433,470,Bullish
1997-09-09,5898,5627,1347.0,1546.0,9961,271,Bearish
1997-09-16,3340,3131,-2558.0,-2496.0,11473,209,Bearish
1997-09-23,3189,3124,-151.0,-7.0,8899,65,Bearish Reversal
1997-09-30,3303,3125,114.0,1.0,9361,178,Bullish
1997-10-07,2981,2673,-322.0,-452.0,10921,308,Bullish
1997-10-14,3112,2327,131.0,-346.0,10994,785,Bullish
1997-10-21,2205,1966,-907.0,-361.0,10572,239,Bearish Reversal
1997-10-28,874,1540,-1331.0,-426.0,11780,-666,Bearish
1997-11-04,2007,1866,1133.0,326.0,12186,141,Bullish
1997-11-11,2283,1829,276.0,-37.0,11435,454,Bullish Reversal
1997-11-18,3681,3812,1398.0,1983.0,14164,-131,Bearish
1997-11-25,1785,1268,-1896.0,-2544.0,11305,517,Bullish Reversal
1997-12-02,5445,6685,3660.0,5417.0,13786,-1240,Bearish
1997-12-09,5436,6695,-9.0,10.0,17514,-1259,Bearish
1997-12-16,4149,5187,-1287.0,-1508.0,14826,-1038,Bullish Reversal
1997-12-23,1987,3426,-2162.0,-1761.0,12921,-1439,Bearish Reversal
1997-12-30,5126,6377,3139.0,2951.0,16408,-1251,Bullish
1998-01-06,5892,7549,766.0,1172.0,17779,-1657,Bearish
1998-01-13,6554,7802,662.0,253.0,18203,-1248,Bullish
1998-01-20,5804,7582,-750.0,-220.0,17659,-1778,Bearish Reversal
1998-01-27,2325,3545,-3479.0,-4037.0,11752,-1220,Bullish Reversal
1998-02-03,1302,3136,-1023.0,-409.0,11902,-1834,Bearish
1998-02-10,1722,3224,420.0,88.0,10804,-1502,Bullish Reversal
1998-02-17,2292,3295,570.0,71.0,12475,-1003,Bullish
1998-02-24,2422,3186,130.0,-109.0,12297,-764,Bullish Reversal
1998-03-03,3527,3830,1105.0,644.0,11808,-303,Bullish Reversal
1998-03-10,3688,4328,161.0,498.0,6377,-640,Bearish Reversal
1998-03-17,1619,2701,-2069.0,-1627.0,8723,-1082,Bearish
1998-03-24,3856,4791,2237.0,2090.0,11107,-935,Bullish
1998-03-31,4117,5527,261.0,736.0,12209,-1410,Bearish
1998-04-07,6136,6979,2019.0,1452.0,14489,-843,Bullish
1998-04-14,919,1439,-5217.0,-5540.0,7370,-520,Bullish Reversal
1998-04-21,1946,1954,1027.0,515.0,7044,-8,Bullish Reversal
1998-04-28,2408,1856,462.0,-98.0,7388,552,Bullish
1998-05-05,5556,5797,3148.0,3941.0,7894,-241,Bearish
1998-05-12,6193,6514,637.0,717.0,8523,-321,Bearish
1998-05-19,4039,2724,-2154.0,-3790.0,10334,1315,Bullish
1998-05-26,3409,2254,-630.0,-470.0,7012,1155,Bearish Reversal
1998-06-02,1992,890,-1417.0,-1364.0,7673,1102,Bearish
1998-06-09,2577,1208,585.0,318.0,5194,1369,Bullish Reversal
1998-06-16,5272,5030,2695.0,3822.0,12659,242,Bearish
1998-06-23,1552,2552,-3720.0,-2478.0,8137,-1000,Bearish Reversal
1998-06-30,2674,3521,1122.0,969.0,9595,-847,Bullish
1998-07-07,2670,3708,-4.0,187.0,9762,-1038,Bearish
1998-07-14,2818,3510,148.0,-198.0,9831,-692,Bullish
1998-07-21,1131,1351,-1687.0,-2159.0,7171,-220,Bullish Reversal
1998-07-28,3381,3960,2250.0,2609.0,5988,-579,Bearish Reversal
1998-08-04,4228,5358,847.0,1398.0,6798,-1130,Bearish
1998-08-11,1777,1785,-2451.0,-3573.0,7204,-8,Bullish
1998-08-18,2315,1706,538.0,-79.0,9054,609,Bullish
1998-08-25,4488,3182,2173.0,1476.0,11417,1306,Bullish
1998-09-01,6599,5089,2111.0,1907.0,8510,1510,Bullish Reversal
1998-09-08,6276,4639,-323.0,-450.0,8711,1637,Bullish
1998-09-15,5933,3173,-343.0,-1466.0,9029,2760,Bullish
1998-09-22,4883,3222,-1050.0,49.0,7849,1661,Bearish Reversal
1998-09-29,4642,2919,-241.0,-303.0,7791,1723,Bullish Reversal
1998-10-06,4884,2612,242.0,-307.0,8180,2272,Bullish
1998-10-13,4366,2772,-518.0,160.0,6645,1594,Bearish Reversal
1998-10-20,3325,1705,-1041.0,-1067.0,6345,1620,Bullish Reversal
1998-10-27,3607,2573,282.0,868.0,6153,1034,Bearish Reversal
1998-11-03,4216,3457,609.0,884.0,5819,759,Bearish Reversal
1998-11-10,1722,845,-2494.0,-2612.0,5817,877,Bullish Reversal
1998-11-17,4039,3497,2317.0,2652.0,5442,542,Bearish Reversal
1998-11-24,1774,913,-2265.0,-2584.0,5841,861,Bullish
1998-12-01,1056,862,-718.0,-51.0,6298,194,Bearish
1998-12-08,963,456,-93.0,-406.0,3958,507,Bullish Reversal
1998-12-15,2881,1336,1918.0,880.0,6405,1545,Bullish
1998-12-22,1957,1068,-924.0,-268.0,5073,889,Bearish Reversal
1998-12-29,2712,2030,755.0,962.0,5872,682,Bearish
1999-01-05,3059,2266,347.0,236.0,4661,793,Bullish Reversal
1999-01-12,1922,1888,-1137.0,-378.0,4105,34,Bearish Reversal
1999-01-19,1617,1385,-305.0,-503.0,4022,232,Bullish Reversal
1999-01-26,3365,3787,1748.0,2402.0,4411,-422,Bearish
1999-02-02,6057,5507,2692.0,1720.0,11360,550,Bullish
1999-02-09,5036,4749,-1021.0,-758.0,10467,287,Bearish Reversal
1999-02-16,5783,6629,747.0,1880.0,11781,-846,Bearish
1999-02-23,5211,6121,-572.0,-508.0,9569,-910,Bearish Reversal
1999-03-02,2893,3200,-2318.0,-2921.0,8592,-307,Bullish Reversal
1999-03-09,3889,3456,996.0,256.0,7277,433,Bullish Reversal
1999-03-16,2192,2254,-1697.0,-1202.0,8834,-62,Bearish
1999-03-23,1858,2403,-334.0,149.0,7369,-545,Bearish Reversal
1999-03-30,1673,2813,-185.0,410.0,7198,-1140,Bearish Reversal
1999-04-06,2003,3123,330.0,310.0,6504,-1120,Bullish Reversal
1999-04-13,1923,2501,-80.0,-622.0,7298,-578,Bullish
1999-04-20,2365,2802,442.0,301.0,7807,-437,Bullish
1999-04-27,2494,3265,129.0,463.0,6477,-771,Bearish Reversal
1999-05-04,2396,2711,-98.0,-554.0,7584,-315,Bullish
1999-05-11,2707,2477,311.0,-234.0,7422,230,Bullish Reversal
1999-05-18,2627,2170,-80.0,-307.0,6939,457,Bullish Reversal
1999-05-25,4555,3658,1928.0,1488.0,9674,897,Bullish
1999-06-01,5345,4432,790.0,774.0,11433,913,Bullish
1999-06-08,4346,3747,-999.0,-685.0,7569,599,Bearish Reversal
1999-06-15,3368,2887,-978.0,-860.0,9281,481,Bearish
1999-06-22,3616,3319,248.0,432.0,8961,297,Bearish Reversal
1999-06-29,3098,3190,-518.0,-129.0,8268,-92,Bearish Reversal
1999-07-06,3594,3624,496.0,434.0,8904,-30,Bullish
1999-07-13,5457,4528,1863.0,904.0,11497,929,Bullish
1999-07-20,3585,2763,-1872.0,-1765.0,8736,822,Bearish Reversal
1999-07-27,3682,1857,97.0,-906.0,8129,1825,Bullish Reversal
1999-08-03,3707,2045,25.0,188.0,7377,1662,Bearish Reversal
1999-08-10,3966,1946,259.0,-99.0,7892,2020,Bullish
1999-08-17,3506,2718,-460.0,772.0,5857,788,Bearish Reversal
1999-08-24,3412,2652,-94.0,-66.0,5374,760,Bearish Reversal
1999-08-31,3395,2962,-17.0,310.0,5361,433,Bearish Reversal
1999-09-07,3909,3733,514.0,771.0,6682,176,Bearish
1999-09-14,4862,4813,953.0,1080.0,11077,49,Bearish
1999-09-21,4831,4944,-31.0,131.0,10323,-113,Bearish Reversal
1999-09-28,5748,5344,917.0,400.0,11156,404,Bullish
1999-10-05,7643,7295,1895.0,1951.0,13753,348,Bearish
1999-10-12,7431,7732,-212.0,437.0,13676,-301,Bearish Reversal
1999-10-19,9082,9219,1651.0,1487.0,15551,-137,Bullish
1999-10-26,6020,5431,-3062.0,-3788.0,11340,589,Bullish Reversal
1999-11-02,3970,2664,-2050.0,-2767.0,7841,1306,Bullish Reversal
1999-11-09,3155,2367,-815.0,-297.0,6881,788,Bearish Reversal
1999-11-16,3694,2856,539.0,489.0,8012,838,Bullish
1999-11-23,4949,3604,1255.0,748.0,7822,1345,Bullish Reversal
1999-11-30,5644,4034,695.0,430.0,10273,1610,Bullish
1999-12-07,1680,1945,-3964.0,-2089.0,6395,-265,Bearish Reversal
1999-12-14,1627,1847,-53.0,-98.0,8276,-220,Bullish
1999-12-21,1575,1550,-52.0,-297.0,6797,25,Bullish Reversal
1999-12-28,1744,1527,169.0,-23.0,6756,217,Bullish Reversal
2000-01-04,2203,1967,459.0,440.0,7609,236,Bullish
2000-01-11,3652,6236,1449.0,4269.0,10756,-2584,Bearish
2000-01-18,2932,1675,-720.0,-4561.0,8762,1257,Bullish Reversal
2000-01-25,2801,1521,-131.0,-154.0,9064,1280,Bullish
2000-02-01,2594,1831,-207.0,310.0,8665,763,Bearish Reversal
2000-02-08,2737,1793,143.0,-38.0,8459,944,Bullish Reversal
2000-02-15,2608,1456,-129.0,-337.0,8230,1152,Bullish Reversal
2000-02-22,2778,1903,170.0,447.0,8059,875,Bearish Reversal
2000-02-29,4815,2831,2037.0,928.0,8276,1984,Bullish
2000-03-07,4674,2734,-141.0,-97.0,7661,1940,Bearish Reversal
2000-03-14,2403,1700,-2271.0,-1034.0,5874,703,Bearish Reversal
2000-03-21,1961,1279,-442.0,-421.0,6721,682,Bearish
2000-03-28,1818,1919,-143.0,640.0,7678,-101,Bearish
2000-04-04,1322,881,-496.0,-1038.0,7158,441,Bullish Reversal
2000-04-11,1814,897,492.0,16.0,7303,917,Bullish
2000-04-18,2529,1517,715.0,620.0,7774,1012,Bullish
2000-04-25,2982,2204,453.0,687.0,8513,778,Bearish
2000-05-02,3468,3301,486.0,1097.0,8985,167,Bearish
2000-05-09,3020,1891,-448.0,-1410.0,7986,1129,Bullish Reversal
2000-05-16,2950,1594,-70.0,-297.0,7741,1356,Bullish Reversal
2000-05-23,2577,1961,-373.0,367.0,7897,616,Bearish
2000-08-01,1168,754,31.0,241.0,6489,414,Bearish
2000-08-08,1319,548,151.0,-206.0,6423,771,Bullish Reversal
2000-08-15,1719,798,400.0,250.0,6278,921,Bullish Reversal
2000-08-22,2030,639,311.0,-159.0,7154,1391,Bullish
2000-08-29,2160,622,130.0,-17.0,7204,1538,Bullish
2000-09-05,2363,627,203.0,5.0,7463,1736,Bullish
2000-09-19,2398,980,48.0,318.0,7692,1418,Bearish
2000-10-17,1965,998,173.0,318.0,6695,967,Bearish
2000-10-24,2097,1012,132.0,14.0,6554,1085,Bullish Reversal
2000-10-31,2135,1245,38.0,233.0,6499,890,Bearish Reversal
2000-12-19,1546,1309,174.0,320.0,6589,237,Bearish
2000-12-26,2063,1557,517.0,248.0,6655,506,Bullish
2001-01-02,2130,1685,67.0,128.0,7075,445,Bearish
2001-01-09,2072,1775,-58.0,90.0,7078,297,Bearish
2001-01-16,2091,1766,19.0,-9.0,7176,325,Bullish
2001-01-23,1437,1402,-654.0,-364.0,7117,35,Bearish Reversal
2001-01-30,1462,1530,25.0,128.0,7336,-68,Bearish
2001-02-06,1573,1701,111.0,171.0,7602,-128,Bearish
2001-03-27,1129,1910,-490.0,461.0,7222,-781,Bearish
2001-05-22,4670,2383,,,8575,2287,No signal
2001-05-29,5161,3082,491.0,699.0,9242,2079,Bearish
2001-06-05,4982,2716,-179.0,-366.0,8998,2266,Bullish Reversal
2001-06-12,5499,2781,517.0,65.0,9777,2718,Bullish
2001-06-19,2854,666,-2645.0,-2115.0,7847,2188,Bearish Reversal
2001-06-26,3054,519,200.0,-147.0,8097,2535,Bullish
2001-07-03,5386,1073,2332.0,554.0,9843,4313,Bullish
2001-07-10,6506,919,1120.0,-154.0,10760,5587,Bullish
2001-07-17,3654,488,-2852.0,-431.0,9009,3166,Bearish Reversal
2001-07-24,3809,1236,155.0,748.0,8384,2573,Bearish Reversal
2001-07-31,3839,973,30.0,-263.0,8451,2866,Bullish
2001-08-21,3703,1989,,,8854,1714,No signal
2001-08-28,3522,2066,-181.0,77.0,8856,1456,Bearish
2002-01-29,5121,919,,,11561,4202,No signal
2002-02-05,4795,1114,-326.0,195.0,11643,3681,Bearish
2002-02-12,2821,834,-1974.0,-280.0,9791,1987,Bearish Reversal
2002-02-19,3214,1891,393.0,1057.0,9724,1323,Bearish Reversal
2002-02-26,4484,1179,1270.0,-712.0,10895,3305,Bullish
2002-03-05,3967,1331,-517.0,152.0,10059,2636,Bearish Reversal
2002-03-12,4002,1603,35.0,272.0,9799,2399,Bearish Reversal
2002-04-23,5818,4430,,,10649,1388,No signal
2002-04-30,6383,8411,565.0,3981.0,14958,-2028,Bearish
2002-05-07,6753,8539,370.0,128.0,14835,-1786,Bullish Reversal
2002-05-14,6286,6602,-467.0,-1937.0,12156,-316,Bullish Reversal
2002-05-21,6216,7179,-70.0,577.0,12688,-963,Bearish
2002-05-28,6125,7108,-91.0,-71.0,12788,-983,Bearish
2002-06-04,6508,6334,383.0,-774.0,13145,174,Bullish
2002-06-11,6663,6069,155.0,-265.0,15935,594,Bullish
2002-06-18,5914,6355,-749.0,286.0,13584,-441,Bearish Reversal
2002-06-25,5797,4834,-117.0,-1521.0,12175,963,Bullish Reversal
2002-07-02,6033,5275,236.0,441.0,12610,758,Bearish
2002-07-09,5672,5139,-361.0,-136.0,12575,533,Bearish Reversal
2002-07-16,5935,4932,263.0,-207.0,12364,1003,Bullish Reversal
2002-07-23,5637,5073,-298.0,141.0,11748,564,Bearish Reversal
2002-08-06,4699,4944,-938.0,-129.0,10927,-245,Bearish Reversal
2002-08-13,4587,4864,-112.0,-80.0,10779,-277,Bearish Reversal
2002-08-27,4670,4941,83.0,77.0,10636,-271,Bullish Reversal
2002-09-03,5286,6164,616.0,1223.0,12462,-878,Bearish
2002-09-10,5167,5478,-119.0,-686.0,11060,-311,Bullish Reversal
2002-09-17,4478,5224,-689.0,-254.0,10140,-746,Bearish Reversal
2002-09-24,4460,5352,-18.0,128.0,10103,-892,Bearish Reversal
2002-10-01,4725,5351,265.0,-1.0,10248,-626,Bullish
2002-10-08,4471,4138,-254.0,-1213.0,9942,333,Bullish Reversal
2002-10-15,6011,4075,1540.0,-63.0,10388,1936,Bullish
2002-10-22,5768,3198,-243.0,-877.0,10725,2570,Bullish
2002-10-29,6014,7275,246.0,4077.0,12278,-1261,Bearish
2002-11-05,7527,9697,1513.0,2422.0,16347,-2170,Bearish
2002-11-12,7724,13217,197.0,3520.0,20849,-5493,Bearish
2002-11-19,7010,12749,-714.0,-468.0,20148,-5739,Bearish Reversal
2002-11-26,6145,10545,-865.0,-2204.0,17437,-4400,Bullish Reversal
2002-12-03,5249,8063,-896.0,-2482.0,14749,-2814,Bullish Reversal
2002-12-10,6113,8827,864.0,764.0,18078,-2714,Bullish
2002-12-17,7404,13453,1291.0,4626.0,23164,-6049,Bearish
2002-12-23,7025,13018,-379.0,-435.0,22461,-5993,Bullish Reversal
2002-12-31,6666,11985,-359.0,-1033.0,21203,-5319,Bullish Reversal
2003-01-07,6324,12337,-342.0,352.0,21912,-6013,Bearish
2003-01-14,6414,12029,90.0,-308.0,21876,-5615,Bullish Reversal
2003-01-21,6109,11829,-305.0,-200.0,21628,-5720,Bearish Reversal
2003-01-28,6497,12039,388.0,210.0,21844,-5542,Bullish
2003-02-04,6495,11807,-2.0,-232.0,21561,-5312,Bullish Reversal
2003-02-11,4910,10166,-1585.0,-1641.0,19257,-5256,Bullish Reversal
2003-02-14,4908,9989,-2.0,-177.0,19113,-5081,Bullish Reversal
2003-02-25,4922,9720,14.0,-269.0,18569,-4798,Bullish Reversal
2003-03-04,5783,10962,861.0,1242.0,20596,-5179,Bearish
2003-03-11,6266,11204,483.0,242.0,22162,-4938,Bullish
2003-03-18,2785,5453,-3481.0,-5751.0,13316,-2668,Bullish Reversal
2003-03-25,2449,6095,-336.0,642.0,12594,-3646,Bearish Reversal
2003-04-01,2700,3655,251.0,-2440.0,11184,-955,Bullish Reversal
2003-04-22,3775,5869,,,13595,-2094,No signal
2003-04-29,4409,6267,634.0,398.0,14820,-1858,Bullish
2003-05-06,6705,9259,2296.0,2992.0,19514,-2554,Bearish
2003-05-13,5932,8013,-773.0,-1246.0,18432,-2081,Bullish Reversal
2003-05-20,6410,8751,478.0,738.0,19370,-2341,Bearish
2003-05-27,6349,8632,-61.0,-119.0,18724,-2283,Bullish Reversal
2003-06-03,5915,9042,-434.0,410.0,18548,-3127,Bearish Reversal
2003-06-10,6231,9432,316.0,390.0,19701,-3201,Bearish
2003-06-17,4605,8273,-1626.0,-1159.0,18416,-3668,Bearish Reversal
2003-06-24,5788,7649,1183.0,-624.0,14604,-1861,Bullish Reversal
2003-07-01,6811,8825,1023.0,1176.0,14923,-2014,Bearish
2003-07-08,6429,6969,-382.0,-1856.0,12393,-540,Bullish Reversal
2003-07-15,5236,6042,-1193.0,-927.0,11331,-806,Bearish Reversal
2003-07-22,4193,5082,-1043.0,-960.0,12248,-889,Bearish
2003-07-29,5595,4636,1402.0,-446.0,12578,959,Bullish
2003-08-05,4482,4719,-1113.0,83.0,11803,-237,Bearish Reversal
2003-08-19,4105,5086,-377.0,367.0,12352,-981,Bearish
2003-08-26,3796,3268,-309.0,-1818.0,12222,528,Bullish Reversal
2003-09-02,4112,3576,316.0,308.0,12721,536,Bullish
2003-09-09,4207,3862,95.0,286.0,14056,345,Bearish
2003-09-16,4707,4322,500.0,460.0,11795,385,Bullish Reversal
2003-09-23,8098,8083,3391.0,3761.0,16602,15,Bearish
2003-09-30,7999,11778,-99.0,3695.0,20550,-3779,Bearish
2003-10-07,7188,11893,-811.0,115.0,21117,-4705,Bearish
2003-10-14,7093,13319,-95.0,1426.0,22390,-6226,Bearish
2003-10-21,5754,12713,-1339.0,-606.0,21673,-6959,Bearish Reversal
2003-10-28,6057,14193,303.0,1480.0,23490,-8136,Bearish
2003-11-04,4528,12201,-1529.0,-1992.0,20034,-7673,Bullish Reversal
2003-11-11,4223,10183,-305.0,-2018.0,17820,-5960,Bullish Reversal
2003-11-18,5580,14781,1357.0,4598.0,24290,-9201,Bearish
2003-11-25,4723,11717,-857.0,-3064.0,20503,-6994,Bullish Reversal
2003-12-02,6080,12697,1357.0,980.0,21966,-6617,Bullish
2003-12-09,5485,11861,-595.0,-836.0,22245,-6376,Bullish
2003-12-16,4392,12641,-1093.0,780.0,20927,-8249,Bearish Reversal
2003-12-22,4687,12645,295.0,4.0,21447,-7958,Bullish
2003-12-30,5357,14715,670.0,2070.0,23826,-9358,Bearish
2004-01-06,5340,14090,-17.0,-625.0,23146,-8750,Bullish Reversal
2004-01-13,4761,12858,-579.0,-1232.0,22597,-8097,Bullish Reversal
2004-01-20,2950,10240,-1811.0,-2618.0,18951,-7290,Bullish Reversal
2004-01-27,2601,9308,-349.0,-932.0,17755,-6707,Bullish Reversal
2004-02-03,2815,10074,214.0,766.0,18543,-7259,Bearish
2004-02-10,3221,9862,406.0,-212.0,18809,-6641,Bullish
2004-02-17,4470,14087,1249.0,4225.0,24313,-9617,Bearish
2004-02-24,3448,9585,-1022.0,-4502.0,18322,-6137,Bullish Reversal
2004-03-02,1237,6691,-2211.0,-2894.0,15513,-5454,Bullish Reversal
2004-03-09,2418,5238,1181.0,-1453.0,15165,-2820,Bullish Reversal
2004-03-16,2392,4318,-26.0,-920.0,10814,-1926,Bullish Reversal
2004-03-23,2832,4500,440.0,182.0,10693,-1668,Bullish Reversal
2004-03-30,2884,4716,52.0,216.0,10883,-1832,Bearish
2004-04-06,2341,6735,-543.0,2019.0,14699,-4394,Bearish
2004-04-12,2684,6519,343.0,-216.0,14601,-3835,Bullish Reversal
2004-04-20,2444,5189,-240.0,-1330.0,12416,-2745,Bullish Reversal
2004-04-27,2715,5450,271.0,261.0,12261,-2735,Bullish Reversal
2004-05-04,2497,4040,-218.0,-1410.0,11056,-1543,Bullish Reversal
2004-05-11,9113,2413,6616.0,-1627.0,15844,6700,Bullish
2004-05-18,7070,2315,-2043.0,-98.0,13384,4755,Bearish Reversal
2004-05-25,5736,2016,-1334.0,-299.0,10818,3720,Bearish Reversal
2004-06-01,4629,5050,-1107.0,3034.0,12062,-421,Bearish
2004-06-08,4429,6074,-200.0,1024.0,12727,-1645,Bearish
2004-06-15,2540,4684,-1889.0,-1390.0,10201,-2144,Bearish Reversal
2004-06-22,2761,4415,221.0,-269.0,10521,-1654,Bullish
2004-06-29,3893,4054,1132.0,-361.0,11924,-161,Bullish
2004-07-06,4434,8743,541.0,4689.0,15317,-4309,Bearish
2004-07-13,4804,8999,370.0,256.0,16402,-4195,Bullish
2004-07-20,5449,10820,645.0,1821.0,18047,-5371,Bearish
2004-07-27,3479,6869,-1970.0,-3951.0,15081,-3390,Bullish Reversal
2004-08-03,3480,5580,1.0,-1289.0,14334,-2100,Bullish Reversal
2004-08-10,3318,5276,-162.0,-304.0,14125,-1958,Bullish Reversal
2004-08-17,3525,7326,207.0,2050.0,15143,-3801,Bearish
2004-08-24,3451,6032,-74.0,-1294.0,14584,-2581,Bullish Reversal
2004-08-31,3744,6037,293.0,5.0,14591,-2293,Bullish
2004-09-07,3441,6000,-303.0,-37.0,16372,-2559,Bearish
2004-09-14,4201,9184,760.0,3184.0,13892,-4983,Bearish Reversal
2004-09-21,5060,12143,859.0,2959.0,16940,-7083,Bearish
2004-09-28,5180,13931,120.0,1788.0,20199,-8751,Bearish
2004-10-05,5722,16078,542.0,2147.0,23717,-10356,Bearish
2004-10-12,5812,16330,90.0,252.0,24382,-10518,Bearish
2004-10-19,5638,15899,-174.0,-431.0,24744,-10261,Bullish
2004-10-26,5565,16548,-73.0,649.0,24779,-10983,Bearish
2004-11-02,6159,19384,594.0,2836.0,25874,-13225,Bearish
2004-11-09,7624,22285,1465.0,2901.0,28426,-14661,Bearish
2004-11-16,5280,19523,-2344.0,-2762.0,27615,-14243,Bullish Reversal
2004-11-23,5318,19090,38.0,-433.0,27580,-13772,Bullish Reversal
2004-11-30,6412,21274,1094.0,2184.0,29091,-14862,Bearish
2004-12-07,5704,21336,-708.0,62.0,29025,-15632,Bearish Reversal
2004-12-14,5354,18969,-350.0,-2367.0,24811,-13615,Bullish Reversal
2004-12-21,5799,17576,445.0,-1393.0,24045,-11777,Bullish Reversal
2004-12-28,6360,19279,561.0,1703.0,27370,-12919,Bearish
2005-01-04,5667,14532,-693.0,-4747.0,22089,-8865,Bullish Reversal
2005-01-11,4908,10078,-759.0,-4454.0,18150,-5170,Bullish Reversal
2005-01-18,4297,10221,-611.0,143.0,17426,-5924,Bearish Reversal
2005-01-25,4976,9972,679.0,-249.0,18962,-4996,Bullish
2005-02-01,5932,9826,956.0,-146.0,19411,-3894,Bullish
2005-02-08,6279,7832,347.0,-1994.0,18658,-1553,Bullish Reversal
2005-02-15,6075,6737,-204.0,-1095.0,16999,-662,Bullish Reversal
2005-02-22,7027,12824,952.0,6087.0,21539,-5797,Bearish
2005-03-01,7442,14440,415.0,1616.0,23437,-6998,Bearish
2005-03-08,7896,16553,454.0,2113.0,31213,-8657,Bearish
2005-03-15,6913,19148,-983.0,2595.0,25241,-12235,Bearish Reversal
2005-03-22,5161,12148,-1752.0,-7000.0,20060,-6987,Bullish Reversal
2005-03-29,5207,8017,46.0,-4131.0,18079,-2810,Bullish Reversal
2005-04-05,5927,5370,720.0,-2647.0,17753,557,Bullish Reversal
2005-04-12,7195,5149,1268.0,-221.0,17744,2046,Bullish Reversal
2005-04-19,7107,4423,-88.0,-726.0,16713,2684,Bullish Reversal
2005-04-26,6912,4671,-195.0,248.0,17382,2241,Bearish
2005-05-03,8421,4704,1509.0,33.0,19584,3717,Bullish
2005-05-10,8779,5365,358.0,661.0,20907,3414,Bearish
2005-05-17,15293,3591,6514.0,-1774.0,26178,11702,Bullish
2005-05-24,16795,2545,1502.0,-1046.0,28052,14250,Bullish
2005-05-31,17717,2356,922.0,-189.0,29298,15361,Bullish
2005-06-07,18011,1963,294.0,-393.0,35655,16048,Bullish
2005-06-14,19487,2523,1476.0,560.0,28682,16964,Bullish Reversal
2005-06-21,18920,1792,-567.0,-731.0,29184,17128,Bullish
2005-06-28,21511,2201,2591.0,409.0,31235,19310,Bullish
2005-07-05,23445,2577,1934.0,376.0,33821,20868,Bullish
2005-07-12,16946,1403,-6499.0,-1174.0,28052,15543,Bearish Reversal
2005-07-19,17475,1741,529.0,338.0,29038,15734,Bullish
2005-07-26,16344,1688,-1131.0,-53.0,28423,14656,Bearish Reversal
2005-08-02,11640,2405,-4704.0,717.0,25732,9235,Bearish Reversal
2005-08-09,13115,2661,1475.0,256.0,26450,10454,Bullish
2005-08-16,5227,3099,-7888.0,438.0,19267,2128,Bearish Reversal
2005-08-23,5842,3372,615.0,273.0,20169,2470,Bullish
2005-08-30,6512,2522,670.0,-850.0,17497,3990,Bullish Reversal
2005-09-06,5880,11235,-632.0,8713.0,20866,-5355,Bearish
2005-09-13,4218,4187,-1662.0,-7048.0,18149,31,Bullish Reversal
2005-09-20,7555,2435,3337.0,-1752.0,12289,5120,Bullish Reversal
2005-09-27,12695,3131,5140.0,696.0,17573,9564,Bullish
2005-10-04,13955,2816,1260.0,-315.0,19561,11139,Bullish
2005-10-11,13706,5190,-249.0,2374.0,20688,8516,Bearish
2005-10-18,17026,3343,3320.0,-1847.0,24239,13683,Bullish
2005-10-25,27806,3573,10780.0,230.0,34050,24233,Bullish
2005-11-01,26542,2857,-1264.0,-716.0,33202,23685,Bearish Reversal
2005-11-08,29756,2851,3214.0,-6.0,38747,26905,Bullish
2005-11-15,32782,3554,3026.0,703.0,41712,29228,Bullish
2005-11-22,31395,1958,-1387.0,-1596.0,38120,29437,Bullish Reversal
2005-11-29,20597,1886,-10798.0,-72.0,29114,18711,Bearish Reversal
2005-12-06,22787,3147,2190.0,1261.0,30676,19640,Bullish
2005-12-13,20827,3444,-1960.0,297.0,35108,17383,Bearish
2005-12-20,13543,2798,-7284.0,-646.0,25940,10745,Bearish Reversal
2005-12-27,13242,2116,-301.0,-682.0,24463,11126,Bullish Reversal
2006-01-03,13920,3392,678.0,1276.0,26629,10528,Bearish
2006-01-10,10112,5170,-3808.0,1778.0,23845,4942,Bearish Reversal
2006-01-17,9982,5278,-130.0,108.0,25968,4704,Bearish
2006-01-24,10273,6446,291.0,1168.0,27516,3827,Bearish
2006-01-31,10676,6615,403.0,169.0,27383,4061,Bullish Reversal
2006-02-07,11004,5006,328.0,-1609.0,26930,5998,Bullish Reversal
2006-02-14,15244,3095,4240.0,-1911.0,29351,12149,Bullish
2006-02-21,19027,4040,3783.0,945.0,32312,14987,Bullish
2006-02-28,18146,2793,-881.0,-1247.0,30389,15353,Bullish Reversal
2006-03-07,17143,2597,-1003.0,-196.0,32565,14546,Bearish
2006-03-14,18310,2801,1167.0,204.0,28833,15509,Bullish Reversal
2006-03-21,11114,4491,-7196.0,1690.0,27692,6623,Bearish Reversal
2006-03-28,13693,3363,2579.0,-1128.0,27158,10330,Bullish Reversal
2006-04-04,11227,4483,-2466.0,1120.0,27672,6744,Bearish
2006-04-11,11162,4107,-65.0,-376.0,27493,7055,Bullish Reversal
2006-04-18,11223,4994,61.0,887.0,28704,6229,Bearish
2006-04-25,10782,8504,-441.0,3510.0,32012,2278,Bearish
2006-05-02,8667,14090,-2115.0,5586.0,38433,-5423,Bearish
2006-05-09,10076,16794,1409.0,2704.0,40912,-6718,Bearish
2006-05-16,11455,15590,1379.0,-1204.0,38171,-4135,Bullish Reversal
2006-05-23,10257,16835,-1198.0,1245.0,38195,-6578,Bearish
2006-05-30,10388,18663,131.0,1828.0,39881,-8275,Bearish
2006-06-06,10586,17847,198.0,-816.0,38771,-7261,Bullish Reversal
2006-06-13,8426,17233,-2160.0,-614.0,40169,-8807,Bearish
2006-06-20,7476,15555,-950.0,-1678.0,24660,-8079,Bullish Reversal
2006-06-27,10176,13334,2700.0,-2221.0,20784,-3158,Bullish Reversal
2006-07-03,7089,11135,-3087.0,-2199.0,18821,-4046,Bearish Reversal
2006-07-11,7920,12524,831.0,1389.0,20530,-4604,Bearish
2006-07-18,8847,7854,927.0,-4670.0,17233,993,Bullish Reversal
2006-07-25,8205,8065,-642.0,211.0,16878,140,Bearish Reversal
2006-08-01,6808,7483,-1397.0,-582.0,15676,-675,Bearish Reversal
2006-08-08,7873,9849,1065.0,2366.0,18272,-1976,Bearish
2006-08-15,7371,10055,-502.0,206.0,18471,-2684,Bearish
2006-08-22,7304,10549,-67.0,494.0,19174,-3245,Bearish
2006-08-29,8533,11061,1229.0,512.0,19685,-2528,Bullish
2006-09-05,8207,11635,-326.0,574.0,20114,-3428,Bearish
2006-09-12,11917,9015,3710.0,-2620.0,22167,2902,Bullish
2006-09-19,6876,7225,-5041.0,-1790.0,17288,-349,Bearish Reversal
2006-09-26,7482,8148,606.0,923.0,19545,-666,Bearish
2006-10-03,13482,8270,6000.0,122.0,24522,5212,Bullish
2006-10-10,19053,7823,5571.0,-447.0,30911,11230,Bullish
2006-10-17,24649,8001,5596.0,178.0,36745,16648,Bullish
2006-10-24,21741,7513,-2908.0,-488.0,33789,14228,Bearish Reversal
2006-10-31,11910,8172,-9831.0,659.0,32961,3738,Bearish Reversal
2006-11-07,12826,10235,916.0,2063.0,34478,2591,Bearish
2006-11-14,12566,13312,-260.0,3077.0,34532,-746,Bearish
2006-11-21,12579,12049,13.0,-1263.0,33582,530,Bullish Reversal
2006-11-28,10311,17632,-2268.0,5583.0,37290,-7321,Bearish
2006-12-05,17985,21342,7674.0,3710.0,39682,-3357,Bullish
2006-12-12,12528,24955,-5457.0,3613.0,46967,-12427,Bearish
2006-12-19,8708,21141,-3820.0,-3814.0,30678,-12433,Bearish Reversal
2006-12-26,7930,20385,-778.0,-756.0,29824,-12455,Bearish Reversal
2007-01-03,9488,19001,1558.0,-1384.0,28542,-9513,Bullish Reversal
2007-01-09,11948,15254,2460.0,-3747.0,25856,-3306,Bullish Reversal
2007-01-16,12064,9892,116.0,-5362.0,21111,2172,Bullish Reversal
2007-01-23,12048,10666,-16.0,774.0,21969,1382,Bearish
2007-01-30,14049,9025,2001.0,-1641.0,22227,5024,Bullish
2007-02-06,14751,11056,702.0,2031.0,24626,3695,Bearish
2007-02-13,14240,10217,-511.0,-839.0,25207,4023,Bullish
2007-02-20,14479,17451,239.0,7234.0,29787,-2972,Bearish
2007-02-27,11334,20717,-3145.0,3266.0,32784,-9383,Bearish
2007-03-06,10795,19455,-539.0,-1262.0,29328,-8660,Bullish Reversal
2007-03-13,9524,15536,-1271.0,-3919.0,34213,-6012,Bullish
2007-03-20,7718,19276,-1806.0,3740.0,28672,-11558,Bearish Reversal
2007-03-27,8306,18896,588.0,-380.0,28790,-10590,Bullish
2007-04-03,9539,20181,1233.0,1285.0,30160,-10642,Bearish
2007-04-10,8814,20630,-725.0,449.0,31100,-11816,Bearish
2007-04-17,9615,23155,801.0,2525.0,33602,-13540,Bearish
2007-04-24,9905,29463,290.0,6308.0,39208,-19558,Bearish
2007-05-01,9333,30459,-572.0,996.0,40972,-21126,Bearish
2007-05-08,8010,26890,-1323.0,-3569.0,36084,-18880,Bullish Reversal
2007-05-15,7883,25833,-127.0,-1057.0,34833,-17950,Bullish Reversal
2007-05-22,5854,22077,-2029.0,-3756.0,30861,-16223,Bullish Reversal
2007-05-29,6263,22322,409.0,245.0,31076,-16059,Bullish
2007-06-05,4869,19400,-1394.0,-2922.0,27472,-14531,Bullish Reversal
2007-06-12,4785,14710,-84.0,-4690.0,27553,-9925,Bullish
2007-06-19,7274,10411,2489.0,-4299.0,18675,-3137,Bullish Reversal
2007-06-26,7236,18124,-38.0,7713.0,24151,-10888,Bearish
2007-07-03,9495,28501,2259.0,10377.0,35149,-19006,Bearish
2007-07-10,9671,29630,176.0,1129.0,38063,-19959,Bearish
2007-07-17,10449,35870,778.0,6240.0,44644,-25421,Bearish
2007-07-24,10371,38722,-78.0,2852.0,47619,-28351,Bearish
2007-07-31,9334,36311,-1037.0,-2411.0,44523,-26977,Bullish Reversal
2007-08-07,8971,34433,-363.0,-1878.0,42621,-25462,Bullish Reversal
2007-08-14,5175,22075,-3796.0,-12358.0,33933,-16900,Bullish Reversal
2007-08-21,2237,14038,-2938.0,-8037.0,25793,-11801,Bullish Reversal
2007-08-28,2200,15828,-37.0,1790.0,23662,-13628,Bearish Reversal
2007-09-04,3325,17005,1125.0,1177.0,24242,-13680,Bearish
2007-09-11,5812,23016,2487.0,6011.0,34474,-17204,Bearish
2007-09-18,5271,30771,-541.0,7755.0,39341,-25500,Bearish
2007-09-25,5837,31860,566.0,1089.0,40781,-26023,Bearish
2007-10-02,6766,31329,929.0,-531.0,40574,-24563,Bullish Reversal
2007-10-09,6313,30676,-453.0,-653.0,40580,-24363,Bullish
2007-10-16,5299,28060,-1014.0,-2616.0,39583,-22761,Bullish Reversal
2007-10-23,6564,29008,1265.0,948.0,41114,-22444,Bullish
2007-10-30,7223,27357,659.0,-1651.0,41134,-20134,Bullish
2007-11-06,8058,26549,835.0,-808.0,41317,-18491,Bullish
2007-11-13,5245,19992,-2813.0,-6557.0,37711,-14747,Bullish Reversal
2007-11-20,5766,20416,521.0,424.0,38488,-14650,Bullish
2007-11-27,6100,19300,334.0,-1116.0,38395,-13200,Bullish Reversal
2007-12-04,5679,14650,-421.0,-4650.0,37432,-8971,Bullish Reversal
2007-12-11,5935,13268,256.0,-1382.0,44569,-7333,Bullish
2007-12-18,8359,7060,2424.0,-6208.0,34423,1299,Bullish Reversal
2007-12-24,8281,4995,-78.0,-2065.0,33192,3286,Bullish Reversal
2007-12-31,8984,7505,703.0,2510.0,34016,1479,Bearish
2008-01-08,9952,11231,968.0,3726.0,37030,-1279,Bearish
2008-01-15,10664,13457,712.0,2226.0,39456,-2793,Bearish
2008-01-22,7574,10168,-3090.0,-3289.0,35993,-2594,Bullish Reversal
2008-01-29,8081,13599,507.0,3431.0,39342,-5518,Bearish
2008-02-05,7364,15810,-717.0,2211.0,43742,-8446,Bearish
2008-02-12,5347,9377,-2017.0,-6433.0,36980,-4030,Bullish Reversal
2008-02-19,6462,12682,1115.0,3305.0,39574,-6220,Bearish
2008-02-26,9815,18026,3353.0,5344.0,46256,-8211,Bearish
2008-03-04,10818,18692,1003.0,666.0,47078,-7874,Bullish
2008-03-11,14053,24506,3235.0,5814.0,55391,-10453,Bearish
2008-03-18,10801,19880,-3252.0,-4626.0,43911,-9079,Bullish Reversal
2008-03-25,12145,19890,1344.0,10.0,42371,-7745,Bullish Reversal
2008-04-01,12747,20185,602.0,295.0,42995,-7438,Bullish
2008-04-08,13826,19755,1079.0,-430.0,41801,-5929,Bullish Reversal
2008-04-15,15333,19947,1507.0,192.0,43202,-4614,Bullish
2008-04-22,14959,22743,-374.0,2796.0,45823,-7784,Bearish
2008-04-29,9798,13607,-5161.0,-9136.0,36165,-3809,Bullish Reversal
2008-05-06,10479,13625,681.0,18.0,34667,-3146,Bullish Reversal
2008-05-13,11040,11535,561.0,-2090.0,33434,-495,Bullish Reversal
2008-05-20,16908,15318,5868.0,3783.0,38353,1590,Bullish
2008-05-27,16073,17284,-835.0,1966.0,39949,-1211,Bearish
2008-06-03,16870,12690,797.0,-4594.0,37903,4180,Bullish Reversal
2008-06-10,18581,12736,1711.0,46.0,48962,5845,Bullish
2008-06-17,14976,7181,-3605.0,-5555.0,26204,7795,Bullish Reversal
2008-06-24,18103,9150,3127.0,1969.0,30158,8953,Bullish
2008-07-01,21944,14315,3841.0,5165.0,34557,7629,Bearish
2008-07-08,22657,14621,713.0,306.0,35197,8036,Bullish
2008-07-15,25169,21261,2512.0,6640.0,39105,3908,Bearish
2008-07-22,23621,17530,-1548.0,-3731.0,38097,6091,Bullish Reversal
2008-07-29,21640,10765,-1981.0,-6765.0,36628,10875,Bullish Reversal
2008-08-05,18957,8572,-2683.0,-2193.0,32021,10385,Bearish Reversal
2008-08-12,20518,3370,1561.0,-5202.0,33273,17148,Bullish
2008-08-19,29500,3401,8982.0,31.0,41746,26099,Bullish
2008-08-26,32274,4154,2774.0,753.0,43723,28120,Bullish
2008-09-02,37020,5690,4746.0,1536.0,49395,31330,Bullish
2008-09-09,40724,6477,3704.0,787.0,78978,34247,Bullish
2008-09-16,40302,2447,-422.0,-4030.0,52872,37855,Bullish Reversal
2008-09-23,30338,2628,-9964.0,181.0,49702,27710,Bearish Reversal
2008-09-30,26916,1935,-3422.0,-693.0,46227,24981,Bearish Reversal
2008-10-07,25947,2348,-969.0,413.0,45172,23599,Bearish Reversal
2008-10-14,26674,1764,727.0,-584.0,46605,24910,Bullish
2008-10-21,27766,1652,1092.0,-112.0,44040,26114,Bullish Reversal
2008-10-28,20373,1332,-7393.0,-320.0,39279,19041,Bearish Reversal
2008-11-04,21057,1006,684.0,-326.0,38298,20051,Bullish Reversal
2008-11-11,20682,1169,-375.0,163.0,38679,19513,Bearish
2008-11-18,19590,1085,-1092.0,-84.0,38314,18505,Bearish Reversal
2008-11-25,20569,1725,979.0,640.0,40815,18844,Bullish
2008-12-02,17837,1242,-2732.0,-483.0,39382,16595,Bearish Reversal
2008-12-09,18079,1248,242.0,6.0,41502,16831,Bullish
2008-12-16,10250,1731,-7829.0,483.0,16566,8519,Bearish Reversal
2008-12-22,8547,2688,-1703.0,957.0,15660,5859,Bearish Reversal
2008-12-30,8290,2270,-257.0,-418.0,15706,6020,Bullish
2009-01-06,8346,2770,56.0,500.0,15924,5576,Bearish
2009-01-13,7339,1841,-1007.0,-929.0,13884,5498,Bearish Reversal
2009-01-20,7881,1887,542.0,46.0,15431,5994,Bullish
2009-01-27,10318,1819,2437.0,-68.0,18800,8499,Bullish
2009-02-03,12226,1699,1908.0,-120.0,19347,10527,Bullish
2009-02-10,12029,1433,-197.0,-266.0,18679,10596,Bullish Reversal
2009-02-17,15226,1204,3197.0,-229.0,25037,14022,Bullish
2009-02-24,14113,1499,-1113.0,295.0,22578,12614,Bearish Reversal
2009-03-03,13580,1431,-533.0,-68.0,24186,12149,Bearish
2009-03-10,16177,1214,2597.0,-217.0,29295,14963,Bullish
2009-03-17,14316,2599,-1861.0,1385.0,22831,11717,Bearish Reversal
2009-03-24,10633,3917,-3683.0,1318.0,24678,6716,Bearish
2009-03-31,11147,4480,514.0,563.0,23205,6667,Bearish Reversal
2009-04-07,13400,4036,2253.0,-444.0,23676,9364,Bullish
2009-04-14,12521,4642,-879.0,606.0,23893,7879,Bearish
2009-04-21,13301,2745,780.0,-1897.0,23331,10556,Bullish Reversal
2009-04-28,11700,2694,-1601.0,-51.0,22223,9006,Bearish Reversal
2009-05-05,10126,3748,-1574.0,1054.0,23738,6378,Bearish
2009-05-12,10196,6548,70.0,2800.0,28144,3648,Bearish
2009-05-19,9748,8814,-448.0,2266.0,30331,934,Bearish
2009-05-26,13789,14740,4041.0,5926.0,37046,-951,Bearish
2009-06-02,14094,17200,305.0,2460.0,40030,-3106,Bearish
2009-06-09,12597,14108,-1497.0,-3092.0,42229,-1511,Bullish
2009-06-16,4136,12231,-8461.0,-1877.0,20470,-8095,Bearish Reversal
2009-06-23,4870,12007,734.0,-224.0,20532,-7137,Bullish
2009-06-30,4637,10954,-233.0,-1053.0,20118,-6317,Bullish Reversal
2009-07-07,5135,11766,498.0,812.0,20244,-6631,Bearish
2009-07-14,5204,13270,69.0,1504.0,21435,-8066,Bearish
2009-07-21,8060,17468,2856.0,4198.0,27107,-9408,Bearish
2009-07-28,6429,15994,-1631.0,-1474.0,25803,-9565,Bearish Reversal
2009-08-04,7505,19398,1076.0,3404.0,28621,-11893,Bearish
2009-08-11,6148,15700,-1357.0,-3698.0,27863,-9552,Bullish Reversal
2009-08-18,3934,11184,-2214.0,-4516.0,25171,-7250,Bullish Reversal
2009-08-25,5875,13684,1941.0,2500.0,27317,-7809,Bearish
2009-09-01,8573,10255,2698.0,-3429.0,30351,-1682,Bullish
2009-09-08,9842,16469,1269.0,6214.0,38153,-6627,Bearish
2009-09-15,10435,19557,593.0,3088.0,34399,-9122,Bearish Reversal
2009-09-22,10913,20975,478.0,1418.0,33704,-10062,Bearish Reversal
2009-09-29,8794,17304,-2119.0,-3671.0,29776,-8510,Bullish Reversal
2009-10-06,10558,19635,1764.0,2331.0,31874,-9077,Bearish
2009-10-13,10890,20381,332.0,746.0,33891,-9491,Bearish
2009-10-20,12477,22430,1587.0,2049.0,36619,-9953,Bearish
2009-10-27,12790,21715,313.0,-715.0,36160,-8925,Bullish Reversal
2009-11-03,14908,21002,2118.0,-713.0,35969,-6094,Bullish Reversal
2009-11-09,16536,22138,1628.0,1136.0,37246,-5602,Bullish
2009-11-17,21579,22667,5043.0,529.0,42265,-1088,Bullish
2009-11-24,22661,21210,1082.0,-1457.0,39858,1451,Bullish Reversal
2009-12-01,23687,19245,1026.0,-1965.0,39680,4442,Bullish Reversal
2009-12-08,29139,15076,5452.0,-4169.0,48594,14063,Bullish
2009-12-15,37579,11809,8440.0,-3267.0,51271,25770,Bullish
2009-12-22,45973,11843,8394.0,34.0,59792,34130,Bullish
2009-12-29,51050,12016,5077.0,173.0,63184,39034,Bullish
2010-01-05,48623,9225,-2427.0,-2791.0,62056,39398,Bullish Reversal
2010-01-12,40164,6655,-8459.0,-2570.0,52227,33509,Bearish Reversal
2010-01-19,36332,6261,-3832.0,-394.0,49139,30071,Bearish Reversal
2010-01-26,44152,6606,7820.0,345.0,59330,37546,Bullish
2010-02-02,53325,10886,9173.0,4280.0,67283,42439,Bullish
2010-02-09,45763,4774,-7562.0,-6112.0,58939,40989,Bearish Reversal
2010-02-16,45728,8146,-35.0,3372.0,58733,37582,Bearish Reversal
2010-02-23,43653,5261,-2075.0,-2885.0,57575,38392,Bullish Reversal
2010-03-02,43004,4931,-649.0,-330.0,55702,38073,Bearish Reversal
2010-03-09,40480,4535,-2524.0,-396.0,58121,35945,Bearish
2010-03-16,34602,5822,-5878.0,1287.0,46920,28780,Bearish Reversal
2010-03-23,38354,6157,3752.0,335.0,51403,32197,Bullish
2010-03-30,46012,10849,7658.0,4692.0,60419,35163,Bullish
2010-04-06,35246,5092,-10766.0,-5757.0,50152,30154,Bearish Reversal
2010-04-13,33177,5501,-2069.0,409.0,46766,27676,Bearish Reversal
2010-04-20,31385,6405,-1792.0,904.0,44558,24980,Bearish Reversal
2010-04-27,33093,7348,1708.0,943.0,47054,25745,Bullish
2010-05-04,35112,5443,2019.0,-1905.0,48517,29669,Bullish
2010-05-11,29446,3361,-5666.0,-2082.0,42824,26085,Bearish Reversal
2010-05-18,26794,2898,-2652.0,-463.0,39545,23896,Bearish Reversal
2010-05-25,24483,3138,-2311.0,240.0,37952,21345,Bearish Reversal
2010-06-01,23334,4162,-1149.0,1024.0,36277,19172,Bearish Reversal
2010-06-08,25591,4849,2257.0,687.0,38248,20742,Bullish
2010-06-15,24700,2738,-891.0,-2111.0,32329,21962,Bullish Reversal
2010-06-22,23764,3083,-936.0,345.0,32053,20681,Bearish Reversal
2010-06-29,22235,2998,-1529.0,-85.0,30261,19237,Bearish Reversal
2010-07-06,21088,4770,-1147.0,1772.0,27998,16318,Bearish Reversal
2010-07-13,19055,4796,-2033.0,26.0,25589,14259,Bearish Reversal
2010-07-20,17676,3216,-1379.0,-1580.0,24176,14460,Bullish Reversal
2010-07-27,16488,2536,-1188.0,-680.0,22557,13952,Bearish Reversal
2010-08-03,15644,3269,-844.0,733.0,22911,12375,Bearish
2010-08-10,22349,6841,6705.0,3572.0,28784,15508,Bullish
2010-08-17,25561,6814,3212.0,-27.0,31979,18747,Bullish
2010-08-24,21384,5661,-4177.0,-1153.0,28979,15723,Bearish Reversal
2010-08-31,17193,2220,-4191.0,-3441.0,24350,14973,Bearish Reversal
2010-09-07,17262,2914,69.0,694.0,24239,14348,Bearish Reversal
2010-09-14,18174,12447,912.0,9533.0,24885,5727,Bearish
2010-09-21,19860,16223,1686.0,3776.0,28701,3637,Bearish
2010-09-28,20808,19424,948.0,3201.0,33147,1384,Bearish
2010-10-05,19129,20709,-1679.0,1285.0,34586,-1580,Bearish
2010-10-12,19586,21078,457.0,369.0,34984,-1492,Bullish
2010-10-19,22789,19608,3203.0,-1470.0,37745,3181,Bullish
2010-10-26,24016,18166,1227.0,-1442.0,38585,5850,Bullish
2010-11-02,27912,19926,3896.0,1760.0,40266,7986,Bullish
2010-11-09,26124,19809,-1788.0,-117.0,38371,6315,Bearish Reversal
2010-11-16,21645,10818,-4479.0,-8991.0,32813,10827,Bullish Reversal
2010-11-23,22491,10188,846.0,-630.0,33749,12303,Bullish
2010-11-30,20115,9387,-2376.0,-801.0,34435,10728,Bearish
2010-12-07,20044,10584,-71.0,1197.0,35071,9460,Bearish
2010-12-14,16322,11209,-3722.0,625.0,25202,5113,Bearish Reversal
2010-12-21,15938,11464,-384.0,255.0,27089,4474,Bearish
2010-12-28,16083,11401,145.0,-63.0,26398,4682,Bullish Reversal
2011-01-04,18606,19874,2523.0,8473.0,27677,-1268,Bearish
2011-01-11,23937,13880,5331.0,-5994.0,36538,10057,Bullish
2011-01-18,20226,15016,-3711.0,1136.0,33014,5210,Bearish Reversal
2011-01-25,24258,22834,4032.0,7818.0,39190,1424,Bearish
2011-02-01,26115,29740,1857.0,6906.0,42472,-3625,Bearish
2011-02-08,27025,34423,910.0,4683.0,44039,-7398,Bearish
2011-02-15,24358,30118,-2667.0,-4305.0,40052,-5760,Bullish Reversal
2011-02-22,25404,31428,1046.0,1310.0,40335,-6024,Bearish
2011-03-01,29303,36391,3899.0,4963.0,46405,-7088,Bearish
2011-03-08,33803,40476,4500.0,4085.0,52704,-6673,Bullish
2011-03-15,25171,40665,-8632.0,189.0,51147,-15494,Bearish Reversal
2011-03-22,27308,40917,2137.0,252.0,52822,-13609,Bullish
2011-03-29,27421,41334,113.0,417.0,52915,-13913,Bearish
2011-04-05,24351,36050,-3070.0,-5284.0,50309,-11699,Bullish Reversal
2011-04-12,25479,35260,1128.0,-790.0,49843,-9781,Bullish Reversal
2011-04-19,22428,32857,-3051.0,-2403.0,50159,-10429,Bearish
2011-04-26,25460,33949,3032.0,1092.0,51693,-8489,Bullish
2011-05-03,27607,34723,2147.0,774.0,53901,-7116,Bullish
2011-05-10,25593,30156,-2014.0,-4567.0,52362,-4563,Bullish Reversal
2011-05-17,28169,29439,2576.0,-717.0,55791,-1270,Bullish
2011-05-24,32766,30281,4597.0,842.0,61833,2485,Bullish
2011-05-31,28430,23643,-4336.0,-6638.0,55794,4787,Bullish Reversal
2011-06-07,34021,31937,5591.0,8294.0,62825,2084,Bearish
2011-06-14,37064,31093,3043.0,-844.0,53773,5971,Bullish Reversal
2011-06-21,31134,26191,-5930.0,-4902.0,46279,4943,Bearish Reversal
2011-06-28,35543,22811,4409.0,-3380.0,50419,12732,Bullish
2011-07-05,32928,25207,-2615.0,2396.0,47393,7721,Bearish Reversal
2011-07-12,31861,24271,-1067.0,-936.0,49877,7590,Bearish
2011-07-19,31029,21837,-832.0,-2434.0,46605,9192,Bullish Reversal
2011-07-26,39543,37215,8514.0,15378.0,60863,2328,Bearish
2011-08-02,36882,36404,-2661.0,-811.0,60529,478,Bearish Reversal
2011-08-09,34161,30860,-2721.0,-5544.0,57347,3301,Bullish Reversal
2011-08-16,29824,31071,-4337.0,211.0,54579,-1247,Bearish Reversal
2011-08-23,32190,34751,2366.0,3680.0,57901,-2561,Bearish
2011-08-30,31025,34007,-1165.0,-744.0,55670,-2982,Bearish Reversal
2011-09-06,26202,27933,-4823.0,-6074.0,50566,-1731,Bullish Reversal
2011-09-13,37298,25627,11096.0,-2306.0,62802,11671,Bullish
2011-09-20,44508,10260,7210.0,-15367.0,62452,34248,Bullish Reversal
2011-09-27,47409,8989,2901.0,-1271.0,68631,38420,Bullish
2011-10-04,49647,9315,2238.0,326.0,72521,40332,Bullish
2011-10-11,50509,3623,862.0,-5692.0,69667,46886,Bullish Reversal
2011-10-18,47196,5445,-3313.0,1822.0,68006,41751,Bearish Reversal
2011-10-25,43496,11386,-3700.0,5941.0,63947,32110,Bearish Reversal
2011-11-01,37775,13952,-5721.0,2566.0,63639,23823,Bearish Reversal
2011-11-08,35277,13274,-2498.0,-678.0,59861,22003,Bearish Reversal
2011-11-15,32628,10098,-2649.0,-3176.0,57305,22530,Bullish Reversal
2011-11-22,31669,6341,-959.0,-3757.0,54442,25328,Bullish Reversal
2011-11-29,38876,8170,7207.0,1829.0,58641,30706,Bullish
2011-12-06,40139,7986,1263.0,-184.0,57372,32153,Bullish Reversal
2011-12-13,46686,11051,6547.0,3065.0,66540,35635,Bullish
2011-12-20,51825,10848,5139.0,-203.0,67062,40977,Bullish
2011-12-27,52237,9663,412.0,-1185.0,64646,42574,Bullish Reversal
2012-01-03,50762,8925,-1475.0,-738.0,66053,41837,Bearish
2012-01-10,52644,8057,1882.0,-868.0,69024,44587,Bullish
2012-01-17,51836,7078,-808.0,-979.0,68483,44758,Bullish Reversal
2012-01-24,50847,3924,-989.0,-3154.0,64148,46923,Bullish Reversal
2012-01-31,42962,4207,-7885.0,283.0,54946,38755,Bearish Reversal
2012-02-07,39631,6834,-3331.0,2627.0,53362,32797,Bearish Reversal
2012-02-14,38315,10500,-1316.0,3666.0,51997,27815,Bearish Reversal
2012-02-21,37611,8599,-704.0,-1901.0,50648,29012,Bullish Reversal
2012-02-28,37415,12022,-196.0,3423.0,48598,25393,Bearish Reversal
2012-03-06,38397,10681,982.0,-1341.0,52985,27716,Bullish
2012-03-13,46630,12586,8233.0,1905.0,62925,34044,Bullish
2012-03-20,46804,11110,174.0,-1476.0,60548,35694,Bullish Reversal
2012-03-27,39088,9457,-7716.0,-1653.0,51926,29631,Bearish Reversal
2012-04-03,30027,11454,-9061.0,1997.0,44594,18573,Bearish Reversal
2012-04-10,32036,13197,2009.0,1743.0,46655,18839,Bullish
2012-04-17,30334,12945,-1702.0,-252.0,45759,17389,Bearish Reversal
2012-04-24,26647,10669,-3687.0,-2276.0,43144,15978,Bearish Reversal
2012-05-01,31374,17996,4727.0,7327.0,45539,13378,Bearish
2012-05-08,32090,22061,716.0,4065.0,45996,10029,Bearish
2012-05-15,44261,26819,12171.0,4758.0,59379,17442,Bullish
2012-05-22,58795,26008,14534.0,-811.0,74493,32787,Bullish
2012-05-29,60724,19089,1929.0,-6919.0,76744,41635,Bullish
2012-06-05,65872,20072,5148.0,983.0,80104,45800,Bullish
2012-06-12,66685,14064,813.0,-6008.0,81310,52621,Bullish
2012-06-19,58565,7798,-8120.0,-6266.0,69963,50767,Bearish Reversal
2012-06-26,53518,11493,-5047.0,3695.0,66742,42025,Bearish Reversal
2012-07-03,50645,12094,-2873.0,601.0,65041,38551,Bearish Reversal
2012-07-10,51626,8477,981.0,-3617.0,64925,43149,Bullish Reversal
2012-07-17,54441,6712,2815.0,-1765.0,68675,47729,Bullish
2012-07-24,55109,7273,668.0,561.0,69554,47836,Bullish
2012-07-31,49275,7225,-5834.0,-48.0,66186,42050,Bearish Reversal
2012-08-07,49089,9865,-186.0,2640.0,65933,39224,Bearish Reversal
2012-08-14,46474,8242,-2615.0,-1623.0,62579,38232,Bearish Reversal
2012-08-21,48256,10085,1782.0,1843.0,65398,38171,Bearish
2012-08-28,46494,10176,-1762.0,91.0,64880,36318,Bearish Reversal
2012-09-04,45287,9792,-1207.0,-384.0,65008,35495,Bearish
2012-09-11,52773,18138,7486.0,8346.0,72175,34635,Bearish
2012-09-18,28541,23645,-24232.0,5507.0,40481,4896,Bearish Reversal
2012-09-25,31024,34994,2483.0,11349.0,47992,-3970,Bearish
2012-10-02,28446,32804,-2578.0,-2190.0,45193,-4358,Bearish Reversal
2012-10-09,25415,31178,-3031.0,-1626.0,42452,-5763,Bearish Reversal
2012-10-16,28162,33052,2747.0,1874.0,45816,-4890,Bullish
2012-10-23,25834,31760,-2328.0,-1292.0,43793,-5926,Bearish Reversal
2012-10-30,24130,28996,-1704.0,-2764.0,41026,-4866,Bullish Reversal
2012-11-06,27243,25086,3113.0,-3910.0,36758,2157,Bullish Reversal
2012-11-13,27729,21919,486.0,-3167.0,38393,5810,Bullish
2012-11-20,27435,21572,-294.0,-347.0,39211,5863,Bullish
2012-11-27,24650,17201,-2785.0,-4371.0,35530,7449,Bullish Reversal
2012-12-04,31240,22022,6590.0,4821.0,43191,9218,Bullish
2012-12-11,35658,28558,4418.0,6536.0,48730,7100,Bearish
2012-12-18,27205,35778,-8453.0,7220.0,43470,-8573,Bearish Reversal
2012-12-24,23383,36330,-3822.0,552.0,43308,-12947,Bearish Reversal
2012-12-31,23677,33955,294.0,-2375.0,42593,-10278,Bullish Reversal
2013-01-08,29404,23267,5727.0,-10688.0,44635,6137,Bullish
2013-01-15,31886,25155,2482.0,1888.0,46567,6731,Bullish
2013-01-22,31028,22537,-858.0,-2618.0,42728,8491,Bullish Reversal
2013-01-29,30362,20685,-666.0,-1852.0,43634,9677,Bullish
2013-02-05,36900,34198,6538.0,13513.0,55093,2702,Bearish
2013-02-12,28520,25887,-8380.0,-8311.0,46236,2633,Bearish Reversal
2013-02-19,36057,23901,7537.0,-1986.0,50051,12156,Bullish
2013-02-26,52367,30033,16310.0,6132.0,69583,22334,Bullish
2013-03-05,59929,33940,7562.0,3907.0,78061,25989,Bullish
2013-03-12,61629,29843,1700.0,-4097.0,79948,31786,Bullish
2013-03-19,70051,16133,8422.0,-13710.0,85693,53918,Bullish
2013-03-26,67997,13579,-2054.0,-2554.0,83063,54418,Bullish Reversal
2013-04-02,73807,19540,5810.0,5961.0,89895,54267,Bearish
2013-04-09,70002,20501,-3805.0,961.0,87508,49501,Bearish Reversal
2013-04-16,60259,21866,-9743.0,1365.0,77787,38393,Bearish Reversal
2013-04-23,59066,20797,-1193.0,-1069.0,78266,38269,Bearish
2013-04-30,50628,15264,-8438.0,-5533.0,70776,35364,Bearish Reversal
2013-05-07,47555,15414,-3073.0,150.0,69141,32141,Bearish Reversal
2013-05-14,59690,24537,12135.0,9123.0,80067,35153,Bullish
2013-05-21,75673,29812,15983.0,5275.0,94765,45861,Bullish
2013-05-28,72598,26943,-3075.0,-2869.0,92698,45655,Bearish Reversal
2013-06-04,62129,18179,-10469.0,-8764.0,80851,43950,Bearish Reversal
2013-06-11,57814,14560,-4315.0,-3619.0,79315,43254,Bearish Reversal
2013-06-18,36438,21788,-21376.0,7228.0,51036,14650,Bearish Reversal
2013-06-25,36658,24377,220.0,2589.0,52740,12281,Bearish
2013-07-02,39682,24010,3024.0,-367.0,55430,15672,Bullish
2013-07-09,53446,24203,13764.0,193.0,69480,29243,Bullish
2013-07-16,49979,20276,-3467.0,-3927.0,64342,29703,Bullish Reversal
2013-07-23,46393,18231,-3586.0,-2045.0,60781,28162,Bearish Reversal
2013-07-30,45347,20156,-1046.0,1925.0,63511,25191,Bearish
2013-08-06,49921,24731,4574.0,4575.0,67341,25190,Bearish
2013-08-13,49791,34121,-130.0,9390.0,74194,15670,Bearish
2013-08-20,50429,38071,638.0,3950.0,75224,12358,Bearish
2013-08-27,49100,37391,-1329.0,-680.0,73930,11709,Bearish Reversal
2013-09-03,42118,29970,-6982.0,-7421.0,67467,12148,Bullish Reversal
2013-09-10,43056,21856,938.0,-8114.0,70651,21200,Bullish
2013-09-17,44826,22928,1770.0,1072.0,68238,21898,Bullish Reversal
2013-09-24,37862,33813,-6964.0,10885.0,53075,4049,Bearish Reversal
2013-10-01,36795,34610,-1067.0,797.0,53794,2185,Bearish
2013-10-08,40103,40260,3308.0,5650.0,59355,-157,Bearish
2013-10-15,33958,32638,-6145.0,-7622.0,50217,1320,Bullish Reversal
2013-10-22,38918,35918,4960.0,3280.0,54206,3000,Bullish
2013-10-29,36593,34969,-2325.0,-949.0,51946,1624,Bearish Reversal
2013-11-05,32241,24312,-4352.0,-10657.0,43806,7929,Bullish Reversal
2013-11-12,30278,16030,-1963.0,-8282.0,41351,14248,Bullish Reversal
2013-11-19,31688,16590,1410.0,560.0,43239,15098,Bullish
2013-11-26,31678,15701,-10.0,-889.0,42877,15977,Bullish Reversal
2013-12-03,31815,20252,137.0,4551.0,46173,11563,Bearish
2013-12-10,34708,27527,2893.0,7275.0,49070,7181,Bearish
2013-12-17,25727,31555,-8981.0,4028.0,39322,-5828,Bearish Reversal
2013-12-24,28425,32770,2698.0,1215.0,43607,-4345,Bullish
2013-12-31,27644,31592,-781.0,-1178.0,43644,-3948,Bullish
2014-01-07,29161,31525,1517.0,-67.0,46642,-2364,Bullish
2014-01-14,27607,23768,-1554.0,-7757.0,42927,3839,Bullish Reversal
2014-01-21,32336,28095,4729.0,4327.0,49768,4241,Bullish
2014-01-28,32594,28604,258.0,509.0,48844,3990,Bearish Reversal
2014-02-04,31164,26075,-1430.0,-2529.0,47614,5089,Bullish Reversal
2014-02-11,30980,24362,-184.0,-1713.0,47189,6618,Bullish Reversal
2014-02-18,32461,29843,1481.0,5481.0,49629,2618,Bearish
2014-02-25,32921,32940,460.0,3097.0,49811,-19,Bearish
2014-03-04,34864,35345,1943.0,2405.0,52552,-481,Bearish
2014-03-11,41083,41261,6219.0,5916.0,58004,-178,Bullish
2014-03-18,31687,43857,-9396.0,2596.0,51698,-12170,Bearish Reversal
2014-03-25,31654,42597,-33.0,-1260.0,50393,-10943,Bullish Reversal
2014-04-01,32765,42818,1111.0,221.0,52151,-10053,Bullish
2014-04-08,33471,32882,706.0,-9936.0,50988,589,Bullish Reversal
2014-04-15,36724,37258,3253.0,4376.0,52388,-534,Bearish
2014-04-22,34026,35645,-2698.0,-1613.0,50260,-1619,Bearish Reversal
2014-04-29,36651,36987,2625.0,1342.0,52985,-336,Bullish
2014-05-06,41459,43156,4808.0,6169.0,59850,-1697,Bearish
2014-05-13,34719,35054,-6740.0,-8102.0,50532,-335,Bullish Reversal
2014-05-20,32292,32609,-2427.0,-2445.0,47494,-317,Bullish Reversal
2014-05-27,33442,34126,1150.0,1517.0,49243,-684,Bearish
2014-06-03,37663,37369,4221.0,3243.0,54011,294,Bullish
2014-06-10,36218,36256,-1445.0,-1113.0,53957,-38,Bearish Reversal
2014-06-17,42883,21361,6665.0,-14895.0,55245,21522,Bullish
2014-06-24,44700,23005,1817.0,1644.0,58484,21695,Bullish
2014-07-01,43256,23199,-1444.0,194.0,58275,20057,Bearish Reversal
2014-07-08,38732,19030,-4524.0,-4169.0,54011,19702,Bearish Reversal
2014-07-15,37482,19810,-1250.0,780.0,53919,17672,Bearish Reversal
2014-07-22,41404,22783,3922.0,2973.0,57646,18621,Bullish
2014-07-29,55881,36470,14477.0,13687.0,74037,19411,Bullish
2014-08-05,63727,40075,7846.0,3605.0,82000,23652,Bullish
2014-08-12,64323,41139,596.0,1064.0,84214,23184,Bearish
2014-08-19,70323,43136,6000.0,1997.0,89417,27187,Bullish
2014-08-26,72561,43720,2238.0,584.0,90807,28841,Bullish
2014-09-02,69905,40754,-2656.0,-2966.0,87783,29151,Bullish Reversal
2014-09-09,72225,39730,2320.0,-1024.0,89540,32495,Bullish
2014-09-16,73991,20628,1766.0,-19102.0,90930,53363,Bullish
2014-09-23,75950,18960,1959.0,-1668.0,93016,56990,Bullish
2014-09-30,77468,21073,1518.0,2113.0,95588,56395,Bearish
2014-10-07,73699,24022,-3769.0,2949.0,94286,49677,Bearish Reversal
2014-10-14,71364,22398,-2335.0,-1624.0,92018,48966,Bearish Reversal
2014-10-21,62624,12398,-8740.0,-10000.0,80315,50226,Bullish Reversal
2014-10-28,62564,12258,-60.0,-140.0,79369,50306,Bullish Reversal
2014-11-04,72823,30058,10259.0,17800.0,92157,42765,Bearish
2014-11-11,70464,28839,-2359.0,-1219.0,95206,41625,Bearish
2014-11-18,67878,28522,-2586.0,-317.0,90731,39356,Bearish Reversal
2014-11-25,71881,33414,4003.0,4892.0,98005,38467,Bearish
2014-12-02,70833,34678,-1048.0,1264.0,97454,36155,Bearish Reversal
2014-12-09,67363,30957,-3470.0,-3721.0,94289,36406,Bullish Reversal
2014-12-16,61628,29664,-5735.0,-1293.0,87377,31964,Bearish Reversal
2014-12-23,69542,21610,7914.0,-8054.0,94321,47932,Bullish
2014-12-30,81570,32737,12028.0,11127.0,106538,48833,Bullish
2015-01-06,97113,27327,15543.0,-5410.0,126083,69786,Bullish
2015-01-13,94682,22722,-2431.0,-4605.0,127504,71960,Bullish
2015-01-20,97140,23972,2458.0,1250.0,130077,73168,Bullish
2015-01-27,92250,21577,-4890.0,-2395.0,129495,70673,Bearish Reversal
2015-02-03,88135,16529,-4115.0,-5048.0,125025,71606,Bullish Reversal
2015-02-10,78694,9756,-9441.0,-6773.0,114816,68938,Bearish Reversal
2015-02-17,76679,10617,-2015.0,861.0,115630,66062,Bearish
2015-02-24,81571,13414,4892.0,2797.0,118929,68157,Bullish
2015-03-03,85713,18495,4142.0,5081.0,123981,67218,Bearish
2015-03-10,97139,15869,11426.0,-2626.0,148486,81270,Bullish
2015-03-17,96554,16828,-585.0,959.0,132548,79726,Bearish Reversal
2015-03-24,83434,12207,-13120.0,-4621.0,116148,71227,Bearish Reversal
2015-03-31,87260,14117,3826.0,1910.0,118796,73143,Bullish
2015-04-07,83404,10598,-3856.0,-3519.0,113690,72806,Bearish Reversal
2015-04-14,90489,14082,7085.0,3484.0,119021,76407,Bullish
2015-04-21,85893,14172,-4596.0,90.0,115918,71721,Bearish Reversal
2015-04-28,78124,13540,-7769.0,-632.0,112648,64584,Bearish Reversal
2015-05-05,72708,13781,-5416.0,241.0,102100,58927,Bearish Reversal
2015-05-12,67303,11967,-5405.0,-1814.0,99697,55336,Bearish Reversal
2015-05-19,64375,10892,-2928.0,-1075.0,98050,53483,Bearish Reversal
2015-05-26,69694,17398,5319.0,6506.0,103211,52296,Bearish
2015-06-02,72455,12733,2761.0,-4665.0,102174,59722,Bullish Reversal
2015-06-09,73453,10576,998.0,-2157.0,105463,62877,Bullish
2015-06-16,63980,10560,-9473.0,-16.0,86281,53420,Bearish Reversal
2015-06-23,63696,11351,-284.0,791.0,85932,52345,Bearish Reversal
2015-06-30,59112,7716,-4584.0,-3635.0,83260,51396,Bearish Reversal
2015-07-07,64474,5036,5362.0,-2680.0,89292,59438,Bullish
2015-07-14,63866,5156,-608.0,120.0,88719,58710,Bearish Reversal
2015-07-21,70947,8678,7081.0,3522.0,98609,62269,Bullish
2015-07-28,69770,8593,-1177.0,-85.0,96069,61177,Bearish Reversal
2015-08-04,72616,7444,2846.0,-1149.0,100515,65172,Bullish
2015-08-11,71911,6319,-705.0,-1125.0,101605,65592,Bullish
2015-08-18,74212,11266,2301.0,4947.0,104952,62946,Bearish
2015-08-25,67446,15206,-6766.0,3940.0,100933,52240,Bearish Reversal
2015-09-01,60763,9568,-6683.0,-5638.0,100231,51195,Bearish Reversal
2015-09-08,63250,9851,2487.0,283.0,94284,53399,Bullish Reversal
2015-09-15,49861,10107,-13389.0,256.0,65291,39754,Bearish Reversal
2015-09-22,51474,10686,1613.0,579.0,68333,40788,Bullish
2015-09-29,54504,8803,3030.0,-1883.0,71478,45701,Bullish
2015-10-06,54656,8665,152.0,-138.0,70957,45991,Bullish Reversal
2015-10-13,49049,10174,-5607.0,1509.0,72734,38875,Bearish
2015-10-20,47578,19375,-1471.0,9201.0,81495,28203,Bearish
2015-10-27,49047,14356,1469.0,-5019.0,75389,34691,Bullish Reversal
2015-11-03,53003,13077,3956.0,-1279.0,76816,39926,Bullish
2015-11-10,61394,17610,8391.0,4533.0,84478,43784,Bullish
2015-11-17,65696,19169,4302.0,1559.0,89992,46527,Bullish
2015-11-24,64881,18735,-815.0,-434.0,91193,46146,Bearish
2015-12-01,66376,19039,1495.0,304.0,95037,47337,Bullish
2015-12-08,68328,17300,1952.0,-1739.0,96798,51028,Bullish
2015-12-15,52945,16043,-15383.0,-1257.0,71495,36902,Bearish Reversal
2015-12-22,47926,14519,-5019.0,-1524.0,65071,33407,Bearish Reversal
2015-12-29,47235,13620,-691.0,-899.0,64418,33615,Bullish Reversal
2016-01-05,53591,12882,6356.0,-738.0,74475,40709,Bullish
2016-01-12,53224,10505,-367.0,-2377.0,73868,42719,Bullish Reversal
2016-01-19,55084,12309,1860.0,1804.0,76206,42775,Bullish
2016-01-26,54688,10463,-396.0,-1846.0,75839,44225,Bullish Reversal
2016-02-02,54787,9915,99.0,-548.0,76120,44872,Bullish
2016-02-09,50735,15722,-4052.0,5807.0,75853,35013,Bearish Reversal
2016-02-16,46770,15428,-3965.0,-294.0,69926,31342,Bearish Reversal
2016-02-23,45107,15682,-1663.0,254.0,69258,29425,Bearish Reversal
2016-03-01,41571,14786,-3536.0,-896.0,64297,26785,Bearish Reversal
2016-03-08,40447,14069,-1124.0,-717.0,63702,26378,Bearish Reversal
2016-03-15,33578,16067,-6869.0,1998.0,49684,17511,Bearish Reversal
2016-03-22,35761,18087,2183.0,2020.0,52614,17674,Bullish
2016-03-29,37537,19787,1776.0,1700.0,53669,17750,Bullish
2016-04-05,40039,22724,2502.0,2937.0,56323,17315,Bearish
2016-04-12,39571,25722,-468.0,2998.0,59054,13849,Bearish
2016-04-19,42058,28609,2487.0,2887.0,62494,13449,Bearish
2016-04-26,40524,29194,-1534.0,585.0,64034,11330,Bearish
2016-05-03,44378,35204,3854.0,6010.0,71528,9174,Bearish
2016-05-10,42834,30717,-1544.0,-4487.0,67841,12117,Bullish Reversal
2016-05-17,38926,28480,-3908.0,-2237.0,65412,10446,Bearish Reversal
2016-05-24,34618,23440,-4308.0,-5040.0,61266,11178,Bullish Reversal
2016-05-31,34099,24193,-519.0,753.0,62195,9906,Bearish
2016-06-07,37987,28188,3888.0,3995.0,70139,9799,Bearish
2016-06-14,32024,27332,-5963.0,-856.0,50315,4692,Bearish Reversal
2016-06-21,34097,24725,2073.0,-2607.0,50649,9372,Bullish
2016-06-28,31058,18879,-3039.0,-5846.0,47703,12179,Bullish Reversal
2016-07-05,32442,20163,1384.0,1284.0,51060,12279,Bullish
2016-07-12,33104,19120,662.0,-1043.0,52678,13984,Bullish
2016-07-19,35300,20774,2196.0,1654.0,56826,14526,Bullish
2016-07-26,41251,18772,5951.0,-2002.0,63131,22479,Bullish
2016-08-02,32200,14483,-9051.0,-4289.0,54870,17717,Bearish Reversal
2016-08-09,32499,16730,299.0,2247.0,56359,15769,Bearish
2016-08-16,35849,19378,3350.0,2648.0,57759,16471,Bullish
2016-08-23,33766,17798,-2083.0,-1580.0,57651,15968,Bearish Reversal
2016-08-30,30121,15155,-3645.0,-2643.0,55341,14966,Bearish Reversal
2016-09-06,33728,16767,3607.0,1612.0,58169,16961,Bullish
2016-09-13,34343,17269,615.0,502.0,55501,17074,Bullish Reversal
2016-09-20,30268,15868,-4075.0,-1401.0,47964,14400,Bearish Reversal
2016-09-27,31260,19055,992.0,3187.0,50534,12205,Bearish
2016-10-04,34210,22110,2950.0,3055.0,53795,12100,Bearish
2016-10-11,50990,17441,16780.0,-4669.0,69769,33549,Bullish
2016-10-18,60566,15144,9576.0,-2297.0,79933,45422,Bullish
2016-10-25,67984,13994,7418.0,-1150.0,86683,53990,Bullish
2016-11-01,67181,12851,-803.0,-1143.0,85739,54330,Bullish Reversal
2016-11-08,65523,13227,-1658.0,376.0,85931,52296,Bearish
2016-11-15,60750,12322,-4773.0,-905.0,81170,48428,Bearish Reversal
2016-11-22,72226,19037,11476.0,6715.0,93965,53189,Bullish
2016-11-29,68042,14639,-4184.0,-4398.0,92156,53403,Bullish Reversal
2016-12-06,66444,11842,-1598.0,-2797.0,93311,54602,Bullish
2016-12-13,70157,13445,3713.0,1603.0,96087,56712,Bullish
2016-12-20,63443,11076,-6714.0,-2369.0,84233,52367,Bearish Reversal
2016-12-27,65725,13081,2282.0,2005.0,87191,52644,Bullish
2017-01-03,64538,10267,-1187.0,-2814.0,84941,54271,Bullish Reversal
2017-01-10,61218,8090,-3320.0,-2177.0,80618,53128,Bearish Reversal
2017-01-17,57589,8467,-3629.0,377.0,77719,49122,Bearish Reversal
2017-01-24,55098,6676,-2491.0,-1791.0,74838,48422,Bearish Reversal
2017-01-31,54801,8229,-297.0,1553.0,75601,46572,Bearish
2017-02-07,54335,7602,-466.0,-627.0,73975,46733,Bullish Reversal
2017-02-14,53115,7254,-1220.0,-348.0,74210,45861,Bearish
2017-02-21,52656,6842,-459.0,-412.0,74802,45814,Bearish
2017-02-28,52631,7821,-25.0,979.0,74909,44810,Bearish
2017-03-07,57540,6489,4909.0,-1332.0,83511,51051,Bullish
2017-03-14,54704,6961,-2836.0,472.0,74452,47743,Bearish Reversal
2017-03-21,52787,6522,-1917.0,-439.0,72753,46265,Bearish Reversal
2017-03-28,52912,8636,125.0,2114.0,74650,44276,Bearish
2017-04-04,48816,5857,-4096.0,-2779.0,69339,42959,Bearish Reversal
2017-04-11,49095,4760,279.0,-1097.0,71495,44335,Bullish
2017-04-18,46766,3329,-2329.0,-1431.0,66658,43437,Bearish Reversal
2017-04-25,49577,6036,2811.0,2707.0,70209,43541,Bullish
2017-05-02,50457,10437,880.0,4401.0,73868,40020,Bearish
2017-05-09,48718,12969,-1739.0,2532.0,74804,35749,Bearish
2017-05-16,51495,17220,2777.0,4251.0,78050,34275,Bearish
2017-05-23,54832,23508,3337.0,6288.0,85136,31324,Bearish
2017-05-30,51405,23700,-3427.0,192.0,84839,27705,Bearish Reversal
2017-06-06,53866,25644,2461.0,1944.0,87243,28222,Bullish
2017-06-13,51901,23876,-1965.0,-1768.0,84987,28025,Bearish Reversal
2017-06-20,28313,22693,-23588.0,-1183.0,46708,5620,Bearish Reversal
2017-06-27,27957,22499,-356.0,-194.0,48135,5458,Bearish
2017-07-03,30078,24242,2121.0,1743.0,50721,5836,Bullish
2017-07-11,29628,27288,-450.0,3046.0,53048,2340,Bearish
2017-07-18,28513,26461,-1115.0,-827.0,53086,2052,Bearish
2017-07-25,25829,28334,-2684.0,1873.0,49984,-2505,Bearish Reversal
2017-08-01,27331,28898,1502.0,564.0,51424,-1567,Bullish
2017-08-08,27332,30016,1.0,1118.0,52748,-2684,Bearish
2017-08-15,26652,28776,-680.0,-1240.0,51263,-2124,Bullish Reversal
2017-08-22,27328,28764,676.0,-12.0,52379,-1436,Bullish
2017-08-29,31351,34405,4023.0,5641.0,58082,-3054,Bearish
2017-09-05,26830,30774,-4521.0,-3631.0,55828,-3944,Bearish Reversal
2017-09-12,29161,31352,2331.0,578.0,55883,-2191,Bullish
2017-09-19,26833,33046,-2328.0,1694.0,42287,-6213,Bearish Reversal
2017-09-26,29288,35891,2455.0,2845.0,45590,-6603,Bearish
2017-10-03,31209,34478,1921.0,-1413.0,47920,-3269,Bullish
2017-10-10,29204,32875,-2005.0,-1603.0,45773,-3671,Bearish Reversal
2017-10-17,28420,33127,-784.0,252.0,46646,-4707,Bearish
2017-10-24,32463,36664,4043.0,3537.0,51132,-4201,Bullish
2017-10-31,30077,30897,-2386.0,-5767.0,49228,-820,Bullish Reversal
2017-11-07,31599,31374,1522.0,477.0,52065,225,Bullish
2017-11-14,27241,29992,-4358.0,-1382.0,46491,-2751,Bearish Reversal
2017-11-21,22064,28631,-5177.0,-1361.0,40200,-6567,Bearish Reversal
2017-11-28,24788,35397,2724.0,6766.0,43517,-10609,Bearish
2017-12-05,24369,32845,-419.0,-2552.0,45289,-8476,Bullish
2017-12-12,24845,30530,476.0,-2315.0,43885,-5685,Bullish Reversal
2017-12-19,26355,22487,1510.0,-8043.0,40944,3868,Bullish Reversal
2017-12-26,28751,26293,2396.0,3806.0,44142,2458,Bearish
2018-01-02,34204,32045,5453.0,5752.0,52638,2159,Bearish
2018-01-09,33449,32623,-755.0,578.0,51377,826,Bearish Reversal
2018-01-16,34090,35363,641.0,2740.0,51436,-1273,Bearish
2018-01-23,31170,35343,-2920.0,-20.0,49114,-4173,Bearish Reversal
2018-01-30,28953,34740,-2217.0,-603.0,47086,-5787,Bearish Reversal
2018-02-06,27554,31132,-1399.0,-3608.0,43794,-3578,Bullish Reversal
2018-02-13,24117,26970,-3437.0,-4162.0,40422,-2853,Bullish Reversal
2018-02-20,23765,25802,-352.0,-1168.0,39428,-2037,Bullish Reversal
2018-02-27,22735,24823,-1030.0,-979.0,37902,-2088,Bearish Reversal
2018-03-06,24345,24466,1610.0,-357.0,37639,-121,Bullish Reversal
2018-03-13,22492,21645,-1853.0,-2821.0,35920,847,Bullish Reversal
2018-03-20,20950,21014,-1542.0,-631.0,29866,-64,Bearish Reversal
2018-03-27,24264,26024,3314.0,5010.0,35691,-1760,Bearish
2018-04-03,21990,23175,-2274.0,-2849.0,31226,-1185,Bullish Reversal
2018-04-10,23544,25349,1554.0,2174.0,33497,-1805,Bearish
2018-04-17,23278,25693,-266.0,344.0,34609,-2415,Bearish
2018-04-24,21914,23695,-1364.0,-1998.0,32114,-1781,Bullish Reversal
2018-05-01,24780,26514,2866.0,2819.0,35440,-1734,Bullish
2018-05-08,26058,26607,1278.0,93.0,37324,-549,Bullish
2018-05-15,28694,28676,2636.0,2069.0,40239,18,Bullish
2018-05-22,30411,27825,1717.0,-851.0,42065,2586,Bullish
2018-05-29,34414,30490,4003.0,2665.0,45941,3924,Bullish
2018-06-05,33841,29427,-573.0,-1063.0,44949,4414,Bullish Reversal
2018-06-12,35074,30411,1233.0,984.0,49907,4663,Bullish
2018-06-19,37341,19269,2267.0,-11142.0,46993,18072,Bullish Reversal
2018-06-26,37927,19701,586.0,432.0,47596,18226,Bullish
2018-07-03,40326,21654,2399.0,1953.0,49741,18672,Bullish
2018-07-10,37670,18985,-2656.0,-2669.0,47798,18685,Bullish Reversal
2018-07-17,39314,20390,1644.0,1405.0,49216,18924,Bullish
2018-07-24,41132,15861,1818.0,-4529.0,52289,25271,Bullish
2018-07-31,40760,12304,-372.0,-3557.0,53060,28456,Bullish
2018-08-07,41799,11697,1039.0,-607.0,53915,30102,Bullish
2018-08-14,45660,13627,3861.0,1930.0,57088,32033,Bullish
2018-08-21,45042,10920,-618.0,-2707.0,55935,34122,Bullish Reversal
2018-08-28,41659,7088,-3383.0,-3832.0,52802,34571,Bullish Reversal
2018-09-04,43987,10501,2328.0,3413.0,55783,33486,Bearish
2018-09-11,44223,9728,236.0,-773.0,58932,34495,Bullish
2018-09-18,47280,9824,3057.0,96.0,56908,37456,Bullish Reversal
2018-09-25,43449,6440,-3831.0,-3384.0,52751,37009,Bearish Reversal
2018-10-02,43552,6516,103.0,76.0,53364,37036,Bullish
2018-10-09,48465,10756,4913.0,4240.0,58150,37709,Bullish
2018-10-16,45830,7954,-2635.0,-2802.0,54917,37876,Bullish Reversal
2018-10-23,48819,10791,2989.0,2837.0,59274,38028,Bullish
2018-10-30,49859,10336,1040.0,-455.0,60318,39523,Bullish
2018-11-06,48295,8013,-1564.0,-2323.0,57888,40282,Bullish Reversal
2018-11-13,48448,7935,153.0,-78.0,58329,40513,Bullish
2018-11-20,45738,6398,-2710.0,-1537.0,57264,39340,Bearish Reversal
2018-11-27,46349,7042,611.0,644.0,57063,39307,Bearish Reversal
2018-12-04,45353,6904,-996.0,-138.0,56729,38449,Bearish Reversal
2018-12-11,46660,8538,1307.0,1634.0,64006,38122,Bearish
2018-12-18,43298,7249,-3362.0,-1289.0,50790,36049,Bearish Reversal
2018-12-24,40353,7368,-2945.0,119.0,50245,32985,Bearish Reversal
2018-12-31,41729,9346,1376.0,1978.0,52699,32383,Bearish
2019-01-08,49072,15871,7343.0,6525.0,60955,33201,Bullish
2019-01-15,50572,16031,1500.0,160.0,61790,34541,Bullish
2019-01-22,48913,15357,-1659.0,-674.0,59999,33556,Bearish Reversal
2019-01-29,48325,17311,-588.0,1954.0,60968,31014,Bearish
2019-02-05,45640,14862,-2685.0,-2449.0,57842,30778,Bearish Reversal
2019-02-12,46646,13361,1006.0,-1501.0,56543,33285,Bullish Reversal
2019-02-19,48544,15705,1898.0,2344.0,59109,32839,Bearish
2019-02-26,48597,16684,53.0,979.0,64599,31913,Bearish
2019-03-05,41672,7958,-6925.0,-8726.0,54897,33714,Bullish Reversal
2019-03-12,45030,9956,3358.0,1998.0,60235,35074,Bullish
2019-03-19,38607,12672,-6423.0,2716.0,44215,25935,Bearish Reversal
2019-03-26,36943,11658,-1664.0,-1014.0,42802,25285,Bearish Reversal
2019-04-02,44774,15926,7831.0,4268.0,50702,28848,Bullish
2019-04-09,44569,15123,-205.0,-803.0,50845,29446,Bullish
2019-04-16,43126,14188,-1443.0,-935.0,49887,28938,Bearish Reversal
2019-04-23,49172,20417,6046.0,6229.0,56644,28755,Bearish
2019-04-30,51212,22263,2040.0,1846.0,58985,28949,Bullish
2019-05-07,46902,18669,-4310.0,-3594.0,54810,28233,Bearish Reversal
2019-05-14,40211,13534,-6691.0,-5135.0,48083,26677,Bearish Reversal
2019-05-21,43400,16688,3189.0,3154.0,51830,26712,Bullish
2019-05-28,41919,14821,-1481.0,-1867.0,50088,27098,Bullish Reversal
2019-06-04,39348,13114,-2571.0,-1707.0,46897,26234,Bearish Reversal
2019-06-11,36885,12896,-2463.0,-218.0,49167,23989,Bearish
2019-06-18,40319,11770,3434.0,-1126.0,47012,28549,Bullish Reversal
2019-06-25,34327,11961,-5992.0,191.0,45093,22366,Bearish Reversal
2019-07-02,33497,11080,-830.0,-881.0,42805,22417,Bullish Reversal
2019-07-09,36479,9423,2982.0,-1657.0,41935,27056,Bullish Reversal
2019-07-16,36452,9120,-27.0,-303.0,42480,27332,Bullish
2019-07-23,42218,13090,5766.0,3970.0,48047,29128,Bullish
2019-07-30,49305,19022,7087.0,5932.0,55829,30283,Bullish
2019-08-06,49331,18002,26.0,-1020.0,55694,31329,Bullish Reversal
2019-08-13,47874,18032,-1457.0,30.0,55000,29842,Bearish Reversal
2019-08-20,49063,19564,1189.0,1532.0,56089,29499,Bearish
2019-08-27,48102,18205,-961.0,-1359.0,55277,29897,Bullish Reversal
2019-09-03,54410,22674,6308.0,4469.0,62314,31736,Bullish
2019-09-10,49483,17451,-4927.0,-5223.0,64908,32032,Bullish
2019-09-17,49626,7852,143.0,-9599.0,55837,41774,Bullish Reversal
2019-09-24,50313,8374,687.0,522.0,57183,41939,Bullish
2019-10-01,52568,9540,2255.0,1166.0,59045,43028,Bullish
2019-10-08,48977,9118,-3591.0,-422.0,58016,39859,Bearish Reversal
2019-10-15,44288,6852,-4689.0,-2266.0,54820,37436,Bearish Reversal
2019-10-22,40833,9623,-3455.0,2771.0,53860,31210,Bearish Reversal
2019-10-29,37183,7674,-3650.0,-1949.0,49700,29509,Bearish Reversal
2019-11-05,34983,6604,-2200.0,-1070.0,47015,28379,Bearish Reversal
2019-11-12,33917,6133,-1066.0,-471.0,46188,27784,Bearish Reversal
2019-11-19,31509,6884,-2408.0,751.0,45288,24625,Bearish Reversal
2019-11-26,29233,5095,-2276.0,-1789.0,42191,24138,Bearish Reversal
2019-12-03,31182,7305,1949.0,2210.0,44997,23877,Bearish
2019-12-10,30754,8493,-428.0,1188.0,47127,22261,Bearish
2019-12-17,23048,11352,-7706.0,2859.0,32897,11696,Bearish Reversal
2019-12-24,24038,10807,990.0,-545.0,32976,13231,Bullish
2019-12-31,24945,12891,907.0,2084.0,35967,12054,Bearish
2020-01-07,23825,11357,-1120.0,-1534.0,35179,12468,Bullish Reversal
2020-01-14,25590,12327,1765.0,970.0,36189,13263,Bullish
2020-01-21,25334,12394,-256.0,67.0,35878,12940,Bearish Reversal
2020-01-28,28316,11883,2982.0,-511.0,36000,16433,Bullish
2020-02-04,29964,12831,1648.0,948.0,36874,17133,Bullish
2020-02-11,41714,22228,11750.0,9397.0,49634,19486,Bullish
2020-02-18,40400,16172,-1314.0,-6056.0,48471,24228,Bullish Reversal
2020-02-25,39762,14685,-638.0,-1487.0,47885,25077,Bullish Reversal
2020-03-03,31882,9394,-7880.0,-5291.0,39782,22488,Bearish Reversal
2020-03-10,25602,13190,-6280.0,3796.0,44951,12412,Bearish
2020-03-17,19542,12390,-6060.0,-800.0,25322,7152,Bearish Reversal
2020-03-24,22456,9936,2914.0,-2454.0,28338,12520,Bullish
2020-03-31,22952,8887,496.0,-1049.0,28972,14065,Bullish
2020-04-07,22818,7794,-134.0,-1093.0,28696,15024,Bullish Reversal
2020-04-14,23862,8505,1044.0,711.0,29664,15357,Bullish
2020-04-21,24844,9228,982.0,723.0,31390,15616,Bullish
2020-04-28,26269,10181,1425.0,953.0,32622,16088,Bullish
2020-05-05,24713,8288,-1556.0,-1893.0,31555,16425,Bullish Reversal
2020-05-12,23956,7506,-757.0,-782.0,31123,16450,Bullish Reversal
2020-05-19,24515,7218,559.0,-288.0,31477,17297,Bullish
2020-05-26,21039,6240,-3476.0,-978.0,28298,14799,Bearish Reversal
2020-06-02,17877,9619,-3162.0,3379.0,26006,8258,Bearish Reversal
2020-06-09,20876,16187,2999.0,6568.0,33934,4689,Bearish
2020-06-16,10796,16140,-10080.0,-47.0,19869,-5344,Bearish Reversal
2020-06-23,11653,16967,857.0,827.0,21601,-5314,Bullish
2020-06-30,9812,14787,-1841.0,-2180.0,19441,-4975,Bullish Reversal
2020-07-07,12136,17075,2324.0,2288.0,22869,-4939,Bullish
2020-07-14,12123,17162,-13.0,87.0,23499,-5039,Bearish
2020-07-21,18979,24772,6856.0,7610.0,31404,-5793,Bearish
2020-07-28,22835,29562,3856.0,4790.0,37312,-6727,Bearish
2020-08-04,20402,26877,-2433.0,-2685.0,35497,-6475,Bullish Reversal
2020-08-11,18250,26432,-2152.0,-445.0,34460,-8182,Bearish Reversal
2020-08-18,18587,26102,337.0,-330.0,34896,-7515,Bullish
2020-08-25,13582,21355,-5005.0,-4747.0,30716,-7773,Bearish Reversal
2020-09-01,14348,21094,766.0,-261.0,30358,-6746,Bullish Reversal
2020-09-08,13453,19211,-895.0,-1883.0,29776,-5758,Bullish Reversal
2020-09-15,13356,21596,-97.0,2385.0,28493,-8240,Bearish Reversal
2020-09-22,11932,21078,-1424.0,-518.0,28767,-9146,Bearish
2020-09-29,14840,20395,2908.0,-683.0,28616,-5555,Bullish Reversal
2020-10-06,18509,21543,3669.0,1148.0,31448,-3034,Bullish
2020-10-13,20110,19673,1601.0,-1870.0,29233,437,Bullish Reversal
2020-10-20,18068,19734,-2042.0,61.0,29349,-1666,Bearish
2020-10-27,18755,20009,687.0,275.0,29623,-1254,Bullish
2020-11-03,17426,16685,-1329.0,-3324.0,26661,741,Bullish Reversal
2020-11-10,18603,19731,1177.0,3046.0,29066,-1128,Bearish
2020-11-17,19540,20514,937.0,783.0,29413,-974,Bullish
2020-11-24,19647,22401,107.0,1887.0,31913,-2754,Bearish
2020-12-01,23708,26783,4061.0,4382.0,37196,-3075,Bearish
2020-12-08,23208,29694,-500.0,2911.0,48516,-6486,Bearish
2020-12-15,14709,28765,-8499.0,-929.0,35894,-14056,Bearish Reversal
2020-12-21,13504,28379,-1205.0,-386.0,34751,-14875,Bearish Reversal
2020-12-29,14610,29167,1106.0,788.0,35978,-14557,Bullish
2021-01-05,14889,29841,279.0,674.0,37569,-14952,Bearish
2021-01-12,13948,27855,-941.0,-1986.0,34855,-13907,Bullish Reversal
2021-01-19,15440,29717,1492.0,1862.0,36065,-14277,Bearish
2021-01-26,15369,30088,-71.0,371.0,37137,-14719,Bearish
2021-02-02,15980,30810,611.0,722.0,36894,-14830,Bearish Reversal
2021-02-09,15939,29814,-41.0,-996.0,36189,-13875,Bullish Reversal
2021-02-16,15842,30129,-97.0,315.0,35968,-14287,Bearish Reversal
2021-02-23,17592,31443,1750.0,1314.0,41377,-13851,Bullish
2021-03-02,20767,30870,3175.0,-573.0,37546,-10103,Bullish Reversal
2021-03-09,23759,32646,2992.0,1776.0,41300,-8887,Bullish
2021-03-16,26575,20738,2816.0,-11908.0,35368,5837,Bullish Reversal
2021-03-23,27846,22463,1271.0,1725.0,36732,5383,Bearish
2021-03-30,30513,24787,2667.0,2324.0,40306,5726,Bullish
2021-04-06,27706,23257,-2807.0,-1530.0,39111,4449,Bearish Reversal
2021-04-13,26679,20726,-1027.0,-2531.0,39165,5953,Bullish
2021-04-20,24707,21189,-1972.0,463.0,36777,3518,Bearish Reversal
2021-04-27,23852,21106,-855.0,-83.0,36598,2746,Bearish Reversal
2021-05-04,22016,19961,-1836.0,-1145.0,34179,2055,Bearish Reversal
2021-05-11,27111,24688,5095.0,4727.0,41836,2423,Bullish
2021-05-18,27138,24454,27.0,-234.0,42995,2684,Bullish
2021-05-25,27488,24708,350.0,254.0,43043,2780,Bullish
2021-06-01,30212,27249,2724.0,2541.0,48045,2963,Bullish
2021-06-08,31891,30140,1679.0,2891.0,49573,1751,Bearish
2021-06-15,25618,27921,-6273.0,-2219.0,37453,-2303,Bearish Reversal
2021-06-22,24504,25014,-1114.0,-2907.0,34629,-510,Bullish Reversal
2021-06-29,25133,25581,629.0,567.0,34924,-448,Bullish
2021-07-06,27442,19873,2309.0,-5708.0,37205,7569,Bullish
2021-07-13,27502,16245,60.0,-3628.0,37890,11257,Bullish
2021-07-20,28782,16594,1280.0,349.0,38918,12188,Bullish
2021-07-27,31758,15217,2976.0,-1377.0,43059,16541,Bullish
2021-08-03,33461,14580,1703.0,-637.0,43131,18881,Bullish
2021-08-10,35975,16649,2514.0,2069.0,45126,19326,Bullish
2021-08-17,35460,16249,-515.0,-400.0,46576,19211,Bearish
2021-08-24,36611,16249,1151.0,0.0,48509,20362,Bullish
2021-08-31,35902,15212,-709.0,-1037.0,48837,20690,Bullish
2021-09-07,33099,11634,-2803.0,-3578.0,46368,21465,Bullish Reversal
2021-09-14,34805,10532,1706.0,-1102.0,44386,24273,Bullish Reversal
2021-09-21,36883,11783,2078.0,1251.0,45934,25100,Bullish
2021-09-28,45054,18593,8171.0,6810.0,55330,26461,Bullish
2021-10-05,44715,12689,-339.0,-5904.0,57194,32026,Bullish
2021-10-12,49394,14332,4679.0,1643.0,62836,35062,Bullish
2021-10-19,47568,11634,-1826.0,-2698.0,60731,35934,Bullish Reversal
2021-10-26,45189,10732,-2379.0,-902.0,58993,34457,Bearish Reversal
2021-11-02,45395,10413,206.0,-319.0,57947,34982,Bullish Reversal
2021-11-09,46521,11073,1126.0,660.0,57713,35448,Bullish Reversal
2021-11-16,47959,13051,1438.0,1978.0,59387,34908,Bearish
2021-11-23,47116,11341,-843.0,-1710.0,57694,35775,Bullish Reversal
2021-11-30,42010,6131,-5106.0,-5210.0,52172,35879,Bullish Reversal
2021-12-07,43058,8193,1048.0,2062.0,59994,34865,Bearish
2021-12-14,42263,11022,-795.0,2829.0,52098,31241,Bearish Reversal
2021-12-21,46222,11107,3959.0,85.0,56162,35115,Bullish
2021-12-28,47169,10380,947.0,-727.0,57892,36789,Bullish
2022-01-04,47750,8672,581.0,-1708.0,58089,39078,Bullish
2022-01-11,45872,7980,-1878.0,-692.0,57218,37892,Bearish Reversal
2022-01-18,42369,5935,-3503.0,-2045.0,53283,36434,Bearish Reversal
2022-01-25,41772,4911,-597.0,-1024.0,52328,36861,Bullish Reversal
2022-02-01,43897,9326,2125.0,4415.0,56477,34571,Bearish
2022-02-08,40370,6605,-3527.0,-2721.0,53603,33765,Bearish Reversal
2022-02-15,42349,6963,1979.0,358.0,54283,35386,Bullish
2022-02-22,43726,7642,1377.0,679.0,54922,36084,Bullish
2022-03-01,43761,8987,35.0,1345.0,56651,34774,Bearish
2022-03-08,46031,11987,2270.0,3000.0,62447,34044,Bearish
2022-03-15,39767,11387,-6264.0,-600.0,47574,28380,Bearish Reversal
2022-03-22,43561,13926,3794.0,2539.0,51952,29635,Bullish
2022-03-29,44970,14029,1409.0,103.0,53967,30941,Bullish
2022-04-05,41038,9186,-3932.0,-4843.0,49049,31852,Bullish Reversal
2022-04-12,44303,14666,3265.0,5480.0,54836,29637,Bearish
2022-04-19,46685,14105,2382.0,-561.0,54524,32580,Bullish Reversal
2022-04-26,49673,15794,2988.0,1689.0,56712,33879,Bullish
2022-05-03,46264,13193,-3409.0,-2601.0,54092,33071,Bearish Reversal
2022-05-10,49864,15088,3600.0,1895.0,57556,34776,Bullish
2022-05-17,53519,17306,3655.0,2218.0,61899,36213,Bullish
2022-05-24,53675,15636,156.0,-1670.0,61857,38039,Bullish Reversal
2022-05-31,54859,17321,1184.0,1685.0,63863,37538,Bearish
2022-06-07,55460,17522,601.0,201.0,65163,37938,Bullish
2022-06-14,53133,8657,-2327.0,-8865.0,61144,44476,Bullish Reversal
2022-06-21,51606,6596,-1527.0,-2061.0,58543,45010,Bullish Reversal
2022-06-28,54646,11417,3040.0,4821.0,63143,43229,Bearish
2022-07-05,52927,13676,-1719.0,2259.0,60857,39251,Bearish Reversal
2022-07-12,51109,12755,-1818.0,-921.0,59565,38354,Bearish Reversal
2022-07-19,50234,11165,-875.0,-1590.0,59214,39069,Bullish Reversal
2022-07-26,51337,10802,1103.0,-363.0,60456,40535,Bullish
2022-08-02,47918,8571,-3419.0,-2231.0,57054,39347,Bearish Reversal
2022-08-09,50738,12101,2820.0,3530.0,59639,38637,Bearish
2022-08-16,50782,12821,44.0,720.0,58909,37961,Bearish Reversal
2022-08-23,49311,14212,-1471.0,1391.0,57608,35099,Bearish Reversal
2022-08-30,51672,16157,2361.0,1945.0,60184,35515,Bullish
2022-09-06,52607,16500,935.0,343.0,61662,36107,Bullish
2022-09-13,48984,13315,-3623.0,-3185.0,62077,35669,Bearish
2022-09-20,45704,17773,-3280.0,4458.0,54292,27931,Bearish Reversal
2022-09-27,47424,16862,1720.0,-911.0,56046,30562,Bullish
2022-10-04,44449,12752,-2975.0,-4110.0,54638,31697,Bullish Reversal
2022-10-11,45079,12293,630.0,-459.0,54615,32786,Bullish Reversal
2022-10-18,44956,12266,-123.0,-27.0,55234,32690,Bearish
2022-10-25,44998,14900,42.0,2634.0,59053,30098,Bearish
2022-11-01,42304,12516,-2694.0,-2384.0,55942,29788,Bearish Reversal
2022-11-08,42887,12694,583.0,178.0,56340,30193,Bullish
2022-11-15,38965,12111,-3922.0,-583.0,48382,26854,Bearish Reversal
2022-11-22,38310,14245,-655.0,2134.0,47718,24065,Bearish Reversal
2022-11-29,37279,12387,-1031.0,-1858.0,46836,24892,Bullish Reversal
2022-12-06,36157,11271,-1122.0,-1116.0,45115,24886,Bearish Reversal
2022-12-13,38766,12988,2609.0,1717.0,48069,25778,Bullish
2022-12-20,32727,15970,-6039.0,2982.0,41389,16757,Bearish Reversal
2022-12-27,33142,16201,415.0,231.0,41653,16941,Bullish
2023-01-03,33171,15410,29.0,-791.0,41850,17761,Bullish
2023-01-10,33928,17388,757.0,1978.0,42307,16540,Bearish
2023-01-17,31694,18336,-2234.0,948.0,39388,13358,Bearish Reversal
2023-01-24,33291,18128,1597.0,-208.0,41233,15163,Bullish
2023-01-31,29221,12684,-4070.0,-5444.0,38140,16537,Bullish Reversal
2023-02-07,24029,11760,-5192.0,-924.0,33546,12269,Bearish Reversal
2023-02-14,23984,12010,-45.0,250.0,32966,11974,Bearish Reversal
2023-02-21,26469,14271,2485.0,2261.0,36022,12198,Bullish
2023-02-28,27160,15284,691.0,1013.0,37290,11876,Bearish
2023-03-07,26665,14109,-495.0,-1175.0,36943,12556,Bullish Reversal
2023-03-14,26446,12689,-219.0,-1420.0,35180,13757,Bullish Reversal
2023-03-21,26258,12114,-188.0,-575.0,33819,14144,Bullish Reversal
2023-03-28,24552,11833,-1706.0,-281.0,31128,12719,Bearish Reversal
2023-04-04,25574,11468,1022.0,-365.0,32076,14106,Bullish
2023-04-11,26090,12826,516.0,1358.0,33076,13264,Bearish
2023-04-18,25192,14679,-898.0,1853.0,34865,10513,Bearish
2023-04-25,24149,13410,-1043.0,-1269.0,34441,10739,Bullish Reversal
2023-05-02,22988,11638,-1161.0,-1772.0,32774,11350,Bullish Reversal
2023-05-09,21656,10500,-1332.0,-1138.0,32175,11156,Bearish Reversal
2023-05-16,20669,11155,-987.0,655.0,30880,9514,Bearish Reversal
2023-05-23,22194,10954,1525.0,-201.0,30203,11240,Bullish Reversal
2023-05-30,23927,11159,1733.0,205.0,32373,12768,Bullish
2023-06-06,24791,12572,864.0,1413.0,33930,12219,Bearish
2023-06-13,22416,8418,-2375.0,-4154.0,32050,13998,Bullish Reversal
2023-06-20,20972,6111,-1444.0,-2307.0,27306,14861,Bullish Reversal
2023-06-27,21265,6297,293.0,186.0,27691,14968,Bullish
2023-07-03,20267,5950,-998.0,-347.0,26619,14317,Bearish Reversal
2023-07-11,20741,8730,474.0,2780.0,28925,12011,Bearish
2023-07-18,27410,16343,6669.0,7613.0,41045,11067,Bearish
2023-07-25,21258,15204,-6152.0,-1139.0,34514,6054,Bearish Reversal
2023-08-01,18494,15379,-2764.0,175.0,31435,3115,Bearish Reversal
2023-08-08,17247,14623,-1247.0,-756.0,28930,2624,Bearish Reversal
2023-08-15,19617,14626,2370.0,3.0,26954,4991,Bullish Reversal
2023-08-22,23328,18739,3711.0,4113.0,33938,4589,Bearish
2023-08-29,22882,20059,-446.0,1320.0,36732,2823,Bearish
2023-09-05,22881,19522,-1.0,-537.0,36579,3359,Bullish Reversal
2023-09-12,25145,19074,2264.0,-448.0,40982,6071,Bullish
2023-09-19,24582,8948,-563.0,-10126.0,39249,15634,Bullish Reversal
2023-09-26,26606,9848,2024.0,900.0,42373,16758,Bullish
2023-10-03,28057,9242,1451.0,-606.0,42340,18815,Bullish Reversal
2023-10-10,27574,8097,-483.0,-1145.0,41288,19477,Bullish Reversal
2023-10-17,28534,9367,960.0,1270.0,43051,19167,Bearish
2023-10-24,28130,8459,-404.0,-908.0,42670,19671,Bullish Reversal
2023-10-31,27571,8586,-559.0,127.0,42803,18985,Bearish
2023-11-07,27866,8395,295.0,-191.0,41224,19471,Bullish Reversal
2023-11-14,27271,7537,-595.0,-858.0,38842,19734,Bullish Reversal
2023-11-21,28543,7846,1272.0,309.0,37894,20697,Bullish Reversal
2023-11-28,28798,9711,255.0,1865.0,39359,19087,Bearish
2023-12-05,28199,8255,-599.0,-1456.0,40451,19944,Bullish
2023-12-12,28100,10499,-99.0,2244.0,41345,17601,Bearish
2023-12-19,15852,11910,-12248.0,1411.0,21734,3942,Bearish Reversal
2023-12-26,15047,11910,-805.0,0.0,22039,3137,Bearish
2024-01-02,15941,13518,894.0,1608.0,23916,2423,Bearish
2024-01-09,16041,13131,100.0,-387.0,23878,2910,Bullish Reversal
2024-01-16,15077,13777,-964.0,646.0,23501,1300,Bearish Reversal
2024-01-23,16526,14879,1449.0,1102.0,24663,1647,Bullish
2024-01-30,17238,16866,712.0,1987.0,25739,372,Bearish
2024-02-06,18474,16935,1236.0,69.0,29202,1539,Bullish
2024-02-13,21096,19094,2622.0,2159.0,32227,2002,Bullish
2024-02-20,18732,17186,-2364.0,-1908.0,29958,1546,Bearish Reversal
2024-02-27,18827,16744,95.0,-442.0,29549,2083,Bullish Reversal
2024-03-05,17766,14667,-1061.0,-2077.0,28450,3099,Bullish Reversal
2024-03-12,17547,11361,-219.0,-3306.0,26365,6186,Bullish Reversal
2024-03-19,15573,14894,-1974.0,3533.0,23819,679,Bearish Reversal
2024-03-26,19214,19843,3641.0,4949.0,31997,-629,Bearish
2024-04-02,23681,25577,4467.0,5734.0,38130,-1896,Bearish
2024-04-09,26733,27875,3052.0,2298.0,40448,-1142,Bullish
2024-04-16,29911,30840,3178.0,2965.0,44069,-929,Bullish
2024-04-23,31347,31560,1436.0,720.0,45725,-213,Bullish
2024-04-30,33593,33628,2246.0,2068.0,48784,-35,Bullish
2024-05-07,28881,27028,-4712.0,-6600.0,42962,1853,Bullish Reversal
2024-05-14,29682,27247,801.0,219.0,42817,2435,Bullish Reversal
2024-05-21,28292,24774,-1390.0,-2473.0,39920,3518,Bullish Reversal
2024-05-28,28325,24151,33.0,-623.0,40108,4174,Bullish
2024-06-04,26803,21916,-1522.0,-2235.0,38645,4887,Bullish Reversal
2024-06-11,26458,21445,-345.0,-471.0,38327,5013,Bullish Reversal
2024-06-18,30205,12610,3747.0,-8835.0,40237,17595,Bullish
2024-06-25,31947,14425,1742.0,1815.0,43147,17522,Bearish
2024-07-02,32776,16194,829.0,1769.0,45627,16582,Bearish
2024-07-09,30587,14379,-2189.0,-1815.0,43263,16208,Bearish Reversal
2024-07-16,30327,11777,-260.0,-2602.0,38651,18550,Bullish Reversal
2024-07-23,30196,11976,-131.0,199.0,38818,18220,Bearish
2024-07-30,29973,13015,-223.0,1039.0,39266,16958,Bearish
2024-08-06,30996,14860,1023.0,1845.0,42026,16136,Bearish
2024-08-13,33686,15150,2690.0,290.0,45236,18536,Bullish
2024-08-20,35452,17861,1766.0,2711.0,48713,17591,Bearish
2024-08-27,37377,18464,1925.0,603.0,51056,18913,Bullish
2024-09-03,34725,15296,-2652.0,-3168.0,48563,19429,Bullish Reversal
2024-09-10,32116,11906,-2609.0,-3390.0,48653,20210,Bullish
2024-09-17,15897,14099,-16219.0,2193.0,24759,1798,Bearish Reversal
2024-09-24,16524,15565,627.0,1466.0,27029,959,Bearish
2024-10-01,13829,13675,-2695.0,-1890.0,26321,154,Bearish Reversal
2024-10-08,15016,16905,1187.0,3230.0,25635,-1889,Bearish Reversal
2024-10-15,15352,17452,336.0,547.0,24171,-2100,Bearish Reversal
2024-10-22,20118,19207,4766.0,1755.0,29942,911,Bullish
2024-10-29,21825,20141,1707.0,934.0,32536,1684,Bullish
2024-11-05,20332,20237,-1493.0,96.0,30825,95,Bearish Reversal
2024-11-12,22958,25270,2626.0,5033.0,36875,-2312,Bearish
2024-11-19,22613,25326,-345.0,56.0,37320,-2713,Bearish
2024-11-26,22960,25759,347.0,433.0,37797,-2799,Bearish
2024-12-03,21903,24957,-1057.0,-802.0,37510,-3054,Bearish Reversal
2024-12-10,22883,26107,980.0,1150.0,40825,-3224,Bearish
2024-12-17,25145,19504,2262.0,-6603.0,41281,5641,Bullish
2024-12-24,28539,22047,3394.0,2543.0,44472,6492,Bullish
2024-12-31,26598,19721,-1941.0,-2326.0,42976,6877,Bullish Reversal
2025-01-07,27958,19313,1360.0,-408.0,44874,8645,Bullish
2025-01-14,29512,16783,1554.0,-2530.0,45758,12729,Bullish
2025-01-21,28811,13939,-701.0,-2844.0,45714,14872,Bullish Reversal
2025-01-28,25372,11172,-3439.0,-2767.0,40991,14200,Bearish Reversal
2025-02-04,25203,10664,-169.0,-508.0,39705,14539,Bullish Reversal
2025-02-11,26261,10965,1058.0,301.0,39291,15296,Bullish Reversal
2025-02-18,26729,9961,468.0,-1004.0,38459,16768,Bullish Reversal
2025-02-25,25906,10174,-823.0,213.0,38062,15732,Bearish Reversal
2025-03-04,27785,13047,1879.0,2873.0,39075,14738,Bearish
2025-03-11,27969,11134,184.0,-1913.0,39865,16835,Bullish
2025-03-18,23657,16469,-4312.0,5335.0,29600,7188,Bearish Reversal
2025-03-25,22699,15231,-958.0,-1238.0,29219,7468,Bullish Reversal
2025-04-01,23640,16599,941.0,1368.0,29279,7041,Bearish
2025-04-08,15487,12574,-8153.0,-4025.0,22770,2913,Bearish Reversal
2025-04-15,15722,13894,235.0,1320.0,27224,1828,Bearish
2025-04-22,18696,19670,2974.0,5776.0,32880,-974,Bearish
2025-04-29,19093,19542,397.0,-128.0,32830,-449,Bullish Reversal
2025-05-06,21251,22359,2158.0,2817.0,35412,-1108,Bearish
2025-05-13,15539,16154,-5712.0,-6205.0,27982,-615,Bullish Reversal
2025-05-20,17583,18129,2044.0,1975.0,30189,-546,Bullish
2025-05-27,18406,18492,823.0,363.0,30979,-86,Bullish
2025-06-03,15748,15131,-2658.0,-3361.0,28007,617,Bullish Reversal
2025-06-10,17027,15625,1279.0,494.0,30659,1402,Bullish
2025-06-17,13215,16183,-3812.0,558.0,30721,-2968,Bearish
2025-06-24,13283,19317,68.0,3134.0,31225,-6034,Bearish
2025-07-01,16873,21155,3590.0,1838.0,36286,-4282,Bullish
2025-07-08,16208,20194,-665.0,-961.0,35076,-3986,Bullish Reversal
2025-07-15,16262,19927,54.0,-267.0,35177,-3665,Bullish
2025-07-22,16925,20376,663.0,449.0,35725,-3451,Bullish
2025-07-29,13960,18116,-2965.0,-2260.0,32919,-4156,Bearish Reversal
2025-08-05,11399,18429,-2561.0,313.0,30064,-7030,Bearish Reversal
2025-08-12,12729,18976,1330.0,547.0,30410,-6247,Bullish
2025-08-19,11359,17347,-1370.0,-1629.0,28891,-5988,Bullish Reversal
2025-08-26,13158,19263,1799.0,1916.0,31488,-6105,Bearish
2025-09-02,13645,18666,487.0,-597.0,31502,-5021,Bullish
2025-09-09,19192,24750,5547.0,6084.0,38029,-5558,Bearish
2025-09-16,12491,25385,-6701.0,635.0,38526,-12894,Bearish
2025-09-23,14032,24376,1541.0,-1009.0,40441,-10344,Bullish
2025-09-30,9726,23362,-4306.0,-1014.0,35699,-13636,Bearish Reversal
2025-10-07,12456,25601,2730.0,2239.0,38717,-13145,Bullish
2025-10-14,12279,27212,-177.0,1611.0,37137,-14933,Bearish Reversal
2025-10-21,11137,26504,-1142.0,-708.0,35369,-15367,Bearish Reversal
2025-10-28,10607,26733,-530.0,229.0,34998,-16126,Bearish Reversal
2025-11-04,16645,32207,6038.0,5474.0,43439,-15562,Bullish
2025-11-10,16004,31631,-641.0,-576.0,42792,-15627,Bearish Reversal
2025-11-18,16893,33001,889.0,1370.0,44403,-16108,Bearish
2025-11-25,18448,34795,1555.0,1794.0,47161,-16347,Bearish
2025-12-02,14444,30662,-4004.0,-4133.0,43781,-16218,Bullish Reversal
2025-12-09,14778,28652,334.0,-2010.0,42972,-13874,Bullish Reversal
2025-12-16,15895,20490,1117.0,-8162.0,26994,-4595,Bullish Reversal
2025-12-23,16688,20709,793.0,219.0,28181,-4021,Bullish
2025-12-30,16652,20612,-36.0,-97.0,28984,-3960,Bullish
2026-01-06,17671,21502,1019.0,890.0,30078,-3831,Bullish
2026-01-13,17929,21659,258.0,157.0,29868,-3730,Bullish Reversal
2026-01-20,16003,22421,-1926.0,762.0,29579,-6418,Bearish Reversal
2026-01-27,17945,22350,1942.0,-71.0,31746,-4405,Bullish
2026-02-03,16610,17462,-1335.0,-4888.0,28190,-852,Bullish Reversal
2026-02-10,16131,16860,-479.0,-602.0,27789,-729,Bullish Reversal
2026-02-17,15416,15088,-715.0,-1772.0,26596,328,Bullish Reversal
2026-02-24,13295,15084,-2121.0,-4.0,26218,-1789,Bearish Reversal
2026-03-03,15061,20050,1766.0,4966.0,29871,-4989,Bearish
2026-03-10,16384,22266,1323.0,2216.0,32012,-5882,Bearish
2026-03-17,21426,17733,5042.0,-4533.0,35456,3693,Bullish
2026-03-24,20457,16840,-969.0,-893.0,36113,3617,Bearish
2026-03-31,21708,18027,1251.0,1187.0,38735,3681,Bullish
2026-04-07,23084,17573,1376.0,-454.0,36573,5511,Bullish Reversal
2026-04-14,18970,13800,-4114.0,-3773.0,32911,5170,Bearish Reversal
2026-04-21,17617,12634,-1353.0,-1166.0,30651,4983,Bearish Reversal
2026-04-28,17180,12672,-437.0,38.0,30611,4508,Bearish Reversal
2026-05-05,17048,16355,-132.0,3683.0,32496,693,Bearish
2026-05-12,18912,15725,1864.0,-630.0,32108,3187,Bullish Reversal
2026-05-19,21403,21882,2491.0,6157.0,40626,-479,Bearish
2026-05-26,22732,21882,1329.0,0.0,42278,850,Bullish
2026-06-02,24584,20826,1852.0,-1056.0,43090,3758,Bullish
2026-06-09,27908,26524,3324.0,5698.0,50285,1384,Bearish
2026-06-16,31180,17983,3272.0,-8541.0,49411,13197,Bullish Reversal
2026-06-23,34278,21350,3098.0,3367.0,54908,12928,Bearish
2026-06-30,32524,19508,-1754.0,-1842.0,54306,13016,Bullish Reversal
2026-07-07,31921,18652,-603.0,-856.0,53384,13269,Bullish Reversal
2026-07-14,31641,18468,-280.0,-184.0,53293,13173,Bearish Reversal
2026-07-21,33270,17656,1629.0,-812.0,53953,15614,Bullish
2026-07-28,35339,18142,2069.0,486.0,58251,17197,Bullish
2026-08-04,35247,12748,-92.0,-5394.0,52154,22499,Bullish Reversal
2026-08-11,32651,11242,-2596.0,-1506.0,49541,21409,Bearish Reversal
2026-08-18,29582,10503,-3069.0,-739.0,47928,19079,Bearish Reversal
2026-08-25,29042,10360,-540.0,-143.0,47953,18682,Bearish
2026-09-01,28240,11215,-802.0,855.0,50020,17025,Bearish
2026-09-08,28407,10803,167.0,-412.0,57858,17604,Bullish
2026-09-15,25971,15378,-2436.0,4575.0,43744,10593,Bearish Reversal
2026-09-22,27768,17438,1797.0,2060.0,46328,10330,Bearish
