Market and Exchange Names,As of Date in Form YYYY-MM-DD,Noncommercial Positions-Long (All),Noncommercial Positions-Short (All),Change in Noncommercial-Long (All),Change in Noncommercial-Short (All),Open Interest (All),Change in Open Interest (All),Net Positions,Change Net Positions
AUSTRALIAN DOLLARS - INTERNATIONAL MONETARY MARKET,1987-01-30,392,210,136.0,210.0,1687,825.0,182,
AUSTRALIAN DOLLARS - INTERNATIONAL MONETARY MARKET,1987-05-29,633,0,133.0,0.0,1991,45.0,633,451.0
AUSTRALIAN DOLLARS - INTERNATIONAL MONETARY MARKET,1987-07-31,2700,1157,400.0,207.0,4182,432.0,1543,910.0
AUSTRALIAN DOLLARS - INTERNATIONAL MONETARY MARKET,1987-08-14,2700,1157,0.0,0.0,4202,20.0,1543,0.0
AUSTRALIAN DOLLARS - INTERNATIONAL MONETARY MARKET,1987-08-31,2700,1157,0.0,0.0,4142,-60.0,1543,0.0
AUSTRALIAN DOLLARS - INTERNATIONAL MONETARY MARKET,1988-05-13,1328,900,1328.0,900.0,2739,1430.0,428,-1115.0
AUSTRALIAN DOLLARS - INTERNATIONAL MONETARY MARKET,1988-05-31,4958,4110,3630.0,3210.0,8929,6190.0,848,420.0
AUSTRALIAN DOLLARS - INTERNATIONAL MONETARY MARKET,1988-06-15,1418,3451,-3540.0,-659.0,4198,-4731.0,-2033,-2881.0
AUSTRALIAN DOLLARS - INTERNATIONAL MONETARY MARKET,1988-06-30,236,0,-1182.0,-3451.0,4992,794.0,236,2269.0
AUSTRALIAN DOLLARS - INTERNATIONAL MONETARY MARKET,1988-07-15,0,0,-236.0,0.0,4773,-219.0,0,-236.0
AUSTRALIAN DOLLARS - INTERNATIONAL MONETARY MARKET,1988-07-29,827,0,827.0,0.0,5314,541.0,827,827.0
AUSTRALIAN DOLLARS - INTERNATIONAL MONETARY MARKET,1988-08-15,879,0,52.0,0.0,5603,289.0,879,52.0
AUSTRALIAN DOLLARS - INTERNATIONAL MONETARY MARKET,1988-08-31,1593,0,714.0,0.0,6813,1210.0,1593,714.0
AUSTRALIAN DOLLARS - INTERNATIONAL MONETARY MARKET,1988-09-15,980,0,-613.0,0.0,7023,210.0,980,-613.0
AUSTRALIAN DOLLARS - INTERNATIONAL MONETARY MARKET,1989-02-28,0,213,0.0,213.0,3655,958.0,-213,-1193.0
AUSTRALIAN DOLLARS - INTERNATIONAL MONETARY MARKET,1989-05-15,0,201,0.0,-267.0,2828,548.0,-201,12.0
AUSTRALIAN DOLLARS - INTERNATIONAL MONETARY MARKET,1989-05-31,5,1359,5.0,1158.0,4119,1291.0,-1354,-1153.0
AUSTRALIAN DOLLARS - INTERNATIONAL MONETARY MARKET,1989-06-15,0,261,-5.0,-1098.0,4367,248.0,-261,1093.0
AUSTRALIAN DOLLARS - INTERNATIONAL MONETARY MARKET,1989-06-30,231,203,231.0,-58.0,2793,-1574.0,28,289.0
AUSTRALIAN DOLLARS - INTERNATIONAL MONETARY MARKET,1989-07-14,0,203,-231.0,0.0,2056,-737.0,-203,-231.0
AUSTRALIAN DOLLARS - INTERNATIONAL MONETARY MARKET,1989-07-31,0,203,0.0,0.0,2227,171.0,-203,0.0
AUSTRALIAN DOLLARS - INTERNATIONAL MONETARY MARKET,1989-08-15,0,417,0.0,214.0,2572,345.0,-417,-214.0
AUSTRALIAN DOLLARS - INTERNATIONAL MONETARY MARKET,1989-08-31,0,0,0.0,-417.0,2521,-51.0,0,417.0
AUSTRALIAN DOLLARS - INTERNATIONAL MONETARY MARKET,1989-09-15,240,107,240.0,107.0,3436,915.0,133,133.0
AUSTRALIAN DOLLARS - INTERNATIONAL MONETARY MARKET,1989-12-29,1445,597,890.0,597.0,2554,927.0,848,715.0
AUSTRALIAN DOLLARS - INTERNATIONAL MONETARY MARKET,1990-01-15,209,598,-1236.0,1.0,2343,-211.0,-389,-1237.0
AUSTRALIAN DOLLARS - INTERNATIONAL MONETARY MARKET,1990-01-31,0,200,-209.0,-398.0,3313,970.0,-200,189.0
AUSTRALIAN DOLLARS - INTERNATIONAL MONETARY MARKET,1990-02-15,200,500,200.0,300.0,3799,486.0,-300,-100.0
AUSTRALIAN DOLLARS - INTERNATIONAL MONETARY MARKET,1990-03-15,0,300,0.0,0.0,3431,1.0,-300,0.0
AUSTRALIAN DOLLARS - INTERNATIONAL MONETARY MARKET,1990-03-30,0,459,0.0,159.0,2343,-1088.0,-459,-159.0
AUSTRALIAN DOLLARS - INTERNATIONAL MONETARY MARKET,1990-04-30,0,474,0.0,-175.0,2968,841.0,-474,-15.0
AUSTRALIAN DOLLARS - INTERNATIONAL MONETARY MARKET,1990-05-15,0,444,0.0,-30.0,2274,-694.0,-444,30.0
AUSTRALIAN DOLLARS - INTERNATIONAL MONETARY MARKET,1990-07-13,505,0,505.0,0.0,2661,1168.0,505,949.0
AUSTRALIAN DOLLARS - INTERNATIONAL MONETARY MARKET,1990-08-15,0,0,0.0,0.0,2639,-26.0,0,-505.0
AUSTRALIAN DOLLARS - INTERNATIONAL MONETARY MARKET,1990-08-31,0,0,0.0,0.0,3070,431.0,0,0.0
AUSTRALIAN DOLLARS - INTERNATIONAL MONETARY MARKET,1990-09-14,0,0,0.0,0.0,3281,211.0,0,0.0
AUSTRALIAN DOLLARS - INTERNATIONAL MONETARY MARKET,1990-10-15,0,0,0.0,0.0,1889,389.0,0,0.0
AUSTRALIAN DOLLARS - INTERNATIONAL MONETARY MARKET,1990-11-15,0,0,0.0,0.0,2797,542.0,0,0.0
AUSTRALIAN DOLLARS - INTERNATIONAL MONETARY MARKET,1990-11-30,0,0,0.0,0.0,3152,355.0,0,0.0
AUSTRALIAN DOLLARS - INTERNATIONAL MONETARY MARKET,1990-12-14,0,227,0.0,227.0,3441,289.0,-227,-227.0
AUSTRALIAN DOLLARS - INTERNATIONAL MONETARY MARKET,1991-01-15,0,0,0.0,-227.0,1960,66.0,0,227.0
AUSTRALIAN DOLLARS - INTERNATIONAL MONETARY MARKET,1991-02-15,0,0,0.0,0.0,1908,104.0,0,0.0
AUSTRALIAN DOLLARS - INTERNATIONAL MONETARY MARKET,1991-06-14,204,0,204.0,0.0,3181,363.0,204,204.0
AUSTRALIAN DOLLARS - INTERNATIONAL MONETARY MARKET,1992-04-15,510,0,0.0,0.0,3185,1041.0,510,306.0
AUSTRALIAN DOLLARS - INTERNATIONAL MONETARY MARKET,1992-04-30,244,0,,,2477,,244,-266.0
AUSTRALIAN DOLLARS - INTERNATIONAL MONETARY MARKET,1992-05-15,217,0,-27.0,0.0,2515,38.0,217,-27.0
AUSTRALIAN DOLLARS - INTERNATIONAL MONETARY MARKET,1992-05-29,217,0,0.0,0.0,2563,48.0,217,0.0
AUSTRALIAN DOLLARS - INTERNATIONAL MONETARY MARKET,1992-06-15,0,0,-217.0,0.0,2783,220.0,0,-217.0
AUSTRALIAN DOLLARS - INTERNATIONAL MONETARY MARKET,1992-08-14,0,889,0.0,559.0,3451,1816.0,-889,-889.0
AUSTRALIAN DOLLARS - INTERNATIONAL MONETARY MARKET,1992-08-31,0,958,0.0,69.0,3725,274.0,-958,-69.0
AUSTRALIAN DOLLARS - INTERNATIONAL MONETARY MARKET,1992-09-15,0,412,0.0,-546.0,5434,1709.0,-412,546.0
AUSTRALIAN DOLLARS - INTERNATIONAL MONETARY MARKET,1992-09-30,0,673,0.0,261.0,3115,-2319.0,-673,-261.0
AUSTRALIAN DOLLARS - INTERNATIONAL MONETARY MARKET,1992-10-06,0,673,0.0,0.0,3085,-30.0,-673,0.0
AUSTRALIAN DOLLARS - INTERNATIONAL MONETARY MARKET,1992-10-13,0,673,0.0,0.0,2997,-88.0,-673,0.0
AUSTRALIAN DOLLARS - INTERNATIONAL MONETARY MARKET,1992-10-20,0,517,0.0,-156.0,2953,-44.0,-517,156.0
AUSTRALIAN DOLLARS - INTERNATIONAL MONETARY MARKET,1992-10-27,0,517,0.0,0.0,3644,691.0,-517,0.0
AUSTRALIAN DOLLARS - INTERNATIONAL MONETARY MARKET,1992-11-03,0,914,0.0,397.0,4101,457.0,-914,-397.0
AUSTRALIAN DOLLARS - INTERNATIONAL MONETARY MARKET,1992-11-10,0,914,0.0,0.0,4115,14.0,-914,0.0
AUSTRALIAN DOLLARS - INTERNATIONAL MONETARY MARKET,1992-11-17,0,1137,0.0,223.0,4376,261.0,-1137,-223.0
AUSTRALIAN DOLLARS - INTERNATIONAL MONETARY MARKET,1992-11-24,218,1137,218.0,0.0,4518,142.0,-919,218.0
AUSTRALIAN DOLLARS - INTERNATIONAL MONETARY MARKET,1992-12-01,0,1116,-218.0,-21.0,5237,719.0,-1116,-197.0
AUSTRALIAN DOLLARS - INTERNATIONAL MONETARY MARKET,1992-12-08,0,743,0.0,-373.0,4165,-1072.0,-743,373.0
AUSTRALIAN DOLLARS - INTERNATIONAL MONETARY MARKET,1992-12-15,0,743,0.0,0.0,4320,155.0,-743,0.0
AUSTRALIAN DOLLARS - INTERNATIONAL MONETARY MARKET,1992-12-22,0,743,0.0,0.0,2394,-1926.0,-743,0.0
AUSTRALIAN DOLLARS - INTERNATIONAL MONETARY MARKET,1992-12-29,0,743,0.0,0.0,2398,4.0,-743,0.0
AUSTRALIAN DOLLARS - INTERNATIONAL MONETARY MARKET,1993-01-05,0,1326,0.0,583.0,3705,1307.0,-1326,-583.0
AUSTRALIAN DOLLARS - INTERNATIONAL MONETARY MARKET,1993-01-12,0,1626,0.0,300.0,4477,772.0,-1626,-300.0
AUSTRALIAN DOLLARS - INTERNATIONAL MONETARY MARKET,1993-01-19,0,1626,0.0,0.0,4631,154.0,-1626,0.0
AUSTRALIAN DOLLARS - INTERNATIONAL MONETARY MARKET,1993-01-26,0,1417,0.0,-209.0,4619,-12.0,-1417,209.0
AUSTRALIAN DOLLARS - INTERNATIONAL MONETARY MARKET,1993-02-02,0,1619,0.0,202.0,4597,-22.0,-1619,-202.0
AUSTRALIAN DOLLARS - INTERNATIONAL MONETARY MARKET,1993-02-09,0,1252,0.0,-367.0,3812,-785.0,-1252,367.0
AUSTRALIAN DOLLARS - INTERNATIONAL MONETARY MARKET,1993-02-16,0,851,0.0,-401.0,3409,-403.0,-851,401.0
AUSTRALIAN DOLLARS - INTERNATIONAL MONETARY MARKET,1993-02-23,286,311,286.0,-540.0,3376,-33.0,-25,826.0
AUSTRALIAN DOLLARS - INTERNATIONAL MONETARY MARKET,1993-03-02,738,0,452.0,-311.0,4640,1264.0,738,763.0
AUSTRALIAN DOLLARS - INTERNATIONAL MONETARY MARKET,1993-03-09,738,0,0.0,0.0,4926,286.0,738,0.0
AUSTRALIAN DOLLARS - INTERNATIONAL MONETARY MARKET,1993-03-16,872,0,134.0,0.0,6054,1128.0,872,134.0
AUSTRALIAN DOLLARS - INTERNATIONAL MONETARY MARKET,1993-03-23,1059,0,187.0,0.0,3633,-2421.0,1059,187.0
AUSTRALIAN DOLLARS - INTERNATIONAL MONETARY MARKET,1993-03-30,1059,0,0.0,0.0,3480,-153.0,1059,0.0
AUSTRALIAN DOLLARS - INTERNATIONAL MONETARY MARKET,1993-04-06,327,0,-732.0,0.0,2558,-922.0,327,-732.0
AUSTRALIAN DOLLARS - INTERNATIONAL MONETARY MARKET,1993-04-13,548,0,221.0,0.0,2612,54.0,548,221.0
AUSTRALIAN DOLLARS - INTERNATIONAL MONETARY MARKET,1993-04-20,656,0,108.0,0.0,3067,455.0,656,108.0
AUSTRALIAN DOLLARS - INTERNATIONAL MONETARY MARKET,1993-04-27,650,0,-6.0,0.0,3445,378.0,650,-6.0
AUSTRALIAN DOLLARS - INTERNATIONAL MONETARY MARKET,1993-05-04,319,0,-331.0,0.0,3026,-419.0,319,-331.0
AUSTRALIAN DOLLARS - INTERNATIONAL MONETARY MARKET,1993-05-11,319,0,0.0,0.0,4197,1171.0,319,0.0
AUSTRALIAN DOLLARS - INTERNATIONAL MONETARY MARKET,1993-05-18,241,216,-78.0,216.0,4336,139.0,25,-294.0
AUSTRALIAN DOLLARS - INTERNATIONAL MONETARY MARKET,1993-05-25,273,333,32.0,117.0,4524,188.0,-60,-85.0
AUSTRALIAN DOLLARS - INTERNATIONAL MONETARY MARKET,1993-06-01,232,691,-41.0,358.0,5062,538.0,-459,-399.0
AUSTRALIAN DOLLARS - INTERNATIONAL MONETARY MARKET,1993-06-08,273,806,41.0,115.0,7243,2181.0,-533,-74.0
AUSTRALIAN DOLLARS - INTERNATIONAL MONETARY MARKET,1993-06-15,218,806,-55.0,0.0,7000,-243.0,-588,-55.0
AUSTRALIAN DOLLARS - INTERNATIONAL MONETARY MARKET,1993-06-22,0,877,-218.0,71.0,3685,-3315.0,-877,-289.0
AUSTRALIAN DOLLARS - INTERNATIONAL MONETARY MARKET,1993-06-29,0,981,0.0,104.0,4041,356.0,-981,-104.0
AUSTRALIAN DOLLARS - INTERNATIONAL MONETARY MARKET,1993-07-06,0,781,0.0,-200.0,4027,-14.0,-781,200.0
AUSTRALIAN DOLLARS - INTERNATIONAL MONETARY MARKET,1993-07-13,0,708,0.0,-73.0,3991,-36.0,-708,73.0
AUSTRALIAN DOLLARS - INTERNATIONAL MONETARY MARKET,1993-07-20,0,940,0.0,232.0,3967,-24.0,-940,-232.0
AUSTRALIAN DOLLARS - INTERNATIONAL MONETARY MARKET,1993-07-27,0,953,0.0,13.0,3842,-125.0,-953,-13.0
AUSTRALIAN DOLLARS - INTERNATIONAL MONETARY MARKET,1993-08-03,230,650,230.0,-303.0,4849,1007.0,-420,533.0
AUSTRALIAN DOLLARS - INTERNATIONAL MONETARY MARKET,1993-08-10,1230,526,1000.0,-124.0,4638,-211.0,704,1124.0
AUSTRALIAN DOLLARS - INTERNATIONAL MONETARY MARKET,1993-08-17,2851,736,1621.0,210.0,5953,1315.0,2115,1411.0
AUSTRALIAN DOLLARS - INTERNATIONAL MONETARY MARKET,1993-08-24,2013,911,-838.0,175.0,5447,-506.0,1102,-1013.0
AUSTRALIAN DOLLARS - INTERNATIONAL MONETARY MARKET,1993-08-31,2104,1140,91.0,229.0,5500,53.0,964,-138.0
AUSTRALIAN DOLLARS - INTERNATIONAL MONETARY MARKET,1993-09-07,200,1975,-1904.0,835.0,7970,2470.0,-1775,-2739.0
AUSTRALIAN DOLLARS - INTERNATIONAL MONETARY MARKET,1993-09-14,0,2131,-200.0,156.0,8799,829.0,-2131,-356.0
AUSTRALIAN DOLLARS - INTERNATIONAL MONETARY MARKET,1993-09-21,0,2201,0.0,70.0,6173,-2626.0,-2201,-70.0
AUSTRALIAN DOLLARS - INTERNATIONAL MONETARY MARKET,1993-09-28,0,2201,0.0,0.0,5781,-392.0,-2201,0.0
AUSTRALIAN DOLLARS - INTERNATIONAL MONETARY MARKET,1993-10-05,0,2630,0.0,429.0,5950,169.0,-2630,-429.0
AUSTRALIAN DOLLARS - INTERNATIONAL MONETARY MARKET,1993-10-12,0,1735,0.0,-895.0,4801,-1149.0,-1735,895.0
AUSTRALIAN DOLLARS - INTERNATIONAL MONETARY MARKET,1993-10-19,0,1265,0.0,-470.0,4181,-620.0,-1265,470.0
AUSTRALIAN DOLLARS - INTERNATIONAL MONETARY MARKET,1993-10-26,0,1149,0.0,-116.0,4008,-173.0,-1149,116.0
AUSTRALIAN DOLLARS - INTERNATIONAL MONETARY MARKET,1993-11-02,449,594,449.0,-555.0,4487,479.0,-145,1004.0
AUSTRALIAN DOLLARS - INTERNATIONAL MONETARY MARKET,1993-11-09,799,371,350.0,-223.0,5081,594.0,428,573.0
AUSTRALIAN DOLLARS - INTERNATIONAL MONETARY MARKET,1993-11-16,0,413,-799.0,42.0,3798,-1283.0,-413,-841.0
AUSTRALIAN DOLLARS - INTERNATIONAL MONETARY MARKET,1993-11-23,0,413,0.0,0.0,3727,-71.0,-413,0.0
AUSTRALIAN DOLLARS - INTERNATIONAL MONETARY MARKET,1993-11-30,0,413,0.0,0.0,3855,128.0,-413,0.0
AUSTRALIAN DOLLARS - INTERNATIONAL MONETARY MARKET,1993-12-07,0,308,0.0,-105.0,4982,1127.0,-308,105.0
AUSTRALIAN DOLLARS - INTERNATIONAL MONETARY MARKET,1993-12-14,337,346,337.0,38.0,5541,559.0,-9,299.0
AUSTRALIAN DOLLARS - INTERNATIONAL MONETARY MARKET,1993-12-21,1814,486,1477.0,140.0,5093,-448.0,1328,1337.0
AUSTRALIAN DOLLARS - INTERNATIONAL MONETARY MARKET,1993-12-28,1560,0,-254.0,-486.0,5332,239.0,1560,232.0
AUSTRALIAN DOLLARS - INTERNATIONAL MONETARY MARKET,1994-01-04,2572,330,1012.0,330.0,6804,1472.0,2242,682.0
AUSTRALIAN DOLLARS - INTERNATIONAL MONETARY MARKET,1994-01-11,2882,383,310.0,53.0,7171,367.0,2499,257.0
AUSTRALIAN DOLLARS - INTERNATIONAL MONETARY MARKET,1994-01-18,3434,383,552.0,0.0,7943,772.0,3051,552.0
AUSTRALIAN DOLLARS - INTERNATIONAL MONETARY MARKET,1994-01-25,4590,0,1156.0,-383.0,8978,1035.0,4590,1539.0
AUSTRALIAN DOLLARS - INTERNATIONAL MONETARY MARKET,1994-02-01,3474,0,-1116.0,0.0,8042,-936.0,3474,-1116.0
AUSTRALIAN DOLLARS - INTERNATIONAL MONETARY MARKET,1994-02-08,3467,0,-7.0,0.0,8061,19.0,3467,-7.0
AUSTRALIAN DOLLARS - INTERNATIONAL MONETARY MARKET,1994-02-15,3159,0,-308.0,0.0,7178,-883.0,3159,-308.0
AUSTRALIAN DOLLARS - INTERNATIONAL MONETARY MARKET,1994-02-22,3545,0,386.0,0.0,7354,176.0,3545,386.0
AUSTRALIAN DOLLARS - INTERNATIONAL MONETARY MARKET,1994-03-01,3708,0,163.0,0.0,7653,299.0,3708,163.0
AUSTRALIAN DOLLARS - INTERNATIONAL MONETARY MARKET,1994-03-08,2640,0,-1068.0,0.0,8150,497.0,2640,-1068.0
AUSTRALIAN DOLLARS - INTERNATIONAL MONETARY MARKET,1994-03-15,1557,272,-1083.0,272.0,7029,-1121.0,1285,-1355.0
AUSTRALIAN DOLLARS - INTERNATIONAL MONETARY MARKET,1994-03-22,1750,272,193.0,0.0,4480,-2549.0,1478,193.0
AUSTRALIAN DOLLARS - INTERNATIONAL MONETARY MARKET,1994-03-29,1102,272,-648.0,0.0,3931,-549.0,830,-648.0
AUSTRALIAN DOLLARS - INTERNATIONAL MONETARY MARKET,1994-04-05,466,866,-636.0,594.0,3939,8.0,-400,-1230.0
AUSTRALIAN DOLLARS - INTERNATIONAL MONETARY MARKET,1994-04-12,1226,0,760.0,-866.0,6288,2349.0,1226,1626.0
AUSTRALIAN DOLLARS - INTERNATIONAL MONETARY MARKET,1994-04-19,1461,0,235.0,0.0,6157,-131.0,1461,235.0
AUSTRALIAN DOLLARS - INTERNATIONAL MONETARY MARKET,1994-04-26,1379,0,-82.0,0.0,6137,-20.0,1379,-82.0
AUSTRALIAN DOLLARS - INTERNATIONAL MONETARY MARKET,1994-05-03,1490,0,111.0,0.0,5365,-772.0,1490,111.0
AUSTRALIAN DOLLARS - INTERNATIONAL MONETARY MARKET,1994-05-10,1077,0,-413.0,0.0,5873,508.0,1077,-413.0
AUSTRALIAN DOLLARS - INTERNATIONAL MONETARY MARKET,1994-05-17,2220,511,1143.0,511.0,7632,1759.0,1709,632.0
AUSTRALIAN DOLLARS - INTERNATIONAL MONETARY MARKET,1994-05-24,3307,424,1087.0,-87.0,9553,1921.0,2883,1174.0
AUSTRALIAN DOLLARS - INTERNATIONAL MONETARY MARKET,1994-05-31,3272,348,-35.0,-76.0,9728,175.0,2924,41.0
AUSTRALIAN DOLLARS - INTERNATIONAL MONETARY MARKET,1994-06-07,3152,505,-120.0,157.0,10944,1216.0,2647,-277.0
AUSTRALIAN DOLLARS - INTERNATIONAL MONETARY MARKET,1994-06-14,2589,0,-563.0,-505.0,11625,681.0,2589,-58.0
AUSTRALIAN DOLLARS - INTERNATIONAL MONETARY MARKET,1994-06-21,3258,291,669.0,291.0,8455,-3170.0,2967,378.0
AUSTRALIAN DOLLARS - INTERNATIONAL MONETARY MARKET,1994-06-28,387,209,-2871.0,-82.0,6314,-2141.0,178,-2789.0
AUSTRALIAN DOLLARS - INTERNATIONAL MONETARY MARKET,1994-07-05,811,415,424.0,206.0,6183,-131.0,396,218.0
AUSTRALIAN DOLLARS - INTERNATIONAL MONETARY MARKET,1994-07-12,1511,209,700.0,-206.0,6575,392.0,1302,906.0
AUSTRALIAN DOLLARS - INTERNATIONAL MONETARY MARKET,1994-07-19,1693,209,182.0,0.0,6386,-189.0,1484,182.0
AUSTRALIAN DOLLARS - INTERNATIONAL MONETARY MARKET,1994-07-26,2235,0,542.0,-209.0,7881,1495.0,2235,751.0
AUSTRALIAN DOLLARS - INTERNATIONAL MONETARY MARKET,1994-08-02,2524,0,289.0,0.0,8026,145.0,2524,289.0
AUSTRALIAN DOLLARS - INTERNATIONAL MONETARY MARKET,1994-08-09,3113,0,589.0,0.0,9023,997.0,3113,589.0
AUSTRALIAN DOLLARS - INTERNATIONAL MONETARY MARKET,1994-08-16,3177,0,64.0,0.0,8892,-131.0,3177,64.0
AUSTRALIAN DOLLARS - INTERNATIONAL MONETARY MARKET,1994-08-23,1670,0,-1507.0,0.0,8302,-590.0,1670,-1507.0
AUSTRALIAN DOLLARS - INTERNATIONAL MONETARY MARKET,1994-08-30,2227,0,557.0,0.0,8225,-77.0,2227,557.0
AUSTRALIAN DOLLARS - INTERNATIONAL MONETARY MARKET,1994-09-06,2190,0,-37.0,0.0,8172,-53.0,2190,-37.0
AUSTRALIAN DOLLARS - INTERNATIONAL MONETARY MARKET,1994-09-13,2425,492,235.0,492.0,11206,3034.0,1933,-257.0
AUSTRALIAN DOLLARS - INTERNATIONAL MONETARY MARKET,1994-09-20,2109,809,-316.0,317.0,10354,-852.0,1300,-633.0
AUSTRALIAN DOLLARS - INTERNATIONAL MONETARY MARKET,1994-09-27,1306,0,-803.0,-809.0,5734,-4620.0,1306,6.0
AUSTRALIAN DOLLARS - INTERNATIONAL MONETARY MARKET,1994-10-04,1296,0,-10.0,0.0,5589,-145.0,1296,-10.0
AUSTRALIAN DOLLARS - INTERNATIONAL MONETARY MARKET,1994-10-11,1259,0,-37.0,0.0,5775,186.0,1259,-37.0
AUSTRALIAN DOLLARS - INTERNATIONAL MONETARY MARKET,1994-10-18,1438,428,179.0,428.0,6166,391.0,1010,-249.0
AUSTRALIAN DOLLARS - INTERNATIONAL MONETARY MARKET,1994-10-25,3459,6142,2021.0,5714.0,12615,6449.0,-2683,-3693.0
AUSTRALIAN DOLLARS - INTERNATIONAL MONETARY MARKET,1994-11-01,1055,542,-2404.0,-5600.0,6064,-6551.0,513,3196.0
AUSTRALIAN DOLLARS - INTERNATIONAL MONETARY MARKET,1994-11-08,7647,1109,6592.0,567.0,12643,6579.0,6538,6025.0
AUSTRALIAN DOLLARS - INTERNATIONAL MONETARY MARKET,1994-11-15,8501,1109,854.0,0.0,13920,1277.0,7392,854.0
AUSTRALIAN DOLLARS - INTERNATIONAL MONETARY MARKET,1994-11-22,10368,1317,1867.0,208.0,15832,1912.0,9051,1659.0
AUSTRALIAN DOLLARS - INTERNATIONAL MONETARY MARKET,1994-11-29,8370,1542,-1998.0,225.0,14533,-1299.0,6828,-2223.0
AUSTRALIAN DOLLARS - INTERNATIONAL MONETARY MARKET,1994-12-06,8133,1367,-237.0,-175.0,14612,79.0,6766,-62.0
AUSTRALIAN DOLLARS - INTERNATIONAL MONETARY MARKET,1994-12-13,8416,1367,283.0,0.0,22042,7430.0,7049,283.0
AUSTRALIAN DOLLARS - INTERNATIONAL MONETARY MARKET,1994-12-20,8775,205,359.0,-1162.0,22468,426.0,8570,1521.0
AUSTRALIAN DOLLARS - INTERNATIONAL MONETARY MARKET,1994-12-27,9030,205,255.0,0.0,15338,-7130.0,8825,255.0
AUSTRALIAN DOLLARS - INTERNATIONAL MONETARY MARKET,1995-01-03,7941,0,-1089.0,-205.0,14450,-888.0,7941,-884.0
AUSTRALIAN DOLLARS - INTERNATIONAL MONETARY MARKET,1995-01-10,6601,487,-1340.0,487.0,13810,-640.0,6114,-1827.0
AUSTRALIAN DOLLARS - INTERNATIONAL MONETARY MARKET,1995-01-17,2696,569,-3905.0,82.0,13595,-215.0,2127,-3987.0
AUSTRALIAN DOLLARS - INTERNATIONAL MONETARY MARKET,1995-01-24,2981,324,285.0,-245.0,13266,-329.0,2657,530.0
AUSTRALIAN DOLLARS - INTERNATIONAL MONETARY MARKET,1995-01-31,1685,304,-1296.0,-20.0,13355,89.0,1381,-1276.0
AUSTRALIAN DOLLARS - INTERNATIONAL MONETARY MARKET,1995-02-07,480,2400,-1205.0,2096.0,14232,877.0,-1920,-3301.0
AUSTRALIAN DOLLARS - INTERNATIONAL MONETARY MARKET,1995-02-14,457,3108,-23.0,708.0,14552,320.0,-2651,-731.0
AUSTRALIAN DOLLARS - INTERNATIONAL MONETARY MARKET,1995-02-21,484,3700,27.0,592.0,15385,833.0,-3216,-565.0
AUSTRALIAN DOLLARS - INTERNATIONAL MONETARY MARKET,1995-02-28,496,3669,12.0,-31.0,15585,200.0,-3173,43.0
AUSTRALIAN DOLLARS - INTERNATIONAL MONETARY MARKET,1995-03-07,468,2416,-28.0,-1253.0,18237,2652.0,-1948,1225.0
AUSTRALIAN DOLLARS - INTERNATIONAL MONETARY MARKET,1995-03-14,0,1561,-468.0,-855.0,18170,-67.0,-1561,387.0
AUSTRALIAN DOLLARS - INTERNATIONAL MONETARY MARKET,1995-03-21,0,3962,0.0,2401.0,9693,-8477.0,-3962,-2401.0
AUSTRALIAN DOLLARS - INTERNATIONAL MONETARY MARKET,1995-03-28,0,3961,0.0,-1.0,9454,-239.0,-3961,1.0
AUSTRALIAN DOLLARS - INTERNATIONAL MONETARY MARKET,1995-04-04,0,2702,0.0,-1259.0,8873,-581.0,-2702,1259.0
AUSTRALIAN DOLLARS - INTERNATIONAL MONETARY MARKET,1995-04-11,0,1593,0.0,-1109.0,8804,-69.0,-1593,1109.0
AUSTRALIAN DOLLARS - INTERNATIONAL MONETARY MARKET,1995-04-18,0,1509,0.0,-84.0,8911,107.0,-1509,84.0
AUSTRALIAN DOLLARS - INTERNATIONAL MONETARY MARKET,1995-04-25,0,1832,0.0,323.0,8740,-171.0,-1832,-323.0
AUSTRALIAN DOLLARS - INTERNATIONAL MONETARY MARKET,1995-05-02,0,1696,0.0,-136.0,8702,-38.0,-1696,136.0
AUSTRALIAN DOLLARS - INTERNATIONAL MONETARY MARKET,1995-05-09,0,784,0.0,-912.0,8391,-311.0,-784,912.0
AUSTRALIAN DOLLARS - INTERNATIONAL MONETARY MARKET,1995-05-16,0,877,0.0,93.0,8673,282.0,-877,-93.0
AUSTRALIAN DOLLARS - INTERNATIONAL MONETARY MARKET,1995-05-23,283,2245,283.0,1368.0,9944,1271.0,-1962,-1085.0
AUSTRALIAN DOLLARS - INTERNATIONAL MONETARY MARKET,1995-05-30,216,2038,-67.0,-207.0,9857,-87.0,-1822,140.0
AUSTRALIAN DOLLARS - INTERNATIONAL MONETARY MARKET,1995-06-06,265,2292,49.0,254.0,10803,946.0,-2027,-205.0
AUSTRALIAN DOLLARS - INTERNATIONAL MONETARY MARKET,1995-06-13,0,1906,-265.0,-386.0,10554,-249.0,-1906,121.0
AUSTRALIAN DOLLARS - INTERNATIONAL MONETARY MARKET,1995-06-20,288,935,288.0,-971.0,6390,-4164.0,-647,1259.0
AUSTRALIAN DOLLARS - INTERNATIONAL MONETARY MARKET,1995-06-27,390,1716,102.0,781.0,7633,1243.0,-1326,-679.0
AUSTRALIAN DOLLARS - INTERNATIONAL MONETARY MARKET,1995-07-03,873,2423,483.0,707.0,9329,1696.0,-1550,-224.0
AUSTRALIAN DOLLARS - INTERNATIONAL MONETARY MARKET,1995-07-11,404,1720,-469.0,-703.0,8070,-1259.0,-1316,234.0
AUSTRALIAN DOLLARS - INTERNATIONAL MONETARY MARKET,1995-07-18,1227,0,823.0,-1720.0,7978,-92.0,1227,2543.0
AUSTRALIAN DOLLARS - INTERNATIONAL MONETARY MARKET,1995-07-25,1671,0,444.0,0.0,9233,1255.0,1671,444.0
AUSTRALIAN DOLLARS - INTERNATIONAL MONETARY MARKET,1995-08-01,1833,0,162.0,0.0,9782,549.0,1833,162.0
AUSTRALIAN DOLLARS - INTERNATIONAL MONETARY MARKET,1995-08-08,2797,0,964.0,0.0,11999,2217.0,2797,964.0
AUSTRALIAN DOLLARS - INTERNATIONAL MONETARY MARKET,1995-08-15,1903,0,-894.0,0.0,10621,-1378.0,1903,-894.0
AUSTRALIAN DOLLARS - INTERNATIONAL MONETARY MARKET,1995-08-22,673,0,-1230.0,0.0,9767,-854.0,673,-1230.0
AUSTRALIAN DOLLARS - INTERNATIONAL MONETARY MARKET,1995-08-29,4184,465,3511.0,465.0,13843,4076.0,3719,3046.0
AUSTRALIAN DOLLARS - INTERNATIONAL MONETARY MARKET,1995-09-05,5029,586,845.0,121.0,14272,429.0,4443,724.0
AUSTRALIAN DOLLARS - INTERNATIONAL MONETARY MARKET,1995-09-12,5846,779,817.0,193.0,21811,7539.0,5067,624.0
AUSTRALIAN DOLLARS - INTERNATIONAL MONETARY MARKET,1995-09-19,7214,240,1368.0,-539.0,13053,-8758.0,6974,1907.0
AUSTRALIAN DOLLARS - INTERNATIONAL MONETARY MARKET,1995-09-26,2332,377,-4882.0,137.0,10658,-2395.0,1955,-5019.0
AUSTRALIAN DOLLARS - INTERNATIONAL MONETARY MARKET,1995-10-03,3185,0,853.0,-377.0,11101,443.0,3185,1230.0
AUSTRALIAN DOLLARS - INTERNATIONAL MONETARY MARKET,1995-10-10,3148,0,-37.0,0.0,10598,-503.0,3148,-37.0
AUSTRALIAN DOLLARS - INTERNATIONAL MONETARY MARKET,1995-10-17,2838,0,-310.0,0.0,9983,-615.0,2838,-310.0
AUSTRALIAN DOLLARS - INTERNATIONAL MONETARY MARKET,1995-10-24,1578,378,-1260.0,378.0,9732,-251.0,1200,-1638.0
AUSTRALIAN DOLLARS - INTERNATIONAL MONETARY MARKET,1995-10-31,1666,0,88.0,-378.0,9371,-361.0,1666,466.0
AUSTRALIAN DOLLARS - INTERNATIONAL MONETARY MARKET,1995-11-07,1702,0,36.0,0.0,10364,993.0,1702,36.0
AUSTRALIAN DOLLARS - INTERNATIONAL MONETARY MARKET,1995-11-14,687,895,-1015.0,895.0,11496,1132.0,-208,-1910.0
AUSTRALIAN DOLLARS - INTERNATIONAL MONETARY MARKET,1995-11-21,708,1228,21.0,333.0,11845,349.0,-520,-312.0
AUSTRALIAN DOLLARS - INTERNATIONAL MONETARY MARKET,1995-11-28,664,692,-44.0,-536.0,12525,680.0,-28,492.0
AUSTRALIAN DOLLARS - INTERNATIONAL MONETARY MARKET,1995-12-05,616,921,-48.0,229.0,11968,-557.0,-305,-277.0
AUSTRALIAN DOLLARS - INTERNATIONAL MONETARY MARKET,1995-12-12,773,921,157.0,0.0,12803,835.0,-148,157.0
AUSTRALIAN DOLLARS - INTERNATIONAL MONETARY MARKET,1995-12-19,0,0,-773.0,-921.0,4349,-8454.0,0,148.0
AUSTRALIAN DOLLARS - INTERNATIONAL MONETARY MARKET,1995-12-26,0,0,0.0,0.0,4429,80.0,0,0.0
AUSTRALIAN DOLLARS - INTERNATIONAL MONETARY MARKET,1996-01-02,0,230,0.0,230.0,5504,1075.0,-230,-230.0
AUSTRALIAN DOLLARS - INTERNATIONAL MONETARY MARKET,1996-01-09,0,253,0.0,23.0,6339,835.0,-253,-23.0
AUSTRALIAN DOLLARS - INTERNATIONAL MONETARY MARKET,1996-01-16,0,0,0.0,-253.0,6335,-4.0,0,253.0
AUSTRALIAN DOLLARS - INTERNATIONAL MONETARY MARKET,1996-01-23,232,1820,232.0,1820.0,7873,1538.0,-1588,-1588.0
AUSTRALIAN DOLLARS - INTERNATIONAL MONETARY MARKET,1996-01-30,0,823,-232.0,-997.0,7639,-234.0,-823,765.0
AUSTRALIAN DOLLARS - INTERNATIONAL MONETARY MARKET,1996-02-06,3057,789,3057.0,-34.0,11359,3720.0,2268,3091.0
AUSTRALIAN DOLLARS - INTERNATIONAL MONETARY MARKET,1996-02-13,3270,633,213.0,-156.0,11360,1.0,2637,369.0
AUSTRALIAN DOLLARS - INTERNATIONAL MONETARY MARKET,1996-02-20,3212,680,-58.0,47.0,11180,-180.0,2532,-105.0
AUSTRALIAN DOLLARS - INTERNATIONAL MONETARY MARKET,1996-02-27,3755,958,543.0,278.0,12413,1233.0,2797,265.0
AUSTRALIAN DOLLARS - INTERNATIONAL MONETARY MARKET,1996-03-05,4654,948,899.0,-10.0,13708,1295.0,3706,909.0
AUSTRALIAN DOLLARS - INTERNATIONAL MONETARY MARKET,1996-03-12,6105,1215,1451.0,267.0,20778,7070.0,4890,1184.0
AUSTRALIAN DOLLARS - INTERNATIONAL MONETARY MARKET,1996-03-19,6256,577,151.0,-638.0,12076,-8702.0,5679,789.0
AUSTRALIAN DOLLARS - INTERNATIONAL MONETARY MARKET,1996-03-26,5756,353,-500.0,-224.0,12199,123.0,5403,-276.0
AUSTRALIAN DOLLARS - INTERNATIONAL MONETARY MARKET,1996-04-02,7140,214,1384.0,-139.0,14279,2080.0,6926,1523.0
AUSTRALIAN DOLLARS - INTERNATIONAL MONETARY MARKET,1996-04-09,5403,0,-1737.0,-214.0,12703,-1576.0,5403,-1523.0
AUSTRALIAN DOLLARS - INTERNATIONAL MONETARY MARKET,1996-04-16,4881,232,-522.0,232.0,12313,-390.0,4649,-754.0
AUSTRALIAN DOLLARS - INTERNATIONAL MONETARY MARKET,1996-04-23,4889,0,8.0,-232.0,11581,-732.0,4889,240.0
AUSTRALIAN DOLLARS - INTERNATIONAL MONETARY MARKET,1996-04-30,4808,0,-81.0,0.0,11517,-64.0,4808,-81.0
AUSTRALIAN DOLLARS - INTERNATIONAL MONETARY MARKET,1996-05-07,5581,0,773.0,0.0,13070,1553.0,5581,773.0
AUSTRALIAN DOLLARS - INTERNATIONAL MONETARY MARKET,1996-05-14,6106,0,525.0,0.0,13667,597.0,6106,525.0
AUSTRALIAN DOLLARS - INTERNATIONAL MONETARY MARKET,1996-05-21,5514,0,-592.0,0.0,12455,-1212.0,5514,-592.0
AUSTRALIAN DOLLARS - INTERNATIONAL MONETARY MARKET,1996-05-28,5620,0,106.0,0.0,11859,-596.0,5620,106.0
AUSTRALIAN DOLLARS - INTERNATIONAL MONETARY MARKET,1996-06-04,5198,0,-422.0,0.0,11398,-461.0,5198,-422.0
AUSTRALIAN DOLLARS - INTERNATIONAL MONETARY MARKET,1996-06-11,3425,0,-1773.0,0.0,11026,-372.0,3425,-1773.0
AUSTRALIAN DOLLARS - INTERNATIONAL MONETARY MARKET,1996-06-18,2750,259,-675.0,259.0,8227,-2799.0,2491,-934.0
AUSTRALIAN DOLLARS - INTERNATIONAL MONETARY MARKET,1996-06-25,3258,259,508.0,0.0,8935,708.0,2999,508.0
AUSTRALIAN DOLLARS - INTERNATIONAL MONETARY MARKET,1996-07-02,1297,1095,-1961.0,836.0,9830,895.0,202,-2797.0
AUSTRALIAN DOLLARS - INTERNATIONAL MONETARY MARKET,1996-07-09,1114,697,-183.0,-398.0,9413,-417.0,417,215.0
AUSTRALIAN DOLLARS - INTERNATIONAL MONETARY MARKET,1996-07-16,1765,505,651.0,-192.0,9829,416.0,1260,843.0
AUSTRALIAN DOLLARS - INTERNATIONAL MONETARY MARKET,1996-07-23,732,605,-1033.0,100.0,9436,-393.0,127,-1133.0
AUSTRALIAN DOLLARS - INTERNATIONAL MONETARY MARKET,1996-07-30,0,1358,-732.0,753.0,10831,1395.0,-1358,-1485.0
AUSTRALIAN DOLLARS - INTERNATIONAL MONETARY MARKET,1996-08-06,0,2190,0.0,832.0,12768,1937.0,-2190,-832.0
AUSTRALIAN DOLLARS - INTERNATIONAL MONETARY MARKET,1996-08-13,0,1919,0.0,-271.0,12942,174.0,-1919,271.0
AUSTRALIAN DOLLARS - INTERNATIONAL MONETARY MARKET,1996-08-20,0,313,0.0,-1606.0,11993,-949.0,-313,1606.0
AUSTRALIAN DOLLARS - INTERNATIONAL MONETARY MARKET,1996-08-27,0,0,0.0,-313.0,10419,-1574.0,0,313.0
AUSTRALIAN DOLLARS - INTERNATIONAL MONETARY MARKET,1996-09-03,223,0,223.0,0.0,10737,318.0,223,223.0
AUSTRALIAN DOLLARS - INTERNATIONAL MONETARY MARKET,1996-09-10,3593,0,3370.0,0.0,17159,6422.0,3593,3370.0
AUSTRALIAN DOLLARS - INTERNATIONAL MONETARY MARKET,1996-09-17,764,0,-2829.0,0.0,9912,-7247.0,764,-2829.0
AUSTRALIAN DOLLARS - INTERNATIONAL MONETARY MARKET,1996-09-24,0,200,-764.0,200.0,9679,-233.0,-200,-964.0
AUSTRALIAN DOLLARS - INTERNATIONAL MONETARY MARKET,1996-10-01,284,606,284.0,406.0,9799,120.0,-322,-122.0
AUSTRALIAN DOLLARS - INTERNATIONAL MONETARY MARKET,1996-10-08,284,606,0.0,0.0,9970,171.0,-322,0.0
AUSTRALIAN DOLLARS - INTERNATIONAL MONETARY MARKET,1996-10-15,284,0,0.0,-606.0,9328,-642.0,284,606.0
AUSTRALIAN DOLLARS - INTERNATIONAL MONETARY MARKET,1996-10-22,1496,0,1212.0,0.0,10910,1582.0,1496,1212.0
AUSTRALIAN DOLLARS - INTERNATIONAL MONETARY MARKET,1996-10-29,284,0,-1212.0,0.0,10288,-622.0,284,-1212.0
AUSTRALIAN DOLLARS - INTERNATIONAL MONETARY MARKET,1996-11-05,284,220,0.0,220.0,9776,-512.0,64,-220.0
AUSTRALIAN DOLLARS - INTERNATIONAL MONETARY MARKET,1996-11-12,284,1024,0.0,804.0,11094,1318.0,-740,-804.0
AUSTRALIAN DOLLARS - INTERNATIONAL MONETARY MARKET,1996-11-19,924,0,640.0,-1024.0,11525,431.0,924,1664.0
AUSTRALIAN DOLLARS - INTERNATIONAL MONETARY MARKET,1996-11-26,6004,0,5080.0,0.0,19115,7590.0,6004,5080.0
AUSTRALIAN DOLLARS - INTERNATIONAL MONETARY MARKET,1996-12-03,1930,0,-4074.0,0.0,16800,-2315.0,1930,-4074.0
AUSTRALIAN DOLLARS - INTERNATIONAL MONETARY MARKET,1996-12-10,997,0,-933.0,0.0,14688,-2112.0,997,-933.0
AUSTRALIAN DOLLARS - INTERNATIONAL MONETARY MARKET,1996-12-17,211,0,-786.0,0.0,8794,-5894.0,211,-786.0
AUSTRALIAN DOLLARS - INTERNATIONAL MONETARY MARKET,1996-12-24,171,0,-40.0,0.0,8600,-194.0,171,-40.0
AUSTRALIAN DOLLARS - INTERNATIONAL MONETARY MARKET,1996-12-31,171,0,0.0,0.0,8677,77.0,171,0.0
AUSTRALIAN DOLLARS - INTERNATIONAL MONETARY MARKET,1997-01-07,235,255,64.0,255.0,9074,397.0,-20,-191.0
AUSTRALIAN DOLLARS - INTERNATIONAL MONETARY MARKET,1997-01-14,0,3796,-235.0,3541.0,13572,4498.0,-3796,-3776.0
AUSTRALIAN DOLLARS - INTERNATIONAL MONETARY MARKET,1997-01-21,0,3806,0.0,10.0,13968,396.0,-3806,-10.0
AUSTRALIAN DOLLARS - INTERNATIONAL MONETARY MARKET,1997-01-28,0,4293,0.0,487.0,15136,1168.0,-4293,-487.0
AUSTRALIAN DOLLARS - INTERNATIONAL MONETARY MARKET,1997-02-04,430,5726,430.0,1433.0,16582,1446.0,-5296,-1003.0
AUSTRALIAN DOLLARS - INTERNATIONAL MONETARY MARKET,1997-02-11,272,6144,-158.0,418.0,17766,1184.0,-5872,-576.0
AUSTRALIAN DOLLARS - INTERNATIONAL MONETARY MARKET,1997-02-18,333,5941,61.0,-203.0,18159,393.0,-5608,264.0
AUSTRALIAN DOLLARS - INTERNATIONAL MONETARY MARKET,1997-02-25,1261,3395,928.0,-2546.0,17566,-593.0,-2134,3474.0
AUSTRALIAN DOLLARS - INTERNATIONAL MONETARY MARKET,1997-03-04,1127,776,-134.0,-2619.0,14986,-2580.0,351,2485.0
AUSTRALIAN DOLLARS - INTERNATIONAL MONETARY MARKET,1997-03-11,1198,0,71.0,-776.0,16583,1597.0,1198,847.0
AUSTRALIAN DOLLARS - INTERNATIONAL MONETARY MARKET,1997-03-18,1780,211,582.0,211.0,12968,-3615.0,1569,371.0
AUSTRALIAN DOLLARS - INTERNATIONAL MONETARY MARKET,1997-03-25,1156,261,-624.0,50.0,12651,-317.0,895,-674.0
AUSTRALIAN DOLLARS - INTERNATIONAL MONETARY MARKET,1997-04-01,738,484,-418.0,223.0,12698,47.0,254,-641.0
AUSTRALIAN DOLLARS - INTERNATIONAL MONETARY MARKET,1997-04-08,0,745,-738.0,261.0,12029,-669.0,-745,-999.0
AUSTRALIAN DOLLARS - INTERNATIONAL MONETARY MARKET,1997-04-15,0,488,0.0,-257.0,11609,-420.0,-488,257.0
AUSTRALIAN DOLLARS - INTERNATIONAL MONETARY MARKET,1997-04-22,0,489,0.0,1.0,12229,620.0,-489,-1.0
AUSTRALIAN DOLLARS - INTERNATIONAL MONETARY MARKET,1997-04-29,0,703,0.0,214.0,12313,84.0,-703,-214.0
AUSTRALIAN DOLLARS - INTERNATIONAL MONETARY MARKET,1997-05-06,430,487,430.0,-216.0,12108,-205.0,-57,646.0
AUSTRALIAN DOLLARS - INTERNATIONAL MONETARY MARKET,1997-05-13,206,696,-224.0,209.0,11781,-327.0,-490,-433.0
AUSTRALIAN DOLLARS - INTERNATIONAL MONETARY MARKET,1997-05-20,206,868,0.0,172.0,12977,1196.0,-662,-172.0
AUSTRALIAN DOLLARS - INTERNATIONAL MONETARY MARKET,1997-05-27,0,5078,-206.0,4210.0,16207,3230.0,-5078,-4416.0
AUSTRALIAN DOLLARS - INTERNATIONAL MONETARY MARKET,1997-06-03,0,6631,0.0,1553.0,17438,1231.0,-6631,-1553.0
AUSTRALIAN DOLLARS - INTERNATIONAL MONETARY MARKET,1997-06-10,0,6048,0.0,-583.0,20092,2654.0,-6048,583.0
AUSTRALIAN DOLLARS - INTERNATIONAL MONETARY MARKET,1997-06-17,0,7466,0.0,1418.0,17272,-2820.0,-7466,-1418.0
AUSTRALIAN DOLLARS - INTERNATIONAL MONETARY MARKET,1997-06-24,0,6826,0.0,-640.0,16800,-472.0,-6826,640.0
AUSTRALIAN DOLLARS - INTERNATIONAL MONETARY MARKET,1997-07-01,0,7144,0.0,318.0,17586,786.0,-7144,-318.0
AUSTRALIAN DOLLARS - INTERNATIONAL MONETARY MARKET,1997-07-08,0,8099,0.0,955.0,18358,772.0,-8099,-955.0
AUSTRALIAN DOLLARS - INTERNATIONAL MONETARY MARKET,1997-07-15,498,9201,498.0,1102.0,19143,785.0,-8703,-604.0
AUSTRALIAN DOLLARS - INTERNATIONAL MONETARY MARKET,1997-07-22,0,8461,-498.0,-740.0,19936,793.0,-8461,242.0
AUSTRALIAN DOLLARS - INTERNATIONAL MONETARY MARKET,1997-07-29,272,7542,272.0,-919.0,18294,-1642.0,-7270,1191.0
AUSTRALIAN DOLLARS - INTERNATIONAL MONETARY MARKET,1997-08-05,272,5871,0.0,-1671.0,16487,-1807.0,-5599,1671.0
AUSTRALIAN DOLLARS - INTERNATIONAL MONETARY MARKET,1997-08-12,272,6289,0.0,418.0,18022,1535.0,-6017,-418.0
AUSTRALIAN DOLLARS - INTERNATIONAL MONETARY MARKET,1997-08-19,274,5731,2.0,-558.0,17539,-483.0,-5457,560.0
AUSTRALIAN DOLLARS - INTERNATIONAL MONETARY MARKET,1997-08-26,560,4952,286.0,-779.0,19529,1990.0,-4392,1065.0
AUSTRALIAN DOLLARS - INTERNATIONAL MONETARY MARKET,1997-09-02,212,5946,-348.0,994.0,19947,418.0,-5734,-1342.0
AUSTRALIAN DOLLARS - INTERNATIONAL MONETARY MARKET,1997-09-09,643,7301,431.0,1355.0,26376,6429.0,-6658,-924.0
AUSTRALIAN DOLLARS - INTERNATIONAL MONETARY MARKET,1997-09-16,221,8825,-422.0,1524.0,18127,-8249.0,-8604,-1946.0
AUSTRALIAN DOLLARS - INTERNATIONAL MONETARY MARKET,1997-09-23,225,9093,4.0,268.0,19323,1196.0,-8868,-264.0
AUSTRALIAN DOLLARS - INTERNATIONAL MONETARY MARKET,1997-09-30,200,9028,-25.0,-65.0,19606,283.0,-8828,40.0
AUSTRALIAN DOLLARS - INTERNATIONAL MONETARY MARKET,1997-10-07,200,7974,0.0,-1054.0,18629,-977.0,-7774,1054.0
AUSTRALIAN DOLLARS - INTERNATIONAL MONETARY MARKET,1997-10-14,456,5825,256.0,-2149.0,16543,-2086.0,-5369,2405.0
AUSTRALIAN DOLLARS - INTERNATIONAL MONETARY MARKET,1997-10-21,248,6448,-208.0,623.0,17225,682.0,-6200,-831.0
AUSTRALIAN DOLLARS - INTERNATIONAL MONETARY MARKET,1997-10-28,0,9175,-248.0,2727.0,21288,4063.0,-9175,-2975.0
AUSTRALIAN DOLLARS - INTERNATIONAL MONETARY MARKET,1997-11-04,0,8508,0.0,-667.0,20224,-1064.0,-8508,667.0
AUSTRALIAN DOLLARS - INTERNATIONAL MONETARY MARKET,1997-11-11,217,8379,217.0,-129.0,20215,-9.0,-8162,346.0
AUSTRALIAN DOLLARS - INTERNATIONAL MONETARY MARKET,1997-11-18,207,8131,-10.0,-248.0,19621,-594.0,-7924,238.0
AUSTRALIAN DOLLARS - INTERNATIONAL MONETARY MARKET,1997-11-25,0,7752,-207.0,-379.0,19548,-73.0,-7752,172.0
AUSTRALIAN DOLLARS - INTERNATIONAL MONETARY MARKET,1997-12-02,300,8137,300.0,385.0,20369,821.0,-7837,-85.0
AUSTRALIAN DOLLARS - INTERNATIONAL MONETARY MARKET,1997-12-09,0,8075,-300.0,-62.0,25319,4950.0,-8075,-238.0
AUSTRALIAN DOLLARS - INTERNATIONAL MONETARY MARKET,1997-12-16,0,8604,0.0,529.0,16839,-8480.0,-8604,-529.0
AUSTRALIAN DOLLARS - INTERNATIONAL MONETARY MARKET,1997-12-19,0,8210,0.0,-394.0,15841,-998.0,-8210,394.0
AUSTRALIAN DOLLARS - INTERNATIONAL MONETARY MARKET,1997-12-23,200,8166,200.0,-438.0,16424,-415.0,-7966,244.0
AUSTRALIAN DOLLARS - INTERNATIONAL MONETARY MARKET,1997-12-30,200,8156,0.0,-10.0,16495,71.0,-7956,10.0
AUSTRALIAN DOLLARS - INTERNATIONAL MONETARY MARKET,1998-01-06,200,9033,0.0,877.0,18057,1562.0,-8833,-877.0
AUSTRALIAN DOLLARS - INTERNATIONAL MONETARY MARKET,1998-01-13,200,9068,0.0,35.0,18625,568.0,-8868,-35.0
AUSTRALIAN DOLLARS - INTERNATIONAL MONETARY MARKET,1998-01-20,580,6784,380.0,-2284.0,16322,-2303.0,-6204,2664.0
AUSTRALIAN DOLLARS - INTERNATIONAL MONETARY MARKET,1998-01-27,602,4464,22.0,-2320.0,15690,-632.0,-3862,2342.0
AUSTRALIAN DOLLARS - INTERNATIONAL MONETARY MARKET,1998-02-03,1370,2387,768.0,-2077.0,16158,468.0,-1017,2845.0
AUSTRALIAN DOLLARS - INTERNATIONAL MONETARY MARKET,1998-02-10,785,2580,-585.0,193.0,15367,-791.0,-1795,-778.0
AUSTRALIAN DOLLARS - INTERNATIONAL MONETARY MARKET,1998-02-17,200,2379,-585.0,-201.0,16849,1482.0,-2179,-384.0
AUSTRALIAN DOLLARS - INTERNATIONAL MONETARY MARKET,1998-02-24,513,2397,313.0,18.0,16726,-123.0,-1884,295.0
AUSTRALIAN DOLLARS - INTERNATIONAL MONETARY MARKET,1998-03-03,1237,2410,724.0,13.0,21183,4457.0,-1173,711.0
AUSTRALIAN DOLLARS - INTERNATIONAL MONETARY MARKET,1998-03-10,200,3470,-1037.0,1060.0,21891,708.0,-3270,-2097.0
AUSTRALIAN DOLLARS - INTERNATIONAL MONETARY MARKET,1998-03-17,200,3682,0.0,212.0,11606,-10285.0,-3482,-212.0
AUSTRALIAN DOLLARS - INTERNATIONAL MONETARY MARKET,1998-03-24,200,3470,0.0,-212.0,11666,60.0,-3270,212.0
AUSTRALIAN DOLLARS - INTERNATIONAL MONETARY MARKET,1998-03-31,715,3479,515.0,9.0,12377,711.0,-2764,506.0
AUSTRALIAN DOLLARS - INTERNATIONAL MONETARY MARKET,1998-04-07,518,3850,-197.0,371.0,13446,1069.0,-3332,-568.0
AUSTRALIAN DOLLARS - INTERNATIONAL MONETARY MARKET,1998-04-14,400,6450,-118.0,2600.0,16743,3297.0,-6050,-2718.0
AUSTRALIAN DOLLARS - INTERNATIONAL MONETARY MARKET,1998-04-21,200,7014,-200.0,564.0,17838,1095.0,-6814,-764.0
AUSTRALIAN DOLLARS - INTERNATIONAL MONETARY MARKET,1998-04-28,200,7253,0.0,239.0,17655,-183.0,-7053,-239.0
AUSTRALIAN DOLLARS - INTERNATIONAL MONETARY MARKET,1998-05-05,200,7605,0.0,352.0,19310,1655.0,-7405,-352.0
AUSTRALIAN DOLLARS - INTERNATIONAL MONETARY MARKET,1998-05-12,398,8169,198.0,564.0,21743,2433.0,-7771,-366.0
AUSTRALIAN DOLLARS - INTERNATIONAL MONETARY MARKET,1998-05-19,200,9106,-198.0,937.0,22516,773.0,-8906,-1135.0
AUSTRALIAN DOLLARS - INTERNATIONAL MONETARY MARKET,1998-05-26,439,8758,239.0,-348.0,23305,789.0,-8319,587.0
AUSTRALIAN DOLLARS - INTERNATIONAL MONETARY MARKET,1998-06-02,0,8628,-439.0,-130.0,23659,354.0,-8628,-309.0
AUSTRALIAN DOLLARS - INTERNATIONAL MONETARY MARKET,1998-06-09,83,8022,83.0,-606.0,31323,7664.0,-7939,689.0
AUSTRALIAN DOLLARS - INTERNATIONAL MONETARY MARKET,1998-06-16,279,9388,196.0,1366.0,26629,-4694.0,-9109,-1170.0
AUSTRALIAN DOLLARS - INTERNATIONAL MONETARY MARKET,1998-06-23,525,6232,246.0,-3156.0,26123,-506.0,-5707,3402.0
AUSTRALIAN DOLLARS - INTERNATIONAL MONETARY MARKET,1998-06-30,509,5189,-16.0,-1043.0,25126,-997.0,-4680,1027.0
AUSTRALIAN DOLLARS - INTERNATIONAL MONETARY MARKET,1998-07-07,729,4649,220.0,-540.0,24413,-713.0,-3920,760.0
AUSTRALIAN DOLLARS - INTERNATIONAL MONETARY MARKET,1998-07-14,929,4310,200.0,-339.0,23999,-414.0,-3381,539.0
AUSTRALIAN DOLLARS - INTERNATIONAL MONETARY MARKET,1998-07-21,533,2479,-396.0,-1831.0,24391,392.0,-1946,1435.0
AUSTRALIAN DOLLARS - INTERNATIONAL MONETARY MARKET,1998-07-28,0,2408,-533.0,-71.0,24327,-64.0,-2408,-462.0
AUSTRALIAN DOLLARS - INTERNATIONAL MONETARY MARKET,1998-08-04,0,2384,0.0,-24.0,24918,591.0,-2384,24.0
AUSTRALIAN DOLLARS - INTERNATIONAL MONETARY MARKET,1998-08-11,0,2830,0.0,446.0,25146,228.0,-2830,-446.0
AUSTRALIAN DOLLARS - INTERNATIONAL MONETARY MARKET,1998-08-18,275,3270,275.0,440.0,24901,-245.0,-2995,-165.0
AUSTRALIAN DOLLARS - INTERNATIONAL MONETARY MARKET,1998-08-25,275,6688,0.0,3418.0,29098,4197.0,-6413,-3418.0
AUSTRALIAN DOLLARS - INTERNATIONAL MONETARY MARKET,1998-09-01,495,9119,220.0,2431.0,32810,3712.0,-8624,-2211.0
AUSTRALIAN DOLLARS - INTERNATIONAL MONETARY MARKET,1998-09-08,233,8401,-262.0,-718.0,37012,4202.0,-8168,456.0
AUSTRALIAN DOLLARS - INTERNATIONAL MONETARY MARKET,1998-09-15,0,7236,-233.0,-1165.0,23206,-13806.0,-7236,932.0
AUSTRALIAN DOLLARS - INTERNATIONAL MONETARY MARKET,1998-09-22,200,6432,200.0,-804.0,23008,-198.0,-6232,1004.0
AUSTRALIAN DOLLARS - INTERNATIONAL MONETARY MARKET,1998-09-29,530,4564,330.0,-1868.0,22772,-236.0,-4034,2198.0
AUSTRALIAN DOLLARS - INTERNATIONAL MONETARY MARKET,1998-10-06,589,4416,59.0,-148.0,23124,352.0,-3827,207.0
AUSTRALIAN DOLLARS - INTERNATIONAL MONETARY MARKET,1998-10-13,961,1803,372.0,-2613.0,18502,-4622.0,-842,2985.0
AUSTRALIAN DOLLARS - INTERNATIONAL MONETARY MARKET,1998-10-20,2671,0,1710.0,-1803.0,19931,1429.0,2671,3513.0
AUSTRALIAN DOLLARS - INTERNATIONAL MONETARY MARKET,1998-10-27,2671,0,0.0,0.0,20467,536.0,2671,0.0
AUSTRALIAN DOLLARS - INTERNATIONAL MONETARY MARKET,1998-11-03,2637,235,-34.0,235.0,20001,-466.0,2402,-269.0
AUSTRALIAN DOLLARS - INTERNATIONAL MONETARY MARKET,1998-11-10,3457,243,820.0,8.0,21687,1686.0,3214,812.0
AUSTRALIAN DOLLARS - INTERNATIONAL MONETARY MARKET,1998-11-17,4242,430,785.0,187.0,23475,1788.0,3812,598.0
AUSTRALIAN DOLLARS - INTERNATIONAL MONETARY MARKET,1998-11-24,4719,342,477.0,-88.0,24980,1505.0,4377,565.0
AUSTRALIAN DOLLARS - INTERNATIONAL MONETARY MARKET,1998-12-01,4348,543,-371.0,201.0,24559,-421.0,3805,-572.0
AUSTRALIAN DOLLARS - INTERNATIONAL MONETARY MARKET,1998-12-08,3384,538,-964.0,-5.0,32584,8025.0,2846,-959.0
AUSTRALIAN DOLLARS - INTERNATIONAL MONETARY MARKET,1998-12-15,795,538,-2589.0,0.0,16303,-16281.0,257,-2589.0
AUSTRALIAN DOLLARS - INTERNATIONAL MONETARY MARKET,1998-12-22,758,0,-37.0,-538.0,16234,-69.0,758,501.0
AUSTRALIAN DOLLARS - INTERNATIONAL MONETARY MARKET,1998-12-29,269,1048,-489.0,1048.0,16936,702.0,-779,-1537.0
AUSTRALIAN DOLLARS - INTERNATIONAL MONETARY MARKET,1999-01-05,229,820,-40.0,-228.0,16657,-279.0,-591,188.0
AUSTRALIAN DOLLARS - INTERNATIONAL MONETARY MARKET,1999-01-12,900,0,671.0,-820.0,19468,2811.0,900,1491.0
AUSTRALIAN DOLLARS - INTERNATIONAL MONETARY MARKET,1999-01-19,900,0,0.0,0.0,19599,131.0,900,0.0
AUSTRALIAN DOLLARS - INTERNATIONAL MONETARY MARKET,1999-01-26,900,0,0.0,0.0,20229,630.0,900,0.0
AUSTRALIAN DOLLARS - INTERNATIONAL MONETARY MARKET,1999-02-02,419,0,-481.0,0.0,21045,816.0,419,-481.0
AUSTRALIAN DOLLARS - INTERNATIONAL MONETARY MARKET,1999-02-09,8032,0,7613.0,0.0,29683,8638.0,8032,7613.0
AUSTRALIAN DOLLARS - INTERNATIONAL MONETARY MARKET,1999-02-16,7474,372,-558.0,372.0,28733,-950.0,7102,-930.0
AUSTRALIAN DOLLARS - INTERNATIONAL MONETARY MARKET,1999-02-23,6925,1184,-549.0,812.0,28933,200.0,5741,-1361.0
AUSTRALIAN DOLLARS - INTERNATIONAL MONETARY MARKET,1999-03-02,980,1108,-5945.0,-76.0,24360,-4573.0,-128,-5869.0
AUSTRALIAN DOLLARS - INTERNATIONAL MONETARY MARKET,1999-03-09,1730,832,750.0,-276.0,26370,2010.0,898,1026.0
AUSTRALIAN DOLLARS - INTERNATIONAL MONETARY MARKET,1999-03-16,2161,463,431.0,-369.0,17558,-8812.0,1698,800.0
AUSTRALIAN DOLLARS - INTERNATIONAL MONETARY MARKET,1999-03-23,3085,463,924.0,0.0,19245,1687.0,2622,924.0
AUSTRALIAN DOLLARS - INTERNATIONAL MONETARY MARKET,1999-03-30,1539,421,-1546.0,-42.0,17388,-1857.0,1118,-1504.0
AUSTRALIAN DOLLARS - INTERNATIONAL MONETARY MARKET,1999-04-06,2790,225,1251.0,-196.0,19584,2196.0,2565,1447.0
AUSTRALIAN DOLLARS - INTERNATIONAL MONETARY MARKET,1999-04-13,2477,1279,-313.0,1054.0,18279,-1305.0,1198,-1367.0
AUSTRALIAN DOLLARS - INTERNATIONAL MONETARY MARKET,1999-04-20,8393,727,5916.0,-552.0,29259,10980.0,7666,6468.0
AUSTRALIAN DOLLARS - INTERNATIONAL MONETARY MARKET,1999-04-27,16263,410,7870.0,-317.0,37439,8180.0,15853,8187.0
AUSTRALIAN DOLLARS - INTERNATIONAL MONETARY MARKET,1999-05-04,19102,549,2839.0,139.0,42401,4962.0,18553,2700.0
AUSTRALIAN DOLLARS - INTERNATIONAL MONETARY MARKET,1999-05-11,20859,530,1757.0,-19.0,45073,2672.0,20329,1776.0
AUSTRALIAN DOLLARS - INTERNATIONAL MONETARY MARKET,1999-05-18,19839,220,-1020.0,-310.0,44225,-848.0,19619,-710.0
AUSTRALIAN DOLLARS - INTERNATIONAL MONETARY MARKET,1999-05-25,15664,1339,-4175.0,1119.0,38767,-5458.0,14325,-5294.0
AUSTRALIAN DOLLARS - INTERNATIONAL MONETARY MARKET,1999-06-01,10210,1000,-5454.0,-339.0,31713,-7054.0,9210,-5115.0
AUSTRALIAN DOLLARS - INTERNATIONAL MONETARY MARKET,1999-06-08,6466,793,-3744.0,-207.0,33552,1839.0,5673,-3537.0
AUSTRALIAN DOLLARS - INTERNATIONAL MONETARY MARKET,1999-06-15,7806,744,1340.0,-49.0,27121,-6431.0,7062,1389.0
AUSTRALIAN DOLLARS - INTERNATIONAL MONETARY MARKET,1999-06-22,8437,1193,631.0,449.0,27375,254.0,7244,182.0
AUSTRALIAN DOLLARS - INTERNATIONAL MONETARY MARKET,1999-06-29,8276,946,-161.0,-247.0,27723,348.0,7330,86.0
AUSTRALIAN DOLLARS - INTERNATIONAL MONETARY MARKET,1999-07-06,10537,878,2261.0,-68.0,33098,5375.0,9659,2329.0
AUSTRALIAN DOLLARS - INTERNATIONAL MONETARY MARKET,1999-07-13,11912,490,1375.0,-388.0,34645,1547.0,11422,1763.0
AUSTRALIAN DOLLARS - INTERNATIONAL MONETARY MARKET,1999-07-20,4080,2606,-7832.0,2116.0,28283,-6362.0,1474,-9948.0
AUSTRALIAN DOLLARS - INTERNATIONAL MONETARY MARKET,1999-07-27,2246,2460,-1834.0,-146.0,26563,-1720.0,-214,-1688.0
AUSTRALIAN DOLLARS - INTERNATIONAL MONETARY MARKET,1999-08-03,2058,1918,-188.0,-542.0,26508,-55.0,140,354.0
AUSTRALIAN DOLLARS - INTERNATIONAL MONETARY MARKET,1999-08-10,1737,2293,-321.0,375.0,25783,-725.0,-556,-696.0
AUSTRALIAN DOLLARS - INTERNATIONAL MONETARY MARKET,1999-08-17,1361,2059,-376.0,-234.0,25855,72.0,-698,-142.0
AUSTRALIAN DOLLARS - INTERNATIONAL MONETARY MARKET,1999-08-24,1282,10860,-79.0,8801.0,33609,7754.0,-9578,-8880.0
AUSTRALIAN DOLLARS - INTERNATIONAL MONETARY MARKET,1999-08-31,1282,11484,0.0,624.0,34906,1297.0,-10202,-624.0
AUSTRALIAN DOLLARS - INTERNATIONAL MONETARY MARKET,1999-09-07,1706,10705,424.0,-779.0,35979,1073.0,-8999,1203.0
AUSTRALIAN DOLLARS - INTERNATIONAL MONETARY MARKET,1999-09-14,1600,5509,-106.0,-5196.0,19708,-16271.0,-3909,5090.0
AUSTRALIAN DOLLARS - INTERNATIONAL MONETARY MARKET,1999-09-21,1169,4896,-431.0,-613.0,18433,-1275.0,-3727,182.0
AUSTRALIAN DOLLARS - INTERNATIONAL MONETARY MARKET,1999-09-28,1335,2315,166.0,-2581.0,19111,678.0,-980,2747.0
AUSTRALIAN DOLLARS - INTERNATIONAL MONETARY MARKET,1999-10-05,3117,1522,1782.0,-793.0,23088,3977.0,1595,2575.0
AUSTRALIAN DOLLARS - INTERNATIONAL MONETARY MARKET,1999-10-12,3230,1163,113.0,-359.0,23698,610.0,2067,472.0
AUSTRALIAN DOLLARS - INTERNATIONAL MONETARY MARKET,1999-10-19,1529,2523,-1701.0,1360.0,20608,-3090.0,-994,-3061.0
AUSTRALIAN DOLLARS - INTERNATIONAL MONETARY MARKET,1999-10-26,1677,0,148.0,-2523.0,19655,-953.0,1677,2671.0
AUSTRALIAN DOLLARS - INTERNATIONAL MONETARY MARKET,1999-11-02,1130,2877,-547.0,2877.0,22213,2558.0,-1747,-3424.0
AUSTRALIAN DOLLARS - INTERNATIONAL MONETARY MARKET,1999-11-09,801,3687,-329.0,810.0,23330,1117.0,-2886,-1139.0
AUSTRALIAN DOLLARS - INTERNATIONAL MONETARY MARKET,1999-11-16,1047,3058,246.0,-629.0,22677,-653.0,-2011,875.0
AUSTRALIAN DOLLARS - INTERNATIONAL MONETARY MARKET,1999-11-23,744,3664,-303.0,606.0,22299,-378.0,-2920,-909.0
AUSTRALIAN DOLLARS - INTERNATIONAL MONETARY MARKET,1999-11-30,3781,8504,3037.0,4840.0,29461,7162.0,-4723,-1803.0
AUSTRALIAN DOLLARS - INTERNATIONAL MONETARY MARKET,1999-12-07,464,7739,-3317.0,-765.0,28395,-1066.0,-7275,-2552.0
AUSTRALIAN DOLLARS - INTERNATIONAL MONETARY MARKET,1999-12-14,464,7845,0.0,106.0,20168,-8227.0,-7381,-106.0
AUSTRALIAN DOLLARS - INTERNATIONAL MONETARY MARKET,1999-12-21,1229,6394,765.0,-1451.0,19280,-888.0,-5165,2216.0
AUSTRALIAN DOLLARS - INTERNATIONAL MONETARY MARKET,1999-12-28,1270,5983,41.0,-411.0,18711,-569.0,-4713,452.0
AUSTRALIAN DOLLARS - INTERNATIONAL MONETARY MARKET,2000-01-04,7529,1250,6259.0,-4733.0,25699,6988.0,6279,10992.0
AUSTRALIAN DOLLARS - INTERNATIONAL MONETARY MARKET,2000-01-11,9782,642,2253.0,-608.0,30290,4591.0,9140,2861.0
AUSTRALIAN DOLLARS - INTERNATIONAL MONETARY MARKET,2000-01-18,17623,314,7841.0,-328.0,40500,10210.0,17309,8169.0
AUSTRALIAN DOLLARS - INTERNATIONAL MONETARY MARKET,2000-01-25,15623,224,-2000.0,-90.0,38359,-2141.0,15399,-1910.0
AUSTRALIAN DOLLARS - INTERNATIONAL MONETARY MARKET,2000-02-01,1861,4873,-13762.0,4649.0,33312,-5047.0,-3012,-18411.0
AUSTRALIAN DOLLARS - INTERNATIONAL MONETARY MARKET,2000-02-08,1646,4744,-215.0,-129.0,32010,-1302.0,-3098,-86.0
AUSTRALIAN DOLLARS - INTERNATIONAL MONETARY MARKET,2000-02-15,746,5693,-900.0,949.0,31826,-184.0,-4947,-1849.0
AUSTRALIAN DOLLARS - INTERNATIONAL MONETARY MARKET,2000-02-22,1074,6099,328.0,406.0,31711,-115.0,-5025,-78.0
AUSTRALIAN DOLLARS - INTERNATIONAL MONETARY MARKET,2000-02-29,801,8014,-273.0,1915.0,33732,2021.0,-7213,-2188.0
AUSTRALIAN DOLLARS - INTERNATIONAL MONETARY MARKET,2000-03-07,885,8588,84.0,574.0,35724,1992.0,-7703,-490.0
AUSTRALIAN DOLLARS - INTERNATIONAL MONETARY MARKET,2000-03-14,921,9342,36.0,754.0,20595,-15129.0,-8421,-718.0
AUSTRALIAN DOLLARS - INTERNATIONAL MONETARY MARKET,2000-03-21,872,9179,-49.0,-163.0,21335,740.0,-8307,114.0
AUSTRALIAN DOLLARS - INTERNATIONAL MONETARY MARKET,2000-03-28,836,8684,-36.0,-495.0,22401,1066.0,-7848,459.0
AUSTRALIAN DOLLARS - INTERNATIONAL MONETARY MARKET,2000-04-04,872,8440,36.0,-244.0,22574,173.0,-7568,280.0
AUSTRALIAN DOLLARS - INTERNATIONAL MONETARY MARKET,2000-04-11,1262,9277,390.0,837.0,23356,782.0,-8015,-447.0
AUSTRALIAN DOLLARS - INTERNATIONAL MONETARY MARKET,2000-04-18,869,9834,-393.0,557.0,24969,1613.0,-8965,-950.0
AUSTRALIAN DOLLARS - INTERNATIONAL MONETARY MARKET,2000-04-25,869,9161,0.0,-673.0,25230,261.0,-8292,673.0
AUSTRALIAN DOLLARS - INTERNATIONAL MONETARY MARKET,2000-05-02,475,10058,-394.0,897.0,25510,280.0,-9583,-1291.0
AUSTRALIAN DOLLARS - INTERNATIONAL MONETARY MARKET,2000-05-09,475,8523,0.0,-1535.0,23977,-1533.0,-8048,1535.0
AUSTRALIAN DOLLARS - INTERNATIONAL MONETARY MARKET,2000-05-16,0,5768,-475.0,-2755.0,24091,114.0,-5768,2280.0
AUSTRALIAN DOLLARS - INTERNATIONAL MONETARY MARKET,2000-05-23,0,5283,0.0,-485.0,24119,28.0,-5283,485.0
AUSTRALIAN DOLLARS - INTERNATIONAL MONETARY MARKET,2000-05-30,0,4782,0.0,-501.0,23560,-559.0,-4782,501.0
AUSTRALIAN DOLLARS - INTERNATIONAL MONETARY MARKET,2000-06-06,0,5438,0.0,656.0,25818,2258.0,-5438,-656.0
AUSTRALIAN DOLLARS - INTERNATIONAL MONETARY MARKET,2000-06-13,417,4296,417.0,-1142.0,30014,4196.0,-3879,1559.0
AUSTRALIAN DOLLARS - CHICAGO MERCANTILE EXCHANGE,2000-08-29,500,3007,500.0,1747.0,22356,2115.0,-2507,1372.0
AUSTRALIAN DOLLARS - CHICAGO MERCANTILE EXCHANGE,2000-09-05,600,3322,100.0,315.0,23929,1573.0,-2722,-215.0
AUSTRALIAN DOLLARS - CHICAGO MERCANTILE EXCHANGE,2000-09-12,1250,4804,650.0,1482.0,32544,8615.0,-3554,-832.0
AUSTRALIAN DOLLARS - CHICAGO MERCANTILE EXCHANGE,2000-09-26,1500,4922,150.0,1048.0,23818,374.0,-3422,132.0
AUSTRALIAN DOLLARS - CHICAGO MERCANTILE EXCHANGE,2000-10-03,1500,5113,0.0,191.0,24100,282.0,-3613,-191.0
AUSTRALIAN DOLLARS - CHICAGO MERCANTILE EXCHANGE,2000-10-10,1500,4990,0.0,-123.0,24487,387.0,-3490,123.0
AUSTRALIAN DOLLARS - CHICAGO MERCANTILE EXCHANGE,2000-10-17,1500,4701,0.0,-289.0,24654,167.0,-3201,289.0
AUSTRALIAN DOLLARS - CHICAGO MERCANTILE EXCHANGE,2000-10-24,1700,3428,200.0,-1273.0,24107,-547.0,-1728,1473.0
AUSTRALIAN DOLLARS - CHICAGO MERCANTILE EXCHANGE,2000-10-31,1700,3846,0.0,418.0,24973,866.0,-2146,-418.0
AUSTRALIAN DOLLARS - CHICAGO MERCANTILE EXCHANGE,2000-11-07,1700,4316,0.0,470.0,24313,-660.0,-2616,-470.0
AUSTRALIAN DOLLARS - CHICAGO MERCANTILE EXCHANGE,2000-11-14,1700,3441,0.0,-875.0,24415,102.0,-1741,875.0
AUSTRALIAN DOLLARS - CHICAGO MERCANTILE EXCHANGE,2000-11-21,1700,3970,0.0,529.0,25701,1286.0,-2270,-529.0
AUSTRALIAN DOLLARS - CHICAGO MERCANTILE EXCHANGE,2000-11-28,1700,2473,0.0,-1497.0,24753,-948.0,-773,1497.0
AUSTRALIAN DOLLARS - CHICAGO MERCANTILE EXCHANGE,2000-12-05,2641,1981,941.0,-492.0,28474,3721.0,660,1433.0
AUSTRALIAN DOLLARS - CHICAGO MERCANTILE EXCHANGE,2000-12-12,2641,1971,0.0,-10.0,30062,1588.0,670,10.0
AUSTRALIAN DOLLARS - CHICAGO MERCANTILE EXCHANGE,2001-01-02,4514,1468,550.0,-25.0,23374,1624.0,3046,2376.0
AUSTRALIAN DOLLARS - CHICAGO MERCANTILE EXCHANGE,2001-01-09,4695,1363,181.0,-105.0,25878,2504.0,3332,286.0
AUSTRALIAN DOLLARS - CHICAGO MERCANTILE EXCHANGE,2001-01-16,4581,1322,-114.0,-41.0,26450,572.0,3259,-73.0
AUSTRALIAN DOLLARS - CHICAGO MERCANTILE EXCHANGE,2001-01-23,3695,858,-886.0,-464.0,25392,-1058.0,2837,-422.0
AUSTRALIAN DOLLARS - CHICAGO MERCANTILE EXCHANGE,2001-01-30,3225,1351,-470.0,493.0,23202,-2190.0,1874,-963.0
AUSTRALIAN DOLLARS - CHICAGO MERCANTILE EXCHANGE,2001-02-06,3685,1854,460.0,503.0,23352,150.0,1831,-43.0
AUSTRALIAN DOLLARS - CHICAGO MERCANTILE EXCHANGE,2001-02-13,2562,2250,-1123.0,396.0,24104,752.0,312,-1519.0
AUSTRALIAN DOLLARS - CHICAGO MERCANTILE EXCHANGE,2001-02-20,2229,3444,-333.0,1194.0,25814,1710.0,-1215,-1527.0
AUSTRALIAN DOLLARS - CHICAGO MERCANTILE EXCHANGE,2001-02-27,2386,3787,157.0,343.0,26498,684.0,-1401,-186.0
AUSTRALIAN DOLLARS - CHICAGO MERCANTILE EXCHANGE,2001-03-06,2430,3967,44.0,180.0,35712,9214.0,-1537,-136.0
AUSTRALIAN DOLLARS - CHICAGO MERCANTILE EXCHANGE,2001-03-13,3109,4597,679.0,630.0,42016,6304.0,-1488,49.0
AUSTRALIAN DOLLARS - CHICAGO MERCANTILE EXCHANGE,2001-03-20,1776,4944,-1333.0,347.0,25392,-16624.0,-3168,-1680.0
AUSTRALIAN DOLLARS - CHICAGO MERCANTILE EXCHANGE,2001-03-27,1852,4480,76.0,-464.0,26034,642.0,-2628,540.0
AUSTRALIAN DOLLARS - CHICAGO MERCANTILE EXCHANGE,2001-04-03,1895,5027,43.0,547.0,26563,529.0,-3132,-504.0
AUSTRALIAN DOLLARS - CHICAGO MERCANTILE EXCHANGE,2001-04-10,1895,5540,0.0,513.0,27091,528.0,-3645,-513.0
AUSTRALIAN DOLLARS - CHICAGO MERCANTILE EXCHANGE,2001-04-17,1895,4964,0.0,-576.0,26220,-871.0,-3069,576.0
AUSTRALIAN DOLLARS - CHICAGO MERCANTILE EXCHANGE,2001-04-24,1925,3148,30.0,-1816.0,25375,-845.0,-1223,1846.0
AUSTRALIAN DOLLARS - CHICAGO MERCANTILE EXCHANGE,2001-05-01,1950,2735,25.0,-413.0,25961,586.0,-785,438.0
AUSTRALIAN DOLLARS - CHICAGO MERCANTILE EXCHANGE,2001-05-08,1950,2694,0.0,-41.0,25187,-774.0,-744,41.0
AUSTRALIAN DOLLARS - CHICAGO MERCANTILE EXCHANGE,2001-05-15,2420,3779,470.0,1085.0,26570,1383.0,-1359,-615.0
AUSTRALIAN DOLLARS - CHICAGO MERCANTILE EXCHANGE,2001-05-22,3350,1842,930.0,-1937.0,28223,1653.0,1508,2867.0
AUSTRALIAN DOLLARS - CHICAGO MERCANTILE EXCHANGE,2001-05-29,2968,2352,-382.0,510.0,27921,-302.0,616,-892.0
AUSTRALIAN DOLLARS - CHICAGO MERCANTILE EXCHANGE,2001-06-05,2195,1352,-773.0,-1000.0,25951,-1970.0,843,227.0
AUSTRALIAN DOLLARS - CHICAGO MERCANTILE EXCHANGE,2001-06-12,2100,2021,-95.0,669.0,28945,2994.0,79,-764.0
AUSTRALIAN DOLLARS - CHICAGO MERCANTILE EXCHANGE,2001-07-03,1700,2411,,,18832,,-711,-790.0
AUSTRALIAN DOLLARS - CHICAGO MERCANTILE EXCHANGE,2001-07-10,1700,2225,0.0,-186.0,18348,-484.0,-525,186.0
AUSTRALIAN DOLLARS - CHICAGO MERCANTILE EXCHANGE,2001-07-17,1993,3846,293.0,1621.0,21834,3486.0,-1853,-1328.0
AUSTRALIAN DOLLARS - CHICAGO MERCANTILE EXCHANGE,2001-07-24,2665,3823,672.0,-23.0,21886,52.0,-1158,695.0
AUSTRALIAN DOLLARS - CHICAGO MERCANTILE EXCHANGE,2001-07-31,2623,3390,-42.0,-433.0,23550,1664.0,-767,391.0
AUSTRALIAN DOLLARS - CHICAGO MERCANTILE EXCHANGE,2001-08-07,1500,2090,-1123.0,-1300.0,21232,-2318.0,-590,177.0
AUSTRALIAN DOLLARS - CHICAGO MERCANTILE EXCHANGE,2001-08-14,1900,2018,400.0,-72.0,22711,1479.0,-118,472.0
AUSTRALIAN DOLLARS - CHICAGO MERCANTILE EXCHANGE,2001-08-21,5975,1251,4075.0,-767.0,26018,3307.0,4724,4842.0
AUSTRALIAN DOLLARS - CHICAGO MERCANTILE EXCHANGE,2001-08-28,6695,2709,720.0,1458.0,27949,1931.0,3986,-738.0
AUSTRALIAN DOLLARS - CHICAGO MERCANTILE EXCHANGE,2001-09-04,5677,1744,-1018.0,-965.0,26449,-1500.0,3933,-53.0
AUSTRALIAN DOLLARS - CHICAGO MERCANTILE EXCHANGE,2001-09-10,4759,1056,-918.0,-688.0,28692,2243.0,3703,-230.0
AUSTRALIAN DOLLARS - CHICAGO MERCANTILE EXCHANGE,2001-09-18,2552,4382,-2207.0,3326.0,22407,-6285.0,-1830,-5533.0
AUSTRALIAN DOLLARS - CHICAGO MERCANTILE EXCHANGE,2001-09-25,2084,3900,-468.0,-482.0,22796,389.0,-1816,14.0
AUSTRALIAN DOLLARS - CHICAGO MERCANTILE EXCHANGE,2001-10-02,2622,3827,538.0,-73.0,23946,1150.0,-1205,611.0
AUSTRALIAN DOLLARS - CHICAGO MERCANTILE EXCHANGE,2001-10-09,2181,4693,-441.0,866.0,23874,-72.0,-2512,-1307.0
AUSTRALIAN DOLLARS - CHICAGO MERCANTILE EXCHANGE,2001-10-16,1617,2559,-564.0,-2134.0,21924,-1950.0,-942,1570.0
AUSTRALIAN DOLLARS - CHICAGO MERCANTILE EXCHANGE,2001-10-23,1597,2244,-20.0,-315.0,21557,-367.0,-647,295.0
AUSTRALIAN DOLLARS - CHICAGO MERCANTILE EXCHANGE,2001-10-30,2210,1670,613.0,-574.0,21672,115.0,540,1187.0
AUSTRALIAN DOLLARS - CHICAGO MERCANTILE EXCHANGE,2001-11-06,2634,1638,424.0,-32.0,21872,200.0,996,456.0
AUSTRALIAN DOLLARS - CHICAGO MERCANTILE EXCHANGE,2001-11-13,3028,3016,394.0,1378.0,24463,2591.0,12,-984.0
AUSTRALIAN DOLLARS - CHICAGO MERCANTILE EXCHANGE,2001-11-20,3729,428,701.0,-2588.0,24095,-368.0,3301,3289.0
AUSTRALIAN DOLLARS - CHICAGO MERCANTILE EXCHANGE,2001-11-27,3637,428,-92.0,0.0,23520,-575.0,3209,-92.0
AUSTRALIAN DOLLARS - CHICAGO MERCANTILE EXCHANGE,2001-12-04,2664,528,-973.0,100.0,22626,-894.0,2136,-1073.0
AUSTRALIAN DOLLARS - CHICAGO MERCANTILE EXCHANGE,2001-12-11,1864,1942,-800.0,1414.0,24669,2043.0,-78,-2214.0
AUSTRALIAN DOLLARS - CHICAGO MERCANTILE EXCHANGE,2002-01-29,2500,1523,,,23264,,977,1055.0
AUSTRALIAN DOLLARS - CHICAGO MERCANTILE EXCHANGE,2002-02-05,2265,1879,-235.0,356.0,22051,-1213.0,386,-591.0
AUSTRALIAN DOLLARS - CHICAGO MERCANTILE EXCHANGE,2002-02-12,2277,5114,12.0,3235.0,23861,1810.0,-2837,-3223.0
AUSTRALIAN DOLLARS - CHICAGO MERCANTILE EXCHANGE,2002-02-26,1889,1804,-388.0,-3310.0,21858,-2003.0,85,2922.0
AUSTRALIAN DOLLARS - CHICAGO MERCANTILE EXCHANGE,2002-03-12,8849,3423,6960.0,1619.0,40202,18344.0,5426,5341.0
AUSTRALIAN DOLLARS - CHICAGO MERCANTILE EXCHANGE,2002-03-19,9853,2978,1004.0,-445.0,33061,-7141.0,6875,1449.0
AUSTRALIAN DOLLARS - CHICAGO MERCANTILE EXCHANGE,2002-03-26,13628,1368,3775.0,-1610.0,40611,7550.0,12260,5385.0
AUSTRALIAN DOLLARS - CHICAGO MERCANTILE EXCHANGE,2002-04-02,15926,1623,2298.0,255.0,43378,2767.0,14303,2043.0
AUSTRALIAN DOLLARS - CHICAGO MERCANTILE EXCHANGE,2002-04-09,25660,1623,9734.0,0.0,53917,10539.0,24037,9734.0
AUSTRALIAN DOLLARS - CHICAGO MERCANTILE EXCHANGE,2002-04-16,19241,2074,-6419.0,451.0,48665,-5252.0,17167,-6870.0
AUSTRALIAN DOLLARS - CHICAGO MERCANTILE EXCHANGE,2002-04-23,20887,1536,1646.0,-538.0,49941,1276.0,19351,2184.0
AUSTRALIAN DOLLARS - CHICAGO MERCANTILE EXCHANGE,2002-04-30,18671,2050,-2216.0,514.0,48150,-1791.0,16621,-2730.0
AUSTRALIAN DOLLARS - CHICAGO MERCANTILE EXCHANGE,2002-05-07,17665,2336,-1006.0,286.0,48575,425.0,15329,-1292.0
AUSTRALIAN DOLLARS - CHICAGO MERCANTILE EXCHANGE,2002-05-14,13392,2055,-4273.0,-281.0,45570,-3005.0,11337,-3992.0
AUSTRALIAN DOLLARS - CHICAGO MERCANTILE EXCHANGE,2002-05-21,10944,2873,-2448.0,818.0,41905,-3665.0,8071,-3266.0
AUSTRALIAN DOLLARS - CHICAGO MERCANTILE EXCHANGE,2002-05-28,13737,1915,2793.0,-958.0,43033,1128.0,11822,3751.0
AUSTRALIAN DOLLARS - CHICAGO MERCANTILE EXCHANGE,2002-06-04,14948,919,1211.0,-996.0,46120,3087.0,14029,2207.0
AUSTRALIAN DOLLARS - CHICAGO MERCANTILE EXCHANGE,2002-06-11,11974,625,-2974.0,-294.0,52016,5896.0,11349,-2680.0
AUSTRALIAN DOLLARS - CHICAGO MERCANTILE EXCHANGE,2002-06-18,9276,840,-2698.0,215.0,34311,-17705.0,8436,-2913.0
AUSTRALIAN DOLLARS - CHICAGO MERCANTILE EXCHANGE,2002-06-25,7315,753,-1961.0,-87.0,33939,-372.0,6562,-1874.0
AUSTRALIAN DOLLARS - CHICAGO MERCANTILE EXCHANGE,2002-07-02,7708,1486,393.0,733.0,34128,189.0,6222,-340.0
AUSTRALIAN DOLLARS - CHICAGO MERCANTILE EXCHANGE,2002-07-09,7641,1304,-67.0,-182.0,33989,-139.0,6337,115.0
AUSTRALIAN DOLLARS - CHICAGO MERCANTILE EXCHANGE,2002-07-16,7087,2708,-554.0,1404.0,32752,-1237.0,4379,-1958.0
AUSTRALIAN DOLLARS - CHICAGO MERCANTILE EXCHANGE,2002-07-23,3909,3160,-3178.0,452.0,30034,-2718.0,749,-3630.0
AUSTRALIAN DOLLARS - CHICAGO MERCANTILE EXCHANGE,2002-08-06,1111,0,-2798.0,-3160.0,25198,-4836.0,1111,362.0
AUSTRALIAN DOLLARS - CHICAGO MERCANTILE EXCHANGE,2002-08-13,1191,0,80.0,0.0,23438,-1760.0,1191,80.0
AUSTRALIAN DOLLARS - CHICAGO MERCANTILE EXCHANGE,2002-08-20,1064,511,-127.0,511.0,22559,-879.0,553,-638.0
AUSTRALIAN DOLLARS - CHICAGO MERCANTILE EXCHANGE,2002-08-27,1034,1124,-30.0,613.0,23142,583.0,-90,-643.0
AUSTRALIAN DOLLARS - CHICAGO MERCANTILE EXCHANGE,2002-09-03,1034,867,0.0,-257.0,25787,2645.0,167,257.0
AUSTRALIAN DOLLARS - CHICAGO MERCANTILE EXCHANGE,2002-09-10,995,471,-39.0,-396.0,27644,1857.0,524,357.0
AUSTRALIAN DOLLARS - CHICAGO MERCANTILE EXCHANGE,2002-10-01,2342,0,,,19336,,2342,1818.0
AUSTRALIAN DOLLARS - CHICAGO MERCANTILE EXCHANGE,2002-10-08,5845,0,3503.0,0.0,24636,5300.0,5845,3503.0
AUSTRALIAN DOLLARS - CHICAGO MERCANTILE EXCHANGE,2002-10-15,5242,0,-603.0,0.0,25002,366.0,5242,-603.0
AUSTRALIAN DOLLARS - CHICAGO MERCANTILE EXCHANGE,2002-10-22,10534,563,5292.0,563.0,34495,9493.0,9971,4729.0
AUSTRALIAN DOLLARS - CHICAGO MERCANTILE EXCHANGE,2002-10-29,12614,0,2080.0,-563.0,37148,2653.0,12614,2643.0
AUSTRALIAN DOLLARS - CHICAGO MERCANTILE EXCHANGE,2002-11-05,17956,240,5342.0,240.0,42461,5313.0,17716,5102.0
AUSTRALIAN DOLLARS - CHICAGO MERCANTILE EXCHANGE,2002-11-12,17738,0,-218.0,-240.0,43395,934.0,17738,22.0
AUSTRALIAN DOLLARS - CHICAGO MERCANTILE EXCHANGE,2002-11-19,17300,0,-438.0,0.0,40926,-2469.0,17300,-438.0
AUSTRALIAN DOLLARS - CHICAGO MERCANTILE EXCHANGE,2002-11-26,15411,0,-1889.0,0.0,40034,-892.0,15411,-1889.0
AUSTRALIAN DOLLARS - CHICAGO MERCANTILE EXCHANGE,2002-12-03,13508,0,-1903.0,0.0,37360,-2674.0,13508,-1903.0
AUSTRALIAN DOLLARS - CHICAGO MERCANTILE EXCHANGE,2002-12-10,11373,0,-2135.0,0.0,43658,6298.0,11373,-2135.0
AUSTRALIAN DOLLARS - CHICAGO MERCANTILE EXCHANGE,2002-12-17,15088,577,3715.0,577.0,37752,-5906.0,14511,3138.0
AUSTRALIAN DOLLARS - CHICAGO MERCANTILE EXCHANGE,2002-12-23,12508,0,-2580.0,-577.0,35422,-2330.0,12508,-2003.0
AUSTRALIAN DOLLARS - CHICAGO MERCANTILE EXCHANGE,2002-12-31,10920,0,-1588.0,0.0,34586,-836.0,10920,-1588.0
AUSTRALIAN DOLLARS - CHICAGO MERCANTILE EXCHANGE,2003-01-07,19740,401,8820.0,401.0,43834,9248.0,19339,8419.0
AUSTRALIAN DOLLARS - CHICAGO MERCANTILE EXCHANGE,2003-01-14,20414,431,674.0,30.0,45912,2078.0,19983,644.0
AUSTRALIAN DOLLARS - CHICAGO MERCANTILE EXCHANGE,2003-01-21,19788,431,-626.0,0.0,45506,-406.0,19357,-626.0
AUSTRALIAN DOLLARS - CHICAGO MERCANTILE EXCHANGE,2003-01-28,20369,431,581.0,0.0,46233,727.0,19938,581.0
AUSTRALIAN DOLLARS - CHICAGO MERCANTILE EXCHANGE,2003-02-04,23281,431,2912.0,0.0,49109,2876.0,22850,2912.0
AUSTRALIAN DOLLARS - CHICAGO MERCANTILE EXCHANGE,2003-02-11,20066,431,-3215.0,0.0,46893,-2216.0,19635,-3215.0
AUSTRALIAN DOLLARS - CHICAGO MERCANTILE EXCHANGE,2003-02-18,18514,431,-1552.0,0.0,47209,316.0,18083,-1552.0
AUSTRALIAN DOLLARS - CHICAGO MERCANTILE EXCHANGE,2003-02-25,18461,431,-53.0,0.0,47107,-102.0,18030,-53.0
AUSTRALIAN DOLLARS - CHICAGO MERCANTILE EXCHANGE,2003-03-04,18586,431,125.0,0.0,48318,1211.0,18155,125.0
AUSTRALIAN DOLLARS - CHICAGO MERCANTILE EXCHANGE,2003-03-11,18087,89,-499.0,-342.0,53484,5166.0,17998,-157.0
AUSTRALIAN DOLLARS - CHICAGO MERCANTILE EXCHANGE,2003-03-18,9869,0,-8218.0,-89.0,34641,-18843.0,9869,-8129.0
AUSTRALIAN DOLLARS - CHICAGO MERCANTILE EXCHANGE,2003-03-25,6153,0,-3716.0,0.0,32152,-2489.0,6153,-3716.0
AUSTRALIAN DOLLARS - CHICAGO MERCANTILE EXCHANGE,2003-04-01,6016,0,-137.0,0.0,32383,231.0,6016,-137.0
AUSTRALIAN DOLLARS - CHICAGO MERCANTILE EXCHANGE,2003-04-08,6806,0,790.0,0.0,30549,-1834.0,6806,790.0
AUSTRALIAN DOLLARS - CHICAGO MERCANTILE EXCHANGE,2003-04-15,10954,0,4148.0,0.0,35538,4989.0,10954,4148.0
AUSTRALIAN DOLLARS - CHICAGO MERCANTILE EXCHANGE,2003-04-22,14919,1137,3965.0,1137.0,41589,6051.0,13782,2828.0
AUSTRALIAN DOLLARS - CHICAGO MERCANTILE EXCHANGE,2003-04-29,15235,429,316.0,-708.0,43118,1529.0,14806,1024.0
AUSTRALIAN DOLLARS - CHICAGO MERCANTILE EXCHANGE,2003-05-06,14987,429,-248.0,0.0,41820,-1298.0,14558,-248.0
AUSTRALIAN DOLLARS - CHICAGO MERCANTILE EXCHANGE,2003-05-13,15089,429,102.0,0.0,41295,-525.0,14660,102.0
AUSTRALIAN DOLLARS - CHICAGO MERCANTILE EXCHANGE,2003-05-20,13371,429,-1718.0,0.0,39408,-1887.0,12942,-1718.0
AUSTRALIAN DOLLARS - CHICAGO MERCANTILE EXCHANGE,2003-05-27,11885,429,-1486.0,0.0,37438,-1970.0,11456,-1486.0
AUSTRALIAN DOLLARS - CHICAGO MERCANTILE EXCHANGE,2003-06-03,14148,429,2263.0,0.0,42095,4657.0,13719,2263.0
AUSTRALIAN DOLLARS - CHICAGO MERCANTILE EXCHANGE,2003-06-10,13338,431,-810.0,2.0,44219,2124.0,12907,-812.0
AUSTRALIAN DOLLARS - CHICAGO MERCANTILE EXCHANGE,2003-06-17,10956,0,-2382.0,-431.0,36601,-7618.0,10956,-1951.0
AUSTRALIAN DOLLARS - CHICAGO MERCANTILE EXCHANGE,2003-06-24,12800,0,1844.0,0.0,36254,-347.0,12800,1844.0
AUSTRALIAN DOLLARS - CHICAGO MERCANTILE EXCHANGE,2003-07-01,15224,0,2424.0,0.0,38754,2500.0,15224,2424.0
AUSTRALIAN DOLLARS - CHICAGO MERCANTILE EXCHANGE,2003-07-08,14175,0,-1049.0,0.0,36365,-2389.0,14175,-1049.0
AUSTRALIAN DOLLARS - CHICAGO MERCANTILE EXCHANGE,2003-07-15,12233,0,-1942.0,0.0,34228,-2137.0,12233,-1942.0
AUSTRALIAN DOLLARS - CHICAGO MERCANTILE EXCHANGE,2003-07-22,11621,0,-612.0,0.0,33512,-716.0,11621,-612.0
AUSTRALIAN DOLLARS - CHICAGO MERCANTILE EXCHANGE,2003-07-29,12207,0,586.0,0.0,36006,2494.0,12207,586.0
AUSTRALIAN DOLLARS - CHICAGO MERCANTILE EXCHANGE,2003-08-05,11385,0,-822.0,0.0,33355,-2651.0,11385,-822.0
AUSTRALIAN DOLLARS - CHICAGO MERCANTILE EXCHANGE,2003-08-12,10578,0,-807.0,0.0,33216,-139.0,10578,-807.0
AUSTRALIAN DOLLARS - CHICAGO MERCANTILE EXCHANGE,2003-08-19,10320,0,-258.0,0.0,34305,1089.0,10320,-258.0
AUSTRALIAN DOLLARS - CHICAGO MERCANTILE EXCHANGE,2003-08-26,7393,894,-2927.0,894.0,31865,-2440.0,6499,-3821.0
AUSTRALIAN DOLLARS - CHICAGO MERCANTILE EXCHANGE,2003-09-02,7307,2604,-86.0,1710.0,33573,1708.0,4703,-1796.0
AUSTRALIAN DOLLARS - CHICAGO MERCANTILE EXCHANGE,2003-09-09,4746,1312,-2561.0,-1292.0,36930,3357.0,3434,-1269.0
AUSTRALIAN DOLLARS - CHICAGO MERCANTILE EXCHANGE,2003-09-16,11590,1693,6844.0,381.0,36082,-848.0,9897,6463.0
AUSTRALIAN DOLLARS - CHICAGO MERCANTILE EXCHANGE,2003-09-23,11559,1714,-31.0,21.0,41264,5182.0,9845,-52.0
AUSTRALIAN DOLLARS - CHICAGO MERCANTILE EXCHANGE,2003-09-30,13188,1769,1629.0,55.0,42727,1463.0,11419,1574.0
AUSTRALIAN DOLLARS - CHICAGO MERCANTILE EXCHANGE,2003-10-07,18224,1481,5036.0,-288.0,49919,7192.0,16743,5324.0
AUSTRALIAN DOLLARS - CHICAGO MERCANTILE EXCHANGE,2003-10-14,19182,1060,958.0,-421.0,50668,749.0,18122,1379.0
AUSTRALIAN DOLLARS - CHICAGO MERCANTILE EXCHANGE,2003-10-21,21851,1461,2669.0,401.0,53949,3281.0,20390,2268.0
AUSTRALIAN DOLLARS - CHICAGO MERCANTILE EXCHANGE,2003-10-28,23216,1060,1365.0,-401.0,55553,1604.0,22156,1766.0
AUSTRALIAN DOLLARS - CHICAGO MERCANTILE EXCHANGE,2003-11-04,26380,1060,3164.0,0.0,59105,3552.0,25320,3164.0
AUSTRALIAN DOLLARS - CHICAGO MERCANTILE EXCHANGE,2003-11-11,25795,1060,-585.0,0.0,60650,1545.0,24735,-585.0
AUSTRALIAN DOLLARS - CHICAGO MERCANTILE EXCHANGE,2003-11-18,27948,1758,2153.0,698.0,63444,2794.0,26190,1455.0
AUSTRALIAN DOLLARS - CHICAGO MERCANTILE EXCHANGE,2003-11-25,25859,625,-2089.0,-1133.0,61806,-1638.0,25234,-956.0
AUSTRALIAN DOLLARS - CHICAGO MERCANTILE EXCHANGE,2003-12-02,27078,647,1219.0,22.0,63089,1283.0,26431,1197.0
AUSTRALIAN DOLLARS - CHICAGO MERCANTILE EXCHANGE,2003-12-09,26691,1044,-387.0,397.0,73209,10120.0,25647,-784.0
AUSTRALIAN DOLLARS - CHICAGO MERCANTILE EXCHANGE,2003-12-16,25711,532,-980.0,-512.0,56208,-17001.0,25179,-468.0
AUSTRALIAN DOLLARS - CHICAGO MERCANTILE EXCHANGE,2003-12-22,27805,480,2094.0,-52.0,57595,1387.0,27325,2146.0
AUSTRALIAN DOLLARS - CHICAGO MERCANTILE EXCHANGE,2003-12-30,26703,582,-1102.0,102.0,58386,791.0,26121,-1204.0
AUSTRALIAN DOLLAR - CHICAGO MERCANTILE EXCHANGE,2004-01-06,25848,1341,-855.0,759.0,61052,2666.0,24507,-1614.0
AUSTRALIAN DOLLAR - CHICAGO MERCANTILE EXCHANGE,2004-01-13,27269,1913,1421.0,572.0,62404,1352.0,25356,849.0
AUSTRALIAN DOLLAR - CHICAGO MERCANTILE EXCHANGE,2004-01-20,26269,698,-1000.0,-1215.0,61905,-499.0,25571,215.0
AUSTRALIAN DOLLAR - CHICAGO MERCANTILE EXCHANGE,2004-01-27,26523,1153,254.0,455.0,61742,-163.0,25370,-201.0
AUSTRALIAN DOLLAR - CHICAGO MERCANTILE EXCHANGE,2004-02-03,21322,1044,-5201.0,-109.0,51677,-10065.0,20278,-5092.0
AUSTRALIAN DOLLAR - CHICAGO MERCANTILE EXCHANGE,2004-02-10,24250,2337,2928.0,1293.0,58655,6978.0,21913,1635.0
AUSTRALIAN DOLLAR - CHICAGO MERCANTILE EXCHANGE,2004-02-17,31248,2153,6998.0,-184.0,67461,8806.0,29095,7182.0
AUSTRALIAN DOLLAR - CHICAGO MERCANTILE EXCHANGE,2004-02-24,22429,1082,-8819.0,-1071.0,59772,-7689.0,21347,-7748.0
AUSTRALIAN DOLLAR - CHICAGO MERCANTILE EXCHANGE,2004-03-02,17417,995,-5012.0,-87.0,55548,-4224.0,16422,-4925.0
AUSTRALIAN DOLLAR - CHICAGO MERCANTILE EXCHANGE,2004-03-09,14256,3771,-3161.0,2776.0,58264,2716.0,10485,-5937.0
AUSTRALIAN DOLLAR - CHICAGO MERCANTILE EXCHANGE,2004-03-16,6792,2956,-7464.0,-815.0,29167,-29097.0,3836,-6649.0
AUSTRALIAN DOLLAR - CHICAGO MERCANTILE EXCHANGE,2004-03-23,5533,2567,-1259.0,-389.0,29576,409.0,2966,-870.0
AUSTRALIAN DOLLAR - CHICAGO MERCANTILE EXCHANGE,2004-03-30,6776,2604,1243.0,37.0,30367,791.0,4172,1206.0
AUSTRALIAN DOLLAR - CHICAGO MERCANTILE EXCHANGE,2004-04-06,11844,1477,5068.0,-1127.0,37468,7101.0,10367,6195.0
AUSTRALIAN DOLLAR - CHICAGO MERCANTILE EXCHANGE,2004-04-12,12252,826,408.0,-651.0,39460,1992.0,11426,1059.0
AUSTRALIAN DOLLAR - CHICAGO MERCANTILE EXCHANGE,2004-04-20,5808,2562,-6444.0,1736.0,31409,-8051.0,3246,-8180.0
AUSTRALIAN DOLLAR - CHICAGO MERCANTILE EXCHANGE,2004-04-27,5801,2668,-7.0,106.0,32822,1413.0,3133,-113.0
AUSTRALIAN DOLLAR - CHICAGO MERCANTILE EXCHANGE,2004-05-04,6397,4211,596.0,1543.0,35722,2900.0,2186,-947.0
AUSTRALIAN DOLLAR - CHICAGO MERCANTILE EXCHANGE,2004-05-11,2845,5687,-3552.0,1476.0,36777,1055.0,-2842,-5028.0
AUSTRALIAN DOLLAR - CHICAGO MERCANTILE EXCHANGE,2004-05-18,4260,6035,1415.0,348.0,38361,1584.0,-1775,1067.0
AUSTRALIAN DOLLAR - CHICAGO MERCANTILE EXCHANGE,2004-05-25,3817,8097,-443.0,2062.0,38618,257.0,-4280,-2505.0
AUSTRALIAN DOLLAR - CHICAGO MERCANTILE EXCHANGE,2004-06-01,3008,8071,-809.0,-26.0,39054,436.0,-5063,-783.0
AUSTRALIAN DOLLAR - CHICAGO MERCANTILE EXCHANGE,2004-06-08,2186,6255,-822.0,-1816.0,42488,3434.0,-4069,994.0
AUSTRALIAN DOLLAR - CHICAGO MERCANTILE EXCHANGE,2004-06-15,3931,4841,1745.0,-1414.0,23761,-18727.0,-910,3159.0
AUSTRALIAN DOLLAR - CHICAGO MERCANTILE EXCHANGE,2004-06-22,3662,4794,-269.0,-47.0,24238,477.0,-1132,-222.0
AUSTRALIAN DOLLAR - CHICAGO MERCANTILE EXCHANGE,2004-06-29,5885,4181,2223.0,-613.0,26312,2074.0,1704,2836.0
AUSTRALIAN DOLLAR - CHICAGO MERCANTILE EXCHANGE,2004-07-06,5257,3067,-628.0,-1114.0,25832,-480.0,2190,486.0
AUSTRALIAN DOLLAR - CHICAGO MERCANTILE EXCHANGE,2004-07-13,8622,953,3365.0,-2114.0,30583,4751.0,7669,5479.0
AUSTRALIAN DOLLAR - CHICAGO MERCANTILE EXCHANGE,2004-07-20,10974,868,2352.0,-85.0,36642,6059.0,10106,2437.0
AUSTRALIAN DOLLAR - CHICAGO MERCANTILE EXCHANGE,2004-07-27,5018,2369,-5956.0,1501.0,28377,-8265.0,2649,-7457.0
AUSTRALIAN DOLLAR - CHICAGO MERCANTILE EXCHANGE,2004-08-03,7348,888,2330.0,-1481.0,30603,2226.0,6460,3811.0
AUSTRALIAN DOLLAR - CHICAGO MERCANTILE EXCHANGE,2004-08-10,8478,1365,1130.0,477.0,30904,301.0,7113,653.0
AUSTRALIAN DOLLAR - CHICAGO MERCANTILE EXCHANGE,2004-08-17,9122,943,644.0,-422.0,33254,2350.0,8179,1066.0
AUSTRALIAN DOLLAR - CHICAGO MERCANTILE EXCHANGE,2004-08-24,8792,1513,-330.0,570.0,34627,1373.0,7279,-900.0
AUSTRALIAN DOLLAR - CHICAGO MERCANTILE EXCHANGE,2004-08-31,7138,2400,-1654.0,887.0,32662,-1965.0,4738,-2541.0
AUSTRALIAN DOLLAR - CHICAGO MERCANTILE EXCHANGE,2004-09-07,5160,5823,-1978.0,3423.0,35375,2713.0,-663,-5401.0
AUSTRALIAN DOLLAR - CHICAGO MERCANTILE EXCHANGE,2004-09-21,6972,6159,1812.0,336.0,22195,-13180.0,813,1476.0
AUSTRALIAN DOLLAR - CHICAGO MERCANTILE EXCHANGE,2004-09-28,10783,3698,3811.0,-2461.0,29604,7409.0,7085,6272.0
AUSTRALIAN DOLLAR - CHICAGO MERCANTILE EXCHANGE,2004-10-05,19510,2610,8727.0,-1088.0,43324,13720.0,16900,9815.0
AUSTRALIAN DOLLAR - CHICAGO MERCANTILE EXCHANGE,2004-10-12,26060,1857,6550.0,-753.0,53591,10267.0,24203,7303.0
AUSTRALIAN DOLLAR - CHICAGO MERCANTILE EXCHANGE,2004-10-19,24842,2333,-1218.0,476.0,53667,76.0,22509,-1694.0
AUSTRALIAN DOLLAR - CHICAGO MERCANTILE EXCHANGE,2004-10-26,30579,2049,5737.0,-284.0,60051,6384.0,28530,6021.0
AUSTRALIAN DOLLAR - CHICAGO MERCANTILE EXCHANGE,2004-11-02,30737,1747,158.0,-302.0,61179,1128.0,28990,460.0
AUSTRALIAN DOLLAR - CHICAGO MERCANTILE EXCHANGE,2004-11-09,34824,2434,4087.0,687.0,67041,5862.0,32390,3400.0
AUSTRALIAN DOLLAR - CHICAGO MERCANTILE EXCHANGE,2004-11-16,37285,2682,2461.0,248.0,70438,3397.0,34603,2213.0
AUSTRALIAN DOLLAR - CHICAGO MERCANTILE EXCHANGE,2004-11-23,33214,2585,-4071.0,-97.0,70137,-301.0,30629,-3974.0
AUSTRALIAN DOLLAR - CHICAGO MERCANTILE EXCHANGE,2004-11-30,33361,2387,147.0,-198.0,73359,3222.0,30974,345.0
AUSTRALIAN DOLLAR - CHICAGO MERCANTILE EXCHANGE,2004-12-07,35652,1409,2291.0,-978.0,88254,14895.0,34243,3269.0
AUSTRALIAN DOLLAR - CHICAGO MERCANTILE EXCHANGE,2004-12-14,29627,66,-6025.0,-1343.0,56837,-31417.0,29561,-4682.0
AUSTRALIAN DOLLAR - CHICAGO MERCANTILE EXCHANGE,2004-12-21,29069,65,-558.0,-1.0,59283,2446.0,29004,-557.0
AUSTRALIAN DOLLAR - CHICAGO MERCANTILE EXCHANGE,2004-12-28,30330,73,1261.0,8.0,60977,1694.0,30257,1253.0
AUSTRALIAN DOLLAR - CHICAGO MERCANTILE EXCHANGE,2005-01-04,32283,1670,1953.0,1597.0,66759,5782.0,30613,356.0
AUSTRALIAN DOLLAR - CHICAGO MERCANTILE EXCHANGE,2005-01-11,26494,517,-5789.0,-1153.0,62685,-4074.0,25977,-4636.0
AUSTRALIAN DOLLAR - CHICAGO MERCANTILE EXCHANGE,2005-01-18,27749,534,1255.0,17.0,65081,2396.0,27215,1238.0
AUSTRALIAN DOLLAR - CHICAGO MERCANTILE EXCHANGE,2005-01-25,31905,1002,4156.0,468.0,71814,6733.0,30903,3688.0
AUSTRALIAN DOLLAR - CHICAGO MERCANTILE EXCHANGE,2005-02-01,38430,2646,6525.0,1644.0,79897,8083.0,35784,4881.0
AUSTRALIAN DOLLAR - CHICAGO MERCANTILE EXCHANGE,2005-02-08,36050,8451,-2380.0,5805.0,76844,-3053.0,27599,-8185.0
AUSTRALIAN DOLLAR - CHICAGO MERCANTILE EXCHANGE,2005-02-15,44618,7919,8568.0,-532.0,89106,12262.0,36699,9100.0
AUSTRALIAN DOLLAR - CHICAGO MERCANTILE EXCHANGE,2005-02-22,49918,3948,5300.0,-3971.0,95179,6073.0,45970,9271.0
AUSTRALIAN DOLLAR - CHICAGO MERCANTILE EXCHANGE,2005-03-01,56250,871,6332.0,-3077.0,104099,8920.0,55379,9409.0
AUSTRALIAN DOLLAR - CHICAGO MERCANTILE EXCHANGE,2005-03-08,55816,3863,-434.0,2992.0,130231,26132.0,51953,-3426.0
AUSTRALIAN DOLLAR - CHICAGO MERCANTILE EXCHANGE,2005-03-15,57410,3269,1594.0,-594.0,102848,-27383.0,54141,2188.0
AUSTRALIAN DOLLAR - CHICAGO MERCANTILE EXCHANGE,2005-03-22,58973,3982,1563.0,713.0,105846,2998.0,54991,850.0
AUSTRALIAN DOLLAR - CHICAGO MERCANTILE EXCHANGE,2005-03-29,30819,4195,-28154.0,213.0,81324,-24522.0,26624,-28367.0
AUSTRALIAN DOLLAR - CHICAGO MERCANTILE EXCHANGE,2005-04-05,26134,5048,-4685.0,853.0,78489,-2835.0,21086,-5538.0
AUSTRALIAN DOLLAR - CHICAGO MERCANTILE EXCHANGE,2005-04-12,31709,6286,5575.0,1238.0,85163,6674.0,25423,4337.0
AUSTRALIAN DOLLAR - CHICAGO MERCANTILE EXCHANGE,2005-04-19,25245,6922,-6464.0,636.0,85577,414.0,18323,-7100.0
AUSTRALIAN DOLLAR - CHICAGO MERCANTILE EXCHANGE,2005-04-26,33986,6692,8741.0,-230.0,89273,3696.0,27294,8971.0
AUSTRALIAN DOLLAR - CHICAGO MERCANTILE EXCHANGE,2005-05-03,33987,4622,1.0,-2070.0,89548,275.0,29365,2071.0
AUSTRALIAN DOLLAR - CHICAGO MERCANTILE EXCHANGE,2005-05-10,36178,5352,2191.0,730.0,89282,-266.0,30826,1461.0
AUSTRALIAN DOLLAR - CHICAGO MERCANTILE EXCHANGE,2005-05-17,24221,8986,-11957.0,3634.0,84442,-4840.0,15235,-15591.0
AUSTRALIAN DOLLAR - CHICAGO MERCANTILE EXCHANGE,2005-05-24,21939,8632,-2282.0,-354.0,85299,857.0,13307,-1928.0
AUSTRALIAN DOLLAR - CHICAGO MERCANTILE EXCHANGE,2005-05-31,15019,9095,-6920.0,463.0,83172,-2127.0,5924,-7383.0
AUSTRALIAN DOLLAR - CHICAGO MERCANTILE EXCHANGE,2005-06-07,15528,2679,509.0,-6416.0,87578,4406.0,12849,6925.0
AUSTRALIAN DOLLAR - CHICAGO MERCANTILE EXCHANGE,2005-06-14,19846,4587,4318.0,1908.0,59436,-28142.0,15259,2410.0
AUSTRALIAN DOLLAR - CHICAGO MERCANTILE EXCHANGE,2005-06-21,36466,3071,16620.0,-1516.0,83291,23855.0,33395,18136.0
AUSTRALIAN DOLLAR - CHICAGO MERCANTILE EXCHANGE,2005-06-28,24447,1473,-12019.0,-1598.0,69392,-13899.0,22974,-10421.0
AUSTRALIAN DOLLAR - CHICAGO MERCANTILE EXCHANGE,2005-07-05,16534,7964,-7913.0,6491.0,60369,-9023.0,8570,-14404.0
AUSTRALIAN DOLLAR - CHICAGO MERCANTILE EXCHANGE,2005-07-12,17868,9312,1334.0,1348.0,64490,4121.0,8556,-14.0
AUSTRALIAN DOLLAR - CHICAGO MERCANTILE EXCHANGE,2005-07-19,16209,9453,-1659.0,141.0,63659,-831.0,6756,-1800.0
AUSTRALIAN DOLLAR - CHICAGO MERCANTILE EXCHANGE,2005-07-26,20643,3300,4434.0,-6153.0,60938,-2721.0,17343,10587.0
AUSTRALIAN DOLLAR - CHICAGO MERCANTILE EXCHANGE,2005-08-02,20549,3232,-94.0,-68.0,60900,-38.0,17317,-26.0
AUSTRALIAN DOLLAR - CHICAGO MERCANTILE EXCHANGE,2005-08-09,30047,2029,9498.0,-1203.0,72496,11596.0,28018,10701.0
AUSTRALIAN DOLLAR - CHICAGO MERCANTILE EXCHANGE,2005-08-16,27090,786,-2957.0,-1243.0,73801,1305.0,26304,-1714.0
AUSTRALIAN DOLLAR - CHICAGO MERCANTILE EXCHANGE,2005-08-23,14661,2791,-12429.0,2005.0,60188,-13613.0,11870,-14434.0
AUSTRALIAN DOLLAR - CHICAGO MERCANTILE EXCHANGE,2005-08-30,14142,3277,-519.0,486.0,61099,911.0,10865,-1005.0
AUSTRALIAN DOLLAR - CHICAGO MERCANTILE EXCHANGE,2005-09-06,20798,1465,6656.0,-1812.0,65292,4193.0,19333,8468.0
AUSTRALIAN DOLLAR - CHICAGO MERCANTILE EXCHANGE,2005-09-13,36285,3043,15487.0,1578.0,96367,31075.0,33242,13909.0
AUSTRALIAN DOLLAR - CHICAGO MERCANTILE EXCHANGE,2005-09-20,36201,0,-84.0,-3043.0,78632,-17735.0,36201,2959.0
AUSTRALIAN DOLLAR - CHICAGO MERCANTILE EXCHANGE,2005-09-27,23527,582,-12674.0,582.0,63181,-15451.0,22945,-13256.0
AUSTRALIAN DOLLAR - CHICAGO MERCANTILE EXCHANGE,2005-10-04,29452,582,5925.0,0.0,69587,6406.0,28870,5925.0
AUSTRALIAN DOLLAR - CHICAGO MERCANTILE EXCHANGE,2005-10-11,18844,1916,-10608.0,1334.0,60128,-9459.0,16928,-11942.0
AUSTRALIAN DOLLAR - CHICAGO MERCANTILE EXCHANGE,2005-10-18,19393,8331,549.0,6415.0,63897,3769.0,11062,-5866.0
AUSTRALIAN DOLLAR - CHICAGO MERCANTILE EXCHANGE,2005-10-25,15562,7648,-3831.0,-683.0,59833,-4064.0,7914,-3148.0
AUSTRALIAN DOLLAR - CHICAGO MERCANTILE EXCHANGE,2005-11-01,14623,10587,-939.0,2939.0,61243,1410.0,4036,-3878.0
AUSTRALIAN DOLLAR - CHICAGO MERCANTILE EXCHANGE,2005-11-08,17183,13112,2560.0,2525.0,68200,6957.0,4071,35.0
AUSTRALIAN DOLLAR - CHICAGO MERCANTILE EXCHANGE,2005-11-15,18367,18174,1184.0,5062.0,75581,7381.0,193,-3878.0
AUSTRALIAN DOLLAR - CHICAGO MERCANTILE EXCHANGE,2005-11-22,19690,18941,1323.0,767.0,79829,4248.0,749,556.0
AUSTRALIAN DOLLAR - CHICAGO MERCANTILE EXCHANGE,2005-11-29,21190,15448,1500.0,-3493.0,78973,-856.0,5742,4993.0
AUSTRALIAN DOLLAR - CHICAGO MERCANTILE EXCHANGE,2005-12-06,23052,7340,1862.0,-8108.0,71637,-7336.0,15712,9970.0
AUSTRALIAN DOLLAR - CHICAGO MERCANTILE EXCHANGE,2005-12-13,23890,3608,838.0,-3732.0,82817,11180.0,20282,4570.0
AUSTRALIAN DOLLAR - CHICAGO MERCANTILE EXCHANGE,2005-12-20,14497,6588,-9393.0,2980.0,43315,-39502.0,7909,-12373.0
AUSTRALIAN DOLLAR - CHICAGO MERCANTILE EXCHANGE,2005-12-27,13691,12787,-806.0,6199.0,57071,13756.0,904,-7005.0
AUSTRALIAN DOLLAR - CHICAGO MERCANTILE EXCHANGE,2006-01-03,21116,14006,7425.0,1219.0,60245,3174.0,7110,6206.0
AUSTRALIAN DOLLAR - CHICAGO MERCANTILE EXCHANGE,2006-01-10,26703,4969,5587.0,-9037.0,55332,-4913.0,21734,14624.0
AUSTRALIAN DOLLAR - CHICAGO MERCANTILE EXCHANGE,2006-01-17,27102,4393,399.0,-576.0,61525,6193.0,22709,975.0
AUSTRALIAN DOLLAR - CHICAGO MERCANTILE EXCHANGE,2006-01-24,29898,10522,2796.0,6129.0,63978,2453.0,19376,-3333.0
AUSTRALIAN DOLLAR - CHICAGO MERCANTILE EXCHANGE,2006-01-31,38523,9265,8625.0,-1257.0,73813,9835.0,29258,9882.0
AUSTRALIAN DOLLAR - CHICAGO MERCANTILE EXCHANGE,2006-02-07,31309,10528,-7214.0,1263.0,68525,-5288.0,20781,-8477.0
AUSTRALIAN DOLLAR - CHICAGO MERCANTILE EXCHANGE,2006-02-14,22669,14618,-8640.0,4090.0,62933,-5592.0,8051,-12730.0
AUSTRALIAN DOLLAR - CHICAGO MERCANTILE EXCHANGE,2006-02-21,19649,15648,-3020.0,1030.0,62973,40.0,4001,-4050.0
AUSTRALIAN DOLLAR - CHICAGO MERCANTILE EXCHANGE,2006-02-28,16175,14800,-3474.0,-848.0,58377,-4596.0,1375,-2626.0
AUSTRALIAN DOLLAR - CHICAGO MERCANTILE EXCHANGE,2006-03-07,16803,19699,628.0,4899.0,67707,9330.0,-2896,-4271.0
AUSTRALIAN DOLLAR - CHICAGO MERCANTILE EXCHANGE,2006-03-14,16571,14937,-232.0,-4762.0,43094,-24613.0,1634,4530.0
AUSTRALIAN DOLLAR - CHICAGO MERCANTILE EXCHANGE,2006-03-21,19065,30392,2494.0,15455.0,61058,17964.0,-11327,-12961.0
AUSTRALIAN DOLLAR - CHICAGO MERCANTILE EXCHANGE,2006-03-28,18522,31854,-543.0,1462.0,68768,7710.0,-13332,-2005.0
AUSTRALIAN DOLLAR - CHICAGO MERCANTILE EXCHANGE,2006-04-04,21629,27479,3107.0,-4375.0,65124,-3644.0,-5850,7482.0
AUSTRALIAN DOLLAR - CHICAGO MERCANTILE EXCHANGE,2006-04-11,23254,16317,1625.0,-11162.0,54618,-10506.0,6937,12787.0
AUSTRALIAN DOLLAR - CHICAGO MERCANTILE EXCHANGE,2006-04-18,20597,9436,-2657.0,-6881.0,52049,-2569.0,11161,4224.0
AUSTRALIAN DOLLAR - CHICAGO MERCANTILE EXCHANGE,2006-04-25,23684,15927,3087.0,6491.0,52591,542.0,7757,-3404.0
AUSTRALIAN DOLLAR - CHICAGO MERCANTILE EXCHANGE,2006-05-02,27297,5524,3613.0,-10403.0,57861,5270.0,21773,14016.0
AUSTRALIAN DOLLAR - CHICAGO MERCANTILE EXCHANGE,2006-05-09,34685,5831,7388.0,307.0,74660,16799.0,28854,7081.0
AUSTRALIAN DOLLAR - CHICAGO MERCANTILE EXCHANGE,2006-05-16,36522,5937,1837.0,106.0,78831,4171.0,30585,1731.0
AUSTRALIAN DOLLAR - CHICAGO MERCANTILE EXCHANGE,2006-05-23,28453,12143,-8069.0,6206.0,81572,2741.0,16310,-14275.0
AUSTRALIAN DOLLAR - CHICAGO MERCANTILE EXCHANGE,2006-05-30,33720,6932,5267.0,-5211.0,76396,-5176.0,26788,10478.0
AUSTRALIAN DOLLAR - CHICAGO MERCANTILE EXCHANGE,2006-06-06,24106,10188,-9614.0,3256.0,72968,-3428.0,13918,-12870.0
AUSTRALIAN DOLLAR - CHICAGO MERCANTILE EXCHANGE,2006-06-13,23302,11350,-804.0,1162.0,81160,8192.0,11952,-1966.0
AUSTRALIAN DOLLAR - CHICAGO MERCANTILE EXCHANGE,2006-06-20,11753,14165,-11549.0,2815.0,37629,-43531.0,-2412,-14364.0
AUSTRALIAN DOLLAR - CHICAGO MERCANTILE EXCHANGE,2006-06-27,14220,11514,2467.0,-2651.0,42014,4385.0,2706,5118.0
AUSTRALIAN DOLLAR - CHICAGO MERCANTILE EXCHANGE,2006-07-03,17141,12080,2921.0,566.0,45680,3666.0,5061,2355.0
AUSTRALIAN DOLLAR - CHICAGO MERCANTILE EXCHANGE,2006-07-11,21901,4965,4760.0,-7115.0,51757,6077.0,16936,11875.0
AUSTRALIAN DOLLAR - CHICAGO MERCANTILE EXCHANGE,2006-07-18,30614,2399,8713.0,-2566.0,54649,2892.0,28215,11279.0
AUSTRALIAN DOLLAR - CHICAGO MERCANTILE EXCHANGE,2006-07-25,37046,3654,6432.0,1255.0,62339,7690.0,33392,5177.0
AUSTRALIAN DOLLAR - CHICAGO MERCANTILE EXCHANGE,2006-08-01,40195,2082,3149.0,-1572.0,67931,5592.0,38113,4721.0
AUSTRALIAN DOLLAR - CHICAGO MERCANTILE EXCHANGE,2006-08-08,36364,3307,-3831.0,1225.0,65353,-2578.0,33057,-5056.0
AUSTRALIAN DOLLAR - CHICAGO MERCANTILE EXCHANGE,2006-08-15,42751,3659,6387.0,352.0,72893,7540.0,39092,6035.0
AUSTRALIAN DOLLAR - CHICAGO MERCANTILE EXCHANGE,2006-08-22,31584,1509,-11167.0,-2150.0,62131,-10762.0,30075,-9017.0
AUSTRALIAN DOLLAR - CHICAGO MERCANTILE EXCHANGE,2006-08-29,34383,1142,2799.0,-367.0,63348,1217.0,33241,3166.0
AUSTRALIAN DOLLAR - CHICAGO MERCANTILE EXCHANGE,2006-09-05,49725,1779,15342.0,637.0,81372,18024.0,47946,14705.0
AUSTRALIAN DOLLAR - CHICAGO MERCANTILE EXCHANGE,2006-09-12,25739,1205,-23986.0,-574.0,69370,-12002.0,24534,-23412.0
AUSTRALIAN DOLLAR - CHICAGO MERCANTILE EXCHANGE,2006-09-19,39055,5423,13316.0,4218.0,61952,-7418.0,33632,9098.0
AUSTRALIAN DOLLAR - CHICAGO MERCANTILE EXCHANGE,2006-09-26,34442,4353,-4613.0,-1070.0,57337,-4615.0,30089,-3543.0
AUSTRALIAN DOLLAR - CHICAGO MERCANTILE EXCHANGE,2006-10-03,31493,9912,-2949.0,5559.0,56292,-1045.0,21581,-8508.0
AUSTRALIAN DOLLAR - CHICAGO MERCANTILE EXCHANGE,2006-10-10,43831,8581,12338.0,-1331.0,65437,9145.0,35250,13669.0
AUSTRALIAN DOLLAR - CHICAGO MERCANTILE EXCHANGE,2006-10-17,49027,9338,5196.0,757.0,74025,8588.0,39689,4439.0
AUSTRALIAN DOLLAR - CHICAGO MERCANTILE EXCHANGE,2006-10-24,61738,5314,12711.0,-4024.0,87502,13477.0,56424,16735.0
AUSTRALIAN DOLLAR - CHICAGO MERCANTILE EXCHANGE,2006-10-31,78430,7077,16692.0,1763.0,107657,20155.0,71353,14929.0
AUSTRALIAN DOLLAR - CHICAGO MERCANTILE EXCHANGE,2006-11-07,94014,8399,15584.0,1322.0,123491,15834.0,85615,14262.0
AUSTRALIAN DOLLAR - CHICAGO MERCANTILE EXCHANGE,2006-11-14,71619,6669,-22395.0,-1730.0,105229,-18262.0,64950,-20665.0
AUSTRALIAN DOLLAR - CHICAGO MERCANTILE EXCHANGE,2006-11-21,75236,7775,3617.0,1106.0,108253,3024.0,67461,2511.0
AUSTRALIAN DOLLAR - CHICAGO MERCANTILE EXCHANGE,2006-11-28,90263,10505,15027.0,2730.0,123916,15663.0,79758,12297.0
AUSTRALIAN DOLLAR - CHICAGO MERCANTILE EXCHANGE,2006-12-05,88467,13156,-1796.0,2651.0,129455,5539.0,75311,-4447.0
AUSTRALIAN DOLLAR - CHICAGO MERCANTILE EXCHANGE,2006-12-12,92025,11111,3558.0,-2045.0,170902,41447.0,80914,5603.0
AUSTRALIAN DOLLAR - CHICAGO MERCANTILE EXCHANGE,2006-12-19,95543,6643,3518.0,-4468.0,129934,-40968.0,88900,7986.0
AUSTRALIAN DOLLAR - CHICAGO MERCANTILE EXCHANGE,2006-12-26,92051,7016,-3492.0,373.0,128732,-1202.0,85035,-3865.0
AUSTRALIAN DOLLAR - CHICAGO MERCANTILE EXCHANGE,2007-01-03,97410,8587,5359.0,1571.0,132225,3493.0,88823,3788.0
AUSTRALIAN DOLLAR - CHICAGO MERCANTILE EXCHANGE,2007-01-09,61978,12100,-35432.0,3513.0,116268,-15957.0,49878,-38945.0
AUSTRALIAN DOLLAR - CHICAGO MERCANTILE EXCHANGE,2007-01-16,73505,6749,11527.0,-5351.0,121645,5377.0,66756,16878.0
AUSTRALIAN DOLLAR - CHICAGO MERCANTILE EXCHANGE,2007-01-23,86840,9592,13335.0,2843.0,127566,5921.0,77248,10492.0
AUSTRALIAN DOLLAR - CHICAGO MERCANTILE EXCHANGE,2007-01-30,70120,5915,-16720.0,-3677.0,116294,-11272.0,64205,-13043.0
AUSTRALIAN DOLLAR - CHICAGO MERCANTILE EXCHANGE,2007-02-06,70813,9568,693.0,3653.0,117781,1487.0,61245,-2960.0
AUSTRALIAN DOLLAR - CHICAGO MERCANTILE EXCHANGE,2007-02-13,69996,5128,-817.0,-4440.0,115145,-2636.0,64868,3623.0
AUSTRALIAN DOLLAR - CHICAGO MERCANTILE EXCHANGE,2007-02-20,76535,6918,6539.0,1790.0,123639,8494.0,69617,4749.0
AUSTRALIAN DOLLAR - CHICAGO MERCANTILE EXCHANGE,2007-02-27,92669,9594,16134.0,2676.0,140036,16397.0,83075,13458.0
AUSTRALIAN DOLLAR - CHICAGO MERCANTILE EXCHANGE,2007-03-06,45971,18961,-46698.0,9367.0,120959,-19077.0,27010,-56065.0
AUSTRALIAN DOLLAR - CHICAGO MERCANTILE EXCHANGE,2007-03-13,52719,4612,6748.0,-14349.0,132184,11225.0,48107,21097.0
AUSTRALIAN DOLLAR - CHICAGO MERCANTILE EXCHANGE,2007-03-20,71585,8420,18866.0,3808.0,104097,-28087.0,63165,15058.0
AUSTRALIAN DOLLAR - CHICAGO MERCANTILE EXCHANGE,2007-03-27,88508,7911,16923.0,-509.0,120220,16123.0,80597,17432.0
AUSTRALIAN DOLLAR - CHICAGO MERCANTILE EXCHANGE,2007-04-03,87803,5972,-705.0,-1939.0,121869,1649.0,81831,1234.0
AUSTRALIAN DOLLAR - CHICAGO MERCANTILE EXCHANGE,2007-04-10,80577,6222,-7226.0,250.0,117562,-4307.0,74355,-7476.0
AUSTRALIAN DOLLAR - CHICAGO MERCANTILE EXCHANGE,2007-04-17,88724,10407,8147.0,4185.0,123468,5906.0,78317,3962.0
AUSTRALIAN DOLLAR - CHICAGO MERCANTILE EXCHANGE,2007-04-24,85191,8714,-3533.0,-1693.0,123137,-331.0,76477,-1840.0
AUSTRALIAN DOLLAR - CHICAGO MERCANTILE EXCHANGE,2007-05-01,72663,8818,-12528.0,104.0,107911,-15226.0,63845,-12632.0
AUSTRALIAN DOLLAR - CHICAGO MERCANTILE EXCHANGE,2007-05-08,81980,8354,9317.0,-464.0,114679,6768.0,73626,9781.0
AUSTRALIAN DOLLAR - CHICAGO MERCANTILE EXCHANGE,2007-05-15,83700,8562,1720.0,208.0,114784,105.0,75138,1512.0
AUSTRALIAN DOLLAR - CHICAGO MERCANTILE EXCHANGE,2007-05-22,66861,19561,-16839.0,10999.0,103300,-11484.0,47300,-27838.0
AUSTRALIAN DOLLAR - CHICAGO MERCANTILE EXCHANGE,2007-05-29,61546,22208,-5315.0,2647.0,97790,-5510.0,39338,-7962.0
AUSTRALIAN DOLLAR - CHICAGO MERCANTILE EXCHANGE,2007-06-05,85106,7850,23560.0,-14358.0,122120,24330.0,77256,37918.0
AUSTRALIAN DOLLAR - CHICAGO MERCANTILE EXCHANGE,2007-06-12,90443,17069,5337.0,9219.0,157047,34927.0,73374,-3882.0
AUSTRALIAN DOLLAR - CHICAGO MERCANTILE EXCHANGE,2007-06-19,75187,9974,-15256.0,-7095.0,115118,-41929.0,65213,-8161.0
AUSTRALIAN DOLLAR - CHICAGO MERCANTILE EXCHANGE,2007-06-26,73314,6339,-1873.0,-3635.0,111504,-3614.0,66975,1762.0
AUSTRALIAN DOLLAR - CHICAGO MERCANTILE EXCHANGE,2007-07-03,68053,9956,-5261.0,3617.0,109147,-2357.0,58097,-8878.0
AUSTRALIAN DOLLAR - CHICAGO MERCANTILE EXCHANGE,2007-07-10,69945,4787,1892.0,-5169.0,110984,1837.0,65158,7061.0
AUSTRALIAN DOLLAR - CHICAGO MERCANTILE EXCHANGE,2007-07-17,78022,9766,8077.0,4979.0,120509,9525.0,68256,3098.0
AUSTRALIAN DOLLAR - CHICAGO MERCANTILE EXCHANGE,2007-07-24,75651,8808,-2371.0,-958.0,118608,-1901.0,66843,-1413.0
AUSTRALIAN DOLLAR - CHICAGO MERCANTILE EXCHANGE,2007-07-31,54254,18481,-21397.0,9673.0,108022,-10586.0,35773,-31070.0
AUSTRALIAN DOLLAR - CHICAGO MERCANTILE EXCHANGE,2007-08-07,52971,22252,-1283.0,3771.0,110617,2595.0,30719,-5054.0
AUSTRALIAN DOLLAR - CHICAGO MERCANTILE EXCHANGE,2007-08-14,42572,19252,-10399.0,-3000.0,105080,-5537.0,23320,-7399.0
AUSTRALIAN DOLLAR - CHICAGO MERCANTILE EXCHANGE,2007-08-21,24197,19221,-18375.0,-31.0,95901,-9179.0,4976,-18344.0
AUSTRALIAN DOLLAR - CHICAGO MERCANTILE EXCHANGE,2007-08-28,23209,11250,-988.0,-7971.0,96642,741.0,11959,6983.0
AUSTRALIAN DOLLAR - CHICAGO MERCANTILE EXCHANGE,2007-09-04,36282,9762,13073.0,-1488.0,103527,6885.0,26520,14561.0
AUSTRALIAN DOLLAR - CHICAGO MERCANTILE EXCHANGE,2007-09-11,39919,9472,3637.0,-290.0,106674,3147.0,30447,3927.0
AUSTRALIAN DOLLAR - CHICAGO MERCANTILE EXCHANGE,2007-09-18,34512,11396,-5407.0,1924.0,59950,-46724.0,23116,-7331.0
AUSTRALIAN DOLLAR - CHICAGO MERCANTILE EXCHANGE,2007-09-25,46504,7462,11992.0,-3934.0,74017,14067.0,39042,15926.0
AUSTRALIAN DOLLAR - CHICAGO MERCANTILE EXCHANGE,2007-10-02,66857,12225,20353.0,4763.0,97556,23539.0,54632,15590.0
AUSTRALIAN DOLLAR - CHICAGO MERCANTILE EXCHANGE,2007-10-09,61054,12003,-5803.0,-222.0,95293,-2263.0,49051,-5581.0
AUSTRALIAN DOLLAR - CHICAGO MERCANTILE EXCHANGE,2007-10-16,64754,9165,3700.0,-2838.0,96797,1504.0,55589,6538.0
AUSTRALIAN DOLLAR - CHICAGO MERCANTILE EXCHANGE,2007-10-23,51672,8019,-13082.0,-1146.0,85160,-11637.0,43653,-11936.0
AUSTRALIAN DOLLAR - CHICAGO MERCANTILE EXCHANGE,2007-10-30,54852,8830,3180.0,811.0,88532,3372.0,46022,2369.0
AUSTRALIAN DOLLAR - CHICAGO MERCANTILE EXCHANGE,2007-11-06,59911,9274,5059.0,444.0,93618,5086.0,50637,4615.0
AUSTRALIAN DOLLAR - CHICAGO MERCANTILE EXCHANGE,2007-11-13,38876,6048,-21035.0,-3226.0,78011,-15607.0,32828,-17809.0
AUSTRALIAN DOLLAR - CHICAGO MERCANTILE EXCHANGE,2007-11-20,35304,4808,-3572.0,-1240.0,70026,-7985.0,30496,-2332.0
AUSTRALIAN DOLLAR - CHICAGO MERCANTILE EXCHANGE,2007-11-27,30147,4493,-5157.0,-315.0,64572,-5454.0,25654,-4842.0
AUSTRALIAN DOLLAR - CHICAGO MERCANTILE EXCHANGE,2007-12-04,31152,7633,1005.0,3140.0,67940,3368.0,23519,-2135.0
AUSTRALIAN DOLLAR - CHICAGO MERCANTILE EXCHANGE,2007-12-11,36148,3183,4996.0,-4450.0,75747,7807.0,32965,9446.0
AUSTRALIAN DOLLAR - CHICAGO MERCANTILE EXCHANGE,2007-12-18,19365,8328,-16783.0,5145.0,54969,-20778.0,11037,-21928.0
AUSTRALIAN DOLLAR - CHICAGO MERCANTILE EXCHANGE,2007-12-24,24100,10560,4735.0,2232.0,57131,2162.0,13540,2503.0
AUSTRALIAN DOLLAR - CHICAGO MERCANTILE EXCHANGE,2007-12-31,26901,8877,2801.0,-1683.0,60423,3292.0,18024,4484.0
AUSTRALIAN DOLLAR - CHICAGO MERCANTILE EXCHANGE,2008-01-08,35947,12551,9046.0,3674.0,78398,17975.0,23396,5372.0
AUSTRALIAN DOLLAR - CHICAGO MERCANTILE EXCHANGE,2008-01-15,40712,15252,4765.0,2701.0,81641,3243.0,25460,2064.0
AUSTRALIAN DOLLAR - CHICAGO MERCANTILE EXCHANGE,2008-01-22,23779,18172,-16933.0,2920.0,68055,-13586.0,5607,-19853.0
AUSTRALIAN DOLLAR - CHICAGO MERCANTILE EXCHANGE,2008-01-29,29037,12728,5258.0,-5444.0,65613,-2442.0,16309,10702.0
AUSTRALIAN DOLLAR - CHICAGO MERCANTILE EXCHANGE,2008-02-05,45325,12428,16288.0,-300.0,73676,8063.0,32897,16588.0
AUSTRALIAN DOLLAR - CHICAGO MERCANTILE EXCHANGE,2008-02-12,53483,17615,8158.0,5187.0,86843,13167.0,35868,2971.0
AUSTRALIAN DOLLAR - CHICAGO MERCANTILE EXCHANGE,2008-02-19,58464,18044,4981.0,429.0,94144,7301.0,40420,4552.0
AUSTRALIAN DOLLAR - CHICAGO MERCANTILE EXCHANGE,2008-02-26,57201,20357,-1263.0,2313.0,94774,630.0,36844,-3576.0
AUSTRALIAN DOLLAR - CHICAGO MERCANTILE EXCHANGE,2008-03-04,55808,18422,-1393.0,-1935.0,90774,-4000.0,37386,542.0
AUSTRALIAN DOLLAR - CHICAGO MERCANTILE EXCHANGE,2008-03-11,47880,16188,-7928.0,-2234.0,93044,2270.0,31692,-5694.0
AUSTRALIAN DOLLAR - CHICAGO MERCANTILE EXCHANGE,2008-03-18,40625,5060,-7255.0,-11128.0,72466,-20578.0,35565,3873.0
AUSTRALIAN DOLLAR - CHICAGO MERCANTILE EXCHANGE,2008-03-25,40242,4622,-383.0,-438.0,71646,-820.0,35620,55.0
AUSTRALIAN DOLLAR - CHICAGO MERCANTILE EXCHANGE,2008-04-01,41035,4067,793.0,-555.0,72433,787.0,36968,1348.0
AUSTRALIAN DOLLAR - CHICAGO MERCANTILE EXCHANGE,2008-04-08,59685,7996,18650.0,3929.0,88174,15741.0,51689,14721.0
AUSTRALIAN DOLLAR - CHICAGO MERCANTILE EXCHANGE,2008-04-15,57536,12891,-2149.0,4895.0,90258,2084.0,44645,-7044.0
AUSTRALIAN DOLLAR - CHICAGO MERCANTILE EXCHANGE,2008-04-22,70348,11850,12812.0,-1041.0,101469,11211.0,58498,13853.0
AUSTRALIAN DOLLAR - CHICAGO MERCANTILE EXCHANGE,2008-04-29,60245,9780,-10103.0,-2070.0,96564,-4905.0,50465,-8033.0
AUSTRALIAN DOLLAR - CHICAGO MERCANTILE EXCHANGE,2008-05-06,75627,10206,15382.0,426.0,106209,9645.0,65421,14956.0
AUSTRALIAN DOLLAR - CHICAGO MERCANTILE EXCHANGE,2008-05-13,69793,12339,-5834.0,2133.0,101516,-4693.0,57454,-7967.0
AUSTRALIAN DOLLAR - CHICAGO MERCANTILE EXCHANGE,2008-05-20,72418,11117,2625.0,-1222.0,111047,9531.0,61301,3847.0
AUSTRALIAN DOLLAR - CHICAGO MERCANTILE EXCHANGE,2008-05-27,67200,9908,-5218.0,-1209.0,107884,-3163.0,57292,-4009.0
AUSTRALIAN DOLLAR - CHICAGO MERCANTILE EXCHANGE,2008-06-03,63673,10366,-3527.0,458.0,109056,1172.0,53307,-3985.0
AUSTRALIAN DOLLAR - CHICAGO MERCANTILE EXCHANGE,2008-06-10,57536,10039,-6137.0,-327.0,106214,-2842.0,47497,-5810.0
AUSTRALIAN DOLLAR - CHICAGO MERCANTILE EXCHANGE,2008-06-17,42536,5549,-15000.0,-4490.0,72514,-33700.0,36987,-10510.0
AUSTRALIAN DOLLAR - CHICAGO MERCANTILE EXCHANGE,2008-06-24,57267,7885,14731.0,2336.0,88918,16404.0,49382,12395.0
AUSTRALIAN DOLLAR - CHICAGO MERCANTILE EXCHANGE,2008-07-01,60912,9503,3645.0,1618.0,96429,7511.0,51409,2027.0
AUSTRALIAN DOLLAR - CHICAGO MERCANTILE EXCHANGE,2008-07-08,59766,10460,-1146.0,957.0,97165,736.0,49306,-2103.0
AUSTRALIAN DOLLAR - CHICAGO MERCANTILE EXCHANGE,2008-07-15,69126,13058,9360.0,2598.0,105902,8737.0,56068,6762.0
AUSTRALIAN DOLLAR - CHICAGO MERCANTILE EXCHANGE,2008-07-22,67105,13517,-2021.0,459.0,107776,1874.0,53588,-2480.0
AUSTRALIAN DOLLAR - CHICAGO MERCANTILE EXCHANGE,2008-07-29,40755,11836,-26350.0,-1681.0,85686,-22090.0,28919,-24669.0
AUSTRALIAN DOLLAR - CHICAGO MERCANTILE EXCHANGE,2008-08-05,33288,18541,-7467.0,6705.0,80980,-4706.0,14747,-14172.0
AUSTRALIAN DOLLAR - CHICAGO MERCANTILE EXCHANGE,2008-08-12,27714,18661,-5574.0,120.0,74805,-6175.0,9053,-5694.0
AUSTRALIAN DOLLAR - CHICAGO MERCANTILE EXCHANGE,2008-08-19,31016,25066,3302.0,6405.0,76367,1562.0,5950,-3103.0
AUSTRALIAN DOLLAR - CHICAGO MERCANTILE EXCHANGE,2008-08-26,31820,30443,804.0,5377.0,78479,2112.0,1377,-4573.0
AUSTRALIAN DOLLAR - CHICAGO MERCANTILE EXCHANGE,2008-09-02,33552,32041,1732.0,1598.0,84673,6194.0,1511,134.0
AUSTRALIAN DOLLAR - CHICAGO MERCANTILE EXCHANGE,2008-09-09,31792,30206,-1760.0,-1835.0,93898,9225.0,1586,75.0
AUSTRALIAN DOLLAR - CHICAGO MERCANTILE EXCHANGE,2008-09-16,8575,25601,-23217.0,-4605.0,53874,-40024.0,-17026,-18612.0
AUSTRALIAN DOLLAR - CHICAGO MERCANTILE EXCHANGE,2008-09-23,7759,27221,-816.0,1620.0,55072,1198.0,-19462,-2436.0
AUSTRALIAN DOLLAR - CHICAGO MERCANTILE EXCHANGE,2008-09-30,9103,23450,1344.0,-3771.0,53200,-1872.0,-14347,5115.0
AUSTRALIAN DOLLAR - CHICAGO MERCANTILE EXCHANGE,2008-10-07,9501,17848,398.0,-5602.0,54239,1039.0,-8347,6000.0
AUSTRALIAN DOLLAR - CHICAGO MERCANTILE EXCHANGE,2008-10-14,7511,14484,-1990.0,-3364.0,47396,-6843.0,-6973,1374.0
AUSTRALIAN DOLLAR - CHICAGO MERCANTILE EXCHANGE,2008-10-21,6711,13945,-800.0,-539.0,57785,10389.0,-7234,-261.0
AUSTRALIAN DOLLAR - CHICAGO MERCANTILE EXCHANGE,2008-10-28,8762,18581,2051.0,4636.0,72743,14958.0,-9819,-2585.0
AUSTRALIAN DOLLAR - CHICAGO MERCANTILE EXCHANGE,2008-11-04,10623,16136,1861.0,-2445.0,67219,-5524.0,-5513,4306.0
AUSTRALIAN DOLLAR - CHICAGO MERCANTILE EXCHANGE,2008-11-11,7314,15918,-3309.0,-218.0,65790,-1429.0,-8604,-3091.0
AUSTRALIAN DOLLAR - CHICAGO MERCANTILE EXCHANGE,2008-11-18,6661,12451,-653.0,-3467.0,63207,-2583.0,-5790,2814.0
AUSTRALIAN DOLLAR - CHICAGO MERCANTILE EXCHANGE,2008-11-25,6524,15148,-137.0,2697.0,69320,6113.0,-8624,-2834.0
AUSTRALIAN DOLLAR - CHICAGO MERCANTILE EXCHANGE,2008-12-02,6121,15999,-403.0,851.0,71412,2092.0,-9878,-1254.0
AUSTRALIAN DOLLAR - CHICAGO MERCANTILE EXCHANGE,2008-12-09,6463,10915,342.0,-5084.0,68074,-3338.0,-4452,5426.0
AUSTRALIAN DOLLAR - CHICAGO MERCANTILE EXCHANGE,2008-12-16,5922,10121,-541.0,-794.0,28784,-39290.0,-4199,253.0
AUSTRALIAN DOLLAR - CHICAGO MERCANTILE EXCHANGE,2008-12-22,10581,12017,4659.0,1896.0,32564,3780.0,-1436,2763.0
AUSTRALIAN DOLLAR - CHICAGO MERCANTILE EXCHANGE,2008-12-30,11209,11661,628.0,-356.0,33147,583.0,-452,984.0
AUSTRALIAN DOLLAR - CHICAGO MERCANTILE EXCHANGE,2009-01-06,12656,12061,1447.0,400.0,38208,5061.0,595,1047.0
AUSTRALIAN DOLLAR - CHICAGO MERCANTILE EXCHANGE,2009-01-13,10310,14786,-2346.0,2725.0,39676,1468.0,-4476,-5071.0
AUSTRALIAN DOLLAR - CHICAGO MERCANTILE EXCHANGE,2009-01-20,10971,17086,661.0,2300.0,45585,5909.0,-6115,-1639.0
AUSTRALIAN DOLLAR - CHICAGO MERCANTILE EXCHANGE,2009-01-27,12591,16006,1620.0,-1080.0,45177,-408.0,-3415,2700.0
AUSTRALIAN DOLLAR - CHICAGO MERCANTILE EXCHANGE,2009-02-03,12195,17314,-396.0,1308.0,48632,3455.0,-5119,-1704.0
AUSTRALIAN DOLLAR - CHICAGO MERCANTILE EXCHANGE,2009-02-10,9507,15355,-2688.0,-1959.0,44254,-4378.0,-5848,-729.0
AUSTRALIAN DOLLAR - CHICAGO MERCANTILE EXCHANGE,2009-02-17,10183,17473,676.0,2118.0,48452,4198.0,-7290,-1442.0
AUSTRALIAN DOLLAR - CHICAGO MERCANTILE EXCHANGE,2009-02-24,9908,15491,-275.0,-1982.0,45886,-2566.0,-5583,1707.0
AUSTRALIAN DOLLAR - CHICAGO MERCANTILE EXCHANGE,2009-03-03,12386,15172,2478.0,-319.0,49180,3294.0,-2786,2797.0
AUSTRALIAN DOLLAR - CHICAGO MERCANTILE EXCHANGE,2009-03-10,11649,15594,-737.0,422.0,68898,19718.0,-3945,-1159.0
AUSTRALIAN DOLLAR - CHICAGO MERCANTILE EXCHANGE,2009-03-17,14926,15345,3277.0,-249.0,50497,-18401.0,-419,3526.0
AUSTRALIAN DOLLAR - CHICAGO MERCANTILE EXCHANGE,2009-03-24,22254,13841,7328.0,-1504.0,58361,7864.0,8413,8832.0
AUSTRALIAN DOLLAR - CHICAGO MERCANTILE EXCHANGE,2009-03-31,24594,13307,2340.0,-534.0,63184,4823.0,11287,2874.0
AUSTRALIAN DOLLAR - CHICAGO MERCANTILE EXCHANGE,2009-04-07,28880,10764,4286.0,-2543.0,70500,7316.0,18116,6829.0
AUSTRALIAN DOLLAR - CHICAGO MERCANTILE EXCHANGE,2009-04-14,31641,10852,2761.0,88.0,74516,4016.0,20789,2673.0
AUSTRALIAN DOLLAR - CHICAGO MERCANTILE EXCHANGE,2009-04-21,25840,8590,-5801.0,-2262.0,69568,-4948.0,17250,-3539.0
AUSTRALIAN DOLLAR - CHICAGO MERCANTILE EXCHANGE,2009-04-28,25748,9056,-92.0,466.0,69683,115.0,16692,-558.0
AUSTRALIAN DOLLAR - CHICAGO MERCANTILE EXCHANGE,2009-05-05,34186,11122,8438.0,2066.0,79209,9526.0,23064,6372.0
AUSTRALIAN DOLLAR - CHICAGO MERCANTILE EXCHANGE,2009-05-12,39484,11253,5298.0,131.0,84347,5138.0,28231,5167.0
AUSTRALIAN DOLLAR - CHICAGO MERCANTILE EXCHANGE,2009-05-19,38275,8980,-1209.0,-2273.0,85069,722.0,29295,1064.0
AUSTRALIAN DOLLAR - CHICAGO MERCANTILE EXCHANGE,2009-05-26,41658,9189,3383.0,209.0,90037,4968.0,32469,3174.0
AUSTRALIAN DOLLAR - CHICAGO MERCANTILE EXCHANGE,2009-06-02,42095,11351,437.0,2162.0,92940,2903.0,30744,-1725.0
AUSTRALIAN DOLLAR - CHICAGO MERCANTILE EXCHANGE,2009-06-09,40966,9083,-1129.0,-2268.0,107627,14687.0,31883,1139.0
AUSTRALIAN DOLLAR - CHICAGO MERCANTILE EXCHANGE,2009-06-16,41233,9030,267.0,-53.0,73219,-34408.0,32203,320.0
AUSTRALIAN DOLLAR - CHICAGO MERCANTILE EXCHANGE,2009-06-23,39780,10412,-1453.0,1382.0,77430,4211.0,29368,-2835.0
AUSTRALIAN DOLLAR - CHICAGO MERCANTILE EXCHANGE,2009-06-30,46348,11358,6568.0,946.0,91416,13986.0,34990,5622.0
AUSTRALIAN DOLLAR - CHICAGO MERCANTILE EXCHANGE,2009-07-07,44542,12656,-1806.0,1298.0,86620,-4796.0,31886,-3104.0
AUSTRALIAN DOLLAR - CHICAGO MERCANTILE EXCHANGE,2009-07-14,42301,16708,-2241.0,4052.0,87807,1187.0,25593,-6293.0
AUSTRALIAN DOLLAR - CHICAGO MERCANTILE EXCHANGE,2009-07-21,51052,12264,8751.0,-4444.0,98479,10672.0,38788,13195.0
AUSTRALIAN DOLLAR - CHICAGO MERCANTILE EXCHANGE,2009-07-28,53877,10382,2825.0,-1882.0,103394,4915.0,43495,4707.0
AUSTRALIAN DOLLAR - CHICAGO MERCANTILE EXCHANGE,2009-08-04,56300,9890,2423.0,-492.0,106512,3118.0,46410,2915.0
AUSTRALIAN DOLLAR - CHICAGO MERCANTILE EXCHANGE,2009-08-11,57276,8430,976.0,-1460.0,106896,384.0,48846,2436.0
AUSTRALIAN DOLLAR - CHICAGO MERCANTILE EXCHANGE,2009-08-18,51792,7672,-5484.0,-758.0,101123,-5773.0,44120,-4726.0
AUSTRALIAN DOLLAR - CHICAGO MERCANTILE EXCHANGE,2009-08-25,55340,7053,3548.0,-619.0,106751,5628.0,48287,4167.0
AUSTRALIAN DOLLAR - CHICAGO MERCANTILE EXCHANGE,2009-09-01,51967,10031,-3373.0,2978.0,102915,-3836.0,41936,-6351.0
AUSTRALIAN DOLLAR - CHICAGO MERCANTILE EXCHANGE,2009-09-08,54829,6445,2862.0,-3586.0,114028,11113.0,48384,6448.0
AUSTRALIAN DOLLAR - CHICAGO MERCANTILE EXCHANGE,2009-09-15,58173,9572,3344.0,3127.0,104312,-9716.0,48601,217.0
AUSTRALIAN DOLLAR - CHICAGO MERCANTILE EXCHANGE,2009-09-22,61001,9477,2828.0,-95.0,109900,5588.0,51524,2923.0
AUSTRALIAN DOLLAR - CHICAGO MERCANTILE EXCHANGE,2009-09-29,55700,8002,-5301.0,-1475.0,104250,-5650.0,47698,-3826.0
AUSTRALIAN DOLLAR - CHICAGO MERCANTILE EXCHANGE,2009-10-06,58029,7864,2329.0,-138.0,110359,6109.0,50165,2467.0
AUSTRALIAN DOLLAR - CHICAGO MERCANTILE EXCHANGE,2009-10-13,59930,7283,1901.0,-581.0,119675,9316.0,52647,2482.0
AUSTRALIAN DOLLAR - CHICAGO MERCANTILE EXCHANGE,2009-10-20,62429,8439,2499.0,1156.0,120590,915.0,53990,1343.0
AUSTRALIAN DOLLAR - CHICAGO MERCANTILE EXCHANGE,2009-10-27,59128,6241,-3301.0,-2198.0,115342,-5248.0,52887,-1103.0
AUSTRALIAN DOLLAR - CHICAGO MERCANTILE EXCHANGE,2009-11-03,55825,5442,-3303.0,-799.0,114518,-824.0,50383,-2504.0
AUSTRALIAN DOLLAR - CHICAGO MERCANTILE EXCHANGE,2009-11-09,54402,6968,-1423.0,1526.0,111424,-3094.0,47434,-2949.0
AUSTRALIAN DOLLAR - CHICAGO MERCANTILE EXCHANGE,2009-11-17,60635,13747,6233.0,6779.0,124030,12606.0,46888,-546.0
AUSTRALIAN DOLLAR - CHICAGO MERCANTILE EXCHANGE,2009-11-24,53743,10179,-6892.0,-3568.0,118766,-5264.0,43564,-3324.0
AUSTRALIAN DOLLAR - CHICAGO MERCANTILE EXCHANGE,2009-12-01,55415,6977,1672.0,-3202.0,118047,-719.0,48438,4874.0
AUSTRALIAN DOLLAR - CHICAGO MERCANTILE EXCHANGE,2009-12-08,50719,4037,-4696.0,-2940.0,125262,7215.0,46682,-1756.0
AUSTRALIAN DOLLAR - CHICAGO MERCANTILE EXCHANGE,2009-12-15,54757,13774,4038.0,9737.0,101906,-23356.0,40983,-5699.0
AUSTRALIAN DOLLAR - CHICAGO MERCANTILE EXCHANGE,2009-12-22,48769,16344,-5988.0,2570.0,94188,-7718.0,32425,-8558.0
AUSTRALIAN DOLLAR - CHICAGO MERCANTILE EXCHANGE,2009-12-29,53603,17072,4834.0,728.0,98465,4277.0,36531,4106.0
AUSTRALIAN DOLLAR - CHICAGO MERCANTILE EXCHANGE,2010-01-05,62114,15006,8511.0,-2066.0,108728,10263.0,47108,10577.0
AUSTRALIAN DOLLAR - CHICAGO MERCANTILE EXCHANGE,2010-01-12,73240,13888,11126.0,-1118.0,126970,18242.0,59352,12244.0
AUSTRALIAN DOLLAR - CHICAGO MERCANTILE EXCHANGE,2010-01-19,77331,14480,4091.0,592.0,133086,6116.0,62851,3499.0
AUSTRALIAN DOLLAR - CHICAGO MERCANTILE EXCHANGE,2010-01-26,61097,15779,-16234.0,1299.0,112867,-20219.0,45318,-17533.0
AUSTRALIAN DOLLAR - CHICAGO MERCANTILE EXCHANGE,2010-02-02,46531,13260,-14566.0,-2519.0,98426,-14441.0,33271,-12047.0
AUSTRALIAN DOLLAR - CHICAGO MERCANTILE EXCHANGE,2010-02-09,44346,16740,-2185.0,3480.0,99643,1217.0,27606,-5665.0
AUSTRALIAN DOLLAR - CHICAGO MERCANTILE EXCHANGE,2010-02-16,43315,16312,-1031.0,-428.0,98449,-1194.0,27003,-603.0
AUSTRALIAN DOLLAR - CHICAGO MERCANTILE EXCHANGE,2010-02-23,51882,12890,8567.0,-3422.0,108320,9871.0,38992,11989.0
AUSTRALIAN DOLLAR - CHICAGO MERCANTILE EXCHANGE,2010-03-02,59106,10345,7224.0,-2545.0,116667,8347.0,48761,9769.0
AUSTRALIAN DOLLAR - CHICAGO MERCANTILE EXCHANGE,2010-03-09,69885,8600,10779.0,-1745.0,130808,14141.0,61285,12524.0
AUSTRALIAN DOLLAR - CHICAGO MERCANTILE EXCHANGE,2010-03-16,73747,10253,3862.0,1653.0,126301,-4507.0,63494,2209.0
AUSTRALIAN DOLLAR - CHICAGO MERCANTILE EXCHANGE,2010-03-23,84248,9909,10501.0,-344.0,142413,16112.0,74339,10845.0
AUSTRALIAN DOLLAR - CHICAGO MERCANTILE EXCHANGE,2010-03-30,79698,10358,-4550.0,449.0,142815,402.0,69340,-4999.0
AUSTRALIAN DOLLAR - CHICAGO MERCANTILE EXCHANGE,2010-04-06,84060,10862,4362.0,504.0,151605,8790.0,73198,3858.0
AUSTRALIAN DOLLAR - CHICAGO MERCANTILE EXCHANGE,2010-04-13,88635,7961,4575.0,-2901.0,154014,2409.0,80674,7476.0
AUSTRALIAN DOLLAR - CHICAGO MERCANTILE EXCHANGE,2010-04-20,87169,8265,-1466.0,304.0,154367,353.0,78904,-1770.0
AUSTRALIAN DOLLAR - CHICAGO MERCANTILE EXCHANGE,2010-04-27,75357,9289,-11812.0,1024.0,140472,-13895.0,66068,-12836.0
AUSTRALIAN DOLLAR - CHICAGO MERCANTILE EXCHANGE,2010-05-04,68196,11214,-7161.0,1925.0,136437,-4035.0,56982,-9086.0
AUSTRALIAN DOLLAR - CHICAGO MERCANTILE EXCHANGE,2010-05-11,56155,6957,-12041.0,-4257.0,115269,-21168.0,49198,-7784.0
AUSTRALIAN DOLLAR - CHICAGO MERCANTILE EXCHANGE,2010-05-18,50564,12184,-5591.0,5227.0,113271,-1998.0,38380,-10818.0
AUSTRALIAN DOLLAR - CHICAGO MERCANTILE EXCHANGE,2010-05-25,39367,19844,-11197.0,7660.0,106473,-6798.0,19523,-18857.0
AUSTRALIAN DOLLAR - CHICAGO MERCANTILE EXCHANGE,2010-06-01,37021,21976,-2346.0,2132.0,110772,4299.0,15045,-4478.0
AUSTRALIAN DOLLAR - CHICAGO MERCANTILE EXCHANGE,2010-06-08,29746,21311,-7275.0,-665.0,108956,-1816.0,8435,-6610.0
AUSTRALIAN DOLLAR - CHICAGO MERCANTILE EXCHANGE,2010-06-15,27729,15323,-2017.0,-5988.0,57653,-51303.0,12406,3971.0
AUSTRALIAN DOLLAR - CHICAGO MERCANTILE EXCHANGE,2010-06-22,29809,18003,2080.0,2680.0,60340,2687.0,11806,-600.0
AUSTRALIAN DOLLAR - CHICAGO MERCANTILE EXCHANGE,2010-06-29,28105,15251,-1704.0,-2752.0,59657,-683.0,12854,1048.0
AUSTRALIAN DOLLAR - CHICAGO MERCANTILE EXCHANGE,2010-07-06,25885,18639,-2220.0,3388.0,64872,5215.0,7246,-5608.0
AUSTRALIAN DOLLAR - CHICAGO MERCANTILE EXCHANGE,2010-07-13,35209,11729,9324.0,-6910.0,68482,3610.0,23480,16234.0
AUSTRALIAN DOLLAR - CHICAGO MERCANTILE EXCHANGE,2010-07-20,45253,12367,10044.0,638.0,80302,11820.0,32886,9406.0
AUSTRALIAN DOLLAR - CHICAGO MERCANTILE EXCHANGE,2010-07-27,51282,10749,6029.0,-1618.0,89389,9087.0,40533,7647.0
AUSTRALIAN DOLLAR - CHICAGO MERCANTILE EXCHANGE,2010-08-03,62096,13381,10814.0,2632.0,99149,9760.0,48715,8182.0
AUSTRALIAN DOLLAR - CHICAGO MERCANTILE EXCHANGE,2010-08-10,68353,13983,6257.0,602.0,114049,14900.0,54370,5655.0
AUSTRALIAN DOLLAR - CHICAGO MERCANTILE EXCHANGE,2010-08-17,71020,13323,2667.0,-660.0,120329,6280.0,57697,3327.0
AUSTRALIAN DOLLAR - CHICAGO MERCANTILE EXCHANGE,2010-08-24,58462,11445,-12558.0,-1878.0,107434,-12895.0,47017,-10680.0
AUSTRALIAN DOLLAR - CHICAGO MERCANTILE EXCHANGE,2010-08-31,54261,10453,-4201.0,-992.0,102439,-4995.0,43808,-3209.0
AUSTRALIAN DOLLAR - CHICAGO MERCANTILE EXCHANGE,2010-09-07,69700,12734,15439.0,2281.0,128346,25907.0,56966,13158.0
AUSTRALIAN DOLLAR - CHICAGO MERCANTILE EXCHANGE,2010-09-14,74076,17407,4376.0,4673.0,120308,-8038.0,56669,-297.0
AUSTRALIAN DOLLAR - CHICAGO MERCANTILE EXCHANGE,2010-09-21,77944,13620,3868.0,-3787.0,129713,9405.0,64324,7655.0
AUSTRALIAN DOLLAR - CHICAGO MERCANTILE EXCHANGE,2010-09-28,81419,11886,3475.0,-1734.0,137646,7933.0,69533,5209.0
AUSTRALIAN DOLLAR - CHICAGO MERCANTILE EXCHANGE,2010-10-05,81871,12835,452.0,949.0,139447,1801.0,69036,-497.0
AUSTRALIAN DOLLAR - CHICAGO MERCANTILE EXCHANGE,2010-10-12,79697,12006,-2174.0,-829.0,138537,-910.0,67691,-1345.0
AUSTRALIAN DOLLAR - CHICAGO MERCANTILE EXCHANGE,2010-10-19,71661,12480,-8036.0,474.0,133257,-5280.0,59181,-8510.0
AUSTRALIAN DOLLAR - CHICAGO MERCANTILE EXCHANGE,2010-10-26,67433,12318,-4228.0,-162.0,128470,-4787.0,55115,-4066.0
AUSTRALIAN DOLLAR - CHICAGO MERCANTILE EXCHANGE,2010-11-02,66821,15641,-612.0,3323.0,125968,-2502.0,51180,-3935.0
AUSTRALIAN DOLLAR - CHICAGO MERCANTILE EXCHANGE,2010-11-09,62983,15367,-3838.0,-274.0,130206,4238.0,47616,-3564.0
AUSTRALIAN DOLLAR - CHICAGO MERCANTILE EXCHANGE,2010-11-16,52462,16260,-10521.0,893.0,121110,-9096.0,36202,-11414.0
AUSTRALIAN DOLLAR - CHICAGO MERCANTILE EXCHANGE,2010-11-23,46935,18464,-5527.0,2204.0,117998,-3112.0,28471,-7731.0
AUSTRALIAN DOLLAR - CHICAGO MERCANTILE EXCHANGE,2010-11-30,44794,18151,-2141.0,-313.0,117302,-696.0,26643,-1828.0
AUSTRALIAN DOLLAR - CHICAGO MERCANTILE EXCHANGE,2010-12-07,53550,10198,8756.0,-7953.0,127012,9710.0,43352,16709.0
AUSTRALIAN DOLLAR - CHICAGO MERCANTILE EXCHANGE,2010-12-14,62670,8892,9120.0,-1306.0,113584,-13428.0,53778,10426.0
AUSTRALIAN DOLLAR - CHICAGO MERCANTILE EXCHANGE,2010-12-21,69875,9325,7205.0,433.0,115007,1423.0,60550,6772.0
AUSTRALIAN DOLLAR - CHICAGO MERCANTILE EXCHANGE,2010-12-28,76857,12541,6982.0,3216.0,124005,8998.0,64316,3766.0
AUSTRALIAN DOLLAR - CHICAGO MERCANTILE EXCHANGE,2011-01-04,75056,12543,-1801.0,2.0,121562,-2443.0,62513,-1803.0
AUSTRALIAN DOLLAR - CHICAGO MERCANTILE EXCHANGE,2011-01-11,64837,11340,-10219.0,-1203.0,113920,-7642.0,53497,-9016.0
AUSTRALIAN DOLLAR - CHICAGO MERCANTILE EXCHANGE,2011-01-18,63811,10303,-1026.0,-1037.0,114314,394.0,53508,11.0
AUSTRALIAN DOLLAR - CHICAGO MERCANTILE EXCHANGE,2011-01-25,59185,13727,-4626.0,3424.0,113570,-744.0,45458,-8050.0
AUSTRALIAN DOLLAR - CHICAGO MERCANTILE EXCHANGE,2011-02-01,71144,11067,11959.0,-2660.0,120991,7421.0,60077,14619.0
AUSTRALIAN DOLLAR - CHICAGO MERCANTILE EXCHANGE,2011-02-08,85741,13762,14597.0,2695.0,135334,14343.0,71979,11902.0
AUSTRALIAN DOLLAR - CHICAGO MERCANTILE EXCHANGE,2011-02-15,70847,5333,-14894.0,-8429.0,122473,-12861.0,65514,-6465.0
AUSTRALIAN DOLLAR - CHICAGO MERCANTILE EXCHANGE,2011-02-22,72726,6662,1879.0,1329.0,125341,2868.0,66064,550.0
AUSTRALIAN DOLLAR - CHICAGO MERCANTILE EXCHANGE,2011-03-01,80398,8545,7672.0,1883.0,135527,10186.0,71853,5789.0
AUSTRALIAN DOLLAR - CHICAGO MERCANTILE EXCHANGE,2011-03-08,80756,7061,358.0,-1484.0,152865,17338.0,73695,1842.0
AUSTRALIAN DOLLAR - CHICAGO MERCANTILE EXCHANGE,2011-03-15,56352,8401,-24404.0,1340.0,100326,-52539.0,47951,-25744.0
AUSTRALIAN DOLLAR - CHICAGO MERCANTILE EXCHANGE,2011-03-22,59626,7892,3274.0,-509.0,101180,854.0,51734,3783.0
AUSTRALIAN DOLLAR - CHICAGO MERCANTILE EXCHANGE,2011-03-29,91791,6226,32165.0,-1666.0,138638,37458.0,85565,33831.0
AUSTRALIAN DOLLAR - CHICAGO MERCANTILE EXCHANGE,2011-04-05,99390,8452,7599.0,2226.0,146108,7470.0,90938,5373.0
AUSTRALIAN DOLLAR - CHICAGO MERCANTILE EXCHANGE,2011-04-12,97153,6502,-2237.0,-1950.0,149033,2925.0,90651,-287.0
AUSTRALIAN DOLLAR - CHICAGO MERCANTILE EXCHANGE,2011-04-19,91589,6628,-5564.0,126.0,143732,-5301.0,84961,-5690.0
AUSTRALIAN DOLLAR - CHICAGO MERCANTILE EXCHANGE,2011-04-26,88675,7808,-2914.0,1180.0,143468,-264.0,80867,-4094.0
AUSTRALIAN DOLLAR - CHICAGO MERCANTILE EXCHANGE,2011-05-03,87326,13905,-1349.0,6097.0,142328,-1140.0,73421,-7446.0
AUSTRALIAN DOLLAR - CHICAGO MERCANTILE EXCHANGE,2011-05-10,72871,12550,-14455.0,-1355.0,128314,-14014.0,60321,-13100.0
AUSTRALIAN DOLLAR - CHICAGO MERCANTILE EXCHANGE,2011-05-17,61179,10260,-11692.0,-2290.0,115090,-13224.0,50919,-9402.0
AUSTRALIAN DOLLAR - CHICAGO MERCANTILE EXCHANGE,2011-05-24,63002,9959,1823.0,-301.0,110968,-4122.0,53043,2124.0
AUSTRALIAN DOLLAR - CHICAGO MERCANTILE EXCHANGE,2011-05-31,72030,12015,9028.0,2056.0,117502,6534.0,60015,6972.0
AUSTRALIAN DOLLAR - CHICAGO MERCANTILE EXCHANGE,2011-06-07,78547,13342,6517.0,1327.0,145346,27844.0,65205,5190.0
AUSTRALIAN DOLLAR - CHICAGO MERCANTILE EXCHANGE,2011-06-14,79616,11946,1069.0,-1396.0,115119,-30227.0,67670,2465.0
AUSTRALIAN DOLLAR - CHICAGO MERCANTILE EXCHANGE,2011-06-21,66796,12225,-12820.0,279.0,100079,-15040.0,54571,-13099.0
AUSTRALIAN DOLLAR - CHICAGO MERCANTILE EXCHANGE,2011-06-28,58957,12060,-7839.0,-165.0,93784,-6295.0,46897,-7674.0
AUSTRALIAN DOLLAR - CHICAGO MERCANTILE EXCHANGE,2011-07-05,82079,18743,23122.0,6683.0,121626,27842.0,63336,16439.0
AUSTRALIAN DOLLAR - CHICAGO MERCANTILE EXCHANGE,2011-07-12,81258,13635,-821.0,-5108.0,120703,-923.0,67623,4287.0
AUSTRALIAN DOLLAR - CHICAGO MERCANTILE EXCHANGE,2011-07-19,90221,12426,8963.0,-1209.0,128712,8009.0,77795,10172.0
AUSTRALIAN DOLLAR - CHICAGO MERCANTILE EXCHANGE,2011-07-26,92174,10736,1953.0,-1690.0,135764,7052.0,81438,3643.0
AUSTRALIAN DOLLAR - CHICAGO MERCANTILE EXCHANGE,2011-08-02,91352,15754,-822.0,5018.0,133930,-1834.0,75598,-5840.0
AUSTRALIAN DOLLAR - CHICAGO MERCANTILE EXCHANGE,2011-08-09,40840,11824,-50512.0,-3930.0,104527,-29403.0,29016,-46582.0
AUSTRALIAN DOLLAR - CHICAGO MERCANTILE EXCHANGE,2011-08-16,41286,11563,446.0,-261.0,103162,-1365.0,29723,707.0
AUSTRALIAN DOLLAR - CHICAGO MERCANTILE EXCHANGE,2011-08-23,50917,7343,9631.0,-4220.0,112068,8906.0,43574,13851.0
AUSTRALIAN DOLLAR - CHICAGO MERCANTILE EXCHANGE,2011-08-30,60605,13036,9688.0,5693.0,120394,8326.0,47569,3995.0
AUSTRALIAN DOLLAR - CHICAGO MERCANTILE EXCHANGE,2011-09-06,62247,14206,1642.0,1170.0,131598,11204.0,48041,472.0
AUSTRALIAN DOLLAR - CHICAGO MERCANTILE EXCHANGE,2011-09-13,50014,13080,-12233.0,-1126.0,125386,-6212.0,36934,-11107.0
AUSTRALIAN DOLLAR - CHICAGO MERCANTILE EXCHANGE,2011-09-20,39049,15954,-10965.0,2874.0,78616,-46770.0,23095,-13839.0
AUSTRALIAN DOLLAR - CHICAGO MERCANTILE EXCHANGE,2011-09-27,29422,24255,-9627.0,8301.0,82580,3964.0,5167,-17928.0
AUSTRALIAN DOLLAR - CHICAGO MERCANTILE EXCHANGE,2011-10-04,35937,23026,6515.0,-1229.0,100016,17436.0,12911,7744.0
AUSTRALIAN DOLLAR - CHICAGO MERCANTILE EXCHANGE,2011-10-11,37196,26443,1259.0,3417.0,118182,18166.0,10753,-2158.0
AUSTRALIAN DOLLAR - CHICAGO MERCANTILE EXCHANGE,2011-10-18,41395,21042,4199.0,-5401.0,121691,3509.0,20353,9600.0
AUSTRALIAN DOLLAR - CHICAGO MERCANTILE EXCHANGE,2011-10-25,45831,22760,4436.0,1718.0,126816,5125.0,23071,2718.0
AUSTRALIAN DOLLAR - CHICAGO MERCANTILE EXCHANGE,2011-11-01,56797,30931,10966.0,8171.0,139057,12241.0,25866,2795.0
AUSTRALIAN DOLLAR - CHICAGO MERCANTILE EXCHANGE,2011-11-08,64485,37469,7688.0,6538.0,147684,8627.0,27016,1150.0
AUSTRALIAN DOLLAR - CHICAGO MERCANTILE EXCHANGE,2011-11-15,57352,33022,-7133.0,-4447.0,136465,-11219.0,24330,-2686.0
AUSTRALIAN DOLLAR - CHICAGO MERCANTILE EXCHANGE,2011-11-22,43450,25490,-13902.0,-7532.0,128192,-8273.0,17960,-6370.0
AUSTRALIAN DOLLAR - CHICAGO MERCANTILE EXCHANGE,2011-11-29,34307,21765,-9143.0,-3725.0,124760,-3432.0,12542,-5418.0
AUSTRALIAN DOLLAR - CHICAGO MERCANTILE EXCHANGE,2011-12-06,53653,23829,19346.0,2064.0,142807,18047.0,29824,17282.0
AUSTRALIAN DOLLAR - CHICAGO MERCANTILE EXCHANGE,2011-12-13,60132,25703,6479.0,1874.0,153296,10489.0,34429,4605.0
AUSTRALIAN DOLLAR - CHICAGO MERCANTILE EXCHANGE,2011-12-20,52047,26305,-8085.0,602.0,104817,-48479.0,25742,-8687.0
AUSTRALIAN DOLLAR - CHICAGO MERCANTILE EXCHANGE,2011-12-27,60302,27665,8255.0,1360.0,111210,6393.0,32637,6895.0
AUSTRALIAN DOLLAR - CHICAGO MERCANTILE EXCHANGE,2012-01-03,70268,23731,9966.0,-3934.0,117247,6037.0,46537,13900.0
AUSTRALIAN DOLLAR - CHICAGO MERCANTILE EXCHANGE,2012-01-10,78721,25195,8453.0,1464.0,125914,8667.0,53526,6989.0
AUSTRALIAN DOLLAR - CHICAGO MERCANTILE EXCHANGE,2012-01-17,83346,29040,4625.0,3845.0,135321,9407.0,54306,780.0
AUSTRALIAN DOLLAR - CHICAGO MERCANTILE EXCHANGE,2012-01-24,90943,21457,7597.0,-7583.0,139724,4403.0,69486,15180.0
AUSTRALIAN DOLLAR - CHICAGO MERCANTILE EXCHANGE,2012-01-31,97471,19427,6528.0,-2030.0,150115,10391.0,78044,8558.0
AUSTRALIAN DOLLAR - CHICAGO MERCANTILE EXCHANGE,2012-02-07,94332,19237,-3139.0,-190.0,148879,-1236.0,75095,-2949.0
AUSTRALIAN DOLLAR - CHICAGO MERCANTILE EXCHANGE,2012-02-14,93866,20125,-466.0,888.0,151885,3006.0,73741,-1354.0
AUSTRALIAN DOLLAR - CHICAGO MERCANTILE EXCHANGE,2012-02-21,92233,17533,-1633.0,-2592.0,149840,-2045.0,74700,959.0
AUSTRALIAN DOLLAR - CHICAGO MERCANTILE EXCHANGE,2012-02-28,103665,25464,11432.0,7931.0,161219,11379.0,78201,3501.0
AUSTRALIAN DOLLAR - CHICAGO MERCANTILE EXCHANGE,2012-03-06,96358,34638,-7307.0,9174.0,164007,2788.0,61720,-16481.0
AUSTRALIAN DOLLAR - CHICAGO MERCANTILE EXCHANGE,2012-03-13,98469,31713,2111.0,-2925.0,200719,36712.0,66756,5036.0
AUSTRALIAN DOLLAR - CHICAGO MERCANTILE EXCHANGE,2012-03-20,97025,51834,-1444.0,20121.0,160387,-40332.0,45191,-21565.0
AUSTRALIAN DOLLAR - CHICAGO MERCANTILE EXCHANGE,2012-03-27,91615,32041,-5410.0,-19793.0,147373,-13014.0,59574,14383.0
AUSTRALIAN DOLLAR - CHICAGO MERCANTILE EXCHANGE,2012-04-03,85990,36671,-5625.0,4630.0,151825,4452.0,49319,-10255.0
AUSTRALIAN DOLLAR - CHICAGO MERCANTILE EXCHANGE,2012-04-10,79806,40377,-6184.0,3706.0,154070,2245.0,39429,-9890.0
AUSTRALIAN DOLLAR - CHICAGO MERCANTILE EXCHANGE,2012-04-17,83830,35409,4024.0,-4968.0,148796,-5274.0,48421,8992.0
AUSTRALIAN DOLLAR - CHICAGO MERCANTILE EXCHANGE,2012-04-24,80597,34556,-3233.0,-853.0,146739,-2057.0,46041,-2380.0
AUSTRALIAN DOLLAR - CHICAGO MERCANTILE EXCHANGE,2012-05-01,88649,36369,8052.0,1813.0,147749,1010.0,52280,6239.0
AUSTRALIAN DOLLAR - CHICAGO MERCANTILE EXCHANGE,2012-05-08,72145,47041,-16504.0,10672.0,152108,4359.0,25104,-27176.0
AUSTRALIAN DOLLAR - CHICAGO MERCANTILE EXCHANGE,2012-05-15,51066,46332,-21079.0,-709.0,144001,-8107.0,4734,-20370.0
AUSTRALIAN DOLLAR - CHICAGO MERCANTILE EXCHANGE,2012-05-22,29999,46897,-21067.0,565.0,139963,-4038.0,-16898,-21632.0
AUSTRALIAN DOLLAR - CHICAGO MERCANTILE EXCHANGE,2012-05-29,14788,50315,-15211.0,3418.0,142616,2653.0,-35527,-18629.0
AUSTRALIAN DOLLAR - CHICAGO MERCANTILE EXCHANGE,2012-06-05,12579,63751,-2209.0,13436.0,158833,16217.0,-51172,-15645.0
AUSTRALIAN DOLLAR - CHICAGO MERCANTILE EXCHANGE,2012-06-12,21189,66648,8610.0,2897.0,195475,36642.0,-45459,5713.0
AUSTRALIAN DOLLAR - CHICAGO MERCANTILE EXCHANGE,2012-06-19,41121,44579,19932.0,-22069.0,130234,-65241.0,-3458,42001.0
AUSTRALIAN DOLLAR - CHICAGO MERCANTILE EXCHANGE,2012-06-26,40023,42182,-1098.0,-2397.0,122384,-7850.0,-2159,1299.0
AUSTRALIAN DOLLAR - CHICAGO MERCANTILE EXCHANGE,2012-07-03,50125,40777,10102.0,-1405.0,125706,3322.0,9348,11507.0
AUSTRALIAN DOLLAR - CHICAGO MERCANTILE EXCHANGE,2012-07-10,54718,35653,4593.0,-5124.0,121235,-4471.0,19065,9717.0
AUSTRALIAN DOLLAR - CHICAGO MERCANTILE EXCHANGE,2012-07-17,50981,37050,-3737.0,1397.0,122934,1699.0,13931,-5134.0
AUSTRALIAN DOLLAR - CHICAGO MERCANTILE EXCHANGE,2012-07-24,66740,40297,15759.0,3247.0,131295,8361.0,26443,12512.0
AUSTRALIAN DOLLAR - CHICAGO MERCANTILE EXCHANGE,2012-07-31,79895,42660,13155.0,2363.0,144498,13203.0,37235,10792.0
AUSTRALIAN DOLLAR - CHICAGO MERCANTILE EXCHANGE,2012-08-07,94635,41741,14740.0,-919.0,162436,17938.0,52894,15659.0
AUSTRALIAN DOLLAR - CHICAGO MERCANTILE EXCHANGE,2012-08-14,109875,43196,15240.0,1455.0,176287,13851.0,66679,13785.0
AUSTRALIAN DOLLAR - CHICAGO MERCANTILE EXCHANGE,2012-08-21,127500,40618,17625.0,-2578.0,195293,19006.0,86882,20203.0
AUSTRALIAN DOLLAR - CHICAGO MERCANTILE EXCHANGE,2012-08-28,124137,46065,-3363.0,5447.0,190631,-4662.0,78072,-8810.0
AUSTRALIAN DOLLAR - CHICAGO MERCANTILE EXCHANGE,2012-09-04,111869,49430,-12268.0,3365.0,189241,-1390.0,62439,-15633.0
AUSTRALIAN DOLLAR - CHICAGO MERCANTILE EXCHANGE,2012-09-11,107537,39278,-4332.0,-10152.0,218910,29669.0,68259,5820.0
AUSTRALIAN DOLLAR - CHICAGO MERCANTILE EXCHANGE,2012-09-18,117009,47763,9472.0,8485.0,174458,-44452.0,69246,987.0
AUSTRALIAN DOLLAR - CHICAGO MERCANTILE EXCHANGE,2012-09-25,119144,29582,2135.0,-18181.0,178886,4428.0,89562,20316.0
AUSTRALIAN DOLLAR - CHICAGO MERCANTILE EXCHANGE,2012-10-02,98600,34857,-20544.0,5275.0,162699,-16187.0,63743,-25819.0
AUSTRALIAN DOLLAR - CHICAGO MERCANTILE EXCHANGE,2012-10-09,78524,38710,-20076.0,3853.0,162802,103.0,39814,-23929.0
AUSTRALIAN DOLLAR - CHICAGO MERCANTILE EXCHANGE,2012-10-16,77802,39358,-722.0,648.0,162167,-635.0,38444,-1370.0
AUSTRALIAN DOLLAR - CHICAGO MERCANTILE EXCHANGE,2012-10-23,83602,37951,5800.0,-1407.0,168663,6496.0,45651,7207.0
AUSTRALIAN DOLLAR - CHICAGO MERCANTILE EXCHANGE,2012-10-30,91030,38940,7428.0,989.0,174957,6294.0,52090,6439.0
AUSTRALIAN DOLLAR - CHICAGO MERCANTILE EXCHANGE,2012-11-06,98037,37720,7007.0,-1220.0,178421,3464.0,60317,8227.0
AUSTRALIAN DOLLAR - CHICAGO MERCANTILE EXCHANGE,2012-11-13,105833,37687,7796.0,-33.0,183439,5018.0,68146,7829.0
AUSTRALIAN DOLLAR - CHICAGO MERCANTILE EXCHANGE,2012-11-20,104617,39906,-1216.0,2219.0,180364,-3075.0,64711,-3435.0
AUSTRALIAN DOLLAR - CHICAGO MERCANTILE EXCHANGE,2012-11-27,122186,45380,17569.0,5474.0,196520,16156.0,76806,12095.0
AUSTRALIAN DOLLAR - CHICAGO MERCANTILE EXCHANGE,2012-12-04,136218,43989,14032.0,-1391.0,212072,15552.0,92229,15423.0
AUSTRALIAN DOLLAR - CHICAGO MERCANTILE EXCHANGE,2012-12-11,139540,36164,3322.0,-7825.0,229394,17322.0,103376,11147.0
AUSTRALIAN DOLLAR - CHICAGO MERCANTILE EXCHANGE,2012-12-18,144966,47470,5426.0,11306.0,204312,-25082.0,97496,-5880.0
AUSTRALIAN DOLLAR - CHICAGO MERCANTILE EXCHANGE,2012-12-24,116141,40708,-28825.0,-6762.0,173118,-31194.0,75433,-22063.0
AUSTRALIAN DOLLAR - CHICAGO MERCANTILE EXCHANGE,2012-12-31,117354,37832,1213.0,-2876.0,170157,-2961.0,79522,4089.0
AUSTRALIAN DOLLAR - CHICAGO MERCANTILE EXCHANGE,2013-01-08,122343,42028,4989.0,4196.0,184083,13926.0,80315,793.0
AUSTRALIAN DOLLAR - CHICAGO MERCANTILE EXCHANGE,2013-01-15,137090,48033,14747.0,6005.0,203425,19342.0,89057,8742.0
AUSTRALIAN DOLLAR - CHICAGO MERCANTILE EXCHANGE,2013-01-22,143776,46765,6686.0,-1268.0,208776,5351.0,97011,7954.0
AUSTRALIAN DOLLAR - CHICAGO MERCANTILE EXCHANGE,2013-01-29,124520,39224,-19256.0,-7541.0,183507,-25269.0,85296,-11715.0
AUSTRALIAN DOLLAR - CHICAGO MERCANTILE EXCHANGE,2013-02-05,122609,41669,-1911.0,2445.0,180781,-2726.0,80940,-4356.0
AUSTRALIAN DOLLAR - CHICAGO MERCANTILE EXCHANGE,2013-02-12,99758,45644,-22851.0,3975.0,163745,-17036.0,54114,-26826.0
AUSTRALIAN DOLLAR - CHICAGO MERCANTILE EXCHANGE,2013-02-19,87921,43940,-11837.0,-1704.0,159346,-4399.0,43981,-10133.0
AUSTRALIAN DOLLAR - CHICAGO MERCANTILE EXCHANGE,2013-02-26,79140,53445,-8781.0,9505.0,157363,-1983.0,25695,-18286.0
AUSTRALIAN DOLLAR - CHICAGO MERCANTILE EXCHANGE,2013-03-05,61315,54166,-17825.0,721.0,157595,232.0,7149,-18546.0
AUSTRALIAN DOLLAR - CHICAGO MERCANTILE EXCHANGE,2013-03-12,77746,54480,16431.0,314.0,183095,25500.0,23266,16117.0
AUSTRALIAN DOLLAR - CHICAGO MERCANTILE EXCHANGE,2013-03-19,100998,46943,23252.0,-7537.0,158807,-24288.0,54055,30789.0
AUSTRALIAN DOLLAR - CHICAGO MERCANTILE EXCHANGE,2013-03-26,141086,55571,40088.0,8628.0,202150,43343.0,85515,31460.0
AUSTRALIAN DOLLAR - CHICAGO MERCANTILE EXCHANGE,2013-04-02,135540,51569,-5546.0,-4002.0,197264,-4886.0,83971,-1544.0
AUSTRALIAN DOLLAR - CHICAGO MERCANTILE EXCHANGE,2013-04-09,117540,39661,-18000.0,-11908.0,186911,-10353.0,77879,-6092.0
AUSTRALIAN DOLLAR - CHICAGO MERCANTILE EXCHANGE,2013-04-16,98834,45659,-18706.0,5998.0,169445,-17466.0,53175,-24704.0
AUSTRALIAN DOLLAR - CHICAGO MERCANTILE EXCHANGE,2013-04-23,82715,51458,-16119.0,5799.0,161752,-7693.0,31257,-21918.0
AUSTRALIAN DOLLAR - CHICAGO MERCANTILE EXCHANGE,2013-04-30,81303,51069,-1412.0,-389.0,158954,-2798.0,30234,-1023.0
AUSTRALIAN DOLLAR - CHICAGO MERCANTILE EXCHANGE,2013-05-07,61501,54871,-19802.0,3802.0,157170,-1784.0,6630,-23604.0
AUSTRALIAN DOLLAR - CHICAGO MERCANTILE EXCHANGE,2013-05-14,61654,75104,153.0,20233.0,190884,33714.0,-13450,-20080.0
AUSTRALIAN DOLLAR - CHICAGO MERCANTILE EXCHANGE,2013-05-21,50036,82445,-11618.0,7341.0,205301,14417.0,-32409,-18959.0
AUSTRALIAN DOLLAR - CHICAGO MERCANTILE EXCHANGE,2013-05-28,42213,84520,-7823.0,2075.0,209027,3726.0,-42307,-9898.0
AUSTRALIAN DOLLAR - CHICAGO MERCANTILE EXCHANGE,2013-06-04,32853,91403,-9360.0,6883.0,212222,3195.0,-58550,-16243.0
AUSTRALIAN DOLLAR - CHICAGO MERCANTILE EXCHANGE,2013-06-11,24482,87759,-8371.0,-3644.0,240067,27845.0,-63277,-4727.0
AUSTRALIAN DOLLAR - CHICAGO MERCANTILE EXCHANGE,2013-06-18,28769,92290,4287.0,4531.0,180895,-59172.0,-63521,-244.0
AUSTRALIAN DOLLAR - CHICAGO MERCANTILE EXCHANGE,2013-06-25,21403,83047,-7366.0,-9243.0,174012,-6883.0,-61644,1877.0
AUSTRALIAN DOLLAR - CHICAGO MERCANTILE EXCHANGE,2013-07-02,21521,92036,118.0,8989.0,182925,8913.0,-70515,-8871.0
AUSTRALIAN DOLLAR - CHICAGO MERCANTILE EXCHANGE,2013-07-09,20955,84210,-566.0,-7826.0,178595,-4330.0,-63255,7260.0
AUSTRALIAN DOLLAR - CHICAGO MERCANTILE EXCHANGE,2013-07-16,19222,89908,-1733.0,5698.0,186264,7669.0,-70686,-7431.0
AUSTRALIAN DOLLAR - CHICAGO MERCANTILE EXCHANGE,2013-07-23,17344,81326,-1878.0,-8582.0,185349,-915.0,-63982,6704.0
AUSTRALIAN DOLLAR - CHICAGO MERCANTILE EXCHANGE,2013-07-30,19527,92100,2183.0,10774.0,198272,12923.0,-72573,-8591.0
AUSTRALIAN DOLLAR - CHICAGO MERCANTILE EXCHANGE,2013-08-06,16566,93345,-2961.0,1245.0,201885,3613.0,-76779,-4206.0
AUSTRALIAN DOLLAR - CHICAGO MERCANTILE EXCHANGE,2013-08-13,12625,75346,-3941.0,-17999.0,184822,-17063.0,-62721,14058.0
AUSTRALIAN DOLLAR - CHICAGO MERCANTILE EXCHANGE,2013-08-20,13676,76859,1051.0,1513.0,184178,-644.0,-63183,-462.0
AUSTRALIAN DOLLAR - CHICAGO MERCANTILE EXCHANGE,2013-08-27,14662,85779,986.0,8920.0,186664,2486.0,-71117,-7934.0
AUSTRALIAN DOLLAR - CHICAGO MERCANTILE EXCHANGE,2013-09-03,13655,85161,-1007.0,-618.0,189334,2670.0,-71506,-389.0
AUSTRALIAN DOLLAR - CHICAGO MERCANTILE EXCHANGE,2013-09-10,8464,68496,-5191.0,-16665.0,183606,-5728.0,-60032,11474.0
AUSTRALIAN DOLLAR - CHICAGO MERCANTILE EXCHANGE,2013-09-17,29805,57165,21341.0,-11331.0,129806,-53800.0,-27360,32672.0
AUSTRALIAN DOLLAR - CHICAGO MERCANTILE EXCHANGE,2013-09-24,20049,54868,-9756.0,-2297.0,126462,-3344.0,-34819,-7459.0
AUSTRALIAN DOLLAR - CHICAGO MERCANTILE EXCHANGE,2013-10-01,14928,43732,-5121.0,-11136.0,113676,-12786.0,-28804,6015.0
AUSTRALIAN DOLLAR - CHICAGO MERCANTILE EXCHANGE,2013-10-08,17221,43625,2293.0,-107.0,117075,3399.0,-26404,2400.0
AUSTRALIAN DOLLAR - CHICAGO MERCANTILE EXCHANGE,2013-10-15,17656,49893,435.0,6268.0,124276,7201.0,-32237,-5833.0
AUSTRALIAN DOLLAR - CHICAGO MERCANTILE EXCHANGE,2013-10-22,22882,44993,5226.0,-4900.0,125592,1316.0,-22111,10126.0
AUSTRALIAN DOLLAR - CHICAGO MERCANTILE EXCHANGE,2013-10-29,25041,48239,2159.0,3246.0,129053,3461.0,-23198,-1087.0
AUSTRALIAN DOLLAR - CHICAGO MERCANTILE EXCHANGE,2013-11-05,22357,47424,-2684.0,-815.0,129497,444.0,-25067,-1869.0
AUSTRALIAN DOLLAR - CHICAGO MERCANTILE EXCHANGE,2013-11-12,20484,56293,-1873.0,8869.0,137241,7744.0,-35809,-10742.0
AUSTRALIAN DOLLAR - CHICAGO MERCANTILE EXCHANGE,2013-11-19,17585,53347,-2899.0,-2946.0,136699,-542.0,-35762,47.0
AUSTRALIAN DOLLAR - CHICAGO MERCANTILE EXCHANGE,2013-11-26,17197,50708,-388.0,-2639.0,111673,-25026.0,-33511,2251.0
AUSTRALIAN DOLLAR - CHICAGO MERCANTILE EXCHANGE,2013-12-03,20197,64508,3000.0,13800.0,121078,9405.0,-44311,-10800.0
AUSTRALIAN DOLLAR - CHICAGO MERCANTILE EXCHANGE,2013-12-10,19134,64984,-1063.0,476.0,126620,5542.0,-45850,-1539.0
AUSTRALIAN DOLLAR - CHICAGO MERCANTILE EXCHANGE,2013-12-17,13752,65405,-5382.0,421.0,113118,-13502.0,-51653,-5803.0
AUSTRALIAN DOLLAR - CHICAGO MERCANTILE EXCHANGE,2013-12-24,14857,69096,1105.0,3691.0,117884,4766.0,-54239,-2586.0
AUSTRALIAN DOLLAR - CHICAGO MERCANTILE EXCHANGE,2013-12-31,14430,71844,-427.0,2748.0,120071,2187.0,-57414,-3175.0
AUSTRALIAN DOLLAR - CHICAGO MERCANTILE EXCHANGE,2014-01-07,14213,71065,-217.0,-779.0,122121,2050.0,-56852,562.0
AUSTRALIAN DOLLAR - CHICAGO MERCANTILE EXCHANGE,2014-01-14,10376,62364,-3837.0,-8701.0,112341,-9780.0,-51988,4864.0
AUSTRALIAN DOLLAR - CHICAGO MERCANTILE EXCHANGE,2014-01-21,15645,80299,5269.0,17935.0,137503,25162.0,-64654,-12666.0
AUSTRALIAN DOLLAR - CHICAGO MERCANTILE EXCHANGE,2014-01-28,13997,79720,-1648.0,-579.0,136426,-1077.0,-65723,-1069.0
AUSTRALIAN DOLLAR - CHICAGO MERCANTILE EXCHANGE,2014-02-04,11696,67219,-2301.0,-12501.0,125394,-11032.0,-55523,10200.0
AUSTRALIAN DOLLAR - CHICAGO MERCANTILE EXCHANGE,2014-02-11,10202,57605,-1494.0,-9614.0,110523,-14871.0,-47403,8120.0
AUSTRALIAN DOLLAR - CHICAGO MERCANTILE EXCHANGE,2014-02-18,9439,53837,-763.0,-3768.0,103049,-7474.0,-44398,3005.0
AUSTRALIAN DOLLAR - CHICAGO MERCANTILE EXCHANGE,2014-02-25,10299,49290,860.0,-4547.0,98643,-4406.0,-38991,5407.0
AUSTRALIAN DOLLAR - CHICAGO MERCANTILE EXCHANGE,2014-03-04,12262,53370,1963.0,4080.0,105792,7149.0,-41108,-2117.0
AUSTRALIAN DOLLAR - CHICAGO MERCANTILE EXCHANGE,2014-03-11,8627,49477,-3635.0,-3893.0,122241,16449.0,-40850,258.0
AUSTRALIAN DOLLAR - CHICAGO MERCANTILE EXCHANGE,2014-03-18,21577,46040,12950.0,-3437.0,81737,-40504.0,-24463,16387.0
AUSTRALIAN DOLLAR - CHICAGO MERCANTILE EXCHANGE,2014-03-25,24387,44914,2810.0,-1126.0,84232,2495.0,-20527,3936.0
AUSTRALIAN DOLLAR - CHICAGO MERCANTILE EXCHANGE,2014-04-01,35398,40278,11011.0,-4636.0,93999,9767.0,-4880,15647.0
AUSTRALIAN DOLLAR - CHICAGO MERCANTILE EXCHANGE,2014-04-08,37630,34320,2232.0,-5958.0,96887,2888.0,3310,8190.0
AUSTRALIAN DOLLAR - CHICAGO MERCANTILE EXCHANGE,2014-04-15,40463,32366,2833.0,-1954.0,98933,2046.0,8097,4787.0
AUSTRALIAN DOLLAR - CHICAGO MERCANTILE EXCHANGE,2014-04-22,49540,33170,9077.0,804.0,107696,8763.0,16370,8273.0
AUSTRALIAN DOLLAR - CHICAGO MERCANTILE EXCHANGE,2014-04-29,50019,39313,479.0,6143.0,109934,2238.0,10706,-5664.0
AUSTRALIAN DOLLAR - CHICAGO MERCANTILE EXCHANGE,2014-05-06,44805,36168,-5214.0,-3145.0,104936,-4998.0,8637,-2069.0
AUSTRALIAN DOLLAR - CHICAGO MERCANTILE EXCHANGE,2014-05-13,50147,33020,5342.0,-3148.0,107302,2366.0,17127,8490.0
AUSTRALIAN DOLLAR - CHICAGO MERCANTILE EXCHANGE,2014-05-20,50130,30668,-17.0,-2352.0,107613,311.0,19462,2335.0
AUSTRALIAN DOLLAR - CHICAGO MERCANTILE EXCHANGE,2014-05-27,52071,36223,1941.0,5555.0,109139,1526.0,15848,-3614.0
AUSTRALIAN DOLLAR - CHICAGO MERCANTILE EXCHANGE,2014-06-03,56811,35284,4740.0,-939.0,110911,1772.0,21527,5679.0
AUSTRALIAN DOLLAR - CHICAGO MERCANTILE EXCHANGE,2014-06-10,62141,33894,5330.0,-1390.0,128984,18073.0,28247,6720.0
AUSTRALIAN DOLLAR - CHICAGO MERCANTILE EXCHANGE,2014-06-17,61078,34049,-1063.0,155.0,99400,-29584.0,27029,-1218.0
AUSTRALIAN DOLLAR - CHICAGO MERCANTILE EXCHANGE,2014-06-24,65612,32149,4534.0,-1900.0,101998,2598.0,33463,6434.0
AUSTRALIAN DOLLAR - CHICAGO MERCANTILE EXCHANGE,2014-07-01,76598,37719,10986.0,5570.0,114918,12920.0,38879,5416.0
AUSTRALIAN DOLLAR - CHICAGO MERCANTILE EXCHANGE,2014-07-08,66705,30102,-9893.0,-7617.0,101860,-13058.0,36603,-2276.0
AUSTRALIAN DOLLAR - CHICAGO MERCANTILE EXCHANGE,2014-07-15,70881,31138,4176.0,1036.0,105209,3349.0,39743,3140.0
AUSTRALIAN DOLLAR - CHICAGO MERCANTILE EXCHANGE,2014-07-22,72170,33377,1289.0,2239.0,109341,4132.0,38793,-950.0
AUSTRALIAN DOLLAR - CHICAGO MERCANTILE EXCHANGE,2014-07-29,69348,29742,-2822.0,-3635.0,106836,-2505.0,39606,813.0
AUSTRALIAN DOLLAR - CHICAGO MERCANTILE EXCHANGE,2014-08-05,60860,27560,-8488.0,-2182.0,98196,-8640.0,33300,-6306.0
AUSTRALIAN DOLLAR - CHICAGO MERCANTILE EXCHANGE,2014-08-12,54691,25145,-6169.0,-2415.0,94030,-4166.0,29546,-3754.0
AUSTRALIAN DOLLAR - CHICAGO MERCANTILE EXCHANGE,2014-08-19,65747,29173,11056.0,4028.0,103432,9402.0,36574,7028.0
AUSTRALIAN DOLLAR - CHICAGO MERCANTILE EXCHANGE,2014-08-26,71658,29720,5911.0,547.0,107819,4387.0,41938,5364.0
AUSTRALIAN DOLLAR - CHICAGO MERCANTILE EXCHANGE,2014-09-02,77050,28003,5392.0,-1717.0,114146,6327.0,49047,7109.0
AUSTRALIAN DOLLAR - CHICAGO MERCANTILE EXCHANGE,2014-09-09,73321,32092,-3729.0,4089.0,126831,12685.0,41229,-7818.0
AUSTRALIAN DOLLAR - CHICAGO MERCANTILE EXCHANGE,2014-09-16,55588,33448,-17733.0,1356.0,97839,-28992.0,22140,-19089.0
AUSTRALIAN DOLLAR - CHICAGO MERCANTILE EXCHANGE,2014-09-23,47187,38840,-8401.0,5392.0,105756,7917.0,8347,-13793.0
AUSTRALIAN DOLLAR - CHICAGO MERCANTILE EXCHANGE,2014-09-30,43193,45210,-3994.0,6370.0,118488,12732.0,-2017,-10364.0
AUSTRALIAN DOLLAR - CHICAGO MERCANTILE EXCHANGE,2014-10-07,31601,58087,-11592.0,12877.0,129561,11073.0,-26486,-24469.0
AUSTRALIAN DOLLAR - CHICAGO MERCANTILE EXCHANGE,2014-10-14,14367,44638,-17234.0,-13449.0,115941,-13620.0,-30271,-3785.0
AUSTRALIAN DOLLAR - CHICAGO MERCANTILE EXCHANGE,2014-10-21,13951,45460,-416.0,822.0,115985,44.0,-31509,-1238.0
AUSTRALIAN DOLLAR - CHICAGO MERCANTILE EXCHANGE,2014-10-28,17446,51297,3495.0,5837.0,120071,4086.0,-33851,-2342.0
AUSTRALIAN DOLLAR - CHICAGO MERCANTILE EXCHANGE,2014-11-04,14595,52863,-2851.0,1566.0,123342,3271.0,-38268,-4417.0
AUSTRALIAN DOLLAR - CHICAGO MERCANTILE EXCHANGE,2014-11-11,12896,50923,-1699.0,-1940.0,123726,384.0,-38027,241.0
AUSTRALIAN DOLLAR - CHICAGO MERCANTILE EXCHANGE,2014-11-18,9522,47124,-3374.0,-3799.0,117859,-5867.0,-37602,425.0
AUSTRALIAN DOLLAR - CHICAGO MERCANTILE EXCHANGE,2014-11-25,12050,56138,2528.0,9014.0,127008,9149.0,-44088,-6486.0
AUSTRALIAN DOLLAR - CHICAGO MERCANTILE EXCHANGE,2014-12-02,13565,54675,1515.0,-1463.0,133675,6667.0,-41110,2978.0
AUSTRALIAN DOLLAR - CHICAGO MERCANTILE EXCHANGE,2014-12-09,17378,62391,3813.0,7716.0,159287,25612.0,-45013,-3903.0
AUSTRALIAN DOLLAR - CHICAGO MERCANTILE EXCHANGE,2014-12-16,26786,61039,9408.0,-1352.0,116787,-42500.0,-34253,10760.0
AUSTRALIAN DOLLAR - CHICAGO MERCANTILE EXCHANGE,2014-12-23,26180,65416,-606.0,4377.0,118773,1986.0,-39236,-4983.0
AUSTRALIAN DOLLAR - CHICAGO MERCANTILE EXCHANGE,2014-12-30,24646,65343,-1534.0,-73.0,120316,1543.0,-40697,-1461.0
AUSTRALIAN DOLLAR - CHICAGO MERCANTILE EXCHANGE,2015-01-06,16981,65633,-7665.0,290.0,122205,1889.0,-48652,-7955.0
AUSTRALIAN DOLLAR - CHICAGO MERCANTILE EXCHANGE,2015-01-13,14778,60143,-2203.0,-5490.0,119819,-2386.0,-45365,3287.0
AUSTRALIAN DOLLAR - CHICAGO MERCANTILE EXCHANGE,2015-01-20,9828,56408,-4950.0,-3735.0,110904,-8915.0,-46580,-1215.0
AUSTRALIAN DOLLAR - CHICAGO MERCANTILE EXCHANGE,2015-01-27,16079,65022,6251.0,8614.0,125620,14716.0,-48943,-2363.0
AUSTRALIAN DOLLAR - CHICAGO MERCANTILE EXCHANGE,2015-02-03,15969,72128,-110.0,7106.0,133075,7455.0,-56159,-7216.0
AUSTRALIAN DOLLAR - CHICAGO MERCANTILE EXCHANGE,2015-02-10,12517,65699,-3452.0,-6429.0,125359,-7716.0,-53182,2977.0
AUSTRALIAN DOLLAR - CHICAGO MERCANTILE EXCHANGE,2015-02-17,17230,71061,4713.0,5362.0,131722,6363.0,-53831,-649.0
AUSTRALIAN DOLLAR - CHICAGO MERCANTILE EXCHANGE,2015-02-24,15597,78751,-1633.0,7690.0,139805,8083.0,-63154,-9323.0
AUSTRALIAN DOLLAR - CHICAGO MERCANTILE EXCHANGE,2015-03-03,13652,75197,-1945.0,-3554.0,136841,-2964.0,-61545,1609.0
AUSTRALIAN DOLLAR - CHICAGO MERCANTILE EXCHANGE,2015-03-10,15137,91988,1485.0,16791.0,196534,59693.0,-76851,-15306.0
AUSTRALIAN DOLLAR - CHICAGO MERCANTILE EXCHANGE,2015-03-17,63046,91853,47909.0,-135.0,152746,-43788.0,-28807,48044.0
AUSTRALIAN DOLLAR - CHICAGO MERCANTILE EXCHANGE,2015-03-24,52079,80447,-10967.0,-11406.0,135693,-17053.0,-28368,439.0
AUSTRALIAN DOLLAR - CHICAGO MERCANTILE EXCHANGE,2015-03-31,55814,80170,3735.0,-277.0,138260,2567.0,-24356,4012.0
AUSTRALIAN DOLLAR - CHICAGO MERCANTILE EXCHANGE,2015-04-07,55928,96209,114.0,16039.0,159532,21272.0,-40281,-15925.0
AUSTRALIAN DOLLAR - CHICAGO MERCANTILE EXCHANGE,2015-04-14,55077,97510,-851.0,1301.0,161971,2439.0,-42433,-2152.0
AUSTRALIAN DOLLAR - CHICAGO MERCANTILE EXCHANGE,2015-04-21,55570,90233,493.0,-7277.0,153363,-8608.0,-34663,7770.0
AUSTRALIAN DOLLAR - CHICAGO MERCANTILE EXCHANGE,2015-04-28,53753,81158,-1817.0,-9075.0,140298,-13065.0,-27405,7258.0
AUSTRALIAN DOLLAR - CHICAGO MERCANTILE EXCHANGE,2015-05-05,59033,58407,5280.0,-22751.0,137001,-3297.0,626,28031.0
AUSTRALIAN DOLLAR - CHICAGO MERCANTILE EXCHANGE,2015-05-12,59435,54948,402.0,-3459.0,136249,-752.0,4487,3861.0
AUSTRALIAN DOLLAR - CHICAGO MERCANTILE EXCHANGE,2015-05-19,65130,57807,5695.0,2859.0,142589,6340.0,7323,2836.0
AUSTRALIAN DOLLAR - CHICAGO MERCANTILE EXCHANGE,2015-05-26,65245,58823,115.0,1016.0,144495,1906.0,6422,-901.0
AUSTRALIAN DOLLAR - CHICAGO MERCANTILE EXCHANGE,2015-06-02,63386,76642,-1859.0,17819.0,156474,11979.0,-13256,-19678.0
AUSTRALIAN DOLLAR - CHICAGO MERCANTILE EXCHANGE,2015-06-09,65195,79222,1809.0,2580.0,165681,9207.0,-14027,-771.0
AUSTRALIAN DOLLAR - CHICAGO MERCANTILE EXCHANGE,2015-06-16,65421,69469,226.0,-9753.0,119362,-46319.0,-4048,9979.0
AUSTRALIAN DOLLAR - CHICAGO MERCANTILE EXCHANGE,2015-06-23,56099,65151,-9322.0,-4318.0,116184,-3178.0,-9052,-5004.0
AUSTRALIAN DOLLAR - CHICAGO MERCANTILE EXCHANGE,2015-06-30,54909,66940,-1190.0,1789.0,118443,2259.0,-12031,-2979.0
AUSTRALIAN DOLLAR - CHICAGO MERCANTILE EXCHANGE,2015-07-07,55071,77268,162.0,10328.0,135648,17205.0,-22197,-10166.0
AUSTRALIAN DOLLAR - CHICAGO MERCANTILE EXCHANGE,2015-07-14,54936,88477,-135.0,11209.0,148406,12758.0,-33541,-11344.0
AUSTRALIAN DOLLAR - CHICAGO MERCANTILE EXCHANGE,2015-07-21,52330,93180,-2606.0,4703.0,159796,11390.0,-40850,-7309.0
AUSTRALIAN DOLLAR - CHICAGO MERCANTILE EXCHANGE,2015-07-28,46555,97214,-5775.0,4034.0,165974,6178.0,-50659,-9809.0
AUSTRALIAN DOLLAR - CHICAGO MERCANTILE EXCHANGE,2015-08-04,49401,98813,2846.0,1599.0,168404,2430.0,-49412,1247.0
AUSTRALIAN DOLLAR - CHICAGO MERCANTILE EXCHANGE,2015-08-11,48017,99287,-1384.0,474.0,164751,-3653.0,-51270,-1858.0
AUSTRALIAN DOLLAR - CHICAGO MERCANTILE EXCHANGE,2015-08-18,47544,97427,-473.0,-1860.0,161344,-3407.0,-49883,1387.0
AUSTRALIAN DOLLAR - CHICAGO MERCANTILE EXCHANGE,2015-08-25,47275,111002,-269.0,13575.0,174378,13034.0,-63727,-13844.0
AUSTRALIAN DOLLAR - CHICAGO MERCANTILE EXCHANGE,2015-09-01,50928,106660,3653.0,-4342.0,173947,-431.0,-55732,7995.0
AUSTRALIAN DOLLAR - CHICAGO MERCANTILE EXCHANGE,2015-09-08,50072,103388,-856.0,-3272.0,190761,16814.0,-53316,2416.0
AUSTRALIAN DOLLAR - CHICAGO MERCANTILE EXCHANGE,2015-09-15,59117,99846,9045.0,-3542.0,156879,-33882.0,-40729,12587.0
AUSTRALIAN DOLLAR - CHICAGO MERCANTILE EXCHANGE,2015-09-22,42666,95498,-16451.0,-4348.0,147279,-9600.0,-52832,-12103.0
AUSTRALIAN DOLLAR - CHICAGO MERCANTILE EXCHANGE,2015-09-29,44560,93425,1894.0,-2073.0,142869,-4410.0,-48865,3967.0
AUSTRALIAN DOLLAR - CHICAGO MERCANTILE EXCHANGE,2015-10-06,41592,82431,-2968.0,-10994.0,139935,-2934.0,-40839,8026.0
AUSTRALIAN DOLLAR - CHICAGO MERCANTILE EXCHANGE,2015-10-13,42266,75971,674.0,-6460.0,142024,2089.0,-33705,7134.0
AUSTRALIAN DOLLAR - CHICAGO MERCANTILE EXCHANGE,2015-10-20,43295,81707,1029.0,5736.0,140367,-1657.0,-38412,-4707.0
AUSTRALIAN DOLLAR - CHICAGO MERCANTILE EXCHANGE,2015-10-27,44835,81187,1540.0,-520.0,141008,641.0,-36352,2060.0
AUSTRALIAN DOLLAR - CHICAGO MERCANTILE EXCHANGE,2015-11-03,49856,88481,5021.0,7294.0,145861,4853.0,-38625,-2273.0
AUSTRALIAN DOLLAR - CHICAGO MERCANTILE EXCHANGE,2015-11-10,45893,98723,-3963.0,10242.0,153590,7729.0,-52830,-14205.0
AUSTRALIAN DOLLAR - CHICAGO MERCANTILE EXCHANGE,2015-11-17,44933,111397,-960.0,12674.0,162083,8493.0,-66464,-13634.0
AUSTRALIAN DOLLAR - CHICAGO MERCANTILE EXCHANGE,2015-11-24,46037,103182,1104.0,-8215.0,152585,-9498.0,-57145,9319.0
AUSTRALIAN DOLLAR - CHICAGO MERCANTILE EXCHANGE,2015-12-01,48063,94711,2026.0,-8471.0,154800,2215.0,-46648,10497.0
AUSTRALIAN DOLLAR - CHICAGO MERCANTILE EXCHANGE,2015-12-08,47696,81275,-367.0,-13436.0,162139,7339.0,-33579,13069.0
AUSTRALIAN DOLLAR - CHICAGO MERCANTILE EXCHANGE,2015-12-15,61956,72408,14260.0,-8867.0,110538,-51601.0,-10452,23127.0
AUSTRALIAN DOLLAR - CHICAGO MERCANTILE EXCHANGE,2015-12-22,49122,69976,-12834.0,-2432.0,106301,-4237.0,-20854,-10402.0
AUSTRALIAN DOLLAR - CHICAGO MERCANTILE EXCHANGE,2015-12-29,44766,62311,-4356.0,-7665.0,98174,-8127.0,-17545,3309.0
AUSTRALIAN DOLLAR - CHICAGO MERCANTILE EXCHANGE,2016-01-05,46047,59808,1281.0,-2503.0,99001,827.0,-13761,3784.0
AUSTRALIAN DOLLAR - CHICAGO MERCANTILE EXCHANGE,2016-01-12,48528,71571,2481.0,11763.0,121590,22589.0,-23043,-9282.0
AUSTRALIAN DOLLAR - CHICAGO MERCANTILE EXCHANGE,2016-01-19,45471,81738,-3057.0,10167.0,132814,11224.0,-36267,-13224.0
AUSTRALIAN DOLLAR - CHICAGO MERCANTILE EXCHANGE,2016-01-26,46281,79079,810.0,-2659.0,125451,-7363.0,-32798,3469.0
AUSTRALIAN DOLLAR - CHICAGO MERCANTILE EXCHANGE,2016-02-02,51397,77565,5116.0,-1514.0,122056,-3395.0,-26168,6630.0
AUSTRALIAN DOLLAR - CHICAGO MERCANTILE EXCHANGE,2016-02-09,64020,69646,12623.0,-7919.0,113354,-8702.0,-5626,20542.0
AUSTRALIAN DOLLAR - CHICAGO MERCANTILE EXCHANGE,2016-02-16,66740,63933,2720.0,-5713.0,111447,-1907.0,2807,8433.0
AUSTRALIAN DOLLAR - CHICAGO MERCANTILE EXCHANGE,2016-02-23,72523,62948,5783.0,-985.0,119526,8079.0,9575,6768.0
AUSTRALIAN DOLLAR - CHICAGO MERCANTILE EXCHANGE,2016-03-01,76480,59619,3957.0,-3329.0,122911,3385.0,16861,7286.0
AUSTRALIAN DOLLAR - CHICAGO MERCANTILE EXCHANGE,2016-03-08,86141,56946,9661.0,-2673.0,141845,18934.0,29195,12334.0
AUSTRALIAN DOLLAR - CHICAGO MERCANTILE EXCHANGE,2016-03-15,61544,48762,-24597.0,-8184.0,99992,-41853.0,12782,-16413.0
AUSTRALIAN DOLLAR - CHICAGO MERCANTILE EXCHANGE,2016-03-22,67931,49901,6387.0,1139.0,111677,11685.0,18030,5248.0
AUSTRALIAN DOLLAR - CHICAGO MERCANTILE EXCHANGE,2016-03-29,77076,53610,9145.0,3709.0,119665,7988.0,23466,5436.0
AUSTRALIAN DOLLAR - CHICAGO MERCANTILE EXCHANGE,2016-04-05,78234,51389,1158.0,-2221.0,121060,1395.0,26845,3379.0
AUSTRALIAN DOLLAR - CHICAGO MERCANTILE EXCHANGE,2016-04-12,90768,55646,12534.0,4257.0,132621,11561.0,35122,8277.0
AUSTRALIAN DOLLAR - CHICAGO MERCANTILE EXCHANGE,2016-04-19,97472,53366,6704.0,-2280.0,142922,10301.0,44106,8984.0
AUSTRALIAN DOLLAR - CHICAGO MERCANTILE EXCHANGE,2016-04-26,109932,50392,12460.0,-2974.0,155703,12781.0,59540,15434.0
AUSTRALIAN DOLLAR - CHICAGO MERCANTILE EXCHANGE,2016-05-03,99024,46629,-10908.0,-3763.0,142695,-13008.0,52395,-7145.0
AUSTRALIAN DOLLAR - CHICAGO MERCANTILE EXCHANGE,2016-05-10,82774,44616,-16250.0,-2013.0,126768,-15927.0,38158,-14237.0
AUSTRALIAN DOLLAR - CHICAGO MERCANTILE EXCHANGE,2016-05-17,71793,46900,-10981.0,2284.0,114119,-12649.0,24893,-13265.0
AUSTRALIAN DOLLAR - CHICAGO MERCANTILE EXCHANGE,2016-05-24,51712,51588,-20081.0,4688.0,114633,514.0,124,-24769.0
AUSTRALIAN DOLLAR - CHICAGO MERCANTILE EXCHANGE,2016-05-31,44560,49318,-7152.0,-2270.0,114647,14.0,-4758,-4882.0
AUSTRALIAN DOLLAR - CHICAGO MERCANTILE EXCHANGE,2016-06-07,35406,51214,-9154.0,1896.0,119376,4729.0,-15808,-11050.0
AUSTRALIAN DOLLAR - CHICAGO MERCANTILE EXCHANGE,2016-06-14,39512,46290,4106.0,-4924.0,79135,-40241.0,-6778,9030.0
AUSTRALIAN DOLLAR - CHICAGO MERCANTILE EXCHANGE,2016-06-21,38611,45654,-901.0,-636.0,78925,-210.0,-7043,-265.0
AUSTRALIAN DOLLAR - CHICAGO MERCANTILE EXCHANGE,2016-06-28,32556,34508,-6055.0,-11146.0,70276,-8649.0,-1952,5091.0
AUSTRALIAN DOLLAR - CHICAGO MERCANTILE EXCHANGE,2016-07-05,33794,28891,1238.0,-5617.0,72989,2713.0,4903,6855.0
AUSTRALIAN DOLLAR - CHICAGO MERCANTILE EXCHANGE,2016-07-12,45938,29722,12144.0,831.0,89743,16754.0,16216,11313.0
AUSTRALIAN DOLLAR - CHICAGO MERCANTILE EXCHANGE,2016-07-19,61642,28211,15704.0,-1511.0,99518,9775.0,33431,17215.0
AUSTRALIAN DOLLAR - CHICAGO MERCANTILE EXCHANGE,2016-07-26,57083,25573,-4559.0,-2638.0,95520,-3998.0,31510,-1921.0
AUSTRALIAN DOLLAR - CHICAGO MERCANTILE EXCHANGE,2016-08-02,58269,26906,1186.0,1333.0,99112,3592.0,31363,-147.0
AUSTRALIAN DOLLAR - CHICAGO MERCANTILE EXCHANGE,2016-08-09,59586,24702,1317.0,-2204.0,102059,2947.0,34884,3521.0
AUSTRALIAN DOLLAR - CHICAGO MERCANTILE EXCHANGE,2016-08-16,68945,27832,9359.0,3130.0,112135,10076.0,41113,6229.0
AUSTRALIAN DOLLAR - CHICAGO MERCANTILE EXCHANGE,2016-08-23,71011,28254,2066.0,422.0,114452,2317.0,42757,1644.0
AUSTRALIAN DOLLAR - CHICAGO MERCANTILE EXCHANGE,2016-08-30,70432,27866,-579.0,-388.0,110040,-4412.0,42566,-191.0
AUSTRALIAN DOLLAR - CHICAGO MERCANTILE EXCHANGE,2016-09-06,66211,27252,-4221.0,-614.0,108852,-1188.0,38959,-3607.0
AUSTRALIAN DOLLAR - CHICAGO MERCANTILE EXCHANGE,2016-09-13,63134,26667,-3077.0,-585.0,112367,3515.0,36467,-2492.0
AUSTRALIAN DOLLAR - CHICAGO MERCANTILE EXCHANGE,2016-09-20,48543,41695,-14591.0,15028.0,86614,-25753.0,6848,-29619.0
AUSTRALIAN DOLLAR - CHICAGO MERCANTILE EXCHANGE,2016-09-27,62892,47884,14349.0,6189.0,98351,11737.0,15008,8160.0
AUSTRALIAN DOLLAR - CHICAGO MERCANTILE EXCHANGE,2016-10-04,73545,49607,10653.0,1723.0,110028,11677.0,23938,8930.0
AUSTRALIAN DOLLAR - CHICAGO MERCANTILE EXCHANGE,2016-10-11,73395,47291,-150.0,-2316.0,112028,2000.0,26104,2166.0
AUSTRALIAN DOLLAR - CHICAGO MERCANTILE EXCHANGE,2016-10-18,80526,50546,7131.0,3255.0,122436,10408.0,29980,3876.0
AUSTRALIAN DOLLAR - CHICAGO MERCANTILE EXCHANGE,2016-10-25,83153,51230,2627.0,684.0,124584,2148.0,31923,1943.0
AUSTRALIAN DOLLAR - CHICAGO MERCANTILE EXCHANGE,2016-11-01,85541,44674,2388.0,-6556.0,125387,803.0,40867,8944.0
AUSTRALIAN DOLLAR - CHICAGO MERCANTILE EXCHANGE,2016-11-08,92503,51395,6962.0,6721.0,137560,12173.0,41108,241.0
AUSTRALIAN DOLLAR - CHICAGO MERCANTILE EXCHANGE,2016-11-15,77814,36296,-14689.0,-15099.0,113124,-24436.0,41518,410.0
AUSTRALIAN DOLLAR - CHICAGO MERCANTILE EXCHANGE,2016-11-22,63488,32783,-14326.0,-3513.0,100989,-12135.0,30705,-10813.0
AUSTRALIAN DOLLAR - CHICAGO MERCANTILE EXCHANGE,2016-11-29,54791,33834,-8697.0,1051.0,92699,-8290.0,20957,-9748.0
AUSTRALIAN DOLLAR - CHICAGO MERCANTILE EXCHANGE,2016-12-06,48274,27403,-6517.0,-6431.0,84900,-7799.0,20871,-86.0
AUSTRALIAN DOLLAR - CHICAGO MERCANTILE EXCHANGE,2016-12-13,40290,26817,-7984.0,-586.0,87770,2870.0,13473,-7398.0
AUSTRALIAN DOLLAR - CHICAGO MERCANTILE EXCHANGE,2016-12-20,38321,34380,-1969.0,7563.0,76916,-10854.0,3941,-9532.0
AUSTRALIAN DOLLAR - CHICAGO MERCANTILE EXCHANGE,2016-12-27,44076,45586,5755.0,11206.0,94451,17535.0,-1510,-5451.0
AUSTRALIAN DOLLAR - CHICAGO MERCANTILE EXCHANGE,2017-01-03,47948,51204,3872.0,5618.0,104009,9558.0,-3256,-1746.0
AUSTRALIAN DOLLAR - CHICAGO MERCANTILE EXCHANGE,2017-01-10,40782,44630,-7166.0,-6574.0,96885,-7124.0,-3848,-592.0
AUSTRALIAN DOLLAR - CHICAGO MERCANTILE EXCHANGE,2017-01-17,42401,37556,1619.0,-7074.0,87631,-9254.0,4845,8693.0
AUSTRALIAN DOLLAR - CHICAGO MERCANTILE EXCHANGE,2017-01-24,54552,44258,12151.0,6702.0,94379,6748.0,10294,5449.0
AUSTRALIAN DOLLAR - CHICAGO MERCANTILE EXCHANGE,2017-01-31,59187,47131,4635.0,2873.0,101420,7041.0,12056,1762.0
AUSTRALIAN DOLLAR - CHICAGO MERCANTILE EXCHANGE,2017-02-07,66545,49797,7358.0,2666.0,114105,12685.0,16748,4692.0
AUSTRALIAN DOLLAR - CHICAGO MERCANTILE EXCHANGE,2017-02-14,79313,55095,12768.0,5298.0,127869,13764.0,24218,7470.0
AUSTRALIAN DOLLAR - CHICAGO MERCANTILE EXCHANGE,2017-02-21,88768,55246,9455.0,151.0,137436,9567.0,33522,9304.0
AUSTRALIAN DOLLAR - CHICAGO MERCANTILE EXCHANGE,2017-02-28,95696,43781,6928.0,-11465.0,141914,4478.0,51915,18393.0
AUSTRALIAN DOLLAR - CHICAGO MERCANTILE EXCHANGE,2017-03-07,85221,34243,-10475.0,-9538.0,153365,11451.0,50978,-937.0
AUSTRALIAN DOLLAR - CHICAGO MERCANTILE EXCHANGE,2017-03-14,73553,30288,-11668.0,-3955.0,114008,-39357.0,43265,-7713.0
AUSTRALIAN DOLLAR - CHICAGO MERCANTILE EXCHANGE,2017-03-21,85397,40442,11844.0,10154.0,134004,19996.0,44955,1690.0
AUSTRALIAN DOLLAR - CHICAGO MERCANTILE EXCHANGE,2017-03-28,90838,37700,5441.0,-2742.0,134422,418.0,53138,8183.0
AUSTRALIAN DOLLAR - CHICAGO MERCANTILE EXCHANGE,2017-04-04,90215,40622,-623.0,2922.0,137172,2750.0,49593,-3545.0
AUSTRALIAN DOLLAR - CHICAGO MERCANTILE EXCHANGE,2017-04-11,76747,31596,-13468.0,-9026.0,123144,-14028.0,45151,-4442.0
AUSTRALIAN DOLLAR - CHICAGO MERCANTILE EXCHANGE,2017-04-18,70392,27130,-6355.0,-4466.0,114453,-8691.0,43262,-1889.0
AUSTRALIAN DOLLAR - CHICAGO MERCANTILE EXCHANGE,2017-04-25,64684,21982,-5708.0,-5148.0,108559,-5894.0,42702,-560.0
AUSTRALIAN DOLLAR - CHICAGO MERCANTILE EXCHANGE,2017-05-02,64169,21494,-515.0,-488.0,107876,-683.0,42675,-27.0
AUSTRALIAN DOLLAR - CHICAGO MERCANTILE EXCHANGE,2017-05-09,56471,30687,-7698.0,9193.0,120039,12163.0,25784,-16891.0
AUSTRALIAN DOLLAR - CHICAGO MERCANTILE EXCHANGE,2017-05-16,52244,45900,-4227.0,15213.0,138755,18716.0,6344,-19440.0
AUSTRALIAN DOLLAR - CHICAGO MERCANTILE EXCHANGE,2017-05-23,42892,40257,-9352.0,-5643.0,128250,-10505.0,2635,-3709.0
AUSTRALIAN DOLLAR - CHICAGO MERCANTILE EXCHANGE,2017-05-30,43148,40081,256.0,-176.0,129388,1138.0,3067,432.0
AUSTRALIAN DOLLAR - CHICAGO MERCANTILE EXCHANGE,2017-06-06,39101,39215,-4047.0,-866.0,133572,4184.0,-114,-3181.0
AUSTRALIAN DOLLAR - CHICAGO MERCANTILE EXCHANGE,2017-06-13,33134,34645,-5967.0,-4570.0,134959,1387.0,-1511,-1397.0
AUSTRALIAN DOLLAR - CHICAGO MERCANTILE EXCHANGE,2017-06-20,42272,27239,9138.0,-7406.0,81975,-52984.0,15033,16544.0
AUSTRALIAN DOLLAR - CHICAGO MERCANTILE EXCHANGE,2017-06-27,48906,29157,6634.0,1918.0,89953,7978.0,19749,4716.0
AUSTRALIAN DOLLAR - CHICAGO MERCANTILE EXCHANGE,2017-07-03,57544,25130,8638.0,-4027.0,100735,10782.0,32414,12665.0
AUSTRALIAN DOLLAR - CHICAGO MERCANTILE EXCHANGE,2017-07-11,55950,19144,-1594.0,-5986.0,98130,-2605.0,36806,4392.0
AUSTRALIAN DOLLAR - CHICAGO MERCANTILE EXCHANGE,2017-07-18,69075,17719,13125.0,-1425.0,117718,19588.0,51356,14550.0
AUSTRALIAN DOLLAR - CHICAGO MERCANTILE EXCHANGE,2017-07-25,80799,24425,11724.0,6706.0,132765,15047.0,56374,5018.0
AUSTRALIAN DOLLAR - CHICAGO MERCANTILE EXCHANGE,2017-08-01,85280,24567,4481.0,142.0,139228,6463.0,60713,4339.0
AUSTRALIAN DOLLAR - CHICAGO MERCANTILE EXCHANGE,2017-08-08,92077,34067,6797.0,9500.0,149911,10683.0,58010,-2703.0
AUSTRALIAN DOLLAR - CHICAGO MERCANTILE EXCHANGE,2017-08-15,93318,33706,1241.0,-361.0,149809,-102.0,59612,1602.0
AUSTRALIAN DOLLAR - CHICAGO MERCANTILE EXCHANGE,2017-08-22,91558,31074,-1760.0,-2632.0,149592,-217.0,60484,872.0
AUSTRALIAN DOLLAR - CHICAGO MERCANTILE EXCHANGE,2017-08-29,100962,34435,9404.0,3361.0,159477,9885.0,66527,6043.0
AUSTRALIAN DOLLAR - CHICAGO MERCANTILE EXCHANGE,2017-09-05,103353,38449,2391.0,4014.0,168171,8694.0,64904,-1623.0
AUSTRALIAN DOLLAR - CHICAGO MERCANTILE EXCHANGE,2017-09-12,101713,38680,-1640.0,231.0,187355,19184.0,63033,-1871.0
AUSTRALIAN DOLLAR - CHICAGO MERCANTILE EXCHANGE,2017-09-19,102990,30478,1277.0,-8202.0,158733,-28622.0,72512,9479.0
AUSTRALIAN DOLLAR - CHICAGO MERCANTILE EXCHANGE,2017-09-26,103507,26313,517.0,-4165.0,154112,-4621.0,77194,4682.0
AUSTRALIAN DOLLAR - CHICAGO MERCANTILE EXCHANGE,2017-10-03,98499,26687,-5008.0,374.0,147098,-7014.0,71812,-5382.0
AUSTRALIAN DOLLAR - CHICAGO MERCANTILE EXCHANGE,2017-10-10,93702,24520,-4797.0,-2167.0,140854,-6244.0,69182,-2630.0
AUSTRALIAN DOLLAR - CHICAGO MERCANTILE EXCHANGE,2017-10-17,85763,23963,-7939.0,-557.0,134145,-6709.0,61800,-7382.0
AUSTRALIAN DOLLAR - CHICAGO MERCANTILE EXCHANGE,2017-10-24,85819,28569,56.0,4606.0,134558,413.0,57250,-4550.0
AUSTRALIAN DOLLAR - CHICAGO MERCANTILE EXCHANGE,2017-10-31,85422,33814,-397.0,5245.0,131999,-2559.0,51608,-5642.0
AUSTRALIAN DOLLAR - CHICAGO MERCANTILE EXCHANGE,2017-11-07,75144,29707,-10278.0,-4107.0,125196,-6803.0,45437,-6171.0
AUSTRALIAN DOLLAR - CHICAGO MERCANTILE EXCHANGE,2017-11-14,73155,29123,-1989.0,-584.0,126097,901.0,44032,-1405.0
AUSTRALIAN DOLLAR - CHICAGO MERCANTILE EXCHANGE,2017-11-21,78134,38317,4979.0,9194.0,132975,6878.0,39817,-4215.0
AUSTRALIAN DOLLAR - CHICAGO MERCANTILE EXCHANGE,2017-11-28,78202,39320,68.0,1003.0,134805,1830.0,38882,-935.0
AUSTRALIAN DOLLAR - CHICAGO MERCANTILE EXCHANGE,2017-12-05,83634,43306,5432.0,3986.0,139427,4622.0,40328,1446.0
AUSTRALIAN DOLLAR - CHICAGO MERCANTILE EXCHANGE,2017-12-12,93384,52664,9750.0,9358.0,157029,17602.0,40720,392.0
AUSTRALIAN DOLLAR - CHICAGO MERCANTILE EXCHANGE,2017-12-19,38012,50672,-55372.0,-1992.0,105270,-51759.0,-12660,-53380.0
AUSTRALIAN DOLLAR - CHICAGO MERCANTILE EXCHANGE,2017-12-26,38210,51849,198.0,1177.0,110525,5255.0,-13639,-979.0
AUSTRALIAN DOLLAR - CHICAGO MERCANTILE EXCHANGE,2018-01-02,45175,65201,6965.0,13352.0,123176,12651.0,-20026,-6387.0
AUSTRALIAN DOLLAR - CHICAGO MERCANTILE EXCHANGE,2018-01-09,52347,46889,7172.0,-18312.0,123463,287.0,5458,25484.0
AUSTRALIAN DOLLAR - CHICAGO MERCANTILE EXCHANGE,2018-01-16,50348,40274,-1999.0,-6615.0,123922,459.0,10074,4616.0
AUSTRALIAN DOLLAR - CHICAGO MERCANTILE EXCHANGE,2018-01-23,63551,46872,13203.0,6598.0,141176,17254.0,16679,6605.0
AUSTRALIAN DOLLAR - CHICAGO MERCANTILE EXCHANGE,2018-01-30,63496,50345,-55.0,3473.0,140204,-972.0,13151,-3528.0
AUSTRALIAN DOLLAR - CHICAGO MERCANTILE EXCHANGE,2018-02-06,68273,54525,4777.0,4180.0,139810,-394.0,13748,597.0
AUSTRALIAN DOLLAR - CHICAGO MERCANTILE EXCHANGE,2018-02-13,49208,40127,-19065.0,-14398.0,113967,-25843.0,9081,-4667.0
AUSTRALIAN DOLLAR - CHICAGO MERCANTILE EXCHANGE,2018-02-20,47170,35295,-2038.0,-4832.0,111159,-2808.0,11875,2794.0
AUSTRALIAN DOLLAR - CHICAGO MERCANTILE EXCHANGE,2018-02-27,47255,37681,85.0,2386.0,111306,147.0,9574,-2301.0
AUSTRALIAN DOLLAR - CHICAGO MERCANTILE EXCHANGE,2018-03-06,47469,44334,214.0,6653.0,106051,-5255.0,3135,-6439.0
AUSTRALIAN DOLLAR - CHICAGO MERCANTILE EXCHANGE,2018-03-13,38366,39145,-9103.0,-5189.0,106473,422.0,-779,-3914.0
AUSTRALIAN DOLLAR - CHICAGO MERCANTILE EXCHANGE,2018-03-20,53750,35825,15384.0,-3320.0,97255,-9218.0,17925,18704.0
AUSTRALIAN DOLLAR - CHICAGO MERCANTILE EXCHANGE,2018-03-27,51072,42998,-2678.0,7173.0,104797,7542.0,8074,-9851.0
AUSTRALIAN DOLLAR - CHICAGO MERCANTILE EXCHANGE,2018-04-03,46152,46227,-4920.0,3229.0,108830,4033.0,-75,-8149.0
AUSTRALIAN DOLLAR - CHICAGO MERCANTILE EXCHANGE,2018-04-10,38793,41589,-7359.0,-4638.0,104209,-4621.0,-2796,-2721.0
AUSTRALIAN DOLLAR - CHICAGO MERCANTILE EXCHANGE,2018-04-17,29832,39987,-8961.0,-1602.0,99720,-4489.0,-10155,-7359.0
AUSTRALIAN DOLLAR - CHICAGO MERCANTILE EXCHANGE,2018-04-24,49580,52976,19748.0,12989.0,122645,22925.0,-3396,6759.0
AUSTRALIAN DOLLAR - CHICAGO MERCANTILE EXCHANGE,2018-05-01,63321,68993,13741.0,16017.0,145711,23066.0,-5672,-2276.0
AUSTRALIAN DOLLAR - CHICAGO MERCANTILE EXCHANGE,2018-05-08,62751,79517,-570.0,10524.0,160224,14513.0,-16766,-11094.0
AUSTRALIAN DOLLAR - CHICAGO MERCANTILE EXCHANGE,2018-05-15,72514,95620,9763.0,16103.0,173515,13291.0,-23106,-6340.0
AUSTRALIAN DOLLAR - CHICAGO MERCANTILE EXCHANGE,2018-05-22,56063,77175,-16451.0,-18445.0,150320,-23195.0,-21112,1994.0
AUSTRALIAN DOLLAR - CHICAGO MERCANTILE EXCHANGE,2018-05-29,58656,81891,2593.0,4716.0,155973,5653.0,-23235,-2123.0
AUSTRALIAN DOLLAR - CHICAGO MERCANTILE EXCHANGE,2018-06-05,51719,71927,-6937.0,-9964.0,143872,-12101.0,-20208,3027.0
AUSTRALIAN DOLLAR - CHICAGO MERCANTILE EXCHANGE,2018-06-12,45318,60553,-6401.0,-11374.0,137724,-6148.0,-15235,4973.0
AUSTRALIAN DOLLAR - CHICAGO MERCANTILE EXCHANGE,2018-06-19,32212,75311,-13106.0,14758.0,135854,-1870.0,-43099,-27864.0
AUSTRALIAN DOLLAR - CHICAGO MERCANTILE EXCHANGE,2018-06-26,33105,74083,893.0,-1228.0,137795,1941.0,-40978,2121.0
AUSTRALIAN DOLLAR - CHICAGO MERCANTILE EXCHANGE,2018-07-03,35061,74291,1956.0,208.0,141049,3254.0,-39230,1748.0
AUSTRALIAN DOLLAR - CHICAGO MERCANTILE EXCHANGE,2018-07-10,30112,71085,-4949.0,-3206.0,135171,-5878.0,-40973,-1743.0
AUSTRALIAN DOLLAR - CHICAGO MERCANTILE EXCHANGE,2018-07-17,28530,69055,-1582.0,-2030.0,132268,-2903.0,-40525,448.0
AUSTRALIAN DOLLAR - CHICAGO MERCANTILE EXCHANGE,2018-07-24,22676,68162,-5854.0,-893.0,133557,1289.0,-45486,-4961.0
AUSTRALIAN DOLLAR - CHICAGO MERCANTILE EXCHANGE,2018-07-31,21642,73118,-1034.0,4956.0,137325,3768.0,-51476,-5990.0
AUSTRALIAN DOLLAR - CHICAGO MERCANTILE EXCHANGE,2018-08-07,21364,75904,-278.0,2786.0,141237,3912.0,-54540,-3064.0
AUSTRALIAN DOLLAR - CHICAGO MERCANTILE EXCHANGE,2018-08-14,25649,77432,4285.0,1528.0,149238,8001.0,-51783,2757.0
AUSTRALIAN DOLLAR - CHICAGO MERCANTILE EXCHANGE,2018-08-21,25528,75735,-121.0,-1697.0,145299,-3939.0,-50207,1576.0
AUSTRALIAN DOLLAR - CHICAGO MERCANTILE EXCHANGE,2018-08-28,24792,69425,-736.0,-6310.0,141344,-3955.0,-44633,5574.0
AUSTRALIAN DOLLAR - CHICAGO MERCANTILE EXCHANGE,2018-09-04,31772,75803,6980.0,6378.0,156234,14890.0,-44031,602.0
AUSTRALIAN DOLLAR - CHICAGO MERCANTILE EXCHANGE,2018-09-11,48230,92542,16458.0,16739.0,176761,20527.0,-44312,-281.0
AUSTRALIAN DOLLAR - CHICAGO MERCANTILE EXCHANGE,2018-09-18,26231,94234,-21999.0,1692.0,162860,-13901.0,-68003,-23691.0
AUSTRALIAN DOLLAR - CHICAGO MERCANTILE EXCHANGE,2018-09-25,21888,93949,-4343.0,-285.0,158761,-4099.0,-72061,-4058.0
AUSTRALIAN DOLLAR - CHICAGO MERCANTILE EXCHANGE,2018-10-02,20470,92188,-1418.0,-1761.0,154671,-4090.0,-71718,343.0
AUSTRALIAN DOLLAR - CHICAGO MERCANTILE EXCHANGE,2018-10-09,25596,98880,5126.0,6692.0,170758,16087.0,-73284,-1566.0
AUSTRALIAN DOLLAR - CHICAGO MERCANTILE EXCHANGE,2018-10-16,19849,91340,-5747.0,-7540.0,155988,-14770.0,-71491,1793.0
AUSTRALIAN DOLLAR - CHICAGO MERCANTILE EXCHANGE,2018-10-23,20207,90575,358.0,-765.0,157539,1551.0,-70368,1123.0
AUSTRALIAN DOLLAR - CHICAGO MERCANTILE EXCHANGE,2018-10-30,22379,92791,2172.0,2216.0,164840,7301.0,-70412,-44.0
AUSTRALIAN DOLLAR - CHICAGO MERCANTILE EXCHANGE,2018-11-06,20825,87270,-1554.0,-5521.0,150565,-14275.0,-66445,3967.0
AUSTRALIAN DOLLAR - CHICAGO MERCANTILE EXCHANGE,2018-11-13,18800,78580,-2025.0,-8690.0,146295,-4270.0,-59780,6665.0
AUSTRALIAN DOLLAR - CHICAGO MERCANTILE EXCHANGE,2018-11-20,15968,75148,-2832.0,-3432.0,141872,-4423.0,-59180,600.0
AUSTRALIAN DOLLAR - CHICAGO MERCANTILE EXCHANGE,2018-11-27,12168,66071,-3800.0,-9077.0,136796,-5076.0,-53903,5277.0
AUSTRALIAN DOLLAR - CHICAGO MERCANTILE EXCHANGE,2018-12-04,16743,67498,4575.0,1427.0,148755,11959.0,-50755,3148.0
AUSTRALIAN DOLLAR - CHICAGO MERCANTILE EXCHANGE,2018-12-11,14520,60051,-2223.0,-7447.0,148414,-341.0,-45531,5224.0
AUSTRALIAN DOLLAR - CHICAGO MERCANTILE EXCHANGE,2018-12-18,17970,53039,3450.0,-7012.0,112262,-36152.0,-35069,10462.0
AUSTRALIAN DOLLAR - CHICAGO MERCANTILE EXCHANGE,2018-12-24,22653,53914,4683.0,875.0,117693,5431.0,-31261,3808.0
AUSTRALIAN DOLLAR - CHICAGO MERCANTILE EXCHANGE,2018-12-31,27919,54210,5266.0,296.0,122428,4735.0,-26291,4970.0
AUSTRALIAN DOLLAR - CHICAGO MERCANTILE EXCHANGE,2019-01-08,22345,60120,-5574.0,5910.0,127476,5048.0,-37775,-11484.0
AUSTRALIAN DOLLAR - CHICAGO MERCANTILE EXCHANGE,2019-01-15,21029,58998,-1316.0,-1122.0,125344,-2132.0,-37969,-194.0
AUSTRALIAN DOLLAR - CHICAGO MERCANTILE EXCHANGE,2019-01-22,17580,53643,-3449.0,-5355.0,120516,-4828.0,-36063,1906.0
AUSTRALIAN DOLLAR - CHICAGO MERCANTILE EXCHANGE,2019-01-29,21112,53224,3532.0,-419.0,121855,1339.0,-32112,3951.0
AUSTRALIAN DOLLAR - CHICAGO MERCANTILE EXCHANGE,2019-02-05,18997,54614,-2115.0,1390.0,120590,-1265.0,-35617,-3505.0
AUSTRALIAN DOLLAR - CHICAGO MERCANTILE EXCHANGE,2019-02-12,18677,53172,-320.0,-1442.0,127343,6753.0,-34495,1122.0
AUSTRALIAN DOLLAR - CHICAGO MERCANTILE EXCHANGE,2019-02-19,17626,54694,-1051.0,1522.0,129223,1880.0,-37068,-2573.0
AUSTRALIAN DOLLAR - CHICAGO MERCANTILE EXCHANGE,2019-02-26,18802,54545,1176.0,-149.0,130502,1279.0,-35743,1325.0
AUSTRALIAN DOLLAR - CHICAGO MERCANTILE EXCHANGE,2019-03-05,22597,63338,3795.0,8793.0,141773,11271.0,-40741,-4998.0
AUSTRALIAN DOLLAR - CHICAGO MERCANTILE EXCHANGE,2019-03-12,25440,69139,2843.0,5801.0,163073,21300.0,-43699,-2958.0
AUSTRALIAN DOLLAR - CHICAGO MERCANTILE EXCHANGE,2019-03-19,20513,72415,-4927.0,3276.0,142382,-20691.0,-51902,-8203.0
AUSTRALIAN DOLLAR - CHICAGO MERCANTILE EXCHANGE,2019-03-26,22879,76549,2366.0,4134.0,141322,-1060.0,-53670,-1768.0
AUSTRALIAN DOLLAR - CHICAGO MERCANTILE EXCHANGE,2019-04-02,26551,82294,3672.0,5745.0,149828,8506.0,-55743,-2073.0
AUSTRALIAN DOLLAR - CHICAGO MERCANTILE EXCHANGE,2019-04-09,28481,82897,1930.0,603.0,146576,-3252.0,-54416,1327.0
AUSTRALIAN DOLLAR - CHICAGO MERCANTILE EXCHANGE,2019-04-16,29791,76671,1310.0,-6226.0,140674,-5902.0,-46880,7536.0
AUSTRALIAN DOLLAR - CHICAGO MERCANTILE EXCHANGE,2019-04-23,28754,79203,-1037.0,2532.0,142394,1720.0,-50449,-3569.0
AUSTRALIAN DOLLAR - CHICAGO MERCANTILE EXCHANGE,2019-04-30,30520,89525,1766.0,10322.0,159857,17463.0,-59005,-8556.0
AUSTRALIAN DOLLAR - CHICAGO MERCANTILE EXCHANGE,2019-05-07,32291,89340,1771.0,-185.0,162579,2722.0,-57049,1956.0
AUSTRALIAN DOLLAR - CHICAGO MERCANTILE EXCHANGE,2019-05-14,29130,93176,-3161.0,3836.0,165582,3003.0,-64046,-6997.0
AUSTRALIAN DOLLAR - CHICAGO MERCANTILE EXCHANGE,2019-05-21,39757,105868,10627.0,12692.0,183247,17665.0,-66111,-2065.0
AUSTRALIAN DOLLAR - CHICAGO MERCANTILE EXCHANGE,2019-05-28,38653,105046,-1104.0,-822.0,179990,-3257.0,-66393,-282.0
AUSTRALIAN DOLLAR - CHICAGO MERCANTILE EXCHANGE,2019-06-04,36304,99595,-2349.0,-5451.0,170251,-9739.0,-63291,3102.0
AUSTRALIAN DOLLAR - CHICAGO MERCANTILE EXCHANGE,2019-06-11,32447,95673,-3857.0,-3922.0,198112,27861.0,-63226,65.0
AUSTRALIAN DOLLAR - CHICAGO MERCANTILE EXCHANGE,2019-06-18,43352,108215,10905.0,12542.0,178401,-19711.0,-64863,-1637.0
AUSTRALIAN DOLLAR - CHICAGO MERCANTILE EXCHANGE,2019-06-25,30526,96846,-12826.0,-11369.0,164741,-13660.0,-66320,-1457.0
AUSTRALIAN DOLLAR - CHICAGO MERCANTILE EXCHANGE,2019-07-02,34840,93575,4314.0,-3271.0,162186,-2555.0,-58735,7585.0
AUSTRALIAN DOLLAR - CHICAGO MERCANTILE EXCHANGE,2019-07-09,31850,85857,-2990.0,-7718.0,158794,-3392.0,-54007,4728.0
AUSTRALIAN DOLLAR - CHICAGO MERCANTILE EXCHANGE,2019-07-16,31843,84419,-7.0,-1438.0,157734,-1060.0,-52576,1431.0
AUSTRALIAN DOLLAR - CHICAGO MERCANTILE EXCHANGE,2019-07-23,29500,77480,-2343.0,-6939.0,150525,-7209.0,-47980,4596.0
AUSTRALIAN DOLLAR - CHICAGO MERCANTILE EXCHANGE,2019-07-30,35450,88892,5950.0,11412.0,162988,12463.0,-53442,-5462.0
AUSTRALIAN DOLLAR - CHICAGO MERCANTILE EXCHANGE,2019-08-06,42314,97825,6864.0,8933.0,178023,15035.0,-55511,-2069.0
AUSTRALIAN DOLLAR - CHICAGO MERCANTILE EXCHANGE,2019-08-13,36304,99216,-6010.0,1391.0,175597,-2426.0,-62912,-7401.0
AUSTRALIAN DOLLAR - CHICAGO MERCANTILE EXCHANGE,2019-08-20,32358,95139,-3946.0,-4077.0,169175,-6422.0,-62781,131.0
AUSTRALIAN DOLLAR - CHICAGO MERCANTILE EXCHANGE,2019-08-27,31850,92882,-508.0,-2257.0,165752,-3423.0,-61032,1749.0
AUSTRALIAN DOLLAR - CHICAGO MERCANTILE EXCHANGE,2019-09-03,34089,93407,2239.0,525.0,174021,8269.0,-59318,1714.0
AUSTRALIAN DOLLAR - CHICAGO MERCANTILE EXCHANGE,2019-09-10,36994,90008,2905.0,-3399.0,182355,8334.0,-53014,6304.0
AUSTRALIAN DOLLAR - CHICAGO MERCANTILE EXCHANGE,2019-09-17,34566,74648,-2428.0,-15360.0,138052,-44303.0,-40082,12932.0
AUSTRALIAN DOLLAR - CHICAGO MERCANTILE EXCHANGE,2019-09-24,46244,93399,11678.0,18751.0,160872,22820.0,-47155,-7073.0
AUSTRALIAN DOLLAR - CHICAGO MERCANTILE EXCHANGE,2019-10-01,46909,99211,665.0,5812.0,171940,11068.0,-52302,-5147.0
AUSTRALIAN DOLLAR - CHICAGO MERCANTILE EXCHANGE,2019-10-08,43328,90272,-3581.0,-8939.0,168839,-3101.0,-46944,5358.0
AUSTRALIAN DOLLAR - CHICAGO MERCANTILE EXCHANGE,2019-10-15,42162,89767,-1166.0,-505.0,163884,-4955.0,-47605,-661.0
AUSTRALIAN DOLLAR - CHICAGO MERCANTILE EXCHANGE,2019-10-22,38170,82156,-3992.0,-7611.0,157200,-6684.0,-43986,3619.0
AUSTRALIAN DOLLAR - CHICAGO MERCANTILE EXCHANGE,2019-10-29,36831,77118,-1339.0,-5038.0,153444,-3756.0,-40287,3699.0
AUSTRALIAN DOLLAR - CHICAGO MERCANTILE EXCHANGE,2019-11-05,49832,76626,13001.0,-492.0,161411,7967.0,-26794,13493.0
AUSTRALIAN DOLLAR - CHICAGO MERCANTILE EXCHANGE,2019-11-12,41261,82070,-8571.0,5444.0,160129,-1282.0,-40809,-14015.0
AUSTRALIAN DOLLAR - CHICAGO MERCANTILE EXCHANGE,2019-11-19,43871,91111,2610.0,9041.0,172425,12296.0,-47240,-6431.0
AUSTRALIAN DOLLAR - CHICAGO MERCANTILE EXCHANGE,2019-11-26,52639,97994,8768.0,6883.0,184471,12046.0,-45355,1885.0
AUSTRALIAN DOLLAR - CHICAGO MERCANTILE EXCHANGE,2019-12-03,57550,93983,4911.0,-4011.0,185828,1357.0,-36433,8922.0
AUSTRALIAN DOLLAR - CHICAGO MERCANTILE EXCHANGE,2019-12-10,46614,83422,-10936.0,-10561.0,181496,-4332.0,-36808,-375.0
AUSTRALIAN DOLLAR - CHICAGO MERCANTILE EXCHANGE,2019-12-17,33294,79872,-13320.0,-3550.0,153504,-27992.0,-46578,-9770.0
AUSTRALIAN DOLLAR - CHICAGO MERCANTILE EXCHANGE,2019-12-24,39526,85690,6232.0,5818.0,155810,2306.0,-46164,414.0
AUSTRALIAN DOLLAR - CHICAGO MERCANTILE EXCHANGE,2019-12-31,49430,87769,9904.0,2079.0,164305,8495.0,-38339,7825.0
AUSTRALIAN DOLLAR - CHICAGO MERCANTILE EXCHANGE,2020-01-07,52063,79312,2633.0,-8457.0,157739,-6566.0,-27249,11090.0
AUSTRALIAN DOLLAR - CHICAGO MERCANTILE EXCHANGE,2020-01-14,43769,64318,-8294.0,-14994.0,144568,-13171.0,-20549,6700.0
AUSTRALIAN DOLLAR - CHICAGO MERCANTILE EXCHANGE,2020-01-21,42359,61660,-1410.0,-2658.0,139478,-5090.0,-19301,1248.0
AUSTRALIAN DOLLAR - CHICAGO MERCANTILE EXCHANGE,2020-01-28,44662,72182,2303.0,10522.0,156721,17243.0,-27520,-8219.0
AUSTRALIAN DOLLAR - CHICAGO MERCANTILE EXCHANGE,2020-02-04,48368,91665,3706.0,19483.0,180856,24135.0,-43297,-15777.0
AUSTRALIAN DOLLAR - CHICAGO MERCANTILE EXCHANGE,2020-02-11,48188,80856,-180.0,-10809.0,177528,-3328.0,-32668,10629.0
AUSTRALIAN DOLLAR - CHICAGO MERCANTILE EXCHANGE,2020-02-18,47989,85466,-199.0,4610.0,187455,9927.0,-37477,-4809.0
AUSTRALIAN DOLLAR - CHICAGO MERCANTILE EXCHANGE,2020-02-25,56684,100536,8695.0,15070.0,213324,25869.0,-43852,-6375.0
AUSTRALIAN DOLLAR - CHICAGO MERCANTILE EXCHANGE,2020-03-03,64846,116799,8162.0,16263.0,223084,9760.0,-51953,-8101.0
AUSTRALIAN DOLLAR - CHICAGO MERCANTILE EXCHANGE,2020-03-10,49757,103770,-15089.0,-13029.0,211243,-11841.0,-54013,-2060.0
AUSTRALIAN DOLLAR - CHICAGO MERCANTILE EXCHANGE,2020-03-17,39246,67979,-10511.0,-35791.0,149878,-61365.0,-28733,25280.0
AUSTRALIAN DOLLAR - CHICAGO MERCANTILE EXCHANGE,2020-03-24,31024,56231,-8222.0,-11748.0,135097,-14781.0,-25207,3526.0
AUSTRALIAN DOLLAR - CHICAGO MERCANTILE EXCHANGE,2020-03-31,27315,58979,-3709.0,2748.0,130982,-4115.0,-31664,-6457.0
AUSTRALIAN DOLLAR - CHICAGO MERCANTILE EXCHANGE,2020-04-07,26483,61881,-832.0,2902.0,130056,-926.0,-35398,-3734.0
AUSTRALIAN DOLLAR - CHICAGO MERCANTILE EXCHANGE,2020-04-14,22037,57591,-4446.0,-4290.0,128258,-1798.0,-35554,-156.0
AUSTRALIAN DOLLAR - CHICAGO MERCANTILE EXCHANGE,2020-04-21,21452,56272,-585.0,-1319.0,126180,-2078.0,-34820,734.0
AUSTRALIAN DOLLAR - CHICAGO MERCANTILE EXCHANGE,2020-04-28,21736,59477,284.0,3205.0,129162,2982.0,-37741,-2921.0
AUSTRALIAN DOLLAR - CHICAGO MERCANTILE EXCHANGE,2020-05-05,23541,56996,1805.0,-2481.0,129293,131.0,-33455,4286.0
AUSTRALIAN DOLLAR - CHICAGO MERCANTILE EXCHANGE,2020-05-12,23719,59144,178.0,2148.0,129264,-29.0,-35425,-1970.0
AUSTRALIAN DOLLAR - CHICAGO MERCANTILE EXCHANGE,2020-05-19,25301,64859,1582.0,5715.0,132797,3533.0,-39558,-4133.0
AUSTRALIAN DOLLAR - CHICAGO MERCANTILE EXCHANGE,2020-05-26,25530,66068,229.0,1209.0,136920,4123.0,-40538,-980.0
AUSTRALIAN DOLLAR - CHICAGO MERCANTILE EXCHANGE,2020-06-02,26571,67362,1041.0,1294.0,135378,-1542.0,-40791,-253.0
AUSTRALIAN DOLLAR - CHICAGO MERCANTILE EXCHANGE,2020-06-09,29912,66487,3341.0,-875.0,138936,3558.0,-36575,4216.0
AUSTRALIAN DOLLAR - CHICAGO MERCANTILE EXCHANGE,2020-06-16,31685,38217,1773.0,-28270.0,90803,-48133.0,-6532,30043.0
AUSTRALIAN DOLLAR - CHICAGO MERCANTILE EXCHANGE,2020-06-23,35974,40784,4289.0,2567.0,93782,2979.0,-4810,1722.0
AUSTRALIAN DOLLAR - CHICAGO MERCANTILE EXCHANGE,2020-06-30,40025,42933,4051.0,2149.0,100658,6876.0,-2908,1902.0
AUSTRALIAN DOLLAR - CHICAGO MERCANTILE EXCHANGE,2020-07-07,44740,45434,4715.0,2501.0,105115,4457.0,-694,2214.0
AUSTRALIAN DOLLAR - CHICAGO MERCANTILE EXCHANGE,2020-07-14,45543,41293,803.0,-4141.0,107237,2122.0,4250,4944.0
AUSTRALIAN DOLLAR - CHICAGO MERCANTILE EXCHANGE,2020-07-21,41778,41983,-3765.0,690.0,108952,1715.0,-205,-4455.0
AUSTRALIAN DOLLAR - CHICAGO MERCANTILE EXCHANGE,2020-07-28,42402,47414,624.0,5431.0,113682,4730.0,-5012,-4807.0
AUSTRALIAN DOLLAR - CHICAGO MERCANTILE EXCHANGE,2020-08-04,45465,46513,3063.0,-901.0,120274,6592.0,-1048,3964.0
AUSTRALIAN DOLLAR - CHICAGO MERCANTILE EXCHANGE,2020-08-11,47321,50809,1856.0,4296.0,122210,1936.0,-3488,-2440.0
AUSTRALIAN DOLLAR - CHICAGO MERCANTILE EXCHANGE,2020-08-18,48489,51789,1168.0,980.0,124931,2721.0,-3300,188.0
AUSTRALIAN DOLLAR - CHICAGO MERCANTILE EXCHANGE,2020-08-25,51131,55030,2642.0,3241.0,127505,2574.0,-3899,-599.0
AUSTRALIAN DOLLAR - CHICAGO MERCANTILE EXCHANGE,2020-09-01,58190,58355,7059.0,3325.0,137131,9626.0,-165,3734.0
AUSTRALIAN DOLLAR - CHICAGO MERCANTILE EXCHANGE,2020-09-08,57097,59141,-1093.0,786.0,144091,6960.0,-2044,-1879.0
AUSTRALIAN DOLLAR - CHICAGO MERCANTILE EXCHANGE,2020-09-15,59687,43468,2590.0,-15673.0,131814,-12277.0,16219,18263.0
AUSTRALIAN DOLLAR - CHICAGO MERCANTILE EXCHANGE,2020-09-22,60713,44374,1026.0,906.0,133214,1400.0,16339,120.0
AUSTRALIAN DOLLAR - CHICAGO MERCANTILE EXCHANGE,2020-09-29,53816,44879,-6897.0,505.0,128448,-4766.0,8937,-7402.0
AUSTRALIAN DOLLAR - CHICAGO MERCANTILE EXCHANGE,2020-10-06,61379,50532,7563.0,5653.0,132119,3671.0,10847,1910.0
AUSTRALIAN DOLLAR - CHICAGO MERCANTILE EXCHANGE,2020-10-13,63863,60009,2484.0,9477.0,137281,5162.0,3854,-6993.0
AUSTRALIAN DOLLAR - CHICAGO MERCANTILE EXCHANGE,2020-10-20,61147,54392,-2716.0,-5617.0,134220,-3061.0,6755,2901.0
AUSTRALIAN DOLLAR - CHICAGO MERCANTILE EXCHANGE,2020-10-27,59696,50806,-1451.0,-3586.0,130361,-3859.0,8890,2135.0
AUSTRALIAN DOLLAR - CHICAGO MERCANTILE EXCHANGE,2020-11-03,56529,57843,-3167.0,7037.0,134352,3991.0,-1314,-10204.0
AUSTRALIAN DOLLAR - CHICAGO MERCANTILE EXCHANGE,2020-11-10,49371,58091,-7158.0,248.0,130615,-3737.0,-8720,-7406.0
AUSTRALIAN DOLLAR - CHICAGO MERCANTILE EXCHANGE,2020-11-17,48831,54954,-540.0,-3137.0,129737,-878.0,-6123,2597.0
AUSTRALIAN DOLLAR - CHICAGO MERCANTILE EXCHANGE,2020-11-24,51679,56956,2848.0,2002.0,131531,1794.0,-5277,846.0
AUSTRALIAN DOLLAR - CHICAGO MERCANTILE EXCHANGE,2020-12-01,45453,56253,-6226.0,-703.0,130727,-804.0,-10800,-5523.0
AUSTRALIAN DOLLAR - CHICAGO MERCANTILE EXCHANGE,2020-12-08,50650,60757,5197.0,4504.0,160280,29553.0,-10107,693.0
AUSTRALIAN DOLLAR - CHICAGO MERCANTILE EXCHANGE,2020-12-15,45786,55111,-4864.0,-5646.0,127016,-33264.0,-9325,782.0
AUSTRALIAN DOLLAR - CHICAGO MERCANTILE EXCHANGE,2020-12-21,53323,57742,7537.0,2631.0,136013,8997.0,-4419,4906.0
AUSTRALIAN DOLLAR - CHICAGO MERCANTILE EXCHANGE,2020-12-29,53827,60333,504.0,2591.0,138309,2296.0,-6506,-2087.0
AUSTRALIAN DOLLAR - CHICAGO MERCANTILE EXCHANGE,2021-01-05,59738,63645,5911.0,3312.0,146093,7784.0,-3907,2599.0
AUSTRALIAN DOLLAR - CHICAGO MERCANTILE EXCHANGE,2021-01-12,60450,54994,712.0,-8651.0,144614,-1479.0,5456,9363.0
AUSTRALIAN DOLLAR - CHICAGO MERCANTILE EXCHANGE,2021-01-19,59927,55067,-523.0,73.0,144283,-331.0,4860,-596.0
AUSTRALIAN DOLLAR - CHICAGO MERCANTILE EXCHANGE,2021-01-26,56372,55601,-3555.0,534.0,143073,-1210.0,771,-4089.0
AUSTRALIAN DOLLAR - CHICAGO MERCANTILE EXCHANGE,2021-02-02,55768,57235,-604.0,1634.0,142644,-429.0,-1467,-2238.0
AUSTRALIAN DOLLAR - CHICAGO MERCANTILE EXCHANGE,2021-02-09,55931,56147,163.0,-1088.0,140497,-2147.0,-216,1251.0
AUSTRALIAN DOLLAR - CHICAGO MERCANTILE EXCHANGE,2021-02-16,54675,57496,-1256.0,1349.0,140954,457.0,-2821,-2605.0
AUSTRALIAN DOLLAR - CHICAGO MERCANTILE EXCHANGE,2021-02-23,55664,57300,989.0,-196.0,145261,4307.0,-1636,1185.0
AUSTRALIAN DOLLAR - CHICAGO MERCANTILE EXCHANGE,2021-03-02,61047,55006,5383.0,-2294.0,149904,4643.0,6041,7677.0
AUSTRALIAN DOLLAR - CHICAGO MERCANTILE EXCHANGE,2021-03-09,61848,53773,801.0,-1233.0,150330,426.0,8075,2034.0
AUSTRALIAN DOLLAR - CHICAGO MERCANTILE EXCHANGE,2021-03-16,57840,50220,-4008.0,-3553.0,129421,-20909.0,7620,-455.0
AUSTRALIAN DOLLAR - CHICAGO MERCANTILE EXCHANGE,2021-03-23,59032,53090,1192.0,2870.0,133276,3855.0,5942,-1678.0
AUSTRALIAN DOLLAR - CHICAGO MERCANTILE EXCHANGE,2021-03-30,66607,54344,7575.0,1254.0,137335,4059.0,12263,6321.0
AUSTRALIAN DOLLAR - CHICAGO MERCANTILE EXCHANGE,2021-04-06,62991,58925,-3616.0,4581.0,137218,-117.0,4066,-8197.0
AUSTRALIAN DOLLAR - CHICAGO MERCANTILE EXCHANGE,2021-04-13,64031,60272,1040.0,1347.0,139633,2415.0,3759,-307.0
AUSTRALIAN DOLLAR - CHICAGO MERCANTILE EXCHANGE,2021-04-20,56723,58529,-7308.0,-1743.0,136167,-3466.0,-1806,-5565.0
AUSTRALIAN DOLLAR - CHICAGO MERCANTILE EXCHANGE,2021-04-27,59735,61145,3012.0,2616.0,140736,4569.0,-1410,396.0
AUSTRALIAN DOLLAR - CHICAGO MERCANTILE EXCHANGE,2021-05-04,58385,56909,-1350.0,-4236.0,137649,-3087.0,1476,2886.0
AUSTRALIAN DOLLAR - CHICAGO MERCANTILE EXCHANGE,2021-05-11,59158,56742,773.0,-167.0,140907,3258.0,2416,940.0
AUSTRALIAN DOLLAR - CHICAGO MERCANTILE EXCHANGE,2021-05-18,57862,54860,-1296.0,-1882.0,137436,-3471.0,3002,586.0
AUSTRALIAN DOLLAR - CHICAGO MERCANTILE EXCHANGE,2021-05-25,55098,55907,-2764.0,1047.0,134790,-2646.0,-809,-3811.0
AUSTRALIAN DOLLAR - CHICAGO MERCANTILE EXCHANGE,2021-06-01,55385,57310,287.0,1403.0,135182,392.0,-1925,-1116.0
AUSTRALIAN DOLLAR - CHICAGO MERCANTILE EXCHANGE,2021-06-08,48150,57587,-7235.0,277.0,148640,13458.0,-9437,-7512.0
AUSTRALIAN DOLLAR - CHICAGO MERCANTILE EXCHANGE,2021-06-15,40139,58019,-8011.0,432.0,124137,-24503.0,-17880,-8443.0
AUSTRALIAN DOLLAR - CHICAGO MERCANTILE EXCHANGE,2021-06-22,56133,73708,15994.0,15689.0,147814,23677.0,-17575,305.0
AUSTRALIAN DOLLAR - CHICAGO MERCANTILE EXCHANGE,2021-06-29,48824,66624,-7309.0,-7084.0,140482,-7332.0,-17800,-225.0
AUSTRALIAN DOLLAR - CHICAGO MERCANTILE EXCHANGE,2021-07-06,53352,78222,4528.0,11598.0,147352,6870.0,-24870,-7070.0
AUSTRALIAN DOLLAR - CHICAGO MERCANTILE EXCHANGE,2021-07-13,56721,85509,3369.0,7287.0,155995,8643.0,-28788,-3918.0
AUSTRALIAN DOLLAR - CHICAGO MERCANTILE EXCHANGE,2021-07-20,57072,92762,351.0,7253.0,163574,7579.0,-35690,-6902.0
AUSTRALIAN DOLLAR - CHICAGO MERCANTILE EXCHANGE,2021-07-27,57415,96762,343.0,4000.0,167840,4266.0,-39347,-3657.0
AUSTRALIAN DOLLAR - CHICAGO MERCANTILE EXCHANGE,2021-08-03,57742,99025,327.0,2263.0,169889,2049.0,-41283,-1936.0
AUSTRALIAN DOLLAR - CHICAGO MERCANTILE EXCHANGE,2021-08-10,57323,106636,-419.0,7611.0,171742,1853.0,-49313,-8030.0
AUSTRALIAN DOLLAR - CHICAGO MERCANTILE EXCHANGE,2021-08-17,64169,114536,6846.0,7900.0,186948,15206.0,-50367,-1054.0
AUSTRALIAN DOLLAR - CHICAGO MERCANTILE EXCHANGE,2021-08-24,60964,117564,-3205.0,3028.0,197636,10688.0,-56600,-6233.0
AUSTRALIAN DOLLAR - CHICAGO MERCANTILE EXCHANGE,2021-08-31,47384,107462,-13580.0,-10102.0,182084,-15552.0,-60078,-3478.0
AUSTRALIAN DOLLAR - CHICAGO MERCANTILE EXCHANGE,2021-09-07,32496,102984,-14888.0,-4478.0,173484,-8600.0,-70488,-10410.0
AUSTRALIAN DOLLAR - CHICAGO MERCANTILE EXCHANGE,2021-09-14,13116,96499,-19380.0,-6485.0,164727,-8757.0,-83383,-12895.0
AUSTRALIAN DOLLAR - CHICAGO MERCANTILE EXCHANGE,2021-09-21,24746,110330,11630.0,13831.0,185492,20765.0,-85584,-2201.0
AUSTRALIAN DOLLAR - CHICAGO MERCANTILE EXCHANGE,2021-09-28,18407,104790,-6339.0,-5540.0,180869,-4623.0,-86383,-799.0
AUSTRALIAN DOLLAR - CHICAGO MERCANTILE EXCHANGE,2021-10-05,17471,107450,-936.0,2660.0,188691,7822.0,-89979,-3596.0
AUSTRALIAN DOLLAR - CHICAGO MERCANTILE EXCHANGE,2021-10-12,11193,98801,-6278.0,-8649.0,177932,-10759.0,-87608,2371.0
AUSTRALIAN DOLLAR - CHICAGO MERCANTILE EXCHANGE,2021-10-19,11632,87690,439.0,-11111.0,158531,-19401.0,-76058,11550.0
AUSTRALIAN DOLLAR - CHICAGO MERCANTILE EXCHANGE,2021-10-26,17448,92694,5816.0,5004.0,160011,1480.0,-75246,812.0
AUSTRALIAN DOLLAR - CHICAGO MERCANTILE EXCHANGE,2021-11-02,19187,94683,1739.0,1989.0,162888,2877.0,-75496,-250.0
AUSTRALIAN DOLLAR - CHICAGO MERCANTILE EXCHANGE,2021-11-09,23844,87268,4657.0,-7415.0,157269,-5619.0,-63424,12072.0
AUSTRALIAN DOLLAR - CHICAGO MERCANTILE EXCHANGE,2021-11-16,30760,91913,6916.0,4645.0,166688,9419.0,-61153,2271.0
AUSTRALIAN DOLLAR - CHICAGO MERCANTILE EXCHANGE,2021-11-23,40523,103788,9763.0,11875.0,188033,21345.0,-63265,-2112.0
AUSTRALIAN DOLLAR - CHICAGO MERCANTILE EXCHANGE,2021-11-30,33217,113402,-7306.0,9614.0,201981,13948.0,-80185,-16920.0
AUSTRALIAN DOLLAR - CHICAGO MERCANTILE EXCHANGE,2021-12-07,33380,115172,163.0,1770.0,212150,10169.0,-81792,-1607.0
AUSTRALIAN DOLLAR - CHICAGO MERCANTILE EXCHANGE,2021-12-14,29254,108157,-4126.0,-7015.0,197405,-14745.0,-78903,2889.0
AUSTRALIAN DOLLAR - CHICAGO MERCANTILE EXCHANGE,2021-12-21,22958,103312,-6296.0,-4845.0,191309,-6096.0,-80354,-1451.0
AUSTRALIAN DOLLAR - CHICAGO MERCANTILE EXCHANGE,2021-12-28,16885,98626,-6073.0,-4686.0,183152,-8157.0,-81741,-1387.0
AUSTRALIAN DOLLAR - CHICAGO MERCANTILE EXCHANGE,2022-01-04,12632,101998,-4253.0,3372.0,180107,-3045.0,-89366,-7625.0
AUSTRALIAN DOLLAR - CHICAGO MERCANTILE EXCHANGE,2022-01-11,12383,103869,-249.0,1871.0,185453,5346.0,-91486,-2120.0
AUSTRALIAN DOLLAR - CHICAGO MERCANTILE EXCHANGE,2022-01-18,9051,97505,-3332.0,-6364.0,181136,-4317.0,-88454,3032.0
AUSTRALIAN DOLLAR - CHICAGO MERCANTILE EXCHANGE,2022-01-25,15121,98394,6070.0,889.0,190020,8884.0,-83273,5181.0
AUSTRALIAN DOLLAR - CHICAGO MERCANTILE EXCHANGE,2022-02-01,18835,98664,3714.0,270.0,196913,6893.0,-79829,3444.0
AUSTRALIAN DOLLAR - CHICAGO MERCANTILE EXCHANGE,2022-02-08,17323,103064,-1512.0,4400.0,196403,-510.0,-85741,-5912.0
AUSTRALIAN DOLLAR - CHICAGO MERCANTILE EXCHANGE,2022-02-15,11692,98386,-5631.0,-4678.0,192578,-3825.0,-86694,-953.0
AUSTRALIAN DOLLAR - CHICAGO MERCANTILE EXCHANGE,2022-02-22,11553,95633,-139.0,-2753.0,192579,1.0,-84080,2614.0
AUSTRALIAN DOLLAR - CHICAGO MERCANTILE EXCHANGE,2022-03-01,12720,91056,1167.0,-4577.0,189667,-2912.0,-78336,5744.0
AUSTRALIAN DOLLAR - CHICAGO MERCANTILE EXCHANGE,2022-03-08,19521,97716,6801.0,6660.0,197094,7427.0,-78195,141.0
AUSTRALIAN DOLLAR - CHICAGO MERCANTILE EXCHANGE,2022-03-15,24281,69137,4760.0,-28579.0,124521,-72573.0,-44856,33339.0
AUSTRALIAN DOLLAR - CHICAGO MERCANTILE EXCHANGE,2022-03-22,23747,74936,-534.0,5799.0,127767,3246.0,-51189,-6333.0
AUSTRALIAN DOLLAR - CHICAGO MERCANTILE EXCHANGE,2022-03-29,33960,83566,10213.0,8630.0,143007,15240.0,-49606,1583.0
AUSTRALIAN DOLLAR - CHICAGO MERCANTILE EXCHANGE,2022-04-05,34871,72384,911.0,-11182.0,148898,5891.0,-37513,12093.0
AUSTRALIAN DOLLAR - CHICAGO MERCANTILE EXCHANGE,2022-04-12,39770,68485,4899.0,-3899.0,150939,2041.0,-28715,8798.0
AUSTRALIAN DOLLAR - CHICAGO MERCANTILE EXCHANGE,2022-04-19,39201,68038,-569.0,-447.0,147309,-3630.0,-28837,-122.0
AUSTRALIAN DOLLAR - CHICAGO MERCANTILE EXCHANGE,2022-04-26,47105,74756,7904.0,6718.0,147090,-219.0,-27651,1186.0
AUSTRALIAN DOLLAR - CHICAGO MERCANTILE EXCHANGE,2022-05-03,46995,75511,-110.0,755.0,152257,5167.0,-28516,-865.0
AUSTRALIAN DOLLAR - CHICAGO MERCANTILE EXCHANGE,2022-05-10,36869,78583,-10126.0,3072.0,153209,952.0,-41714,-13198.0
AUSTRALIAN DOLLAR - CHICAGO MERCANTILE EXCHANGE,2022-05-17,41473,86115,4604.0,7532.0,163809,10600.0,-44642,-2928.0
AUSTRALIAN DOLLAR - CHICAGO MERCANTILE EXCHANGE,2022-05-24,36579,82025,-4894.0,-4090.0,158615,-5194.0,-45446,-804.0
AUSTRALIAN DOLLAR - CHICAGO MERCANTILE EXCHANGE,2022-05-31,32897,81579,-3682.0,-446.0,153661,-4954.0,-48682,-3236.0
AUSTRALIAN DOLLAR - CHICAGO MERCANTILE EXCHANGE,2022-06-07,31720,79616,-1177.0,-1963.0,166422,12761.0,-47896,786.0
AUSTRALIAN DOLLAR - CHICAGO MERCANTILE EXCHANGE,2022-06-14,31660,74914,-60.0,-4702.0,142857,-23565.0,-43254,4642.0
AUSTRALIAN DOLLAR - CHICAGO MERCANTILE EXCHANGE,2022-06-21,31745,72351,85.0,-2563.0,137017,-5840.0,-40606,2648.0
AUSTRALIAN DOLLAR - CHICAGO MERCANTILE EXCHANGE,2022-06-28,28887,71867,-2858.0,-484.0,139891,2874.0,-42980,-2374.0
AUSTRALIAN DOLLAR - CHICAGO MERCANTILE EXCHANGE,2022-07-05,27622,75243,-1265.0,3376.0,146950,7059.0,-47621,-4641.0
AUSTRALIAN DOLLAR - CHICAGO MERCANTILE EXCHANGE,2022-07-12,30527,72127,2905.0,-3116.0,158263,11313.0,-41600,6021.0
AUSTRALIAN DOLLAR - CHICAGO MERCANTILE EXCHANGE,2022-07-19,30578,73726,51.0,1599.0,155246,-3017.0,-43148,-1548.0
AUSTRALIAN DOLLAR - CHICAGO MERCANTILE EXCHANGE,2022-07-26,30024,77409,-554.0,3683.0,156473,1227.0,-47385,-4237.0
AUSTRALIAN DOLLAR - CHICAGO MERCANTILE EXCHANGE,2022-08-02,30835,86785,811.0,9376.0,167931,11458.0,-55950,-8565.0
AUSTRALIAN DOLLAR - CHICAGO MERCANTILE EXCHANGE,2022-08-09,25644,83232,-5191.0,-3553.0,158100,-9831.0,-57588,-1638.0
AUSTRALIAN DOLLAR - CHICAGO MERCANTILE EXCHANGE,2022-08-16,28835,88083,3191.0,4851.0,160045,1945.0,-59248,-1660.0
AUSTRALIAN DOLLAR - CHICAGO MERCANTILE EXCHANGE,2022-08-23,32342,92370,3507.0,4287.0,169212,9167.0,-60028,-780.0
AUSTRALIAN DOLLAR - CHICAGO MERCANTILE EXCHANGE,2022-08-30,31304,88697,-1038.0,-3673.0,169267,55.0,-57393,2635.0
AUSTRALIAN DOLLAR - CHICAGO MERCANTILE EXCHANGE,2022-09-06,33305,89805,2001.0,1108.0,178232,8965.0,-56500,893.0
AUSTRALIAN DOLLAR - CHICAGO MERCANTILE EXCHANGE,2022-09-13,29218,87068,-4087.0,-2737.0,182287,4055.0,-57850,-1350.0
AUSTRALIAN DOLLAR - CHICAGO MERCANTILE EXCHANGE,2022-09-20,38797,79353,9579.0,-7715.0,150544,-31743.0,-40556,17294.0
AUSTRALIAN DOLLAR - CHICAGO MERCANTILE EXCHANGE,2022-09-27,39006,73659,209.0,-5694.0,152301,1757.0,-34653,5903.0
AUSTRALIAN DOLLAR - CHICAGO MERCANTILE EXCHANGE,2022-10-04,36248,64012,-2758.0,-9647.0,139490,-12811.0,-27764,6889.0
AUSTRALIAN DOLLAR - CHICAGO MERCANTILE EXCHANGE,2022-10-11,29325,60596,-6923.0,-3416.0,138320,-1170.0,-31271,-3507.0
AUSTRALIAN DOLLAR - CHICAGO MERCANTILE EXCHANGE,2022-10-18,33046,68405,3721.0,7809.0,150496,12176.0,-35359,-4088.0
AUSTRALIAN DOLLAR - CHICAGO MERCANTILE EXCHANGE,2022-10-25,32159,83605,-887.0,15200.0,166961,16465.0,-51446,-16087.0
AUSTRALIAN DOLLAR - CHICAGO MERCANTILE EXCHANGE,2022-11-01,34148,84680,1989.0,1075.0,165411,-1550.0,-50532,914.0
AUSTRALIAN DOLLAR - CHICAGO MERCANTILE EXCHANGE,2022-11-08,33288,79971,-860.0,-4709.0,162523,-2888.0,-46683,3849.0
AUSTRALIAN DOLLAR - CHICAGO MERCANTILE EXCHANGE,2022-11-15,33214,77963,-74.0,-2008.0,162440,-83.0,-44749,1934.0
AUSTRALIAN DOLLAR - CHICAGO MERCANTILE EXCHANGE,2022-11-22,32825,75611,-389.0,-2352.0,156807,-5633.0,-42786,1963.0
AUSTRALIAN DOLLAR - CHICAGO MERCANTILE EXCHANGE,2022-11-29,35045,79675,2220.0,4064.0,159378,2571.0,-44630,-1844.0
AUSTRALIAN DOLLAR - CHICAGO MERCANTILE EXCHANGE,2022-12-06,36334,76897,1289.0,-2778.0,158755,-623.0,-40563,4067.0
AUSTRALIAN DOLLAR - CHICAGO MERCANTILE EXCHANGE,2022-12-13,35825,73662,-509.0,-3235.0,172269,13514.0,-37837,2726.0
AUSTRALIAN DOLLAR - CHICAGO MERCANTILE EXCHANGE,2022-12-20,31779,65894,-4046.0,-7768.0,129256,-43013.0,-34115,3722.0
AUSTRALIAN DOLLAR - CHICAGO MERCANTILE EXCHANGE,2022-12-27,32955,69746,1176.0,3852.0,129195,-61.0,-36791,-2676.0
AUSTRALIAN DOLLAR - CHICAGO MERCANTILE EXCHANGE,2023-01-03,35208,71475,2253.0,1729.0,132960,3765.0,-36267,524.0
AUSTRALIAN DOLLAR - CHICAGO MERCANTILE EXCHANGE,2023-01-10,30210,63900,-4998.0,-7575.0,126028,-6932.0,-33690,2577.0
AUSTRALIAN DOLLAR - CHICAGO MERCANTILE EXCHANGE,2023-01-17,28593,62213,-1617.0,-1687.0,128213,2185.0,-33620,70.0
AUSTRALIAN DOLLAR - CHICAGO MERCANTILE EXCHANGE,2023-01-24,29466,62637,873.0,424.0,129490,1277.0,-33171,449.0
AUSTRALIAN DOLLAR - CHICAGO MERCANTILE EXCHANGE,2023-01-31,36337,66929,6871.0,4292.0,136304,6814.0,-30592,2579.0
AUSTRALIAN DOLLAR - CHICAGO MERCANTILE EXCHANGE,2023-02-07,30044,58149,-6293.0,-8780.0,124006,-12298.0,-28105,2487.0
AUSTRALIAN DOLLAR - CHICAGO MERCANTILE EXCHANGE,2023-02-14,30752,59659,708.0,1510.0,126033,2027.0,-28907,-802.0
AUSTRALIAN DOLLAR - CHICAGO MERCANTILE EXCHANGE,2023-02-21,38492,63280,7740.0,3621.0,123456,-2577.0,-24788,4119.0
AUSTRALIAN DOLLAR - CHICAGO MERCANTILE EXCHANGE,2023-02-28,41071,65236,2579.0,1956.0,126681,3225.0,-24165,623.0
AUSTRALIAN DOLLAR - CHICAGO MERCANTILE EXCHANGE,2023-03-07,54307,79131,13236.0,13895.0,157990,31309.0,-24824,-659.0
AUSTRALIAN DOLLAR - CHICAGO MERCANTILE EXCHANGE,2023-03-14,41685,81776,-12622.0,2645.0,150058,-7932.0,-40091,-15267.0
AUSTRALIAN DOLLAR - CHICAGO MERCANTILE EXCHANGE,2023-03-21,41183,79642,-502.0,-2134.0,151836,1778.0,-38459,1632.0
AUSTRALIAN DOLLAR - CHICAGO MERCANTILE EXCHANGE,2023-03-28,43813,79166,2630.0,-476.0,151238,-598.0,-35353,3106.0
AUSTRALIAN DOLLAR - CHICAGO MERCANTILE EXCHANGE,2023-04-04,46687,73920,2874.0,-5246.0,151242,4.0,-27233,8120.0
AUSTRALIAN DOLLAR - CHICAGO MERCANTILE EXCHANGE,2023-04-11,45481,83418,-1206.0,9498.0,159441,8199.0,-37937,-10704.0
AUSTRALIAN DOLLAR - CHICAGO MERCANTILE EXCHANGE,2023-04-18,44610,86966,-871.0,3548.0,159708,267.0,-42356,-4419.0
AUSTRALIAN DOLLAR - CHICAGO MERCANTILE EXCHANGE,2023-04-25,54241,93703,9631.0,6737.0,178757,19049.0,-39462,2894.0
AUSTRALIAN DOLLAR - CHICAGO MERCANTILE EXCHANGE,2023-05-02,52340,97350,-1901.0,3647.0,181229,2472.0,-45010,-5548.0
AUSTRALIAN DOLLAR - CHICAGO MERCANTILE EXCHANGE,2023-05-09,41225,90418,-11115.0,-6932.0,165532,-15697.0,-49193,-4183.0
AUSTRALIAN DOLLAR - CHICAGO MERCANTILE EXCHANGE,2023-05-16,43903,97497,2678.0,7079.0,167020,1488.0,-53594,-4401.0
AUSTRALIAN DOLLAR - CHICAGO MERCANTILE EXCHANGE,2023-05-23,53419,102500,9516.0,5003.0,180138,13118.0,-49081,4513.0
AUSTRALIAN DOLLAR - CHICAGO MERCANTILE EXCHANGE,2023-05-30,68969,113095,15550.0,10595.0,204963,24825.0,-44126,4955.0
AUSTRALIAN DOLLAR - CHICAGO MERCANTILE EXCHANGE,2023-06-06,54501,110969,-14468.0,-2126.0,209680,4717.0,-56468,-12342.0
AUSTRALIAN DOLLAR - CHICAGO MERCANTILE EXCHANGE,2023-06-13,38758,100503,-15743.0,-10466.0,182562,-27118.0,-61745,-5277.0
AUSTRALIAN DOLLAR - CHICAGO MERCANTILE EXCHANGE,2023-06-20,45743,95359,6985.0,-5144.0,149898,-32664.0,-49616,12129.0
AUSTRALIAN DOLLAR - CHICAGO MERCANTILE EXCHANGE,2023-06-27,45225,84649,-518.0,-10710.0,136335,-13563.0,-39424,10192.0
AUSTRALIAN DOLLAR - CHICAGO MERCANTILE EXCHANGE,2023-07-03,50170,94752,4945.0,10103.0,153744,17409.0,-44582,-5158.0
AUSTRALIAN DOLLAR - CHICAGO MERCANTILE EXCHANGE,2023-07-11,43661,88745,-6509.0,-6007.0,152495,-1249.0,-45084,-502.0
AUSTRALIAN DOLLAR - CHICAGO MERCANTILE EXCHANGE,2023-07-18,38252,88653,-5409.0,-92.0,148592,-3903.0,-50401,-5317.0
AUSTRALIAN DOLLAR - CHICAGO MERCANTILE EXCHANGE,2023-07-25,39108,90309,856.0,1656.0,146423,-2169.0,-51201,-800.0
AUSTRALIAN DOLLAR - CHICAGO MERCANTILE EXCHANGE,2023-08-01,46612,98404,7504.0,8095.0,161298,14875.0,-51792,-591.0
AUSTRALIAN DOLLAR - CHICAGO MERCANTILE EXCHANGE,2023-08-08,61091,104283,14479.0,5879.0,182842,21544.0,-43192,8600.0
AUSTRALIAN DOLLAR - CHICAGO MERCANTILE EXCHANGE,2023-08-15,68623,122020,7532.0,17737.0,204458,21616.0,-53397,-10205.0
AUSTRALIAN DOLLAR - CHICAGO MERCANTILE EXCHANGE,2023-08-22,72034,135820,3411.0,13800.0,226955,22497.0,-63786,-10389.0
AUSTRALIAN DOLLAR - CHICAGO MERCANTILE EXCHANGE,2023-08-29,61376,131561,-10658.0,-4259.0,223489,-3466.0,-70185,-6399.0
AUSTRALIAN DOLLAR - CHICAGO MERCANTILE EXCHANGE,2023-09-05,54032,137569,-7344.0,6008.0,241201,17712.0,-83537,-13352.0
AUSTRALIAN DOLLAR - CHICAGO MERCANTILE EXCHANGE,2023-09-12,47309,126842,-6723.0,-10727.0,256219,15018.0,-79533,4004.0
AUSTRALIAN DOLLAR - CHICAGO MERCANTILE EXCHANGE,2023-09-19,36780,133726,-10529.0,6884.0,221229,-34990.0,-96946,-17413.0
AUSTRALIAN DOLLAR - CHICAGO MERCANTILE EXCHANGE,2023-09-26,36104,122919,-676.0,-10807.0,211882,-9347.0,-86815,10131.0
AUSTRALIAN DOLLAR - CHICAGO MERCANTILE EXCHANGE,2023-10-03,39465,121452,3361.0,-1467.0,207782,-4100.0,-81987,4828.0
AUSTRALIAN DOLLAR - CHICAGO MERCANTILE EXCHANGE,2023-10-10,31827,108404,-7638.0,-13048.0,190133,-17649.0,-76577,5410.0
AUSTRALIAN DOLLAR - CHICAGO MERCANTILE EXCHANGE,2023-10-17,31565,112304,-262.0,3900.0,196044,5911.0,-80739,-4162.0
AUSTRALIAN DOLLAR - CHICAGO MERCANTILE EXCHANGE,2023-10-24,28018,111099,-3547.0,-1205.0,194666,-1378.0,-83081,-2342.0
AUSTRALIAN DOLLAR - CHICAGO MERCANTILE EXCHANGE,2023-10-31,32805,107915,4787.0,-3184.0,196866,2200.0,-75110,7971.0
AUSTRALIAN DOLLAR - CHICAGO MERCANTILE EXCHANGE,2023-11-07,34049,99612,1244.0,-8303.0,192496,-4370.0,-65563,9547.0
AUSTRALIAN DOLLAR - CHICAGO MERCANTILE EXCHANGE,2023-11-14,32728,103684,-1321.0,4072.0,197469,4973.0,-70956,-5393.0
AUSTRALIAN DOLLAR - CHICAGO MERCANTILE EXCHANGE,2023-11-21,29565,107535,-3163.0,3851.0,196598,-871.0,-77970,-7014.0
AUSTRALIAN DOLLAR - CHICAGO MERCANTILE EXCHANGE,2023-11-28,29203,100422,-362.0,-7113.0,197053,455.0,-71219,6751.0
AUSTRALIAN DOLLAR - CHICAGO MERCANTILE EXCHANGE,2023-12-05,32886,90567,3683.0,-9855.0,195569,-1484.0,-57681,13538.0
AUSTRALIAN DOLLAR - CHICAGO MERCANTILE EXCHANGE,2023-12-12,30967,83307,-1919.0,-7260.0,208927,13358.0,-52340,5341.0
AUSTRALIAN DOLLAR - CHICAGO MERCANTILE EXCHANGE,2023-12-19,35277,85954,4310.0,2647.0,147665,-61262.0,-50677,1663.0
AUSTRALIAN DOLLAR - CHICAGO MERCANTILE EXCHANGE,2023-12-26,39011,90314,3734.0,4360.0,152735,5070.0,-51303,-626.0
AUSTRALIAN DOLLAR - CHICAGO MERCANTILE EXCHANGE,2024-01-02,44442,87335,5431.0,-2979.0,157003,4268.0,-42893,8410.0
AUSTRALIAN DOLLAR - CHICAGO MERCANTILE EXCHANGE,2024-01-09,47326,79600,2884.0,-7735.0,156375,-628.0,-32274,10619.0
AUSTRALIAN DOLLAR - CHICAGO MERCANTILE EXCHANGE,2024-01-16,45812,93669,-1514.0,14069.0,163442,7067.0,-47857,-15583.0
AUSTRALIAN DOLLAR - CHICAGO MERCANTILE EXCHANGE,2024-01-23,42853,96973,-2959.0,3304.0,161999,-1443.0,-54120,-6263.0
AUSTRALIAN DOLLAR - CHICAGO MERCANTILE EXCHANGE,2024-01-30,36956,95251,-5897.0,-1722.0,165531,3532.0,-58295,-4175.0
AUSTRALIAN DOLLAR - CHICAGO MERCANTILE EXCHANGE,2024-02-06,39242,111055,2286.0,15804.0,180793,15262.0,-71813,-13518.0
AUSTRALIAN DOLLAR - CHICAGO MERCANTILE EXCHANGE,2024-02-13,47405,126381,8163.0,15326.0,199485,18692.0,-78976,-7163.0
AUSTRALIAN DOLLAR - CHICAGO MERCANTILE EXCHANGE,2024-02-20,49100,130975,1695.0,4594.0,205656,6171.0,-81875,-2899.0
AUSTRALIAN DOLLAR - CHICAGO MERCANTILE EXCHANGE,2024-02-27,49640,128816,540.0,-2159.0,204992,-664.0,-79176,2699.0
AUSTRALIAN DOLLAR - CHICAGO MERCANTILE EXCHANGE,2024-03-05,53966,138709,4326.0,9893.0,234196,29204.0,-84743,-5567.0
AUSTRALIAN DOLLAR - CHICAGO MERCANTILE EXCHANGE,2024-03-12,41591,132431,-12375.0,-6278.0,229723,-4473.0,-90840,-6097.0
AUSTRALIAN DOLLAR - CHICAGO MERCANTILE EXCHANGE,2024-03-19,38207,145745,-3384.0,13314.0,220921,-8802.0,-107538,-16698.0
AUSTRALIAN DOLLAR - CHICAGO MERCANTILE EXCHANGE,2024-03-26,34438,139890,-3769.0,-5855.0,218982,-1939.0,-105452,2086.0
AUSTRALIAN DOLLAR - CHICAGO MERCANTILE EXCHANGE,2024-04-02,34557,137242,119.0,-2648.0,224894,5912.0,-102685,2767.0
AUSTRALIAN DOLLAR - CHICAGO MERCANTILE EXCHANGE,2024-04-09,30556,122897,-4001.0,-14345.0,208938,-15956.0,-92341,10344.0
AUSTRALIAN DOLLAR - CHICAGO MERCANTILE EXCHANGE,2024-04-16,42365,143448,11809.0,20551.0,234919,25981.0,-101083,-8742.0
AUSTRALIAN DOLLAR - CHICAGO MERCANTILE EXCHANGE,2024-04-23,43429,139668,1064.0,-3780.0,239278,4359.0,-96239,4844.0
AUSTRALIAN DOLLAR - CHICAGO MERCANTILE EXCHANGE,2024-04-30,41293,124528,-2136.0,-15140.0,224573,-14705.0,-83235,13004.0
AUSTRALIAN DOLLAR - CHICAGO MERCANTILE EXCHANGE,2024-05-07,49480,113996,8187.0,-10532.0,209670,-14903.0,-64516,18719.0
AUSTRALIAN DOLLAR - CHICAGO MERCANTILE EXCHANGE,2024-05-14,40059,117230,-9421.0,3234.0,201798,-7872.0,-77171,-12655.0
AUSTRALIAN DOLLAR - CHICAGO MERCANTILE EXCHANGE,2024-05-21,50536,106769,10477.0,-10461.0,196609,-5189.0,-56233,20938.0
AUSTRALIAN DOLLAR - CHICAGO MERCANTILE EXCHANGE,2024-05-28,53892,103808,3356.0,-2961.0,193678,-2931.0,-49916,6317.0
AUSTRALIAN DOLLAR - CHICAGO MERCANTILE EXCHANGE,2024-06-04,51661,102964,-2231.0,-844.0,199796,6118.0,-51303,-1387.0
AUSTRALIAN DOLLAR - CHICAGO MERCANTILE EXCHANGE,2024-06-11,45540,110325,-6121.0,7361.0,212796,13000.0,-64785,-13482.0
AUSTRALIAN DOLLAR - CHICAGO MERCANTILE EXCHANGE,2024-06-18,55699,97355,10159.0,-12970.0,174695,-38101.0,-41656,23129.0
AUSTRALIAN DOLLAR - CHICAGO MERCANTILE EXCHANGE,2024-06-25,64620,88296,8921.0,-9059.0,181071,6376.0,-23676,17980.0
AUSTRALIAN DOLLAR - CHICAGO MERCANTILE EXCHANGE,2024-07-02,77951,93787,13331.0,5491.0,197799,16728.0,-15836,7840.0
AUSTRALIAN DOLLAR - CHICAGO MERCANTILE EXCHANGE,2024-07-09,98997,96584,21046.0,2797.0,225017,27218.0,2413,18249.0
AUSTRALIAN DOLLAR - CHICAGO MERCANTILE EXCHANGE,2024-07-16,106312,95199,7315.0,-1385.0,229593,4576.0,11113,8700.0
AUSTRALIAN DOLLAR - CHICAGO MERCANTILE EXCHANGE,2024-07-23,96973,105787,-9339.0,10588.0,226258,-3335.0,-8814,-19927.0
AUSTRALIAN DOLLAR - CHICAGO MERCANTILE EXCHANGE,2024-07-30,79236,110606,-17737.0,4819.0,205852,-20406.0,-31370,-22556.0
AUSTRALIAN DOLLAR - CHICAGO MERCANTILE EXCHANGE,2024-08-06,68193,108392,-11043.0,-2214.0,192634,-13218.0,-40199,-8829.0
AUSTRALIAN DOLLAR - CHICAGO MERCANTILE EXCHANGE,2024-08-13,65028,107644,-3165.0,-748.0,188298,-4336.0,-42616,-2417.0
AUSTRALIAN DOLLAR - CHICAGO MERCANTILE EXCHANGE,2024-08-20,70554,109439,5526.0,1795.0,187360,-938.0,-38885,3731.0
AUSTRALIAN DOLLAR - CHICAGO MERCANTILE EXCHANGE,2024-08-27,81486,100645,10932.0,-8794.0,204850,17490.0,-19159,19726.0
AUSTRALIAN DOLLAR - CHICAGO MERCANTILE EXCHANGE,2024-09-03,87118,94982,5632.0,-5663.0,213538,8688.0,-7864,11295.0
AUSTRALIAN DOLLAR - CHICAGO MERCANTILE EXCHANGE,2024-09-10,74259,88301,-12859.0,-6681.0,230013,16475.0,-14042,-6178.0
AUSTRALIAN DOLLAR - CHICAGO MERCANTILE EXCHANGE,2024-09-17,53941,94063,-20318.0,5762.0,169684,-60329.0,-40122,-26080.0
AUSTRALIAN DOLLAR - CHICAGO MERCANTILE EXCHANGE,2024-09-24,81924,93172,27983.0,-891.0,176442,6758.0,-11248,28874.0
AUSTRALIAN DOLLAR - CHICAGO MERCANTILE EXCHANGE,2024-10-01,101462,86934,19538.0,-6238.0,201032,24590.0,14528,25776.0
AUSTRALIAN DOLLAR - CHICAGO MERCANTILE EXCHANGE,2024-10-08,111561,78139,10099.0,-8795.0,205706,4674.0,33422,18894.0
AUSTRALIAN DOLLAR - CHICAGO MERCANTILE EXCHANGE,2024-10-15,99051,79782,-12510.0,1643.0,193289,-12417.0,19269,-14153.0
AUSTRALIAN DOLLAR - CHICAGO MERCANTILE EXCHANGE,2024-10-22,102509,74830,3458.0,-4952.0,186950,-6339.0,27679,8410.0
AUSTRALIAN DOLLAR - CHICAGO MERCANTILE EXCHANGE,2024-10-29,93677,66161,-8832.0,-8669.0,183977,-2973.0,27516,-163.0
AUSTRALIAN DOLLAR - CHICAGO MERCANTILE EXCHANGE,2024-11-05,91488,60512,-2189.0,-5649.0,177416,-6561.0,30976,3460.0
AUSTRALIAN DOLLAR - CHICAGO MERCANTILE EXCHANGE,2024-11-12,83555,53760,-7933.0,-6752.0,171880,-5536.0,29795,-1181.0
AUSTRALIAN DOLLAR - CHICAGO MERCANTILE EXCHANGE,2024-11-19,86703,55105,3148.0,1345.0,181688,9808.0,31598,1803.0
AUSTRALIAN DOLLAR - CHICAGO MERCANTILE EXCHANGE,2024-11-26,88694,56918,1991.0,1813.0,185533,3845.0,31776,178.0
AUSTRALIAN DOLLAR - CHICAGO MERCANTILE EXCHANGE,2024-12-03,86699,65298,-1995.0,8380.0,190247,4714.0,21401,-10375.0
AUSTRALIAN DOLLAR - CHICAGO MERCANTILE EXCHANGE,2024-12-10,88751,80266,2052.0,14968.0,239026,48779.0,8485,-12916.0
AUSTRALIAN DOLLAR - CHICAGO MERCANTILE EXCHANGE,2024-12-17,32929,94460,-55822.0,14194.0,172661,-66365.0,-61531,-70016.0
AUSTRALIAN DOLLAR - CHICAGO MERCANTILE EXCHANGE,2024-12-24,31414,99584,-1515.0,5124.0,177789,5128.0,-68170,-6639.0
AUSTRALIAN DOLLAR - CHICAGO MERCANTILE EXCHANGE,2024-12-31,35248,106659,3834.0,7075.0,182872,5083.0,-71411,-3241.0
AUSTRALIAN DOLLAR - CHICAGO MERCANTILE EXCHANGE,2025-01-07,33116,106549,-2132.0,-110.0,197764,14892.0,-73433,-2022.0
AUSTRALIAN DOLLAR - CHICAGO MERCANTILE EXCHANGE,2025-01-14,26135,103766,-6981.0,-2783.0,192020,-5744.0,-77631,-4198.0
AUSTRALIAN DOLLAR - CHICAGO MERCANTILE EXCHANGE,2025-01-21,31179,102475,5044.0,-1291.0,190211,-1809.0,-71296,6335.0
AUSTRALIAN DOLLAR - CHICAGO MERCANTILE EXCHANGE,2025-01-28,32196,104027,1017.0,1552.0,192011,1800.0,-71831,-535.0
AUSTRALIAN DOLLAR - CHICAGO MERCANTILE EXCHANGE,2025-02-04,35330,110639,3134.0,6612.0,204869,12858.0,-75309,-3478.0
AUSTRALIAN DOLLAR - CHICAGO MERCANTILE EXCHANGE,2025-02-11,40368,105953,5038.0,-4686.0,196295,-8574.0,-65585,9724.0
AUSTRALIAN DOLLAR - CHICAGO MERCANTILE EXCHANGE,2025-02-18,46918,103641,6550.0,-2312.0,189686,-6609.0,-56723,8862.0
AUSTRALIAN DOLLAR - CHICAGO MERCANTILE EXCHANGE,2025-02-25,50873,96453,3955.0,-7188.0,185971,-3715.0,-45580,11143.0
AUSTRALIAN DOLLAR - CHICAGO MERCANTILE EXCHANGE,2025-03-04,55151,103384,4278.0,6931.0,202272,16301.0,-48233,-2653.0
AUSTRALIAN DOLLAR - CHICAGO MERCANTILE EXCHANGE,2025-03-11,52171,100397,-2980.0,-2987.0,258738,56466.0,-48226,7.0
AUSTRALIAN DOLLAR - CHICAGO MERCANTILE EXCHANGE,2025-03-18,27628,98077,-24543.0,-2320.0,180546,-78192.0,-70449,-22223.0
AUSTRALIAN DOLLAR - CHICAGO MERCANTILE EXCHANGE,2025-03-25,28124,105570,496.0,7493.0,180087,-459.0,-77446,-6997.0
AUSTRALIAN DOLLAR - CHICAGO MERCANTILE EXCHANGE,2025-04-01,26211,102074,-1913.0,-3496.0,182766,2679.0,-75863,1583.0
AUSTRALIAN DOLLAR - CHICAGO MERCANTILE EXCHANGE,2025-04-08,28493,91793,2282.0,-10281.0,194476,11710.0,-63300,12563.0
AUSTRALIAN DOLLAR - CHICAGO MERCANTILE EXCHANGE,2025-04-15,19740,78588,-8753.0,-13205.0,178747,-15729.0,-58848,4452.0
AUSTRALIAN DOLLAR - CHICAGO MERCANTILE EXCHANGE,2025-04-22,27175,81757,7435.0,3169.0,190798,12051.0,-54582,4266.0
AUSTRALIAN DOLLAR - CHICAGO MERCANTILE EXCHANGE,2025-04-29,26602,76545,-573.0,-5212.0,184804,-5994.0,-49943,4639.0
AUSTRALIAN DOLLAR - CHICAGO MERCANTILE EXCHANGE,2025-05-06,26243,74615,-359.0,-1930.0,183057,-1747.0,-48372,1571.0
AUSTRALIAN DOLLAR - CHICAGO MERCANTILE EXCHANGE,2025-05-13,25507,74853,-736.0,238.0,180460,-2597.0,-49346,-974.0
AUSTRALIAN DOLLAR - CHICAGO MERCANTILE EXCHANGE,2025-05-20,20997,80074,-4510.0,5221.0,177853,-2607.0,-59077,-9731.0
AUSTRALIAN DOLLAR - CHICAGO MERCANTILE EXCHANGE,2025-05-27,21572,82752,575.0,2678.0,179292,1439.0,-61180,-2103.0
AUSTRALIAN DOLLAR - CHICAGO MERCANTILE EXCHANGE,2025-06-03,23969,87124,2397.0,4372.0,202595,23303.0,-63155,-1975.0
AUSTRALIAN DOLLAR - CHICAGO MERCANTILE EXCHANGE,2025-06-10,23997,93941,28.0,6817.0,224272,21677.0,-69944,-6789.0
AUSTRALIAN DOLLAR - CHICAGO MERCANTILE EXCHANGE,2025-06-17,21194,90584,-2803.0,-3357.0,147471,-76801.0,-69390,554.0
AUSTRALIAN DOLLAR - CHICAGO MERCANTILE EXCHANGE,2025-06-24,23249,95811,2055.0,5227.0,151032,3561.0,-72562,-3172.0
AUSTRALIAN DOLLAR - CHICAGO MERCANTILE EXCHANGE,2025-07-01,25539,95629,2290.0,-182.0,151338,306.0,-70090,2472.0
AUSTRALIAN DOLLAR - CHICAGO MERCANTILE EXCHANGE,2025-07-08,23272,97586,-2267.0,1957.0,153390,2052.0,-74314,-4224.0
AUSTRALIAN DOLLAR - CHICAGO MERCANTILE EXCHANGE,2025-07-15,21233,96152,-2039.0,-1434.0,150487,-2903.0,-74919,-605.0
AUSTRALIAN DOLLAR - CHICAGO MERCANTILE EXCHANGE,2025-07-22,25066,106321,3833.0,10169.0,161394,10907.0,-81255,-6336.0
AUSTRALIAN DOLLAR - CHICAGO MERCANTILE EXCHANGE,2025-07-29,26506,104600,1440.0,-1721.0,159680,-1714.0,-78094,3161.0
AUSTRALIAN DOLLAR - CHICAGO MERCANTILE EXCHANGE,2025-08-05,23988,107548,-2518.0,2948.0,163900,4220.0,-83560,-5466.0
AUSTRALIAN DOLLAR - CHICAGO MERCANTILE EXCHANGE,2025-08-12,25631,113536,1643.0,5988.0,171294,7394.0,-87905,-4345.0
AUSTRALIAN DOLLAR - CHICAGO MERCANTILE EXCHANGE,2025-08-19,31668,126555,6037.0,13019.0,185901,14607.0,-94887,-6982.0
AUSTRALIAN DOLLAR - CHICAGO MERCANTILE EXCHANGE,2025-08-26,28700,129290,-2968.0,2735.0,191207,5306.0,-100590,-5703.0
AUSTRALIAN DOLLAR - CHICAGO MERCANTILE EXCHANGE,2025-09-02,29677,112360,977.0,-16930.0,185048,-6159.0,-82683,17907.0
AUSTRALIAN DOLLAR - CHICAGO MERCANTILE EXCHANGE,2025-09-09,32200,111431,2523.0,-929.0,208092,23044.0,-79231,3452.0
AUSTRALIAN DOLLAR - CHICAGO MERCANTILE EXCHANGE,2025-09-16,40276,91436,8076.0,-19995.0,154790,-53302.0,-51160,28071.0
AUSTRALIAN DOLLAR - CHICAGO MERCANTILE EXCHANGE,2025-09-23,41994,101584,1718.0,10148.0,160854,6064.0,-59590,-8430.0
AUSTRALIAN DOLLAR - CHICAGO MERCANTILE EXCHANGE,2025-09-30,41713,106319,-281.0,4735.0,167976,7122.0,-64606,-5016.0
AUSTRALIAN DOLLAR - CHICAGO MERCANTILE EXCHANGE,2025-10-07,47717,105522,6004.0,-797.0,170970,2994.0,-57805,6801.0
AUSTRALIAN DOLLAR - CHICAGO MERCANTILE EXCHANGE,2025-10-14,50324,109902,2607.0,4380.0,170002,-968.0,-59578,-1773.0
AUSTRALIAN DOLLAR - CHICAGO MERCANTILE EXCHANGE,2025-10-21,51794,117558,1470.0,7656.0,173878,3876.0,-65764,-6186.0
AUSTRALIAN DOLLAR - CHICAGO MERCANTILE EXCHANGE,2025-10-28,41715,115649,-10079.0,-1909.0,173436,-442.0,-73934,-8170.0
AUSTRALIAN DOLLAR - CHICAGO MERCANTILE EXCHANGE,2025-11-04,50360,121936,8645.0,6287.0,180801,7365.0,-71576,2358.0
AUSTRALIAN DOLLAR - CHICAGO MERCANTILE EXCHANGE,2025-11-10,43114,121741,-7246.0,-195.0,179467,-1334.0,-78627,-7051.0
AUSTRALIAN DOLLAR - CHICAGO MERCANTILE EXCHANGE,2025-11-18,45721,121577,2607.0,-164.0,179341,-126.0,-75856,2771.0
AUSTRALIAN DOLLAR - CHICAGO MERCANTILE EXCHANGE,2025-11-25,43918,128094,-1803.0,6517.0,192678,13337.0,-84176,-8320.0
AUSTRALIAN DOLLAR - CHICAGO MERCANTILE EXCHANGE,2025-12-02,45868,129261,1950.0,1167.0,202574,9896.0,-83393,783.0
AUSTRALIAN DOLLAR - CHICAGO MERCANTILE EXCHANGE,2025-12-09,57569,120516,11701.0,-8745.0,296662,94088.0,-62947,20446.0
AUSTRALIAN DOLLAR - CHICAGO MERCANTILE EXCHANGE,2025-12-16,67640,89535,10071.0,-30981.0,293796,-2866.0,-21895,41052.0
AUSTRALIAN DOLLAR - CHICAGO MERCANTILE EXCHANGE,2025-12-23,70657,92255,3017.0,2720.0,217163,-76633.0,-21598,297.0
AUSTRALIAN DOLLAR - CHICAGO MERCANTILE EXCHANGE,2025-12-30,77497,98713,6840.0,6458.0,223804,6641.0,-21216,382.0
AUSTRALIAN DOLLAR - CHICAGO MERCANTILE EXCHANGE,2026-01-06,80491,99451,2994.0,738.0,230926,7122.0,-18960,2256.0
AUSTRALIAN DOLLAR - CHICAGO MERCANTILE EXCHANGE,2026-01-13,83955,102801,3464.0,3350.0,229456,-1470.0,-18846,114.0
AUSTRALIAN DOLLAR - CHICAGO MERCANTILE EXCHANGE,2026-01-20,85759,99770,1804.0,-3031.0,230657,1201.0,-14011,4835.0
AUSTRALIAN DOLLAR - CHICAGO MERCANTILE EXCHANGE,2026-01-27,109806,102660,24047.0,2890.0,252055,21398.0,7146,21157.0
AUSTRALIAN DOLLAR - CHICAGO MERCANTILE EXCHANGE,2026-02-03,118751,92633,8945.0,-10027.0,254240,2185.0,26118,18972.0
AUSTRALIAN DOLLAR - CHICAGO MERCANTILE EXCHANGE,2026-02-10,112766,79557,-5985.0,-13076.0,247194,-7046.0,33209,7091.0
AUSTRALIAN DOLLAR - CHICAGO MERCANTILE EXCHANGE,2026-02-17,117820,71889,5054.0,-7668.0,256213,9019.0,45931,12722.0
AUSTRALIAN DOLLAR - CHICAGO MERCANTILE EXCHANGE,2026-02-24,121661,69017,3841.0,-2872.0,248697,-7516.0,52644,6713.0
AUSTRALIAN DOLLAR - CHICAGO MERCANTILE EXCHANGE,2026-03-03,136515,68753,14854.0,-264.0,267280,18583.0,67762,15118.0
AUSTRALIAN DOLLAR - CHICAGO MERCANTILE EXCHANGE,2026-03-10,121394,67197,-15121.0,-1556.0,315898,48618.0,54197,-13565.0
AUSTRALIAN DOLLAR - CHICAGO MERCANTILE EXCHANGE,2026-03-17,136074,67013,14680.0,-184.0,265675,-50223.0,69061,14864.0
AUSTRALIAN DOLLAR - CHICAGO MERCANTILE EXCHANGE,2026-03-24,132629,61757,-3445.0,-5256.0,257694,-7981.0,70872,1811.0
AUSTRALIAN DOLLAR - CHICAGO MERCANTILE EXCHANGE,2026-03-31,141775,60269,9146.0,-1488.0,263962,6268.0,81506,10634.0
AUSTRALIAN DOLLAR - CHICAGO MERCANTILE EXCHANGE,2026-04-07,137959,67146,-3816.0,6877.0,264658,696.0,70813,-10693.0
AUSTRALIAN DOLLAR - CHICAGO MERCANTILE EXCHANGE,2026-04-14,129517,64442,-8442.0,-2704.0,263918,-740.0,65075,-5738.0
AUSTRALIAN DOLLAR - CHICAGO MERCANTILE EXCHANGE,2026-04-21,128811,63994,-706.0,-448.0,275415,11497.0,64817,-258.0
AUSTRALIAN DOLLAR - CHICAGO MERCANTILE EXCHANGE,2026-04-28,136909,65040,8098.0,1046.0,277370,1955.0,71869,7052.0
AUSTRALIAN DOLLAR - CHICAGO MERCANTILE EXCHANGE,2026-05-05,143214,64540,6305.0,-500.0,279532,2162.0,78674,6805.0
AUSTRALIAN DOLLAR - CHICAGO MERCANTILE EXCHANGE,2026-05-12,150800,65810,7586.0,1270.0,289244,9712.0,84990,6316.0
AUSTRALIAN DOLLAR - CHICAGO MERCANTILE EXCHANGE,2026-05-19,151583,65939,783.0,129.0,301269,12025.0,85644,654.0
AUSTRALIAN DOLLAR - CHICAGO MERCANTILE EXCHANGE,2026-05-26,129129,68974,-22454.0,3035.0,302802,1533.0,60155,-25489.0
AUSTRALIAN DOLLAR - CHICAGO MERCANTILE EXCHANGE,2026-06-02,105176,63364,-23953.0,-5610.0,305391,2589.0,41812,-18343.0
AUSTRALIAN DOLLAR - CHICAGO MERCANTILE EXCHANGE,2026-06-09,92995,74835,-12181.0,11471.0,314177,8786.0,18160,-23652.0
AUSTRALIAN DOLLAR - CHICAGO MERCANTILE EXCHANGE,2026-06-16,84342,88467,-8653.0,13632.0,295545,-18632.0,-4125,-22285.0
AUSTRALIAN DOLLAR - CHICAGO MERCANTILE EXCHANGE,2026-06-23,82200,95212,-2142.0,6745.0,214349,-81196.0,-13012,-8887.0
AUSTRALIAN DOLLAR - CHICAGO MERCANTILE EXCHANGE,2026-06-30,77788,95488,-4412.0,276.0,215837,1488.0,-17700,-4688.0
AUSTRALIAN DOLLAR - CHICAGO MERCANTILE EXCHANGE,2026-07-07,71962,96613,-5826.0,1125.0,204837,-11000.0,-24651,-6951.0
AUSTRALIAN DOLLAR - CHICAGO MERCANTILE EXCHANGE,2026-07-14,68377,99087,-3585.0,2474.0,208457,3620.0,-30710,-6059.0
AUSTRALIAN DOLLAR - CHICAGO MERCANTILE EXCHANGE,2026-07-21,66184,103869,-2193.0,4782.0,225153,16696.0,-37685,-6975.0
AUSTRALIAN DOLLAR - CHICAGO MERCANTILE EXCHANGE,2026-07-28,67819,107783,1635.0,3914.0,229784,4631.0,-39964,-2279.0
AUSTRALIAN DOLLAR - CHICAGO MERCANTILE EXCHANGE,2026-08-04,74385,107575,6566.0,-208.0,240482,10698.0,-33190,6774.0
AUSTRALIAN DOLLAR - CHICAGO MERCANTILE EXCHANGE,2026-08-11,80538,119761,6153.0,12186.0,267222,26740.0,-39223,-6033.0
AUSTRALIAN DOLLAR - CHICAGO MERCANTILE EXCHANGE,2026-08-18,88204,132363,7666.0,12602.0,288526,21304.0,-44159,-4936.0
AUSTRALIAN DOLLAR - CHICAGO MERCANTILE EXCHANGE,2026-08-25,106864,151319,18660.0,18956.0,333906,45380.0,-44455,-296.0
AUSTRALIAN DOLLAR - CHICAGO MERCANTILE EXCHANGE,2026-09-01,114105,153511,7241.0,2192.0,391678,57772.0,-39406,5049.0
AUSTRALIAN DOLLAR - CHICAGO MERCANTILE EXCHANGE,2026-09-08,120532,155402,6427.0,1891.0,455468,63790.0,-34870,4536.0
AUSTRALIAN DOLLAR - CHICAGO MERCANTILE EXCHANGE,2026-09-15,114312,153218,-6220.0,-2184.0,493141,37673.0,-38906,-4036.0
AUSTRALIAN DOLLAR - CHICAGO MERCANTILE EXCHANGE,2026-09-22,108533,155347,-5779.0,2129.0,306488,-186653.0,-46814,-7908.0
