Market and Exchange Names,As of Date in Form YYYY-MM-DD,Noncommercial Positions-Long (All),Noncommercial Positions-Short (All),Change in Noncommercial-Long (All),Change in Noncommercial-Short (All),Open Interest (All),Change in Open Interest (All),Net Positions,Change Net Positions
CANADIAN DOLLAR - INTERNATIONAL MONETARY MARKET,1986-01-15,407,8382,,,15693,,-7975,
CANADIAN DOLLAR - INTERNATIONAL MONETARY MARKET,1986-01-31,413,9401,6.0,1019.0,18922,3229.0,-8988,-1013.0
CANADIAN DOLLAR - INTERNATIONAL MONETARY MARKET,1986-02-14,1710,2513,1297.0,-6888.0,13901,-5021.0,-803,8185.0
CANADIAN DOLLAR - INTERNATIONAL MONETARY MARKET,1986-02-28,1547,3756,-163.0,1243.0,15075,1174.0,-2209,-1406.0
CANADIAN DOLLAR - INTERNATIONAL MONETARY MARKET,1986-03-14,1524,1896,-23.0,-1860.0,14134,-941.0,-372,1837.0
CANADIAN DOLLAR - INTERNATIONAL MONETARY MARKET,1986-03-31,1768,1004,244.0,-892.0,9748,-4386.0,764,1136.0
CANADIAN DOLLAR - INTERNATIONAL MONETARY MARKET,1986-04-15,2185,1410,417.0,406.0,10983,1235.0,775,11.0
CANADIAN DOLLAR - INTERNATIONAL MONETARY MARKET,1986-04-30,3401,1553,1216.0,143.0,13670,2687.0,1848,1073.0
CANADIAN DOLLAR - INTERNATIONAL MONETARY MARKET,1986-05-15,3575,2508,174.0,955.0,14246,576.0,1067,-781.0
CANADIAN DOLLAR - INTERNATIONAL MONETARY MARKET,1986-05-30,2233,125,-1342.0,-2383.0,14977,731.0,2108,1041.0
CANADIAN DOLLAR - INTERNATIONAL MONETARY MARKET,1986-06-13,1174,1022,-1059.0,897.0,13025,-1952.0,152,-1956.0
CANADIAN DOLLAR - INTERNATIONAL MONETARY MARKET,1986-06-30,1417,932,243.0,-90.0,9400,-3625.0,485,333.0
CANADIAN DOLLAR - INTERNATIONAL MONETARY MARKET,1986-07-15,1951,1258,534.0,326.0,11320,1920.0,693,208.0
CANADIAN DOLLAR - INTERNATIONAL MONETARY MARKET,1986-07-31,1040,1966,-911.0,708.0,13759,2439.0,-926,-1619.0
CANADIAN DOLLAR - INTERNATIONAL MONETARY MARKET,1986-08-15,1557,2934,517.0,968.0,15436,1677.0,-1377,-451.0
CANADIAN DOLLAR - INTERNATIONAL MONETARY MARKET,1986-08-29,205,3027,-1352.0,93.0,17501,2065.0,-2822,-1445.0
CANADIAN DOLLAR - INTERNATIONAL MONETARY MARKET,1986-09-15,328,1071,123.0,-1956.0,16111,-1390.0,-743,2079.0
CANADIAN DOLLAR - INTERNATIONAL MONETARY MARKET,1986-09-30,249,995,-79.0,-76.0,9358,-6753.0,-746,-3.0
CANADIAN DOLLAR - INTERNATIONAL MONETARY MARKET,1986-10-15,462,2173,213.0,1178.0,11095,1737.0,-1711,-965.0
CANADIAN DOLLAR - INTERNATIONAL MONETARY MARKET,1986-10-31,702,2970,240.0,797.0,12377,1282.0,-2268,-557.0
CANADIAN DOLLAR - INTERNATIONAL MONETARY MARKET,1986-11-14,4160,1723,3458.0,-1247.0,15667,3290.0,2437,4705.0
CANADIAN DOLLAR - INTERNATIONAL MONETARY MARKET,1986-11-28,1620,1750,-2540.0,27.0,14648,-1019.0,-130,-2567.0
CANADIAN DOLLAR - INTERNATIONAL MONETARY MARKET,1986-12-15,3056,1076,1436.0,-674.0,18363,3715.0,1980,2110.0
CANADIAN DOLLAR - INTERNATIONAL MONETARY MARKET,1986-12-31,2905,1098,-151.0,22.0,14937,-3426.0,1807,-173.0
CANADIAN DOLLAR - INTERNATIONAL MONETARY MARKET,1987-01-15,3591,1577,686.0,479.0,15379,442.0,2014,207.0
CANADIAN DOLLAR - INTERNATIONAL MONETARY MARKET,1987-01-30,6196,1031,2605.0,-546.0,23106,7727.0,5165,3151.0
CANADIAN DOLLAR - INTERNATIONAL MONETARY MARKET,1987-02-13,4639,1482,-1557.0,451.0,24222,1116.0,3157,-2008.0
CANADIAN DOLLAR - INTERNATIONAL MONETARY MARKET,1987-02-27,6827,1057,2188.0,-425.0,24837,615.0,5770,2613.0
CANADIAN DOLLAR - INTERNATIONAL MONETARY MARKET,1987-03-13,11212,220,4385.0,-837.0,34455,9618.0,10992,5222.0
CANADIAN DOLLAR - INTERNATIONAL MONETARY MARKET,1987-03-31,7855,469,-3357.0,249.0,27963,-6492.0,7386,-3606.0
CANADIAN DOLLAR - INTERNATIONAL MONETARY MARKET,1987-04-15,3643,800,-4212.0,331.0,25825,-2138.0,2843,-4543.0
CANADIAN DOLLAR - INTERNATIONAL MONETARY MARKET,1987-04-30,1721,1853,-1922.0,1053.0,24537,-1288.0,-132,-2975.0
CANADIAN DOLLAR - INTERNATIONAL MONETARY MARKET,1987-05-15,1667,1257,-54.0,-596.0,24663,126.0,410,542.0
CANADIAN DOLLAR - INTERNATIONAL MONETARY MARKET,1987-05-29,1521,1165,-146.0,-92.0,25406,743.0,356,-54.0
CANADIAN DOLLAR - INTERNATIONAL MONETARY MARKET,1987-06-15,1507,580,-14.0,-585.0,25820,414.0,927,571.0
CANADIAN DOLLAR - INTERNATIONAL MONETARY MARKET,1987-06-30,3215,274,1708.0,-306.0,19674,-6146.0,2941,2014.0
CANADIAN DOLLAR - INTERNATIONAL MONETARY MARKET,1987-07-15,4652,0,1437.0,-274.0,23082,3408.0,4652,1711.0
CANADIAN DOLLAR - INTERNATIONAL MONETARY MARKET,1987-07-31,2531,284,-2121.0,284.0,19033,-4049.0,2247,-2405.0
CANADIAN DOLLAR - INTERNATIONAL MONETARY MARKET,1987-08-14,2530,0,-1.0,-284.0,18322,-711.0,2530,283.0
CANADIAN DOLLAR - INTERNATIONAL MONETARY MARKET,1987-08-31,5651,587,3121.0,587.0,23449,5127.0,5064,2534.0
CANADIAN DOLLAR - INTERNATIONAL MONETARY MARKET,1987-09-15,6821,531,1170.0,-56.0,19660,-3789.0,6290,1226.0
CANADIAN DOLLAR - INTERNATIONAL MONETARY MARKET,1987-09-30,8694,0,1873.0,-531.0,21422,1762.0,8694,2404.0
CANADIAN DOLLAR - INTERNATIONAL MONETARY MARKET,1987-10-15,10116,0,1422.0,0.0,23337,1915.0,10116,1422.0
CANADIAN DOLLAR - INTERNATIONAL MONETARY MARKET,1987-10-30,2393,480,-7723.0,480.0,19138,-4199.0,1913,-8203.0
CANADIAN DOLLAR - INTERNATIONAL MONETARY MARKET,1987-11-13,2196,480,-197.0,0.0,18209,-929.0,1716,-197.0
CANADIAN DOLLAR - INTERNATIONAL MONETARY MARKET,1987-11-30,2527,480,331.0,0.0,19321,1112.0,2047,331.0
CANADIAN DOLLAR - INTERNATIONAL MONETARY MARKET,1987-12-15,3452,646,925.0,166.0,12185,-7136.0,2806,759.0
CANADIAN DOLLAR - INTERNATIONAL MONETARY MARKET,1987-12-31,4907,669,1455.0,23.0,14908,2723.0,4238,1432.0
CANADIAN DOLLAR - INTERNATIONAL MONETARY MARKET,1988-01-15,7950,219,3043.0,-450.0,21722,6814.0,7731,3493.0
CANADIAN DOLLAR - INTERNATIONAL MONETARY MARKET,1988-01-29,9296,426,1346.0,207.0,25446,3724.0,8870,1139.0
CANADIAN DOLLAR - INTERNATIONAL MONETARY MARKET,1988-02-12,9635,1260,339.0,834.0,25254,-192.0,8375,-495.0
CANADIAN DOLLAR - INTERNATIONAL MONETARY MARKET,1988-02-29,9283,485,-352.0,-775.0,23411,-1843.0,8798,423.0
CANADIAN DOLLAR - INTERNATIONAL MONETARY MARKET,1988-03-15,5965,0,-3318.0,-485.0,18998,-4413.0,5965,-2833.0
CANADIAN DOLLAR - INTERNATIONAL MONETARY MARKET,1988-03-31,8840,545,2875.0,545.0,24339,5341.0,8295,2330.0
CANADIAN DOLLAR - INTERNATIONAL MONETARY MARKET,1988-04-15,6314,875,-2526.0,330.0,23747,-592.0,5439,-2856.0
CANADIAN DOLLAR - INTERNATIONAL MONETARY MARKET,1988-04-29,6206,2171,-108.0,1296.0,25940,2193.0,4035,-1404.0
CANADIAN DOLLAR - INTERNATIONAL MONETARY MARKET,1988-05-13,8885,1783,2679.0,-388.0,28220,2280.0,7102,3067.0
CANADIAN DOLLAR - INTERNATIONAL MONETARY MARKET,1988-05-31,5917,1889,-2968.0,106.0,29846,1626.0,4028,-3074.0
CANADIAN DOLLAR - INTERNATIONAL MONETARY MARKET,1988-06-15,19403,1286,13486.0,-603.0,36198,6352.0,18117,14089.0
CANADIAN DOLLAR - INTERNATIONAL MONETARY MARKET,1988-06-30,18320,307,-1083.0,-979.0,33848,-2350.0,18013,-104.0
CANADIAN DOLLAR - INTERNATIONAL MONETARY MARKET,1988-07-15,17929,763,-391.0,456.0,33023,-825.0,17166,-847.0
CANADIAN DOLLAR - INTERNATIONAL MONETARY MARKET,1988-07-29,9590,512,-8339.0,-251.0,30069,-2954.0,9078,-8088.0
CANADIAN DOLLAR - INTERNATIONAL MONETARY MARKET,1988-08-15,5469,1826,-4121.0,1314.0,28090,-1979.0,3643,-5435.0
CANADIAN DOLLAR - INTERNATIONAL MONETARY MARKET,1988-08-31,2707,3136,-2762.0,1310.0,28513,423.0,-429,-4072.0
CANADIAN DOLLAR - INTERNATIONAL MONETARY MARKET,1988-09-15,2412,3343,-295.0,207.0,25186,-3327.0,-931,-502.0
CANADIAN DOLLAR - INTERNATIONAL MONETARY MARKET,1988-09-30,3819,2564,1407.0,-779.0,17849,-7337.0,1255,2186.0
CANADIAN DOLLAR - INTERNATIONAL MONETARY MARKET,1988-10-14,5223,735,1404.0,-1829.0,21686,3837.0,4488,3233.0
CANADIAN DOLLAR - INTERNATIONAL MONETARY MARKET,1988-10-31,5651,840,428.0,105.0,23452,1766.0,4811,323.0
CANADIAN DOLLAR - INTERNATIONAL MONETARY MARKET,1988-11-15,2366,1788,-3285.0,948.0,17370,-6082.0,578,-4233.0
CANADIAN DOLLAR - INTERNATIONAL MONETARY MARKET,1988-11-30,9566,2714,7200.0,926.0,28227,10857.0,6852,6274.0
CANADIAN DOLLAR - INTERNATIONAL MONETARY MARKET,1988-12-15,5181,2548,-4385.0,-166.0,27374,-853.0,2633,-4219.0
CANADIAN DOLLAR - INTERNATIONAL MONETARY MARKET,1988-12-30,8136,1566,2955.0,-982.0,21974,-5400.0,6570,3937.0
CANADIAN DOLLAR - INTERNATIONAL MONETARY MARKET,1989-01-13,6105,1241,-2031.0,-325.0,21597,-377.0,4864,-1706.0
CANADIAN DOLLAR - INTERNATIONAL MONETARY MARKET,1989-01-31,12506,3429,6401.0,2188.0,29437,7840.0,9077,4213.0
CANADIAN DOLLAR - INTERNATIONAL MONETARY MARKET,1989-02-15,9739,3242,-2767.0,-187.0,28642,-795.0,6497,-2580.0
CANADIAN DOLLAR - INTERNATIONAL MONETARY MARKET,1989-02-28,1373,3757,-8366.0,515.0,30683,2041.0,-2384,-8881.0
CANADIAN DOLLAR - INTERNATIONAL MONETARY MARKET,1989-03-15,3429,1669,2056.0,-2088.0,15491,-15192.0,1760,4144.0
CANADIAN DOLLAR - INTERNATIONAL MONETARY MARKET,1989-03-31,7049,1965,3620.0,296.0,19631,4140.0,5084,3324.0
CANADIAN DOLLAR - INTERNATIONAL MONETARY MARKET,1989-04-14,7688,1648,639.0,-317.0,20893,1262.0,6040,956.0
CANADIAN DOLLAR - INTERNATIONAL MONETARY MARKET,1989-04-28,7729,1517,41.0,-131.0,22867,1974.0,6212,172.0
CANADIAN DOLLAR - INTERNATIONAL MONETARY MARKET,1989-05-15,10307,1157,2578.0,-360.0,25373,2506.0,9150,2938.0
CANADIAN DOLLAR - INTERNATIONAL MONETARY MARKET,1989-05-31,2725,5971,-7582.0,4814.0,29282,3909.0,-3246,-12396.0
CANADIAN DOLLAR - INTERNATIONAL MONETARY MARKET,1989-06-15,1234,6375,-1491.0,404.0,29253,-29.0,-5141,-1895.0
CANADIAN DOLLAR - INTERNATIONAL MONETARY MARKET,1989-06-30,2872,4086,1638.0,-2289.0,17987,-11266.0,-1214,3927.0
CANADIAN DOLLAR - INTERNATIONAL MONETARY MARKET,1989-07-14,2802,2479,-70.0,-1607.0,17853,-134.0,323,1537.0
CANADIAN DOLLAR - INTERNATIONAL MONETARY MARKET,1989-07-31,8894,3110,6092.0,631.0,27257,9404.0,5784,5461.0
CANADIAN DOLLAR - INTERNATIONAL MONETARY MARKET,1989-08-15,10541,2665,1647.0,-445.0,29531,2274.0,7876,2092.0
CANADIAN DOLLAR - INTERNATIONAL MONETARY MARKET,1989-08-31,13394,4006,2853.0,1341.0,34598,5067.0,9388,1512.0
CANADIAN DOLLAR - INTERNATIONAL MONETARY MARKET,1989-09-15,7480,5620,-5914.0,1614.0,30187,-4411.0,1860,-7528.0
CANADIAN DOLLAR - INTERNATIONAL MONETARY MARKET,1989-09-29,8311,3082,831.0,-2538.0,20315,-9872.0,5229,3369.0
CANADIAN DOLLAR - INTERNATIONAL MONETARY MARKET,1989-10-13,14567,2786,6256.0,-296.0,27248,6933.0,11781,6552.0
CANADIAN DOLLAR - INTERNATIONAL MONETARY MARKET,1989-10-31,11688,2356,-2879.0,-430.0,26267,-981.0,9332,-2449.0
CANADIAN DOLLAR - INTERNATIONAL MONETARY MARKET,1989-11-15,13856,2150,2168.0,-206.0,29514,3247.0,11706,2374.0
CANADIAN DOLLAR - INTERNATIONAL MONETARY MARKET,1989-11-30,13672,2276,-184.0,126.0,30846,1332.0,11396,-310.0
CANADIAN DOLLAR - INTERNATIONAL MONETARY MARKET,1989-12-15,13327,2081,-345.0,-195.0,33546,2700.0,11246,-150.0
CANADIAN DOLLAR - INTERNATIONAL MONETARY MARKET,1989-12-29,12551,2129,-776.0,48.0,23526,-10020.0,10422,-824.0
CANADIAN DOLLAR - INTERNATIONAL MONETARY MARKET,1990-01-15,10615,3481,-1936.0,1352.0,24717,1191.0,7134,-3288.0
CANADIAN DOLLAR - INTERNATIONAL MONETARY MARKET,1990-01-31,393,9639,-10222.0,6158.0,28934,4217.0,-9246,-16380.0
CANADIAN DOLLAR - INTERNATIONAL MONETARY MARKET,1990-02-15,787,9958,394.0,319.0,29370,436.0,-9171,75.0
CANADIAN DOLLAR - INTERNATIONAL MONETARY MARKET,1990-02-28,251,10270,-536.0,312.0,29024,-346.0,-10019,-848.0
CANADIAN DOLLAR - INTERNATIONAL MONETARY MARKET,1990-03-15,2591,5305,2340.0,-4965.0,27766,-1258.0,-2714,7305.0
CANADIAN DOLLAR - INTERNATIONAL MONETARY MARKET,1990-03-30,3130,2908,539.0,-2397.0,17957,-9809.0,222,2936.0
CANADIAN DOLLAR - INTERNATIONAL MONETARY MARKET,1990-04-12,8166,2418,5036.0,-490.0,25282,7325.0,5748,5526.0
CANADIAN DOLLAR - INTERNATIONAL MONETARY MARKET,1990-04-30,9476,3655,1310.0,1237.0,29053,3771.0,5821,73.0
CANADIAN DOLLAR - INTERNATIONAL MONETARY MARKET,1990-05-15,4243,7230,-5233.0,3575.0,33642,4589.0,-2987,-8808.0
CANADIAN DOLLAR - INTERNATIONAL MONETARY MARKET,1990-05-31,2543,6753,-1700.0,-477.0,34873,1231.0,-4210,-1223.0
CANADIAN DOLLAR - INTERNATIONAL MONETARY MARKET,1990-06-15,3303,5619,760.0,-1134.0,30514,-4359.0,-2316,1894.0
CANADIAN DOLLAR - INTERNATIONAL MONETARY MARKET,1990-06-29,8570,4063,5267.0,-1556.0,31003,489.0,4507,6823.0
CANADIAN DOLLAR - INTERNATIONAL MONETARY MARKET,1990-07-13,12952,4034,4382.0,-29.0,38769,7766.0,8918,4411.0
CANADIAN DOLLAR - INTERNATIONAL MONETARY MARKET,1990-07-31,14849,3264,1897.0,-770.0,42224,3455.0,11585,2667.0
CANADIAN DOLLAR - INTERNATIONAL MONETARY MARKET,1990-08-15,13532,2557,-1317.0,-707.0,41556,-668.0,10975,-610.0
CANADIAN DOLLAR - INTERNATIONAL MONETARY MARKET,1990-08-31,6010,3344,-7522.0,787.0,41206,-350.0,2666,-8309.0
CANADIAN DOLLAR - INTERNATIONAL MONETARY MARKET,1990-09-14,1472,4011,-4538.0,667.0,38281,-2925.0,-2539,-5205.0
CANADIAN DOLLAR - INTERNATIONAL MONETARY MARKET,1990-09-28,1604,2325,132.0,-1686.0,27661,-10620.0,-721,1818.0
CANADIAN DOLLAR - INTERNATIONAL MONETARY MARKET,1990-10-15,4679,2001,3075.0,-324.0,27955,294.0,2678,3399.0
CANADIAN DOLLAR - INTERNATIONAL MONETARY MARKET,1990-10-31,1656,6294,-3023.0,4293.0,32325,4370.0,-4638,-7316.0
CANADIAN DOLLAR - INTERNATIONAL MONETARY MARKET,1990-11-15,693,5840,-963.0,-454.0,31534,-791.0,-5147,-509.0
CANADIAN DOLLAR - INTERNATIONAL MONETARY MARKET,1990-11-30,2237,4553,1544.0,-1287.0,28907,-2627.0,-2316,2831.0
CANADIAN DOLLAR - INTERNATIONAL MONETARY MARKET,1990-12-14,1957,1657,-280.0,-2896.0,23961,-4946.0,300,2616.0
CANADIAN DOLLAR - INTERNATIONAL MONETARY MARKET,1990-12-31,4064,1849,2107.0,192.0,22712,-1249.0,2215,1915.0
CANADIAN DOLLAR - INTERNATIONAL MONETARY MARKET,1991-01-15,14157,1258,10093.0,-591.0,32725,10013.0,12899,10684.0
CANADIAN DOLLAR - INTERNATIONAL MONETARY MARKET,1991-01-31,4342,4432,-9815.0,3174.0,25737,-6988.0,-90,-12989.0
CANADIAN DOLLAR - INTERNATIONAL MONETARY MARKET,1991-02-15,5585,6510,1243.0,2078.0,27245,1508.0,-925,-835.0
CANADIAN DOLLAR - INTERNATIONAL MONETARY MARKET,1991-02-28,9837,6873,4252.0,363.0,31879,4634.0,2964,3889.0
CANADIAN DOLLAR - INTERNATIONAL MONETARY MARKET,1991-03-15,6577,3748,-3260.0,-3125.0,26779,-5100.0,2829,-135.0
CANADIAN DOLLAR - INTERNATIONAL MONETARY MARKET,1991-03-28,5056,3845,-1521.0,97.0,19241,-7538.0,1211,-1618.0
CANADIAN DOLLAR - INTERNATIONAL MONETARY MARKET,1991-04-15,13581,4329,8525.0,484.0,28691,9450.0,9252,8041.0
CANADIAN DOLLAR - INTERNATIONAL MONETARY MARKET,1991-04-30,6242,4628,-7339.0,299.0,25340,-3351.0,1614,-7638.0
CANADIAN DOLLAR - INTERNATIONAL MONETARY MARKET,1991-05-15,9430,3601,3188.0,-1027.0,28608,3268.0,5829,4215.0
CANADIAN DOLLAR - INTERNATIONAL MONETARY MARKET,1991-05-31,12330,3954,2900.0,353.0,32355,3747.0,8376,2547.0
CANADIAN DOLLAR - INTERNATIONAL MONETARY MARKET,1991-06-14,13278,2888,948.0,-1066.0,37191,4836.0,10390,2014.0
CANADIAN DOLLAR - INTERNATIONAL MONETARY MARKET,1991-06-28,14153,2675,875.0,-213.0,29427,-7764.0,11478,1088.0
CANADIAN DOLLAR - INTERNATIONAL MONETARY MARKET,1991-07-15,6344,5559,-7809.0,2884.0,24326,-5101.0,785,-10693.0
CANADIAN DOLLAR - INTERNATIONAL MONETARY MARKET,1991-07-31,2643,5020,-3701.0,-539.0,22297,-2029.0,-2377,-3162.0
CANADIAN DOLLAR - INTERNATIONAL MONETARY MARKET,1991-08-15,9093,2710,6450.0,-2310.0,26022,3725.0,6383,8760.0
CANADIAN DOLLAR - INTERNATIONAL MONETARY MARKET,1991-08-30,11113,2451,2020.0,-259.0,29129,3107.0,8662,2279.0
CANADIAN DOLLAR - INTERNATIONAL MONETARY MARKET,1991-09-16,11639,5678,526.0,3227.0,38130,9001.0,5961,-2701.0
CANADIAN DOLLAR - INTERNATIONAL MONETARY MARKET,1991-09-30,10063,7932,-1576.0,2254.0,27203,-10927.0,2131,-3830.0
CANADIAN DOLLAR - INTERNATIONAL MONETARY MARKET,1991-10-15,10856,4752,793.0,-3180.0,28454,1251.0,6104,3973.0
CANADIAN DOLLAR - INTERNATIONAL MONETARY MARKET,1991-10-31,11911,3832,1055.0,-920.0,29873,1419.0,8079,1975.0
CANADIAN DOLLAR - INTERNATIONAL MONETARY MARKET,1991-11-15,4659,6511,-7252.0,2679.0,26661,-3212.0,-1852,-9931.0
CANADIAN DOLLAR - INTERNATIONAL MONETARY MARKET,1991-11-29,3814,6237,-845.0,-274.0,25535,-1126.0,-2423,-571.0
CANADIAN DOLLAR - INTERNATIONAL MONETARY MARKET,1991-12-13,1234,5042,-2580.0,-1195.0,22133,-3402.0,-3808,-1385.0
CANADIAN DOLLAR - INTERNATIONAL MONETARY MARKET,1991-12-31,259,7797,-975.0,2755.0,20540,-1593.0,-7538,-3730.0
CANADIAN DOLLAR - INTERNATIONAL MONETARY MARKET,1992-01-15,205,5190,-54.0,-2607.0,18256,-2284.0,-4985,2553.0
CANADIAN DOLLAR - INTERNATIONAL MONETARY MARKET,1992-01-31,283,8214,78.0,3024.0,23068,4812.0,-7931,-2946.0
CANADIAN DOLLAR - INTERNATIONAL MONETARY MARKET,1992-02-14,234,7531,-49.0,-683.0,23894,826.0,-7297,634.0
CANADIAN DOLLAR - INTERNATIONAL MONETARY MARKET,1992-02-28,872,5182,638.0,-2349.0,22904,-990.0,-4310,2987.0
CANADIAN DOLLAR - INTERNATIONAL MONETARY MARKET,1992-03-13,2353,6826,1481.0,1644.0,29383,6479.0,-4473,-163.0
CANADIAN DOLLAR - INTERNATIONAL MONETARY MARKET,1992-03-31,2236,5927,-117.0,-899.0,21405,-7978.0,-3691,782.0
CANADIAN DOLLAR - INTERNATIONAL MONETARY MARKET,1992-04-15,3718,3591,1482.0,-2336.0,22012,607.0,127,3818.0
CANADIAN DOLLAR - INTERNATIONAL MONETARY MARKET,1992-04-30,1213,4152,,,20585,,-2939,-3066.0
CANADIAN DOLLAR - INTERNATIONAL MONETARY MARKET,1992-05-15,587,11126,-626.0,6974.0,26914,6329.0,-10539,-7600.0
CANADIAN DOLLAR - INTERNATIONAL MONETARY MARKET,1992-05-29,2177,9876,1590.0,-1250.0,25630,-1284.0,-7699,2840.0
CANADIAN DOLLAR - INTERNATIONAL MONETARY MARKET,1992-06-15,3646,7193,1469.0,-2683.0,24250,-1380.0,-3547,4152.0
CANADIAN DOLLAR - INTERNATIONAL MONETARY MARKET,1992-06-30,4148,6799,502.0,-394.0,20036,-4214.0,-2651,896.0
CANADIAN DOLLAR - INTERNATIONAL MONETARY MARKET,1992-07-15,7012,7797,2864.0,998.0,24509,4473.0,-785,1866.0
CANADIAN DOLLAR - INTERNATIONAL MONETARY MARKET,1992-07-31,11663,8026,4651.0,229.0,30397,5888.0,3637,4422.0
CANADIAN DOLLAR - INTERNATIONAL MONETARY MARKET,1992-08-14,7947,7247,-3716.0,-779.0,26979,-3418.0,700,-2937.0
CANADIAN DOLLAR - INTERNATIONAL MONETARY MARKET,1992-08-31,5370,8283,-2577.0,1036.0,26375,-604.0,-2913,-3613.0
CANADIAN DOLLAR - INTERNATIONAL MONETARY MARKET,1992-09-15,716,12245,-4654.0,3962.0,31229,4854.0,-11529,-8616.0
CANADIAN DOLLAR - INTERNATIONAL MONETARY MARKET,1992-09-30,1474,11090,758.0,-1155.0,28128,-3101.0,-9616,1913.0
CANADIAN DOLLAR - INTERNATIONAL MONETARY MARKET,1992-10-06,630,10639,-844.0,-451.0,29787,1659.0,-10009,-393.0
CANADIAN DOLLAR - INTERNATIONAL MONETARY MARKET,1992-10-13,370,8871,-260.0,-1768.0,28345,-1442.0,-8501,1508.0
CANADIAN DOLLAR - INTERNATIONAL MONETARY MARKET,1992-10-20,1532,7455,1162.0,-1416.0,27811,-534.0,-5923,2578.0
CANADIAN DOLLAR - INTERNATIONAL MONETARY MARKET,1992-10-27,1158,7086,-374.0,-369.0,25623,-2188.0,-5928,-5.0
CANADIAN DOLLAR - INTERNATIONAL MONETARY MARKET,1992-11-03,1527,5930,369.0,-1156.0,23862,-1761.0,-4403,1525.0
CANADIAN DOLLAR - INTERNATIONAL MONETARY MARKET,1992-11-10,758,5643,-769.0,-287.0,25486,1624.0,-4885,-482.0
CANADIAN DOLLAR - INTERNATIONAL MONETARY MARKET,1992-11-17,1106,6483,348.0,840.0,29834,4348.0,-5377,-492.0
CANADIAN DOLLAR - INTERNATIONAL MONETARY MARKET,1992-11-24,2041,7661,935.0,1178.0,31439,1605.0,-5620,-243.0
CANADIAN DOLLAR - INTERNATIONAL MONETARY MARKET,1992-12-01,658,7965,-1383.0,304.0,31410,-29.0,-7307,-1687.0
CANADIAN DOLLAR - INTERNATIONAL MONETARY MARKET,1992-12-08,370,5275,-288.0,-2690.0,28270,-3140.0,-4905,2402.0
CANADIAN DOLLAR - INTERNATIONAL MONETARY MARKET,1992-12-15,420,4653,50.0,-622.0,30053,1783.0,-4233,672.0
CANADIAN DOLLAR - INTERNATIONAL MONETARY MARKET,1992-12-22,1155,1418,735.0,-3235.0,18042,-12011.0,-263,3970.0
CANADIAN DOLLAR - INTERNATIONAL MONETARY MARKET,1992-12-29,2700,1294,1545.0,-124.0,19632,1590.0,1406,1669.0
CANADIAN DOLLAR - INTERNATIONAL MONETARY MARKET,1993-01-05,2113,1355,-587.0,61.0,20289,657.0,758,-648.0
CANADIAN DOLLAR - INTERNATIONAL MONETARY MARKET,1993-01-12,1371,1377,-742.0,22.0,20715,426.0,-6,-764.0
CANADIAN DOLLAR - INTERNATIONAL MONETARY MARKET,1993-01-19,1618,1977,247.0,600.0,20672,-43.0,-359,-353.0
CANADIAN DOLLAR - INTERNATIONAL MONETARY MARKET,1993-01-26,684,1831,-934.0,-146.0,19475,-1197.0,-1147,-788.0
CANADIAN DOLLAR - INTERNATIONAL MONETARY MARKET,1993-02-02,5232,1354,4548.0,-477.0,21708,2233.0,3878,5025.0
CANADIAN DOLLAR - INTERNATIONAL MONETARY MARKET,1993-02-09,6608,2104,1376.0,750.0,23366,1658.0,4504,626.0
CANADIAN DOLLAR - INTERNATIONAL MONETARY MARKET,1993-02-16,7155,2216,547.0,112.0,25911,2545.0,4939,435.0
CANADIAN DOLLAR - INTERNATIONAL MONETARY MARKET,1993-02-23,7748,1581,593.0,-635.0,25332,-579.0,6167,1228.0
CANADIAN DOLLAR - INTERNATIONAL MONETARY MARKET,1993-03-02,8566,1001,818.0,-580.0,27166,1834.0,7565,1398.0
CANADIAN DOLLAR - INTERNATIONAL MONETARY MARKET,1993-03-09,8642,1934,76.0,933.0,31769,4603.0,6708,-857.0
CANADIAN DOLLAR - INTERNATIONAL MONETARY MARKET,1993-03-16,8872,1343,230.0,-591.0,30163,-1606.0,7529,821.0
CANADIAN DOLLAR - INTERNATIONAL MONETARY MARKET,1993-03-23,7328,2202,-1544.0,859.0,20880,-9283.0,5126,-2403.0
CANADIAN DOLLAR - INTERNATIONAL MONETARY MARKET,1993-03-30,5368,3574,-1960.0,1372.0,21004,124.0,1794,-3332.0
CANADIAN DOLLAR - INTERNATIONAL MONETARY MARKET,1993-04-06,4322,4016,-1046.0,442.0,20678,-326.0,306,-1488.0
CANADIAN DOLLAR - INTERNATIONAL MONETARY MARKET,1993-04-13,3710,4236,-612.0,220.0,22199,1521.0,-526,-832.0
CANADIAN DOLLAR - INTERNATIONAL MONETARY MARKET,1993-04-20,3327,5675,-383.0,1439.0,22691,492.0,-2348,-1822.0
CANADIAN DOLLAR - INTERNATIONAL MONETARY MARKET,1993-04-27,2953,8468,-374.0,2793.0,28933,6242.0,-5515,-3167.0
CANADIAN DOLLAR - INTERNATIONAL MONETARY MARKET,1993-05-04,1771,8211,-1182.0,-257.0,29784,851.0,-6440,-925.0
CANADIAN DOLLAR - INTERNATIONAL MONETARY MARKET,1993-05-11,1221,8508,-550.0,297.0,29706,-78.0,-7287,-847.0
CANADIAN DOLLAR - INTERNATIONAL MONETARY MARKET,1993-05-18,1007,6537,-214.0,-1971.0,27440,-2266.0,-5530,1757.0
CANADIAN DOLLAR - INTERNATIONAL MONETARY MARKET,1993-05-25,1968,2081,961.0,-4456.0,22414,-5026.0,-113,5417.0
CANADIAN DOLLAR - INTERNATIONAL MONETARY MARKET,1993-06-01,1236,2323,-732.0,242.0,24302,1888.0,-1087,-974.0
CANADIAN DOLLAR - INTERNATIONAL MONETARY MARKET,1993-06-08,627,7064,-609.0,4741.0,37449,13147.0,-6437,-5350.0
CANADIAN DOLLAR - INTERNATIONAL MONETARY MARKET,1993-06-15,336,7404,-291.0,340.0,37502,53.0,-7068,-631.0
CANADIAN DOLLAR - INTERNATIONAL MONETARY MARKET,1993-06-22,2138,4566,1802.0,-2838.0,26335,-11167.0,-2428,4640.0
CANADIAN DOLLAR - INTERNATIONAL MONETARY MARKET,1993-06-29,1561,4459,-577.0,-107.0,27008,673.0,-2898,-470.0
CANADIAN DOLLAR - INTERNATIONAL MONETARY MARKET,1993-07-06,1722,7383,161.0,2924.0,31644,4636.0,-5661,-2763.0
CANADIAN DOLLAR - INTERNATIONAL MONETARY MARKET,1993-07-13,2142,4351,420.0,-3032.0,29175,-2469.0,-2209,3452.0
CANADIAN DOLLAR - INTERNATIONAL MONETARY MARKET,1993-07-20,3237,2823,1095.0,-1528.0,28579,-596.0,414,2623.0
CANADIAN DOLLAR - INTERNATIONAL MONETARY MARKET,1993-07-27,2133,4129,-1104.0,1306.0,28857,278.0,-1996,-2410.0
CANADIAN DOLLAR - INTERNATIONAL MONETARY MARKET,1993-08-03,346,11125,-1787.0,6996.0,40502,11645.0,-10779,-8783.0
CANADIAN DOLLAR - INTERNATIONAL MONETARY MARKET,1993-08-10,311,13195,-35.0,2070.0,43458,2956.0,-12884,-2105.0
CANADIAN DOLLAR - INTERNATIONAL MONETARY MARKET,1993-08-17,353,18955,42.0,5760.0,48848,5390.0,-18602,-5718.0
CANADIAN DOLLAR - INTERNATIONAL MONETARY MARKET,1993-08-24,398,18726,45.0,-229.0,46154,-2694.0,-18328,274.0
CANADIAN DOLLAR - INTERNATIONAL MONETARY MARKET,1993-08-31,1965,17809,1567.0,-917.0,45243,-911.0,-15844,2484.0
CANADIAN DOLLAR - INTERNATIONAL MONETARY MARKET,1993-09-07,2157,17639,192.0,-170.0,46780,1537.0,-15482,362.0
CANADIAN DOLLAR - INTERNATIONAL MONETARY MARKET,1993-09-14,2403,12731,246.0,-4908.0,44869,-1911.0,-10328,5154.0
CANADIAN DOLLAR - INTERNATIONAL MONETARY MARKET,1993-09-21,3088,9587,685.0,-3144.0,34773,-10096.0,-6499,3829.0
CANADIAN DOLLAR - INTERNATIONAL MONETARY MARKET,1993-09-28,3758,12004,670.0,2417.0,36772,1999.0,-8246,-1747.0
CANADIAN DOLLAR - INTERNATIONAL MONETARY MARKET,1993-10-05,4036,20576,278.0,8572.0,50423,13651.0,-16540,-8294.0
CANADIAN DOLLAR - INTERNATIONAL MONETARY MARKET,1993-10-12,4434,18928,398.0,-1648.0,49915,-508.0,-14494,2046.0
CANADIAN DOLLAR - INTERNATIONAL MONETARY MARKET,1993-10-19,4261,15152,-173.0,-3776.0,45072,-4843.0,-10891,3603.0
CANADIAN DOLLAR - INTERNATIONAL MONETARY MARKET,1993-10-26,7644,3566,3383.0,-11586.0,33188,-11884.0,4078,14969.0
CANADIAN DOLLAR - INTERNATIONAL MONETARY MARKET,1993-11-02,8606,3636,962.0,70.0,33472,284.0,4970,892.0
CANADIAN DOLLAR - INTERNATIONAL MONETARY MARKET,1993-11-09,9698,4253,1092.0,617.0,34602,1130.0,5445,475.0
CANADIAN DOLLAR - INTERNATIONAL MONETARY MARKET,1993-11-16,2585,4072,-7113.0,-181.0,29633,-4969.0,-1487,-6932.0
CANADIAN DOLLAR - INTERNATIONAL MONETARY MARKET,1993-11-23,3309,2220,724.0,-1852.0,31538,1905.0,1089,2576.0
CANADIAN DOLLAR - INTERNATIONAL MONETARY MARKET,1993-11-30,3420,4258,111.0,2038.0,34373,2835.0,-838,-1927.0
CANADIAN DOLLAR - INTERNATIONAL MONETARY MARKET,1993-12-07,3380,2598,-40.0,-1660.0,31913,-2460.0,782,1620.0
CANADIAN DOLLAR - INTERNATIONAL MONETARY MARKET,1993-12-14,2839,3975,-541.0,1377.0,31438,-475.0,-1136,-1918.0
CANADIAN DOLLAR - INTERNATIONAL MONETARY MARKET,1993-12-21,3169,5258,330.0,1283.0,29211,-2227.0,-2089,-953.0
CANADIAN DOLLAR - INTERNATIONAL MONETARY MARKET,1993-12-28,3031,2329,-138.0,-2929.0,24332,-4879.0,702,2791.0
CANADIAN DOLLAR - INTERNATIONAL MONETARY MARKET,1994-01-04,8240,868,5209.0,-1461.0,28295,3963.0,7372,6670.0
CANADIAN DOLLAR - INTERNATIONAL MONETARY MARKET,1994-01-11,6906,1077,-1334.0,209.0,27694,-601.0,5829,-1543.0
CANADIAN DOLLAR - INTERNATIONAL MONETARY MARKET,1994-01-18,6190,1512,-716.0,435.0,27523,-171.0,4678,-1151.0
CANADIAN DOLLAR - INTERNATIONAL MONETARY MARKET,1994-01-25,8127,1176,1937.0,-336.0,28554,1031.0,6951,2273.0
CANADIAN DOLLAR - INTERNATIONAL MONETARY MARKET,1994-02-01,4939,1085,-3188.0,-91.0,29112,558.0,3854,-3097.0
CANADIAN DOLLAR - INTERNATIONAL MONETARY MARKET,1994-02-08,3647,5124,-1292.0,4039.0,35365,6253.0,-1477,-5331.0
CANADIAN DOLLAR - INTERNATIONAL MONETARY MARKET,1994-02-15,3653,8850,6.0,3726.0,41220,5855.0,-5197,-3720.0
CANADIAN DOLLAR - INTERNATIONAL MONETARY MARKET,1994-02-22,5012,9258,1359.0,408.0,41548,328.0,-4246,951.0
CANADIAN DOLLAR - INTERNATIONAL MONETARY MARKET,1994-03-01,4021,11012,-991.0,1754.0,46975,5427.0,-6991,-2745.0
CANADIAN DOLLAR - INTERNATIONAL MONETARY MARKET,1994-03-08,3702,13102,-319.0,2090.0,52577,5602.0,-9400,-2409.0
CANADIAN DOLLAR - INTERNATIONAL MONETARY MARKET,1994-03-15,4374,13921,672.0,819.0,56396,3819.0,-9547,-147.0
CANADIAN DOLLAR - INTERNATIONAL MONETARY MARKET,1994-03-22,4529,12661,155.0,-1260.0,43654,-12742.0,-8132,1415.0
CANADIAN DOLLAR - INTERNATIONAL MONETARY MARKET,1994-03-29,4746,14761,217.0,2100.0,44543,889.0,-10015,-1883.0
CANADIAN DOLLAR - INTERNATIONAL MONETARY MARKET,1994-04-05,2764,14394,-1982.0,-367.0,43576,-967.0,-11630,-1615.0
CANADIAN DOLLAR - INTERNATIONAL MONETARY MARKET,1994-04-12,4976,13943,2212.0,-451.0,43423,-153.0,-8967,2663.0
CANADIAN DOLLAR - INTERNATIONAL MONETARY MARKET,1994-04-19,5654,12015,678.0,-1928.0,42749,-674.0,-6361,2606.0
CANADIAN DOLLAR - INTERNATIONAL MONETARY MARKET,1994-04-26,5297,9734,-357.0,-2281.0,41747,-1002.0,-4437,1924.0
CANADIAN DOLLAR - INTERNATIONAL MONETARY MARKET,1994-05-03,5084,11511,-213.0,1777.0,43915,2168.0,-6427,-1990.0
CANADIAN DOLLAR - INTERNATIONAL MONETARY MARKET,1994-05-10,6231,8636,1147.0,-2875.0,43990,75.0,-2405,4022.0
CANADIAN DOLLAR - INTERNATIONAL MONETARY MARKET,1994-05-17,4918,9057,-1313.0,421.0,42898,-1092.0,-4139,-1734.0
CANADIAN DOLLAR - INTERNATIONAL MONETARY MARKET,1994-05-24,2965,10300,-1953.0,1243.0,45144,2246.0,-7335,-3196.0
CANADIAN DOLLAR - INTERNATIONAL MONETARY MARKET,1994-05-31,3317,9217,352.0,-1083.0,45427,283.0,-5900,1435.0
CANADIAN DOLLAR - INTERNATIONAL MONETARY MARKET,1994-06-07,6811,4643,3494.0,-4574.0,49293,3866.0,2168,8068.0
CANADIAN DOLLAR - INTERNATIONAL MONETARY MARKET,1994-06-14,6221,5835,-590.0,1192.0,43074,-6219.0,386,-1782.0
CANADIAN DOLLAR - INTERNATIONAL MONETARY MARKET,1994-06-21,10098,14915,3877.0,9080.0,40447,-2627.0,-4817,-5203.0
CANADIAN DOLLAR - INTERNATIONAL MONETARY MARKET,1994-06-28,10094,14039,-4.0,-876.0,40351,-96.0,-3945,872.0
CANADIAN DOLLAR - INTERNATIONAL MONETARY MARKET,1994-07-05,11239,8792,1145.0,-5247.0,36536,-3815.0,2447,6392.0
CANADIAN DOLLAR - INTERNATIONAL MONETARY MARKET,1994-07-12,10157,9705,-1082.0,913.0,36327,-209.0,452,-1995.0
CANADIAN DOLLAR - INTERNATIONAL MONETARY MARKET,1994-07-19,11618,5969,1461.0,-3736.0,34927,-1400.0,5649,5197.0
CANADIAN DOLLAR - INTERNATIONAL MONETARY MARKET,1994-07-26,12736,5748,1118.0,-221.0,35599,672.0,6988,1339.0
CANADIAN DOLLAR - INTERNATIONAL MONETARY MARKET,1994-08-02,6208,8332,-6528.0,2584.0,34259,-1340.0,-2124,-9112.0
CANADIAN DOLLAR - INTERNATIONAL MONETARY MARKET,1994-08-09,13641,4706,7433.0,-3626.0,40216,5957.0,8935,11059.0
CANADIAN DOLLAR - INTERNATIONAL MONETARY MARKET,1994-08-16,14059,5587,418.0,881.0,39964,-252.0,8472,-463.0
CANADIAN DOLLAR - INTERNATIONAL MONETARY MARKET,1994-08-23,13359,7104,-700.0,1517.0,39309,-655.0,6255,-2217.0
CANADIAN DOLLAR - INTERNATIONAL MONETARY MARKET,1994-08-30,16604,8327,3245.0,1223.0,44063,4754.0,8277,2022.0
CANADIAN DOLLAR - INTERNATIONAL MONETARY MARKET,1994-09-06,15148,8607,-1456.0,280.0,51099,7036.0,6541,-1736.0
CANADIAN DOLLAR - INTERNATIONAL MONETARY MARKET,1994-09-13,23139,7107,7991.0,-1500.0,51441,342.0,16032,9491.0
CANADIAN DOLLAR - INTERNATIONAL MONETARY MARKET,1994-09-20,25203,4185,2064.0,-2922.0,54681,3240.0,21018,4986.0
CANADIAN DOLLAR - INTERNATIONAL MONETARY MARKET,1994-09-27,23812,3663,-1391.0,-522.0,45915,-8766.0,20149,-869.0
CANADIAN DOLLAR - INTERNATIONAL MONETARY MARKET,1994-10-04,24047,4324,235.0,661.0,46240,325.0,19723,-426.0
CANADIAN DOLLAR - INTERNATIONAL MONETARY MARKET,1994-10-11,22691,4306,-1356.0,-18.0,44573,-1667.0,18385,-1338.0
CANADIAN DOLLAR - INTERNATIONAL MONETARY MARKET,1994-10-18,9963,8948,-12728.0,4642.0,37850,-6723.0,1015,-17370.0
CANADIAN DOLLAR - INTERNATIONAL MONETARY MARKET,1994-10-25,10227,6634,264.0,-2314.0,38021,171.0,3593,2578.0
CANADIAN DOLLAR - INTERNATIONAL MONETARY MARKET,1994-11-01,8307,7927,-1920.0,1293.0,38858,837.0,380,-3213.0
CANADIAN DOLLAR - INTERNATIONAL MONETARY MARKET,1994-11-08,6597,10431,-1710.0,2504.0,37841,-1017.0,-3834,-4214.0
CANADIAN DOLLAR - INTERNATIONAL MONETARY MARKET,1994-11-15,2581,10233,-4016.0,-198.0,39735,1894.0,-7652,-3818.0
CANADIAN DOLLAR - INTERNATIONAL MONETARY MARKET,1994-11-22,1605,18638,-976.0,8405.0,46293,6558.0,-17033,-9381.0
CANADIAN DOLLAR - INTERNATIONAL MONETARY MARKET,1994-11-29,1287,21513,-318.0,2875.0,54462,8169.0,-20226,-3193.0
CANADIAN DOLLAR - INTERNATIONAL MONETARY MARKET,1994-12-06,1949,19523,662.0,-1990.0,55343,881.0,-17574,2652.0
CANADIAN DOLLAR - INTERNATIONAL MONETARY MARKET,1994-12-13,1927,24792,-22.0,5269.0,67004,11661.0,-22865,-5291.0
CANADIAN DOLLAR - INTERNATIONAL MONETARY MARKET,1994-12-20,1431,25875,-496.0,1083.0,67155,151.0,-24444,-1579.0
CANADIAN DOLLAR - INTERNATIONAL MONETARY MARKET,1994-12-27,1297,26154,-134.0,279.0,51589,-15566.0,-24857,-413.0
CANADIAN DOLLAR - INTERNATIONAL MONETARY MARKET,1995-01-03,1078,28273,-219.0,2119.0,54732,3143.0,-27195,-2338.0
CANADIAN DOLLAR - INTERNATIONAL MONETARY MARKET,1995-01-10,1683,28432,605.0,159.0,56636,1904.0,-26749,446.0
CANADIAN DOLLAR - INTERNATIONAL MONETARY MARKET,1995-01-17,2428,26577,745.0,-1855.0,55051,-1585.0,-24149,2600.0
CANADIAN DOLLAR - INTERNATIONAL MONETARY MARKET,1995-01-24,2877,25515,449.0,-1062.0,56213,1162.0,-22638,1511.0
CANADIAN DOLLAR - INTERNATIONAL MONETARY MARKET,1995-01-31,3790,21491,913.0,-4024.0,52723,-3490.0,-17701,4937.0
CANADIAN DOLLAR - INTERNATIONAL MONETARY MARKET,1995-02-07,3220,8658,-570.0,-12833.0,46674,-6049.0,-5438,12263.0
CANADIAN DOLLAR - INTERNATIONAL MONETARY MARKET,1995-02-14,4379,4611,1159.0,-4047.0,43238,-3436.0,-232,5206.0
CANADIAN DOLLAR - INTERNATIONAL MONETARY MARKET,1995-02-21,4837,3947,458.0,-664.0,43565,327.0,890,1122.0
CANADIAN DOLLAR - INTERNATIONAL MONETARY MARKET,1995-02-28,3401,2713,-1436.0,-1234.0,42646,-919.0,688,-202.0
CANADIAN DOLLAR - INTERNATIONAL MONETARY MARKET,1995-03-07,4388,5008,987.0,2295.0,44087,1441.0,-620,-1308.0
CANADIAN DOLLAR - INTERNATIONAL MONETARY MARKET,1995-03-14,2755,4804,-1633.0,-204.0,38084,-6003.0,-2049,-1429.0
CANADIAN DOLLAR - INTERNATIONAL MONETARY MARKET,1995-03-21,4295,2977,1540.0,-1827.0,27462,-10622.0,1318,3367.0
CANADIAN DOLLAR - INTERNATIONAL MONETARY MARKET,1995-03-28,4203,2216,-92.0,-761.0,27263,-199.0,1987,669.0
CANADIAN DOLLAR - INTERNATIONAL MONETARY MARKET,1995-04-04,7804,1433,3601.0,-783.0,33239,5976.0,6371,4384.0
CANADIAN DOLLAR - INTERNATIONAL MONETARY MARKET,1995-04-11,16453,2040,8649.0,607.0,46365,13126.0,14413,8042.0
CANADIAN DOLLAR - INTERNATIONAL MONETARY MARKET,1995-04-18,17049,616,596.0,-1424.0,48540,2175.0,16433,2020.0
CANADIAN DOLLAR - INTERNATIONAL MONETARY MARKET,1995-04-25,17160,612,111.0,-4.0,50031,1491.0,16548,115.0
CANADIAN DOLLAR - INTERNATIONAL MONETARY MARKET,1995-05-02,17798,651,638.0,39.0,50828,797.0,17147,599.0
CANADIAN DOLLAR - INTERNATIONAL MONETARY MARKET,1995-05-09,18047,1267,249.0,616.0,50968,140.0,16780,-367.0
CANADIAN DOLLAR - INTERNATIONAL MONETARY MARKET,1995-05-16,16528,855,-1519.0,-412.0,48219,-2749.0,15673,-1107.0
CANADIAN DOLLAR - INTERNATIONAL MONETARY MARKET,1995-05-23,14333,1078,-2195.0,223.0,45027,-3192.0,13255,-2418.0
CANADIAN DOLLAR - INTERNATIONAL MONETARY MARKET,1995-05-30,9787,1747,-4546.0,669.0,40885,-4142.0,8040,-5215.0
CANADIAN DOLLAR - INTERNATIONAL MONETARY MARKET,1995-06-06,6761,2034,-3026.0,287.0,39995,-890.0,4727,-3313.0
CANADIAN DOLLAR - INTERNATIONAL MONETARY MARKET,1995-06-13,5414,3459,-1347.0,1425.0,40815,820.0,1955,-2772.0
CANADIAN DOLLAR - INTERNATIONAL MONETARY MARKET,1995-06-20,6720,2367,1306.0,-1092.0,36466,-4349.0,4353,2398.0
CANADIAN DOLLAR - INTERNATIONAL MONETARY MARKET,1995-06-27,8189,2072,1469.0,-295.0,33533,-2933.0,6117,1764.0
CANADIAN DOLLAR - INTERNATIONAL MONETARY MARKET,1995-07-03,8620,1992,431.0,-80.0,34118,585.0,6628,511.0
CANADIAN DOLLAR - INTERNATIONAL MONETARY MARKET,1995-07-11,20092,2953,11472.0,961.0,50369,16251.0,17139,10511.0
CANADIAN DOLLAR - INTERNATIONAL MONETARY MARKET,1995-07-18,19117,2397,-975.0,-556.0,49312,-1057.0,16720,-419.0
CANADIAN DOLLAR - INTERNATIONAL MONETARY MARKET,1995-07-25,17163,769,-1954.0,-1628.0,46023,-3289.0,16394,-326.0
CANADIAN DOLLAR - INTERNATIONAL MONETARY MARKET,1995-08-01,11390,271,-5773.0,-498.0,39597,-6426.0,11119,-5275.0
CANADIAN DOLLAR - INTERNATIONAL MONETARY MARKET,1995-08-08,12387,688,997.0,417.0,38822,-775.0,11699,580.0
CANADIAN DOLLAR - INTERNATIONAL MONETARY MARKET,1995-08-15,11661,1185,-726.0,497.0,38040,-782.0,10476,-1223.0
CANADIAN DOLLAR - INTERNATIONAL MONETARY MARKET,1995-08-22,12601,671,940.0,-514.0,38582,542.0,11930,1454.0
CANADIAN DOLLAR - INTERNATIONAL MONETARY MARKET,1995-08-29,25489,1296,12888.0,625.0,57983,19401.0,24193,12263.0
CANADIAN DOLLAR - INTERNATIONAL MONETARY MARKET,1995-09-05,26814,1115,1325.0,-181.0,59686,1703.0,25699,1506.0
CANADIAN DOLLAR - INTERNATIONAL MONETARY MARKET,1995-09-12,24088,469,-2726.0,-646.0,74047,14361.0,23619,-2080.0
CANADIAN DOLLAR - INTERNATIONAL MONETARY MARKET,1995-09-19,3743,2069,-20345.0,1600.0,50826,-23221.0,1674,-21945.0
CANADIAN DOLLAR - INTERNATIONAL MONETARY MARKET,1995-09-26,3485,811,-258.0,-1258.0,33153,-17673.0,2674,1000.0
CANADIAN DOLLAR - INTERNATIONAL MONETARY MARKET,1995-10-03,9968,820,6483.0,9.0,43581,10428.0,9148,6474.0
CANADIAN DOLLAR - INTERNATIONAL MONETARY MARKET,1995-10-10,11456,890,1488.0,70.0,45203,1622.0,10566,1418.0
CANADIAN DOLLAR - INTERNATIONAL MONETARY MARKET,1995-10-17,11283,959,-173.0,69.0,43870,-1333.0,10324,-242.0
CANADIAN DOLLAR - INTERNATIONAL MONETARY MARKET,1995-10-24,5274,4149,-6009.0,3190.0,42368,-1502.0,1125,-9199.0
CANADIAN DOLLAR - INTERNATIONAL MONETARY MARKET,1995-10-31,4025,206,-1249.0,-3943.0,42519,151.0,3819,2694.0
CANADIAN DOLLAR - INTERNATIONAL MONETARY MARKET,1995-11-07,4669,0,644.0,-206.0,39221,-3298.0,4669,850.0
CANADIAN DOLLAR - INTERNATIONAL MONETARY MARKET,1995-11-14,4174,302,-495.0,302.0,39472,251.0,3872,-797.0
CANADIAN DOLLAR - INTERNATIONAL MONETARY MARKET,1995-11-21,4213,270,39.0,-32.0,40386,914.0,3943,71.0
CANADIAN DOLLAR - INTERNATIONAL MONETARY MARKET,1995-11-28,4281,0,68.0,-270.0,41357,971.0,4281,338.0
CANADIAN DOLLAR - INTERNATIONAL MONETARY MARKET,1995-12-05,3121,2467,-1160.0,2467.0,42909,1552.0,654,-3627.0
CANADIAN DOLLAR - INTERNATIONAL MONETARY MARKET,1995-12-12,1993,10670,-1128.0,8203.0,51147,8238.0,-8677,-9331.0
CANADIAN DOLLAR - INTERNATIONAL MONETARY MARKET,1995-12-19,2139,10463,146.0,-207.0,50078,-1069.0,-8324,353.0
CANADIAN DOLLAR - INTERNATIONAL MONETARY MARKET,1995-12-26,2885,1594,746.0,-8869.0,27808,-22270.0,1291,9615.0
CANADIAN DOLLAR - INTERNATIONAL MONETARY MARKET,1996-01-02,2938,1390,53.0,-204.0,29038,1230.0,1548,257.0
CANADIAN DOLLAR - INTERNATIONAL MONETARY MARKET,1996-01-09,3179,846,241.0,-544.0,27971,-1067.0,2333,785.0
CANADIAN DOLLAR - INTERNATIONAL MONETARY MARKET,1996-01-16,2897,823,-282.0,-23.0,28290,319.0,2074,-259.0
CANADIAN DOLLAR - INTERNATIONAL MONETARY MARKET,1996-01-23,2330,1945,-567.0,1122.0,29221,931.0,385,-1689.0
CANADIAN DOLLAR - INTERNATIONAL MONETARY MARKET,1996-01-30,1931,13423,-399.0,11478.0,42912,13691.0,-11492,-11877.0
CANADIAN DOLLAR - INTERNATIONAL MONETARY MARKET,1996-02-06,3122,12850,1191.0,-573.0,42313,-599.0,-9728,1764.0
CANADIAN DOLLAR - INTERNATIONAL MONETARY MARKET,1996-02-13,3032,3254,-90.0,-9596.0,35631,-6682.0,-222,9506.0
CANADIAN DOLLAR - INTERNATIONAL MONETARY MARKET,1996-02-20,1961,7316,-1071.0,4062.0,39066,3435.0,-5355,-5133.0
CANADIAN DOLLAR - INTERNATIONAL MONETARY MARKET,1996-02-27,1835,5568,-126.0,-1748.0,36277,-2789.0,-3733,1622.0
CANADIAN DOLLAR - INTERNATIONAL MONETARY MARKET,1996-03-05,3461,3418,1626.0,-2150.0,35854,-423.0,43,3776.0
CANADIAN DOLLAR - INTERNATIONAL MONETARY MARKET,1996-03-12,5019,1646,1558.0,-1772.0,37673,1819.0,3373,3330.0
CANADIAN DOLLAR - INTERNATIONAL MONETARY MARKET,1996-03-19,15039,798,10020.0,-848.0,47150,9477.0,14241,10868.0
CANADIAN DOLLAR - INTERNATIONAL MONETARY MARKET,1996-03-26,14125,673,-914.0,-125.0,38235,-8915.0,13452,-789.0
CANADIAN DOLLAR - INTERNATIONAL MONETARY MARKET,1996-04-02,19173,494,5048.0,-179.0,45017,6782.0,18679,5227.0
CANADIAN DOLLAR - INTERNATIONAL MONETARY MARKET,1996-04-09,15828,702,-3345.0,208.0,41188,-3829.0,15126,-3553.0
CANADIAN DOLLAR - INTERNATIONAL MONETARY MARKET,1996-04-16,14176,413,-1652.0,-289.0,41267,79.0,13763,-1363.0
CANADIAN DOLLAR - INTERNATIONAL MONETARY MARKET,1996-04-23,10240,413,-3936.0,0.0,39169,-2098.0,9827,-3936.0
CANADIAN DOLLAR - INTERNATIONAL MONETARY MARKET,1996-04-30,8456,1800,-1784.0,1387.0,38673,-496.0,6656,-3171.0
CANADIAN DOLLAR - INTERNATIONAL MONETARY MARKET,1996-05-07,8129,2388,-327.0,588.0,42265,3592.0,5741,-915.0
CANADIAN DOLLAR - INTERNATIONAL MONETARY MARKET,1996-05-14,6807,6118,-1322.0,3730.0,46048,3783.0,689,-5052.0
CANADIAN DOLLAR - INTERNATIONAL MONETARY MARKET,1996-05-21,2006,12885,-4801.0,6767.0,49808,3760.0,-10879,-11568.0
CANADIAN DOLLAR - INTERNATIONAL MONETARY MARKET,1996-05-28,2152,16331,146.0,3446.0,53866,4058.0,-14179,-3300.0
CANADIAN DOLLAR - INTERNATIONAL MONETARY MARKET,1996-06-04,2497,4929,345.0,-11402.0,43947,-9919.0,-2432,11747.0
CANADIAN DOLLAR - INTERNATIONAL MONETARY MARKET,1996-06-11,4068,1852,1571.0,-3077.0,39445,-4502.0,2216,4648.0
CANADIAN DOLLAR - INTERNATIONAL MONETARY MARKET,1996-06-18,3380,1852,-688.0,0.0,37261,-2184.0,1528,-688.0
CANADIAN DOLLAR - INTERNATIONAL MONETARY MARKET,1996-06-25,9863,1587,6483.0,-265.0,34868,-2393.0,8276,6748.0
CANADIAN DOLLAR - INTERNATIONAL MONETARY MARKET,1996-07-02,10682,3193,819.0,1606.0,37716,2848.0,7489,-787.0
CANADIAN DOLLAR - INTERNATIONAL MONETARY MARKET,1996-07-09,4553,4247,-6129.0,1054.0,36736,-980.0,306,-7183.0
CANADIAN DOLLAR - INTERNATIONAL MONETARY MARKET,1996-07-16,5070,5202,517.0,955.0,37383,647.0,-132,-438.0
CANADIAN DOLLAR - INTERNATIONAL MONETARY MARKET,1996-07-23,4141,4920,-929.0,-282.0,36777,-606.0,-779,-647.0
CANADIAN DOLLAR - INTERNATIONAL MONETARY MARKET,1996-07-30,3038,7634,-1103.0,2714.0,39255,2478.0,-4596,-3817.0
CANADIAN DOLLAR - INTERNATIONAL MONETARY MARKET,1996-08-06,3391,7848,353.0,214.0,41519,2264.0,-4457,139.0
CANADIAN DOLLAR - INTERNATIONAL MONETARY MARKET,1996-08-13,2891,7146,-500.0,-702.0,39870,-1649.0,-4255,202.0
CANADIAN DOLLAR - INTERNATIONAL MONETARY MARKET,1996-08-20,3356,5860,465.0,-1286.0,40733,863.0,-2504,1751.0
CANADIAN DOLLAR - INTERNATIONAL MONETARY MARKET,1996-08-27,7408,2755,4052.0,-3105.0,43173,2440.0,4653,7157.0
CANADIAN DOLLAR - INTERNATIONAL MONETARY MARKET,1996-09-03,12759,4311,5351.0,1556.0,50100,6927.0,8448,3795.0
CANADIAN DOLLAR - INTERNATIONAL MONETARY MARKET,1996-09-10,3251,5477,-9508.0,1166.0,48902,-1198.0,-2226,-10674.0
CANADIAN DOLLAR - INTERNATIONAL MONETARY MARKET,1996-09-17,3806,4787,555.0,-690.0,42447,-6455.0,-981,1245.0
CANADIAN DOLLAR - INTERNATIONAL MONETARY MARKET,1996-09-24,8271,2127,4465.0,-2660.0,38003,-4444.0,6144,7125.0
CANADIAN DOLLAR - INTERNATIONAL MONETARY MARKET,1996-10-01,15106,3597,6835.0,1470.0,51335,13332.0,11509,5365.0
CANADIAN DOLLAR - INTERNATIONAL MONETARY MARKET,1996-10-08,29508,1525,14402.0,-2072.0,64746,13411.0,27983,16474.0
CANADIAN DOLLAR - INTERNATIONAL MONETARY MARKET,1996-10-15,30858,2190,1350.0,665.0,68361,3615.0,28668,685.0
CANADIAN DOLLAR - INTERNATIONAL MONETARY MARKET,1996-10-22,32647,1630,1789.0,-560.0,70122,1761.0,31017,2349.0
CANADIAN DOLLAR - INTERNATIONAL MONETARY MARKET,1996-10-29,39177,1275,6530.0,-355.0,77686,7564.0,37902,6885.0
CANADIAN DOLLAR - INTERNATIONAL MONETARY MARKET,1996-11-05,42743,1213,3566.0,-62.0,85426,7740.0,41530,3628.0
CANADIAN DOLLAR - INTERNATIONAL MONETARY MARKET,1996-11-12,46780,971,4037.0,-242.0,89808,4382.0,45809,4279.0
CANADIAN DOLLAR - INTERNATIONAL MONETARY MARKET,1996-11-19,31536,958,-15244.0,-13.0,76972,-12836.0,30578,-15231.0
CANADIAN DOLLAR - INTERNATIONAL MONETARY MARKET,1996-11-26,29518,1742,-2018.0,784.0,77569,597.0,27776,-2802.0
CANADIAN DOLLAR - INTERNATIONAL MONETARY MARKET,1996-12-03,17979,3003,-11539.0,1261.0,73121,-4448.0,14976,-12800.0
CANADIAN DOLLAR - INTERNATIONAL MONETARY MARKET,1996-12-10,12858,10953,-5121.0,7950.0,78507,5386.0,1905,-13071.0
CANADIAN DOLLAR - INTERNATIONAL MONETARY MARKET,1996-12-17,17330,13031,4472.0,2078.0,81456,2949.0,4299,2394.0
CANADIAN DOLLAR - INTERNATIONAL MONETARY MARKET,1996-12-24,16423,13509,-907.0,478.0,63184,-18272.0,2914,-1385.0
CANADIAN DOLLAR - INTERNATIONAL MONETARY MARKET,1996-12-31,17955,17238,1532.0,3729.0,68803,5619.0,717,-2197.0
CANADIAN DOLLAR - INTERNATIONAL MONETARY MARKET,1997-01-07,6130,10360,-11825.0,-6878.0,60630,-8173.0,-4230,-4947.0
CANADIAN DOLLAR - INTERNATIONAL MONETARY MARKET,1997-01-14,6733,4932,603.0,-5428.0,54037,-6593.0,1801,6031.0
CANADIAN DOLLAR - INTERNATIONAL MONETARY MARKET,1997-01-21,6605,2863,-128.0,-2069.0,52257,-1780.0,3742,1941.0
CANADIAN DOLLAR - INTERNATIONAL MONETARY MARKET,1997-01-28,6226,2843,-379.0,-20.0,54495,2238.0,3383,-359.0
CANADIAN DOLLAR - INTERNATIONAL MONETARY MARKET,1997-02-04,5832,3867,-394.0,1024.0,55453,958.0,1965,-1418.0
CANADIAN DOLLAR - INTERNATIONAL MONETARY MARKET,1997-02-11,3359,3432,-2473.0,-435.0,54206,-1247.0,-73,-2038.0
CANADIAN DOLLAR - INTERNATIONAL MONETARY MARKET,1997-02-18,4642,3477,1283.0,45.0,56628,2422.0,1165,1238.0
CANADIAN DOLLAR - INTERNATIONAL MONETARY MARKET,1997-02-25,2478,5532,-2164.0,2055.0,56461,-167.0,-3054,-4219.0
CANADIAN DOLLAR - INTERNATIONAL MONETARY MARKET,1997-03-04,2856,13562,378.0,8030.0,62862,6401.0,-10706,-7652.0
CANADIAN DOLLAR - INTERNATIONAL MONETARY MARKET,1997-03-11,5015,14750,2159.0,1188.0,74320,11458.0,-9735,971.0
CANADIAN DOLLAR - INTERNATIONAL MONETARY MARKET,1997-03-18,5007,16994,-8.0,2244.0,75819,1499.0,-11987,-2252.0
CANADIAN DOLLAR - INTERNATIONAL MONETARY MARKET,1997-03-25,5060,19592,53.0,2598.0,74773,-1046.0,-14532,-2545.0
CANADIAN DOLLAR - INTERNATIONAL MONETARY MARKET,1997-04-01,4927,19660,-133.0,68.0,78679,3906.0,-14733,-201.0
CANADIAN DOLLAR - INTERNATIONAL MONETARY MARKET,1997-04-08,3081,20330,-1846.0,670.0,81384,2705.0,-17249,-2516.0
CANADIAN DOLLAR - INTERNATIONAL MONETARY MARKET,1997-04-15,4608,20848,1527.0,518.0,84124,2740.0,-16240,1009.0
CANADIAN DOLLAR - INTERNATIONAL MONETARY MARKET,1997-04-22,4427,20605,-181.0,-243.0,84497,373.0,-16178,62.0
CANADIAN DOLLAR - INTERNATIONAL MONETARY MARKET,1997-04-29,4694,19164,267.0,-1441.0,82815,-1682.0,-14470,1708.0
CANADIAN DOLLAR - INTERNATIONAL MONETARY MARKET,1997-05-06,5339,13879,645.0,-5285.0,76382,-6433.0,-8540,5930.0
CANADIAN DOLLAR - INTERNATIONAL MONETARY MARKET,1997-05-13,4832,14914,-507.0,1035.0,76830,448.0,-10082,-1542.0
CANADIAN DOLLAR - INTERNATIONAL MONETARY MARKET,1997-05-20,7107,10370,2275.0,-4544.0,68670,-8160.0,-3263,6819.0
CANADIAN DOLLAR - INTERNATIONAL MONETARY MARKET,1997-05-27,6263,5802,-844.0,-4568.0,69553,883.0,461,3724.0
CANADIAN DOLLAR - INTERNATIONAL MONETARY MARKET,1997-06-03,5319,5352,-944.0,-450.0,70087,534.0,-33,-494.0
CANADIAN DOLLAR - INTERNATIONAL MONETARY MARKET,1997-06-10,3025,6039,-2294.0,687.0,67393,-2694.0,-3014,-2981.0
CANADIAN DOLLAR - INTERNATIONAL MONETARY MARKET,1997-06-17,3099,4844,74.0,-1195.0,67533,140.0,-1745,1269.0
CANADIAN DOLLAR - INTERNATIONAL MONETARY MARKET,1997-06-24,2117,5770,-982.0,926.0,42957,-24576.0,-3653,-1908.0
CANADIAN DOLLAR - INTERNATIONAL MONETARY MARKET,1997-07-01,2628,6233,511.0,463.0,43224,267.0,-3605,48.0
CANADIAN DOLLAR - INTERNATIONAL MONETARY MARKET,1997-07-08,4297,5393,1669.0,-840.0,43168,-56.0,-1096,2509.0
CANADIAN DOLLAR - INTERNATIONAL MONETARY MARKET,1997-07-15,3999,6547,-298.0,1154.0,43544,376.0,-2548,-1452.0
CANADIAN DOLLAR - INTERNATIONAL MONETARY MARKET,1997-07-22,4367,5441,368.0,-1106.0,43465,-79.0,-1074,1474.0
CANADIAN DOLLAR - INTERNATIONAL MONETARY MARKET,1997-07-29,4298,9232,-69.0,3791.0,45305,1840.0,-4934,-3860.0
CANADIAN DOLLAR - INTERNATIONAL MONETARY MARKET,1997-08-05,4012,8175,-286.0,-1057.0,45845,540.0,-4163,771.0
CANADIAN DOLLAR - INTERNATIONAL MONETARY MARKET,1997-08-12,4478,13426,466.0,5251.0,57100,11255.0,-8948,-4785.0
CANADIAN DOLLAR - INTERNATIONAL MONETARY MARKET,1997-08-19,5080,19512,602.0,6086.0,64364,7264.0,-14432,-5484.0
CANADIAN DOLLAR - INTERNATIONAL MONETARY MARKET,1997-08-26,5114,20302,34.0,790.0,70373,6009.0,-15188,-756.0
CANADIAN DOLLAR - INTERNATIONAL MONETARY MARKET,1997-09-02,4950,10705,-164.0,-9597.0,62757,-7616.0,-5755,9433.0
CANADIAN DOLLAR - INTERNATIONAL MONETARY MARKET,1997-09-09,6341,9254,1391.0,-1451.0,61756,-1001.0,-2913,2842.0
CANADIAN DOLLAR - INTERNATIONAL MONETARY MARKET,1997-09-16,6005,15135,-336.0,5881.0,62926,1170.0,-9130,-6217.0
CANADIAN DOLLAR - INTERNATIONAL MONETARY MARKET,1997-09-23,5505,15576,-500.0,441.0,49901,-13025.0,-10071,-941.0
CANADIAN DOLLAR - INTERNATIONAL MONETARY MARKET,1997-09-30,8514,10243,3009.0,-5333.0,49379,-522.0,-1729,8342.0
CANADIAN DOLLAR - INTERNATIONAL MONETARY MARKET,1997-10-07,17913,7622,9399.0,-2621.0,58958,9579.0,10291,12020.0
CANADIAN DOLLAR - INTERNATIONAL MONETARY MARKET,1997-10-14,11151,9111,-6762.0,1489.0,54173,-4785.0,2040,-8251.0
CANADIAN DOLLAR - INTERNATIONAL MONETARY MARKET,1997-10-21,6145,14300,-5006.0,5189.0,55131,958.0,-8155,-10195.0
CANADIAN DOLLAR - INTERNATIONAL MONETARY MARKET,1997-10-28,3837,29903,-2308.0,15603.0,72943,17812.0,-26066,-17911.0
CANADIAN DOLLAR - INTERNATIONAL MONETARY MARKET,1997-11-04,4285,29788,448.0,-115.0,74076,1133.0,-25503,563.0
CANADIAN DOLLAR - INTERNATIONAL MONETARY MARKET,1997-11-11,3844,25940,-441.0,-3848.0,71927,-2149.0,-22096,3407.0
CANADIAN DOLLAR - INTERNATIONAL MONETARY MARKET,1997-11-18,3974,25705,130.0,-235.0,74605,2678.0,-21731,365.0
CANADIAN DOLLAR - INTERNATIONAL MONETARY MARKET,1997-11-25,4301,25218,327.0,-487.0,77709,3104.0,-20917,814.0
CANADIAN DOLLAR - INTERNATIONAL MONETARY MARKET,1997-12-02,3922,23430,-379.0,-1788.0,75838,-1871.0,-19508,1409.0
CANADIAN DOLLAR - INTERNATIONAL MONETARY MARKET,1997-12-09,3895,22673,-27.0,-757.0,86967,11129.0,-18778,730.0
CANADIAN DOLLAR - INTERNATIONAL MONETARY MARKET,1997-12-16,3919,20128,24.0,-2545.0,84023,-2944.0,-16209,2569.0
CANADIAN DOLLAR - INTERNATIONAL MONETARY MARKET,1997-12-19,4258,20617,339.0,489.0,60824,-23199.0,-16359,-150.0
CANADIAN DOLLAR - INTERNATIONAL MONETARY MARKET,1997-12-23,4860,25244,941.0,5116.0,65173,-18850.0,-20384,-4025.0
CANADIAN DOLLAR - INTERNATIONAL MONETARY MARKET,1997-12-30,3815,25212,-1045.0,-32.0,66115,942.0,-21397,-1013.0
CANADIAN DOLLAR - INTERNATIONAL MONETARY MARKET,1998-01-06,3846,23115,31.0,-2097.0,62751,-3364.0,-19269,2128.0
CANADIAN DOLLAR - INTERNATIONAL MONETARY MARKET,1998-01-13,3180,17912,-666.0,-5203.0,62101,-650.0,-14732,4537.0
CANADIAN DOLLAR - INTERNATIONAL MONETARY MARKET,1998-01-20,3716,17448,536.0,-464.0,63599,1498.0,-13732,1000.0
CANADIAN DOLLAR - INTERNATIONAL MONETARY MARKET,1998-01-27,3295,20207,-421.0,2759.0,64419,820.0,-16912,-3180.0
CANADIAN DOLLAR - INTERNATIONAL MONETARY MARKET,1998-02-03,2682,18352,-613.0,-1855.0,67444,3025.0,-15670,1242.0
CANADIAN DOLLAR - INTERNATIONAL MONETARY MARKET,1998-02-10,2984,10972,302.0,-7380.0,64827,-2617.0,-7988,7682.0
CANADIAN DOLLAR - INTERNATIONAL MONETARY MARKET,1998-02-17,2275,11324,-709.0,352.0,68889,4062.0,-9049,-1061.0
CANADIAN DOLLAR - INTERNATIONAL MONETARY MARKET,1998-02-24,3754,7485,1479.0,-3839.0,70658,1769.0,-3731,5318.0
CANADIAN DOLLAR - INTERNATIONAL MONETARY MARKET,1998-03-03,3734,7734,-20.0,249.0,68465,-2193.0,-4000,-269.0
CANADIAN DOLLAR - INTERNATIONAL MONETARY MARKET,1998-03-10,4962,1768,1228.0,-5966.0,68037,-428.0,3194,7194.0
CANADIAN DOLLAR - INTERNATIONAL MONETARY MARKET,1998-03-17,6795,1908,1833.0,140.0,67562,-475.0,4887,1693.0
CANADIAN DOLLAR - INTERNATIONAL MONETARY MARKET,1998-03-24,6764,2690,-31.0,782.0,53446,-14116.0,4074,-813.0
CANADIAN DOLLAR - INTERNATIONAL MONETARY MARKET,1998-03-31,6961,2843,197.0,153.0,58818,5372.0,4118,44.0
CANADIAN DOLLAR - INTERNATIONAL MONETARY MARKET,1998-04-07,5779,3011,-1182.0,168.0,57121,-1697.0,2768,-1350.0
CANADIAN DOLLAR - INTERNATIONAL MONETARY MARKET,1998-04-14,5556,9170,-223.0,6159.0,59612,2491.0,-3614,-6382.0
CANADIAN DOLLAR - INTERNATIONAL MONETARY MARKET,1998-04-21,3037,10427,-2519.0,1257.0,58919,-693.0,-7390,-3776.0
CANADIAN DOLLAR - INTERNATIONAL MONETARY MARKET,1998-04-28,2808,11687,-229.0,1260.0,59705,786.0,-8879,-1489.0
CANADIAN DOLLAR - INTERNATIONAL MONETARY MARKET,1998-05-05,3218,12538,410.0,851.0,60297,592.0,-9320,-441.0
CANADIAN DOLLAR - INTERNATIONAL MONETARY MARKET,1998-05-12,3792,13295,574.0,757.0,61808,1511.0,-9503,-183.0
CANADIAN DOLLAR - INTERNATIONAL MONETARY MARKET,1998-05-19,3511,22686,-281.0,9391.0,67254,5446.0,-19175,-9672.0
CANADIAN DOLLAR - INTERNATIONAL MONETARY MARKET,1998-05-26,4728,23496,1217.0,810.0,70687,3433.0,-18768,407.0
CANADIAN DOLLAR - INTERNATIONAL MONETARY MARKET,1998-06-02,4880,24165,152.0,669.0,70537,-150.0,-19285,-517.0
CANADIAN DOLLAR - INTERNATIONAL MONETARY MARKET,1998-06-09,4336,23703,-544.0,-462.0,80094,9557.0,-19367,-82.0
CANADIAN DOLLAR - INTERNATIONAL MONETARY MARKET,1998-06-16,4880,29661,544.0,5958.0,86700,6606.0,-24781,-5414.0
CANADIAN DOLLAR - INTERNATIONAL MONETARY MARKET,1998-06-23,5304,26960,424.0,-2701.0,67433,-19267.0,-21656,3125.0
CANADIAN DOLLAR - INTERNATIONAL MONETARY MARKET,1998-06-30,4104,26601,-1200.0,-359.0,68815,1382.0,-22497,-841.0
CANADIAN DOLLAR - INTERNATIONAL MONETARY MARKET,1998-07-07,4286,25434,182.0,-1167.0,69815,1000.0,-21148,1349.0
CANADIAN DOLLAR - INTERNATIONAL MONETARY MARKET,1998-07-14,4594,23398,308.0,-2036.0,70340,525.0,-18804,2344.0
CANADIAN DOLLAR - INTERNATIONAL MONETARY MARKET,1998-07-21,5034,25228,440.0,1830.0,72088,1748.0,-20194,-1390.0
CANADIAN DOLLAR - INTERNATIONAL MONETARY MARKET,1998-07-28,4624,26962,-410.0,1734.0,71906,-182.0,-22338,-2144.0
CANADIAN DOLLAR - INTERNATIONAL MONETARY MARKET,1998-08-04,4278,27610,-346.0,648.0,73331,1425.0,-23332,-994.0
CANADIAN DOLLAR - INTERNATIONAL MONETARY MARKET,1998-08-11,4841,26672,563.0,-938.0,72943,-388.0,-21831,1501.0
CANADIAN DOLLAR - INTERNATIONAL MONETARY MARKET,1998-08-18,4273,26926,-568.0,254.0,77200,4257.0,-22653,-822.0
CANADIAN DOLLAR - INTERNATIONAL MONETARY MARKET,1998-08-25,4953,27254,680.0,328.0,75626,-1574.0,-22301,352.0
CANADIAN DOLLAR - INTERNATIONAL MONETARY MARKET,1998-09-01,5264,16285,311.0,-10969.0,73780,-1846.0,-11021,11280.0
CANADIAN DOLLAR - INTERNATIONAL MONETARY MARKET,1998-09-08,5375,13057,111.0,-3228.0,71659,-2121.0,-7682,3339.0
CANADIAN DOLLAR - INTERNATIONAL MONETARY MARKET,1998-09-15,2907,9135,-2468.0,-3922.0,65301,-6358.0,-6228,1454.0
CANADIAN DOLLAR - INTERNATIONAL MONETARY MARKET,1998-09-22,1979,7412,-928.0,-1723.0,51581,-13720.0,-5433,795.0
CANADIAN DOLLAR - INTERNATIONAL MONETARY MARKET,1998-09-29,2007,5430,28.0,-1982.0,52049,468.0,-3423,2010.0
CANADIAN DOLLAR - INTERNATIONAL MONETARY MARKET,1998-10-06,2499,6798,492.0,1368.0,51219,-830.0,-4299,-876.0
CANADIAN DOLLAR - INTERNATIONAL MONETARY MARKET,1998-10-13,2229,5831,-270.0,-967.0,50240,-979.0,-3602,697.0
CANADIAN DOLLAR - INTERNATIONAL MONETARY MARKET,1998-10-20,2309,5152,80.0,-679.0,51585,1345.0,-2843,759.0
CANADIAN DOLLAR - INTERNATIONAL MONETARY MARKET,1998-10-27,2110,5094,-199.0,-58.0,52934,1349.0,-2984,-141.0
CANADIAN DOLLAR - INTERNATIONAL MONETARY MARKET,1998-11-03,2263,3912,153.0,-1182.0,56026,3092.0,-1649,1335.0
CANADIAN DOLLAR - INTERNATIONAL MONETARY MARKET,1998-11-10,3137,4914,874.0,1002.0,60716,4690.0,-1777,-128.0
CANADIAN DOLLAR - INTERNATIONAL MONETARY MARKET,1998-11-17,2571,7819,-566.0,2905.0,63048,2332.0,-5248,-3471.0
CANADIAN DOLLAR - INTERNATIONAL MONETARY MARKET,1998-11-24,2166,8243,-405.0,424.0,63624,576.0,-6077,-829.0
CANADIAN DOLLAR - INTERNATIONAL MONETARY MARKET,1998-12-01,3915,6677,1749.0,-1566.0,65472,1848.0,-2762,3315.0
CANADIAN DOLLAR - INTERNATIONAL MONETARY MARKET,1998-12-08,2329,7683,-1586.0,1006.0,59112,-6360.0,-5354,-2592.0
CANADIAN DOLLAR - INTERNATIONAL MONETARY MARKET,1998-12-15,2213,7751,-116.0,68.0,57842,-1270.0,-5538,-184.0
CANADIAN DOLLAR - INTERNATIONAL MONETARY MARKET,1998-12-22,1804,10010,-409.0,2259.0,39710,-18132.0,-8206,-2668.0
CANADIAN DOLLAR - INTERNATIONAL MONETARY MARKET,1998-12-29,1851,10126,47.0,116.0,39871,161.0,-8275,-69.0
CANADIAN DOLLAR - INTERNATIONAL MONETARY MARKET,1999-01-05,4638,3943,2787.0,-6183.0,44072,4201.0,695,8970.0
CANADIAN DOLLAR - INTERNATIONAL MONETARY MARKET,1999-01-12,11357,3044,6719.0,-899.0,51921,7849.0,8313,7618.0
CANADIAN DOLLAR - INTERNATIONAL MONETARY MARKET,1999-01-19,6488,3327,-4869.0,283.0,50810,-1111.0,3161,-5152.0
CANADIAN DOLLAR - INTERNATIONAL MONETARY MARKET,1999-01-26,6093,2746,-395.0,-581.0,51323,513.0,3347,186.0
CANADIAN DOLLAR - INTERNATIONAL MONETARY MARKET,1999-02-02,7380,4034,1287.0,1288.0,57132,5809.0,3346,-1.0
CANADIAN DOLLAR - INTERNATIONAL MONETARY MARKET,1999-02-09,17092,2399,9712.0,-1635.0,70696,13564.0,14693,11347.0
CANADIAN DOLLAR - INTERNATIONAL MONETARY MARKET,1999-02-16,18988,2941,1896.0,542.0,76337,5641.0,16047,1354.0
CANADIAN DOLLAR - INTERNATIONAL MONETARY MARKET,1999-02-23,18485,2639,-503.0,-302.0,79306,2969.0,15846,-201.0
CANADIAN DOLLAR - INTERNATIONAL MONETARY MARKET,1999-03-02,13844,3578,-4641.0,939.0,70181,-9125.0,10266,-5580.0
CANADIAN DOLLAR - INTERNATIONAL MONETARY MARKET,1999-03-09,10980,3228,-2864.0,-350.0,72008,1827.0,7752,-2514.0
CANADIAN DOLLAR - INTERNATIONAL MONETARY MARKET,1999-03-16,9432,3394,-1548.0,166.0,72693,685.0,6038,-1714.0
CANADIAN DOLLAR - INTERNATIONAL MONETARY MARKET,1999-03-23,12534,2331,3102.0,-1063.0,55557,-17136.0,10203,4165.0
CANADIAN DOLLAR - INTERNATIONAL MONETARY MARKET,1999-03-30,9735,3272,-2799.0,941.0,54803,-754.0,6463,-3740.0
CANADIAN DOLLAR - INTERNATIONAL MONETARY MARKET,1999-04-06,12648,2955,2913.0,-317.0,59329,4526.0,9693,3230.0
CANADIAN DOLLAR - INTERNATIONAL MONETARY MARKET,1999-04-13,23269,4138,10621.0,1183.0,70341,11012.0,19131,9438.0
CANADIAN DOLLAR - INTERNATIONAL MONETARY MARKET,1999-04-20,32135,3480,8866.0,-658.0,79692,9351.0,28655,9524.0
CANADIAN DOLLAR - INTERNATIONAL MONETARY MARKET,1999-04-27,35749,3559,3614.0,79.0,83465,3773.0,32190,3535.0
CANADIAN DOLLAR - INTERNATIONAL MONETARY MARKET,1999-05-04,35794,4030,45.0,471.0,84922,1457.0,31764,-426.0
CANADIAN DOLLAR - INTERNATIONAL MONETARY MARKET,1999-05-11,35282,4117,-512.0,87.0,84985,63.0,31165,-599.0
CANADIAN DOLLAR - INTERNATIONAL MONETARY MARKET,1999-05-18,35044,4146,-238.0,29.0,87144,2159.0,30898,-267.0
CANADIAN DOLLAR - INTERNATIONAL MONETARY MARKET,1999-05-25,31589,2976,-3455.0,-1170.0,84475,-2669.0,28613,-2285.0
CANADIAN DOLLAR - INTERNATIONAL MONETARY MARKET,1999-06-01,25017,3197,-6572.0,221.0,77848,-6627.0,21820,-6793.0
CANADIAN DOLLAR - INTERNATIONAL MONETARY MARKET,1999-06-08,23606,4089,-1411.0,892.0,85077,7229.0,19517,-2303.0
CANADIAN DOLLAR - INTERNATIONAL MONETARY MARKET,1999-06-15,23824,3560,218.0,-529.0,83577,-1500.0,20264,747.0
CANADIAN DOLLAR - INTERNATIONAL MONETARY MARKET,1999-06-22,21823,2615,-2001.0,-945.0,62240,-21337.0,19208,-1056.0
CANADIAN DOLLAR - INTERNATIONAL MONETARY MARKET,1999-06-29,22580,2898,757.0,283.0,62374,134.0,19682,474.0
CANADIAN DOLLAR - INTERNATIONAL MONETARY MARKET,1999-07-06,18634,3505,-3946.0,607.0,61270,-1104.0,15129,-4553.0
CANADIAN DOLLAR - INTERNATIONAL MONETARY MARKET,1999-07-13,13424,5206,-5210.0,1701.0,62623,1353.0,8218,-6911.0
CANADIAN DOLLAR - INTERNATIONAL MONETARY MARKET,1999-07-20,12776,10332,-648.0,5126.0,61710,-913.0,2444,-5774.0
CANADIAN DOLLAR - INTERNATIONAL MONETARY MARKET,1999-07-27,5195,30126,-7581.0,19794.0,75262,13552.0,-24931,-27375.0
CANADIAN DOLLAR - INTERNATIONAL MONETARY MARKET,1999-08-03,6374,35589,1179.0,5463.0,84345,9083.0,-29215,-4284.0
CANADIAN DOLLAR - INTERNATIONAL MONETARY MARKET,1999-08-10,6656,24226,282.0,-11363.0,76379,-7966.0,-17570,11645.0
CANADIAN DOLLAR - INTERNATIONAL MONETARY MARKET,1999-08-17,6560,11381,-96.0,-12845.0,66156,-10223.0,-4821,12749.0
CANADIAN DOLLAR - INTERNATIONAL MONETARY MARKET,1999-08-24,5557,12201,-1003.0,820.0,66844,688.0,-6644,-1823.0
CANADIAN DOLLAR - INTERNATIONAL MONETARY MARKET,1999-08-31,6043,11851,486.0,-350.0,68733,1889.0,-5808,836.0
CANADIAN DOLLAR - INTERNATIONAL MONETARY MARKET,1999-09-07,5723,9865,-320.0,-1986.0,71695,2962.0,-4142,1666.0
CANADIAN DOLLAR - INTERNATIONAL MONETARY MARKET,1999-09-14,6692,4634,969.0,-5231.0,73156,1461.0,2058,6200.0
CANADIAN DOLLAR - INTERNATIONAL MONETARY MARKET,1999-09-21,12658,5256,5966.0,622.0,52901,-20255.0,7402,5344.0
CANADIAN DOLLAR - INTERNATIONAL MONETARY MARKET,1999-09-28,16861,4292,4203.0,-964.0,60305,7404.0,12569,5167.0
CANADIAN DOLLAR - INTERNATIONAL MONETARY MARKET,1999-10-05,21182,5254,4321.0,962.0,64521,4216.0,15928,3359.0
CANADIAN DOLLAR - INTERNATIONAL MONETARY MARKET,1999-10-12,20811,5288,-371.0,34.0,63872,-649.0,15523,-405.0
CANADIAN DOLLAR - INTERNATIONAL MONETARY MARKET,1999-10-19,5485,6760,-15326.0,1472.0,53655,-10217.0,-1275,-16798.0
CANADIAN DOLLAR - INTERNATIONAL MONETARY MARKET,1999-10-26,7022,3807,1537.0,-2953.0,52319,-1336.0,3215,4490.0
CANADIAN DOLLAR - INTERNATIONAL MONETARY MARKET,1999-11-02,10192,3936,3170.0,129.0,56413,4094.0,6256,3041.0
CANADIAN DOLLAR - INTERNATIONAL MONETARY MARKET,1999-11-09,14828,4465,4636.0,529.0,59358,2945.0,10363,4107.0
CANADIAN DOLLAR - INTERNATIONAL MONETARY MARKET,1999-11-16,15943,4427,1115.0,-38.0,61403,2045.0,11516,1153.0
CANADIAN DOLLAR - INTERNATIONAL MONETARY MARKET,1999-11-23,18279,5739,2336.0,1312.0,62385,982.0,12540,1024.0
CANADIAN DOLLAR - INTERNATIONAL MONETARY MARKET,1999-11-30,12289,7096,-5990.0,1357.0,58571,-3814.0,5193,-7347.0
CANADIAN DOLLAR - INTERNATIONAL MONETARY MARKET,1999-12-07,7768,10423,-4521.0,3327.0,61260,2689.0,-2655,-7848.0
CANADIAN DOLLAR - INTERNATIONAL MONETARY MARKET,1999-12-14,6449,10067,-1319.0,-356.0,54029,-7231.0,-3618,-963.0
CANADIAN DOLLAR - INTERNATIONAL MONETARY MARKET,1999-12-21,6437,13085,-12.0,3018.0,45109,-8920.0,-6648,-3030.0
CANADIAN DOLLAR - INTERNATIONAL MONETARY MARKET,1999-12-28,17602,10845,11165.0,-2240.0,51101,5992.0,6757,13405.0
CANADIAN DOLLAR - INTERNATIONAL MONETARY MARKET,2000-01-04,24810,11385,7208.0,540.0,61690,10589.0,13425,6668.0
CANADIAN DOLLAR - INTERNATIONAL MONETARY MARKET,2000-01-11,22760,12679,-2050.0,1294.0,61961,271.0,10081,-3344.0
CANADIAN DOLLAR - INTERNATIONAL MONETARY MARKET,2000-01-18,24509,4797,1749.0,-7882.0,63372,1411.0,19712,9631.0
CANADIAN DOLLAR - INTERNATIONAL MONETARY MARKET,2000-01-25,32165,5081,7656.0,284.0,73798,10426.0,27084,7372.0
CANADIAN DOLLAR - INTERNATIONAL MONETARY MARKET,2000-02-01,24091,4597,-8074.0,-484.0,66504,-7294.0,19494,-7590.0
CANADIAN DOLLAR - INTERNATIONAL MONETARY MARKET,2000-02-08,23406,2938,-685.0,-1659.0,66877,373.0,20468,974.0
CANADIAN DOLLAR - INTERNATIONAL MONETARY MARKET,2000-02-15,17494,4850,-5912.0,1912.0,63502,-3375.0,12644,-7824.0
CANADIAN DOLLAR - INTERNATIONAL MONETARY MARKET,2000-02-22,10843,6253,-6651.0,1403.0,62692,-810.0,4590,-8054.0
CANADIAN DOLLAR - INTERNATIONAL MONETARY MARKET,2000-02-29,8764,5135,-2079.0,-1118.0,61992,-700.0,3629,-961.0
CANADIAN DOLLAR - INTERNATIONAL MONETARY MARKET,2000-03-07,6093,6978,-2671.0,1843.0,61387,-605.0,-885,-4514.0
CANADIAN DOLLAR - INTERNATIONAL MONETARY MARKET,2000-03-14,5460,7385,-633.0,407.0,63071,1684.0,-1925,-1040.0
CANADIAN DOLLAR - INTERNATIONAL MONETARY MARKET,2000-03-21,5733,14975,273.0,7590.0,56963,-6108.0,-9242,-7317.0
CANADIAN DOLLAR - INTERNATIONAL MONETARY MARKET,2000-03-28,8011,10472,2278.0,-4503.0,55329,-1634.0,-2461,6781.0
CANADIAN DOLLAR - INTERNATIONAL MONETARY MARKET,2000-04-04,8323,8716,312.0,-1756.0,53474,-1855.0,-393,2068.0
CANADIAN DOLLAR - INTERNATIONAL MONETARY MARKET,2000-04-11,4862,9047,-3461.0,331.0,50945,-2529.0,-4185,-3792.0
CANADIAN DOLLAR - INTERNATIONAL MONETARY MARKET,2000-04-18,7441,19019,2579.0,9972.0,67355,16410.0,-11578,-7393.0
CANADIAN DOLLAR - INTERNATIONAL MONETARY MARKET,2000-04-25,7897,19257,456.0,238.0,66751,-604.0,-11360,218.0
CANADIAN DOLLAR - INTERNATIONAL MONETARY MARKET,2000-05-02,8693,20772,796.0,1515.0,71246,4495.0,-12079,-719.0
CANADIAN DOLLAR - INTERNATIONAL MONETARY MARKET,2000-05-09,8689,21721,-4.0,949.0,71504,258.0,-13032,-953.0
CANADIAN DOLLAR - INTERNATIONAL MONETARY MARKET,2000-05-16,6500,26334,-2189.0,4613.0,72524,1020.0,-19834,-6802.0
CANADIAN DOLLAR - INTERNATIONAL MONETARY MARKET,2000-05-23,6178,31947,-322.0,5613.0,82820,10296.0,-25769,-5935.0
CANADIAN DOLLAR - INTERNATIONAL MONETARY MARKET,2000-05-30,5453,36942,-725.0,4995.0,86836,4016.0,-31489,-5720.0
CANADIAN DOLLAR - INTERNATIONAL MONETARY MARKET,2000-06-06,3161,21233,-2292.0,-15709.0,68252,-18584.0,-18072,13417.0
CANADIAN DOLLAR - INTERNATIONAL MONETARY MARKET,2000-06-13,4085,19002,924.0,-2231.0,78822,10570.0,-14917,3155.0
CANADIAN DOLLAR - INTERNATIONAL MONETARY MARKET,2000-06-20,4038,18381,-47.0,-621.0,74847,-3975.0,-14343,574.0
CANADIAN DOLLAR - INTERNATIONAL MONETARY MARKET,2000-06-27,2599,18897,-1439.0,516.0,58960,-15887.0,-16298,-1955.0
CANADIAN DOLLAR - INTERNATIONAL MONETARY MARKET,2000-07-05,3419,23213,820.0,4316.0,65357,6397.0,-19794,-3496.0
CANADIAN DOLLAR - INTERNATIONAL MONETARY MARKET,2000-07-11,3653,23327,234.0,114.0,66531,1174.0,-19674,120.0
CANADIAN DOLLAR - INTERNATIONAL MONETARY MARKET,2000-07-18,4960,23494,1307.0,167.0,67426,895.0,-18534,1140.0
CANADIAN DOLLAR - INTERNATIONAL MONETARY MARKET,2000-07-25,10573,15815,5613.0,-7679.0,69355,1929.0,-5242,13292.0
CANADIAN DOLLAR - INTERNATIONAL MONETARY MARKET,2000-08-01,3794,16796,-6779.0,981.0,65130,-4225.0,-13002,-7760.0
CANADIAN DOLLAR - INTERNATIONAL MONETARY MARKET,2000-08-08,4783,17446,989.0,650.0,65692,562.0,-12663,339.0
CANADIAN DOLLAR - INTERNATIONAL MONETARY MARKET,2000-08-15,3197,17475,-1586.0,29.0,68102,2410.0,-14278,-1615.0
CANADIAN DOLLAR - INTERNATIONAL MONETARY MARKET,2000-08-22,1998,14425,-1199.0,-3050.0,63613,-4489.0,-12427,1851.0
CANADIAN DOLLAR - CHICAGO MERCANTILE EXCHANGE,2000-08-29,3473,17213,1475.0,2788.0,67795,4182.0,-13740,-1313.0
CANADIAN DOLLAR - CHICAGO MERCANTILE EXCHANGE,2000-09-05,4785,13557,1312.0,-3656.0,63791,-4004.0,-8772,4968.0
CANADIAN DOLLAR - CHICAGO MERCANTILE EXCHANGE,2000-09-12,2972,14947,-1813.0,1390.0,68219,4428.0,-11975,-3203.0
CANADIAN DOLLAR - CHICAGO MERCANTILE EXCHANGE,2000-09-19,2760,19543,-212.0,4596.0,72763,4544.0,-16783,-4808.0
CANADIAN DOLLAR - CHICAGO MERCANTILE EXCHANGE,2000-09-26,1590,24485,-1170.0,4942.0,59723,-13040.0,-22895,-6112.0
CANADIAN DOLLAR - CHICAGO MERCANTILE EXCHANGE,2000-10-03,3598,38763,2008.0,14278.0,78505,18782.0,-35165,-12270.0
CANADIAN DOLLAR - CHICAGO MERCANTILE EXCHANGE,2000-10-10,3623,38583,25.0,-180.0,78505,0.0,-34960,205.0
CANADIAN DOLLAR - CHICAGO MERCANTILE EXCHANGE,2000-10-17,4022,41327,399.0,2744.0,84011,5506.0,-37305,-2345.0
CANADIAN DOLLAR - CHICAGO MERCANTILE EXCHANGE,2000-10-24,3268,41290,-754.0,-37.0,82404,-1607.0,-38022,-717.0
CANADIAN DOLLAR - CHICAGO MERCANTILE EXCHANGE,2000-10-31,3916,41021,648.0,-269.0,81105,-1299.0,-37105,917.0
CANADIAN DOLLAR - CHICAGO MERCANTILE EXCHANGE,2000-11-07,3480,35075,-436.0,-5946.0,79094,-2011.0,-31595,5510.0
CANADIAN DOLLAR - CHICAGO MERCANTILE EXCHANGE,2000-11-14,3896,33625,416.0,-1450.0,79013,-81.0,-29729,1866.0
CANADIAN DOLLAR - CHICAGO MERCANTILE EXCHANGE,2000-11-21,3887,31537,-9.0,-2088.0,76490,-2523.0,-27650,2079.0
CANADIAN DOLLAR - CHICAGO MERCANTILE EXCHANGE,2000-11-28,4021,23202,134.0,-8335.0,73411,-3079.0,-19181,8469.0
CANADIAN DOLLAR - CHICAGO MERCANTILE EXCHANGE,2000-12-05,3490,21927,-531.0,-1275.0,71774,-1637.0,-18437,744.0
CANADIAN DOLLAR - CHICAGO MERCANTILE EXCHANGE,2000-12-12,3399,18260,-91.0,-3667.0,75994,4220.0,-14861,3576.0
CANADIAN DOLLAR - CHICAGO MERCANTILE EXCHANGE,2000-12-19,3637,17283,238.0,-977.0,69859,-6135.0,-13646,1215.0
CANADIAN DOLLAR - CHICAGO MERCANTILE EXCHANGE,2000-12-26,3950,15480,313.0,-1803.0,55410,-14449.0,-11530,2116.0
CANADIAN DOLLAR - CHICAGO MERCANTILE EXCHANGE,2001-01-02,5119,8942,1169.0,-6538.0,52655,-2755.0,-3823,7707.0
CANADIAN DOLLAR - CHICAGO MERCANTILE EXCHANGE,2001-01-09,9894,7873,4775.0,-1069.0,57409,4754.0,2021,5844.0
CANADIAN DOLLAR - CHICAGO MERCANTILE EXCHANGE,2001-01-16,11507,7533,1613.0,-340.0,57391,-18.0,3974,1953.0
CANADIAN DOLLAR - CHICAGO MERCANTILE EXCHANGE,2001-01-23,12107,2190,600.0,-5343.0,52651,-4740.0,9917,5943.0
CANADIAN DOLLAR - CHICAGO MERCANTILE EXCHANGE,2001-01-30,10381,3157,-1726.0,967.0,50284,-2367.0,7224,-2693.0
CANADIAN DOLLAR - CHICAGO MERCANTILE EXCHANGE,2001-02-06,10988,2336,607.0,-821.0,51675,1391.0,8652,1428.0
CANADIAN DOLLAR - CHICAGO MERCANTILE EXCHANGE,2001-02-13,9971,9946,-1017.0,7610.0,57201,5526.0,25,-8627.0
CANADIAN DOLLAR - CHICAGO MERCANTILE EXCHANGE,2001-02-20,8476,12774,-1495.0,2828.0,61308,4107.0,-4298,-4323.0
CANADIAN DOLLAR - CHICAGO MERCANTILE EXCHANGE,2001-02-27,7853,20802,-623.0,8028.0,69634,8326.0,-12949,-8651.0
CANADIAN DOLLAR - CHICAGO MERCANTILE EXCHANGE,2001-03-06,8966,22446,1113.0,1644.0,70550,916.0,-13480,-531.0
CANADIAN DOLLAR - CHICAGO MERCANTILE EXCHANGE,2001-03-13,10414,23833,1448.0,1387.0,80110,9560.0,-13419,61.0
CANADIAN DOLLAR - CHICAGO MERCANTILE EXCHANGE,2001-03-20,9314,23988,-1100.0,155.0,78051,-2059.0,-14674,-1255.0
CANADIAN DOLLAR - CHICAGO MERCANTILE EXCHANGE,2001-03-27,3470,24502,-5844.0,514.0,65818,-12233.0,-21032,-6358.0
CANADIAN DOLLAR - CHICAGO MERCANTILE EXCHANGE,2001-04-03,3959,23323,489.0,-1179.0,66276,458.0,-19364,1668.0
CANADIAN DOLLAR - CHICAGO MERCANTILE EXCHANGE,2001-04-10,4069,19091,110.0,-4232.0,64143,-2133.0,-15022,4342.0
CANADIAN DOLLAR - CHICAGO MERCANTILE EXCHANGE,2001-04-17,3101,18703,-968.0,-388.0,63369,-774.0,-15602,-580.0
CANADIAN DOLLAR - CHICAGO MERCANTILE EXCHANGE,2001-04-24,3543,17060,442.0,-1643.0,64298,929.0,-13517,2085.0
CANADIAN DOLLAR - CHICAGO MERCANTILE EXCHANGE,2001-05-01,4485,16641,942.0,-419.0,63144,-1154.0,-12156,1361.0
CANADIAN DOLLAR - CHICAGO MERCANTILE EXCHANGE,2001-05-08,3986,17120,-499.0,479.0,65893,2749.0,-13134,-978.0
CANADIAN DOLLAR - CHICAGO MERCANTILE EXCHANGE,2001-05-15,2979,17833,-1007.0,713.0,65681,-212.0,-14854,-1720.0
CANADIAN DOLLAR - CHICAGO MERCANTILE EXCHANGE,2001-05-22,4986,16488,2007.0,-1345.0,64565,-1116.0,-11502,3352.0
CANADIAN DOLLAR - CHICAGO MERCANTILE EXCHANGE,2001-05-29,4303,18345,-683.0,1857.0,65466,901.0,-14042,-2540.0
CANADIAN DOLLAR - CHICAGO MERCANTILE EXCHANGE,2001-06-05,7287,18816,2984.0,471.0,64530,-936.0,-11529,2513.0
CANADIAN DOLLAR - CHICAGO MERCANTILE EXCHANGE,2001-06-12,7532,13041,245.0,-5775.0,70123,5593.0,-5509,6020.0
CANADIAN DOLLAR - CHICAGO MERCANTILE EXCHANGE,2001-06-19,6765,11575,-767.0,-1466.0,69704,-419.0,-4810,699.0
CANADIAN DOLLAR - CHICAGO MERCANTILE EXCHANGE,2001-06-26,7771,11178,1006.0,-397.0,53314,-16390.0,-3407,1403.0
CANADIAN DOLLAR - CHICAGO MERCANTILE EXCHANGE,2001-07-03,7625,5501,-146.0,-5677.0,53420,106.0,2124,5531.0
CANADIAN DOLLAR - CHICAGO MERCANTILE EXCHANGE,2001-07-10,7197,5725,-428.0,224.0,53021,-399.0,1472,-652.0
CANADIAN DOLLAR - CHICAGO MERCANTILE EXCHANGE,2001-07-17,5565,9728,-1632.0,4003.0,54950,1929.0,-4163,-5635.0
CANADIAN DOLLAR - CHICAGO MERCANTILE EXCHANGE,2001-07-24,3957,16148,-1608.0,6420.0,57116,2166.0,-12191,-8028.0
CANADIAN DOLLAR - CHICAGO MERCANTILE EXCHANGE,2001-07-31,4673,6048,716.0,-10100.0,51491,-5625.0,-1375,10816.0
CANADIAN DOLLAR - CHICAGO MERCANTILE EXCHANGE,2001-08-07,4322,5882,-351.0,-166.0,52698,1207.0,-1560,-185.0
CANADIAN DOLLAR - CHICAGO MERCANTILE EXCHANGE,2001-08-14,4362,6013,40.0,131.0,51988,-710.0,-1651,-91.0
CANADIAN DOLLAR - CHICAGO MERCANTILE EXCHANGE,2001-08-21,3187,10321,-1175.0,4308.0,57084,5096.0,-7134,-5483.0
CANADIAN DOLLAR - CHICAGO MERCANTILE EXCHANGE,2001-08-28,3946,10821,759.0,500.0,58016,932.0,-6875,259.0
CANADIAN DOLLAR - CHICAGO MERCANTILE EXCHANGE,2001-09-04,3533,19060,-413.0,8239.0,65580,7564.0,-15527,-8652.0
CANADIAN DOLLAR - CHICAGO MERCANTILE EXCHANGE,2001-09-10,3124,28391,-409.0,9331.0,79523,13943.0,-25267,-9740.0
CANADIAN DOLLAR - CHICAGO MERCANTILE EXCHANGE,2001-09-18,2896,29474,-228.0,1083.0,83693,4170.0,-26578,-1311.0
CANADIAN DOLLAR - CHICAGO MERCANTILE EXCHANGE,2001-09-25,3279,31216,383.0,1742.0,67827,-15866.0,-27937,-1359.0
CANADIAN DOLLAR - CHICAGO MERCANTILE EXCHANGE,2001-10-02,3386,33725,107.0,2509.0,73001,5174.0,-30339,-2402.0
CANADIAN DOLLAR - CHICAGO MERCANTILE EXCHANGE,2001-10-09,4092,24381,706.0,-9344.0,72186,-815.0,-20289,10050.0
CANADIAN DOLLAR - CHICAGO MERCANTILE EXCHANGE,2001-10-16,5300,17918,1208.0,-6463.0,68069,-4117.0,-12618,7671.0
CANADIAN DOLLAR - CHICAGO MERCANTILE EXCHANGE,2001-10-23,3210,23014,-2090.0,5096.0,70752,2683.0,-19804,-7186.0
CANADIAN DOLLAR - CHICAGO MERCANTILE EXCHANGE,2001-10-30,2629,23202,-581.0,188.0,72414,1662.0,-20573,-769.0
CANADIAN DOLLAR - CHICAGO MERCANTILE EXCHANGE,2001-11-06,3330,29762,701.0,6560.0,78392,5978.0,-26432,-5859.0
CANADIAN DOLLAR - CHICAGO MERCANTILE EXCHANGE,2001-11-13,3353,31442,23.0,1680.0,83277,4885.0,-28089,-1657.0
CANADIAN DOLLAR - CHICAGO MERCANTILE EXCHANGE,2001-11-20,3288,28663,-65.0,-2779.0,83231,-46.0,-25375,2714.0
CANADIAN DOLLAR - CHICAGO MERCANTILE EXCHANGE,2001-11-27,3288,29960,0.0,1297.0,87310,4079.0,-26672,-1297.0
CANADIAN DOLLAR - CHICAGO MERCANTILE EXCHANGE,2001-12-04,5272,13242,1984.0,-16718.0,74823,-12487.0,-7970,18702.0
CANADIAN DOLLAR - CHICAGO MERCANTILE EXCHANGE,2001-12-11,4954,12748,-318.0,-494.0,77469,2646.0,-7794,176.0
CANADIAN DOLLAR - CHICAGO MERCANTILE EXCHANGE,2001-12-18,6470,11370,1516.0,-1378.0,75039,-2430.0,-4900,2894.0
CANADIAN DOLLAR - CHICAGO MERCANTILE EXCHANGE,2001-12-21,5691,11782,-779.0,412.0,51055,-23984.0,-6091,-1191.0
CANADIAN DOLLAR - CHICAGO MERCANTILE EXCHANGE,2001-12-28,4463,19064,-1228.0,7282.0,59460,8405.0,-14601,-8510.0
CANADIAN DOLLAR - CHICAGO MERCANTILE EXCHANGE,2002-01-08,4934,20267,471.0,1203.0,61485,2025.0,-15333,-732.0
CANADIAN DOLLAR - CHICAGO MERCANTILE EXCHANGE,2002-01-15,5816,21261,882.0,994.0,67456,5971.0,-15445,-112.0
CANADIAN DOLLAR - CHICAGO MERCANTILE EXCHANGE,2002-01-22,6459,28504,643.0,7243.0,76458,9002.0,-22045,-6600.0
CANADIAN DOLLAR - CHICAGO MERCANTILE EXCHANGE,2002-01-29,5473,22637,-986.0,-5867.0,72933,-3525.0,-17164,4881.0
CANADIAN DOLLAR - CHICAGO MERCANTILE EXCHANGE,2002-02-05,6294,21720,821.0,-917.0,68040,-4893.0,-15426,1738.0
CANADIAN DOLLAR - CHICAGO MERCANTILE EXCHANGE,2002-02-12,6825,20421,531.0,-1299.0,70779,2739.0,-13596,1830.0
CANADIAN DOLLAR - CHICAGO MERCANTILE EXCHANGE,2002-02-19,9420,18758,2595.0,-1663.0,71389,610.0,-9338,4258.0
CANADIAN DOLLAR - CHICAGO MERCANTILE EXCHANGE,2002-02-26,7508,27468,-1912.0,8710.0,80851,9462.0,-19960,-10622.0
CANADIAN DOLLAR - CHICAGO MERCANTILE EXCHANGE,2002-03-05,8231,18325,723.0,-9143.0,71722,-9129.0,-10094,9866.0
CANADIAN DOLLAR - CHICAGO MERCANTILE EXCHANGE,2002-03-12,11215,13315,2984.0,-5010.0,76124,4402.0,-2100,7994.0
CANADIAN DOLLAR - CHICAGO MERCANTILE EXCHANGE,2002-03-19,11431,13722,216.0,407.0,76366,242.0,-2291,-191.0
CANADIAN DOLLAR - CHICAGO MERCANTILE EXCHANGE,2002-03-26,8954,13510,-2477.0,-212.0,62741,-13625.0,-4556,-2265.0
CANADIAN DOLLAR - CHICAGO MERCANTILE EXCHANGE,2002-04-02,6936,19422,-2018.0,5912.0,65664,2923.0,-12486,-7930.0
CANADIAN DOLLAR - CHICAGO MERCANTILE EXCHANGE,2002-04-09,6269,27031,-667.0,7609.0,71824,6160.0,-20762,-8276.0
CANADIAN DOLLAR - CHICAGO MERCANTILE EXCHANGE,2002-04-16,5992,14814,-277.0,-12217.0,64020,-7804.0,-8822,11940.0
CANADIAN DOLLAR - CHICAGO MERCANTILE EXCHANGE,2002-04-23,10765,11234,4773.0,-3580.0,69168,5148.0,-469,8353.0
CANADIAN DOLLAR - CHICAGO MERCANTILE EXCHANGE,2002-04-30,13840,11533,3075.0,299.0,71236,2068.0,2307,2776.0
CANADIAN DOLLAR - CHICAGO MERCANTILE EXCHANGE,2002-05-07,19596,13414,5756.0,1881.0,77436,6200.0,6182,3875.0
CANADIAN DOLLAR - CHICAGO MERCANTILE EXCHANGE,2002-05-14,22304,11781,2708.0,-1633.0,80626,3190.0,10523,4341.0
CANADIAN DOLLAR - CHICAGO MERCANTILE EXCHANGE,2002-05-21,23552,8351,1248.0,-3430.0,83236,2610.0,15201,4678.0
CANADIAN DOLLAR - CHICAGO MERCANTILE EXCHANGE,2002-05-28,27114,8909,3562.0,558.0,87172,3936.0,18205,3004.0
CANADIAN DOLLAR - CHICAGO MERCANTILE EXCHANGE,2002-06-04,27776,4498,662.0,-4411.0,88429,1257.0,23278,5073.0
CANADIAN DOLLAR - CHICAGO MERCANTILE EXCHANGE,2002-06-11,24689,0,-3087.0,-4498.0,95310,6881.0,24689,1411.0
CANADIAN DOLLAR - CHICAGO MERCANTILE EXCHANGE,2002-06-18,22162,3217,-2527.0,3217.0,94694,-616.0,18945,-5744.0
CANADIAN DOLLAR - CHICAGO MERCANTILE EXCHANGE,2002-06-25,20756,2581,-1406.0,-636.0,76098,-18596.0,18175,-770.0
CANADIAN DOLLAR - CHICAGO MERCANTILE EXCHANGE,2002-07-02,25139,1727,4383.0,-854.0,78330,2232.0,23412,5237.0
CANADIAN DOLLAR - CHICAGO MERCANTILE EXCHANGE,2002-07-09,25180,2864,41.0,1137.0,81078,2748.0,22316,-1096.0
CANADIAN DOLLAR - CHICAGO MERCANTILE EXCHANGE,2002-07-16,19536,3314,-5644.0,450.0,77868,-3210.0,16222,-6094.0
CANADIAN DOLLAR - CHICAGO MERCANTILE EXCHANGE,2002-07-23,14095,4989,-5441.0,1675.0,70325,-7543.0,9106,-7116.0
CANADIAN DOLLAR - CHICAGO MERCANTILE EXCHANGE,2002-07-30,8821,4616,-5274.0,-373.0,63134,-7191.0,4205,-4901.0
CANADIAN DOLLAR - CHICAGO MERCANTILE EXCHANGE,2002-08-06,5739,4505,-3082.0,-111.0,65956,2822.0,1234,-2971.0
CANADIAN DOLLAR - CHICAGO MERCANTILE EXCHANGE,2002-08-13,5236,4175,-503.0,-330.0,62556,-3400.0,1061,-173.0
CANADIAN DOLLAR - CHICAGO MERCANTILE EXCHANGE,2002-08-20,5373,4816,137.0,641.0,63401,845.0,557,-504.0
CANADIAN DOLLAR - CHICAGO MERCANTILE EXCHANGE,2002-08-27,5905,3138,532.0,-1678.0,61302,-2099.0,2767,2210.0
CANADIAN DOLLAR - CHICAGO MERCANTILE EXCHANGE,2002-09-03,13983,3463,8078.0,325.0,69959,8657.0,10520,7753.0
CANADIAN DOLLAR - CHICAGO MERCANTILE EXCHANGE,2002-09-10,14014,3411,31.0,-52.0,75560,5601.0,10603,83.0
CANADIAN DOLLAR - CHICAGO MERCANTILE EXCHANGE,2002-09-17,8942,6768,-5072.0,3357.0,73191,-2369.0,2174,-8429.0
CANADIAN DOLLAR - CHICAGO MERCANTILE EXCHANGE,2002-09-24,6520,5908,-2422.0,-860.0,51972,-21219.0,612,-1562.0
CANADIAN DOLLAR - CHICAGO MERCANTILE EXCHANGE,2002-10-01,6000,6414,-520.0,506.0,52448,476.0,-414,-1026.0
CANADIAN DOLLAR - CHICAGO MERCANTILE EXCHANGE,2002-10-08,7560,7507,1560.0,1093.0,55966,3518.0,53,467.0
CANADIAN DOLLAR - CHICAGO MERCANTILE EXCHANGE,2002-10-15,7633,8043,73.0,536.0,57220,1254.0,-410,-463.0
CANADIAN DOLLAR - CHICAGO MERCANTILE EXCHANGE,2002-10-22,9755,2189,2122.0,-5854.0,56278,-942.0,7566,7976.0
CANADIAN DOLLAR - CHICAGO MERCANTILE EXCHANGE,2002-10-29,14787,2202,5032.0,13.0,57794,1516.0,12585,5019.0
CANADIAN DOLLAR - CHICAGO MERCANTILE EXCHANGE,2002-11-05,17085,1469,2298.0,-733.0,61231,3437.0,15616,3031.0
CANADIAN DOLLAR - CHICAGO MERCANTILE EXCHANGE,2002-11-12,13449,1724,-3636.0,255.0,59832,-1399.0,11725,-3891.0
CANADIAN DOLLAR - CHICAGO MERCANTILE EXCHANGE,2002-11-19,10173,5683,-3276.0,3959.0,61051,1219.0,4490,-7235.0
CANADIAN DOLLAR - CHICAGO MERCANTILE EXCHANGE,2002-11-26,8708,4406,-1465.0,-1277.0,59002,-2049.0,4302,-188.0
CANADIAN DOLLAR - CHICAGO MERCANTILE EXCHANGE,2002-12-03,17276,634,8568.0,-3772.0,64722,5720.0,16642,12340.0
CANADIAN DOLLAR - CHICAGO MERCANTILE EXCHANGE,2002-12-10,18682,0,1406.0,-634.0,77910,13188.0,18682,2040.0
CANADIAN DOLLAR - CHICAGO MERCANTILE EXCHANGE,2002-12-17,24101,488,5419.0,488.0,89152,11242.0,23613,4931.0
CANADIAN DOLLAR - CHICAGO MERCANTILE EXCHANGE,2002-12-23,23062,0,-1039.0,-488.0,68035,-21117.0,23062,-551.0
CANADIAN DOLLAR - CHICAGO MERCANTILE EXCHANGE,2002-12-31,14855,3336,-8207.0,3336.0,62742,-5293.0,11519,-11543.0
CANADIAN DOLLAR - CHICAGO MERCANTILE EXCHANGE,2003-01-07,13131,0,-1724.0,-3336.0,61623,-1119.0,13131,1612.0
CANADIAN DOLLAR - CHICAGO MERCANTILE EXCHANGE,2003-01-14,25482,500,12351.0,500.0,81532,19909.0,24982,11851.0
CANADIAN DOLLAR - CHICAGO MERCANTILE EXCHANGE,2003-01-21,32585,600,7103.0,100.0,91593,10061.0,31985,7003.0
CANADIAN DOLLAR - CHICAGO MERCANTILE EXCHANGE,2003-01-28,39185,937,6600.0,337.0,97544,5951.0,38248,6263.0
CANADIAN DOLLAR - CHICAGO MERCANTILE EXCHANGE,2003-02-04,43347,200,4162.0,-737.0,102651,5107.0,43147,4899.0
CANADIAN DOLLAR - CHICAGO MERCANTILE EXCHANGE,2003-02-11,42852,30,-495.0,-170.0,101272,-1379.0,42822,-325.0
CANADIAN DOLLAR - CHICAGO MERCANTILE EXCHANGE,2003-02-18,43606,200,754.0,170.0,105250,3978.0,43406,584.0
CANADIAN DOLLAR - CHICAGO MERCANTILE EXCHANGE,2003-02-25,41929,320,-1677.0,120.0,109750,4500.0,41609,-1797.0
CANADIAN DOLLAR - CHICAGO MERCANTILE EXCHANGE,2003-03-04,42784,320,855.0,0.0,112974,3224.0,42464,855.0
CANADIAN DOLLAR - CHICAGO MERCANTILE EXCHANGE,2003-03-11,41764,0,-1020.0,-320.0,121735,8761.0,41764,-700.0
CANADIAN DOLLAR - CHICAGO MERCANTILE EXCHANGE,2003-03-18,42676,0,912.0,0.0,121951,216.0,42676,912.0
CANADIAN DOLLAR - CHICAGO MERCANTILE EXCHANGE,2003-03-25,34508,300,-8168.0,300.0,93264,-28687.0,34208,-8468.0
CANADIAN DOLLAR - CHICAGO MERCANTILE EXCHANGE,2003-04-01,33961,772,-547.0,472.0,94115,851.0,33189,-1019.0
CANADIAN DOLLAR - CHICAGO MERCANTILE EXCHANGE,2003-04-08,33003,200,-958.0,-572.0,94969,854.0,32803,-386.0
CANADIAN DOLLAR - CHICAGO MERCANTILE EXCHANGE,2003-04-15,33509,200,506.0,0.0,97003,2034.0,33309,506.0
CANADIAN DOLLAR - CHICAGO MERCANTILE EXCHANGE,2003-04-22,31288,200,-2221.0,0.0,97984,981.0,31088,-2221.0
CANADIAN DOLLAR - CHICAGO MERCANTILE EXCHANGE,2003-04-29,36374,938,5086.0,738.0,102455,4471.0,35436,4348.0
CANADIAN DOLLAR - CHICAGO MERCANTILE EXCHANGE,2003-05-06,33702,945,-2672.0,7.0,97802,-4653.0,32757,-2679.0
CANADIAN DOLLAR - CHICAGO MERCANTILE EXCHANGE,2003-05-13,31618,728,-2084.0,-217.0,98743,941.0,30890,-1867.0
CANADIAN DOLLAR - CHICAGO MERCANTILE EXCHANGE,2003-05-20,26085,525,-5533.0,-203.0,95663,-3080.0,25560,-5330.0
CANADIAN DOLLAR - CHICAGO MERCANTILE EXCHANGE,2003-05-27,22461,2514,-3624.0,1989.0,93169,-2494.0,19947,-5613.0
CANADIAN DOLLAR - CHICAGO MERCANTILE EXCHANGE,2003-06-03,21775,3413,-686.0,899.0,94481,1312.0,18362,-1585.0
CANADIAN DOLLAR - CHICAGO MERCANTILE EXCHANGE,2003-06-10,20614,2934,-1161.0,-479.0,95778,1297.0,17680,-682.0
CANADIAN DOLLAR - CHICAGO MERCANTILE EXCHANGE,2003-06-17,19963,1509,-651.0,-1425.0,92878,-2900.0,18454,774.0
CANADIAN DOLLAR - CHICAGO MERCANTILE EXCHANGE,2003-06-24,16599,820,-3364.0,-689.0,72542,-20336.0,15779,-2675.0
CANADIAN DOLLAR - CHICAGO MERCANTILE EXCHANGE,2003-07-01,18022,1241,1423.0,421.0,75746,3204.0,16781,1002.0
CANADIAN DOLLAR - CHICAGO MERCANTILE EXCHANGE,2003-07-08,17984,61,-38.0,-1180.0,74235,-1511.0,17923,1142.0
CANADIAN DOLLAR - CHICAGO MERCANTILE EXCHANGE,2003-07-15,12118,2782,-5866.0,2721.0,69818,-4417.0,9336,-8587.0
CANADIAN DOLLAR - CHICAGO MERCANTILE EXCHANGE,2003-07-22,9352,1086,-2766.0,-1696.0,66155,-3663.0,8266,-1070.0
CANADIAN DOLLAR - CHICAGO MERCANTILE EXCHANGE,2003-07-29,10028,594,676.0,-492.0,62645,-3510.0,9434,1168.0
CANADIAN DOLLAR - CHICAGO MERCANTILE EXCHANGE,2003-08-05,9585,1290,-443.0,696.0,62515,-130.0,8295,-1139.0
CANADIAN DOLLAR - CHICAGO MERCANTILE EXCHANGE,2003-08-12,13743,697,4158.0,-593.0,66366,3851.0,13046,4751.0
CANADIAN DOLLAR - CHICAGO MERCANTILE EXCHANGE,2003-08-19,10444,473,-3299.0,-224.0,61784,-4582.0,9971,-3075.0
CANADIAN DOLLAR - CHICAGO MERCANTILE EXCHANGE,2003-08-26,9662,113,-782.0,-360.0,62024,240.0,9549,-422.0
CANADIAN DOLLAR - CHICAGO MERCANTILE EXCHANGE,2003-09-02,12384,119,2722.0,6.0,64314,2290.0,12265,2716.0
CANADIAN DOLLAR - CHICAGO MERCANTILE EXCHANGE,2003-09-09,19420,0,7036.0,-119.0,78757,14443.0,19420,7155.0
CANADIAN DOLLAR - CHICAGO MERCANTILE EXCHANGE,2003-09-16,20282,150,862.0,150.0,81631,2874.0,20132,712.0
CANADIAN DOLLAR - CHICAGO MERCANTILE EXCHANGE,2003-09-23,23454,1147,3172.0,997.0,66514,-15117.0,22307,2175.0
CANADIAN DOLLAR - CHICAGO MERCANTILE EXCHANGE,2003-09-30,24828,1741,1374.0,594.0,69358,2844.0,23087,780.0
CANADIAN DOLLAR - CHICAGO MERCANTILE EXCHANGE,2003-10-07,31011,411,6183.0,-1330.0,76303,6945.0,30600,7513.0
CANADIAN DOLLAR - CHICAGO MERCANTILE EXCHANGE,2003-10-14,30697,843,-314.0,432.0,80019,3716.0,29854,-746.0
CANADIAN DOLLAR - CHICAGO MERCANTILE EXCHANGE,2003-10-21,29847,442,-850.0,-401.0,80185,166.0,29405,-449.0
CANADIAN DOLLAR - CHICAGO MERCANTILE EXCHANGE,2003-10-28,34353,1482,4506.0,1040.0,84034,3849.0,32871,3466.0
CANADIAN DOLLAR - CHICAGO MERCANTILE EXCHANGE,2003-11-04,29207,487,-5146.0,-995.0,78303,-5731.0,28720,-4151.0
CANADIAN DOLLAR - CHICAGO MERCANTILE EXCHANGE,2003-11-11,30192,487,985.0,0.0,80154,1851.0,29705,985.0
CANADIAN DOLLAR - CHICAGO MERCANTILE EXCHANGE,2003-11-18,34048,572,3856.0,85.0,86715,6561.0,33476,3771.0
CANADIAN DOLLAR - CHICAGO MERCANTILE EXCHANGE,2003-11-25,26518,641,-7530.0,69.0,79162,-7553.0,25877,-7599.0
CANADIAN DOLLAR - CHICAGO MERCANTILE EXCHANGE,2003-12-02,31155,487,4637.0,-154.0,82914,3752.0,30668,4791.0
CANADIAN DOLLAR - CHICAGO MERCANTILE EXCHANGE,2003-12-09,27407,320,-3748.0,-167.0,87364,4450.0,27087,-3581.0
CANADIAN DOLLAR - CHICAGO MERCANTILE EXCHANGE,2003-12-16,17627,1029,-9780.0,709.0,81898,-5466.0,16598,-10489.0
CANADIAN DOLLAR - CHICAGO MERCANTILE EXCHANGE,2003-12-22,13535,4872,-4092.0,3843.0,62750,-19148.0,8663,-7935.0
CANADIAN DOLLAR - CHICAGO MERCANTILE EXCHANGE,2003-12-30,22336,3377,8801.0,-1495.0,66536,3786.0,18959,10296.0
CANADIAN DOLLAR - CHICAGO MERCANTILE EXCHANGE,2004-01-06,29498,2286,7162.0,-1091.0,73435,6899.0,27212,8253.0
CANADIAN DOLLAR - CHICAGO MERCANTILE EXCHANGE,2004-01-13,39658,2089,10160.0,-197.0,89905,16470.0,37569,10357.0
CANADIAN DOLLAR - CHICAGO MERCANTILE EXCHANGE,2004-01-20,25232,1288,-14426.0,-801.0,76063,-13842.0,23944,-13625.0
CANADIAN DOLLAR - CHICAGO MERCANTILE EXCHANGE,2004-01-27,16478,2769,-8754.0,1481.0,65919,-10144.0,13709,-10235.0
CANADIAN DOLLAR - CHICAGO MERCANTILE EXCHANGE,2004-02-03,7835,11687,-8643.0,8918.0,63329,-2590.0,-3852,-17561.0
CANADIAN DOLLAR - CHICAGO MERCANTILE EXCHANGE,2004-02-10,7968,12402,133.0,715.0,66688,3359.0,-4434,-582.0
CANADIAN DOLLAR - CHICAGO MERCANTILE EXCHANGE,2004-02-17,8385,8758,417.0,-3644.0,61898,-4790.0,-373,4061.0
CANADIAN DOLLAR - CHICAGO MERCANTILE EXCHANGE,2004-02-24,6769,13545,-1616.0,4787.0,62648,750.0,-6776,-6403.0
CANADIAN DOLLAR - CHICAGO MERCANTILE EXCHANGE,2004-03-02,5834,15249,-935.0,1704.0,65508,2860.0,-9415,-2639.0
CANADIAN DOLLAR - CHICAGO MERCANTILE EXCHANGE,2004-03-09,11605,8781,5771.0,-6468.0,72882,7374.0,2824,12239.0
CANADIAN DOLLAR - CHICAGO MERCANTILE EXCHANGE,2004-03-16,9820,6078,-1785.0,-2703.0,71603,-1279.0,3742,918.0
CANADIAN DOLLAR - CHICAGO MERCANTILE EXCHANGE,2004-03-23,10562,3462,742.0,-2616.0,48702,-22901.0,7100,3358.0
CANADIAN DOLLAR - CHICAGO MERCANTILE EXCHANGE,2004-03-30,35066,2051,24504.0,-1411.0,76113,27411.0,33015,25915.0
CANADIAN DOLLAR - CHICAGO MERCANTILE EXCHANGE,2004-04-06,44219,2354,9153.0,303.0,86421,10308.0,41865,8850.0
CANADIAN DOLLAR - CHICAGO MERCANTILE EXCHANGE,2004-04-12,20785,3635,-23434.0,1281.0,66422,-19999.0,17150,-24715.0
CANADIAN DOLLAR - CHICAGO MERCANTILE EXCHANGE,2004-04-20,14206,14758,-6579.0,11123.0,65409,-1013.0,-552,-17702.0
CANADIAN DOLLAR - CHICAGO MERCANTILE EXCHANGE,2004-04-27,12310,21935,-1896.0,7177.0,70976,5567.0,-9625,-9073.0
CANADIAN DOLLAR - CHICAGO MERCANTILE EXCHANGE,2004-05-04,13178,32569,868.0,10634.0,81767,10791.0,-19391,-9766.0
CANADIAN DOLLAR - CHICAGO MERCANTILE EXCHANGE,2004-05-11,13705,39353,527.0,6784.0,86362,4595.0,-25648,-6257.0
CANADIAN DOLLAR - CHICAGO MERCANTILE EXCHANGE,2004-05-18,13380,42114,-325.0,2761.0,91114,4752.0,-28734,-3086.0
CANADIAN DOLLAR - CHICAGO MERCANTILE EXCHANGE,2004-05-25,13154,32331,-226.0,-9783.0,82269,-8845.0,-19177,9557.0
CANADIAN DOLLAR - CHICAGO MERCANTILE EXCHANGE,2004-06-01,13430,27706,276.0,-4625.0,82138,-131.0,-14276,4901.0
CANADIAN DOLLAR - CHICAGO MERCANTILE EXCHANGE,2004-06-08,13149,18041,-281.0,-9665.0,77098,-5040.0,-4892,9384.0
CANADIAN DOLLAR - CHICAGO MERCANTILE EXCHANGE,2004-06-15,14039,25029,890.0,6988.0,84500,7402.0,-10990,-6098.0
CANADIAN DOLLAR - CHICAGO MERCANTILE EXCHANGE,2004-06-22,12265,27470,-1774.0,2441.0,58449,-26051.0,-15205,-4215.0
CANADIAN DOLLAR - CHICAGO MERCANTILE EXCHANGE,2004-06-29,16877,16612,4612.0,-10858.0,59016,567.0,265,15470.0
CANADIAN DOLLAR - CHICAGO MERCANTILE EXCHANGE,2004-07-06,18933,7612,2056.0,-9000.0,62007,2991.0,11321,11056.0
CANADIAN DOLLAR - CHICAGO MERCANTILE EXCHANGE,2004-07-13,30113,6237,11180.0,-1375.0,72639,10632.0,23876,12555.0
CANADIAN DOLLAR - CHICAGO MERCANTILE EXCHANGE,2004-07-20,36916,5938,6803.0,-299.0,82944,10305.0,30978,7102.0
CANADIAN DOLLAR - CHICAGO MERCANTILE EXCHANGE,2004-07-27,31026,5311,-5890.0,-627.0,75905,-7039.0,25715,-5263.0
CANADIAN DOLLAR - CHICAGO MERCANTILE EXCHANGE,2004-08-03,29499,5898,-1527.0,587.0,76946,1041.0,23601,-2114.0
CANADIAN DOLLAR - CHICAGO MERCANTILE EXCHANGE,2004-08-10,33093,6454,3594.0,556.0,80273,3327.0,26639,3038.0
CANADIAN DOLLAR - CHICAGO MERCANTILE EXCHANGE,2004-08-17,37979,6885,4886.0,431.0,86804,6531.0,31094,4455.0
CANADIAN DOLLAR - CHICAGO MERCANTILE EXCHANGE,2004-08-24,40507,6764,2528.0,-121.0,92045,5241.0,33743,2649.0
CANADIAN DOLLAR - CHICAGO MERCANTILE EXCHANGE,2004-08-31,35306,6168,-5201.0,-596.0,86184,-5861.0,29138,-4605.0
CANADIAN DOLLAR - CHICAGO MERCANTILE EXCHANGE,2004-09-07,46379,5076,11073.0,-1092.0,107167,20983.0,41303,12165.0
CANADIAN DOLLAR - CHICAGO MERCANTILE EXCHANGE,2004-09-14,50371,5719,3992.0,643.0,111785,4618.0,44652,3349.0
CANADIAN DOLLAR - CHICAGO MERCANTILE EXCHANGE,2004-09-21,44615,5216,-5756.0,-503.0,89047,-22738.0,39399,-5253.0
CANADIAN DOLLAR - CHICAGO MERCANTILE EXCHANGE,2004-09-28,52716,5960,8101.0,744.0,98326,9279.0,46756,7357.0
CANADIAN DOLLAR - CHICAGO MERCANTILE EXCHANGE,2004-10-05,53036,7868,320.0,1908.0,111202,12876.0,45168,-1588.0
CANADIAN DOLLAR - CHICAGO MERCANTILE EXCHANGE,2004-10-12,56875,7489,3839.0,-379.0,117114,5912.0,49386,4218.0
CANADIAN DOLLAR - CHICAGO MERCANTILE EXCHANGE,2004-10-19,49034,9014,-7841.0,1525.0,116035,-1079.0,40020,-9366.0
CANADIAN DOLLAR - CHICAGO MERCANTILE EXCHANGE,2004-10-26,42987,6764,-6047.0,-2250.0,109721,-6314.0,36223,-3797.0
CANADIAN DOLLAR - CHICAGO MERCANTILE EXCHANGE,2004-11-02,45896,6204,2909.0,-560.0,115675,5954.0,39692,3469.0
CANADIAN DOLLAR - CHICAGO MERCANTILE EXCHANGE,2004-11-09,41418,6446,-4478.0,242.0,109798,-5877.0,34972,-4720.0
CANADIAN DOLLAR - CHICAGO MERCANTILE EXCHANGE,2004-11-16,40552,7217,-866.0,771.0,108544,-1254.0,33335,-1637.0
CANADIAN DOLLAR - CHICAGO MERCANTILE EXCHANGE,2004-11-23,37207,7736,-3345.0,519.0,105371,-3173.0,29471,-3864.0
CANADIAN DOLLAR - CHICAGO MERCANTILE EXCHANGE,2004-11-30,35634,12003,-1573.0,4267.0,105893,522.0,23631,-5840.0
CANADIAN DOLLAR - CHICAGO MERCANTILE EXCHANGE,2004-12-07,30867,12497,-4767.0,494.0,108956,3063.0,18370,-5261.0
CANADIAN DOLLAR - CHICAGO MERCANTILE EXCHANGE,2004-12-14,21889,12812,-8978.0,315.0,101313,-7643.0,9077,-9293.0
CANADIAN DOLLAR - CHICAGO MERCANTILE EXCHANGE,2004-12-21,20422,14146,-1467.0,1334.0,65452,-35861.0,6276,-2801.0
CANADIAN DOLLAR - CHICAGO MERCANTILE EXCHANGE,2004-12-28,19215,13081,-1207.0,-1065.0,66171,719.0,6134,-142.0
CANADIAN DOLLAR - CHICAGO MERCANTILE EXCHANGE,2005-01-04,20448,10786,1233.0,-2295.0,71055,4884.0,9662,3528.0
CANADIAN DOLLAR - CHICAGO MERCANTILE EXCHANGE,2005-01-11,19317,9424,-1131.0,-1362.0,69850,-1205.0,9893,231.0
CANADIAN DOLLAR - CHICAGO MERCANTILE EXCHANGE,2005-01-18,19773,14273,456.0,4849.0,77385,7535.0,5500,-4393.0
CANADIAN DOLLAR - CHICAGO MERCANTILE EXCHANGE,2005-01-25,17352,14699,-2421.0,426.0,78850,1465.0,2653,-2847.0
CANADIAN DOLLAR - CHICAGO MERCANTILE EXCHANGE,2005-02-01,12127,10858,-5225.0,-3841.0,77006,-1844.0,1269,-1384.0
CANADIAN DOLLAR - CHICAGO MERCANTILE EXCHANGE,2005-02-08,10606,17971,-1521.0,7113.0,82670,5664.0,-7365,-8634.0
CANADIAN DOLLAR - CHICAGO MERCANTILE EXCHANGE,2005-02-15,10760,16067,154.0,-1904.0,83368,698.0,-5307,2058.0
CANADIAN DOLLAR - CHICAGO MERCANTILE EXCHANGE,2005-02-22,11275,14416,515.0,-1651.0,88275,4907.0,-3141,2166.0
CANADIAN DOLLAR - CHICAGO MERCANTILE EXCHANGE,2005-03-01,11793,18622,518.0,4206.0,95644,7369.0,-6829,-3688.0
CANADIAN DOLLAR - CHICAGO MERCANTILE EXCHANGE,2005-03-08,17563,14234,5770.0,-4388.0,105920,10276.0,3329,10158.0
CANADIAN DOLLAR - CHICAGO MERCANTILE EXCHANGE,2005-03-15,36259,10109,18696.0,-4125.0,125191,19271.0,26150,22821.0
CANADIAN DOLLAR - CHICAGO MERCANTILE EXCHANGE,2005-03-22,43143,11596,6884.0,1487.0,89844,-35347.0,31547,5397.0
CANADIAN DOLLAR - CHICAGO MERCANTILE EXCHANGE,2005-03-29,35455,8765,-7688.0,-2831.0,81193,-8651.0,26690,-4857.0
CANADIAN DOLLAR - CHICAGO MERCANTILE EXCHANGE,2005-04-05,35799,10124,344.0,1359.0,80302,-891.0,25675,-1015.0
CANADIAN DOLLAR - CHICAGO MERCANTILE EXCHANGE,2005-04-12,15951,23385,-19848.0,13261.0,69292,-11010.0,-7434,-33109.0
CANADIAN DOLLAR - CHICAGO MERCANTILE EXCHANGE,2005-04-19,13905,30263,-2046.0,6878.0,76771,7479.0,-16358,-8924.0
CANADIAN DOLLAR - CHICAGO MERCANTILE EXCHANGE,2005-04-26,13776,38495,-129.0,8232.0,85837,9066.0,-24719,-8361.0
CANADIAN DOLLAR - CHICAGO MERCANTILE EXCHANGE,2005-05-03,12434,45755,-1342.0,7260.0,93278,7441.0,-33321,-8602.0
CANADIAN DOLLAR - CHICAGO MERCANTILE EXCHANGE,2005-05-10,11651,39446,-783.0,-6309.0,86866,-6412.0,-27795,5526.0
CANADIAN DOLLAR - CHICAGO MERCANTILE EXCHANGE,2005-05-17,11662,45154,11.0,5708.0,99089,12223.0,-33492,-5697.0
CANADIAN DOLLAR - CHICAGO MERCANTILE EXCHANGE,2005-05-24,9806,42690,-1856.0,-2464.0,96833,-2256.0,-32884,608.0
CANADIAN DOLLAR - CHICAGO MERCANTILE EXCHANGE,2005-05-31,10524,41764,718.0,-926.0,94700,-2133.0,-31240,1644.0
CANADIAN DOLLAR - CHICAGO MERCANTILE EXCHANGE,2005-06-07,9675,36236,-849.0,-5528.0,94186,-514.0,-26561,4679.0
CANADIAN DOLLAR - CHICAGO MERCANTILE EXCHANGE,2005-06-14,10932,28521,1257.0,-7715.0,63187,-30999.0,-17589,8972.0
CANADIAN DOLLAR - CHICAGO MERCANTILE EXCHANGE,2005-06-21,16872,16588,5940.0,-11933.0,67143,3956.0,284,17873.0
CANADIAN DOLLAR - CHICAGO MERCANTILE EXCHANGE,2005-06-28,20959,18675,4087.0,2087.0,71522,4379.0,2284,2000.0
CANADIAN DOLLAR - CHICAGO MERCANTILE EXCHANGE,2005-07-05,19364,15276,-1595.0,-3399.0,70074,-1448.0,4088,1804.0
CANADIAN DOLLAR - CHICAGO MERCANTILE EXCHANGE,2005-07-12,35282,12079,15918.0,-3197.0,91423,21349.0,23203,19115.0
CANADIAN DOLLAR - CHICAGO MERCANTILE EXCHANGE,2005-07-19,35684,9859,402.0,-2220.0,91255,-168.0,25825,2622.0
CANADIAN DOLLAR - CHICAGO MERCANTILE EXCHANGE,2005-07-26,31840,14321,-3844.0,4462.0,90753,-502.0,17519,-8306.0
CANADIAN DOLLAR - CHICAGO MERCANTILE EXCHANGE,2005-08-02,28966,16802,-2874.0,2481.0,87906,-2847.0,12164,-5355.0
CANADIAN DOLLAR - CHICAGO MERCANTILE EXCHANGE,2005-08-09,33587,19373,4621.0,2571.0,92585,4679.0,14214,2050.0
CANADIAN DOLLAR - CHICAGO MERCANTILE EXCHANGE,2005-08-16,44042,17995,10455.0,-1378.0,109505,16920.0,26047,11833.0
CANADIAN DOLLAR - CHICAGO MERCANTILE EXCHANGE,2005-08-23,41543,17000,-2499.0,-995.0,107851,-1654.0,24543,-1504.0
CANADIAN DOLLAR - CHICAGO MERCANTILE EXCHANGE,2005-08-30,44904,15990,3361.0,-1010.0,111153,3302.0,28914,4371.0
CANADIAN DOLLAR - CHICAGO MERCANTILE EXCHANGE,2005-09-06,46423,16430,1519.0,440.0,117451,6298.0,29993,1079.0
CANADIAN DOLLAR - CHICAGO MERCANTILE EXCHANGE,2005-09-13,45957,16365,-466.0,-65.0,141219,23768.0,29592,-401.0
CANADIAN DOLLAR - CHICAGO MERCANTILE EXCHANGE,2005-09-20,45536,19033,-421.0,2668.0,148171,6952.0,26503,-3089.0
CANADIAN DOLLAR - CHICAGO MERCANTILE EXCHANGE,2005-09-27,50520,7424,4984.0,-11609.0,110057,-38114.0,43096,16593.0
CANADIAN DOLLAR - CHICAGO MERCANTILE EXCHANGE,2005-10-04,47026,8995,-3494.0,1571.0,108178,-1879.0,38031,-5065.0
CANADIAN DOLLAR - CHICAGO MERCANTILE EXCHANGE,2005-10-11,50532,6941,3506.0,-2054.0,109147,969.0,43591,5560.0
CANADIAN DOLLAR - CHICAGO MERCANTILE EXCHANGE,2005-10-18,51259,8447,727.0,1506.0,112354,3207.0,42812,-779.0
CANADIAN DOLLAR - CHICAGO MERCANTILE EXCHANGE,2005-10-25,43849,6904,-7410.0,-1543.0,104625,-7729.0,36945,-5867.0
CANADIAN DOLLAR - CHICAGO MERCANTILE EXCHANGE,2005-11-01,44435,7275,586.0,371.0,108226,3601.0,37160,215.0
CANADIAN DOLLAR - CHICAGO MERCANTILE EXCHANGE,2005-11-08,37234,10894,-7201.0,3619.0,104351,-3875.0,26340,-10820.0
CANADIAN DOLLAR - CHICAGO MERCANTILE EXCHANGE,2005-11-15,32487,12318,-4747.0,1424.0,102550,-1801.0,20169,-6171.0
CANADIAN DOLLAR - CHICAGO MERCANTILE EXCHANGE,2005-11-22,33585,17860,1098.0,5542.0,106006,3456.0,15725,-4444.0
CANADIAN DOLLAR - CHICAGO MERCANTILE EXCHANGE,2005-11-29,42311,13301,8726.0,-4559.0,115153,9147.0,29010,13285.0
CANADIAN DOLLAR - CHICAGO MERCANTILE EXCHANGE,2005-12-06,49064,11747,6753.0,-1554.0,118337,3184.0,37317,8307.0
CANADIAN DOLLAR - CHICAGO MERCANTILE EXCHANGE,2005-12-13,66468,10285,17404.0,-1462.0,142450,24113.0,56183,18866.0
CANADIAN DOLLAR - CHICAGO MERCANTILE EXCHANGE,2005-12-20,55542,7431,-10926.0,-2854.0,137619,-4831.0,48111,-8072.0
CANADIAN DOLLAR - CHICAGO MERCANTILE EXCHANGE,2005-12-27,49468,7176,-6074.0,-255.0,103040,-34579.0,42292,-5819.0
CANADIAN DOLLAR - CHICAGO MERCANTILE EXCHANGE,2006-01-03,45749,9062,-3719.0,1886.0,105401,2361.0,36687,-5605.0
CANADIAN DOLLAR - CHICAGO MERCANTILE EXCHANGE,2006-01-10,32628,9311,-13121.0,249.0,98344,-7057.0,23317,-13370.0
CANADIAN DOLLAR - CHICAGO MERCANTILE EXCHANGE,2006-01-17,39506,12573,6878.0,3262.0,101952,3608.0,26933,3616.0
CANADIAN DOLLAR - CHICAGO MERCANTILE EXCHANGE,2006-01-24,35048,7915,-4458.0,-4658.0,102095,143.0,27133,200.0
CANADIAN DOLLAR - CHICAGO MERCANTILE EXCHANGE,2006-01-31,50705,13221,15657.0,5306.0,117314,15219.0,37484,10351.0
CANADIAN DOLLAR - CHICAGO MERCANTILE EXCHANGE,2006-02-07,56298,11453,5593.0,-1768.0,121889,4575.0,44845,7361.0
CANADIAN DOLLAR - CHICAGO MERCANTILE EXCHANGE,2006-02-14,52220,11756,-4078.0,303.0,118357,-3532.0,40464,-4381.0
CANADIAN DOLLAR - CHICAGO MERCANTILE EXCHANGE,2006-02-21,46710,11513,-5510.0,-243.0,115876,-2481.0,35197,-5267.0
CANADIAN DOLLAR - CHICAGO MERCANTILE EXCHANGE,2006-02-28,54931,14297,8221.0,2784.0,124984,9108.0,40634,5437.0
CANADIAN DOLLAR - CHICAGO MERCANTILE EXCHANGE,2006-03-07,55226,13903,295.0,-394.0,137195,12211.0,41323,689.0
CANADIAN DOLLAR - CHICAGO MERCANTILE EXCHANGE,2006-03-14,33979,19958,-21247.0,6055.0,125712,-11483.0,14021,-27302.0
CANADIAN DOLLAR - CHICAGO MERCANTILE EXCHANGE,2006-03-21,18295,22037,-15684.0,2079.0,85219,-40493.0,-3742,-17763.0
CANADIAN DOLLAR - CHICAGO MERCANTILE EXCHANGE,2006-03-28,13274,21085,-5021.0,-952.0,87356,2137.0,-7811,-4069.0
CANADIAN DOLLAR - CHICAGO MERCANTILE EXCHANGE,2006-04-04,12081,16227,-1193.0,-4858.0,84301,-3055.0,-4146,3665.0
CANADIAN DOLLAR - CHICAGO MERCANTILE EXCHANGE,2006-04-11,24639,10697,12558.0,-5530.0,87690,3389.0,13942,18088.0
CANADIAN DOLLAR - CHICAGO MERCANTILE EXCHANGE,2006-04-18,23225,16307,-1414.0,5610.0,93170,5480.0,6918,-7024.0
CANADIAN DOLLAR - CHICAGO MERCANTILE EXCHANGE,2006-04-25,31949,16326,8724.0,19.0,100591,7421.0,15623,8705.0
CANADIAN DOLLAR - CHICAGO MERCANTILE EXCHANGE,2006-05-02,48997,16845,17048.0,519.0,110279,9688.0,32152,16529.0
CANADIAN DOLLAR - CHICAGO MERCANTILE EXCHANGE,2006-05-09,52111,23238,3114.0,6393.0,121046,10767.0,28873,-3279.0
CANADIAN DOLLAR - CHICAGO MERCANTILE EXCHANGE,2006-05-16,46060,26532,-6051.0,3294.0,117839,-3207.0,19528,-9345.0
CANADIAN DOLLAR - CHICAGO MERCANTILE EXCHANGE,2006-05-23,36980,21278,-9080.0,-5254.0,111976,-5863.0,15702,-3826.0
CANADIAN DOLLAR - CHICAGO MERCANTILE EXCHANGE,2006-05-30,45937,14230,8957.0,-7048.0,109252,-2724.0,31707,16005.0
CANADIAN DOLLAR - CHICAGO MERCANTILE EXCHANGE,2006-06-06,44443,21581,-1494.0,7351.0,118798,9546.0,22862,-8845.0
CANADIAN DOLLAR - CHICAGO MERCANTILE EXCHANGE,2006-06-13,46579,13228,2136.0,-8353.0,129707,10909.0,33351,10489.0
CANADIAN DOLLAR - CHICAGO MERCANTILE EXCHANGE,2006-06-20,37024,13046,-9555.0,-182.0,123446,-6261.0,23978,-9373.0
CANADIAN DOLLAR - CHICAGO MERCANTILE EXCHANGE,2006-06-27,38165,7856,1141.0,-5190.0,89791,-33655.0,30309,6331.0
CANADIAN DOLLAR - CHICAGO MERCANTILE EXCHANGE,2006-07-03,42762,6315,4597.0,-1541.0,93841,4050.0,36447,6138.0
CANADIAN DOLLAR - CHICAGO MERCANTILE EXCHANGE,2006-07-11,29942,18321,-12820.0,12006.0,92978,-863.0,11621,-24826.0
CANADIAN DOLLAR - CHICAGO MERCANTILE EXCHANGE,2006-07-18,23302,14018,-6640.0,-4303.0,83415,-9563.0,9284,-2337.0
CANADIAN DOLLAR - CHICAGO MERCANTILE EXCHANGE,2006-07-25,23613,29032,311.0,15014.0,91963,8548.0,-5419,-14703.0
CANADIAN DOLLAR - CHICAGO MERCANTILE EXCHANGE,2006-08-01,18809,26225,-4804.0,-2807.0,86048,-5915.0,-7416,-1997.0
CANADIAN DOLLAR - CHICAGO MERCANTILE EXCHANGE,2006-08-08,23185,13355,4376.0,-12870.0,82510,-3538.0,9830,17246.0
CANADIAN DOLLAR - CHICAGO MERCANTILE EXCHANGE,2006-08-15,27206,18609,4021.0,5254.0,86815,4305.0,8597,-1233.0
CANADIAN DOLLAR - CHICAGO MERCANTILE EXCHANGE,2006-08-22,27805,12312,599.0,-6297.0,86667,-148.0,15493,6896.0
CANADIAN DOLLAR - CHICAGO MERCANTILE EXCHANGE,2006-08-29,45977,15372,18172.0,3060.0,106142,19475.0,30605,15112.0
CANADIAN DOLLAR - CHICAGO MERCANTILE EXCHANGE,2006-09-05,49440,21974,3463.0,6602.0,111705,5563.0,27466,-3139.0
CANADIAN DOLLAR - CHICAGO MERCANTILE EXCHANGE,2006-09-12,37739,22957,-11701.0,983.0,138181,26476.0,14782,-12684.0
CANADIAN DOLLAR - CHICAGO MERCANTILE EXCHANGE,2006-09-19,41043,40188,3304.0,17231.0,138838,657.0,855,-13927.0
CANADIAN DOLLAR - CHICAGO MERCANTILE EXCHANGE,2006-09-26,38542,32032,-2501.0,-8156.0,94128,-44710.0,6510,5655.0
CANADIAN DOLLAR - CHICAGO MERCANTILE EXCHANGE,2006-10-03,45535,36256,6993.0,4224.0,100141,6013.0,9279,2769.0
CANADIAN DOLLAR - CHICAGO MERCANTILE EXCHANGE,2006-10-10,34272,32413,-11263.0,-3843.0,91193,-8948.0,1859,-7420.0
CANADIAN DOLLAR - CHICAGO MERCANTILE EXCHANGE,2006-10-17,26833,51331,-7439.0,18918.0,110173,18980.0,-24498,-26357.0
CANADIAN DOLLAR - CHICAGO MERCANTILE EXCHANGE,2006-10-24,24985,39218,-1848.0,-12113.0,100203,-9970.0,-14233,10265.0
CANADIAN DOLLAR - CHICAGO MERCANTILE EXCHANGE,2006-10-31,23818,47496,-1167.0,8278.0,104350,4147.0,-23678,-9445.0
CANADIAN DOLLAR - CHICAGO MERCANTILE EXCHANGE,2006-11-07,24999,45341,1181.0,-2155.0,103426,-924.0,-20342,3336.0
CANADIAN DOLLAR - CHICAGO MERCANTILE EXCHANGE,2006-11-14,25902,73277,903.0,27936.0,129537,26111.0,-47375,-27033.0
CANADIAN DOLLAR - CHICAGO MERCANTILE EXCHANGE,2006-11-21,23236,82129,-2666.0,8852.0,138113,8576.0,-58893,-11518.0
CANADIAN DOLLAR - CHICAGO MERCANTILE EXCHANGE,2006-11-28,26934,67216,3698.0,-14913.0,124553,-13560.0,-40282,18611.0
CANADIAN DOLLAR - CHICAGO MERCANTILE EXCHANGE,2006-12-05,24557,71036,-2377.0,3820.0,131624,7071.0,-46479,-6197.0
CANADIAN DOLLAR - CHICAGO MERCANTILE EXCHANGE,2006-12-12,26173,78181,1616.0,7145.0,165716,34092.0,-52008,-5529.0
CANADIAN DOLLAR - CHICAGO MERCANTILE EXCHANGE,2006-12-19,27186,84578,1013.0,6397.0,183332,17616.0,-57392,-5384.0
CANADIAN DOLLAR - CHICAGO MERCANTILE EXCHANGE,2006-12-26,21479,87773,-5707.0,3195.0,136963,-46369.0,-66294,-8902.0
CANADIAN DOLLAR - CHICAGO MERCANTILE EXCHANGE,2007-01-03,23583,97851,2104.0,10078.0,148644,11681.0,-74268,-7974.0
CANADIAN DOLLAR - CHICAGO MERCANTILE EXCHANGE,2007-01-09,20637,105543,-2946.0,7692.0,155922,7278.0,-84906,-10638.0
CANADIAN DOLLAR - CHICAGO MERCANTILE EXCHANGE,2007-01-16,22030,100997,1393.0,-4546.0,152438,-3484.0,-78967,5939.0
CANADIAN DOLLAR - CHICAGO MERCANTILE EXCHANGE,2007-01-23,22471,100328,441.0,-669.0,152395,-43.0,-77857,1110.0
CANADIAN DOLLAR - CHICAGO MERCANTILE EXCHANGE,2007-01-30,21650,92526,-821.0,-7802.0,146376,-6019.0,-70876,6981.0
CANADIAN DOLLAR - CHICAGO MERCANTILE EXCHANGE,2007-02-06,18927,99573,-2723.0,7047.0,154591,8215.0,-80646,-9770.0
CANADIAN DOLLAR - CHICAGO MERCANTILE EXCHANGE,2007-02-13,19930,76625,1003.0,-22948.0,140722,-13869.0,-56695,23951.0
CANADIAN DOLLAR - CHICAGO MERCANTILE EXCHANGE,2007-02-20,17005,82431,-2925.0,5806.0,141561,839.0,-65426,-8731.0
CANADIAN DOLLAR - CHICAGO MERCANTILE EXCHANGE,2007-02-27,17563,73987,558.0,-8444.0,137776,-3785.0,-56424,9002.0
CANADIAN DOLLAR - CHICAGO MERCANTILE EXCHANGE,2007-03-06,21585,96510,4022.0,22523.0,156871,19095.0,-74925,-18501.0
CANADIAN DOLLAR - CHICAGO MERCANTILE EXCHANGE,2007-03-13,15758,89897,-5827.0,-6613.0,159619,2748.0,-74139,786.0
CANADIAN DOLLAR - CHICAGO MERCANTILE EXCHANGE,2007-03-20,21021,72174,5263.0,-17723.0,161700,2081.0,-51153,22986.0
CANADIAN DOLLAR - CHICAGO MERCANTILE EXCHANGE,2007-03-27,24613,56595,3592.0,-15579.0,114484,-47216.0,-31982,19171.0
CANADIAN DOLLAR - CHICAGO MERCANTILE EXCHANGE,2007-04-03,22068,57233,-2545.0,638.0,113096,-1388.0,-35165,-3183.0
CANADIAN DOLLAR - CHICAGO MERCANTILE EXCHANGE,2007-04-10,23062,38626,994.0,-18607.0,110266,-2830.0,-15564,19601.0
CANADIAN DOLLAR - CHICAGO MERCANTILE EXCHANGE,2007-04-17,25549,41540,2487.0,2914.0,114610,4344.0,-15991,-427.0
CANADIAN DOLLAR - CHICAGO MERCANTILE EXCHANGE,2007-04-24,39017,40648,13468.0,-892.0,121786,7176.0,-1631,14360.0
CANADIAN DOLLAR - CHICAGO MERCANTILE EXCHANGE,2007-05-01,52582,43731,13565.0,3083.0,138029,16243.0,8851,10482.0
CANADIAN DOLLAR - CHICAGO MERCANTILE EXCHANGE,2007-05-08,65117,47298,12535.0,3567.0,146311,8282.0,17819,8968.0
CANADIAN DOLLAR - CHICAGO MERCANTILE EXCHANGE,2007-05-15,82619,39522,17502.0,-7776.0,168888,22577.0,43097,25278.0
CANADIAN DOLLAR - CHICAGO MERCANTILE EXCHANGE,2007-05-22,83891,44924,1272.0,5402.0,172032,3144.0,38967,-4130.0
CANADIAN DOLLAR - CHICAGO MERCANTILE EXCHANGE,2007-05-29,92150,40130,8259.0,-4794.0,186775,14743.0,52020,13053.0
CANADIAN DOLLAR - CHICAGO MERCANTILE EXCHANGE,2007-06-05,85481,41623,-6669.0,1493.0,184722,-2053.0,43858,-8162.0
CANADIAN DOLLAR - CHICAGO MERCANTILE EXCHANGE,2007-06-12,98404,36399,12923.0,-5224.0,232090,47368.0,62005,18147.0
CANADIAN DOLLAR - CHICAGO MERCANTILE EXCHANGE,2007-06-19,92321,33525,-6083.0,-2874.0,243351,11261.0,58796,-3209.0
CANADIAN DOLLAR - CHICAGO MERCANTILE EXCHANGE,2007-06-26,82053,13190,-10268.0,-20335.0,139879,-103472.0,68863,10067.0
CANADIAN DOLLAR - CHICAGO MERCANTILE EXCHANGE,2007-07-03,79653,14400,-2400.0,1210.0,143135,3256.0,65253,-3610.0
CANADIAN DOLLAR - CHICAGO MERCANTILE EXCHANGE,2007-07-10,82889,15511,3236.0,1111.0,143434,299.0,67378,2125.0
CANADIAN DOLLAR - CHICAGO MERCANTILE EXCHANGE,2007-07-17,85281,18009,2392.0,2498.0,150522,7088.0,67272,-106.0
CANADIAN DOLLAR - CHICAGO MERCANTILE EXCHANGE,2007-07-24,94483,17519,9202.0,-490.0,158948,8426.0,76964,9692.0
CANADIAN DOLLAR - CHICAGO MERCANTILE EXCHANGE,2007-07-31,68138,18440,-26345.0,921.0,133951,-24997.0,49698,-27266.0
CANADIAN DOLLAR - CHICAGO MERCANTILE EXCHANGE,2007-08-07,71689,19751,3551.0,1311.0,135946,1995.0,51938,2240.0
CANADIAN DOLLAR - CHICAGO MERCANTILE EXCHANGE,2007-08-14,66527,18717,-5162.0,-1034.0,134044,-1902.0,47810,-4128.0
CANADIAN DOLLAR - CHICAGO MERCANTILE EXCHANGE,2007-08-21,60044,20011,-6483.0,1294.0,128591,-5453.0,40033,-7777.0
CANADIAN DOLLAR - CHICAGO MERCANTILE EXCHANGE,2007-08-28,68013,22919,7969.0,2908.0,133856,5265.0,45094,5061.0
CANADIAN DOLLAR - CHICAGO MERCANTILE EXCHANGE,2007-09-04,73234,21889,5221.0,-1030.0,135940,2084.0,51345,6251.0
CANADIAN DOLLAR - CHICAGO MERCANTILE EXCHANGE,2007-09-11,78149,19395,4915.0,-2494.0,145388,9448.0,58754,7409.0
CANADIAN DOLLAR - CHICAGO MERCANTILE EXCHANGE,2007-09-18,88758,8930,10609.0,-10465.0,167680,22292.0,79828,21074.0
CANADIAN DOLLAR - CHICAGO MERCANTILE EXCHANGE,2007-09-25,73042,13880,-15716.0,4950.0,126605,-41075.0,59162,-20666.0
CANADIAN DOLLAR - CHICAGO MERCANTILE EXCHANGE,2007-10-02,87538,18359,14496.0,4479.0,144193,17588.0,69179,10017.0
CANADIAN DOLLAR - CHICAGO MERCANTILE EXCHANGE,2007-10-09,99617,16616,12079.0,-1743.0,157628,13435.0,83001,13822.0
CANADIAN DOLLAR - CHICAGO MERCANTILE EXCHANGE,2007-10-16,90940,13991,-8677.0,-2625.0,147428,-10200.0,76949,-6052.0
CANADIAN DOLLAR - CHICAGO MERCANTILE EXCHANGE,2007-10-23,82625,11302,-8315.0,-2689.0,140205,-7223.0,71323,-5626.0
CANADIAN DOLLAR - CHICAGO MERCANTILE EXCHANGE,2007-10-30,79052,10221,-3573.0,-1081.0,137711,-2494.0,68831,-2492.0
CANADIAN DOLLAR - CHICAGO MERCANTILE EXCHANGE,2007-11-06,75532,11944,-3520.0,1723.0,138502,791.0,63588,-5243.0
CANADIAN DOLLAR - CHICAGO MERCANTILE EXCHANGE,2007-11-13,55876,9153,-19656.0,-2791.0,121478,-17024.0,46723,-16865.0
CANADIAN DOLLAR - CHICAGO MERCANTILE EXCHANGE,2007-11-20,41574,9282,-14302.0,129.0,109533,-11945.0,32292,-14431.0
CANADIAN DOLLAR - CHICAGO MERCANTILE EXCHANGE,2007-11-27,39532,10533,-2042.0,1251.0,112354,2821.0,28999,-3293.0
CANADIAN DOLLAR - CHICAGO MERCANTILE EXCHANGE,2007-12-04,34194,18870,-5338.0,8337.0,114020,1666.0,15324,-13675.0
CANADIAN DOLLAR - CHICAGO MERCANTILE EXCHANGE,2007-12-11,30935,12271,-3259.0,-6599.0,118951,4931.0,18664,3340.0
CANADIAN DOLLAR - CHICAGO MERCANTILE EXCHANGE,2007-12-18,34895,11608,3960.0,-663.0,121294,2343.0,23287,4623.0
CANADIAN DOLLAR - CHICAGO MERCANTILE EXCHANGE,2007-12-24,29959,15236,-4936.0,3628.0,77357,-43937.0,14723,-8564.0
CANADIAN DOLLAR - CHICAGO MERCANTILE EXCHANGE,2007-12-31,35655,12657,5696.0,-2579.0,83024,5667.0,22998,8275.0
CANADIAN DOLLAR - CHICAGO MERCANTILE EXCHANGE,2008-01-08,31648,15224,-4007.0,2567.0,82454,-570.0,16424,-6574.0
CANADIAN DOLLAR - CHICAGO MERCANTILE EXCHANGE,2008-01-15,22866,15101,-8782.0,-123.0,81827,-627.0,7765,-8659.0
CANADIAN DOLLAR - CHICAGO MERCANTILE EXCHANGE,2008-01-22,24463,16786,1597.0,1685.0,86378,4551.0,7677,-88.0
CANADIAN DOLLAR - CHICAGO MERCANTILE EXCHANGE,2008-01-29,25948,21653,1485.0,4867.0,90907,4529.0,4295,-3382.0
CANADIAN DOLLAR - CHICAGO MERCANTILE EXCHANGE,2008-02-05,30603,20363,4655.0,-1290.0,93574,2667.0,10240,5945.0
CANADIAN DOLLAR - CHICAGO MERCANTILE EXCHANGE,2008-02-12,43391,22956,12788.0,2593.0,101187,7613.0,20435,10195.0
CANADIAN DOLLAR - CHICAGO MERCANTILE EXCHANGE,2008-02-19,33387,21440,-10004.0,-1516.0,95614,-5573.0,11947,-8488.0
CANADIAN DOLLAR - CHICAGO MERCANTILE EXCHANGE,2008-02-26,50323,24139,16936.0,2699.0,110073,14459.0,26184,14237.0
CANADIAN DOLLAR - CHICAGO MERCANTILE EXCHANGE,2008-03-04,60105,23699,9782.0,-440.0,117986,7913.0,36406,10222.0
CANADIAN DOLLAR - CHICAGO MERCANTILE EXCHANGE,2008-03-11,50353,21422,-9752.0,-2277.0,117606,-380.0,28931,-7475.0
CANADIAN DOLLAR - CHICAGO MERCANTILE EXCHANGE,2008-03-18,43416,22517,-6937.0,1095.0,127275,9669.0,20899,-8032.0
CANADIAN DOLLAR - CHICAGO MERCANTILE EXCHANGE,2008-03-25,28183,26005,-15233.0,3488.0,98867,-28408.0,2178,-18721.0
CANADIAN DOLLAR - CHICAGO MERCANTILE EXCHANGE,2008-04-01,28382,27659,199.0,1654.0,100329,1462.0,723,-1455.0
CANADIAN DOLLAR - CHICAGO MERCANTILE EXCHANGE,2008-04-08,37519,30955,9137.0,3296.0,106562,6233.0,6564,5841.0
CANADIAN DOLLAR - CHICAGO MERCANTILE EXCHANGE,2008-04-15,33518,28015,-4001.0,-2940.0,104970,-1592.0,5503,-1061.0
CANADIAN DOLLAR - CHICAGO MERCANTILE EXCHANGE,2008-04-22,43836,26466,10318.0,-1549.0,105665,695.0,17370,11867.0
CANADIAN DOLLAR - CHICAGO MERCANTILE EXCHANGE,2008-04-29,31816,24388,-12020.0,-2078.0,98159,-7506.0,7428,-9942.0
CANADIAN DOLLAR - CHICAGO MERCANTILE EXCHANGE,2008-05-06,48104,16392,16288.0,-7996.0,114709,16550.0,31712,24284.0
CANADIAN DOLLAR - CHICAGO MERCANTILE EXCHANGE,2008-05-13,46246,16837,-1858.0,445.0,108527,-6182.0,29409,-2303.0
CANADIAN DOLLAR - CHICAGO MERCANTILE EXCHANGE,2008-05-20,53118,21700,6872.0,4863.0,115665,7138.0,31418,2009.0
CANADIAN DOLLAR - CHICAGO MERCANTILE EXCHANGE,2008-05-27,69636,19511,16518.0,-2189.0,127620,11955.0,50125,18707.0
CANADIAN DOLLAR - CHICAGO MERCANTILE EXCHANGE,2008-06-03,63825,18087,-5811.0,-1424.0,122819,-4801.0,45738,-4387.0
CANADIAN DOLLAR - CHICAGO MERCANTILE EXCHANGE,2008-06-10,43276,25697,-20549.0,7610.0,123950,1131.0,17579,-28159.0
CANADIAN DOLLAR - CHICAGO MERCANTILE EXCHANGE,2008-06-17,36386,37337,-6890.0,11640.0,130634,6684.0,-951,-18530.0
CANADIAN DOLLAR - CHICAGO MERCANTILE EXCHANGE,2008-06-24,27397,31886,-8989.0,-5451.0,84325,-46309.0,-4489,-3538.0
CANADIAN DOLLAR - CHICAGO MERCANTILE EXCHANGE,2008-07-01,24732,34522,-2665.0,2636.0,87207,2882.0,-9790,-5301.0
CANADIAN DOLLAR - CHICAGO MERCANTILE EXCHANGE,2008-07-08,30183,36135,5451.0,1613.0,91389,4182.0,-5952,3838.0
CANADIAN DOLLAR - CHICAGO MERCANTILE EXCHANGE,2008-07-15,39972,27113,9789.0,-9022.0,97365,5976.0,12859,18811.0
CANADIAN DOLLAR - CHICAGO MERCANTILE EXCHANGE,2008-07-22,43572,21683,3600.0,-5430.0,99845,2480.0,21889,9030.0
CANADIAN DOLLAR - CHICAGO MERCANTILE EXCHANGE,2008-07-29,29682,31928,-13890.0,10245.0,97065,-2780.0,-2246,-24135.0
CANADIAN DOLLAR - CHICAGO MERCANTILE EXCHANGE,2008-08-05,35442,54214,5760.0,22286.0,116660,19595.0,-18772,-16526.0
CANADIAN DOLLAR - CHICAGO MERCANTILE EXCHANGE,2008-08-12,33650,58979,-1792.0,4765.0,121154,4494.0,-25329,-6557.0
CANADIAN DOLLAR - CHICAGO MERCANTILE EXCHANGE,2008-08-19,38641,66726,4991.0,7747.0,126865,5711.0,-28085,-2756.0
CANADIAN DOLLAR - CHICAGO MERCANTILE EXCHANGE,2008-08-26,33329,49093,-5312.0,-17633.0,116253,-10612.0,-15764,12321.0
CANADIAN DOLLAR - CHICAGO MERCANTILE EXCHANGE,2008-09-02,37205,54779,3876.0,5686.0,122277,6024.0,-17574,-1810.0
CANADIAN DOLLAR - CHICAGO MERCANTILE EXCHANGE,2008-09-09,36134,46118,-1071.0,-8661.0,142344,20067.0,-9984,7590.0
CANADIAN DOLLAR - CHICAGO MERCANTILE EXCHANGE,2008-09-16,33090,43312,-3044.0,-2806.0,145036,2692.0,-10222,-238.0
CANADIAN DOLLAR - CHICAGO MERCANTILE EXCHANGE,2008-09-23,17090,35743,-16000.0,-7569.0,92330,-52706.0,-18653,-8431.0
CANADIAN DOLLAR - CHICAGO MERCANTILE EXCHANGE,2008-09-30,19691,37712,2601.0,1969.0,93626,1296.0,-18021,632.0
CANADIAN DOLLAR - CHICAGO MERCANTILE EXCHANGE,2008-10-07,18431,35583,-1260.0,-2129.0,94501,875.0,-17152,869.0
CANADIAN DOLLAR - CHICAGO MERCANTILE EXCHANGE,2008-10-14,16220,34104,-2211.0,-1479.0,98295,3794.0,-17884,-732.0
CANADIAN DOLLAR - CHICAGO MERCANTILE EXCHANGE,2008-10-21,20698,33093,4478.0,-1011.0,111438,13143.0,-12395,5489.0
CANADIAN DOLLAR - CHICAGO MERCANTILE EXCHANGE,2008-10-28,18065,27912,-2633.0,-5181.0,107866,-3572.0,-9847,2548.0
CANADIAN DOLLAR - CHICAGO MERCANTILE EXCHANGE,2008-11-04,17145,24639,-920.0,-3273.0,107787,-79.0,-7494,2353.0
CANADIAN DOLLAR - CHICAGO MERCANTILE EXCHANGE,2008-11-11,16067,19312,-1078.0,-5327.0,98146,-9641.0,-3245,4249.0
CANADIAN DOLLAR - CHICAGO MERCANTILE EXCHANGE,2008-11-18,15426,22603,-641.0,3291.0,92554,-5592.0,-7177,-3932.0
CANADIAN DOLLAR - CHICAGO MERCANTILE EXCHANGE,2008-11-25,12521,18790,-2905.0,-3813.0,83766,-8788.0,-6269,908.0
CANADIAN DOLLAR - CHICAGO MERCANTILE EXCHANGE,2008-12-02,13076,22783,555.0,3993.0,88581,4815.0,-9707,-3438.0
CANADIAN DOLLAR - CHICAGO MERCANTILE EXCHANGE,2008-12-09,12579,21408,-497.0,-1375.0,86795,-1786.0,-8829,878.0
CANADIAN DOLLAR - CHICAGO MERCANTILE EXCHANGE,2008-12-16,10729,17477,-1850.0,-3931.0,85413,-1382.0,-6748,2081.0
CANADIAN DOLLAR - CHICAGO MERCANTILE EXCHANGE,2008-12-22,9345,19375,-1384.0,1898.0,43701,-41712.0,-10030,-3282.0
CANADIAN DOLLAR - CHICAGO MERCANTILE EXCHANGE,2008-12-30,8473,18828,-872.0,-547.0,47479,3778.0,-10355,-325.0
CANADIAN DOLLAR - CHICAGO MERCANTILE EXCHANGE,2009-01-06,8930,22802,457.0,3974.0,53297,5818.0,-13872,-3517.0
CANADIAN DOLLAR - CHICAGO MERCANTILE EXCHANGE,2009-01-13,9277,21481,347.0,-1321.0,55217,1920.0,-12204,1668.0
CANADIAN DOLLAR - CHICAGO MERCANTILE EXCHANGE,2009-01-20,8949,23534,-328.0,2053.0,65416,10199.0,-14585,-2381.0
CANADIAN DOLLAR - CHICAGO MERCANTILE EXCHANGE,2009-01-27,7898,22864,-1051.0,-670.0,64951,-465.0,-14966,-381.0
CANADIAN DOLLAR - CHICAGO MERCANTILE EXCHANGE,2009-02-03,9597,22172,1699.0,-692.0,67011,2060.0,-12575,2391.0
CANADIAN DOLLAR - CHICAGO MERCANTILE EXCHANGE,2009-02-10,7789,19260,-1808.0,-2912.0,67863,852.0,-11471,1104.0
CANADIAN DOLLAR - CHICAGO MERCANTILE EXCHANGE,2009-02-17,9631,22540,1842.0,3280.0,72185,4322.0,-12909,-1438.0
CANADIAN DOLLAR - CHICAGO MERCANTILE EXCHANGE,2009-02-24,9042,22007,-589.0,-533.0,74438,2253.0,-12965,-56.0
CANADIAN DOLLAR - CHICAGO MERCANTILE EXCHANGE,2009-03-03,11859,30872,2817.0,8865.0,83768,9330.0,-19013,-6048.0
CANADIAN DOLLAR - CHICAGO MERCANTILE EXCHANGE,2009-03-10,7991,28281,-3868.0,-2591.0,87787,4019.0,-20290,-1277.0
CANADIAN DOLLAR - CHICAGO MERCANTILE EXCHANGE,2009-03-17,8715,32665,724.0,4384.0,93979,6192.0,-23950,-3660.0
CANADIAN DOLLAR - CHICAGO MERCANTILE EXCHANGE,2009-03-24,5203,25875,-3512.0,-6790.0,56641,-37338.0,-20672,3278.0
CANADIAN DOLLAR - CHICAGO MERCANTILE EXCHANGE,2009-03-31,6453,29799,1250.0,3924.0,58595,1954.0,-23346,-2674.0
CANADIAN DOLLAR - CHICAGO MERCANTILE EXCHANGE,2009-04-07,7397,30708,944.0,909.0,58219,-376.0,-23311,35.0
CANADIAN DOLLAR - CHICAGO MERCANTILE EXCHANGE,2009-04-14,10415,28144,3018.0,-2564.0,60486,2267.0,-17729,5582.0
CANADIAN DOLLAR - CHICAGO MERCANTILE EXCHANGE,2009-04-21,12897,25604,2482.0,-2540.0,63049,2563.0,-12707,5022.0
CANADIAN DOLLAR - CHICAGO MERCANTILE EXCHANGE,2009-04-28,16395,24102,3498.0,-1502.0,67729,4680.0,-7707,5000.0
CANADIAN DOLLAR - CHICAGO MERCANTILE EXCHANGE,2009-05-05,22007,19993,5612.0,-4109.0,74576,6847.0,2014,9721.0
CANADIAN DOLLAR - CHICAGO MERCANTILE EXCHANGE,2009-05-12,25180,19731,3173.0,-262.0,81402,6826.0,5449,3435.0
CANADIAN DOLLAR - CHICAGO MERCANTILE EXCHANGE,2009-05-19,28816,23391,3636.0,3660.0,86527,5125.0,5425,-24.0
CANADIAN DOLLAR - CHICAGO MERCANTILE EXCHANGE,2009-05-26,32429,20897,3613.0,-2494.0,89446,2919.0,11532,6107.0
CANADIAN DOLLAR - CHICAGO MERCANTILE EXCHANGE,2009-06-02,31879,25285,-550.0,4388.0,90613,1167.0,6594,-4938.0
CANADIAN DOLLAR - CHICAGO MERCANTILE EXCHANGE,2009-06-09,33405,20439,1526.0,-4846.0,97915,7302.0,12966,6372.0
CANADIAN DOLLAR - CHICAGO MERCANTILE EXCHANGE,2009-06-16,31433,15973,-1972.0,-4466.0,118604,20689.0,15460,2494.0
CANADIAN DOLLAR - CHICAGO MERCANTILE EXCHANGE,2009-06-23,30043,18696,-1390.0,2723.0,74353,-44251.0,11347,-4113.0
CANADIAN DOLLAR - CHICAGO MERCANTILE EXCHANGE,2009-06-30,32435,23163,2392.0,4467.0,80536,6183.0,9272,-2075.0
CANADIAN DOLLAR - CHICAGO MERCANTILE EXCHANGE,2009-07-07,29971,23419,-2464.0,256.0,80191,-345.0,6552,-2720.0
CANADIAN DOLLAR - CHICAGO MERCANTILE EXCHANGE,2009-07-14,31850,25957,1879.0,2538.0,85347,5156.0,5893,-659.0
CANADIAN DOLLAR - CHICAGO MERCANTILE EXCHANGE,2009-07-21,42647,26141,10797.0,184.0,89893,4546.0,16506,10613.0
CANADIAN DOLLAR - CHICAGO MERCANTILE EXCHANGE,2009-07-28,48548,19480,5901.0,-6661.0,92023,2130.0,29068,12562.0
CANADIAN DOLLAR - CHICAGO MERCANTILE EXCHANGE,2009-08-04,58426,21834,9878.0,2354.0,105272,13249.0,36592,7524.0
CANADIAN DOLLAR - CHICAGO MERCANTILE EXCHANGE,2009-08-11,47947,14058,-10479.0,-7776.0,95923,-9349.0,33889,-2703.0
CANADIAN DOLLAR - CHICAGO MERCANTILE EXCHANGE,2009-08-18,48058,10600,111.0,-3458.0,93429,-2494.0,37458,3569.0
CANADIAN DOLLAR - CHICAGO MERCANTILE EXCHANGE,2009-08-25,50841,10852,2783.0,252.0,99083,5654.0,39989,2531.0
CANADIAN DOLLAR - CHICAGO MERCANTILE EXCHANGE,2009-09-01,37838,4949,-13003.0,-5903.0,88664,-10419.0,32889,-7100.0
CANADIAN DOLLAR - CHICAGO MERCANTILE EXCHANGE,2009-09-08,42844,6026,5006.0,1077.0,105084,16420.0,36818,3929.0
CANADIAN DOLLAR - CHICAGO MERCANTILE EXCHANGE,2009-09-15,44894,6862,2050.0,836.0,124489,19405.0,38032,1214.0
CANADIAN DOLLAR - CHICAGO MERCANTILE EXCHANGE,2009-09-22,44156,9604,-738.0,2742.0,89054,-35435.0,34552,-3480.0
CANADIAN DOLLAR - CHICAGO MERCANTILE EXCHANGE,2009-09-29,23843,5634,-20313.0,-3970.0,71015,-18039.0,18209,-16343.0
CANADIAN DOLLAR - CHICAGO MERCANTILE EXCHANGE,2009-10-06,41391,5616,17548.0,-18.0,88135,17120.0,35775,17566.0
CANADIAN DOLLAR - CHICAGO MERCANTILE EXCHANGE,2009-10-13,50739,6543,9348.0,927.0,102958,14823.0,44196,8421.0
CANADIAN DOLLAR - CHICAGO MERCANTILE EXCHANGE,2009-10-20,52689,9152,1950.0,2609.0,111244,8286.0,43537,-659.0
CANADIAN DOLLAR - CHICAGO MERCANTILE EXCHANGE,2009-10-27,41261,5806,-11428.0,-3346.0,99635,-11609.0,35455,-8082.0
CANADIAN DOLLAR - CHICAGO MERCANTILE EXCHANGE,2009-11-03,27862,4493,-13399.0,-1313.0,82896,-16739.0,23369,-12086.0
CANADIAN DOLLAR - CHICAGO MERCANTILE EXCHANGE,2009-11-09,30168,8184,2306.0,3691.0,85919,3023.0,21984,-1385.0
CANADIAN DOLLAR - CHICAGO MERCANTILE EXCHANGE,2009-11-17,35653,12047,5485.0,3863.0,94241,8322.0,23606,1622.0
CANADIAN DOLLAR - CHICAGO MERCANTILE EXCHANGE,2009-11-24,30492,5839,-5161.0,-6208.0,89131,-5110.0,24653,1047.0
CANADIAN DOLLAR - CHICAGO MERCANTILE EXCHANGE,2009-12-01,35964,5155,5472.0,-684.0,97431,8300.0,30809,6156.0
CANADIAN DOLLAR - CHICAGO MERCANTILE EXCHANGE,2009-12-08,33195,3736,-2769.0,-1419.0,103218,5787.0,29459,-1350.0
CANADIAN DOLLAR - CHICAGO MERCANTILE EXCHANGE,2009-12-15,29365,3740,-3830.0,4.0,109895,6677.0,25625,-3834.0
CANADIAN DOLLAR - CHICAGO MERCANTILE EXCHANGE,2009-12-22,31381,8680,2016.0,4940.0,79423,-30472.0,22701,-2924.0
CANADIAN DOLLAR - CHICAGO MERCANTILE EXCHANGE,2009-12-29,50457,10468,19076.0,1788.0,101157,21734.0,39989,17288.0
CANADIAN DOLLAR - CHICAGO MERCANTILE EXCHANGE,2010-01-05,51736,11540,1279.0,1072.0,107554,6397.0,40196,207.0
CANADIAN DOLLAR - CHICAGO MERCANTILE EXCHANGE,2010-01-12,60219,11524,8483.0,-16.0,117310,9756.0,48695,8499.0
CANADIAN DOLLAR - CHICAGO MERCANTILE EXCHANGE,2010-01-19,58048,11245,-2171.0,-279.0,120271,2961.0,46803,-1892.0
CANADIAN DOLLAR - CHICAGO MERCANTILE EXCHANGE,2010-01-26,35659,9850,-22389.0,-1395.0,91375,-28896.0,25809,-20994.0
CANADIAN DOLLAR - CHICAGO MERCANTILE EXCHANGE,2010-02-02,25639,10284,-10020.0,434.0,82692,-8683.0,15355,-10454.0
CANADIAN DOLLAR - CHICAGO MERCANTILE EXCHANGE,2010-02-09,24285,15422,-1354.0,5138.0,84317,1625.0,8863,-6492.0
CANADIAN DOLLAR - CHICAGO MERCANTILE EXCHANGE,2010-02-16,35026,11571,10741.0,-3851.0,93330,9013.0,23455,14592.0
CANADIAN DOLLAR - CHICAGO MERCANTILE EXCHANGE,2010-02-23,40224,11803,5198.0,232.0,100629,7299.0,28421,4966.0
CANADIAN DOLLAR - CHICAGO MERCANTILE EXCHANGE,2010-03-02,47170,8881,6946.0,-2922.0,109517,8888.0,38289,9868.0
CANADIAN DOLLAR - CHICAGO MERCANTILE EXCHANGE,2010-03-09,71350,9951,24180.0,1070.0,138991,29474.0,61399,23110.0
CANADIAN DOLLAR - CHICAGO MERCANTILE EXCHANGE,2010-03-16,80982,11342,9632.0,1391.0,180184,41193.0,69640,8241.0
CANADIAN DOLLAR - CHICAGO MERCANTILE EXCHANGE,2010-03-23,90278,17251,9296.0,5909.0,152885,-27299.0,73027,3387.0
CANADIAN DOLLAR - CHICAGO MERCANTILE EXCHANGE,2010-03-30,88595,18299,-1683.0,1048.0,152133,-752.0,70296,-2731.0
CANADIAN DOLLAR - CHICAGO MERCANTILE EXCHANGE,2010-04-06,88881,19569,286.0,1270.0,151537,-596.0,69312,-984.0
CANADIAN DOLLAR - CHICAGO MERCANTILE EXCHANGE,2010-04-13,87918,17443,-963.0,-2126.0,153401,1864.0,70475,1163.0
CANADIAN DOLLAR - CHICAGO MERCANTILE EXCHANGE,2010-04-20,82664,13008,-5254.0,-4435.0,149360,-4041.0,69656,-819.0
CANADIAN DOLLAR - CHICAGO MERCANTILE EXCHANGE,2010-04-27,72366,13168,-10298.0,160.0,144191,-5169.0,59198,-10458.0
CANADIAN DOLLAR - CHICAGO MERCANTILE EXCHANGE,2010-05-04,65431,13419,-6935.0,251.0,137181,-7010.0,52012,-7186.0
CANADIAN DOLLAR - CHICAGO MERCANTILE EXCHANGE,2010-05-11,58010,7556,-7421.0,-5863.0,122092,-15089.0,50454,-1558.0
CANADIAN DOLLAR - CHICAGO MERCANTILE EXCHANGE,2010-05-18,53254,8369,-4756.0,813.0,124952,2860.0,44885,-5569.0
CANADIAN DOLLAR - CHICAGO MERCANTILE EXCHANGE,2010-05-25,40113,16241,-13141.0,7872.0,122642,-2310.0,23872,-21013.0
CANADIAN DOLLAR - CHICAGO MERCANTILE EXCHANGE,2010-06-01,37262,15108,-2851.0,-1133.0,117450,-5192.0,22154,-1718.0
CANADIAN DOLLAR - CHICAGO MERCANTILE EXCHANGE,2010-06-08,36775,14265,-487.0,-843.0,121438,3988.0,22510,356.0
CANADIAN DOLLAR - CHICAGO MERCANTILE EXCHANGE,2010-06-15,37460,10106,685.0,-4159.0,127919,6481.0,27354,4844.0
CANADIAN DOLLAR - CHICAGO MERCANTILE EXCHANGE,2010-06-22,38499,12146,1039.0,2040.0,86397,-41522.0,26353,-1001.0
CANADIAN DOLLAR - CHICAGO MERCANTILE EXCHANGE,2010-06-29,31575,15681,-6924.0,3535.0,88461,2064.0,15894,-10459.0
CANADIAN DOLLAR - CHICAGO MERCANTILE EXCHANGE,2010-07-06,28549,20455,-3026.0,4774.0,92565,4104.0,8094,-7800.0
CANADIAN DOLLAR - CHICAGO MERCANTILE EXCHANGE,2010-07-13,27952,5914,-597.0,-14541.0,87394,-5171.0,22038,13944.0
CANADIAN DOLLAR - CHICAGO MERCANTILE EXCHANGE,2010-07-20,23739,7315,-4213.0,1401.0,83317,-4077.0,16424,-5614.0
CANADIAN DOLLAR - CHICAGO MERCANTILE EXCHANGE,2010-07-27,27045,3177,3306.0,-4138.0,85121,1804.0,23868,7444.0
CANADIAN DOLLAR - CHICAGO MERCANTILE EXCHANGE,2010-08-03,40335,6153,13290.0,2976.0,99262,14141.0,34182,10314.0
CANADIAN DOLLAR - CHICAGO MERCANTILE EXCHANGE,2010-08-10,46616,5437,6281.0,-716.0,105543,6281.0,41179,6997.0
CANADIAN DOLLAR - CHICAGO MERCANTILE EXCHANGE,2010-08-17,34446,4932,-12170.0,-505.0,94908,-10635.0,29514,-11665.0
CANADIAN DOLLAR - CHICAGO MERCANTILE EXCHANGE,2010-08-24,24889,8742,-9557.0,3810.0,94976,68.0,16147,-13367.0
CANADIAN DOLLAR - CHICAGO MERCANTILE EXCHANGE,2010-08-31,26957,31721,2068.0,22979.0,108003,13027.0,-4764,-20911.0
CANADIAN DOLLAR - CHICAGO MERCANTILE EXCHANGE,2010-09-07,27734,27282,777.0,-4439.0,107378,-625.0,452,5216.0
CANADIAN DOLLAR - CHICAGO MERCANTILE EXCHANGE,2010-09-14,29057,11362,1323.0,-15920.0,110946,3568.0,17695,17243.0
CANADIAN DOLLAR - CHICAGO MERCANTILE EXCHANGE,2010-09-21,46985,17170,17928.0,5808.0,101524,-9422.0,29815,12120.0
CANADIAN DOLLAR - CHICAGO MERCANTILE EXCHANGE,2010-09-28,43078,15208,-3907.0,-1962.0,101260,-264.0,27870,-1945.0
CANADIAN DOLLAR - CHICAGO MERCANTILE EXCHANGE,2010-10-05,62909,20231,19831.0,5023.0,120045,18785.0,42678,14808.0
CANADIAN DOLLAR - CHICAGO MERCANTILE EXCHANGE,2010-10-12,63283,19497,374.0,-734.0,123851,3806.0,43786,1108.0
CANADIAN DOLLAR - CHICAGO MERCANTILE EXCHANGE,2010-10-19,47852,17112,-15431.0,-2385.0,112791,-11060.0,30740,-13046.0
CANADIAN DOLLAR - CHICAGO MERCANTILE EXCHANGE,2010-10-26,37802,17927,-10050.0,815.0,102269,-10522.0,19875,-10865.0
CANADIAN DOLLAR - CHICAGO MERCANTILE EXCHANGE,2010-11-02,41890,18525,4088.0,598.0,104809,2540.0,23365,3490.0
CANADIAN DOLLAR - CHICAGO MERCANTILE EXCHANGE,2010-11-09,62533,25195,20643.0,6670.0,128710,23901.0,37338,13973.0
CANADIAN DOLLAR - CHICAGO MERCANTILE EXCHANGE,2010-11-16,58390,19949,-4143.0,-5246.0,124587,-4123.0,38441,1103.0
CANADIAN DOLLAR - CHICAGO MERCANTILE EXCHANGE,2010-11-23,36797,14298,-21593.0,-5651.0,105442,-19145.0,22499,-15942.0
CANADIAN DOLLAR - CHICAGO MERCANTILE EXCHANGE,2010-11-30,30999,11844,-5798.0,-2454.0,100245,-5197.0,19155,-3344.0
CANADIAN DOLLAR - CHICAGO MERCANTILE EXCHANGE,2010-12-07,47003,13281,16004.0,1437.0,114999,14754.0,33722,14567.0
CANADIAN DOLLAR - CHICAGO MERCANTILE EXCHANGE,2010-12-14,44840,11444,-2163.0,-1837.0,142291,27292.0,33396,-326.0
CANADIAN DOLLAR - CHICAGO MERCANTILE EXCHANGE,2010-12-21,39665,14717,-5175.0,3273.0,91294,-50997.0,24948,-8448.0
CANADIAN DOLLAR - CHICAGO MERCANTILE EXCHANGE,2010-12-28,58142,23355,18477.0,8638.0,113223,21929.0,34787,9839.0
CANADIAN DOLLAR - CHICAGO MERCANTILE EXCHANGE,2011-01-04,65421,27073,7279.0,3718.0,120758,7535.0,38348,3561.0
CANADIAN DOLLAR - CHICAGO MERCANTILE EXCHANGE,2011-01-11,70872,23115,5451.0,-3958.0,129480,8722.0,47757,9409.0
CANADIAN DOLLAR - CHICAGO MERCANTILE EXCHANGE,2011-01-18,67614,23559,-3258.0,444.0,128185,-1295.0,44055,-3702.0
CANADIAN DOLLAR - CHICAGO MERCANTILE EXCHANGE,2011-01-25,54075,22356,-13539.0,-1203.0,117899,-10286.0,31719,-12336.0
CANADIAN DOLLAR - CHICAGO MERCANTILE EXCHANGE,2011-02-01,55186,21372,1111.0,-984.0,119488,1589.0,33814,2095.0
CANADIAN DOLLAR - CHICAGO MERCANTILE EXCHANGE,2011-02-08,72899,33109,17713.0,11737.0,141604,22116.0,39790,5976.0
CANADIAN DOLLAR - CHICAGO MERCANTILE EXCHANGE,2011-02-15,77018,4928,4119.0,-28181.0,140822,-782.0,72090,32300.0
CANADIAN DOLLAR - CHICAGO MERCANTILE EXCHANGE,2011-02-22,72774,4426,-4244.0,-502.0,140610,-212.0,68348,-3742.0
CANADIAN DOLLAR - CHICAGO MERCANTILE EXCHANGE,2011-03-01,78365,5538,5591.0,1112.0,148414,7804.0,72827,4479.0
CANADIAN DOLLAR - CHICAGO MERCANTILE EXCHANGE,2011-03-08,81253,3709,2888.0,-1829.0,174715,26301.0,77544,4717.0
CANADIAN DOLLAR - CHICAGO MERCANTILE EXCHANGE,2011-03-15,60789,3798,-20464.0,89.0,189157,14442.0,56991,-20553.0
CANADIAN DOLLAR - CHICAGO MERCANTILE EXCHANGE,2011-03-22,49722,3745,-11067.0,-53.0,118442,-70715.0,45977,-11014.0
CANADIAN DOLLAR - CHICAGO MERCANTILE EXCHANGE,2011-03-29,52886,1641,3164.0,-2104.0,119128,686.0,51245,5268.0
CANADIAN DOLLAR - CHICAGO MERCANTILE EXCHANGE,2011-04-05,68876,3846,15990.0,2205.0,138257,19129.0,65030,13785.0
CANADIAN DOLLAR - CHICAGO MERCANTILE EXCHANGE,2011-04-12,66354,2613,-2522.0,-1233.0,142022,3765.0,63741,-1289.0
CANADIAN DOLLAR - CHICAGO MERCANTILE EXCHANGE,2011-04-19,67489,2454,1135.0,-159.0,141961,-61.0,65035,1294.0
CANADIAN DOLLAR - CHICAGO MERCANTILE EXCHANGE,2011-04-26,61493,2430,-5996.0,-24.0,138939,-3022.0,59063,-5972.0
CANADIAN DOLLAR - CHICAGO MERCANTILE EXCHANGE,2011-05-03,59863,5822,-1630.0,3392.0,139919,980.0,54041,-5022.0
CANADIAN DOLLAR - CHICAGO MERCANTILE EXCHANGE,2011-05-10,42698,5495,-17165.0,-327.0,121478,-18441.0,37203,-16838.0
CANADIAN DOLLAR - CHICAGO MERCANTILE EXCHANGE,2011-05-17,36008,9717,-6690.0,4222.0,123386,1908.0,26291,-10912.0
CANADIAN DOLLAR - CHICAGO MERCANTILE EXCHANGE,2011-05-24,31219,9942,-4789.0,225.0,120245,-3141.0,21277,-5014.0
CANADIAN DOLLAR - CHICAGO MERCANTILE EXCHANGE,2011-05-31,35657,9255,4438.0,-687.0,125654,5409.0,26402,5125.0
CANADIAN DOLLAR - CHICAGO MERCANTILE EXCHANGE,2011-06-07,32631,19109,-3026.0,9854.0,129110,3456.0,13522,-12880.0
CANADIAN DOLLAR - CHICAGO MERCANTILE EXCHANGE,2011-06-14,33746,14891,1115.0,-4218.0,142172,13062.0,18855,5333.0
CANADIAN DOLLAR - CHICAGO MERCANTILE EXCHANGE,2011-06-21,19983,17779,-13763.0,2888.0,87905,-54267.0,2204,-16651.0
CANADIAN DOLLAR - CHICAGO MERCANTILE EXCHANGE,2011-06-28,21896,23759,1913.0,5980.0,92360,4455.0,-1863,-4067.0
CANADIAN DOLLAR - CHICAGO MERCANTILE EXCHANGE,2011-07-05,31346,24525,9450.0,766.0,105967,13607.0,6821,8684.0
CANADIAN DOLLAR - CHICAGO MERCANTILE EXCHANGE,2011-07-12,39535,24201,8189.0,-324.0,111624,5657.0,15334,8513.0
CANADIAN DOLLAR - CHICAGO MERCANTILE EXCHANGE,2011-07-19,52623,24859,13088.0,658.0,124719,13095.0,27764,12430.0
CANADIAN DOLLAR - CHICAGO MERCANTILE EXCHANGE,2011-07-26,52884,16743,261.0,-8116.0,128807,4088.0,36141,8377.0
CANADIAN DOLLAR - CHICAGO MERCANTILE EXCHANGE,2011-08-02,57482,16445,4598.0,-298.0,133150,4343.0,41037,4896.0
CANADIAN DOLLAR - CHICAGO MERCANTILE EXCHANGE,2011-08-09,38872,15168,-18610.0,-1277.0,118973,-14177.0,23704,-17333.0
CANADIAN DOLLAR - CHICAGO MERCANTILE EXCHANGE,2011-08-16,23153,19032,-15719.0,3864.0,103509,-15464.0,4121,-19583.0
CANADIAN DOLLAR - CHICAGO MERCANTILE EXCHANGE,2011-08-23,23368,14564,215.0,-4468.0,104672,1163.0,8804,4683.0
CANADIAN DOLLAR - CHICAGO MERCANTILE EXCHANGE,2011-08-30,24823,10884,1455.0,-3680.0,107237,2565.0,13939,5135.0
CANADIAN DOLLAR - CHICAGO MERCANTILE EXCHANGE,2011-09-06,18441,16360,-6382.0,5476.0,109190,1953.0,2081,-11858.0
CANADIAN DOLLAR - CHICAGO MERCANTILE EXCHANGE,2011-09-13,17337,23640,-1104.0,7280.0,117403,8213.0,-6303,-8384.0
CANADIAN DOLLAR - CHICAGO MERCANTILE EXCHANGE,2011-09-20,20422,25880,3085.0,2240.0,123057,5654.0,-5458,845.0
CANADIAN DOLLAR - CHICAGO MERCANTILE EXCHANGE,2011-09-27,21320,41870,898.0,15990.0,86146,-36911.0,-20550,-15092.0
CANADIAN DOLLAR - CHICAGO MERCANTILE EXCHANGE,2011-10-04,22713,38395,1393.0,-3475.0,103733,17587.0,-15682,4868.0
CANADIAN DOLLAR - CHICAGO MERCANTILE EXCHANGE,2011-10-11,23922,48835,1209.0,10440.0,122945,19212.0,-24913,-9231.0
CANADIAN DOLLAR - CHICAGO MERCANTILE EXCHANGE,2011-10-18,23343,48138,-579.0,-697.0,123074,129.0,-24795,118.0
CANADIAN DOLLAR - CHICAGO MERCANTILE EXCHANGE,2011-10-25,25368,43291,2025.0,-4847.0,120187,-2887.0,-17923,6872.0
CANADIAN DOLLAR - CHICAGO MERCANTILE EXCHANGE,2011-11-01,27420,42240,2052.0,-1051.0,119841,-346.0,-14820,3103.0
CANADIAN DOLLAR - CHICAGO MERCANTILE EXCHANGE,2011-11-08,28003,43571,583.0,1331.0,122069,2228.0,-15568,-748.0
CANADIAN DOLLAR - CHICAGO MERCANTILE EXCHANGE,2011-11-15,28819,46034,816.0,2463.0,123967,1898.0,-17215,-1647.0
CANADIAN DOLLAR - CHICAGO MERCANTILE EXCHANGE,2011-11-22,29041,51185,222.0,5151.0,129151,5184.0,-22144,-4929.0
CANADIAN DOLLAR - CHICAGO MERCANTILE EXCHANGE,2011-11-29,30069,56938,1028.0,5753.0,143231,14080.0,-26869,-4725.0
CANADIAN DOLLAR - CHICAGO MERCANTILE EXCHANGE,2011-12-06,31022,51193,953.0,-5745.0,150326,7095.0,-20171,6698.0
CANADIAN DOLLAR - CHICAGO MERCANTILE EXCHANGE,2011-12-13,35787,49172,4765.0,-2021.0,173429,23103.0,-13385,6786.0
CANADIAN DOLLAR - CHICAGO MERCANTILE EXCHANGE,2011-12-20,21428,48296,-14359.0,-876.0,174254,825.0,-26868,-13483.0
CANADIAN DOLLAR - CHICAGO MERCANTILE EXCHANGE,2011-12-27,28132,49944,6704.0,1648.0,118735,-55519.0,-21812,5056.0
CANADIAN DOLLAR - CHICAGO MERCANTILE EXCHANGE,2012-01-03,27665,51036,-467.0,1092.0,119763,1028.0,-23371,-1559.0
CANADIAN DOLLAR - CHICAGO MERCANTILE EXCHANGE,2012-01-10,23039,51688,-4626.0,652.0,120997,1234.0,-28649,-5278.0
CANADIAN DOLLAR - CHICAGO MERCANTILE EXCHANGE,2012-01-17,25118,53848,2079.0,2160.0,123101,2104.0,-28730,-81.0
CANADIAN DOLLAR - CHICAGO MERCANTILE EXCHANGE,2012-01-24,29772,48681,4654.0,-5167.0,117164,-5937.0,-18909,9821.0
CANADIAN DOLLAR - CHICAGO MERCANTILE EXCHANGE,2012-01-31,30140,49549,368.0,868.0,119270,2106.0,-19409,-500.0
CANADIAN DOLLAR - CHICAGO MERCANTILE EXCHANGE,2012-02-07,37065,34881,6925.0,-14668.0,122955,3685.0,2184,21593.0
CANADIAN DOLLAR - CHICAGO MERCANTILE EXCHANGE,2012-02-14,38465,28899,1400.0,-5982.0,122896,-59.0,9566,7382.0
CANADIAN DOLLAR - CHICAGO MERCANTILE EXCHANGE,2012-02-21,47784,33672,9319.0,4773.0,129249,6353.0,14112,4546.0
CANADIAN DOLLAR - CHICAGO MERCANTILE EXCHANGE,2012-02-28,50763,28283,2979.0,-5389.0,136553,7304.0,22480,8368.0
CANADIAN DOLLAR - CHICAGO MERCANTILE EXCHANGE,2012-03-06,55906,29874,5143.0,1591.0,146771,10218.0,26032,3552.0
CANADIAN DOLLAR - CHICAGO MERCANTILE EXCHANGE,2012-03-13,59548,32827,3642.0,2953.0,172856,26085.0,26721,689.0
CANADIAN DOLLAR - CHICAGO MERCANTILE EXCHANGE,2012-03-20,62768,20453,3220.0,-12374.0,189870,17014.0,42315,15594.0
CANADIAN DOLLAR - CHICAGO MERCANTILE EXCHANGE,2012-03-27,53432,29695,-9336.0,9242.0,122621,-67249.0,23737,-18578.0
CANADIAN DOLLAR - CHICAGO MERCANTILE EXCHANGE,2012-04-03,57291,27804,3859.0,-1891.0,126333,3712.0,29487,5750.0
CANADIAN DOLLAR - CHICAGO MERCANTILE EXCHANGE,2012-04-10,47992,20025,-9299.0,-7779.0,113833,-12500.0,27967,-1520.0
CANADIAN DOLLAR - CHICAGO MERCANTILE EXCHANGE,2012-04-17,58319,20291,10327.0,266.0,128841,15008.0,38028,10061.0
CANADIAN DOLLAR - CHICAGO MERCANTILE EXCHANGE,2012-04-24,63028,18804,4709.0,-1487.0,134899,6058.0,44224,6196.0
CANADIAN DOLLAR - CHICAGO MERCANTILE EXCHANGE,2012-05-01,84458,14235,21430.0,-4569.0,163036,28137.0,70223,25999.0
CANADIAN DOLLAR - CHICAGO MERCANTILE EXCHANGE,2012-05-08,69914,9819,-14544.0,-4416.0,148415,-14621.0,60095,-10128.0
CANADIAN DOLLAR - CHICAGO MERCANTILE EXCHANGE,2012-05-15,66286,15281,-3628.0,5462.0,140173,-8242.0,51005,-9090.0
CANADIAN DOLLAR - CHICAGO MERCANTILE EXCHANGE,2012-05-22,57577,19022,-8709.0,3741.0,130992,-9181.0,38555,-12450.0
CANADIAN DOLLAR - CHICAGO MERCANTILE EXCHANGE,2012-05-29,48793,14708,-8784.0,-4314.0,126626,-4366.0,34085,-4470.0
CANADIAN DOLLAR - CHICAGO MERCANTILE EXCHANGE,2012-06-05,39559,24653,-9234.0,9945.0,137391,10765.0,14906,-19179.0
CANADIAN DOLLAR - CHICAGO MERCANTILE EXCHANGE,2012-06-12,31308,21688,-8251.0,-2965.0,135037,-2354.0,9620,-5286.0
CANADIAN DOLLAR - CHICAGO MERCANTILE EXCHANGE,2012-06-19,27808,19607,-3500.0,-2081.0,131671,-3366.0,8201,-1419.0
CANADIAN DOLLAR - CHICAGO MERCANTILE EXCHANGE,2012-06-26,27778,18501,-30.0,-1106.0,95821,-35850.0,9277,1076.0
CANADIAN DOLLAR - CHICAGO MERCANTILE EXCHANGE,2012-07-03,22923,14225,-4855.0,-4276.0,93160,-2661.0,8698,-579.0
CANADIAN DOLLAR - CHICAGO MERCANTILE EXCHANGE,2012-07-10,24673,20335,1750.0,6110.0,100606,7446.0,4338,-4360.0
CANADIAN DOLLAR - CHICAGO MERCANTILE EXCHANGE,2012-07-17,23628,24836,-1045.0,4501.0,103963,3357.0,-1208,-5546.0
CANADIAN DOLLAR - CHICAGO MERCANTILE EXCHANGE,2012-07-24,29695,32127,6067.0,7291.0,111062,7099.0,-2432,-1224.0
CANADIAN DOLLAR - CHICAGO MERCANTILE EXCHANGE,2012-07-31,30652,18203,957.0,-13924.0,101082,-9980.0,12449,14881.0
CANADIAN DOLLAR - CHICAGO MERCANTILE EXCHANGE,2012-08-07,43190,24068,12538.0,5865.0,109258,8176.0,19122,6673.0
CANADIAN DOLLAR - CHICAGO MERCANTILE EXCHANGE,2012-08-14,53894,25301,10704.0,1233.0,123658,14400.0,28593,9471.0
CANADIAN DOLLAR - CHICAGO MERCANTILE EXCHANGE,2012-08-21,76008,25141,22114.0,-160.0,150410,26752.0,50867,22274.0
CANADIAN DOLLAR - CHICAGO MERCANTILE EXCHANGE,2012-08-28,86639,25703,10631.0,562.0,163842,13432.0,60936,10069.0
CANADIAN DOLLAR - CHICAGO MERCANTILE EXCHANGE,2012-09-04,89309,22754,2670.0,-2949.0,171278,7436.0,66555,5619.0
CANADIAN DOLLAR - CHICAGO MERCANTILE EXCHANGE,2012-09-11,116546,14686,27237.0,-8068.0,254598,83320.0,101860,35305.0
CANADIAN DOLLAR - CHICAGO MERCANTILE EXCHANGE,2012-09-18,126688,14807,10142.0,121.0,296999,42401.0,111881,10021.0
CANADIAN DOLLAR - CHICAGO MERCANTILE EXCHANGE,2012-09-25,123643,18297,-3045.0,3490.0,210066,-86933.0,105346,-6535.0
CANADIAN DOLLAR - CHICAGO MERCANTILE EXCHANGE,2012-10-02,112706,11530,-10937.0,-6767.0,196895,-13171.0,101176,-4170.0
CANADIAN DOLLAR - CHICAGO MERCANTILE EXCHANGE,2012-10-09,106300,10672,-6406.0,-858.0,192593,-4302.0,95628,-5548.0
CANADIAN DOLLAR - CHICAGO MERCANTILE EXCHANGE,2012-10-16,106369,12619,69.0,1947.0,189466,-3127.0,93750,-1878.0
CANADIAN DOLLAR - CHICAGO MERCANTILE EXCHANGE,2012-10-23,98566,9478,-7803.0,-3141.0,178102,-11364.0,89088,-4662.0
CANADIAN DOLLAR - CHICAGO MERCANTILE EXCHANGE,2012-10-30,86306,7535,-12260.0,-1943.0,167010,-11092.0,78771,-10317.0
CANADIAN DOLLAR - CHICAGO MERCANTILE EXCHANGE,2012-11-06,82882,8120,-3424.0,585.0,166422,-588.0,74762,-4009.0
CANADIAN DOLLAR - CHICAGO MERCANTILE EXCHANGE,2012-11-13,75935,9816,-6947.0,1696.0,168339,1917.0,66119,-8643.0
CANADIAN DOLLAR - CHICAGO MERCANTILE EXCHANGE,2012-11-20,72893,11447,-3042.0,1631.0,169517,1178.0,61446,-4673.0
CANADIAN DOLLAR - CHICAGO MERCANTILE EXCHANGE,2012-11-27,72663,10284,-230.0,-1163.0,170497,980.0,62379,933.0
CANADIAN DOLLAR - CHICAGO MERCANTILE EXCHANGE,2012-12-04,66356,9285,-6307.0,-999.0,167343,-3154.0,57071,-5308.0
CANADIAN DOLLAR - CHICAGO MERCANTILE EXCHANGE,2012-12-11,74220,11687,7864.0,2402.0,178087,10744.0,62533,5462.0
CANADIAN DOLLAR - CHICAGO MERCANTILE EXCHANGE,2012-12-18,81493,7215,7273.0,-4472.0,219922,41835.0,74278,11745.0
CANADIAN DOLLAR - CHICAGO MERCANTILE EXCHANGE,2012-12-24,72777,9425,-8716.0,2210.0,140965,-78957.0,63352,-10926.0
CANADIAN DOLLAR - CHICAGO MERCANTILE EXCHANGE,2012-12-31,73678,7752,901.0,-1673.0,137247,-3718.0,65926,2574.0
CANADIAN DOLLAR - CHICAGO MERCANTILE EXCHANGE,2013-01-08,70435,6430,-3243.0,-1322.0,137314,67.0,64005,-1921.0
CANADIAN DOLLAR - CHICAGO MERCANTILE EXCHANGE,2013-01-15,73099,4431,2664.0,-1999.0,144716,7402.0,68668,4663.0
CANADIAN DOLLAR - CHICAGO MERCANTILE EXCHANGE,2013-01-22,66225,8273,-6874.0,3842.0,141710,-3006.0,57952,-10716.0
CANADIAN DOLLAR - CHICAGO MERCANTILE EXCHANGE,2013-01-29,53915,18858,-12310.0,10585.0,144927,3217.0,35057,-22895.0
CANADIAN DOLLAR - CHICAGO MERCANTILE EXCHANGE,2013-02-05,44538,16777,-9377.0,-2081.0,141807,-3120.0,27761,-7296.0
CANADIAN DOLLAR - CHICAGO MERCANTILE EXCHANGE,2013-02-12,39324,12759,-5214.0,-4018.0,140109,-1698.0,26565,-1196.0
CANADIAN DOLLAR - CHICAGO MERCANTILE EXCHANGE,2013-02-19,46033,26654,6709.0,13895.0,156182,16073.0,19379,-7186.0
CANADIAN DOLLAR - CHICAGO MERCANTILE EXCHANGE,2013-02-26,42171,63604,-3862.0,36950.0,195893,39711.0,-21433,-40812.0
CANADIAN DOLLAR - CHICAGO MERCANTILE EXCHANGE,2013-03-05,39564,86227,-2607.0,22623.0,221062,25169.0,-46663,-25230.0
CANADIAN DOLLAR - CHICAGO MERCANTILE EXCHANGE,2013-03-12,37020,90417,-2544.0,4190.0,249150,28088.0,-53397,-6734.0
CANADIAN DOLLAR - CHICAGO MERCANTILE EXCHANGE,2013-03-19,39417,104748,2397.0,14331.0,308970,59820.0,-65331,-11934.0
CANADIAN DOLLAR - CHICAGO MERCANTILE EXCHANGE,2013-03-26,26286,88931,-13131.0,-15817.0,160847,-148123.0,-62645,2686.0
CANADIAN DOLLAR - CHICAGO MERCANTILE EXCHANGE,2013-04-02,26212,90756,-74.0,1825.0,163150,2303.0,-64544,-1899.0
CANADIAN DOLLAR - CHICAGO MERCANTILE EXCHANGE,2013-04-09,24056,95189,-2156.0,4433.0,161861,-1289.0,-71133,-6589.0
CANADIAN DOLLAR - CHICAGO MERCANTILE EXCHANGE,2013-04-16,26003,101916,1947.0,6727.0,171111,9250.0,-75913,-4780.0
CANADIAN DOLLAR - CHICAGO MERCANTILE EXCHANGE,2013-04-23,27940,99619,1937.0,-2297.0,171804,693.0,-71679,4234.0
CANADIAN DOLLAR - CHICAGO MERCANTILE EXCHANGE,2013-04-30,23246,91094,-4694.0,-8525.0,161473,-10331.0,-67848,3831.0
CANADIAN DOLLAR - CHICAGO MERCANTILE EXCHANGE,2013-05-07,25741,77657,2495.0,-13437.0,149014,-12459.0,-51916,15932.0
CANADIAN DOLLAR - CHICAGO MERCANTILE EXCHANGE,2013-05-14,28352,72769,2611.0,-4888.0,142482,-6532.0,-44417,7499.0
CANADIAN DOLLAR - CHICAGO MERCANTILE EXCHANGE,2013-05-21,30686,64538,2334.0,-8231.0,141531,-951.0,-33852,10565.0
CANADIAN DOLLAR - CHICAGO MERCANTILE EXCHANGE,2013-05-28,28298,61657,-2388.0,-2881.0,144725,3194.0,-33359,493.0
CANADIAN DOLLAR - CHICAGO MERCANTILE EXCHANGE,2013-06-04,22351,62127,-5947.0,470.0,141838,-2887.0,-39776,-6417.0
CANADIAN DOLLAR - CHICAGO MERCANTILE EXCHANGE,2013-06-11,17343,53250,-5008.0,-8877.0,145729,3891.0,-35907,3869.0
CANADIAN DOLLAR - CHICAGO MERCANTILE EXCHANGE,2013-06-18,15470,41557,-1873.0,-11693.0,145484,-245.0,-26087,9820.0
CANADIAN DOLLAR - CHICAGO MERCANTILE EXCHANGE,2013-06-25,27186,37824,11716.0,-3733.0,109819,-35665.0,-10638,15449.0
CANADIAN DOLLAR - CHICAGO MERCANTILE EXCHANGE,2013-07-02,35398,51648,8212.0,13824.0,126754,16935.0,-16250,-5612.0
CANADIAN DOLLAR - CHICAGO MERCANTILE EXCHANGE,2013-07-09,37260,61089,1862.0,9441.0,140106,13352.0,-23829,-7579.0
CANADIAN DOLLAR - CHICAGO MERCANTILE EXCHANGE,2013-07-16,32187,52230,-5073.0,-8859.0,133870,-6236.0,-20043,3786.0
CANADIAN DOLLAR - CHICAGO MERCANTILE EXCHANGE,2013-07-23,22262,39020,-9925.0,-13210.0,119597,-14273.0,-16758,3285.0
CANADIAN DOLLAR - CHICAGO MERCANTILE EXCHANGE,2013-07-30,20729,32163,-1533.0,-6857.0,111005,-8592.0,-11434,5324.0
CANADIAN DOLLAR - CHICAGO MERCANTILE EXCHANGE,2013-08-06,22629,33065,1900.0,902.0,106787,-4218.0,-10436,998.0
CANADIAN DOLLAR - CHICAGO MERCANTILE EXCHANGE,2013-08-13,21751,30832,-878.0,-2233.0,105303,-1484.0,-9081,1355.0
CANADIAN DOLLAR - CHICAGO MERCANTILE EXCHANGE,2013-08-20,26559,36103,4808.0,5271.0,108282,2979.0,-9544,-463.0
CANADIAN DOLLAR - CHICAGO MERCANTILE EXCHANGE,2013-08-27,35375,60334,8816.0,24231.0,133392,25110.0,-24959,-15415.0
CANADIAN DOLLAR - CHICAGO MERCANTILE EXCHANGE,2013-09-03,31879,66518,-3496.0,6184.0,143241,9849.0,-34639,-9680.0
CANADIAN DOLLAR - CHICAGO MERCANTILE EXCHANGE,2013-09-10,24621,55563,-7258.0,-10955.0,137986,-5255.0,-30942,3697.0
CANADIAN DOLLAR - CHICAGO MERCANTILE EXCHANGE,2013-09-17,25286,44050,665.0,-11513.0,142925,4939.0,-18764,12178.0
CANADIAN DOLLAR - CHICAGO MERCANTILE EXCHANGE,2013-09-24,40278,45953,14992.0,1903.0,119624,-23301.0,-5675,13089.0
CANADIAN DOLLAR - CHICAGO MERCANTILE EXCHANGE,2013-10-01,43734,44689,3456.0,-1264.0,122732,3108.0,-955,4720.0
CANADIAN DOLLAR - CHICAGO MERCANTILE EXCHANGE,2013-10-08,33857,42520,-9877.0,-2169.0,118332,-4400.0,-8663,-7708.0
CANADIAN DOLLAR - CHICAGO MERCANTILE EXCHANGE,2013-10-15,28436,39250,-5421.0,-3270.0,112544,-5788.0,-10814,-2151.0
CANADIAN DOLLAR - CHICAGO MERCANTILE EXCHANGE,2013-10-22,28906,34270,470.0,-4980.0,109316,-3228.0,-5364,5450.0
CANADIAN DOLLAR - CHICAGO MERCANTILE EXCHANGE,2013-10-29,27233,42470,-1673.0,8200.0,116157,6841.0,-15237,-9873.0
CANADIAN DOLLAR - CHICAGO MERCANTILE EXCHANGE,2013-11-05,26803,44805,-430.0,2335.0,117253,1096.0,-18002,-2765.0
CANADIAN DOLLAR - CHICAGO MERCANTILE EXCHANGE,2013-11-12,29306,45398,2503.0,593.0,118952,1699.0,-16092,1910.0
CANADIAN DOLLAR - CHICAGO MERCANTILE EXCHANGE,2013-11-19,31656,47991,2350.0,2593.0,121813,2861.0,-16335,-243.0
CANADIAN DOLLAR - CHICAGO MERCANTILE EXCHANGE,2013-11-26,28143,56923,-3513.0,8932.0,129471,7658.0,-28780,-12445.0
CANADIAN DOLLAR - CHICAGO MERCANTILE EXCHANGE,2013-12-03,32589,74172,4446.0,17249.0,145767,16296.0,-41583,-12803.0
CANADIAN DOLLAR - CHICAGO MERCANTILE EXCHANGE,2013-12-10,31049,88563,-1540.0,14391.0,160759,14992.0,-57514,-15931.0
CANADIAN DOLLAR - CHICAGO MERCANTILE EXCHANGE,2013-12-17,25133,90633,-5916.0,2070.0,187136,26377.0,-65500,-7986.0
CANADIAN DOLLAR - CHICAGO MERCANTILE EXCHANGE,2013-12-24,28191,86623,3058.0,-4010.0,149359,-37777.0,-58432,7068.0
CANADIAN DOLLAR - CHICAGO MERCANTILE EXCHANGE,2013-12-31,28206,86162,15.0,-461.0,149037,-322.0,-57956,476.0
CANADIAN DOLLAR - CHICAGO MERCANTILE EXCHANGE,2014-01-07,30535,91077,2329.0,4915.0,156950,7913.0,-60542,-2586.0
CANADIAN DOLLAR - CHICAGO MERCANTILE EXCHANGE,2014-01-14,34212,101557,3677.0,10480.0,171370,14420.0,-67345,-6803.0
CANADIAN DOLLAR - CHICAGO MERCANTILE EXCHANGE,2014-01-21,29423,99750,-4789.0,-1807.0,169456,-1914.0,-70327,-2982.0
CANADIAN DOLLAR - CHICAGO MERCANTILE EXCHANGE,2014-01-28,25976,88765,-3447.0,-10985.0,157214,-12242.0,-62789,7538.0
CANADIAN DOLLAR - CHICAGO MERCANTILE EXCHANGE,2014-02-04,29439,89739,3463.0,974.0,160625,3411.0,-60300,2489.0
CANADIAN DOLLAR - CHICAGO MERCANTILE EXCHANGE,2014-02-11,27745,86673,-1694.0,-3066.0,157495,-3130.0,-58928,1372.0
CANADIAN DOLLAR - CHICAGO MERCANTILE EXCHANGE,2014-02-18,27756,92756,11.0,6083.0,154862,-2633.0,-65000,-6072.0
CANADIAN DOLLAR - CHICAGO MERCANTILE EXCHANGE,2014-02-25,24865,83456,-2891.0,-9300.0,141519,-13343.0,-58591,6409.0
CANADIAN DOLLAR - CHICAGO MERCANTILE EXCHANGE,2014-03-04,23306,84402,-1559.0,946.0,147033,5514.0,-61096,-2505.0
CANADIAN DOLLAR - CHICAGO MERCANTILE EXCHANGE,2014-03-11,25180,77371,1874.0,-7031.0,153639,6606.0,-52191,8905.0
CANADIAN DOLLAR - CHICAGO MERCANTILE EXCHANGE,2014-03-18,27751,97556,2571.0,20185.0,186782,33143.0,-69805,-17614.0
CANADIAN DOLLAR - CHICAGO MERCANTILE EXCHANGE,2014-03-25,40441,73656,12690.0,-23900.0,133246,-53536.0,-33215,36590.0
CANADIAN DOLLAR - CHICAGO MERCANTILE EXCHANGE,2014-04-01,27549,64543,-12892.0,-9113.0,117966,-15280.0,-36994,-3779.0
CANADIAN DOLLAR - CHICAGO MERCANTILE EXCHANGE,2014-04-08,28704,63011,1155.0,-1532.0,120336,2370.0,-34307,2687.0
CANADIAN DOLLAR - CHICAGO MERCANTILE EXCHANGE,2014-04-15,28288,63714,-416.0,703.0,119525,-811.0,-35426,-1119.0
CANADIAN DOLLAR - CHICAGO MERCANTILE EXCHANGE,2014-04-22,27529,62984,-759.0,-730.0,118707,-818.0,-35455,-29.0
CANADIAN DOLLAR - CHICAGO MERCANTILE EXCHANGE,2014-04-29,30093,60388,2564.0,-2596.0,123589,4882.0,-30295,5160.0
CANADIAN DOLLAR - CHICAGO MERCANTILE EXCHANGE,2014-05-06,28044,59644,-2049.0,-744.0,122287,-1302.0,-31600,-1305.0
CANADIAN DOLLAR - CHICAGO MERCANTILE EXCHANGE,2014-05-13,26986,53023,-1058.0,-6621.0,121632,-655.0,-26037,5563.0
CANADIAN DOLLAR - CHICAGO MERCANTILE EXCHANGE,2014-05-20,26500,53034,-486.0,11.0,121268,-364.0,-26534,-497.0
CANADIAN DOLLAR - CHICAGO MERCANTILE EXCHANGE,2014-05-27,32581,54391,6081.0,1357.0,129989,8721.0,-21810,4724.0
CANADIAN DOLLAR - CHICAGO MERCANTILE EXCHANGE,2014-06-03,32519,55250,-62.0,859.0,130275,286.0,-22731,-921.0
CANADIAN DOLLAR - CHICAGO MERCANTILE EXCHANGE,2014-06-10,30303,54411,-2216.0,-839.0,125832,-4443.0,-24108,-1377.0
CANADIAN DOLLAR - CHICAGO MERCANTILE EXCHANGE,2014-06-17,34582,56115,4279.0,1704.0,132209,6377.0,-21533,2575.0
CANADIAN DOLLAR - CHICAGO MERCANTILE EXCHANGE,2014-06-24,40595,45915,6013.0,-10200.0,103193,-29016.0,-5320,16213.0
CANADIAN DOLLAR - CHICAGO MERCANTILE EXCHANGE,2014-07-01,44755,42060,4160.0,-3855.0,111438,8245.0,2695,8015.0
CANADIAN DOLLAR - CHICAGO MERCANTILE EXCHANGE,2014-07-08,58245,47950,13490.0,5890.0,128555,17117.0,10295,7600.0
CANADIAN DOLLAR - CHICAGO MERCANTILE EXCHANGE,2014-07-15,60353,44732,2108.0,-3218.0,129787,1232.0,15621,5326.0
CANADIAN DOLLAR - CHICAGO MERCANTILE EXCHANGE,2014-07-22,62078,41497,1725.0,-3235.0,129188,-599.0,20581,4960.0
CANADIAN DOLLAR - CHICAGO MERCANTILE EXCHANGE,2014-07-29,56459,33768,-5619.0,-7729.0,122619,-6569.0,22691,2110.0
CANADIAN DOLLAR - CHICAGO MERCANTILE EXCHANGE,2014-08-05,48944,27489,-7515.0,-6279.0,115261,-7358.0,21455,-1236.0
CANADIAN DOLLAR - CHICAGO MERCANTILE EXCHANGE,2014-08-12,44053,26055,-4891.0,-1434.0,108979,-6282.0,17998,-3457.0
CANADIAN DOLLAR - CHICAGO MERCANTILE EXCHANGE,2014-08-19,41844,34563,-2209.0,8508.0,113301,4322.0,7281,-10717.0
CANADIAN DOLLAR - CHICAGO MERCANTILE EXCHANGE,2014-08-26,38522,32859,-3322.0,-1704.0,108441,-4860.0,5663,-1618.0
CANADIAN DOLLAR - CHICAGO MERCANTILE EXCHANGE,2014-09-02,35333,26142,-3189.0,-6717.0,105984,-2457.0,9191,3528.0
CANADIAN DOLLAR - CHICAGO MERCANTILE EXCHANGE,2014-09-09,33400,21770,-1933.0,-4372.0,102951,-3033.0,11630,2439.0
CANADIAN DOLLAR - CHICAGO MERCANTILE EXCHANGE,2014-09-16,37347,29803,3947.0,8033.0,110275,7324.0,7544,-4086.0
CANADIAN DOLLAR - CHICAGO MERCANTILE EXCHANGE,2014-09-23,27673,24609,-9674.0,-5194.0,76530,-33745.0,3064,-4480.0
CANADIAN DOLLAR - CHICAGO MERCANTILE EXCHANGE,2014-09-30,33014,37580,5341.0,12971.0,89376,12846.0,-4566,-7630.0
CANADIAN DOLLAR - CHICAGO MERCANTILE EXCHANGE,2014-10-07,39174,46626,6160.0,9046.0,100900,11524.0,-7452,-2886.0
CANADIAN DOLLAR - CHICAGO MERCANTILE EXCHANGE,2014-10-14,35688,51855,-3486.0,5229.0,104060,3160.0,-16167,-8715.0
CANADIAN DOLLAR - CHICAGO MERCANTILE EXCHANGE,2014-10-21,28837,50371,-6851.0,-1484.0,102170,-1890.0,-21534,-5367.0
CANADIAN DOLLAR - CHICAGO MERCANTILE EXCHANGE,2014-10-28,26093,47498,-2744.0,-2873.0,99309,-2861.0,-21405,129.0
CANADIAN DOLLAR - CHICAGO MERCANTILE EXCHANGE,2014-11-04,29627,49042,3534.0,1544.0,104720,5411.0,-19415,1990.0
CANADIAN DOLLAR - CHICAGO MERCANTILE EXCHANGE,2014-11-11,32668,54514,3041.0,5472.0,108445,3725.0,-21846,-2431.0
CANADIAN DOLLAR - CHICAGO MERCANTILE EXCHANGE,2014-11-18,32082,51599,-586.0,-2915.0,106914,-1531.0,-19517,2329.0
CANADIAN DOLLAR - CHICAGO MERCANTILE EXCHANGE,2014-11-25,32106,48447,24.0,-3152.0,102393,-4521.0,-16341,3176.0
CANADIAN DOLLAR - CHICAGO MERCANTILE EXCHANGE,2014-12-02,28533,46922,-3573.0,-1525.0,101752,-641.0,-18389,-2048.0
CANADIAN DOLLAR - CHICAGO MERCANTILE EXCHANGE,2014-12-09,33406,47768,4873.0,846.0,109650,7898.0,-14362,4027.0
CANADIAN DOLLAR - CHICAGO MERCANTILE EXCHANGE,2014-12-16,32397,48091,-1009.0,323.0,129475,19825.0,-15694,-1332.0
CANADIAN DOLLAR - CHICAGO MERCANTILE EXCHANGE,2014-12-23,33904,46091,1507.0,-2000.0,98477,-30998.0,-12187,3507.0
CANADIAN DOLLAR - CHICAGO MERCANTILE EXCHANGE,2014-12-30,32726,46759,-1178.0,668.0,97308,-1169.0,-14033,-1846.0
CANADIAN DOLLAR - CHICAGO MERCANTILE EXCHANGE,2015-01-06,31275,48362,-1451.0,1603.0,103775,6467.0,-17087,-3054.0
CANADIAN DOLLAR - CHICAGO MERCANTILE EXCHANGE,2015-01-13,27599,48778,-3676.0,416.0,105003,1228.0,-21179,-4092.0
CANADIAN DOLLAR - CHICAGO MERCANTILE EXCHANGE,2015-01-20,24238,53318,-3361.0,4540.0,111631,6628.0,-29080,-7901.0
CANADIAN DOLLAR - CHICAGO MERCANTILE EXCHANGE,2015-01-27,28914,52877,4676.0,-441.0,112718,1087.0,-23963,5117.0
CANADIAN DOLLAR - CHICAGO MERCANTILE EXCHANGE,2015-02-03,24553,51874,-4361.0,-1003.0,113662,944.0,-27321,-3358.0
CANADIAN DOLLAR - CHICAGO MERCANTILE EXCHANGE,2015-02-10,21176,54509,-3377.0,2635.0,115744,2082.0,-33333,-6012.0
CANADIAN DOLLAR - CHICAGO MERCANTILE EXCHANGE,2015-02-17,19998,52840,-1178.0,-1669.0,111614,-4130.0,-32842,491.0
CANADIAN DOLLAR - CHICAGO MERCANTILE EXCHANGE,2015-02-24,22423,58668,2425.0,5828.0,118014,6400.0,-36245,-3403.0
CANADIAN DOLLAR - CHICAGO MERCANTILE EXCHANGE,2015-03-03,24332,63195,1909.0,4527.0,121344,3330.0,-38863,-2618.0
CANADIAN DOLLAR - CHICAGO MERCANTILE EXCHANGE,2015-03-10,22011,61041,-2321.0,-2154.0,146639,25295.0,-39030,-167.0
CANADIAN DOLLAR - CHICAGO MERCANTILE EXCHANGE,2015-03-17,21001,53823,-1010.0,-7218.0,158576,11937.0,-32822,6208.0
CANADIAN DOLLAR - CHICAGO MERCANTILE EXCHANGE,2015-03-24,19193,51849,-1808.0,-1974.0,106731,-51845.0,-32656,166.0
CANADIAN DOLLAR - CHICAGO MERCANTILE EXCHANGE,2015-03-31,18771,48389,-422.0,-3460.0,110447,3716.0,-29618,3038.0
CANADIAN DOLLAR - CHICAGO MERCANTILE EXCHANGE,2015-04-07,22081,52100,3310.0,3711.0,114881,4434.0,-30019,-401.0
CANADIAN DOLLAR - CHICAGO MERCANTILE EXCHANGE,2015-04-14,23020,53598,939.0,1498.0,118686,3805.0,-30578,-559.0
CANADIAN DOLLAR - CHICAGO MERCANTILE EXCHANGE,2015-04-21,33343,60394,10323.0,6796.0,126801,8115.0,-27051,3527.0
CANADIAN DOLLAR - CHICAGO MERCANTILE EXCHANGE,2015-04-28,33858,54767,515.0,-5627.0,128938,2137.0,-20909,6142.0
CANADIAN DOLLAR - CHICAGO MERCANTILE EXCHANGE,2015-05-05,30028,40108,-3830.0,-14659.0,122108,-6830.0,-10080,10829.0
CANADIAN DOLLAR - CHICAGO MERCANTILE EXCHANGE,2015-05-12,29133,33115,-895.0,-6993.0,123908,1800.0,-3982,6098.0
CANADIAN DOLLAR - CHICAGO MERCANTILE EXCHANGE,2015-05-19,25184,20836,-3949.0,-12279.0,117811,-6097.0,4348,8330.0
CANADIAN DOLLAR - CHICAGO MERCANTILE EXCHANGE,2015-05-26,30695,23362,5511.0,2526.0,121908,4097.0,7333,2985.0
CANADIAN DOLLAR - CHICAGO MERCANTILE EXCHANGE,2015-06-02,30095,31120,-600.0,7758.0,123127,1219.0,-1025,-8358.0
CANADIAN DOLLAR - CHICAGO MERCANTILE EXCHANGE,2015-06-09,21004,34749,-9091.0,3629.0,118799,-4328.0,-13745,-12720.0
CANADIAN DOLLAR - CHICAGO MERCANTILE EXCHANGE,2015-06-16,22484,34765,1480.0,16.0,118620,-179.0,-12281,1464.0
CANADIAN DOLLAR - CHICAGO MERCANTILE EXCHANGE,2015-06-23,18270,35849,-4214.0,1084.0,81380,-37240.0,-17579,-5298.0
CANADIAN DOLLAR - CHICAGO MERCANTILE EXCHANGE,2015-06-30,23105,46555,4835.0,10706.0,91797,10417.0,-23450,-5871.0
CANADIAN DOLLAR - CHICAGO MERCANTILE EXCHANGE,2015-07-07,35928,68196,12823.0,21641.0,120095,28298.0,-32268,-8818.0
CANADIAN DOLLAR - CHICAGO MERCANTILE EXCHANGE,2015-07-14,38177,78903,2249.0,10707.0,138431,18336.0,-40726,-8458.0
CANADIAN DOLLAR - CHICAGO MERCANTILE EXCHANGE,2015-07-21,41443,85011,3266.0,6108.0,153762,15331.0,-43568,-2842.0
CANADIAN DOLLAR - CHICAGO MERCANTILE EXCHANGE,2015-07-28,35195,91262,-6248.0,6251.0,162118,8356.0,-56067,-12499.0
CANADIAN DOLLAR - CHICAGO MERCANTILE EXCHANGE,2015-08-04,33993,98173,-1202.0,6911.0,170087,7969.0,-64180,-8113.0
CANADIAN DOLLAR - CHICAGO MERCANTILE EXCHANGE,2015-08-11,28546,95951,-5447.0,-2222.0,172252,2165.0,-67405,-3225.0
CANADIAN DOLLAR - CHICAGO MERCANTILE EXCHANGE,2015-08-18,21407,88201,-7139.0,-7750.0,161743,-10509.0,-66794,611.0
CANADIAN DOLLAR - CHICAGO MERCANTILE EXCHANGE,2015-08-25,29555,89267,8148.0,1066.0,168819,7076.0,-59712,7082.0
CANADIAN DOLLAR - CHICAGO MERCANTILE EXCHANGE,2015-09-01,28964,84083,-591.0,-5184.0,161893,-6926.0,-55119,4593.0
CANADIAN DOLLAR - CHICAGO MERCANTILE EXCHANGE,2015-09-08,29506,78146,542.0,-5937.0,159492,-2401.0,-48640,6479.0
CANADIAN DOLLAR - CHICAGO MERCANTILE EXCHANGE,2015-09-15,28509,75592,-997.0,-2554.0,188043,28551.0,-47083,1557.0
CANADIAN DOLLAR - CHICAGO MERCANTILE EXCHANGE,2015-09-22,40901,79295,12392.0,3703.0,136213,-51830.0,-38394,8689.0
CANADIAN DOLLAR - CHICAGO MERCANTILE EXCHANGE,2015-09-29,36211,78446,-4690.0,-849.0,139431,3218.0,-42235,-3841.0
CANADIAN DOLLAR - CHICAGO MERCANTILE EXCHANGE,2015-10-06,29276,64286,-6935.0,-14160.0,121676,-17755.0,-35010,7225.0
CANADIAN DOLLAR - CHICAGO MERCANTILE EXCHANGE,2015-10-13,28207,62156,-1069.0,-2130.0,116800,-4876.0,-33949,1061.0
CANADIAN DOLLAR - CHICAGO MERCANTILE EXCHANGE,2015-10-20,31368,58480,3161.0,-3676.0,121148,4348.0,-27112,6837.0
CANADIAN DOLLAR - CHICAGO MERCANTILE EXCHANGE,2015-10-27,34134,53029,2766.0,-5451.0,122885,1737.0,-18895,8217.0
CANADIAN DOLLAR - CHICAGO MERCANTILE EXCHANGE,2015-11-03,32017,51508,-2117.0,-1521.0,119629,-3256.0,-19491,-596.0
CANADIAN DOLLAR - CHICAGO MERCANTILE EXCHANGE,2015-11-10,45787,63694,13770.0,12186.0,134360,14731.0,-17907,1584.0
CANADIAN DOLLAR - CHICAGO MERCANTILE EXCHANGE,2015-11-17,45589,73941,-198.0,10247.0,141785,7425.0,-28352,-10445.0
CANADIAN DOLLAR - CHICAGO MERCANTILE EXCHANGE,2015-11-24,41304,79921,-4285.0,5980.0,143742,1957.0,-38617,-10265.0
CANADIAN DOLLAR - CHICAGO MERCANTILE EXCHANGE,2015-12-01,38349,77329,-2955.0,-2592.0,145547,1805.0,-38980,-363.0
CANADIAN DOLLAR - CHICAGO MERCANTILE EXCHANGE,2015-12-08,48776,88914,10427.0,11585.0,162857,17310.0,-40138,-1158.0
CANADIAN DOLLAR - CHICAGO MERCANTILE EXCHANGE,2015-12-15,44262,95271,-4514.0,6357.0,189775,26918.0,-51009,-10871.0
CANADIAN DOLLAR - CHICAGO MERCANTILE EXCHANGE,2015-12-22,43455,99482,-807.0,4211.0,163581,-26194.0,-56027,-5018.0
CANADIAN DOLLAR - CHICAGO MERCANTILE EXCHANGE,2015-12-29,47598,108385,4143.0,8903.0,172137,8556.0,-60787,-4760.0
CANADIAN DOLLAR - CHICAGO MERCANTILE EXCHANGE,2016-01-05,40898,101028,-6700.0,-7357.0,166610,-5527.0,-60130,657.0
CANADIAN DOLLAR - CHICAGO MERCANTILE EXCHANGE,2016-01-12,38837,98051,-2061.0,-2977.0,166273,-337.0,-59214,916.0
CANADIAN DOLLAR - CHICAGO MERCANTILE EXCHANGE,2016-01-19,33064,99450,-5773.0,1399.0,165344,-929.0,-66386,-7172.0
CANADIAN DOLLAR - CHICAGO MERCANTILE EXCHANGE,2016-01-26,32767,99586,-297.0,136.0,165240,-104.0,-66819,-433.0
CANADIAN DOLLAR - CHICAGO MERCANTILE EXCHANGE,2016-02-02,30069,82489,-2698.0,-17097.0,157362,-7878.0,-52420,14399.0
CANADIAN DOLLAR - CHICAGO MERCANTILE EXCHANGE,2016-02-09,27279,79214,-2790.0,-3275.0,157150,-212.0,-51935,485.0
CANADIAN DOLLAR - CHICAGO MERCANTILE EXCHANGE,2016-02-16,29077,74162,1798.0,-5052.0,158608,1458.0,-45085,6850.0
CANADIAN DOLLAR - CHICAGO MERCANTILE EXCHANGE,2016-02-23,31487,68427,2410.0,-5735.0,157921,-687.0,-36940,8145.0
CANADIAN DOLLAR - CHICAGO MERCANTILE EXCHANGE,2016-03-01,31018,61496,-469.0,-6931.0,159107,1186.0,-30478,6462.0
CANADIAN DOLLAR - CHICAGO MERCANTILE EXCHANGE,2016-03-08,30550,56331,-468.0,-5165.0,174347,15240.0,-25781,4697.0
CANADIAN DOLLAR - CHICAGO MERCANTILE EXCHANGE,2016-03-15,31584,48410,1034.0,-7921.0,169228,-5119.0,-16826,8955.0
CANADIAN DOLLAR - CHICAGO MERCANTILE EXCHANGE,2016-03-22,21807,36816,-9777.0,-11594.0,98997,-70231.0,-15009,1817.0
CANADIAN DOLLAR - CHICAGO MERCANTILE EXCHANGE,2016-03-29,28146,34326,6339.0,-2490.0,101099,2102.0,-6180,8829.0
CANADIAN DOLLAR - CHICAGO MERCANTILE EXCHANGE,2016-04-05,29565,29468,1419.0,-4858.0,105335,4236.0,97,6277.0
CANADIAN DOLLAR - CHICAGO MERCANTILE EXCHANGE,2016-04-12,28968,26583,-597.0,-2885.0,107755,2420.0,2385,2288.0
CANADIAN DOLLAR - CHICAGO MERCANTILE EXCHANGE,2016-04-19,32473,25165,3505.0,-1418.0,114198,6443.0,7308,4923.0
CANADIAN DOLLAR - CHICAGO MERCANTILE EXCHANGE,2016-04-26,37104,25105,4631.0,-60.0,121080,6882.0,11999,4691.0
CANADIAN DOLLAR - CHICAGO MERCANTILE EXCHANGE,2016-05-03,39840,20897,2736.0,-4208.0,123864,2784.0,18943,6944.0
CANADIAN DOLLAR - CHICAGO MERCANTILE EXCHANGE,2016-05-10,42040,16166,2200.0,-4731.0,124765,901.0,25874,6931.0
CANADIAN DOLLAR - CHICAGO MERCANTILE EXCHANGE,2016-05-17,37009,14303,-5031.0,-1863.0,124370,-395.0,22706,-3168.0
CANADIAN DOLLAR - CHICAGO MERCANTILE EXCHANGE,2016-05-24,32834,12787,-4175.0,-1516.0,123789,-581.0,20047,-2659.0
CANADIAN DOLLAR - CHICAGO MERCANTILE EXCHANGE,2016-05-31,38753,12494,5919.0,-293.0,126518,2729.0,26259,6212.0
CANADIAN DOLLAR - CHICAGO MERCANTILE EXCHANGE,2016-06-07,37421,15884,-1332.0,3390.0,135330,8812.0,21537,-4722.0
CANADIAN DOLLAR - CHICAGO MERCANTILE EXCHANGE,2016-06-14,42394,23954,4973.0,8070.0,177711,42381.0,18440,-3097.0
CANADIAN DOLLAR - CHICAGO MERCANTILE EXCHANGE,2016-06-21,40664,38069,-1730.0,14115.0,118157,-59554.0,2595,-15845.0
CANADIAN DOLLAR - CHICAGO MERCANTILE EXCHANGE,2016-06-28,38675,30726,-1989.0,-7343.0,114425,-3732.0,7949,5354.0
CANADIAN DOLLAR - CHICAGO MERCANTILE EXCHANGE,2016-07-05,41031,29514,2356.0,-1212.0,116494,2069.0,11517,3568.0
CANADIAN DOLLAR - CHICAGO MERCANTILE EXCHANGE,2016-07-12,39963,22788,-1068.0,-6726.0,114230,-2264.0,17175,5658.0
CANADIAN DOLLAR - CHICAGO MERCANTILE EXCHANGE,2016-07-19,43086,21018,3123.0,-1770.0,117603,3373.0,22068,4893.0
CANADIAN DOLLAR - CHICAGO MERCANTILE EXCHANGE,2016-07-26,44023,20843,937.0,-175.0,118079,476.0,23180,1112.0
CANADIAN DOLLAR - CHICAGO MERCANTILE EXCHANGE,2016-08-02,41711,23953,-2312.0,3110.0,115825,-2254.0,17758,-5422.0
CANADIAN DOLLAR - CHICAGO MERCANTILE EXCHANGE,2016-08-09,43647,28281,1936.0,4328.0,115796,-29.0,15366,-2392.0
CANADIAN DOLLAR - CHICAGO MERCANTILE EXCHANGE,2016-08-16,46118,33645,2471.0,5364.0,124610,8814.0,12473,-2893.0
CANADIAN DOLLAR - CHICAGO MERCANTILE EXCHANGE,2016-08-23,50097,33363,3979.0,-282.0,131618,7008.0,16734,4261.0
CANADIAN DOLLAR - CHICAGO MERCANTILE EXCHANGE,2016-08-30,46808,24408,-3289.0,-8955.0,125716,-5902.0,22400,5666.0
CANADIAN DOLLAR - CHICAGO MERCANTILE EXCHANGE,2016-09-06,44136,23231,-2672.0,-1177.0,122747,-2969.0,20905,-1495.0
CANADIAN DOLLAR - CHICAGO MERCANTILE EXCHANGE,2016-09-13,45790,28732,1654.0,5501.0,124676,1929.0,17058,-3847.0
CANADIAN DOLLAR - CHICAGO MERCANTILE EXCHANGE,2016-09-20,57216,40913,11426.0,12181.0,137204,12528.0,16303,-755.0
CANADIAN DOLLAR - CHICAGO MERCANTILE EXCHANGE,2016-09-27,34579,46194,-22637.0,5281.0,105130,-32074.0,-11615,-27918.0
CANADIAN DOLLAR - CHICAGO MERCANTILE EXCHANGE,2016-10-04,32585,46662,-1994.0,468.0,104219,-911.0,-14077,-2462.0
CANADIAN DOLLAR - CHICAGO MERCANTILE EXCHANGE,2016-10-11,30809,42513,-1776.0,-4149.0,104002,-217.0,-11704,2373.0
CANADIAN DOLLAR - CHICAGO MERCANTILE EXCHANGE,2016-10-18,23679,37977,-7130.0,-4536.0,95793,-8209.0,-14298,-2594.0
CANADIAN DOLLAR - CHICAGO MERCANTILE EXCHANGE,2016-10-25,33274,46598,9595.0,8621.0,113501,17708.0,-13324,974.0
CANADIAN DOLLAR - CHICAGO MERCANTILE EXCHANGE,2016-11-01,35723,51683,2449.0,5085.0,121156,7655.0,-15960,-2636.0
CANADIAN DOLLAR - CHICAGO MERCANTILE EXCHANGE,2016-11-08,32850,54162,-2873.0,2479.0,120993,-163.0,-21312,-5352.0
CANADIAN DOLLAR - CHICAGO MERCANTILE EXCHANGE,2016-11-15,34293,52892,1443.0,-1270.0,125532,4539.0,-18599,2713.0
CANADIAN DOLLAR - CHICAGO MERCANTILE EXCHANGE,2016-11-22,28260,45722,-6033.0,-7170.0,118667,-6865.0,-17462,1137.0
CANADIAN DOLLAR - CHICAGO MERCANTILE EXCHANGE,2016-11-29,25010,43586,-3250.0,-2136.0,114416,-4251.0,-18576,-1114.0
CANADIAN DOLLAR - CHICAGO MERCANTILE EXCHANGE,2016-12-06,21538,39696,-3472.0,-3890.0,107289,-7127.0,-18158,418.0
CANADIAN DOLLAR - CHICAGO MERCANTILE EXCHANGE,2016-12-13,24035,45904,2497.0,6208.0,114265,6976.0,-21869,-3711.0
CANADIAN DOLLAR - CHICAGO MERCANTILE EXCHANGE,2016-12-20,22246,34000,-1789.0,-11904.0,106080,-8185.0,-11754,10115.0
CANADIAN DOLLAR - CHICAGO MERCANTILE EXCHANGE,2016-12-27,36597,38195,14351.0,4195.0,93212,-12868.0,-1598,10156.0
CANADIAN DOLLAR - CHICAGO MERCANTILE EXCHANGE,2017-01-03,39546,43417,2949.0,5222.0,98751,5539.0,-3871,-2273.0
CANADIAN DOLLAR - CHICAGO MERCANTILE EXCHANGE,2017-01-10,28405,36340,-11141.0,-7077.0,90632,-8119.0,-7935,-4064.0
CANADIAN DOLLAR - CHICAGO MERCANTILE EXCHANGE,2017-01-17,32064,37520,3659.0,1180.0,100307,9675.0,-5456,2479.0
CANADIAN DOLLAR - CHICAGO MERCANTILE EXCHANGE,2017-01-24,36175,33656,4111.0,-3864.0,99574,-733.0,2519,7975.0
CANADIAN DOLLAR - CHICAGO MERCANTILE EXCHANGE,2017-01-31,44939,41467,8764.0,7811.0,114274,14700.0,3472,953.0
CANADIAN DOLLAR - CHICAGO MERCANTILE EXCHANGE,2017-02-07,46127,37577,1188.0,-3890.0,118424,4150.0,8550,5078.0
CANADIAN DOLLAR - CHICAGO MERCANTILE EXCHANGE,2017-02-14,53152,33812,7025.0,-3765.0,125056,6632.0,19340,10790.0
CANADIAN DOLLAR - CHICAGO MERCANTILE EXCHANGE,2017-02-21,58780,34196,5628.0,384.0,131522,6466.0,24584,5244.0
CANADIAN DOLLAR - CHICAGO MERCANTILE EXCHANGE,2017-02-28,63125,33035,4345.0,-1161.0,135442,3920.0,30090,5506.0
CANADIAN DOLLAR - CHICAGO MERCANTILE EXCHANGE,2017-03-07,65616,36396,2491.0,3361.0,147601,12159.0,29220,-870.0
CANADIAN DOLLAR - CHICAGO MERCANTILE EXCHANGE,2017-03-14,74620,53162,9004.0,16766.0,176379,28778.0,21458,-7762.0
CANADIAN DOLLAR - CHICAGO MERCANTILE EXCHANGE,2017-03-21,30293,54696,-44327.0,1534.0,119123,-57256.0,-24403,-45861.0
CANADIAN DOLLAR - CHICAGO MERCANTILE EXCHANGE,2017-03-28,30419,58636,126.0,3940.0,121699,2576.0,-28217,-3814.0
CANADIAN DOLLAR - CHICAGO MERCANTILE EXCHANGE,2017-04-04,38535,68760,8116.0,10124.0,133688,11989.0,-30225,-2008.0
CANADIAN DOLLAR - CHICAGO MERCANTILE EXCHANGE,2017-04-11,31432,63766,-7103.0,-4994.0,126412,-7276.0,-32334,-2109.0
CANADIAN DOLLAR - CHICAGO MERCANTILE EXCHANGE,2017-04-18,37306,70558,5874.0,6792.0,136614,10202.0,-33252,-918.0
CANADIAN DOLLAR - CHICAGO MERCANTILE EXCHANGE,2017-04-25,52545,95187,15239.0,24629.0,165504,28890.0,-42642,-9390.0
CANADIAN DOLLAR - CHICAGO MERCANTILE EXCHANGE,2017-05-02,66565,114269,14020.0,19082.0,192692,27188.0,-47704,-5062.0
CANADIAN DOLLAR - CHICAGO MERCANTILE EXCHANGE,2017-05-09,47412,133627,-19153.0,19358.0,214946,22254.0,-86215,-38511.0
CANADIAN DOLLAR - CHICAGO MERCANTILE EXCHANGE,2017-05-16,39130,137130,-8282.0,3503.0,219483,4537.0,-98000,-11785.0
CANADIAN DOLLAR - CHICAGO MERCANTILE EXCHANGE,2017-05-23,29681,128790,-9449.0,-8340.0,208304,-11179.0,-99109,-1109.0
CANADIAN DOLLAR - CHICAGO MERCANTILE EXCHANGE,2017-05-30,23711,121898,-5970.0,-6892.0,200273,-8031.0,-98187,922.0
CANADIAN DOLLAR - CHICAGO MERCANTILE EXCHANGE,2017-06-06,26492,120993,2781.0,-905.0,210933,10660.0,-94501,3686.0
CANADIAN DOLLAR - CHICAGO MERCANTILE EXCHANGE,2017-06-13,26781,115376,289.0,-5617.0,204115,-6818.0,-88595,5906.0
CANADIAN DOLLAR - CHICAGO MERCANTILE EXCHANGE,2017-06-20,28507,111388,1726.0,-3988.0,219496,15381.0,-82881,5714.0
CANADIAN DOLLAR - CHICAGO MERCANTILE EXCHANGE,2017-06-27,28698,78193,191.0,-33195.0,143798,-75698.0,-49495,33386.0
CANADIAN DOLLAR - CHICAGO MERCANTILE EXCHANGE,2017-07-03,34300,73672,5602.0,-4521.0,145079,1281.0,-39372,10123.0
CANADIAN DOLLAR - CHICAGO MERCANTILE EXCHANGE,2017-07-11,46080,54684,11780.0,-18988.0,161065,15986.0,-8604,30768.0
CANADIAN DOLLAR - CHICAGO MERCANTILE EXCHANGE,2017-07-18,60000,51957,13920.0,-2727.0,169522,8457.0,8043,16647.0
CANADIAN DOLLAR - CHICAGO MERCANTILE EXCHANGE,2017-07-25,70385,43772,10385.0,-8185.0,177330,7808.0,26613,18570.0
CANADIAN DOLLAR - CHICAGO MERCANTILE EXCHANGE,2017-08-01,82885,42247,12500.0,-1525.0,190622,13292.0,40638,14025.0
CANADIAN DOLLAR - CHICAGO MERCANTILE EXCHANGE,2017-08-08,98237,35416,15352.0,-6831.0,205963,15341.0,62821,22183.0
CANADIAN DOLLAR - CHICAGO MERCANTILE EXCHANGE,2017-08-15,86455,35106,-11782.0,-310.0,192026,-13937.0,51349,-11472.0
CANADIAN DOLLAR - CHICAGO MERCANTILE EXCHANGE,2017-08-22,80965,29866,-5490.0,-5240.0,186960,-5066.0,51099,-250.0
CANADIAN DOLLAR - CHICAGO MERCANTILE EXCHANGE,2017-08-29,86806,33639,5841.0,3773.0,191798,4838.0,53167,2068.0
CANADIAN DOLLAR - CHICAGO MERCANTILE EXCHANGE,2017-09-05,94732,41088,7926.0,7449.0,203353,11555.0,53644,477.0
CANADIAN DOLLAR - CHICAGO MERCANTILE EXCHANGE,2017-09-12,91645,41146,-3087.0,58.0,227931,24578.0,50499,-3145.0
CANADIAN DOLLAR - CHICAGO MERCANTILE EXCHANGE,2017-09-19,100675,41829,9030.0,683.0,299169,71238.0,58846,8347.0
CANADIAN DOLLAR - CHICAGO MERCANTILE EXCHANGE,2017-09-26,102688,28083,2013.0,-13746.0,181913,-117256.0,74605,15759.0
CANADIAN DOLLAR - CHICAGO MERCANTILE EXCHANGE,2017-10-03,97204,22076,-5484.0,-6007.0,177263,-4650.0,75128,523.0
CANADIAN DOLLAR - CHICAGO MERCANTILE EXCHANGE,2017-10-10,97068,20676,-136.0,-1400.0,175817,-1446.0,76392,1264.0
CANADIAN DOLLAR - CHICAGO MERCANTILE EXCHANGE,2017-10-17,94507,19421,-2561.0,-1255.0,174347,-1470.0,75086,-1306.0
CANADIAN DOLLAR - CHICAGO MERCANTILE EXCHANGE,2017-10-24,96561,24229,2054.0,4808.0,172673,-1674.0,72332,-2754.0
CANADIAN DOLLAR - CHICAGO MERCANTILE EXCHANGE,2017-10-31,84309,26470,-12252.0,2241.0,157542,-15131.0,57839,-14493.0
CANADIAN DOLLAR - CHICAGO MERCANTILE EXCHANGE,2017-11-07,75460,24571,-8849.0,-1899.0,147706,-9836.0,50889,-6950.0
CANADIAN DOLLAR - CHICAGO MERCANTILE EXCHANGE,2017-11-14,70473,23138,-4987.0,-1433.0,143841,-3865.0,47335,-3554.0
CANADIAN DOLLAR - CHICAGO MERCANTILE EXCHANGE,2017-11-21,67324,22199,-3149.0,-939.0,143596,-245.0,45125,-2210.0
CANADIAN DOLLAR - CHICAGO MERCANTILE EXCHANGE,2017-11-28,67882,22224,558.0,25.0,145257,1661.0,45658,533.0
CANADIAN DOLLAR - CHICAGO MERCANTILE EXCHANGE,2017-12-05,66467,24001,-1415.0,1777.0,147099,1842.0,42466,-3192.0
CANADIAN DOLLAR - CHICAGO MERCANTILE EXCHANGE,2017-12-12,62198,20238,-4269.0,-3763.0,149275,2176.0,41960,-506.0
CANADIAN DOLLAR - CHICAGO MERCANTILE EXCHANGE,2017-12-19,68451,22550,6253.0,2312.0,155022,5747.0,45901,3941.0
CANADIAN DOLLAR - CHICAGO MERCANTILE EXCHANGE,2017-12-26,42372,25026,-26079.0,2476.0,116559,-38463.0,17346,-28555.0
CANADIAN DOLLAR - CHICAGO MERCANTILE EXCHANGE,2018-01-02,49297,34558,6925.0,9532.0,126829,10270.0,14739,-2607.0
CANADIAN DOLLAR - CHICAGO MERCANTILE EXCHANGE,2018-01-09,58581,41120,9284.0,6562.0,147839,21010.0,17461,2722.0
CANADIAN DOLLAR - CHICAGO MERCANTILE EXCHANGE,2018-01-16,61473,43917,2892.0,2797.0,160810,12971.0,17556,95.0
CANADIAN DOLLAR - CHICAGO MERCANTILE EXCHANGE,2018-01-23,69446,46889,7973.0,2972.0,168849,8039.0,22557,5001.0
CANADIAN DOLLAR - CHICAGO MERCANTILE EXCHANGE,2018-01-30,75296,41831,5850.0,-5058.0,176871,8022.0,33465,10908.0
CANADIAN DOLLAR - CHICAGO MERCANTILE EXCHANGE,2018-02-06,69492,29328,-5804.0,-12503.0,167890,-8981.0,40164,6699.0
CANADIAN DOLLAR - CHICAGO MERCANTILE EXCHANGE,2018-02-13,62535,30006,-6957.0,678.0,155262,-12628.0,32529,-7635.0
CANADIAN DOLLAR - CHICAGO MERCANTILE EXCHANGE,2018-02-20,49373,26246,-13162.0,-3760.0,144832,-10430.0,23127,-9402.0
CANADIAN DOLLAR - CHICAGO MERCANTILE EXCHANGE,2018-02-27,54279,32059,4906.0,5813.0,145351,519.0,22220,-907.0
CANADIAN DOLLAR - CHICAGO MERCANTILE EXCHANGE,2018-03-06,54233,34668,-46.0,2609.0,139318,-6033.0,19565,-2655.0
CANADIAN DOLLAR - CHICAGO MERCANTILE EXCHANGE,2018-03-13,59919,40499,5686.0,5831.0,154478,15160.0,19420,-145.0
CANADIAN DOLLAR - CHICAGO MERCANTILE EXCHANGE,2018-03-20,78744,54184,18825.0,13685.0,180240,25762.0,24560,5140.0
CANADIAN DOLLAR - CHICAGO MERCANTILE EXCHANGE,2018-03-27,33518,60568,-45226.0,6384.0,127568,-52672.0,-27050,-51610.0
CANADIAN DOLLAR - CHICAGO MERCANTILE EXCHANGE,2018-04-03,29558,61430,-3960.0,862.0,127509,-59.0,-31872,-4822.0
CANADIAN DOLLAR - CHICAGO MERCANTILE EXCHANGE,2018-04-10,28027,59699,-1531.0,-1731.0,124621,-2888.0,-31672,200.0
CANADIAN DOLLAR - CHICAGO MERCANTILE EXCHANGE,2018-04-17,28575,58899,548.0,-800.0,128174,3553.0,-30324,1348.0
CANADIAN DOLLAR - CHICAGO MERCANTILE EXCHANGE,2018-04-24,23559,48703,-5016.0,-10196.0,120406,-7768.0,-25144,5180.0
CANADIAN DOLLAR - CHICAGO MERCANTILE EXCHANGE,2018-05-01,25940,53475,2381.0,4772.0,121676,1270.0,-27535,-2391.0
CANADIAN DOLLAR - CHICAGO MERCANTILE EXCHANGE,2018-05-08,33156,57017,7216.0,3542.0,128877,7201.0,-23861,3674.0
CANADIAN DOLLAR - CHICAGO MERCANTILE EXCHANGE,2018-05-15,30419,54075,-2737.0,-2942.0,128708,-169.0,-23656,205.0
CANADIAN DOLLAR - CHICAGO MERCANTILE EXCHANGE,2018-05-22,23555,49767,-6864.0,-4308.0,136118,7410.0,-26212,-2556.0
CANADIAN DOLLAR - CHICAGO MERCANTILE EXCHANGE,2018-05-29,32696,48386,9141.0,-1381.0,147495,11377.0,-15690,10522.0
CANADIAN DOLLAR - CHICAGO MERCANTILE EXCHANGE,2018-06-05,35266,51305,2570.0,2919.0,158317,10822.0,-16039,-349.0
CANADIAN DOLLAR - CHICAGO MERCANTILE EXCHANGE,2018-06-12,30168,45156,-5098.0,-6149.0,156985,-1332.0,-14988,1051.0
CANADIAN DOLLAR - CHICAGO MERCANTILE EXCHANGE,2018-06-19,45738,59752,15570.0,14596.0,190384,33399.0,-14014,974.0
CANADIAN DOLLAR - CHICAGO MERCANTILE EXCHANGE,2018-06-26,40866,73665,-4872.0,13913.0,159233,-31151.0,-32799,-18785.0
CANADIAN DOLLAR - CHICAGO MERCANTILE EXCHANGE,2018-07-03,26934,76382,-13932.0,2717.0,158341,-892.0,-49448,-16649.0
CANADIAN DOLLAR - CHICAGO MERCANTILE EXCHANGE,2018-07-10,26586,79473,-348.0,3091.0,159504,1163.0,-52887,-3439.0
CANADIAN DOLLAR - CHICAGO MERCANTILE EXCHANGE,2018-07-17,25594,73078,-992.0,-6395.0,157927,-1577.0,-47484,5403.0
CANADIAN DOLLAR - CHICAGO MERCANTILE EXCHANGE,2018-07-24,20084,64595,-5510.0,-8483.0,151441,-6486.0,-44511,2973.0
CANADIAN DOLLAR - CHICAGO MERCANTILE EXCHANGE,2018-07-31,23679,55248,3595.0,-9347.0,140253,-11188.0,-31569,12942.0
CANADIAN DOLLAR - CHICAGO MERCANTILE EXCHANGE,2018-08-07,33269,58167,9590.0,2919.0,144934,4681.0,-24898,6671.0
CANADIAN DOLLAR - CHICAGO MERCANTILE EXCHANGE,2018-08-14,30627,56825,-2642.0,-1342.0,144705,-229.0,-26198,-1300.0
CANADIAN DOLLAR - CHICAGO MERCANTILE EXCHANGE,2018-08-21,32271,59292,1644.0,2467.0,145677,972.0,-27021,-823.0
CANADIAN DOLLAR - CHICAGO MERCANTILE EXCHANGE,2018-08-28,34111,58900,1840.0,-392.0,147679,2002.0,-24789,2232.0
CANADIAN DOLLAR - CHICAGO MERCANTILE EXCHANGE,2018-09-04,34748,61055,637.0,2155.0,151238,3559.0,-26307,-1518.0
CANADIAN DOLLAR - CHICAGO MERCANTILE EXCHANGE,2018-09-11,30506,57448,-4242.0,-3607.0,158974,7736.0,-26942,-635.0
CANADIAN DOLLAR - CHICAGO MERCANTILE EXCHANGE,2018-09-18,25979,56090,-4527.0,-1358.0,150538,-8436.0,-30111,-3169.0
CANADIAN DOLLAR - CHICAGO MERCANTILE EXCHANGE,2018-09-25,31812,51344,5833.0,-4746.0,115727,-34811.0,-19532,10579.0
CANADIAN DOLLAR - CHICAGO MERCANTILE EXCHANGE,2018-10-02,41940,60424,10128.0,9080.0,127333,11606.0,-18484,1048.0
CANADIAN DOLLAR - CHICAGO MERCANTILE EXCHANGE,2018-10-09,38867,51012,-3073.0,-9412.0,121489,-5844.0,-12145,6339.0
CANADIAN DOLLAR - CHICAGO MERCANTILE EXCHANGE,2018-10-16,32202,43221,-6665.0,-7791.0,115386,-6103.0,-11019,1126.0
CANADIAN DOLLAR - CHICAGO MERCANTILE EXCHANGE,2018-10-23,32031,39259,-171.0,-3962.0,118053,2667.0,-7228,3791.0
CANADIAN DOLLAR - CHICAGO MERCANTILE EXCHANGE,2018-10-30,29436,39091,-2595.0,-168.0,118508,455.0,-9655,-2427.0
CANADIAN DOLLAR - CHICAGO MERCANTILE EXCHANGE,2018-11-06,33753,36385,4317.0,-2706.0,116284,-2224.0,-2632,7023.0
CANADIAN DOLLAR - CHICAGO MERCANTILE EXCHANGE,2018-11-13,36773,39564,3020.0,3179.0,121999,5715.0,-2791,-159.0
CANADIAN DOLLAR - CHICAGO MERCANTILE EXCHANGE,2018-11-20,39059,45348,2286.0,5784.0,140651,18652.0,-6289,-3498.0
CANADIAN DOLLAR - CHICAGO MERCANTILE EXCHANGE,2018-11-27,41427,50057,2368.0,4709.0,145122,4471.0,-8630,-2341.0
CANADIAN DOLLAR - CHICAGO MERCANTILE EXCHANGE,2018-12-04,38736,51672,-2691.0,1615.0,156750,11628.0,-12936,-4306.0
CANADIAN DOLLAR - CHICAGO MERCANTILE EXCHANGE,2018-12-11,41672,53341,2936.0,1669.0,161530,4780.0,-11669,1267.0
CANADIAN DOLLAR - CHICAGO MERCANTILE EXCHANGE,2018-12-18,51566,59023,9894.0,5682.0,191476,29946.0,-7457,4212.0
CANADIAN DOLLAR - CHICAGO MERCANTILE EXCHANGE,2018-12-24,27887,72579,-23679.0,13556.0,159195,-32281.0,-44692,-37235.0
CANADIAN DOLLAR - CHICAGO MERCANTILE EXCHANGE,2018-12-31,34330,84979,6443.0,12400.0,170168,10973.0,-50649,-5957.0
CANADIAN DOLLAR - CHICAGO MERCANTILE EXCHANGE,2019-01-08,19287,85289,-15043.0,310.0,167005,-3163.0,-66002,-15353.0
CANADIAN DOLLAR - CHICAGO MERCANTILE EXCHANGE,2019-01-15,17006,76530,-2281.0,-8759.0,155691,-11314.0,-59524,6478.0
CANADIAN DOLLAR - CHICAGO MERCANTILE EXCHANGE,2019-01-22,16727,72823,-279.0,-3707.0,151010,-4681.0,-56096,3428.0
CANADIAN DOLLAR - CHICAGO MERCANTILE EXCHANGE,2019-01-29,16523,72913,-204.0,90.0,151146,136.0,-56390,-294.0
CANADIAN DOLLAR - CHICAGO MERCANTILE EXCHANGE,2019-02-05,19808,61845,3285.0,-11068.0,141538,-9608.0,-42037,14353.0
CANADIAN DOLLAR - CHICAGO MERCANTILE EXCHANGE,2019-02-12,21433,58970,1625.0,-2875.0,141172,-366.0,-37537,4500.0
CANADIAN DOLLAR - CHICAGO MERCANTILE EXCHANGE,2019-02-19,22989,59426,1556.0,456.0,142620,1448.0,-36437,1100.0
CANADIAN DOLLAR - CHICAGO MERCANTILE EXCHANGE,2019-02-26,21553,60730,-1436.0,1304.0,147621,5001.0,-39177,-2740.0
CANADIAN DOLLAR - CHICAGO MERCANTILE EXCHANGE,2019-03-05,18210,58654,-3343.0,-2076.0,146552,-1069.0,-40444,-1267.0
CANADIAN DOLLAR - CHICAGO MERCANTILE EXCHANGE,2019-03-12,20276,61329,2066.0,2675.0,159939,13387.0,-41053,-609.0
CANADIAN DOLLAR - CHICAGO MERCANTILE EXCHANGE,2019-03-19,16267,64041,-4009.0,2712.0,167282,7343.0,-47774,-6721.0
CANADIAN DOLLAR - CHICAGO MERCANTILE EXCHANGE,2019-03-26,21194,60765,4927.0,-3276.0,144311,-22971.0,-39571,8203.0
CANADIAN DOLLAR - CHICAGO MERCANTILE EXCHANGE,2019-04-02,24619,68942,3425.0,8177.0,151140,6829.0,-44323,-4752.0
CANADIAN DOLLAR - CHICAGO MERCANTILE EXCHANGE,2019-04-09,24681,67883,62.0,-1059.0,149544,-1596.0,-43202,1121.0
CANADIAN DOLLAR - CHICAGO MERCANTILE EXCHANGE,2019-04-16,18256,67418,-6425.0,-465.0,145041,-4503.0,-49162,-5960.0
CANADIAN DOLLAR - CHICAGO MERCANTILE EXCHANGE,2019-04-23,23222,70715,4966.0,3297.0,152998,7957.0,-47493,1669.0
CANADIAN DOLLAR - CHICAGO MERCANTILE EXCHANGE,2019-04-30,19445,66190,-3777.0,-4525.0,154565,1567.0,-46745,748.0
CANADIAN DOLLAR - CHICAGO MERCANTILE EXCHANGE,2019-05-07,20117,66232,672.0,42.0,151258,-3307.0,-46115,630.0
CANADIAN DOLLAR - CHICAGO MERCANTILE EXCHANGE,2019-05-14,18457,66045,-1660.0,-187.0,148058,-3200.0,-47588,-1473.0
CANADIAN DOLLAR - CHICAGO MERCANTILE EXCHANGE,2019-05-21,16282,58518,-2175.0,-7527.0,140682,-7376.0,-42236,5352.0
CANADIAN DOLLAR - CHICAGO MERCANTILE EXCHANGE,2019-05-28,15878,55301,-404.0,-3217.0,140449,-233.0,-39423,2813.0
CANADIAN DOLLAR - CHICAGO MERCANTILE EXCHANGE,2019-06-04,15330,57089,-548.0,1788.0,151970,11521.0,-41759,-2336.0
CANADIAN DOLLAR - CHICAGO MERCANTILE EXCHANGE,2019-06-11,25597,58437,10267.0,1348.0,159212,7242.0,-32840,8919.0
CANADIAN DOLLAR - CHICAGO MERCANTILE EXCHANGE,2019-06-18,19796,57867,-5801.0,-570.0,160795,1583.0,-38071,-5231.0
CANADIAN DOLLAR - CHICAGO MERCANTILE EXCHANGE,2019-06-25,24750,39540,4954.0,-18327.0,137543,-23252.0,-14790,23281.0
CANADIAN DOLLAR - CHICAGO MERCANTILE EXCHANGE,2019-07-02,45057,38764,20307.0,-776.0,157998,20455.0,6293,21083.0
CANADIAN DOLLAR - CHICAGO MERCANTILE EXCHANGE,2019-07-09,48734,39508,3677.0,744.0,164842,6844.0,9226,2933.0
CANADIAN DOLLAR - CHICAGO MERCANTILE EXCHANGE,2019-07-16,63098,42134,14364.0,2626.0,182946,18104.0,20964,11738.0
CANADIAN DOLLAR - CHICAGO MERCANTILE EXCHANGE,2019-07-23,69694,38944,6596.0,-3190.0,187397,4451.0,30750,9786.0
CANADIAN DOLLAR - CHICAGO MERCANTILE EXCHANGE,2019-07-30,66305,44583,-3389.0,5639.0,182478,-4919.0,21722,-9028.0
CANADIAN DOLLAR - CHICAGO MERCANTILE EXCHANGE,2019-08-06,63598,39432,-2707.0,-5151.0,172657,-9821.0,24166,2444.0
CANADIAN DOLLAR - CHICAGO MERCANTILE EXCHANGE,2019-08-13,50065,35865,-13533.0,-3567.0,160861,-11796.0,14200,-9966.0
CANADIAN DOLLAR - CHICAGO MERCANTILE EXCHANGE,2019-08-20,47368,34331,-2697.0,-1534.0,155837,-5024.0,13037,-1163.0
CANADIAN DOLLAR - CHICAGO MERCANTILE EXCHANGE,2019-08-27,48292,37387,924.0,3056.0,158921,3084.0,10905,-2132.0
CANADIAN DOLLAR - CHICAGO MERCANTILE EXCHANGE,2019-09-03,48206,42857,-86.0,5470.0,167396,8475.0,5349,-5556.0
CANADIAN DOLLAR - CHICAGO MERCANTILE EXCHANGE,2019-09-10,54971,43448,6765.0,591.0,183058,15662.0,11523,6174.0
CANADIAN DOLLAR - CHICAGO MERCANTILE EXCHANGE,2019-09-17,62004,42181,7033.0,-1267.0,187795,4737.0,19823,8300.0
CANADIAN DOLLAR - CHICAGO MERCANTILE EXCHANGE,2019-09-24,40323,35731,-21681.0,-6450.0,123017,-64778.0,4592,-15231.0
CANADIAN DOLLAR - CHICAGO MERCANTILE EXCHANGE,2019-10-01,46303,39976,5980.0,4245.0,130937,7920.0,6327,1735.0
CANADIAN DOLLAR - CHICAGO MERCANTILE EXCHANGE,2019-10-08,49071,43758,2768.0,3782.0,136105,5168.0,5313,-1014.0
CANADIAN DOLLAR - CHICAGO MERCANTILE EXCHANGE,2019-10-15,58007,45046,8936.0,1288.0,149079,12974.0,12961,7648.0
CANADIAN DOLLAR - CHICAGO MERCANTILE EXCHANGE,2019-10-22,71410,38017,13403.0,-7029.0,170305,21226.0,33393,20432.0
CANADIAN DOLLAR - CHICAGO MERCANTILE EXCHANGE,2019-10-29,81982,38393,10572.0,376.0,189971,19666.0,43589,10196.0
CANADIAN DOLLAR - CHICAGO MERCANTILE EXCHANGE,2019-11-05,87774,33772,5792.0,-4621.0,192882,2911.0,54002,10413.0
CANADIAN DOLLAR - CHICAGO MERCANTILE EXCHANGE,2019-11-12,73671,31298,-14103.0,-2474.0,182793,-10089.0,42373,-11629.0
CANADIAN DOLLAR - CHICAGO MERCANTILE EXCHANGE,2019-11-19,65040,36175,-8631.0,4877.0,172759,-10034.0,28865,-13508.0
CANADIAN DOLLAR - CHICAGO MERCANTILE EXCHANGE,2019-11-26,60930,40586,-4110.0,4411.0,167350,-5409.0,20344,-8521.0
CANADIAN DOLLAR - CHICAGO MERCANTILE EXCHANGE,2019-12-03,64040,42569,3110.0,1983.0,184060,16710.0,21471,1127.0
CANADIAN DOLLAR - CHICAGO MERCANTILE EXCHANGE,2019-12-10,55285,34544,-8755.0,-8025.0,169219,-14841.0,20741,-730.0
CANADIAN DOLLAR - CHICAGO MERCANTILE EXCHANGE,2019-12-17,47523,36332,-7762.0,1788.0,189458,20239.0,11191,-9550.0
CANADIAN DOLLAR - CHICAGO MERCANTILE EXCHANGE,2019-12-24,51478,42981,3955.0,6649.0,158666,-30792.0,8497,-2694.0
CANADIAN DOLLAR - CHICAGO MERCANTILE EXCHANGE,2019-12-31,63961,52048,12483.0,9067.0,175666,17000.0,11913,3416.0
CANADIAN DOLLAR - CHICAGO MERCANTILE EXCHANGE,2020-01-07,68756,42389,4795.0,-9659.0,189996,14330.0,26367,14454.0
CANADIAN DOLLAR - CHICAGO MERCANTILE EXCHANGE,2020-01-14,70428,37576,1672.0,-4813.0,190229,233.0,32852,6485.0
CANADIAN DOLLAR - CHICAGO MERCANTILE EXCHANGE,2020-01-21,74399,36105,3971.0,-1471.0,188596,-1633.0,38294,5442.0
CANADIAN DOLLAR - CHICAGO MERCANTILE EXCHANGE,2020-01-28,76299,41709,1900.0,5604.0,185499,-3097.0,34590,-3704.0
CANADIAN DOLLAR - CHICAGO MERCANTILE EXCHANGE,2020-02-04,67193,48630,-9106.0,6921.0,174000,-11499.0,18563,-16027.0
CANADIAN DOLLAR - CHICAGO MERCANTILE EXCHANGE,2020-02-11,68225,58520,1032.0,9890.0,166914,-7086.0,9705,-8858.0
CANADIAN DOLLAR - CHICAGO MERCANTILE EXCHANGE,2020-02-18,61559,53742,-6666.0,-4778.0,164698,-2216.0,7817,-1888.0
CANADIAN DOLLAR - CHICAGO MERCANTILE EXCHANGE,2020-02-25,63658,49034,2099.0,-4708.0,168819,4121.0,14624,6807.0
CANADIAN DOLLAR - CHICAGO MERCANTILE EXCHANGE,2020-03-03,55191,44612,-8467.0,-4422.0,160511,-8308.0,10579,-4045.0
CANADIAN DOLLAR - CHICAGO MERCANTILE EXCHANGE,2020-03-10,48055,50045,-7136.0,5433.0,175226,14715.0,-1990,-12569.0
CANADIAN DOLLAR - CHICAGO MERCANTILE EXCHANGE,2020-03-17,43114,52737,-4941.0,2692.0,183137,7911.0,-9623,-7633.0
CANADIAN DOLLAR - CHICAGO MERCANTILE EXCHANGE,2020-03-24,21323,50568,-21791.0,-2169.0,124226,-58911.0,-29245,-19622.0
CANADIAN DOLLAR - CHICAGO MERCANTILE EXCHANGE,2020-03-31,21517,43446,194.0,-7122.0,122891,-1335.0,-21929,7316.0
CANADIAN DOLLAR - CHICAGO MERCANTILE EXCHANGE,2020-04-07,17052,41485,-4465.0,-1961.0,117523,-5368.0,-24433,-2504.0
CANADIAN DOLLAR - CHICAGO MERCANTILE EXCHANGE,2020-04-14,18038,41798,986.0,313.0,119798,2275.0,-23760,673.0
CANADIAN DOLLAR - CHICAGO MERCANTILE EXCHANGE,2020-04-21,19804,43695,1766.0,1897.0,121213,1415.0,-23891,-131.0
CANADIAN DOLLAR - CHICAGO MERCANTILE EXCHANGE,2020-04-28,16032,45076,-3772.0,1381.0,117660,-3553.0,-29044,-5153.0
CANADIAN DOLLAR - CHICAGO MERCANTILE EXCHANGE,2020-05-05,17007,49059,975.0,3983.0,119300,1640.0,-32052,-3008.0
CANADIAN DOLLAR - CHICAGO MERCANTILE EXCHANGE,2020-05-12,16995,49241,-12.0,182.0,120453,1153.0,-32246,-194.0
CANADIAN DOLLAR - CHICAGO MERCANTILE EXCHANGE,2020-05-19,23142,58198,6147.0,8957.0,130099,9646.0,-35056,-2810.0
CANADIAN DOLLAR - CHICAGO MERCANTILE EXCHANGE,2020-05-26,21844,55798,-1298.0,-2400.0,129849,-250.0,-33954,1102.0
CANADIAN DOLLAR - CHICAGO MERCANTILE EXCHANGE,2020-06-02,19774,52912,-2070.0,-2886.0,128476,-1373.0,-33138,816.0
CANADIAN DOLLAR - CHICAGO MERCANTILE EXCHANGE,2020-06-09,22298,47127,2524.0,-5785.0,120459,-8017.0,-24829,8309.0
CANADIAN DOLLAR - CHICAGO MERCANTILE EXCHANGE,2020-06-16,19695,45181,-2603.0,-1946.0,125654,5195.0,-25486,-657.0
CANADIAN DOLLAR - CHICAGO MERCANTILE EXCHANGE,2020-06-23,22852,43686,3157.0,-1495.0,105412,-20242.0,-20834,4652.0
CANADIAN DOLLAR - CHICAGO MERCANTILE EXCHANGE,2020-06-30,28174,48693,5322.0,5007.0,118197,12785.0,-20519,315.0
CANADIAN DOLLAR - CHICAGO MERCANTILE EXCHANGE,2020-07-07,31660,48478,3486.0,-215.0,121226,3029.0,-16818,3701.0
CANADIAN DOLLAR - CHICAGO MERCANTILE EXCHANGE,2020-07-14,27642,47417,-4018.0,-1061.0,148003,26777.0,-19775,-2957.0
CANADIAN DOLLAR - CHICAGO MERCANTILE EXCHANGE,2020-07-21,34284,50982,6642.0,3565.0,143606,-4397.0,-16698,3077.0
CANADIAN DOLLAR - CHICAGO MERCANTILE EXCHANGE,2020-07-28,32105,44601,-2179.0,-6381.0,139397,-4209.0,-12496,4202.0
CANADIAN DOLLAR - CHICAGO MERCANTILE EXCHANGE,2020-08-04,19907,43102,-12198.0,-1499.0,137101,-2296.0,-23195,-10699.0
CANADIAN DOLLAR - CHICAGO MERCANTILE EXCHANGE,2020-08-11,17256,46803,-2651.0,3701.0,136885,-216.0,-29547,-6352.0
CANADIAN DOLLAR - CHICAGO MERCANTILE EXCHANGE,2020-08-18,19497,53084,2241.0,6281.0,141600,4715.0,-33587,-4040.0
CANADIAN DOLLAR - CHICAGO MERCANTILE EXCHANGE,2020-08-25,21590,50908,2093.0,-2176.0,129557,-12043.0,-29318,4269.0
CANADIAN DOLLAR - CHICAGO MERCANTILE EXCHANGE,2020-09-01,26590,53596,5000.0,2688.0,140520,10963.0,-27006,2312.0
CANADIAN DOLLAR - CHICAGO MERCANTILE EXCHANGE,2020-09-08,29626,46981,3036.0,-6615.0,137618,-2902.0,-17355,9651.0
CANADIAN DOLLAR - CHICAGO MERCANTILE EXCHANGE,2020-09-15,28909,45852,-717.0,-1129.0,147273,9655.0,-16943,412.0
CANADIAN DOLLAR - CHICAGO MERCANTILE EXCHANGE,2020-09-22,23588,42470,-5321.0,-3382.0,117564,-29709.0,-18882,-1939.0
CANADIAN DOLLAR - CHICAGO MERCANTILE EXCHANGE,2020-09-29,21619,40567,-1969.0,-1903.0,113862,-3702.0,-18948,-66.0
CANADIAN DOLLAR - CHICAGO MERCANTILE EXCHANGE,2020-10-06,20808,38855,-811.0,-1712.0,113818,-44.0,-18047,901.0
CANADIAN DOLLAR - CHICAGO MERCANTILE EXCHANGE,2020-10-13,24638,38202,3830.0,-653.0,121956,8138.0,-13564,4483.0
CANADIAN DOLLAR - CHICAGO MERCANTILE EXCHANGE,2020-10-20,24725,43800,87.0,5598.0,123266,1310.0,-19075,-5511.0
CANADIAN DOLLAR - CHICAGO MERCANTILE EXCHANGE,2020-10-27,24739,42808,14.0,-992.0,122403,-863.0,-18069,1006.0
CANADIAN DOLLAR - CHICAGO MERCANTILE EXCHANGE,2020-11-03,21549,42235,-3190.0,-573.0,124892,2489.0,-20686,-2617.0
CANADIAN DOLLAR - CHICAGO MERCANTILE EXCHANGE,2020-11-10,25962,47311,4413.0,5076.0,136456,11564.0,-21349,-663.0
CANADIAN DOLLAR - CHICAGO MERCANTILE EXCHANGE,2020-11-17,26205,46564,243.0,-747.0,136614,158.0,-20359,990.0
CANADIAN DOLLAR - CHICAGO MERCANTILE EXCHANGE,2020-11-24,31529,48375,5324.0,1811.0,140823,4209.0,-16846,3513.0
CANADIAN DOLLAR - CHICAGO MERCANTILE EXCHANGE,2020-12-01,28702,49945,-2827.0,1570.0,147803,6980.0,-21243,-4397.0
CANADIAN DOLLAR - CHICAGO MERCANTILE EXCHANGE,2020-12-08,34713,55451,6011.0,5506.0,163589,15786.0,-20738,505.0
CANADIAN DOLLAR - CHICAGO MERCANTILE EXCHANGE,2020-12-15,39856,55572,5143.0,121.0,196230,32641.0,-15716,5022.0
CANADIAN DOLLAR - CHICAGO MERCANTILE EXCHANGE,2020-12-21,43198,33113,3342.0,-22459.0,156597,-39633.0,10085,25801.0
CANADIAN DOLLAR - CHICAGO MERCANTILE EXCHANGE,2020-12-29,42178,26810,-1020.0,-6303.0,154464,-2133.0,15368,5283.0
CANADIAN DOLLAR - CHICAGO MERCANTILE EXCHANGE,2021-01-05,41560,27036,-618.0,226.0,156124,1660.0,14524,-844.0
CANADIAN DOLLAR - CHICAGO MERCANTILE EXCHANGE,2021-01-12,43386,31313,1826.0,4277.0,156675,551.0,12073,-2451.0
CANADIAN DOLLAR - CHICAGO MERCANTILE EXCHANGE,2021-01-19,43633,33307,247.0,1994.0,154231,-2444.0,10326,-1747.0
CANADIAN DOLLAR - CHICAGO MERCANTILE EXCHANGE,2021-01-26,53680,39910,10047.0,6603.0,168896,14665.0,13770,3444.0
CANADIAN DOLLAR - CHICAGO MERCANTILE EXCHANGE,2021-02-02,46645,30549,-7035.0,-9361.0,158155,-10741.0,16096,2326.0
CANADIAN DOLLAR - CHICAGO MERCANTILE EXCHANGE,2021-02-09,44274,34746,-2371.0,4197.0,158454,299.0,9528,-6568.0
CANADIAN DOLLAR - CHICAGO MERCANTILE EXCHANGE,2021-02-16,45021,36857,747.0,2111.0,159266,812.0,8164,-1364.0
CANADIAN DOLLAR - CHICAGO MERCANTILE EXCHANGE,2021-02-23,46899,37767,1878.0,910.0,166868,7602.0,9132,968.0
CANADIAN DOLLAR - CHICAGO MERCANTILE EXCHANGE,2021-03-02,51391,36064,4492.0,-1703.0,168689,1821.0,15327,6195.0
CANADIAN DOLLAR - CHICAGO MERCANTILE EXCHANGE,2021-03-09,50022,39041,-1369.0,2977.0,173078,4389.0,10981,-4346.0
CANADIAN DOLLAR - CHICAGO MERCANTILE EXCHANGE,2021-03-16,50907,40644,885.0,1603.0,186932,13854.0,10263,-718.0
CANADIAN DOLLAR - CHICAGO MERCANTILE EXCHANGE,2021-03-23,46786,41683,-4121.0,1039.0,162170,-24762.0,5103,-5160.0
CANADIAN DOLLAR - CHICAGO MERCANTILE EXCHANGE,2021-03-30,48462,41944,1676.0,261.0,164199,2029.0,6518,1415.0
CANADIAN DOLLAR - CHICAGO MERCANTILE EXCHANGE,2021-04-06,47506,44816,-956.0,2872.0,166118,1919.0,2690,-3828.0
CANADIAN DOLLAR - CHICAGO MERCANTILE EXCHANGE,2021-04-13,48056,45650,550.0,834.0,166186,68.0,2406,-284.0
CANADIAN DOLLAR - CHICAGO MERCANTILE EXCHANGE,2021-04-20,53824,40578,5768.0,-5072.0,173145,6959.0,13246,10840.0
CANADIAN DOLLAR - CHICAGO MERCANTILE EXCHANGE,2021-04-27,56675,40953,2851.0,375.0,180771,7626.0,15722,2476.0
CANADIAN DOLLAR - CHICAGO MERCANTILE EXCHANGE,2021-05-04,74280,48333,17605.0,7380.0,196817,16046.0,25947,10225.0
CANADIAN DOLLAR - CHICAGO MERCANTILE EXCHANGE,2021-05-11,79329,40700,5049.0,-7633.0,201955,5138.0,38629,12682.0
CANADIAN DOLLAR - CHICAGO MERCANTILE EXCHANGE,2021-05-18,82026,35914,2697.0,-4786.0,207963,6008.0,46112,7483.0
CANADIAN DOLLAR - CHICAGO MERCANTILE EXCHANGE,2021-05-25,84183,39372,2157.0,3458.0,213176,5213.0,44811,-1301.0
CANADIAN DOLLAR - CHICAGO MERCANTILE EXCHANGE,2021-06-01,89467,40695,5284.0,1323.0,228957,15781.0,48772,3961.0
CANADIAN DOLLAR - CHICAGO MERCANTILE EXCHANGE,2021-06-08,80989,35708,-8478.0,-4987.0,220053,-8904.0,45281,-3491.0
CANADIAN DOLLAR - CHICAGO MERCANTILE EXCHANGE,2021-06-15,73071,28817,-7918.0,-6891.0,252936,32883.0,44254,-1027.0
CANADIAN DOLLAR - CHICAGO MERCANTILE EXCHANGE,2021-06-22,69074,25849,-3997.0,-2968.0,202787,-50149.0,43225,-1029.0
CANADIAN DOLLAR - CHICAGO MERCANTILE EXCHANGE,2021-06-29,68301,22500,-773.0,-3349.0,196928,-5859.0,45801,2576.0
CANADIAN DOLLAR - CHICAGO MERCANTILE EXCHANGE,2021-07-06,69923,28745,1622.0,6245.0,202136,5208.0,41178,-4623.0
CANADIAN DOLLAR - CHICAGO MERCANTILE EXCHANGE,2021-07-13,63107,36731,-6816.0,7986.0,198714,-3422.0,26376,-14802.0
CANADIAN DOLLAR - CHICAGO MERCANTILE EXCHANGE,2021-07-20,59883,46968,-3224.0,10237.0,189308,-9406.0,12915,-13461.0
CANADIAN DOLLAR - CHICAGO MERCANTILE EXCHANGE,2021-07-27,47048,41674,-12835.0,-5294.0,174701,-14607.0,5374,-7541.0
CANADIAN DOLLAR - CHICAGO MERCANTILE EXCHANGE,2021-08-03,46064,38604,-984.0,-3070.0,170609,-4092.0,7460,2086.0
CANADIAN DOLLAR - CHICAGO MERCANTILE EXCHANGE,2021-08-10,45445,38980,-619.0,376.0,171602,993.0,6465,-995.0
CANADIAN DOLLAR - CHICAGO MERCANTILE EXCHANGE,2021-08-17,46499,43839,1054.0,4859.0,177460,5858.0,2660,-3805.0
CANADIAN DOLLAR - CHICAGO MERCANTILE EXCHANGE,2021-08-24,44124,38247,-2375.0,-5592.0,171487,-5973.0,5877,3217.0
CANADIAN DOLLAR - CHICAGO MERCANTILE EXCHANGE,2021-08-31,40686,43534,-3438.0,5287.0,170439,-1048.0,-2848,-8725.0
CANADIAN DOLLAR - CHICAGO MERCANTILE EXCHANGE,2021-09-07,36704,42714,-3982.0,-820.0,170506,67.0,-6010,-3162.0
CANADIAN DOLLAR - CHICAGO MERCANTILE EXCHANGE,2021-09-14,36677,45960,-27.0,3246.0,175708,5202.0,-9283,-3273.0
CANADIAN DOLLAR - CHICAGO MERCANTILE EXCHANGE,2021-09-21,18954,46831,-17723.0,871.0,118528,-57180.0,-27877,-18594.0
CANADIAN DOLLAR - CHICAGO MERCANTILE EXCHANGE,2021-09-28,21873,42108,2919.0,-4723.0,118066,-462.0,-20235,7642.0
CANADIAN DOLLAR - CHICAGO MERCANTILE EXCHANGE,2021-10-05,18580,45446,-3293.0,3338.0,120168,2102.0,-26866,-6631.0
CANADIAN DOLLAR - CHICAGO MERCANTILE EXCHANGE,2021-10-12,22382,50242,3802.0,4796.0,127827,7659.0,-27860,-994.0
CANADIAN DOLLAR - CHICAGO MERCANTILE EXCHANGE,2021-10-19,40380,51304,17998.0,1062.0,153912,26085.0,-10924,16936.0
CANADIAN DOLLAR - CHICAGO MERCANTILE EXCHANGE,2021-10-26,45977,42657,5597.0,-8647.0,159475,5563.0,3320,14244.0
CANADIAN DOLLAR - CHICAGO MERCANTILE EXCHANGE,2021-11-02,42037,37875,-3940.0,-4782.0,156194,-3281.0,4162,842.0
CANADIAN DOLLAR - CHICAGO MERCANTILE EXCHANGE,2021-11-09,43961,38857,1924.0,982.0,154720,-1474.0,5104,942.0
CANADIAN DOLLAR - CHICAGO MERCANTILE EXCHANGE,2021-11-16,44147,35438,186.0,-3419.0,148955,-5765.0,8709,3605.0
CANADIAN DOLLAR - CHICAGO MERCANTILE EXCHANGE,2021-11-23,44320,47455,173.0,12017.0,150275,1320.0,-3135,-11844.0
CANADIAN DOLLAR - CHICAGO MERCANTILE EXCHANGE,2021-11-30,41242,55317,-3078.0,7862.0,148375,-1900.0,-14075,-10940.0
CANADIAN DOLLAR - CHICAGO MERCANTILE EXCHANGE,2021-12-07,41095,50453,-147.0,-4864.0,155078,6703.0,-9358,4717.0
CANADIAN DOLLAR - CHICAGO MERCANTILE EXCHANGE,2021-12-14,38230,51358,-2865.0,905.0,186638,31560.0,-13128,-3770.0
CANADIAN DOLLAR - CHICAGO MERCANTILE EXCHANGE,2021-12-21,45925,55802,7695.0,4444.0,145562,-41076.0,-9877,3251.0
CANADIAN DOLLAR - CHICAGO MERCANTILE EXCHANGE,2021-12-28,42528,52862,-3397.0,-2940.0,138692,-6870.0,-10334,-457.0
CANADIAN DOLLAR - CHICAGO MERCANTILE EXCHANGE,2022-01-04,41905,52930,-623.0,68.0,135633,-3059.0,-11025,-691.0
CANADIAN DOLLAR - CHICAGO MERCANTILE EXCHANGE,2022-01-11,44284,51660,2379.0,-1270.0,138571,2938.0,-7376,3649.0
CANADIAN DOLLAR - CHICAGO MERCANTILE EXCHANGE,2022-01-18,49792,42300,5508.0,-9360.0,143371,4800.0,7492,14868.0
CANADIAN DOLLAR - CHICAGO MERCANTILE EXCHANGE,2022-01-25,53129,40812,3337.0,-1488.0,146448,3077.0,12317,4825.0
CANADIAN DOLLAR - CHICAGO MERCANTILE EXCHANGE,2022-02-01,52386,34122,-743.0,-6690.0,145082,-1366.0,18264,5947.0
CANADIAN DOLLAR - CHICAGO MERCANTILE EXCHANGE,2022-02-08,54762,39876,2376.0,5754.0,145208,126.0,14886,-3378.0
CANADIAN DOLLAR - CHICAGO MERCANTILE EXCHANGE,2022-02-15,54424,42254,-338.0,2378.0,144815,-393.0,12170,-2716.0
CANADIAN DOLLAR - CHICAGO MERCANTILE EXCHANGE,2022-02-22,47661,38408,-6763.0,-3846.0,140305,-4510.0,9253,-2917.0
CANADIAN DOLLAR - CHICAGO MERCANTILE EXCHANGE,2022-03-01,50881,36741,3220.0,-1667.0,143507,3202.0,14140,4887.0
CANADIAN DOLLAR - CHICAGO MERCANTILE EXCHANGE,2022-03-08,48492,40846,-2389.0,4105.0,149425,5918.0,7646,-6494.0
CANADIAN DOLLAR - CHICAGO MERCANTILE EXCHANGE,2022-03-15,47406,29666,-1086.0,-11180.0,143863,-5562.0,17740,10094.0
CANADIAN DOLLAR - CHICAGO MERCANTILE EXCHANGE,2022-03-22,29314,34254,-18092.0,4588.0,124090,-19773.0,-4940,-22680.0
CANADIAN DOLLAR - CHICAGO MERCANTILE EXCHANGE,2022-03-29,32429,33964,3115.0,-290.0,147421,23331.0,-1535,3405.0
CANADIAN DOLLAR - CHICAGO MERCANTILE EXCHANGE,2022-04-05,37325,30402,4896.0,-3562.0,157562,10141.0,6923,8458.0
CANADIAN DOLLAR - CHICAGO MERCANTILE EXCHANGE,2022-04-12,37724,25566,399.0,-4836.0,155390,-2172.0,12158,5235.0
CANADIAN DOLLAR - CHICAGO MERCANTILE EXCHANGE,2022-04-19,44063,22837,6339.0,-2729.0,153302,-2088.0,21226,9068.0
CANADIAN DOLLAR - CHICAGO MERCANTILE EXCHANGE,2022-04-26,48787,27906,4724.0,5069.0,155362,2060.0,20881,-345.0
CANADIAN DOLLAR - CHICAGO MERCANTILE EXCHANGE,2022-05-03,44670,35641,-4117.0,7735.0,152779,-2583.0,9029,-11852.0
CANADIAN DOLLAR - CHICAGO MERCANTILE EXCHANGE,2022-05-10,38679,44086,-5991.0,8445.0,151009,-1770.0,-5407,-14436.0
CANADIAN DOLLAR - CHICAGO MERCANTILE EXCHANGE,2022-05-17,36069,50565,-2610.0,6479.0,151585,576.0,-14496,-9089.0
CANADIAN DOLLAR - CHICAGO MERCANTILE EXCHANGE,2022-05-24,28999,41686,-7070.0,-8879.0,138508,-13077.0,-12687,1809.0
CANADIAN DOLLAR - CHICAGO MERCANTILE EXCHANGE,2022-05-31,30520,37527,1521.0,-4159.0,135929,-2579.0,-7007,5680.0
CANADIAN DOLLAR - CHICAGO MERCANTILE EXCHANGE,2022-06-07,39288,40350,8768.0,2823.0,167373,31444.0,-1062,5945.0
CANADIAN DOLLAR - CHICAGO MERCANTILE EXCHANGE,2022-06-14,56550,33348,17262.0,-7002.0,175219,7846.0,23202,24264.0
CANADIAN DOLLAR - CHICAGO MERCANTILE EXCHANGE,2022-06-21,42260,38155,-14290.0,4807.0,140047,-35172.0,4105,-19097.0
CANADIAN DOLLAR - CHICAGO MERCANTILE EXCHANGE,2022-06-28,45893,36796,3633.0,-1359.0,142584,2537.0,9097,4992.0
CANADIAN DOLLAR - CHICAGO MERCANTILE EXCHANGE,2022-07-05,45365,41072,-528.0,4276.0,145372,2788.0,4293,-4804.0
CANADIAN DOLLAR - CHICAGO MERCANTILE EXCHANGE,2022-07-12,41613,38108,-3752.0,-2964.0,139297,-6075.0,3505,-788.0
CANADIAN DOLLAR - CHICAGO MERCANTILE EXCHANGE,2022-07-19,42040,35373,427.0,-2735.0,142216,2919.0,6667,3162.0
CANADIAN DOLLAR - CHICAGO MERCANTILE EXCHANGE,2022-07-26,46414,30645,4374.0,-4728.0,144182,1966.0,15769,9102.0
CANADIAN DOLLAR - CHICAGO MERCANTILE EXCHANGE,2022-08-02,48342,28065,1928.0,-2580.0,145914,1732.0,20277,4508.0
CANADIAN DOLLAR - CHICAGO MERCANTILE EXCHANGE,2022-08-09,46898,25675,-1444.0,-2390.0,143646,-2268.0,21223,946.0
CANADIAN DOLLAR - CHICAGO MERCANTILE EXCHANGE,2022-08-16,51843,24976,4945.0,-699.0,147596,3950.0,26867,5644.0
CANADIAN DOLLAR - CHICAGO MERCANTILE EXCHANGE,2022-08-23,53617,30390,1774.0,5414.0,152685,5089.0,23227,-3640.0
CANADIAN DOLLAR - CHICAGO MERCANTILE EXCHANGE,2022-08-30,58704,34525,5087.0,4135.0,158165,5480.0,24179,952.0
CANADIAN DOLLAR - CHICAGO MERCANTILE EXCHANGE,2022-09-06,57185,39275,-1519.0,4750.0,160567,2402.0,17910,-6269.0
CANADIAN DOLLAR - CHICAGO MERCANTILE EXCHANGE,2022-09-13,48102,35677,-9083.0,-3598.0,149556,-11011.0,12425,-5485.0
CANADIAN DOLLAR - CHICAGO MERCANTILE EXCHANGE,2022-09-20,47913,45857,-189.0,10180.0,160314,10758.0,2056,-10369.0
CANADIAN DOLLAR - CHICAGO MERCANTILE EXCHANGE,2022-09-27,33677,51343,-14236.0,5486.0,140889,-19425.0,-17666,-19722.0
CANADIAN DOLLAR - CHICAGO MERCANTILE EXCHANGE,2022-10-04,36246,57653,2569.0,6310.0,141799,910.0,-21407,-3741.0
CANADIAN DOLLAR - CHICAGO MERCANTILE EXCHANGE,2022-10-11,32476,58148,-3770.0,495.0,144000,2201.0,-25672,-4265.0
CANADIAN DOLLAR - CHICAGO MERCANTILE EXCHANGE,2022-10-18,35384,55957,2908.0,-2191.0,146425,2425.0,-20573,5099.0
CANADIAN DOLLAR - CHICAGO MERCANTILE EXCHANGE,2022-10-25,35607,53762,223.0,-2195.0,143417,-3008.0,-18155,2418.0
CANADIAN DOLLAR - CHICAGO MERCANTILE EXCHANGE,2022-11-01,38522,56171,2915.0,2409.0,147170,3753.0,-17649,506.0
CANADIAN DOLLAR - CHICAGO MERCANTILE EXCHANGE,2022-11-08,39586,58050,1064.0,1879.0,147555,385.0,-18464,-815.0
CANADIAN DOLLAR - CHICAGO MERCANTILE EXCHANGE,2022-11-15,37456,50376,-2130.0,-7674.0,139753,-7802.0,-12920,5544.0
CANADIAN DOLLAR - CHICAGO MERCANTILE EXCHANGE,2022-11-22,36733,48405,-723.0,-1971.0,134901,-4852.0,-11672,1248.0
CANADIAN DOLLAR - CHICAGO MERCANTILE EXCHANGE,2022-11-29,35123,51239,-1610.0,2834.0,136654,1753.0,-16116,-4444.0
CANADIAN DOLLAR - CHICAGO MERCANTILE EXCHANGE,2022-12-06,30717,52807,-4406.0,1568.0,148891,12237.0,-22090,-5974.0
CANADIAN DOLLAR - CHICAGO MERCANTILE EXCHANGE,2022-12-13,31720,58968,1003.0,6161.0,169433,20542.0,-27248,-5158.0
CANADIAN DOLLAR - CHICAGO MERCANTILE EXCHANGE,2022-12-20,39705,66666,7985.0,7698.0,180857,11424.0,-26961,287.0
CANADIAN DOLLAR - CHICAGO MERCANTILE EXCHANGE,2022-12-27,28879,58912,-10826.0,-7754.0,140544,-40313.0,-30033,-3072.0
CANADIAN DOLLAR - CHICAGO MERCANTILE EXCHANGE,2023-01-03,25497,52263,-3382.0,-6649.0,138995,-1549.0,-26766,3267.0
CANADIAN DOLLAR - CHICAGO MERCANTILE EXCHANGE,2023-01-10,22166,53121,-3331.0,858.0,133888,-5107.0,-30955,-4189.0
CANADIAN DOLLAR - CHICAGO MERCANTILE EXCHANGE,2023-01-17,20897,48156,-1269.0,-4965.0,132346,-1542.0,-27259,3696.0
CANADIAN DOLLAR - CHICAGO MERCANTILE EXCHANGE,2023-01-24,25978,56690,5081.0,8534.0,137476,5130.0,-30712,-3453.0
CANADIAN DOLLAR - CHICAGO MERCANTILE EXCHANGE,2023-01-31,26404,56588,426.0,-102.0,140167,2691.0,-30184,528.0
CANADIAN DOLLAR - CHICAGO MERCANTILE EXCHANGE,2023-02-07,33292,66383,6888.0,9795.0,149621,9454.0,-33091,-2907.0
CANADIAN DOLLAR - CHICAGO MERCANTILE EXCHANGE,2023-02-14,24466,59960,-8826.0,-6423.0,149059,-562.0,-35494,-2403.0
CANADIAN DOLLAR - CHICAGO MERCANTILE EXCHANGE,2023-02-21,21889,59392,-2577.0,-568.0,151896,2837.0,-37503,-2009.0
CANADIAN DOLLAR - CHICAGO MERCANTILE EXCHANGE,2023-02-28,31599,67673,9710.0,8281.0,165097,13201.0,-36074,1429.0
CANADIAN DOLLAR - CHICAGO MERCANTILE EXCHANGE,2023-03-07,62108,91310,30509.0,23637.0,203816,38719.0,-29202,6872.0
CANADIAN DOLLAR - CHICAGO MERCANTILE EXCHANGE,2023-03-14,60738,92453,-1370.0,1143.0,244421,40605.0,-31715,-2513.0
CANADIAN DOLLAR - CHICAGO MERCANTILE EXCHANGE,2023-03-21,18812,75633,-41926.0,-16820.0,178185,-66236.0,-56821,-25106.0
CANADIAN DOLLAR - CHICAGO MERCANTILE EXCHANGE,2023-03-28,19672,76497,860.0,864.0,176559,-1626.0,-56825,-4.0
CANADIAN DOLLAR - CHICAGO MERCANTILE EXCHANGE,2023-04-04,16607,75116,-3065.0,-1381.0,169138,-7421.0,-58509,-1684.0
CANADIAN DOLLAR - CHICAGO MERCANTILE EXCHANGE,2023-04-11,16914,73493,307.0,-1623.0,164875,-4263.0,-56579,1930.0
CANADIAN DOLLAR - CHICAGO MERCANTILE EXCHANGE,2023-04-18,17806,64039,892.0,-9454.0,148638,-16237.0,-46233,10346.0
CANADIAN DOLLAR - CHICAGO MERCANTILE EXCHANGE,2023-04-25,24295,68086,6489.0,4047.0,151786,3148.0,-43791,2442.0
CANADIAN DOLLAR - CHICAGO MERCANTILE EXCHANGE,2023-05-02,27899,77995,3604.0,9909.0,171054,19268.0,-50096,-6305.0
CANADIAN DOLLAR - CHICAGO MERCANTILE EXCHANGE,2023-05-09,29609,71872,1710.0,-6123.0,159364,-11690.0,-42263,7833.0
CANADIAN DOLLAR - CHICAGO MERCANTILE EXCHANGE,2023-05-16,28514,71504,-1095.0,-368.0,161195,1831.0,-42990,-727.0
CANADIAN DOLLAR - CHICAGO MERCANTILE EXCHANGE,2023-05-23,20388,68914,-8126.0,-2590.0,159199,-1996.0,-48526,-5536.0
CANADIAN DOLLAR - CHICAGO MERCANTILE EXCHANGE,2023-05-30,37619,67533,17231.0,-1381.0,179871,20672.0,-29914,18612.0
CANADIAN DOLLAR - CHICAGO MERCANTILE EXCHANGE,2023-06-06,21709,60038,-15910.0,-7495.0,168025,-11846.0,-38329,-8415.0
CANADIAN DOLLAR - CHICAGO MERCANTILE EXCHANGE,2023-06-13,15536,52204,-6173.0,-7834.0,167232,-793.0,-36668,1661.0
CANADIAN DOLLAR - CHICAGO MERCANTILE EXCHANGE,2023-06-20,28187,61730,12651.0,9526.0,184106,16874.0,-33543,3125.0
CANADIAN DOLLAR - CHICAGO MERCANTILE EXCHANGE,2023-06-27,50307,53154,22120.0,-8576.0,167798,-16308.0,-2847,30696.0
CANADIAN DOLLAR - CHICAGO MERCANTILE EXCHANGE,2023-07-03,44178,39651,-6129.0,-13503.0,156284,-11514.0,4527,7374.0
CANADIAN DOLLAR - CHICAGO MERCANTILE EXCHANGE,2023-07-11,35072,30628,-9106.0,-9023.0,140395,-15889.0,4444,-83.0
CANADIAN DOLLAR - CHICAGO MERCANTILE EXCHANGE,2023-07-18,33877,33356,-1195.0,2728.0,146171,5776.0,521,-3923.0
CANADIAN DOLLAR - CHICAGO MERCANTILE EXCHANGE,2023-07-25,42759,37229,8882.0,3873.0,156395,10224.0,5530,5009.0
CANADIAN DOLLAR - CHICAGO MERCANTILE EXCHANGE,2023-08-01,36278,29913,-6481.0,-7316.0,152606,-3789.0,6365,835.0
CANADIAN DOLLAR - CHICAGO MERCANTILE EXCHANGE,2023-08-08,29481,30104,-6797.0,191.0,140960,-11646.0,-623,-6988.0
CANADIAN DOLLAR - CHICAGO MERCANTILE EXCHANGE,2023-08-15,37112,48523,7631.0,18419.0,157827,16867.0,-11411,-10788.0
CANADIAN DOLLAR - CHICAGO MERCANTILE EXCHANGE,2023-08-22,35993,48063,-1119.0,-460.0,166147,8320.0,-12070,-659.0
CANADIAN DOLLAR - CHICAGO MERCANTILE EXCHANGE,2023-08-29,42527,58288,6534.0,10225.0,177048,10901.0,-15761,-3691.0
CANADIAN DOLLAR - CHICAGO MERCANTILE EXCHANGE,2023-09-05,45761,70724,3234.0,12436.0,189660,12612.0,-24963,-9202.0
CANADIAN DOLLAR - CHICAGO MERCANTILE EXCHANGE,2023-09-12,40298,82181,-5463.0,11457.0,217080,27420.0,-41883,-16920.0
CANADIAN DOLLAR - CHICAGO MERCANTILE EXCHANGE,2023-09-19,19027,67054,-21271.0,-15127.0,246847,29767.0,-48027,-6144.0
CANADIAN DOLLAR - CHICAGO MERCANTILE EXCHANGE,2023-09-26,17006,49702,-2021.0,-17352.0,175848,-70999.0,-32696,15331.0
CANADIAN DOLLAR - CHICAGO MERCANTILE EXCHANGE,2023-10-03,21674,61825,4668.0,12123.0,189443,13595.0,-40151,-7455.0
CANADIAN DOLLAR - CHICAGO MERCANTILE EXCHANGE,2023-10-10,20342,66831,-1332.0,5006.0,179357,-10086.0,-46489,-6338.0
CANADIAN DOLLAR - CHICAGO MERCANTILE EXCHANGE,2023-10-17,21640,70179,1298.0,3348.0,183938,4581.0,-48539,-2050.0
CANADIAN DOLLAR - CHICAGO MERCANTILE EXCHANGE,2023-10-24,22326,70965,686.0,786.0,184747,809.0,-48639,-100.0
CANADIAN DOLLAR - CHICAGO MERCANTILE EXCHANGE,2023-10-31,25418,74750,3092.0,3785.0,198528,13781.0,-49332,-693.0
CANADIAN DOLLAR - CHICAGO MERCANTILE EXCHANGE,2023-11-07,17171,84892,-8247.0,10142.0,200364,1836.0,-67721,-18389.0
CANADIAN DOLLAR - CHICAGO MERCANTILE EXCHANGE,2023-11-14,18678,89081,1507.0,4189.0,206046,5682.0,-70403,-2682.0
CANADIAN DOLLAR - CHICAGO MERCANTILE EXCHANGE,2023-11-21,19407,84847,729.0,-4234.0,203248,-2798.0,-65440,4963.0
CANADIAN DOLLAR - CHICAGO MERCANTILE EXCHANGE,2023-11-28,18991,82233,-416.0,-2614.0,200864,-2384.0,-63242,2198.0
CANADIAN DOLLAR - CHICAGO MERCANTILE EXCHANGE,2023-12-05,19753,77601,762.0,-4632.0,197791,-3073.0,-57848,5394.0
CANADIAN DOLLAR - CHICAGO MERCANTILE EXCHANGE,2023-12-12,19457,74702,-296.0,-2899.0,213873,16082.0,-55245,2603.0
CANADIAN DOLLAR - CHICAGO MERCANTILE EXCHANGE,2023-12-19,28862,83195,9405.0,8493.0,214241,368.0,-54333,912.0
CANADIAN DOLLAR - CHICAGO MERCANTILE EXCHANGE,2023-12-26,41685,76406,12823.0,-6789.0,176452,-37789.0,-34721,19612.0
CANADIAN DOLLAR - CHICAGO MERCANTILE EXCHANGE,2024-01-02,50895,72026,9210.0,-4380.0,184476,8024.0,-21131,13590.0
CANADIAN DOLLAR - CHICAGO MERCANTILE EXCHANGE,2024-01-09,42286,49666,-8609.0,-22360.0,171557,-12919.0,-7380,13751.0
CANADIAN DOLLAR - CHICAGO MERCANTILE EXCHANGE,2024-01-16,38738,52126,-3548.0,2460.0,165998,-5559.0,-13388,-6008.0
CANADIAN DOLLAR - CHICAGO MERCANTILE EXCHANGE,2024-01-23,34310,42761,-4428.0,-9365.0,155138,-10860.0,-8451,4937.0
CANADIAN DOLLAR - CHICAGO MERCANTILE EXCHANGE,2024-01-30,39101,41489,4791.0,-1272.0,159376,4238.0,-2388,6063.0
CANADIAN DOLLAR - CHICAGO MERCANTILE EXCHANGE,2024-02-06,32782,40518,-6319.0,-971.0,160118,742.0,-7736,-5348.0
CANADIAN DOLLAR - CHICAGO MERCANTILE EXCHANGE,2024-02-13,35698,41180,2916.0,662.0,161519,1401.0,-5482,2254.0
CANADIAN DOLLAR - CHICAGO MERCANTILE EXCHANGE,2024-02-20,37108,37971,1410.0,-3209.0,157666,-3853.0,-863,4619.0
CANADIAN DOLLAR - CHICAGO MERCANTILE EXCHANGE,2024-02-27,41158,42536,4050.0,4565.0,166484,8818.0,-1378,-515.0
CANADIAN DOLLAR - CHICAGO MERCANTILE EXCHANGE,2024-03-05,42590,62427,1432.0,19891.0,183697,17213.0,-19837,-18459.0
CANADIAN DOLLAR - CHICAGO MERCANTILE EXCHANGE,2024-03-12,35964,66838,-6626.0,4411.0,193223,9526.0,-30874,-11037.0
CANADIAN DOLLAR - CHICAGO MERCANTILE EXCHANGE,2024-03-19,45761,82909,9797.0,16071.0,230592,37369.0,-37148,-6274.0
CANADIAN DOLLAR - CHICAGO MERCANTILE EXCHANGE,2024-03-26,37915,88205,-7846.0,5296.0,190995,-39597.0,-50290,-13142.0
CANADIAN DOLLAR - CHICAGO MERCANTILE EXCHANGE,2024-04-02,44220,95443,6305.0,7238.0,197171,6176.0,-51223,-933.0
CANADIAN DOLLAR - CHICAGO MERCANTILE EXCHANGE,2024-04-09,34741,88126,-9479.0,-7317.0,192964,-4207.0,-53385,-2162.0
CANADIAN DOLLAR - CHICAGO MERCANTILE EXCHANGE,2024-04-16,37067,119882,2326.0,31756.0,237526,44562.0,-82815,-29430.0
CANADIAN DOLLAR - CHICAGO MERCANTILE EXCHANGE,2024-04-23,35873,112323,-1194.0,-7559.0,226747,-10779.0,-76450,6365.0
CANADIAN DOLLAR - CHICAGO MERCANTILE EXCHANGE,2024-04-30,33793,96994,-2080.0,-15329.0,211555,-15192.0,-63201,13249.0
CANADIAN DOLLAR - CHICAGO MERCANTILE EXCHANGE,2024-05-07,32945,102166,-848.0,5172.0,216708,5153.0,-69221,-6020.0
CANADIAN DOLLAR - CHICAGO MERCANTILE EXCHANGE,2024-05-14,34286,114589,1341.0,12423.0,220840,4132.0,-80303,-11082.0
CANADIAN DOLLAR - CHICAGO MERCANTILE EXCHANGE,2024-05-21,35399,126223,1113.0,11634.0,234491,13651.0,-90824,-10521.0
CANADIAN DOLLAR - CHICAGO MERCANTILE EXCHANGE,2024-05-28,37299,123884,1900.0,-2339.0,264401,29910.0,-86585,4239.0
CANADIAN DOLLAR - CHICAGO MERCANTILE EXCHANGE,2024-06-04,37360,128999,61.0,5115.0,265761,1360.0,-91639,-5054.0
CANADIAN DOLLAR - CHICAGO MERCANTILE EXCHANGE,2024-06-11,37310,166803,-50.0,37804.0,307387,41626.0,-129493,-37854.0
CANADIAN DOLLAR - CHICAGO MERCANTILE EXCHANGE,2024-06-18,22778,170709,-14532.0,3906.0,351458,44071.0,-147931,-18438.0
CANADIAN DOLLAR - CHICAGO MERCANTILE EXCHANGE,2024-06-25,27790,150202,5012.0,-20507.0,278437,-73021.0,-122412,25519.0
CANADIAN DOLLAR - CHICAGO MERCANTILE EXCHANGE,2024-07-02,21850,142202,-5940.0,-8000.0,263465,-14972.0,-120352,2060.0
CANADIAN DOLLAR - CHICAGO MERCANTILE EXCHANGE,2024-07-09,20263,131475,-1587.0,-10727.0,257288,-6177.0,-111212,9140.0
CANADIAN DOLLAR - CHICAGO MERCANTILE EXCHANGE,2024-07-16,24734,157207,4471.0,25732.0,280941,23653.0,-132473,-21261.0
CANADIAN DOLLAR - CHICAGO MERCANTILE EXCHANGE,2024-07-23,24087,185690,-647.0,28483.0,315684,34743.0,-161603,-29130.0
CANADIAN DOLLAR - CHICAGO MERCANTILE EXCHANGE,2024-07-30,23726,219989,-361.0,34299.0,351856,36172.0,-196263,-34660.0
CANADIAN DOLLAR - CHICAGO MERCANTILE EXCHANGE,2024-08-06,21993,203625,-1733.0,-16364.0,335120,-16736.0,-181632,14631.0
CANADIAN DOLLAR - CHICAGO MERCANTILE EXCHANGE,2024-08-13,20668,200279,-1325.0,-3346.0,323167,-11953.0,-179611,2021.0
CANADIAN DOLLAR - CHICAGO MERCANTILE EXCHANGE,2024-08-20,19528,183938,-1140.0,-16341.0,314073,-9094.0,-164410,15201.0
CANADIAN DOLLAR - CHICAGO MERCANTILE EXCHANGE,2024-08-27,19325,129327,-203.0,-54611.0,296041,-18032.0,-110002,54408.0
CANADIAN DOLLAR - CHICAGO MERCANTILE EXCHANGE,2024-09-03,31460,100004,12135.0,-29323.0,255897,-40144.0,-68544,41458.0
CANADIAN DOLLAR - CHICAGO MERCANTILE EXCHANGE,2024-09-10,23773,92726,-7687.0,-7278.0,251209,-4688.0,-68953,-409.0
CANADIAN DOLLAR - CHICAGO MERCANTILE EXCHANGE,2024-09-17,21464,94614,-2309.0,1888.0,256538,5329.0,-73150,-4197.0
CANADIAN DOLLAR - CHICAGO MERCANTILE EXCHANGE,2024-09-24,25305,90894,3841.0,-3720.0,213164,-43374.0,-65589,7561.0
CANADIAN DOLLAR - CHICAGO MERCANTILE EXCHANGE,2024-10-01,25151,95154,-154.0,4260.0,216044,2880.0,-70003,-4414.0
CANADIAN DOLLAR - CHICAGO MERCANTILE EXCHANGE,2024-10-08,21643,110794,-3508.0,15640.0,224645,8601.0,-89151,-19148.0
CANADIAN DOLLAR - CHICAGO MERCANTILE EXCHANGE,2024-10-15,36718,159111,15075.0,48317.0,296537,71892.0,-122393,-33242.0
CANADIAN DOLLAR - CHICAGO MERCANTILE EXCHANGE,2024-10-22,28439,169070,-8279.0,9959.0,308279,11742.0,-140631,-18238.0
CANADIAN DOLLAR - CHICAGO MERCANTILE EXCHANGE,2024-10-29,27399,194898,-1040.0,25828.0,329945,21666.0,-167499,-26868.0
CANADIAN DOLLAR - CHICAGO MERCANTILE EXCHANGE,2024-11-05,26816,202045,-583.0,7147.0,336467,6522.0,-175229,-7730.0
CANADIAN DOLLAR - CHICAGO MERCANTILE EXCHANGE,2024-11-12,22011,204400,-4805.0,2355.0,342557,6090.0,-182389,-7160.0
CANADIAN DOLLAR - CHICAGO MERCANTILE EXCHANGE,2024-11-19,23904,207470,1893.0,3070.0,348354,5797.0,-183566,-1177.0
CANADIAN DOLLAR - CHICAGO MERCANTILE EXCHANGE,2024-11-26,21281,175283,-2623.0,-32187.0,322420,-25934.0,-154002,29564.0
CANADIAN DOLLAR - CHICAGO MERCANTILE EXCHANGE,2024-12-03,21696,181042,415.0,5759.0,324325,1905.0,-159346,-5344.0
CANADIAN DOLLAR - CHICAGO MERCANTILE EXCHANGE,2024-12-10,29034,210588,7338.0,29546.0,408181,83856.0,-181554,-22208.0
CANADIAN DOLLAR - CHICAGO MERCANTILE EXCHANGE,2024-12-17,19170,201225,-9864.0,-9363.0,485592,77411.0,-182055,-501.0
CANADIAN DOLLAR - CHICAGO MERCANTILE EXCHANGE,2024-12-24,13502,190222,-5668.0,-11003.0,345942,-139650.0,-176720,5335.0
CANADIAN DOLLAR - CHICAGO MERCANTILE EXCHANGE,2024-12-31,20884,196592,7382.0,6370.0,353686,7744.0,-175708,1012.0
CANADIAN DOLLAR - CHICAGO MERCANTILE EXCHANGE,2025-01-07,19114,197703,-1770.0,1111.0,357210,3524.0,-178589,-2881.0
CANADIAN DOLLAR - CHICAGO MERCANTILE EXCHANGE,2025-01-14,23031,190184,3917.0,-7519.0,350363,-6847.0,-167153,11436.0
CANADIAN DOLLAR - CHICAGO MERCANTILE EXCHANGE,2025-01-21,19503,170290,-3528.0,-19894.0,331635,-18728.0,-150787,16366.0
CANADIAN DOLLAR - CHICAGO MERCANTILE EXCHANGE,2025-01-28,21219,168820,1716.0,-1470.0,331109,-526.0,-147601,3186.0
CANADIAN DOLLAR - CHICAGO MERCANTILE EXCHANGE,2025-02-04,20421,180865,-798.0,12045.0,346984,15875.0,-160444,-12843.0
CANADIAN DOLLAR - CHICAGO MERCANTILE EXCHANGE,2025-02-11,17911,168745,-2510.0,-12120.0,326849,-20135.0,-150834,9610.0
CANADIAN DOLLAR - CHICAGO MERCANTILE EXCHANGE,2025-02-18,21276,165919,3365.0,-2826.0,323195,-3654.0,-144643,6191.0
CANADIAN DOLLAR - CHICAGO MERCANTILE EXCHANGE,2025-02-25,20523,158429,-753.0,-7490.0,319493,-3702.0,-137906,6737.0
CANADIAN DOLLAR - CHICAGO MERCANTILE EXCHANGE,2025-03-04,22175,165945,1652.0,7516.0,340218,20725.0,-143770,-5864.0
CANADIAN DOLLAR - CHICAGO MERCANTILE EXCHANGE,2025-03-11,19197,161607,-2978.0,-4338.0,339922,-296.0,-142410,1360.0
CANADIAN DOLLAR - CHICAGO MERCANTILE EXCHANGE,2025-03-18,18089,154671,-1108.0,-6936.0,347932,8010.0,-136582,5828.0
CANADIAN DOLLAR - CHICAGO MERCANTILE EXCHANGE,2025-03-25,17948,147482,-141.0,-7189.0,281126,-66806.0,-129534,7048.0
CANADIAN DOLLAR - CHICAGO MERCANTILE EXCHANGE,2025-04-01,17606,147622,-342.0,140.0,278330,-2796.0,-130016,-482.0
CANADIAN DOLLAR - CHICAGO MERCANTILE EXCHANGE,2025-04-08,16029,135270,-1577.0,-12352.0,258263,-20067.0,-119241,10775.0
CANADIAN DOLLAR - CHICAGO MERCANTILE EXCHANGE,2025-04-15,18265,102125,2236.0,-33145.0,249484,-8779.0,-83860,35381.0
CANADIAN DOLLAR - CHICAGO MERCANTILE EXCHANGE,2025-04-22,18357,85524,92.0,-16601.0,249643,159.0,-67167,16693.0
CANADIAN DOLLAR - CHICAGO MERCANTILE EXCHANGE,2025-04-29,16046,83251,-2311.0,-2273.0,249257,-386.0,-67205,-38.0
CANADIAN DOLLAR - CHICAGO MERCANTILE EXCHANGE,2025-05-06,16677,87322,631.0,4071.0,255101,5844.0,-70645,-3440.0
CANADIAN DOLLAR - CHICAGO MERCANTILE EXCHANGE,2025-05-13,23250,105406,6573.0,18084.0,262803,7702.0,-82156,-11511.0
CANADIAN DOLLAR - CHICAGO MERCANTILE EXCHANGE,2025-05-20,22629,126490,-621.0,21084.0,266748,3945.0,-103861,-21705.0
CANADIAN DOLLAR - CHICAGO MERCANTILE EXCHANGE,2025-05-27,20418,124316,-2211.0,-2174.0,263232,-3516.0,-103898,-37.0
CANADIAN DOLLAR - CHICAGO MERCANTILE EXCHANGE,2025-06-03,18667,127113,-1751.0,2797.0,270041,6809.0,-108446,-4548.0
CANADIAN DOLLAR - CHICAGO MERCANTILE EXCHANGE,2025-06-10,19651,112794,984.0,-14319.0,288477,18436.0,-93143,15303.0
CANADIAN DOLLAR - CHICAGO MERCANTILE EXCHANGE,2025-06-17,28154,94487,8503.0,-18307.0,294801,6324.0,-66333,26810.0
CANADIAN DOLLAR - CHICAGO MERCANTILE EXCHANGE,2025-06-24,25267,78434,-2887.0,-16053.0,201194,-93607.0,-53167,13166.0
CANADIAN DOLLAR - CHICAGO MERCANTILE EXCHANGE,2025-07-01,22149,85601,-3118.0,7167.0,203485,2291.0,-63452,-10285.0
CANADIAN DOLLAR - CHICAGO MERCANTILE EXCHANGE,2025-07-08,20344,91952,-1805.0,6351.0,201326,-2159.0,-71608,-8156.0
CANADIAN DOLLAR - CHICAGO MERCANTILE EXCHANGE,2025-07-15,21924,96018,1580.0,4066.0,202720,1394.0,-74094,-2486.0
CANADIAN DOLLAR - CHICAGO MERCANTILE EXCHANGE,2025-07-22,23086,93429,1162.0,-2589.0,200895,-1825.0,-70343,3751.0
CANADIAN DOLLAR - CHICAGO MERCANTILE EXCHANGE,2025-07-29,20884,97317,-2202.0,3888.0,201852,957.0,-76433,-6090.0
CANADIAN DOLLAR - CHICAGO MERCANTILE EXCHANGE,2025-08-05,23589,103009,2705.0,5692.0,214849,12997.0,-79420,-2987.0
CANADIAN DOLLAR - CHICAGO MERCANTILE EXCHANGE,2025-08-12,20898,110975,-2691.0,7966.0,221109,6260.0,-90077,-10657.0
CANADIAN DOLLAR - CHICAGO MERCANTILE EXCHANGE,2025-08-19,19028,112107,-1870.0,1132.0,220859,-250.0,-93079,-3002.0
CANADIAN DOLLAR - CHICAGO MERCANTILE EXCHANGE,2025-08-26,20397,125412,1369.0,13305.0,227180,6321.0,-105015,-11936.0
CANADIAN DOLLAR - CHICAGO MERCANTILE EXCHANGE,2025-09-02,16584,125560,-3813.0,148.0,225322,-1858.0,-108976,-3961.0
CANADIAN DOLLAR - CHICAGO MERCANTILE EXCHANGE,2025-09-09,18704,127621,2120.0,2061.0,249304,23982.0,-108917,59.0
CANADIAN DOLLAR - CHICAGO MERCANTILE EXCHANGE,2025-09-16,20975,128152,2271.0,531.0,266847,17543.0,-107177,1740.0
CANADIAN DOLLAR - CHICAGO MERCANTILE EXCHANGE,2025-09-23,18035,132841,-2940.0,4689.0,212186,-54661.0,-114806,-7629.0
CANADIAN DOLLAR - CHICAGO MERCANTILE EXCHANGE,2025-09-30,29920,149825,11885.0,16984.0,240191,28005.0,-119905,-5099.0
CANADIAN DOLLAR - CHICAGO MERCANTILE EXCHANGE,2025-10-07,29514,166232,-406.0,16407.0,261636,21445.0,-136718,-16813.0
CANADIAN DOLLAR - CHICAGO MERCANTILE EXCHANGE,2025-10-14,27162,164755,-2352.0,-1477.0,269924,8288.0,-137593,-875.0
CANADIAN DOLLAR - CHICAGO MERCANTILE EXCHANGE,2025-10-21,28098,173206,936.0,8451.0,272419,2495.0,-145108,-7515.0
CANADIAN DOLLAR - CHICAGO MERCANTILE EXCHANGE,2025-10-28,28366,178410,268.0,5204.0,278750,6331.0,-150044,-4936.0
CANADIAN DOLLAR - CHICAGO MERCANTILE EXCHANGE,2025-11-04,27186,186698,-1180.0,8288.0,292964,14214.0,-159512,-9468.0
CANADIAN DOLLAR - CHICAGO MERCANTILE EXCHANGE,2025-11-10,23151,180786,-4035.0,-5912.0,289605,-3359.0,-157635,1877.0
CANADIAN DOLLAR - CHICAGO MERCANTILE EXCHANGE,2025-11-18,24252,173351,1101.0,-7435.0,278400,-11205.0,-149099,8536.0
CANADIAN DOLLAR - CHICAGO MERCANTILE EXCHANGE,2025-11-25,21438,171852,-2814.0,-1499.0,280112,1712.0,-150414,-1315.0
CANADIAN DOLLAR - CHICAGO MERCANTILE EXCHANGE,2025-12-02,19047,169094,-2391.0,-2758.0,274997,-5115.0,-150047,367.0
CANADIAN DOLLAR - CHICAGO MERCANTILE EXCHANGE,2025-12-09,15794,146394,-3253.0,-22700.0,251868,-23129.0,-130600,19447.0
CANADIAN DOLLAR - CHICAGO MERCANTILE EXCHANGE,2025-12-16,25653,112293,9859.0,-34101.0,244427,-7441.0,-86640,43960.0
CANADIAN DOLLAR - CHICAGO MERCANTILE EXCHANGE,2025-12-23,41739,97532,16086.0,-14761.0,197138,-47289.0,-55793,30847.0
CANADIAN DOLLAR - CHICAGO MERCANTILE EXCHANGE,2025-12-30,52787,93298,11048.0,-4234.0,211171,14033.0,-40511,15282.0
CANADIAN DOLLAR - CHICAGO MERCANTILE EXCHANGE,2026-01-06,56931,97516,4144.0,4218.0,218740,7569.0,-40585,-74.0
CANADIAN DOLLAR - CHICAGO MERCANTILE EXCHANGE,2026-01-13,62705,104955,5774.0,7439.0,219263,523.0,-42250,-1665.0
CANADIAN DOLLAR - CHICAGO MERCANTILE EXCHANGE,2026-01-20,59456,101241,-3249.0,-3714.0,213597,-5666.0,-41785,465.0
CANADIAN DOLLAR - CHICAGO MERCANTILE EXCHANGE,2026-01-27,77169,93215,17713.0,-8026.0,227204,13607.0,-16046,25739.0
CANADIAN DOLLAR - CHICAGO MERCANTILE EXCHANGE,2026-02-03,77397,75267,228.0,-17948.0,216252,-10952.0,2130,18176.0
CANADIAN DOLLAR - CHICAGO MERCANTILE EXCHANGE,2026-02-10,84554,71278,7157.0,-3989.0,215037,-1215.0,13276,11146.0
CANADIAN DOLLAR - CHICAGO MERCANTILE EXCHANGE,2026-02-17,89601,63775,5047.0,-7503.0,218415,3378.0,25826,12550.0
CANADIAN DOLLAR - CHICAGO MERCANTILE EXCHANGE,2026-02-24,92812,65234,3211.0,1459.0,222562,4147.0,27578,1752.0
CANADIAN DOLLAR - CHICAGO MERCANTILE EXCHANGE,2026-03-03,94008,72958,1196.0,7724.0,232433,9871.0,21050,-6528.0
CANADIAN DOLLAR - CHICAGO MERCANTILE EXCHANGE,2026-03-10,93899,57740,-109.0,-15218.0,288392,55959.0,36159,15109.0
CANADIAN DOLLAR - CHICAGO MERCANTILE EXCHANGE,2026-03-17,66507,65621,-27392.0,7881.0,247753,-40639.0,886,-35273.0
CANADIAN DOLLAR - CHICAGO MERCANTILE EXCHANGE,2026-03-24,62382,63984,-4125.0,-1637.0,182798,-64955.0,-1602,-2488.0
CANADIAN DOLLAR - CHICAGO MERCANTILE EXCHANGE,2026-03-31,56421,89105,-5961.0,25121.0,217085,34287.0,-32684,-31082.0
CANADIAN DOLLAR - CHICAGO MERCANTILE EXCHANGE,2026-04-07,60714,116362,4293.0,27257.0,240735,23650.0,-55648,-22964.0
CANADIAN DOLLAR - CHICAGO MERCANTILE EXCHANGE,2026-04-14,54249,132521,-6465.0,16159.0,259258,18523.0,-78272,-22624.0
CANADIAN DOLLAR - CHICAGO MERCANTILE EXCHANGE,2026-04-21,60889,119723,6640.0,-12798.0,255128,-4130.0,-58834,19438.0
CANADIAN DOLLAR - CHICAGO MERCANTILE EXCHANGE,2026-04-28,66517,104993,5628.0,-14730.0,252679,-2449.0,-38476,20358.0
CANADIAN DOLLAR - CHICAGO MERCANTILE EXCHANGE,2026-05-05,73650,88309,7133.0,-16684.0,243793,-8886.0,-14659,23817.0
CANADIAN DOLLAR - CHICAGO MERCANTILE EXCHANGE,2026-05-12,77042,93284,3392.0,4975.0,251467,7674.0,-16242,-1583.0
CANADIAN DOLLAR - CHICAGO MERCANTILE EXCHANGE,2026-05-19,72674,103905,-4368.0,10621.0,292877,41410.0,-31231,-14989.0
CANADIAN DOLLAR - CHICAGO MERCANTILE EXCHANGE,2026-05-26,53676,122558,-18998.0,18653.0,297944,5067.0,-68882,-37651.0
CANADIAN DOLLAR - CHICAGO MERCANTILE EXCHANGE,2026-06-02,37723,131834,-15953.0,9276.0,305869,7925.0,-94111,-25229.0
CANADIAN DOLLAR - CHICAGO MERCANTILE EXCHANGE,2026-06-09,37944,157943,221.0,26109.0,383773,77904.0,-119999,-25888.0
CANADIAN DOLLAR - CHICAGO MERCANTILE EXCHANGE,2026-06-16,39686,172587,1742.0,14644.0,492468,108695.0,-132901,-12902.0
CANADIAN DOLLAR - CHICAGO MERCANTILE EXCHANGE,2026-06-23,39429,186221,-257.0,13634.0,342860,-149608.0,-146792,-13891.0
CANADIAN DOLLAR - CHICAGO MERCANTILE EXCHANGE,2026-06-30,37989,188795,-1440.0,2574.0,346500,3640.0,-150806,-4014.0
CANADIAN DOLLAR - CHICAGO MERCANTILE EXCHANGE,2026-07-07,31566,204692,-6423.0,15897.0,363847,17347.0,-173126,-22320.0
CANADIAN DOLLAR - CHICAGO MERCANTILE EXCHANGE,2026-07-14,29712,205991,-1854.0,1299.0,368792,4945.0,-176279,-3153.0
CANADIAN DOLLAR - CHICAGO MERCANTILE EXCHANGE,2026-07-21,27007,201455,-2705.0,-4536.0,365599,-3193.0,-174448,1831.0
CANADIAN DOLLAR - CHICAGO MERCANTILE EXCHANGE,2026-07-28,22500,198810,-4507.0,-2645.0,372447,6848.0,-176310,-1862.0
CANADIAN DOLLAR - CHICAGO MERCANTILE EXCHANGE,2026-08-04,13514,192609,-8986.0,-6201.0,365083,-7364.0,-179095,-2785.0
CANADIAN DOLLAR - CHICAGO MERCANTILE EXCHANGE,2026-08-11,12854,186216,-660.0,-6393.0,364104,-979.0,-173362,5733.0
CANADIAN DOLLAR - CHICAGO MERCANTILE EXCHANGE,2026-08-18,22985,181151,10131.0,-5065.0,359585,-4519.0,-158166,15196.0
CANADIAN DOLLAR - CHICAGO MERCANTILE EXCHANGE,2026-08-25,36266,157788,13281.0,-23363.0,329544,-30041.0,-121522,36644.0
CANADIAN DOLLAR - CHICAGO MERCANTILE EXCHANGE,2026-09-01,36262,144405,-4.0,-13383.0,334800,5256.0,-108143,13379.0
CANADIAN DOLLAR - CHICAGO MERCANTILE EXCHANGE,2026-09-08,54444,124943,18182.0,-19462.0,334861,61.0,-70499,37644.0
CANADIAN DOLLAR - CHICAGO MERCANTILE EXCHANGE,2026-09-15,73950,111527,19506.0,-13416.0,358186,23325.0,-37577,32922.0
CANADIAN DOLLAR - CHICAGO MERCANTILE EXCHANGE,2026-09-22,86030,139240,12080.0,27713.0,311085,-47101.0,-53210,-15633.0
