Market and Exchange Names,As of Date in Form YYYY-MM-DD,Noncommercial Positions-Long (All),Noncommercial Positions-Short (All),Change in Noncommercial-Long (All),Change in Noncommercial-Short (All),Open Interest (All),Change in Open Interest (All),Net Positions,Change Net Positions
COPPER - COMMODITY EXCHANGE INC.,1986-01-15,27138,840,,,88815,,26298,
COPPER - COMMODITY EXCHANGE INC.,1986-01-31,24355,1044,-2783.0,204.0,89123,308.0,23311,-2987.0
COPPER - COMMODITY EXCHANGE INC.,1986-02-14,17780,954,-6575.0,-90.0,83387,-5736.0,16826,-6485.0
COPPER - COMMODITY EXCHANGE INC.,1986-02-28,19066,687,1286.0,-267.0,79497,-3890.0,18379,1553.0
COPPER - COMMODITY EXCHANGE INC.,1986-03-14,26267,2098,7201.0,1411.0,86526,7029.0,24169,5790.0
COPPER - COMMODITY EXCHANGE INC.,1986-03-31,30158,1764,3891.0,-334.0,91606,5080.0,28394,4225.0
COPPER - COMMODITY EXCHANGE INC.,1986-04-15,18711,1151,-11447.0,-613.0,79653,-11953.0,17560,-10834.0
COPPER - COMMODITY EXCHANGE INC.,1986-04-30,19324,3218,613.0,2067.0,73828,-5825.0,16106,-1454.0
COPPER - COMMODITY EXCHANGE INC.,1986-05-15,20851,3024,1527.0,-194.0,70277,-3551.0,17827,1721.0
COPPER - COMMODITY EXCHANGE INC.,1986-05-30,22227,4604,1376.0,1580.0,71286,1009.0,17623,-204.0
COPPER - COMMODITY EXCHANGE INC.,1986-06-13,21298,2783,-929.0,-1821.0,68281,-3005.0,18515,892.0
COPPER - COMMODITY EXCHANGE INC.,1986-06-30,15844,5567,-5454.0,2784.0,65698,-2583.0,10277,-8238.0
COPPER - COMMODITY EXCHANGE INC.,1986-07-15,17349,4844,1505.0,-723.0,63423,-2275.0,12505,2228.0
COPPER - COMMODITY EXCHANGE INC.,1986-07-31,17120,4899,-229.0,55.0,62060,-1363.0,12221,-284.0
COPPER - COMMODITY EXCHANGE INC.,1986-08-15,17717,6479,597.0,1580.0,61668,-392.0,11238,-983.0
COPPER - COMMODITY EXCHANGE INC.,1986-08-29,22837,5955,5120.0,-524.0,60118,-1550.0,16882,5644.0
COPPER - COMMODITY EXCHANGE INC.,1986-09-15,22531,1834,-306.0,-4121.0,60883,765.0,20697,3815.0
COPPER - COMMODITY EXCHANGE INC.,1986-09-30,23652,957,1121.0,-877.0,65370,4487.0,22695,1998.0
COPPER - COMMODITY EXCHANGE INC.,1986-10-15,23065,1937,-587.0,980.0,63663,-1707.0,21128,-1567.0
COPPER - COMMODITY EXCHANGE INC.,1986-10-31,24961,6465,1896.0,4528.0,70396,6733.0,18496,-2632.0
COPPER - COMMODITY EXCHANGE INC.,1986-11-14,25263,5782,302.0,-683.0,74452,4056.0,19481,985.0
COPPER - COMMODITY EXCHANGE INC.,1986-11-28,26217,1352,954.0,-4430.0,74353,-99.0,24865,5384.0
COPPER - COMMODITY EXCHANGE INC.,1986-12-15,27044,1504,827.0,152.0,77725,3372.0,25540,675.0
COPPER - COMMODITY EXCHANGE INC.,1986-12-31,27087,2026,43.0,522.0,77988,263.0,25061,-479.0
COPPER - COMMODITY EXCHANGE INC.,1987-01-15,29513,3405,2426.0,1379.0,78485,497.0,26108,1047.0
COPPER - COMMODITY EXCHANGE INC.,1987-01-30,28862,2750,-651.0,-655.0,75844,-2641.0,26112,4.0
COPPER - COMMODITY EXCHANGE INC.,1987-02-13,28683,1999,-179.0,-751.0,77589,1745.0,26684,572.0
COPPER - COMMODITY EXCHANGE INC.,1987-02-27,29028,1274,345.0,-725.0,77526,-63.0,27754,1070.0
COPPER - COMMODITY EXCHANGE INC.,1987-03-13,29558,1966,530.0,692.0,76836,-690.0,27592,-162.0
COPPER - COMMODITY EXCHANGE INC.,1987-03-31,33650,2888,4092.0,922.0,76775,-61.0,30762,3170.0
COPPER - COMMODITY EXCHANGE INC.,1987-04-15,27038,2718,-6612.0,-170.0,68446,-8329.0,24320,-6442.0
COPPER - COMMODITY EXCHANGE INC.,1987-04-30,23381,4583,-3657.0,1865.0,67052,-1394.0,18798,-5522.0
COPPER - COMMODITY EXCHANGE INC.,1987-05-15,28975,5792,5594.0,1209.0,79929,12877.0,23183,4385.0
COPPER - COMMODITY EXCHANGE INC.,1987-05-29,22619,2341,-6356.0,-3451.0,72441,-7488.0,20278,-2905.0
COPPER - COMMODITY EXCHANGE INC.,1987-06-15,36068,9375,13449.0,7034.0,85918,13477.0,26693,6415.0
COPPER - COMMODITY EXCHANGE INC.,1987-06-30,41071,8362,5003.0,-1013.0,89640,3722.0,32709,6016.0
COPPER - COMMODITY EXCHANGE INC.,1987-07-15,34071,6849,-7000.0,-1513.0,82890,-6750.0,27222,-5487.0
COPPER - COMMODITY EXCHANGE INC.,1987-07-31,31389,6362,-2682.0,-487.0,87353,4463.0,25027,-2195.0
COPPER - COMMODITY EXCHANGE INC.,1987-08-14,26216,4843,-5173.0,-1519.0,75078,-12275.0,21373,-3654.0
COPPER - COMMODITY EXCHANGE INC.,1987-08-31,24341,4443,-1875.0,-400.0,64979,-10099.0,19898,-1475.0
COPPER - COMMODITY EXCHANGE INC.,1987-09-15,30566,5731,6225.0,1288.0,67722,2743.0,24835,4937.0
COPPER - COMMODITY EXCHANGE INC.,1987-09-30,25053,7480,-5513.0,1749.0,62572,-5150.0,17573,-7262.0
COPPER - COMMODITY EXCHANGE INC.,1987-10-15,25667,6796,614.0,-684.0,64688,2116.0,18871,1298.0
COPPER - COMMODITY EXCHANGE INC.,1987-10-30,7043,5666,-18624.0,-1130.0,49474,-15214.0,1377,-17494.0
COPPER - COMMODITY EXCHANGE INC.,1987-11-13,12789,6153,5746.0,487.0,46368,-3106.0,6636,5259.0
COPPER - COMMODITY EXCHANGE INC.,1987-11-30,14549,6529,1760.0,376.0,44425,-1943.0,8020,1384.0
COPPER - COMMODITY EXCHANGE INC.,1987-12-15,12472,6526,-2077.0,-3.0,41513,-2912.0,5946,-2074.0
COPPER - COMMODITY EXCHANGE INC.,1987-12-31,11991,4600,-481.0,-1926.0,41206,-307.0,7391,1445.0
COPPER - COMMODITY EXCHANGE INC.,1988-01-15,7047,3368,-4944.0,-1232.0,42440,1234.0,3679,-3712.0
COPPER - COMMODITY EXCHANGE INC.,1988-01-29,5024,4465,-2023.0,1097.0,44423,1983.0,559,-3120.0
COPPER - COMMODITY EXCHANGE INC.,1988-02-12,4182,3617,-842.0,-848.0,41703,-2720.0,565,6.0
COPPER - COMMODITY EXCHANGE INC.,1988-02-29,4484,925,302.0,-2692.0,34598,-7105.0,3559,2994.0
COPPER - COMMODITY EXCHANGE INC.,1988-03-15,5984,1155,1500.0,230.0,34846,248.0,4829,1270.0
COPPER - COMMODITY EXCHANGE INC.,1988-03-31,9925,1553,3941.0,398.0,40060,5214.0,8372,3543.0
COPPER - COMMODITY EXCHANGE INC.,1988-04-15,6324,152,-3601.0,-1401.0,34182,-5878.0,6172,-2200.0
COPPER - COMMODITY EXCHANGE INC.,1988-04-29,3163,112,-3161.0,-40.0,30434,-3748.0,3051,-3121.0
COPPER - COMMODITY EXCHANGE INC.,1988-05-13,3642,0,479.0,-112.0,32779,2345.0,3642,591.0
COPPER - COMMODITY EXCHANGE INC.,1988-05-31,3700,500,58.0,500.0,28841,-3938.0,3200,-442.0
COPPER - COMMODITY EXCHANGE INC.,1988-06-15,6996,652,3296.0,152.0,35676,6835.0,6344,3144.0
COPPER - COMMODITY EXCHANGE INC.,1988-06-30,7592,539,596.0,-113.0,37556,1880.0,7053,709.0
COPPER - COMMODITY EXCHANGE INC.,1988-07-15,5318,1584,-2274.0,1045.0,31678,-5878.0,3734,-3319.0
COPPER - COMMODITY EXCHANGE INC.,1988-07-29,4570,843,-748.0,-741.0,27437,-4241.0,3727,-7.0
COPPER - COMMODITY EXCHANGE INC.,1988-08-15,4956,1085,386.0,242.0,28069,632.0,3871,144.0
COPPER - COMMODITY EXCHANGE INC.,1988-08-31,7187,1596,2231.0,511.0,33668,5599.0,5591,1720.0
COPPER - COMMODITY EXCHANGE INC.,1988-09-15,11805,807,4618.0,-789.0,34912,1244.0,10998,5407.0
COPPER - COMMODITY EXCHANGE INC.,1988-09-30,14208,3184,2403.0,2377.0,36473,1561.0,11024,26.0
COPPER - COMMODITY EXCHANGE INC.,1988-10-14,12571,4136,-1637.0,952.0,35459,-1014.0,8435,-2589.0
COPPER - COMMODITY EXCHANGE INC.,1988-10-31,12209,2919,-362.0,-1217.0,38036,2577.0,9290,855.0
COPPER - COMMODITY EXCHANGE INC.,1988-11-15,5531,3226,-6678.0,307.0,35423,-2613.0,2305,-6985.0
COPPER - COMMODITY EXCHANGE INC.,1988-11-30,6833,3543,1302.0,317.0,36013,590.0,3290,985.0
COPPER - COMMODITY EXCHANGE INC.,1988-12-15,7313,3190,480.0,-353.0,32529,-3484.0,4123,833.0
COPPER - COMMODITY EXCHANGE INC.,1988-12-30,6943,3857,-370.0,667.0,31083,-1446.0,3086,-1037.0
COPPER - COMMODITY EXCHANGE INC.,1989-01-13,6662,4547,-281.0,690.0,32211,1128.0,2115,-971.0
COPPER - COMMODITY EXCHANGE INC.,1989-01-31,11240,5887,4578.0,1340.0,34883,2672.0,5353,3238.0
COPPER - COMMODITY EXCHANGE INC.,1989-02-15,4736,7203,-6504.0,1316.0,34043,-840.0,-2467,-7820.0
COPPER - COMMODITY EXCHANGE INC.,1989-02-28,4743,5485,7.0,-1718.0,34560,517.0,-742,1725.0
COPPER - COMMODITY EXCHANGE INC.,1989-03-15,9981,4274,5238.0,-1211.0,35706,1146.0,5707,6449.0
COPPER - COMMODITY EXCHANGE INC.,1989-03-31,8268,5432,-1713.0,1158.0,33276,-2430.0,2836,-2871.0
COPPER - COMMODITY EXCHANGE INC.,1989-04-14,10132,4992,1864.0,-440.0,37786,4510.0,5140,2304.0
COPPER - COMMODITY EXCHANGE INC.,1989-04-28,10449,4307,317.0,-685.0,35516,-2270.0,6142,1002.0
COPPER - COMMODITY EXCHANGE INC.,1989-05-15,6623,7239,-3826.0,2932.0,30001,-5515.0,-616,-6758.0
COPPER - COMMODITY EXCHANGE INC.,1989-05-31,4110,8735,-2513.0,1496.0,28702,-1299.0,-4625,-4009.0
COPPER - COMMODITY EXCHANGE INC.,1989-06-15,3780,7405,-330.0,-1330.0,28378,-324.0,-3625,1000.0
COPPER - COMMODITY EXCHANGE INC.,1989-06-30,4182,8523,402.0,1118.0,26665,-1713.0,-4341,-716.0
COPPER - COMMODITY EXCHANGE INC.,1989-07-14,4596,8033,414.0,-490.0,25749,-916.0,-3437,904.0
COPPER-GRADE #1 - COMMODITY EXCHANGE INC.,1989-07-31,0,0,0.0,0.0,2353,277.0,0,3437.0
COPPER - COMMODITY EXCHANGE INC.,1989-07-31,4641,2933,45.0,-5100.0,21866,-3883.0,1708,1708.0
COPPER-GRADE #1 - COMMODITY EXCHANGE INC.,1989-08-15,0,0,0.0,0.0,3115,762.0,0,-1708.0
COPPER - COMMODITY EXCHANGE INC.,1989-08-15,8110,2752,3469.0,-181.0,25621,3755.0,5358,5358.0
COPPER-GRADE #1 - COMMODITY EXCHANGE INC.,1989-08-31,0,0,0.0,0.0,4518,1403.0,0,-5358.0
COPPER - COMMODITY EXCHANGE INC.,1989-08-31,6033,1776,-2077.0,-976.0,25959,338.0,4257,4257.0
COPPER-GRADE #1 - COMMODITY EXCHANGE INC.,1989-09-15,0,0,0.0,0.0,4894,376.0,0,-4257.0
COPPER - COMMODITY EXCHANGE INC.,1989-09-15,6131,1394,98.0,-382.0,24468,-1491.0,4737,4737.0
COPPER-GRADE #1 - COMMODITY EXCHANGE INC.,1989-09-29,0,0,0.0,0.0,5831,937.0,0,-4737.0
COPPER - COMMODITY EXCHANGE INC.,1989-09-29,1940,1750,-4191.0,356.0,18628,-5840.0,190,190.0
COPPER-GRADE #1 - COMMODITY EXCHANGE INC.,1989-10-13,0,200,0.0,200.0,7547,1716.0,-200,-390.0
COPPER - COMMODITY EXCHANGE INC.,1989-10-13,6399,1113,4459.0,-637.0,20534,1906.0,5286,5486.0
COPPER-GRADE #1 - COMMODITY EXCHANGE INC.,1989-10-31,110,352,110.0,152.0,10359,2812.0,-242,-5528.0
COPPER - COMMODITY EXCHANGE INC.,1989-10-31,2179,5889,-4220.0,4776.0,19623,-911.0,-3710,-3468.0
COPPER-GRADE #1 - COMMODITY EXCHANGE INC.,1989-11-15,141,249,31.0,-103.0,14450,4091.0,-108,3602.0
COPPER - COMMODITY EXCHANGE INC.,1989-11-15,955,5641,-1224.0,-248.0,15881,-3742.0,-4686,-4578.0
COPPER-GRADE #1 - COMMODITY EXCHANGE INC.,1989-11-30,799,6776,658.0,6527.0,24921,10471.0,-5977,-1291.0
COPPER - COMMODITY EXCHANGE INC.,1989-11-30,171,1155,-784.0,-4486.0,6786,-9095.0,-984,4993.0
COPPER-GRADE #1 - COMMODITY EXCHANGE INC.,1989-12-15,1224,7678,425.0,902.0,30581,5660.0,-6454,-5470.0
COPPER - COMMODITY EXCHANGE INC.,1989-12-15,0,730,-171.0,-425.0,2427,-4359.0,-730,5724.0
COPPER-GRADE #1 - COMMODITY EXCHANGE INC.,1989-12-29,623,6989,-601.0,-689.0,29987,-594.0,-6366,-5636.0
COPPER-GRADE #1 - COMMODITY EXCHANGE INC.,1990-01-15,1992,5804,1369.0,-1185.0,30973,986.0,-3812,2554.0
COPPER-GRADE #1 - COMMODITY EXCHANGE INC.,1990-01-31,980,9028,-1012.0,3224.0,34757,3784.0,-8048,-4236.0
COPPER-GRADE #1 - COMMODITY EXCHANGE INC.,1990-02-15,1740,5307,760.0,-3721.0,32471,-2286.0,-3567,4481.0
COPPER-GRADE #1 - COMMODITY EXCHANGE INC.,1990-02-28,3665,5683,1925.0,376.0,33396,925.0,-2018,1549.0
COPPER-GRADE #1 - COMMODITY EXCHANGE INC.,1990-03-15,9687,5940,6022.0,257.0,35743,2347.0,3747,5765.0
COPPER-GRADE #1 - COMMODITY EXCHANGE INC.,1990-03-30,9014,2811,-673.0,-3129.0,32499,-3244.0,6203,2456.0
COPPER-GRADE #1 - COMMODITY EXCHANGE INC.,1990-04-12,7752,4479,-1262.0,1668.0,35551,3052.0,3273,-2930.0
COPPER-GRADE #1 - COMMODITY EXCHANGE INC.,1990-04-30,3661,4705,-4091.0,226.0,32944,-2607.0,-1044,-4317.0
COPPER-GRADE #1 - COMMODITY EXCHANGE INC.,1990-05-15,5982,1762,2321.0,-2943.0,32102,-842.0,4220,5264.0
COPPER-GRADE #1 - COMMODITY EXCHANGE INC.,1990-05-31,4752,4167,-1230.0,2405.0,31925,-177.0,585,-3635.0
COPPER-GRADE #1 - COMMODITY EXCHANGE INC.,1990-06-15,2917,4066,-1835.0,-101.0,29291,-2634.0,-1149,-1734.0
COPPER-GRADE #1 - COMMODITY EXCHANGE INC.,1990-06-29,8651,3709,5734.0,-357.0,32094,2803.0,4942,6091.0
COPPER-GRADE #1 - COMMODITY EXCHANGE INC.,1990-07-13,9321,1203,670.0,-2506.0,33629,1535.0,8118,3176.0
COPPER-GRADE #1 - COMMODITY EXCHANGE INC.,1990-07-31,7754,1657,-1567.0,454.0,30819,-2810.0,6097,-2021.0
COPPER-GRADE #1 - COMMODITY EXCHANGE INC.,1990-08-15,7507,2587,-247.0,930.0,31552,733.0,4920,-1177.0
COPPER-GRADE #1 - COMMODITY EXCHANGE INC.,1990-08-31,7407,1683,-100.0,-904.0,32307,755.0,5724,804.0
COPPER-GRADE #1 - COMMODITY EXCHANGE INC.,1990-09-14,7032,2088,-375.0,405.0,32248,-59.0,4944,-780.0
COPPER-GRADE #1 - COMMODITY EXCHANGE INC.,1990-09-28,2908,4372,-4124.0,2284.0,32290,42.0,-1464,-6408.0
COPPER-GRADE #1 - COMMODITY EXCHANGE INC.,1990-10-15,2423,5407,-485.0,1035.0,36900,4610.0,-2984,-1520.0
COPPER-GRADE #1 - COMMODITY EXCHANGE INC.,1990-10-31,1862,4194,-561.0,-1213.0,36574,-326.0,-2332,652.0
COPPER-GRADE #1 - COMMODITY EXCHANGE INC.,1990-11-15,2275,3544,413.0,-650.0,34075,-2499.0,-1269,1063.0
COPPER-GRADE #1 - COMMODITY EXCHANGE INC.,1990-11-30,1621,6800,-654.0,3256.0,36023,1948.0,-5179,-3910.0
COPPER-GRADE #1 - COMMODITY EXCHANGE INC.,1990-12-14,1457,10333,-164.0,3533.0,38890,2867.0,-8876,-3697.0
COPPER-GRADE #1 - COMMODITY EXCHANGE INC.,1990-12-31,1887,5349,430.0,-4984.0,35783,-3107.0,-3462,5414.0
COPPER-GRADE #1 - COMMODITY EXCHANGE INC.,1991-01-15,6456,3542,4569.0,-1807.0,33763,-2020.0,2914,6376.0
COPPER-GRADE #1 - COMMODITY EXCHANGE INC.,1991-01-31,673,7704,-5783.0,4162.0,37656,3893.0,-7031,-9945.0
COPPER-GRADE #1 - COMMODITY EXCHANGE INC.,1991-02-15,972,6598,299.0,-1106.0,35056,-2600.0,-5626,1405.0
COPPER-GRADE #1 - COMMODITY EXCHANGE INC.,1991-02-28,2228,5449,1256.0,-1149.0,34753,-303.0,-3221,2405.0
COPPER-GRADE #1 - COMMODITY EXCHANGE INC.,1991-03-15,1914,5841,-314.0,392.0,34380,-373.0,-3927,-706.0
COPPER-GRADE #1 - COMMODITY EXCHANGE INC.,1991-03-28,1820,6848,-94.0,1007.0,33839,-541.0,-5028,-1101.0
COPPER-GRADE #1 - COMMODITY EXCHANGE INC.,1991-04-15,2135,5727,315.0,-1121.0,32514,-1325.0,-3592,1436.0
COPPER-GRADE #1 - COMMODITY EXCHANGE INC.,1991-04-30,3100,9329,965.0,3602.0,36736,4222.0,-6229,-2637.0
COPPER-GRADE #1 - COMMODITY EXCHANGE INC.,1991-05-15,1192,14257,-1908.0,4928.0,45429,8693.0,-13065,-6836.0
COPPER-GRADE #1 - COMMODITY EXCHANGE INC.,1991-05-31,766,13648,-426.0,-609.0,45616,187.0,-12882,183.0
COPPER-GRADE #1 - COMMODITY EXCHANGE INC.,1991-06-14,583,8431,-183.0,-5217.0,40365,-5251.0,-7848,5034.0
COPPER-GRADE #1 - COMMODITY EXCHANGE INC.,1991-06-28,2002,5968,1419.0,-2463.0,36421,-3944.0,-3966,3882.0
COPPER-GRADE #1 - COMMODITY EXCHANGE INC.,1991-07-15,942,6664,-1060.0,696.0,33080,-3341.0,-5722,-1756.0
COPPER-GRADE #1 - COMMODITY EXCHANGE INC.,1991-07-31,2041,6672,1099.0,8.0,32503,-577.0,-4631,1091.0
COPPER-GRADE #1 - COMMODITY EXCHANGE INC.,1991-08-15,2424,4823,383.0,-1849.0,32783,280.0,-2399,2232.0
COPPER-GRADE #1 - COMMODITY EXCHANGE INC.,1991-08-30,5956,2511,3532.0,-2312.0,36676,3893.0,3445,5844.0
COPPER-GRADE #1 - COMMODITY EXCHANGE INC.,1991-09-16,11435,2933,5479.0,422.0,41580,4904.0,8502,5057.0
COPPER-GRADE #1 - COMMODITY EXCHANGE INC.,1991-09-30,11931,4348,496.0,1415.0,41155,-425.0,7583,-919.0
COPPER-GRADE #1 - COMMODITY EXCHANGE INC.,1991-10-15,10106,5585,-1825.0,1237.0,41650,495.0,4521,-3062.0
COPPER-GRADE #1 - COMMODITY EXCHANGE INC.,1991-10-31,12711,6012,2605.0,427.0,45125,3475.0,6699,2178.0
COPPER-GRADE #1 - COMMODITY EXCHANGE INC.,1991-11-15,9164,5743,-3547.0,-269.0,40502,-4623.0,3421,-3278.0
COPPER-GRADE #1 - COMMODITY EXCHANGE INC.,1991-11-29,6335,5282,-2829.0,-461.0,36364,-4138.0,1053,-2368.0
COPPER-GRADE #1 - COMMODITY EXCHANGE INC.,1991-12-13,2748,16421,-3587.0,11139.0,46685,10321.0,-13673,-14726.0
COPPER-GRADE #1 - COMMODITY EXCHANGE INC.,1991-12-31,1233,14487,-1515.0,-1934.0,43334,-3351.0,-13254,419.0
COPPER-GRADE #1 - COMMODITY EXCHANGE INC.,1992-01-15,1042,16046,-191.0,1559.0,48927,5593.0,-15004,-1750.0
COPPER-GRADE #1 - COMMODITY EXCHANGE INC.,1992-01-31,1933,10073,891.0,-5973.0,46302,-2625.0,-8140,6864.0
COPPER-GRADE #1 - COMMODITY EXCHANGE INC.,1992-02-14,5109,5964,3176.0,-4109.0,49150,2848.0,-855,7285.0
COPPER-GRADE #1 - COMMODITY EXCHANGE INC.,1992-02-28,11686,3543,6577.0,-2421.0,51533,2383.0,8143,8998.0
COPPER-GRADE #1 - COMMODITY EXCHANGE INC.,1992-03-13,8039,2223,-3647.0,-1320.0,47335,-4198.0,5816,-2327.0
COPPER-GRADE #1 - COMMODITY EXCHANGE INC.,1992-03-31,8441,1827,402.0,-396.0,46447,-888.0,6614,798.0
COPPER-GRADE #1 - COMMODITY EXCHANGE INC.,1992-04-15,4087,2008,-4354.0,181.0,44029,-2418.0,2079,-4535.0
COPPER-GRADE #1 - COMMODITY EXCHANGE INC.,1992-04-30,4002,2471,-85.0,463.0,40454,-3575.0,1531,-548.0
COPPER-GRADE #1 - COMMODITY EXCHANGE INC.,1992-05-15,5912,1515,1910.0,-956.0,40309,-145.0,4397,2866.0
COPPER-GRADE #1 - COMMODITY EXCHANGE INC.,1992-05-29,6421,1218,509.0,-297.0,38295,-2014.0,5203,806.0
COPPER-GRADE #1 - COMMODITY EXCHANGE INC.,1992-06-15,13870,1577,7449.0,359.0,48812,10517.0,12293,7090.0
COPPER-GRADE #1 - COMMODITY EXCHANGE INC.,1992-06-30,18260,2045,4390.0,468.0,48170,-642.0,16215,3922.0
COPPER-GRADE #1 - COMMODITY EXCHANGE INC.,1992-07-15,17238,1493,-1022.0,-552.0,48528,358.0,15745,-470.0
COPPER-GRADE #1 - COMMODITY EXCHANGE INC.,1992-07-31,12471,1124,-4767.0,-369.0,40746,-7782.0,11347,-4398.0
COPPER-GRADE #1 - COMMODITY EXCHANGE INC.,1992-08-14,7613,2005,-4858.0,881.0,34877,-5869.0,5608,-5739.0
COPPER-GRADE #1 - COMMODITY EXCHANGE INC.,1992-08-31,6937,1157,-676.0,-848.0,34574,-303.0,5780,172.0
COPPER-GRADE #1 - COMMODITY EXCHANGE INC.,1992-09-15,5276,3890,-1661.0,2733.0,35459,885.0,1386,-4394.0
COPPER-GRADE #1 - COMMODITY EXCHANGE INC.,1992-09-30,4084,6896,-1192.0,3006.0,39524,4065.0,-2812,-4198.0
COPPER-GRADE #1 - COMMODITY EXCHANGE INC.,1992-10-06,3177,8929,-907.0,2033.0,40174,650.0,-5752,-2940.0
COPPER-GRADE #1 - COMMODITY EXCHANGE INC.,1992-10-13,3157,9802,-20.0,873.0,41838,1664.0,-6645,-893.0
COPPER-GRADE #1 - COMMODITY EXCHANGE INC.,1992-10-20,3527,9948,370.0,146.0,42150,312.0,-6421,224.0
COPPER-GRADE #1 - COMMODITY EXCHANGE INC.,1992-10-27,2863,10957,-664.0,1009.0,44176,2026.0,-8094,-1673.0
COPPER-GRADE #1 - COMMODITY EXCHANGE INC.,1992-11-03,2962,8240,99.0,-2717.0,40383,-3793.0,-5278,2816.0
COPPER-GRADE #1 - COMMODITY EXCHANGE INC.,1992-11-10,1935,10740,-1027.0,2500.0,46270,5887.0,-8805,-3527.0
COPPER-GRADE #1 - COMMODITY EXCHANGE INC.,1992-11-17,1664,10072,-271.0,-668.0,45871,-399.0,-8408,397.0
COPPER-GRADE #1 - COMMODITY EXCHANGE INC.,1992-11-24,1902,10617,238.0,545.0,47315,1444.0,-8715,-307.0
COPPER-GRADE #1 - COMMODITY EXCHANGE INC.,1992-12-01,1581,7825,-321.0,-2792.0,44130,-3185.0,-6244,2471.0
COPPER-GRADE #1 - COMMODITY EXCHANGE INC.,1992-12-08,1849,5615,268.0,-2210.0,44777,647.0,-3766,2478.0
COPPER-GRADE #1 - COMMODITY EXCHANGE INC.,1992-12-15,1918,4719,69.0,-896.0,45901,1124.0,-2801,965.0
COPPER-GRADE #1 - COMMODITY EXCHANGE INC.,1992-12-22,3622,2763,1704.0,-1956.0,45952,51.0,859,3660.0
COPPER-GRADE #1 - COMMODITY EXCHANGE INC.,1992-12-29,3992,1434,370.0,-1329.0,45944,-8.0,2558,1699.0
COPPER-GRADE #1 - COMMODITY EXCHANGE INC.,1993-01-05,6834,388,2842.0,-1046.0,46291,347.0,6446,3888.0
COPPER-GRADE #1 - COMMODITY EXCHANGE INC.,1993-01-12,2840,363,-3994.0,-25.0,46213,-78.0,2477,-3969.0
COPPER-GRADE #1 - COMMODITY EXCHANGE INC.,1993-01-19,731,1273,-2109.0,910.0,46789,576.0,-542,-3019.0
COPPER-GRADE #1 - COMMODITY EXCHANGE INC.,1993-01-26,719,1696,-12.0,423.0,49269,2480.0,-977,-435.0
COPPER-GRADE #1 - COMMODITY EXCHANGE INC.,1993-02-02,844,1734,125.0,38.0,48350,-919.0,-890,87.0
COPPER-GRADE #1 - COMMODITY EXCHANGE INC.,1993-02-09,1409,2108,565.0,374.0,48241,-109.0,-699,191.0
COPPER-GRADE #1 - COMMODITY EXCHANGE INC.,1993-02-16,1198,2471,-211.0,363.0,48591,350.0,-1273,-574.0
COPPER-GRADE #1 - COMMODITY EXCHANGE INC.,1993-02-23,929,3476,-269.0,1005.0,48090,-501.0,-2547,-1274.0
COPPER-GRADE #1 - COMMODITY EXCHANGE INC.,1993-03-02,1656,11378,727.0,7902.0,51747,3657.0,-9722,-7175.0
COPPER-GRADE #1 - COMMODITY EXCHANGE INC.,1993-03-09,1469,10991,-187.0,-387.0,51318,-429.0,-9522,200.0
COPPER-GRADE #1 - COMMODITY EXCHANGE INC.,1993-03-16,1240,6107,-229.0,-4884.0,46740,-4578.0,-4867,4655.0
COPPER-GRADE #1 - COMMODITY EXCHANGE INC.,1993-03-23,789,4952,-451.0,-1155.0,45687,-1053.0,-4163,704.0
COPPER-GRADE #1 - COMMODITY EXCHANGE INC.,1993-03-30,1402,5366,613.0,414.0,45376,-311.0,-3964,199.0
COPPER-GRADE #1 - COMMODITY EXCHANGE INC.,1993-04-06,1417,8936,15.0,3570.0,47768,2392.0,-7519,-3555.0
COPPER-GRADE #1 - COMMODITY EXCHANGE INC.,1993-04-13,612,9268,-805.0,332.0,51486,3718.0,-8656,-1137.0
COPPER-GRADE #1 - COMMODITY EXCHANGE INC.,1993-04-20,2026,9654,1414.0,386.0,55101,3615.0,-7628,1028.0
COPPER-GRADE #1 - COMMODITY EXCHANGE INC.,1993-04-27,702,8380,-1324.0,-1274.0,50918,-4183.0,-7678,-50.0
COPPER-GRADE #1 - COMMODITY EXCHANGE INC.,1993-05-04,1646,9269,944.0,889.0,51912,994.0,-7623,55.0
COPPER-GRADE #1 - COMMODITY EXCHANGE INC.,1993-05-11,3041,9695,1395.0,426.0,51695,-217.0,-6654,969.0
COPPER-GRADE #1 - COMMODITY EXCHANGE INC.,1993-05-18,3264,9284,223.0,-411.0,51787,92.0,-6020,634.0
COPPER-GRADE #1 - COMMODITY EXCHANGE INC.,1993-05-25,5623,8401,2359.0,-883.0,54846,3059.0,-2778,3242.0
COPPER-GRADE #1 - COMMODITY EXCHANGE INC.,1993-06-01,6444,9185,821.0,784.0,55967,1121.0,-2741,37.0
COPPER-GRADE #1 - COMMODITY EXCHANGE INC.,1993-06-08,7034,6263,590.0,-2922.0,55704,-263.0,771,3512.0
COPPER-GRADE #1 - COMMODITY EXCHANGE INC.,1993-06-15,7584,5243,550.0,-1020.0,56337,633.0,2341,1570.0
COPPER-GRADE #1 - COMMODITY EXCHANGE INC.,1993-06-22,7752,4975,168.0,-268.0,58201,1864.0,2777,436.0
COPPER-GRADE #1 - COMMODITY EXCHANGE INC.,1993-06-29,8636,3487,884.0,-1488.0,57535,-666.0,5149,2372.0
COPPER-GRADE #1 - COMMODITY EXCHANGE INC.,1993-07-06,10907,2383,2271.0,-1104.0,55363,-2172.0,8524,3375.0
COPPER-GRADE #1 - COMMODITY EXCHANGE INC.,1993-07-13,9108,2935,-1799.0,552.0,54923,-440.0,6173,-2351.0
COPPER-GRADE #1 - COMMODITY EXCHANGE INC.,1993-07-20,7824,2991,-1284.0,56.0,55066,143.0,4833,-1340.0
COPPER-GRADE #1 - COMMODITY EXCHANGE INC.,1993-07-27,5481,3032,-2343.0,41.0,53950,-1116.0,2449,-2384.0
COPPER-GRADE #1 - COMMODITY EXCHANGE INC.,1993-08-03,5976,2162,495.0,-870.0,54028,78.0,3814,1365.0
COPPER-GRADE #1 - COMMODITY EXCHANGE INC.,1993-08-10,5271,3741,-705.0,1579.0,56676,2648.0,1530,-2284.0
COPPER-GRADE #1 - COMMODITY EXCHANGE INC.,1993-08-17,4433,5078,-838.0,1337.0,54639,-2037.0,-645,-2175.0
COPPER-GRADE #1 - COMMODITY EXCHANGE INC.,1993-08-24,4583,4041,150.0,-1037.0,55012,373.0,542,1187.0
COPPER-GRADE #1 - COMMODITY EXCHANGE INC.,1993-08-31,4544,5090,-39.0,1049.0,50976,-4036.0,-546,-1088.0
COPPER-GRADE #1 - COMMODITY EXCHANGE INC.,1993-09-07,6045,4320,1501.0,-770.0,49694,-1282.0,1725,2271.0
COPPER-GRADE #1 - COMMODITY EXCHANGE INC.,1993-09-14,4250,9646,-1795.0,5326.0,52483,2789.0,-5396,-7121.0
COPPER-GRADE #1 - COMMODITY EXCHANGE INC.,1993-09-21,5287,12441,1037.0,2795.0,59836,7353.0,-7154,-1758.0
COPPER-GRADE #1 - COMMODITY EXCHANGE INC.,1993-09-28,4678,13600,-609.0,1159.0,60353,517.0,-8922,-1768.0
COPPER-GRADE #1 - COMMODITY EXCHANGE INC.,1993-10-05,7971,13874,3293.0,274.0,57868,-2485.0,-5903,3019.0
COPPER-GRADE #1 - COMMODITY EXCHANGE INC.,1993-10-12,7975,14035,4.0,161.0,56653,-1215.0,-6060,-157.0
COPPER-GRADE #1 - COMMODITY EXCHANGE INC.,1993-10-19,6848,14580,-1127.0,545.0,55638,-1015.0,-7732,-1672.0
COPPER-GRADE #1 - COMMODITY EXCHANGE INC.,1993-10-26,7192,14423,344.0,-157.0,57924,2286.0,-7231,501.0
COPPER-GRADE #1 - COMMODITY EXCHANGE INC.,1993-11-02,7943,13932,751.0,-491.0,58298,374.0,-5989,1242.0
COPPER-GRADE #1 - COMMODITY EXCHANGE INC.,1993-11-09,8772,11768,829.0,-2164.0,61957,3659.0,-2996,2993.0
COPPER-GRADE #1 - COMMODITY EXCHANGE INC.,1993-11-16,9557,11684,785.0,-84.0,64968,3011.0,-2127,869.0
COPPER-GRADE #1 - COMMODITY EXCHANGE INC.,1993-11-23,8434,11180,-1123.0,-504.0,67945,2977.0,-2746,-619.0
COPPER-GRADE #1 - COMMODITY EXCHANGE INC.,1993-11-30,8359,10724,-75.0,-456.0,67148,-797.0,-2365,381.0
COPPER-GRADE #1 - COMMODITY EXCHANGE INC.,1993-12-07,12740,6083,4381.0,-4641.0,70752,3604.0,6657,9022.0
COPPER-GRADE #1 - COMMODITY EXCHANGE INC.,1993-12-14,14359,3874,1619.0,-2209.0,69195,-1557.0,10485,3828.0
COPPER-GRADE #1 - COMMODITY EXCHANGE INC.,1993-12-21,14442,4399,83.0,525.0,68834,-361.0,10043,-442.0
COPPER-GRADE #1 - COMMODITY EXCHANGE INC.,1993-12-28,14229,4554,-213.0,155.0,68178,-656.0,9675,-368.0
COPPER-GRADE #1 - COMMODITY EXCHANGE INC.,1994-01-04,15637,4831,1408.0,277.0,67462,-716.0,10806,1131.0
COPPER-GRADE #1 - COMMODITY EXCHANGE INC.,1994-01-11,12646,5623,-2991.0,792.0,65968,-1494.0,7023,-3783.0
COPPER-GRADE #1 - COMMODITY EXCHANGE INC.,1994-01-18,17219,6268,4573.0,645.0,66945,977.0,10951,3928.0
COPPER-GRADE #1 - COMMODITY EXCHANGE INC.,1994-01-25,16803,7140,-416.0,872.0,63470,-3475.0,9663,-1288.0
COPPER-GRADE #1 - COMMODITY EXCHANGE INC.,1994-02-01,18443,7631,1640.0,491.0,64129,659.0,10812,1149.0
COPPER-GRADE #1 - COMMODITY EXCHANGE INC.,1994-02-08,19777,7005,1334.0,-626.0,69351,5222.0,12772,1960.0
COPPER-GRADE #1 - COMMODITY EXCHANGE INC.,1994-02-15,15608,5694,-4169.0,-1311.0,66116,-3235.0,9914,-2858.0
COPPER-GRADE #1 - COMMODITY EXCHANGE INC.,1994-02-22,15646,5857,38.0,163.0,63274,-2842.0,9789,-125.0
COPPER-GRADE #1 - COMMODITY EXCHANGE INC.,1994-03-01,15545,3527,-101.0,-2330.0,59722,-3552.0,12018,2229.0
COPPER-GRADE #1 - COMMODITY EXCHANGE INC.,1994-03-08,19948,3689,4403.0,162.0,63469,3747.0,16259,4241.0
COPPER-GRADE #1 - COMMODITY EXCHANGE INC.,1994-03-15,21493,3039,1545.0,-650.0,65623,2154.0,18454,2195.0
COPPER-GRADE #1 - COMMODITY EXCHANGE INC.,1994-03-22,22877,6343,1384.0,3304.0,71288,5665.0,16534,-1920.0
COPPER-GRADE #1 - COMMODITY EXCHANGE INC.,1994-03-29,21551,6076,-1326.0,-267.0,68602,-2686.0,15475,-1059.0
COPPER-GRADE #1 - COMMODITY EXCHANGE INC.,1994-04-05,14503,3665,-7048.0,-2411.0,60617,-7985.0,10838,-4637.0
COPPER-GRADE #1 - COMMODITY EXCHANGE INC.,1994-04-12,11815,4125,-2688.0,460.0,56887,-3730.0,7690,-3148.0
COPPER-GRADE #1 - COMMODITY EXCHANGE INC.,1994-04-19,12726,4093,911.0,-32.0,56587,-300.0,8633,943.0
COPPER-GRADE #1 - COMMODITY EXCHANGE INC.,1994-04-26,14524,3801,1798.0,-292.0,61454,4867.0,10723,2090.0
COPPER-GRADE #1 - COMMODITY EXCHANGE INC.,1994-05-03,20172,2561,5648.0,-1240.0,67201,5747.0,17611,6888.0
COPPER-GRADE #1 - COMMODITY EXCHANGE INC.,1994-05-10,22034,3387,1862.0,826.0,65121,-2080.0,18647,1036.0
COPPER-GRADE #1 - COMMODITY EXCHANGE INC.,1994-05-17,23469,4011,1435.0,624.0,61199,-3922.0,19458,811.0
COPPER-GRADE #1 - COMMODITY EXCHANGE INC.,1994-05-24,25440,4208,1971.0,197.0,60549,-650.0,21232,1774.0
COPPER-GRADE #1 - COMMODITY EXCHANGE INC.,1994-05-31,25450,4936,10.0,728.0,62805,2256.0,20514,-718.0
COPPER-GRADE #1 - COMMODITY EXCHANGE INC.,1994-06-07,22564,3926,-2886.0,-1010.0,59847,-2958.0,18638,-1876.0
COPPER-GRADE #1 - COMMODITY EXCHANGE INC.,1994-06-14,25016,5300,2452.0,1374.0,62433,2586.0,19716,1078.0
COPPER-GRADE #1 - COMMODITY EXCHANGE INC.,1994-06-21,25247,3026,231.0,-2274.0,61606,-827.0,22221,2505.0
COPPER-GRADE #1 - COMMODITY EXCHANGE INC.,1994-06-28,23161,1703,-2086.0,-1323.0,58055,-3551.0,21458,-763.0
COPPER-GRADE #1 - COMMODITY EXCHANGE INC.,1994-07-05,19998,2048,-3163.0,345.0,54850,-3205.0,17950,-3508.0
COPPER-GRADE #1 - COMMODITY EXCHANGE INC.,1994-07-12,15623,1733,-4375.0,-315.0,50378,-4472.0,13890,-4060.0
COPPER-GRADE #1 - COMMODITY EXCHANGE INC.,1994-07-19,19811,3946,4188.0,2213.0,53738,3360.0,15865,1975.0
COPPER-GRADE #1 - COMMODITY EXCHANGE INC.,1994-07-26,17304,2956,-2507.0,-990.0,48937,-4801.0,14348,-1517.0
COPPER-GRADE #1 - COMMODITY EXCHANGE INC.,1994-08-02,17046,2920,-258.0,-36.0,48692,-245.0,14126,-222.0
COPPER-GRADE #1 - COMMODITY EXCHANGE INC.,1994-08-09,12787,3602,-4259.0,682.0,46120,-2572.0,9185,-4941.0
COPPER-GRADE #1 - COMMODITY EXCHANGE INC.,1994-08-16,12960,4242,173.0,640.0,46853,733.0,8718,-467.0
COPPER-GRADE #1 - COMMODITY EXCHANGE INC.,1994-08-23,12591,3993,-369.0,-249.0,45047,-1806.0,8598,-120.0
COPPER-GRADE #1 - COMMODITY EXCHANGE INC.,1994-08-30,15534,2902,2943.0,-1091.0,47600,2553.0,12632,4034.0
COPPER-GRADE #1 - COMMODITY EXCHANGE INC.,1994-09-06,19363,3892,3829.0,990.0,51584,3984.0,15471,2839.0
COPPER-GRADE #1 - COMMODITY EXCHANGE INC.,1994-09-13,21332,4369,1969.0,477.0,55223,3639.0,16963,1492.0
COPPER-GRADE #1 - COMMODITY EXCHANGE INC.,1994-09-20,23239,4608,1907.0,239.0,59696,4473.0,18631,1668.0
COPPER-GRADE #1 - COMMODITY EXCHANGE INC.,1994-09-27,22666,3839,-573.0,-769.0,59019,-677.0,18827,196.0
COPPER-GRADE #1 - COMMODITY EXCHANGE INC.,1994-10-04,16275,3437,-6391.0,-402.0,55077,-3942.0,12838,-5989.0
COPPER-GRADE #1 - COMMODITY EXCHANGE INC.,1994-10-11,15725,3654,-550.0,217.0,58000,2923.0,12071,-767.0
COPPER-GRADE #1 - COMMODITY EXCHANGE INC.,1994-10-18,15529,3464,-196.0,-190.0,57867,-133.0,12065,-6.0
COPPER-GRADE #1 - COMMODITY EXCHANGE INC.,1994-10-25,17259,3230,1730.0,-234.0,60272,2405.0,14029,1964.0
COPPER-GRADE #1 - COMMODITY EXCHANGE INC.,1994-11-01,19387,5717,2128.0,2487.0,61388,1116.0,13670,-359.0
COPPER-GRADE #1 - COMMODITY EXCHANGE INC.,1994-11-08,18843,5754,-544.0,37.0,61485,97.0,13089,-581.0
COPPER-GRADE #1 - COMMODITY EXCHANGE INC.,1994-11-15,18928,5039,85.0,-715.0,61272,-213.0,13889,800.0
COPPER-GRADE #1 - COMMODITY EXCHANGE INC.,1994-11-22,18031,3664,-897.0,-1375.0,56132,-5140.0,14367,478.0
COPPER-GRADE #1 - COMMODITY EXCHANGE INC.,1994-11-29,18458,2753,427.0,-911.0,53817,-2315.0,15705,1338.0
COPPER-GRADE #1 - COMMODITY EXCHANGE INC.,1994-12-06,17890,3928,-568.0,1175.0,52106,-1711.0,13962,-1743.0
COPPER-GRADE #1 - COMMODITY EXCHANGE INC.,1994-12-13,15531,4518,-2359.0,590.0,49992,-2114.0,11013,-2949.0
COPPER-GRADE #1 - COMMODITY EXCHANGE INC.,1994-12-20,15883,3795,352.0,-723.0,50928,936.0,12088,1075.0
COPPER-GRADE #1 - COMMODITY EXCHANGE INC.,1994-12-27,15784,3715,-99.0,-80.0,50563,-365.0,12069,-19.0
COPPER-GRADE #1 - COMMODITY EXCHANGE INC.,1995-01-03,14981,3467,-803.0,-248.0,49465,-1098.0,11514,-555.0
COPPER-GRADE #1 - COMMODITY EXCHANGE INC.,1995-01-10,14780,3632,-201.0,165.0,53004,3539.0,11148,-366.0
COPPER-GRADE #1 - COMMODITY EXCHANGE INC.,1995-01-17,14688,4570,-92.0,938.0,53685,681.0,10118,-1030.0
COPPER-GRADE #1 - COMMODITY EXCHANGE INC.,1995-01-24,16769,5672,2081.0,1102.0,56125,2440.0,11097,979.0
COPPER-GRADE #1 - COMMODITY EXCHANGE INC.,1995-01-31,11999,6691,-4770.0,1019.0,51134,-4991.0,5308,-5789.0
COPPER-GRADE #1 - COMMODITY EXCHANGE INC.,1995-02-07,7853,7206,-4146.0,515.0,51466,332.0,647,-4661.0
COPPER-GRADE #1 - COMMODITY EXCHANGE INC.,1995-02-14,7384,5938,-469.0,-1268.0,50979,-487.0,1446,799.0
COPPER-GRADE #1 - COMMODITY EXCHANGE INC.,1995-02-21,7111,5467,-273.0,-471.0,51414,435.0,1644,198.0
COPPER-GRADE #1 - COMMODITY EXCHANGE INC.,1995-02-28,7110,6408,-1.0,941.0,50122,-1292.0,702,-942.0
COPPER-GRADE #1 - COMMODITY EXCHANGE INC.,1995-03-07,6940,4751,-170.0,-1657.0,45962,-4160.0,2189,1487.0
COPPER-GRADE #1 - COMMODITY EXCHANGE INC.,1995-03-14,7509,3911,569.0,-840.0,45816,-146.0,3598,1409.0
COPPER-GRADE #1 - COMMODITY EXCHANGE INC.,1995-03-21,8133,3927,624.0,16.0,44901,-915.0,4206,608.0
COPPER-GRADE #1 - COMMODITY EXCHANGE INC.,1995-03-28,13525,7105,5392.0,3178.0,49039,4138.0,6420,2214.0
COPPER-GRADE #1 - COMMODITY EXCHANGE INC.,1995-04-04,14617,6701,1092.0,-404.0,49063,24.0,7916,1496.0
COPPER-GRADE #1 - COMMODITY EXCHANGE INC.,1995-04-11,14538,5577,-79.0,-1124.0,45839,-3224.0,8961,1045.0
COPPER-GRADE #1 - COMMODITY EXCHANGE INC.,1995-04-18,9825,3943,-4713.0,-1634.0,43784,-2055.0,5882,-3079.0
COPPER-GRADE #1 - COMMODITY EXCHANGE INC.,1995-04-25,6774,11314,-3051.0,7371.0,50484,6700.0,-4540,-10422.0
COPPER-GRADE #1 - COMMODITY EXCHANGE INC.,1995-05-02,5289,11685,-1485.0,371.0,48544,-1940.0,-6396,-1856.0
COPPER-GRADE #1 - COMMODITY EXCHANGE INC.,1995-05-09,4974,12902,-315.0,1217.0,51611,3067.0,-7928,-1532.0
COPPER-GRADE #1 - COMMODITY EXCHANGE INC.,1995-05-16,4600,14659,-374.0,1757.0,53070,1459.0,-10059,-2131.0
COPPER-GRADE #1 - COMMODITY EXCHANGE INC.,1995-05-23,5294,10001,694.0,-4658.0,52418,-652.0,-4707,5352.0
COPPER-GRADE #1 - COMMODITY EXCHANGE INC.,1995-05-30,4440,6358,-854.0,-3643.0,42941,-9477.0,-1918,2789.0
COPPER-GRADE #1 - COMMODITY EXCHANGE INC.,1995-06-06,9269,7084,4829.0,726.0,46811,3870.0,2185,4103.0
COPPER-GRADE #1 - COMMODITY EXCHANGE INC.,1995-06-13,10989,7416,1720.0,332.0,44772,-2039.0,3573,1388.0
COPPER-GRADE #1 - COMMODITY EXCHANGE INC.,1995-06-20,19162,8941,8173.0,1525.0,52846,8074.0,10221,6648.0
COPPER-GRADE #1 - COMMODITY EXCHANGE INC.,1995-06-27,17812,4948,-1350.0,-3993.0,46794,-6052.0,12864,2643.0
COPPER-GRADE #1 - COMMODITY EXCHANGE INC.,1995-07-03,16883,2142,-929.0,-2806.0,46452,-342.0,14741,1877.0
COPPER-GRADE #1 - COMMODITY EXCHANGE INC.,1995-07-11,14410,2109,-2473.0,-33.0,44348,-2104.0,12301,-2440.0
COPPER-GRADE #1 - COMMODITY EXCHANGE INC.,1995-07-18,16134,3150,1724.0,1041.0,44337,-11.0,12984,683.0
COPPER-GRADE #1 - COMMODITY EXCHANGE INC.,1995-07-25,5969,2198,-10165.0,-952.0,36466,-7871.0,3771,-9213.0
COPPER-GRADE #1 - COMMODITY EXCHANGE INC.,1995-08-01,5306,3506,-663.0,1308.0,34974,-1492.0,1800,-1971.0
COPPER-GRADE #1 - COMMODITY EXCHANGE INC.,1995-08-08,6235,2492,929.0,-1014.0,34693,-281.0,3743,1943.0
COPPER-GRADE #1 - COMMODITY EXCHANGE INC.,1995-08-15,9749,3099,3514.0,607.0,37610,2917.0,6650,2907.0
COPPER-GRADE #1 - COMMODITY EXCHANGE INC.,1995-08-22,12788,2935,3039.0,-164.0,40504,2894.0,9853,3203.0
COPPER-GRADE #1 - COMMODITY EXCHANGE INC.,1995-08-29,12617,3031,-171.0,96.0,40077,-427.0,9586,-267.0
COPPER-GRADE #1 - COMMODITY EXCHANGE INC.,1995-09-05,7427,1446,-5190.0,-1585.0,33854,-6223.0,5981,-3605.0
COPPER-GRADE #1 - COMMODITY EXCHANGE INC.,1995-09-12,7251,3032,-176.0,1586.0,33420,-434.0,4219,-1762.0
COPPER-GRADE #1 - COMMODITY EXCHANGE INC.,1995-09-19,6161,3955,-1090.0,923.0,35194,1774.0,2206,-2013.0
COPPER-GRADE #1 - COMMODITY EXCHANGE INC.,1995-09-26,6437,2818,276.0,-1137.0,31642,-3552.0,3619,1413.0
COPPER-GRADE #1 - COMMODITY EXCHANGE INC.,1995-10-03,6975,2913,538.0,95.0,31510,-132.0,4062,443.0
COPPER-GRADE #1 - COMMODITY EXCHANGE INC.,1995-10-10,7336,5353,361.0,2440.0,35063,3553.0,1983,-2079.0
COPPER-GRADE #1 - COMMODITY EXCHANGE INC.,1995-10-17,7129,7532,-207.0,2179.0,37768,2705.0,-403,-2386.0
COPPER-GRADE #1 - COMMODITY EXCHANGE INC.,1995-10-24,8523,9097,1394.0,1565.0,39530,1762.0,-574,-171.0
COPPER-GRADE #1 - COMMODITY EXCHANGE INC.,1995-10-31,8297,7688,-226.0,-1409.0,38522,-1008.0,609,1183.0
COPPER-GRADE #1 - COMMODITY EXCHANGE INC.,1995-11-07,7290,3042,-1007.0,-4646.0,38990,468.0,4248,3639.0
COPPER-GRADE #1 - COMMODITY EXCHANGE INC.,1995-11-14,7414,2920,124.0,-122.0,38647,-343.0,4494,246.0
COPPER-GRADE #1 - COMMODITY EXCHANGE INC.,1995-11-21,7923,2587,509.0,-333.0,39945,1298.0,5336,842.0
COPPER-GRADE #1 - COMMODITY EXCHANGE INC.,1995-11-28,6398,2547,-1525.0,-40.0,38088,-1857.0,3851,-1485.0
COPPER-GRADE #1 - COMMODITY EXCHANGE INC.,1995-12-05,6529,3127,131.0,580.0,37490,-598.0,3402,-449.0
COPPER-GRADE #1 - COMMODITY EXCHANGE INC.,1995-12-12,6433,3973,-96.0,846.0,35969,-1521.0,2460,-942.0
COPPER-GRADE #1 - COMMODITY EXCHANGE INC.,1995-12-19,6659,2602,226.0,-1371.0,35021,-948.0,4057,1597.0
COPPER-GRADE #1 - COMMODITY EXCHANGE INC.,1995-12-26,8351,3366,1692.0,764.0,35136,115.0,4985,928.0
COPPER-GRADE #1 - COMMODITY EXCHANGE INC.,1996-01-02,11968,6853,3617.0,3487.0,39746,4610.0,5115,130.0
COPPER-GRADE #1 - COMMODITY EXCHANGE INC.,1996-01-09,12642,11003,674.0,4150.0,46324,6578.0,1639,-3476.0
COPPER-GRADE #1 - COMMODITY EXCHANGE INC.,1996-01-16,13604,13800,962.0,2797.0,48590,2266.0,-196,-1835.0
COPPER-GRADE #1 - COMMODITY EXCHANGE INC.,1996-01-23,13944,13104,340.0,-696.0,49898,1308.0,840,1036.0
COPPER-GRADE #1 - COMMODITY EXCHANGE INC.,1996-01-30,12442,11781,-1502.0,-1323.0,50323,425.0,661,-179.0
COPPER-GRADE #1 - COMMODITY EXCHANGE INC.,1996-02-06,9369,8472,-3073.0,-3309.0,46107,-4216.0,897,236.0
COPPER-GRADE #1 - COMMODITY EXCHANGE INC.,1996-02-13,7609,8003,-1760.0,-469.0,45320,-787.0,-394,-1291.0
COPPER-GRADE #1 - COMMODITY EXCHANGE INC.,1996-02-20,7329,8945,-280.0,942.0,46427,1107.0,-1616,-1222.0
COPPER-GRADE #1 - COMMODITY EXCHANGE INC.,1996-02-27,5777,7605,-1552.0,-1340.0,43525,-2902.0,-1828,-212.0
COPPER-GRADE #1 - COMMODITY EXCHANGE INC.,1996-03-05,6209,4650,432.0,-2955.0,40673,-2852.0,1559,3387.0
COPPER-GRADE #1 - COMMODITY EXCHANGE INC.,1996-03-12,8186,4566,1977.0,-84.0,43615,2942.0,3620,2061.0
COPPER-GRADE #1 - COMMODITY EXCHANGE INC.,1996-03-19,8451,3332,265.0,-1234.0,42791,-824.0,5119,1499.0
COPPER-GRADE #1 - COMMODITY EXCHANGE INC.,1996-03-26,9337,3704,886.0,372.0,44125,1334.0,5633,514.0
COPPER-GRADE #1 - COMMODITY EXCHANGE INC.,1996-04-02,7977,3521,-1360.0,-183.0,43107,-1018.0,4456,-1177.0
COPPER-GRADE #1 - COMMODITY EXCHANGE INC.,1996-04-09,8269,3402,292.0,-119.0,42318,-789.0,4867,411.0
COPPER-GRADE #1 - COMMODITY EXCHANGE INC.,1996-04-16,11930,1778,3661.0,-1624.0,45671,3353.0,10152,5285.0
COPPER-GRADE #1 - COMMODITY EXCHANGE INC.,1996-04-23,12994,2486,1064.0,708.0,50367,4696.0,10508,356.0
COPPER-GRADE #1 - COMMODITY EXCHANGE INC.,1996-04-30,14417,3719,1423.0,1233.0,51471,1104.0,10698,190.0
COPPER-GRADE #1 - COMMODITY EXCHANGE INC.,1996-05-07,16662,5004,2245.0,1285.0,53241,1770.0,11658,960.0
COPPER-GRADE #1 - COMMODITY EXCHANGE INC.,1996-05-14,15713,4426,-949.0,-578.0,52887,-354.0,11287,-371.0
COPPER-GRADE #1 - COMMODITY EXCHANGE INC.,1996-05-21,7032,3999,-8681.0,-427.0,41098,-11789.0,3033,-8254.0
COPPER-GRADE #1 - COMMODITY EXCHANGE INC.,1996-05-28,5695,6114,-1337.0,2115.0,40252,-846.0,-419,-3452.0
COPPER-GRADE #1 - COMMODITY EXCHANGE INC.,1996-06-04,5352,6153,-343.0,39.0,40470,218.0,-801,-382.0
COPPER-GRADE #1 - COMMODITY EXCHANGE INC.,1996-06-11,3794,9488,-1558.0,3335.0,50011,9541.0,-5694,-4893.0
COPPER-GRADE #1 - COMMODITY EXCHANGE INC.,1996-06-18,4713,10267,919.0,779.0,55021,5010.0,-5554,140.0
COPPER-GRADE #1 - COMMODITY EXCHANGE INC.,1996-06-25,10383,11188,5670.0,921.0,60844,5823.0,-805,4749.0
COPPER-GRADE #1 - COMMODITY EXCHANGE INC.,1996-07-02,9022,10162,-1361.0,-1026.0,57051,-3793.0,-1140,-335.0
COPPER-GRADE #1 - COMMODITY EXCHANGE INC.,1996-07-09,8355,9983,-667.0,-179.0,56145,-906.0,-1628,-488.0
COPPER-GRADE #1 - COMMODITY EXCHANGE INC.,1996-07-16,8715,10871,360.0,888.0,57449,1304.0,-2156,-528.0
COPPER-GRADE #1 - COMMODITY EXCHANGE INC.,1996-07-23,8091,9682,-624.0,-1189.0,56450,-999.0,-1591,565.0
COPPER-GRADE #1 - COMMODITY EXCHANGE INC.,1996-07-30,6631,8382,-1460.0,-1300.0,54943,-1507.0,-1751,-160.0
COPPER-GRADE #1 - COMMODITY EXCHANGE INC.,1996-08-06,6600,9812,-31.0,1430.0,56510,1567.0,-3212,-1461.0
COPPER-GRADE #1 - COMMODITY EXCHANGE INC.,1996-08-13,6622,9747,22.0,-65.0,57230,720.0,-3125,87.0
COPPER-GRADE #1 - COMMODITY EXCHANGE INC.,1996-08-20,6662,8566,40.0,-1181.0,56665,-565.0,-1904,1221.0
COPPER-GRADE #1 - COMMODITY EXCHANGE INC.,1996-08-27,7320,7751,658.0,-815.0,55362,-1303.0,-431,1473.0
COPPER-GRADE #1 - COMMODITY EXCHANGE INC.,1996-09-03,7779,7977,459.0,226.0,54914,-448.0,-198,233.0
COPPER-GRADE #1 - COMMODITY EXCHANGE INC.,1996-09-10,8704,6508,925.0,-1469.0,54617,-297.0,2196,2394.0
COPPER-GRADE #1 - COMMODITY EXCHANGE INC.,1996-09-17,8267,8310,-437.0,1802.0,56052,1435.0,-43,-2239.0
COPPER-GRADE #1 - COMMODITY EXCHANGE INC.,1996-09-24,8397,7628,130.0,-682.0,55675,-377.0,769,812.0
COPPER-GRADE #1 - COMMODITY EXCHANGE INC.,1996-10-01,8687,6237,290.0,-1391.0,56808,1133.0,2450,1681.0
COPPER-GRADE #1 - COMMODITY EXCHANGE INC.,1996-10-08,9271,6260,584.0,23.0,58025,1217.0,3011,561.0
COPPER-GRADE #1 - COMMODITY EXCHANGE INC.,1996-10-15,8926,5488,-345.0,-772.0,57789,-236.0,3438,427.0
COPPER-GRADE #1 - COMMODITY EXCHANGE INC.,1996-10-22,8346,4212,-580.0,-1276.0,56315,-1474.0,4134,696.0
COPPER-GRADE #1 - COMMODITY EXCHANGE INC.,1996-10-29,11372,5315,3026.0,1103.0,60130,3815.0,6057,1923.0
COPPER-GRADE #1 - COMMODITY EXCHANGE INC.,1996-11-05,10453,5421,-919.0,106.0,57833,-2297.0,5032,-1025.0
COPPER-GRADE #1 - COMMODITY EXCHANGE INC.,1996-11-12,12747,4711,2294.0,-710.0,61168,3335.0,8036,3004.0
COPPER-GRADE #1 - COMMODITY EXCHANGE INC.,1996-11-19,14019,4103,1272.0,-608.0,62874,1706.0,9916,1880.0
COPPER-GRADE #1 - COMMODITY EXCHANGE INC.,1996-11-26,14593,2315,574.0,-1788.0,61899,-975.0,12278,2362.0
COPPER-GRADE #1 - COMMODITY EXCHANGE INC.,1996-12-03,14422,2456,-171.0,141.0,60695,-1204.0,11966,-312.0
COPPER-GRADE #1 - COMMODITY EXCHANGE INC.,1996-12-10,14088,2260,-334.0,-196.0,61362,667.0,11828,-138.0
COPPER-GRADE #1 - COMMODITY EXCHANGE INC.,1996-12-17,10912,2341,-3176.0,81.0,53962,-7400.0,8571,-3257.0
COPPER-GRADE #1 - COMMODITY EXCHANGE INC.,1996-12-24,10082,2450,-830.0,109.0,50552,-3410.0,7632,-939.0
COPPER-GRADE #1 - COMMODITY EXCHANGE INC.,1996-12-31,10405,2264,323.0,-186.0,49176,-1376.0,8141,509.0
COPPER-GRADE #1 - COMMODITY EXCHANGE INC.,1997-01-07,13963,3456,3558.0,1192.0,54793,5617.0,10507,2366.0
COPPER-GRADE #1 - COMMODITY EXCHANGE INC.,1997-01-14,14615,3602,652.0,146.0,56149,1356.0,11013,506.0
COPPER-GRADE #1 - COMMODITY EXCHANGE INC.,1997-01-21,15068,3329,453.0,-273.0,55103,-1046.0,11739,726.0
COPPER-GRADE #1 - COMMODITY EXCHANGE INC.,1997-01-28,15304,3385,236.0,56.0,55345,242.0,11919,180.0
COPPER-GRADE #1 - COMMODITY EXCHANGE INC.,1997-02-04,13151,3440,-2153.0,55.0,51136,-4209.0,9711,-2208.0
COPPER-GRADE #1 - COMMODITY EXCHANGE INC.,1997-02-11,13239,3852,88.0,412.0,53602,2466.0,9387,-324.0
COPPER-GRADE #1 - COMMODITY EXCHANGE INC.,1997-02-18,12904,3038,-335.0,-814.0,55076,1474.0,9866,479.0
COPPER-GRADE #1 - COMMODITY EXCHANGE INC.,1997-02-25,14774,2583,1870.0,-455.0,58755,3679.0,12191,2325.0
COPPER-GRADE #1 - COMMODITY EXCHANGE INC.,1997-03-04,16933,3009,2159.0,426.0,61430,2675.0,13924,1733.0
COPPER-GRADE #1 - COMMODITY EXCHANGE INC.,1997-03-11,15049,2223,-1884.0,-786.0,58234,-3196.0,12826,-1098.0
COPPER-GRADE #1 - COMMODITY EXCHANGE INC.,1997-03-18,14310,1971,-739.0,-252.0,57754,-480.0,12339,-487.0
COPPER-GRADE #1 - COMMODITY EXCHANGE INC.,1997-03-25,15188,1999,878.0,28.0,57584,-170.0,13189,850.0
COPPER-GRADE #1 - COMMODITY EXCHANGE INC.,1997-04-01,13872,2790,-1316.0,791.0,54044,-3540.0,11082,-2107.0
COPPER-GRADE #1 - COMMODITY EXCHANGE INC.,1997-04-08,10701,3000,-3171.0,210.0,50335,-3709.0,7701,-3381.0
COPPER-GRADE #1 - COMMODITY EXCHANGE INC.,1997-04-15,10217,3149,-484.0,149.0,50706,371.0,7068,-633.0
COPPER-GRADE #1 - COMMODITY EXCHANGE INC.,1997-04-22,9547,2582,-670.0,-567.0,49516,-1190.0,6965,-103.0
COPPER-GRADE #1 - COMMODITY EXCHANGE INC.,1997-04-29,13681,1620,4134.0,-962.0,50634,1118.0,12061,5096.0
COPPER-GRADE #1 - COMMODITY EXCHANGE INC.,1997-05-06,13289,2301,-392.0,681.0,51295,661.0,10988,-1073.0
COPPER-GRADE #1 - COMMODITY EXCHANGE INC.,1997-05-13,16152,3065,2863.0,764.0,55781,4486.0,13087,2099.0
COPPER-GRADE #1 - COMMODITY EXCHANGE INC.,1997-05-20,21641,3986,5489.0,921.0,61295,5514.0,17655,4568.0
COPPER-GRADE #1 - COMMODITY EXCHANGE INC.,1997-05-27,21942,3638,301.0,-348.0,59649,-1646.0,18304,649.0
COPPER-GRADE #1 - COMMODITY EXCHANGE INC.,1997-06-03,22752,3418,810.0,-220.0,59550,-99.0,19334,1030.0
COPPER-GRADE #1 - COMMODITY EXCHANGE INC.,1997-06-10,22094,2628,-658.0,-790.0,59500,-50.0,19466,132.0
COPPER-GRADE #1 - COMMODITY EXCHANGE INC.,1997-06-17,21075,2420,-1019.0,-208.0,58688,-812.0,18655,-811.0
COPPER-GRADE #1 - COMMODITY EXCHANGE INC.,1997-06-24,17444,1855,-3631.0,-565.0,53676,-5012.0,15589,-3066.0
COPPER-GRADE #1 - COMMODITY EXCHANGE INC.,1997-07-01,14788,2771,-2656.0,916.0,49445,-4231.0,12017,-3572.0
COPPER-GRADE #1 - COMMODITY EXCHANGE INC.,1997-07-08,15714,3520,926.0,749.0,49564,119.0,12194,177.0
COPPER-GRADE #1 - COMMODITY EXCHANGE INC.,1997-07-15,13049,7978,-2665.0,4458.0,50009,445.0,5071,-7123.0
COPPER-GRADE #1 - COMMODITY EXCHANGE INC.,1997-07-22,13582,7238,533.0,-740.0,47962,-2047.0,6344,1273.0
COPPER-GRADE #1 - COMMODITY EXCHANGE INC.,1997-07-29,13323,5199,-259.0,-2039.0,43606,-4356.0,8124,1780.0
COPPER-GRADE #1 - COMMODITY EXCHANGE INC.,1997-08-05,13988,4839,665.0,-360.0,43238,-368.0,9149,1025.0
COPPER-GRADE #1 - COMMODITY EXCHANGE INC.,1997-08-12,14271,5294,283.0,455.0,43479,241.0,8977,-172.0
COPPER-GRADE #1 - COMMODITY EXCHANGE INC.,1997-08-19,12908,9400,-1363.0,4106.0,45321,1842.0,3508,-5469.0
COPPER-GRADE #1 - COMMODITY EXCHANGE INC.,1997-08-26,11218,10324,-1690.0,924.0,46942,1621.0,894,-2614.0
COPPER-GRADE #1 - COMMODITY EXCHANGE INC.,1997-09-02,10910,11319,-308.0,995.0,44868,-2074.0,-409,-1303.0
COPPER-GRADE #1 - COMMODITY EXCHANGE INC.,1997-09-09,10645,11423,-265.0,104.0,45562,694.0,-778,-369.0
COPPER-GRADE #1 - COMMODITY EXCHANGE INC.,1997-09-16,12007,13558,1362.0,2135.0,53135,7573.0,-1551,-773.0
COPPER-GRADE #1 - COMMODITY EXCHANGE INC.,1997-09-23,12871,11496,864.0,-2062.0,52294,-841.0,1375,2926.0
COPPER-GRADE #1 - COMMODITY EXCHANGE INC.,1997-09-30,11484,8760,-1387.0,-2736.0,49663,-2631.0,2724,1349.0
COPPER-GRADE #1 - COMMODITY EXCHANGE INC.,1997-10-07,12359,11172,875.0,2412.0,51545,1882.0,1187,-1537.0
COPPER-GRADE #1 - COMMODITY EXCHANGE INC.,1997-10-14,12049,9880,-310.0,-1292.0,51378,-167.0,2169,982.0
COPPER-GRADE #1 - COMMODITY EXCHANGE INC.,1997-10-21,11829,9051,-220.0,-829.0,54619,3241.0,2778,609.0
COPPER-GRADE #1 - COMMODITY EXCHANGE INC.,1997-10-28,12873,11433,1044.0,2382.0,62841,8222.0,1440,-1338.0
COPPER-GRADE #1 - COMMODITY EXCHANGE INC.,1997-11-04,13264,12781,391.0,1348.0,63910,1069.0,483,-957.0
COPPER-GRADE #1 - COMMODITY EXCHANGE INC.,1997-11-11,12038,12950,-1226.0,169.0,64985,1075.0,-912,-1395.0
COPPER-GRADE #1 - COMMODITY EXCHANGE INC.,1997-11-18,13117,16194,1079.0,3244.0,69996,5011.0,-3077,-2165.0
COPPER-GRADE #1 - COMMODITY EXCHANGE INC.,1997-11-25,12394,16208,-723.0,14.0,69411,-585.0,-3814,-737.0
COPPER-GRADE #1 - COMMODITY EXCHANGE INC.,1997-12-02,11841,16427,-553.0,219.0,63871,-5540.0,-4586,-772.0
COPPER-GRADE #1 - COMMODITY EXCHANGE INC.,1997-12-09,11530,16417,-311.0,-10.0,64577,706.0,-4887,-301.0
COPPER-GRADE #1 - COMMODITY EXCHANGE INC.,1997-12-16,12018,17110,488.0,693.0,67704,3127.0,-5092,-205.0
COPPER-GRADE #1 - COMMODITY EXCHANGE INC.,1997-12-23,12293,16539,275.0,-571.0,70864,3160.0,-4246,846.0
COPPER-GRADE #1 - COMMODITY EXCHANGE INC.,1997-12-30,12260,16944,-33.0,405.0,70757,-107.0,-4684,-438.0
COPPER-GRADE #1 - COMMODITY EXCHANGE INC.,1998-01-06,11930,16843,-330.0,-101.0,68839,-1918.0,-4913,-229.0
COPPER-GRADE #1 - COMMODITY EXCHANGE INC.,1998-01-13,11930,16133,0.0,-710.0,71294,2455.0,-4203,710.0
COPPER-GRADE #1 - COMMODITY EXCHANGE INC.,1998-01-20,11370,14021,-560.0,-2112.0,69130,-2164.0,-2651,1552.0
COPPER-GRADE #1 - COMMODITY EXCHANGE INC.,1998-01-27,10451,10821,-919.0,-3200.0,68904,-226.0,-370,2281.0
COPPER-GRADE #1 - COMMODITY EXCHANGE INC.,1998-02-03,12902,11420,2451.0,599.0,70876,1972.0,1482,1852.0
COPPER-GRADE #1 - COMMODITY EXCHANGE INC.,1998-02-10,11878,16047,-1024.0,4627.0,72169,1293.0,-4169,-5651.0
COPPER-GRADE #1 - COMMODITY EXCHANGE INC.,1998-02-17,12054,17085,176.0,1038.0,73642,1473.0,-5031,-862.0
COPPER-GRADE #1 - COMMODITY EXCHANGE INC.,1998-02-24,10370,19314,-1684.0,2229.0,73990,348.0,-8944,-3913.0
COPPER-GRADE #1 - COMMODITY EXCHANGE INC.,1998-03-03,10793,13618,423.0,-5696.0,65453,-8537.0,-2825,6119.0
COPPER-GRADE #1 - COMMODITY EXCHANGE INC.,1998-03-10,10769,11250,-24.0,-2368.0,64460,-993.0,-481,2344.0
COPPER-GRADE #1 - COMMODITY EXCHANGE INC.,1998-03-17,13440,9006,2671.0,-2244.0,68783,4323.0,4434,4915.0
COPPER-GRADE #1 - COMMODITY EXCHANGE INC.,1998-03-24,12321,8252,-1119.0,-754.0,69686,903.0,4069,-365.0
COPPER-GRADE #1 - COMMODITY EXCHANGE INC.,1998-03-31,12496,9307,175.0,1055.0,67913,-1773.0,3189,-880.0
COPPER-GRADE #1 - COMMODITY EXCHANGE INC.,1998-04-07,8849,10962,-3647.0,1655.0,66048,-1865.0,-2113,-5302.0
COPPER-GRADE #1 - COMMODITY EXCHANGE INC.,1998-04-14,10179,8361,1330.0,-2601.0,66970,922.0,1818,3931.0
COPPER-GRADE #1 - COMMODITY EXCHANGE INC.,1998-04-21,13505,7364,3326.0,-997.0,69312,2342.0,6141,4323.0
COPPER-GRADE #1 - COMMODITY EXCHANGE INC.,1998-04-28,17138,5473,3633.0,-1891.0,73091,3779.0,11665,5524.0
COPPER-GRADE #1 - COMMODITY EXCHANGE INC.,1998-05-05,15807,4607,-1331.0,-866.0,67397,-5694.0,11200,-465.0
COPPER-GRADE #1 - COMMODITY EXCHANGE INC.,1998-05-12,10380,6463,-5427.0,1856.0,61871,-5526.0,3917,-7283.0
COPPER-GRADE #1 - COMMODITY EXCHANGE INC.,1998-05-19,10448,11712,68.0,5249.0,66046,4175.0,-1264,-5181.0
COPPER-GRADE #1 - COMMODITY EXCHANGE INC.,1998-05-26,9578,13127,-870.0,1415.0,67341,1295.0,-3549,-2285.0
COPPER-GRADE #1 - COMMODITY EXCHANGE INC.,1998-06-02,9902,14764,324.0,1637.0,68150,809.0,-4862,-1313.0
COPPER-GRADE #1 - COMMODITY EXCHANGE INC.,1998-06-09,9642,13751,-260.0,-1013.0,66695,-1455.0,-4109,753.0
COPPER-GRADE #1 - COMMODITY EXCHANGE INC.,1998-06-16,8478,15281,-1164.0,1530.0,67263,568.0,-6803,-2694.0
COPPER-GRADE #1 - COMMODITY EXCHANGE INC.,1998-06-23,6355,13030,-2123.0,-2251.0,64344,-2919.0,-6675,128.0
COPPER-GRADE #1 - COMMODITY EXCHANGE INC.,1998-06-30,6196,14452,-159.0,1422.0,63577,-767.0,-8256,-1581.0
COPPER-GRADE #1 - COMMODITY EXCHANGE INC.,1998-07-07,7136,19139,940.0,4687.0,69236,5659.0,-12003,-3747.0
COPPER-GRADE #1 - COMMODITY EXCHANGE INC.,1998-07-14,6754,14977,-382.0,-4162.0,64407,-4829.0,-8223,3780.0
COPPER-GRADE #1 - COMMODITY EXCHANGE INC.,1998-07-21,5962,7552,-792.0,-7425.0,59100,-5307.0,-1590,6633.0
COPPER-GRADE #1 - COMMODITY EXCHANGE INC.,1998-07-28,10270,6492,4308.0,-1060.0,60981,1881.0,3778,5368.0
COPPER-GRADE #1 - COMMODITY EXCHANGE INC.,1998-08-04,8285,6751,-1985.0,259.0,56559,-4422.0,1534,-2244.0
COPPER-GRADE #1 - COMMODITY EXCHANGE INC.,1998-08-11,8040,10058,-245.0,3307.0,59946,3387.0,-2018,-3552.0
COPPER-GRADE #1 - COMMODITY EXCHANGE INC.,1998-08-18,8332,11801,292.0,1743.0,63564,3618.0,-3469,-1451.0
COPPER-GRADE #1 - COMMODITY EXCHANGE INC.,1998-08-25,8713,13023,381.0,1222.0,63346,-218.0,-4310,-841.0
COPPER-GRADE #1 - COMMODITY EXCHANGE INC.,1998-09-01,9774,14529,1061.0,1506.0,63652,306.0,-4755,-445.0
COPPER-GRADE #1 - COMMODITY EXCHANGE INC.,1998-09-08,8930,10223,-844.0,-4306.0,60667,-2985.0,-1293,3462.0
COPPER-GRADE #1 - COMMODITY EXCHANGE INC.,1998-09-15,10092,8662,1162.0,-1561.0,60934,267.0,1430,2723.0
COPPER-GRADE #1 - COMMODITY EXCHANGE INC.,1998-09-22,8284,9272,-1808.0,610.0,60485,-449.0,-988,-2418.0
COPPER-GRADE #1 - COMMODITY EXCHANGE INC.,1998-09-29,8228,7857,-56.0,-1415.0,57427,-3058.0,371,1359.0
COPPER-GRADE #1 - COMMODITY EXCHANGE INC.,1998-10-06,10123,14123,1895.0,6266.0,61933,4506.0,-4000,-4371.0
COPPER-GRADE #1 - COMMODITY EXCHANGE INC.,1998-10-13,10891,16303,768.0,2180.0,62350,417.0,-5412,-1412.0
COPPER-GRADE #1 - COMMODITY EXCHANGE INC.,1998-10-20,11255,11719,364.0,-4584.0,60666,-1684.0,-464,4948.0
COPPER-GRADE #1 - COMMODITY EXCHANGE INC.,1998-10-27,12146,16975,891.0,5256.0,65667,5001.0,-4829,-4365.0
COPPER-GRADE #1 - COMMODITY EXCHANGE INC.,1998-11-03,12327,18087,181.0,1112.0,69099,3432.0,-5760,-931.0
COPPER-GRADE #1 - COMMODITY EXCHANGE INC.,1998-11-10,10801,15380,-1526.0,-2707.0,64107,-4992.0,-4579,1181.0
COPPER-GRADE #1 - COMMODITY EXCHANGE INC.,1998-11-17,11349,21665,548.0,6285.0,70507,6400.0,-10316,-5737.0
COPPER-GRADE #1 - COMMODITY EXCHANGE INC.,1998-11-24,11343,20980,-6.0,-685.0,71034,527.0,-9637,679.0
COPPER-GRADE #1 - COMMODITY EXCHANGE INC.,1998-12-01,12362,23468,1019.0,2488.0,69175,-1859.0,-11106,-1469.0
COPPER-GRADE #1 - COMMODITY EXCHANGE INC.,1998-12-08,13622,29405,1260.0,5937.0,75970,6795.0,-15783,-4677.0
COPPER-GRADE #1 - COMMODITY EXCHANGE INC.,1998-12-15,13024,31643,-598.0,2238.0,79708,3738.0,-18619,-2836.0
COPPER-GRADE #1 - COMMODITY EXCHANGE INC.,1998-12-22,13018,30231,-6.0,-1412.0,78468,-1240.0,-17213,1406.0
COPPER-GRADE #1 - COMMODITY EXCHANGE INC.,1998-12-29,11854,26476,-1164.0,-3755.0,74905,-3563.0,-14622,2591.0
COPPER-GRADE #1 - COMMODITY EXCHANGE INC.,1999-01-05,13350,28944,1496.0,2468.0,79276,4371.0,-15594,-972.0
COPPER-GRADE #1 - COMMODITY EXCHANGE INC.,1999-01-12,12111,26337,-1239.0,-2607.0,75416,-3860.0,-14226,1368.0
COPPER-GRADE #1 - COMMODITY EXCHANGE INC.,1999-01-19,11956,25547,-155.0,-790.0,75867,451.0,-13591,635.0
COPPER-GRADE #1 - COMMODITY EXCHANGE INC.,1999-01-26,12192,26755,236.0,1208.0,77101,1234.0,-14563,-972.0
COPPER-GRADE #1 - COMMODITY EXCHANGE INC.,1999-02-02,11868,26755,-324.0,0.0,75541,-1560.0,-14887,-324.0
COPPER-GRADE #1 - COMMODITY EXCHANGE INC.,1999-02-09,10401,14746,-1467.0,-12009.0,65546,-9995.0,-4345,10542.0
COPPER-GRADE #1 - COMMODITY EXCHANGE INC.,1999-02-16,12157,19341,1756.0,4595.0,70946,5400.0,-7184,-2839.0
COPPER-GRADE #1 - COMMODITY EXCHANGE INC.,1999-02-23,12210,27744,53.0,8403.0,80183,9237.0,-15534,-8350.0
COPPER-GRADE #1 - COMMODITY EXCHANGE INC.,1999-03-02,12110,28750,-100.0,1006.0,77708,-2475.0,-16640,-1106.0
COPPER-GRADE #1 - COMMODITY EXCHANGE INC.,1999-03-09,11584,27066,-526.0,-1684.0,74967,-2741.0,-15482,1158.0
COPPER-GRADE #1 - COMMODITY EXCHANGE INC.,1999-03-16,12766,27135,1182.0,69.0,76416,1449.0,-14369,1113.0
COPPER-GRADE #1 - COMMODITY EXCHANGE INC.,1999-03-23,12533,21203,-233.0,-5932.0,75171,-1245.0,-8670,5699.0
COPPER-GRADE #1 - COMMODITY EXCHANGE INC.,1999-03-30,13855,19551,1322.0,-1652.0,72540,-2631.0,-5696,2974.0
COPPER-GRADE #1 - COMMODITY EXCHANGE INC.,1999-04-06,13091,20016,-764.0,465.0,69139,-3401.0,-6925,-1229.0
COPPER-GRADE #1 - COMMODITY EXCHANGE INC.,1999-04-13,12712,16221,-379.0,-3795.0,65487,-3652.0,-3509,3416.0
COPPER-GRADE #1 - COMMODITY EXCHANGE INC.,1999-04-20,18493,7069,5781.0,-9152.0,69906,4419.0,11424,14933.0
COPPER-GRADE #1 - COMMODITY EXCHANGE INC.,1999-04-27,22805,7127,4312.0,58.0,75024,5118.0,15678,4254.0
COPPER-GRADE #1 - COMMODITY EXCHANGE INC.,1999-05-04,27656,7207,4851.0,80.0,78396,3372.0,20449,4771.0
COPPER-GRADE #1 - COMMODITY EXCHANGE INC.,1999-05-11,29951,5875,2295.0,-1332.0,81621,3225.0,24076,3627.0
COPPER-GRADE #1 - COMMODITY EXCHANGE INC.,1999-05-18,29560,5144,-391.0,-731.0,79155,-2466.0,24416,340.0
COPPER-GRADE #1 - COMMODITY EXCHANGE INC.,1999-05-25,18926,3719,-10634.0,-1425.0,69010,-10145.0,15207,-9209.0
COPPER-GRADE #1 - COMMODITY EXCHANGE INC.,1999-06-01,14416,10714,-4510.0,6995.0,69114,104.0,3702,-11505.0
COPPER-GRADE #1 - COMMODITY EXCHANGE INC.,1999-06-08,15007,14558,591.0,3844.0,71812,2698.0,449,-3253.0
COPPER-GRADE #1 - COMMODITY EXCHANGE INC.,1999-06-15,12822,15987,-2185.0,1429.0,71993,181.0,-3165,-3614.0
COPPER-GRADE #1 - COMMODITY EXCHANGE INC.,1999-06-22,13169,13795,347.0,-2192.0,70839,-1154.0,-626,2539.0
COPPER-GRADE #1 - COMMODITY EXCHANGE INC.,1999-06-29,12010,8318,-1159.0,-5477.0,69011,-1828.0,3692,4318.0
COPPER-GRADE #1 - COMMODITY EXCHANGE INC.,1999-07-06,20340,8458,8330.0,140.0,73755,4744.0,11882,8190.0
COPPER-GRADE #1 - COMMODITY EXCHANGE INC.,1999-07-13,22854,7993,2514.0,-465.0,76969,3214.0,14861,2979.0
COPPER-GRADE #1 - COMMODITY EXCHANGE INC.,1999-07-20,23036,7489,182.0,-504.0,77903,934.0,15547,686.0
COPPER-GRADE #1 - COMMODITY EXCHANGE INC.,1999-07-27,21021,6154,-2015.0,-1335.0,74155,-3748.0,14867,-680.0
COPPER-GRADE #1 - COMMODITY EXCHANGE INC.,1999-08-03,18876,6859,-2145.0,705.0,70577,-3578.0,12017,-2850.0
COPPER-GRADE #1 - COMMODITY EXCHANGE INC.,1999-08-10,20040,7997,1164.0,1138.0,72457,1880.0,12043,26.0
COPPER-GRADE #1 - COMMODITY EXCHANGE INC.,1999-08-17,21526,7718,1486.0,-279.0,71744,-713.0,13808,1765.0
COPPER-GRADE #1 - COMMODITY EXCHANGE INC.,1999-08-24,17542,6212,-3984.0,-1506.0,66274,-5470.0,11330,-2478.0
COPPER-GRADE #1 - COMMODITY EXCHANGE INC.,1999-08-31,17765,2593,223.0,-3619.0,69482,3208.0,15172,3842.0
COPPER-GRADE #1 - COMMODITY EXCHANGE INC.,1999-09-07,25178,3079,7413.0,486.0,78846,9364.0,22099,6927.0
COPPER-GRADE #1 - COMMODITY EXCHANGE INC.,1999-09-14,27234,4270,2056.0,1191.0,82506,3660.0,22964,865.0
COPPER-GRADE #1 - COMMODITY EXCHANGE INC.,1999-09-21,29983,4406,2749.0,136.0,83069,563.0,25577,2613.0
COPPER-GRADE #1 - COMMODITY EXCHANGE INC.,1999-09-28,24872,2987,-5111.0,-1419.0,78359,-4710.0,21885,-3692.0
COPPER-GRADE #1 - COMMODITY EXCHANGE INC.,1999-10-05,22744,1904,-2128.0,-1083.0,77477,-882.0,20840,-1045.0
COPPER-GRADE #1 - COMMODITY EXCHANGE INC.,1999-10-12,16826,3865,-5918.0,1961.0,72542,-4935.0,12961,-7879.0
COPPER-GRADE #1 - COMMODITY EXCHANGE INC.,1999-10-19,15329,2982,-1497.0,-883.0,69354,-3188.0,12347,-614.0
COPPER-GRADE #1 - COMMODITY EXCHANGE INC.,1999-10-26,15922,1635,593.0,-1347.0,70550,1196.0,14287,1940.0
COPPER-GRADE #1 - COMMODITY EXCHANGE INC.,1999-11-02,15368,2400,-554.0,765.0,69037,-1513.0,12968,-1319.0
COPPER-GRADE #1 - COMMODITY EXCHANGE INC.,1999-11-09,15039,2453,-329.0,53.0,69255,218.0,12586,-382.0
COPPER-GRADE #1 - COMMODITY EXCHANGE INC.,1999-11-16,12368,4524,-2671.0,2071.0,67482,-1773.0,7844,-4742.0
COPPER-GRADE #1 - COMMODITY EXCHANGE INC.,1999-11-23,11859,5120,-509.0,596.0,69384,1902.0,6739,-1105.0
COPPER-GRADE #1 - COMMODITY EXCHANGE INC.,1999-11-30,12447,2325,588.0,-2795.0,68060,-1324.0,10122,3383.0
COPPER-GRADE #1 - COMMODITY EXCHANGE INC.,1999-12-07,11939,4246,-508.0,1921.0,66056,-2004.0,7693,-2429.0
COPPER-GRADE #1 - COMMODITY EXCHANGE INC.,1999-12-14,11135,4924,-804.0,678.0,65756,-300.0,6211,-1482.0
COPPER-GRADE #1 - COMMODITY EXCHANGE INC.,1999-12-21,20272,2230,9137.0,-2694.0,74084,8328.0,18042,11831.0
COPPER-GRADE #1 - COMMODITY EXCHANGE INC.,1999-12-28,21019,1432,747.0,-798.0,74642,558.0,19587,1545.0
COPPER-GRADE #1 - COMMODITY EXCHANGE INC.,2000-01-04,22558,1184,1539.0,-248.0,75564,922.0,21374,1787.0
COPPER-GRADE #1 - COMMODITY EXCHANGE INC.,2000-01-11,23589,1261,1031.0,77.0,77456,1892.0,22328,954.0
COPPER-GRADE #1 - COMMODITY EXCHANGE INC.,2000-01-18,30633,3014,7044.0,1753.0,86337,8881.0,27619,5291.0
COPPER-GRADE #1 - COMMODITY EXCHANGE INC.,2000-01-25,28684,2616,-1949.0,-398.0,83678,-2659.0,26068,-1551.0
COPPER-GRADE #1 - COMMODITY EXCHANGE INC.,2000-02-01,22806,1859,-5878.0,-757.0,77450,-6228.0,20947,-5121.0
COPPER-GRADE #1 - COMMODITY EXCHANGE INC.,2000-02-08,18024,3099,-4782.0,1240.0,75047,-2403.0,14925,-6022.0
COPPER-GRADE #1 - COMMODITY EXCHANGE INC.,2000-02-15,18000,2529,-24.0,-570.0,72991,-2056.0,15471,546.0
COPPER-GRADE #1 - COMMODITY EXCHANGE INC.,2000-02-22,16915,3154,-1085.0,625.0,72525,-466.0,13761,-1710.0
COPPER-GRADE #1 - COMMODITY EXCHANGE INC.,2000-02-29,11987,6551,-4928.0,3397.0,68347,-4178.0,5436,-8325.0
COPPER-GRADE #1 - COMMODITY EXCHANGE INC.,2000-03-07,12943,8389,956.0,1838.0,66752,-1595.0,4554,-882.0
COPPER-GRADE #1 - COMMODITY EXCHANGE INC.,2000-03-14,12289,10072,-654.0,1683.0,67287,535.0,2217,-2337.0
COPPER-GRADE #1 - COMMODITY EXCHANGE INC.,2000-03-21,12834,7826,545.0,-2246.0,69324,2037.0,5008,2791.0
COPPER-GRADE #1 - COMMODITY EXCHANGE INC.,2000-03-28,12027,8093,-807.0,267.0,68722,-602.0,3934,-1074.0
COPPER-GRADE #1 - COMMODITY EXCHANGE INC.,2000-04-04,13099,10549,1072.0,2456.0,71752,3030.0,2550,-1384.0
COPPER-GRADE #1 - COMMODITY EXCHANGE INC.,2000-04-11,11846,14772,-1253.0,4223.0,77069,5317.0,-2926,-5476.0
COPPER-GRADE #1 - COMMODITY EXCHANGE INC.,2000-04-18,11367,18245,-479.0,3473.0,78910,1841.0,-6878,-3952.0
COPPER-GRADE #1 - COMMODITY EXCHANGE INC.,2000-04-25,10890,14523,-477.0,-3722.0,72733,-6177.0,-3633,3245.0
COPPER-GRADE #1 - COMMODITY EXCHANGE INC.,2000-05-02,9833,10155,-1057.0,-4368.0,69211,-3522.0,-322,3311.0
COPPER-GRADE #1 - COMMODITY EXCHANGE INC.,2000-05-09,12487,4737,2654.0,-5418.0,69266,55.0,7750,8072.0
COPPER-GRADE #1 - COMMODITY EXCHANGE INC.,2000-05-16,14845,3776,2358.0,-961.0,70496,1230.0,11069,3319.0
COPPER-GRADE #1 - COMMODITY EXCHANGE INC.,2000-05-23,15134,4837,289.0,1061.0,70869,373.0,10297,-772.0
COPPER-GRADE #1 - COMMODITY EXCHANGE INC.,2000-05-30,13263,5234,-1871.0,397.0,66299,-4570.0,8029,-2268.0
COPPER-GRADE #1 - COMMODITY EXCHANGE INC.,2000-06-06,7711,4331,-5552.0,-903.0,63966,-2333.0,3380,-4649.0
COPPER-GRADE #1 - COMMODITY EXCHANGE INC.,2000-06-13,6974,6474,-737.0,2143.0,65462,1496.0,500,-2880.0
COPPER-GRADE #1 - COMMODITY EXCHANGE INC.,2000-06-20,8638,3716,1664.0,-2758.0,61468,-3994.0,4922,4422.0
COPPER-GRADE #1 - COMMODITY EXCHANGE INC.,2000-06-27,7774,2997,-864.0,-719.0,62156,688.0,4777,-145.0
COPPER-GRADE #1 - COMMODITY EXCHANGE INC.,2000-07-05,6627,3059,-1147.0,62.0,65260,3104.0,3568,-1209.0
COPPER-GRADE #1 - COMMODITY EXCHANGE INC.,2000-07-11,8018,3470,1391.0,411.0,64754,-506.0,4548,980.0
COPPER-GRADE #1 - COMMODITY EXCHANGE INC.,2000-07-18,13606,3092,5588.0,-378.0,69081,4327.0,10514,5966.0
COPPER-GRADE #1 - COMMODITY EXCHANGE INC.,2000-07-25,21038,4993,7432.0,1901.0,76965,7884.0,16045,5531.0
COPPER-GRADE #1 - COMMODITY EXCHANGE INC.,2000-08-01,23977,6307,2939.0,1314.0,82064,5099.0,17670,1625.0
COPPER-GRADE #1 - COMMODITY EXCHANGE INC.,2000-08-08,24752,6947,775.0,640.0,82125,61.0,17805,135.0
COPPER-GRADE #1 - COMMODITY EXCHANGE INC.,2000-08-15,23983,6622,-769.0,-325.0,78950,-3175.0,17361,-444.0
COPPER-GRADE #1 - COMMODITY EXCHANGE INC.,2000-08-22,21011,6457,-2972.0,-165.0,75325,-3625.0,14554,-2807.0
COPPER-GRADE #1 - COMMODITY EXCHANGE INC.,2000-08-29,23948,5770,2937.0,-687.0,79865,4540.0,18178,3624.0
COPPER-GRADE #1 - COMMODITY EXCHANGE INC.,2000-09-05,28434,5795,4486.0,25.0,80980,1115.0,22639,4461.0
COPPER-GRADE #1 - COMMODITY EXCHANGE INC.,2000-09-12,31743,6206,3309.0,411.0,84066,3086.0,25537,2898.0
COPPER-GRADE #1 - COMMODITY EXCHANGE INC.,2000-09-19,35285,6449,3542.0,243.0,86436,2370.0,28836,3299.0
COPPER-GRADE #1 - COMMODITY EXCHANGE INC.,2000-09-26,34361,6359,-924.0,-90.0,83849,-2587.0,28002,-834.0
COPPER-GRADE #1 - COMMODITY EXCHANGE INC.,2000-10-03,23990,5554,-10371.0,-805.0,76591,-7258.0,18436,-9566.0
COPPER-GRADE #1 - COMMODITY EXCHANGE INC.,2000-10-10,19448,5478,-4542.0,-76.0,73934,-2657.0,13970,-4466.0
COPPER-GRADE #1 - COMMODITY EXCHANGE INC.,2000-10-17,16149,7273,-3299.0,1795.0,73377,-557.0,8876,-5094.0
COPPER-GRADE #1 - COMMODITY EXCHANGE INC.,2000-10-24,12019,9920,-4130.0,2647.0,73429,52.0,2099,-6777.0
COPPER-GRADE #1 - COMMODITY EXCHANGE INC.,2000-10-31,9716,15254,-2303.0,5334.0,70240,-3189.0,-5538,-7637.0
COPPER-GRADE #1 - COMMODITY EXCHANGE INC.,2000-11-07,11229,17706,1513.0,2452.0,72662,2422.0,-6477,-939.0
COPPER-GRADE #1 - COMMODITY EXCHANGE INC.,2000-11-14,10792,21694,-437.0,3988.0,75391,2729.0,-10902,-4425.0
COPPER-GRADE #1 - COMMODITY EXCHANGE INC.,2000-11-21,10339,24001,-453.0,2307.0,76579,1188.0,-13662,-2760.0
COPPER-GRADE #1 - COMMODITY EXCHANGE INC.,2000-11-28,10018,21080,-321.0,-2921.0,74806,-1773.0,-11062,2600.0
COPPER-GRADE #1 - COMMODITY EXCHANGE INC.,2000-12-05,10784,16106,766.0,-4974.0,73783,-1023.0,-5322,5740.0
COPPER-GRADE #1 - COMMODITY EXCHANGE INC.,2000-12-12,11264,9949,480.0,-6157.0,68665,-5118.0,1315,6637.0
COPPER-GRADE #1 - COMMODITY EXCHANGE INC.,2000-12-19,12355,9596,1091.0,-353.0,68522,-143.0,2759,1444.0
COPPER-GRADE #1 - COMMODITY EXCHANGE INC.,2000-12-26,12805,11741,450.0,2145.0,69156,634.0,1064,-1695.0
COPPER-GRADE #1 - COMMODITY EXCHANGE INC.,2001-01-02,13520,15671,715.0,3930.0,71735,2579.0,-2151,-3215.0
COPPER-GRADE #1 - COMMODITY EXCHANGE INC.,2001-01-09,15768,21469,2248.0,5798.0,79511,7776.0,-5701,-3550.0
COPPER-GRADE #1 - COMMODITY EXCHANGE INC.,2001-01-16,16395,21705,627.0,236.0,82086,2575.0,-5310,391.0
COPPER-GRADE #1 - COMMODITY EXCHANGE INC.,2001-01-23,12091,16609,-4304.0,-5096.0,77340,-4746.0,-4518,792.0
COPPER-GRADE #1 - COMMODITY EXCHANGE INC.,2001-01-30,12302,17203,211.0,594.0,77620,280.0,-4901,-383.0
COPPER-GRADE #1 - COMMODITY EXCHANGE INC.,2001-02-06,11908,18451,-394.0,1248.0,75733,-1887.0,-6543,-1642.0
COPPER-GRADE #1 - COMMODITY EXCHANGE INC.,2001-02-13,12032,20490,124.0,2039.0,75140,-593.0,-8458,-1915.0
COPPER-GRADE #1 - COMMODITY EXCHANGE INC.,2001-02-20,12631,20800,599.0,310.0,74601,-539.0,-8169,289.0
COPPER-GRADE #1 - COMMODITY EXCHANGE INC.,2001-02-27,16451,29197,3820.0,8397.0,80196,5595.0,-12746,-4577.0
COPPER-GRADE #1 - COMMODITY EXCHANGE INC.,2001-03-06,12629,18719,-3822.0,-10478.0,71973,-8223.0,-6090,6656.0
COPPER-GRADE #1 - COMMODITY EXCHANGE INC.,2001-03-13,10453,18072,-2176.0,-647.0,69879,-2094.0,-7619,-1529.0
COPPER-GRADE #1 - COMMODITY EXCHANGE INC.,2001-03-20,14348,27535,3895.0,9463.0,80458,10579.0,-13187,-5568.0
COPPER-GRADE #1 - COMMODITY EXCHANGE INC.,2001-03-27,14579,30196,231.0,2661.0,84833,4375.0,-15617,-2430.0
COPPER-GRADE #1 - COMMODITY EXCHANGE INC.,2001-04-03,16051,34432,1472.0,4236.0,85987,1154.0,-18381,-2764.0
COPPER-GRADE #1 - COMMODITY EXCHANGE INC.,2001-04-10,15799,37043,-252.0,2611.0,87851,1864.0,-21244,-2863.0
COPPER-GRADE #1 - COMMODITY EXCHANGE INC.,2001-04-17,15938,38111,139.0,1068.0,84566,-3285.0,-22173,-929.0
COPPER-GRADE #1 - COMMODITY EXCHANGE INC.,2001-04-24,15335,34652,-603.0,-3459.0,80539,-4027.0,-19317,2856.0
COPPER-GRADE #1 - COMMODITY EXCHANGE INC.,2001-05-01,14687,31553,-648.0,-3099.0,75177,-5362.0,-16866,2451.0
COPPER-GRADE #1 - COMMODITY EXCHANGE INC.,2001-05-08,13435,28166,-1252.0,-3387.0,71209,-3968.0,-14731,2135.0
COPPER-GRADE #1 - COMMODITY EXCHANGE INC.,2001-05-15,15031,33403,1596.0,5237.0,77317,6108.0,-18372,-3641.0
COPPER-GRADE #1 - COMMODITY EXCHANGE INC.,2001-05-22,14066,21547,-965.0,-11856.0,70667,-6650.0,-7481,10891.0
COPPER-GRADE #1 - COMMODITY EXCHANGE INC.,2001-05-29,14165,21575,99.0,28.0,72650,1983.0,-7410,71.0
COPPER-GRADE #1 - COMMODITY EXCHANGE INC.,2001-06-05,13450,28440,-715.0,6865.0,76275,3625.0,-14990,-7580.0
COPPER-GRADE #1 - COMMODITY EXCHANGE INC.,2001-06-12,16020,35948,2570.0,7508.0,85167,8892.0,-19928,-4938.0
COPPER-GRADE #1 - COMMODITY EXCHANGE INC.,2001-06-19,17513,38959,1493.0,3011.0,88398,3231.0,-21446,-1518.0
COPPER-GRADE #1 - COMMODITY EXCHANGE INC.,2001-06-26,17836,40854,323.0,1895.0,89548,1150.0,-23018,-1572.0
COPPER-GRADE #1 - COMMODITY EXCHANGE INC.,2001-07-03,17218,37254,-618.0,-3600.0,83400,-6148.0,-20036,2982.0
COPPER-GRADE #1 - COMMODITY EXCHANGE INC.,2001-07-10,16126,36606,-1092.0,-648.0,82215,-1185.0,-20480,-444.0
COPPER-GRADE #1 - COMMODITY EXCHANGE INC.,2001-07-17,14969,35405,-1157.0,-1201.0,81306,-909.0,-20436,44.0
COPPER-GRADE #1 - COMMODITY EXCHANGE INC.,2001-07-24,15045,36629,76.0,1224.0,87232,5926.0,-21584,-1148.0
COPPER-GRADE #1 - COMMODITY EXCHANGE INC.,2001-07-31,13972,31852,-1073.0,-4777.0,82429,-4803.0,-17880,3704.0
COPPER-GRADE #1 - COMMODITY EXCHANGE INC.,2001-08-07,13578,32471,-394.0,619.0,85544,3115.0,-18893,-1013.0
COPPER-GRADE #1 - COMMODITY EXCHANGE INC.,2001-08-14,14227,31665,649.0,-806.0,87461,1917.0,-17438,1455.0
COPPER-GRADE #1 - COMMODITY EXCHANGE INC.,2001-08-21,12856,30617,-1371.0,-1048.0,89888,2427.0,-17761,-323.0
COPPER-GRADE #1 - COMMODITY EXCHANGE INC.,2001-08-28,11412,26183,-1444.0,-4434.0,92904,3016.0,-14771,2990.0
COPPER-GRADE #1 - COMMODITY EXCHANGE INC.,2001-09-04,13232,27318,1820.0,1135.0,92144,-760.0,-14086,685.0
COPPER-GRADE #1 - COMMODITY EXCHANGE INC.,2001-09-10,14023,32145,791.0,4827.0,88352,-3792.0,-18122,-4036.0
COPPER-GRADE #1 - COMMODITY EXCHANGE INC.,2001-09-18,14332,32405,309.0,260.0,87219,-1133.0,-18073,49.0
COPPER-GRADE #1 - COMMODITY EXCHANGE INC.,2001-09-25,14110,33743,-222.0,1338.0,84591,-2628.0,-19633,-1560.0
COPPER-GRADE #1 - COMMODITY EXCHANGE INC.,2001-10-02,14549,35912,439.0,2169.0,82976,-1615.0,-21363,-1730.0
COPPER-GRADE #1 - COMMODITY EXCHANGE INC.,2001-10-09,13634,35555,-915.0,-357.0,84437,1461.0,-21921,-558.0
COPPER-GRADE #1 - COMMODITY EXCHANGE INC.,2001-10-16,13715,38988,81.0,3433.0,88101,3664.0,-25273,-3352.0
COPPER-GRADE #1 - COMMODITY EXCHANGE INC.,2001-10-23,13229,38366,-486.0,-622.0,91054,2953.0,-25137,136.0
COPPER-GRADE #1 - COMMODITY EXCHANGE INC.,2001-10-30,13306,38684,77.0,318.0,92381,1327.0,-25378,-241.0
COPPER-GRADE #1 - COMMODITY EXCHANGE INC.,2001-11-06,13037,39806,-269.0,1122.0,94528,2147.0,-26769,-1391.0
COPPER-GRADE #1 - COMMODITY EXCHANGE INC.,2001-11-13,9545,22245,-3492.0,-17561.0,85025,-9503.0,-12700,14069.0
COPPER-GRADE #1 - COMMODITY EXCHANGE INC.,2001-11-20,9592,12792,47.0,-9453.0,83020,-2005.0,-3200,9500.0
COPPER-GRADE #1 - COMMODITY EXCHANGE INC.,2001-11-27,10422,9727,830.0,-3065.0,79747,-3273.0,695,3895.0
COPPER-GRADE #1 - COMMODITY EXCHANGE INC.,2001-12-04,15150,8015,4728.0,-1712.0,65314,-14433.0,7135,6440.0
COPPER-GRADE #1 - COMMODITY EXCHANGE INC.,2001-12-11,11560,5601,-3590.0,-2414.0,68574,3260.0,5959,-1176.0
COPPER-GRADE #1 - COMMODITY EXCHANGE INC.,2001-12-18,10516,7183,-1044.0,1582.0,70148,1574.0,3333,-2626.0
COPPER-GRADE #1 - COMMODITY EXCHANGE INC.,2001-12-21,10180,8273,-336.0,1090.0,71175,1027.0,1907,-1426.0
COPPER-GRADE #1 - COMMODITY EXCHANGE INC.,2001-12-28,9938,8251,-242.0,-22.0,71408,233.0,1687,-220.0
COPPER-GRADE #1 - COMMODITY EXCHANGE INC.,2002-01-08,10988,6116,1050.0,-2135.0,69948,-1460.0,4872,3185.0
COPPER-GRADE #1 - COMMODITY EXCHANGE INC.,2002-01-15,12673,4886,1685.0,-1230.0,71302,1354.0,7787,2915.0
COPPER-GRADE #1 - COMMODITY EXCHANGE INC.,2002-01-22,13873,6055,1200.0,1169.0,72878,1576.0,7818,31.0
COPPER-GRADE #1 - COMMODITY EXCHANGE INC.,2002-01-29,13529,5830,-344.0,-225.0,74988,2110.0,7699,-119.0
COPPER-GRADE #1 - COMMODITY EXCHANGE INC.,2002-02-05,20516,7425,6987.0,1595.0,78088,3100.0,13091,5392.0
COPPER-GRADE #1 - COMMODITY EXCHANGE INC.,2002-02-12,22544,7463,2028.0,38.0,81644,3556.0,15081,1990.0
COPPER-GRADE #1 - COMMODITY EXCHANGE INC.,2002-02-19,21408,6525,-1136.0,-938.0,81693,49.0,14883,-198.0
COPPER-GRADE #1 - COMMODITY EXCHANGE INC.,2002-02-26,13078,6083,-8330.0,-442.0,76182,-5511.0,6995,-7888.0
COPPER-GRADE #1 - COMMODITY EXCHANGE INC.,2002-03-05,15424,4984,2346.0,-1099.0,74046,-2136.0,10440,3445.0
COPPER-GRADE #1 - COMMODITY EXCHANGE INC.,2002-03-12,20241,5524,4817.0,540.0,77432,3386.0,14717,4277.0
COPPER-GRADE #1 - COMMODITY EXCHANGE INC.,2002-03-19,26702,5492,6461.0,-32.0,82980,5548.0,21210,6493.0
COPPER-GRADE #1 - COMMODITY EXCHANGE INC.,2002-03-26,24000,5604,-2702.0,112.0,81357,-1623.0,18396,-2814.0
COPPER-GRADE #1 - COMMODITY EXCHANGE INC.,2002-04-02,27768,6331,3768.0,727.0,80802,-555.0,21437,3041.0
COPPER-GRADE #1 - COMMODITY EXCHANGE INC.,2002-04-09,15406,5538,-12362.0,-793.0,74042,-6760.0,9868,-11569.0
COPPER-GRADE #1 - COMMODITY EXCHANGE INC.,2002-04-16,16250,8002,844.0,2464.0,75582,1540.0,8248,-1620.0
COPPER-GRADE #1 - COMMODITY EXCHANGE INC.,2002-04-23,16931,5685,681.0,-2317.0,74624,-958.0,11246,2998.0
COPPER-GRADE #1 - COMMODITY EXCHANGE INC.,2002-04-30,15110,4835,-1821.0,-850.0,69769,-4855.0,10275,-971.0
COPPER-GRADE #1 - COMMODITY EXCHANGE INC.,2002-05-07,14418,10072,-692.0,5237.0,73731,3962.0,4346,-5929.0
COPPER-GRADE #1 - COMMODITY EXCHANGE INC.,2002-05-14,15529,3824,1111.0,-6248.0,74175,444.0,11705,7359.0
COPPER-GRADE #1 - COMMODITY EXCHANGE INC.,2002-05-21,13578,5179,-1951.0,1355.0,73118,-1057.0,8399,-3306.0
COPPER-GRADE #1 - COMMODITY EXCHANGE INC.,2002-05-28,19731,3600,6153.0,-1579.0,76389,3271.0,16131,7732.0
COPPER-GRADE #1 - COMMODITY EXCHANGE INC.,2002-06-04,31086,4576,11355.0,976.0,81994,5605.0,26510,10379.0
COPPER-GRADE #1 - COMMODITY EXCHANGE INC.,2002-06-11,37824,4548,6738.0,-28.0,86641,4647.0,33276,6766.0
COPPER-GRADE #1 - COMMODITY EXCHANGE INC.,2002-06-18,32743,4542,-5081.0,-6.0,84625,-2016.0,28201,-5075.0
COPPER-GRADE #1 - COMMODITY EXCHANGE INC.,2002-06-25,21024,2969,-11719.0,-1573.0,73382,-11243.0,18055,-10146.0
COPPER-GRADE #1 - COMMODITY EXCHANGE INC.,2002-07-02,26678,3569,5654.0,600.0,73330,-52.0,23109,5054.0
COPPER-GRADE #1 - COMMODITY EXCHANGE INC.,2002-07-09,25326,2555,-1352.0,-1014.0,75801,2471.0,22771,-338.0
COPPER-GRADE #1 - COMMODITY EXCHANGE INC.,2002-07-16,18428,6838,-6898.0,4283.0,74251,-1550.0,11590,-11181.0
COPPER-GRADE #1 - COMMODITY EXCHANGE INC.,2002-07-23,19593,21866,1165.0,15028.0,91727,17476.0,-2273,-13863.0
COPPER-GRADE #1 - COMMODITY EXCHANGE INC.,2002-07-30,18738,26892,-855.0,5026.0,95907,4180.0,-8154,-5881.0
COPPER-GRADE #1 - COMMODITY EXCHANGE INC.,2002-08-06,18345,30124,-393.0,3232.0,95720,-187.0,-11779,-3625.0
COPPER-GRADE #1 - COMMODITY EXCHANGE INC.,2002-08-13,18437,34377,92.0,4253.0,105236,9516.0,-15940,-4161.0
COPPER-GRADE #1 - COMMODITY EXCHANGE INC.,2002-08-20,18309,35704,-128.0,1327.0,106340,1104.0,-17395,-1455.0
COPPER-GRADE #1 - COMMODITY EXCHANGE INC.,2002-08-27,16598,34522,-1711.0,-1182.0,104704,-1636.0,-17924,-529.0
COPPER-GRADE #1 - COMMODITY EXCHANGE INC.,2002-09-03,16813,36108,215.0,1586.0,97873,-6831.0,-19295,-1371.0
COPPER-GRADE #1 - COMMODITY EXCHANGE INC.,2002-09-10,14717,29154,-2096.0,-6954.0,96861,-1012.0,-14437,4858.0
COPPER-GRADE #1 - COMMODITY EXCHANGE INC.,2002-09-17,13052,24417,-1665.0,-4737.0,94279,-2582.0,-11365,3072.0
COPPER-GRADE #1 - COMMODITY EXCHANGE INC.,2002-09-24,12968,29665,-84.0,5248.0,100388,6109.0,-16697,-5332.0
COPPER-GRADE #1 - COMMODITY EXCHANGE INC.,2002-10-01,14261,34869,1293.0,5204.0,104452,4064.0,-20608,-3911.0
COPPER-GRADE #1 - COMMODITY EXCHANGE INC.,2002-10-08,14981,36280,720.0,1411.0,106244,1792.0,-21299,-691.0
COPPER-GRADE #1 - COMMODITY EXCHANGE INC.,2002-10-15,14731,35019,-250.0,-1261.0,105137,-1107.0,-20288,1011.0
COPPER-GRADE #1 - COMMODITY EXCHANGE INC.,2002-10-22,13410,20313,-1321.0,-14706.0,94847,-10290.0,-6903,13385.0
COPPER-GRADE #1 - COMMODITY EXCHANGE INC.,2002-10-29,15697,10204,2287.0,-10109.0,90078,-4769.0,5493,12396.0
COPPER-GRADE #1 - COMMODITY EXCHANGE INC.,2002-11-05,25876,11024,10179.0,820.0,91462,1384.0,14852,9359.0
COPPER-GRADE #1 - COMMODITY EXCHANGE INC.,2002-11-12,27431,9913,1555.0,-1111.0,91047,-415.0,17518,2666.0
COPPER-GRADE #1 - COMMODITY EXCHANGE INC.,2002-11-19,27956,9453,525.0,-460.0,87840,-3207.0,18503,985.0
COPPER-GRADE #1 - COMMODITY EXCHANGE INC.,2002-11-26,29382,7313,1426.0,-2140.0,86622,-1218.0,22069,3566.0
COPPER-GRADE #1 - COMMODITY EXCHANGE INC.,2002-12-03,33633,6739,4251.0,-574.0,85370,-1252.0,26894,4825.0
COPPER-GRADE #1 - COMMODITY EXCHANGE INC.,2002-12-10,31431,4194,-2202.0,-2545.0,81384,-3986.0,27237,343.0
COPPER-GRADE #1 - COMMODITY EXCHANGE INC.,2002-12-17,25867,2912,-5564.0,-1282.0,76375,-5009.0,22955,-4282.0
COPPER-GRADE #1 - COMMODITY EXCHANGE INC.,2002-12-23,19627,4431,-6240.0,1519.0,72661,-3714.0,15196,-7759.0
COPPER-GRADE #1 - COMMODITY EXCHANGE INC.,2002-12-31,17089,15929,-2538.0,11498.0,80174,7513.0,1160,-14036.0
COPPER-GRADE #1 - COMMODITY EXCHANGE INC.,2003-01-07,14802,10826,-2287.0,-5103.0,77457,-2717.0,3976,2816.0
COPPER-GRADE #1 - COMMODITY EXCHANGE INC.,2003-01-14,22746,7118,7944.0,-3708.0,78117,660.0,15628,11652.0
COPPER-GRADE #1 - COMMODITY EXCHANGE INC.,2003-01-21,28894,6959,6148.0,-159.0,83902,5785.0,21935,6307.0
COPPER-GRADE #1 - COMMODITY EXCHANGE INC.,2003-01-28,30367,7005,1473.0,46.0,84623,721.0,23362,1427.0
COPPER-GRADE #1 - COMMODITY EXCHANGE INC.,2003-02-04,34774,6394,4407.0,-611.0,87596,2973.0,28380,5018.0
COPPER-GRADE #1 - COMMODITY EXCHANGE INC.,2003-02-11,35265,5349,491.0,-1045.0,86466,-1130.0,29916,1536.0
COPPER-GRADE #1 - COMMODITY EXCHANGE INC.,2003-02-14,30054,3527,-5211.0,-1822.0,79835,-6631.0,26527,-3389.0
COPPER-GRADE #1 - COMMODITY EXCHANGE INC.,2003-02-25,27250,4085,-2804.0,558.0,75828,-4007.0,23165,-3362.0
COPPER-GRADE #1 - COMMODITY EXCHANGE INC.,2003-03-04,35810,8348,8560.0,4263.0,82299,6471.0,27462,4297.0
COPPER-GRADE #1 - COMMODITY EXCHANGE INC.,2003-03-11,21629,5235,-14181.0,-3113.0,68832,-13467.0,16394,-11068.0
COPPER-GRADE #1 - COMMODITY EXCHANGE INC.,2003-03-18,20692,6817,-937.0,1582.0,67739,-1093.0,13875,-2519.0
COPPER-GRADE #1 - COMMODITY EXCHANGE INC.,2003-03-25,23457,5666,2765.0,-1151.0,71939,4200.0,17791,3916.0
COPPER-GRADE #1 - COMMODITY EXCHANGE INC.,2003-04-01,20296,19403,-3161.0,13737.0,80064,8125.0,893,-16898.0
COPPER-GRADE #1 - COMMODITY EXCHANGE INC.,2003-04-08,18534,24152,-1762.0,4749.0,83606,3542.0,-5618,-6511.0
COPPER-GRADE #1 - COMMODITY EXCHANGE INC.,2003-04-15,17636,25744,-898.0,1592.0,85346,1740.0,-8108,-2490.0
COPPER-GRADE #1 - COMMODITY EXCHANGE INC.,2003-04-22,17230,27051,-406.0,1307.0,87540,2194.0,-9821,-1713.0
COPPER-GRADE #1 - COMMODITY EXCHANGE INC.,2003-04-29,17490,29167,260.0,2116.0,89551,2011.0,-11677,-1856.0
COPPER-GRADE #1 - COMMODITY EXCHANGE INC.,2003-05-06,16713,31831,-777.0,2664.0,81212,-8339.0,-15118,-3441.0
COPPER-GRADE #1 - COMMODITY EXCHANGE INC.,2003-05-13,14272,17190,-2441.0,-14641.0,73710,-7502.0,-2918,12200.0
COPPER-GRADE #1 - COMMODITY EXCHANGE INC.,2003-05-20,22202,14188,7930.0,-3002.0,77525,3815.0,8014,10932.0
COPPER-GRADE #1 - COMMODITY EXCHANGE INC.,2003-05-27,26443,13595,4241.0,-593.0,80038,2513.0,12848,4834.0
COPPER-GRADE #1 - COMMODITY EXCHANGE INC.,2003-06-03,30717,12937,4274.0,-658.0,84207,4169.0,17780,4932.0
COPPER-GRADE #1 - COMMODITY EXCHANGE INC.,2003-06-10,31408,11623,691.0,-1314.0,83001,-1206.0,19785,2005.0
COPPER-GRADE #1 - COMMODITY EXCHANGE INC.,2003-06-17,30095,11552,-1313.0,-71.0,80520,-2481.0,18543,-1242.0
COPPER-GRADE #1 - COMMODITY EXCHANGE INC.,2003-06-24,30026,11297,-69.0,-255.0,80818,298.0,18729,186.0
COPPER-GRADE #1 - COMMODITY EXCHANGE INC.,2003-07-01,19765,11223,-10261.0,-74.0,72785,-8033.0,8542,-10187.0
COPPER-GRADE #1 - COMMODITY EXCHANGE INC.,2003-07-08,20777,10992,1012.0,-231.0,71369,-1416.0,9785,1243.0
COPPER-GRADE #1 - COMMODITY EXCHANGE INC.,2003-07-15,35422,11299,14645.0,307.0,82166,10797.0,24123,14338.0
COPPER-GRADE #1 - COMMODITY EXCHANGE INC.,2003-07-22,34723,11218,-699.0,-81.0,83451,1285.0,23505,-618.0
COPPER-GRADE #1 - COMMODITY EXCHANGE INC.,2003-07-29,44149,13212,9426.0,1994.0,98215,14764.0,30937,7432.0
COPPER-GRADE #1 - COMMODITY EXCHANGE INC.,2003-08-05,48720,14103,4571.0,891.0,101260,3045.0,34617,3680.0
COPPER-GRADE #1 - COMMODITY EXCHANGE INC.,2003-08-12,43450,12883,-5270.0,-1220.0,94633,-6627.0,30567,-4050.0
COPPER-GRADE #1 - COMMODITY EXCHANGE INC.,2003-08-19,42072,11748,-1378.0,-1135.0,94011,-622.0,30324,-243.0
COPPER-GRADE #1 - COMMODITY EXCHANGE INC.,2003-08-26,42156,12845,84.0,1097.0,93229,-782.0,29311,-1013.0
COPPER-GRADE #1 - COMMODITY EXCHANGE INC.,2003-09-02,44686,12893,2530.0,48.0,84781,-8448.0,31793,2482.0
COPPER-GRADE #1 - COMMODITY EXCHANGE INC.,2003-09-09,52607,15455,7921.0,2562.0,94004,9223.0,37152,5359.0
COPPER-GRADE #1 - COMMODITY EXCHANGE INC.,2003-09-16,49736,14742,-2871.0,-713.0,91181,-2823.0,34994,-2158.0
COPPER-GRADE #1 - COMMODITY EXCHANGE INC.,2003-09-23,51711,16560,1975.0,1818.0,94529,3348.0,35151,157.0
COPPER-GRADE #1 - COMMODITY EXCHANGE INC.,2003-09-30,48026,14030,-3685.0,-2530.0,90622,-3907.0,33996,-1155.0
COPPER-GRADE #1 - COMMODITY EXCHANGE INC.,2003-10-07,58295,18131,10269.0,4101.0,101927,11305.0,40164,6168.0
COPPER-GRADE #1 - COMMODITY EXCHANGE INC.,2003-10-14,67564,19182,9269.0,1051.0,109627,7700.0,48382,8218.0
COPPER-GRADE #1 - COMMODITY EXCHANGE INC.,2003-10-21,66810,18782,-754.0,-400.0,111559,1932.0,48028,-354.0
COPPER-GRADE #1 - COMMODITY EXCHANGE INC.,2003-10-28,62701,17523,-4109.0,-1259.0,109796,-1763.0,45178,-2850.0
COPPER-GRADE #1 - COMMODITY EXCHANGE INC.,2003-11-04,61294,16887,-1407.0,-636.0,109436,-360.0,44407,-771.0
COPPER-GRADE #1 - COMMODITY EXCHANGE INC.,2003-11-11,60237,15988,-1057.0,-899.0,108854,-582.0,44249,-158.0
COPPER-GRADE #1 - COMMODITY EXCHANGE INC.,2003-11-18,51436,16495,-8801.0,507.0,102838,-6016.0,34941,-9308.0
COPPER-GRADE #1 - COMMODITY EXCHANGE INC.,2003-11-25,41323,15474,-10113.0,-1021.0,90652,-12186.0,25849,-9092.0
COPPER-GRADE #1 - COMMODITY EXCHANGE INC.,2003-12-02,44855,16190,3532.0,716.0,91716,1064.0,28665,2816.0
COPPER-GRADE #1 - COMMODITY EXCHANGE INC.,2003-12-09,41973,15852,-2882.0,-338.0,88432,-3284.0,26121,-2544.0
COPPER-GRADE #1 - COMMODITY EXCHANGE INC.,2003-12-16,43176,15559,1203.0,-293.0,90778,2346.0,27617,1496.0
COPPER-GRADE #1 - COMMODITY EXCHANGE INC.,2003-12-22,43936,15530,760.0,-29.0,91634,856.0,28406,789.0
COPPER-GRADE #1 - COMMODITY EXCHANGE INC.,2003-12-30,43735,17538,-201.0,2008.0,89485,-2149.0,26197,-2209.0
COPPER-GRADE #1 - COMMODITY EXCHANGE INC.,2004-01-06,46107,14838,2372.0,-2700.0,90562,1077.0,31269,5072.0
COPPER-GRADE #1 - COMMODITY EXCHANGE INC.,2004-01-13,45520,15176,-587.0,338.0,91442,880.0,30344,-925.0
COPPER-GRADE #1 - COMMODITY EXCHANGE INC.,2004-01-20,45097,15258,-423.0,82.0,90133,-1309.0,29839,-505.0
COPPER-GRADE #1 - COMMODITY EXCHANGE INC.,2004-01-27,42449,14469,-2648.0,-789.0,93722,3589.0,27980,-1859.0
COPPER-GRADE #1 - COMMODITY EXCHANGE INC.,2004-02-03,43330,15253,881.0,784.0,91868,-1854.0,28077,97.0
COPPER-GRADE #1 - COMMODITY EXCHANGE INC.,2004-02-10,39955,13267,-3375.0,-1986.0,85340,-6528.0,26688,-1389.0
COPPER-GRADE #1 - COMMODITY EXCHANGE INC.,2004-02-17,39352,10465,-603.0,-2802.0,87694,2354.0,28887,2199.0
COPPER-GRADE #1 - COMMODITY EXCHANGE INC.,2004-02-24,35775,10242,-3577.0,-223.0,89394,1700.0,25533,-3354.0
COPPER-GRADE #1 - COMMODITY EXCHANGE INC.,2004-03-02,35198,11563,-577.0,1321.0,84146,-5248.0,23635,-1898.0
COPPER-GRADE #1 - COMMODITY EXCHANGE INC.,2004-03-09,28836,9063,-6362.0,-2500.0,74980,-9166.0,19773,-3862.0
COPPER-GRADE #1 - COMMODITY EXCHANGE INC.,2004-03-16,30131,10339,1295.0,1276.0,77104,2124.0,19792,19.0
COPPER-GRADE #1 - COMMODITY EXCHANGE INC.,2004-03-23,29704,11122,-427.0,783.0,73595,-3509.0,18582,-1210.0
COPPER-GRADE #1 - COMMODITY EXCHANGE INC.,2004-03-30,28782,14023,-922.0,2901.0,82822,9227.0,14759,-3823.0
COPPER-GRADE #1 - COMMODITY EXCHANGE INC.,2004-04-06,25695,16486,-3087.0,2463.0,76267,-6555.0,9209,-5550.0
COPPER-GRADE #1 - COMMODITY EXCHANGE INC.,2004-04-12,23915,16581,-1780.0,95.0,74015,-2252.0,7334,-1875.0
COPPER-GRADE #1 - COMMODITY EXCHANGE INC.,2004-04-20,26130,17356,2215.0,775.0,74361,346.0,8774,1440.0
COPPER-GRADE #1 - COMMODITY EXCHANGE INC.,2004-04-27,19379,11199,-6751.0,-6157.0,69318,-5043.0,8180,-594.0
COPPER-GRADE #1 - COMMODITY EXCHANGE INC.,2004-05-04,17790,10488,-1589.0,-711.0,65438,-3880.0,7302,-878.0
COPPER-GRADE #1 - COMMODITY EXCHANGE INC.,2004-05-11,16246,9323,-1544.0,-1165.0,63658,-1780.0,6923,-379.0
COPPER-GRADE #1 - COMMODITY EXCHANGE INC.,2004-05-18,15654,8562,-592.0,-761.0,64357,699.0,7092,169.0
COPPER-GRADE #1 - COMMODITY EXCHANGE INC.,2004-05-25,16609,8118,955.0,-444.0,68371,4014.0,8491,1399.0
COPPER-GRADE #1 - COMMODITY EXCHANGE INC.,2004-06-01,20476,8370,3867.0,252.0,71536,3165.0,12106,3615.0
COPPER-GRADE #1 - COMMODITY EXCHANGE INC.,2004-06-08,17890,8085,-2586.0,-285.0,67204,-4332.0,9805,-2301.0
COPPER-GRADE #1 - COMMODITY EXCHANGE INC.,2004-06-15,12012,8149,-5878.0,64.0,62719,-4485.0,3863,-5942.0
COPPER-GRADE #1 - COMMODITY EXCHANGE INC.,2004-06-22,12669,9974,657.0,1825.0,66825,4106.0,2695,-1168.0
COPPER-GRADE #1 - COMMODITY EXCHANGE INC.,2004-06-29,11282,4784,-1387.0,-5190.0,57873,-8952.0,6498,3803.0
COPPER-GRADE #1 - COMMODITY EXCHANGE INC.,2004-07-06,12326,4308,1044.0,-476.0,58133,260.0,8018,1520.0
COPPER-GRADE #1 - COMMODITY EXCHANGE INC.,2004-07-13,21663,5368,9337.0,1060.0,66740,8607.0,16295,8277.0
COPPER-GRADE #1 - COMMODITY EXCHANGE INC.,2004-07-20,23978,5806,2315.0,438.0,69505,2765.0,18172,1877.0
COPPER-GRADE #1 - COMMODITY EXCHANGE INC.,2004-07-27,19618,5028,-4360.0,-778.0,65605,-3900.0,14590,-3582.0
COPPER-GRADE #1 - COMMODITY EXCHANGE INC.,2004-08-03,25103,8713,5485.0,3685.0,71515,5910.0,16390,1800.0
COPPER-GRADE #1 - COMMODITY EXCHANGE INC.,2004-08-10,19835,7447,-5268.0,-1266.0,65598,-5917.0,12388,-4002.0
COPPER-GRADE #1 - COMMODITY EXCHANGE INC.,2004-08-17,30518,11146,10683.0,3699.0,78129,12531.0,19372,6984.0
COPPER-GRADE #1 - COMMODITY EXCHANGE INC.,2004-08-24,22015,8463,-8503.0,-2683.0,69773,-8356.0,13552,-5820.0
COPPER-GRADE #1 - COMMODITY EXCHANGE INC.,2004-08-31,23031,7553,1016.0,-910.0,73755,3982.0,15478,1926.0
COPPER-GRADE #1 - COMMODITY EXCHANGE INC.,2004-09-07,21479,8833,-1552.0,1280.0,72214,-1541.0,12646,-2832.0
COPPER-GRADE #1 - COMMODITY EXCHANGE INC.,2004-09-14,26351,11184,4872.0,2351.0,75040,2826.0,15167,2521.0
COPPER-GRADE #1 - COMMODITY EXCHANGE INC.,2004-09-21,34903,15386,8552.0,4202.0,85631,10591.0,19517,4350.0
COPPER-GRADE #1 - COMMODITY EXCHANGE INC.,2004-09-28,41210,17175,6307.0,1789.0,93997,8366.0,24035,4518.0
COPPER-GRADE #1 - COMMODITY EXCHANGE INC.,2004-10-05,45933,17686,4723.0,511.0,100292,6295.0,28247,4212.0
COPPER-GRADE #1 - COMMODITY EXCHANGE INC.,2004-10-12,47018,17364,1085.0,-322.0,103422,3130.0,29654,1407.0
COPPER-GRADE #1 - COMMODITY EXCHANGE INC.,2004-10-19,20386,7107,-26632.0,-10257.0,74501,-28921.0,13279,-16375.0
COPPER-GRADE #1 - COMMODITY EXCHANGE INC.,2004-10-26,18391,6753,-1995.0,-354.0,72971,-1530.0,11638,-1641.0
COPPER-GRADE #1 - COMMODITY EXCHANGE INC.,2004-11-02,18988,6827,597.0,74.0,69692,-3279.0,12161,523.0
COPPER-GRADE #1 - COMMODITY EXCHANGE INC.,2004-11-09,22239,7630,3251.0,803.0,75539,5847.0,14609,2448.0
COPPER-GRADE #1 - COMMODITY EXCHANGE INC.,2004-11-16,25259,9220,3020.0,1590.0,80861,5322.0,16039,1430.0
COPPER-GRADE #1 - COMMODITY EXCHANGE INC.,2004-11-23,32589,7683,7330.0,-1537.0,93862,13001.0,24906,8867.0
COPPER-GRADE #1 - COMMODITY EXCHANGE INC.,2004-11-30,36871,8609,4282.0,926.0,97637,3775.0,28262,3356.0
COPPER-GRADE #1 - COMMODITY EXCHANGE INC.,2004-12-07,30004,6004,-6867.0,-2605.0,90604,-7033.0,24000,-4262.0
COPPER-GRADE #1 - COMMODITY EXCHANGE INC.,2004-12-14,25559,4949,-4445.0,-1055.0,83533,-7071.0,20610,-3390.0
COPPER-GRADE #1 - COMMODITY EXCHANGE INC.,2004-12-21,28721,5504,3162.0,555.0,86174,2641.0,23217,2607.0
COPPER-GRADE #1 - COMMODITY EXCHANGE INC.,2004-12-28,33281,6758,4560.0,1254.0,93230,7056.0,26523,3306.0
COPPER-GRADE #1 - COMMODITY EXCHANGE INC.,2005-01-04,26545,6281,-6736.0,-477.0,87161,-6069.0,20264,-6259.0
COPPER-GRADE #1 - COMMODITY EXCHANGE INC.,2005-01-11,23188,5116,-3357.0,-1165.0,81259,-5902.0,18072,-2192.0
COPPER-GRADE #1 - COMMODITY EXCHANGE INC.,2005-01-18,23417,5836,229.0,720.0,81248,-11.0,17581,-491.0
COPPER-GRADE #1 - COMMODITY EXCHANGE INC.,2005-01-25,27127,7247,3710.0,1411.0,87458,6210.0,19880,2299.0
COPPER-GRADE #1 - COMMODITY EXCHANGE INC.,2005-02-01,26801,9486,-326.0,2239.0,88810,1352.0,17315,-2565.0
COPPER-GRADE #1 - COMMODITY EXCHANGE INC.,2005-02-08,23230,8412,-3571.0,-1074.0,85163,-3647.0,14818,-2497.0
COPPER-GRADE #1 - COMMODITY EXCHANGE INC.,2005-02-15,32781,12154,9551.0,3742.0,95044,9881.0,20627,5809.0
COPPER-GRADE #1 - COMMODITY EXCHANGE INC.,2005-02-22,44160,16442,11379.0,4288.0,108804,13760.0,27718,7091.0
COPPER-GRADE #1 - COMMODITY EXCHANGE INC.,2005-03-01,49255,16029,5095.0,-413.0,112973,4169.0,33226,5508.0
COPPER-GRADE #1 - COMMODITY EXCHANGE INC.,2005-03-08,52332,16243,3077.0,214.0,118035,5062.0,36089,2863.0
COPPER-GRADE #1 - COMMODITY EXCHANGE INC.,2005-03-15,46771,15983,-5561.0,-260.0,114956,-3079.0,30788,-5301.0
COPPER-GRADE #1 - COMMODITY EXCHANGE INC.,2005-03-22,47101,16870,330.0,887.0,120517,5561.0,30231,-557.0
COPPER-GRADE #1 - COMMODITY EXCHANGE INC.,2005-03-29,40691,15086,-6410.0,-1784.0,114349,-6168.0,25605,-4626.0
COPPER-GRADE #1 - COMMODITY EXCHANGE INC.,2005-04-05,43081,15554,2390.0,468.0,119690,5341.0,27527,1922.0
COPPER-GRADE #1 - COMMODITY EXCHANGE INC.,2005-04-12,46134,17988,3053.0,2434.0,132104,12414.0,28146,619.0
COPPER-GRADE #1 - COMMODITY EXCHANGE INC.,2005-04-19,32513,13873,-13621.0,-4115.0,117163,-14941.0,18640,-9506.0
COPPER-GRADE #1 - COMMODITY EXCHANGE INC.,2005-04-26,35217,12857,2704.0,-1016.0,116212,-951.0,22360,3720.0
COPPER-GRADE #1 - COMMODITY EXCHANGE INC.,2005-05-03,34649,15269,-568.0,2412.0,107401,-8811.0,19380,-2980.0
COPPER-GRADE #1 - COMMODITY EXCHANGE INC.,2005-05-10,31653,14769,-2996.0,-500.0,104321,-3080.0,16884,-2496.0
COPPER-GRADE #1 - COMMODITY EXCHANGE INC.,2005-05-17,20525,17204,-11128.0,2435.0,94172,-10149.0,3321,-13563.0
COPPER-GRADE #1 - COMMODITY EXCHANGE INC.,2005-05-24,20094,16541,-431.0,-663.0,91941,-2231.0,3553,232.0
COPPER-GRADE #1 - COMMODITY EXCHANGE INC.,2005-05-31,23327,13835,3233.0,-2706.0,92253,312.0,9492,5939.0
COPPER-GRADE #1 - COMMODITY EXCHANGE INC.,2005-06-07,31621,13609,8294.0,-226.0,99573,7320.0,18012,8520.0
COPPER-GRADE #1 - COMMODITY EXCHANGE INC.,2005-06-14,36892,16080,5271.0,2471.0,104947,5374.0,20812,2800.0
COPPER-GRADE #1 - COMMODITY EXCHANGE INC.,2005-06-21,42701,19918,5809.0,3838.0,112051,7104.0,22783,1971.0
COPPER-GRADE #1 - COMMODITY EXCHANGE INC.,2005-06-28,41847,21136,-854.0,1218.0,112939,888.0,20711,-2072.0
COPPER-GRADE #1 - COMMODITY EXCHANGE INC.,2005-07-05,33523,20166,-8324.0,-970.0,102082,-10857.0,13357,-7354.0
COPPER-GRADE #1 - COMMODITY EXCHANGE INC.,2005-07-12,36722,21641,3199.0,1475.0,106406,4324.0,15081,1724.0
COPPER-GRADE #1 - COMMODITY EXCHANGE INC.,2005-07-19,39644,22767,2922.0,1126.0,111141,4735.0,16877,1796.0
COPPER-GRADE #1 - COMMODITY EXCHANGE INC.,2005-07-26,42350,25531,2706.0,2764.0,114252,3111.0,16819,-58.0
COPPER-GRADE #1 - COMMODITY EXCHANGE INC.,2005-08-02,46210,28016,3860.0,2485.0,117895,3643.0,18194,1375.0
COPPER-GRADE #1 - COMMODITY EXCHANGE INC.,2005-08-09,44439,28075,-1771.0,59.0,113439,-4456.0,16364,-1830.0
COPPER-GRADE #1 - COMMODITY EXCHANGE INC.,2005-08-16,41269,26506,-3170.0,-1569.0,105061,-8378.0,14763,-1601.0
COPPER-GRADE #1 - COMMODITY EXCHANGE INC.,2005-08-23,38358,27496,-2911.0,990.0,102608,-2453.0,10862,-3901.0
COPPER-GRADE #1 - COMMODITY EXCHANGE INC.,2005-08-30,37291,27936,-1067.0,440.0,104766,2158.0,9355,-1507.0
COPPER-GRADE #1 - COMMODITY EXCHANGE INC.,2005-09-06,38826,29059,1535.0,1123.0,105839,1073.0,9767,412.0
COPPER-GRADE #1 - COMMODITY EXCHANGE INC.,2005-09-13,33734,27483,-5092.0,-1576.0,99329,-6510.0,6251,-3516.0
COPPER-GRADE #1 - COMMODITY EXCHANGE INC.,2005-09-20,34780,27885,1046.0,402.0,100852,1523.0,6895,644.0
COPPER-GRADE #1 - COMMODITY EXCHANGE INC.,2005-09-27,37483,28266,2703.0,381.0,104395,3543.0,9217,2322.0
COPPER-GRADE #1 - COMMODITY EXCHANGE INC.,2005-10-04,40996,31475,3513.0,3209.0,107932,3537.0,9521,304.0
COPPER-GRADE #1 - COMMODITY EXCHANGE INC.,2005-10-11,43167,32056,2171.0,581.0,111629,3697.0,11111,1590.0
COPPER-GRADE #1 - COMMODITY EXCHANGE INC.,2005-10-18,38505,31179,-4662.0,-877.0,107427,-4202.0,7326,-3785.0
COPPER-GRADE #1 - COMMODITY EXCHANGE INC.,2005-10-25,31662,30431,-6843.0,-748.0,102512,-4915.0,1231,-6095.0
COPPER-GRADE #1 - COMMODITY EXCHANGE INC.,2005-11-01,31733,28506,71.0,-1925.0,105650,3138.0,3227,1996.0
COPPER-GRADE #1 - COMMODITY EXCHANGE INC.,2005-11-08,34052,28313,2319.0,-193.0,109378,3728.0,5739,2512.0
COPPER-GRADE #1 - COMMODITY EXCHANGE INC.,2005-11-15,36580,29053,2528.0,740.0,114189,4811.0,7527,1788.0
COPPER-GRADE #1 - COMMODITY EXCHANGE INC.,2005-11-22,34901,28448,-1679.0,-605.0,113630,-559.0,6453,-1074.0
COPPER-GRADE #1 - COMMODITY EXCHANGE INC.,2005-11-29,33228,28016,-1673.0,-432.0,108347,-5283.0,5212,-1241.0
COPPER-GRADE #1 - COMMODITY EXCHANGE INC.,2005-12-06,33206,27847,-22.0,-169.0,105746,-2601.0,5359,147.0
COPPER-GRADE #1 - COMMODITY EXCHANGE INC.,2005-12-13,32890,28231,-316.0,384.0,104891,-855.0,4659,-700.0
COPPER-GRADE #1 - COMMODITY EXCHANGE INC.,2005-12-20,30868,28647,-2022.0,416.0,101998,-2893.0,2221,-2438.0
COPPER-GRADE #1 - COMMODITY EXCHANGE INC.,2005-12-27,32404,29643,1536.0,996.0,103119,1121.0,2761,540.0
COPPER-GRADE #1 - COMMODITY EXCHANGE INC.,2006-01-03,33082,30378,678.0,735.0,103466,347.0,2704,-57.0
COPPER-GRADE #1 - COMMODITY EXCHANGE INC.,2006-01-10,32890,31780,-192.0,1402.0,101982,-1484.0,1110,-1594.0
COPPER-GRADE #1 - COMMODITY EXCHANGE INC.,2006-01-17,32186,29930,-704.0,-1850.0,100702,-1280.0,2256,1146.0
COPPER-GRADE #1 - COMMODITY EXCHANGE INC.,2006-01-24,33342,30596,1156.0,666.0,102580,1878.0,2746,490.0
COPPER-GRADE #1 - COMMODITY EXCHANGE INC.,2006-01-31,32581,31408,-761.0,812.0,101294,-1286.0,1173,-1573.0
COPPER-GRADE #1 - COMMODITY EXCHANGE INC.,2006-02-07,33321,29569,740.0,-1839.0,99049,-2245.0,3752,2579.0
COPPER-GRADE #1 - COMMODITY EXCHANGE INC.,2006-02-14,28653,28050,-4668.0,-1519.0,92717,-6332.0,603,-3149.0
COPPER-GRADE #1 - COMMODITY EXCHANGE INC.,2006-02-21,23242,25672,-5411.0,-2378.0,89954,-2763.0,-2430,-3033.0
COPPER-GRADE #1 - COMMODITY EXCHANGE INC.,2006-02-28,18584,23143,-4658.0,-2529.0,85356,-4598.0,-4559,-2129.0
COPPER-GRADE #1 - COMMODITY EXCHANGE INC.,2006-03-07,18392,21099,-192.0,-2044.0,85611,255.0,-2707,1852.0
COPPER-GRADE #1 - COMMODITY EXCHANGE INC.,2006-03-14,20042,19331,1650.0,-1768.0,91472,5861.0,711,3418.0
COPPER-GRADE #1 - COMMODITY EXCHANGE INC.,2006-03-21,22278,19268,2236.0,-63.0,97150,5678.0,3010,2299.0
COPPER-GRADE #1 - COMMODITY EXCHANGE INC.,2006-03-28,22521,20979,243.0,1711.0,97486,336.0,1542,-1468.0
COPPER-GRADE #1 - COMMODITY EXCHANGE INC.,2006-04-04,23570,23958,1049.0,2979.0,100249,2763.0,-388,-1930.0
COPPER-GRADE #1 - COMMODITY EXCHANGE INC.,2006-04-11,22134,23562,-1436.0,-396.0,97705,-2544.0,-1428,-1040.0
COPPER-GRADE #1 - COMMODITY EXCHANGE INC.,2006-04-18,20225,21789,-1909.0,-1773.0,99934,2229.0,-1564,-136.0
COPPER-GRADE #1 - COMMODITY EXCHANGE INC.,2006-04-25,16532,19161,-3693.0,-2628.0,96336,-3598.0,-2629,-1065.0
COPPER-GRADE #1 - COMMODITY EXCHANGE INC.,2006-05-02,15054,17058,-1478.0,-2103.0,85352,-10984.0,-2004,625.0
COPPER-GRADE #1 - COMMODITY EXCHANGE INC.,2006-05-09,14392,15307,-662.0,-1751.0,86434,1082.0,-915,1089.0
COPPER-GRADE #1 - COMMODITY EXCHANGE INC.,2006-05-16,12894,15376,-1498.0,69.0,85375,-1059.0,-2482,-1567.0
COPPER-GRADE #1 - COMMODITY EXCHANGE INC.,2006-05-23,10904,17415,-1990.0,2039.0,81363,-4012.0,-6511,-4029.0
COPPER-GRADE #1 - COMMODITY EXCHANGE INC.,2006-05-30,10356,16728,-548.0,-687.0,79541,-1822.0,-6372,139.0
COPPER-GRADE #1 - COMMODITY EXCHANGE INC.,2006-06-06,8775,16077,-1581.0,-651.0,76869,-2672.0,-7302,-930.0
COPPER-GRADE #1 - COMMODITY EXCHANGE INC.,2006-06-13,8380,14036,-395.0,-2041.0,78658,1789.0,-5656,1646.0
COPPER-GRADE #1 - COMMODITY EXCHANGE INC.,2006-06-20,8447,11699,67.0,-2337.0,76311,-2347.0,-3252,2404.0
COPPER-GRADE #1 - COMMODITY EXCHANGE INC.,2006-06-27,8197,11907,-250.0,208.0,73323,-2988.0,-3710,-458.0
COPPER-GRADE #1 - COMMODITY EXCHANGE INC.,2006-07-03,8460,10899,263.0,-1008.0,72880,-443.0,-2439,1271.0
COPPER-GRADE #1 - COMMODITY EXCHANGE INC.,2006-07-11,10614,12828,2154.0,1929.0,74754,1874.0,-2214,225.0
COPPER-GRADE #1 - COMMODITY EXCHANGE INC.,2006-07-18,10848,14197,234.0,1369.0,76332,1578.0,-3349,-1135.0
COPPER-GRADE #1 - COMMODITY EXCHANGE INC.,2006-07-25,8471,14165,-2377.0,-32.0,73348,-2984.0,-5694,-2345.0
COPPER-GRADE #1 - COMMODITY EXCHANGE INC.,2006-08-01,8643,14950,172.0,785.0,71537,-1811.0,-6307,-613.0
COPPER-GRADE #1 - COMMODITY EXCHANGE INC.,2006-08-08,9387,15981,744.0,1031.0,72385,848.0,-6594,-287.0
COPPER-GRADE #1 - COMMODITY EXCHANGE INC.,2006-08-15,9324,17348,-63.0,1367.0,74277,1892.0,-8024,-1430.0
COPPER-GRADE #1 - COMMODITY EXCHANGE INC.,2006-08-22,8211,17929,-1113.0,581.0,72057,-2220.0,-9718,-1694.0
COPPER-GRADE #1 - COMMODITY EXCHANGE INC.,2006-08-29,8156,19336,-55.0,1407.0,69311,-2746.0,-11180,-1462.0
COPPER-GRADE #1 - COMMODITY EXCHANGE INC.,2006-09-05,9376,18099,1220.0,-1237.0,69247,-64.0,-8723,2457.0
COPPER-GRADE #1 - COMMODITY EXCHANGE INC.,2006-09-12,7881,17275,-1495.0,-824.0,68944,-303.0,-9394,-671.0
COPPER-GRADE #1 - COMMODITY EXCHANGE INC.,2006-09-19,9170,20212,1289.0,2937.0,68168,-776.0,-11042,-1648.0
COPPER-GRADE #1 - COMMODITY EXCHANGE INC.,2006-09-26,10566,20167,1396.0,-45.0,67977,-191.0,-9601,1441.0
COPPER-GRADE #1 - COMMODITY EXCHANGE INC.,2006-10-03,10554,22847,-12.0,2680.0,69400,1423.0,-12293,-2692.0
COPPER-GRADE #1 - COMMODITY EXCHANGE INC.,2006-10-10,10562,23849,8.0,1002.0,69015,-385.0,-13287,-994.0
COPPER-GRADE #1 - COMMODITY EXCHANGE INC.,2006-10-17,13068,21992,2506.0,-1857.0,72713,3698.0,-8924,4363.0
COPPER-GRADE #1 - COMMODITY EXCHANGE INC.,2006-10-24,12435,22183,-633.0,191.0,75321,2608.0,-9748,-824.0
COPPER-GRADE #1 - COMMODITY EXCHANGE INC.,2006-10-31,11748,22691,-687.0,508.0,74423,-898.0,-10943,-1195.0
COPPER-GRADE #1 - COMMODITY EXCHANGE INC.,2006-11-07,11443,25083,-305.0,2392.0,72371,-2052.0,-13640,-2697.0
COPPER-GRADE #1 - COMMODITY EXCHANGE INC.,2006-11-14,10013,27023,-1430.0,1940.0,73681,1310.0,-17010,-3370.0
COPPER-GRADE #1 - COMMODITY EXCHANGE INC.,2006-11-21,9130,27232,-883.0,209.0,73218,-463.0,-18102,-1092.0
COPPER-GRADE #1 - COMMODITY EXCHANGE INC.,2006-11-28,9859,27495,729.0,263.0,70308,-2910.0,-17636,466.0
COPPER-GRADE #1 - COMMODITY EXCHANGE INC.,2006-12-05,9550,26632,-309.0,-863.0,68793,-1515.0,-17082,554.0
COPPER-GRADE #1 - COMMODITY EXCHANGE INC.,2006-12-12,9439,26965,-111.0,333.0,67911,-882.0,-17526,-444.0
COPPER-GRADE #1 - COMMODITY EXCHANGE INC.,2006-12-19,8423,27394,-1016.0,429.0,68920,1009.0,-18971,-1445.0
COPPER-GRADE #1 - COMMODITY EXCHANGE INC.,2006-12-26,6507,26714,-1916.0,-680.0,67350,-1570.0,-20207,-1236.0
COPPER-GRADE #1 - COMMODITY EXCHANGE INC.,2007-01-03,5847,25841,-660.0,-873.0,70253,2903.0,-19994,213.0
COPPER-GRADE #1 - COMMODITY EXCHANGE INC.,2007-01-09,6335,25590,488.0,-251.0,69879,-374.0,-19255,739.0
COPPER-GRADE #1 - COMMODITY EXCHANGE INC.,2007-01-16,5358,25985,-977.0,395.0,68933,-946.0,-20627,-1372.0
COPPER-GRADE #1 - COMMODITY EXCHANGE INC.,2007-01-23,5190,26561,-168.0,576.0,70723,1790.0,-21371,-744.0
COPPER-GRADE #1 - COMMODITY EXCHANGE INC.,2007-01-30,5545,27129,355.0,568.0,71448,725.0,-21584,-213.0
COPPER-GRADE #1 - COMMODITY EXCHANGE INC.,2007-02-06,5449,27347,-96.0,218.0,72035,587.0,-21898,-314.0
COPPER-GRADE #1 - COMMODITY EXCHANGE INC.,2007-02-13,5710,26386,261.0,-961.0,70803,-1232.0,-20676,1222.0
COPPER-GRADE #1 - COMMODITY EXCHANGE INC.,2007-02-20,5156,25867,-554.0,-519.0,71320,517.0,-20711,-35.0
COPPER-GRADE #1 - COMMODITY EXCHANGE INC.,2007-02-27,5301,24153,145.0,-1714.0,65863,-5457.0,-18852,1859.0
COPPER-GRADE #1 - COMMODITY EXCHANGE INC.,2007-03-06,5207,24486,-94.0,333.0,65495,-368.0,-19279,-427.0
COPPER-GRADE #1 - COMMODITY EXCHANGE INC.,2007-03-13,4642,22907,-565.0,-1579.0,65156,-339.0,-18265,1014.0
COPPER-GRADE #1 - COMMODITY EXCHANGE INC.,2007-03-20,7761,22839,3119.0,-68.0,71303,6147.0,-15078,3187.0
COPPER-GRADE #1 - COMMODITY EXCHANGE INC.,2007-03-27,8680,24470,919.0,1631.0,74716,3413.0,-15790,-712.0
COPPER-GRADE #1 - COMMODITY EXCHANGE INC.,2007-04-03,9927,22818,1247.0,-1652.0,77186,2470.0,-12891,2899.0
COPPER-GRADE #1 - COMMODITY EXCHANGE INC.,2007-04-10,12333,22357,2406.0,-461.0,80185,2999.0,-10024,2867.0
COPPER-GRADE #1 - COMMODITY EXCHANGE INC.,2007-04-17,13787,22572,1454.0,215.0,80657,472.0,-8785,1239.0
COPPER-GRADE #1 - COMMODITY EXCHANGE INC.,2007-04-24,13923,22406,136.0,-166.0,80138,-519.0,-8483,302.0
COPPER-GRADE #1 - COMMODITY EXCHANGE INC.,2007-05-01,15079,23409,1156.0,1003.0,81864,1726.0,-8330,153.0
COPPER-GRADE #1 - COMMODITY EXCHANGE INC.,2007-05-08,15900,23965,821.0,556.0,81613,-251.0,-8065,265.0
COPPER-GRADE #1 - COMMODITY EXCHANGE INC.,2007-05-15,15317,24368,-583.0,403.0,81845,232.0,-9051,-986.0
COPPER-GRADE #1 - COMMODITY EXCHANGE INC.,2007-05-22,12655,23772,-2662.0,-596.0,80380,-1465.0,-11117,-2066.0
COPPER-GRADE #1 - COMMODITY EXCHANGE INC.,2007-05-29,12093,23624,-562.0,-148.0,79901,-479.0,-11531,-414.0
COPPER-GRADE #1 - COMMODITY EXCHANGE INC.,2007-06-05,12740,22323,647.0,-1301.0,81226,1325.0,-9583,1948.0
COPPER-GRADE #1 - COMMODITY EXCHANGE INC.,2007-06-12,13222,22204,482.0,-119.0,76962,-4264.0,-8982,601.0
COPPER-GRADE #1 - COMMODITY EXCHANGE INC.,2007-06-19,13894,22256,672.0,52.0,78337,1375.0,-8362,620.0
COPPER-GRADE #1 - COMMODITY EXCHANGE INC.,2007-06-26,13474,22397,-420.0,141.0,79416,1079.0,-8923,-561.0
COPPER-GRADE #1 - COMMODITY EXCHANGE INC.,2007-07-03,15360,23710,1886.0,1313.0,81852,2436.0,-8350,573.0
COPPER-GRADE #1 - COMMODITY EXCHANGE INC.,2007-07-10,20648,24557,5288.0,847.0,87538,5686.0,-3909,4441.0
COPPER-GRADE #1 - COMMODITY EXCHANGE INC.,2007-07-17,20639,24406,-9.0,-151.0,89893,2355.0,-3767,142.0
COPPER-GRADE #1 - COMMODITY EXCHANGE INC.,2007-07-24,21993,24958,1354.0,552.0,94496,4603.0,-2965,802.0
COPPER-GRADE #1 - COMMODITY EXCHANGE INC.,2007-07-31,19544,24959,-2449.0,1.0,89395,-5101.0,-5415,-2450.0
COPPER-GRADE #1 - COMMODITY EXCHANGE INC.,2007-08-07,18463,24017,-1081.0,-942.0,84651,-4744.0,-5554,-139.0
COPPER-GRADE #1 - COMMODITY EXCHANGE INC.,2007-08-14,13970,19908,-4493.0,-4109.0,76111,-8540.0,-5938,-384.0
COPPER-GRADE #1 - COMMODITY EXCHANGE INC.,2007-08-21,12313,19380,-1657.0,-528.0,76498,387.0,-7067,-1129.0
COPPER-GRADE #1 - COMMODITY EXCHANGE INC.,2007-08-28,11271,17808,-1042.0,-1572.0,73083,-3415.0,-6537,530.0
COPPER-GRADE #1 - COMMODITY EXCHANGE INC.,2007-09-04,11478,16634,207.0,-1174.0,69156,-3927.0,-5156,1381.0
COPPER-GRADE #1 - COMMODITY EXCHANGE INC.,2007-09-11,12518,16637,1040.0,3.0,68684,-472.0,-4119,1037.0
COPPER-GRADE #1 - COMMODITY EXCHANGE INC.,2007-09-18,14435,16863,1917.0,226.0,71557,2873.0,-2428,1691.0
COPPER-GRADE #1 - COMMODITY EXCHANGE INC.,2007-09-25,17474,17396,3039.0,533.0,77528,5971.0,78,2506.0
COPPER-GRADE #1 - COMMODITY EXCHANGE INC.,2007-10-02,20787,19307,3313.0,1911.0,83055,5527.0,1480,1402.0
COPPER-GRADE #1 - COMMODITY EXCHANGE INC.,2007-10-09,23322,19283,2535.0,-24.0,86905,3850.0,4039,2559.0
COPPER-GRADE #1 - COMMODITY EXCHANGE INC.,2007-10-16,22890,20921,-432.0,1638.0,90148,3243.0,1969,-2070.0
COPPER-GRADE #1 - COMMODITY EXCHANGE INC.,2007-10-23,19606,20130,-3284.0,-791.0,86858,-3290.0,-524,-2493.0
COPPER-GRADE #1 - COMMODITY EXCHANGE INC.,2007-10-30,17403,20060,-2203.0,-70.0,86013,-845.0,-2657,-2133.0
COPPER-GRADE #1 - COMMODITY EXCHANGE INC.,2007-11-06,15556,18680,-1847.0,-1380.0,83317,-2696.0,-3124,-467.0
COPPER-GRADE #1 - COMMODITY EXCHANGE INC.,2007-11-13,12163,18565,-3393.0,-115.0,78465,-4852.0,-6402,-3278.0
COPPER-GRADE #1 - COMMODITY EXCHANGE INC.,2007-11-20,11396,17997,-767.0,-568.0,77837,-628.0,-6601,-199.0
COPPER-GRADE #1 - COMMODITY EXCHANGE INC.,2007-11-27,9580,17500,-1816.0,-497.0,73905,-3932.0,-7920,-1319.0
COPPER-GRADE #1 - COMMODITY EXCHANGE INC.,2007-12-04,8457,16812,-1123.0,-688.0,70839,-3066.0,-8355,-435.0
COPPER-GRADE #1 - COMMODITY EXCHANGE INC.,2007-12-11,8673,16665,216.0,-147.0,70873,34.0,-7992,363.0
COPPER-GRADE #1 - COMMODITY EXCHANGE INC.,2007-12-18,8702,17746,29.0,1081.0,73019,2146.0,-9044,-1052.0
COPPER-GRADE #1 - COMMODITY EXCHANGE INC.,2007-12-24,8504,16567,-198.0,-1179.0,71767,-1252.0,-8063,981.0
COPPER-GRADE #1 - COMMODITY EXCHANGE INC.,2007-12-31,9309,16579,805.0,12.0,72142,375.0,-7270,793.0
COPPER-GRADE #1 - COMMODITY EXCHANGE INC.,2008-01-08,9382,15579,73.0,-1000.0,75606,3464.0,-6197,1073.0
COPPER-GRADE #1 - COMMODITY EXCHANGE INC.,2008-01-15,10724,19539,1342.0,3960.0,83849,8243.0,-8815,-2618.0
COPPER-GRADE #1 - COMMODITY EXCHANGE INC.,2008-01-22,11307,20355,583.0,816.0,86382,2533.0,-9048,-233.0
COPPER-GRADE #1 - COMMODITY EXCHANGE INC.,2008-01-29,10688,20024,-619.0,-331.0,89706,3324.0,-9336,-288.0
COPPER-GRADE #1 - COMMODITY EXCHANGE INC.,2008-02-05,11552,18781,864.0,-1243.0,90375,669.0,-7229,2107.0
COPPER-GRADE #1 - COMMODITY EXCHANGE INC.,2008-02-12,18417,17863,6865.0,-918.0,88310,-2065.0,554,7783.0
COPPER-GRADE #1 - COMMODITY EXCHANGE INC.,2008-02-19,21336,17784,2919.0,-79.0,93661,5351.0,3552,2998.0
COPPER-GRADE #1 - COMMODITY EXCHANGE INC.,2008-02-26,24783,19202,3447.0,1418.0,101872,8211.0,5581,2029.0
COPPER-GRADE #1 - COMMODITY EXCHANGE INC.,2008-03-04,27387,18291,2604.0,-911.0,101867,-5.0,9096,3515.0
COPPER-GRADE #1 - COMMODITY EXCHANGE INC.,2008-03-11,29142,19142,1755.0,851.0,103107,1240.0,10000,904.0
COPPER-GRADE #1 - COMMODITY EXCHANGE INC.,2008-03-18,27231,19888,-1911.0,746.0,101953,-1154.0,7343,-2657.0
COPPER-GRADE #1 - COMMODITY EXCHANGE INC.,2008-03-25,23073,15518,-4158.0,-4370.0,97323,-4630.0,7555,212.0
COPPER-GRADE #1 - COMMODITY EXCHANGE INC.,2008-04-01,25610,16029,2537.0,511.0,101860,4537.0,9581,2026.0
COPPER-GRADE #1 - COMMODITY EXCHANGE INC.,2008-04-08,28023,19182,2413.0,3153.0,102525,665.0,8841,-740.0
COPPER-GRADE #1 - COMMODITY EXCHANGE INC.,2008-04-15,30643,21360,2620.0,2178.0,105070,2545.0,9283,442.0
COPPER-GRADE #1 - COMMODITY EXCHANGE INC.,2008-04-22,30703,21690,60.0,330.0,107654,2584.0,9013,-270.0
COPPER-GRADE #1 - COMMODITY EXCHANGE INC.,2008-04-29,29123,22559,-1580.0,869.0,104206,-3448.0,6564,-2449.0
COPPER-GRADE #1 - COMMODITY EXCHANGE INC.,2008-05-06,27833,20639,-1290.0,-1920.0,99434,-4772.0,7194,630.0
COPPER-GRADE #1 - COMMODITY EXCHANGE INC.,2008-05-13,24173,19985,-3660.0,-654.0,97799,-1635.0,4188,-3006.0
COPPER-GRADE #1 - COMMODITY EXCHANGE INC.,2008-05-20,24632,19592,459.0,-393.0,101017,3218.0,5040,852.0
COPPER-GRADE #1 - COMMODITY EXCHANGE INC.,2008-05-27,22205,18544,-2427.0,-1048.0,98441,-2576.0,3661,-1379.0
COPPER-GRADE #1 - COMMODITY EXCHANGE INC.,2008-06-03,20776,21663,-1429.0,3119.0,97981,-460.0,-887,-4548.0
COPPER-GRADE #1 - COMMODITY EXCHANGE INC.,2008-06-10,20614,20430,-162.0,-1233.0,96229,-1752.0,184,1071.0
COPPER-GRADE #1 - COMMODITY EXCHANGE INC.,2008-06-17,23149,19960,2535.0,-470.0,102488,6259.0,3189,3005.0
COPPER-GRADE #1 - COMMODITY EXCHANGE INC.,2008-06-24,25237,18619,2088.0,-1341.0,109496,7008.0,6618,3429.0
COPPER-GRADE #1 - COMMODITY EXCHANGE INC.,2008-07-01,26085,18647,848.0,28.0,111367,1871.0,7438,820.0
COPPER-GRADE #1 - COMMODITY EXCHANGE INC.,2008-07-08,25343,18805,-742.0,158.0,110218,-1149.0,6538,-900.0
COPPER-GRADE #1 - COMMODITY EXCHANGE INC.,2008-07-15,21001,17982,-4342.0,-823.0,105627,-4591.0,3019,-3519.0
COPPER-GRADE #1 - COMMODITY EXCHANGE INC.,2008-07-22,20424,19431,-577.0,1449.0,110899,5272.0,993,-2026.0
COPPER-GRADE #1 - COMMODITY EXCHANGE INC.,2008-07-29,18062,20304,-2362.0,873.0,108234,-2665.0,-2242,-3235.0
COPPER-GRADE #1 - COMMODITY EXCHANGE INC.,2008-08-05,15980,20299,-2082.0,-5.0,110205,1971.0,-4319,-2077.0
COPPER-GRADE #1 - COMMODITY EXCHANGE INC.,2008-08-12,13037,18479,-2943.0,-1820.0,100371,-9834.0,-5442,-1123.0
COPPER-GRADE #1 - COMMODITY EXCHANGE INC.,2008-08-19,10449,19576,-2588.0,1097.0,94900,-5471.0,-9127,-3685.0
COPPER-GRADE #1 - COMMODITY EXCHANGE INC.,2008-08-26,8940,19992,-1509.0,416.0,87899,-7001.0,-11052,-1925.0
COPPER-GRADE #1 - COMMODITY EXCHANGE INC.,2008-09-02,7720,19789,-1220.0,-203.0,77739,-10160.0,-12069,-1017.0
COPPER-GRADE #1 - COMMODITY EXCHANGE INC.,2008-09-09,7093,20512,-627.0,723.0,76798,-941.0,-13419,-1350.0
COPPER-GRADE #1 - COMMODITY EXCHANGE INC.,2008-09-16,8754,21151,1661.0,639.0,76698,-100.0,-12397,1022.0
COPPER-GRADE #1 - COMMODITY EXCHANGE INC.,2008-09-23,9744,19643,990.0,-1508.0,74489,-2209.0,-9899,2498.0
COPPER-GRADE #1 - COMMODITY EXCHANGE INC.,2008-09-30,5816,21985,-3928.0,2342.0,78214,3725.0,-16169,-6270.0
COPPER-GRADE #1 - COMMODITY EXCHANGE INC.,2008-10-07,5643,24442,-173.0,2457.0,80024,1810.0,-18799,-2630.0
COPPER-GRADE #1 - COMMODITY EXCHANGE INC.,2008-10-14,5881,24008,238.0,-434.0,80670,646.0,-18127,672.0
COPPER-GRADE #1 - COMMODITY EXCHANGE INC.,2008-10-21,6259,23838,378.0,-170.0,83603,2933.0,-17579,548.0
COPPER-GRADE #1 - COMMODITY EXCHANGE INC.,2008-10-28,6663,22546,404.0,-1292.0,79285,-4318.0,-15883,1696.0
COPPER-GRADE #1 - COMMODITY EXCHANGE INC.,2008-11-04,5905,22063,-758.0,-483.0,77976,-1309.0,-16158,-275.0
COPPER-GRADE #1 - COMMODITY EXCHANGE INC.,2008-11-11,6327,21736,422.0,-327.0,77148,-828.0,-15409,749.0
COPPER-GRADE #1 - COMMODITY EXCHANGE INC.,2008-11-18,8073,24317,1746.0,2581.0,80583,3435.0,-16244,-835.0
COPPER-GRADE #1 - COMMODITY EXCHANGE INC.,2008-11-25,7873,23970,-200.0,-347.0,72372,-8211.0,-16097,147.0
COPPER-GRADE #1 - COMMODITY EXCHANGE INC.,2008-12-02,8653,26375,780.0,2405.0,70029,-2343.0,-17722,-1625.0
COPPER-GRADE #1 - COMMODITY EXCHANGE INC.,2008-12-09,8130,25347,-523.0,-1028.0,69033,-996.0,-17217,505.0
COPPER-GRADE #1 - COMMODITY EXCHANGE INC.,2008-12-16,9531,27772,1401.0,2425.0,71777,2744.0,-18241,-1024.0
COPPER-GRADE #1 - COMMODITY EXCHANGE INC.,2008-12-22,9682,28750,151.0,978.0,74212,2435.0,-19068,-827.0
COPPER-GRADE #1 - COMMODITY EXCHANGE INC.,2008-12-30,10070,29515,388.0,765.0,74252,40.0,-19445,-377.0
COPPER-GRADE #1 - COMMODITY EXCHANGE INC.,2009-01-06,9052,28741,-1018.0,-774.0,76356,2104.0,-19689,-244.0
COPPER-GRADE #1 - COMMODITY EXCHANGE INC.,2009-01-13,7191,30297,-1861.0,1556.0,81996,5640.0,-23106,-3417.0
COPPER-GRADE #1 - COMMODITY EXCHANGE INC.,2009-01-20,7009,32318,-182.0,2021.0,83617,1621.0,-25309,-2203.0
COPPER-GRADE #1 - COMMODITY EXCHANGE INC.,2009-01-27,6592,32122,-417.0,-196.0,84113,496.0,-25530,-221.0
COPPER-GRADE #1 - COMMODITY EXCHANGE INC.,2009-02-03,7352,32590,760.0,468.0,87299,3186.0,-25238,292.0
COPPER-GRADE #1 - COMMODITY EXCHANGE INC.,2009-02-10,8874,33519,1522.0,929.0,83934,-3365.0,-24645,593.0
COPPER-GRADE #1 - COMMODITY EXCHANGE INC.,2009-02-17,7665,35092,-1209.0,1573.0,89405,5471.0,-27427,-2782.0
COPPER-GRADE #1 - COMMODITY EXCHANGE INC.,2009-02-24,7461,34955,-204.0,-137.0,84903,-4502.0,-27494,-67.0
COPPER-GRADE #1 - COMMODITY EXCHANGE INC.,2009-03-03,7303,32200,-158.0,-2755.0,80939,-3964.0,-24897,2597.0
COPPER-GRADE #1 - COMMODITY EXCHANGE INC.,2009-03-10,12397,32473,5094.0,273.0,86966,6027.0,-20076,4821.0
COPPER-GRADE #1 - COMMODITY EXCHANGE INC.,2009-03-17,15727,34574,3330.0,2101.0,92910,5944.0,-18847,1229.0
COPPER-GRADE #1 - COMMODITY EXCHANGE INC.,2009-03-24,16058,34473,331.0,-101.0,95985,3075.0,-18415,432.0
COPPER-GRADE #1 - COMMODITY EXCHANGE INC.,2009-03-31,15517,34042,-541.0,-431.0,96572,587.0,-18525,-110.0
COPPER-GRADE #1 - COMMODITY EXCHANGE INC.,2009-04-07,18576,35974,3059.0,1932.0,102332,5760.0,-17398,1127.0
COPPER-GRADE #1 - COMMODITY EXCHANGE INC.,2009-04-14,17874,36735,-702.0,761.0,106758,4426.0,-18861,-1463.0
COPPER-GRADE #1 - COMMODITY EXCHANGE INC.,2009-04-21,18504,37984,630.0,1249.0,103736,-3022.0,-19480,-619.0
COPPER-GRADE #1 - COMMODITY EXCHANGE INC.,2009-04-28,19980,37865,1476.0,-119.0,106170,2434.0,-17885,1595.0
COPPER-GRADE #1 - COMMODITY EXCHANGE INC.,2009-05-05,18992,37530,-988.0,-335.0,104619,-1551.0,-18538,-653.0
COPPER-GRADE #1 - COMMODITY EXCHANGE INC.,2009-05-12,18403,37142,-589.0,-388.0,108470,3851.0,-18739,-201.0
COPPER-GRADE #1 - COMMODITY EXCHANGE INC.,2009-05-19,18384,37192,-19.0,50.0,105791,-2679.0,-18808,-69.0
COPPER-GRADE #1 - COMMODITY EXCHANGE INC.,2009-05-26,19834,37546,1450.0,354.0,107631,1840.0,-17712,1096.0
COPPER-GRADE #1 - COMMODITY EXCHANGE INC.,2009-06-02,21485,40139,1651.0,2593.0,111357,3726.0,-18654,-942.0
COPPER-GRADE #1 - COMMODITY EXCHANGE INC.,2009-06-09,19790,38559,-1695.0,-1580.0,109820,-1537.0,-18769,-115.0
COPPER-GRADE #1 - COMMODITY EXCHANGE INC.,2009-06-16,21247,39711,1457.0,1152.0,115321,5501.0,-18464,305.0
COPPER-GRADE #1 - COMMODITY EXCHANGE INC.,2009-06-23,18605,40340,-2642.0,629.0,109536,-5785.0,-21735,-3271.0
COPPER-GRADE #1 - COMMODITY EXCHANGE INC.,2009-06-30,18029,38093,-576.0,-2247.0,104189,-5347.0,-20064,1671.0
COPPER-GRADE #1 - COMMODITY EXCHANGE INC.,2009-07-07,17971,38932,-58.0,839.0,102426,-1763.0,-20961,-897.0
COPPER-GRADE #1 - COMMODITY EXCHANGE INC.,2009-07-14,17607,37744,-364.0,-1188.0,106268,3842.0,-20137,824.0
COPPER-GRADE #1 - COMMODITY EXCHANGE INC.,2009-07-21,23014,39074,5407.0,1330.0,115991,9723.0,-16060,4077.0
COPPER-GRADE #1 - COMMODITY EXCHANGE INC.,2009-07-28,25235,39810,2221.0,736.0,120479,4488.0,-14575,1485.0
COPPER-GRADE #1 - COMMODITY EXCHANGE INC.,2009-08-04,27256,37910,2021.0,-1900.0,121925,1446.0,-10654,3921.0
COPPER-GRADE #1 - COMMODITY EXCHANGE INC.,2009-08-11,27433,37843,177.0,-67.0,117741,-4184.0,-10410,244.0
COPPER-GRADE #1 - COMMODITY EXCHANGE INC.,2009-08-18,27431,28688,-2.0,-9155.0,116703,-1038.0,-1257,9153.0
COPPER-GRADE #1 - COMMODITY EXCHANGE INC.,2009-08-25,28889,30133,1458.0,1445.0,118454,1751.0,-1244,13.0
COPPER-GRADE #1 - COMMODITY EXCHANGE INC.,2009-09-01,28277,31825,-612.0,1692.0,119527,1073.0,-3548,-2304.0
COPPER-GRADE #1 - COMMODITY EXCHANGE INC.,2009-09-08,27933,30181,-344.0,-1644.0,118148,-1379.0,-2248,1300.0
COPPER-GRADE #1 - COMMODITY EXCHANGE INC.,2009-09-15,26436,28769,-1497.0,-1412.0,117983,-165.0,-2333,-85.0
COPPER-GRADE #1 - COMMODITY EXCHANGE INC.,2009-09-22,24442,27979,-1994.0,-790.0,117248,-735.0,-3537,-1204.0
COPPER-GRADE #1 - COMMODITY EXCHANGE INC.,2009-09-29,22101,28382,-2341.0,403.0,113874,-3374.0,-6281,-2744.0
COPPER-GRADE #1 - COMMODITY EXCHANGE INC.,2009-10-06,24278,29049,2177.0,667.0,119080,5206.0,-4771,1510.0
COPPER-GRADE #1 - COMMODITY EXCHANGE INC.,2009-10-13,25357,27186,1079.0,-1863.0,121664,2584.0,-1829,2942.0
COPPER-GRADE #1 - COMMODITY EXCHANGE INC.,2009-10-20,32948,31263,7591.0,4077.0,133100,11436.0,1685,3514.0
COPPER-GRADE #1 - COMMODITY EXCHANGE INC.,2009-10-27,37835,28780,4887.0,-2483.0,138431,5331.0,9055,7370.0
COPPER-GRADE #1 - COMMODITY EXCHANGE INC.,2009-11-03,38502,29440,667.0,660.0,140662,2231.0,9062,7.0
COPPER-GRADE #1 - COMMODITY EXCHANGE INC.,2009-11-09,38649,31087,147.0,1647.0,143698,3036.0,7562,-1500.0
COPPER-GRADE #1 - COMMODITY EXCHANGE INC.,2009-11-17,44596,35345,5947.0,4258.0,151451,7753.0,9251,1689.0
COPPER-GRADE #1 - COMMODITY EXCHANGE INC.,2009-11-24,46078,34942,1482.0,-403.0,152001,550.0,11136,1885.0
COPPER-GRADE #1 - COMMODITY EXCHANGE INC.,2009-12-01,46459,35239,381.0,297.0,148809,-3192.0,11220,84.0
COPPER-GRADE #1 - COMMODITY EXCHANGE INC.,2009-12-08,48128,35502,1669.0,263.0,147950,-859.0,12626,1406.0
COPPER-GRADE #1 - COMMODITY EXCHANGE INC.,2009-12-15,45671,35194,-2457.0,-308.0,147691,-259.0,10477,-2149.0
COPPER-GRADE #1 - COMMODITY EXCHANGE INC.,2009-12-22,43330,34755,-2341.0,-439.0,145637,-2054.0,8575,-1902.0
COPPER-GRADE #1 - COMMODITY EXCHANGE INC.,2009-12-29,50473,35939,7143.0,1184.0,154559,8922.0,14534,5959.0
COPPER-GRADE #1 - COMMODITY EXCHANGE INC.,2010-01-05,51738,35210,1265.0,-729.0,158539,3980.0,16528,1994.0
COPPER-GRADE #1 - COMMODITY EXCHANGE INC.,2010-01-12,51974,29433,236.0,-5777.0,151321,-7218.0,22541,6013.0
COPPER-GRADE #1 - COMMODITY EXCHANGE INC.,2010-01-19,50762,23095,-1212.0,-6338.0,143012,-8309.0,27667,5126.0
COPPER-GRADE #1 - COMMODITY EXCHANGE INC.,2010-01-26,48727,19957,-2035.0,-3138.0,140683,-2329.0,28770,1103.0
COPPER-GRADE #1 - COMMODITY EXCHANGE INC.,2010-02-02,40438,22166,-8289.0,2209.0,132113,-8570.0,18272,-10498.0
COPPER-GRADE #1 - COMMODITY EXCHANGE INC.,2010-02-09,35897,22247,-4541.0,81.0,124076,-8037.0,13650,-4622.0
COPPER-GRADE #1 - COMMODITY EXCHANGE INC.,2010-02-16,37722,23642,1825.0,1395.0,126363,2287.0,14080,430.0
COPPER-GRADE #1 - COMMODITY EXCHANGE INC.,2010-02-23,38991,23027,1269.0,-615.0,126394,31.0,15964,1884.0
COPPER-GRADE #1 - COMMODITY EXCHANGE INC.,2010-03-02,38872,23005,-119.0,-22.0,125878,-516.0,15867,-97.0
COPPER-GRADE #1 - COMMODITY EXCHANGE INC.,2010-03-09,41913,23635,3041.0,630.0,127613,1735.0,18278,2411.0
COPPER-GRADE #1 - COMMODITY EXCHANGE INC.,2010-03-16,42288,23284,375.0,-351.0,130126,2513.0,19004,726.0
COPPER-GRADE #1 - COMMODITY EXCHANGE INC.,2010-03-23,42636,24585,348.0,1301.0,132494,2368.0,18051,-953.0
COPPER-GRADE #1 - COMMODITY EXCHANGE INC.,2010-03-30,47203,25546,4567.0,961.0,141517,9023.0,21657,3606.0
COPPER-GRADE #1 - COMMODITY EXCHANGE INC.,2010-04-06,50530,27584,3327.0,2038.0,151388,9871.0,22946,1289.0
COPPER-GRADE #1 - COMMODITY EXCHANGE INC.,2010-04-13,53458,29990,2928.0,2406.0,150306,-1082.0,23468,522.0
COPPER-GRADE #1 - COMMODITY EXCHANGE INC.,2010-04-20,50461,29547,-2997.0,-443.0,153954,3648.0,20914,-2554.0
COPPER-GRADE #1 - COMMODITY EXCHANGE INC.,2010-04-27,47952,28142,-2509.0,-1405.0,151824,-2130.0,19810,-1104.0
COPPER-GRADE #1 - COMMODITY EXCHANGE INC.,2010-05-04,42642,29152,-5310.0,1010.0,142318,-9506.0,13490,-6320.0
COPPER-GRADE #1 - COMMODITY EXCHANGE INC.,2010-05-11,36092,25494,-6550.0,-3658.0,130991,-11327.0,10598,-2892.0
COPPER-GRADE #1 - COMMODITY EXCHANGE INC.,2010-05-18,35258,28033,-834.0,2539.0,128554,-2437.0,7225,-3373.0
COPPER-GRADE #1 - COMMODITY EXCHANGE INC.,2010-05-25,32592,28609,-2666.0,576.0,128730,176.0,3983,-3242.0
COPPER-GRADE #1 - COMMODITY EXCHANGE INC.,2010-06-01,32767,27456,175.0,-1153.0,127018,-1712.0,5311,1328.0
COPPER-GRADE #1 - COMMODITY EXCHANGE INC.,2010-06-08,34347,33065,1580.0,5609.0,131799,4781.0,1282,-4029.0
COPPER-GRADE #1 - COMMODITY EXCHANGE INC.,2010-06-15,33306,31870,-1041.0,-1195.0,137265,5466.0,1436,154.0
COPPER-GRADE #1 - COMMODITY EXCHANGE INC.,2010-06-22,33374,31901,68.0,31.0,139932,2667.0,1473,37.0
COPPER-GRADE #1 - COMMODITY EXCHANGE INC.,2010-06-29,31968,29106,-1406.0,-2795.0,130392,-9540.0,2862,1389.0
COPPER-GRADE #1 - COMMODITY EXCHANGE INC.,2010-07-06,31620,29435,-348.0,329.0,127883,-2509.0,2185,-677.0
COPPER-GRADE #1 - COMMODITY EXCHANGE INC.,2010-07-13,31820,27462,200.0,-1973.0,129938,2055.0,4358,2173.0
COPPER-GRADE #1 - COMMODITY EXCHANGE INC.,2010-07-20,32592,28677,772.0,1215.0,132711,2773.0,3915,-443.0
COPPER-GRADE #1 - COMMODITY EXCHANGE INC.,2010-07-27,35846,24596,3254.0,-4081.0,136009,3298.0,11250,7335.0
COPPER-GRADE #1 - COMMODITY EXCHANGE INC.,2010-08-03,37984,25024,2138.0,428.0,141838,5829.0,12960,1710.0
COPPER-GRADE #1 - COMMODITY EXCHANGE INC.,2010-08-10,40232,23586,2248.0,-1438.0,139666,-2172.0,16646,3686.0
COPPER-GRADE #1 - COMMODITY EXCHANGE INC.,2010-08-17,41110,26631,878.0,3045.0,140934,1268.0,14479,-2167.0
COPPER-GRADE #1 - COMMODITY EXCHANGE INC.,2010-08-24,36304,26890,-4806.0,259.0,139877,-1057.0,9414,-5065.0
COPPER-GRADE #1 - COMMODITY EXCHANGE INC.,2010-08-31,39392,26162,3088.0,-728.0,134206,-5671.0,13230,3816.0
COPPER-GRADE #1 - COMMODITY EXCHANGE INC.,2010-09-07,41758,26975,2366.0,813.0,137079,2873.0,14783,1553.0
COPPER-GRADE #1 - COMMODITY EXCHANGE INC.,2010-09-14,42144,25735,386.0,-1240.0,141028,3949.0,16409,1626.0
COPPER-GRADE #1 - COMMODITY EXCHANGE INC.,2010-09-21,43877,26796,1733.0,1061.0,142955,1927.0,17081,672.0
COPPER-GRADE #1 - COMMODITY EXCHANGE INC.,2010-09-28,48383,26221,4506.0,-575.0,147744,4789.0,22162,5081.0
COPPER-GRADE #1 - COMMODITY EXCHANGE INC.,2010-10-05,51583,27184,3200.0,963.0,153457,5713.0,24399,2237.0
COPPER-GRADE #1 - COMMODITY EXCHANGE INC.,2010-10-12,52794,28726,1211.0,1542.0,158917,5460.0,24068,-331.0
COPPER-GRADE #1 - COMMODITY EXCHANGE INC.,2010-10-19,54303,28153,1509.0,-573.0,162855,3938.0,26150,2082.0
COPPER-GRADE #1 - COMMODITY EXCHANGE INC.,2010-10-26,55260,28797,957.0,644.0,167063,4208.0,26463,313.0
COPPER-GRADE #1 - COMMODITY EXCHANGE INC.,2010-11-02,52585,27377,-2675.0,-1420.0,163209,-3854.0,25208,-1255.0
COPPER-GRADE #1 - COMMODITY EXCHANGE INC.,2010-11-09,55566,25477,2981.0,-1900.0,164045,836.0,30089,4881.0
COPPER-GRADE #1 - COMMODITY EXCHANGE INC.,2010-11-16,49986,24026,-5580.0,-1451.0,152332,-11713.0,25960,-4129.0
COPPER-GRADE #1 - COMMODITY EXCHANGE INC.,2010-11-23,46097,23307,-3889.0,-719.0,146054,-6278.0,22790,-3170.0
COPPER-GRADE #1 - COMMODITY EXCHANGE INC.,2010-11-30,47784,26677,1687.0,3370.0,148249,2195.0,21107,-1683.0
COPPER-GRADE #1 - COMMODITY EXCHANGE INC.,2010-12-07,53567,27135,5783.0,458.0,157675,9426.0,26432,5325.0
COPPER-GRADE #1 - COMMODITY EXCHANGE INC.,2010-12-14,58287,28019,4720.0,884.0,163546,5871.0,30268,3836.0
COPPER-GRADE #1 - COMMODITY EXCHANGE INC.,2010-12-21,59804,27641,1517.0,-378.0,166422,2876.0,32163,1895.0
COPPER-GRADE #1 - COMMODITY EXCHANGE INC.,2010-12-28,61837,30035,2033.0,2394.0,167334,912.0,31802,-361.0
COPPER-GRADE #1 - COMMODITY EXCHANGE INC.,2011-01-04,61858,30245,21.0,210.0,166289,-1045.0,31613,-189.0
COPPER-GRADE #1 - COMMODITY EXCHANGE INC.,2011-01-11,61530,31423,-328.0,1178.0,165488,-801.0,30107,-1506.0
COPPER-GRADE #1 - COMMODITY EXCHANGE INC.,2011-01-18,62505,32316,975.0,893.0,165873,385.0,30189,82.0
COPPER-GRADE #1 - COMMODITY EXCHANGE INC.,2011-01-25,53961,30049,-8544.0,-2267.0,155810,-10063.0,23912,-6277.0
COPPER-GRADE #1 - COMMODITY EXCHANGE INC.,2011-02-01,57306,32595,3345.0,2546.0,160259,4449.0,24711,799.0
COPPER-GRADE #1 - COMMODITY EXCHANGE INC.,2011-02-08,63087,33627,5781.0,1032.0,162263,2004.0,29460,4749.0
COPPER-GRADE #1 - COMMODITY EXCHANGE INC.,2011-02-15,59706,30667,-3381.0,-2960.0,159468,-2795.0,29039,-421.0
COPPER-GRADE #1 - COMMODITY EXCHANGE INC.,2011-02-22,53809,30579,-5897.0,-88.0,151893,-7575.0,23230,-5809.0
COPPER-GRADE #1 - COMMODITY EXCHANGE INC.,2011-03-01,50320,23701,-3489.0,-6878.0,147581,-4312.0,26619,3389.0
COPPER-GRADE #1 - COMMODITY EXCHANGE INC.,2011-03-08,49103,24793,-1217.0,1092.0,141773,-5808.0,24310,-2309.0
COPPER-GRADE #1 - COMMODITY EXCHANGE INC.,2011-03-15,46193,22831,-2910.0,-1962.0,134739,-7034.0,23362,-948.0
COPPER-GRADE #1 - COMMODITY EXCHANGE INC.,2011-03-22,44489,22667,-1704.0,-164.0,133713,-1026.0,21822,-1540.0
COPPER-GRADE #1 - COMMODITY EXCHANGE INC.,2011-03-29,47672,20628,3183.0,-2039.0,135882,2169.0,27044,5222.0
COPPER-GRADE #1 - COMMODITY EXCHANGE INC.,2011-04-05,46268,23884,-1404.0,3256.0,134293,-1589.0,22384,-4660.0
COPPER-GRADE #1 - COMMODITY EXCHANGE INC.,2011-04-12,52973,21983,6705.0,-1901.0,142085,7792.0,30990,8606.0
COPPER-GRADE #1 - COMMODITY EXCHANGE INC.,2011-04-19,43667,18608,-9306.0,-3375.0,132383,-9702.0,25059,-5931.0
COPPER-GRADE #1 - COMMODITY EXCHANGE INC.,2011-04-26,42076,18398,-1591.0,-210.0,130849,-1534.0,23678,-1381.0
COPPER-GRADE #1 - COMMODITY EXCHANGE INC.,2011-05-03,40403,19399,-1673.0,1001.0,125898,-4951.0,21004,-2674.0
COPPER-GRADE #1 - COMMODITY EXCHANGE INC.,2011-05-10,34445,22626,-5958.0,3227.0,120303,-5595.0,11819,-9185.0
COPPER-GRADE #1 - COMMODITY EXCHANGE INC.,2011-05-17,29693,21948,-4752.0,-678.0,119749,-554.0,7745,-4074.0
COPPER-GRADE #1 - COMMODITY EXCHANGE INC.,2011-05-24,28382,22354,-1311.0,406.0,120829,1080.0,6028,-1717.0
COPPER-GRADE #1 - COMMODITY EXCHANGE INC.,2011-05-31,29163,19183,781.0,-3171.0,123919,3090.0,9980,3952.0
COPPER-GRADE #1 - COMMODITY EXCHANGE INC.,2011-06-07,30044,20316,881.0,1133.0,122995,-924.0,9728,-252.0
COPPER-GRADE #1 - COMMODITY EXCHANGE INC.,2011-06-14,31122,20388,1078.0,72.0,132616,9621.0,10734,1006.0
COPPER-GRADE #1 - COMMODITY EXCHANGE INC.,2011-06-21,30500,20735,-622.0,347.0,133849,1233.0,9765,-969.0
COPPER-GRADE #1 - COMMODITY EXCHANGE INC.,2011-06-28,29596,19591,-904.0,-1144.0,124236,-9613.0,10005,240.0
COPPER-GRADE #1 - COMMODITY EXCHANGE INC.,2011-07-05,40534,21571,10938.0,1980.0,138627,14391.0,18963,8958.0
COPPER-GRADE #1 - COMMODITY EXCHANGE INC.,2011-07-12,48272,24486,7738.0,2915.0,146864,8237.0,23786,4823.0
COPPER-GRADE #1 - COMMODITY EXCHANGE INC.,2011-07-19,49556,25807,1284.0,1321.0,152876,6012.0,23749,-37.0
COPPER-GRADE #1 - COMMODITY EXCHANGE INC.,2011-07-26,51606,27015,2050.0,1208.0,156140,3264.0,24591,842.0
COPPER-GRADE #1 - COMMODITY EXCHANGE INC.,2011-08-02,51036,26773,-570.0,-242.0,156089,-51.0,24263,-328.0
COPPER-GRADE #1 - COMMODITY EXCHANGE INC.,2011-08-09,34375,23514,-16661.0,-3259.0,128475,-27614.0,10861,-13402.0
COPPER-GRADE #1 - COMMODITY EXCHANGE INC.,2011-08-16,27568,21674,-6807.0,-1840.0,125673,-2802.0,5894,-4967.0
COPPER-GRADE #1 - COMMODITY EXCHANGE INC.,2011-08-23,28138,24288,570.0,2614.0,126380,707.0,3850,-2044.0
COPPER-GRADE #1 - COMMODITY EXCHANGE INC.,2011-08-30,28750,26048,612.0,1760.0,115815,-10565.0,2702,-1148.0
COPPER-GRADE #1 - COMMODITY EXCHANGE INC.,2011-09-06,30682,27185,1932.0,1137.0,115872,57.0,3497,795.0
COPPER-GRADE #1 - COMMODITY EXCHANGE INC.,2011-09-13,30700,28872,18.0,1687.0,118383,2511.0,1828,-1669.0
COPPER-GRADE #1 - COMMODITY EXCHANGE INC.,2011-09-20,31651,34950,951.0,6078.0,125531,7148.0,-3299,-5127.0
COPPER-GRADE #1 - COMMODITY EXCHANGE INC.,2011-09-27,29860,31322,-1791.0,-3628.0,119891,-5640.0,-1462,1837.0
COPPER-GRADE #1 - COMMODITY EXCHANGE INC.,2011-10-04,28040,31458,-1820.0,136.0,121499,1608.0,-3418,-1956.0
COPPER-GRADE #1 - COMMODITY EXCHANGE INC.,2011-10-11,27971,35030,-69.0,3572.0,122868,1369.0,-7059,-3641.0
COPPER-GRADE #1 - COMMODITY EXCHANGE INC.,2011-10-18,28110,33449,139.0,-1581.0,129014,6146.0,-5339,1720.0
COPPER-GRADE #1 - COMMODITY EXCHANGE INC.,2011-10-25,28375,31313,265.0,-2136.0,129893,879.0,-2938,2401.0
COPPER-GRADE #1 - COMMODITY EXCHANGE INC.,2011-11-01,28641,26854,266.0,-4459.0,126363,-3530.0,1787,4725.0
COPPER-GRADE #1 - COMMODITY EXCHANGE INC.,2011-11-08,26697,26385,-1944.0,-469.0,123572,-2791.0,312,-1475.0
COPPER-GRADE #1 - COMMODITY EXCHANGE INC.,2011-11-15,26992,28106,295.0,1721.0,129991,6419.0,-1114,-1426.0
COPPER-GRADE #1 - COMMODITY EXCHANGE INC.,2011-11-22,26072,30294,-920.0,2188.0,124189,-5802.0,-4222,-3108.0
COPPER-GRADE #1 - COMMODITY EXCHANGE INC.,2011-11-29,26425,29733,353.0,-561.0,112374,-11815.0,-3308,914.0
COPPER-GRADE #1 - COMMODITY EXCHANGE INC.,2011-12-06,26715,29347,290.0,-386.0,113252,878.0,-2632,676.0
COPPER-GRADE #1 - COMMODITY EXCHANGE INC.,2011-12-13,27040,30396,325.0,1049.0,115993,2741.0,-3356,-724.0
COPPER-GRADE #1 - COMMODITY EXCHANGE INC.,2011-12-20,28339,33294,1299.0,2898.0,116050,57.0,-4955,-1599.0
COPPER-GRADE #1 - COMMODITY EXCHANGE INC.,2011-12-27,28669,32261,330.0,-1033.0,117153,1103.0,-3592,1363.0
COPPER-GRADE #1 - COMMODITY EXCHANGE INC.,2012-01-03,29629,31177,960.0,-1084.0,120794,3641.0,-1548,2044.0
COPPER-GRADE #1 - COMMODITY EXCHANGE INC.,2012-01-10,31413,33123,1784.0,1946.0,126638,5844.0,-1710,-162.0
COPPER-GRADE #1 - COMMODITY EXCHANGE INC.,2012-01-17,34047,31736,2634.0,-1387.0,132457,5819.0,2311,4021.0
COPPER-GRADE #1 - COMMODITY EXCHANGE INC.,2012-01-24,36031,31508,1984.0,-228.0,142751,10294.0,4523,2212.0
COPPER-GRADE #1 - COMMODITY EXCHANGE INC.,2012-01-31,37665,33482,1634.0,1974.0,151787,9036.0,4183,-340.0
COPPER-GRADE #1 - COMMODITY EXCHANGE INC.,2012-02-07,40578,33536,2913.0,54.0,160030,8243.0,7042,2859.0
COPPER-GRADE #1 - COMMODITY EXCHANGE INC.,2012-02-14,42281,32572,1703.0,-964.0,164491,4461.0,9709,2667.0
COPPER-GRADE #1 - COMMODITY EXCHANGE INC.,2012-02-21,43171,33634,890.0,1062.0,162525,-1966.0,9537,-172.0
COPPER-GRADE #1 - COMMODITY EXCHANGE INC.,2012-02-28,43900,33389,729.0,-245.0,153312,-9213.0,10511,974.0
COPPER-GRADE #1 - COMMODITY EXCHANGE INC.,2012-03-06,44783,33198,883.0,-191.0,152741,-571.0,11585,1074.0
COPPER-GRADE #1 - COMMODITY EXCHANGE INC.,2012-03-13,43424,34352,-1359.0,1154.0,150968,-1773.0,9072,-2513.0
COPPER-GRADE #1 - COMMODITY EXCHANGE INC.,2012-03-20,48835,36560,5411.0,2208.0,154394,3426.0,12275,3203.0
COPPER-GRADE #1 - COMMODITY EXCHANGE INC.,2012-03-27,44370,36296,-4465.0,-264.0,152037,-2357.0,8074,-4201.0
COPPER-GRADE #1 - COMMODITY EXCHANGE INC.,2012-04-03,48178,38649,3808.0,2353.0,156569,4532.0,9529,1455.0
COPPER-GRADE #1 - COMMODITY EXCHANGE INC.,2012-04-10,41312,40893,-6866.0,2244.0,148468,-8101.0,419,-9110.0
COPPER-GRADE #1 - COMMODITY EXCHANGE INC.,2012-04-17,41012,39755,-300.0,-1138.0,159119,10651.0,1257,838.0
COPPER-GRADE #1 - COMMODITY EXCHANGE INC.,2012-04-24,38687,36365,-2325.0,-3390.0,159256,137.0,2322,1065.0
COPPER-GRADE #1 - COMMODITY EXCHANGE INC.,2012-05-01,41404,37514,2717.0,1149.0,144241,-15015.0,3890,1568.0
COPPER-GRADE #1 - COMMODITY EXCHANGE INC.,2012-05-08,42919,39388,1515.0,1874.0,144583,342.0,3531,-359.0
COPPER-GRADE #1 - COMMODITY EXCHANGE INC.,2012-05-15,41857,45715,-1062.0,6327.0,147934,3351.0,-3858,-7389.0
COPPER-GRADE #1 - COMMODITY EXCHANGE INC.,2012-05-22,40184,50282,-1673.0,4567.0,150189,2255.0,-10098,-6240.0
COPPER-GRADE #1 - COMMODITY EXCHANGE INC.,2012-05-29,40639,52277,455.0,1995.0,148694,-1495.0,-11638,-1540.0
COPPER-GRADE #1 - COMMODITY EXCHANGE INC.,2012-06-05,40259,56896,-380.0,4619.0,156252,7558.0,-16637,-4999.0
COPPER-GRADE #1 - COMMODITY EXCHANGE INC.,2012-06-12,38793,53745,-1466.0,-3151.0,152084,-4168.0,-14952,1685.0
COPPER-GRADE #1 - COMMODITY EXCHANGE INC.,2012-06-19,37756,52038,-1037.0,-1707.0,144845,-7239.0,-14282,670.0
COPPER-GRADE #1 - COMMODITY EXCHANGE INC.,2012-06-26,38453,55297,697.0,3259.0,146442,1597.0,-16844,-2562.0
COPPER-GRADE #1 - COMMODITY EXCHANGE INC.,2012-07-03,37821,51039,-632.0,-4258.0,135682,-10760.0,-13218,3626.0
COPPER-GRADE #1 - COMMODITY EXCHANGE INC.,2012-07-10,39390,49755,1569.0,-1284.0,134099,-1583.0,-10365,2853.0
COPPER-GRADE #1 - COMMODITY EXCHANGE INC.,2012-07-17,39798,48085,408.0,-1670.0,138098,3999.0,-8287,2078.0
COPPER-GRADE #1 - COMMODITY EXCHANGE INC.,2012-07-24,40765,53834,967.0,5749.0,142395,4297.0,-13069,-4782.0
COPPER-GRADE #1 - COMMODITY EXCHANGE INC.,2012-07-31,38672,53392,-2093.0,-442.0,142774,379.0,-14720,-1651.0
COPPER-GRADE #1 - COMMODITY EXCHANGE INC.,2012-08-07,39673,56933,1001.0,3541.0,145059,2285.0,-17260,-2540.0
COPPER-GRADE #1 - COMMODITY EXCHANGE INC.,2012-08-14,38883,56654,-790.0,-279.0,156244,11185.0,-17771,-511.0
COPPER-GRADE #1 - COMMODITY EXCHANGE INC.,2012-08-21,40773,53652,1890.0,-3002.0,149461,-6783.0,-12879,4892.0
COPPER-GRADE #1 - COMMODITY EXCHANGE INC.,2012-08-28,41645,49741,872.0,-3911.0,145214,-4247.0,-8096,4783.0
COPPER-GRADE #1 - COMMODITY EXCHANGE INC.,2012-09-04,38833,48892,-2812.0,-849.0,136512,-8702.0,-10059,-1963.0
COPPER-GRADE #1 - COMMODITY EXCHANGE INC.,2012-09-11,49549,47020,10716.0,-1872.0,147630,11118.0,2529,12588.0
COPPER-GRADE #1 - COMMODITY EXCHANGE INC.,2012-09-18,51005,48001,1456.0,981.0,149098,1468.0,3004,475.0
COPPER-GRADE #1 - COMMODITY EXCHANGE INC.,2012-09-25,54605,49473,3600.0,1472.0,152263,3165.0,5132,2128.0
COPPER-GRADE #1 - COMMODITY EXCHANGE INC.,2012-10-02,54815,45801,210.0,-3672.0,152264,1.0,9014,3882.0
COPPER-GRADE #1 - COMMODITY EXCHANGE INC.,2012-10-09,54605,42786,-210.0,-3015.0,152004,-260.0,11819,2805.0
COPPER-GRADE #1 - COMMODITY EXCHANGE INC.,2012-10-16,52776,41281,-1829.0,-1505.0,150296,-1708.0,11495,-324.0
COPPER-GRADE #1 - COMMODITY EXCHANGE INC.,2012-10-23,48794,41891,-3982.0,610.0,153564,3268.0,6903,-4592.0
COPPER-GRADE #1 - COMMODITY EXCHANGE INC.,2012-10-30,45589,47883,-3205.0,5992.0,156569,3005.0,-2294,-9197.0
COPPER-GRADE #1 - COMMODITY EXCHANGE INC.,2012-11-06,42032,44229,-3557.0,-3654.0,155396,-1173.0,-2197,97.0
COPPER-GRADE #1 - COMMODITY EXCHANGE INC.,2012-11-13,41593,46017,-439.0,1788.0,151884,-3512.0,-4424,-2227.0
COPPER-GRADE #1 - COMMODITY EXCHANGE INC.,2012-11-20,39621,43052,-1972.0,-2965.0,147748,-4136.0,-3431,993.0
COPPER-GRADE #1 - COMMODITY EXCHANGE INC.,2012-11-27,38126,41105,-1495.0,-1947.0,145313,-2435.0,-2979,452.0
COPPER-GRADE #1 - COMMODITY EXCHANGE INC.,2012-12-04,44306,35254,6180.0,-5851.0,143993,-1320.0,9052,12031.0
COPPER-GRADE #1 - COMMODITY EXCHANGE INC.,2012-12-11,48593,35962,4287.0,708.0,151310,7317.0,12631,3579.0
COPPER-GRADE #1 - COMMODITY EXCHANGE INC.,2012-12-18,51535,36481,2942.0,519.0,153815,2505.0,15054,2423.0
COPPER-GRADE #1 - COMMODITY EXCHANGE INC.,2012-12-24,45600,37889,-5935.0,1408.0,148449,-5366.0,7711,-7343.0
COPPER-GRADE #1 - COMMODITY EXCHANGE INC.,2012-12-31,45486,36155,-114.0,-1734.0,146548,-1901.0,9331,1620.0
COPPER-GRADE #1 - COMMODITY EXCHANGE INC.,2013-01-08,47014,34638,1528.0,-1517.0,156245,9697.0,12376,3045.0
COPPER-GRADE #1 - COMMODITY EXCHANGE INC.,2013-01-15,48130,36148,1116.0,1510.0,155689,-556.0,11982,-394.0
COPPER-GRADE #1 - COMMODITY EXCHANGE INC.,2013-01-22,48234,38699,104.0,2551.0,161899,6210.0,9535,-2447.0
COPPER-GRADE #1 - COMMODITY EXCHANGE INC.,2013-01-29,50672,41305,2438.0,2606.0,168493,6594.0,9367,-168.0
COPPER-GRADE #1 - COMMODITY EXCHANGE INC.,2013-02-05,61901,45697,11229.0,4392.0,183941,15448.0,16204,6837.0
COPPER-GRADE #1 - COMMODITY EXCHANGE INC.,2013-02-12,60104,44242,-1797.0,-1455.0,174441,-9500.0,15862,-342.0
COPPER-GRADE #1 - COMMODITY EXCHANGE INC.,2013-02-19,58575,49258,-1529.0,5016.0,178372,3931.0,9317,-6545.0
COPPER-GRADE #1 - COMMODITY EXCHANGE INC.,2013-02-26,46791,47519,-11784.0,-1739.0,161180,-17192.0,-728,-10045.0
COPPER-GRADE #1 - COMMODITY EXCHANGE INC.,2013-03-05,49328,54915,2537.0,7396.0,159485,-1695.0,-5587,-4859.0
COPPER-GRADE #1 - COMMODITY EXCHANGE INC.,2013-03-12,48151,54295,-1177.0,-620.0,158500,-985.0,-6144,-557.0
COPPER-GRADE #1 - COMMODITY EXCHANGE INC.,2013-03-19,48036,64206,-115.0,9911.0,168616,10116.0,-16170,-10026.0
COPPER-GRADE #1 - COMMODITY EXCHANGE INC.,2013-03-26,49956,70143,1920.0,5937.0,172979,4363.0,-20187,-4017.0
COPPER-GRADE #1 - COMMODITY EXCHANGE INC.,2013-04-02,48872,75877,-1084.0,5734.0,179944,6965.0,-27005,-6818.0
COPPER-GRADE #1 - COMMODITY EXCHANGE INC.,2013-04-09,47713,75552,-1159.0,-325.0,182719,2775.0,-27839,-834.0
COPPER-GRADE #1 - COMMODITY EXCHANGE INC.,2013-04-16,44854,68981,-2859.0,-6571.0,187450,4731.0,-24127,3712.0
COPPER-GRADE #1 - COMMODITY EXCHANGE INC.,2013-04-23,43366,64755,-1488.0,-4226.0,172312,-15138.0,-21389,2738.0
COPPER-GRADE #1 - COMMODITY EXCHANGE INC.,2013-04-30,43244,67243,-122.0,2488.0,166042,-6270.0,-23999,-2610.0
COPPER-GRADE #1 - COMMODITY EXCHANGE INC.,2013-05-07,42612,61802,-632.0,-5441.0,158787,-7255.0,-19190,4809.0
COPPER-GRADE #1 - COMMODITY EXCHANGE INC.,2013-05-14,39970,57425,-2642.0,-4377.0,159750,963.0,-17455,1735.0
COPPER-GRADE #1 - COMMODITY EXCHANGE INC.,2013-05-21,39525,53067,-445.0,-4358.0,162304,2554.0,-13542,3913.0
COPPER-GRADE #1 - COMMODITY EXCHANGE INC.,2013-05-28,38759,52325,-766.0,-742.0,165931,3627.0,-13566,-24.0
COPPER-GRADE #1 - COMMODITY EXCHANGE INC.,2013-06-04,41488,51433,2729.0,-892.0,168538,2607.0,-9945,3621.0
COPPER-GRADE #1 - COMMODITY EXCHANGE INC.,2013-06-11,40874,58921,-614.0,7488.0,181231,12693.0,-18047,-8102.0
COPPER-GRADE #1 - COMMODITY EXCHANGE INC.,2013-06-18,47838,74277,6964.0,15356.0,194877,13646.0,-26439,-8392.0
COPPER-GRADE #1 - COMMODITY EXCHANGE INC.,2013-06-25,46899,78588,-939.0,4311.0,178746,-16131.0,-31689,-5250.0
COPPER-GRADE #1 - COMMODITY EXCHANGE INC.,2013-07-02,44898,73439,-2001.0,-5149.0,170977,-7769.0,-28541,3148.0
COPPER-GRADE #1 - COMMODITY EXCHANGE INC.,2013-07-09,44259,72307,-639.0,-1132.0,169108,-1869.0,-28048,493.0
COPPER-GRADE #1 - COMMODITY EXCHANGE INC.,2013-07-16,39403,61783,-4856.0,-10524.0,163870,-5238.0,-22380,5668.0
COPPER-GRADE #1 - COMMODITY EXCHANGE INC.,2013-07-23,38642,61746,-761.0,-37.0,161805,-2065.0,-23104,-724.0
COPPER-GRADE #1 - COMMODITY EXCHANGE INC.,2013-07-30,39333,70427,691.0,8681.0,166158,4353.0,-31094,-7990.0
COPPER-GRADE #1 - COMMODITY EXCHANGE INC.,2013-08-06,37858,59435,-1475.0,-10992.0,163880,-2278.0,-21577,9517.0
COPPER-GRADE #1 - COMMODITY EXCHANGE INC.,2013-08-13,38753,45587,895.0,-13848.0,161593,-2287.0,-6834,14743.0
COPPER-GRADE #1 - COMMODITY EXCHANGE INC.,2013-08-20,44415,44535,5662.0,-1052.0,160062,-1531.0,-120,6714.0
COPPER-GRADE #1 - COMMODITY EXCHANGE INC.,2013-08-27,42772,43565,-1643.0,-970.0,156847,-3215.0,-793,-673.0
COPPER-GRADE #1 - COMMODITY EXCHANGE INC.,2013-09-03,40851,45303,-1921.0,1738.0,149072,-7775.0,-4452,-3659.0
COPPER-GRADE #1 - COMMODITY EXCHANGE INC.,2013-09-10,37874,46447,-2977.0,1144.0,149202,130.0,-8573,-4121.0
COPPER-GRADE #1 - COMMODITY EXCHANGE INC.,2013-09-17,35639,50892,-2235.0,4445.0,149173,-29.0,-15253,-6680.0
COPPER-GRADE #1 - COMMODITY EXCHANGE INC.,2013-09-24,36648,43898,1009.0,-6994.0,147511,-1662.0,-7250,8003.0
COPPER-GRADE #1 - COMMODITY EXCHANGE INC.,2013-10-01,39032,40366,2384.0,-3532.0,148001,490.0,-1334,5916.0
COPPER-GRADE #1 - COMMODITY EXCHANGE INC.,2013-10-08,37880,41764,-1152.0,1398.0,147936,-65.0,-3884,-2550.0
COPPER-GRADE #1 - COMMODITY EXCHANGE INC.,2013-10-15,37672,45400,-208.0,3636.0,149819,1883.0,-7728,-3844.0
COPPER-GRADE #1 - COMMODITY EXCHANGE INC.,2013-10-22,44669,41054,6997.0,-4346.0,154924,5105.0,3615,11343.0
COPPER-GRADE #1 - COMMODITY EXCHANGE INC.,2013-10-29,38310,48325,-6359.0,7271.0,154498,-426.0,-10015,-13630.0
COPPER-GRADE #1 - COMMODITY EXCHANGE INC.,2013-11-05,36754,46538,-1556.0,-1787.0,148624,-5874.0,-9784,231.0
COPPER-GRADE #1 - COMMODITY EXCHANGE INC.,2013-11-12,39966,58934,3212.0,12396.0,163264,14640.0,-18968,-9184.0
COPPER-GRADE #1 - COMMODITY EXCHANGE INC.,2013-11-19,40413,74311,447.0,15377.0,173106,9842.0,-33898,-14930.0
COPPER-GRADE #1 - COMMODITY EXCHANGE INC.,2013-11-26,41232,71260,819.0,-3051.0,158780,-14326.0,-30028,3870.0
COPPER-GRADE #1 - COMMODITY EXCHANGE INC.,2013-12-03,43029,70380,1797.0,-880.0,160042,1262.0,-27351,2677.0
COPPER-GRADE #1 - COMMODITY EXCHANGE INC.,2013-12-10,44375,57508,1346.0,-12872.0,159552,-490.0,-13133,14218.0
COPPER-GRADE #1 - COMMODITY EXCHANGE INC.,2013-12-17,55009,52630,10634.0,-4878.0,159879,327.0,2379,15512.0
COPPER-GRADE #1 - COMMODITY EXCHANGE INC.,2013-12-24,60943,56208,5934.0,3578.0,164932,5053.0,4735,2356.0
COPPER-GRADE #1 - COMMODITY EXCHANGE INC.,2013-12-31,66016,55653,5073.0,-555.0,167024,2092.0,10363,5628.0
COPPER-GRADE #1 - COMMODITY EXCHANGE INC.,2014-01-07,67546,55118,1530.0,-535.0,169588,2564.0,12428,2065.0
COPPER-GRADE #1 - COMMODITY EXCHANGE INC.,2014-01-14,59343,52306,-8203.0,-2812.0,163296,-6292.0,7037,-5391.0
COPPER-GRADE #1 - COMMODITY EXCHANGE INC.,2014-01-21,61131,51418,1788.0,-888.0,160115,-3181.0,9713,2676.0
COPPER-GRADE #1 - COMMODITY EXCHANGE INC.,2014-01-28,51840,51836,-9291.0,418.0,152829,-7286.0,4,-9709.0
COPPER-GRADE #1 - COMMODITY EXCHANGE INC.,2014-02-04,45717,59136,-6123.0,7300.0,151800,-1029.0,-13419,-13423.0
COPPER-GRADE #1 - COMMODITY EXCHANGE INC.,2014-02-11,46907,64957,1190.0,5821.0,164996,13196.0,-18050,-4631.0
COPPER-GRADE #1 - COMMODITY EXCHANGE INC.,2014-02-18,45352,59186,-1555.0,-5771.0,162959,-2037.0,-13834,4216.0
COPPER-GRADE #1 - COMMODITY EXCHANGE INC.,2014-02-25,45032,53111,-320.0,-6075.0,146265,-16694.0,-8079,5755.0
COPPER-GRADE #1 - COMMODITY EXCHANGE INC.,2014-03-04,45709,58950,677.0,5839.0,145295,-970.0,-13241,-5162.0
COPPER-GRADE #1 - COMMODITY EXCHANGE INC.,2014-03-11,47674,69234,1965.0,10284.0,155791,10496.0,-21560,-8319.0
COPPER-GRADE #1 - COMMODITY EXCHANGE INC.,2014-03-18,49027,77353,1353.0,8119.0,159542,3751.0,-28326,-6766.0
COPPER-GRADE #1 - COMMODITY EXCHANGE INC.,2014-03-25,45358,78333,-3669.0,980.0,154057,-5485.0,-32975,-4649.0
COPPER-GRADE #1 - COMMODITY EXCHANGE INC.,2014-04-01,45433,71228,75.0,-7105.0,153098,-959.0,-25795,7180.0
COPPER-GRADE #1 - COMMODITY EXCHANGE INC.,2014-04-08,45495,63996,62.0,-7232.0,153322,224.0,-18501,7294.0
COPPER-GRADE #1 - COMMODITY EXCHANGE INC.,2014-04-15,43429,64895,-2066.0,899.0,164022,10700.0,-21466,-2965.0
COPPER-GRADE #1 - COMMODITY EXCHANGE INC.,2014-04-22,40925,60842,-2504.0,-4053.0,152890,-11132.0,-19917,1549.0
COPPER-GRADE #1 - COMMODITY EXCHANGE INC.,2014-04-29,42322,56203,1397.0,-4639.0,138987,-13903.0,-13881,6036.0
COPPER-GRADE #1 - COMMODITY EXCHANGE INC.,2014-05-06,40898,58351,-1424.0,2148.0,142069,3082.0,-17453,-3572.0
COPPER-GRADE #1 - COMMODITY EXCHANGE INC.,2014-05-13,48908,58971,8010.0,620.0,151610,9541.0,-10063,7390.0
COPPER-GRADE #1 - COMMODITY EXCHANGE INC.,2014-05-20,50971,56564,2063.0,-2407.0,150346,-1264.0,-5593,4470.0
COPPER-GRADE #1 - COMMODITY EXCHANGE INC.,2014-05-27,52012,56390,1041.0,-174.0,153499,3153.0,-4378,1215.0
COPPER-GRADE #1 - COMMODITY EXCHANGE INC.,2014-06-03,47335,57075,-4677.0,685.0,151783,-1716.0,-9740,-5362.0
COPPER-GRADE #1 - COMMODITY EXCHANGE INC.,2014-06-10,40089,55418,-7246.0,-1657.0,147453,-4330.0,-15329,-5589.0
COPPER-GRADE #1 - COMMODITY EXCHANGE INC.,2014-06-17,38162,56201,-1927.0,783.0,151523,4070.0,-18039,-2710.0
COPPER-GRADE #1 - COMMODITY EXCHANGE INC.,2014-06-24,41981,49814,3819.0,-6387.0,142413,-9110.0,-7833,10206.0
COPPER-GRADE #1 - COMMODITY EXCHANGE INC.,2014-07-01,52365,54129,10384.0,4315.0,146243,3830.0,-1764,6069.0
COPPER-GRADE #1 - COMMODITY EXCHANGE INC.,2014-07-08,65579,58447,13214.0,4318.0,161048,14805.0,7132,8896.0
COPPER-GRADE #1 - COMMODITY EXCHANGE INC.,2014-07-15,76533,61906,10954.0,3459.0,179412,18364.0,14627,7495.0
COPPER-GRADE #1 - COMMODITY EXCHANGE INC.,2014-07-22,70091,61289,-6442.0,-617.0,180479,1067.0,8802,-5825.0
COPPER-GRADE #1 - COMMODITY EXCHANGE INC.,2014-07-29,63838,59519,-6253.0,-1770.0,175017,-5462.0,4319,-4483.0
COPPER-GRADE #1 - COMMODITY EXCHANGE INC.,2014-08-05,62107,54601,-1731.0,-4918.0,171323,-3694.0,7506,3187.0
COPPER-GRADE #1 - COMMODITY EXCHANGE INC.,2014-08-12,47168,48601,-14939.0,-6000.0,153657,-17666.0,-1433,-8939.0
COPPER-GRADE #1 - COMMODITY EXCHANGE INC.,2014-08-19,44060,50174,-3108.0,1573.0,152025,-1632.0,-6114,-4681.0
COPPER-GRADE #1 - COMMODITY EXCHANGE INC.,2014-08-26,46253,46126,2193.0,-4048.0,146526,-5499.0,127,6241.0
COPPER-GRADE #1 - COMMODITY EXCHANGE INC.,2014-09-02,43075,46865,-3178.0,739.0,136370,-10156.0,-3790,-3917.0
COPPER-GRADE #1 - COMMODITY EXCHANGE INC.,2014-09-09,48401,57920,5326.0,11055.0,144047,7677.0,-9519,-5729.0
COPPER-GRADE #1 - COMMODITY EXCHANGE INC.,2014-09-16,48575,62031,174.0,4111.0,143370,-677.0,-13456,-3937.0
COPPER-GRADE #1 - COMMODITY EXCHANGE INC.,2014-09-23,51273,70968,2698.0,8937.0,152016,8646.0,-19695,-6239.0
COPPER-GRADE #1 - COMMODITY EXCHANGE INC.,2014-09-30,52035,75466,762.0,4498.0,160389,8373.0,-23431,-3736.0
COPPER-GRADE #1 - COMMODITY EXCHANGE INC.,2014-10-07,54483,79479,2448.0,4013.0,167622,7233.0,-24996,-1565.0
COPPER-GRADE #1 - COMMODITY EXCHANGE INC.,2014-10-14,54973,78838,490.0,-641.0,167530,-92.0,-23865,1131.0
COPPER-GRADE #1 - COMMODITY EXCHANGE INC.,2014-10-21,54569,82309,-404.0,3471.0,175541,8011.0,-27740,-3875.0
COPPER-GRADE #1 - COMMODITY EXCHANGE INC.,2014-10-28,54392,75749,-177.0,-6560.0,169924,-5617.0,-21357,6383.0
COPPER-GRADE #1 - COMMODITY EXCHANGE INC.,2014-11-04,47492,73355,-6900.0,-2394.0,164942,-4982.0,-25863,-4506.0
COPPER-GRADE #1 - COMMODITY EXCHANGE INC.,2014-11-11,48196,73757,704.0,402.0,170361,5419.0,-25561,302.0
COPPER-GRADE #1 - COMMODITY EXCHANGE INC.,2014-11-18,52968,77573,4772.0,3816.0,176417,6056.0,-24605,956.0
COPPER-GRADE #1 - COMMODITY EXCHANGE INC.,2014-11-25,55391,83669,2423.0,6096.0,160924,-15493.0,-28278,-3673.0
COPPER-GRADE #1 - COMMODITY EXCHANGE INC.,2014-12-02,50746,84928,-4645.0,1259.0,159261,-1663.0,-34182,-5904.0
COPPER-GRADE #1 - COMMODITY EXCHANGE INC.,2014-12-09,47171,80129,-3575.0,-4799.0,152267,-6994.0,-32958,1224.0
COPPER-GRADE #1 - COMMODITY EXCHANGE INC.,2014-12-16,47122,76837,-49.0,-3292.0,152045,-222.0,-29715,3243.0
COPPER-GRADE #1 - COMMODITY EXCHANGE INC.,2014-12-23,43503,75702,-3619.0,-1135.0,152816,771.0,-32199,-2484.0
COPPER-GRADE #1 - COMMODITY EXCHANGE INC.,2014-12-30,44538,79591,1035.0,3889.0,159107,6291.0,-35053,-2854.0
COPPER-GRADE #1 - COMMODITY EXCHANGE INC.,2015-01-06,45928,87193,1390.0,7602.0,170037,10930.0,-41265,-6212.0
COPPER-GRADE #1 - COMMODITY EXCHANGE INC.,2015-01-13,53398,89221,7470.0,2028.0,179459,9422.0,-35823,5442.0
COPPER-GRADE #1 - COMMODITY EXCHANGE INC.,2015-01-20,46328,83113,-7070.0,-6108.0,172846,-6613.0,-36785,-962.0
COPPER-GRADE #1 - COMMODITY EXCHANGE INC.,2015-01-27,46610,87272,282.0,4159.0,179152,6306.0,-40662,-3877.0
COPPER-GRADE #1 - COMMODITY EXCHANGE INC.,2015-02-03,46923,87221,313.0,-51.0,180944,1792.0,-40298,364.0
COPPER-GRADE #1 - COMMODITY EXCHANGE INC.,2015-02-10,45443,87427,-1480.0,206.0,185606,4662.0,-41984,-1686.0
COPPER-GRADE #1 - COMMODITY EXCHANGE INC.,2015-02-17,44526,82691,-917.0,-4736.0,185675,69.0,-38165,3819.0
COPPER-GRADE #1 - COMMODITY EXCHANGE INC.,2015-02-24,50336,80639,5810.0,-2052.0,171520,-14155.0,-30303,7862.0
COPPER-GRADE #1 - COMMODITY EXCHANGE INC.,2015-03-03,51043,73854,707.0,-6785.0,163020,-8500.0,-22811,7492.0
COPPER-GRADE #1 - COMMODITY EXCHANGE INC.,2015-03-10,53309,74837,2266.0,983.0,164239,1219.0,-21528,1283.0
COPPER-GRADE #1 - COMMODITY EXCHANGE INC.,2015-03-17,55248,72795,1939.0,-2042.0,164490,251.0,-17547,3981.0
COPPER-GRADE #1 - COMMODITY EXCHANGE INC.,2015-03-24,58237,67317,2989.0,-5478.0,165590,1100.0,-9080,8467.0
COPPER-GRADE #1 - COMMODITY EXCHANGE INC.,2015-03-31,60278,64432,2041.0,-2885.0,170125,4535.0,-4154,4926.0
COPPER-GRADE #1 - COMMODITY EXCHANGE INC.,2015-04-07,58765,63761,-1513.0,-671.0,171006,881.0,-4996,-842.0
COPPER-GRADE #1 - COMMODITY EXCHANGE INC.,2015-04-14,54693,61923,-4072.0,-1838.0,165760,-5246.0,-7230,-2234.0
COPPER-GRADE #1 - COMMODITY EXCHANGE INC.,2015-04-21,50483,62802,-4210.0,879.0,157721,-8039.0,-12319,-5089.0
COPPER-GRADE #1 - COMMODITY EXCHANGE INC.,2015-04-28,50505,66588,22.0,3786.0,154447,-3274.0,-16083,-3764.0
COPPER-GRADE #1 - COMMODITY EXCHANGE INC.,2015-05-05,63530,63982,13025.0,-2606.0,166179,11732.0,-452,15631.0
COPPER-GRADE #1 - COMMODITY EXCHANGE INC.,2015-05-12,73722,65206,10192.0,1224.0,178077,11898.0,8516,8968.0
COPPER-GRADE #1 - COMMODITY EXCHANGE INC.,2015-05-19,73598,64257,-124.0,-949.0,179210,1133.0,9341,825.0
COPPER-GRADE #1 - COMMODITY EXCHANGE INC.,2015-05-26,64899,63275,-8699.0,-982.0,172622,-6588.0,1624,-7717.0
COPPER-GRADE #1 - COMMODITY EXCHANGE INC.,2015-06-02,50709,59453,-14190.0,-3822.0,160588,-12034.0,-8744,-10368.0
COPPER-GRADE #1 - COMMODITY EXCHANGE INC.,2015-06-09,50677,64059,-32.0,4606.0,171541,10953.0,-13382,-4638.0
COPPER-GRADE #1 - COMMODITY EXCHANGE INC.,2015-06-16,53535,70047,2858.0,5988.0,181765,10224.0,-16512,-3130.0
COPPER-GRADE #1 - COMMODITY EXCHANGE INC.,2015-06-23,54093,77732,558.0,7685.0,184635,2870.0,-23639,-7127.0
COPPER-GRADE #1 - COMMODITY EXCHANGE INC.,2015-06-30,59718,81525,5625.0,3793.0,166278,-18357.0,-21807,1832.0
COPPER-GRADE #1 - COMMODITY EXCHANGE INC.,2015-07-07,55639,81068,-4079.0,-457.0,167008,730.0,-25429,-3622.0
COPPER-GRADE #1 - COMMODITY EXCHANGE INC.,2015-07-14,53064,73822,-2575.0,-7246.0,161713,-5295.0,-20758,4671.0
COPPER-GRADE #1 - COMMODITY EXCHANGE INC.,2015-07-21,56919,79086,3855.0,5264.0,165842,4129.0,-22167,-1409.0
COPPER-GRADE #1 - COMMODITY EXCHANGE INC.,2015-07-28,55698,80152,-1221.0,1066.0,163656,-2186.0,-24454,-2287.0
COPPER-GRADE #1 - COMMODITY EXCHANGE INC.,2015-08-04,60578,92908,4880.0,12756.0,181276,17620.0,-32330,-7876.0
COPPER-GRADE #1 - COMMODITY EXCHANGE INC.,2015-08-11,60308,94067,-270.0,1159.0,195117,13841.0,-33759,-1429.0
COPPER-GRADE #1 - COMMODITY EXCHANGE INC.,2015-08-18,60821,89793,513.0,-4274.0,191265,-3852.0,-28972,4787.0
COPPER-GRADE #1 - COMMODITY EXCHANGE INC.,2015-08-25,60331,83656,-490.0,-6137.0,166991,-24274.0,-23325,5647.0
COPPER-GRADE #1 - COMMODITY EXCHANGE INC.,2015-09-01,61031,81421,700.0,-2235.0,158648,-8343.0,-20390,2935.0
COPPER-GRADE #1 - COMMODITY EXCHANGE INC.,2015-09-08,60691,73958,-340.0,-7463.0,159016,368.0,-13267,7123.0
COPPER-GRADE #1 - COMMODITY EXCHANGE INC.,2015-09-15,59530,63571,-1161.0,-10387.0,154631,-4385.0,-4041,9226.0
COPPER-GRADE #1 - COMMODITY EXCHANGE INC.,2015-09-22,52382,65632,-7148.0,2061.0,152575,-2056.0,-13250,-9209.0
COPPER-GRADE #1 - COMMODITY EXCHANGE INC.,2015-09-29,52419,69425,37.0,3793.0,151710,-865.0,-17006,-3756.0
COPPER-GRADE #1 - COMMODITY EXCHANGE INC.,2015-10-06,54617,66165,2198.0,-3260.0,153387,1677.0,-11548,5458.0
COPPER-GRADE #1 - COMMODITY EXCHANGE INC.,2015-10-13,54291,60432,-326.0,-5733.0,156482,3095.0,-6141,5407.0
COPPER-GRADE #1 - COMMODITY EXCHANGE INC.,2015-10-20,56571,61154,2280.0,722.0,162963,6481.0,-4583,1558.0
COPPER-GRADE #1 - COMMODITY EXCHANGE INC.,2015-10-27,58172,59021,1601.0,-2133.0,165946,2983.0,-849,3734.0
COPPER-GRADE #1 - COMMODITY EXCHANGE INC.,2015-11-03,55293,67071,-2879.0,8050.0,165386,-560.0,-11778,-10929.0
COPPER-GRADE #1 - COMMODITY EXCHANGE INC.,2015-11-10,52814,80242,-2479.0,13171.0,173872,8486.0,-27428,-15650.0
COPPER-GRADE #1 - COMMODITY EXCHANGE INC.,2015-11-17,61534,90817,8720.0,10575.0,193328,19456.0,-29283,-1855.0
COPPER-GRADE #1 - COMMODITY EXCHANGE INC.,2015-11-24,64527,98293,2993.0,7476.0,186199,-7129.0,-33766,-4483.0
COPPER-GRADE #1 - COMMODITY EXCHANGE INC.,2015-12-01,66155,100408,1628.0,2115.0,180517,-5682.0,-34253,-487.0
COPPER-GRADE #1 - COMMODITY EXCHANGE INC.,2015-12-08,65812,100004,-343.0,-404.0,179248,-1269.0,-34192,61.0
COPPER-GRADE #1 - COMMODITY EXCHANGE INC.,2015-12-15,68029,100662,2217.0,658.0,178761,-487.0,-32633,1559.0
COPPER-GRADE #1 - COMMODITY EXCHANGE INC.,2015-12-22,63124,93463,-4905.0,-7199.0,170210,-8551.0,-30339,2294.0
COPPER-GRADE #1 - COMMODITY EXCHANGE INC.,2015-12-29,59955,90061,-3169.0,-3402.0,167689,-2521.0,-30106,233.0
COPPER-GRADE #1 - COMMODITY EXCHANGE INC.,2016-01-05,63058,94871,3103.0,4810.0,171819,4130.0,-31813,-1707.0
COPPER-GRADE #1 - COMMODITY EXCHANGE INC.,2016-01-12,68662,110687,5604.0,15816.0,193520,21701.0,-42025,-10212.0
COPPER-GRADE #1 - COMMODITY EXCHANGE INC.,2016-01-19,68711,112117,49.0,1430.0,199011,5491.0,-43406,-1381.0
COPPER-GRADE #1 - COMMODITY EXCHANGE INC.,2016-01-26,64968,101795,-3743.0,-10322.0,202900,3889.0,-36827,6579.0
COPPER-GRADE #1 - COMMODITY EXCHANGE INC.,2016-02-02,63562,99073,-1406.0,-2722.0,201682,-1218.0,-35511,1316.0
COPPER-GRADE #1 - COMMODITY EXCHANGE INC.,2016-02-09,63452,90280,-110.0,-8793.0,189518,-12164.0,-26828,8683.0
COPPER-GRADE #1 - COMMODITY EXCHANGE INC.,2016-02-16,60041,87379,-3411.0,-2901.0,191131,1613.0,-27338,-510.0
COPPER-GRADE #1 - COMMODITY EXCHANGE INC.,2016-02-23,57954,80901,-2087.0,-6478.0,173541,-17590.0,-22947,4391.0
COPPER-GRADE #1 - COMMODITY EXCHANGE INC.,2016-03-01,55749,80365,-2205.0,-536.0,160010,-13531.0,-24616,-1669.0
COPPER-GRADE #1 - COMMODITY EXCHANGE INC.,2016-03-08,63178,66056,7429.0,-14309.0,165888,5878.0,-2878,21738.0
COPPER-GRADE #1 - COMMODITY EXCHANGE INC.,2016-03-15,63343,63890,165.0,-2166.0,175443,9555.0,-547,2331.0
COPPER-GRADE #1 - COMMODITY EXCHANGE INC.,2016-03-22,62514,61596,-829.0,-2294.0,178177,2734.0,918,1465.0
COPPER-GRADE #1 - COMMODITY EXCHANGE INC.,2016-03-29,67603,72029,5089.0,10433.0,186775,8598.0,-4426,-5344.0
COPPER-GRADE #1 - COMMODITY EXCHANGE INC.,2016-04-05,67537,77622,-66.0,5593.0,192906,6131.0,-10085,-5659.0
COPPER-GRADE #1 - COMMODITY EXCHANGE INC.,2016-04-12,68479,90800,942.0,13178.0,201236,8330.0,-22321,-12236.0
COPPER-GRADE #1 - COMMODITY EXCHANGE INC.,2016-04-19,66318,90834,-2161.0,34.0,201891,655.0,-24516,-2195.0
COPPER-GRADE #1 - COMMODITY EXCHANGE INC.,2016-04-26,65274,73350,-1044.0,-17484.0,172378,-29513.0,-8076,16440.0
COPPER-GRADE #1 - COMMODITY EXCHANGE INC.,2016-05-03,65651,73111,377.0,-239.0,176458,4080.0,-7460,616.0
COPPER-GRADE #1 - COMMODITY EXCHANGE INC.,2016-05-10,71365,94191,5714.0,21080.0,184768,8310.0,-22826,-15366.0
COPPER-GRADE #1 - COMMODITY EXCHANGE INC.,2016-05-17,79184,109830,7819.0,15639.0,203157,18389.0,-30646,-7820.0
COPPER-GRADE #1 - COMMODITY EXCHANGE INC.,2016-05-24,72160,113213,-7024.0,3383.0,210264,7107.0,-41053,-10407.0
COPPER-GRADE #1 - COMMODITY EXCHANGE INC.,2016-05-31,71316,110143,-844.0,-3070.0,217128,6864.0,-38827,2226.0
COPPER-GRADE #1 - COMMODITY EXCHANGE INC.,2016-06-07,72543,111837,1227.0,1694.0,227927,10799.0,-39294,-467.0
COPPER-GRADE #1 - COMMODITY EXCHANGE INC.,2016-06-14,71360,116171,-1183.0,4334.0,239071,11144.0,-44811,-5517.0
COPPER-GRADE #1 - COMMODITY EXCHANGE INC.,2016-06-21,63839,96765,-7521.0,-19406.0,215529,-23542.0,-32926,11885.0
COPPER-GRADE #1 - COMMODITY EXCHANGE INC.,2016-06-28,53692,73506,-10147.0,-23259.0,167927,-47602.0,-19814,13112.0
COPPER-GRADE #1 - COMMODITY EXCHANGE INC.,2016-07-05,50675,70144,-3017.0,-3362.0,164665,-3262.0,-19469,345.0
COPPER-GRADE #1 - COMMODITY EXCHANGE INC.,2016-07-12,54430,68660,3755.0,-1484.0,166225,1560.0,-14230,5239.0
COPPER-GRADE #1 - COMMODITY EXCHANGE INC.,2016-07-19,66010,63646,11580.0,-5014.0,178364,12139.0,2364,16594.0
COPPER-GRADE #1 - COMMODITY EXCHANGE INC.,2016-07-26,69284,64466,3274.0,820.0,187184,8820.0,4818,2454.0
COPPER-GRADE #1 - COMMODITY EXCHANGE INC.,2016-08-02,68768,66086,-516.0,1620.0,188805,1621.0,2682,-2136.0
COPPER-GRADE #1 - COMMODITY EXCHANGE INC.,2016-08-09,66712,71890,-2056.0,5804.0,188297,-508.0,-5178,-7860.0
COPPER-GRADE #1 - COMMODITY EXCHANGE INC.,2016-08-16,61208,66282,-5504.0,-5608.0,180360,-7937.0,-5074,104.0
COPPER-GRADE #1 - COMMODITY EXCHANGE INC.,2016-08-23,70207,76873,8999.0,10591.0,192196,11836.0,-6666,-1592.0
COPPER-GRADE #1 - COMMODITY EXCHANGE INC.,2016-08-30,69279,91152,-928.0,14279.0,187028,-5168.0,-21873,-15207.0
COPPER-GRADE #1 - COMMODITY EXCHANGE INC.,2016-09-06,79928,110153,10649.0,19001.0,203453,16425.0,-30225,-8352.0
COPPER-GRADE #1 - COMMODITY EXCHANGE INC.,2016-09-13,88681,113974,8753.0,3821.0,203945,492.0,-25293,4932.0
COPPER-GRADE #1 - COMMODITY EXCHANGE INC.,2016-09-20,82274,95425,-6407.0,-18549.0,190574,-13371.0,-13151,12142.0
COPPER-GRADE #1 - COMMODITY EXCHANGE INC.,2016-09-27,74769,76859,-7505.0,-18566.0,179904,-10670.0,-2090,11061.0
COPPER-GRADE #1 - COMMODITY EXCHANGE INC.,2016-10-04,77097,76198,2328.0,-661.0,181809,1905.0,899,2989.0
COPPER-GRADE #1 - COMMODITY EXCHANGE INC.,2016-10-11,79132,74806,2035.0,-1392.0,185814,4005.0,4326,3427.0
COPPER-GRADE #1 - COMMODITY EXCHANGE INC.,2016-10-18,87535,98677,8403.0,23871.0,207729,21915.0,-11142,-15468.0
COPPER-GRADE #1 - COMMODITY EXCHANGE INC.,2016-10-25,90935,104689,3400.0,6012.0,213569,5840.0,-13754,-2612.0
COPPER-GRADE #1 - COMMODITY EXCHANGE INC.,2016-11-01,88669,77371,-2266.0,-27318.0,203042,-10527.0,11298,25052.0
COPPER-GRADE #1 - COMMODITY EXCHANGE INC.,2016-11-08,118385,78749,29716.0,1378.0,233922,30880.0,39636,28338.0
COPPER-GRADE #1 - COMMODITY EXCHANGE INC.,2016-11-15,117916,72921,-469.0,-5828.0,238615,4693.0,44995,5359.0
COPPER-GRADE #1 - COMMODITY EXCHANGE INC.,2016-11-22,118089,71777,173.0,-1144.0,236293,-2322.0,46312,1317.0
COPPER-GRADE #1 - COMMODITY EXCHANGE INC.,2016-11-29,121067,67706,2978.0,-4071.0,230420,-5873.0,53361,7049.0
COPPER-GRADE #1 - COMMODITY EXCHANGE INC.,2016-12-06,123820,67429,2753.0,-277.0,236290,5870.0,56391,3030.0
COPPER-GRADE #1 - COMMODITY EXCHANGE INC.,2016-12-13,127666,66551,3846.0,-878.0,236822,532.0,61115,4724.0
COPPER-GRADE #1 - COMMODITY EXCHANGE INC.,2016-12-20,119225,67199,-8441.0,648.0,233042,-3780.0,52026,-9089.0
COPPER-GRADE #1 - COMMODITY EXCHANGE INC.,2016-12-27,112505,66742,-6720.0,-457.0,227733,-5309.0,45763,-6263.0
COPPER-GRADE #1 - COMMODITY EXCHANGE INC.,2017-01-03,109243,64759,-3262.0,-1983.0,223874,-3859.0,44484,-1279.0
COPPER-GRADE #1 - COMMODITY EXCHANGE INC.,2017-01-10,116854,69151,7611.0,4392.0,236637,12763.0,47703,3219.0
COPPER-GRADE #1 - COMMODITY EXCHANGE INC.,2017-01-17,118944,72445,2090.0,3294.0,251782,15145.0,46499,-1204.0
COPPER-GRADE #1 - COMMODITY EXCHANGE INC.,2017-01-24,128015,77705,9071.0,5260.0,270892,19110.0,50310,3811.0
COPPER-GRADE #1 - COMMODITY EXCHANGE INC.,2017-01-31,134989,77713,6974.0,8.0,291702,20810.0,57276,6966.0
COPPER-GRADE #1 - COMMODITY EXCHANGE INC.,2017-02-07,131026,79467,-3963.0,1754.0,291924,222.0,51559,-5717.0
COPPER-GRADE #1 - COMMODITY EXCHANGE INC.,2017-02-14,131446,86203,420.0,6736.0,296125,4201.0,45243,-6316.0
COPPER-GRADE #1 - COMMODITY EXCHANGE INC.,2017-02-21,128204,85410,-3242.0,-793.0,283805,-12320.0,42794,-2449.0
COPPER-GRADE #1 - COMMODITY EXCHANGE INC.,2017-02-28,120913,82915,-7291.0,-2495.0,267935,-15870.0,37998,-4796.0
COPPER-GRADE #1 - COMMODITY EXCHANGE INC.,2017-03-07,117779,88060,-3134.0,5145.0,267379,-556.0,29719,-8279.0
COPPER-GRADE #1 - COMMODITY EXCHANGE INC.,2017-03-14,110578,88139,-7201.0,79.0,260056,-7323.0,22439,-7280.0
COPPER-GRADE #1 - COMMODITY EXCHANGE INC.,2017-03-21,111829,90159,1251.0,2020.0,269323,9267.0,21670,-769.0
COPPER-GRADE #1 - COMMODITY EXCHANGE INC.,2017-03-28,112041,82176,212.0,-7983.0,273316,3993.0,29865,8195.0
COPPER-GRADE #1 - COMMODITY EXCHANGE INC.,2017-04-04,111665,84797,-376.0,2621.0,277949,4633.0,26868,-2997.0
COPPER-GRADE #1 - COMMODITY EXCHANGE INC.,2017-04-11,114238,88393,2573.0,3596.0,284852,6903.0,25845,-1023.0
COPPER-GRADE #1 - COMMODITY EXCHANGE INC.,2017-04-18,106292,90249,-7946.0,1856.0,275401,-9451.0,16043,-9802.0
COPPER-GRADE #1 - COMMODITY EXCHANGE INC.,2017-04-25,103581,91123,-2711.0,874.0,260513,-14888.0,12458,-3585.0
COPPER-GRADE #1 - COMMODITY EXCHANGE INC.,2017-05-02,104855,86317,1274.0,-4806.0,248643,-11870.0,18538,6080.0
COPPER-GRADE #1 - COMMODITY EXCHANGE INC.,2017-05-09,98601,90520,-6254.0,4203.0,243123,-5520.0,8081,-10457.0
COPPER-GRADE #1 - COMMODITY EXCHANGE INC.,2017-05-16,96922,88276,-1679.0,-2244.0,250251,7128.0,8646,565.0
COPPER-GRADE #1 - COMMODITY EXCHANGE INC.,2017-05-23,97688,84657,766.0,-3619.0,256097,5846.0,13031,4385.0
COPPER-GRADE #1 - COMMODITY EXCHANGE INC.,2017-05-30,96704,87060,-984.0,2403.0,249317,-6780.0,9644,-3387.0
COPPER-GRADE #1 - COMMODITY EXCHANGE INC.,2017-06-06,97394,84668,690.0,-2392.0,253643,4326.0,12726,3082.0
COPPER-GRADE #1 - COMMODITY EXCHANGE INC.,2017-06-13,108011,89213,10617.0,4545.0,260631,6988.0,18798,6072.0
COPPER-GRADE #1 - COMMODITY EXCHANGE INC.,2017-06-20,103559,90780,-4452.0,1567.0,271774,11143.0,12779,-6019.0
COPPER-GRADE #1 - COMMODITY EXCHANGE INC.,2017-06-27,106572,92884,3013.0,2104.0,253503,-18271.0,13688,909.0
COPPER-GRADE #1 - COMMODITY EXCHANGE INC.,2017-07-03,116393,100048,9821.0,7164.0,267148,13645.0,16345,2657.0
COPPER-GRADE #1 - COMMODITY EXCHANGE INC.,2017-07-11,112768,100762,-3625.0,714.0,264039,-3109.0,12006,-4339.0
COPPER-GRADE #1 - COMMODITY EXCHANGE INC.,2017-07-18,121936,106606,9168.0,5844.0,276841,12802.0,15330,3324.0
COPPER-GRADE #1 - COMMODITY EXCHANGE INC.,2017-07-25,137242,112985,15306.0,6379.0,298264,21423.0,24257,8927.0
COPPER-GRADE #1 - COMMODITY EXCHANGE INC.,2017-08-01,153081,121866,15839.0,8881.0,321510,23246.0,31215,6958.0
COPPER-GRADE #1 - COMMODITY EXCHANGE INC.,2017-08-08,157369,124233,4288.0,2367.0,328814,7304.0,33136,1921.0
COPPER-GRADE #1 - COMMODITY EXCHANGE INC.,2017-08-15,163551,126722,6182.0,2489.0,333951,5137.0,36829,3693.0
COPPER-GRADE #1 - COMMODITY EXCHANGE INC.,2017-08-22,164982,124136,1431.0,-2586.0,329725,-4226.0,40846,4017.0
COPPER-GRADE #1 - COMMODITY EXCHANGE INC.,2017-08-29,166629,122977,1647.0,-1159.0,329513,-212.0,43652,2806.0
COPPER-GRADE #1 - COMMODITY EXCHANGE INC.,2017-09-05,172088,123223,5459.0,246.0,330702,1189.0,48865,5213.0
COPPER-GRADE #1 - COMMODITY EXCHANGE INC.,2017-09-12,161636,115022,-10452.0,-8201.0,316294,-14408.0,46614,-2251.0
COPPER-GRADE #1 - COMMODITY EXCHANGE INC.,2017-09-19,142821,110234,-18815.0,-4788.0,289998,-26296.0,32587,-14027.0
COPPER-GRADE #1 - COMMODITY EXCHANGE INC.,2017-09-26,136358,106222,-6463.0,-4012.0,275999,-13999.0,30136,-2451.0
COPPER-GRADE #1 - COMMODITY EXCHANGE INC.,2017-10-03,140250,106421,3892.0,199.0,273497,-2502.0,33829,3693.0
COPPER-GRADE #1 - COMMODITY EXCHANGE INC.,2017-10-10,148019,107281,7769.0,860.0,289779,16282.0,40738,6909.0
COPPER-GRADE #1 - COMMODITY EXCHANGE INC.,2017-10-17,155965,104478,7946.0,-2803.0,306618,16839.0,51487,10749.0
COPPER-GRADE #1 - COMMODITY EXCHANGE INC.,2017-10-24,155756,102504,-209.0,-1974.0,308996,2378.0,53252,1765.0
COPPER-GRADE #1 - COMMODITY EXCHANGE INC.,2017-10-31,145513,97920,-10243.0,-4584.0,299573,-9423.0,47593,-5659.0
COPPER-GRADE #1 - COMMODITY EXCHANGE INC.,2017-11-07,140327,97752,-5186.0,-168.0,299392,-181.0,42575,-5018.0
COPPER-GRADE #1 - COMMODITY EXCHANGE INC.,2017-11-14,132942,93228,-7385.0,-4524.0,283153,-16239.0,39714,-2861.0
COPPER-GRADE #1 - COMMODITY EXCHANGE INC.,2017-11-21,130954,90341,-1988.0,-2887.0,277126,-6027.0,40613,899.0
COPPER-GRADE #1 - COMMODITY EXCHANGE INC.,2017-11-28,132756,88833,1802.0,-1508.0,273314,-3812.0,43923,3310.0
COPPER-GRADE #1 - COMMODITY EXCHANGE INC.,2017-12-05,116872,90219,-15884.0,1386.0,258050,-15264.0,26653,-17270.0
COPPER-GRADE #1 - COMMODITY EXCHANGE INC.,2017-12-12,106244,78490,-10628.0,-11729.0,235080,-22970.0,27754,1101.0
COPPER-GRADE #1 - COMMODITY EXCHANGE INC.,2017-12-19,118876,76178,12632.0,-2312.0,249462,14382.0,42698,14944.0
COPPER-GRADE #1 - COMMODITY EXCHANGE INC.,2017-12-26,136816,83547,17940.0,7369.0,268478,19016.0,53269,10571.0
COPPER-GRADE #1 - COMMODITY EXCHANGE INC.,2018-01-02,150141,86229,13325.0,2682.0,288846,20368.0,63912,10643.0
COPPER-GRADE #1 - COMMODITY EXCHANGE INC.,2018-01-09,147973,85689,-2168.0,-540.0,292480,3634.0,62284,-1628.0
COPPER-GRADE #1 - COMMODITY EXCHANGE INC.,2018-01-16,138575,77409,-9398.0,-8280.0,288577,-3903.0,61166,-1118.0
COPPER-GRADE #1 - COMMODITY EXCHANGE INC.,2018-01-23,134151,82116,-4424.0,4707.0,284300,-4277.0,52035,-9131.0
COPPER-GRADE #1 - COMMODITY EXCHANGE INC.,2018-01-30,128405,74566,-5746.0,-7550.0,287352,3052.0,53839,1804.0
COPPER-GRADE #1 - COMMODITY EXCHANGE INC.,2018-02-06,124116,71161,-4289.0,-3405.0,285964,-1388.0,52955,-884.0
COPPER-GRADE #1 - COMMODITY EXCHANGE INC.,2018-02-13,112722,67974,-11394.0,-3187.0,255708,-30256.0,44748,-8207.0
COPPER-GRADE #1 - COMMODITY EXCHANGE INC.,2018-02-20,113187,65886,465.0,-2088.0,256420,712.0,47301,2553.0
COPPER-GRADE #1 - COMMODITY EXCHANGE INC.,2018-02-27,114277,72876,1090.0,6990.0,264683,8263.0,41401,-5900.0
COPPER-GRADE #1 - COMMODITY EXCHANGE INC.,2018-03-06,112589,70669,-1688.0,-2207.0,260097,-4586.0,41920,519.0
COPPER-GRADE #1 - COMMODITY EXCHANGE INC.,2018-03-13,108709,69074,-3880.0,-1595.0,273651,13554.0,39635,-2285.0
COPPER-GRADE #1 - COMMODITY EXCHANGE INC.,2018-03-20,107919,77058,-790.0,7984.0,283457,9806.0,30861,-8774.0
COPPER-GRADE #1 - COMMODITY EXCHANGE INC.,2018-03-27,106932,87745,-987.0,10687.0,293335,9878.0,19187,-11674.0
COPPER-GRADE #1 - COMMODITY EXCHANGE INC.,2018-04-03,102027,81117,-4905.0,-6628.0,289138,-4197.0,20910,1723.0
COPPER-GRADE #1 - COMMODITY EXCHANGE INC.,2018-04-10,94928,71222,-7099.0,-9895.0,255757,-33381.0,23706,2796.0
COPPER-GRADE #1 - COMMODITY EXCHANGE INC.,2018-04-17,95532,64815,604.0,-6407.0,240008,-15749.0,30717,7011.0
COPPER-GRADE #1 - COMMODITY EXCHANGE INC.,2018-04-24,101054,58418,5522.0,-6397.0,240990,982.0,42636,11919.0
COPPER-GRADE #1 - COMMODITY EXCHANGE INC.,2018-05-01,106141,71225,5087.0,12807.0,243337,2347.0,34916,-7720.0
COPPER-GRADE #1 - COMMODITY EXCHANGE INC.,2018-05-08,106333,72881,192.0,1656.0,253834,10497.0,33452,-1464.0
COPPER-GRADE #1 - COMMODITY EXCHANGE INC.,2018-05-15,107169,70814,836.0,-2067.0,258587,4753.0,36355,2903.0
COPPER-GRADE #1 - COMMODITY EXCHANGE INC.,2018-05-22,109623,70611,2454.0,-203.0,260111,1524.0,39012,2657.0
COPPER-GRADE #1 - COMMODITY EXCHANGE INC.,2018-05-29,108885,71285,-738.0,674.0,266370,6259.0,37600,-1412.0
COPPER-GRADE #1 - COMMODITY EXCHANGE INC.,2018-06-05,112774,65067,3889.0,-6218.0,264350,-2020.0,47707,10107.0
COPPER-GRADE #1 - COMMODITY EXCHANGE INC.,2018-06-12,128503,57966,15729.0,-7101.0,285593,21243.0,70537,22830.0
COPPER-GRADE #1 - COMMODITY EXCHANGE INC.,2018-06-19,119036,62725,-9467.0,4759.0,268435,-17158.0,56311,-14226.0
COPPER-GRADE #1 - COMMODITY EXCHANGE INC.,2018-06-26,104151,70106,-14885.0,7381.0,268714,279.0,34045,-22266.0
COPPER-GRADE #1 - COMMODITY EXCHANGE INC.,2018-07-03,99847,74342,-4304.0,4236.0,261618,-7096.0,25505,-8540.0
COPPER-GRADE #1 - COMMODITY EXCHANGE INC.,2018-07-10,102110,87927,2263.0,13585.0,280668,19050.0,14183,-11322.0
COPPER-GRADE #1 - COMMODITY EXCHANGE INC.,2018-07-17,106423,97310,4313.0,9383.0,303929,23261.0,9113,-5070.0
COPPER-GRADE #1 - COMMODITY EXCHANGE INC.,2018-07-24,110551,101184,4128.0,3874.0,315586,11657.0,9367,254.0
COPPER-GRADE #1 - COMMODITY EXCHANGE INC.,2018-07-31,102058,93834,-8493.0,-7350.0,300522,-15064.0,8224,-1143.0
COPPER-GRADE #1 - COMMODITY EXCHANGE INC.,2018-08-07,97351,95161,-4707.0,1327.0,289908,-10614.0,2190,-6034.0
COPPER-GRADE #1 - COMMODITY EXCHANGE INC.,2018-08-14,95786,92698,-1565.0,-2463.0,286872,-3036.0,3088,898.0
COPPER-GRADE #1 - COMMODITY EXCHANGE INC.,2018-08-21,85463,87162,-10323.0,-5536.0,265239,-21633.0,-1699,-4787.0
COPPER-GRADE #1 - COMMODITY EXCHANGE INC.,2018-08-28,81237,80946,-4226.0,-6216.0,235094,-30145.0,291,1990.0
COPPER-GRADE #1 - COMMODITY EXCHANGE INC.,2018-09-04,77952,83929,-3285.0,2983.0,238426,3332.0,-5977,-6268.0
COPPER-GRADE #1 - COMMODITY EXCHANGE INC.,2018-09-11,72184,81078,-5768.0,-2851.0,230351,-8075.0,-8894,-2917.0
COPPER-GRADE #1 - COMMODITY EXCHANGE INC.,2018-09-18,74577,74768,2393.0,-6310.0,235543,5192.0,-191,8703.0
COPPER-GRADE #1 - COMMODITY EXCHANGE INC.,2018-09-25,77987,66883,3410.0,-7885.0,237120,1577.0,11104,11295.0
COPPER-GRADE #1 - COMMODITY EXCHANGE INC.,2018-10-02,77360,65385,-627.0,-1498.0,234368,-2752.0,11975,871.0
COPPER-GRADE #1 - COMMODITY EXCHANGE INC.,2018-10-09,73094,64847,-4266.0,-538.0,235478,1110.0,8247,-3728.0
COPPER-GRADE #1 - COMMODITY EXCHANGE INC.,2018-10-16,71672,62754,-1422.0,-2093.0,237336,1858.0,8918,671.0
COPPER-GRADE #1 - COMMODITY EXCHANGE INC.,2018-10-23,70970,61623,-702.0,-1131.0,246254,8918.0,9347,429.0
COPPER-GRADE #1 - COMMODITY EXCHANGE INC.,2018-10-30,71620,70953,650.0,9330.0,256266,10012.0,667,-8680.0
COPPER-GRADE #1 - COMMODITY EXCHANGE INC.,2018-11-06,73447,67061,1827.0,-3892.0,247313,-8953.0,6386,5719.0
COPPER-GRADE #1 - COMMODITY EXCHANGE INC.,2018-11-13,73469,70054,22.0,2993.0,241052,-6261.0,3415,-2971.0
COPPER-GRADE #1 - COMMODITY EXCHANGE INC.,2018-11-20,80698,68096,7229.0,-1958.0,229249,-11803.0,12602,9187.0
COPPER-GRADE #1 - COMMODITY EXCHANGE INC.,2018-11-27,76742,66050,-3956.0,-2046.0,220177,-9072.0,10692,-1910.0
COPPER-GRADE #1 - COMMODITY EXCHANGE INC.,2018-12-04,75348,64665,-1394.0,-1385.0,216791,-3386.0,10683,-9.0
COPPER-GRADE #1 - COMMODITY EXCHANGE INC.,2018-12-11,72307,65060,-3041.0,395.0,208742,-8049.0,7247,-3436.0
COPPER-GRADE #1 - COMMODITY EXCHANGE INC.,2018-12-18,76807,79485,4500.0,14425.0,214050,5308.0,-2678,-9925.0
COPPER-GRADE #1 - COMMODITY EXCHANGE INC.,2018-12-24,73635,83487,-3172.0,4002.0,218191,4141.0,-9852,-7174.0
COPPER-GRADE #1 - COMMODITY EXCHANGE INC.,2018-12-31,74541,84889,906.0,1402.0,224760,6569.0,-10348,-496.0
COPPER-GRADE #1 - COMMODITY EXCHANGE INC.,2019-01-08,72344,91796,-2197.0,6907.0,242731,17971.0,-19452,-9104.0
COPPER-GRADE #1 - COMMODITY EXCHANGE INC.,2019-01-15,75666,103258,3322.0,11462.0,271303,28572.0,-27592,-8140.0
COPPER-GRADE #1 - COMMODITY EXCHANGE INC.,2019-01-22,76080,100605,414.0,-2653.0,271968,665.0,-24525,3067.0
COPPER-GRADE #1 - COMMODITY EXCHANGE INC.,2019-01-29,76124,98037,44.0,-2568.0,265588,-6380.0,-21913,2612.0
COPPER-GRADE #1 - COMMODITY EXCHANGE INC.,2019-02-05,79336,85418,3212.0,-12619.0,245629,-19959.0,-6082,15831.0
COPPER-GRADE #1 - COMMODITY EXCHANGE INC.,2019-02-12,82926,81723,3590.0,-3695.0,245475,-154.0,1203,7285.0
COPPER-GRADE #1 - COMMODITY EXCHANGE INC.,2019-02-19,84724,83846,1798.0,2123.0,253256,7781.0,878,-325.0
COPPER-GRADE #1 - COMMODITY EXCHANGE INC.,2019-02-26,96982,74598,12258.0,-9248.0,256269,3013.0,22384,21506.0
COPPER-GRADE #1 - COMMODITY EXCHANGE INC.,2019-03-05,94231,62975,-2751.0,-11623.0,255162,-1107.0,31256,8872.0
COPPER-GRADE #1 - COMMODITY EXCHANGE INC.,2019-03-12,89572,64005,-4659.0,1030.0,258881,3719.0,25567,-5689.0
COPPER-GRADE #1 - COMMODITY EXCHANGE INC.,2019-03-19,82765,66410,-6807.0,2405.0,253741,-5140.0,16355,-9212.0
COPPER-GRADE #1 - COMMODITY EXCHANGE INC.,2019-03-26,75834,73892,-6931.0,7482.0,251953,-1788.0,1942,-14413.0
COPPER-GRADE #1 - COMMODITY EXCHANGE INC.,2019-04-02,81945,77389,6111.0,3497.0,250309,-1644.0,4556,2614.0
COPPER-GRADE #1 - COMMODITY EXCHANGE INC.,2019-04-09,81503,78489,-442.0,1100.0,246628,-3681.0,3014,-1542.0
COPPER-GRADE #1 - COMMODITY EXCHANGE INC.,2019-04-16,84245,78933,2742.0,444.0,257913,11285.0,5312,2298.0
COPPER-GRADE #1 - COMMODITY EXCHANGE INC.,2019-04-23,83083,80957,-1162.0,2024.0,256267,-1646.0,2126,-3186.0
COPPER-GRADE #1 - COMMODITY EXCHANGE INC.,2019-04-30,79599,79732,-3484.0,-1225.0,249602,-6665.0,-133,-2259.0
COPPER-GRADE #1 - COMMODITY EXCHANGE INC.,2019-05-07,73622,86500,-5977.0,6768.0,245088,-4514.0,-12878,-12745.0
COPPER-GRADE #1 - COMMODITY EXCHANGE INC.,2019-05-14,73379,92745,-243.0,6245.0,256800,11712.0,-19366,-6488.0
COPPER-GRADE #1 - COMMODITY EXCHANGE INC.,2019-05-21,72490,94209,-889.0,1464.0,261724,4924.0,-21719,-2353.0
COPPER-GRADE #1 - COMMODITY EXCHANGE INC.,2019-05-28,73784,97617,1294.0,3408.0,272194,10470.0,-23833,-2114.0
COPPER-GRADE #1 - COMMODITY EXCHANGE INC.,2019-06-04,76217,102963,2433.0,5346.0,281813,9619.0,-26746,-2913.0
COPPER-GRADE #1 - COMMODITY EXCHANGE INC.,2019-06-11,79399,109920,3182.0,6957.0,284848,3035.0,-30521,-3775.0
COPPER-GRADE #1 - COMMODITY EXCHANGE INC.,2019-06-18,82255,106207,2856.0,-3713.0,280643,-4205.0,-23952,6569.0
COPPER-GRADE #1 - COMMODITY EXCHANGE INC.,2019-06-25,73297,99836,-8958.0,-6371.0,244461,-36182.0,-26539,-2587.0
COPPER-GRADE #1 - COMMODITY EXCHANGE INC.,2019-07-02,76478,105694,3181.0,5858.0,254342,9881.0,-29216,-2677.0
COPPER-GRADE #1 - COMMODITY EXCHANGE INC.,2019-07-09,76596,116583,118.0,10889.0,265419,11077.0,-39987,-10771.0
COPPER-GRADE #1 - COMMODITY EXCHANGE INC.,2019-07-16,73722,105665,-2874.0,-10918.0,266882,1463.0,-31943,8044.0
COPPER-GRADE #1 - COMMODITY EXCHANGE INC.,2019-07-23,76464,100513,2742.0,-5152.0,264229,-2653.0,-24049,7894.0
COPPER-GRADE #1 - COMMODITY EXCHANGE INC.,2019-07-30,77334,106089,870.0,5576.0,268804,4575.0,-28755,-4706.0
COPPER-GRADE #1 - COMMODITY EXCHANGE INC.,2019-08-06,79133,137582,1799.0,31493.0,303764,34960.0,-58449,-29694.0
COPPER-GRADE #1 - COMMODITY EXCHANGE INC.,2019-08-13,76207,129807,-2926.0,-7775.0,295608,-8156.0,-53600,4849.0
COPPER-GRADE #1 - COMMODITY EXCHANGE INC.,2019-08-20,75489,124434,-718.0,-5373.0,281852,-13756.0,-48945,4655.0
COPPER-GRADE #1 - COMMODITY EXCHANGE INC.,2019-08-27,72795,131275,-2694.0,6841.0,262762,-19090.0,-58480,-9535.0
COPPER-GRADE #1 - COMMODITY EXCHANGE INC.,2019-09-03,76099,134940,3304.0,3665.0,260040,-2722.0,-58841,-361.0
COPPER-GRADE #1 - COMMODITY EXCHANGE INC.,2019-09-10,77185,118371,1086.0,-16569.0,241910,-18130.0,-41186,17655.0
COPPER-GRADE #1 - COMMODITY EXCHANGE INC.,2019-09-17,75083,112033,-2102.0,-6338.0,234574,-7336.0,-36950,4236.0
COPPER-GRADE #1 - COMMODITY EXCHANGE INC.,2019-09-24,71205,111944,-3878.0,-89.0,230727,-3847.0,-40739,-3789.0
COPPER-GRADE #1 - COMMODITY EXCHANGE INC.,2019-10-01,71271,118044,66.0,6100.0,242951,12224.0,-46773,-6034.0
COPPER-GRADE #1 - COMMODITY EXCHANGE INC.,2019-10-08,69884,117977,-1387.0,-67.0,256724,13773.0,-48093,-1320.0
COPPER-GRADE #1 - COMMODITY EXCHANGE INC.,2019-10-15,67383,114638,-2501.0,-3339.0,257178,454.0,-47255,838.0
COPPER-GRADE #1 - COMMODITY EXCHANGE INC.,2019-10-22,68744,110317,1361.0,-4321.0,251164,-6014.0,-41573,5682.0
COPPER-GRADE #1 - COMMODITY EXCHANGE INC.,2019-10-29,76814,102039,8070.0,-8278.0,246252,-4912.0,-25225,16348.0
COPPER-GRADE #1 - COMMODITY EXCHANGE INC.,2019-11-05,81652,104963,4838.0,2924.0,239147,-7105.0,-23311,1914.0
COPPER-GRADE #1 - COMMODITY EXCHANGE INC.,2019-11-12,73303,99590,-8349.0,-5373.0,239830,683.0,-26287,-2976.0
COPPER-GRADE #1 - COMMODITY EXCHANGE INC.,2019-11-19,63747,98853,-9556.0,-737.0,228961,-10869.0,-35106,-8819.0
COPPER-GRADE #1 - COMMODITY EXCHANGE INC.,2019-11-26,61166,99728,-2581.0,875.0,212577,-16384.0,-38562,-3456.0
COPPER-GRADE #1 - COMMODITY EXCHANGE INC.,2019-12-03,64225,101932,3059.0,2204.0,215424,2847.0,-37707,855.0
COPPER-GRADE #1 - COMMODITY EXCHANGE INC.,2019-12-10,79231,96379,15006.0,-5553.0,226987,11563.0,-17148,20559.0
COPPER-GRADE #1 - COMMODITY EXCHANGE INC.,2019-12-17,95804,95635,16573.0,-744.0,259207,32220.0,169,17317.0
COPPER-GRADE #1 - COMMODITY EXCHANGE INC.,2019-12-24,97993,94526,2189.0,-1109.0,263899,4692.0,3467,3298.0
COPPER-GRADE #1 - COMMODITY EXCHANGE INC.,2019-12-31,98583,93439,590.0,-1087.0,266891,2992.0,5144,1677.0
COPPER-GRADE #1 - COMMODITY EXCHANGE INC.,2020-01-07,92710,95850,-5873.0,2411.0,270889,3998.0,-3140,-8284.0
COPPER-GRADE #1 - COMMODITY EXCHANGE INC.,2020-01-14,103537,100070,10827.0,4220.0,281166,10277.0,3467,6607.0
COPPER-GRADE #1 - COMMODITY EXCHANGE INC.,2020-01-21,103727,97938,190.0,-2132.0,282358,1192.0,5789,2322.0
COPPER-GRADE #1 - COMMODITY EXCHANGE INC.,2020-01-28,77213,91603,-26514.0,-6335.0,248958,-33400.0,-14390,-20179.0
COPPER-GRADE #1 - COMMODITY EXCHANGE INC.,2020-02-04,69638,103957,-7575.0,12354.0,264032,15074.0,-34319,-19929.0
COPPER-GRADE #1 - COMMODITY EXCHANGE INC.,2020-02-11,67556,113215,-2082.0,9258.0,269208,5176.0,-45659,-11340.0
COPPER-GRADE #1 - COMMODITY EXCHANGE INC.,2020-02-18,70397,112410,2841.0,-805.0,275462,6254.0,-42013,3646.0
COPPER-GRADE #1 - COMMODITY EXCHANGE INC.,2020-02-25,69989,114208,-408.0,1798.0,260777,-14685.0,-44219,-2206.0
COPPER-GRADE #1 - COMMODITY EXCHANGE INC.,2020-03-03,66736,105616,-3253.0,-8592.0,242931,-17846.0,-38880,5339.0
COPPER-GRADE #1 - COMMODITY EXCHANGE INC.,2020-03-10,60208,99274,-6528.0,-6342.0,227198,-15733.0,-39066,-186.0
COPPER-GRADE #1 - COMMODITY EXCHANGE INC.,2020-03-17,54628,92683,-5580.0,-6591.0,215842,-11356.0,-38055,1011.0
COPPER-GRADE #1 - COMMODITY EXCHANGE INC.,2020-03-24,46499,72946,-8129.0,-19737.0,183715,-32127.0,-26447,11608.0
COPPER-GRADE #1 - COMMODITY EXCHANGE INC.,2020-03-31,42278,67111,-4221.0,-5835.0,182253,-1462.0,-24833,1614.0
COPPER-GRADE #1 - COMMODITY EXCHANGE INC.,2020-04-07,41631,67207,-647.0,96.0,185408,3155.0,-25576,-743.0
COPPER-GRADE #1 - COMMODITY EXCHANGE INC.,2020-04-14,42230,66960,599.0,-247.0,194265,8857.0,-24730,846.0
COPPER-GRADE #1 - COMMODITY EXCHANGE INC.,2020-04-21,46338,67260,4108.0,300.0,181947,-12318.0,-20922,3808.0
COPPER-GRADE #1 - COMMODITY EXCHANGE INC.,2020-04-28,46958,63741,620.0,-3519.0,167291,-14656.0,-16783,4139.0
COPPER-GRADE #1 - COMMODITY EXCHANGE INC.,2020-05-05,46074,65231,-884.0,1490.0,162899,-4392.0,-19157,-2374.0
COPPER-GRADE #1 - COMMODITY EXCHANGE INC.,2020-05-12,48104,63633,2030.0,-1598.0,168470,5571.0,-15529,3628.0
COPPER-GRADE #1 - COMMODITY EXCHANGE INC.,2020-05-19,51254,64670,3150.0,1037.0,171040,2570.0,-13416,2113.0
COPPER-GRADE #1 - COMMODITY EXCHANGE INC.,2020-05-26,50347,59986,-907.0,-4684.0,175499,4459.0,-9639,3777.0
COPPER-GRADE #1 - COMMODITY EXCHANGE INC.,2020-06-02,56002,56948,5655.0,-3038.0,182043,6544.0,-946,8693.0
COPPER-GRADE #1 - COMMODITY EXCHANGE INC.,2020-06-09,60810,48499,4808.0,-8449.0,181310,-733.0,12311,13257.0
COPPER-GRADE #1 - COMMODITY EXCHANGE INC.,2020-06-16,57146,47544,-3664.0,-955.0,180741,-569.0,9602,-2709.0
COPPER-GRADE #1 - COMMODITY EXCHANGE INC.,2020-06-23,63749,47051,6603.0,-493.0,190457,9716.0,16698,7096.0
COPPER-GRADE #1 - COMMODITY EXCHANGE INC.,2020-06-30,68377,47800,4628.0,749.0,193194,2737.0,20577,3879.0
COPPER-GRADE #1 - COMMODITY EXCHANGE INC.,2020-07-07,77377,53565,9000.0,5765.0,206843,13649.0,23812,3235.0
COPPER-GRADE #1 - COMMODITY EXCHANGE INC.,2020-07-14,89241,55833,11864.0,2268.0,221410,14567.0,33408,9596.0
COPPER-GRADE #1 - COMMODITY EXCHANGE INC.,2020-07-21,95888,57254,6647.0,1421.0,227565,6155.0,38634,5226.0
COPPER-GRADE #1 - COMMODITY EXCHANGE INC.,2020-07-28,99285,56795,3397.0,-459.0,234724,7159.0,42490,3856.0
COPPER-GRADE #1 - COMMODITY EXCHANGE INC.,2020-08-04,97111,58261,-2174.0,1466.0,232022,-2702.0,38850,-3640.0
COPPER-GRADE #1 - COMMODITY EXCHANGE INC.,2020-08-11,89501,55868,-7610.0,-2393.0,227430,-4592.0,33633,-5217.0
COPPER-GRADE #1 - COMMODITY EXCHANGE INC.,2020-08-18,99975,56457,10474.0,589.0,232581,5151.0,43518,9885.0
COPPER-GRADE #1 - COMMODITY EXCHANGE INC.,2020-08-25,98761,50897,-1214.0,-5560.0,227062,-5519.0,47864,4346.0
COPPER-GRADE #1 - COMMODITY EXCHANGE INC.,2020-09-01,104091,50975,5330.0,78.0,233226,6164.0,53116,5252.0
COPPER-GRADE #1 - COMMODITY EXCHANGE INC.,2020-09-08,105485,49735,1394.0,-1240.0,236149,2923.0,55750,2634.0
COPPER-GRADE #1 - COMMODITY EXCHANGE INC.,2020-09-15,110329,51722,4844.0,1987.0,244071,7922.0,58607,2857.0
COPPER-GRADE #1 - COMMODITY EXCHANGE INC.,2020-09-22,123585,55744,13256.0,4022.0,252360,8289.0,67841,9234.0
COPPER-GRADE #1 - COMMODITY EXCHANGE INC.,2020-09-29,114003,59941,-9582.0,4197.0,236095,-16265.0,54062,-13779.0
COPPER-GRADE #1 - COMMODITY EXCHANGE INC.,2020-10-06,107106,53528,-6897.0,-6413.0,228717,-7378.0,53578,-484.0
COPPER-GRADE #1 - COMMODITY EXCHANGE INC.,2020-10-13,119134,59918,12028.0,6390.0,237283,8566.0,59216,5638.0
COPPER-GRADE #1 - COMMODITY EXCHANGE INC.,2020-10-20,130993,63728,11859.0,3810.0,249001,11718.0,67265,8049.0
COPPER-GRADE #1 - COMMODITY EXCHANGE INC.,2020-10-27,126722,59806,-4271.0,-3922.0,241268,-7733.0,66916,-349.0
COPPER-GRADE #1 - COMMODITY EXCHANGE INC.,2020-11-03,115597,54459,-11125.0,-5347.0,233351,-7917.0,61138,-5778.0
COPPER-GRADE #1 - COMMODITY EXCHANGE INC.,2020-11-10,120398,55329,4801.0,870.0,228128,-5223.0,65069,3931.0
COPPER-GRADE #1 - COMMODITY EXCHANGE INC.,2020-11-17,123701,56539,3303.0,1210.0,228338,210.0,67162,2093.0
COPPER-GRADE #1 - COMMODITY EXCHANGE INC.,2020-11-24,130293,56522,6592.0,-17.0,236644,8306.0,73771,6609.0
COPPER-GRADE #1 - COMMODITY EXCHANGE INC.,2020-12-01,134470,54614,4177.0,-1908.0,240738,4094.0,79856,6085.0
COPPER-GRADE #1 - COMMODITY EXCHANGE INC.,2020-12-08,136878,56839,2408.0,2225.0,242850,2112.0,80039,183.0
COPPER-GRADE #1 - COMMODITY EXCHANGE INC.,2020-12-15,133972,61852,-2906.0,5013.0,244491,1641.0,72120,-7919.0
COPPER-GRADE #1 - COMMODITY EXCHANGE INC.,2020-12-21,133440,62002,-532.0,150.0,248003,3512.0,71438,-682.0
COPPER-GRADE #1 - COMMODITY EXCHANGE INC.,2020-12-29,132395,61114,-1045.0,-888.0,247232,-771.0,71281,-157.0
COPPER-GRADE #1 - COMMODITY EXCHANGE INC.,2021-01-05,135088,65850,2693.0,4736.0,256942,9710.0,69238,-2043.0
COPPER-GRADE #1 - COMMODITY EXCHANGE INC.,2021-01-12,131399,64757,-3689.0,-1093.0,251140,-5802.0,66642,-2596.0
COPPER-GRADE #1 - COMMODITY EXCHANGE INC.,2021-01-19,132237,64131,838.0,-626.0,254998,3858.0,68106,1464.0
COPPER-GRADE #1 - COMMODITY EXCHANGE INC.,2021-01-26,131420,61152,-817.0,-2979.0,256365,1367.0,70268,2162.0
COPPER-GRADE #1 - COMMODITY EXCHANGE INC.,2021-02-02,131607,65261,187.0,4109.0,257036,671.0,66346,-3922.0
COPPER-GRADE #1 - COMMODITY EXCHANGE INC.,2021-02-09,140927,69632,9320.0,4371.0,264096,7060.0,71295,4949.0
COPPER-GRADE #1 - COMMODITY EXCHANGE INC.,2021-02-16,146763,72854,5836.0,3222.0,272276,8180.0,73909,2614.0
COPPER-GRADE #1 - COMMODITY EXCHANGE INC.,2021-02-23,140530,65125,-6233.0,-7729.0,268170,-4106.0,75405,1496.0
COPPER-GRADE #1 - COMMODITY EXCHANGE INC.,2021-03-02,132144,66127,-8386.0,1002.0,251989,-16181.0,66017,-9388.0
COPPER-GRADE #1 - COMMODITY EXCHANGE INC.,2021-03-09,114067,62688,-18077.0,-3439.0,239307,-12682.0,51379,-14638.0
COPPER-GRADE #1 - COMMODITY EXCHANGE INC.,2021-03-16,109118,62739,-4949.0,51.0,239811,504.0,46379,-5000.0
COPPER-GRADE #1 - COMMODITY EXCHANGE INC.,2021-03-23,109933,64525,815.0,1786.0,238358,-1453.0,45408,-971.0
COPPER-GRADE #1 - COMMODITY EXCHANGE INC.,2021-03-30,104500,60633,-5433.0,-3892.0,229202,-9156.0,43867,-1541.0
COPPER-GRADE #1 - COMMODITY EXCHANGE INC.,2021-04-06,109985,66975,5485.0,6342.0,243342,14140.0,43010,-857.0
COPPER-GRADE #1 - COMMODITY EXCHANGE INC.,2021-04-13,104129,68134,-5856.0,1159.0,236602,-6740.0,35995,-7015.0
COPPER-GRADE #1 - COMMODITY EXCHANGE INC.,2021-04-20,109912,67049,5783.0,-1085.0,248509,11907.0,42863,6868.0
COPPER-GRADE #1 - COMMODITY EXCHANGE INC.,2021-04-27,120135,70874,10223.0,3825.0,254183,5674.0,49261,6398.0
COPPER-GRADE #1 - COMMODITY EXCHANGE INC.,2021-05-04,128571,74801,8436.0,3927.0,259609,5426.0,53770,4509.0
COPPER-GRADE #1 - COMMODITY EXCHANGE INC.,2021-05-11,118656,72825,-9915.0,-1976.0,258498,-1111.0,45831,-7939.0
COPPER-GRADE #1 - COMMODITY EXCHANGE INC.,2021-05-18,108903,69925,-9753.0,-2900.0,241354,-17144.0,38978,-6853.0
COPPER-GRADE #1 - COMMODITY EXCHANGE INC.,2021-05-25,94206,70493,-14697.0,568.0,230730,-10624.0,23713,-15265.0
COPPER-GRADE #1 - COMMODITY EXCHANGE INC.,2021-06-01,92238,73715,-1968.0,3222.0,232824,2094.0,18523,-5190.0
COPPER-GRADE #1 - COMMODITY EXCHANGE INC.,2021-06-08,91156,76521,-1082.0,2806.0,234207,1383.0,14635,-3888.0
COPPER-GRADE #1 - COMMODITY EXCHANGE INC.,2021-06-15,90209,79438,-947.0,2917.0,229832,-4375.0,10771,-3864.0
COPPER-GRADE #1 - COMMODITY EXCHANGE INC.,2021-06-22,82540,74854,-7669.0,-4584.0,206167,-23665.0,7686,-3085.0
COPPER-GRADE #1 - COMMODITY EXCHANGE INC.,2021-06-29,83473,72112,933.0,-2742.0,197783,-8384.0,11361,3675.0
COPPER-GRADE #1 - COMMODITY EXCHANGE INC.,2021-07-06,84324,68551,851.0,-3561.0,202781,4998.0,15773,4412.0
COPPER-GRADE #1 - COMMODITY EXCHANGE INC.,2021-07-13,82971,65992,-1353.0,-2559.0,199936,-2845.0,16979,1206.0
COPPER-GRADE #1 - COMMODITY EXCHANGE INC.,2021-07-20,81809,61536,-1162.0,-4456.0,197428,-2508.0,20273,3294.0
COPPER-GRADE #1 - COMMODITY EXCHANGE INC.,2021-07-27,92484,55133,10675.0,-6403.0,208816,11388.0,37351,17078.0
COPPER-GRADE #1 - COMMODITY EXCHANGE INC.,2021-08-03,91973,56913,-511.0,1780.0,211071,2255.0,35060,-2291.0
COPPER-GRADE #1 - COMMODITY EXCHANGE INC.,2021-08-10,88960,59929,-3013.0,3016.0,199899,-11172.0,29031,-6029.0
COPPER-GRADE #1 - COMMODITY EXCHANGE INC.,2021-08-17,85953,65873,-3007.0,5944.0,208878,8979.0,20080,-8951.0
COPPER-GRADE #1 - COMMODITY EXCHANGE INC.,2021-08-24,73890,65266,-12063.0,-607.0,192968,-15910.0,8624,-11456.0
COPPER-GRADE #1 - COMMODITY EXCHANGE INC.,2021-08-31,78177,56270,4287.0,-8996.0,190030,-2938.0,21907,13283.0
COPPER-GRADE #1 - COMMODITY EXCHANGE INC.,2021-09-07,78326,54734,149.0,-1536.0,190379,349.0,23592,1685.0
COPPER-GRADE #1 - COMMODITY EXCHANGE INC.,2021-09-14,81223,52444,2897.0,-2290.0,192156,1777.0,28779,5187.0
COPPER-GRADE #1 - COMMODITY EXCHANGE INC.,2021-09-21,78931,59661,-2292.0,7217.0,190659,-1497.0,19270,-9509.0
COPPER-GRADE #1 - COMMODITY EXCHANGE INC.,2021-09-28,78291,59714,-640.0,53.0,184988,-5671.0,18577,-693.0
COPPER-GRADE #1 - COMMODITY EXCHANGE INC.,2021-10-05,76437,62020,-1854.0,2306.0,185655,667.0,14417,-4160.0
COPPER-GRADE #1 - COMMODITY EXCHANGE INC.,2021-10-12,83816,61335,7379.0,-685.0,194817,9162.0,22481,8064.0
COPPER-GRADE #1 - COMMODITY EXCHANGE INC.,2021-10-19,103496,62912,19680.0,1577.0,225225,30408.0,40584,18103.0
COPPER-GRADE #1 - COMMODITY EXCHANGE INC.,2021-10-26,98232,60953,-5264.0,-1959.0,222927,-2298.0,37279,-3305.0
COPPER-GRADE #1 - COMMODITY EXCHANGE INC.,2021-11-02,88632,56297,-9600.0,-4656.0,217216,-5711.0,32335,-4944.0
COPPER-GRADE #1 - COMMODITY EXCHANGE INC.,2021-11-09,82781,59992,-5851.0,3695.0,213365,-3851.0,22789,-9546.0
COPPER-GRADE #1 - COMMODITY EXCHANGE INC.,2021-11-16,81599,61262,-1182.0,1270.0,208066,-5299.0,20337,-2452.0
COPPER-GRADE #1 - COMMODITY EXCHANGE INC.,2021-11-23,71699,57977,-9900.0,-3285.0,190681,-17385.0,13722,-6615.0
COPPER-GRADE #1 - COMMODITY EXCHANGE INC.,2021-11-30,68310,59119,-3389.0,1142.0,184214,-6467.0,9191,-4531.0
COPPER-GRADE #1 - COMMODITY EXCHANGE INC.,2021-12-07,63403,56199,-4907.0,-2920.0,173954,-10260.0,7204,-1987.0
COPPER-GRADE #1 - COMMODITY EXCHANGE INC.,2021-12-14,62990,56293,-413.0,94.0,171976,-1978.0,6697,-507.0
COPPER-GRADE #1 - COMMODITY EXCHANGE INC.,2021-12-21,60983,56546,-2007.0,253.0,170353,-1623.0,4437,-2260.0
COPPER-GRADE #1 - COMMODITY EXCHANGE INC.,2021-12-28,70980,56597,9997.0,51.0,180736,10383.0,14383,9946.0
COPPER-GRADE #1 - COMMODITY EXCHANGE INC.,2022-01-04,75207,55448,4227.0,-1149.0,185905,5169.0,19759,5376.0
COPPER-GRADE #1 - COMMODITY EXCHANGE INC.,2022-01-11,73808,57102,-1399.0,1654.0,189678,3773.0,16706,-3053.0
COPPER-GRADE #1 - COMMODITY EXCHANGE INC.,2022-01-18,77673,55363,3865.0,-1739.0,203198,13520.0,22310,5604.0
COPPER-GRADE #1 - COMMODITY EXCHANGE INC.,2022-01-25,78616,52135,943.0,-3228.0,205771,2573.0,26481,4171.0
COPPER-GRADE #1 - COMMODITY EXCHANGE INC.,2022-02-01,68984,52829,-9632.0,694.0,198437,-7334.0,16155,-10326.0
COPPER- #1 - COMMODITY EXCHANGE INC.,2022-02-08,74302,55447,5318.0,2618.0,201860,3423.0,18855,2700.0
COPPER- #1 - COMMODITY EXCHANGE INC.,2022-02-15,84415,53723,10113.0,-1724.0,210089,8229.0,30692,11837.0
COPPER- #1 - COMMODITY EXCHANGE INC.,2022-02-22,80940,55365,-3475.0,1642.0,204123,-5966.0,25575,-5117.0
COPPER- #1 - COMMODITY EXCHANGE INC.,2022-03-01,75526,53433,-5414.0,-1932.0,195398,-8725.0,22093,-3482.0
COPPER- #1 - COMMODITY EXCHANGE INC.,2022-03-08,87744,55925,12218.0,2492.0,198844,3446.0,31819,9726.0
COPPER- #1 - COMMODITY EXCHANGE INC.,2022-03-15,73338,54308,-14406.0,-1617.0,183170,-15674.0,19030,-12789.0
COPPER- #1 - COMMODITY EXCHANGE INC.,2022-03-22,81523,54711,8185.0,403.0,197244,14074.0,26812,7782.0
COPPER- #1 - COMMODITY EXCHANGE INC.,2022-03-29,86553,55972,5030.0,1261.0,203692,6448.0,30581,3769.0
COPPER- #1 - COMMODITY EXCHANGE INC.,2022-04-05,90779,54637,4226.0,-1335.0,216157,12465.0,36142,5561.0
COPPER- #1 - COMMODITY EXCHANGE INC.,2022-04-12,81940,58590,-8839.0,3953.0,204825,-11332.0,23350,-12792.0
COPPER- #1 - COMMODITY EXCHANGE INC.,2022-04-19,83261,64421,1321.0,5831.0,203896,-929.0,18840,-4510.0
COPPER- #1 - COMMODITY EXCHANGE INC.,2022-04-26,70659,74444,-12602.0,10023.0,193763,-10133.0,-3785,-22625.0
COPPER- #1 - COMMODITY EXCHANGE INC.,2022-05-03,65590,81213,-5069.0,6769.0,185255,-8508.0,-15623,-11838.0
COPPER- #1 - COMMODITY EXCHANGE INC.,2022-05-10,57510,80136,-8080.0,-1077.0,184502,-753.0,-22626,-7003.0
COPPER- #1 - COMMODITY EXCHANGE INC.,2022-05-17,53159,77567,-4351.0,-2569.0,189483,4981.0,-24408,-1782.0
COPPER- #1 - COMMODITY EXCHANGE INC.,2022-05-24,54130,73763,971.0,-3804.0,186433,-3050.0,-19633,4775.0
COPPER- #1 - COMMODITY EXCHANGE INC.,2022-05-31,53404,71429,-726.0,-2334.0,189923,3490.0,-18025,1608.0
COPPER- #1 - COMMODITY EXCHANGE INC.,2022-06-07,58232,61946,4828.0,-9483.0,194187,4264.0,-3714,14311.0
COPPER- #1 - COMMODITY EXCHANGE INC.,2022-06-14,51077,64874,-7155.0,2928.0,187247,-6940.0,-13797,-10083.0
COPPER- #1 - COMMODITY EXCHANGE INC.,2022-06-21,50230,71168,-847.0,6294.0,187170,-77.0,-20938,-7141.0
COPPER- #1 - COMMODITY EXCHANGE INC.,2022-06-28,47782,78478,-2448.0,7310.0,182352,-4818.0,-30696,-9758.0
COPPER- #1 - COMMODITY EXCHANGE INC.,2022-07-05,54073,85869,6291.0,7391.0,183331,979.0,-31796,-1100.0
COPPER- #1 - COMMODITY EXCHANGE INC.,2022-07-12,52623,78918,-1450.0,-6951.0,172037,-11294.0,-26295,5501.0
COPPER- #1 - COMMODITY EXCHANGE INC.,2022-07-19,52000,75836,-623.0,-3082.0,174592,2555.0,-23836,2459.0
COPPER- #1 - COMMODITY EXCHANGE INC.,2022-07-26,52377,78939,377.0,3103.0,183958,9366.0,-26562,-2726.0
COPPER- #1 - COMMODITY EXCHANGE INC.,2022-08-02,50317,77723,-2060.0,-1216.0,184441,483.0,-27406,-844.0
COPPER- #1 - COMMODITY EXCHANGE INC.,2022-08-09,49477,77954,-840.0,231.0,187988,3547.0,-28477,-1071.0
COPPER- #1 - COMMODITY EXCHANGE INC.,2022-08-16,46797,75017,-2680.0,-2937.0,183500,-4488.0,-28220,257.0
COPPER- #1 - COMMODITY EXCHANGE INC.,2022-08-23,50210,69200,3413.0,-5817.0,173145,-10355.0,-18990,9230.0
COPPER- #1 - COMMODITY EXCHANGE INC.,2022-08-30,46105,69360,-4105.0,160.0,158390,-14755.0,-23255,-4265.0
COPPER- #1 - COMMODITY EXCHANGE INC.,2022-09-06,46581,70571,476.0,1211.0,160251,1861.0,-23990,-735.0
COPPER- #1 - COMMODITY EXCHANGE INC.,2022-09-13,44574,63560,-2007.0,-7011.0,157900,-2351.0,-18986,5004.0
COPPER- #1 - COMMODITY EXCHANGE INC.,2022-09-20,46773,67059,2199.0,3499.0,163058,5158.0,-20286,-1300.0
COPPER- #1 - COMMODITY EXCHANGE INC.,2022-09-27,50726,78482,3953.0,11423.0,173661,10603.0,-27756,-7470.0
COPPER- #1 - COMMODITY EXCHANGE INC.,2022-10-04,50470,68721,-256.0,-9761.0,166161,-7500.0,-18251,9505.0
COPPER- #1 - COMMODITY EXCHANGE INC.,2022-10-11,51021,66920,551.0,-1801.0,167449,1288.0,-15899,2352.0
COPPER- #1 - COMMODITY EXCHANGE INC.,2022-10-18,49335,69637,-1686.0,2717.0,178730,11281.0,-20302,-4403.0
COPPER- #1 - COMMODITY EXCHANGE INC.,2022-10-25,50000,66919,665.0,-2718.0,179344,614.0,-16919,3383.0
COPPER- #1 - COMMODITY EXCHANGE INC.,2022-11-01,50738,58222,738.0,-8697.0,179801,457.0,-7484,9435.0
COPPER- #1 - COMMODITY EXCHANGE INC.,2022-11-08,55028,52115,4290.0,-6107.0,169929,-9872.0,2913,10397.0
COPPER- #1 - COMMODITY EXCHANGE INC.,2022-11-15,60730,50909,5702.0,-1206.0,168962,-967.0,9821,6908.0
COPPER- #1 - COMMODITY EXCHANGE INC.,2022-11-22,52701,49597,-8029.0,-1312.0,155127,-13835.0,3104,-6717.0
COPPER- #1 - COMMODITY EXCHANGE INC.,2022-11-29,51433,49449,-1268.0,-148.0,146760,-8367.0,1984,-1120.0
COPPER- #1 - COMMODITY EXCHANGE INC.,2022-12-06,55496,53817,4063.0,4368.0,158762,12002.0,1679,-305.0
COPPER- #1 - COMMODITY EXCHANGE INC.,2022-12-13,58057,55501,2561.0,1684.0,162191,3429.0,2556,877.0
COPPER- #1 - COMMODITY EXCHANGE INC.,2022-12-20,55940,55165,-2117.0,-336.0,156204,-5987.0,775,-1781.0
COPPER- #1 - COMMODITY EXCHANGE INC.,2022-12-27,58470,57746,2530.0,2581.0,160334,4130.0,724,-51.0
COPPER- #1 - COMMODITY EXCHANGE INC.,2023-01-03,57191,61866,-1279.0,4120.0,164594,4260.0,-4675,-5399.0
COPPER- #1 - COMMODITY EXCHANGE INC.,2023-01-10,74753,64526,17562.0,2660.0,186383,21789.0,10227,14902.0
COPPER- #1 - COMMODITY EXCHANGE INC.,2023-01-17,84910,68672,10157.0,4146.0,201455,15072.0,16238,6011.0
COPPER- #1 - COMMODITY EXCHANGE INC.,2023-01-24,87941,67771,3031.0,-901.0,213398,11943.0,20170,3932.0
COPPER- #1 - COMMODITY EXCHANGE INC.,2023-01-31,85410,68195,-2531.0,424.0,224824,11426.0,17215,-2955.0
COPPER- #1 - COMMODITY EXCHANGE INC.,2023-02-07,75474,72969,-9936.0,4774.0,222502,-2322.0,2505,-14710.0
COPPER- #1 - COMMODITY EXCHANGE INC.,2023-02-14,67285,72796,-8189.0,-173.0,218099,-4403.0,-5511,-8016.0
COPPER- #1 - COMMODITY EXCHANGE INC.,2023-02-21,73395,71346,6110.0,-1450.0,219205,1106.0,2049,7560.0
COPPER- #1 - COMMODITY EXCHANGE INC.,2023-02-28,60680,66718,-12715.0,-4628.0,196143,-23062.0,-6038,-8087.0
COPPER- #1 - COMMODITY EXCHANGE INC.,2023-03-07,64858,72578,4178.0,5860.0,210430,14287.0,-7720,-1682.0
COPPER- #1 - COMMODITY EXCHANGE INC.,2023-03-14,54088,68244,-10770.0,-4334.0,205997,-4433.0,-14156,-6436.0
COPPER- #1 - COMMODITY EXCHANGE INC.,2023-03-21,51095,63446,-2993.0,-4798.0,201636,-4361.0,-12351,1805.0
COPPER- #1 - COMMODITY EXCHANGE INC.,2023-03-28,56595,58140,5500.0,-5306.0,211889,10253.0,-1545,10806.0
COPPER- #1 - COMMODITY EXCHANGE INC.,2023-04-04,60538,63492,3943.0,5352.0,218687,6798.0,-2954,-1409.0
COPPER- #1 - COMMODITY EXCHANGE INC.,2023-04-11,56063,60366,-4475.0,-3126.0,209501,-9186.0,-4303,-1349.0
COPPER- #1 - COMMODITY EXCHANGE INC.,2023-04-18,67262,58328,11199.0,-2038.0,206216,-3285.0,8934,13237.0
COPPER- #1 - COMMODITY EXCHANGE INC.,2023-04-25,57224,74266,-10038.0,15938.0,202422,-3794.0,-17042,-25976.0
COPPER- #1 - COMMODITY EXCHANGE INC.,2023-05-02,54308,76050,-2916.0,1784.0,195462,-6960.0,-21742,-4700.0
COPPER- #1 - COMMODITY EXCHANGE INC.,2023-05-09,55131,79996,823.0,3946.0,194243,-1219.0,-24865,-3123.0
COPPER- #1 - COMMODITY EXCHANGE INC.,2023-05-16,59693,92300,4562.0,12304.0,210415,16172.0,-32607,-7742.0
COPPER- #1 - COMMODITY EXCHANGE INC.,2023-05-23,61463,91271,1770.0,-1029.0,215394,4979.0,-29808,2799.0
COPPER- #1 - COMMODITY EXCHANGE INC.,2023-05-30,55099,90801,-6364.0,-470.0,223185,7791.0,-35702,-5894.0
COPPER- #1 - COMMODITY EXCHANGE INC.,2023-06-06,56660,82616,1561.0,-8185.0,229756,6571.0,-25956,9746.0
COPPER- #1 - COMMODITY EXCHANGE INC.,2023-06-13,61293,74199,4633.0,-8417.0,211957,-17799.0,-12906,13050.0
COPPER- #1 - COMMODITY EXCHANGE INC.,2023-06-20,64740,62852,3447.0,-11347.0,204399,-7558.0,1888,14794.0
COPPER- #1 - COMMODITY EXCHANGE INC.,2023-06-27,64514,61574,-226.0,-1278.0,194048,-10351.0,2940,1052.0
COPPER- #1 - COMMODITY EXCHANGE INC.,2023-07-03,59016,67778,-5498.0,6204.0,187371,-6677.0,-8762,-11702.0
COPPER- #1 - COMMODITY EXCHANGE INC.,2023-07-11,59389,70546,373.0,2768.0,197785,10414.0,-11157,-2395.0
COPPER- #1 - COMMODITY EXCHANGE INC.,2023-07-18,67321,70871,7932.0,325.0,216862,19077.0,-3550,7607.0
COPPER- #1 - COMMODITY EXCHANGE INC.,2023-07-25,73743,72584,6422.0,1713.0,234713,17851.0,1159,4709.0
COPPER- #1 - COMMODITY EXCHANGE INC.,2023-08-01,80399,69655,6656.0,-2929.0,236399,1686.0,10744,9585.0
COPPER- #1 - COMMODITY EXCHANGE INC.,2023-08-08,71247,81304,-9152.0,11649.0,228537,-7862.0,-10057,-20801.0
COPPER- #1 - COMMODITY EXCHANGE INC.,2023-08-15,67401,93099,-3846.0,11795.0,224215,-4322.0,-25698,-15641.0
COPPER- #1 - COMMODITY EXCHANGE INC.,2023-08-22,63905,88520,-3496.0,-4579.0,211645,-12570.0,-24615,1083.0
COPPER- #1 - COMMODITY EXCHANGE INC.,2023-08-29,62624,79240,-1281.0,-9280.0,190629,-21016.0,-16616,7999.0
COPPER- #1 - COMMODITY EXCHANGE INC.,2023-09-05,67118,73888,4494.0,-5352.0,193597,2968.0,-6770,9846.0
COPPER- #1 - COMMODITY EXCHANGE INC.,2023-09-12,67333,79667,215.0,5779.0,196198,2601.0,-12334,-5564.0
COPPER- #1 - COMMODITY EXCHANGE INC.,2023-09-19,68244,84544,911.0,4877.0,201097,4899.0,-16300,-3966.0
COPPER- #1 - COMMODITY EXCHANGE INC.,2023-09-26,70663,99442,2419.0,14898.0,216031,14934.0,-28779,-12479.0
COPPER- #1 - COMMODITY EXCHANGE INC.,2023-10-03,69273,91185,-1390.0,-8257.0,208795,-7236.0,-21912,6867.0
COPPER- #1 - COMMODITY EXCHANGE INC.,2023-10-10,66679,81434,-2594.0,-9751.0,201214,-7581.0,-14755,7157.0
COPPER- #1 - COMMODITY EXCHANGE INC.,2023-10-17,71673,97562,4994.0,16128.0,220619,19405.0,-25889,-11134.0
COPPER- #1 - COMMODITY EXCHANGE INC.,2023-10-24,71848,92608,175.0,-4954.0,224704,4085.0,-20760,5129.0
COPPER- #1 - COMMODITY EXCHANGE INC.,2023-10-31,69909,87070,-1939.0,-5538.0,222566,-2138.0,-17161,3599.0
COPPER- #1 - COMMODITY EXCHANGE INC.,2023-11-07,66053,76341,-3856.0,-10729.0,213615,-8951.0,-10288,6873.0
COPPER- #1 - COMMODITY EXCHANGE INC.,2023-11-14,61976,78584,-4077.0,2243.0,206072,-7543.0,-16608,-6320.0
COPPER- #1 - COMMODITY EXCHANGE INC.,2023-11-21,64822,68365,2846.0,-10219.0,187077,-18995.0,-3543,13065.0
COPPER- #1 - COMMODITY EXCHANGE INC.,2023-11-28,62749,66621,-2073.0,-1744.0,173233,-13844.0,-3872,-329.0
COPPER- #1 - COMMODITY EXCHANGE INC.,2023-12-05,62780,64774,31.0,-1847.0,176373,3140.0,-1994,1878.0
COPPER- #1 - COMMODITY EXCHANGE INC.,2023-12-12,65630,69634,2850.0,4860.0,176034,-339.0,-4004,-2010.0
COPPER- #1 - COMMODITY EXCHANGE INC.,2023-12-19,74637,69078,9007.0,-556.0,189537,13503.0,5559,9563.0
COPPER- #1 - COMMODITY EXCHANGE INC.,2023-12-26,73086,66009,-1551.0,-3069.0,189731,194.0,7077,1518.0
COPPER- #1 - COMMODITY EXCHANGE INC.,2024-01-02,70594,61977,-2492.0,-4032.0,190752,1021.0,8617,1540.0
COPPER- #1 - COMMODITY EXCHANGE INC.,2024-01-09,64262,77429,-6332.0,15452.0,206716,15964.0,-13167,-21784.0
COPPER- #1 - COMMODITY EXCHANGE INC.,2024-01-16,62408,87714,-1854.0,10285.0,219315,12599.0,-25306,-12139.0
COPPER- #1 - COMMODITY EXCHANGE INC.,2024-01-23,66369,96292,3961.0,8578.0,233110,13795.0,-29923,-4617.0
COPPER- #1 - COMMODITY EXCHANGE INC.,2024-01-30,71100,79698,4731.0,-16594.0,229699,-3411.0,-8598,21325.0
COPPER- #1 - COMMODITY EXCHANGE INC.,2024-02-06,71283,84993,183.0,5295.0,245784,16085.0,-13710,-5112.0
COPPER- #1 - COMMODITY EXCHANGE INC.,2024-02-13,78229,110926,6946.0,25933.0,257761,11977.0,-32697,-18987.0
COPPER- #1 - COMMODITY EXCHANGE INC.,2024-02-20,79941,95883,1712.0,-15043.0,229777,-27984.0,-15942,16755.0
COPPER- #1 - COMMODITY EXCHANGE INC.,2024-02-27,69673,71276,-10268.0,-24607.0,189805,-39972.0,-1603,14339.0
COPPER- #1 - COMMODITY EXCHANGE INC.,2024-03-05,70970,76297,1297.0,5021.0,198561,8756.0,-5327,-3724.0
COPPER- #1 - COMMODITY EXCHANGE INC.,2024-03-12,87439,82012,16469.0,5715.0,219445,20884.0,5427,10754.0
COPPER- #1 - COMMODITY EXCHANGE INC.,2024-03-19,124316,92391,36877.0,10379.0,269690,50245.0,31925,26498.0
COPPER- #1 - COMMODITY EXCHANGE INC.,2024-03-26,120771,97688,-3545.0,5297.0,280731,11041.0,23083,-8842.0
COPPER- #1 - COMMODITY EXCHANGE INC.,2024-04-02,126866,106570,6095.0,8882.0,293955,13224.0,20296,-2787.0
COPPER- #1 - COMMODITY EXCHANGE INC.,2024-04-09,144572,101878,17706.0,-4692.0,301181,7226.0,42694,22398.0
COPPER- #1 - COMMODITY EXCHANGE INC.,2024-04-16,144590,97021,18.0,-4857.0,299220,-1961.0,47569,4875.0
COPPER- #1 - COMMODITY EXCHANGE INC.,2024-04-23,149013,90619,4423.0,-6402.0,308479,9259.0,58394,10825.0
COPPER- #1 - COMMODITY EXCHANGE INC.,2024-04-30,152807,94743,3794.0,4124.0,293492,-14987.0,58064,-330.0
COPPER- #1 - COMMODITY EXCHANGE INC.,2024-05-07,160147,97499,7340.0,2756.0,300392,6900.0,62648,4584.0
COPPER- #1 - COMMODITY EXCHANGE INC.,2024-05-14,163662,101882,3515.0,4383.0,316141,15749.0,61780,-868.0
COPPER- #1 - COMMODITY EXCHANGE INC.,2024-05-21,162887,91193,-775.0,-10689.0,303409,-12732.0,71694,9914.0
COPPER- #1 - COMMODITY EXCHANGE INC.,2024-05-28,153739,88217,-9148.0,-2976.0,298839,-4570.0,65522,-6172.0
COPPER- #1 - COMMODITY EXCHANGE INC.,2024-06-04,142712,81585,-11027.0,-6632.0,283719,-15120.0,61127,-4395.0
COPPER- #1 - COMMODITY EXCHANGE INC.,2024-06-11,139013,77725,-3699.0,-3860.0,270090,-13629.0,61288,161.0
COPPER- #1 - COMMODITY EXCHANGE INC.,2024-06-18,133890,81269,-5123.0,3544.0,265935,-4155.0,52621,-8667.0
COPPER- #1 - COMMODITY EXCHANGE INC.,2024-06-25,134798,84672,908.0,3403.0,255809,-10126.0,50126,-2495.0
COPPER- #1 - COMMODITY EXCHANGE INC.,2024-07-02,135243,86020,445.0,1348.0,256039,230.0,49223,-903.0
COPPER- #1 - COMMODITY EXCHANGE INC.,2024-07-09,141237,85206,5994.0,-814.0,263869,7830.0,56031,6808.0
COPPER- #1 - COMMODITY EXCHANGE INC.,2024-07-16,139774,80874,-1463.0,-4332.0,270330,6461.0,58900,2869.0
COPPER- #1 - COMMODITY EXCHANGE INC.,2024-07-23,117236,75016,-22538.0,-5858.0,254535,-15795.0,42220,-16680.0
COPPER- #1 - COMMODITY EXCHANGE INC.,2024-07-30,102957,78482,-14279.0,3466.0,260246,5711.0,24475,-17745.0
COPPER- #1 - COMMODITY EXCHANGE INC.,2024-08-06,88598,69000,-14359.0,-9482.0,249019,-11227.0,19598,-4877.0
COPPER- #1 - COMMODITY EXCHANGE INC.,2024-08-13,86013,70216,-2585.0,1216.0,229752,-19267.0,15797,-3801.0
COPPER- #1 - COMMODITY EXCHANGE INC.,2024-08-20,91835,71561,5822.0,1345.0,228892,-860.0,20274,4477.0
COPPER- #1 - COMMODITY EXCHANGE INC.,2024-08-27,89063,71918,-2772.0,357.0,214577,-14315.0,17145,-3129.0
COPPER- #1 - COMMODITY EXCHANGE INC.,2024-09-03,77290,64329,-11773.0,-7589.0,201953,-12624.0,12961,-4184.0
COPPER- #1 - COMMODITY EXCHANGE INC.,2024-09-10,74754,61942,-2536.0,-2387.0,203377,1424.0,12812,-149.0
COPPER- #1 - COMMODITY EXCHANGE INC.,2024-09-17,79235,59553,4481.0,-2389.0,204717,1340.0,19682,6870.0
COPPER- #1 - COMMODITY EXCHANGE INC.,2024-09-24,96262,63132,17027.0,3579.0,226141,21424.0,33130,13448.0
COPPER- #1 - COMMODITY EXCHANGE INC.,2024-10-01,108421,65229,12159.0,2097.0,240587,14446.0,43192,10062.0
COPPER- #1 - COMMODITY EXCHANGE INC.,2024-10-08,105252,62156,-3169.0,-3073.0,241373,786.0,43096,-96.0
COPPER- #1 - COMMODITY EXCHANGE INC.,2024-10-15,99036,63514,-6216.0,1358.0,242791,1418.0,35522,-7574.0
COPPER- #1 - COMMODITY EXCHANGE INC.,2024-10-22,100002,67547,966.0,4033.0,242120,-671.0,32455,-3067.0
COPPER- #1 - COMMODITY EXCHANGE INC.,2024-10-29,96844,73105,-3158.0,5558.0,247710,5590.0,23739,-8716.0
COPPER- #1 - COMMODITY EXCHANGE INC.,2024-11-05,101996,78326,5152.0,5221.0,251994,4284.0,23670,-69.0
COPPER- #1 - COMMODITY EXCHANGE INC.,2024-11-12,93941,73096,-8055.0,-5230.0,232280,-19714.0,20845,-2825.0
COPPER- #1 - COMMODITY EXCHANGE INC.,2024-11-19,87842,72400,-6099.0,-696.0,223447,-8833.0,15442,-5403.0
COPPER- #1 - COMMODITY EXCHANGE INC.,2024-11-26,83268,73343,-4574.0,943.0,203954,-19493.0,9925,-5517.0
COPPER- #1 - COMMODITY EXCHANGE INC.,2024-12-03,86478,76012,3210.0,2669.0,213182,9228.0,10466,541.0
COPPER- #1 - COMMODITY EXCHANGE INC.,2024-12-10,84585,73626,-1893.0,-2386.0,208126,-5056.0,10959,493.0
COPPER- #1 - COMMODITY EXCHANGE INC.,2024-12-17,81540,75600,-3045.0,1974.0,207513,-613.0,5940,-5019.0
COPPER- #1 - COMMODITY EXCHANGE INC.,2024-12-24,83076,81272,1536.0,5672.0,213742,6229.0,1804,-4136.0
COPPER- #1 - COMMODITY EXCHANGE INC.,2024-12-31,88300,87541,5224.0,6269.0,219739,5997.0,759,-1045.0
COPPER- #1 - COMMODITY EXCHANGE INC.,2025-01-07,89586,85316,1286.0,-2225.0,218477,-1262.0,4270,3511.0
COPPER- #1 - COMMODITY EXCHANGE INC.,2025-01-14,84904,73066,-4682.0,-12250.0,209052,-9425.0,11838,7568.0
COPPER- #1 - COMMODITY EXCHANGE INC.,2025-01-21,88855,72192,3951.0,-874.0,217298,8246.0,16663,4825.0
COPPER- #1 - COMMODITY EXCHANGE INC.,2025-01-28,86831,73786,-2024.0,1594.0,234867,17569.0,13045,-3618.0
COPPER- #1 - COMMODITY EXCHANGE INC.,2025-02-04,92002,76581,5171.0,2795.0,235599,732.0,15421,2376.0
COPPER- #1 - COMMODITY EXCHANGE INC.,2025-02-11,104032,83136,12030.0,6555.0,243961,8362.0,20896,5475.0
COPPER- #1 - COMMODITY EXCHANGE INC.,2025-02-18,101470,79407,-2562.0,-3729.0,238331,-5630.0,22063,1167.0
COPPER- #1 - COMMODITY EXCHANGE INC.,2025-02-25,91757,72735,-9713.0,-6672.0,222133,-16198.0,19022,-3041.0
COPPER- #1 - COMMODITY EXCHANGE INC.,2025-03-04,88987,75975,-2770.0,3240.0,218780,-3353.0,13012,-6010.0
COPPER- #1 - COMMODITY EXCHANGE INC.,2025-03-11,94929,76331,5942.0,356.0,227359,8579.0,18598,5586.0
COPPER- #1 - COMMODITY EXCHANGE INC.,2025-03-18,101076,75884,6147.0,-447.0,237882,10523.0,25192,6594.0
COPPER- #1 - COMMODITY EXCHANGE INC.,2025-03-25,106085,71981,5009.0,-3903.0,251957,14075.0,34104,8912.0
COPPER- #1 - COMMODITY EXCHANGE INC.,2025-04-01,94101,64076,-11984.0,-7905.0,245181,-6776.0,30025,-4079.0
COPPER- #1 - COMMODITY EXCHANGE INC.,2025-04-08,81213,56972,-12888.0,-7104.0,220390,-24791.0,24241,-5784.0
COPPER- #1 - COMMODITY EXCHANGE INC.,2025-04-15,75462,55985,-5751.0,-987.0,202997,-17393.0,19477,-4764.0
COPPER- #1 - COMMODITY EXCHANGE INC.,2025-04-22,78607,53842,3145.0,-2143.0,196712,-6285.0,24765,5288.0
COPPER- #1 - COMMODITY EXCHANGE INC.,2025-04-29,71612,52243,-6995.0,-1599.0,191990,-4722.0,19369,-5396.0
COPPER- #1 - COMMODITY EXCHANGE INC.,2025-05-06,71777,50074,165.0,-2169.0,192752,762.0,21703,2334.0
COPPER- #1 - COMMODITY EXCHANGE INC.,2025-05-13,71926,50404,149.0,330.0,195840,3088.0,21522,-181.0
COPPER- #1 - COMMODITY EXCHANGE INC.,2025-05-20,69015,47977,-2911.0,-2427.0,205105,9265.0,21038,-484.0
COPPER- #1 - COMMODITY EXCHANGE INC.,2025-05-27,69944,47363,929.0,-614.0,208601,3496.0,22581,1543.0
COPPER- #1 - COMMODITY EXCHANGE INC.,2025-06-03,71249,47155,1305.0,-208.0,211857,3256.0,24094,1513.0
COPPER- #1 - COMMODITY EXCHANGE INC.,2025-06-10,72101,45750,852.0,-1405.0,207359,-4498.0,26351,2257.0
COPPER- #1 - COMMODITY EXCHANGE INC.,2025-06-17,66538,42738,-5563.0,-3012.0,202728,-4631.0,23800,-2551.0
COPPER- #1 - COMMODITY EXCHANGE INC.,2025-06-24,70781,41348,4243.0,-1390.0,203404,676.0,29433,5633.0
COPPER- #1 - COMMODITY EXCHANGE INC.,2025-07-01,74625,40935,3844.0,-413.0,212300,8896.0,33690,4257.0
COPPER- #1 - COMMODITY EXCHANGE INC.,2025-07-08,80843,41239,6218.0,304.0,230251,17951.0,39604,5914.0
COPPER- #1 - COMMODITY EXCHANGE INC.,2025-07-15,75423,34699,-5420.0,-6540.0,224583,-5668.0,40724,1120.0
COPPER- #1 - COMMODITY EXCHANGE INC.,2025-07-22,77637,37815,2214.0,3116.0,228192,3609.0,39822,-902.0
COPPER- #1 - COMMODITY EXCHANGE INC.,2025-07-29,74650,37303,-2987.0,-512.0,228444,252.0,37347,-2475.0
COPPER- #1 - COMMODITY EXCHANGE INC.,2025-08-05,54929,34243,-19721.0,-3060.0,197933,-30511.0,20686,-16661.0
COPPER- #1 - COMMODITY EXCHANGE INC.,2025-08-12,58802,30591,3873.0,-3652.0,193751,-4182.0,28211,7525.0
COPPER- #1 - COMMODITY EXCHANGE INC.,2025-08-19,56691,30659,-2111.0,68.0,195080,1329.0,26032,-2179.0
COPPER- #1 - COMMODITY EXCHANGE INC.,2025-08-26,56762,30532,71.0,-127.0,190049,-5031.0,26230,198.0
COPPER- #1 - COMMODITY EXCHANGE INC.,2025-09-02,61044,35386,4282.0,4854.0,195673,5624.0,25658,-572.0
COPPER- #1 - COMMODITY EXCHANGE INC.,2025-09-09,64293,37052,3249.0,1666.0,208356,12683.0,27241,1583.0
COPPER- #1 - COMMODITY EXCHANGE INC.,2025-09-16,69370,39022,5077.0,1970.0,221011,12655.0,30348,3107.0
COPPER- #1 - COMMODITY EXCHANGE INC.,2025-09-23,72751,42521,3381.0,3499.0,227318,6307.0,30230,-118.0
COPPER- #1 - COMMODITY EXCHANGE INC.,2025-09-30,79411,46845,6660.0,4324.0,230658,3340.0,32566,2336.0
COPPER- #1 - COMMODITY EXCHANGE INC.,2025-10-07,92520,53451,13109.0,6606.0,250850,20192.0,39069,6503.0
COPPER- #1 - COMMODITY EXCHANGE INC.,2025-10-14,93543,50916,1023.0,-2535.0,252089,1239.0,42627,3558.0
COPPER- #1 - COMMODITY EXCHANGE INC.,2025-10-21,89766,48555,-3777.0,-2361.0,258680,6591.0,41211,-1416.0
COPPER- #1 - COMMODITY EXCHANGE INC.,2025-10-28,97902,48808,8136.0,253.0,272068,13388.0,49094,7883.0
COPPER- #1 - COMMODITY EXCHANGE INC.,2025-11-04,103012,46637,5110.0,-2171.0,269926,-2142.0,56375,7281.0
COPPER- #1 - COMMODITY EXCHANGE INC.,2025-11-10,102708,47182,-304.0,545.0,265474,-4452.0,55526,-849.0
COPPER- #1 - COMMODITY EXCHANGE INC.,2025-11-18,99639,47680,-3069.0,498.0,251537,-13937.0,51959,-3567.0
COPPER- #1 - COMMODITY EXCHANGE INC.,2025-11-25,92120,48483,-7519.0,803.0,233461,-18076.0,43637,-8322.0
COPPER- #1 - COMMODITY EXCHANGE INC.,2025-12-02,98832,45419,6712.0,-3064.0,242931,9470.0,53413,9776.0
COPPER- #1 - COMMODITY EXCHANGE INC.,2025-12-09,106848,44369,8016.0,-1050.0,250821,7890.0,62479,9066.0
COPPER- #1 - COMMODITY EXCHANGE INC.,2025-12-16,108316,43490,1468.0,-879.0,256887,6066.0,64826,2347.0
COPPER- #1 - COMMODITY EXCHANGE INC.,2025-12-23,108078,40990,-238.0,-2500.0,267343,10456.0,67088,2262.0
COPPER- #1 - COMMODITY EXCHANGE INC.,2025-12-30,102775,42936,-5303.0,1946.0,260139,-7204.0,59839,-7249.0
COPPER- #1 - COMMODITY EXCHANGE INC.,2026-01-06,101724,43866,-1051.0,930.0,267027,6888.0,57858,-1981.0
COPPER- #1 - COMMODITY EXCHANGE INC.,2026-01-13,97415,43974,-4309.0,108.0,269813,2786.0,53441,-4417.0
COPPER- #1 - COMMODITY EXCHANGE INC.,2026-01-20,101631,49056,4216.0,5082.0,278431,8618.0,52575,-866.0
COPPER- #1 - COMMODITY EXCHANGE INC.,2026-01-27,101400,53010,-231.0,3954.0,278219,-212.0,48390,-4185.0
COPPER- #1 - COMMODITY EXCHANGE INC.,2026-02-03,97407,49593,-3993.0,-3417.0,278845,626.0,47814,-576.0
COPPER- #1 - COMMODITY EXCHANGE INC.,2026-02-10,94440,48567,-2967.0,-1026.0,270792,-8053.0,45873,-1941.0
COPPER- #1 - COMMODITY EXCHANGE INC.,2026-02-17,89699,30368,-4741.0,-18199.0,272967,2175.0,59331,13458.0
COPPER- #1 - COMMODITY EXCHANGE INC.,2026-02-24,88073,29633,-1626.0,-735.0,261235,-11732.0,58440,-891.0
COPPER- #1 - COMMODITY EXCHANGE INC.,2026-03-03,89103,31422,1030.0,1789.0,244932,-16303.0,57681,-759.0
COPPER- #1 - COMMODITY EXCHANGE INC.,2026-03-10,82373,30707,-6730.0,-715.0,235322,-9610.0,51666,-6015.0
COPPER- #1 - COMMODITY EXCHANGE INC.,2026-03-17,78514,30470,-3859.0,-237.0,231319,-4003.0,48044,-3622.0
COPPER- #1 - COMMODITY EXCHANGE INC.,2026-03-24,68491,30954,-10023.0,484.0,221772,-9547.0,37537,-10507.0
COPPER- #1 - COMMODITY EXCHANGE INC.,2026-03-31,71107,31003,2616.0,49.0,220756,-1016.0,40104,2567.0
COPPER- #1 - COMMODITY EXCHANGE INC.,2026-04-07,72637,32410,1530.0,1407.0,224634,3878.0,40227,123.0
COPPER- #1 - COMMODITY EXCHANGE INC.,2026-04-14,86302,31193,13665.0,-1217.0,245595,20961.0,55109,14882.0
COPPER- #1 - COMMODITY EXCHANGE INC.,2026-04-21,90142,30938,3840.0,-255.0,250504,4909.0,59204,4095.0
COPPER- #1 - COMMODITY EXCHANGE INC.,2026-04-28,92519,29238,2377.0,-1700.0,230596,-19908.0,63281,4077.0
COPPER- #1 - COMMODITY EXCHANGE INC.,2026-05-05,96261,33412,3742.0,4174.0,232609,2013.0,62849,-432.0
COPPER- #1 - COMMODITY EXCHANGE INC.,2026-05-12,108768,32459,12507.0,-953.0,259808,27199.0,76309,13460.0
COPPER- #1 - COMMODITY EXCHANGE INC.,2026-05-19,107483,31597,-1285.0,-862.0,257964,-1844.0,75886,-423.0
COPPER- #1 - COMMODITY EXCHANGE INC.,2026-05-26,105673,32633,-1810.0,1036.0,266243,8279.0,73040,-2846.0
COPPER- #1 - COMMODITY EXCHANGE INC.,2026-06-02,111525,32692,5852.0,59.0,276892,10649.0,78833,5793.0
COPPER- #1 - COMMODITY EXCHANGE INC.,2026-06-09,108035,33585,-3490.0,893.0,274331,-2561.0,74450,-4383.0
COPPER- #1 - COMMODITY EXCHANGE INC.,2026-06-16,106794,31444,-1241.0,-2141.0,270752,-3579.0,75350,900.0
COPPER- #1 - COMMODITY EXCHANGE INC.,2026-06-23,104205,32585,-2589.0,1141.0,268800,-1952.0,71620,-3730.0
COPPER- #1 - COMMODITY EXCHANGE INC.,2026-06-30,97411,32623,-6794.0,38.0,254335,-14465.0,64788,-6832.0
COPPER- #1 - COMMODITY EXCHANGE INC.,2026-07-07,96440,32168,-971.0,-455.0,250948,-3387.0,64272,-516.0
COPPER- #1 - COMMODITY EXCHANGE INC.,2026-07-14,99236,34851,2796.0,2683.0,259873,8925.0,64385,113.0
COPPER- #1 - COMMODITY EXCHANGE INC.,2026-07-21,108034,34057,8798.0,-794.0,270048,10175.0,73977,9592.0
COPPER- #1 - COMMODITY EXCHANGE INC.,2026-07-28,103023,35742,-5011.0,1685.0,274552,4504.0,67281,-6696.0
COPPER- #1 - COMMODITY EXCHANGE INC.,2026-08-04,114304,37181,11281.0,1439.0,289395,14843.0,77123,9842.0
COPPER- #1 - COMMODITY EXCHANGE INC.,2026-08-11,114462,34074,158.0,-3107.0,297047,7652.0,80388,3265.0
COPPER- #1 - COMMODITY EXCHANGE INC.,2026-08-18,111399,31651,-3063.0,-2423.0,281563,-15484.0,79748,-640.0
COPPER- #1 - COMMODITY EXCHANGE INC.,2026-08-25,121419,36153,10020.0,4502.0,283299,1736.0,85266,5518.0
COPPER- #1 - COMMODITY EXCHANGE INC.,2026-09-01,119686,38817,-1733.0,2664.0,282640,-659.0,80869,-4397.0
COPPER- #1 - COMMODITY EXCHANGE INC.,2026-09-08,129500,37024,9814.0,-1793.0,297491,14851.0,92476,11607.0
COPPER- #1 - COMMODITY EXCHANGE INC.,2026-09-15,117165,42031,-12335.0,5007.0,289463,-8028.0,75134,-17342.0
COPPER- #1 - COMMODITY EXCHANGE INC.,2026-09-22,129398,38876,12233.0,-3155.0,301657,12194.0,90522,15388.0
COPPER- #1 - COMMODITY EXCHANGE INC.,2026-09-29,123305,37894,-6093.0,-982.0,301201,-456.0,85411,-5111.0
