Market and Exchange Names,As of Date in Form YYYY-MM-DD,Noncommercial Positions-Long (All),Noncommercial Positions-Short (All),Change in Noncommercial-Long (All),Change in Noncommercial-Short (All),Open Interest (All),Change in Open Interest (All),Net Positions,Change Net Positions
DJIA Consolidated - CHICAGO BOARD OF TRADE,1997-10-07,674,511,,,2863,,163,
DJIA Consolidated - CHICAGO BOARD OF TRADE,1997-10-14,291,755,-383.0,244.0,3953,1090.0,-464,-627.0
DJIA Consolidated - CHICAGO BOARD OF TRADE,1997-10-21,647,1381,356.0,626.0,5371,1418.0,-734,-270.0
DJIA Consolidated - CHICAGO BOARD OF TRADE,1997-10-28,1216,1081,569.0,-300.0,7731,2360.0,135,869.0
DJIA Consolidated - CHICAGO BOARD OF TRADE,1997-11-04,1894,1913,678.0,832.0,9006,1275.0,-19,-154.0
DJIA Consolidated - CHICAGO BOARD OF TRADE,1997-11-11,1013,2225,-881.0,312.0,10322,1316.0,-1212,-1193.0
DJIA Consolidated - CHICAGO BOARD OF TRADE,1997-11-18,1205,3234,192.0,1009.0,12853,2531.0,-2029,-817.0
DJIA Consolidated - CHICAGO BOARD OF TRADE,1997-11-25,1361,3097,156.0,-137.0,14125,1272.0,-1736,293.0
DJIA Consolidated - CHICAGO BOARD OF TRADE,1997-12-02,1290,3175,-71.0,78.0,14846,721.0,-1885,-149.0
DJIA Consolidated - CHICAGO BOARD OF TRADE,1997-12-09,1262,2949,-28.0,-226.0,17040,2194.0,-1687,198.0
DJIA Consolidated - CHICAGO BOARD OF TRADE,1997-12-16,1242,3198,-20.0,249.0,19667,2627.0,-1956,-269.0
DJIA Consolidated - CHICAGO BOARD OF TRADE,1997-12-19,2616,2400,1374.0,-798.0,12709,-6958.0,216,2172.0
DJIA Consolidated - CHICAGO BOARD OF TRADE,1997-12-23,2764,2454,1522.0,-744.0,12605,-7062.0,310,94.0
DJIA Consolidated - CHICAGO BOARD OF TRADE,1997-12-30,2594,2262,-170.0,-192.0,12338,-267.0,332,22.0
DJIA Consolidated - CHICAGO BOARD OF TRADE,1998-01-06,2698,2302,104.0,40.0,12504,166.0,396,64.0
DJIA Consolidated - CHICAGO BOARD OF TRADE,1998-01-13,2890,3503,192.0,1201.0,14995,2491.0,-613,-1009.0
DJIA Consolidated - CHICAGO BOARD OF TRADE,1998-01-20,3010,4924,120.0,1421.0,15018,23.0,-1914,-1301.0
DJIA Consolidated - CHICAGO BOARD OF TRADE,1998-01-27,2390,5244,-620.0,320.0,16241,1223.0,-2854,-940.0
DJIA Consolidated - CHICAGO BOARD OF TRADE,1998-02-03,2130,4841,-260.0,-403.0,15424,-817.0,-2711,143.0
DJIA Consolidated - CHICAGO BOARD OF TRADE,1998-02-10,2221,3762,91.0,-1079.0,15737,313.0,-1541,1170.0
DJIA Consolidated - CHICAGO BOARD OF TRADE,1998-02-17,2548,2922,327.0,-840.0,15498,-239.0,-374,1167.0
DJIA Consolidated - CHICAGO BOARD OF TRADE,1998-02-24,3006,2644,458.0,-278.0,15478,-20.0,362,736.0
DJIA Consolidated - CHICAGO BOARD OF TRADE,1998-03-03,2968,3444,-38.0,800.0,15814,336.0,-476,-838.0
DJIA Consolidated - CHICAGO BOARD OF TRADE,1998-03-10,2698,3733,-270.0,289.0,14325,-1489.0,-1035,-559.0
DJIA Consolidated - CHICAGO BOARD OF TRADE,1998-03-17,2919,4071,221.0,338.0,17806,3481.0,-1152,-117.0
DJIA Consolidated - CHICAGO BOARD OF TRADE,1998-03-24,1446,2612,-1473.0,-1459.0,11320,-6486.0,-1166,-14.0
DJIA Consolidated - CHICAGO BOARD OF TRADE,1998-03-31,1324,2872,-122.0,260.0,11582,262.0,-1548,-382.0
DJIA Consolidated - CHICAGO BOARD OF TRADE,1998-04-07,921,3386,-403.0,514.0,13021,1439.0,-2465,-917.0
DJIA Consolidated - CHICAGO BOARD OF TRADE,1998-04-14,625,3718,-296.0,332.0,14528,1507.0,-3093,-628.0
DJIA Consolidated - CHICAGO BOARD OF TRADE,1998-04-21,829,3231,204.0,-487.0,13833,-695.0,-2402,691.0
DJIA Consolidated - CHICAGO BOARD OF TRADE,1998-04-28,1112,3389,283.0,158.0,15223,1390.0,-2277,125.0
DJIA Consolidated - CHICAGO BOARD OF TRADE,1998-05-05,1093,3583,-19.0,194.0,13934,-1289.0,-2490,-213.0
DJIA Consolidated - CHICAGO BOARD OF TRADE,1998-05-12,884,3533,-209.0,-50.0,14291,357.0,-2649,-159.0
DJIA Consolidated - CHICAGO BOARD OF TRADE,1998-05-19,794,3368,-90.0,-165.0,14492,201.0,-2574,75.0
DJIA Consolidated - CHICAGO BOARD OF TRADE,1998-05-26,856,3941,62.0,573.0,14950,458.0,-3085,-511.0
DJIA Consolidated - CHICAGO BOARD OF TRADE,1998-06-02,987,4201,131.0,260.0,16159,1209.0,-3214,-129.0
DJIA Consolidated - CHICAGO BOARD OF TRADE,1998-06-09,744,4327,-243.0,126.0,16296,137.0,-3583,-369.0
DJIA Consolidated - CHICAGO BOARD OF TRADE,1998-06-16,1020,5466,276.0,1139.0,19030,2734.0,-4446,-863.0
DJIA Consolidated - CHICAGO BOARD OF TRADE,1998-06-23,1142,4278,122.0,-1188.0,13837,-5193.0,-3136,1310.0
DJIA Consolidated - CHICAGO BOARD OF TRADE,1998-06-30,1169,3963,27.0,-315.0,14647,810.0,-2794,342.0
DJIA Consolidated - CHICAGO BOARD OF TRADE,1998-07-07,1879,3296,710.0,-667.0,14802,155.0,-1417,1377.0
DJIA Consolidated - CHICAGO BOARD OF TRADE,1998-07-14,1883,3567,4.0,271.0,16295,1493.0,-1684,-267.0
DJIA Consolidated - CHICAGO BOARD OF TRADE,1998-07-21,1544,3494,-339.0,-73.0,16400,105.0,-1950,-266.0
DJIA Consolidated - CHICAGO BOARD OF TRADE,1998-07-28,1349,3907,-195.0,413.0,16367,-33.0,-2558,-608.0
DJIA Consolidated - CHICAGO BOARD OF TRADE,1998-08-04,1548,4452,199.0,545.0,17567,1200.0,-2904,-346.0
DJIA Consolidated - CHICAGO BOARD OF TRADE,1998-08-11,1310,4231,-238.0,-221.0,17375,-192.0,-2921,-17.0
DJIA Consolidated - CHICAGO BOARD OF TRADE,1998-08-18,1367,4482,57.0,251.0,17786,411.0,-3115,-194.0
DJIA Consolidated - CHICAGO BOARD OF TRADE,1998-08-25,1223,4757,-144.0,275.0,17129,-657.0,-3534,-419.0
DJIA Consolidated - CHICAGO BOARD OF TRADE,1998-09-01,1776,4818,553.0,61.0,20238,3109.0,-3042,492.0
DJIA Consolidated - CHICAGO BOARD OF TRADE,1998-09-08,1334,4703,-442.0,-115.0,20609,371.0,-3369,-327.0
DJIA Consolidated - CHICAGO BOARD OF TRADE,1998-09-15,1420,4407,86.0,-296.0,21262,653.0,-2987,382.0
DJIA Consolidated - CHICAGO BOARD OF TRADE,1998-09-22,1250,4288,-170.0,-119.0,14895,-6367.0,-3038,-51.0
DJIA Consolidated - CHICAGO BOARD OF TRADE,1998-09-29,1163,4316,-87.0,28.0,15876,981.0,-3153,-115.0
DJIA Consolidated - CHICAGO BOARD OF TRADE,1998-10-06,1076,4798,-87.0,482.0,17456,1580.0,-3722,-569.0
DJIA Consolidated - CHICAGO BOARD OF TRADE,1998-10-13,1141,4813,65.0,15.0,17535,79.0,-3672,50.0
DJIA Consolidated - CHICAGO BOARD OF TRADE,1998-10-20,861,4170,-280.0,-643.0,17076,-459.0,-3309,363.0
DJIA Consolidated - CHICAGO BOARD OF TRADE,1998-10-27,1074,4496,213.0,326.0,17283,207.0,-3422,-113.0
DJIA Consolidated - CHICAGO BOARD OF TRADE,1998-11-03,996,4478,-78.0,-18.0,17103,-180.0,-3482,-60.0
DJIA Consolidated - CHICAGO BOARD OF TRADE,1998-11-10,1178,4379,182.0,-99.0,17598,495.0,-3201,281.0
DJIA Consolidated - CHICAGO BOARD OF TRADE,1998-11-17,1299,4016,121.0,-363.0,17761,163.0,-2717,484.0
DJIA Consolidated - CHICAGO BOARD OF TRADE,1998-11-24,1382,3726,83.0,-290.0,17958,197.0,-2344,373.0
DJIA Consolidated - CHICAGO BOARD OF TRADE,1998-12-01,1429,4235,47.0,509.0,18334,376.0,-2806,-462.0
DJIA Consolidated - CHICAGO BOARD OF TRADE,1998-12-08,1727,4012,298.0,-223.0,18282,-52.0,-2285,521.0
DJIA Consolidated - CHICAGO BOARD OF TRADE,1998-12-15,1652,4764,-75.0,752.0,20269,1987.0,-3112,-827.0
DJIA Consolidated - CHICAGO BOARD OF TRADE,1998-12-22,1116,5605,-536.0,841.0,15452,-4817.0,-4489,-1377.0
DJIA Consolidated - CHICAGO BOARD OF TRADE,1998-12-29,1140,5381,24.0,-224.0,15273,-179.0,-4241,248.0
DJIA Consolidated - CHICAGO BOARD OF TRADE,1999-01-05,1353,6184,213.0,803.0,16644,1371.0,-4831,-590.0
DJIA Consolidated - CHICAGO BOARD OF TRADE,1999-01-12,1300,5313,-53.0,-871.0,16715,71.0,-4013,818.0
DJIA Consolidated - CHICAGO BOARD OF TRADE,1999-01-19,1156,4912,-144.0,-401.0,16751,36.0,-3756,257.0
DJIA Consolidated - CHICAGO BOARD OF TRADE,1999-01-26,1129,5240,-27.0,328.0,16038,-713.0,-4111,-355.0
DJIA Consolidated - CHICAGO BOARD OF TRADE,1999-02-02,1314,5285,185.0,45.0,17645,1607.0,-3971,140.0
DJIA Consolidated - CHICAGO BOARD OF TRADE,1999-02-09,1152,5955,-162.0,670.0,19692,2047.0,-4803,-832.0
DJIA Consolidated - CHICAGO BOARD OF TRADE,1999-02-16,1097,5803,-55.0,-152.0,19520,-172.0,-4706,97.0
DJIA Consolidated - CHICAGO BOARD OF TRADE,1999-02-23,1142,6175,45.0,372.0,20487,967.0,-5033,-327.0
DJIA Consolidated - CHICAGO BOARD OF TRADE,1999-03-02,1053,5924,-89.0,-251.0,20239,-248.0,-4871,162.0
DJIA Consolidated - CHICAGO BOARD OF TRADE,1999-03-09,2416,4779,1363.0,-1145.0,21777,1538.0,-2363,2508.0
DJIA Consolidated - CHICAGO BOARD OF TRADE,1999-03-16,2955,4843,539.0,64.0,21832,55.0,-1888,475.0
DJIA Consolidated - CHICAGO BOARD OF TRADE,1999-03-23,3138,3750,183.0,-1093.0,16568,-5264.0,-612,1276.0
DJIA Consolidated - CHICAGO BOARD OF TRADE,1999-03-30,3563,3685,425.0,-65.0,16670,102.0,-122,490.0
DJIA Consolidated - CHICAGO BOARD OF TRADE,1999-04-06,3147,3714,-416.0,29.0,16111,-559.0,-567,-445.0
DJIA Consolidated - CHICAGO BOARD OF TRADE,1999-04-13,3195,4723,48.0,1009.0,18269,2158.0,-1528,-961.0
DJIA Consolidated - CHICAGO BOARD OF TRADE,1999-04-20,3019,7394,-176.0,2671.0,24845,6576.0,-4375,-2847.0
DJIA Consolidated - CHICAGO BOARD OF TRADE,1999-04-27,2974,6289,-45.0,-1105.0,22908,-1937.0,-3315,1060.0
DJIA Consolidated - CHICAGO BOARD OF TRADE,1999-05-04,3191,7591,217.0,1302.0,25940,3032.0,-4400,-1085.0
DJIA Consolidated - CHICAGO BOARD OF TRADE,1999-05-11,3549,8320,358.0,729.0,27140,1200.0,-4771,-371.0
DJIA Consolidated - CHICAGO BOARD OF TRADE,1999-05-18,3423,7694,-126.0,-626.0,26559,-581.0,-4271,500.0
DJIA Consolidated - CHICAGO BOARD OF TRADE,1999-05-25,3434,7650,11.0,-44.0,26167,-392.0,-4216,55.0
DJIA Consolidated - CHICAGO BOARD OF TRADE,1999-06-01,3180,6330,-254.0,-1320.0,23542,-2625.0,-3150,1066.0
DJIA Consolidated - CHICAGO BOARD OF TRADE,1999-06-08,3515,6615,335.0,285.0,23430,-112.0,-3100,50.0
DJIA Consolidated - CHICAGO BOARD OF TRADE,1999-06-15,3285,6282,-230.0,-333.0,24244,814.0,-2997,103.0
DJIA Consolidated - CHICAGO BOARD OF TRADE,1999-06-22,3069,5080,-216.0,-1202.0,19258,-4986.0,-2011,986.0
DJIA Consolidated - CHICAGO BOARD OF TRADE,1999-06-29,2570,4997,-499.0,-83.0,19454,196.0,-2427,-416.0
DJIA Consolidated - CHICAGO BOARD OF TRADE,1999-07-06,3794,4715,1224.0,-282.0,21146,1692.0,-921,1506.0
DJIA Consolidated - CHICAGO BOARD OF TRADE,1999-07-13,3950,5367,156.0,652.0,21076,-70.0,-1417,-496.0
DJIA Consolidated - CHICAGO BOARD OF TRADE,1999-07-20,3666,5139,-284.0,-228.0,22108,1032.0,-1473,-56.0
DJIA Consolidated - CHICAGO BOARD OF TRADE,1999-07-27,3587,5026,-79.0,-113.0,22470,362.0,-1439,34.0
DJIA Consolidated - CHICAGO BOARD OF TRADE,1999-08-03,2533,5607,-1054.0,581.0,22617,147.0,-3074,-1635.0
DJIA Consolidated - CHICAGO BOARD OF TRADE,1999-08-10,2693,5863,160.0,256.0,25134,2517.0,-3170,-96.0
DJIA Consolidated - CHICAGO BOARD OF TRADE,1999-08-17,3057,5875,364.0,12.0,25801,667.0,-2818,352.0
DJIA Consolidated - CHICAGO BOARD OF TRADE,1999-08-24,4050,6751,993.0,876.0,27051,1250.0,-2701,117.0
DJIA Consolidated - CHICAGO BOARD OF TRADE,1999-08-31,3201,5777,-849.0,-974.0,26077,-974.0,-2576,125.0
DJIA Consolidated - CHICAGO BOARD OF TRADE,1999-09-07,2853,5667,-348.0,-110.0,25871,-206.0,-2814,-238.0
DJIA Consolidated - CHICAGO BOARD OF TRADE,1999-09-14,2604,5495,-249.0,-172.0,25977,106.0,-2891,-77.0
DJIA Consolidated - CHICAGO BOARD OF TRADE,1999-09-21,2333,5122,-271.0,-373.0,20592,-5385.0,-2789,102.0
DJIA Consolidated - CHICAGO BOARD OF TRADE,1999-09-28,2799,7014,466.0,1892.0,22472,1880.0,-4215,-1426.0
DJIA Consolidated - CHICAGO BOARD OF TRADE,1999-10-05,2725,7198,-74.0,184.0,23818,1346.0,-4473,-258.0
DJIA Consolidated - CHICAGO BOARD OF TRADE,1999-10-12,2335,8129,-390.0,931.0,23621,-197.0,-5794,-1321.0
DJIA Consolidated - CHICAGO BOARD OF TRADE,1999-10-19,2932,8905,597.0,776.0,27163,3542.0,-5973,-179.0
DJIA Consolidated - CHICAGO BOARD OF TRADE,1999-10-26,2678,9654,-254.0,749.0,25347,-1816.0,-6976,-1003.0
DJIA Consolidated - CHICAGO BOARD OF TRADE,1999-11-02,2484,6738,-194.0,-2916.0,23674,-1673.0,-4254,2722.0
DJIA Consolidated - CHICAGO BOARD OF TRADE,1999-11-09,2829,6144,345.0,-594.0,23530,-144.0,-3315,939.0
DJIA Consolidated - CHICAGO BOARD OF TRADE,1999-11-16,3428,6018,599.0,-126.0,23246,-284.0,-2590,725.0
DJIA Consolidated - CHICAGO BOARD OF TRADE,1999-11-23,2687,5717,-741.0,-301.0,20697,-2549.0,-3030,-440.0
DJIA Consolidated - CHICAGO BOARD OF TRADE,1999-11-30,2741,5571,54.0,-146.0,21089,392.0,-2830,200.0
DJIA Consolidated - CHICAGO BOARD OF TRADE,1999-12-07,2989,4890,248.0,-681.0,21193,104.0,-1901,929.0
DJIA Consolidated - CHICAGO BOARD OF TRADE,1999-12-14,3272,4702,283.0,-188.0,23720,2527.0,-1430,471.0
DJIA Consolidated - CHICAGO BOARD OF TRADE,1999-12-21,1545,2912,-1727.0,-1790.0,10344,-13376.0,-1367,63.0
DJIA Consolidated - CHICAGO BOARD OF TRADE,1999-12-28,1269,2923,-276.0,11.0,11933,1589.0,-1654,-287.0
DJIA Consolidated - CHICAGO BOARD OF TRADE,2000-01-04,1453,2767,184.0,-156.0,11853,-80.0,-1314,340.0
DJIA Consolidated - CHICAGO BOARD OF TRADE,2000-01-11,3265,3555,1812.0,788.0,14388,2535.0,-290,1024.0
DJIA Consolidated - CHICAGO BOARD OF TRADE,2000-01-18,3463,3656,198.0,101.0,14336,-52.0,-193,97.0
DJIA Consolidated - CHICAGO BOARD OF TRADE,2000-01-25,1307,2912,-2156.0,-744.0,13404,-932.0,-1605,-1412.0
DJIA Consolidated - CHICAGO BOARD OF TRADE,2000-02-01,2066,2950,759.0,38.0,13542,138.0,-884,721.0
DJIA Consolidated - CHICAGO BOARD OF TRADE,2000-02-08,2373,5183,307.0,2233.0,13904,362.0,-2810,-1926.0
DJIA Consolidated - CHICAGO BOARD OF TRADE,2000-02-15,2258,4845,-115.0,-338.0,14973,1069.0,-2587,223.0
DJIA Consolidated - CHICAGO BOARD OF TRADE,2000-02-22,4130,4917,1872.0,72.0,17025,2052.0,-787,1800.0
DJIA Consolidated - CHICAGO BOARD OF TRADE,2000-02-29,6481,4604,2351.0,-313.0,21571,4546.0,1877,2664.0
DJIA Consolidated - CHICAGO BOARD OF TRADE,2000-03-07,5140,5238,-1341.0,634.0,21939,368.0,-98,-1975.0
DJIA Consolidated - CHICAGO BOARD OF TRADE,2000-03-14,5395,4810,255.0,-428.0,24889,2950.0,585,683.0
DJIA Consolidated - CHICAGO BOARD OF TRADE,2000-03-21,3284,4903,-2111.0,93.0,17413,-7476.0,-1619,-2204.0
DJIA Consolidated - CHICAGO BOARD OF TRADE,2000-03-28,2480,5047,-804.0,144.0,16561,-852.0,-2567,-948.0
DJIA Consolidated - CHICAGO BOARD OF TRADE,2000-04-04,3251,5746,771.0,699.0,18219,1658.0,-2495,72.0
DJIA Consolidated - CHICAGO BOARD OF TRADE,2000-04-11,3739,6374,488.0,628.0,17588,-631.0,-2635,-140.0
DJIA Consolidated - CHICAGO BOARD OF TRADE,2000-04-18,3028,6432,-711.0,58.0,17381,-207.0,-3404,-769.0
DJIA Consolidated - CHICAGO BOARD OF TRADE,2000-04-25,4230,4631,1202.0,-1801.0,19914,2533.0,-401,3003.0
DJIA Consolidated - CHICAGO BOARD OF TRADE,2000-05-02,3913,4292,-317.0,-339.0,18522,-1392.0,-379,22.0
DJIA Consolidated - CHICAGO BOARD OF TRADE,2000-05-09,3582,4900,-331.0,608.0,18754,232.0,-1318,-939.0
DJIA Consolidated - CHICAGO BOARD OF TRADE,2000-05-16,2606,3617,-976.0,-1283.0,19388,634.0,-1011,307.0
DJIA Consolidated - CHICAGO BOARD OF TRADE,2000-05-23,2065,4385,-541.0,768.0,19565,177.0,-2320,-1309.0
DJIA Consolidated - CHICAGO BOARD OF TRADE,2000-05-30,2434,4626,369.0,241.0,20905,1340.0,-2192,128.0
DJIA Consolidated - CHICAGO BOARD OF TRADE,2000-06-06,2588,4830,154.0,204.0,20479,-426.0,-2242,-50.0
DJIA Consolidated - CHICAGO BOARD OF TRADE,2000-06-13,2359,4621,-229.0,-209.0,21652,1173.0,-2262,-20.0
DJIA Consolidated - CHICAGO BOARD OF TRADE,2000-06-20,1589,4007,-770.0,-614.0,13442,-8210.0,-2418,-156.0
DJIA Consolidated - CHICAGO BOARD OF TRADE,2000-06-27,1722,4373,133.0,366.0,14186,744.0,-2651,-233.0
DJIA Consolidated - CHICAGO BOARD OF TRADE,2000-07-05,1404,3853,-318.0,-520.0,13635,-551.0,-2449,202.0
DJIA Consolidated - CHICAGO BOARD OF TRADE,2000-07-11,1740,2125,336.0,-1728.0,14303,668.0,-385,2064.0
DJIA Consolidated - CHICAGO BOARD OF TRADE,2000-07-18,1826,2443,86.0,318.0,13841,-462.0,-617,-232.0
DJIA Consolidated - CHICAGO BOARD OF TRADE,2000-07-25,1974,2074,148.0,-369.0,14494,653.0,-100,517.0
DJIA Consolidated - CHICAGO BOARD OF TRADE,2000-08-01,2212,2201,238.0,127.0,15604,1110.0,11,111.0
DJIA Consolidated - CHICAGO BOARD OF TRADE,2000-08-08,2057,1574,-155.0,-627.0,14975,-629.0,483,472.0
DJIA Consolidated - CHICAGO BOARD OF TRADE,2000-08-15,1851,1511,-206.0,-63.0,15235,260.0,340,-143.0
DJIA Consolidated - CHICAGO BOARD OF TRADE,2000-08-22,2789,1496,938.0,-15.0,16352,1117.0,1293,953.0
DJIA Consolidated - CHICAGO BOARD OF TRADE,2000-08-29,3311,1336,522.0,-160.0,16591,239.0,1975,682.0
DJIA Consolidated - CHICAGO BOARD OF TRADE,2000-09-05,3302,1393,-9.0,57.0,17017,426.0,1909,-66.0
DJIA Consolidated - CHICAGO BOARD OF TRADE,2000-09-12,3121,1471,-181.0,78.0,19514,2497.0,1650,-259.0
DJIA Consolidated - CHICAGO BOARD OF TRADE,2000-09-19,2056,1298,-1065.0,-173.0,11998,-7516.0,758,-892.0
DJIA Consolidated - CHICAGO BOARD OF TRADE,2000-09-26,1178,1456,-878.0,158.0,11414,-584.0,-278,-1036.0
DJIA Consolidated - CHICAGO BOARD OF TRADE,2000-10-03,1213,1308,35.0,-148.0,12082,668.0,-95,183.0
DJIA Consolidated - CHICAGO BOARD OF TRADE,2000-10-10,1320,1640,107.0,332.0,14137,2055.0,-320,-225.0
DJIA Consolidated - CHICAGO BOARD OF TRADE,2000-10-17,1604,1508,284.0,-132.0,15155,1018.0,96,416.0
DJIA Consolidated - CHICAGO BOARD OF TRADE,2000-10-24,1474,1080,-130.0,-428.0,15960,805.0,394,298.0
DJIA Consolidated - CHICAGO BOARD OF TRADE,2000-10-31,2011,1602,537.0,522.0,18405,2445.0,409,15.0
DJIA Consolidated - CHICAGO BOARD OF TRADE,2000-11-07,2848,951,837.0,-651.0,18063,-342.0,1897,1488.0
DJIA Consolidated - CHICAGO BOARD OF TRADE,2000-11-14,3419,1083,571.0,132.0,18727,664.0,2336,439.0
DJIA Consolidated - CHICAGO BOARD OF TRADE,2000-11-21,3771,1171,352.0,88.0,18886,159.0,2600,264.0
DJIA Consolidated - CHICAGO BOARD OF TRADE,2000-11-28,4089,1056,318.0,-115.0,21070,2184.0,3033,433.0
DJIA Consolidated - CHICAGO BOARD OF TRADE,2000-12-05,2700,1647,-1389.0,591.0,21263,193.0,1053,-1980.0
DJIA Consolidated - CHICAGO BOARD OF TRADE,2000-12-12,3633,1723,933.0,76.0,26394,5131.0,1910,857.0
DJIA Consolidated - CHICAGO BOARD OF TRADE,2000-12-19,4033,1799,400.0,76.0,16923,-9471.0,2234,324.0
DJIA Consolidated - CHICAGO BOARD OF TRADE,2000-12-26,5225,1818,1192.0,19.0,18068,1145.0,3407,1173.0
DJIA Consolidated - CHICAGO BOARD OF TRADE,2001-01-02,6390,2215,1165.0,397.0,19667,1599.0,4175,768.0
DJIA Consolidated - CHICAGO BOARD OF TRADE,2001-01-09,7915,2369,1525.0,154.0,21805,2138.0,5546,1371.0
DJIA Consolidated - CHICAGO BOARD OF TRADE,2001-01-16,8636,2223,721.0,-146.0,22463,658.0,6413,867.0
DJIA Consolidated - CHICAGO BOARD OF TRADE,2001-01-23,9118,2016,482.0,-207.0,21838,-625.0,7102,689.0
DJIA Consolidated - CHICAGO BOARD OF TRADE,2001-01-30,9509,3443,391.0,1427.0,22549,711.0,6066,-1036.0
DJIA Consolidated - CHICAGO BOARD OF TRADE,2001-02-06,8752,1848,-757.0,-1595.0,22191,-358.0,6904,838.0
DJIA Consolidated - CHICAGO BOARD OF TRADE,2001-02-13,9650,2243,898.0,395.0,24025,1834.0,7407,503.0
DJIA Consolidated - CHICAGO BOARD OF TRADE,2001-02-20,9811,2702,161.0,459.0,23779,-246.0,7109,-298.0
DJIA Consolidated - CHICAGO BOARD OF TRADE,2001-02-27,9441,3072,-370.0,370.0,25127,1348.0,6369,-740.0
DJIA Consolidated - CHICAGO BOARD OF TRADE,2001-03-06,9475,4503,34.0,1431.0,26788,1661.0,4972,-1397.0
DJIA Consolidated - CHICAGO BOARD OF TRADE,2001-03-13,9319,5847,-156.0,1344.0,31245,4457.0,3472,-1500.0
DJIA Consolidated - CHICAGO BOARD OF TRADE,2001-03-20,10361,5149,1042.0,-698.0,26198,-5047.0,5212,1740.0
DJIA Consolidated - CHICAGO BOARD OF TRADE,2001-03-27,9131,9161,-1230.0,4012.0,27446,1248.0,-30,-5242.0
DJIA Consolidated - CHICAGO BOARD OF TRADE,2001-04-03,8764,10992,-367.0,1831.0,32337,4891.0,-2228,-2198.0
DJIA Consolidated - CHICAGO BOARD OF TRADE,2001-04-10,9159,10796,395.0,-196.0,33049,712.0,-1637,591.0
DJIA Consolidated - CHICAGO BOARD OF TRADE,2001-04-17,9064,12233,-95.0,1437.0,33104,55.0,-3169,-1532.0
DJIA Consolidated - CHICAGO BOARD OF TRADE,2001-04-24,8703,10276,-361.0,-1957.0,31615,-1489.0,-1573,1596.0
DJIA Consolidated - CHICAGO BOARD OF TRADE,2001-05-01,10294,11190,1591.0,914.0,31820,205.0,-896,677.0
DJIA Consolidated - CHICAGO BOARD OF TRADE,2001-05-08,9860,9756,-434.0,-1434.0,33539,1719.0,104,1000.0
DJIA Consolidated - CHICAGO BOARD OF TRADE,2001-05-15,8057,9042,-1803.0,-714.0,32915,-624.0,-985,-1089.0
DJIA Consolidated - CHICAGO BOARD OF TRADE,2001-05-22,8353,10177,296.0,1135.0,35033,2118.0,-1824,-839.0
DJIA Consolidated - CHICAGO BOARD OF TRADE,2001-05-29,8148,9734,-205.0,-443.0,33836,-1197.0,-1586,238.0
DJIA Consolidated - CHICAGO BOARD OF TRADE,2001-06-05,8279,9857,131.0,123.0,35257,1421.0,-1578,8.0
DJIA Consolidated - CHICAGO BOARD OF TRADE,2001-06-12,7206,9140,-1073.0,-717.0,37886,2629.0,-1934,-356.0
DJIA Consolidated - CHICAGO BOARD OF TRADE,2001-06-19,6373,4538,-833.0,-4602.0,22611,-15275.0,1835,3769.0
DJIA Consolidated - CHICAGO BOARD OF TRADE,2001-06-26,7036,4063,663.0,-475.0,23163,552.0,2973,1138.0
DJIA Consolidated - CHICAGO BOARD OF TRADE,2001-07-03,6854,3985,-182.0,-78.0,24425,1262.0,2869,-104.0
DJIA Consolidated - CHICAGO BOARD OF TRADE,2001-07-10,6632,4589,-222.0,604.0,25425,1000.0,2043,-826.0
DJIA Consolidated - CHICAGO BOARD OF TRADE,2001-07-17,6542,3835,-90.0,-754.0,26049,624.0,2707,664.0
DJIA Consolidated - CHICAGO BOARD OF TRADE,2001-07-24,6259,5600,-283.0,1765.0,27943,1894.0,659,-2048.0
DJIA Consolidated - CHICAGO BOARD OF TRADE,2001-07-31,6396,6445,137.0,845.0,29309,1366.0,-49,-708.0
DJIA Consolidated - CHICAGO BOARD OF TRADE,2001-08-07,6315,6158,-81.0,-287.0,29943,634.0,157,206.0
DJIA Consolidated - CHICAGO BOARD OF TRADE,2001-08-14,6668,8377,353.0,2219.0,32924,2981.0,-1709,-1866.0
DJIA Consolidated - CHICAGO BOARD OF TRADE,2001-08-21,6713,9447,45.0,1070.0,34630,1706.0,-2734,-1025.0
DJIA Consolidated - CHICAGO BOARD OF TRADE,2001-08-28,6714,9301,1.0,-146.0,34355,-275.0,-2587,147.0
DJIA Consolidated - CHICAGO BOARD OF TRADE,2001-09-04,6278,9846,-436.0,545.0,37853,3498.0,-3568,-981.0
DJIA Consolidated - CHICAGO BOARD OF TRADE,2001-09-10,3144,10281,-3134.0,435.0,36292,-1561.0,-7137,-3569.0
DJIA Consolidated - CHICAGO BOARD OF TRADE,2001-09-18,4016,9655,872.0,-626.0,40911,4619.0,-5639,1498.0
DJIA Consolidated - CHICAGO BOARD OF TRADE,2001-09-25,3788,7904,-228.0,-1751.0,28547,-12364.0,-4116,1523.0
DJIA Consolidated - CHICAGO BOARD OF TRADE,2001-10-02,3215,8709,-573.0,805.0,30723,2176.0,-5494,-1378.0
DJIA Consolidated - CHICAGO BOARD OF TRADE,2001-10-09,2704,8606,-511.0,-103.0,31156,433.0,-5902,-408.0
DJIA Consolidated - CHICAGO BOARD OF TRADE,2001-10-16,2134,9679,-570.0,1073.0,32105,949.0,-7545,-1643.0
DJIA Consolidated - CHICAGO BOARD OF TRADE,2001-10-23,1819,8557,-315.0,-1122.0,32670,565.0,-6738,807.0
DJIA Consolidated - CHICAGO BOARD OF TRADE,2001-10-30,1686,8043,-133.0,-514.0,32090,-580.0,-6357,381.0
DJIA Consolidated - CHICAGO BOARD OF TRADE,2001-11-06,1700,7014,14.0,-1029.0,31406,-684.0,-5314,1043.0
DJIA Consolidated - CHICAGO BOARD OF TRADE,2001-11-13,1884,7798,184.0,784.0,30582,-824.0,-5914,-600.0
DJIA Consolidated - CHICAGO BOARD OF TRADE,2001-11-20,1446,7998,-438.0,200.0,30196,-386.0,-6552,-638.0
DJIA Consolidated - CHICAGO BOARD OF TRADE,2001-11-27,1533,7878,87.0,-120.0,30143,-53.0,-6345,207.0
DJIA Consolidated - CHICAGO BOARD OF TRADE,2001-12-04,1610,7452,77.0,-426.0,28274,-1869.0,-5842,503.0
DJIA Consolidated - CHICAGO BOARD OF TRADE,2001-12-11,1773,6736,163.0,-716.0,28665,391.0,-4963,879.0
DJIA Consolidated - CHICAGO BOARD OF TRADE,2001-12-18,2045,6001,272.0,-735.0,31007,2342.0,-3956,1007.0
DJIA Consolidated - CHICAGO BOARD OF TRADE,2001-12-21,1127,4491,-918.0,-1510.0,21142,-9865.0,-3364,592.0
DJIA Consolidated - CHICAGO BOARD OF TRADE,2001-12-28,1371,4338,244.0,-153.0,20818,-324.0,-2967,397.0
DJIA Consolidated - CHICAGO BOARD OF TRADE,2002-01-08,1035,4167,-336.0,-171.0,21619,801.0,-3132,-165.0
DJIA Consolidated - CHICAGO BOARD OF TRADE,2002-01-15,1212,4135,177.0,-32.0,22333,714.0,-2923,209.0
DJIA Consolidated - CHICAGO BOARD OF TRADE,2002-01-22,1282,4876,70.0,741.0,25139,2806.0,-3594,-671.0
DJIA Consolidated - CHICAGO BOARD OF TRADE,2002-01-29,1139,5087,-143.0,211.0,27331,2192.0,-3948,-354.0
DJIA Consolidated - CHICAGO BOARD OF TRADE,2002-02-05,1123,6159,-16.0,1072.0,29076,1745.0,-5036,-1088.0
DJIA Consolidated - CHICAGO BOARD OF TRADE,2002-02-12,1370,6217,247.0,58.0,33430,4354.0,-4847,189.0
DJIA Consolidated - CHICAGO BOARD OF TRADE,2002-02-19,1344,7220,-26.0,1003.0,36350,2920.0,-5876,-1029.0
DJIA Consolidated - CHICAGO BOARD OF TRADE,2002-02-26,2242,8240,898.0,1020.0,42540,6190.0,-5998,-122.0
DJIA Consolidated - CHICAGO BOARD OF TRADE,2002-03-05,2852,7866,610.0,-374.0,47182,4642.0,-5014,984.0
DJIA Consolidated - CHICAGO BOARD OF TRADE,2002-03-12,2943,8149,91.0,283.0,45525,-1657.0,-5206,-192.0
DJIA Consolidated - CHICAGO BOARD OF TRADE,2002-03-19,3212,5071,269.0,-3078.0,29464,-16061.0,-1859,3347.0
DJIA Consolidated - CHICAGO BOARD OF TRADE,2002-03-26,2880,4824,-332.0,-247.0,27194,-2270.0,-1944,-85.0
DJIA Consolidated - CHICAGO BOARD OF TRADE,2002-04-02,2819,5172,-61.0,348.0,27176,-18.0,-2353,-409.0
DJIA Consolidated - CHICAGO BOARD OF TRADE,2002-04-09,2594,4661,-225.0,-511.0,28024,848.0,-2067,286.0
DJIA Consolidated - CHICAGO BOARD OF TRADE,2002-04-16,3640,4649,1046.0,-12.0,29088,1064.0,-1009,1058.0
DJIA Consolidated - CHICAGO BOARD OF TRADE,2002-04-23,2956,4723,-684.0,74.0,28707,-381.0,-1767,-758.0
DJIA Consolidated - CHICAGO BOARD OF TRADE,2002-04-30,3392,4270,436.0,-453.0,27045,-1662.0,-878,889.0
DJIA Consolidated - CHICAGO BOARD OF TRADE,2002-05-07,4736,5951,1344.0,1681.0,30565,3520.0,-1215,-337.0
DJIA Consolidated - CHICAGO BOARD OF TRADE,2002-05-14,5657,6043,921.0,92.0,32945,2380.0,-386,829.0
DJIA Consolidated - CHICAGO BOARD OF TRADE,2002-05-21,7718,6650,2061.0,607.0,32577,-368.0,1068,1454.0
DJIA Consolidated - CHICAGO BOARD OF TRADE,2002-05-28,6350,7655,-1368.0,1005.0,33182,605.0,-1305,-2373.0
DJIA Consolidated - CHICAGO BOARD OF TRADE,2002-06-04,7034,8904,684.0,1249.0,35435,2253.0,-1870,-565.0
DJIA Consolidated - CHICAGO BOARD OF TRADE,2002-06-11,6891,7663,-143.0,-1241.0,35485,50.0,-772,1098.0
DJIA Consolidated - CHICAGO BOARD OF TRADE,2002-06-18,6157,6603,-734.0,-1060.0,38671,3186.0,-446,326.0
DJIA Consolidated - CHICAGO BOARD OF TRADE,2002-06-25,1846,6424,-4311.0,-179.0,26543,-12128.0,-4578,-4132.0
DJIA Consolidated - CHICAGO BOARD OF TRADE,2002-07-02,1483,8000,-363.0,1576.0,30210,3667.0,-6517,-1939.0
DJIA Consolidated - CHICAGO BOARD OF TRADE,2002-07-09,1902,8749,419.0,749.0,29919,-291.0,-6847,-330.0
DJIA Consolidated - CHICAGO BOARD OF TRADE,2002-07-16,2837,7511,935.0,-1238.0,32334,2415.0,-4674,2173.0
DJIA Consolidated - CHICAGO BOARD OF TRADE,2002-07-23,4853,8974,2016.0,1463.0,36896,4562.0,-4121,553.0
DJIA Consolidated - CHICAGO BOARD OF TRADE,2002-07-30,2377,9774,-2476.0,800.0,31860,-5036.0,-7397,-3276.0
DJIA Consolidated - CHICAGO BOARD OF TRADE,2002-08-06,2403,10327,26.0,553.0,34215,2355.0,-7924,-527.0
DJIA Consolidated - CHICAGO BOARD OF TRADE,2002-08-13,3342,9047,939.0,-1280.0,31586,-2629.0,-5705,2219.0
DJIA Consolidated - CHICAGO BOARD OF TRADE,2002-08-20,4265,8129,923.0,-918.0,32031,445.0,-3864,1841.0
DJIA Consolidated - CHICAGO BOARD OF TRADE,2002-08-27,4441,9523,176.0,1394.0,32814,783.0,-5082,-1218.0
DJIA Consolidated - CHICAGO BOARD OF TRADE,2002-09-03,4315,10113,-126.0,590.0,32561,-253.0,-5798,-716.0
DJIA Consolidated - CHICAGO BOARD OF TRADE,2002-09-10,3778,9227,-537.0,-886.0,35518,2957.0,-5449,349.0
DJIA Consolidated - CHICAGO BOARD OF TRADE,2002-09-17,4378,11810,600.0,2583.0,45904,10386.0,-7432,-1983.0
DJIA Consolidated - CHICAGO BOARD OF TRADE,2002-09-24,3015,10378,-1363.0,-1432.0,30077,-15827.0,-7363,69.0
DJIA Consolidated - CHICAGO BOARD OF TRADE,2002-10-01,3578,9950,563.0,-428.0,29561,-516.0,-6372,991.0
DJIA Consolidated - CHICAGO BOARD OF TRADE,2002-10-08,5023,10995,1445.0,1045.0,32763,3202.0,-5972,400.0
DJIA Consolidated - CHICAGO BOARD OF TRADE,2002-10-15,4907,11902,-116.0,907.0,32007,-756.0,-6995,-1023.0
DJIA Consolidated - CHICAGO BOARD OF TRADE,2002-10-22,4830,8746,-77.0,-3156.0,31636,-371.0,-3916,3079.0
DJIA Consolidated - CHICAGO BOARD OF TRADE,2002-10-29,5907,8882,1077.0,136.0,33640,2004.0,-2975,941.0
DJIA Consolidated - CHICAGO BOARD OF TRADE,2002-11-05,6018,9218,111.0,336.0,33816,176.0,-3200,-225.0
DJIA Consolidated - CHICAGO BOARD OF TRADE,2002-11-12,5529,10082,-489.0,864.0,33789,-27.0,-4553,-1353.0
DJIA Consolidated - CHICAGO BOARD OF TRADE,2002-11-19,5515,9534,-14.0,-548.0,33694,-95.0,-4019,534.0
DJIA Consolidated - CHICAGO BOARD OF TRADE,2002-11-26,6227,7905,712.0,-1629.0,33811,117.0,-1678,2341.0
DJIA Consolidated - CHICAGO BOARD OF TRADE,2002-12-03,6493,7346,266.0,-559.0,32945,-866.0,-853,825.0
DJIA Consolidated - CHICAGO BOARD OF TRADE,2002-12-10,7404,7493,911.0,147.0,33566,621.0,-89,764.0
DJIA Consolidated - CHICAGO BOARD OF TRADE,2002-12-17,7789,7419,385.0,-74.0,38697,5131.0,370,459.0
DJIA Consolidated - CHICAGO BOARD OF TRADE,2002-12-23,3257,5433,-4532.0,-1986.0,23114,-15583.0,-2176,-2546.0
DJIA Consolidated - CHICAGO BOARD OF TRADE,2002-12-31,2850,5981,-407.0,548.0,24103,989.0,-3131,-955.0
DJIA Consolidated - CHICAGO BOARD OF TRADE,2003-01-07,3480,4986,630.0,-995.0,24864,761.0,-1506,1625.0
DJIA Consolidated - CHICAGO BOARD OF TRADE,2003-01-14,3818,6050,338.0,1064.0,26765,1901.0,-2232,-726.0
DJIA Consolidated - CHICAGO BOARD OF TRADE,2003-01-21,4377,7085,559.0,1035.0,27140,375.0,-2708,-476.0
DJIA Consolidated - CHICAGO BOARD OF TRADE,2003-01-28,5614,7055,1237.0,-30.0,27229,89.0,-1441,1267.0
DJIA Consolidated - CHICAGO BOARD OF TRADE,2003-02-04,5200,6723,-414.0,-332.0,28136,907.0,-1523,-82.0
DJIA Consolidated - CHICAGO BOARD OF TRADE,2003-02-11,5508,9624,308.0,2901.0,31328,3192.0,-4116,-2593.0
DJIA Consolidated - CHICAGO BOARD OF TRADE,2003-02-18,5942,9403,434.0,-221.0,30796,-532.0,-3461,655.0
DJIA Consolidated - CHICAGO BOARD OF TRADE,2003-02-25,5599,9867,-343.0,464.0,30801,5.0,-4268,-807.0
DJIA Consolidated - CHICAGO BOARD OF TRADE,2003-03-04,6175,11935,576.0,2068.0,33782,2981.0,-5760,-1492.0
DJIA Consolidated - CHICAGO BOARD OF TRADE,2003-03-11,6603,11781,428.0,-154.0,35570,1788.0,-5178,582.0
DJIA Consolidated - CHICAGO BOARD OF TRADE,2003-03-18,6216,12489,-387.0,708.0,42301,6731.0,-6273,-1095.0
DJIA Consolidated - CHICAGO BOARD OF TRADE,2003-03-25,3602,10497,-2614.0,-1992.0,28791,-13510.0,-6895,-622.0
DJIA Consolidated - CHICAGO BOARD OF TRADE,2003-04-01,3865,7944,263.0,-2553.0,28712,-79.0,-4079,2816.0
DJIA Consolidated - CHICAGO BOARD OF TRADE,2003-04-08,4405,8277,540.0,333.0,29328,616.0,-3872,207.0
DJIA Consolidated - CHICAGO BOARD OF TRADE,2003-04-15,5233,9031,828.0,754.0,31446,2118.0,-3798,74.0
DJIA Consolidated - CHICAGO BOARD OF TRADE,2003-04-22,6647,8645,1414.0,-386.0,32230,784.0,-1998,1800.0
DJIA Consolidated - CHICAGO BOARD OF TRADE,2003-04-29,7025,9346,378.0,701.0,32889,659.0,-2321,-323.0
DJIA Consolidated - CHICAGO BOARD OF TRADE,2003-05-06,7943,10334,918.0,988.0,33433,544.0,-2391,-70.0
DJIA Consolidated - CHICAGO BOARD OF TRADE,2003-05-13,8047,10731,104.0,397.0,35011,1578.0,-2684,-293.0
DJIA Consolidated - CHICAGO BOARD OF TRADE,2003-05-20,7382,9758,-665.0,-973.0,34827,-184.0,-2376,308.0
DJIA Consolidated - CHICAGO BOARD OF TRADE,2003-05-27,8603,10635,1221.0,877.0,36536,1709.0,-2032,344.0
DJIA Consolidated - CHICAGO BOARD OF TRADE,2003-06-03,8286,11079,-317.0,444.0,36317,-219.0,-2793,-761.0
DJIA Consolidated - CHICAGO BOARD OF TRADE,2003-06-10,8658,10415,372.0,-664.0,34963,-1354.0,-1757,1036.0
DJIA Consolidated - CHICAGO BOARD OF TRADE,2003-06-17,8478,10204,-180.0,-211.0,41145,6182.0,-1726,31.0
DJIA Consolidated - CHICAGO BOARD OF TRADE,2003-06-24,5876,12192,-2602.0,1988.0,31469,-9676.0,-6316,-4590.0
DJIA Consolidated - CHICAGO BOARD OF TRADE,2003-07-01,6061,13671,185.0,1479.0,32774,1305.0,-7610,-1294.0
DJIA Consolidated - CHICAGO BOARD OF TRADE,2003-07-08,7281,13085,1220.0,-586.0,33520,746.0,-5804,1806.0
DJIA Consolidated - CHICAGO BOARD OF TRADE,2003-07-15,7723,17233,442.0,4148.0,35255,1735.0,-9510,-3706.0
DJIA Consolidated - CHICAGO BOARD OF TRADE,2003-07-22,8726,17960,1003.0,727.0,38080,2825.0,-9234,276.0
DJIA Consolidated - CHICAGO BOARD OF TRADE,2003-07-29,9894,18161,1168.0,201.0,41669,3589.0,-8267,967.0
DJIA Consolidated - CHICAGO BOARD OF TRADE,2003-08-05,9358,19369,-536.0,1208.0,40048,-1621.0,-10011,-1744.0
DJIA Consolidated - CHICAGO BOARD OF TRADE,2003-08-12,10769,19518,1411.0,149.0,43834,3786.0,-8749,1262.0
DJIA Consolidated - CHICAGO BOARD OF TRADE,2003-08-19,10452,20422,-317.0,904.0,44505,671.0,-9970,-1221.0
DJIA Consolidated - CHICAGO BOARD OF TRADE,2003-08-26,11546,21162,1094.0,740.0,45561,1056.0,-9616,354.0
DJIA Consolidated - CHICAGO BOARD OF TRADE,2003-09-02,12342,20584,796.0,-578.0,47245,1684.0,-8242,1374.0
DJIA Consolidated - CHICAGO BOARD OF TRADE,2003-09-09,11687,20371,-655.0,-213.0,47326,81.0,-8684,-442.0
DJIA Consolidated - CHICAGO BOARD OF TRADE,2003-09-16,10014,19314,-1673.0,-1057.0,48513,1187.0,-9300,-616.0
DJIA Consolidated - CHICAGO BOARD OF TRADE,2003-09-23,7434,13948,-2580.0,-5366.0,31478,-17035.0,-6514,2786.0
DJIA Consolidated - CHICAGO BOARD OF TRADE,2003-09-30,7280,14362,-154.0,414.0,32401,923.0,-7082,-568.0
DJIA Consolidated - CHICAGO BOARD OF TRADE,2003-10-07,8492,14723,1212.0,361.0,33203,802.0,-6231,851.0
DJIA Consolidated - CHICAGO BOARD OF TRADE,2003-10-14,9220,14314,728.0,-409.0,33201,-2.0,-5094,1137.0
DJIA Consolidated - CHICAGO BOARD OF TRADE,2003-10-21,9395,13784,175.0,-530.0,32649,-552.0,-4389,705.0
DJIA Consolidated - CHICAGO BOARD OF TRADE,2003-10-28,8787,14356,-608.0,572.0,36291,3642.0,-5569,-1180.0
DJIA Consolidated - CHICAGO BOARD OF TRADE,2003-11-04,8913,14705,126.0,349.0,37502,1211.0,-5792,-223.0
DJIA Consolidated - CHICAGO BOARD OF TRADE,2003-11-11,8480,14933,-433.0,228.0,36615,-887.0,-6453,-661.0
DJIA Consolidated - CHICAGO BOARD OF TRADE,2003-11-18,8624,15338,144.0,405.0,36914,299.0,-6714,-261.0
DJIA Consolidated - CHICAGO BOARD OF TRADE,2003-11-25,9048,14914,424.0,-424.0,38207,1293.0,-5866,848.0
DJIA Consolidated - CHICAGO BOARD OF TRADE,2003-12-02,8496,14610,-552.0,-304.0,38256,49.0,-6114,-248.0
DJIA Consolidated - CHICAGO BOARD OF TRADE,2003-12-09,9347,12643,851.0,-1967.0,39395,1139.0,-3296,2818.0
DJIA Consolidated - CHICAGO BOARD OF TRADE,2003-12-16,12971,12464,3624.0,-179.0,50801,11406.0,507,3803.0
DJIA Consolidated - CHICAGO BOARD OF TRADE,2003-12-22,10661,12683,-2310.0,219.0,32181,-18620.0,-2022,-2529.0
DJIA Consolidated - CHICAGO BOARD OF TRADE,2003-12-30,9531,13604,-1130.0,921.0,32113,-68.0,-4073,-2051.0
DJIA Consolidated - CHICAGO BOARD OF TRADE,2004-01-06,11222,15030,1691.0,1426.0,33134,1021.0,-3808,265.0
DJIA Consolidated - CHICAGO BOARD OF TRADE,2004-01-13,11014,15317,-208.0,287.0,34513,1379.0,-4303,-495.0
DJIA Consolidated - CHICAGO BOARD OF TRADE,2004-01-20,11618,14654,604.0,-663.0,34593,80.0,-3036,1267.0
DJIA Consolidated - CHICAGO BOARD OF TRADE,2004-01-27,11461,14461,-157.0,-193.0,35746,1153.0,-3000,36.0
DJIA Consolidated - CHICAGO BOARD OF TRADE,2004-02-03,12803,14188,1342.0,-273.0,37455,1709.0,-1385,1615.0
DJIA Consolidated - CHICAGO BOARD OF TRADE,2004-02-10,13979,15816,1176.0,1628.0,43022,5567.0,-1837,-452.0
DJIA Consolidated - CHICAGO BOARD OF TRADE,2004-02-17,13246,15935,-733.0,119.0,45465,2443.0,-2689,-852.0
DJIA Consolidated - CHICAGO BOARD OF TRADE,2004-02-24,12868,17716,-378.0,1781.0,47155,1690.0,-4848,-2159.0
DJIA Consolidated - CHICAGO BOARD OF TRADE,2004-03-02,14362,18814,1494.0,1098.0,49452,2297.0,-4452,396.0
DJIA Consolidated - CHICAGO BOARD OF TRADE,2004-03-09,15393,17309,1031.0,-1505.0,50092,640.0,-1916,2536.0
DJIA Consolidated - CHICAGO BOARD OF TRADE,2004-03-16,13150,16985,-2243.0,-324.0,67666,17574.0,-3835,-1919.0
DJIA Consolidated - CHICAGO BOARD OF TRADE,2004-03-23,10674,13213,-2476.0,-3772.0,42791,-24875.0,-2539,1296.0
DJIA Consolidated - CHICAGO BOARD OF TRADE,2004-03-30,11751,13522,1077.0,309.0,43135,344.0,-1771,768.0
DJIA Consolidated - CHICAGO BOARD OF TRADE,2004-04-06,14212,14436,2461.0,914.0,45411,2276.0,-224,1547.0
DJIA Consolidated - CHICAGO BOARD OF TRADE,2004-04-12,13623,13062,-589.0,-1374.0,44082,-1329.0,561,785.0
DJIA Consolidated - CHICAGO BOARD OF TRADE,2004-04-20,14239,12752,616.0,-310.0,45214,1132.0,1487,926.0
DJIA Consolidated - CHICAGO BOARD OF TRADE,2004-04-27,13891,12688,-348.0,-64.0,44437,-777.0,1203,-284.0
DJIA Consolidated - CHICAGO BOARD OF TRADE,2004-05-04,12800,13022,-1091.0,334.0,44140,-297.0,-222,-1425.0
DJIA Consolidated - CHICAGO BOARD OF TRADE,2004-05-11,13676,14152,876.0,1130.0,44081,-59.0,-476,-254.0
DJIA Consolidated - CHICAGO BOARD OF TRADE,2004-05-18,12419,14739,-1257.0,587.0,44846,765.0,-2320,-1844.0
DJIA Consolidated - CHICAGO BOARD OF TRADE,2004-05-25,13167,15122,748.0,383.0,47582,2736.0,-1955,365.0
DJIA Consolidated - CHICAGO BOARD OF TRADE,2004-06-01,12277,14260,-890.0,-862.0,45814,-1768.0,-1983,-28.0
DJIA Consolidated - CHICAGO BOARD OF TRADE,2004-06-08,15065,15774,2788.0,1514.0,48572,2758.0,-709,1274.0
DJIA Consolidated - CHICAGO BOARD OF TRADE,2004-06-15,14804,13465,-261.0,-2309.0,60693,12121.0,1339,2048.0
DJIA Consolidated - CHICAGO BOARD OF TRADE,2004-06-22,9296,14180,-5508.0,715.0,41770,-18923.0,-4884,-6223.0
DJIA Consolidated - CHICAGO BOARD OF TRADE,2004-06-29,9518,13532,222.0,-648.0,41782,12.0,-4014,870.0
DJIA Consolidated - CHICAGO BOARD OF TRADE,2004-07-06,9769,13950,251.0,418.0,43015,1233.0,-4181,-167.0
DJIA Consolidated - CHICAGO BOARD OF TRADE,2004-07-13,10200,13624,431.0,-326.0,43375,360.0,-3424,757.0
DJIA Consolidated - CHICAGO BOARD OF TRADE,2004-07-20,8529,13657,-1671.0,33.0,41409,-1966.0,-5128,-1704.0
DJIA Consolidated - CHICAGO BOARD OF TRADE,2004-07-27,8038,13399,-491.0,-258.0,41061,-348.0,-5361,-233.0
DJIA Consolidated - CHICAGO BOARD OF TRADE,2004-08-03,8222,12424,184.0,-975.0,42743,1682.0,-4202,1159.0
DJIA Consolidated - CHICAGO BOARD OF TRADE,2004-08-10,7441,13043,-781.0,619.0,44539,1796.0,-5602,-1400.0
DJIA Consolidated - CHICAGO BOARD OF TRADE,2004-08-17,8530,13291,1089.0,248.0,43218,-1321.0,-4761,841.0
DJIA Consolidated - CHICAGO BOARD OF TRADE,2004-08-24,7749,10687,-781.0,-2604.0,40630,-2588.0,-2938,1823.0
DJIA Consolidated - CHICAGO BOARD OF TRADE,2004-08-31,7649,10087,-100.0,-600.0,40152,-478.0,-2438,500.0
DJIA Consolidated - CHICAGO BOARD OF TRADE,2004-09-07,9635,10775,1986.0,688.0,42836,2684.0,-1140,1298.0
DJIA Consolidated - CHICAGO BOARD OF TRADE,2004-09-14,10148,10936,513.0,161.0,60536,17700.0,-788,352.0
DJIA Consolidated - CHICAGO BOARD OF TRADE,2004-09-21,9463,10475,-685.0,-461.0,43671,-16865.0,-1012,-224.0
DJIA Consolidated - CHICAGO BOARD OF TRADE,2004-09-28,8433,10096,-1030.0,-379.0,42047,-1624.0,-1663,-651.0
DJIA Consolidated - CHICAGO BOARD OF TRADE,2004-10-05,8753,10094,320.0,-2.0,40602,-1445.0,-1341,322.0
DJIA Consolidated - CHICAGO BOARD OF TRADE,2004-10-12,8895,9504,142.0,-590.0,40692,90.0,-609,732.0
DJIA Consolidated - CHICAGO BOARD OF TRADE,2004-10-19,8750,11913,-145.0,2409.0,41243,551.0,-3163,-2554.0
DJIA Consolidated - CHICAGO BOARD OF TRADE,2004-10-26,11282,13833,2532.0,1920.0,43890,2647.0,-2551,612.0
DJIA Consolidated - CHICAGO BOARD OF TRADE,2004-11-02,10129,12437,-1153.0,-1396.0,41964,-1926.0,-2308,243.0
DJIA Consolidated - CHICAGO BOARD OF TRADE,2004-11-09,11357,11439,1228.0,-998.0,40646,-1318.0,-82,2226.0
DJIA Consolidated - CHICAGO BOARD OF TRADE,2004-11-16,15270,12934,3913.0,1495.0,43230,2584.0,2336,2418.0
DJIA Consolidated - CHICAGO BOARD OF TRADE,2004-11-23,18776,13300,3506.0,366.0,47181,3951.0,5476,3140.0
DJIA Consolidated - CHICAGO BOARD OF TRADE,2004-11-30,20428,14842,1652.0,1542.0,48850,1669.0,5586,110.0
DJIA Consolidated - CHICAGO BOARD OF TRADE,2004-12-07,20321,14260,-107.0,-582.0,51408,2558.0,6061,475.0
DJIA Consolidated - CHICAGO BOARD OF TRADE,2004-12-14,20027,12747,-294.0,-1513.0,71575,20167.0,7280,1219.0
DJIA Consolidated - CHICAGO BOARD OF TRADE,2004-12-21,17706,9312,-2321.0,-3435.0,48226,-23349.0,8394,1114.0
DJIA Consolidated - CHICAGO BOARD OF TRADE,2004-12-28,19620,9541,1914.0,229.0,49296,1070.0,10079,1685.0
DJIA Consolidated - CHICAGO BOARD OF TRADE,2005-01-04,19663,9021,43.0,-520.0,49580,284.0,10642,563.0
DJIA Consolidated - CHICAGO BOARD OF TRADE,2005-01-11,17169,9607,-2494.0,586.0,47667,-1913.0,7562,-3080.0
DJIA Consolidated - CHICAGO BOARD OF TRADE,2005-01-18,14891,8689,-2278.0,-918.0,46582,-1085.0,6202,-1360.0
DJIA Consolidated - CHICAGO BOARD OF TRADE,2005-01-25,13479,9905,-1412.0,1216.0,48169,1587.0,3574,-2628.0
DJIA Consolidated - CHICAGO BOARD OF TRADE,2005-02-01,12528,8634,-951.0,-1271.0,47494,-675.0,3894,320.0
DJIA Consolidated - CHICAGO BOARD OF TRADE,2005-02-08,12607,3171,79.0,-5463.0,47943,449.0,9436,5542.0
DJIA Consolidated - CHICAGO BOARD OF TRADE,2005-02-15,14115,3342,1508.0,171.0,48852,909.0,10773,1337.0
DJIA Consolidated - CHICAGO BOARD OF TRADE,2005-02-22,14011,3130,-104.0,-212.0,49043,191.0,10881,108.0
DJIA Consolidated - CHICAGO BOARD OF TRADE,2005-03-01,16505,2843,2494.0,-287.0,52811,3768.0,13662,2781.0
DJIA Consolidated - CHICAGO BOARD OF TRADE,2005-03-08,16664,2468,159.0,-375.0,55277,2466.0,14196,534.0
DJIA Consolidated - CHICAGO BOARD OF TRADE,2005-03-15,14602,3648,-2062.0,1180.0,63337,8060.0,10954,-3242.0
DJIA Consolidated - CHICAGO BOARD OF TRADE,2005-03-22,10008,5153,-4594.0,1505.0,38488,-24849.0,4855,-6099.0
DJIA Consolidated - CHICAGO BOARD OF TRADE,2005-03-29,9745,6152,-263.0,999.0,38330,-158.0,3593,-1262.0
DJIA Consolidated - CHICAGO BOARD OF TRADE,2005-04-05,9412,10806,-333.0,4654.0,38218,-112.0,-1394,-4987.0
DJIA Consolidated - CHICAGO BOARD OF TRADE,2005-04-12,9350,11718,-62.0,912.0,38782,564.0,-2368,-974.0
DJIA Consolidated - CHICAGO BOARD OF TRADE,2005-04-19,8794,11919,-556.0,201.0,40514,1732.0,-3125,-757.0
DJIA Consolidated - CHICAGO BOARD OF TRADE,2005-04-26,10150,11715,1356.0,-204.0,41273,759.0,-1565,1560.0
DJIA Consolidated - CHICAGO BOARD OF TRADE,2005-05-03,10839,5111,689.0,-6604.0,41616,343.0,5728,7293.0
DJIA Consolidated - CHICAGO BOARD OF TRADE,2005-05-10,10577,5105,-262.0,-6.0,41556,-60.0,5472,-256.0
DJIA Consolidated - CHICAGO BOARD OF TRADE,2005-05-17,10790,5137,213.0,32.0,41137,-419.0,5653,181.0
DJIA Consolidated - CHICAGO BOARD OF TRADE,2005-05-24,11934,4911,1144.0,-226.0,41433,296.0,7023,1370.0
DJIA Consolidated - CHICAGO BOARD OF TRADE,2005-05-31,12665,4551,731.0,-360.0,39970,-1463.0,8114,1091.0
DJIA Consolidated - CHICAGO BOARD OF TRADE,2005-06-07,12354,4777,-311.0,226.0,42498,2528.0,7577,-537.0
DJIA Consolidated - CHICAGO BOARD OF TRADE,2005-06-14,12595,4039,241.0,-738.0,51592,9094.0,8556,979.0
DJIA Consolidated - CHICAGO BOARD OF TRADE,2005-06-21,6489,2963,-6106.0,-1076.0,28121,-23471.0,3526,-5030.0
DJIA Consolidated - CHICAGO BOARD OF TRADE,2005-06-28,5334,3619,-1155.0,656.0,27798,-323.0,1715,-1811.0
DJIA Consolidated - CHICAGO BOARD OF TRADE,2005-07-05,5905,5108,571.0,1489.0,28220,422.0,797,-918.0
DJIA Consolidated - CHICAGO BOARD OF TRADE,2005-07-12,6845,4760,940.0,-348.0,29018,798.0,2085,1288.0
DJIA Consolidated - CHICAGO BOARD OF TRADE,2005-07-19,6802,4719,-43.0,-41.0,28218,-800.0,2083,-2.0
DJIA Consolidated - CHICAGO BOARD OF TRADE,2005-07-26,7903,5125,1101.0,406.0,29956,1738.0,2778,695.0
DJIA Consolidated - CHICAGO BOARD OF TRADE,2005-08-02,8248,5649,345.0,524.0,30723,767.0,2599,-179.0
DJIA Consolidated - CHICAGO BOARD OF TRADE,2005-08-09,8732,5593,484.0,-56.0,30910,187.0,3139,540.0
DJIA Consolidated - CHICAGO BOARD OF TRADE,2005-08-16,8526,6217,-206.0,624.0,31470,560.0,2309,-830.0
DJIA Consolidated - CHICAGO BOARD OF TRADE,2005-08-23,7904,5872,-622.0,-345.0,31152,-318.0,2032,-277.0
DJIA Consolidated - CHICAGO BOARD OF TRADE,2005-08-30,6901,6058,-1003.0,186.0,30433,-719.0,843,-1189.0
DJIA Consolidated - CHICAGO BOARD OF TRADE,2005-09-06,7557,5044,656.0,-1014.0,33980,3547.0,2513,1670.0
DJIA Consolidated - CHICAGO BOARD OF TRADE,2005-09-13,7995,6176,438.0,1132.0,51740,17760.0,1819,-694.0
DJIA Consolidated - CHICAGO BOARD OF TRADE,2005-09-20,3790,6958,-4205.0,782.0,33616,-18124.0,-3168,-4987.0
DJIA Consolidated - CHICAGO BOARD OF TRADE,2005-09-27,4323,7029,533.0,71.0,34568,952.0,-2706,462.0
DJIA Consolidated - CHICAGO BOARD OF TRADE,2005-10-04,4954,6318,631.0,-711.0,35810,1242.0,-1364,1342.0
DJIA Consolidated - CHICAGO BOARD OF TRADE,2005-10-11,4053,6057,-901.0,-261.0,34940,-870.0,-2004,-640.0
DJIA Consolidated - CHICAGO BOARD OF TRADE,2005-10-18,5880,7140,1827.0,1083.0,36278,1338.0,-1260,744.0
DJIA Consolidated - CHICAGO BOARD OF TRADE,2005-10-25,4841,8985,-1039.0,1845.0,37850,1572.0,-4144,-2884.0
DJIA Consolidated - CHICAGO BOARD OF TRADE,2005-11-01,5130,8498,289.0,-487.0,37620,-230.0,-3368,776.0
DJIA Consolidated - CHICAGO BOARD OF TRADE,2005-11-08,5702,7763,572.0,-735.0,37543,-77.0,-2061,1307.0
DJIA Consolidated - CHICAGO BOARD OF TRADE,2005-11-15,6349,8596,647.0,833.0,37458,-85.0,-2247,-186.0
DJIA Consolidated - CHICAGO BOARD OF TRADE,2005-11-22,10410,6182,4061.0,-2414.0,37815,357.0,4228,6475.0
DJIA Consolidated - CHICAGO BOARD OF TRADE,2005-11-29,10573,6686,163.0,504.0,38981,1166.0,3887,-341.0
DJIA Consolidated - CHICAGO BOARD OF TRADE,2005-12-06,11234,6950,661.0,264.0,41472,2491.0,4284,397.0
DJIA Consolidated - CHICAGO BOARD OF TRADE,2005-12-13,12621,8376,1387.0,1426.0,64269,22797.0,4245,-39.0
DJIA Consolidated - CHICAGO BOARD OF TRADE,2005-12-20,11274,6096,-1347.0,-2280.0,37594,-26675.0,5178,933.0
DJIA Consolidated - CHICAGO BOARD OF TRADE,2005-12-27,11076,6295,-198.0,199.0,37962,368.0,4781,-397.0
DJIA Consolidated - CHICAGO BOARD OF TRADE,2006-01-03,9654,6555,-1422.0,260.0,37453,-509.0,3099,-1682.0
DJIA Consolidated - CHICAGO BOARD OF TRADE,2006-01-10,11448,6514,1794.0,-41.0,41607,4154.0,4934,1835.0
DJIA Consolidated - CHICAGO BOARD OF TRADE,2006-01-17,11401,6552,-47.0,38.0,40565,-1042.0,4849,-85.0
DJIA Consolidated - CHICAGO BOARD OF TRADE,2006-01-24,8773,6545,-2628.0,-7.0,39472,-1093.0,2228,-2621.0
DJIA Consolidated - CHICAGO BOARD OF TRADE,2006-01-31,9717,6041,944.0,-504.0,39195,-277.0,3676,1448.0
DJIA Consolidated - CHICAGO BOARD OF TRADE,2006-02-07,9376,6919,-341.0,878.0,38482,-713.0,2457,-1219.0
DJIA Consolidated - CHICAGO BOARD OF TRADE,2006-02-14,9558,6588,182.0,-331.0,38661,179.0,2970,513.0
DJIA Consolidated - CHICAGO BOARD OF TRADE,2006-02-21,12530,8744,2972.0,2156.0,42617,3956.0,3786,816.0
DJIA Consolidated - CHICAGO BOARD OF TRADE,2006-02-28,11751,8482,-779.0,-262.0,41873,-744.0,3269,-517.0
DJIA Consolidated - CHICAGO BOARD OF TRADE,2006-03-07,11998,8755,247.0,273.0,43612,1739.0,3243,-26.0
DJIA Consolidated - CHICAGO BOARD OF TRADE,2006-03-14,11900,7709,-98.0,-1046.0,56527,12915.0,4191,948.0
DJIA Consolidated - CHICAGO BOARD OF TRADE,2006-03-21,10242,7469,-1658.0,-240.0,41058,-15469.0,2773,-1418.0
DJIA Consolidated - CHICAGO BOARD OF TRADE,2006-03-28,10127,7358,-115.0,-111.0,39493,-1565.0,2769,-4.0
DJIA Consolidated - CHICAGO BOARD OF TRADE,2006-04-04,9686,7443,-441.0,85.0,39682,189.0,2243,-526.0
DJIA Consolidated - CHICAGO BOARD OF TRADE,2006-04-11,10129,6931,443.0,-512.0,43498,3816.0,3198,955.0
DJIA Consolidated - CHICAGO BOARD OF TRADE,2006-04-18,11035,7174,906.0,243.0,44388,890.0,3861,663.0
DJIA Consolidated - CHICAGO BOARD OF TRADE,2006-04-25,11819,7590,784.0,416.0,45502,1114.0,4229,368.0
DJIA Consolidated - CHICAGO BOARD OF TRADE,2006-05-02,12687,7194,868.0,-396.0,45692,190.0,5493,1264.0
DJIA Consolidated - CHICAGO BOARD OF TRADE,2006-05-09,12090,6856,-597.0,-338.0,45667,-25.0,5234,-259.0
DJIA Consolidated - CHICAGO BOARD OF TRADE,2006-05-16,14434,6389,2344.0,-467.0,47752,2085.0,8045,2811.0
DJIA Consolidated - CHICAGO BOARD OF TRADE,2006-05-23,12094,7478,-2340.0,1089.0,45283,-2469.0,4616,-3429.0
DJIA Consolidated - CHICAGO BOARD OF TRADE,2006-05-30,12527,7243,433.0,-235.0,44807,-476.0,5284,668.0
DJIA Consolidated - CHICAGO BOARD OF TRADE,2006-06-06,11526,7746,-1001.0,503.0,46634,1827.0,3780,-1504.0
DJIA Consolidated - CHICAGO BOARD OF TRADE,2006-06-13,11198,6471,-328.0,-1275.0,64302,17668.0,4727,947.0
DJIA Consolidated - CHICAGO BOARD OF TRADE,2006-06-20,13573,3855,2375.0,-2616.0,54218,-10084.0,9718,4991.0
DJIA Consolidated - CHICAGO BOARD OF TRADE,2006-06-27,13435,3453,-138.0,-402.0,53658,-560.0,9982,264.0
DJIA Consolidated - CHICAGO BOARD OF TRADE,2006-07-03,13736,3453,301.0,0.0,54276,618.0,10283,301.0
DJIA Consolidated - CHICAGO BOARD OF TRADE,2006-07-11,14232,3666,496.0,213.0,55304,1028.0,10566,283.0
DJIA Consolidated - CHICAGO BOARD OF TRADE,2006-07-18,13995,4559,-237.0,893.0,56643,1339.0,9436,-1130.0
DJIA Consolidated - CHICAGO BOARD OF TRADE,2006-07-25,11969,3381,-2026.0,-1178.0,57547,904.0,8588,-848.0
DJIA Consolidated - CHICAGO BOARD OF TRADE,2006-08-01,10710,3525,-1259.0,144.0,57602,55.0,7185,-1403.0
DJIA Consolidated - CHICAGO BOARD OF TRADE,2006-08-08,11077,3505,367.0,-20.0,58077,475.0,7572,387.0
DJIA Consolidated - CHICAGO BOARD OF TRADE,2006-08-15,11777,4048,700.0,543.0,57839,-238.0,7729,157.0
DJIA Consolidated - CHICAGO BOARD OF TRADE,2006-08-22,12308,4455,531.0,407.0,59729,1890.0,7853,124.0
DJIA Consolidated - CHICAGO BOARD OF TRADE,2006-08-29,12772,4609,464.0,154.0,60343,614.0,8163,310.0
DJIA Consolidated - CHICAGO BOARD OF TRADE,2006-09-05,12283,5268,-489.0,659.0,61234,891.0,7015,-1148.0
DJIA Consolidated - CHICAGO BOARD OF TRADE,2006-09-12,15009,5886,2726.0,618.0,77243,16009.0,9123,2108.0
DJIA Consolidated - CHICAGO BOARD OF TRADE,2006-09-19,11533,7244,-3476.0,1358.0,54844,-22399.0,4289,-4834.0
DJIA Consolidated - CHICAGO BOARD OF TRADE,2006-09-26,12763,7371,1230.0,127.0,55851,1007.0,5392,1103.0
DJIA Consolidated - CHICAGO BOARD OF TRADE,2006-10-03,14567,9041,1804.0,1670.0,59809,3958.0,5526,134.0
DJIA Consolidated - CHICAGO BOARD OF TRADE,2006-10-10,16474,9920,1907.0,879.0,61300,1491.0,6554,1028.0
DJIA Consolidated - CHICAGO BOARD OF TRADE,2006-10-17,16643,11574,169.0,1654.0,62077,777.0,5069,-1485.0
DJIA Consolidated - CHICAGO BOARD OF TRADE,2006-10-24,17269,11915,626.0,341.0,63441,1364.0,5354,285.0
DJIA Consolidated - CHICAGO BOARD OF TRADE,2006-10-31,18080,12167,811.0,252.0,62777,-664.0,5913,559.0
DJIA Consolidated - CHICAGO BOARD OF TRADE,2006-11-07,17579,11943,-501.0,-224.0,63187,410.0,5636,-277.0
DJIA Consolidated - CHICAGO BOARD OF TRADE,2006-11-14,17479,13005,-100.0,1062.0,62320,-867.0,4474,-1162.0
DJIA Consolidated - CHICAGO BOARD OF TRADE,2006-11-21,18471,13084,992.0,79.0,61842,-478.0,5387,913.0
DJIA Consolidated - CHICAGO BOARD OF TRADE,2006-11-28,17688,13169,-783.0,85.0,61964,122.0,4519,-868.0
DJIA Consolidated - CHICAGO BOARD OF TRADE,2006-12-05,18215,12532,527.0,-637.0,65253,3289.0,5683,1164.0
DJIA Consolidated - CHICAGO BOARD OF TRADE,2006-12-12,19905,13749,1690.0,1217.0,93481,28228.0,6156,473.0
DJIA Consolidated - CHICAGO BOARD OF TRADE,2006-12-19,27401,7514,7496.0,-6235.0,65761,-27720.0,19887,13731.0
DJIA Consolidated - CHICAGO BOARD OF TRADE,2006-12-26,27474,7924,73.0,410.0,65298,-463.0,19550,-337.0
DJIA Consolidated - CHICAGO BOARD OF TRADE,2007-01-03,24385,6697,-3089.0,-1227.0,64476,-822.0,17688,-1862.0
DJIA Consolidated - CHICAGO BOARD OF TRADE,2007-01-09,24775,7424,390.0,727.0,66717,2241.0,17351,-337.0
DJIA Consolidated - CHICAGO BOARD OF TRADE,2007-01-16,25565,5611,790.0,-1813.0,66534,-183.0,19954,2603.0
DJIA Consolidated - CHICAGO BOARD OF TRADE,2007-01-23,26608,4900,1043.0,-711.0,68640,2106.0,21708,1754.0
DJIA Consolidated - CHICAGO BOARD OF TRADE,2007-01-30,27491,5467,883.0,567.0,70239,1599.0,22024,316.0
DJIA Consolidated - CHICAGO BOARD OF TRADE,2007-02-06,29631,7114,2140.0,1647.0,71833,1594.0,22517,493.0
DJIA Consolidated - CHICAGO BOARD OF TRADE,2007-02-13,29543,7269,-88.0,155.0,71945,112.0,22274,-243.0
DJIA Consolidated - CHICAGO BOARD OF TRADE,2007-02-20,33021,7679,3478.0,410.0,74991,3046.0,25342,3068.0
DJIA Consolidated - CHICAGO BOARD OF TRADE,2007-02-27,31622,6930,-1399.0,-749.0,74274,-717.0,24692,-650.0
DJIA Consolidated - CHICAGO BOARD OF TRADE,2007-03-06,31585,5844,-37.0,-1086.0,72764,-1510.0,25741,1049.0
DJIA Consolidated - CHICAGO BOARD OF TRADE,2007-03-13,30845,6269,-740.0,425.0,78601,5837.0,24576,-1165.0
DJIA Consolidated - CHICAGO BOARD OF TRADE,2007-03-20,16207,4871,-14638.0,-1398.0,38457,-40144.0,11336,-13240.0
DJIA Consolidated - CHICAGO BOARD OF TRADE,2007-03-27,16329,4941,122.0,70.0,38818,361.0,11388,52.0
DJIA Consolidated - CHICAGO BOARD OF TRADE,2007-04-03,16767,6196,438.0,1255.0,40143,1325.0,10571,-817.0
DJIA Consolidated - CHICAGO BOARD OF TRADE,2007-04-10,16952,6503,185.0,307.0,40463,320.0,10449,-122.0
DJIA Consolidated - CHICAGO BOARD OF TRADE,2007-04-17,16202,6598,-750.0,95.0,41084,621.0,9604,-845.0
DJIA Consolidated - CHICAGO BOARD OF TRADE,2007-04-24,18451,6481,2249.0,-117.0,42484,1400.0,11970,2366.0
DJIA Consolidated - CHICAGO BOARD OF TRADE,2007-05-01,23064,9435,4613.0,2954.0,47954,5470.0,13629,1659.0
DJIA Consolidated - CHICAGO BOARD OF TRADE,2007-05-08,21272,10393,-1792.0,958.0,47114,-840.0,10879,-2750.0
DJIA Consolidated - CHICAGO BOARD OF TRADE,2007-05-15,22129,10340,857.0,-53.0,48174,1060.0,11789,910.0
DJIA Consolidated - CHICAGO BOARD OF TRADE,2007-05-22,23275,10534,1146.0,194.0,48620,446.0,12741,952.0
DJIA Consolidated - CHICAGO BOARD OF TRADE,2007-05-29,23407,10136,132.0,-398.0,50267,1647.0,13271,530.0
DJIA Consolidated - CHICAGO BOARD OF TRADE,2007-06-05,25005,12097,1598.0,1961.0,52559,2292.0,12908,-363.0
DJIA Consolidated - CHICAGO BOARD OF TRADE,2007-06-12,23825,10758,-1180.0,-1339.0,60042,7483.0,13067,159.0
DJIA Consolidated - CHICAGO BOARD OF TRADE,2007-06-19,11481,12899,-12344.0,2141.0,32575,-27467.0,-1418,-14485.0
DJIA Consolidated - CHICAGO BOARD OF TRADE,2007-06-26,13043,12596,1562.0,-303.0,32438,-137.0,447,1865.0
DJIA Consolidated - CHICAGO BOARD OF TRADE,2007-07-03,12663,10921,-380.0,-1675.0,31548,-890.0,1742,1295.0
DJIA Consolidated - CHICAGO BOARD OF TRADE,2007-07-10,13554,11561,891.0,640.0,32509,961.0,1993,251.0
DJIA Consolidated - CHICAGO BOARD OF TRADE,2007-07-17,14269,12655,715.0,1094.0,33828,1319.0,1614,-379.0
DJIA Consolidated - CHICAGO BOARD OF TRADE,2007-07-24,16032,11821,1763.0,-834.0,34171,343.0,4211,2597.0
DJIA Consolidated - CHICAGO BOARD OF TRADE,2007-07-31,16466,12742,434.0,921.0,35404,1233.0,3724,-487.0
DJIA Consolidated - CHICAGO BOARD OF TRADE,2007-08-07,16980,13088,514.0,346.0,37757,2353.0,3892,168.0
DJIA Consolidated - CHICAGO BOARD OF TRADE,2007-08-14,16779,14451,-201.0,1363.0,38329,572.0,2328,-1564.0
DJIA Consolidated - CHICAGO BOARD OF TRADE,2007-08-21,17365,15824,586.0,1373.0,37940,-389.0,1541,-787.0
DJIA Consolidated - CHICAGO BOARD OF TRADE,2007-08-28,18147,15491,782.0,-333.0,37875,-65.0,2656,1115.0
DJIA Consolidated - CHICAGO BOARD OF TRADE,2007-09-04,18254,15245,107.0,-246.0,38144,269.0,3009,353.0
DJIA Consolidated - CHICAGO BOARD OF TRADE,2007-09-11,18727,15867,473.0,622.0,41034,2890.0,2860,-149.0
DJIA Consolidated - CHICAGO BOARD OF TRADE,2007-09-18,18826,15388,99.0,-479.0,46164,5130.0,3438,578.0
DJIA Consolidated - CHICAGO BOARD OF TRADE,2007-09-25,6906,6396,-11920.0,-8992.0,24534,-21630.0,510,-2928.0
DJIA Consolidated - CHICAGO BOARD OF TRADE,2007-10-02,7189,7485,283.0,1089.0,27592,3058.0,-296,-806.0
DJIA Consolidated - CHICAGO BOARD OF TRADE,2007-10-09,7198,7928,9.0,443.0,28554,962.0,-730,-434.0
DJIA Consolidated - CHICAGO BOARD OF TRADE,2007-10-16,9333,10684,2135.0,2756.0,30908,2354.0,-1351,-621.0
DJIA Consolidated - CHICAGO BOARD OF TRADE,2007-10-23,11922,10135,2589.0,-549.0,32820,1912.0,1787,3138.0
DJIA Consolidated - CHICAGO BOARD OF TRADE,2007-10-30,13014,10652,1092.0,517.0,34357,1537.0,2362,575.0
DJIA Consolidated - CHICAGO BOARD OF TRADE,2007-11-06,14255,11231,1241.0,579.0,34320,-37.0,3024,662.0
DJIA Consolidated - CHICAGO BOARD OF TRADE,2007-11-13,14223,11698,-32.0,467.0,36384,2064.0,2525,-499.0
DJIA Consolidated - CHICAGO BOARD OF TRADE,2007-11-20,12934,11857,-1289.0,159.0,35935,-449.0,1077,-1448.0
DJIA Consolidated - CHICAGO BOARD OF TRADE,2007-11-27,13476,11519,542.0,-338.0,36390,455.0,1957,880.0
DJIA Consolidated - CHICAGO BOARD OF TRADE,2007-12-04,14397,12642,921.0,1123.0,36127,-263.0,1755,-202.0
DJIA Consolidated - CHICAGO BOARD OF TRADE,2007-12-11,14925,13110,528.0,468.0,38969,2842.0,1815,60.0
DJIA Consolidated - CHICAGO BOARD OF TRADE,2007-12-18,14693,14084,-232.0,974.0,43771,4802.0,609,-1206.0
DJIA Consolidated - CHICAGO BOARD OF TRADE,2007-12-24,6960,12975,-7733.0,-1109.0,24330,-19441.0,-6015,-6624.0
DJIA Consolidated - CHICAGO BOARD OF TRADE,2007-12-31,7041,13432,81.0,457.0,24673,343.0,-6391,-376.0
DJIA Consolidated - CHICAGO BOARD OF TRADE,2008-01-08,9567,14281,2526.0,849.0,26622,1949.0,-4714,1677.0
DJIA Consolidated - CHICAGO BOARD OF TRADE,2008-01-15,9998,14262,431.0,-19.0,27945,1323.0,-4264,450.0
DJIA Consolidated - CHICAGO BOARD OF TRADE,2008-01-22,10069,14321,71.0,59.0,28226,281.0,-4252,12.0
DJIA Consolidated - CHICAGO BOARD OF TRADE,2008-01-29,12090,12946,2021.0,-1375.0,28974,748.0,-856,3396.0
DJIA Consolidated - CHICAGO BOARD OF TRADE,2008-02-05,13650,12754,1560.0,-192.0,29637,663.0,896,1752.0
DJIA Consolidated - CHICAGO BOARD OF TRADE,2008-02-12,15688,12821,2038.0,67.0,32660,3023.0,2867,1971.0
DJIA Consolidated - CHICAGO BOARD OF TRADE,2008-02-19,15472,12844,-216.0,23.0,31969,-691.0,2628,-239.0
DJIA Consolidated - CHICAGO BOARD OF TRADE,2008-02-26,17169,14150,1697.0,1306.0,33518,1549.0,3019,391.0
DJIA Consolidated - CHICAGO BOARD OF TRADE,2008-03-04,17615,14767,446.0,617.0,35075,1557.0,2848,-171.0
DJIA Consolidated - CHICAGO BOARD OF TRADE,2008-03-11,18185,15071,570.0,304.0,36047,972.0,3114,266.0
DJIA Consolidated - CHICAGO BOARD OF TRADE,2008-03-18,19189,14806,1004.0,-265.0,45067,9020.0,4383,1269.0
DJIA Consolidated - CHICAGO BOARD OF TRADE,2008-03-25,14058,8189,-5131.0,-6617.0,24094,-20973.0,5869,1486.0
DJIA Consolidated - CHICAGO BOARD OF TRADE,2008-04-01,15860,9733,1802.0,1544.0,27763,3669.0,6127,258.0
DJIA Consolidated - CHICAGO BOARD OF TRADE,2008-04-08,15462,10040,-398.0,307.0,31698,3935.0,5422,-705.0
DJIA Consolidated - CHICAGO BOARD OF TRADE,2008-04-15,15191,10366,-271.0,326.0,29177,-2521.0,4825,-597.0
DJIA Consolidated - CHICAGO BOARD OF TRADE,2008-04-22,15458,10913,267.0,547.0,29364,187.0,4545,-280.0
DJIA Consolidated - CHICAGO BOARD OF TRADE,2008-04-29,15908,11910,450.0,997.0,29990,626.0,3998,-547.0
DJIA Consolidated - CHICAGO BOARD OF TRADE,2008-05-06,16710,12481,802.0,571.0,30645,655.0,4229,231.0
DJIA Consolidated - CHICAGO BOARD OF TRADE,2008-05-13,17104,13039,394.0,558.0,32249,1604.0,4065,-164.0
DJIA Consolidated - CHICAGO BOARD OF TRADE,2008-05-20,16812,13205,-292.0,166.0,32072,-177.0,3607,-458.0
DJIA Consolidated - CHICAGO BOARD OF TRADE,2008-05-27,16841,13116,29.0,-89.0,31417,-655.0,3725,118.0
DJIA Consolidated - CHICAGO BOARD OF TRADE,2008-06-03,16305,12936,-536.0,-180.0,31714,297.0,3369,-356.0
DJIA Consolidated - CHICAGO BOARD OF TRADE,2008-06-10,16263,13501,-42.0,565.0,33237,1523.0,2762,-607.0
DJIA Consolidated - CHICAGO BOARD OF TRADE,2008-06-17,17464,14559,1201.0,1058.0,50440,17203.0,2905,143.0
DJIA Consolidated - CHICAGO BOARD OF TRADE,2008-06-24,9655,11323,-7809.0,-3236.0,25180,-25260.0,-1668,-4573.0
DJIA Consolidated - CHICAGO BOARD OF TRADE,2008-07-01,11311,12789,1656.0,1466.0,27642,2462.0,-1478,190.0
DJIA Consolidated - CHICAGO BOARD OF TRADE,2008-07-08,12220,13640,909.0,851.0,29660,2018.0,-1420,58.0
DJIA Consolidated - CHICAGO BOARD OF TRADE,2008-07-15,12637,14709,417.0,1069.0,32163,2503.0,-2072,-652.0
DJIA Consolidated - CHICAGO BOARD OF TRADE,2008-07-22,14389,14387,1752.0,-322.0,31819,-344.0,2,2074.0
DJIA Consolidated - CHICAGO BOARD OF TRADE,2008-07-29,14961,14259,572.0,-128.0,31931,112.0,702,700.0
DJIA Consolidated - CHICAGO BOARD OF TRADE,2008-08-05,15682,14111,721.0,-148.0,32488,557.0,1571,869.0
DJIA Consolidated - CHICAGO BOARD OF TRADE,2008-08-12,15534,14060,-148.0,-51.0,34956,2468.0,1474,-97.0
DJIA Consolidated - CHICAGO BOARD OF TRADE,2008-08-19,15409,15082,-125.0,1022.0,35220,264.0,327,-1147.0
DJIA Consolidated - CHICAGO BOARD OF TRADE,2008-08-26,16530,14648,1121.0,-434.0,36573,1353.0,1882,1555.0
DJIA Consolidated - CHICAGO BOARD OF TRADE,2008-09-02,16763,14028,233.0,-620.0,36197,-376.0,2735,853.0
DJIA Consolidated - CHICAGO BOARD OF TRADE,2008-09-09,17030,14241,267.0,213.0,40317,4120.0,2789,54.0
DJIA Consolidated - CHICAGO BOARD OF TRADE,2008-09-16,17392,14541,362.0,300.0,61275,20958.0,2851,62.0
DJIA Consolidated - CHICAGO BOARD OF TRADE,2008-09-23,9179,3550,-8213.0,-10991.0,23763,-37512.0,5629,2778.0
DJIA Consolidated - CHICAGO BOARD OF TRADE,2008-09-30,9883,3004,704.0,-546.0,25075,1312.0,6879,1250.0
DJIA Consolidated - CHICAGO BOARD OF TRADE,2008-10-07,9809,3838,-74.0,834.0,25460,385.0,5971,-908.0
DJIA Consolidated - CHICAGO BOARD OF TRADE,2008-10-14,10215,3442,406.0,-396.0,26386,926.0,6773,802.0
DJIA Consolidated - CHICAGO BOARD OF TRADE,2008-10-21,11284,3415,1069.0,-27.0,26738,352.0,7869,1096.0
DJIA Consolidated - CHICAGO BOARD OF TRADE,2008-10-28,12214,5756,930.0,2341.0,28889,2151.0,6458,-1411.0
DJIA Consolidated - CHICAGO BOARD OF TRADE,2008-11-04,13245,5341,1031.0,-415.0,26957,-1932.0,7904,1446.0
DJIA Consolidated - CHICAGO BOARD OF TRADE,2008-11-11,13010,6402,-235.0,1061.0,26628,-329.0,6608,-1296.0
DJIA Consolidated - CHICAGO BOARD OF TRADE,2008-11-18,13068,6266,58.0,-136.0,26598,-30.0,6802,194.0
DJIA Consolidated - CHICAGO BOARD OF TRADE,2008-11-25,13756,6511,688.0,245.0,29842,3244.0,7245,443.0
DJIA Consolidated - CHICAGO BOARD OF TRADE,2008-12-02,14147,6703,391.0,192.0,32701,2859.0,7444,199.0
DJIA Consolidated - CHICAGO BOARD OF TRADE,2008-12-09,13716,7074,-431.0,371.0,32085,-616.0,6642,-802.0
DJIA Consolidated - CHICAGO BOARD OF TRADE,2008-12-16,14180,7236,464.0,162.0,36510,4425.0,6944,302.0
DJIA Consolidated - CHICAGO BOARD OF TRADE,2008-12-22,3166,4363,-11014.0,-2873.0,9229,-27281.0,-1197,-8141.0
DJIA Consolidated - CHICAGO BOARD OF TRADE,2008-12-30,3070,4279,-96.0,-84.0,9630,401.0,-1209,-12.0
DJIA Consolidated - CHICAGO BOARD OF TRADE,2009-01-06,2935,3713,-135.0,-566.0,10082,452.0,-778,431.0
DJIA Consolidated - CHICAGO BOARD OF TRADE,2009-01-13,3533,3692,598.0,-21.0,12141,2059.0,-159,619.0
DJIA Consolidated - CHICAGO BOARD OF TRADE,2009-01-20,3493,4084,-40.0,392.0,16576,4435.0,-591,-432.0
DJIA Consolidated - CHICAGO BOARD OF TRADE,2009-01-27,4427,4142,934.0,58.0,16900,324.0,285,876.0
DJIA Consolidated - CHICAGO BOARD OF TRADE,2009-02-03,4516,4275,89.0,133.0,18646,1746.0,241,-44.0
DJIA Consolidated - CHICAGO BOARD OF TRADE,2009-02-10,3550,4128,-966.0,-147.0,21037,2391.0,-578,-819.0
DJIA Consolidated - CHICAGO BOARD OF TRADE,2009-02-17,4208,4739,658.0,611.0,22428,1391.0,-531,47.0
DJIA Consolidated - CHICAGO BOARD OF TRADE,2009-02-24,5218,4666,1010.0,-73.0,24810,2382.0,552,1083.0
DJIA Consolidated - CHICAGO BOARD OF TRADE,2009-03-03,5312,5628,94.0,962.0,25615,805.0,-316,-868.0
DJIA Consolidated - CHICAGO BOARD OF TRADE,2009-03-10,5814,5667,502.0,39.0,26682,1067.0,147,463.0
DJIA Consolidated - CHICAGO BOARD OF TRADE,2009-03-17,5960,4874,146.0,-793.0,26821,139.0,1086,939.0
DJIA Consolidated - CHICAGO BOARD OF TRADE,2009-03-24,3043,786,-2917.0,-4088.0,9812,-17009.0,2257,1171.0
DJIA Consolidated - CHICAGO BOARD OF TRADE,2009-03-31,3479,1044,436.0,258.0,8226,-1586.0,2435,178.0
DJIA Consolidated - CHICAGO BOARD OF TRADE,2009-04-07,3567,1089,88.0,45.0,10005,1779.0,2478,43.0
DJIA Consolidated - CHICAGO BOARD OF TRADE,2009-04-21,2984,1599,-714.0,648.0,10096,-146.0,1385,-1093.0
DJIA Consolidated - CHICAGO BOARD OF TRADE,2009-04-28,3187,1348,203.0,-251.0,11798,1702.0,1839,454.0
DJIA Consolidated - CHICAGO BOARD OF TRADE,2009-05-05,3481,1675,294.0,327.0,13381,1583.0,1806,-33.0
DJIA Consolidated - CHICAGO BOARD OF TRADE,2009-05-12,3983,2544,502.0,869.0,13946,565.0,1439,-367.0
DJIA Consolidated - CHICAGO BOARD OF TRADE,2009-05-19,3913,1714,-70.0,-830.0,13893,-53.0,2199,760.0
DJIA Consolidated - CHICAGO BOARD OF TRADE,2009-05-26,3968,1726,55.0,12.0,19138,5245.0,2242,43.0
DJIA Consolidated - CHICAGO BOARD OF TRADE,2009-06-02,5319,1468,1351.0,-258.0,25006,5868.0,3851,1609.0
DJIA Consolidated - CHICAGO BOARD OF TRADE,2009-06-09,5894,1420,575.0,-48.0,25593,587.0,4474,623.0
DJIA Consolidated - CHICAGO BOARD OF TRADE,2009-06-16,7044,1301,1150.0,-119.0,28047,2454.0,5743,1269.0
DJIA Consolidated - CHICAGO BOARD OF TRADE,2009-07-14,1681,2333,,,12267,,-652,-6395.0
DJIA Consolidated - CHICAGO BOARD OF TRADE,2009-07-28,2169,1162,488.0,-1171.0,11611,-656.0,1007,1659.0
DJIA Consolidated - CHICAGO BOARD OF TRADE,2009-08-04,2223,1195,54.0,33.0,12011,400.0,1028,21.0
DJIA Consolidated - CHICAGO BOARD OF TRADE,2009-08-11,2312,1213,89.0,18.0,11885,-126.0,1099,71.0
DJIA Consolidated - CHICAGO BOARD OF TRADE,2009-08-18,2446,1555,134.0,342.0,12021,136.0,891,-208.0
DJIA Consolidated - CHICAGO BOARD OF TRADE,2009-08-25,1834,1583,-612.0,28.0,11487,-534.0,251,-640.0
DJIA Consolidated - CHICAGO BOARD OF TRADE,2009-09-01,1917,1657,83.0,74.0,13114,1627.0,260,9.0
DJIA Consolidated - CHICAGO BOARD OF TRADE,2009-09-08,2142,1917,225.0,260.0,13833,719.0,225,-35.0
DJIA Consolidated - CHICAGO BOARD OF TRADE,2009-09-15,2426,1955,284.0,38.0,16400,2567.0,471,246.0
DJIA Consolidated - CHICAGO BOARD OF TRADE,2009-10-06,3198,1343,,,13359,,1855,1384.0
DJIA Consolidated - CHICAGO BOARD OF TRADE,2009-10-13,3554,1402,356.0,59.0,13430,71.0,2152,297.0
DJIA Consolidated - CHICAGO BOARD OF TRADE,2009-10-20,2719,1562,-835.0,160.0,13634,204.0,1157,-995.0
DJIA Consolidated - CHICAGO BOARD OF TRADE,2009-10-27,3298,2097,579.0,535.0,14294,660.0,1201,44.0
DJIA Consolidated - CHICAGO BOARD OF TRADE,2009-11-03,2862,2408,-436.0,311.0,15668,1374.0,454,-747.0
DJIA Consolidated - CHICAGO BOARD OF TRADE,2009-11-09,3172,2528,310.0,120.0,16122,454.0,644,190.0
DJIA Consolidated - CHICAGO BOARD OF TRADE,2009-11-17,3309,2623,137.0,95.0,16167,45.0,686,42.0
DJIA Consolidated - CHICAGO BOARD OF TRADE,2009-11-24,3766,2617,457.0,-6.0,16701,534.0,1149,463.0
DJIA Consolidated - CHICAGO BOARD OF TRADE,2009-12-01,3511,2854,-255.0,237.0,15597,-1104.0,657,-492.0
DJIA Consolidated - CHICAGO BOARD OF TRADE,2009-12-08,3485,2873,-26.0,19.0,15660,63.0,612,-45.0
DJIA Consolidated - CHICAGO BOARD OF TRADE,2009-12-15,3611,3165,126.0,292.0,18256,2596.0,446,-166.0
DJIA Consolidated - CHICAGO BOARD OF TRADE,2010-01-19,2440,2035,,,12570,,405,-41.0
DJIA Consolidated - CHICAGO BOARD OF TRADE,2010-01-26,2840,1682,400.0,-353.0,13506,936.0,1158,753.0
DJIA Consolidated - CHICAGO BOARD OF TRADE,2010-02-02,2786,1854,-54.0,172.0,13797,291.0,932,-226.0
DJIA Consolidated - CHICAGO BOARD OF TRADE,2010-02-09,2606,1826,-180.0,-28.0,13577,-220.0,780,-152.0
DJIA Consolidated - CHICAGO BOARD OF TRADE,2010-02-16,2646,1845,40.0,19.0,14149,572.0,801,21.0
DJIA Consolidated - CHICAGO BOARD OF TRADE,2010-02-23,3357,1497,711.0,-348.0,14278,129.0,1860,1059.0
DJIA Consolidated - CHICAGO BOARD OF TRADE,2010-03-02,3414,1377,57.0,-120.0,13912,-366.0,2037,177.0
DJIA Consolidated - CHICAGO BOARD OF TRADE,2010-03-09,3478,1765,64.0,388.0,13955,43.0,1713,-324.0
DJIA Consolidated - CHICAGO BOARD OF TRADE,2010-03-16,3575,1889,97.0,124.0,15553,1598.0,1686,-27.0
DJIA Consolidated - CHICAGO BOARD OF TRADE,2010-05-25,2134,411,,,12580,,1723,37.0
DJIA Consolidated - CHICAGO BOARD OF TRADE,2010-06-01,1207,663,-927.0,252.0,12762,182.0,544,-1179.0
DJIA Consolidated - CHICAGO BOARD OF TRADE,2010-06-08,1531,471,324.0,-192.0,12926,164.0,1060,516.0
DJIA Consolidated - CHICAGO BOARD OF TRADE,2010-06-15,1599,922,68.0,451.0,15996,3070.0,677,-383.0
DJIA Consolidated - CHICAGO BOARD OF TRADE,2010-06-22,5705,3993,337.0,-628.0,37543,-24627.0,1712,1035.0
DJIA Consolidated - CHICAGO BOARD OF TRADE,2010-06-29,7324,3125,1619.0,-868.0,41448,3905.0,4199,2487.0
DJIA Consolidated - CHICAGO BOARD OF TRADE,2010-07-06,6616,4764,-708.0,1639.0,40783,-666.0,1852,-2347.0
DJIA Consolidated - CHICAGO BOARD OF TRADE,2010-07-13,4819,6256,-1798.0,1492.0,39091,-1692.0,-1437,-3289.0
DJIA Consolidated - CHICAGO BOARD OF TRADE,2010-07-20,6482,4700,1663.0,-1557.0,41245,2154.0,1782,3219.0
DJIA Consolidated - CHICAGO BOARD OF TRADE,2010-07-27,7542,4986,1061.0,286.0,43524,2279.0,2556,774.0
DJIA Consolidated - CHICAGO BOARD OF TRADE,2010-08-03,10430,4278,2888.0,-708.0,44759,1236.0,6152,3596.0
DJIA Consolidated - CHICAGO BOARD OF TRADE,2010-08-10,9629,3934,-802.0,-344.0,46277,1518.0,5695,-457.0
DJIA Consolidated - CHICAGO BOARD OF TRADE,2010-08-17,13638,4416,4009.0,482.0,48402,2126.0,9222,3527.0
DJIA Consolidated - CHICAGO BOARD OF TRADE,2010-08-24,9852,4597,-3786.0,181.0,44608,-3795.0,5255,-3967.0
DJIA Consolidated - CHICAGO BOARD OF TRADE,2010-08-31,9186,5333,-666.0,736.0,43120,-1488.0,3853,-1402.0
DJIA Consolidated - CHICAGO BOARD OF TRADE,2010-09-07,2464,3166,,,10096,,-702,-4555.0
DJIA Consolidated - CHICAGO BOARD OF TRADE,2010-09-14,11191,6113,4551.0,1709.0,53351,1714.0,5078,5780.0
DJIA Consolidated - CHICAGO BOARD OF TRADE,2010-09-21,12139,5698,949.0,-415.0,39273,-14078.0,6441,1363.0
DJIA Consolidated - CHICAGO BOARD OF TRADE,2010-09-28,17723,3744,5584.0,-1954.0,44430,5157.0,13979,7538.0
DJIA Consolidated - CHICAGO BOARD OF TRADE,2010-10-05,21368,3873,3645.0,130.0,49007,4578.0,17495,3516.0
DJIA Consolidated - CHICAGO BOARD OF TRADE,2010-10-12,17192,4613,-4176.0,740.0,45517,-3490.0,12579,-4916.0
DJIA Consolidated - CHICAGO BOARD OF TRADE,2010-10-19,16844,4259,-348.0,-354.0,45097,-421.0,12585,6.0
DJIA Consolidated - CHICAGO BOARD OF TRADE,2010-10-26,19498,3291,2654.0,-969.0,48054,2958.0,16207,3622.0
DJIA Consolidated - CHICAGO BOARD OF TRADE,2010-11-02,19951,4130,453.0,839.0,48467,413.0,15821,-386.0
DJIA Consolidated - CHICAGO BOARD OF TRADE,2010-11-09,22612,6753,2661.0,2623.0,50875,2408.0,15859,38.0
DJIA Consolidated - CHICAGO BOARD OF TRADE,2010-11-16,17265,5617,-5348.0,-1136.0,47805,-3070.0,11648,-4211.0
DJIA Consolidated - CHICAGO BOARD OF TRADE,2010-11-23,17610,6959,345.0,1342.0,50667,2862.0,10651,-997.0
DJIA Consolidated - CHICAGO BOARD OF TRADE,2010-11-30,15798,5617,-1812.0,-1342.0,48594,-2073.0,10181,-470.0
DJIA Consolidated - CHICAGO BOARD OF TRADE,2010-12-07,18228,3938,2430.0,-1679.0,48189,-405.0,14290,4109.0
DJIA Consolidated - CHICAGO BOARD OF TRADE,2010-12-14,13260,3165,-4968.0,-773.0,47633,-557.0,10095,-4195.0
DJIA Consolidated - CHICAGO BOARD OF TRADE,2010-12-21,10095,3118,-3165.0,-47.0,36880,-10753.0,6977,-3118.0
DJIA Consolidated - CHICAGO BOARD OF TRADE,2010-12-28,9844,2642,-251.0,-477.0,36546,-334.0,7202,225.0
DJIA Consolidated - CHICAGO BOARD OF TRADE,2011-01-04,13354,3352,3510.0,711.0,40020,3474.0,10002,2800.0
DJIA Consolidated - CHICAGO BOARD OF TRADE,2011-01-11,15079,3129,1725.0,-223.0,42612,2593.0,11950,1948.0
DJIA Consolidated - CHICAGO BOARD OF TRADE,2011-01-18,16145,5034,1066.0,1905.0,45419,2807.0,11111,-839.0
DJIA Consolidated - CHICAGO BOARD OF TRADE,2011-01-25,18658,6530,2513.0,1496.0,49782,4363.0,12128,1017.0
DJIA Consolidated - CHICAGO BOARD OF TRADE,2011-02-01,2653,465,,,10616,,2188,-9940.0
DJIA Consolidated - CHICAGO BOARD OF TRADE,2011-02-08,2797,476,144.0,11.0,10771,155.0,2321,133.0
DJIA Consolidated - CHICAGO BOARD OF TRADE,2011-02-15,3050,513,253.0,37.0,11537,766.0,2537,216.0
DJIA Consolidated - CHICAGO BOARD OF TRADE,2011-02-22,3326,753,276.0,240.0,11833,296.0,2573,36.0
DJIA Consolidated - CHICAGO BOARD OF TRADE,2011-03-01,4122,811,796.0,58.0,12782,949.0,3311,738.0
DJIA Consolidated - CHICAGO BOARD OF TRADE,2011-03-08,4258,763,136.0,-48.0,13841,1059.0,3495,184.0
DJIA Consolidated - CHICAGO BOARD OF TRADE,2011-03-15,2965,250,-1293.0,-513.0,14894,1053.0,2715,-780.0
DJIA Consolidated - CHICAGO BOARD OF TRADE,2011-03-22,15576,4108,3634.0,1221.0,44989,-18804.0,11468,8753.0
DJIA Consolidated - CHICAGO BOARD OF TRADE,2011-03-29,24250,4336,8674.0,228.0,58786,13797.0,19914,8446.0
DJIA Consolidated - CHICAGO BOARD OF TRADE,2011-04-05,26687,4945,2438.0,609.0,58807,21.0,21742,1828.0
DJIA Consolidated - CHICAGO BOARD OF TRADE,2011-04-12,26079,4368,-609.0,-577.0,59261,454.0,21711,-31.0
DJIA Consolidated - CHICAGO BOARD OF TRADE,2011-04-19,20437,4538,-5642.0,171.0,53057,-6204.0,15899,-5812.0
DJIA Consolidated - CHICAGO BOARD OF TRADE,2011-04-26,21083,4819,646.0,281.0,57431,4374.0,16264,365.0
DJIA Consolidated - CHICAGO BOARD OF TRADE,2011-05-03,29601,6358,8518.0,1539.0,65524,8093.0,23243,6979.0
DJIA Consolidated - CHICAGO BOARD OF TRADE,2011-05-10,25323,4741,-4278.0,-1617.0,60500,-5025.0,20582,-2661.0
DJIA Consolidated - CHICAGO BOARD OF TRADE,2011-05-17,2819,1405,,,24357,,1414,-19168.0
DJIA Consolidated - CHICAGO BOARD OF TRADE,2011-05-24,3084,1452,265.0,47.0,24441,84.0,1632,218.0
DJIA Consolidated - CHICAGO BOARD OF TRADE,2011-05-31,3030,1437,-54.0,-15.0,24315,-126.0,1593,-39.0
DJIA Consolidated - CHICAGO BOARD OF TRADE,2011-06-07,3179,1419,149.0,-18.0,20585,-3730.0,1760,167.0
DJIA Consolidated - CHICAGO BOARD OF TRADE,2011-06-14,3293,1169,114.0,-250.0,26224,5639.0,2124,364.0
DJIA Consolidated - CHICAGO BOARD OF TRADE,2011-06-21,10436,3270,39.0,225.0,41287,-40471.0,7166,5042.0
DJIA Consolidated - CHICAGO BOARD OF TRADE,2011-06-28,10841,2366,406.0,-904.0,39596,-1691.0,8475,1309.0
DJIA Consolidated - CHICAGO BOARD OF TRADE,2011-07-05,18169,4688,7328.0,2322.0,49758,10162.0,13481,5006.0
DJIA Consolidated - CHICAGO BOARD OF TRADE,2011-07-12,4281,758,,,14630,,3523,-9958.0
DJIA Consolidated - CHICAGO BOARD OF TRADE,2011-07-19,4629,758,348.0,0.0,15719,1089.0,3871,348.0
DJIA Consolidated - CHICAGO BOARD OF TRADE,2011-07-26,4681,756,52.0,-2.0,17771,2052.0,3925,54.0
DJIA Consolidated - CHICAGO BOARD OF TRADE,2011-08-02,4678,756,-3.0,0.0,17750,-21.0,3922,-3.0
DJIA Consolidated - CHICAGO BOARD OF TRADE,2011-08-09,2843,756,-1835.0,0.0,17019,-731.0,2087,-1835.0
DJIA Consolidated - CHICAGO BOARD OF TRADE,2011-08-16,2410,2258,-433.0,1502.0,13612,-3407.0,152,-1935.0
DJIA Consolidated - CHICAGO BOARD OF TRADE,2011-08-23,2474,2460,64.0,202.0,13774,162.0,14,-138.0
DJIA Consolidated - CHICAGO BOARD OF TRADE,2011-08-30,2529,2450,55.0,-10.0,13834,60.0,79,65.0
DJIA Consolidated - CHICAGO BOARD OF TRADE,2011-09-06,2468,2460,-61.0,10.0,14202,368.0,8,-71.0
DJIA Consolidated - CHICAGO BOARD OF TRADE,2011-09-13,2172,2482,-296.0,22.0,15829,1627.0,-310,-318.0
DJIA Consolidated - CHICAGO BOARD OF TRADE,2011-09-20,7428,2708,-879.0,-279.0,32752,-29405.0,4720,5030.0
DJIA Consolidated - CHICAGO BOARD OF TRADE,2011-09-27,2962,1349,790.0,-1133.0,13642,-2187.0,1613,-3107.0
DJIA Consolidated - CHICAGO BOARD OF TRADE,2011-10-04,2969,1359,7.0,10.0,12362,-1280.0,1610,-3.0
DJIA Consolidated - CHICAGO BOARD OF TRADE,2011-10-11,10275,4266,1512.0,2384.0,39332,-11010.0,6009,4399.0
DJIA Consolidated - CHICAGO BOARD OF TRADE,2011-10-18,3149,1249,180.0,-110.0,12420,58.0,1900,-4109.0
DJIA Consolidated - CHICAGO BOARD OF TRADE,2011-10-25,3299,1249,150.0,0.0,14406,1986.0,2050,150.0
DJIA Consolidated - CHICAGO BOARD OF TRADE,2011-11-01,3254,1224,-45.0,-25.0,14830,424.0,2030,-20.0
DJIA Consolidated - CHICAGO BOARD OF TRADE,2011-11-08,7171,4569,-783.0,2102.0,42675,-14110.0,2602,572.0
DJIA Consolidated - CHICAGO BOARD OF TRADE,2011-11-15,9858,4268,2687.0,-302.0,45518,2843.0,5590,2988.0
DJIA Consolidated - CHICAGO BOARD OF TRADE,2011-11-22,3021,1217,,,17651,,1804,-3786.0
DJIA Consolidated - CHICAGO BOARD OF TRADE,2011-11-29,3032,1235,11.0,18.0,17682,31.0,1797,-7.0
DJIA Consolidated - CHICAGO BOARD OF TRADE,2011-12-06,3008,1256,-24.0,21.0,18720,1038.0,1752,-45.0
DJIA Consolidated - CHICAGO BOARD OF TRADE,2011-12-13,3228,761,220.0,-495.0,26816,8096.0,2467,715.0
DJIA Consolidated - CHICAGO BOARD OF TRADE,2011-12-20,14449,3798,1771.0,376.0,45509,-60658.0,10651,8184.0
DJIA Consolidated - CHICAGO BOARD OF TRADE,2011-12-27,12651,4184,-1799.0,386.0,44765,-745.0,8467,-2184.0
DJIA Consolidated - CHICAGO BOARD OF TRADE,2012-01-03,13816,3864,1166.0,-320.0,47962,3198.0,9952,1485.0
DJIA Consolidated - CHICAGO BOARD OF TRADE,2012-01-10,13413,3894,-403.0,30.0,50249,2287.0,9519,-433.0
DJIA Consolidated - CHICAGO BOARD OF TRADE,2012-01-17,13940,4327,527.0,433.0,50886,637.0,9613,94.0
DJIA Consolidated - CHICAGO BOARD OF TRADE,2012-01-24,16294,4558,2354.0,231.0,51716,831.0,11736,2123.0
DJIA Consolidated - CHICAGO BOARD OF TRADE,2012-01-31,17444,4519,1151.0,-39.0,51836,120.0,12925,1189.0
DJIA Consolidated - CHICAGO BOARD OF TRADE,2012-02-07,19704,5388,2260.0,870.0,54890,3055.0,14316,1391.0
DJIA Consolidated - CHICAGO BOARD OF TRADE,2012-02-14,18506,5624,-1198.0,236.0,53993,-897.0,12882,-1434.0
DJIA Consolidated - CHICAGO BOARD OF TRADE,2012-02-21,19310,5083,804.0,-541.0,53157,-837.0,14227,1345.0
DJIA Consolidated - CHICAGO BOARD OF TRADE,2012-02-28,21253,5789,1943.0,706.0,55949,2792.0,15464,1237.0
DJIA Consolidated - CHICAGO BOARD OF TRADE,2012-03-06,19077,7468,-2176.0,1679.0,54004,-1945.0,11609,-3855.0
DJIA Consolidated - CHICAGO BOARD OF TRADE,2012-03-13,2850,2219,,,20058,,631,-10978.0
DJIA Consolidated - CHICAGO BOARD OF TRADE,2012-03-20,21690,6752,-1897.0,1109.0,53205,-42424.0,14938,14307.0
DJIA Consolidated - CHICAGO BOARD OF TRADE,2012-03-27,21065,6378,-625.0,-375.0,53369,164.0,14687,-251.0
DJIA Consolidated - CHICAGO BOARD OF TRADE,2012-04-03,19811,7193,-1254.0,816.0,52465,-904.0,12618,-2069.0
DJIA Consolidated - CHICAGO BOARD OF TRADE,2012-04-10,18142,8443,-1670.0,1250.0,49867,-2599.0,9699,-2919.0
DJIA Consolidated - CHICAGO BOARD OF TRADE,2012-04-17,20087,7083,1946.0,-1360.0,51736,1869.0,13004,3305.0
DJIA Consolidated - CHICAGO BOARD OF TRADE,2012-04-24,19659,6055,-429.0,-1028.0,50342,-1394.0,13604,600.0
DJIA Consolidated - CHICAGO BOARD OF TRADE,2012-05-01,23380,6554,3722.0,499.0,56222,5880.0,16826,3222.0
DJIA Consolidated - CHICAGO BOARD OF TRADE,2012-05-08,18077,9697,-5303.0,3143.0,51824,-4398.0,8380,-8446.0
DJIA Consolidated - CHICAGO BOARD OF TRADE,2012-05-15,17836,8465,-242.0,-1232.0,50060,-1764.0,9371,991.0
DJIA Consolidated - CHICAGO BOARD OF TRADE,2012-05-22,5219,2138,,,16237,,3081,-6290.0
DJIA Consolidated - CHICAGO BOARD OF TRADE,2012-05-29,5249,1149,30.0,-989.0,17501,1264.0,4100,1019.0
DJIA Consolidated - CHICAGO BOARD OF TRADE,2012-06-05,5226,1140,-23.0,-9.0,20486,2985.0,4086,-14.0
DJIA Consolidated - CHICAGO BOARD OF TRADE,2012-06-12,5331,1129,105.0,-11.0,23920,3434.0,4202,116.0
DJIA Consolidated - CHICAGO BOARD OF TRADE,2012-06-19,9785,7545,-1324.0,1713.0,38715,-50066.0,2240,-1962.0
DJIA Consolidated - CHICAGO BOARD OF TRADE,2012-06-26,17650,5002,7866.0,-2543.0,45307,6592.0,12648,10408.0
DJIA Consolidated - CHICAGO BOARD OF TRADE,2012-07-03,15211,5071,-2440.0,69.0,45453,146.0,10140,-2508.0
DJIA Consolidated - CHICAGO BOARD OF TRADE,2012-07-10,13226,6197,-1985.0,1127.0,43280,-2173.0,7029,-3111.0
DJIA Consolidated - CHICAGO BOARD OF TRADE,2012-07-17,11573,5298,-1653.0,-900.0,41606,-1675.0,6275,-754.0
DJIA Consolidated - CHICAGO BOARD OF TRADE,2012-07-24,10655,7239,-919.0,1941.0,39580,-2026.0,3416,-2859.0
DJIA Consolidated - CHICAGO BOARD OF TRADE,2012-07-31,18289,5857,7635.0,-1382.0,49096,9516.0,12432,9016.0
DJIA Consolidated - CHICAGO BOARD OF TRADE,2012-08-07,19835,5857,1546.0,0.0,52382,3287.0,13978,1546.0
DJIA Consolidated - CHICAGO BOARD OF TRADE,2012-08-14,18140,6048,-1695.0,191.0,52112,-270.0,12092,-1886.0
DJIA Consolidated - CHICAGO BOARD OF TRADE,2012-08-21,20812,6999,2672.0,952.0,56637,4525.0,13813,1721.0
DJIA Consolidated - CHICAGO BOARD OF TRADE,2012-08-28,22042,5087,1231.0,-1912.0,58876,2239.0,16955,3142.0
DJIA Consolidated - CHICAGO BOARD OF TRADE,2012-09-04,18913,6026,-3130.0,939.0,56223,-2653.0,12887,-4068.0
DJIA Consolidated - CHICAGO BOARD OF TRADE,2012-09-11,21841,5891,2929.0,-136.0,62974,6751.0,15950,3063.0
DJIA Consolidated - CHICAGO BOARD OF TRADE,2012-09-18,25501,5972,3660.0,82.0,75855,12881.0,19529,3579.0
DJIA Consolidated - CHICAGO BOARD OF TRADE,2012-09-25,27727,6551,2226.0,579.0,60437,-15419.0,21176,1647.0
DJIA Consolidated - CHICAGO BOARD OF TRADE,2012-10-02,27217,5622,-510.0,-929.0,62042,1605.0,21595,419.0
DJIA Consolidated - CHICAGO BOARD OF TRADE,2012-10-09,23223,6224,-3994.0,602.0,57807,-4235.0,16999,-4596.0
DJIA Consolidated - CHICAGO BOARD OF TRADE,2012-10-16,25678,6472,2455.0,249.0,60449,2643.0,19206,2207.0
DJIA Consolidated - CHICAGO BOARD OF TRADE,2012-10-23,18722,7940,-6956.0,1468.0,55166,-5284.0,10782,-8424.0
DJIA Consolidated - CHICAGO BOARD OF TRADE,2012-10-30,16472,8687,-2250.0,748.0,53837,-1329.0,7785,-2997.0
DJIA Consolidated - CHICAGO BOARD OF TRADE,2012-11-06,14735,6462,-1737.0,-2226.0,51112,-2725.0,8273,488.0
DJIA Consolidated - CHICAGO BOARD OF TRADE,2012-11-13,12483,8915,-2252.0,2453.0,50635,-477.0,3568,-4705.0
DJIA Consolidated - CHICAGO BOARD OF TRADE,2012-11-20,9387,11227,-3096.0,2312.0,48149,-2487.0,-1840,-5408.0
DJIA Consolidated - CHICAGO BOARD OF TRADE,2012-11-27,8104,10682,-1284.0,-545.0,48110,-39.0,-2578,-738.0
DJIA Consolidated - CHICAGO BOARD OF TRADE,2012-12-04,10533,6824,2430.0,-3858.0,47680,-431.0,3709,6287.0
DJIA Consolidated - CHICAGO BOARD OF TRADE,2012-12-11,12947,7715,2414.0,891.0,50665,2985.0,5232,1523.0
DJIA Consolidated - CHICAGO BOARD OF TRADE,2012-12-18,7192,79,,,16318,,7113,1881.0
DJIA Consolidated - CHICAGO BOARD OF TRADE,2012-12-24,13374,3273,-1486.0,1311.0,48053,-29822.0,10101,2988.0
DJIA Consolidated - CHICAGO BOARD OF TRADE,2012-12-31,13650,4785,277.0,1512.0,46805,-1248.0,8865,-1236.0
DJIA Consolidated - CHICAGO BOARD OF TRADE,2013-01-08,12463,3591,-1187.0,-1194.0,46682,-123.0,8872,7.0
DJIA Consolidated - CHICAGO BOARD OF TRADE,2013-01-15,13688,3723,1225.0,132.0,51142,4460.0,9965,1093.0
DJIA Consolidated - CHICAGO BOARD OF TRADE,2013-01-22,15702,4029,2014.0,306.0,55139,3998.0,11673,1708.0
DJIA Consolidated - CHICAGO BOARD OF TRADE,2013-01-29,17078,6281,1377.0,2252.0,57873,2734.0,10797,-876.0
DJIA Consolidated - CHICAGO BOARD OF TRADE,2013-02-05,19318,4964,2240.0,-1317.0,58609,736.0,14354,3557.0
DJIA Consolidated - CHICAGO BOARD OF TRADE,2013-02-12,20017,6539,699.0,1575.0,61689,3080.0,13478,-876.0
DJIA Consolidated - CHICAGO BOARD OF TRADE,2013-02-19,19004,5290,-1014.0,-1249.0,61804,115.0,13714,236.0
DJIA Consolidated - CHICAGO BOARD OF TRADE,2013-02-26,20854,5422,1851.0,133.0,62136,332.0,15432,1718.0
DJIA Consolidated - CHICAGO BOARD OF TRADE,2013-03-05,21390,8669,536.0,3247.0,69220,7084.0,12721,-2711.0
DJIA Consolidated - CHICAGO BOARD OF TRADE,2013-03-12,22210,6202,820.0,-2467.0,102701,33481.0,16008,3287.0
DJIA Consolidated - CHICAGO BOARD OF TRADE,2013-03-19,22914,3891,704.0,-2311.0,53674,-49027.0,19023,3015.0
DJIA Consolidated - CHICAGO BOARD OF TRADE,2013-03-26,22196,4560,-718.0,669.0,55859,2185.0,17636,-1387.0
DJIA Consolidated - CHICAGO BOARD OF TRADE,2013-04-02,22713,5380,517.0,820.0,56703,845.0,17333,-303.0
DJIA Consolidated - CHICAGO BOARD OF TRADE,2013-04-09,21507,5605,-1206.0,226.0,55463,-1240.0,15902,-1431.0
DJIA Consolidated - CHICAGO BOARD OF TRADE,2013-04-16,23021,5310,1514.0,-295.0,57360,1897.0,17711,1809.0
DJIA Consolidated - CHICAGO BOARD OF TRADE,2013-04-23,25500,4077,2479.0,-1234.0,59475,2115.0,21423,3712.0
DJIA Consolidated - CHICAGO BOARD OF TRADE,2013-04-30,23531,4369,-1969.0,293.0,60731,1257.0,19162,-2261.0
DJIA Consolidated - CHICAGO BOARD OF TRADE,2013-05-07,23762,4945,231.0,576.0,60180,-551.0,18817,-345.0
DJIA Consolidated - CHICAGO BOARD OF TRADE,2013-05-14,22570,4765,-1193.0,-180.0,59879,-301.0,17805,-1012.0
DJIA Consolidated - CHICAGO BOARD OF TRADE,2013-05-21,20351,4263,-2219.0,-503.0,57531,-2349.0,16088,-1717.0
DJIA Consolidated - CHICAGO BOARD OF TRADE,2013-05-28,21424,3774,1073.0,-489.0,57916,386.0,17650,1562.0
DJIA Consolidated - CHICAGO BOARD OF TRADE,2013-06-04,24387,2683,2963.0,-1092.0,58071,155.0,21704,4054.0
DJIA Consolidated - CHICAGO BOARD OF TRADE,2013-06-11,22767,2743,-1620.0,60.0,55426,-2645.0,20024,-1680.0
DJIA Consolidated - CHICAGO BOARD OF TRADE,2013-06-18,26072,2968,3306.0,225.0,76492,21066.0,23104,3080.0
DJIA Consolidated - CHICAGO BOARD OF TRADE,2013-06-25,18589,3454,-7484.0,486.0,45296,-31197.0,15135,-7969.0
DJIA Consolidated - CHICAGO BOARD OF TRADE,2013-07-02,19214,2154,625.0,-1300.0,47054,1758.0,17060,1925.0
DJIA Consolidated - CHICAGO BOARD OF TRADE,2013-07-09,21841,3988,2628.0,1835.0,52840,5787.0,17853,793.0
DJIA Consolidated - CHICAGO BOARD OF TRADE,2013-07-16,22706,3171,865.0,-818.0,58559,5719.0,19535,1682.0
DJIA Consolidated - CHICAGO BOARD OF TRADE,2013-07-23,22643,3135,-63.0,-36.0,60037,1478.0,19508,-27.0
DJIA Consolidated - CHICAGO BOARD OF TRADE,2013-07-30,23681,3044,1038.0,-91.0,61227,1190.0,20637,1129.0
DJIA Consolidated - CHICAGO BOARD OF TRADE,2013-08-06,22220,3670,-1461.0,626.0,61341,114.0,18550,-2087.0
DJIA Consolidated - CHICAGO BOARD OF TRADE,2013-08-13,24826,3346,2607.0,-324.0,63624,2283.0,21480,2930.0
DJIA Consolidated - CHICAGO BOARD OF TRADE,2013-08-20,19160,4171,-5667.0,825.0,54405,-9219.0,14989,-6491.0
DJIA Consolidated - CHICAGO BOARD OF TRADE,2013-08-27,15023,4225,-4137.0,54.0,51533,-2873.0,10798,-4191.0
DJIA Consolidated - CHICAGO BOARD OF TRADE,2013-09-03,13336,3366,-1688.0,-859.0,49019,-2514.0,9970,-828.0
DJIA Consolidated - CHICAGO BOARD OF TRADE,2013-09-10,2562,230,,,13664,,2332,-7638.0
DJIA Consolidated - CHICAGO BOARD OF TRADE,2013-09-17,2794,1025,232.0,795.0,16234,2570.0,1769,-563.0
DJIA Consolidated - CHICAGO BOARD OF TRADE,2013-09-24,29003,4204,8652.0,679.0,68015,-16333.0,24799,23030.0
DJIA Consolidated - CHICAGO BOARD OF TRADE,2013-10-01,21238,4482,-7765.0,279.0,59278,-8738.0,16756,-8043.0
DJIA Consolidated - CHICAGO BOARD OF TRADE,2013-10-08,14776,5097,-6462.0,615.0,50296,-8982.0,9679,-7077.0
DJIA Consolidated - CHICAGO BOARD OF TRADE,2013-10-15,4177,644,,,11559,,3533,-6146.0
DJIA Consolidated - CHICAGO BOARD OF TRADE,2013-10-22,4162,642,-15.0,-2.0,12597,1038.0,3520,-13.0
DJIA Consolidated - CHICAGO BOARD OF TRADE,2013-10-29,4145,627,-17.0,-15.0,12832,235.0,3518,-2.0
DJIA Consolidated - CHICAGO BOARD OF TRADE,2013-11-05,4157,645,12.0,18.0,13605,773.0,3512,-6.0
DJIA Consolidated - CHICAGO BOARD OF TRADE,2013-11-12,4106,320,-51.0,-325.0,13930,325.0,3786,274.0
DJIA Consolidated - CHICAGO BOARD OF TRADE,2013-11-19,4109,320,3.0,0.0,13998,68.0,3789,3.0
DJIA Consolidated - CHICAGO BOARD OF TRADE,2013-11-26,4137,320,28.0,0.0,13811,-187.0,3817,28.0
DJIA Consolidated - CHICAGO BOARD OF TRADE,2013-12-03,3975,522,-162.0,202.0,14557,746.0,3453,-364.0
DJIA Consolidated - CHICAGO BOARD OF TRADE,2013-12-10,3960,522,-15.0,0.0,14554,-3.0,3438,-15.0
DJIA Consolidated - CHICAGO BOARD OF TRADE,2013-12-17,4008,320,48.0,-202.0,16810,2256.0,3688,250.0
DJIA Consolidated - CHICAGO BOARD OF TRADE,2013-12-24,15183,10626,-3829.0,3623.0,59754,-27413.0,4557,869.0
DJIA Consolidated - CHICAGO BOARD OF TRADE,2013-12-31,14937,10354,-246.0,-273.0,59809,55.0,4583,26.0
DJIA Consolidated - CHICAGO BOARD OF TRADE,2014-01-07,19460,9859,4523.0,-495.0,63744,3936.0,9601,5018.0
DJIA Consolidated - CHICAGO BOARD OF TRADE,2014-01-14,21395,9511,1935.0,-349.0,66166,2422.0,11884,2283.0
DJIA Consolidated - CHICAGO BOARD OF TRADE,2014-01-21,19491,10200,-1905.0,689.0,66296,131.0,9291,-2593.0
DJIA Consolidated - CHICAGO BOARD OF TRADE,2014-01-28,16126,11282,-3365.0,1083.0,61970,-4326.0,4844,-4447.0
DJIA Consolidated - CHICAGO BOARD OF TRADE,2014-02-04,14214,9726,-1913.0,-1557.0,58907,-3063.0,4488,-356.0
DJIA Consolidated - CHICAGO BOARD OF TRADE,2014-02-11,3885,500,,,13379,,3385,-1103.0
DJIA Consolidated - CHICAGO BOARD OF TRADE,2014-02-18,12975,13598,2578.0,1626.0,55663,-11047.0,-623,-4008.0
DJIA Consolidated - CHICAGO BOARD OF TRADE,2014-02-25,15180,11363,2206.0,-2235.0,60457,4794.0,3817,4440.0
DJIA Consolidated - CHICAGO BOARD OF TRADE,2014-03-04,19393,12139,4213.0,776.0,66245,5788.0,7254,3437.0
DJIA Consolidated - CHICAGO BOARD OF TRADE,2014-03-11,17704,13141,-1690.0,1002.0,64348,-1897.0,4563,-2691.0
DJIA Consolidated - CHICAGO BOARD OF TRADE,2014-03-18,4041,415,,,14115,,3626,-937.0
DJIA Consolidated - CHICAGO BOARD OF TRADE,2014-03-25,16502,12172,-3828.0,3203.0,63777,-28119.0,4330,704.0
DJIA Consolidated - CHICAGO BOARD OF TRADE,2014-04-01,17941,12846,1439.0,675.0,64050,273.0,5095,765.0
DJIA Consolidated - CHICAGO BOARD OF TRADE,2014-04-08,13553,14493,-4388.0,1647.0,58307,-5743.0,-940,-6035.0
DJIA Consolidated - CHICAGO BOARD OF TRADE,2014-04-15,12205,12593,-1348.0,-1901.0,53600,-4707.0,-388,552.0
DJIA Consolidated - CHICAGO BOARD OF TRADE,2014-04-22,13685,12554,1480.0,-39.0,59993,6394.0,1131,1519.0
DJIA Consolidated - CHICAGO BOARD OF TRADE,2014-04-29,16205,11446,2520.0,-1108.0,60892,899.0,4759,3628.0
DJIA Consolidated - CHICAGO BOARD OF TRADE,2014-05-06,15242,13429,-963.0,1984.0,59360,-1533.0,1813,-2946.0
DJIA Consolidated - CHICAGO BOARD OF TRADE,2014-05-13,21751,13499,6509.0,70.0,68067,8708.0,8252,6439.0
DJIA Consolidated - CHICAGO BOARD OF TRADE,2014-05-20,16134,16871,-5617.0,3373.0,60912,-7156.0,-737,-8989.0
DJIA Consolidated - CHICAGO BOARD OF TRADE,2014-05-27,18313,13682,2180.0,-3189.0,64624,3712.0,4631,5368.0
DJIA Consolidated - CHICAGO BOARD OF TRADE,2014-06-03,17811,14052,-502.0,370.0,63905,-719.0,3759,-872.0
DJIA Consolidated - CHICAGO BOARD OF TRADE,2014-06-10,18777,14439,966.0,387.0,65446,1541.0,4338,579.0
DJIA Consolidated - CHICAGO BOARD OF TRADE,2014-06-17,17490,13766,-1288.0,-674.0,83468,18023.0,3724,-614.0
DJIA Consolidated - CHICAGO BOARD OF TRADE,2014-06-24,14579,15334,-2911.0,1568.0,58112,-25357.0,-755,-4479.0
DJIA Consolidated - CHICAGO BOARD OF TRADE,2014-07-01,20245,14188,5667.0,-1146.0,65075,6963.0,6057,6812.0
DJIA Consolidated - CHICAGO BOARD OF TRADE,2014-07-08,15775,13258,-4471.0,-931.0,58489,-6586.0,2517,-3540.0
DJIA Consolidated - CHICAGO BOARD OF TRADE,2014-07-15,19009,13965,3234.0,708.0,62186,3698.0,5044,2527.0
DJIA Consolidated - CHICAGO BOARD OF TRADE,2014-07-22,21719,12547,2711.0,-1418.0,63627,1441.0,9172,4128.0
DJIA Consolidated - CHICAGO BOARD OF TRADE,2014-07-29,20319,10072,-1400.0,-2476.0,63353,-274.0,10247,1075.0
DJIA Consolidated - CHICAGO BOARD OF TRADE,2014-08-05,15645,15131,-4675.0,5059.0,58328,-5025.0,514,-9733.0
DJIA Consolidated - CHICAGO BOARD OF TRADE,2014-08-12,13015,16752,-2630.0,1621.0,54959,-3369.0,-3737,-4251.0
DJIA Consolidated - CHICAGO BOARD OF TRADE,2014-08-19,13994,15257,980.0,-1495.0,55644,685.0,-1263,2474.0
DJIA Consolidated - CHICAGO BOARD OF TRADE,2014-08-26,18066,15313,4072.0,57.0,60918,5274.0,2753,4016.0
DJIA Consolidated - CHICAGO BOARD OF TRADE,2014-09-02,20144,13566,2078.0,-1747.0,64775,3857.0,6578,3825.0
DJIA Consolidated - CHICAGO BOARD OF TRADE,2014-09-09,18859,13133,-1285.0,-434.0,64723,-52.0,5726,-852.0
DJIA Consolidated - CHICAGO BOARD OF TRADE,2014-09-16,24228,12543,5369.0,-590.0,85792,21069.0,11685,5959.0
DJIA Consolidated - CHICAGO BOARD OF TRADE,2014-09-23,22270,14532,-1958.0,1989.0,67750,-18042.0,7738,-3947.0
DJIA Consolidated - CHICAGO BOARD OF TRADE,2014-09-30,24463,11442,2193.0,-3091.0,69201,1451.0,13021,5283.0
DJIA Consolidated - CHICAGO BOARD OF TRADE,2014-10-07,20033,11448,-4430.0,6.0,66136,-3065.0,8585,-4436.0
DJIA Consolidated - CHICAGO BOARD OF TRADE,2014-10-14,17437,11603,-2596.0,156.0,59234,-6903.0,5834,-2751.0
DJIA Consolidated - CHICAGO BOARD OF TRADE,2014-10-21,14010,12294,-3428.0,691.0,55269,-3965.0,1716,-4118.0
DJIA Consolidated - CHICAGO BOARD OF TRADE,2014-10-28,17863,12229,3853.0,-66.0,56533,1265.0,5634,3918.0
DJIA Consolidated - CHICAGO BOARD OF TRADE,2014-11-04,20442,9410,2580.0,-2819.0,66485,9952.0,11032,5398.0
DJIA Consolidated - CHICAGO BOARD OF TRADE,2014-11-11,23307,10596,2865.0,1186.0,67770,1285.0,12711,1679.0
DJIA Consolidated - CHICAGO BOARD OF TRADE,2014-11-18,25181,10823,1874.0,227.0,71721,3951.0,14358,1647.0
DJIA Consolidated - CHICAGO BOARD OF TRADE,2014-11-25,23184,10896,-1997.0,73.0,71821,100.0,12288,-2070.0
DJIA Consolidated - CHICAGO BOARD OF TRADE,2014-12-02,24543,11243,1359.0,347.0,75115,3294.0,13300,1012.0
DJIA Consolidated - CHICAGO BOARD OF TRADE,2014-12-09,2401,615,,,12805,,1786,-11514.0
DJIA Consolidated - CHICAGO BOARD OF TRADE,2014-12-16,2352,500,-49.0,-115.0,15724,2919.0,1852,66.0
DJIA Consolidated - CHICAGO BOARD OF TRADE,2014-12-23,14414,9639,-8440.0,197.0,53355,-45799.0,4775,2923.0
DJIA Consolidated - CHICAGO BOARD OF TRADE,2014-12-30,17687,9701,3274.0,62.0,56954,3599.0,7986,3211.0
DJIA Consolidated - CHICAGO BOARD OF TRADE,2015-01-06,19294,10013,1607.0,312.0,56308,-646.0,9281,1295.0
DJIA Consolidated - CHICAGO BOARD OF TRADE,2015-01-13,17667,9816,-1627.0,-197.0,55366,-942.0,7851,-1430.0
DJIA Consolidated - CHICAGO BOARD OF TRADE,2015-01-20,13779,9278,-3889.0,-538.0,50301,-5066.0,4501,-3350.0
DJIA Consolidated - CHICAGO BOARD OF TRADE,2015-01-27,11598,12415,-2181.0,3137.0,52970,2670.0,-817,-5318.0
DJIA Consolidated - CHICAGO BOARD OF TRADE,2015-02-03,13228,8514,1631.0,-3901.0,52505,-466.0,4714,5531.0
DJIA Consolidated - CHICAGO BOARD OF TRADE,2015-02-10,17274,8332,4046.0,-182.0,53087,582.0,8942,4228.0
DJIA Consolidated - CHICAGO BOARD OF TRADE,2015-02-17,20908,8540,3634.0,208.0,58115,5029.0,12368,3426.0
DJIA Consolidated - CHICAGO BOARD OF TRADE,2015-02-24,19723,9200,-1186.0,660.0,58166,51.0,10523,-1845.0
DJIA Consolidated - CHICAGO BOARD OF TRADE,2015-03-03,21096,9204,1374.0,5.0,58358,192.0,11892,1369.0
DJIA Consolidated - CHICAGO BOARD OF TRADE,2015-03-10,17701,9326,-3396.0,122.0,55716,-2642.0,8375,-3517.0
DJIA Consolidated - CHICAGO BOARD OF TRADE,2015-03-17,15665,10638,-2036.0,1313.0,54208,-1508.0,5027,-3348.0
DJIA Consolidated - CHICAGO BOARD OF TRADE,2015-03-24,14971,8773,-694.0,-1866.0,53325,-884.0,6198,1171.0
DJIA Consolidated - CHICAGO BOARD OF TRADE,2015-03-31,11178,8041,-3794.0,-732.0,48671,-4654.0,3137,-3061.0
DJIA Consolidated - CHICAGO BOARD OF TRADE,2015-04-07,12330,7697,1152.0,-344.0,48669,-3.0,4633,1496.0
DJIA Consolidated - CHICAGO BOARD OF TRADE,2015-04-14,16564,7944,4235.0,247.0,54343,5675.0,8620,3987.0
DJIA Consolidated - CHICAGO BOARD OF TRADE,2015-04-21,13956,7935,-2609.0,-9.0,50070,-4273.0,6021,-2599.0
DJIA Consolidated - CHICAGO BOARD OF TRADE,2015-04-28,16318,8098,2362.0,164.0,57117,7047.0,8220,2199.0
DJIA Consolidated - CHICAGO BOARD OF TRADE,2015-05-05,13546,9900,-2772.0,1802.0,53082,-4035.0,3646,-4574.0
DJIA Consolidated - CHICAGO BOARD OF TRADE,2015-05-12,14676,7130,1130.0,-2770.0,53077,-5.0,7546,3900.0
DJIA Consolidated - CHICAGO BOARD OF TRADE,2015-05-19,21232,9895,6556.0,2765.0,60703,7626.0,11337,3791.0
DJIA Consolidated - CHICAGO BOARD OF TRADE,2015-05-26,17146,10024,-4086.0,129.0,56676,-4027.0,7122,-4215.0
DJIA Consolidated - CHICAGO BOARD OF TRADE,2015-06-02,17099,11021,-47.0,997.0,57516,841.0,6078,-1044.0
DJIA Consolidated - CHICAGO BOARD OF TRADE,2015-06-09,11387,11500,-5713.0,480.0,58066,550.0,-113,-6191.0
DJIA Consolidated - CHICAGO BOARD OF TRADE,2015-06-16,12635,6659,1248.0,-4842.0,55316,-2750.0,5976,6089.0
DJIA Consolidated - CHICAGO BOARD OF TRADE,2015-06-23,17431,5407,4796.0,-1252.0,53299,-2018.0,12024,6048.0
DJIA Consolidated - CHICAGO BOARD OF TRADE,2015-06-30,8709,9099,-8722.0,3692.0,44827,-8472.0,-390,-12414.0
DJIA Consolidated - CHICAGO BOARD OF TRADE,2015-07-07,9482,9087,773.0,-12.0,43659,-1168.0,395,785.0
DJIA Consolidated - CHICAGO BOARD OF TRADE,2015-07-14,13613,9093,4132.0,6.0,47511,3852.0,4520,4125.0
DJIA Consolidated - CHICAGO BOARD OF TRADE,2015-07-21,10570,9301,-3043.0,208.0,47433,-79.0,1269,-3251.0
DJIA Consolidated - CHICAGO BOARD OF TRADE,2015-07-28,9772,12826,-799.0,3526.0,46258,-1175.0,-3054,-4323.0
DJIA Consolidated - CHICAGO BOARD OF TRADE,2015-08-04,10821,12112,1050.0,-715.0,48166,1909.0,-1291,1763.0
DJIA Consolidated - CHICAGO BOARD OF TRADE,2015-08-11,10418,15837,-404.0,3725.0,47419,-747.0,-5419,-4128.0
DJIA Consolidated - CHICAGO BOARD OF TRADE,2015-08-18,10289,15523,-129.0,-314.0,46724,-696.0,-5234,185.0
DJIA Consolidated - CHICAGO BOARD OF TRADE,2015-08-25,9798,17726,-491.0,2204.0,46395,-329.0,-7928,-2694.0
DJIA Consolidated - CHICAGO BOARD OF TRADE,2015-09-01,8405,14196,-1393.0,-3530.0,42344,-4051.0,-5791,2137.0
DJIA Consolidated - CHICAGO BOARD OF TRADE,2015-09-08,10137,11183,1732.0,-3014.0,43620,1276.0,-1046,4745.0
DJIA Consolidated - CHICAGO BOARD OF TRADE,2015-09-15,10586,12129,449.0,947.0,48589,4969.0,-1543,-497.0
DJIA Consolidated - CHICAGO BOARD OF TRADE,2015-09-22,8230,10239,-2356.0,-1890.0,29388,-19201.0,-2009,-466.0
DJIA Consolidated - CHICAGO BOARD OF TRADE,2015-09-29,10960,10803,2730.0,564.0,31990,2602.0,157,2166.0
DJIA Consolidated - CHICAGO BOARD OF TRADE,2015-10-06,13130,12187,2171.0,1384.0,34668,2679.0,943,786.0
DJIA Consolidated - CHICAGO BOARD OF TRADE,2015-10-13,14124,12347,994.0,161.0,37572,2904.0,1777,834.0
DJIA Consolidated - CHICAGO BOARD OF TRADE,2015-10-20,12428,12321,-1697.0,-27.0,37727,155.0,107,-1670.0
DJIA Consolidated - CHICAGO BOARD OF TRADE,2015-10-27,12172,10371,-256.0,-1950.0,38703,977.0,1801,1694.0
DJIA Consolidated - CHICAGO BOARD OF TRADE,2015-11-03,16900,11205,4729.0,834.0,47790,9087.0,5695,3894.0
DJIA Consolidated - CHICAGO BOARD OF TRADE,2015-11-10,19964,9440,3064.0,-1765.0,51867,4077.0,10524,4829.0
DJIA Consolidated - CHICAGO BOARD OF TRADE,2015-11-17,17049,10487,-2915.0,1048.0,49731,-2136.0,6562,-3962.0
DJIA Consolidated - CHICAGO BOARD OF TRADE,2015-11-24,19594,10716,2545.0,229.0,51507,1776.0,8878,2316.0
DJIA Consolidated - CHICAGO BOARD OF TRADE,2015-12-01,20930,12326,1336.0,1610.0,53404,1897.0,8604,-274.0
DJIA Consolidated - CHICAGO BOARD OF TRADE,2015-12-08,18560,10820,-2370.0,-1506.0,51296,-2108.0,7740,-864.0
DJIA Consolidated - CHICAGO BOARD OF TRADE,2015-12-15,20308,8972,1748.0,-1848.0,62230,10935.0,11336,3596.0
DJIA Consolidated - CHICAGO BOARD OF TRADE,2015-12-22,14938,6467,-5370.0,-2506.0,39066,-23165.0,8471,-2865.0
DJIA Consolidated - CHICAGO BOARD OF TRADE,2015-12-29,16457,6197,1519.0,-270.0,41172,2106.0,10260,1789.0
DJIA Consolidated - CHICAGO BOARD OF TRADE,2016-01-05,14055,9060,-2402.0,2863.0,37445,-3727.0,4995,-5265.0
DJIA Consolidated - CHICAGO BOARD OF TRADE,2016-01-12,10895,6547,-3160.0,-2513.0,33166,-4280.0,4348,-647.0
DJIA Consolidated - CHICAGO BOARD OF TRADE,2016-01-19,8004,6687,-2891.0,140.0,30588,-2578.0,1317,-3031.0
DJIA Consolidated - CHICAGO BOARD OF TRADE,2016-01-26,8149,7552,145.0,865.0,30555,-33.0,597,-720.0
DJIA Consolidated - CHICAGO BOARD OF TRADE,2016-02-02,7564,7548,-585.0,-4.0,29967,-588.0,16,-581.0
DJIA Consolidated - CHICAGO BOARD OF TRADE,2016-02-09,7795,8268,231.0,720.0,32237,2270.0,-473,-489.0
DJIA Consolidated - CHICAGO BOARD OF TRADE,2016-02-16,6833,7000,-962.0,-1268.0,31478,-759.0,-167,306.0
DJIA Consolidated - CHICAGO BOARD OF TRADE,2016-02-23,6829,5566,-5.0,-1434.0,28952,-2526.0,1263,1430.0
DJIA Consolidated - CHICAGO BOARD OF TRADE,2016-03-01,7514,5414,686.0,-153.0,31216,2264.0,2100,837.0
DJIA Consolidated - CHICAGO BOARD OF TRADE,2016-03-08,8553,7409,1039.0,1996.0,33243,2027.0,1144,-956.0
DJIA Consolidated - CHICAGO BOARD OF TRADE,2016-03-15,9700,9286,1148.0,1877.0,44843,11601.0,414,-730.0
DJIA Consolidated - CHICAGO BOARD OF TRADE,2016-03-22,17390,13954,7690.0,4668.0,45580,737.0,3436,3022.0
DJIA Consolidated - CHICAGO BOARD OF TRADE,2016-03-29,20804,14538,3414.0,584.0,50968,5388.0,6266,2830.0
DJIA Consolidated - CHICAGO BOARD OF TRADE,2016-04-05,23739,15182,2935.0,645.0,56474,5506.0,8557,2291.0
DJIA Consolidated - CHICAGO BOARD OF TRADE,2016-04-12,24846,16829,1107.0,1647.0,58324,1851.0,8017,-540.0
DJIA Consolidated - CHICAGO BOARD OF TRADE,2016-04-19,24999,17598,153.0,769.0,59763,1439.0,7401,-616.0
DJIA Consolidated - CHICAGO BOARD OF TRADE,2016-04-26,25610,19471,612.0,1874.0,60869,1106.0,6139,-1262.0
DJIA Consolidated - CHICAGO BOARD OF TRADE,2016-05-03,26631,17098,1021.0,-2373.0,62293,1425.0,9533,3394.0
DJIA Consolidated - CHICAGO BOARD OF TRADE,2016-05-10,28754,16528,2123.0,-571.0,65060,2767.0,12226,2693.0
DJIA Consolidated - CHICAGO BOARD OF TRADE,2016-05-17,23957,14892,-4797.0,-1636.0,55806,-9254.0,9065,-3161.0
DJIA Consolidated - CHICAGO BOARD OF TRADE,2016-05-24,27353,13677,3396.0,-1216.0,58780,2975.0,13676,4611.0
DJIA Consolidated - CHICAGO BOARD OF TRADE,2016-05-31,27604,14235,251.0,559.0,61198,2418.0,13369,-307.0
DJIA Consolidated - CHICAGO BOARD OF TRADE,2016-06-07,28402,15593,798.0,1358.0,65122,3924.0,12809,-560.0
DJIA Consolidated - CHICAGO BOARD OF TRADE,2016-06-14,32927,12300,4525.0,-3293.0,74270,9149.0,20627,7818.0
DJIA Consolidated - CHICAGO BOARD OF TRADE,2016-06-21,32305,10713,-622.0,-1587.0,56193,-18078.0,21592,965.0
DJIA Consolidated - CHICAGO BOARD OF TRADE,2016-06-28,24762,4674,-7543.0,-6039.0,47108,-9085.0,20088,-1504.0
DJIA Consolidated - CHICAGO BOARD OF TRADE,2016-07-05,27627,4989,2865.0,315.0,49640,2532.0,22638,2550.0
DJIA Consolidated - CHICAGO BOARD OF TRADE,2016-07-12,31170,6420,3544.0,1431.0,55987,6347.0,24750,2112.0
DJIA Consolidated - CHICAGO BOARD OF TRADE,2016-07-19,38649,7219,7479.0,799.0,63157,7170.0,31430,6680.0
DJIA Consolidated - CHICAGO BOARD OF TRADE,2016-07-26,41623,8122,2974.0,903.0,67461,4305.0,33501,2071.0
DJIA Consolidated - CHICAGO BOARD OF TRADE,2016-08-02,44061,5817,2439.0,-2305.0,69740,2279.0,38244,4743.0
DJIA Consolidated - CHICAGO BOARD OF TRADE,2016-08-09,44907,7500,846.0,1683.0,71005,1265.0,37407,-837.0
DJIA Consolidated - CHICAGO BOARD OF TRADE,2016-08-16,46016,8181,1109.0,681.0,72633,1628.0,37835,428.0
DJIA Consolidated - CHICAGO BOARD OF TRADE,2016-08-23,46501,8377,485.0,196.0,73139,506.0,38124,289.0
DJIA Consolidated - CHICAGO BOARD OF TRADE,2016-08-30,46385,7609,-117.0,-768.0,72837,-302.0,38776,652.0
DJIA Consolidated - CHICAGO BOARD OF TRADE,2016-09-06,47460,8249,1076.0,641.0,74026,1189.0,39211,435.0
DJIA Consolidated - CHICAGO BOARD OF TRADE,2016-09-13,38561,9285,-8899.0,1036.0,78565,4539.0,29276,-9935.0
DJIA Consolidated - CHICAGO BOARD OF TRADE,2016-09-20,35501,8363,-3060.0,-922.0,58114,-20451.0,27138,-2138.0
DJIA Consolidated - CHICAGO BOARD OF TRADE,2016-09-27,38693,8256,3192.0,-107.0,60653,2539.0,30437,3299.0
DJIA Consolidated - CHICAGO BOARD OF TRADE,2016-10-04,38865,9579,172.0,1323.0,61014,361.0,29286,-1151.0
DJIA Consolidated - CHICAGO BOARD OF TRADE,2016-10-11,37746,11436,-1119.0,1857.0,60761,-253.0,26310,-2976.0
DJIA Consolidated - CHICAGO BOARD OF TRADE,2016-10-18,38043,10112,297.0,-1324.0,58842,-1919.0,27931,1621.0
DJIA Consolidated - CHICAGO BOARD OF TRADE,2016-10-25,36208,11903,-1835.0,1792.0,57677,-1165.0,24305,-3626.0
DJIA Consolidated - CHICAGO BOARD OF TRADE,2016-11-01,34678,13569,-1530.0,1666.0,58314,637.0,21109,-3196.0
DJIA Consolidated - CHICAGO BOARD OF TRADE,2016-11-08,37184,15435,2506.0,1866.0,58186,-128.0,21749,640.0
DJIA Consolidated - CHICAGO BOARD OF TRADE,2016-11-15,37923,7978,739.0,-7457.0,61674,3488.0,29945,8196.0
DJIA Consolidated - CHICAGO BOARD OF TRADE,2016-11-22,40187,8882,2265.0,904.0,67260,5586.0,31305,1360.0
DJIA Consolidated - CHICAGO BOARD OF TRADE,2016-11-29,44672,9412,4485.0,530.0,72827,5567.0,35260,3955.0
DJIA Consolidated - CHICAGO BOARD OF TRADE,2016-12-06,43514,8951,-1158.0,-461.0,71133,-1694.0,34563,-697.0
DJIA Consolidated - CHICAGO BOARD OF TRADE,2016-12-13,36696,7472,-6818.0,-1480.0,84811,13678.0,29224,-5339.0
DJIA Consolidated - CHICAGO BOARD OF TRADE,2016-12-20,37304,6657,608.0,-815.0,63716,-21095.0,30647,1423.0
DJIA Consolidated - CHICAGO BOARD OF TRADE,2016-12-27,37127,6959,-178.0,302.0,64692,976.0,30168,-479.0
DJIA Consolidated - CHICAGO BOARD OF TRADE,2017-01-03,41822,6760,4696.0,-199.0,69341,4649.0,35062,4894.0
DJIA Consolidated - CHICAGO BOARD OF TRADE,2017-01-10,36829,6174,-4994.0,-587.0,65240,-4101.0,30655,-4407.0
DJIA Consolidated - CHICAGO BOARD OF TRADE,2017-01-17,37367,5309,539.0,-865.0,65209,-32.0,32058,1403.0
DJIA Consolidated - CHICAGO BOARD OF TRADE,2017-01-24,41054,9297,3687.0,3988.0,67349,2141.0,31757,-301.0
DJIA Consolidated - CHICAGO BOARD OF TRADE,2017-01-31,35988,9727,-5067.0,430.0,64011,-3338.0,26261,-5496.0
DJIA Consolidated - CHICAGO BOARD OF TRADE,2017-02-07,37048,7997,1060.0,-1730.0,64132,121.0,29051,2790.0
DJIA Consolidated - CHICAGO BOARD OF TRADE,2017-02-14,35201,7796,-1847.0,-201.0,63515,-617.0,27405,-1646.0
DJIA Consolidated - CHICAGO BOARD OF TRADE,2017-02-21,33659,7938,-1542.0,142.0,63482,-33.0,25721,-1684.0
DJIA Consolidated - CHICAGO BOARD OF TRADE,2017-02-28,38128,8372,4469.0,434.0,69610,6128.0,29756,4035.0
DJIA Consolidated - CHICAGO BOARD OF TRADE,2017-03-07,41150,8489,3023.0,118.0,73766,4156.0,32661,2905.0
DJIA Consolidated - CHICAGO BOARD OF TRADE,2017-03-14,43178,6622,2028.0,-1868.0,88054,14288.0,36556,3895.0
DJIA Consolidated - CHICAGO BOARD OF TRADE,2017-03-21,39718,5425,-3460.0,-1197.0,66701,-21354.0,34293,-2263.0
DJIA Consolidated - CHICAGO BOARD OF TRADE,2017-03-28,41480,4765,1762.0,-660.0,67117,417.0,36715,2422.0
DJIA Consolidated - CHICAGO BOARD OF TRADE,2017-04-04,36736,3690,-4744.0,-1075.0,64819,-2299.0,33046,-3669.0
DJIA Consolidated - CHICAGO BOARD OF TRADE,2017-04-11,37591,4343,855.0,653.0,64569,-250.0,33248,202.0
DJIA Consolidated - CHICAGO BOARD OF TRADE,2017-04-18,38555,5202,964.0,860.0,65530,962.0,33353,105.0
DJIA Consolidated - CHICAGO BOARD OF TRADE,2017-04-25,38123,5856,-432.0,654.0,66700,1170.0,32267,-1086.0
DJIA Consolidated - CHICAGO BOARD OF TRADE,2017-05-02,34330,5276,-3793.0,-580.0,63185,-3515.0,29054,-3213.0
DJIA Consolidated - CHICAGO BOARD OF TRADE,2017-05-09,29917,5450,-4413.0,174.0,60651,-2534.0,24467,-4587.0
DJIA Consolidated - CHICAGO BOARD OF TRADE,2017-05-16,28703,5873,-1215.0,424.0,60726,75.0,22830,-1637.0
DJIA Consolidated - CHICAGO BOARD OF TRADE,2017-05-23,28751,6782,48.0,909.0,60170,-557.0,21969,-861.0
DJIA Consolidated - CHICAGO BOARD OF TRADE,2017-05-30,30320,7317,1569.0,536.0,59950,-220.0,23003,1034.0
DJIA Consolidated - CHICAGO BOARD OF TRADE,2017-06-06,31650,6906,1331.0,-412.0,62343,2393.0,24744,1741.0
DJIA Consolidated - CHICAGO BOARD OF TRADE,2017-06-13,33725,7030,2075.0,124.0,71798,9455.0,26695,1951.0
DJIA Consolidated - CHICAGO BOARD OF TRADE,2017-06-20,34545,3901,820.0,-3129.0,61134,-10664.0,30644,3949.0
DJIA Consolidated - CHICAGO BOARD OF TRADE,2017-06-27,38946,5037,4401.0,1136.0,65668,4534.0,33909,3265.0
DJIA Consolidated - CHICAGO BOARD OF TRADE,2017-07-03,40831,4205,1885.0,-832.0,67412,1744.0,36626,2717.0
DJIA Consolidated - CHICAGO BOARD OF TRADE,2017-07-11,39098,4292,-1733.0,87.0,64752,-2660.0,34806,-1820.0
DJIA Consolidated - CHICAGO BOARD OF TRADE,2017-07-18,39472,5453,374.0,1161.0,64619,-133.0,34019,-787.0
DJIA Consolidated - CHICAGO BOARD OF TRADE,2017-07-25,39925,4986,454.0,-468.0,65152,533.0,34939,920.0
DJIA Consolidated - CHICAGO BOARD OF TRADE,2017-08-01,41739,8742,1814.0,3757.0,68506,3354.0,32997,-1942.0
DJIA Consolidated - CHICAGO BOARD OF TRADE,2017-08-08,45252,9185,3513.0,443.0,71449,2944.0,36067,3070.0
DJIA Consolidated - CHICAGO BOARD OF TRADE,2017-08-15,50425,6773,5174.0,-2413.0,75987,4538.0,43652,7585.0
DJIA Consolidated - CHICAGO BOARD OF TRADE,2017-08-22,50578,4499,153.0,-2274.0,76255,268.0,46079,2427.0
DJIA Consolidated - CHICAGO BOARD OF TRADE,2017-08-29,50255,6610,-324.0,2111.0,77718,1463.0,43645,-2434.0
DJIA Consolidated - CHICAGO BOARD OF TRADE,2017-09-05,46191,6705,-4064.0,96.0,74819,-2900.0,39486,-4159.0
DJIA Consolidated - CHICAGO BOARD OF TRADE,2017-09-12,47312,5862,1121.0,-844.0,84360,9541.0,41450,1964.0
DJIA Consolidated - CHICAGO BOARD OF TRADE,2017-09-19,49588,6219,2277.0,357.0,76971,-7389.0,43369,1919.0
DJIA Consolidated - CHICAGO BOARD OF TRADE,2017-09-26,53393,5533,3805.0,-686.0,78934,1963.0,47860,4491.0
DJIA Consolidated - CHICAGO BOARD OF TRADE,2017-10-03,49902,6960,-3492.0,1427.0,77180,-1755.0,42942,-4918.0
DJIA Consolidated - CHICAGO BOARD OF TRADE,2017-10-10,49298,8472,-604.0,1512.0,77870,691.0,40826,-2116.0
DJIA Consolidated - CHICAGO BOARD OF TRADE,2017-10-17,47966,8082,-1332.0,-390.0,78925,1055.0,39884,-942.0
DJIA Consolidated - CHICAGO BOARD OF TRADE,2017-10-24,48314,8073,348.0,-9.0,81044,2119.0,40241,357.0
DJIA Consolidated - CHICAGO BOARD OF TRADE,2017-10-31,48441,7990,128.0,-83.0,79979,-1065.0,40451,210.0
DJIA Consolidated - CHICAGO BOARD OF TRADE,2017-11-07,45149,7105,-3292.0,-885.0,78121,-1859.0,38044,-2407.0
DJIA Consolidated - CHICAGO BOARD OF TRADE,2017-11-14,45307,5157,158.0,-1949.0,79161,1040.0,40150,2106.0
DJIA Consolidated - CHICAGO BOARD OF TRADE,2017-11-21,42210,6335,-3097.0,1179.0,77797,-1364.0,35875,-4275.0
DJIA Consolidated - CHICAGO BOARD OF TRADE,2017-11-28,39853,7381,-2357.0,1046.0,76112,-1685.0,32472,-3403.0
DJIA Consolidated - CHICAGO BOARD OF TRADE,2017-12-05,43059,6983,3206.0,-398.0,78456,2344.0,36076,3604.0
DJIA Consolidated - CHICAGO BOARD OF TRADE,2017-12-12,42164,5808,-895.0,-1175.0,86632,8176.0,36356,280.0
DJIA Consolidated - CHICAGO BOARD OF TRADE,2017-12-19,40410,5712,-1754.0,-97.0,72370,-14262.0,34698,-1658.0
DJIA Consolidated - CHICAGO BOARD OF TRADE,2017-12-26,41615,5529,1205.0,-183.0,72295,-75.0,36086,1388.0
DJIA Consolidated - CHICAGO BOARD OF TRADE,2018-01-02,43233,5472,1618.0,-57.0,74369,2074.0,37761,1675.0
DJIA Consolidated - CHICAGO BOARD OF TRADE,2018-01-09,41129,7736,-2105.0,2264.0,75319,951.0,33393,-4368.0
DJIA Consolidated - CHICAGO BOARD OF TRADE,2018-01-16,44050,9192,2922.0,1456.0,78618,3299.0,34858,1465.0
DJIA Consolidated - CHICAGO BOARD OF TRADE,2018-01-23,40162,9006,-3889.0,-186.0,78388,-231.0,31156,-3702.0
DJIA Consolidated - CHICAGO BOARD OF TRADE,2018-01-30,40739,7674,577.0,-1332.0,77825,-563.0,33065,1909.0
DJIA Consolidated - CHICAGO BOARD OF TRADE,2018-02-06,32641,10539,-8098.0,2865.0,66241,-11584.0,22102,-10963.0
DJIA Consolidated - CHICAGO BOARD OF TRADE,2018-02-13,25694,15037,-6948.0,4499.0,63084,-3158.0,10657,-11445.0
DJIA Consolidated - CHICAGO BOARD OF TRADE,2018-02-20,23250,13677,-2444.0,-1360.0,58963,-4121.0,9573,-1084.0
DJIA Consolidated - CHICAGO BOARD OF TRADE,2018-02-27,22003,10867,-1248.0,-2810.0,59086,123.0,11136,1563.0
DJIA Consolidated - CHICAGO BOARD OF TRADE,2018-03-06,23520,10813,1518.0,-54.0,58398,-688.0,12707,1571.0
DJIA Consolidated - CHICAGO BOARD OF TRADE,2018-03-13,22899,11628,-621.0,815.0,73002,14604.0,11271,-1436.0
DJIA Consolidated - CHICAGO BOARD OF TRADE,2018-03-20,21703,8069,-1197.0,-3559.0,53163,-19839.0,13634,2363.0
DJIA Consolidated - CHICAGO BOARD OF TRADE,2018-03-27,21104,7538,-599.0,-531.0,51868,-1295.0,13566,-68.0
DJIA Consolidated - CHICAGO BOARD OF TRADE,2018-04-03,18560,8779,-2544.0,1241.0,48454,-3414.0,9781,-3785.0
DJIA Consolidated - CHICAGO BOARD OF TRADE,2018-04-10,16867,8150,-1693.0,-629.0,48443,-11.0,8717,-1064.0
DJIA Consolidated - CHICAGO BOARD OF TRADE,2018-04-17,17349,8721,482.0,571.0,50772,2329.0,8628,-89.0
DJIA Consolidated - CHICAGO BOARD OF TRADE,2018-04-24,15143,15262,-2206.0,6542.0,53519,2747.0,-119,-8747.0
DJIA Consolidated - CHICAGO BOARD OF TRADE,2018-05-01,16185,15003,1042.0,-259.0,51939,-1580.0,1182,1301.0
DJIA Consolidated - CHICAGO BOARD OF TRADE,2018-05-08,16776,15441,591.0,438.0,51551,-389.0,1335,153.0
DJIA Consolidated - CHICAGO BOARD OF TRADE,2018-05-15,16111,11049,-665.0,-4392.0,51111,-440.0,5062,3727.0
DJIA Consolidated - CHICAGO BOARD OF TRADE,2018-05-22,15984,8865,-127.0,-2184.0,51450,339.0,7119,2057.0
DJIA Consolidated - CHICAGO BOARD OF TRADE,2018-05-29,16162,9639,178.0,774.0,52530,1080.0,6523,-596.0
DJIA Consolidated - CHICAGO BOARD OF TRADE,2018-06-05,16345,7523,184.0,-2116.0,48855,-3675.0,8822,2299.0
DJIA Consolidated - CHICAGO BOARD OF TRADE,2018-06-12,17535,5497,1190.0,-2027.0,57351,8496.0,12038,3216.0
DJIA Consolidated - CHICAGO BOARD OF TRADE,2018-06-19,16190,9508,-1345.0,4011.0,43300,-14051.0,6682,-5356.0
DJIA Consolidated - CHICAGO BOARD OF TRADE,2018-06-26,15398,11797,-792.0,2290.0,43398,98.0,3601,-3081.0
DJIA Consolidated - CHICAGO BOARD OF TRADE,2018-07-03,14866,9017,-532.0,-2781.0,41911,-1487.0,5849,2248.0
DJIA Consolidated - CHICAGO BOARD OF TRADE,2018-07-10,15373,7418,507.0,-1599.0,42365,454.0,7955,2106.0
DJIA Consolidated - CHICAGO BOARD OF TRADE,2018-07-17,16602,6438,1229.0,-980.0,43209,844.0,10164,2209.0
DJIA Consolidated - CHICAGO BOARD OF TRADE,2018-07-24,18771,8082,2170.0,1644.0,44888,1679.0,10689,525.0
DJIA Consolidated - CHICAGO BOARD OF TRADE,2018-07-31,20384,7700,1613.0,-382.0,46664,1777.0,12684,1995.0
DJIA Consolidated - CHICAGO BOARD OF TRADE,2018-08-07,22964,8076,2580.0,376.0,50128,3464.0,14888,2204.0
DJIA Consolidated - CHICAGO BOARD OF TRADE,2018-08-14,21599,8486,-1365.0,410.0,49010,-1118.0,13113,-1775.0
DJIA Consolidated - CHICAGO BOARD OF TRADE,2018-08-21,23006,8919,1407.0,434.0,51229,2219.0,14087,974.0
DJIA Consolidated - CHICAGO BOARD OF TRADE,2018-08-28,24949,9043,1944.0,124.0,52653,1424.0,15906,1819.0
DJIA Consolidated - CHICAGO BOARD OF TRADE,2018-09-04,25983,7942,1034.0,-1101.0,53146,494.0,18041,2135.0
DJIA Consolidated - CHICAGO BOARD OF TRADE,2018-09-11,26907,7604,924.0,-338.0,54437,1291.0,19303,1262.0
DJIA Consolidated - CHICAGO BOARD OF TRADE,2018-09-18,27090,6465,184.0,-1139.0,64537,10100.0,20625,1322.0
DJIA Consolidated - CHICAGO BOARD OF TRADE,2018-09-25,30921,5891,3831.0,-574.0,53775,-10762.0,25030,4405.0
DJIA Consolidated - CHICAGO BOARD OF TRADE,2018-10-02,33370,5985,2449.0,94.0,57182,3407.0,27385,2355.0
DJIA Consolidated - CHICAGO BOARD OF TRADE,2018-10-09,28484,5933,-4886.0,-52.0,52344,-4838.0,22551,-4834.0
DJIA Consolidated - CHICAGO BOARD OF TRADE,2018-10-16,20338,7160,-8146.0,1227.0,46361,-5983.0,13178,-9373.0
DJIA Consolidated - CHICAGO BOARD OF TRADE,2018-10-23,19892,7720,-446.0,560.0,44831,-1530.0,12172,-1006.0
DJIA Consolidated - CHICAGO BOARD OF TRADE,2018-10-30,17965,8690,-1927.0,970.0,43677,-1154.0,9275,-2897.0
DJIA Consolidated - CHICAGO BOARD OF TRADE,2018-11-06,18138,7121,174.0,-1569.0,41582,-2096.0,11017,1742.0
DJIA Consolidated - CHICAGO BOARD OF TRADE,2018-11-13,18759,3857,621.0,-3264.0,42482,901.0,14902,3885.0
DJIA Consolidated - CHICAGO BOARD OF TRADE,2018-11-20,13213,3863,-5546.0,7.0,38900,-3583.0,9350,-5552.0
DJIA Consolidated - CHICAGO BOARD OF TRADE,2018-11-27,13643,3613,430.0,-251.0,39163,263.0,10030,680.0
DJIA Consolidated - CHICAGO BOARD OF TRADE,2018-12-04,15490,3335,1847.0,-278.0,38536,-627.0,12155,2125.0
DJIA Consolidated - CHICAGO BOARD OF TRADE,2018-12-11,14502,3416,-989.0,82.0,36811,-1725.0,11086,-1069.0
DJIA Consolidated - CHICAGO BOARD OF TRADE,2018-12-18,16192,4504,1691.0,1088.0,47207,10396.0,11688,602.0
DJIA Consolidated - CHICAGO BOARD OF TRADE,2018-12-24,21321,3935,5129.0,-569.0,41713,-5494.0,17386,5698.0
DJIA Consolidated - CHICAGO BOARD OF TRADE,2018-12-31,17495,3788,-3826.0,-147.0,36864,-4849.0,13707,-3679.0
DJIA Consolidated - CHICAGO BOARD OF TRADE,2019-01-08,16876,4343,-619.0,555.0,37228,364.0,12533,-1174.0
DJIA Consolidated - CHICAGO BOARD OF TRADE,2019-01-15,17272,6171,396.0,1828.0,37610,382.0,11101,-1432.0
DJIA Consolidated - CHICAGO BOARD OF TRADE,2019-01-22,17093,7711,-179.0,1540.0,38510,900.0,9382,-1719.0
DJIA Consolidated - CHICAGO BOARD OF TRADE,2019-01-29,15908,9017,-1185.0,1306.0,39174,664.0,6891,-2491.0
DJIA Consolidated - CHICAGO BOARD OF TRADE,2019-02-05,15892,12490,-17.0,3474.0,42870,3696.0,3402,-3489.0
DJIA Consolidated - CHICAGO BOARD OF TRADE,2019-02-12,16590,10543,698.0,-1947.0,41834,-1036.0,6047,2645.0
DJIA Consolidated - CHICAGO BOARD OF TRADE,2019-02-19,16780,8990,191.0,-1553.0,41069,-765.0,7790,1743.0
DJIA Consolidated - CHICAGO BOARD OF TRADE,2019-02-26,18630,8114,1850.0,-877.0,42707,1638.0,10516,2726.0
DJIA Consolidated - CHICAGO BOARD OF TRADE,2019-03-05,19801,9569,1171.0,1455.0,44409,1702.0,10232,-284.0
DJIA Consolidated - CHICAGO BOARD OF TRADE,2019-03-12,18561,7215,-1240.0,-2354.0,48613,4204.0,11346,1114.0
DJIA Consolidated - CHICAGO BOARD OF TRADE,2019-03-19,19936,10349,1375.0,3135.0,39831,-8782.0,9587,-1759.0
DJIA Consolidated - CHICAGO BOARD OF TRADE,2019-03-26,18426,5323,-1510.0,-5027.0,39096,-736.0,13103,3516.0
DJIA Consolidated - CHICAGO BOARD OF TRADE,2019-04-02,17522,5255,-904.0,-68.0,39880,785.0,12267,-836.0
DJIA Consolidated - CHICAGO BOARD OF TRADE,2019-04-09,18646,5085,1124.0,-170.0,39565,-316.0,13561,1294.0
DJIA Consolidated - CHICAGO BOARD OF TRADE,2019-04-16,18270,4540,-376.0,-545.0,40945,1381.0,13730,169.0
DJIA Consolidated - CHICAGO BOARD OF TRADE,2019-04-23,17054,4722,-1216.0,182.0,40466,-479.0,12332,-1398.0
DJIA Consolidated - CHICAGO BOARD OF TRADE,2019-04-30,17738,5630,684.0,908.0,41063,597.0,12108,-224.0
DJIA Consolidated - CHICAGO BOARD OF TRADE,2019-05-07,20830,5480,3092.0,-150.0,41408,345.0,15350,3242.0
DJIA Consolidated - CHICAGO BOARD OF TRADE,2019-05-14,20085,8905,-745.0,3426.0,40445,-963.0,11180,-4170.0
DJIA Consolidated - CHICAGO BOARD OF TRADE,2019-05-21,16949,8395,-3137.0,-510.0,38661,-1784.0,8554,-2626.0
DJIA Consolidated - CHICAGO BOARD OF TRADE,2019-05-28,12774,8461,-4175.0,66.0,39694,1033.0,4313,-4241.0
DJIA Consolidated - CHICAGO BOARD OF TRADE,2019-06-04,9972,8907,-2802.0,446.0,39206,-488.0,1065,-3248.0
DJIA Consolidated - CHICAGO BOARD OF TRADE,2019-06-11,10111,6984,139.0,-1923.0,37341,-1866.0,3127,2062.0
DJIA Consolidated - CHICAGO BOARD OF TRADE,2019-06-18,14402,6132,4291.0,-852.0,43795,6455.0,8270,5143.0
DJIA Consolidated - CHICAGO BOARD OF TRADE,2019-06-25,22791,4559,8389.0,-1574.0,41325,-2471.0,18232,9962.0
DJIA Consolidated - CHICAGO BOARD OF TRADE,2019-07-02,22923,3723,133.0,-836.0,42532,1207.0,19200,968.0
DJIA Consolidated - CHICAGO BOARD OF TRADE,2019-07-09,20935,4576,-1989.0,853.0,40651,-1881.0,16359,-2841.0
DJIA Consolidated - CHICAGO BOARD OF TRADE,2019-07-16,27639,5109,6705.0,534.0,48891,8240.0,22530,6171.0
DJIA Consolidated - CHICAGO BOARD OF TRADE,2019-07-23,26371,4150,-1268.0,-959.0,46842,-2050.0,22221,-309.0
DJIA Consolidated - CHICAGO BOARD OF TRADE,2019-07-30,27688,4409,1317.0,259.0,50564,3723.0,23279,1058.0
DJIA Consolidated - CHICAGO BOARD OF TRADE,2019-08-06,29021,3310,1333.0,-1099.0,49129,-1436.0,25711,2432.0
DJIA Consolidated - CHICAGO BOARD OF TRADE,2019-08-13,25025,3224,-3996.0,-86.0,45609,-3520.0,21801,-3910.0
DJIA Consolidated - CHICAGO BOARD OF TRADE,2019-08-20,21113,2797,-3912.0,-428.0,41103,-4506.0,18316,-3485.0
DJIA Consolidated - CHICAGO BOARD OF TRADE,2019-08-27,20490,2917,-623.0,120.0,40195,-908.0,17573,-743.0
DJIA Consolidated - CHICAGO BOARD OF TRADE,2019-09-03,21296,2461,806.0,-456.0,40519,324.0,18835,1262.0
DJIA Consolidated - CHICAGO BOARD OF TRADE,2019-09-10,23866,3905,2571.0,1444.0,44467,3949.0,19961,1126.0
DJIA Consolidated - CHICAGO BOARD OF TRADE,2019-09-17,25230,3326,1364.0,-580.0,59753,15286.0,21904,1943.0
DJIA Consolidated - CHICAGO BOARD OF TRADE,2019-09-24,26985,3816,1755.0,490.0,50109,-9644.0,23169,1265.0
DJIA Consolidated - CHICAGO BOARD OF TRADE,2019-10-01,27004,4062,19.0,246.0,51743,1634.0,22942,-227.0
DJIA Consolidated - CHICAGO BOARD OF TRADE,2019-10-08,21776,2864,-5228.0,-1198.0,49078,-2665.0,18912,-4030.0
DJIA Consolidated - CHICAGO BOARD OF TRADE,2019-10-15,23204,3946,1428.0,1082.0,52347,3269.0,19258,346.0
DJIA Consolidated - CHICAGO BOARD OF TRADE,2019-10-22,24140,4235,936.0,290.0,53193,846.0,19905,647.0
DJIA Consolidated - CHICAGO BOARD OF TRADE,2019-10-29,25207,5028,1067.0,793.0,57263,4070.0,20179,274.0
DJIA Consolidated - CHICAGO BOARD OF TRADE,2019-11-05,25375,5831,168.0,804.0,57565,302.0,19544,-635.0
DJIA Consolidated - CHICAGO BOARD OF TRADE,2019-11-12,23749,4849,-1626.0,-983.0,56876,-689.0,18900,-644.0
DJIA Consolidated - CHICAGO BOARD OF TRADE,2019-11-19,21778,6213,-1971.0,1365.0,55084,-1792.0,15565,-3335.0
DJIA Consolidated - CHICAGO BOARD OF TRADE,2019-11-26,20718,5353,-1060.0,-860.0,53659,-1425.0,15365,-200.0
DJIA Consolidated - CHICAGO BOARD OF TRADE,2019-12-03,18655,5960,-2063.0,607.0,50967,-2692.0,12695,-2670.0
DJIA Consolidated - CHICAGO BOARD OF TRADE,2019-12-10,20840,10463,2185.0,4503.0,53903,2936.0,10377,-2318.0
DJIA Consolidated - CHICAGO BOARD OF TRADE,2019-12-17,21746,10789,906.0,326.0,60779,6877.0,10957,580.0
DJIA Consolidated - CHICAGO BOARD OF TRADE,2019-12-24,22274,9399,529.0,-1390.0,51518,-9262.0,12875,1918.0
DJIA Consolidated - CHICAGO BOARD OF TRADE,2019-12-31,23784,10692,1510.0,1293.0,53616,2098.0,13092,217.0
DJIA Consolidated - CHICAGO BOARD OF TRADE,2020-01-07,20290,8756,-3494.0,-1936.0,49078,-4538.0,11534,-1558.0
DJIA Consolidated - CHICAGO BOARD OF TRADE,2020-01-14,22724,9351,2434.0,595.0,50993,1916.0,13373,1839.0
DJIA Consolidated - CHICAGO BOARD OF TRADE,2020-01-21,23040,7009,316.0,-2342.0,51888,895.0,16031,2658.0
DJIA Consolidated - CHICAGO BOARD OF TRADE,2020-01-28,23751,4629,712.0,-2380.0,52420,532.0,19122,3091.0
DJIA Consolidated - CHICAGO BOARD OF TRADE,2020-02-04,24193,5327,442.0,698.0,51291,-1129.0,18866,-256.0
DJIA Consolidated - CHICAGO BOARD OF TRADE,2020-02-11,19042,4465,-5151.0,-862.0,51211,-80.0,14577,-4289.0
DJIA Consolidated - CHICAGO BOARD OF TRADE,2020-02-18,18639,5020,-403.0,556.0,51736,525.0,13619,-958.0
DJIA Consolidated - CHICAGO BOARD OF TRADE,2020-02-25,18336,5155,-303.0,135.0,50734,-1002.0,13181,-438.0
DJIA Consolidated - CHICAGO BOARD OF TRADE,2020-03-03,12539,5355,-5798.0,200.0,44848,-5886.0,7184,-5997.0
DJIA Consolidated - CHICAGO BOARD OF TRADE,2020-03-10,11575,3604,-964.0,-1751.0,42743,-2106.0,7971,787.0
DJIA Consolidated - CHICAGO BOARD OF TRADE,2020-03-17,7466,2907,-4110.0,-698.0,41341,-1402.0,4559,-3412.0
DJIA Consolidated - CHICAGO BOARD OF TRADE,2020-03-24,4390,3059,-3076.0,152.0,25081,-16260.0,1331,-3228.0
DJIA Consolidated - CHICAGO BOARD OF TRADE,2020-03-31,3718,8540,-673.0,5481.0,28194,3113.0,-4822,-6153.0
DJIA Consolidated - CHICAGO BOARD OF TRADE,2020-04-07,5681,8740,1963.0,201.0,26996,-1198.0,-3059,1763.0
DJIA Consolidated - CHICAGO BOARD OF TRADE,2020-04-14,6222,10196,541.0,1456.0,30200,3204.0,-3974,-915.0
DJIA Consolidated - CHICAGO BOARD OF TRADE,2020-04-21,6399,12009,178.0,1813.0,30798,599.0,-5610,-1636.0
DJIA Consolidated - CHICAGO BOARD OF TRADE,2020-04-28,6258,12735,-141.0,726.0,33751,2953.0,-6477,-867.0
DJIA Consolidated - CHICAGO BOARD OF TRADE,2020-05-05,6323,14440,65.0,1705.0,33234,-518.0,-8117,-1640.0
DJIA Consolidated - CHICAGO BOARD OF TRADE,2020-05-12,6303,14585,-20.0,145.0,34803,1569.0,-8282,-165.0
DJIA Consolidated - CHICAGO BOARD OF TRADE,2020-05-19,5471,13394,-832.0,-1191.0,36842,2039.0,-7923,359.0
DJIA Consolidated - CHICAGO BOARD OF TRADE,2020-05-26,6225,13418,754.0,24.0,38789,1948.0,-7193,730.0
DJIA Consolidated - CHICAGO BOARD OF TRADE,2020-06-02,7080,15943,855.0,2526.0,39058,269.0,-8863,-1670.0
DJIA Consolidated - CHICAGO BOARD OF TRADE,2020-06-09,8106,15200,1026.0,-743.0,39723,665.0,-7094,1769.0
DJIA Consolidated - CHICAGO BOARD OF TRADE,2020-06-16,6398,20774,-1708.0,5574.0,46180,6457.0,-14376,-7282.0
DJIA Consolidated - CHICAGO BOARD OF TRADE,2020-06-23,6842,21190,444.0,416.0,36461,-9719.0,-14348,28.0
DJIA Consolidated - CHICAGO BOARD OF TRADE,2020-06-30,6931,19869,89.0,-1321.0,37388,927.0,-12938,1410.0
DJIA Consolidated - CHICAGO BOARD OF TRADE,2020-07-07,7605,18550,674.0,-1319.0,35844,-1545.0,-10945,1993.0
DJIA Consolidated - CHICAGO BOARD OF TRADE,2020-07-14,14170,17862,6566.0,-688.0,40025,4181.0,-3692,7253.0
DJIA Consolidated - CHICAGO BOARD OF TRADE,2020-07-21,13287,17660,-883.0,-202.0,39745,-280.0,-4373,-681.0
DJIA Consolidated - CHICAGO BOARD OF TRADE,2020-07-28,13914,17065,627.0,-595.0,41117,1372.0,-3151,1222.0
DJIA Consolidated - CHICAGO BOARD OF TRADE,2020-08-04,16233,19428,2319.0,2363.0,45154,4037.0,-3195,-44.0
DJIA Consolidated - CHICAGO BOARD OF TRADE,2020-08-11,16800,18398,568.0,-1031.0,47392,2238.0,-1598,1597.0
DJIA Consolidated - CHICAGO BOARD OF TRADE,2020-08-18,15939,17549,-861.0,-849.0,46229,-1163.0,-1610,-12.0
DJIA Consolidated - CHICAGO BOARD OF TRADE,2020-08-25,12878,17330,-3062.0,-220.0,42244,-3985.0,-4452,-2842.0
DJIA Consolidated - CHICAGO BOARD OF TRADE,2020-09-01,12071,16485,-807.0,-845.0,41003,-1241.0,-4414,38.0
DJIA Consolidated - CHICAGO BOARD OF TRADE,2020-09-08,9437,17547,-2634.0,1062.0,36683,-4320.0,-8110,-3696.0
DJIA Consolidated - CHICAGO BOARD OF TRADE,2020-09-15,9935,17876,498.0,329.0,44088,7405.0,-7941,169.0
DJIA Consolidated - CHICAGO BOARD OF TRADE,2020-09-22,8680,17346,-1255.0,-530.0,34886,-9202.0,-8666,-725.0
DJIA Consolidated - CHICAGO BOARD OF TRADE,2020-09-29,11795,17370,3115.0,24.0,37025,2139.0,-5575,3091.0
DJIA Consolidated - CHICAGO BOARD OF TRADE,2020-10-06,16678,17359,4883.0,-11.0,42881,5857.0,-681,4894.0
DJIA Consolidated - CHICAGO BOARD OF TRADE,2020-10-13,17092,16838,415.0,-521.0,44989,2108.0,254,935.0
DJIA Consolidated - CHICAGO BOARD OF TRADE,2020-10-20,20699,17535,3607.0,697.0,47565,2576.0,3164,2910.0
DJIA Consolidated - CHICAGO BOARD OF TRADE,2020-10-27,18786,17498,-1913.0,-37.0,48635,1071.0,1288,-1876.0
DJIA Consolidated - CHICAGO BOARD OF TRADE,2020-11-03,14304,16069,-4483.0,-1429.0,44597,-4038.0,-1765,-3053.0
DJIA Consolidated - CHICAGO BOARD OF TRADE,2020-11-10,16613,17101,2309.0,1032.0,46842,2245.0,-488,1277.0
DJIA Consolidated - CHICAGO BOARD OF TRADE,2020-11-17,14922,17308,-1691.0,207.0,47984,1142.0,-2386,-1898.0
DJIA Consolidated - CHICAGO BOARD OF TRADE,2020-11-24,13047,17886,-1875.0,578.0,49293,1310.0,-4839,-2453.0
DJIA Consolidated - CHICAGO BOARD OF TRADE,2020-12-01,10522,18653,-2525.0,767.0,47034,-2259.0,-8131,-3292.0
DJIA Consolidated - CHICAGO BOARD OF TRADE,2020-12-08,12544,18871,2022.0,218.0,51358,4324.0,-6327,1804.0
DJIA Consolidated - CHICAGO BOARD OF TRADE,2020-12-15,10773,19593,-1772.0,722.0,53587,2229.0,-8820,-2493.0
DJIA Consolidated - CHICAGO BOARD OF TRADE,2020-12-21,11718,18217,945.0,-1376.0,40772,-12815.0,-6499,2321.0
DJIA Consolidated - CHICAGO BOARD OF TRADE,2020-12-29,11914,18146,197.0,-72.0,40919,147.0,-6232,267.0
DJIA Consolidated - CHICAGO BOARD OF TRADE,2021-01-05,12039,18369,125.0,224.0,40600,-319.0,-6330,-98.0
DJIA Consolidated - CHICAGO BOARD OF TRADE,2021-01-12,12138,18299,99.0,-70.0,42106,1506.0,-6161,169.0
DJIA Consolidated - CHICAGO BOARD OF TRADE,2021-01-19,11133,17992,-1005.0,-307.0,43314,1209.0,-6859,-698.0
DJIA Consolidated - CHICAGO BOARD OF TRADE,2021-01-26,11463,19124,330.0,1132.0,44757,1443.0,-7661,-802.0
DJIA Consolidated - CHICAGO BOARD OF TRADE,2021-02-02,16659,19524,5197.0,401.0,49889,5133.0,-2865,4796.0
DJIA Consolidated - CHICAGO BOARD OF TRADE,2021-02-09,17483,19406,824.0,-119.0,49829,-60.0,-1923,942.0
DJIA Consolidated - CHICAGO BOARD OF TRADE,2021-02-16,14839,18590,-2644.0,-816.0,46942,-2887.0,-3751,-1828.0
DJIA Consolidated - CHICAGO BOARD OF TRADE,2021-02-23,14760,18113,-80.0,-477.0,46040,-903.0,-3353,398.0
DJIA Consolidated - CHICAGO BOARD OF TRADE,2021-03-02,9925,20341,-4835.0,2228.0,44698,-1342.0,-10416,-7063.0
DJIA Consolidated - CHICAGO BOARD OF TRADE,2021-03-09,8133,20283,-1792.0,-58.0,46402,1705.0,-12150,-1734.0
DJIA Consolidated - CHICAGO BOARD OF TRADE,2021-03-16,9342,18687,1210.0,-1596.0,54432,8030.0,-9345,2805.0
DJIA Consolidated - CHICAGO BOARD OF TRADE,2021-03-23,10739,17644,1397.0,-1044.0,45440,-8992.0,-6905,2440.0
DJIA Consolidated - CHICAGO BOARD OF TRADE,2021-03-30,11222,18497,483.0,853.0,44724,-717.0,-7275,-370.0
DJIA Consolidated - CHICAGO BOARD OF TRADE,2021-04-06,13321,19348,2099.0,852.0,47120,2397.0,-6027,1248.0
DJIA Consolidated - CHICAGO BOARD OF TRADE,2021-04-13,13536,19230,216.0,-119.0,46072,-1049.0,-5694,333.0
DJIA Consolidated - CHICAGO BOARD OF TRADE,2021-04-20,12538,16982,-998.0,-2248.0,45617,-455.0,-4444,1250.0
DJIA Consolidated - CHICAGO BOARD OF TRADE,2021-04-27,12761,16789,223.0,-193.0,45600,-17.0,-4028,416.0
DJIA Consolidated - CHICAGO BOARD OF TRADE,2021-05-04,13962,16609,1201.0,-180.0,45992,392.0,-2647,1381.0
DJIA Consolidated - CHICAGO BOARD OF TRADE,2021-05-11,15486,19158,1525.0,2549.0,49322,3330.0,-3672,-1025.0
DJIA Consolidated - CHICAGO BOARD OF TRADE,2021-05-18,14947,19461,-539.0,304.0,47834,-1488.0,-4514,-842.0
DJIA Consolidated - CHICAGO BOARD OF TRADE,2021-05-25,15705,22227,758.0,2766.0,49408,1574.0,-6522,-2008.0
DJIA Consolidated - CHICAGO BOARD OF TRADE,2021-06-01,17140,22023,1436.0,-204.0,51621,2213.0,-4883,1639.0
DJIA Consolidated - CHICAGO BOARD OF TRADE,2021-06-08,16548,20958,-592.0,-1065.0,53147,1526.0,-4410,473.0
DJIA Consolidated - CHICAGO BOARD OF TRADE,2021-06-15,15328,20372,-1221.0,-586.0,59702,6555.0,-5044,-634.0
DJIA Consolidated - CHICAGO BOARD OF TRADE,2021-06-22,13931,21504,-1397.0,1132.0,51309,-8394.0,-7573,-2529.0
DJIA Consolidated - CHICAGO BOARD OF TRADE,2021-06-29,19344,19757,5414.0,-1748.0,52814,1505.0,-413,7160.0
DJIA Consolidated - CHICAGO BOARD OF TRADE,2021-07-06,20043,16868,699.0,-2889.0,52986,172.0,3175,3588.0
DJIA Consolidated - CHICAGO BOARD OF TRADE,2021-07-13,23339,18734,3297.0,1866.0,55827,2842.0,4605,1430.0
DJIA Consolidated - CHICAGO BOARD OF TRADE,2021-07-20,18926,20886,-4414.0,2152.0,51350,-4477.0,-1960,-6565.0
DJIA Consolidated - CHICAGO BOARD OF TRADE,2021-07-27,20283,20470,1358.0,-416.0,51277,-73.0,-187,1773.0
DJIA Consolidated - CHICAGO BOARD OF TRADE,2021-08-03,24204,20913,3921.0,444.0,55408,4131.0,3291,3478.0
DJIA Consolidated - CHICAGO BOARD OF TRADE,2021-08-10,23447,22003,-757.0,1090.0,57378,1971.0,1444,-1847.0
DJIA Consolidated - CHICAGO BOARD OF TRADE,2021-08-17,21125,23098,-2322.0,1096.0,53963,-3416.0,-1973,-3417.0
DJIA Consolidated - CHICAGO BOARD OF TRADE,2021-08-24,21850,22546,725.0,-552.0,53847,-116.0,-696,1277.0
DJIA Consolidated - CHICAGO BOARD OF TRADE,2021-08-31,21926,23197,76.0,651.0,54638,791.0,-1271,-575.0
DJIA Consolidated - CHICAGO BOARD OF TRADE,2021-09-07,17277,22348,-4649.0,-849.0,53390,-1248.0,-5071,-3800.0
DJIA Consolidated - CHICAGO BOARD OF TRADE,2021-09-14,16106,22057,-1171.0,-292.0,60533,7143.0,-5951,-880.0
DJIA Consolidated - CHICAGO BOARD OF TRADE,2021-09-21,12393,20793,-3714.0,-1264.0,47942,-12591.0,-8400,-2449.0
DJIA Consolidated - CHICAGO BOARD OF TRADE,2021-09-28,14842,18683,2450.0,-2111.0,49272,1330.0,-3841,4559.0
DJIA Consolidated - CHICAGO BOARD OF TRADE,2021-10-05,14645,17733,-197.0,-950.0,48120,-1152.0,-3088,753.0
DJIA Consolidated - CHICAGO BOARD OF TRADE,2021-10-12,16092,18233,1447.0,501.0,51020,2900.0,-2141,947.0
DJIA Consolidated - CHICAGO BOARD OF TRADE,2021-10-19,20053,18237,3961.0,4.0,53020,2000.0,1816,3957.0
DJIA Consolidated - CHICAGO BOARD OF TRADE,2021-10-26,20776,19907,723.0,1670.0,54648,1628.0,869,-947.0
DJIA Consolidated - CHICAGO BOARD OF TRADE,2021-11-02,22951,20407,2176.0,500.0,57066,2418.0,2544,1675.0
DJIA Consolidated - CHICAGO BOARD OF TRADE,2021-11-09,18284,18991,-4667.0,-1416.0,51733,-5333.0,-707,-3251.0
DJIA Consolidated - CHICAGO BOARD OF TRADE,2021-11-16,18282,20421,-3.0,1430.0,51900,167.0,-2139,-1432.0
DJIA Consolidated - CHICAGO BOARD OF TRADE,2021-11-23,19566,20642,1285.0,221.0,53046,1147.0,-1076,1063.0
DJIA Consolidated - CHICAGO BOARD OF TRADE,2021-11-30,17042,20460,-2525.0,-182.0,50802,-2245.0,-3418,-2342.0
DJIA Consolidated - CHICAGO BOARD OF TRADE,2021-12-07,18864,21141,1823.0,681.0,51530,728.0,-2277,1141.0
DJIA Consolidated - CHICAGO BOARD OF TRADE,2021-12-14,15591,18930,-3273.0,-2211.0,60334,8805.0,-3339,-1062.0
DJIA Consolidated - CHICAGO BOARD OF TRADE,2021-12-21,13681,18314,-1910.0,-616.0,45692,-14642.0,-4633,-1294.0
DJIA Consolidated - CHICAGO BOARD OF TRADE,2021-12-28,17808,18387,4127.0,74.0,48375,2683.0,-579,4054.0
DJIA Consolidated - CHICAGO BOARD OF TRADE,2022-01-04,20942,17325,3134.0,-1063.0,50879,2504.0,3617,4196.0
DJIA Consolidated - CHICAGO BOARD OF TRADE,2022-01-11,16202,17603,-4740.0,279.0,46567,-4312.0,-1401,-5018.0
DJIA Consolidated - CHICAGO BOARD OF TRADE,2022-01-18,12312,17484,-3890.0,-119.0,47351,784.0,-5172,-3771.0
DJIA Consolidated - CHICAGO BOARD OF TRADE,2022-01-25,12965,18103,653.0,619.0,46318,-1033.0,-5138,34.0
DJIA Consolidated - CHICAGO BOARD OF TRADE,2022-02-01,12229,17017,-736.0,-1086.0,43683,-2635.0,-4788,350.0
DJIA Consolidated - CHICAGO BOARD OF TRADE,2022-02-08,12029,15460,-200.0,-1557.0,41397,-2286.0,-3431,1357.0
DJIA Consolidated - CHICAGO BOARD OF TRADE,2022-02-15,10555,15230,-1474.0,-230.0,40696,-701.0,-4675,-1244.0
DJIA Consolidated - CHICAGO BOARD OF TRADE,2022-02-22,9208,15866,-1347.0,636.0,39796,-900.0,-6658,-1983.0
DJIA Consolidated - CHICAGO BOARD OF TRADE,2022-03-01,8712,16447,-497.0,581.0,39034,-763.0,-7735,-1077.0
DJIA Consolidated - CHICAGO BOARD OF TRADE,2022-03-08,8681,14639,-31.0,-1808.0,38780,-254.0,-5958,1777.0
DJIA Consolidated - CHICAGO BOARD OF TRADE,2022-03-15,7656,13710,-1025.0,-929.0,46279,7499.0,-6054,-96.0
DJIA Consolidated - CHICAGO BOARD OF TRADE,2022-03-22,5410,12832,-2247.0,-878.0,31512,-14767.0,-7422,-1368.0
DJIA Consolidated - CHICAGO BOARD OF TRADE,2022-03-29,3870,13582,-1540.0,750.0,32654,1142.0,-9712,-2290.0
DJIA Consolidated - CHICAGO BOARD OF TRADE,2022-04-05,5048,13912,1179.0,330.0,33316,662.0,-8864,848.0
DJIA Consolidated - CHICAGO BOARD OF TRADE,2022-04-12,4454,15910,-595.0,1998.0,35593,2277.0,-11456,-2592.0
DJIA Consolidated - CHICAGO BOARD OF TRADE,2022-04-19,7779,15171,3326.0,-739.0,38811,3219.0,-7392,4064.0
DJIA Consolidated - CHICAGO BOARD OF TRADE,2022-04-26,6375,17268,-1404.0,2097.0,42232,3421.0,-10893,-3501.0
DJIA Consolidated - CHICAGO BOARD OF TRADE,2022-05-03,6531,16121,156.0,-1147.0,39724,-2508.0,-9590,1303.0
DJIA Consolidated - CHICAGO BOARD OF TRADE,2022-05-10,6618,18197,88.0,2076.0,41470,1746.0,-11579,-1989.0
DJIA Consolidated - CHICAGO BOARD OF TRADE,2022-05-17,7276,19020,658.0,823.0,40099,-1372.0,-11744,-165.0
DJIA Consolidated - CHICAGO BOARD OF TRADE,2022-05-24,7678,19714,402.0,694.0,41510,1412.0,-12036,-292.0
DJIA Consolidated - CHICAGO BOARD OF TRADE,2022-05-31,7100,20159,-578.0,445.0,42241,731.0,-13059,-1023.0
DJIA Consolidated - CHICAGO BOARD OF TRADE,2022-06-07,7587,17807,487.0,-2352.0,40205,-2036.0,-10220,2839.0
DJIA Consolidated - CHICAGO BOARD OF TRADE,2022-06-14,7247,18392,-340.0,585.0,46792,6587.0,-11145,-925.0
DJIA Consolidated - CHICAGO BOARD OF TRADE,2022-06-21,5155,17892,-2092.0,-500.0,34512,-12280.0,-12737,-1592.0
DJIA Consolidated - CHICAGO BOARD OF TRADE,2022-06-28,4506,17042,-650.0,-850.0,33380,-1133.0,-12536,201.0
DJIA Consolidated - CHICAGO BOARD OF TRADE,2022-07-05,5527,17068,1021.0,26.0,33719,339.0,-11541,995.0
DJIA Consolidated - CHICAGO BOARD OF TRADE,2022-07-12,6837,16759,1311.0,-310.0,33627,-92.0,-9922,1619.0
DJIA Consolidated - CHICAGO BOARD OF TRADE,2022-07-19,8784,16702,1947.0,-57.0,35639,2012.0,-7918,2004.0
DJIA Consolidated - CHICAGO BOARD OF TRADE,2022-07-26,7978,18570,-806.0,1868.0,36644,1006.0,-10592,-2674.0
DJIA Consolidated - CHICAGO BOARD OF TRADE,2022-08-02,8081,17291,103.0,-1279.0,36310,-335.0,-9210,1382.0
DJIA Consolidated - CHICAGO BOARD OF TRADE,2022-08-09,10004,16359,1924.0,-932.0,37697,1388.0,-6355,2855.0
DJIA Consolidated - CHICAGO BOARD OF TRADE,2022-08-16,11608,15090,1604.0,-1269.0,40519,2822.0,-3482,2873.0
DJIA Consolidated - CHICAGO BOARD OF TRADE,2022-08-23,12739,15036,1132.0,-54.0,40390,-129.0,-2297,1185.0
DJIA Consolidated - CHICAGO BOARD OF TRADE,2022-08-30,13362,14072,623.0,-964.0,38715,-1675.0,-710,1587.0
DJIA Consolidated - CHICAGO BOARD OF TRADE,2022-09-06,11615,16419,-1747.0,2347.0,38363,-352.0,-4804,-4094.0
DJIA Consolidated - CHICAGO BOARD OF TRADE,2022-09-13,10331,16174,-1284.0,-245.0,46289,7926.0,-5843,-1039.0
DJIA Consolidated - CHICAGO BOARD OF TRADE,2022-09-20,7658,15375,-2673.0,-799.0,32745,-13544.0,-7717,-1874.0
DJIA Consolidated - CHICAGO BOARD OF TRADE,2022-09-27,7155,16770,-504.0,1395.0,33528,783.0,-9615,-1898.0
DJIA Consolidated - CHICAGO BOARD OF TRADE,2022-10-04,6594,14844,-561.0,-1926.0,33326,-202.0,-8250,1365.0
DJIA Consolidated - CHICAGO BOARD OF TRADE,2022-10-11,7568,14443,974.0,-402.0,32966,-361.0,-6875,1375.0
DJIA Consolidated - CHICAGO BOARD OF TRADE,2022-10-18,7111,15536,-457.0,1093.0,34618,1652.0,-8425,-1550.0
DJIA Consolidated - CHICAGO BOARD OF TRADE,2022-10-25,8080,15015,969.0,-521.0,35360,742.0,-6935,1490.0
DJIA Consolidated - CHICAGO BOARD OF TRADE,2022-11-01,10261,14360,2182.0,-655.0,37908,2548.0,-4099,2836.0
DJIA Consolidated - CHICAGO BOARD OF TRADE,2022-11-08,10626,14798,365.0,438.0,38875,968.0,-4172,-73.0
DJIA Consolidated - CHICAGO BOARD OF TRADE,2022-11-15,7502,12807,-3124.0,-1991.0,36917,-1959.0,-5305,-1133.0
DJIA Consolidated - CHICAGO BOARD OF TRADE,2022-11-22,10335,13530,2833.0,723.0,39633,2717.0,-3195,2110.0
DJIA Consolidated - CHICAGO BOARD OF TRADE,2022-11-29,10608,13679,274.0,149.0,39542,-92.0,-3071,124.0
DJIA Consolidated - CHICAGO BOARD OF TRADE,2022-12-06,10989,16791,381.0,3112.0,40889,1347.0,-5802,-2731.0
DJIA Consolidated - CHICAGO BOARD OF TRADE,2022-12-13,11706,17977,717.0,1186.0,53227,12339.0,-6271,-469.0
DJIA Consolidated - CHICAGO BOARD OF TRADE,2022-12-20,12526,15748,821.0,-2229.0,36303,-16925.0,-3222,3049.0
DJIA Consolidated - CHICAGO BOARD OF TRADE,2022-12-27,11737,17759,-790.0,2012.0,37475,1173.0,-6022,-2800.0
DJIA Consolidated - CHICAGO BOARD OF TRADE,2023-01-03,12624,18570,888.0,811.0,39866,2391.0,-5946,76.0
DJIA Consolidated - CHICAGO BOARD OF TRADE,2023-01-10,12972,17543,348.0,-1027.0,38814,-1052.0,-4571,1375.0
DJIA Consolidated - CHICAGO BOARD OF TRADE,2023-01-17,12924,18230,-48.0,688.0,41330,2516.0,-5306,-735.0
DJIA Consolidated - CHICAGO BOARD OF TRADE,2023-01-24,10553,15536,-2371.0,-2694.0,38826,-2504.0,-4983,323.0
DJIA Consolidated - CHICAGO BOARD OF TRADE,2023-01-31,10670,15384,117.0,-153.0,40193,1367.0,-4714,269.0
DJIA Consolidated - CHICAGO BOARD OF TRADE,2023-02-07,13567,16709,2898.0,1325.0,43150,2957.0,-3142,1572.0
DJIA Consolidated - CHICAGO BOARD OF TRADE,2023-02-14,14256,17625,689.0,916.0,43725,576.0,-3369,-227.0
DJIA Consolidated - CHICAGO BOARD OF TRADE,2023-02-21,13672,21795,-584.0,4170.0,45644,1919.0,-8123,-4754.0
DJIA Consolidated - CHICAGO BOARD OF TRADE,2023-02-28,12808,20811,-864.0,-984.0,44956,-688.0,-8003,120.0
DJIA Consolidated - CHICAGO BOARD OF TRADE,2023-03-07,13592,19945,784.0,-866.0,44709,-247.0,-6353,1650.0
DJIA Consolidated - CHICAGO BOARD OF TRADE,2023-03-14,10098,20138,-3494.0,194.0,52119,7410.0,-10040,-3687.0
DJIA Consolidated - CHICAGO BOARD OF TRADE,2023-03-21,7802,18876,-2296.0,-1262.0,40874,-11245.0,-11074,-1034.0
DJIA Consolidated - CHICAGO BOARD OF TRADE,2023-03-28,6095,17880,-1707.0,-997.0,38175,-2699.0,-11785,-711.0
DJIA Consolidated - CHICAGO BOARD OF TRADE,2023-04-04,7151,18964,1056.0,1084.0,44146,5971.0,-11813,-28.0
DJIA Consolidated - CHICAGO BOARD OF TRADE,2023-04-11,8705,19528,1554.0,565.0,45132,986.0,-10823,990.0
DJIA Consolidated - CHICAGO BOARD OF TRADE,2023-04-18,9448,21647,743.0,2119.0,48031,2899.0,-12199,-1376.0
DJIA Consolidated - CHICAGO BOARD OF TRADE,2023-04-25,11415,24251,1967.0,2605.0,49609,1578.0,-12836,-637.0
DJIA Consolidated - CHICAGO BOARD OF TRADE,2023-05-02,25933,46924,14519.0,22673.0,97094,47486.0,-20991,-8155.0
DJIA Consolidated - CHICAGO BOARD OF TRADE,2023-05-09,24886,44562,-1047.0,-2362.0,96996,-98.0,-19676,1315.0
DJIA Consolidated - CHICAGO BOARD OF TRADE,2023-05-16,24497,46329,-389.0,1767.0,99483,2487.0,-21832,-2156.0
DJIA Consolidated - CHICAGO BOARD OF TRADE,2023-05-23,21513,44545,-2984.0,-1784.0,97077,-2406.0,-23032,-1200.0
DJIA Consolidated - CHICAGO BOARD OF TRADE,2023-05-30,20345,42456,-1168.0,-2089.0,98019,941.0,-22111,921.0
DJIA Consolidated - CHICAGO BOARD OF TRADE,2023-06-06,19206,42409,-1140.0,-47.0,103684,5666.0,-23203,-1092.0
DJIA Consolidated - CHICAGO BOARD OF TRADE,2023-06-13,18584,34353,-622.0,-8056.0,106498,2813.0,-15769,7434.0
DJIA Consolidated - CHICAGO BOARD OF TRADE,2023-06-20,19335,35194,751.0,841.0,87911,-18587.0,-15859,-90.0
DJIA Consolidated - CHICAGO BOARD OF TRADE,2023-06-27,21039,39961,1704.0,4767.0,92561,4650.0,-18922,-3063.0
DJIA Consolidated - CHICAGO BOARD OF TRADE,2023-07-03,24233,37315,3194.0,-2646.0,95161,2600.0,-13082,5840.0
DJIA Consolidated - CHICAGO BOARD OF TRADE,2023-07-11,23205,41790,-1028.0,4475.0,97782,2621.0,-18585,-5503.0
DJIA Consolidated - CHICAGO BOARD OF TRADE,2023-07-18,29709,36850,6504.0,-4940.0,102267,4485.0,-7141,11444.0
DJIA Consolidated - CHICAGO BOARD OF TRADE,2023-07-25,36083,33714,6374.0,-3136.0,114947,12680.0,2369,9510.0
DJIA Consolidated - CHICAGO BOARD OF TRADE,2023-08-01,36147,33642,64.0,-72.0,115736,789.0,2505,136.0
DJIA Consolidated - CHICAGO BOARD OF TRADE,2023-08-08,33027,28996,-3120.0,-4646.0,106566,-9170.0,4031,1526.0
DJIA Consolidated - CHICAGO BOARD OF TRADE,2023-08-15,32257,35478,-770.0,6482.0,104216,-2350.0,-3221,-7252.0
DJIA Consolidated - CHICAGO BOARD OF TRADE,2023-08-22,22926,37644,-9331.0,2166.0,97208,-7008.0,-14718,-11497.0
DJIA Consolidated - CHICAGO BOARD OF TRADE,2023-08-29,25225,35225,2299.0,-2419.0,96960,-248.0,-10000,4718.0
DJIA Consolidated - CHICAGO BOARD OF TRADE,2023-09-05,22245,33969,-2980.0,-1256.0,93933,-3027.0,-11724,-1724.0
DJIA Consolidated - CHICAGO BOARD OF TRADE,2023-09-12,22788,35688,543.0,1719.0,102910,8977.0,-12900,-1176.0
DJIA Consolidated - CHICAGO BOARD OF TRADE,2023-09-19,19016,36785,-3772.0,1097.0,86992,-15918.0,-17769,-4869.0
DJIA Consolidated - CHICAGO BOARD OF TRADE,2023-09-26,18237,39855,-779.0,3070.0,92551,5559.0,-21618,-3849.0
DJIA Consolidated - CHICAGO BOARD OF TRADE,2023-10-03,19480,51927,1243.0,12072.0,100823,8272.0,-32447,-10829.0
DJIA Consolidated - CHICAGO BOARD OF TRADE,2023-10-10,17675,52327,-1805.0,400.0,94607,-6216.0,-34652,-2205.0
DJIA Consolidated - CHICAGO BOARD OF TRADE,2023-10-17,18161,53372,486.0,1045.0,96554,1947.0,-35211,-559.0
DJIA Consolidated - CHICAGO BOARD OF TRADE,2023-10-24,25159,61119,6998.0,7747.0,104581,8027.0,-35960,-749.0
DJIA Consolidated - CHICAGO BOARD OF TRADE,2023-10-31,23780,59891,-1379.0,-1228.0,103936,-645.0,-36111,-151.0
DJIA Consolidated - CHICAGO BOARD OF TRADE,2023-11-07,22730,59806,-1050.0,-85.0,103306,-630.0,-37076,-965.0
DJIA Consolidated - CHICAGO BOARD OF TRADE,2023-11-14,20914,57427,-1816.0,-2379.0,101030,-2276.0,-36513,563.0
DJIA Consolidated - CHICAGO BOARD OF TRADE,2023-11-21,16401,50709,-4513.0,-6718.0,94498,-6532.0,-34308,2205.0
DJIA Consolidated - CHICAGO BOARD OF TRADE,2023-11-28,22535,47590,6134.0,-3119.0,100979,6481.0,-25055,9253.0
DJIA Consolidated - CHICAGO BOARD OF TRADE,2023-12-05,26253,25945,3718.0,-21645.0,94870,-6109.0,308,25363.0
DJIA Consolidated - CHICAGO BOARD OF TRADE,2023-12-12,25968,22517,-285.0,-3428.0,112076,17206.0,3451,3143.0
DJIA Consolidated - CHICAGO BOARD OF TRADE,2023-12-19,29883,22760,3915.0,243.0,100329,-11747.0,7123,3672.0
DJIA Consolidated - CHICAGO BOARD OF TRADE,2023-12-26,28469,17316,-1414.0,-5444.0,98501,-1828.0,11153,4030.0
DJIA Consolidated - CHICAGO BOARD OF TRADE,2024-01-02,34309,14767,5840.0,-2549.0,103364,4863.0,19542,8389.0
DJIA Consolidated - CHICAGO BOARD OF TRADE,2024-01-09,36987,12908,2678.0,-1859.0,103318,-46.0,24079,4537.0
DJIA Consolidated - CHICAGO BOARD OF TRADE,2024-01-16,33560,15276,-3427.0,2368.0,100152,-3166.0,18284,-5795.0
DJIA Consolidated - CHICAGO BOARD OF TRADE,2024-01-23,33822,14760,262.0,-516.0,101763,1611.0,19062,778.0
DJIA Consolidated - CHICAGO BOARD OF TRADE,2024-01-30,40612,14781,6790.0,21.0,110393,8630.0,25831,6769.0
DJIA Consolidated - CHICAGO BOARD OF TRADE,2024-02-06,33274,12289,-7338.0,-2492.0,104421,-5972.0,20985,-4846.0
DJIA Consolidated - CHICAGO BOARD OF TRADE,2024-02-13,33947,12403,673.0,114.0,105714,1293.0,21544,559.0
DJIA Consolidated - CHICAGO BOARD OF TRADE,2024-02-20,33012,15071,-935.0,2669.0,104742,-971.0,17941,-3603.0
DJIA Consolidated - CHICAGO BOARD OF TRADE,2024-02-27,33554,14233,542.0,-839.0,106563,1820.0,19321,1380.0
DJIA Consolidated - CHICAGO BOARD OF TRADE,2024-03-05,30685,15242,-2869.0,1009.0,101334,-5229.0,15443,-3878.0
DJIA Consolidated - CHICAGO BOARD OF TRADE,2024-03-12,31031,14018,346.0,-1224.0,115061,13727.0,17013,1570.0
DJIA Consolidated - CHICAGO BOARD OF TRADE,2024-03-19,35688,13243,4657.0,-775.0,93851,-21210.0,22445,5432.0
DJIA Consolidated - CHICAGO BOARD OF TRADE,2024-03-26,32236,12224,-3452.0,-1019.0,92741,-1110.0,20012,-2433.0
DJIA Consolidated - CHICAGO BOARD OF TRADE,2024-04-02,32106,15511,-130.0,3287.0,93520,779.0,16595,-3417.0
DJIA Consolidated - CHICAGO BOARD OF TRADE,2024-04-09,28859,11898,-3247.0,-3613.0,92484,-1036.0,16961,366.0
DJIA Consolidated - CHICAGO BOARD OF TRADE,2024-04-16,23705,10026,-5154.0,-1872.0,93614,1130.0,13679,-3282.0
DJIA Consolidated - CHICAGO BOARD OF TRADE,2024-04-23,19266,12414,-4439.0,2388.0,90835,-2779.0,6852,-6827.0
DJIA Consolidated - CHICAGO BOARD OF TRADE,2024-04-30,17883,12685,-1383.0,271.0,89960,-875.0,5198,-1654.0
DJIA Consolidated - CHICAGO BOARD OF TRADE,2024-05-07,19305,10641,1422.0,-2044.0,92752,2792.0,8664,3466.0
DJIA Consolidated - CHICAGO BOARD OF TRADE,2024-05-14,24739,8966,5434.0,-1675.0,99207,6455.0,15773,7109.0
DJIA Consolidated - CHICAGO BOARD OF TRADE,2024-05-21,30728,10291,5989.0,1325.0,103626,4419.0,20437,4664.0
DJIA Consolidated - CHICAGO BOARD OF TRADE,2024-05-28,22285,9141,-8443.0,-1150.0,97243,-6383.0,13144,-7293.0
DJIA Consolidated - CHICAGO BOARD OF TRADE,2024-06-04,21008,12722,-1277.0,3581.0,100634,3391.0,8286,-4858.0
DJIA Consolidated - CHICAGO BOARD OF TRADE,2024-06-11,19838,17462,-1170.0,4740.0,107902,7268.0,2376,-5910.0
DJIA Consolidated - CHICAGO BOARD OF TRADE,2024-06-18,17190,15666,-2648.0,-1796.0,114233,6331.0,1524,-852.0
DJIA Consolidated - CHICAGO BOARD OF TRADE,2024-06-25,16170,16684,-1020.0,1018.0,84823,-29410.0,-514,-2038.0
DJIA Consolidated - CHICAGO BOARD OF TRADE,2024-07-02,18305,11577,2135.0,-5107.0,82128,-2695.0,6728,7242.0
DJIA Consolidated - CHICAGO BOARD OF TRADE,2024-07-09,22317,14522,4012.0,2945.0,88307,6179.0,7795,1067.0
DJIA Consolidated - CHICAGO BOARD OF TRADE,2024-07-16,30568,15327,8251.0,805.0,99652,11345.0,15241,7446.0
DJIA Consolidated - CHICAGO BOARD OF TRADE,2024-07-23,25941,14575,-4627.0,-752.0,91047,-8605.0,11366,-3875.0
DJIA Consolidated - CHICAGO BOARD OF TRADE,2024-07-30,27554,14016,1613.0,-559.0,92185,1138.0,13538,2172.0
DJIA Consolidated - CHICAGO BOARD OF TRADE,2024-08-06,21484,14115,-6070.0,99.0,84440,-7745.0,7369,-6169.0
DJIA Consolidated - CHICAGO BOARD OF TRADE,2024-08-13,18012,16775,-3472.0,2660.0,81881,-2559.0,1237,-6132.0
DJIA Consolidated - CHICAGO BOARD OF TRADE,2024-08-20,22507,15779,4495.0,-996.0,87145,5264.0,6728,5491.0
DJIA Consolidated - CHICAGO BOARD OF TRADE,2024-08-27,21999,15075,-508.0,-704.0,92406,5261.0,6924,196.0
DJIA Consolidated - CHICAGO BOARD OF TRADE,2024-09-03,19772,12636,-2227.0,-2439.0,85167,-7239.0,7136,212.0
DJIA Consolidated - CHICAGO BOARD OF TRADE,2024-09-10,19636,11468,-136.0,-1168.0,85971,804.0,8168,1032.0
DJIA Consolidated - CHICAGO BOARD OF TRADE,2024-09-17,22931,9878,3295.0,-1590.0,101534,15563.0,13053,4885.0
DJIA Consolidated - CHICAGO BOARD OF TRADE,2024-09-24,23223,7787,292.0,-2091.0,87645,-13889.0,15436,2383.0
DJIA Consolidated - CHICAGO BOARD OF TRADE,2024-10-01,25145,8095,1922.0,308.0,89570,1925.0,17050,1614.0
DJIA Consolidated - CHICAGO BOARD OF TRADE,2024-10-08,20585,6299,-4560.0,-1796.0,84731,-4839.0,14286,-2764.0
DJIA Consolidated - CHICAGO BOARD OF TRADE,2024-10-15,23983,11383,3398.0,5084.0,91117,6386.0,12600,-1686.0
DJIA Consolidated - CHICAGO BOARD OF TRADE,2024-10-22,24760,12524,778.0,1141.0,91035,-82.0,12236,-364.0
DJIA Consolidated - CHICAGO BOARD OF TRADE,2024-10-29,23118,13493,-1642.0,969.0,89974,-1061.0,9625,-2611.0
DJIA Consolidated - CHICAGO BOARD OF TRADE,2024-11-05,24195,11264,1077.0,-2229.0,86343,-3631.0,12931,3306.0
DJIA Consolidated - CHICAGO BOARD OF TRADE,2024-11-12,26664,12998,2469.0,1734.0,88312,1969.0,13666,735.0
DJIA Consolidated - CHICAGO BOARD OF TRADE,2024-11-19,20016,12464,-6648.0,-534.0,86770,-1543.0,7552,-6114.0
DJIA Consolidated - CHICAGO BOARD OF TRADE,2024-11-26,24909,13413,4893.0,949.0,89349,2579.0,11496,3944.0
DJIA Consolidated - CHICAGO BOARD OF TRADE,2024-12-03,26196,15696,1287.0,2283.0,92337,2988.0,10500,-996.0
DJIA Consolidated - CHICAGO BOARD OF TRADE,2024-12-10,24147,14026,-2050.0,-1670.0,92474,137.0,10121,-379.0
DJIA Consolidated - CHICAGO BOARD OF TRADE,2024-12-17,20489,14890,-3658.0,864.0,108960,16486.0,5599,-4522.0
DJIA Consolidated - CHICAGO BOARD OF TRADE,2024-12-24,18570,12595,-1919.0,-2295.0,82150,-26810.0,5975,376.0
DJIA Consolidated - CHICAGO BOARD OF TRADE,2024-12-31,17408,12768,-1162.0,173.0,83957,1807.0,4640,-1335.0
DJIA Consolidated - CHICAGO BOARD OF TRADE,2025-01-07,15722,12963,-1686.0,195.0,85367,1410.0,2759,-1881.0
DJIA Consolidated - CHICAGO BOARD OF TRADE,2025-01-14,14679,13233,-1043.0,270.0,81768,-3599.0,1446,-1313.0
DJIA Consolidated - CHICAGO BOARD OF TRADE,2025-01-21,13377,11050,-1302.0,-2183.0,81691,-77.0,2327,881.0
DJIA Consolidated - CHICAGO BOARD OF TRADE,2025-01-28,15451,13180,2074.0,2130.0,85619,3928.0,2271,-56.0
DJIA Consolidated - CHICAGO BOARD OF TRADE,2025-02-04,13205,11484,-2246.0,-1696.0,82475,-3144.0,1721,-550.0
DJIA Consolidated - CHICAGO BOARD OF TRADE,2025-02-11,14179,11302,974.0,-182.0,81382,-1093.0,2877,1156.0
DJIA Consolidated - CHICAGO BOARD OF TRADE,2025-02-18,14587,15628,408.0,4326.0,82322,940.0,-1041,-3918.0
DJIA Consolidated - CHICAGO BOARD OF TRADE,2025-02-25,16132,17677,1545.0,2050.0,81664,-658.0,-1545,-504.0
DJIA Consolidated - CHICAGO BOARD OF TRADE,2025-03-04,14850,14785,-1281.0,-2893.0,77647,-4018.0,65,1610.0
DJIA Consolidated - CHICAGO BOARD OF TRADE,2025-03-11,12659,11439,-2191.0,-3345.0,77307,-340.0,1220,1155.0
DJIA Consolidated - CHICAGO BOARD OF TRADE,2025-03-18,10737,10256,-1922.0,-1183.0,94597,17290.0,481,-739.0
DJIA Consolidated - CHICAGO BOARD OF TRADE,2025-03-25,8894,13100,-1843.0,2844.0,74443,-20154.0,-4206,-4687.0
DJIA Consolidated - CHICAGO BOARD OF TRADE,2025-04-01,9846,12450,952.0,-650.0,74497,54.0,-2604,1602.0
DJIA Consolidated - CHICAGO BOARD OF TRADE,2025-04-08,9192,7872,-654.0,-4578.0,73838,-659.0,1320,3924.0
DJIA Consolidated - CHICAGO BOARD OF TRADE,2025-04-15,8422,8181,-770.0,309.0,73931,93.0,241,-1079.0
DJIA Consolidated - CHICAGO BOARD OF TRADE,2025-04-22,9623,8736,1201.0,555.0,78992,5061.0,887,646.0
DJIA Consolidated - CHICAGO BOARD OF TRADE,2025-04-29,13202,7653,3579.0,-1083.0,78341,-651.0,5549,4662.0
DJIA Consolidated - CHICAGO BOARD OF TRADE,2025-05-06,12694,6899,-508.0,-754.0,76175,-2166.0,5795,246.0
DJIA Consolidated - CHICAGO BOARD OF TRADE,2025-05-13,13259,6145,565.0,-754.0,77515,1340.0,7114,1319.0
DJIA Consolidated - CHICAGO BOARD OF TRADE,2025-05-20,14117,5970,858.0,-175.0,78995,1480.0,8147,1033.0
DJIA Consolidated - CHICAGO BOARD OF TRADE,2025-05-27,16567,5389,2450.0,-581.0,80388,1393.0,11178,3031.0
DJIA Consolidated - CHICAGO BOARD OF TRADE,2025-06-03,16693,7067,126.0,1678.0,85461,5073.0,9626,-1552.0
DJIA Consolidated - CHICAGO BOARD OF TRADE,2025-06-10,17872,8647,1179.0,1580.0,88212,2751.0,9225,-401.0
DJIA Consolidated - CHICAGO BOARD OF TRADE,2025-06-17,19814,9214,1941.0,567.0,103343,15131.0,10600,1375.0
DJIA Consolidated - CHICAGO BOARD OF TRADE,2025-06-24,14950,8564,-4864.0,-650.0,82269,-21074.0,6386,-4214.0
DJIA Consolidated - CHICAGO BOARD OF TRADE,2025-07-01,16389,10245,1439.0,1681.0,86845,4576.0,6144,-242.0
DJIA Consolidated - CHICAGO BOARD OF TRADE,2025-07-08,15147,10844,-1242.0,599.0,85138,-1707.0,4303,-1841.0
DJIA Consolidated - CHICAGO BOARD OF TRADE,2025-07-15,15546,12014,399.0,1170.0,83480,-1658.0,3532,-771.0
DJIA Consolidated - CHICAGO BOARD OF TRADE,2025-07-22,13879,12688,-1667.0,674.0,86201,2721.0,1191,-2341.0
DJIA Consolidated - CHICAGO BOARD OF TRADE,2025-07-29,11943,14888,-1936.0,2200.0,86736,535.0,-2945,-4136.0
DJIA Consolidated - CHICAGO BOARD OF TRADE,2025-08-05,9770,13685,-2173.0,-1203.0,87993,1257.0,-3915,-970.0
DJIA Consolidated - CHICAGO BOARD OF TRADE,2025-08-12,11091,13503,1321.0,-182.0,88755,762.0,-2412,1503.0
DJIA Consolidated - CHICAGO BOARD OF TRADE,2025-08-19,12445,15386,1354.0,1883.0,85223,-3532.0,-2941,-529.0
DJIA Consolidated - CHICAGO BOARD OF TRADE,2025-08-26,10807,13655,-1638.0,-1731.0,86477,1254.0,-2848,93.0
DJIA Consolidated - CHICAGO BOARD OF TRADE,2025-09-02,7734,12435,-3074.0,-1220.0,84001,-2476.0,-4701,-1853.0
DJIA Consolidated - CHICAGO BOARD OF TRADE,2025-09-09,10976,13087,3243.0,652.0,89055,5053.0,-2111,2590.0
DJIA Consolidated - CHICAGO BOARD OF TRADE,2025-09-16,6931,16748,-4046.0,3661.0,100891,11836.0,-9817,-7706.0
DJIA Consolidated - CHICAGO BOARD OF TRADE,2025-09-23,13217,13194,6286.0,-3554.0,78112,-22779.0,23,9840.0
DJIA Consolidated - CHICAGO BOARD OF TRADE,2025-09-30,8387,23116,-4830.0,9922.0,78830,718.0,-14729,-14752.0
DJIA Consolidated - CHICAGO BOARD OF TRADE,2025-10-07,10816,23496,2429.0,380.0,82515,3685.0,-12680,2049.0
DJIA Consolidated - CHICAGO BOARD OF TRADE,2025-10-14,9390,23015,-1426.0,-481.0,85017,2502.0,-13625,-945.0
DJIA Consolidated - CHICAGO BOARD OF TRADE,2025-10-21,13509,24639,4119.0,1624.0,92051,7034.0,-11130,2495.0
DJIA Consolidated - CHICAGO BOARD OF TRADE,2025-10-28,14152,22900,643.0,-1739.0,92593,542.0,-8748,2382.0
DJIA Consolidated - CHICAGO BOARD OF TRADE,2025-11-04,11405,22520,-2747.0,-380.0,88387,-4207.0,-11115,-2367.0
DJIA Consolidated - CHICAGO BOARD OF TRADE,2025-11-10,9350,23116,-2055.0,596.0,81781,-6606.0,-13766,-2651.0
DJIA Consolidated - CHICAGO BOARD OF TRADE,2025-11-18,8567,26628,-783.0,3512.0,82876,1095.0,-18061,-4295.0
DJIA Consolidated - CHICAGO BOARD OF TRADE,2025-11-25,5461,27352,-3106.0,724.0,85923,3047.0,-21891,-3830.0
DJIA Consolidated - CHICAGO BOARD OF TRADE,2025-12-02,5972,25721,511.0,-1631.0,82132,-3791.0,-19749,2142.0
DJIA Consolidated - CHICAGO BOARD OF TRADE,2025-12-09,7983,26161,2011.0,440.0,83015,883.0,-18178,1571.0
DJIA Consolidated - CHICAGO BOARD OF TRADE,2025-12-16,9200,26174,1217.0,13.0,90249,7234.0,-16974,1204.0
DJIA Consolidated - CHICAGO BOARD OF TRADE,2025-12-23,10845,10975,1645.0,-15199.0,61462,-28787.0,-130,16844.0
DJIA Consolidated - CHICAGO BOARD OF TRADE,2025-12-30,10476,10966,-369.0,-9.0,61375,-87.0,-490,-360.0
DJIA Consolidated - CHICAGO BOARD OF TRADE,2026-01-06,15100,10993,4624.0,27.0,66021,4646.0,4107,4597.0
DJIA Consolidated - CHICAGO BOARD OF TRADE,2026-01-13,17348,16711,2248.0,5718.0,68752,2731.0,637,-3470.0
DJIA Consolidated - CHICAGO BOARD OF TRADE,2026-01-20,17652,20923,304.0,4212.0,70237,1485.0,-3271,-3908.0
DJIA Consolidated - CHICAGO BOARD OF TRADE,2026-01-27,20044,18900,2392.0,-2023.0,70906,669.0,1144,4415.0
DJIA Consolidated - CHICAGO BOARD OF TRADE,2026-02-03,20011,18964,-33.0,64.0,70011,-895.0,1047,-97.0
DJIA Consolidated - CHICAGO BOARD OF TRADE,2026-02-10,21453,20020,1442.0,1056.0,74433,4422.0,1433,386.0
DJIA Consolidated - CHICAGO BOARD OF TRADE,2026-02-17,20072,21607,-1381.0,1587.0,68377,-6056.0,-1535,-2968.0
DJIA Consolidated - CHICAGO BOARD OF TRADE,2026-02-24,19165,17045,-907.0,-4562.0,73183,4806.0,2120,3655.0
DJIA Consolidated - CHICAGO BOARD OF TRADE,2026-03-03,16739,19590,-2426.0,2545.0,75978,2795.0,-2851,-4971.0
DJIA Consolidated - CHICAGO BOARD OF TRADE,2026-03-10,13054,15971,-3685.0,-3619.0,74984,-994.0,-2917,-66.0
DJIA Consolidated - CHICAGO BOARD OF TRADE,2026-03-17,12991,13945,-63.0,-2026.0,96572,21588.0,-954,1963.0
DJIA Consolidated - CHICAGO BOARD OF TRADE,2026-03-24,5330,11893,-7661.0,-2052.0,67922,-28650.0,-6563,-5609.0
DJIA Consolidated - CHICAGO BOARD OF TRADE,2026-03-31,6830,10936,1500.0,-957.0,70828,2906.0,-4106,2457.0
DJIA Consolidated - CHICAGO BOARD OF TRADE,2026-04-07,5015,14589,-1815.0,3653.0,68557,-2271.0,-9574,-5468.0
DJIA Consolidated - CHICAGO BOARD OF TRADE,2026-04-14,7010,11610,1995.0,-2979.0,72089,3532.0,-4600,4974.0
DJIA Consolidated - CHICAGO BOARD OF TRADE,2026-04-21,10471,12202,3460.0,592.0,74320,2231.0,-1731,2869.0
DJIA Consolidated - CHICAGO BOARD OF TRADE,2026-04-28,10127,11558,-344.0,-644.0,78128,3808.0,-1431,300.0
DJIA Consolidated - CHICAGO BOARD OF TRADE,2026-05-05,11045,11722,919.0,164.0,82145,4017.0,-677,754.0
DJIA Consolidated - CHICAGO BOARD OF TRADE,2026-05-12,11445,15007,400.0,3285.0,86762,4617.0,-3562,-2885.0
DJIA Consolidated - CHICAGO BOARD OF TRADE,2026-05-19,7337,18102,-4108.0,3096.0,88152,1390.0,-10765,-7203.0
DJIA Consolidated - CHICAGO BOARD OF TRADE,2026-05-26,7803,17127,466.0,-976.0,86461,-1690.0,-9324,1441.0
DJIA Consolidated - CHICAGO BOARD OF TRADE,2026-06-02,11353,16982,3550.0,-145.0,86937,475.0,-5629,3695.0
DJIA Consolidated - CHICAGO BOARD OF TRADE,2026-06-09,10995,13534,-358.0,-3448.0,84273,-2664.0,-2539,3090.0
DJIA Consolidated - CHICAGO BOARD OF TRADE,2026-06-16,13883,9544,2888.0,-3990.0,108853,24580.0,4339,6878.0
DJIA Consolidated - CHICAGO BOARD OF TRADE,2026-06-23,19836,10362,5953.0,818.0,78956,-29897.0,9474,5135.0
DJIA Consolidated - CHICAGO BOARD OF TRADE,2026-06-30,23784,11715,3948.0,1353.0,83306,4350.0,12069,2595.0
DJIA Consolidated - CHICAGO BOARD OF TRADE,2026-07-07,21493,10013,-2291.0,-1702.0,79726,-3580.0,11480,-589.0
DJIA Consolidated - CHICAGO BOARD OF TRADE,2026-07-14,20912,7708,-581.0,-2305.0,76483,-3243.0,13204,1724.0
DJIA Consolidated - CHICAGO BOARD OF TRADE,2026-07-21,24544,10617,3632.0,2909.0,82002,5519.0,13927,723.0
DJIA Consolidated - CHICAGO BOARD OF TRADE,2026-07-28,25899,6336,1355.0,-4281.0,87436,5434.0,19563,5636.0
DJIA Consolidated - CHICAGO BOARD OF TRADE,2026-08-04,31850,6938,5952.0,602.0,98005,10568.0,24912,5349.0
DJIA Consolidated - CHICAGO BOARD OF TRADE,2026-08-11,27413,8938,-4437.0,2000.0,89844,-8161.0,18475,-6437.0
DJIA Consolidated - CHICAGO BOARD OF TRADE,2026-08-18,27244,7624,-169.0,-1314.0,94439,4595.0,19620,1145.0
DJIA Consolidated - CHICAGO BOARD OF TRADE,2026-08-25,25680,10123,-1564.0,2499.0,88454,-5985.0,15557,-4063.0
DJIA Consolidated - CHICAGO BOARD OF TRADE,2026-09-01,26135,8510,455.0,-1613.0,91196,2742.0,17625,2068.0
DJIA Consolidated - CHICAGO BOARD OF TRADE,2026-09-08,27581,10236,1446.0,1725.0,93839,2643.0,17345,-280.0
DJIA Consolidated - CHICAGO BOARD OF TRADE,2026-09-15,25764,9737,-1816.0,-498.0,106336,12497.0,16027,-1318.0
DJIA Consolidated - CHICAGO BOARD OF TRADE,2026-09-22,20365,10295,-5399.0,558.0,88087,-18249.0,10070,-5957.0
DJIA Consolidated - CHICAGO BOARD OF TRADE,2026-09-29,22505,12479,2140.0,2184.0,90051,1964.0,10026,-44.0
