Market and Exchange Names,As of Date in Form YYYY-MM-DD,Noncommercial Positions-Long (All),Noncommercial Positions-Short (All),Change in Noncommercial-Long (All),Change in Noncommercial-Short (All),Open Interest (All),Change in Open Interest (All),Net Positions,Change Net Positions
EURO FX - CHICAGO MERCANTILE EXCHANGE,2000-08-29,13536,12330,957.0,3111.0,73012,2339.0,1206,
EURO FX - CHICAGO MERCANTILE EXCHANGE,2000-09-05,13034,12652,-502.0,322.0,77486,4474.0,382,-824.0
EURO FX - CHICAGO MERCANTILE EXCHANGE,2000-09-12,9717,8543,-3317.0,-4109.0,84086,6600.0,1174,792.0
EURO FX - CHICAGO MERCANTILE EXCHANGE,2000-09-19,10333,14570,616.0,6027.0,73646,-10440.0,-4237,-5411.0
EURO FX - CHICAGO MERCANTILE EXCHANGE,2000-09-26,6334,6185,-3999.0,-8385.0,66421,-7225.0,149,4386.0
EURO FX - CHICAGO MERCANTILE EXCHANGE,2000-10-03,8336,4943,2002.0,-1242.0,67596,1175.0,3393,3244.0
EURO FX - CHICAGO MERCANTILE EXCHANGE,2000-10-10,10749,5346,2413.0,403.0,71703,4107.0,5403,2010.0
EURO FX - CHICAGO MERCANTILE EXCHANGE,2000-10-17,10224,8504,-525.0,3158.0,73195,1492.0,1720,-3683.0
EURO FX - CHICAGO MERCANTILE EXCHANGE,2000-10-24,10198,8365,-26.0,-139.0,76773,3578.0,1833,113.0
EURO FX - CHICAGO MERCANTILE EXCHANGE,2000-10-31,11095,8922,897.0,557.0,75650,-1123.0,2173,340.0
EURO FX - CHICAGO MERCANTILE EXCHANGE,2000-11-07,11615,7837,520.0,-1085.0,73922,-1728.0,3778,1605.0
EURO FX - CHICAGO MERCANTILE EXCHANGE,2000-11-14,11197,8462,-418.0,625.0,78068,4146.0,2735,-1043.0
EURO FX - CHICAGO MERCANTILE EXCHANGE,2000-11-21,11397,5489,200.0,-2973.0,81781,3713.0,5908,3173.0
EURO FX - CHICAGO MERCANTILE EXCHANGE,2000-11-28,11221,4280,-176.0,-1209.0,85904,4123.0,6941,1033.0
EURO FX - CHICAGO MERCANTILE EXCHANGE,2000-12-05,16995,967,5774.0,-3313.0,89752,3848.0,16028,9087.0
EURO FX - CHICAGO MERCANTILE EXCHANGE,2000-12-12,20411,879,3416.0,-88.0,98322,8570.0,19532,3504.0
EURO FX - CHICAGO MERCANTILE EXCHANGE,2000-12-19,22289,475,1878.0,-404.0,77326,-20996.0,21814,2282.0
EURO FX - CHICAGO MERCANTILE EXCHANGE,2000-12-26,28255,1875,5966.0,1400.0,84237,6911.0,26380,4566.0
EURO FX - CHICAGO MERCANTILE EXCHANGE,2001-01-02,28678,1604,423.0,-271.0,84654,417.0,27074,694.0
EURO FX - CHICAGO MERCANTILE EXCHANGE,2001-01-09,25570,1738,-3108.0,134.0,92722,8068.0,23832,-3242.0
EURO FX - CHICAGO MERCANTILE EXCHANGE,2001-01-16,24015,3280,-1555.0,1542.0,93621,899.0,20735,-3097.0
EURO FX - CHICAGO MERCANTILE EXCHANGE,2001-01-23,18885,1643,-5130.0,-1637.0,85880,-7741.0,17242,-3493.0
EURO FX - CHICAGO MERCANTILE EXCHANGE,2001-01-30,16910,750,-1975.0,-893.0,85158,-722.0,16160,-1082.0
EURO FX - CHICAGO MERCANTILE EXCHANGE,2001-02-06,16903,2568,-7.0,1818.0,90774,5616.0,14335,-1825.0
EURO FX - CHICAGO MERCANTILE EXCHANGE,2001-02-13,16118,1416,-785.0,-1152.0,90316,-458.0,14702,367.0
EURO FX - CHICAGO MERCANTILE EXCHANGE,2001-02-20,10940,938,-5178.0,-478.0,89783,-533.0,10002,-4700.0
EURO FX - CHICAGO MERCANTILE EXCHANGE,2001-02-27,12364,2851,1424.0,1913.0,94625,4842.0,9513,-489.0
EURO FX - CHICAGO MERCANTILE EXCHANGE,2001-03-06,17250,186,4886.0,-2665.0,96223,1598.0,17064,7551.0
EURO FX - CHICAGO MERCANTILE EXCHANGE,2001-03-13,9179,1352,-8071.0,1166.0,102063,5840.0,7827,-9237.0
EURO FX - CHICAGO MERCANTILE EXCHANGE,2001-03-20,8415,5802,-764.0,4450.0,73043,-29020.0,2613,-5214.0
EURO FX - CHICAGO MERCANTILE EXCHANGE,2001-03-27,9243,5359,828.0,-443.0,73047,4.0,3884,1271.0
EURO FX - CHICAGO MERCANTILE EXCHANGE,2001-04-03,12823,6048,3580.0,689.0,77853,4806.0,6775,2891.0
EURO FX - CHICAGO MERCANTILE EXCHANGE,2001-04-10,11040,5295,-1783.0,-753.0,75092,-2761.0,5745,-1030.0
EURO FX - CHICAGO MERCANTILE EXCHANGE,2001-04-17,12851,7858,1811.0,2563.0,77532,2440.0,4993,-752.0
EURO FX - CHICAGO MERCANTILE EXCHANGE,2001-04-24,12647,5344,-204.0,-2514.0,80964,3432.0,7303,2310.0
EURO FX - CHICAGO MERCANTILE EXCHANGE,2001-05-01,12005,5961,-642.0,617.0,82811,1847.0,6044,-1259.0
EURO FX - CHICAGO MERCANTILE EXCHANGE,2001-05-08,12030,7676,25.0,1715.0,87560,4749.0,4354,-1690.0
EURO FX - CHICAGO MERCANTILE EXCHANGE,2001-05-15,13881,10473,1851.0,2797.0,88743,1183.0,3408,-946.0
EURO FX - CHICAGO MERCANTILE EXCHANGE,2001-05-22,13720,19173,-161.0,8700.0,92969,4226.0,-5453,-8861.0
EURO FX - CHICAGO MERCANTILE EXCHANGE,2001-05-29,15862,18793,2142.0,-380.0,93121,152.0,-2931,2522.0
EURO FX - CHICAGO MERCANTILE EXCHANGE,2001-06-05,15748,20561,-114.0,1768.0,99312,6191.0,-4813,-1882.0
EURO FX - CHICAGO MERCANTILE EXCHANGE,2001-06-12,16502,21090,754.0,529.0,114364,15052.0,-4588,225.0
EURO FX - CHICAGO MERCANTILE EXCHANGE,2001-06-19,12297,8664,-4205.0,-12426.0,73278,-41086.0,3633,8221.0
EURO FX - CHICAGO MERCANTILE EXCHANGE,2001-06-26,13806,10631,1509.0,1967.0,75413,2135.0,3175,-458.0
EURO FX - CHICAGO MERCANTILE EXCHANGE,2001-07-03,14741,11495,935.0,864.0,77138,1725.0,3246,71.0
EURO FX - CHICAGO MERCANTILE EXCHANGE,2001-07-10,17180,10529,2439.0,-966.0,83100,5962.0,6651,3405.0
EURO FX - CHICAGO MERCANTILE EXCHANGE,2001-07-17,17084,8041,-96.0,-2488.0,84435,1335.0,9043,2392.0
EURO FX - CHICAGO MERCANTILE EXCHANGE,2001-07-24,20062,5771,2978.0,-2270.0,87072,2637.0,14291,5248.0
EURO FX - CHICAGO MERCANTILE EXCHANGE,2001-07-31,21210,5127,1148.0,-644.0,89655,2583.0,16083,1792.0
EURO FX - CHICAGO MERCANTILE EXCHANGE,2001-08-07,22076,5436,866.0,309.0,94227,4572.0,16640,557.0
EURO FX - CHICAGO MERCANTILE EXCHANGE,2001-08-14,27479,3126,5403.0,-2310.0,99325,5098.0,24353,7713.0
EURO FX - CHICAGO MERCANTILE EXCHANGE,2001-08-21,30729,1759,3250.0,-1367.0,109131,9806.0,28970,4617.0
EURO FX - CHICAGO MERCANTILE EXCHANGE,2001-08-28,31666,2161,937.0,402.0,113131,4000.0,29505,535.0
EURO FX - CHICAGO MERCANTILE EXCHANGE,2001-09-04,25446,3625,-6220.0,1464.0,108326,-4805.0,21821,-7684.0
EURO FX - CHICAGO MERCANTILE EXCHANGE,2001-09-10,21845,3996,-3601.0,371.0,117970,9644.0,17849,-3972.0
EURO FX - CHICAGO MERCANTILE EXCHANGE,2001-09-18,27680,3243,5835.0,-753.0,100031,-17939.0,24437,6588.0
EURO FX - CHICAGO MERCANTILE EXCHANGE,2001-09-25,30766,2918,3086.0,-325.0,108418,8387.0,27848,3411.0
EURO FX - CHICAGO MERCANTILE EXCHANGE,2001-10-02,28463,3511,-2303.0,593.0,109676,1258.0,24952,-2896.0
EURO FX - CHICAGO MERCANTILE EXCHANGE,2001-10-09,27660,5219,-803.0,1708.0,113099,3423.0,22441,-2511.0
EURO FX - CHICAGO MERCANTILE EXCHANGE,2001-10-16,22095,4479,-5565.0,-740.0,106649,-6450.0,17616,-4825.0
EURO FX - CHICAGO MERCANTILE EXCHANGE,2001-10-23,17751,8361,-4344.0,3882.0,104525,-2124.0,9390,-8226.0
EURO FX - CHICAGO MERCANTILE EXCHANGE,2001-10-30,24443,7757,6692.0,-604.0,107845,3320.0,16686,7296.0
EURO FX - CHICAGO MERCANTILE EXCHANGE,2001-11-06,21939,6587,-2504.0,-1170.0,102865,-4980.0,15352,-1334.0
EURO FX - CHICAGO MERCANTILE EXCHANGE,2001-11-13,15570,15086,-6369.0,8499.0,108807,5942.0,484,-14868.0
EURO FX - CHICAGO MERCANTILE EXCHANGE,2001-11-20,17899,18185,2329.0,3099.0,114006,5199.0,-286,-770.0
EURO FX - CHICAGO MERCANTILE EXCHANGE,2001-11-27,17930,17015,31.0,-1170.0,112644,-1362.0,915,1201.0
EURO FX - CHICAGO MERCANTILE EXCHANGE,2001-12-04,22650,8804,4720.0,-8211.0,109051,-3593.0,13846,12931.0
EURO FX - CHICAGO MERCANTILE EXCHANGE,2001-12-11,19857,7951,-2793.0,-853.0,114593,5542.0,11906,-1940.0
EURO FX - CHICAGO MERCANTILE EXCHANGE,2001-12-18,21445,9574,1588.0,1623.0,90033,-24560.0,11871,-35.0
EURO FX - CHICAGO MERCANTILE EXCHANGE,2001-12-21,23412,11990,1967.0,2416.0,93493,3460.0,11422,-449.0
EURO FX - CHICAGO MERCANTILE EXCHANGE,2001-12-28,19106,7924,-4306.0,-4066.0,88738,-4755.0,11182,-240.0
EURO FX - CHICAGO MERCANTILE EXCHANGE,2002-01-08,20385,5612,1279.0,-2312.0,95885,7147.0,14773,3591.0
EURO FX - CHICAGO MERCANTILE EXCHANGE,2002-01-15,19669,7573,-716.0,1961.0,99564,3679.0,12096,-2677.0
EURO FX - CHICAGO MERCANTILE EXCHANGE,2002-01-22,22270,4981,2601.0,-2592.0,103166,3602.0,17289,5193.0
EURO FX - CHICAGO MERCANTILE EXCHANGE,2002-01-29,15039,14184,-7231.0,9203.0,107634,4468.0,855,-16434.0
EURO FX - CHICAGO MERCANTILE EXCHANGE,2002-02-05,16358,14035,1319.0,-149.0,107814,180.0,2323,1468.0
EURO FX - CHICAGO MERCANTILE EXCHANGE,2002-02-12,16274,13020,-84.0,-1015.0,107689,-125.0,3254,931.0
EURO FX - CHICAGO MERCANTILE EXCHANGE,2002-02-19,22094,13447,5820.0,427.0,112662,4973.0,8647,5393.0
EURO FX - CHICAGO MERCANTILE EXCHANGE,2002-02-26,20441,17308,-1653.0,3861.0,109561,-3101.0,3133,-5514.0
EURO FX - CHICAGO MERCANTILE EXCHANGE,2002-03-05,20406,14118,-35.0,-3190.0,118935,9374.0,6288,3155.0
EURO FX - CHICAGO MERCANTILE EXCHANGE,2002-03-12,24796,9335,4390.0,-4783.0,114001,-4934.0,15461,9173.0
EURO FX - CHICAGO MERCANTILE EXCHANGE,2002-03-19,28092,6836,3296.0,-2499.0,96111,-17890.0,21256,5795.0
EURO FX - CHICAGO MERCANTILE EXCHANGE,2002-03-26,30732,7439,2640.0,603.0,105052,8941.0,23293,2037.0
EURO FX - CHICAGO MERCANTILE EXCHANGE,2002-04-02,34364,8206,3632.0,767.0,109996,4944.0,26158,2865.0
EURO FX - CHICAGO MERCANTILE EXCHANGE,2002-04-09,29472,10031,-4892.0,1825.0,105254,-4742.0,19441,-6717.0
EURO FX - CHICAGO MERCANTILE EXCHANGE,2002-04-16,37941,10314,8469.0,283.0,115039,9785.0,27627,8186.0
EURO FX - CHICAGO MERCANTILE EXCHANGE,2002-04-23,39180,9557,1239.0,-757.0,114239,-800.0,29623,1996.0
EURO FX - CHICAGO MERCANTILE EXCHANGE,2002-04-30,41770,10298,2590.0,741.0,124468,10229.0,31472,1849.0
EURO FX - CHICAGO MERCANTILE EXCHANGE,2002-05-07,43808,8375,2038.0,-1923.0,135303,10835.0,35433,3961.0
EURO FX - CHICAGO MERCANTILE EXCHANGE,2002-05-14,42844,8244,-964.0,-131.0,132612,-2691.0,34600,-833.0
EURO FX - CHICAGO MERCANTILE EXCHANGE,2002-05-21,40857,9684,-1987.0,1440.0,136129,3517.0,31173,-3427.0
EURO FX - CHICAGO MERCANTILE EXCHANGE,2002-05-28,42415,10690,1558.0,1006.0,143233,7104.0,31725,552.0
EURO FX - CHICAGO MERCANTILE EXCHANGE,2002-06-04,40092,8476,-2323.0,-2214.0,146821,3588.0,31616,-109.0
EURO FX - CHICAGO MERCANTILE EXCHANGE,2002-06-11,39085,10718,-1007.0,2242.0,146872,51.0,28367,-3249.0
EURO FX - CHICAGO MERCANTILE EXCHANGE,2002-06-18,39095,9638,10.0,-1080.0,109609,-37263.0,29457,1090.0
EURO FX - CHICAGO MERCANTILE EXCHANGE,2002-06-25,35304,12780,-3791.0,3142.0,116946,7337.0,22524,-6933.0
EURO FX - CHICAGO MERCANTILE EXCHANGE,2002-07-02,33583,9188,-1721.0,-3592.0,114480,-2466.0,24395,1871.0
EURO FX - CHICAGO MERCANTILE EXCHANGE,2002-07-09,33941,9859,358.0,671.0,112614,-1866.0,24082,-313.0
EURO FX - CHICAGO MERCANTILE EXCHANGE,2002-07-16,35420,8766,1479.0,-1093.0,115406,2792.0,26654,2572.0
EURO FX - CHICAGO MERCANTILE EXCHANGE,2002-07-23,30292,4614,-5128.0,-4152.0,111955,-3451.0,25678,-976.0
EURO FX - CHICAGO MERCANTILE EXCHANGE,2002-07-30,29177,3694,-1115.0,-920.0,109782,-2173.0,25483,-195.0
EURO FX - CHICAGO MERCANTILE EXCHANGE,2002-08-06,25104,5082,-4073.0,1388.0,104950,-4832.0,20022,-5461.0
EURO FX - CHICAGO MERCANTILE EXCHANGE,2002-08-13,23123,3341,-1981.0,-1741.0,97747,-7203.0,19782,-240.0
EURO FX - CHICAGO MERCANTILE EXCHANGE,2002-08-20,22528,4665,-595.0,1324.0,100332,2585.0,17863,-1919.0
EURO FX - CHICAGO MERCANTILE EXCHANGE,2002-08-27,25994,3906,3466.0,-759.0,104194,3862.0,22088,4225.0
EURO FX - CHICAGO MERCANTILE EXCHANGE,2002-09-03,27290,2052,1296.0,-1854.0,109350,5156.0,25238,3150.0
EURO FX - CHICAGO MERCANTILE EXCHANGE,2002-09-10,22711,2360,-4579.0,308.0,115622,6272.0,20351,-4887.0
EURO FX - CHICAGO MERCANTILE EXCHANGE,2002-09-17,16959,4349,-5752.0,1989.0,80614,-35008.0,12610,-7741.0
EURO FX - CHICAGO MERCANTILE EXCHANGE,2002-09-24,17964,3362,1005.0,-987.0,82896,2282.0,14602,1992.0
EURO FX - CHICAGO MERCANTILE EXCHANGE,2002-10-01,20041,3104,2077.0,-258.0,85802,2906.0,16937,2335.0
EURO FX - CHICAGO MERCANTILE EXCHANGE,2002-10-08,16724,4072,-3317.0,968.0,84730,-1072.0,12652,-4285.0
EURO FX - CHICAGO MERCANTILE EXCHANGE,2002-10-15,23224,2192,6500.0,-1880.0,88339,3609.0,21032,8380.0
EURO FX - CHICAGO MERCANTILE EXCHANGE,2002-10-22,19094,5026,-4130.0,2834.0,84417,-3922.0,14068,-6964.0
EURO FX - CHICAGO MERCANTILE EXCHANGE,2002-10-29,22948,3623,3854.0,-1403.0,83640,-777.0,19325,5257.0
EURO FX - CHICAGO MERCANTILE EXCHANGE,2002-11-05,35721,4684,12773.0,1061.0,102158,18518.0,31037,11712.0
EURO FX - CHICAGO MERCANTILE EXCHANGE,2002-11-12,39308,6031,3587.0,1347.0,105714,3556.0,33277,2240.0
EURO FX - CHICAGO MERCANTILE EXCHANGE,2002-11-19,35945,5740,-3363.0,-291.0,103629,-2085.0,30205,-3072.0
EURO FX - CHICAGO MERCANTILE EXCHANGE,2002-11-26,33446,4670,-2499.0,-1070.0,99487,-4142.0,28776,-1429.0
EURO FX - CHICAGO MERCANTILE EXCHANGE,2002-12-03,26199,3323,-7247.0,-1347.0,98385,-1102.0,22876,-5900.0
EURO FX - CHICAGO MERCANTILE EXCHANGE,2002-12-10,33001,4937,6802.0,1614.0,121589,23204.0,28064,5188.0
EURO FX - CHICAGO MERCANTILE EXCHANGE,2002-12-17,37237,6636,4236.0,1699.0,100434,-21155.0,30601,2537.0
EURO FX - CHICAGO MERCANTILE EXCHANGE,2002-12-23,36015,7888,-1222.0,1252.0,98907,-1527.0,28127,-2474.0
EURO FX - CHICAGO MERCANTILE EXCHANGE,2002-12-31,35953,6943,-62.0,-945.0,98699,-208.0,29010,883.0
EURO FX - CHICAGO MERCANTILE EXCHANGE,2003-01-07,35647,7490,-306.0,547.0,98275,-424.0,28157,-853.0
EURO FX - CHICAGO MERCANTILE EXCHANGE,2003-01-14,36455,7682,808.0,192.0,110075,11800.0,28773,616.0
EURO FX - CHICAGO MERCANTILE EXCHANGE,2003-01-21,35332,6890,-1123.0,-792.0,113184,3109.0,28442,-331.0
EURO FX - CHICAGO MERCANTILE EXCHANGE,2003-01-28,32375,6039,-2957.0,-851.0,105577,-7607.0,26336,-2106.0
EURO FX - CHICAGO MERCANTILE EXCHANGE,2003-02-04,37222,6556,4847.0,517.0,108531,2954.0,30666,4330.0
EURO FX - CHICAGO MERCANTILE EXCHANGE,2003-02-11,29992,7694,-7230.0,1138.0,107453,-1078.0,22298,-8368.0
EURO FX - CHICAGO MERCANTILE EXCHANGE,2003-02-18,31970,6485,1978.0,-1209.0,108102,649.0,25485,3187.0
EURO FX - CHICAGO MERCANTILE EXCHANGE,2003-02-25,29793,9730,-2177.0,3245.0,105427,-2675.0,20063,-5422.0
EURO FX - CHICAGO MERCANTILE EXCHANGE,2003-03-04,34972,4997,5179.0,-4733.0,123014,17587.0,29975,9912.0
EURO FX - CHICAGO MERCANTILE EXCHANGE,2003-03-11,35344,5078,372.0,81.0,136246,13232.0,30266,291.0
EURO FX - CHICAGO MERCANTILE EXCHANGE,2003-03-18,18948,5609,-16396.0,531.0,78765,-57481.0,13339,-16927.0
EURO FX - CHICAGO MERCANTILE EXCHANGE,2003-03-25,16336,8742,-2612.0,3133.0,72434,-6331.0,7594,-5745.0
EURO FX - CHICAGO MERCANTILE EXCHANGE,2003-04-01,16707,6143,371.0,-2599.0,75951,3517.0,10564,2970.0
EURO FX - CHICAGO MERCANTILE EXCHANGE,2003-04-08,15619,2474,-1088.0,-3669.0,71412,-4539.0,13145,2581.0
EURO FX - CHICAGO MERCANTILE EXCHANGE,2003-04-15,16934,2729,1315.0,255.0,77639,6227.0,14205,1060.0
EURO FX - CHICAGO MERCANTILE EXCHANGE,2003-04-22,27788,3401,10854.0,672.0,95982,18343.0,24387,10182.0
EURO FX - CHICAGO MERCANTILE EXCHANGE,2003-04-29,31023,3018,3235.0,-383.0,103869,7887.0,28005,3618.0
EURO FX - CHICAGO MERCANTILE EXCHANGE,2003-05-06,34554,2584,3531.0,-434.0,115082,11213.0,31970,3965.0
EURO FX - CHICAGO MERCANTILE EXCHANGE,2003-05-13,28679,3776,-5875.0,1192.0,100930,-14152.0,24903,-7067.0
EURO FX - CHICAGO MERCANTILE EXCHANGE,2003-05-20,30918,4020,2239.0,244.0,108716,7786.0,26898,1995.0
EURO FX - CHICAGO MERCANTILE EXCHANGE,2003-05-27,31242,7129,324.0,3109.0,110029,1313.0,24113,-2785.0
EURO FX - CHICAGO MERCANTILE EXCHANGE,2003-06-03,35738,5705,4496.0,-1424.0,115440,5411.0,30033,5920.0
EURO FX - CHICAGO MERCANTILE EXCHANGE,2003-06-10,32439,6177,-3299.0,472.0,136383,20943.0,26262,-3771.0
EURO FX - CHICAGO MERCANTILE EXCHANGE,2003-06-17,33888,5765,1449.0,-412.0,103252,-33131.0,28123,1861.0
EURO FX - CHICAGO MERCANTILE EXCHANGE,2003-06-24,27814,4344,-6074.0,-1421.0,94856,-8396.0,23470,-4653.0
EURO FX - CHICAGO MERCANTILE EXCHANGE,2003-07-01,28532,4902,718.0,558.0,101717,6861.0,23630,160.0
EURO FX - CHICAGO MERCANTILE EXCHANGE,2003-07-08,25188,6027,-3344.0,1125.0,94616,-7101.0,19161,-4469.0
EURO FX - CHICAGO MERCANTILE EXCHANGE,2003-07-15,22847,6652,-2341.0,625.0,99175,4559.0,16195,-2966.0
EURO FX - CHICAGO MERCANTILE EXCHANGE,2003-07-22,18266,5113,-4581.0,-1539.0,96459,-2716.0,13153,-3042.0
EURO FX - CHICAGO MERCANTILE EXCHANGE,2003-07-29,17608,5188,-658.0,75.0,96272,-187.0,12420,-733.0
EURO FX - CHICAGO MERCANTILE EXCHANGE,2003-08-05,16777,2888,-831.0,-2300.0,93299,-2973.0,13889,1469.0
EURO FX - CHICAGO MERCANTILE EXCHANGE,2003-08-12,18505,3803,1728.0,915.0,97523,4224.0,14702,813.0
EURO FX - CHICAGO MERCANTILE EXCHANGE,2003-08-19,16930,7809,-1575.0,4006.0,95786,-1737.0,9121,-5581.0
EURO FX - CHICAGO MERCANTILE EXCHANGE,2003-08-26,14690,12017,-2240.0,4208.0,100114,4328.0,2673,-6448.0
EURO FX - CHICAGO MERCANTILE EXCHANGE,2003-09-02,14372,12243,-318.0,226.0,107173,7059.0,2129,-544.0
EURO FX - CHICAGO MERCANTILE EXCHANGE,2003-09-09,13438,10933,-934.0,-1310.0,114940,7767.0,2505,376.0
EURO FX - CHICAGO MERCANTILE EXCHANGE,2003-09-16,11847,7123,-1591.0,-3810.0,80591,-34349.0,4724,2219.0
EURO FX - CHICAGO MERCANTILE EXCHANGE,2003-09-23,15340,6563,3493.0,-560.0,82549,1958.0,8777,4053.0
EURO FX - CHICAGO MERCANTILE EXCHANGE,2003-09-30,18650,5001,3310.0,-1562.0,91864,9315.0,13649,4872.0
EURO FX - CHICAGO MERCANTILE EXCHANGE,2003-10-07,25794,5769,7144.0,768.0,96823,4959.0,20025,6376.0
EURO FX - CHICAGO MERCANTILE EXCHANGE,2003-10-14,29854,4860,4060.0,-909.0,105915,9092.0,24994,4969.0
EURO FX - CHICAGO MERCANTILE EXCHANGE,2003-10-21,28987,4874,-867.0,14.0,106515,600.0,24113,-881.0
EURO FX - CHICAGO MERCANTILE EXCHANGE,2003-10-28,28893,4688,-94.0,-186.0,102842,-3673.0,24205,92.0
EURO FX - CHICAGO MERCANTILE EXCHANGE,2003-11-04,21858,2285,-7035.0,-2403.0,98943,-3899.0,19573,-4632.0
EURO FX - CHICAGO MERCANTILE EXCHANGE,2003-11-11,21264,3345,-594.0,1060.0,102826,3883.0,17919,-1654.0
EURO FX - CHICAGO MERCANTILE EXCHANGE,2003-11-18,37534,2988,16270.0,-357.0,125596,22770.0,34546,16627.0
EURO FX - CHICAGO MERCANTILE EXCHANGE,2003-11-25,33819,3322,-3715.0,334.0,122880,-2716.0,30497,-4049.0
EURO FX - CHICAGO MERCANTILE EXCHANGE,2003-12-02,35337,4657,1518.0,1335.0,135551,12671.0,30680,183.0
EURO FX - CHICAGO MERCANTILE EXCHANGE,2003-12-09,33513,5515,-1824.0,858.0,152632,17081.0,27998,-2682.0
EURO FX - CHICAGO MERCANTILE EXCHANGE,2003-12-16,39854,5071,6341.0,-444.0,119162,-33470.0,34783,6785.0
EURO FX - CHICAGO MERCANTILE EXCHANGE,2003-12-22,38595,4887,-1259.0,-184.0,118490,-672.0,33708,-1075.0
EURO FX - CHICAGO MERCANTILE EXCHANGE,2003-12-30,38530,4974,-65.0,87.0,119095,605.0,33556,-152.0
EURO FX - CHICAGO MERCANTILE EXCHANGE,2004-01-06,36578,6668,-1952.0,1694.0,126442,7347.0,29910,-3646.0
EURO FX - CHICAGO MERCANTILE EXCHANGE,2004-01-13,35894,8957,-684.0,2289.0,130510,4068.0,26937,-2973.0
EURO FX - CHICAGO MERCANTILE EXCHANGE,2004-01-20,35293,7050,-601.0,-1907.0,129548,-962.0,28243,1306.0
EURO FX - CHICAGO MERCANTILE EXCHANGE,2004-01-27,36682,3384,1389.0,-3666.0,129170,-378.0,33298,5055.0
EURO FX - CHICAGO MERCANTILE EXCHANGE,2004-02-03,31305,10859,-5377.0,7475.0,124312,-4858.0,20446,-12852.0
EURO FX - CHICAGO MERCANTILE EXCHANGE,2004-02-10,33820,7578,2515.0,-3281.0,128407,4095.0,26242,5796.0
EURO FX - CHICAGO MERCANTILE EXCHANGE,2004-02-17,35758,7349,1938.0,-229.0,145315,16908.0,28409,2167.0
EURO FX - CHICAGO MERCANTILE EXCHANGE,2004-02-24,31780,5413,-3978.0,-1936.0,133504,-11811.0,26367,-2042.0
EURO FX - CHICAGO MERCANTILE EXCHANGE,2004-03-02,24451,7423,-7329.0,2010.0,135662,2158.0,17028,-9339.0
EURO FX - CHICAGO MERCANTILE EXCHANGE,2004-03-09,24065,10000,-386.0,2577.0,142361,6699.0,14065,-2963.0
EURO FX - CHICAGO MERCANTILE EXCHANGE,2004-03-16,17522,9068,-6543.0,-932.0,87390,-54971.0,8454,-5611.0
EURO FX - CHICAGO MERCANTILE EXCHANGE,2004-03-23,18389,8096,867.0,-972.0,95616,8226.0,10293,1839.0
EURO FX - CHICAGO MERCANTILE EXCHANGE,2004-03-30,17155,10981,-1234.0,2885.0,100890,5274.0,6174,-4119.0
EURO FX - CHICAGO MERCANTILE EXCHANGE,2004-04-06,18589,12572,1434.0,1591.0,107414,6524.0,6017,-157.0
EURO FX - CHICAGO MERCANTILE EXCHANGE,2004-04-12,18074,12331,-515.0,-241.0,109077,1663.0,5743,-274.0
EURO FX - CHICAGO MERCANTILE EXCHANGE,2004-04-20,22037,12238,3963.0,-93.0,114818,5741.0,9799,4056.0
EURO FX - CHICAGO MERCANTILE EXCHANGE,2004-04-27,19136,13566,-2901.0,1328.0,119710,4892.0,5570,-4229.0
EURO FX - CHICAGO MERCANTILE EXCHANGE,2004-05-04,19501,12502,365.0,-1064.0,124170,4460.0,6999,1429.0
EURO FX - CHICAGO MERCANTILE EXCHANGE,2004-05-11,23484,11006,3983.0,-1496.0,127408,3238.0,12478,5479.0
EURO FX - CHICAGO MERCANTILE EXCHANGE,2004-05-18,22806,9384,-678.0,-1622.0,145574,18166.0,13422,944.0
EURO FX - CHICAGO MERCANTILE EXCHANGE,2004-05-25,26589,7875,3783.0,-1509.0,148621,3047.0,18714,5292.0
EURO FX - CHICAGO MERCANTILE EXCHANGE,2004-06-01,30690,8496,4101.0,621.0,159590,10969.0,22194,3480.0
EURO FX - CHICAGO MERCANTILE EXCHANGE,2004-06-08,33175,9701,2485.0,1205.0,159172,-418.0,23474,1280.0
EURO FX - CHICAGO MERCANTILE EXCHANGE,2004-06-15,23114,6526,-10061.0,-3175.0,85653,-73519.0,16588,-6886.0
EURO FX - CHICAGO MERCANTILE EXCHANGE,2004-06-22,21435,9356,-1679.0,2830.0,92563,6910.0,12079,-4509.0
EURO FX - CHICAGO MERCANTILE EXCHANGE,2004-06-29,22478,8723,1043.0,-633.0,106582,14019.0,13755,1676.0
EURO FX - CHICAGO MERCANTILE EXCHANGE,2004-07-06,27466,8429,4988.0,-294.0,125199,18617.0,19037,5282.0
EURO FX - CHICAGO MERCANTILE EXCHANGE,2004-07-13,39391,8379,11925.0,-50.0,147585,22386.0,31012,11975.0
EURO FX - CHICAGO MERCANTILE EXCHANGE,2004-07-20,43666,7565,4275.0,-814.0,145213,-2372.0,36101,5089.0
EURO FX - CHICAGO MERCANTILE EXCHANGE,2004-07-27,25479,8552,-18187.0,987.0,137974,-7239.0,16927,-19174.0
EURO FX - CHICAGO MERCANTILE EXCHANGE,2004-08-03,22799,10557,-2680.0,2005.0,156968,18994.0,12242,-4685.0
EURO FX - CHICAGO MERCANTILE EXCHANGE,2004-08-10,24370,7513,1571.0,-3044.0,154249,-2719.0,16857,4615.0
EURO FX - CHICAGO MERCANTILE EXCHANGE,2004-08-17,30307,4608,5937.0,-2905.0,154281,32.0,25699,8842.0
EURO FX - CHICAGO MERCANTILE EXCHANGE,2004-08-24,28134,3518,-2173.0,-1090.0,164966,10685.0,24616,-1083.0
EURO FX - CHICAGO MERCANTILE EXCHANGE,2004-08-31,29212,8385,1078.0,4867.0,171325,6359.0,20827,-3789.0
EURO FX - CHICAGO MERCANTILE EXCHANGE,2004-09-07,27671,9639,-1541.0,1254.0,168870,-2455.0,18032,-2795.0
EURO FX - CHICAGO MERCANTILE EXCHANGE,2004-09-14,30651,4793,2980.0,-4846.0,90696,-78174.0,25858,7826.0
EURO FX - CHICAGO MERCANTILE EXCHANGE,2004-09-21,32698,7251,2047.0,2458.0,91424,728.0,25447,-411.0
EURO FX - CHICAGO MERCANTILE EXCHANGE,2004-09-28,36015,3681,3317.0,-3570.0,107544,16120.0,32334,6887.0
EURO FX - CHICAGO MERCANTILE EXCHANGE,2004-10-05,50305,5494,14290.0,1813.0,132300,24756.0,44811,12477.0
EURO FX - CHICAGO MERCANTILE EXCHANGE,2004-10-12,44461,6366,-5844.0,872.0,132397,97.0,38095,-6716.0
EURO FX - CHICAGO MERCANTILE EXCHANGE,2004-10-19,43487,6975,-974.0,609.0,130386,-2011.0,36512,-1583.0
EURO FX - CHICAGO MERCANTILE EXCHANGE,2004-10-26,50767,5236,7280.0,-1739.0,150482,20096.0,45531,9019.0
EURO FX - CHICAGO MERCANTILE EXCHANGE,2004-11-02,60468,7003,9701.0,1767.0,158411,7929.0,53465,7934.0
EURO FX - CHICAGO MERCANTILE EXCHANGE,2004-11-09,68576,11047,8108.0,4044.0,185582,27171.0,57529,4064.0
EURO FX - CHICAGO MERCANTILE EXCHANGE,2004-11-16,66875,12847,-1701.0,1800.0,203471,17889.0,54028,-3501.0
EURO FX - CHICAGO MERCANTILE EXCHANGE,2004-11-23,66849,34588,-26.0,21741.0,233859,30388.0,32261,-21767.0
EURO FX - CHICAGO MERCANTILE EXCHANGE,2004-11-30,61453,36968,-5396.0,2380.0,233254,-605.0,24485,-7776.0
EURO FX - CHICAGO MERCANTILE EXCHANGE,2004-12-07,57209,33095,-4244.0,-3873.0,223808,-9446.0,24114,-371.0
EURO FX - CHICAGO MERCANTILE EXCHANGE,2004-12-14,36764,51306,-20445.0,18211.0,136413,-87395.0,-14542,-38656.0
EURO FX - CHICAGO MERCANTILE EXCHANGE,2004-12-21,39467,51631,2703.0,325.0,147150,10737.0,-12164,2378.0
EURO FX - CHICAGO MERCANTILE EXCHANGE,2004-12-28,44526,27712,5059.0,-23919.0,147687,537.0,16814,28978.0
EURO FX - CHICAGO MERCANTILE EXCHANGE,2005-01-04,35806,24735,-8720.0,-2977.0,141191,-6496.0,11071,-5743.0
EURO FX - CHICAGO MERCANTILE EXCHANGE,2005-01-11,33414,17233,-2392.0,-7502.0,143785,2594.0,16181,5110.0
EURO FX - CHICAGO MERCANTILE EXCHANGE,2005-01-18,28380,18467,-5034.0,1234.0,131661,-12124.0,9913,-6268.0
EURO FX - CHICAGO MERCANTILE EXCHANGE,2005-01-25,25401,24633,-2979.0,6166.0,131203,-458.0,768,-9145.0
EURO FX - CHICAGO MERCANTILE EXCHANGE,2005-02-01,25980,24055,579.0,-578.0,129210,-1993.0,1925,1157.0
EURO FX - CHICAGO MERCANTILE EXCHANGE,2005-02-08,26185,26816,205.0,2761.0,152377,23167.0,-631,-2556.0
EURO FX - CHICAGO MERCANTILE EXCHANGE,2005-02-15,28112,28357,1927.0,1541.0,148131,-4246.0,-245,386.0
EURO FX - CHICAGO MERCANTILE EXCHANGE,2005-02-22,29004,24980,892.0,-3377.0,164961,16830.0,4024,4269.0
EURO FX - CHICAGO MERCANTILE EXCHANGE,2005-03-01,46880,13462,17876.0,-11518.0,169942,4981.0,33418,29394.0
EURO FX - CHICAGO MERCANTILE EXCHANGE,2005-03-08,37116,14526,-9764.0,1064.0,169161,-781.0,22590,-10828.0
EURO FX - CHICAGO MERCANTILE EXCHANGE,2005-03-15,42647,12735,5531.0,-1791.0,122371,-46790.0,29912,7322.0
EURO FX - CHICAGO MERCANTILE EXCHANGE,2005-03-22,36967,9768,-5680.0,-2967.0,115071,-7300.0,27199,-2713.0
EURO FX - CHICAGO MERCANTILE EXCHANGE,2005-03-29,30250,12497,-6717.0,2729.0,116888,1817.0,17753,-9446.0
EURO FX - CHICAGO MERCANTILE EXCHANGE,2005-04-05,26469,19571,-3781.0,7074.0,126079,9191.0,6898,-10855.0
EURO FX - CHICAGO MERCANTILE EXCHANGE,2005-04-12,30092,24332,3623.0,4761.0,131025,4946.0,5760,-1138.0
EURO FX - CHICAGO MERCANTILE EXCHANGE,2005-04-19,23613,18592,-6479.0,-5740.0,118581,-12444.0,5021,-739.0
EURO FX - CHICAGO MERCANTILE EXCHANGE,2005-04-26,23524,19305,-89.0,713.0,133030,14449.0,4219,-802.0
EURO FX - CHICAGO MERCANTILE EXCHANGE,2005-05-03,26070,21195,2546.0,1890.0,138018,4988.0,4875,656.0
EURO FX - CHICAGO MERCANTILE EXCHANGE,2005-05-10,27335,28879,1265.0,7684.0,148731,10713.0,-1544,-6419.0
EURO FX - CHICAGO MERCANTILE EXCHANGE,2005-05-17,22232,35720,-5103.0,6841.0,156860,8129.0,-13488,-11944.0
EURO FX - CHICAGO MERCANTILE EXCHANGE,2005-05-24,24631,39952,2399.0,4232.0,162145,5285.0,-15321,-1833.0
EURO FX - CHICAGO MERCANTILE EXCHANGE,2005-05-31,24211,42521,-420.0,2569.0,190494,28349.0,-18310,-2989.0
EURO FX - CHICAGO MERCANTILE EXCHANGE,2005-06-07,22939,40710,-1272.0,-1811.0,193707,3213.0,-17771,539.0
EURO FX - CHICAGO MERCANTILE EXCHANGE,2005-06-14,26335,46000,3396.0,5290.0,140233,-53474.0,-19665,-1894.0
EURO FX - CHICAGO MERCANTILE EXCHANGE,2005-06-21,26061,47343,-274.0,1343.0,142566,2333.0,-21282,-1617.0
EURO FX - CHICAGO MERCANTILE EXCHANGE,2005-06-28,31816,46057,5755.0,-1286.0,139172,-3394.0,-14241,7041.0
EURO FX - CHICAGO MERCANTILE EXCHANGE,2005-07-05,23019,47891,-8797.0,1834.0,148960,9788.0,-24872,-10631.0
EURO FX - CHICAGO MERCANTILE EXCHANGE,2005-07-12,24267,32115,1248.0,-15776.0,140286,-8674.0,-7848,17024.0
EURO FX - CHICAGO MERCANTILE EXCHANGE,2005-07-19,23055,34925,-1212.0,2810.0,143052,2766.0,-11870,-4022.0
EURO FX - CHICAGO MERCANTILE EXCHANGE,2005-07-26,24520,32816,1465.0,-2109.0,144785,1733.0,-8296,3574.0
EURO FX - CHICAGO MERCANTILE EXCHANGE,2005-08-02,24408,24599,-112.0,-8217.0,143594,-1191.0,-191,8105.0
EURO FX - CHICAGO MERCANTILE EXCHANGE,2005-08-09,28507,24276,4099.0,-323.0,145759,2165.0,4231,4422.0
EURO FX - CHICAGO MERCANTILE EXCHANGE,2005-08-16,27289,26705,-1218.0,2429.0,148418,2659.0,584,-3647.0
EURO FX - CHICAGO MERCANTILE EXCHANGE,2005-08-23,24238,30004,-3051.0,3299.0,145089,-3329.0,-5766,-6350.0
EURO FX - CHICAGO MERCANTILE EXCHANGE,2005-08-30,26465,30084,2227.0,80.0,153731,8642.0,-3619,2147.0
EURO FX - CHICAGO MERCANTILE EXCHANGE,2005-09-06,38768,15250,12303.0,-14834.0,161018,7287.0,23518,27137.0
EURO FX - CHICAGO MERCANTILE EXCHANGE,2005-09-13,29321,21736,-9447.0,6486.0,162743,1725.0,7585,-15933.0
EURO FX - CHICAGO MERCANTILE EXCHANGE,2005-09-20,29052,30480,-269.0,8744.0,118666,-44077.0,-1428,-9013.0
EURO FX - CHICAGO MERCANTILE EXCHANGE,2005-09-27,32927,34530,3875.0,4050.0,135698,17032.0,-1603,-175.0
EURO FX - CHICAGO MERCANTILE EXCHANGE,2005-10-04,34646,36544,1719.0,2014.0,143338,7640.0,-1898,-295.0
EURO FX - CHICAGO MERCANTILE EXCHANGE,2005-10-11,30103,25311,-4543.0,-11233.0,130998,-12340.0,4792,6690.0
EURO FX - CHICAGO MERCANTILE EXCHANGE,2005-10-18,25238,24383,-4865.0,-928.0,144421,13423.0,855,-3937.0
EURO FX - CHICAGO MERCANTILE EXCHANGE,2005-10-25,20794,23352,-4444.0,-1031.0,151243,6822.0,-2558,-3413.0
EURO FX - CHICAGO MERCANTILE EXCHANGE,2005-11-01,26432,19434,5638.0,-3918.0,144306,-6937.0,6998,9556.0
EURO FX - CHICAGO MERCANTILE EXCHANGE,2005-11-08,29558,36185,3126.0,16751.0,159878,15572.0,-6627,-13625.0
EURO FX - CHICAGO MERCANTILE EXCHANGE,2005-11-15,31487,44709,1929.0,8524.0,175265,15387.0,-13222,-6595.0
EURO FX - CHICAGO MERCANTILE EXCHANGE,2005-11-22,35452,46579,3965.0,1870.0,185618,10353.0,-11127,2095.0
EURO FX - CHICAGO MERCANTILE EXCHANGE,2005-11-29,30467,48599,-4985.0,2020.0,182131,-3487.0,-18132,-7005.0
EURO FX - CHICAGO MERCANTILE EXCHANGE,2005-12-06,28784,51356,-1683.0,2757.0,179353,-2778.0,-22572,-4440.0
EURO FX - CHICAGO MERCANTILE EXCHANGE,2005-12-13,28088,29151,-696.0,-22205.0,192392,13039.0,-1063,21509.0
EURO FX - CHICAGO MERCANTILE EXCHANGE,2005-12-20,24852,20348,-3236.0,-8803.0,123445,-68947.0,4504,5567.0
EURO FX - CHICAGO MERCANTILE EXCHANGE,2005-12-27,25937,21359,1085.0,1011.0,112370,-11075.0,4578,74.0
EURO FX - CHICAGO MERCANTILE EXCHANGE,2006-01-03,36013,24782,10076.0,3423.0,119238,6868.0,11231,6653.0
EURO FX - CHICAGO MERCANTILE EXCHANGE,2006-01-10,42096,20135,6083.0,-4647.0,127386,8148.0,21961,10730.0
EURO FX - CHICAGO MERCANTILE EXCHANGE,2006-01-17,41207,19996,-889.0,-139.0,129565,2179.0,21211,-750.0
EURO FX - CHICAGO MERCANTILE EXCHANGE,2006-01-24,56834,19370,15627.0,-626.0,144608,15043.0,37464,16253.0
EURO FX - CHICAGO MERCANTILE EXCHANGE,2006-01-31,58564,22182,1730.0,2812.0,147953,3345.0,36382,-1082.0
EURO FX - CHICAGO MERCANTILE EXCHANGE,2006-02-07,45622,26657,-12942.0,4475.0,140121,-7832.0,18965,-17417.0
EURO FX - CHICAGO MERCANTILE EXCHANGE,2006-02-14,43279,31323,-2343.0,4666.0,140958,837.0,11956,-7009.0
EURO FX - CHICAGO MERCANTILE EXCHANGE,2006-02-21,42097,32012,-1182.0,689.0,151300,10342.0,10085,-1871.0
EURO FX - CHICAGO MERCANTILE EXCHANGE,2006-02-28,50882,32480,8785.0,468.0,159681,8381.0,18402,8317.0
EURO FX - CHICAGO MERCANTILE EXCHANGE,2006-03-07,49877,35999,-1005.0,3519.0,177395,17714.0,13878,-4524.0
EURO FX - CHICAGO MERCANTILE EXCHANGE,2006-03-14,55058,27074,5181.0,-8925.0,134870,-42525.0,27984,14106.0
EURO FX - CHICAGO MERCANTILE EXCHANGE,2006-03-21,58377,16925,3319.0,-10149.0,141536,6666.0,41452,13468.0
EURO FX - CHICAGO MERCANTILE EXCHANGE,2006-03-28,56336,15525,-2041.0,-1400.0,140715,-821.0,40811,-641.0
EURO FX - CHICAGO MERCANTILE EXCHANGE,2006-04-04,67859,15467,11523.0,-58.0,161921,21206.0,52392,11581.0
EURO FX - CHICAGO MERCANTILE EXCHANGE,2006-04-11,58717,17087,-9142.0,1620.0,159310,-2611.0,41630,-10762.0
EURO FX - CHICAGO MERCANTILE EXCHANGE,2006-04-18,70019,14677,11302.0,-2410.0,165741,6431.0,55342,13712.0
EURO FX - CHICAGO MERCANTILE EXCHANGE,2006-04-25,79841,14316,9822.0,-361.0,177240,11499.0,65525,10183.0
EURO FX - CHICAGO MERCANTILE EXCHANGE,2006-05-02,90615,16141,10774.0,1825.0,187074,9834.0,74474,8949.0
EURO FX - CHICAGO MERCANTILE EXCHANGE,2006-05-09,87975,15064,-2640.0,-1077.0,198501,11427.0,72911,-1563.0
EURO FX - CHICAGO MERCANTILE EXCHANGE,2006-05-16,87436,14060,-539.0,-1004.0,195254,-3247.0,73376,465.0
EURO FX - CHICAGO MERCANTILE EXCHANGE,2006-05-23,87361,15285,-75.0,1225.0,197806,2552.0,72076,-1300.0
EURO FX - CHICAGO MERCANTILE EXCHANGE,2006-05-30,96864,16980,9503.0,1695.0,195502,-2304.0,79884,7808.0
EURO FX - CHICAGO MERCANTILE EXCHANGE,2006-06-06,102560,14364,5696.0,-2616.0,209552,14050.0,88196,8312.0
EURO FX - CHICAGO MERCANTILE EXCHANGE,2006-06-13,72732,10886,-29828.0,-3478.0,202394,-7158.0,61846,-26350.0
EURO FX - CHICAGO MERCANTILE EXCHANGE,2006-06-20,66017,13527,-6715.0,2641.0,132604,-69790.0,52490,-9356.0
EURO FX - CHICAGO MERCANTILE EXCHANGE,2006-06-27,77942,13272,11925.0,-255.0,148166,15562.0,64670,12180.0
EURO FX - CHICAGO MERCANTILE EXCHANGE,2006-07-03,87088,18543,9146.0,5271.0,162104,13938.0,68545,3875.0
EURO FX - CHICAGO MERCANTILE EXCHANGE,2006-07-11,92291,14396,5203.0,-4147.0,168069,5965.0,77895,9350.0
EURO FX - CHICAGO MERCANTILE EXCHANGE,2006-07-18,67816,16122,-24475.0,1726.0,152795,-15274.0,51694,-26201.0
EURO FX - CHICAGO MERCANTILE EXCHANGE,2006-07-25,66687,16386,-1129.0,264.0,146454,-6341.0,50301,-1393.0
EURO FX - CHICAGO MERCANTILE EXCHANGE,2006-08-01,85072,11643,18385.0,-4743.0,157856,11402.0,73429,23128.0
EURO FX - CHICAGO MERCANTILE EXCHANGE,2006-08-08,101133,9025,16061.0,-2618.0,177763,19907.0,92108,18679.0
EURO FX - CHICAGO MERCANTILE EXCHANGE,2006-08-15,99050,8846,-2083.0,-179.0,178761,998.0,90204,-1904.0
EURO FX - CHICAGO MERCANTILE EXCHANGE,2006-08-22,89994,8524,-9056.0,-322.0,175943,-2818.0,81470,-8734.0
EURO FX - CHICAGO MERCANTILE EXCHANGE,2006-08-29,88423,8786,-1571.0,262.0,170168,-5775.0,79637,-1833.0
EURO FX - CHICAGO MERCANTILE EXCHANGE,2006-09-05,86223,11207,-2200.0,2421.0,171026,858.0,75016,-4621.0
EURO FX - CHICAGO MERCANTILE EXCHANGE,2006-09-12,79626,12909,-6597.0,1702.0,168483,-2543.0,66717,-8299.0
EURO FX - CHICAGO MERCANTILE EXCHANGE,2006-09-19,69197,18083,-10429.0,5174.0,131398,-37085.0,51114,-15603.0
EURO FX - CHICAGO MERCANTILE EXCHANGE,2006-09-26,67422,17480,-1775.0,-603.0,136955,5557.0,49942,-1172.0
EURO FX - CHICAGO MERCANTILE EXCHANGE,2006-10-03,76049,19832,8627.0,2352.0,142202,5247.0,56217,6275.0
EURO FX - CHICAGO MERCANTILE EXCHANGE,2006-10-10,69105,32577,-6944.0,12745.0,150795,8593.0,36528,-19689.0
EURO FX - CHICAGO MERCANTILE EXCHANGE,2006-10-17,69850,43258,745.0,10681.0,154610,3815.0,26592,-9936.0
EURO FX - CHICAGO MERCANTILE EXCHANGE,2006-10-24,70934,43783,1084.0,525.0,158034,3424.0,27151,559.0
EURO FX - CHICAGO MERCANTILE EXCHANGE,2006-10-31,84563,24515,13629.0,-19268.0,162230,4196.0,60048,32897.0
EURO FX - CHICAGO MERCANTILE EXCHANGE,2006-11-07,96738,27813,12175.0,3298.0,178237,16007.0,68925,8877.0
EURO FX - CHICAGO MERCANTILE EXCHANGE,2006-11-14,81912,21437,-14826.0,-6376.0,170609,-7628.0,60475,-8450.0
EURO FX - CHICAGO MERCANTILE EXCHANGE,2006-11-21,84717,19411,2805.0,-2026.0,178692,8083.0,65306,4831.0
EURO FX - CHICAGO MERCANTILE EXCHANGE,2006-11-28,107372,17778,22655.0,-1633.0,207573,28881.0,89594,24288.0
EURO FX - CHICAGO MERCANTILE EXCHANGE,2006-12-05,115201,16936,7829.0,-842.0,223733,16160.0,98265,8671.0
EURO FX - CHICAGO MERCANTILE EXCHANGE,2006-12-12,112188,15505,-3013.0,-1431.0,230245,6512.0,96683,-1582.0
EURO FX - CHICAGO MERCANTILE EXCHANGE,2006-12-19,110993,19023,-1195.0,3518.0,194079,-36166.0,91970,-4713.0
EURO FX - CHICAGO MERCANTILE EXCHANGE,2006-12-26,100959,20989,-10034.0,1966.0,186755,-7324.0,79970,-12000.0
EURO FX - CHICAGO MERCANTILE EXCHANGE,2007-01-03,98245,20789,-2714.0,-200.0,189612,2857.0,77456,-2514.0
EURO FX - CHICAGO MERCANTILE EXCHANGE,2007-01-09,93415,18243,-4830.0,-2546.0,183293,-6319.0,75172,-2284.0
EURO FX - CHICAGO MERCANTILE EXCHANGE,2007-01-16,67482,13940,-25933.0,-4303.0,164594,-18699.0,53542,-21630.0
EURO FX - CHICAGO MERCANTILE EXCHANGE,2007-01-23,77516,16506,10034.0,2566.0,169518,4924.0,61010,7468.0
EURO FX - CHICAGO MERCANTILE EXCHANGE,2007-01-30,85505,22926,7989.0,6420.0,174218,4700.0,62579,1569.0
EURO FX - CHICAGO MERCANTILE EXCHANGE,2007-02-06,74223,28893,-11282.0,5967.0,182666,8448.0,45330,-17249.0
EURO FX - CHICAGO MERCANTILE EXCHANGE,2007-02-13,105371,21576,31148.0,-7317.0,187086,4420.0,83795,38465.0
EURO FX - CHICAGO MERCANTILE EXCHANGE,2007-02-20,117811,18485,12440.0,-3091.0,202370,15284.0,99326,15531.0
EURO FX - CHICAGO MERCANTILE EXCHANGE,2007-02-27,123508,20910,5697.0,2425.0,221471,19101.0,102598,3272.0
EURO FX - CHICAGO MERCANTILE EXCHANGE,2007-03-06,107164,18485,-16344.0,-2425.0,201319,-20152.0,88679,-13919.0
EURO FX - CHICAGO MERCANTILE EXCHANGE,2007-03-13,113009,16854,5845.0,-1631.0,216699,15380.0,96155,7476.0
EURO FX - CHICAGO MERCANTILE EXCHANGE,2007-03-20,106188,18232,-6821.0,1378.0,182591,-34108.0,87956,-8199.0
EURO FX - CHICAGO MERCANTILE EXCHANGE,2007-03-27,116347,22606,10159.0,4374.0,192918,10327.0,93741,5785.0
EURO FX - CHICAGO MERCANTILE EXCHANGE,2007-04-03,118379,23301,2032.0,695.0,198368,5450.0,95078,1337.0
EURO FX - CHICAGO MERCANTILE EXCHANGE,2007-04-10,126947,22553,8568.0,-748.0,212087,13719.0,104394,9316.0
EURO FX - CHICAGO MERCANTILE EXCHANGE,2007-04-17,129044,22274,2097.0,-279.0,217447,5360.0,106770,2376.0
EURO FX - CHICAGO MERCANTILE EXCHANGE,2007-04-24,137322,26040,8278.0,3766.0,232312,14865.0,111282,4512.0
EURO FX - CHICAGO MERCANTILE EXCHANGE,2007-05-01,135399,28711,-1923.0,2671.0,235249,2937.0,106688,-4594.0
EURO FX - CHICAGO MERCANTILE EXCHANGE,2007-05-08,130342,25072,-5057.0,-3639.0,223364,-11885.0,105270,-1418.0
EURO FX - CHICAGO MERCANTILE EXCHANGE,2007-05-15,146922,27384,16580.0,2312.0,236773,13409.0,119538,14268.0
EURO FX - CHICAGO MERCANTILE EXCHANGE,2007-05-22,126860,31573,-20062.0,4189.0,218897,-17876.0,95287,-24251.0
EURO FX - CHICAGO MERCANTILE EXCHANGE,2007-05-29,124206,29887,-2654.0,-1686.0,213871,-5026.0,94319,-968.0
EURO FX - CHICAGO MERCANTILE EXCHANGE,2007-06-05,119341,34376,-4865.0,4489.0,214948,1077.0,84965,-9354.0
EURO FX - CHICAGO MERCANTILE EXCHANGE,2007-06-12,93562,42924,-25779.0,8548.0,227892,12944.0,50638,-34327.0
EURO FX - CHICAGO MERCANTILE EXCHANGE,2007-06-19,85173,38832,-8389.0,-4092.0,183775,-44117.0,46341,-4297.0
EURO FX - CHICAGO MERCANTILE EXCHANGE,2007-06-26,92876,25443,7703.0,-13389.0,183893,118.0,67433,21092.0
EURO FX - CHICAGO MERCANTILE EXCHANGE,2007-07-03,101643,25119,8767.0,-324.0,195000,11107.0,76524,9091.0
EURO FX - CHICAGO MERCANTILE EXCHANGE,2007-07-10,129843,26947,28200.0,1828.0,223674,28674.0,102896,26372.0
EURO FX - CHICAGO MERCANTILE EXCHANGE,2007-07-17,123364,24179,-6479.0,-2768.0,221237,-2437.0,99185,-3711.0
EURO FX - CHICAGO MERCANTILE EXCHANGE,2007-07-24,126890,30475,3526.0,6296.0,225781,4544.0,96415,-2770.0
EURO FX - CHICAGO MERCANTILE EXCHANGE,2007-07-31,104189,25736,-22701.0,-4739.0,214527,-11254.0,78453,-17962.0
EURO FX - CHICAGO MERCANTILE EXCHANGE,2007-08-07,111634,32605,7445.0,6869.0,227532,13005.0,79029,576.0
EURO FX - CHICAGO MERCANTILE EXCHANGE,2007-08-14,90832,26158,-20802.0,-6447.0,218546,-8986.0,64674,-14355.0
EURO FX - CHICAGO MERCANTILE EXCHANGE,2007-08-21,74037,35574,-16795.0,9416.0,216026,-2520.0,38463,-26211.0
EURO FX - CHICAGO MERCANTILE EXCHANGE,2007-08-28,74495,31669,458.0,-3905.0,221098,5072.0,42826,4363.0
EURO FX - CHICAGO MERCANTILE EXCHANGE,2007-09-04,78483,31838,3988.0,169.0,221662,564.0,46645,3819.0
EURO FX - CHICAGO MERCANTILE EXCHANGE,2007-09-11,86476,28262,7993.0,-3576.0,235169,13507.0,58214,11569.0
EURO FX - CHICAGO MERCANTILE EXCHANGE,2007-09-18,123169,37120,36693.0,8858.0,203437,-31732.0,86049,27835.0
EURO FX - CHICAGO MERCANTILE EXCHANGE,2007-09-25,122295,38847,-874.0,1727.0,209652,6215.0,83448,-2601.0
EURO FX - CHICAGO MERCANTILE EXCHANGE,2007-10-02,132323,37883,10028.0,-964.0,214561,4909.0,94440,10992.0
EURO FX - CHICAGO MERCANTILE EXCHANGE,2007-10-09,117894,30728,-14429.0,-7155.0,204193,-10368.0,87166,-7274.0
EURO FX - CHICAGO MERCANTILE EXCHANGE,2007-10-16,116748,30144,-1146.0,-584.0,208345,4152.0,86604,-562.0
EURO FX - CHICAGO MERCANTILE EXCHANGE,2007-10-23,100683,31667,-16065.0,1523.0,195913,-12432.0,69016,-17588.0
EURO FX - CHICAGO MERCANTILE EXCHANGE,2007-10-30,100809,31961,126.0,294.0,199482,3569.0,68848,-168.0
EURO FX - CHICAGO MERCANTILE EXCHANGE,2007-11-06,109002,32954,8193.0,993.0,217765,18283.0,76048,7200.0
EURO FX - CHICAGO MERCANTILE EXCHANGE,2007-11-13,98821,29392,-10181.0,-3562.0,219866,2101.0,69429,-6619.0
EURO FX - CHICAGO MERCANTILE EXCHANGE,2007-11-20,98548,28520,-273.0,-872.0,227240,7374.0,70028,599.0
EURO FX - CHICAGO MERCANTILE EXCHANGE,2007-11-27,91335,24779,-7213.0,-3741.0,222881,-4359.0,66556,-3472.0
EURO FX - CHICAGO MERCANTILE EXCHANGE,2007-12-04,93659,24542,2324.0,-237.0,236107,13226.0,69117,2561.0
EURO FX - CHICAGO MERCANTILE EXCHANGE,2007-12-11,91012,27638,-2647.0,3096.0,259477,23370.0,63374,-5743.0
EURO FX - CHICAGO MERCANTILE EXCHANGE,2007-12-18,67396,36247,-23616.0,8609.0,150165,-109312.0,31149,-32225.0
EURO FX - CHICAGO MERCANTILE EXCHANGE,2007-12-24,68111,37470,715.0,1223.0,157379,7214.0,30641,-508.0
EURO FX - CHICAGO MERCANTILE EXCHANGE,2007-12-31,71697,35042,3586.0,-2428.0,166421,9042.0,36655,6014.0
EURO FX - CHICAGO MERCANTILE EXCHANGE,2008-01-08,85915,34013,14218.0,-1029.0,179512,13091.0,51902,15247.0
EURO FX - CHICAGO MERCANTILE EXCHANGE,2008-01-15,81812,36830,-4103.0,2817.0,177003,-2509.0,44982,-6920.0
EURO FX - CHICAGO MERCANTILE EXCHANGE,2008-01-22,65581,41836,-16231.0,5006.0,184289,7286.0,23745,-21237.0
EURO FX - CHICAGO MERCANTILE EXCHANGE,2008-01-29,62078,39622,-3503.0,-2214.0,187780,3491.0,22456,-1289.0
EURO FX - CHICAGO MERCANTILE EXCHANGE,2008-02-05,60106,47542,-1972.0,7920.0,199494,11714.0,12564,-9892.0
EURO FX - CHICAGO MERCANTILE EXCHANGE,2008-02-12,55016,44721,-5090.0,-2821.0,207601,8107.0,10295,-2269.0
EURO FX - CHICAGO MERCANTILE EXCHANGE,2008-02-19,60926,46196,5910.0,1475.0,209143,1542.0,14730,4435.0
EURO FX - CHICAGO MERCANTILE EXCHANGE,2008-02-26,75598,43820,14672.0,-2376.0,217521,8378.0,31778,17048.0
EURO FX - CHICAGO MERCANTILE EXCHANGE,2008-03-04,73238,41228,-2360.0,-2592.0,226280,8759.0,32010,232.0
EURO FX - CHICAGO MERCANTILE EXCHANGE,2008-03-11,81646,52547,8408.0,11319.0,245172,18892.0,29099,-2911.0
EURO FX - CHICAGO MERCANTILE EXCHANGE,2008-03-18,78310,51789,-3336.0,-758.0,162474,-82698.0,26521,-2578.0
EURO FX - CHICAGO MERCANTILE EXCHANGE,2008-03-25,90956,48185,12646.0,-3604.0,163586,1112.0,42771,16250.0
EURO FX - CHICAGO MERCANTILE EXCHANGE,2008-04-01,80290,51218,-10666.0,3033.0,165921,2335.0,29072,-13699.0
EURO FX - CHICAGO MERCANTILE EXCHANGE,2008-04-08,86826,57391,6536.0,6173.0,174504,8583.0,29435,363.0
EURO FX - CHICAGO MERCANTILE EXCHANGE,2008-04-15,77532,57439,-9294.0,48.0,175248,744.0,20093,-9342.0
EURO FX - CHICAGO MERCANTILE EXCHANGE,2008-04-22,81612,62705,4080.0,5266.0,178052,2804.0,18907,-1186.0
EURO FX - CHICAGO MERCANTILE EXCHANGE,2008-04-29,48319,69634,-33293.0,6929.0,191308,13256.0,-21315,-40222.0
EURO FX - CHICAGO MERCANTILE EXCHANGE,2008-05-06,54383,66895,6064.0,-2739.0,204066,12758.0,-12512,8803.0
EURO FX - CHICAGO MERCANTILE EXCHANGE,2008-05-13,55409,64908,1026.0,-1987.0,207346,3280.0,-9499,3013.0
EURO FX - CHICAGO MERCANTILE EXCHANGE,2008-05-20,70240,63399,14831.0,-1509.0,212882,5536.0,6841,16340.0
EURO FX - CHICAGO MERCANTILE EXCHANGE,2008-05-27,64503,67893,-5737.0,4494.0,222241,9359.0,-3390,-10231.0
EURO FX - CHICAGO MERCANTILE EXCHANGE,2008-06-03,55845,70299,-8658.0,2406.0,230633,8392.0,-14454,-11064.0
EURO FX - CHICAGO MERCANTILE EXCHANGE,2008-06-10,57544,65084,1699.0,-5215.0,254812,24179.0,-7540,6914.0
EURO FX - CHICAGO MERCANTILE EXCHANGE,2008-06-17,49514,58804,-8030.0,-6280.0,132056,-122756.0,-9290,-1750.0
EURO FX - CHICAGO MERCANTILE EXCHANGE,2008-06-24,57904,56472,8390.0,-2332.0,147275,15219.0,1432,10722.0
EURO FX - CHICAGO MERCANTILE EXCHANGE,2008-07-01,88162,60479,30258.0,4007.0,179885,32610.0,27683,26251.0
EURO FX - CHICAGO MERCANTILE EXCHANGE,2008-07-08,81210,57203,-6952.0,-3276.0,176211,-3674.0,24007,-3676.0
EURO FX - CHICAGO MERCANTILE EXCHANGE,2008-07-15,85052,62003,3842.0,4800.0,183536,7325.0,23049,-958.0
EURO FX - CHICAGO MERCANTILE EXCHANGE,2008-07-22,70588,66517,-14464.0,4514.0,171505,-12031.0,4071,-18978.0
EURO FX - CHICAGO MERCANTILE EXCHANGE,2008-07-29,51585,67803,-19003.0,1286.0,149933,-21572.0,-16218,-20289.0
EURO FX - CHICAGO MERCANTILE EXCHANGE,2008-08-05,55538,64985,3953.0,-2818.0,160311,10378.0,-9447,6771.0
EURO FX - CHICAGO MERCANTILE EXCHANGE,2008-08-12,39822,59249,-15716.0,-5736.0,146235,-14076.0,-19427,-9980.0
EURO FX - CHICAGO MERCANTILE EXCHANGE,2008-08-19,39958,60322,136.0,1073.0,153468,7233.0,-20364,-937.0
EURO FX - CHICAGO MERCANTILE EXCHANGE,2008-08-26,36026,69804,-3932.0,9482.0,154444,976.0,-33778,-13414.0
EURO FX - CHICAGO MERCANTILE EXCHANGE,2008-09-02,37997,76620,1971.0,6816.0,163458,9014.0,-38623,-4845.0
EURO FX - CHICAGO MERCANTILE EXCHANGE,2008-09-09,35890,72322,-2107.0,-4298.0,182828,19370.0,-36432,2191.0
EURO FX - CHICAGO MERCANTILE EXCHANGE,2008-09-16,35314,75968,-576.0,3646.0,142148,-40680.0,-40654,-4222.0
EURO FX - CHICAGO MERCANTILE EXCHANGE,2008-09-23,33266,64323,-2048.0,-11645.0,152022,9874.0,-31057,9597.0
EURO FX - CHICAGO MERCANTILE EXCHANGE,2008-09-30,27472,56404,-5794.0,-7919.0,173238,21216.0,-28932,2125.0
EURO FX - CHICAGO MERCANTILE EXCHANGE,2008-10-07,32058,50720,4586.0,-5684.0,179895,6657.0,-18662,10270.0
EURO FX - CHICAGO MERCANTILE EXCHANGE,2008-10-14,24274,54374,-7784.0,3654.0,175810,-4085.0,-30100,-11438.0
EURO FX - CHICAGO MERCANTILE EXCHANGE,2008-10-21,23536,54156,-738.0,-218.0,184062,8252.0,-30620,-520.0
EURO FX - CHICAGO MERCANTILE EXCHANGE,2008-10-28,25409,54461,1873.0,305.0,193760,9698.0,-29052,1568.0
EURO FX - CHICAGO MERCANTILE EXCHANGE,2008-11-04,27825,49258,2416.0,-5203.0,169608,-24152.0,-21433,7619.0
EURO FX - CHICAGO MERCANTILE EXCHANGE,2008-11-11,25967,46588,-1858.0,-2670.0,170226,618.0,-20621,812.0
EURO FX - CHICAGO MERCANTILE EXCHANGE,2008-11-18,29073,46431,3106.0,-157.0,165121,-5105.0,-17358,3263.0
EURO FX - CHICAGO MERCANTILE EXCHANGE,2008-11-25,27389,48867,-1684.0,2436.0,172366,7245.0,-21478,-4120.0
EURO FX - CHICAGO MERCANTILE EXCHANGE,2008-12-02,29631,49828,2242.0,961.0,173018,652.0,-20197,1281.0
EURO FX - CHICAGO MERCANTILE EXCHANGE,2008-12-09,29347,46015,-284.0,-3813.0,179318,6300.0,-16668,3529.0
EURO FX - CHICAGO MERCANTILE EXCHANGE,2008-12-16,30798,37424,1451.0,-8591.0,119389,-59929.0,-6626,10042.0
EURO FX - CHICAGO MERCANTILE EXCHANGE,2008-12-22,30977,34622,179.0,-2802.0,118546,-843.0,-3645,2981.0
EURO FX - CHICAGO MERCANTILE EXCHANGE,2008-12-30,32529,35733,1552.0,1111.0,120499,1953.0,-3204,441.0
EURO FX - CHICAGO MERCANTILE EXCHANGE,2009-01-06,33733,36108,1204.0,375.0,123878,3379.0,-2375,829.0
EURO FX - CHICAGO MERCANTILE EXCHANGE,2009-01-13,26970,36318,-6763.0,210.0,117502,-6376.0,-9348,-6973.0
EURO FX - CHICAGO MERCANTILE EXCHANGE,2009-01-20,27780,35360,810.0,-958.0,131714,14212.0,-7580,1768.0
EURO FX - CHICAGO MERCANTILE EXCHANGE,2009-01-27,32077,39566,4297.0,4206.0,134554,2840.0,-7489,91.0
EURO FX - CHICAGO MERCANTILE EXCHANGE,2009-02-03,35350,44402,3273.0,4836.0,145456,10902.0,-9052,-1563.0
EURO FX - CHICAGO MERCANTILE EXCHANGE,2009-02-10,33943,43937,-1407.0,-465.0,152419,6963.0,-9994,-942.0
EURO FX - CHICAGO MERCANTILE EXCHANGE,2009-02-17,32809,48246,-1134.0,4309.0,157952,5533.0,-15437,-5443.0
EURO FX - CHICAGO MERCANTILE EXCHANGE,2009-02-24,33201,43282,392.0,-4964.0,166903,8951.0,-10081,5356.0
EURO FX - CHICAGO MERCANTILE EXCHANGE,2009-03-03,34175,53606,974.0,10324.0,183858,16955.0,-19431,-9350.0
EURO FX - CHICAGO MERCANTILE EXCHANGE,2009-03-10,33930,44162,-245.0,-9444.0,180278,-3580.0,-10232,9199.0
EURO FX - CHICAGO MERCANTILE EXCHANGE,2009-03-17,33657,42696,-273.0,-1466.0,111077,-69201.0,-9039,1193.0
EURO FX - CHICAGO MERCANTILE EXCHANGE,2009-03-24,32680,38138,-977.0,-4558.0,112887,1810.0,-5458,3581.0
EURO FX - CHICAGO MERCANTILE EXCHANGE,2009-03-31,31906,29641,-774.0,-8497.0,104404,-8483.0,2265,7723.0
EURO FX - CHICAGO MERCANTILE EXCHANGE,2009-04-07,31596,27724,-310.0,-1917.0,113508,9104.0,3872,1607.0
EURO FX - CHICAGO MERCANTILE EXCHANGE,2009-04-14,32836,27261,1240.0,-463.0,108304,-5204.0,5575,1703.0
EURO FX - CHICAGO MERCANTILE EXCHANGE,2009-04-21,29708,28111,-3128.0,850.0,106679,-1625.0,1597,-3978.0
EURO FX - CHICAGO MERCANTILE EXCHANGE,2009-04-28,30292,32365,584.0,4254.0,108592,1913.0,-2073,-3670.0
EURO FX - CHICAGO MERCANTILE EXCHANGE,2009-05-05,35025,31657,4733.0,-708.0,110768,2176.0,3368,5441.0
EURO FX - CHICAGO MERCANTILE EXCHANGE,2009-05-12,41355,30940,6330.0,-717.0,124499,13731.0,10415,7047.0
EURO FX - CHICAGO MERCANTILE EXCHANGE,2009-05-19,41754,29504,399.0,-1436.0,125472,973.0,12250,1835.0
EURO FX - CHICAGO MERCANTILE EXCHANGE,2009-05-26,47203,31619,5449.0,2115.0,139357,13885.0,15584,3334.0
EURO FX - CHICAGO MERCANTILE EXCHANGE,2009-06-02,48585,41792,1382.0,10173.0,151004,11647.0,6793,-8791.0
EURO FX - CHICAGO MERCANTILE EXCHANGE,2009-06-09,49185,34161,600.0,-7631.0,150683,-321.0,15024,8231.0
EURO FX - CHICAGO MERCANTILE EXCHANGE,2009-06-16,39854,27369,-9331.0,-6792.0,106532,-44151.0,12485,-2539.0
EURO FX - CHICAGO MERCANTILE EXCHANGE,2009-06-23,48252,30829,8398.0,3460.0,118077,11545.0,17423,4938.0
EURO FX - CHICAGO MERCANTILE EXCHANGE,2009-06-30,47701,30482,-551.0,-347.0,114921,-3156.0,17219,-204.0
EURO FX - CHICAGO MERCANTILE EXCHANGE,2009-07-07,49042,38730,1341.0,8248.0,124035,9114.0,10312,-6907.0
EURO FX - CHICAGO MERCANTILE EXCHANGE,2009-07-14,44406,30507,-4636.0,-8223.0,116686,-7349.0,13899,3587.0
EURO FX - CHICAGO MERCANTILE EXCHANGE,2009-07-21,66273,31501,21867.0,994.0,143414,26728.0,34772,20873.0
EURO FX - CHICAGO MERCANTILE EXCHANGE,2009-07-28,55671,35384,-10602.0,3883.0,136354,-7060.0,20287,-14485.0
EURO FX - CHICAGO MERCANTILE EXCHANGE,2009-08-04,61443,34337,5772.0,-1047.0,138237,1883.0,27106,6819.0
EURO FX - CHICAGO MERCANTILE EXCHANGE,2009-08-11,46396,29585,-15047.0,-4752.0,130222,-8015.0,16811,-10295.0
EURO FX - CHICAGO MERCANTILE EXCHANGE,2009-08-18,38823,33091,-7573.0,3506.0,127640,-2582.0,5732,-11079.0
EURO FX - CHICAGO MERCANTILE EXCHANGE,2009-08-25,48251,30080,9428.0,-3011.0,128651,1011.0,18171,12439.0
EURO FX - CHICAGO MERCANTILE EXCHANGE,2009-09-01,42624,33607,-5627.0,3527.0,128047,-604.0,9017,-9154.0
EURO FX - CHICAGO MERCANTILE EXCHANGE,2009-09-08,56543,38510,13919.0,4903.0,149891,21844.0,18033,9016.0
EURO FX - CHICAGO MERCANTILE EXCHANGE,2009-09-15,74562,36790,18019.0,-1720.0,156349,6458.0,37772,19739.0
EURO FX - CHICAGO MERCANTILE EXCHANGE,2009-09-22,76545,38545,1983.0,1755.0,162551,6202.0,38000,228.0
EURO FX - CHICAGO MERCANTILE EXCHANGE,2009-09-29,77852,38086,1307.0,-459.0,164913,2362.0,39766,1766.0
EURO FX - CHICAGO MERCANTILE EXCHANGE,2009-10-06,86229,35184,8377.0,-2902.0,170878,5965.0,51045,11279.0
EURO FX - CHICAGO MERCANTILE EXCHANGE,2009-10-13,79762,36395,-6467.0,1211.0,166326,-4552.0,43367,-7678.0
EURO FX - CHICAGO MERCANTILE EXCHANGE,2009-10-20,77829,41796,-1933.0,5401.0,170291,3965.0,36033,-7334.0
EURO FX - CHICAGO MERCANTILE EXCHANGE,2009-10-27,67843,34974,-9986.0,-6822.0,164798,-5493.0,32869,-3164.0
EURO FX - CHICAGO MERCANTILE EXCHANGE,2009-11-03,64023,41832,-3820.0,6858.0,161257,-3541.0,22191,-10678.0
EURO FX - CHICAGO MERCANTILE EXCHANGE,2009-11-09,67904,42731,3881.0,899.0,164192,2935.0,25173,2982.0
EURO FX - CHICAGO MERCANTILE EXCHANGE,2009-11-17,64268,52312,-3636.0,9581.0,172325,8133.0,11956,-13217.0
EURO FX - CHICAGO MERCANTILE EXCHANGE,2009-11-24,70841,52374,6573.0,62.0,173834,1509.0,18467,6511.0
EURO FX - CHICAGO MERCANTILE EXCHANGE,2009-12-01,71123,48972,282.0,-3402.0,175155,1321.0,22151,3684.0
EURO FX - CHICAGO MERCANTILE EXCHANGE,2009-12-08,52035,52546,-19088.0,3574.0,179294,4139.0,-511,-22662.0
EURO FX - CHICAGO MERCANTILE EXCHANGE,2009-12-15,42987,59435,-9048.0,6889.0,132017,-47277.0,-16448,-15937.0
EURO FX - CHICAGO MERCANTILE EXCHANGE,2009-12-22,40925,55252,-2062.0,-4183.0,134600,2583.0,-14327,2121.0
EURO FX - CHICAGO MERCANTILE EXCHANGE,2009-12-29,34132,67929,-6793.0,12677.0,144152,9552.0,-33797,-19470.0
EURO FX - CHICAGO MERCANTILE EXCHANGE,2010-01-05,37229,73017,3097.0,5088.0,156155,12003.0,-35788,-1991.0
EURO FX - CHICAGO MERCANTILE EXCHANGE,2010-01-12,36186,54103,-1043.0,-18914.0,161287,5132.0,-17917,17871.0
EURO FX - CHICAGO MERCANTILE EXCHANGE,2010-01-19,34186,59468,-2000.0,5365.0,164501,3214.0,-25282,-7365.0
EURO FX - CHICAGO MERCANTILE EXCHANGE,2010-01-26,33106,72645,-1080.0,13177.0,184978,20477.0,-39539,-14257.0
EURO FX - CHICAGO MERCANTILE EXCHANGE,2010-02-02,31207,74948,-1899.0,2303.0,186878,1900.0,-43741,-4202.0
EURO FX - CHICAGO MERCANTILE EXCHANGE,2010-02-09,34867,92019,3660.0,17071.0,197457,10579.0,-57152,-13411.0
EURO FX - CHICAGO MERCANTILE EXCHANGE,2010-02-16,34459,93881,-408.0,1862.0,196042,-1415.0,-59422,-2270.0
EURO FX - CHICAGO MERCANTILE EXCHANGE,2010-02-23,32728,104351,-1731.0,10470.0,208474,12432.0,-71623,-12201.0
EURO FX - CHICAGO MERCANTILE EXCHANGE,2010-03-02,35894,102664,3166.0,-1687.0,218803,10329.0,-66770,4853.0
EURO FX - CHICAGO MERCANTILE EXCHANGE,2010-03-09,32589,107140,-3305.0,4476.0,243524,24721.0,-74551,-7781.0
EURO FX - CHICAGO MERCANTILE EXCHANGE,2010-03-16,41800,88141,9211.0,-18999.0,163822,-79702.0,-46341,28210.0
EURO FX - CHICAGO MERCANTILE EXCHANGE,2010-03-23,39953,114870,-1847.0,26729.0,195287,31465.0,-74917,-28576.0
EURO FX - CHICAGO MERCANTILE EXCHANGE,2010-03-30,35205,120531,-4748.0,5661.0,223554,28267.0,-85326,-10409.0
EURO FX - CHICAGO MERCANTILE EXCHANGE,2010-04-06,39036,106259,3831.0,-14272.0,208883,-14671.0,-67223,18103.0
EURO FX - CHICAGO MERCANTILE EXCHANGE,2010-04-13,37157,92621,-1879.0,-13638.0,203199,-5684.0,-55464,11759.0
EURO FX - CHICAGO MERCANTILE EXCHANGE,2010-04-20,33614,105038,-3543.0,12417.0,208291,5092.0,-71424,-15960.0
EURO FX - CHICAGO MERCANTILE EXCHANGE,2010-04-27,34462,123475,848.0,18437.0,238298,30007.0,-89013,-17589.0
EURO FX - CHICAGO MERCANTILE EXCHANGE,2010-05-04,36675,140077,2213.0,16602.0,261076,22778.0,-103402,-14389.0
EURO FX - CHICAGO MERCANTILE EXCHANGE,2010-05-11,39584,153474,2909.0,13397.0,287589,26513.0,-113890,-10488.0
EURO FX - CHICAGO MERCANTILE EXCHANGE,2010-05-18,54411,161554,14827.0,8080.0,300526,12937.0,-107143,6747.0
EURO FX - CHICAGO MERCANTILE EXCHANGE,2010-05-25,45630,152366,-8781.0,-9188.0,281966,-18560.0,-106736,407.0
EURO FX - CHICAGO MERCANTILE EXCHANGE,2010-06-01,45006,138331,-624.0,-14035.0,275266,-6700.0,-93325,13411.0
EURO FX - CHICAGO MERCANTILE EXCHANGE,2010-06-08,45938,157883,932.0,19552.0,305060,29794.0,-111945,-18620.0
EURO FX - CHICAGO MERCANTILE EXCHANGE,2010-06-15,49526,111886,3588.0,-45997.0,227632,-77428.0,-62360,49585.0
EURO FX - CHICAGO MERCANTILE EXCHANGE,2010-06-22,41013,111987,-8513.0,101.0,224050,-3582.0,-70974,-8614.0
EURO FX - CHICAGO MERCANTILE EXCHANGE,2010-06-29,43357,117027,2344.0,5040.0,225752,1702.0,-73670,-2696.0
EURO FX - CHICAGO MERCANTILE EXCHANGE,2010-07-06,56316,95225,12959.0,-21802.0,228333,2581.0,-38909,34761.0
EURO FX - CHICAGO MERCANTILE EXCHANGE,2010-07-13,56187,83237,-129.0,-11988.0,225703,-2630.0,-27050,11859.0
EURO FX - CHICAGO MERCANTILE EXCHANGE,2010-07-20,55008,79259,-1179.0,-3978.0,230118,4415.0,-24251,2799.0
EURO FX - CHICAGO MERCANTILE EXCHANGE,2010-07-27,56622,77961,1614.0,-1298.0,232193,2075.0,-21339,2912.0
EURO FX - CHICAGO MERCANTILE EXCHANGE,2010-08-03,60410,67707,3788.0,-10254.0,236101,3908.0,-7297,14042.0
EURO FX - CHICAGO MERCANTILE EXCHANGE,2010-08-10,55797,59528,-4613.0,-8179.0,234276,-1825.0,-3731,3566.0
EURO FX - CHICAGO MERCANTILE EXCHANGE,2010-08-17,61324,75951,5527.0,16423.0,250090,15814.0,-14627,-10896.0
EURO FX - CHICAGO MERCANTILE EXCHANGE,2010-08-24,54591,76194,-6733.0,243.0,245448,-4642.0,-21603,-6976.0
EURO FX - CHICAGO MERCANTILE EXCHANGE,2010-08-31,51099,76668,-3492.0,474.0,241133,-4315.0,-25569,-3966.0
EURO FX - CHICAGO MERCANTILE EXCHANGE,2010-09-07,53156,76855,2057.0,187.0,257788,16655.0,-23699,1870.0
EURO FX - CHICAGO MERCANTILE EXCHANGE,2010-09-14,54543,64187,1387.0,-12668.0,170651,-87137.0,-9644,14055.0
EURO FX - CHICAGO MERCANTILE EXCHANGE,2010-09-21,52300,47203,-2243.0,-16984.0,167463,-3188.0,5097,14741.0
EURO FX - CHICAGO MERCANTILE EXCHANGE,2010-09-28,70638,35308,18338.0,-11895.0,190039,22576.0,35330,30233.0
EURO FX - CHICAGO MERCANTILE EXCHANGE,2010-10-05,72979,24736,2341.0,-10572.0,197406,7367.0,48243,12913.0
EURO FX - CHICAGO MERCANTILE EXCHANGE,2010-10-12,68718,27207,-4261.0,2471.0,197836,430.0,41511,-6732.0
EURO FX - CHICAGO MERCANTILE EXCHANGE,2010-10-19,74855,28107,6137.0,900.0,219761,21925.0,46748,5237.0
EURO FX - CHICAGO MERCANTILE EXCHANGE,2010-10-26,70109,29604,-4746.0,1497.0,209103,-10658.0,40505,-6243.0
EURO FX - CHICAGO MERCANTILE EXCHANGE,2010-11-02,70185,31575,76.0,1971.0,206972,-2131.0,38610,-1895.0
EURO FX - CHICAGO MERCANTILE EXCHANGE,2010-11-09,61477,38194,-8708.0,6619.0,204528,-2444.0,23283,-15327.0
EURO FX - CHICAGO MERCANTILE EXCHANGE,2010-11-16,54708,46102,-6769.0,7908.0,195598,-8930.0,8606,-14677.0
EURO FX - CHICAGO MERCANTILE EXCHANGE,2010-11-23,43670,51963,-11038.0,5861.0,187189,-8409.0,-8293,-16899.0
EURO FX - CHICAGO MERCANTILE EXCHANGE,2010-11-30,47264,54512,3594.0,2549.0,203930,16741.0,-7248,1045.0
EURO FX - CHICAGO MERCANTILE EXCHANGE,2010-12-07,32322,47612,-14942.0,-6900.0,198099,-5831.0,-15290,-8042.0
EURO FX - CHICAGO MERCANTILE EXCHANGE,2010-12-14,35689,45993,3367.0,-1619.0,146781,-51318.0,-10304,4986.0
EURO FX - CHICAGO MERCANTILE EXCHANGE,2010-12-21,38604,52697,2915.0,6704.0,156136,9355.0,-14093,-3789.0
EURO FX - CHICAGO MERCANTILE EXCHANGE,2010-12-28,33833,60312,-4771.0,7615.0,162312,6176.0,-26479,-12386.0
EURO FX - CHICAGO MERCANTILE EXCHANGE,2011-01-04,37102,61303,3269.0,991.0,163239,927.0,-24201,2278.0
EURO FX - CHICAGO MERCANTILE EXCHANGE,2011-01-11,42359,87541,5257.0,26238.0,202004,38765.0,-45182,-20981.0
EURO FX - CHICAGO MERCANTILE EXCHANGE,2011-01-18,67309,63200,24950.0,-24341.0,188933,-13071.0,4109,49291.0
EURO FX - CHICAGO MERCANTILE EXCHANGE,2011-01-25,73488,50587,6179.0,-12613.0,199706,10773.0,22901,18792.0
EURO FX - CHICAGO MERCANTILE EXCHANGE,2011-02-01,80381,40447,6893.0,-10140.0,211730,12024.0,39934,17033.0
EURO FX - CHICAGO MERCANTILE EXCHANGE,2011-02-08,73502,38768,-6879.0,-1679.0,203541,-8189.0,34734,-5200.0
EURO FX - CHICAGO MERCANTILE EXCHANGE,2011-02-15,63395,30931,-10107.0,-7837.0,193304,-10237.0,32464,-2270.0
EURO FX - CHICAGO MERCANTILE EXCHANGE,2011-02-22,77454,31856,14059.0,925.0,207869,14565.0,45598,13134.0
EURO FX - CHICAGO MERCANTILE EXCHANGE,2011-03-01,83104,31796,5650.0,-60.0,217066,9197.0,51308,5710.0
EURO FX - CHICAGO MERCANTILE EXCHANGE,2011-03-08,98171,35877,15067.0,4081.0,263702,46636.0,62294,10986.0
EURO FX - CHICAGO MERCANTILE EXCHANGE,2011-03-15,86506,40190,-11665.0,4313.0,190848,-72854.0,46316,-15978.0
EURO FX - CHICAGO MERCANTILE EXCHANGE,2011-03-22,81574,33221,-4932.0,-6969.0,194709,3861.0,48353,2037.0
EURO FX - CHICAGO MERCANTILE EXCHANGE,2011-03-29,93031,36401,11457.0,3180.0,218177,23468.0,56630,8277.0
EURO FX - CHICAGO MERCANTILE EXCHANGE,2011-04-05,99405,39548,6374.0,3147.0,236270,18093.0,59857,3227.0
EURO FX - CHICAGO MERCANTILE EXCHANGE,2011-04-12,105425,40440,6020.0,892.0,243203,6933.0,64985,5128.0
EURO FX - CHICAGO MERCANTILE EXCHANGE,2011-04-19,102686,40491,-2739.0,51.0,244006,803.0,62195,-2790.0
EURO FX - CHICAGO MERCANTILE EXCHANGE,2011-04-26,105683,37404,2997.0,-3087.0,249000,4994.0,68279,6084.0
EURO FX - CHICAGO MERCANTILE EXCHANGE,2011-05-03,128460,28944,22777.0,-8460.0,264337,15337.0,99516,31237.0
EURO FX - CHICAGO MERCANTILE EXCHANGE,2011-05-10,98054,36607,-30406.0,7663.0,242927,-21410.0,61447,-38069.0
EURO FX - CHICAGO MERCANTILE EXCHANGE,2011-05-17,89941,48296,-8113.0,11689.0,250533,7606.0,41645,-19802.0
EURO FX - CHICAGO MERCANTILE EXCHANGE,2011-05-24,75182,56053,-14759.0,7757.0,258663,8130.0,19129,-22516.0
EURO FX - CHICAGO MERCANTILE EXCHANGE,2011-05-31,80494,58524,5312.0,2471.0,270101,11438.0,21970,2841.0
EURO FX - CHICAGO MERCANTILE EXCHANGE,2011-06-07,96555,44719,16061.0,-13805.0,296126,26025.0,51836,29866.0
EURO FX - CHICAGO MERCANTILE EXCHANGE,2011-06-14,84580,34686,-11975.0,-10033.0,190373,-105753.0,49894,-1942.0
EURO FX - CHICAGO MERCANTILE EXCHANGE,2011-06-21,72153,42382,-12427.0,7696.0,189190,-1183.0,29771,-20123.0
EURO FX - CHICAGO MERCANTILE EXCHANGE,2011-06-28,68800,35813,-3353.0,-6569.0,183206,-5984.0,32987,3216.0
EURO FX - CHICAGO MERCANTILE EXCHANGE,2011-07-05,81860,38666,13060.0,2853.0,194329,11123.0,43194,10207.0
EURO FX - CHICAGO MERCANTILE EXCHANGE,2011-07-12,61392,48976,-20468.0,10310.0,185541,-8788.0,12416,-30778.0
EURO FX - CHICAGO MERCANTILE EXCHANGE,2011-07-19,58580,49334,-2812.0,358.0,180314,-5227.0,9246,-3170.0
EURO FX - CHICAGO MERCANTILE EXCHANGE,2011-07-26,60177,43139,1597.0,-6195.0,183690,3376.0,17038,7792.0
EURO FX - CHICAGO MERCANTILE EXCHANGE,2011-08-02,58313,56550,-1864.0,13411.0,190722,7032.0,1763,-15275.0
EURO FX - CHICAGO MERCANTILE EXCHANGE,2011-08-09,49029,57302,-9284.0,752.0,183571,-7151.0,-8273,-10036.0
EURO FX - CHICAGO MERCANTILE EXCHANGE,2011-08-16,47094,40368,-1935.0,-16934.0,168931,-14640.0,6726,14999.0
EURO FX - CHICAGO MERCANTILE EXCHANGE,2011-08-23,47711,45172,617.0,4804.0,174714,5783.0,2539,-4187.0
EURO FX - CHICAGO MERCANTILE EXCHANGE,2011-08-30,43894,44278,-3817.0,-894.0,179162,4448.0,-384,-2923.0
EURO FX - CHICAGO MERCANTILE EXCHANGE,2011-09-06,33167,69610,-10727.0,25332.0,209515,30353.0,-36443,-36059.0
EURO FX - CHICAGO MERCANTILE EXCHANGE,2011-09-13,25704,80163,-7463.0,10553.0,264500,54985.0,-54459,-18016.0
EURO FX - CHICAGO MERCANTILE EXCHANGE,2011-09-20,19920,99380,-5784.0,19217.0,201556,-62944.0,-79460,-25001.0
EURO FX - CHICAGO MERCANTILE EXCHANGE,2011-09-27,19705,102178,-215.0,2798.0,215172,13616.0,-82473,-3013.0
EURO FX - CHICAGO MERCANTILE EXCHANGE,2011-10-04,18104,100801,-1601.0,-1377.0,220839,5667.0,-82697,-224.0
EURO FX - CHICAGO MERCANTILE EXCHANGE,2011-10-11,17040,90835,-1064.0,-9966.0,223167,2328.0,-73795,8902.0
EURO FX - CHICAGO MERCANTILE EXCHANGE,2011-10-18,20977,98697,3937.0,7862.0,230483,7316.0,-77720,-3925.0
EURO FX - CHICAGO MERCANTILE EXCHANGE,2011-10-25,21323,97835,346.0,-862.0,235774,5291.0,-76512,1208.0
EURO FX - CHICAGO MERCANTILE EXCHANGE,2011-11-01,26311,86371,4988.0,-11464.0,231229,-4545.0,-60060,16452.0
EURO FX - CHICAGO MERCANTILE EXCHANGE,2011-11-08,27943,82200,1632.0,-4171.0,231445,216.0,-54257,5803.0
EURO FX - CHICAGO MERCANTILE EXCHANGE,2011-11-15,24048,100195,-3895.0,17995.0,244552,13107.0,-76147,-21890.0
EURO FX - CHICAGO MERCANTILE EXCHANGE,2011-11-22,25943,111011,1895.0,10816.0,260064,15512.0,-85068,-8921.0
EURO FX - CHICAGO MERCANTILE EXCHANGE,2011-11-29,27620,131922,1677.0,20911.0,277511,17447.0,-104302,-19234.0
EURO FX - CHICAGO MERCANTILE EXCHANGE,2011-12-06,34521,130335,6901.0,-1587.0,283309,5798.0,-95814,8488.0
EURO FX - CHICAGO MERCANTILE EXCHANGE,2011-12-13,35507,151964,986.0,21629.0,327740,44431.0,-116457,-20643.0
EURO FX - CHICAGO MERCANTILE EXCHANGE,2011-12-20,49557,163254,14050.0,11290.0,266597,-61143.0,-113697,2760.0
EURO FX - CHICAGO MERCANTILE EXCHANGE,2011-12-27,45183,173062,-4374.0,9808.0,276022,9425.0,-127879,-14182.0
EURO FX - CHICAGO MERCANTILE EXCHANGE,2012-01-03,40441,179350,-4742.0,6288.0,282790,6768.0,-138909,-11030.0
EURO FX - CHICAGO MERCANTILE EXCHANGE,2012-01-10,29770,184965,-10671.0,5615.0,294263,11473.0,-155195,-16286.0
EURO FX - CHICAGO MERCANTILE EXCHANGE,2012-01-17,28396,188426,-1374.0,3461.0,300962,6699.0,-160030,-4835.0
EURO FX - CHICAGO MERCANTILE EXCHANGE,2012-01-24,31299,202646,2903.0,14220.0,315350,14388.0,-171347,-11317.0
EURO FX - CHICAGO MERCANTILE EXCHANGE,2012-01-31,31906,189452,607.0,-13194.0,305328,-10022.0,-157546,13801.0
EURO FX - CHICAGO MERCANTILE EXCHANGE,2012-02-07,32128,172721,222.0,-16731.0,288657,-16671.0,-140593,16953.0
EURO FX - CHICAGO MERCANTILE EXCHANGE,2012-02-14,26774,175415,-5354.0,2694.0,291060,2403.0,-148641,-8048.0
EURO FX - CHICAGO MERCANTILE EXCHANGE,2012-02-21,29369,171528,2595.0,-3887.0,287525,-3535.0,-142159,6482.0
EURO FX - CHICAGO MERCANTILE EXCHANGE,2012-02-28,35728,145402,6359.0,-26126.0,271282,-16243.0,-109674,32485.0
EURO FX - CHICAGO MERCANTILE EXCHANGE,2012-03-06,39943,156416,4215.0,11014.0,284739,13457.0,-116473,-6799.0
EURO FX - CHICAGO MERCANTILE EXCHANGE,2012-03-13,40325,139661,382.0,-16755.0,311057,26318.0,-99336,17137.0
EURO FX - CHICAGO MERCANTILE EXCHANGE,2012-03-20,50416,133370,10091.0,-6291.0,258535,-52522.0,-82954,16382.0
EURO FX - CHICAGO MERCANTILE EXCHANGE,2012-03-27,34033,123162,-16383.0,-10208.0,239446,-19089.0,-89129,-6175.0
EURO FX - CHICAGO MERCANTILE EXCHANGE,2012-04-03,39835,119315,5802.0,-3847.0,241006,1560.0,-79480,9649.0
EURO FX - CHICAGO MERCANTILE EXCHANGE,2012-04-10,39253,140617,-582.0,21302.0,274830,33824.0,-101364,-21884.0
EURO FX - CHICAGO MERCANTILE EXCHANGE,2012-04-17,40310,158435,1057.0,17818.0,295844,21014.0,-118125,-16761.0
EURO FX - CHICAGO MERCANTILE EXCHANGE,2012-04-24,36289,149656,-4021.0,-8779.0,287215,-8629.0,-113367,4758.0
EURO FX - CHICAGO MERCANTILE EXCHANGE,2012-05-01,34957,141947,-1332.0,-7709.0,279605,-7610.0,-106990,6377.0
EURO FX - CHICAGO MERCANTILE EXCHANGE,2012-05-08,36022,180006,1065.0,38059.0,321037,41432.0,-143984,-36994.0
EURO FX - CHICAGO MERCANTILE EXCHANGE,2012-05-15,38475,212344,2453.0,32338.0,356674,35637.0,-173869,-29885.0
EURO FX - CHICAGO MERCANTILE EXCHANGE,2012-05-22,34714,230075,-3761.0,17731.0,376708,20034.0,-195361,-21492.0
EURO FX - CHICAGO MERCANTILE EXCHANGE,2012-05-29,40287,243702,5573.0,13627.0,394160,17452.0,-203415,-8054.0
EURO FX - CHICAGO MERCANTILE EXCHANGE,2012-06-05,36651,251069,-3636.0,7367.0,401812,7652.0,-214418,-11003.0
EURO FX - CHICAGO MERCANTILE EXCHANGE,2012-06-12,39245,234432,2594.0,-16637.0,422131,20319.0,-195187,19231.0
EURO FX - CHICAGO MERCANTILE EXCHANGE,2012-06-19,54449,195515,15204.0,-38917.0,311933,-110198.0,-141066,54121.0
EURO FX - CHICAGO MERCANTILE EXCHANGE,2012-06-26,36933,196813,-17516.0,1298.0,315785,3852.0,-159880,-18814.0
EURO FX - CHICAGO MERCANTILE EXCHANGE,2012-07-03,32236,178413,-4697.0,-18400.0,302289,-13496.0,-146177,13703.0
EURO FX - CHICAGO MERCANTILE EXCHANGE,2012-07-10,36409,202114,4173.0,23701.0,326374,24085.0,-165705,-19528.0
EURO FX - CHICAGO MERCANTILE EXCHANGE,2012-07-17,31821,199070,-4588.0,-3044.0,323228,-3146.0,-167249,-1544.0
EURO FX - CHICAGO MERCANTILE EXCHANGE,2012-07-24,39501,194567,7680.0,-4503.0,324443,1215.0,-155066,12183.0
EURO FX - CHICAGO MERCANTILE EXCHANGE,2012-07-31,41327,180321,1826.0,-14246.0,311436,-13007.0,-138994,16072.0
EURO FX - CHICAGO MERCANTILE EXCHANGE,2012-08-07,46742,178453,5415.0,-1868.0,322243,10807.0,-131711,7283.0
EURO FX - CHICAGO MERCANTILE EXCHANGE,2012-08-14,43152,180962,-3590.0,2509.0,321568,-675.0,-137810,-6099.0
EURO FX - CHICAGO MERCANTILE EXCHANGE,2012-08-21,45986,169918,2834.0,-11044.0,321166,-402.0,-123932,13878.0
EURO FX - CHICAGO MERCANTILE EXCHANGE,2012-08-28,45927,147488,-59.0,-22430.0,311925,-9241.0,-101561,22371.0
EURO FX - CHICAGO MERCANTILE EXCHANGE,2012-09-04,46580,148886,653.0,1398.0,314363,2438.0,-102306,-745.0
EURO FX - CHICAGO MERCANTILE EXCHANGE,2012-09-11,43180,136838,-3400.0,-12048.0,332637,18274.0,-93658,8648.0
EURO FX - CHICAGO MERCANTILE EXCHANGE,2012-09-18,48817,122299,5637.0,-14539.0,234394,-98243.0,-73482,20176.0
EURO FX - CHICAGO MERCANTILE EXCHANGE,2012-09-25,53345,103583,4528.0,-18716.0,218363,-16031.0,-50238,23244.0
EURO FX - CHICAGO MERCANTILE EXCHANGE,2012-10-02,48335,98600,-5010.0,-4983.0,217516,-847.0,-50265,-27.0
EURO FX - CHICAGO MERCANTILE EXCHANGE,2012-10-09,39946,112516,-8389.0,13916.0,227541,10025.0,-72570,-22305.0
EURO FX - CHICAGO MERCANTILE EXCHANGE,2012-10-16,42041,95536,2095.0,-16980.0,219809,-7732.0,-53495,19075.0
EURO FX - CHICAGO MERCANTILE EXCHANGE,2012-10-23,38171,93390,-3870.0,-2146.0,216842,-2967.0,-55219,-1724.0
EURO FX - CHICAGO MERCANTILE EXCHANGE,2012-10-30,38189,96393,18.0,3003.0,221524,4682.0,-58204,-2985.0
EURO FX - CHICAGO MERCANTILE EXCHANGE,2012-11-06,45212,112353,7023.0,15960.0,227725,6201.0,-67141,-8937.0
EURO FX - CHICAGO MERCANTILE EXCHANGE,2012-11-13,39863,123509,-5349.0,11156.0,231660,3935.0,-83646,-16505.0
EURO FX - CHICAGO MERCANTILE EXCHANGE,2012-11-20,36692,128092,-3171.0,4583.0,232328,668.0,-91400,-7754.0
EURO FX - CHICAGO MERCANTILE EXCHANGE,2012-11-27,35799,102492,-893.0,-25600.0,210234,-22094.0,-66693,24707.0
EURO FX - CHICAGO MERCANTILE EXCHANGE,2012-12-04,48300,81095,12501.0,-21397.0,217546,7312.0,-32795,33898.0
EURO FX - CHICAGO MERCANTILE EXCHANGE,2012-12-11,51536,83159,3236.0,2064.0,241932,24386.0,-31623,1172.0
EURO FX - CHICAGO MERCANTILE EXCHANGE,2012-12-18,69460,79196,17924.0,-3963.0,193681,-48251.0,-9736,21887.0
EURO FX - CHICAGO MERCANTILE EXCHANGE,2012-12-24,75072,77621,5612.0,-1575.0,202591,8910.0,-2549,7187.0
EURO FX - CHICAGO MERCANTILE EXCHANGE,2012-12-31,81932,76806,6860.0,-815.0,207608,5017.0,5126,7675.0
EURO FX - CHICAGO MERCANTILE EXCHANGE,2013-01-08,66329,74364,-15603.0,-2442.0,194251,-13357.0,-8035,-13161.0
EURO FX - CHICAGO MERCANTILE EXCHANGE,2013-01-15,80174,72859,13845.0,-1505.0,211373,17122.0,7315,15350.0
EURO FX - CHICAGO MERCANTILE EXCHANGE,2013-01-22,83840,62459,3666.0,-10400.0,216059,4686.0,21381,14066.0
EURO FX - CHICAGO MERCANTILE EXCHANGE,2013-01-29,93791,66319,9951.0,3860.0,237856,21797.0,27472,6091.0
EURO FX - CHICAGO MERCANTILE EXCHANGE,2013-02-05,97397,59445,3606.0,-6874.0,251236,13380.0,37952,10480.0
EURO FX - CHICAGO MERCANTILE EXCHANGE,2013-02-12,87135,62954,-10262.0,3509.0,239566,-11670.0,24181,-13771.0
EURO FX - CHICAGO MERCANTILE EXCHANGE,2013-02-19,81014,61911,-6121.0,-1043.0,234039,-5527.0,19103,-5078.0
EURO FX - CHICAGO MERCANTILE EXCHANGE,2013-02-26,74832,84226,-6182.0,22315.0,230567,-3472.0,-9394,-28497.0
EURO FX - CHICAGO MERCANTILE EXCHANGE,2013-03-05,63355,89471,-11477.0,5245.0,218469,-12098.0,-26116,-16722.0
EURO FX - CHICAGO MERCANTILE EXCHANGE,2013-03-12,57473,82260,-5882.0,-7211.0,213113,-5356.0,-24787,1329.0
EURO FX - CHICAGO MERCANTILE EXCHANGE,2013-03-19,48958,93842,-8515.0,11582.0,195073,-18040.0,-44884,-20097.0
EURO FX - CHICAGO MERCANTILE EXCHANGE,2013-03-26,41260,90355,-7698.0,-3487.0,204257,9184.0,-49095,-4211.0
EURO FX - CHICAGO MERCANTILE EXCHANGE,2013-04-02,44459,110160,3199.0,19805.0,235871,31614.0,-65701,-16606.0
EURO FX - CHICAGO MERCANTILE EXCHANGE,2013-04-09,35343,86201,-9116.0,-23959.0,220353,-15518.0,-50858,14843.0
EURO FX - CHICAGO MERCANTILE EXCHANGE,2013-04-16,49321,79085,13978.0,-7116.0,215657,-4696.0,-29764,21094.0
EURO FX - CHICAGO MERCANTILE EXCHANGE,2013-04-23,47807,82082,-1514.0,2997.0,220051,4394.0,-34275,-4511.0
EURO FX - CHICAGO MERCANTILE EXCHANGE,2013-04-30,56771,86920,8964.0,4838.0,222618,2567.0,-30149,4126.0
EURO FX - CHICAGO MERCANTILE EXCHANGE,2013-05-07,52517,86050,-4254.0,-870.0,214597,-8021.0,-33533,-3384.0
EURO FX - CHICAGO MERCANTILE EXCHANGE,2013-05-14,52843,99764,326.0,13714.0,232417,17820.0,-46921,-13388.0
EURO FX - CHICAGO MERCANTILE EXCHANGE,2013-05-21,43037,123986,-9806.0,24222.0,265194,32777.0,-80949,-34028.0
EURO FX - CHICAGO MERCANTILE EXCHANGE,2013-05-28,36916,121560,-6121.0,-2426.0,264212,-982.0,-84644,-3695.0
EURO FX - CHICAGO MERCANTILE EXCHANGE,2013-06-04,43804,95425,6888.0,-26135.0,240733,-23479.0,-51621,33023.0
EURO FX - CHICAGO MERCANTILE EXCHANGE,2013-06-11,68956,76489,25152.0,-18936.0,260418,19685.0,-7533,44088.0
EURO FX - CHICAGO MERCANTILE EXCHANGE,2013-06-18,91304,71274,22348.0,-5215.0,213331,-47087.0,20030,27563.0
EURO FX - CHICAGO MERCANTILE EXCHANGE,2013-06-25,87192,69835,-4112.0,-1439.0,211651,-1680.0,17357,-2673.0
EURO FX - CHICAGO MERCANTILE EXCHANGE,2013-07-02,59270,75360,-27922.0,5525.0,196064,-15587.0,-16090,-33447.0
EURO FX - CHICAGO MERCANTILE EXCHANGE,2013-07-09,52159,93059,-7111.0,17699.0,225051,28987.0,-40900,-24810.0
EURO FX - CHICAGO MERCANTILE EXCHANGE,2013-07-16,53228,90393,1069.0,-2666.0,220137,-4914.0,-37165,3735.0
EURO FX - CHICAGO MERCANTILE EXCHANGE,2013-07-23,63130,91030,9902.0,637.0,219429,-708.0,-27900,9265.0
EURO FX - CHICAGO MERCANTILE EXCHANGE,2013-07-30,78211,86715,15081.0,-4315.0,222957,3528.0,-8504,19396.0
EURO FX - CHICAGO MERCANTILE EXCHANGE,2013-08-06,85239,79178,7028.0,-7537.0,228726,5769.0,6061,14565.0
EURO FX - CHICAGO MERCANTILE EXCHANGE,2013-08-13,89984,73927,4745.0,-5251.0,225665,-3061.0,16057,9996.0
EURO FX - CHICAGO MERCANTILE EXCHANGE,2013-08-20,113092,76346,23108.0,2419.0,249660,23995.0,36746,20689.0
EURO FX - CHICAGO MERCANTILE EXCHANGE,2013-08-27,113592,73511,500.0,-2835.0,248672,-988.0,40081,3335.0
EURO FX - CHICAGO MERCANTILE EXCHANGE,2013-09-03,98589,75851,-15003.0,2340.0,244563,-4109.0,22738,-17343.0
EURO FX - CHICAGO MERCANTILE EXCHANGE,2013-09-10,82772,70076,-15817.0,-5775.0,257969,13406.0,12696,-10042.0
EURO FX - CHICAGO MERCANTILE EXCHANGE,2013-09-17,100963,69056,18191.0,-1020.0,218264,-39705.0,31907,19211.0
EURO FX - CHICAGO MERCANTILE EXCHANGE,2013-09-24,129862,64018,28899.0,-5038.0,254464,36200.0,65844,33937.0
EURO FX - CHICAGO MERCANTILE EXCHANGE,2013-10-01,128580,60304,-1282.0,-3714.0,255067,603.0,68276,2432.0
EURO FX - CHICAGO MERCANTILE EXCHANGE,2013-10-08,127301,58618,-1279.0,-1686.0,263859,8792.0,68683,407.0
EURO FX - CHICAGO MERCANTILE EXCHANGE,2013-10-15,121327,60953,-5974.0,2335.0,257199,-6660.0,60374,-8309.0
EURO FX - CHICAGO MERCANTILE EXCHANGE,2013-10-22,137061,64627,15734.0,3674.0,278139,20940.0,72434,12060.0
EURO FX - CHICAGO MERCANTILE EXCHANGE,2013-10-29,136054,65437,-1007.0,810.0,282923,4784.0,70617,-1817.0
EURO FX - CHICAGO MERCANTILE EXCHANGE,2013-11-05,103333,70190,-32721.0,4753.0,252554,-30369.0,33143,-37474.0
EURO FX - CHICAGO MERCANTILE EXCHANGE,2013-11-12,86121,69295,-17212.0,-895.0,229166,-23388.0,16826,-16317.0
EURO FX - CHICAGO MERCANTILE EXCHANGE,2013-11-19,81070,72159,-5051.0,2864.0,232326,3160.0,8911,-7915.0
EURO FX - CHICAGO MERCANTILE EXCHANGE,2013-11-26,74118,74549,-6952.0,2390.0,243049,10723.0,-431,-9342.0
EURO FX - CHICAGO MERCANTILE EXCHANGE,2013-12-03,82230,72918,8112.0,-1631.0,253653,10604.0,9312,9743.0
EURO FX - CHICAGO MERCANTILE EXCHANGE,2013-12-10,91669,75739,9439.0,2821.0,302100,48447.0,15930,6618.0
EURO FX - CHICAGO MERCANTILE EXCHANGE,2013-12-17,97780,69857,6111.0,-5882.0,230955,-71145.0,27923,11993.0
EURO FX - CHICAGO MERCANTILE EXCHANGE,2013-12-24,102462,70290,4682.0,433.0,240206,9251.0,32172,4249.0
EURO FX - CHICAGO MERCANTILE EXCHANGE,2013-12-31,101916,71327,-546.0,1037.0,242071,1865.0,30589,-1583.0
EURO FX - CHICAGO MERCANTILE EXCHANGE,2014-01-07,88119,73621,-13797.0,2294.0,238570,-3501.0,14498,-16091.0
EURO FX - CHICAGO MERCANTILE EXCHANGE,2014-01-14,87059,77813,-1060.0,4192.0,243434,4864.0,9246,-5252.0
EURO FX - CHICAGO MERCANTILE EXCHANGE,2014-01-21,79321,83093,-7738.0,5280.0,255300,11866.0,-3772,-13018.0
EURO FX - CHICAGO MERCANTILE EXCHANGE,2014-01-28,86963,72616,7642.0,-10477.0,260799,5499.0,14347,18119.0
EURO FX - CHICAGO MERCANTILE EXCHANGE,2014-02-04,67614,81224,-19349.0,8608.0,274146,13347.0,-13610,-27957.0
EURO FX - CHICAGO MERCANTILE EXCHANGE,2014-02-11,75048,81977,7434.0,753.0,281037,6891.0,-6929,6681.0
EURO FX - CHICAGO MERCANTILE EXCHANGE,2014-02-18,88634,80035,13586.0,-1942.0,291360,10323.0,8599,15528.0
EURO FX - CHICAGO MERCANTILE EXCHANGE,2014-02-25,93003,79103,4369.0,-932.0,296924,5564.0,13900,5301.0
EURO FX - CHICAGO MERCANTILE EXCHANGE,2014-03-04,103868,80416,10865.0,1313.0,304308,7384.0,23452,9552.0
EURO FX - CHICAGO MERCANTILE EXCHANGE,2014-03-11,110103,73718,6235.0,-6698.0,322020,17712.0,36385,12933.0
EURO FX - CHICAGO MERCANTILE EXCHANGE,2014-03-18,117819,64828,7716.0,-8890.0,264443,-57577.0,52991,16606.0
EURO FX - CHICAGO MERCANTILE EXCHANGE,2014-03-25,106914,67280,-10905.0,2452.0,262179,-2264.0,39634,-13357.0
EURO FX - CHICAGO MERCANTILE EXCHANGE,2014-04-01,101849,68611,-5065.0,1331.0,260075,-2104.0,33238,-6396.0
EURO FX - CHICAGO MERCANTILE EXCHANGE,2014-04-08,92635,69335,-9214.0,724.0,261439,1364.0,23300,-9938.0
EURO FX - CHICAGO MERCANTILE EXCHANGE,2014-04-15,106252,78564,13617.0,9229.0,270722,9283.0,27688,4388.0
EURO FX - CHICAGO MERCANTILE EXCHANGE,2014-04-22,101204,75430,-5048.0,-3134.0,266259,-4463.0,25774,-1914.0
EURO FX - CHICAGO MERCANTILE EXCHANGE,2014-04-29,102285,76551,1081.0,1121.0,271515,5256.0,25734,-40.0
EURO FX - CHICAGO MERCANTILE EXCHANGE,2014-05-06,110673,78122,8388.0,1571.0,277013,5498.0,32551,6817.0
EURO FX - CHICAGO MERCANTILE EXCHANGE,2014-05-13,84383,86558,-26290.0,8436.0,268142,-8871.0,-2175,-34726.0
EURO FX - CHICAGO MERCANTILE EXCHANGE,2014-05-20,75013,84233,-9370.0,-2325.0,268199,57.0,-9220,-7045.0
EURO FX - CHICAGO MERCANTILE EXCHANGE,2014-05-27,70753,87386,-4260.0,3153.0,274051,5852.0,-16633,-7413.0
EURO FX - CHICAGO MERCANTILE EXCHANGE,2014-06-03,57109,90134,-13644.0,2748.0,280747,6696.0,-33025,-16392.0
EURO FX - CHICAGO MERCANTILE EXCHANGE,2014-06-10,43739,100924,-13370.0,10790.0,331636,50889.0,-57185,-24160.0
EURO FX - CHICAGO MERCANTILE EXCHANGE,2014-06-17,51405,113240,7666.0,12316.0,285489,-46147.0,-61835,-4650.0
EURO FX - CHICAGO MERCANTILE EXCHANGE,2014-06-24,55062,112565,3657.0,-675.0,291244,5755.0,-57503,4332.0
EURO FX - CHICAGO MERCANTILE EXCHANGE,2014-07-01,52665,113441,-2397.0,876.0,291488,244.0,-60776,-3273.0
EURO FX - CHICAGO MERCANTILE EXCHANGE,2014-07-08,51595,110860,-1070.0,-2581.0,294381,2893.0,-59265,1511.0
EURO FX - CHICAGO MERCANTILE EXCHANGE,2014-07-15,59506,122352,7911.0,11492.0,310661,16280.0,-62846,-3581.0
EURO FX - CHICAGO MERCANTILE EXCHANGE,2014-07-22,58142,146965,-1364.0,24613.0,339706,29045.0,-88823,-25977.0
EURO FX - CHICAGO MERCANTILE EXCHANGE,2014-07-29,56562,164637,-1580.0,17672.0,356865,17159.0,-108075,-19252.0
EURO FX - CHICAGO MERCANTILE EXCHANGE,2014-08-05,55179,183926,-1383.0,19289.0,379004,22139.0,-128747,-20672.0
EURO FX - CHICAGO MERCANTILE EXCHANGE,2014-08-12,51596,177613,-3583.0,-6313.0,376424,-2580.0,-126017,2730.0
EURO FX - CHICAGO MERCANTILE EXCHANGE,2014-08-19,56774,195599,5178.0,17986.0,396460,20036.0,-138825,-12808.0
EURO FX - CHICAGO MERCANTILE EXCHANGE,2014-08-26,53989,204646,-2785.0,9047.0,402709,6249.0,-150657,-11832.0
EURO FX - CHICAGO MERCANTILE EXCHANGE,2014-09-02,59398,220821,5409.0,16175.0,419850,17141.0,-161423,-10766.0
EURO FX - CHICAGO MERCANTILE EXCHANGE,2014-09-09,59376,216881,-22.0,-3940.0,484306,64456.0,-157505,3918.0
EURO FX - CHICAGO MERCANTILE EXCHANGE,2014-09-16,79552,216701,20176.0,-180.0,397652,-86654.0,-137149,20356.0
EURO FX - CHICAGO MERCANTILE EXCHANGE,2014-09-23,60654,202619,-18898.0,-14082.0,398937,1285.0,-141965,-4816.0
EURO FX - CHICAGO MERCANTILE EXCHANGE,2014-09-30,67030,204555,6376.0,1936.0,409986,11049.0,-137525,4440.0
EURO FX - CHICAGO MERCANTILE EXCHANGE,2014-10-07,61467,207679,-5563.0,3124.0,425656,15670.0,-146212,-8687.0
EURO FX - CHICAGO MERCANTILE EXCHANGE,2014-10-14,60158,215500,-1309.0,7821.0,434873,9217.0,-155342,-9130.0
EURO FX - CHICAGO MERCANTILE EXCHANGE,2014-10-21,60188,219559,30.0,4059.0,439863,4990.0,-159371,-4029.0
EURO FX - CHICAGO MERCANTILE EXCHANGE,2014-10-28,59054,224761,-1134.0,5202.0,441369,1506.0,-165707,-6336.0
EURO FX - CHICAGO MERCANTILE EXCHANGE,2014-11-04,59566,238587,512.0,13826.0,465332,23963.0,-179021,-13314.0
EURO FX - CHICAGO MERCANTILE EXCHANGE,2014-11-11,60454,224347,888.0,-14240.0,463976,-1356.0,-163893,15128.0
EURO FX - CHICAGO MERCANTILE EXCHANGE,2014-11-18,58048,226778,-2406.0,2431.0,465168,1192.0,-168730,-4837.0
EURO FX - CHICAGO MERCANTILE EXCHANGE,2014-11-25,57982,223062,-66.0,-3716.0,465339,171.0,-165080,3650.0
EURO FX - CHICAGO MERCANTILE EXCHANGE,2014-12-02,57272,216551,-710.0,-6511.0,462058,-3281.0,-159279,5801.0
EURO FX - CHICAGO MERCANTILE EXCHANGE,2014-12-09,58306,195218,1034.0,-21333.0,477861,15803.0,-136912,22367.0
EURO FX - CHICAGO MERCANTILE EXCHANGE,2014-12-16,56179,182834,-2127.0,-12384.0,368171,-109690.0,-126655,10257.0
EURO FX - CHICAGO MERCANTILE EXCHANGE,2014-12-23,40690,187294,-15489.0,4460.0,376849,8678.0,-146604,-19949.0
EURO FX - CHICAGO MERCANTILE EXCHANGE,2014-12-30,43202,195421,2512.0,8127.0,386295,9446.0,-152219,-5615.0
EURO FX - CHICAGO MERCANTILE EXCHANGE,2015-01-06,46016,207056,2814.0,11635.0,406624,20329.0,-161040,-8821.0
EURO FX - CHICAGO MERCANTILE EXCHANGE,2015-01-13,50858,218709,4842.0,11653.0,422426,15802.0,-167851,-6811.0
EURO FX - CHICAGO MERCANTILE EXCHANGE,2015-01-20,52047,232777,1189.0,14068.0,450262,27836.0,-180730,-12879.0
EURO FX - CHICAGO MERCANTILE EXCHANGE,2015-01-27,50489,235234,-1558.0,2457.0,449726,-536.0,-184745,-4015.0
EURO FX - CHICAGO MERCANTILE EXCHANGE,2015-02-03,47719,244028,-2770.0,8794.0,457209,7483.0,-196309,-11564.0
EURO FX - CHICAGO MERCANTILE EXCHANGE,2015-02-10,47217,241858,-502.0,-2170.0,444139,-13070.0,-194641,1668.0
EURO FX - CHICAGO MERCANTILE EXCHANGE,2015-02-17,47175,232757,-42.0,-9101.0,438411,-5728.0,-185582,9059.0
EURO FX - CHICAGO MERCANTILE EXCHANGE,2015-02-24,45511,223247,-1664.0,-9510.0,431217,-7194.0,-177736,7846.0
EURO FX - CHICAGO MERCANTILE EXCHANGE,2015-03-03,48467,220856,2956.0,-2391.0,440733,9516.0,-172389,5347.0
EURO FX - CHICAGO MERCANTILE EXCHANGE,2015-03-10,61271,242344,12804.0,21488.0,496465,55732.0,-181073,-8684.0
EURO FX - CHICAGO MERCANTILE EXCHANGE,2015-03-17,56329,250103,-4942.0,7759.0,449508,-46957.0,-193774,-12701.0
EURO FX - CHICAGO MERCANTILE EXCHANGE,2015-03-24,50148,271111,-6181.0,21008.0,460950,11442.0,-220963,-27189.0
EURO FX - CHICAGO MERCANTILE EXCHANGE,2015-03-31,41709,268269,-8439.0,-2842.0,459746,-1204.0,-226560,-5597.0
EURO FX - CHICAGO MERCANTILE EXCHANGE,2015-04-07,39444,254702,-2265.0,-13567.0,441624,-18122.0,-215258,11302.0
EURO FX - CHICAGO MERCANTILE EXCHANGE,2015-04-14,45264,257611,5820.0,2909.0,453518,11894.0,-212347,2911.0
EURO FX - CHICAGO MERCANTILE EXCHANGE,2015-04-21,46821,261466,1557.0,3855.0,457610,4092.0,-214645,-2298.0
EURO FX - CHICAGO MERCANTILE EXCHANGE,2015-04-28,50734,248500,3913.0,-12966.0,456919,-691.0,-197766,16879.0
EURO FX - CHICAGO MERCANTILE EXCHANGE,2015-05-05,50116,240243,-618.0,-8257.0,449254,-7665.0,-190127,7639.0
EURO FX - CHICAGO MERCANTILE EXCHANGE,2015-05-12,43333,222309,-6783.0,-17934.0,439122,-10132.0,-178976,11151.0
EURO FX - CHICAGO MERCANTILE EXCHANGE,2015-05-19,38758,207097,-4575.0,-15212.0,428580,-10542.0,-168339,10637.0
EURO FX - CHICAGO MERCANTILE EXCHANGE,2015-05-26,44221,215961,5463.0,8864.0,431927,3347.0,-171740,-3401.0
EURO FX - CHICAGO MERCANTILE EXCHANGE,2015-06-02,49471,214983,5250.0,-978.0,428403,-3524.0,-165512,6228.0
EURO FX - CHICAGO MERCANTILE EXCHANGE,2015-06-09,52643,190617,3172.0,-24366.0,436540,8137.0,-137974,27538.0
EURO FX - CHICAGO MERCANTILE EXCHANGE,2015-06-16,82714,172071,30071.0,-18546.0,350145,-86395.0,-89357,48617.0
EURO FX - CHICAGO MERCANTILE EXCHANGE,2015-06-23,67867,167173,-14847.0,-4898.0,345427,-4718.0,-99306,-9949.0
EURO FX - CHICAGO MERCANTILE EXCHANGE,2015-06-30,65554,165589,-2313.0,-1584.0,346115,688.0,-100035,-729.0
EURO FX - CHICAGO MERCANTILE EXCHANGE,2015-07-07,66161,165427,607.0,-162.0,354885,8770.0,-99266,769.0
EURO FX - CHICAGO MERCANTILE EXCHANGE,2015-07-14,62676,170457,-3485.0,5030.0,356760,1875.0,-107781,-8515.0
EURO FX - CHICAGO MERCANTILE EXCHANGE,2015-07-21,65728,178704,3052.0,8247.0,366892,10132.0,-112976,-5195.0
EURO FX - CHICAGO MERCANTILE EXCHANGE,2015-07-28,67842,171850,2114.0,-6854.0,357940,-8952.0,-104008,8968.0
EURO FX - CHICAGO MERCANTILE EXCHANGE,2015-08-04,70620,184014,2778.0,12164.0,367885,9945.0,-113394,-9386.0
EURO FX - CHICAGO MERCANTILE EXCHANGE,2015-08-11,67373,182583,-3247.0,-1431.0,361334,-6551.0,-115210,-1816.0
EURO FX - CHICAGO MERCANTILE EXCHANGE,2015-08-18,68473,161205,1100.0,-21378.0,356952,-4382.0,-92732,22478.0
EURO FX - CHICAGO MERCANTILE EXCHANGE,2015-08-25,87807,153885,19334.0,-7320.0,374977,18025.0,-66078,26654.0
EURO FX - CHICAGO MERCANTILE EXCHANGE,2015-09-01,74910,142767,-12897.0,-11118.0,363980,-10997.0,-67857,-1779.0
EURO FX - CHICAGO MERCANTILE EXCHANGE,2015-09-08,75715,156956,805.0,14189.0,383187,19207.0,-81241,-13384.0
EURO FX - CHICAGO MERCANTILE EXCHANGE,2015-09-15,63416,147618,-12299.0,-9338.0,311366,-71821.0,-84202,-2961.0
EURO FX - CHICAGO MERCANTILE EXCHANGE,2015-09-22,63526,144559,110.0,-3059.0,315450,4084.0,-81033,3169.0
EURO FX - CHICAGO MERCANTILE EXCHANGE,2015-09-29,61932,149592,-1594.0,5033.0,322721,7271.0,-87660,-6627.0
EURO FX - CHICAGO MERCANTILE EXCHANGE,2015-10-06,65410,154220,3478.0,4628.0,337606,14885.0,-88810,-1150.0
EURO FX - CHICAGO MERCANTILE EXCHANGE,2015-10-13,71132,151708,5722.0,-2512.0,349720,12114.0,-80576,8234.0
EURO FX - CHICAGO MERCANTILE EXCHANGE,2015-10-20,76291,138857,5159.0,-12851.0,357133,7413.0,-62566,18010.0
EURO FX - CHICAGO MERCANTILE EXCHANGE,2015-10-27,70351,176285,-5940.0,37428.0,380564,23431.0,-105934,-43368.0
EURO FX - CHICAGO MERCANTILE EXCHANGE,2015-11-03,72883,207217,2532.0,30932.0,405462,24898.0,-134334,-28400.0
EURO FX - CHICAGO MERCANTILE EXCHANGE,2015-11-10,78994,221933,6111.0,14716.0,421967,16505.0,-142939,-8605.0
EURO FX - CHICAGO MERCANTILE EXCHANGE,2015-11-17,78898,243075,-96.0,21142.0,436801,14834.0,-164177,-21238.0
EURO FX - CHICAGO MERCANTILE EXCHANGE,2015-11-24,76296,251780,-2602.0,8705.0,444626,7825.0,-175484,-11307.0
EURO FX - CHICAGO MERCANTILE EXCHANGE,2015-12-01,78782,261627,2486.0,9847.0,462447,17821.0,-182845,-7361.0
EURO FX - CHICAGO MERCANTILE EXCHANGE,2015-12-08,80378,252709,1596.0,-8918.0,474921,12474.0,-172331,10514.0
EURO FX - CHICAGO MERCANTILE EXCHANGE,2015-12-15,71295,231256,-9083.0,-21453.0,404837,-70084.0,-159961,12370.0
EURO FX - CHICAGO MERCANTILE EXCHANGE,2015-12-22,70509,231556,-786.0,300.0,406533,1696.0,-161047,-1086.0
EURO FX - CHICAGO MERCANTILE EXCHANGE,2015-12-29,66973,227523,-3536.0,-4033.0,400497,-6036.0,-160550,497.0
EURO FX - CHICAGO MERCANTILE EXCHANGE,2016-01-05,66857,227500,-116.0,-23.0,407105,6608.0,-160643,-93.0
EURO FX - CHICAGO MERCANTILE EXCHANGE,2016-01-12,63162,209613,-3695.0,-17887.0,398570,-8535.0,-146451,14192.0
EURO FX - CHICAGO MERCANTILE EXCHANGE,2016-01-19,69449,206464,6287.0,-3149.0,400362,1792.0,-137015,9436.0
EURO FX - CHICAGO MERCANTILE EXCHANGE,2016-01-26,71446,198661,1997.0,-7803.0,402227,1865.0,-127215,9800.0
EURO FX - CHICAGO MERCANTILE EXCHANGE,2016-02-02,96012,183085,24566.0,-15576.0,403939,1712.0,-87073,40142.0
EURO FX - CHICAGO MERCANTILE EXCHANGE,2016-02-09,114607,177921,18595.0,-5164.0,441228,37289.0,-63314,23759.0
EURO FX - CHICAGO MERCANTILE EXCHANGE,2016-02-16,113970,162175,-637.0,-15746.0,429997,-11231.0,-48205,15109.0
EURO FX - CHICAGO MERCANTILE EXCHANGE,2016-02-23,107566,154423,-6404.0,-7752.0,422624,-7373.0,-46857,1348.0
EURO FX - CHICAGO MERCANTILE EXCHANGE,2016-03-01,103965,172506,-3601.0,18083.0,417624,-5000.0,-68541,-21684.0
EURO FX - CHICAGO MERCANTILE EXCHANGE,2016-03-08,104165,176072,200.0,3566.0,433221,15597.0,-71907,-3366.0
EURO FX - CHICAGO MERCANTILE EXCHANGE,2016-03-15,90353,167908,-13812.0,-8164.0,322405,-110816.0,-77555,-5648.0
EURO FX - CHICAGO MERCANTILE EXCHANGE,2016-03-22,91334,157387,981.0,-10521.0,324310,1905.0,-66053,11502.0
EURO FX - CHICAGO MERCANTILE EXCHANGE,2016-03-29,93726,157537,2392.0,150.0,330090,5780.0,-63811,2242.0
EURO FX - CHICAGO MERCANTILE EXCHANGE,2016-04-05,98014,151501,4288.0,-6036.0,338533,8443.0,-53487,10324.0
EURO FX - CHICAGO MERCANTILE EXCHANGE,2016-04-12,89216,141267,-8798.0,-10234.0,333535,-4998.0,-52051,1436.0
EURO FX - CHICAGO MERCANTILE EXCHANGE,2016-04-19,101211,148128,11995.0,6861.0,345563,12028.0,-46917,5134.0
EURO FX - CHICAGO MERCANTILE EXCHANGE,2016-04-26,99072,138739,-2139.0,-9389.0,340200,-5363.0,-39667,7250.0
EURO FX - CHICAGO MERCANTILE EXCHANGE,2016-05-03,113034,136653,13962.0,-2086.0,360461,20261.0,-23619,16048.0
EURO FX - CHICAGO MERCANTILE EXCHANGE,2016-05-10,101277,123149,-11757.0,-13504.0,344978,-15483.0,-21872,1747.0
EURO FX - CHICAGO MERCANTILE EXCHANGE,2016-05-17,101723,124310,446.0,1161.0,349559,4581.0,-22587,-715.0
EURO FX - CHICAGO MERCANTILE EXCHANGE,2016-05-24,93955,131850,-7768.0,7540.0,350242,683.0,-37895,-15308.0
EURO FX - CHICAGO MERCANTILE EXCHANGE,2016-05-31,98218,135872,4263.0,4022.0,356178,5936.0,-37654,241.0
EURO FX - CHICAGO MERCANTILE EXCHANGE,2016-06-07,93492,160604,-4726.0,24732.0,386010,29832.0,-67112,-29458.0
EURO FX - CHICAGO MERCANTILE EXCHANGE,2016-06-14,104510,160999,11018.0,395.0,325402,-60608.0,-56489,10623.0
EURO FX - CHICAGO MERCANTILE EXCHANGE,2016-06-21,88639,149985,-15871.0,-11014.0,317400,-8002.0,-61346,-4857.0
EURO FX - CHICAGO MERCANTILE EXCHANGE,2016-06-28,109580,171514,20941.0,21529.0,337273,19873.0,-61934,-588.0
EURO FX - CHICAGO MERCANTILE EXCHANGE,2016-07-05,112011,187338,2431.0,15824.0,362649,25376.0,-75327,-13393.0
EURO FX - CHICAGO MERCANTILE EXCHANGE,2016-07-12,107635,195295,-4376.0,7957.0,370372,7723.0,-87660,-12333.0
EURO FX - CHICAGO MERCANTILE EXCHANGE,2016-07-19,111578,211469,3943.0,16174.0,388905,18533.0,-99891,-12231.0
EURO FX - CHICAGO MERCANTILE EXCHANGE,2016-07-26,109193,221793,-2385.0,10324.0,400035,11130.0,-112600,-12709.0
EURO FX - CHICAGO MERCANTILE EXCHANGE,2016-08-02,104516,208619,-4677.0,-13174.0,378500,-21535.0,-104103,8497.0
EURO FX - CHICAGO MERCANTILE EXCHANGE,2016-08-09,100442,198841,-4074.0,-9778.0,368693,-9807.0,-98399,5704.0
EURO FX - CHICAGO MERCANTILE EXCHANGE,2016-08-16,103060,195568,2618.0,-3273.0,366037,-2656.0,-92508,5891.0
EURO FX - CHICAGO MERCANTILE EXCHANGE,2016-08-23,105374,182032,2314.0,-13536.0,364044,-1993.0,-76658,15850.0
EURO FX - CHICAGO MERCANTILE EXCHANGE,2016-08-30,108261,190186,2887.0,8154.0,364843,799.0,-81925,-5267.0
EURO FX - CHICAGO MERCANTILE EXCHANGE,2016-09-06,97324,189954,-10937.0,-232.0,375985,11142.0,-92630,-10705.0
EURO FX - CHICAGO MERCANTILE EXCHANGE,2016-09-13,91783,173258,-5541.0,-16696.0,379624,3639.0,-81475,11155.0
EURO FX - CHICAGO MERCANTILE EXCHANGE,2016-09-20,95698,180723,3915.0,7465.0,324525,-55099.0,-85025,-3550.0
EURO FX - CHICAGO MERCANTILE EXCHANGE,2016-09-27,100492,176522,4794.0,-4201.0,328490,3965.0,-76030,8995.0
EURO FX - CHICAGO MERCANTILE EXCHANGE,2016-10-04,105634,187693,5142.0,11171.0,347643,19153.0,-82059,-6029.0
EURO FX - CHICAGO MERCANTILE EXCHANGE,2016-10-11,114284,207756,8650.0,20063.0,378774,31131.0,-93472,-11413.0
EURO FX - CHICAGO MERCANTILE EXCHANGE,2016-10-18,128181,237449,13897.0,29693.0,413183,34409.0,-109268,-15796.0
EURO FX - CHICAGO MERCANTILE EXCHANGE,2016-10-25,142881,266737,14700.0,29288.0,448471,35288.0,-123856,-14588.0
EURO FX - CHICAGO MERCANTILE EXCHANGE,2016-11-01,126443,263828,-16438.0,-2909.0,444502,-3969.0,-137385,-13529.0
EURO FX - CHICAGO MERCANTILE EXCHANGE,2016-11-08,118897,248211,-7546.0,-15617.0,418007,-26495.0,-129314,8071.0
EURO FX - CHICAGO MERCANTILE EXCHANGE,2016-11-15,121575,240757,2678.0,-7454.0,415752,-2255.0,-119182,10132.0
EURO FX - CHICAGO MERCANTILE EXCHANGE,2016-11-22,127122,246470,5547.0,5713.0,434768,19016.0,-119348,-166.0
EURO FX - CHICAGO MERCANTILE EXCHANGE,2016-11-29,136108,255348,8986.0,8878.0,447190,12422.0,-119240,108.0
EURO FX - CHICAGO MERCANTILE EXCHANGE,2016-12-06,123390,237946,-12718.0,-17402.0,433237,-13953.0,-114556,4684.0
EURO FX - CHICAGO MERCANTILE EXCHANGE,2016-12-13,123597,211110,207.0,-26836.0,447679,14442.0,-87513,27043.0
EURO FX - CHICAGO MERCANTILE EXCHANGE,2016-12-20,117460,195505,-6137.0,-15605.0,399589,-48090.0,-78045,9468.0
EURO FX - CHICAGO MERCANTILE EXCHANGE,2016-12-27,123281,192689,5821.0,-2816.0,405681,6092.0,-69408,8637.0
EURO FX - CHICAGO MERCANTILE EXCHANGE,2017-01-03,129701,199757,6420.0,7068.0,416239,10558.0,-70056,-648.0
EURO FX - CHICAGO MERCANTILE EXCHANGE,2017-01-10,134747,200570,5046.0,813.0,415212,-1027.0,-65823,4233.0
EURO FX - CHICAGO MERCANTILE EXCHANGE,2017-01-17,128846,195346,-5901.0,-5224.0,415090,-122.0,-66500,-677.0
EURO FX - CHICAGO MERCANTILE EXCHANGE,2017-01-24,131904,184252,3058.0,-11094.0,414447,-643.0,-52348,14152.0
EURO FX - CHICAGO MERCANTILE EXCHANGE,2017-01-31,125689,171402,-6215.0,-12850.0,405541,-8906.0,-45713,6635.0
EURO FX - CHICAGO MERCANTILE EXCHANGE,2017-02-07,126708,171659,1019.0,257.0,409178,3637.0,-44951,762.0
EURO FX - CHICAGO MERCANTILE EXCHANGE,2017-02-14,125333,172097,-1375.0,438.0,406350,-2828.0,-46764,-1813.0
EURO FX - CHICAGO MERCANTILE EXCHANGE,2017-02-21,130981,189232,5648.0,17135.0,417129,10779.0,-58251,-11487.0
EURO FX - CHICAGO MERCANTILE EXCHANGE,2017-02-28,143584,194748,12603.0,5516.0,431635,14506.0,-51164,7087.0
EURO FX - CHICAGO MERCANTILE EXCHANGE,2017-03-07,137662,197163,-5922.0,2415.0,435309,3674.0,-59501,-8337.0
EURO FX - CHICAGO MERCANTILE EXCHANGE,2017-03-14,148272,189299,10610.0,-7864.0,381474,-53835.0,-41027,18474.0
EURO FX - CHICAGO MERCANTILE EXCHANGE,2017-03-21,159590,179252,11318.0,-10047.0,406717,25243.0,-19662,21365.0
EURO FX - CHICAGO MERCANTILE EXCHANGE,2017-03-28,163648,171571,4058.0,-7681.0,408853,2136.0,-7923,11739.0
EURO FX - CHICAGO MERCANTILE EXCHANGE,2017-04-04,155468,166873,-8180.0,-4698.0,397594,-11259.0,-11405,-3482.0
EURO FX - CHICAGO MERCANTILE EXCHANGE,2017-04-11,173594,192550,18126.0,25677.0,420332,22738.0,-18956,-7551.0
EURO FX - CHICAGO MERCANTILE EXCHANGE,2017-04-18,185786,207435,12192.0,14885.0,430589,10257.0,-21649,-2693.0
EURO FX - CHICAGO MERCANTILE EXCHANGE,2017-04-25,157831,178726,-27955.0,-28709.0,411006,-19583.0,-20895,754.0
EURO FX - CHICAGO MERCANTILE EXCHANGE,2017-05-02,159418,161071,1587.0,-17655.0,409936,-1070.0,-1653,19242.0
EURO FX - CHICAGO MERCANTILE EXCHANGE,2017-05-09,155581,133182,-3837.0,-27889.0,418301,8365.0,22399,24052.0
EURO FX - CHICAGO MERCANTILE EXCHANGE,2017-05-16,164234,126630,8653.0,-6552.0,431659,13358.0,37604,15205.0
EURO FX - CHICAGO MERCANTILE EXCHANGE,2017-05-23,175032,110187,10798.0,-16443.0,449360,17701.0,64845,27241.0
EURO FX - CHICAGO MERCANTILE EXCHANGE,2017-05-30,176226,103357,1194.0,-6830.0,453280,3920.0,72869,8024.0
EURO FX - CHICAGO MERCANTILE EXCHANGE,2017-06-06,164889,90880,-11337.0,-12477.0,447178,-6102.0,74009,1140.0
EURO FX - CHICAGO MERCANTILE EXCHANGE,2017-06-13,164227,85174,-662.0,-5706.0,474300,27122.0,79053,5044.0
EURO FX - CHICAGO MERCANTILE EXCHANGE,2017-06-20,167245,122393,3018.0,37219.0,379269,-95031.0,44852,-34201.0
EURO FX - CHICAGO MERCANTILE EXCHANGE,2017-06-27,179671,120976,12426.0,-1417.0,400560,21291.0,58695,13843.0
EURO FX - CHICAGO MERCANTILE EXCHANGE,2017-07-03,185925,108461,6254.0,-12515.0,422496,21936.0,77464,18769.0
EURO FX - CHICAGO MERCANTILE EXCHANGE,2017-07-11,190267,106479,4342.0,-1982.0,436899,14403.0,83788,6324.0
EURO FX - CHICAGO MERCANTILE EXCHANGE,2017-07-18,199540,108219,9273.0,1740.0,446259,9360.0,91321,7533.0
EURO FX - CHICAGO MERCANTILE EXCHANGE,2017-07-25,197656,106814,-1884.0,-1405.0,449086,2827.0,90842,-479.0
EURO FX - CHICAGO MERCANTILE EXCHANGE,2017-08-01,191477,108840,-6179.0,2026.0,457254,8168.0,82637,-8205.0
EURO FX - CHICAGO MERCANTILE EXCHANGE,2017-08-08,201231,107546,9754.0,-1294.0,461152,3898.0,93685,11048.0
EURO FX - CHICAGO MERCANTILE EXCHANGE,2017-08-15,190336,111069,-10895.0,3523.0,462148,996.0,79267,-14418.0
EURO FX - CHICAGO MERCANTILE EXCHANGE,2017-08-22,197818,109842,7482.0,-1227.0,464445,2297.0,87976,8709.0
EURO FX - CHICAGO MERCANTILE EXCHANGE,2017-08-29,194331,107812,-3487.0,-2030.0,469307,4862.0,86519,-1457.0
EURO FX - CHICAGO MERCANTILE EXCHANGE,2017-09-05,194976,98667,645.0,-9145.0,464988,-4319.0,96309,9790.0
EURO FX - CHICAGO MERCANTILE EXCHANGE,2017-09-12,191102,105044,-3874.0,6377.0,487425,22437.0,86058,-10251.0
EURO FX - CHICAGO MERCANTILE EXCHANGE,2017-09-19,190025,127272,-1077.0,22228.0,431108,-56317.0,62753,-23305.0
EURO FX - CHICAGO MERCANTILE EXCHANGE,2017-09-26,183679,95512,-6346.0,-31760.0,429111,-1997.0,88167,25414.0
EURO FX - CHICAGO MERCANTILE EXCHANGE,2017-10-03,187053,96220,3374.0,708.0,438663,9552.0,90833,2666.0
EURO FX - CHICAGO MERCANTILE EXCHANGE,2017-10-10,195816,97737,8763.0,1517.0,450748,12085.0,98079,7246.0
EURO FX - CHICAGO MERCANTILE EXCHANGE,2017-10-17,186751,96299,-9065.0,-1438.0,446338,-4410.0,90452,-7627.0
EURO FX - CHICAGO MERCANTILE EXCHANGE,2017-10-24,183539,100035,-3212.0,3736.0,445018,-1320.0,83504,-6948.0
EURO FX - CHICAGO MERCANTILE EXCHANGE,2017-10-31,173670,101573,-9869.0,1538.0,440384,-4634.0,72097,-11407.0
EURO FX - CHICAGO MERCANTILE EXCHANGE,2017-11-07,181335,95880,7665.0,-5693.0,446502,6118.0,85455,13358.0
EURO FX - CHICAGO MERCANTILE EXCHANGE,2017-11-14,200023,115437,18688.0,19557.0,467842,21340.0,84586,-869.0
EURO FX - CHICAGO MERCANTILE EXCHANGE,2017-11-21,195909,100472,-4114.0,-14965.0,465307,-2535.0,95437,10851.0
EURO FX - CHICAGO MERCANTILE EXCHANGE,2017-11-28,205160,115479,9251.0,15007.0,495561,30254.0,89681,-5756.0
EURO FX - CHICAGO MERCANTILE EXCHANGE,2017-12-05,205400,112294,240.0,-3185.0,499124,3563.0,93106,3425.0
EURO FX - CHICAGO MERCANTILE EXCHANGE,2017-12-12,206027,92138,627.0,-20156.0,505744,6620.0,113889,20783.0
EURO FX - CHICAGO MERCANTILE EXCHANGE,2017-12-19,198398,112174,-7629.0,20036.0,485622,-20122.0,86224,-27665.0
EURO FX - CHICAGO MERCANTILE EXCHANGE,2017-12-26,208913,116765,10515.0,4591.0,497744,12122.0,92148,5924.0
EURO FX - CHICAGO MERCANTILE EXCHANGE,2018-01-02,236808,108940,27895.0,-7825.0,542622,44878.0,127868,35720.0
EURO FX - CHICAGO MERCANTILE EXCHANGE,2018-01-09,242053,97362,5245.0,-11578.0,563400,20778.0,144691,16823.0
EURO FX - CHICAGO MERCANTILE EXCHANGE,2018-01-16,254344,114854,12291.0,17492.0,594038,30638.0,139490,-5201.0
EURO FX - CHICAGO MERCANTILE EXCHANGE,2018-01-23,262175,117458,7831.0,2604.0,608683,14645.0,144717,5227.0
EURO FX - CHICAGO MERCANTILE EXCHANGE,2018-01-30,258022,109280,-4153.0,-8178.0,603460,-5223.0,148742,4025.0
EURO FX - CHICAGO MERCANTILE EXCHANGE,2018-02-06,251369,110546,-6653.0,1266.0,596937,-6523.0,140823,-7919.0
EURO FX - CHICAGO MERCANTILE EXCHANGE,2018-02-13,230785,103496,-20584.0,-7050.0,564233,-32704.0,127289,-13534.0
EURO FX - CHICAGO MERCANTILE EXCHANGE,2018-02-20,229273,103147,-1512.0,-349.0,567534,3301.0,126126,-1163.0
EURO FX - CHICAGO MERCANTILE EXCHANGE,2018-02-27,238287,100310,9014.0,-2837.0,567463,-71.0,137977,11851.0
EURO FX - CHICAGO MERCANTILE EXCHANGE,2018-03-06,227354,94382,-10933.0,-5928.0,557530,-9933.0,132972,-5005.0
EURO FX - CHICAGO MERCANTILE EXCHANGE,2018-03-13,239453,93073,12099.0,-1309.0,584759,27229.0,146380,13408.0
EURO FX - CHICAGO MERCANTILE EXCHANGE,2018-03-20,219434,86695,-20019.0,-6378.0,496964,-87795.0,132739,-13641.0
EURO FX - CHICAGO MERCANTILE EXCHANGE,2018-03-27,234656,93592,15222.0,6897.0,514049,17085.0,141064,8325.0
EURO FX - CHICAGO MERCANTILE EXCHANGE,2018-04-03,221327,86946,-13329.0,-6646.0,493677,-20372.0,134381,-6683.0
EURO FX - CHICAGO MERCANTILE EXCHANGE,2018-04-10,236344,88881,15017.0,1935.0,508204,14527.0,147463,13082.0
EURO FX - CHICAGO MERCANTILE EXCHANGE,2018-04-17,238829,87353,2485.0,-1528.0,509032,828.0,151476,4013.0
EURO FX - CHICAGO MERCANTILE EXCHANGE,2018-04-24,216944,86350,-21885.0,-1003.0,494154,-14878.0,130594,-20882.0
EURO FX - CHICAGO MERCANTILE EXCHANGE,2018-05-01,221011,100443,4067.0,14093.0,509659,15505.0,120568,-10026.0
EURO FX - CHICAGO MERCANTILE EXCHANGE,2018-05-08,226601,106096,5590.0,5653.0,515132,5473.0,120505,-63.0
EURO FX - CHICAGO MERCANTILE EXCHANGE,2018-05-15,219317,104203,-7284.0,-1893.0,505114,-10018.0,115114,-5391.0
EURO FX - CHICAGO MERCANTILE EXCHANGE,2018-05-22,225960,116216,6643.0,12013.0,520648,15534.0,109744,-5370.0
EURO FX - CHICAGO MERCANTILE EXCHANGE,2018-05-29,230927,137890,4967.0,21674.0,552251,31603.0,93037,-16707.0
EURO FX - CHICAGO MERCANTILE EXCHANGE,2018-06-05,239904,150668,8977.0,12778.0,576287,24036.0,89236,-3801.0
EURO FX - CHICAGO MERCANTILE EXCHANGE,2018-06-12,236617,148392,-3287.0,-2276.0,599561,23274.0,88225,-1011.0
EURO FX - CHICAGO MERCANTILE EXCHANGE,2018-06-19,190684,154566,-45933.0,6174.0,478200,-121361.0,36118,-52107.0
EURO FX - CHICAGO MERCANTILE EXCHANGE,2018-06-26,190147,156243,-537.0,1677.0,481383,3183.0,33904,-2214.0
EURO FX - CHICAGO MERCANTILE EXCHANGE,2018-07-03,189005,152258,-1142.0,-3985.0,487131,5748.0,36747,2843.0
EURO FX - CHICAGO MERCANTILE EXCHANGE,2018-07-10,179401,155044,-9604.0,2786.0,477596,-9535.0,24357,-12390.0
EURO FX - CHICAGO MERCANTILE EXCHANGE,2018-07-17,177390,155983,-2011.0,939.0,490064,12468.0,21407,-2950.0
EURO FX - CHICAGO MERCANTILE EXCHANGE,2018-07-24,179515,149875,2125.0,-6108.0,496665,6601.0,29640,8233.0
EURO FX - CHICAGO MERCANTILE EXCHANGE,2018-07-31,174549,151724,-4966.0,1849.0,499721,3056.0,22825,-6815.0
EURO FX - CHICAGO MERCANTILE EXCHANGE,2018-08-07,177923,167358,3374.0,15634.0,507186,7465.0,10565,-12260.0
EURO FX - CHICAGO MERCANTILE EXCHANGE,2018-08-14,188428,190217,10505.0,22859.0,526571,19385.0,-1789,-12354.0
EURO FX - CHICAGO MERCANTILE EXCHANGE,2018-08-21,188907,193748,479.0,3531.0,532137,5566.0,-4841,-3052.0
EURO FX - CHICAGO MERCANTILE EXCHANGE,2018-08-28,171359,178578,-17548.0,-15170.0,529124,-3013.0,-7219,-2378.0
EURO FX - CHICAGO MERCANTILE EXCHANGE,2018-09-04,173335,165372,1976.0,-13206.0,527579,-1545.0,7963,15182.0
EURO FX - CHICAGO MERCANTILE EXCHANGE,2018-09-11,164639,153469,-8696.0,-11903.0,550492,22913.0,11170,3207.0
EURO FX - CHICAGO MERCANTILE EXCHANGE,2018-09-18,166468,164802,1829.0,11333.0,465130,-85362.0,1666,-9504.0
EURO FX - CHICAGO MERCANTILE EXCHANGE,2018-09-25,172426,168730,5958.0,3928.0,477881,12751.0,3696,2030.0
EURO FX - CHICAGO MERCANTILE EXCHANGE,2018-10-02,164738,171839,-7688.0,3109.0,479644,1763.0,-7101,-10797.0
EURO FX - CHICAGO MERCANTILE EXCHANGE,2018-10-09,162315,178457,-2423.0,6618.0,483802,4158.0,-16142,-9041.0
EURO FX - CHICAGO MERCANTILE EXCHANGE,2018-10-16,140817,170161,-21498.0,-8296.0,469299,-14503.0,-29344,-13202.0
EURO FX - CHICAGO MERCANTILE EXCHANGE,2018-10-23,149585,179889,8768.0,9728.0,489829,20530.0,-30304,-960.0
EURO FX - CHICAGO MERCANTILE EXCHANGE,2018-10-30,157691,190353,8106.0,10464.0,504458,14629.0,-32662,-2358.0
EURO FX - CHICAGO MERCANTILE EXCHANGE,2018-11-06,148973,195816,-8718.0,5463.0,510193,5735.0,-46843,-14181.0
EURO FX - CHICAGO MERCANTILE EXCHANGE,2018-11-13,161860,198879,12887.0,3063.0,520240,10047.0,-37019,9824.0
EURO FX - CHICAGO MERCANTILE EXCHANGE,2018-11-20,157633,204862,-4227.0,5983.0,535707,15467.0,-47229,-10210.0
EURO FX - CHICAGO MERCANTILE EXCHANGE,2018-11-27,149719,204790,-7914.0,-72.0,538454,2747.0,-55071,-7842.0
EURO FX - CHICAGO MERCANTILE EXCHANGE,2018-12-04,144859,205635,-4860.0,845.0,545537,7083.0,-60776,-5705.0
EURO FX - CHICAGO MERCANTILE EXCHANGE,2018-12-11,146082,202369,1223.0,-3266.0,613745,68208.0,-56287,4489.0
EURO FX - CHICAGO MERCANTILE EXCHANGE,2018-12-18,147654,200778,1572.0,-1591.0,505711,-108034.0,-53124,3163.0
EURO FX - CHICAGO MERCANTILE EXCHANGE,2018-12-24,139059,197514,-8595.0,-3264.0,508253,2542.0,-58455,-5331.0
EURO FX - CHICAGO MERCANTILE EXCHANGE,2018-12-31,148288,194936,9229.0,-2578.0,505986,-2267.0,-46648,11807.0
EURO FX - CHICAGO MERCANTILE EXCHANGE,2019-01-08,146271,186804,-2017.0,-8132.0,514545,8559.0,-40533,6115.0
EURO FX - CHICAGO MERCANTILE EXCHANGE,2019-01-15,152534,185195,6263.0,-1609.0,525052,10507.0,-32661,7872.0
EURO FX - CHICAGO MERCANTILE EXCHANGE,2019-01-22,148652,189658,-3882.0,4463.0,527176,2124.0,-41006,-8345.0
EURO FX - CHICAGO MERCANTILE EXCHANGE,2019-01-29,146625,193099,-2027.0,3441.0,527521,345.0,-46474,-5468.0
EURO FX - CHICAGO MERCANTILE EXCHANGE,2019-02-05,145480,197444,-1145.0,4345.0,523868,-3653.0,-51964,-5490.0
EURO FX - CHICAGO MERCANTILE EXCHANGE,2019-02-12,157170,221070,11690.0,23626.0,538627,14759.0,-63900,-11936.0
EURO FX - CHICAGO MERCANTILE EXCHANGE,2019-02-19,145762,220696,-11408.0,-374.0,537396,-1231.0,-74934,-11034.0
EURO FX - CHICAGO MERCANTILE EXCHANGE,2019-02-26,143847,216302,-1915.0,-4394.0,528376,-9020.0,-72455,2479.0
EURO FX - CHICAGO MERCANTILE EXCHANGE,2019-03-05,155922,234088,12075.0,17786.0,541753,13377.0,-78166,-5711.0
EURO FX - CHICAGO MERCANTILE EXCHANGE,2019-03-12,151857,227602,-4065.0,-6486.0,536724,-5029.0,-75745,2421.0
EURO FX - CHICAGO MERCANTILE EXCHANGE,2019-03-19,141700,219404,-10157.0,-8198.0,483172,-53552.0,-77704,-1959.0
EURO FX - CHICAGO MERCANTILE EXCHANGE,2019-03-26,139696,219974,-2004.0,570.0,486804,3632.0,-80278,-2574.0
EURO FX - CHICAGO MERCANTILE EXCHANGE,2019-04-02,144973,244157,5277.0,24183.0,497717,10913.0,-99184,-18906.0
EURO FX - CHICAGO MERCANTILE EXCHANGE,2019-04-09,140401,242599,-4572.0,-1558.0,494804,-2913.0,-102198,-3014.0
EURO FX - CHICAGO MERCANTILE EXCHANGE,2019-04-16,144867,242890,4466.0,291.0,499280,4476.0,-98023,4175.0
EURO FX - CHICAGO MERCANTILE EXCHANGE,2019-04-23,148331,253749,3464.0,10859.0,507722,8442.0,-105418,-7395.0
EURO FX - CHICAGO MERCANTILE EXCHANGE,2019-04-30,153821,259365,5490.0,5616.0,517935,10213.0,-105544,-126.0
EURO FX - CHICAGO MERCANTILE EXCHANGE,2019-05-07,152633,258738,-1188.0,-627.0,516282,-1653.0,-106105,-561.0
EURO FX - CHICAGO MERCANTILE EXCHANGE,2019-05-14,150681,245982,-1952.0,-12756.0,504460,-11822.0,-95301,10804.0
EURO FX - CHICAGO MERCANTILE EXCHANGE,2019-05-21,149873,250975,-808.0,4993.0,516122,11662.0,-101102,-5801.0
EURO FX - CHICAGO MERCANTILE EXCHANGE,2019-05-28,151129,250820,1256.0,-155.0,536798,20676.0,-99691,1411.0
EURO FX - CHICAGO MERCANTILE EXCHANGE,2019-06-04,155771,243322,4642.0,-7498.0,517428,-19370.0,-87551,12140.0
EURO FX - CHICAGO MERCANTILE EXCHANGE,2019-06-11,149661,236453,-6110.0,-6869.0,542810,25382.0,-86792,759.0
EURO FX - CHICAGO MERCANTILE EXCHANGE,2019-06-18,162795,215125,13134.0,-21328.0,503825,-38985.0,-52330,34462.0
EURO FX - CHICAGO MERCANTILE EXCHANGE,2019-06-25,159285,215580,-3510.0,455.0,521907,18082.0,-56295,-3965.0
EURO FX - CHICAGO MERCANTILE EXCHANGE,2019-07-02,157122,188855,-2163.0,-26725.0,520970,-937.0,-31733,24562.0
EURO FX - CHICAGO MERCANTILE EXCHANGE,2019-07-09,158398,194263,1276.0,5408.0,521379,409.0,-35865,-4132.0
EURO FX - CHICAGO MERCANTILE EXCHANGE,2019-07-16,170487,201838,12089.0,7575.0,535848,14469.0,-31351,4514.0
EURO FX - CHICAGO MERCANTILE EXCHANGE,2019-07-23,173483,212487,2996.0,10649.0,541102,5254.0,-39004,-7653.0
EURO FX - CHICAGO MERCANTILE EXCHANGE,2019-07-30,175132,229115,1649.0,16628.0,563024,21922.0,-53983,-14979.0
EURO FX - CHICAGO MERCANTILE EXCHANGE,2019-08-06,177988,221998,2856.0,-7117.0,545453,-17571.0,-44010,9973.0
EURO FX - CHICAGO MERCANTILE EXCHANGE,2019-08-13,167214,213863,-10774.0,-8135.0,550607,5154.0,-46649,-2639.0
EURO FX - CHICAGO MERCANTILE EXCHANGE,2019-08-20,168455,206432,1241.0,-7431.0,542806,-7801.0,-37977,8672.0
EURO FX - CHICAGO MERCANTILE EXCHANGE,2019-08-27,173451,212255,4996.0,5823.0,525065,-17741.0,-38804,-827.0
EURO FX - CHICAGO MERCANTILE EXCHANGE,2019-09-03,186144,235280,12693.0,23025.0,546954,21889.0,-49136,-10332.0
EURO FX - CHICAGO MERCANTILE EXCHANGE,2019-09-10,180535,230377,-5609.0,-4903.0,585117,38163.0,-49842,-706.0
EURO FX - CHICAGO MERCANTILE EXCHANGE,2019-09-17,164272,232831,-16263.0,2454.0,503272,-81845.0,-68559,-18717.0
EURO FX - CHICAGO MERCANTILE EXCHANGE,2019-09-24,160687,221409,-3585.0,-11422.0,502612,-660.0,-60722,7837.0
EURO FX - CHICAGO MERCANTILE EXCHANGE,2019-10-01,172258,238236,11571.0,16827.0,511934,9322.0,-65978,-5256.0
EURO FX - CHICAGO MERCANTILE EXCHANGE,2019-10-08,162777,238190,-9481.0,-46.0,514638,2704.0,-75413,-9435.0
EURO FX - CHICAGO MERCANTILE EXCHANGE,2019-10-15,153261,230127,-9516.0,-8063.0,517182,2544.0,-76866,-1453.0
EURO FX - CHICAGO MERCANTILE EXCHANGE,2019-10-22,168653,219703,15392.0,-10424.0,528545,11363.0,-51050,25816.0
EURO FX - CHICAGO MERCANTILE EXCHANGE,2019-10-29,166540,219895,-2113.0,192.0,538847,10302.0,-53355,-2305.0
EURO FX - CHICAGO MERCANTILE EXCHANGE,2019-11-05,164183,224929,-2357.0,5034.0,563336,24489.0,-60746,-7391.0
EURO FX - CHICAGO MERCANTILE EXCHANGE,2019-11-12,170250,227919,6067.0,2990.0,569527,6191.0,-57669,3077.0
EURO FX - CHICAGO MERCANTILE EXCHANGE,2019-11-19,163898,226401,-6352.0,-1518.0,577689,8162.0,-62503,-4834.0
EURO FX - CHICAGO MERCANTILE EXCHANGE,2019-11-26,169916,231332,6018.0,4931.0,578450,761.0,-61416,1087.0
EURO FX - CHICAGO MERCANTILE EXCHANGE,2019-12-03,164392,233441,-5524.0,2109.0,590124,11674.0,-69049,-7633.0
EURO FX - CHICAGO MERCANTILE EXCHANGE,2019-12-10,164732,232375,340.0,-1066.0,646417,56293.0,-67643,1406.0
EURO FX - CHICAGO MERCANTILE EXCHANGE,2019-12-17,165355,231049,623.0,-1326.0,542923,-103494.0,-65694,1949.0
EURO FX - CHICAGO MERCANTILE EXCHANGE,2019-12-24,160263,233206,-5092.0,2157.0,540395,-2528.0,-72943,-7249.0
EURO FX - CHICAGO MERCANTILE EXCHANGE,2019-12-31,168852,243197,8589.0,9991.0,557585,17190.0,-74345,-1402.0
EURO FX - CHICAGO MERCANTILE EXCHANGE,2020-01-07,164813,226477,-4039.0,-16720.0,555940,-1645.0,-61664,12681.0
EURO FX - CHICAGO MERCANTILE EXCHANGE,2020-01-14,163881,212063,-932.0,-14414.0,571239,15299.0,-48182,13482.0
EURO FX - CHICAGO MERCANTILE EXCHANGE,2020-01-21,168216,215235,4335.0,3172.0,582164,10925.0,-47019,1163.0
EURO FX - CHICAGO MERCANTILE EXCHANGE,2020-01-28,180653,239515,12437.0,24280.0,598793,16629.0,-58862,-11843.0
EURO FX - CHICAGO MERCANTILE EXCHANGE,2020-02-04,166925,242005,-13728.0,2490.0,594698,-4095.0,-75080,-16218.0
EURO FX - CHICAGO MERCANTILE EXCHANGE,2020-02-11,169475,255144,2550.0,13139.0,612444,17746.0,-85669,-10589.0
EURO FX - CHICAGO MERCANTILE EXCHANGE,2020-02-18,170586,262093,1111.0,6949.0,617487,5043.0,-91507,-5838.0
EURO FX - CHICAGO MERCANTILE EXCHANGE,2020-02-25,157587,271608,-12999.0,9515.0,625563,8076.0,-114021,-22514.0
EURO FX - CHICAGO MERCANTILE EXCHANGE,2020-03-03,151904,238607,-5683.0,-33001.0,640357,14794.0,-86703,27318.0
EURO FX - CHICAGO MERCANTILE EXCHANGE,2020-03-10,153820,166487,1916.0,-72120.0,659151,18794.0,-12667,74036.0
EURO FX - CHICAGO MERCANTILE EXCHANGE,2020-03-17,147133,114638,-6687.0,-51849.0,588116,-71035.0,32495,45162.0
EURO FX - CHICAGO MERCANTILE EXCHANGE,2020-03-24,152360,91070,5227.0,-23568.0,571086,-17030.0,61290,28795.0
EURO FX - CHICAGO MERCANTILE EXCHANGE,2020-03-31,155047,80800,2687.0,-10270.0,551752,-19334.0,74247,12957.0
EURO FX - CHICAGO MERCANTILE EXCHANGE,2020-04-07,161185,81561,6138.0,761.0,554697,2945.0,79624,5377.0
EURO FX - CHICAGO MERCANTILE EXCHANGE,2020-04-14,165078,78461,3893.0,-3100.0,543361,-11336.0,86617,6993.0
EURO FX - CHICAGO MERCANTILE EXCHANGE,2020-04-21,170378,83160,5300.0,4699.0,546661,3300.0,87218,601.0
EURO FX - CHICAGO MERCANTILE EXCHANGE,2020-04-28,167264,87583,-3114.0,4423.0,545082,-1579.0,79681,-7537.0
EURO FX - CHICAGO MERCANTILE EXCHANGE,2020-05-05,169272,92973,2008.0,5390.0,541624,-3458.0,76299,-3382.0
EURO FX - CHICAGO MERCANTILE EXCHANGE,2020-05-12,171980,93840,2708.0,867.0,547329,5705.0,78140,1841.0
EURO FX - CHICAGO MERCANTILE EXCHANGE,2020-05-19,167756,95194,-4224.0,1354.0,547206,-123.0,72562,-5578.0
EURO FX - CHICAGO MERCANTILE EXCHANGE,2020-05-26,175034,99812,7278.0,4618.0,556749,9543.0,75222,2660.0
EURO FX - CHICAGO MERCANTILE EXCHANGE,2020-06-02,174412,93172,-622.0,-6640.0,583384,26635.0,81240,6018.0
EURO FX - CHICAGO MERCANTILE EXCHANGE,2020-06-09,184669,89020,10257.0,-4152.0,592915,9531.0,95649,14409.0
EURO FX - CHICAGO MERCANTILE EXCHANGE,2020-06-16,187120,69988,2451.0,-19032.0,574939,-17976.0,117132,21483.0
EURO FX - CHICAGO MERCANTILE EXCHANGE,2020-06-23,190816,72368,3696.0,2380.0,585421,10482.0,118448,1316.0
EURO FX - CHICAGO MERCANTILE EXCHANGE,2020-06-30,180387,81432,-10429.0,9064.0,579738,-5683.0,98955,-19493.0
EURO FX - CHICAGO MERCANTILE EXCHANGE,2020-07-07,185159,81562,4772.0,130.0,593341,13603.0,103597,4642.0
EURO FX - CHICAGO MERCANTILE EXCHANGE,2020-07-14,194252,83340,9093.0,1778.0,604982,11641.0,110912,7315.0
EURO FX - CHICAGO MERCANTILE EXCHANGE,2020-07-21,204185,79138,9933.0,-4202.0,636212,31230.0,125047,14135.0
EURO FX - CHICAGO MERCANTILE EXCHANGE,2020-07-28,242127,84568,37942.0,5430.0,678965,42753.0,157559,32512.0
EURO FX - CHICAGO MERCANTILE EXCHANGE,2020-08-04,262109,81461,19982.0,-3107.0,704875,25910.0,180648,23089.0
EURO FX - CHICAGO MERCANTILE EXCHANGE,2020-08-11,266078,66327,3969.0,-15134.0,706458,1583.0,199751,19103.0
EURO FX - CHICAGO MERCANTILE EXCHANGE,2020-08-18,259244,62301,-6834.0,-4026.0,704050,-2408.0,196943,-2808.0
EURO FX - CHICAGO MERCANTILE EXCHANGE,2020-08-25,262061,50309,2817.0,-11992.0,704077,27.0,211752,14809.0
EURO FX - CHICAGO MERCANTILE EXCHANGE,2020-09-01,250867,54120,-11194.0,3811.0,698211,-5866.0,196747,-15005.0
EURO FX - CHICAGO MERCANTILE EXCHANGE,2020-09-08,248683,51869,-2184.0,-2251.0,690782,-7429.0,196814,67.0
EURO FX - CHICAGO MERCANTILE EXCHANGE,2020-09-15,230695,52119,-17988.0,250.0,658174,-32608.0,178576,-18238.0
EURO FX - CHICAGO MERCANTILE EXCHANGE,2020-09-22,247049,56227,16354.0,4108.0,666412,8238.0,190822,12246.0
EURO FX - CHICAGO MERCANTILE EXCHANGE,2020-09-29,241967,53851,-5082.0,-2376.0,655912,-10500.0,188116,-2706.0
EURO FX - CHICAGO MERCANTILE EXCHANGE,2020-10-06,231369,57061,-10598.0,3210.0,652135,-3777.0,174308,-13808.0
EURO FX - CHICAGO MERCANTILE EXCHANGE,2020-10-13,228295,59658,-3074.0,2597.0,646165,-5970.0,168637,-5671.0
EURO FX - CHICAGO MERCANTILE EXCHANGE,2020-10-20,229878,63935,1583.0,4277.0,644667,-1498.0,165943,-2694.0
EURO FX - CHICAGO MERCANTILE EXCHANGE,2020-10-27,217443,61888,-12435.0,-2047.0,636778,-7889.0,155555,-10388.0
EURO FX - CHICAGO MERCANTILE EXCHANGE,2020-11-03,208237,67888,-9206.0,6000.0,627754,-9024.0,140349,-15206.0
EURO FX - CHICAGO MERCANTILE EXCHANGE,2020-11-10,202374,67087,-5863.0,-801.0,638993,11239.0,135287,-5062.0
EURO FX - CHICAGO MERCANTILE EXCHANGE,2020-11-17,203551,69591,1177.0,2504.0,637946,-1047.0,133960,-1327.0
EURO FX - CHICAGO MERCANTILE EXCHANGE,2020-11-24,206354,68104,2803.0,-1487.0,644566,6620.0,138250,4290.0
EURO FX - CHICAGO MERCANTILE EXCHANGE,2020-12-01,207302,67408,948.0,-696.0,654257,9691.0,139894,1644.0
EURO FX - CHICAGO MERCANTILE EXCHANGE,2020-12-08,222521,66092,15219.0,-1316.0,683351,29094.0,156429,16535.0
EURO FX - CHICAGO MERCANTILE EXCHANGE,2020-12-15,218710,76877,-3811.0,10785.0,657046,-26305.0,141833,-14596.0
EURO FX - CHICAGO MERCANTILE EXCHANGE,2020-12-21,222443,78541,3733.0,1664.0,659499,2453.0,143902,2069.0
EURO FX - CHICAGO MERCANTILE EXCHANGE,2020-12-29,222848,79772,405.0,1231.0,671643,12144.0,143076,-826.0
EURO FX - CHICAGO MERCANTILE EXCHANGE,2021-01-05,224832,81841,1984.0,2069.0,673532,1889.0,142991,-85.0
EURO FX - CHICAGO MERCANTILE EXCHANGE,2021-01-12,228757,72867,3925.0,-8974.0,677952,4420.0,155890,12899.0
EURO FX - CHICAGO MERCANTILE EXCHANGE,2021-01-19,236533,73067,7776.0,200.0,676515,-1437.0,163466,7576.0
EURO FX - CHICAGO MERCANTILE EXCHANGE,2021-01-26,238099,72755,1566.0,-312.0,677432,917.0,165344,1878.0
EURO FX - CHICAGO MERCANTILE EXCHANGE,2021-02-02,216887,79884,-21212.0,7129.0,675520,-1912.0,137003,-28341.0
EURO FX - CHICAGO MERCANTILE EXCHANGE,2021-02-09,220943,80721,4056.0,837.0,673116,-2404.0,140222,3219.0
EURO FX - CHICAGO MERCANTILE EXCHANGE,2021-02-16,222895,82889,1952.0,2168.0,675761,2645.0,140006,-216.0
EURO FX - CHICAGO MERCANTILE EXCHANGE,2021-02-23,228501,90136,5606.0,7247.0,696916,21155.0,138365,-1641.0
EURO FX - CHICAGO MERCANTILE EXCHANGE,2021-03-02,222655,96667,-5846.0,6531.0,698229,1313.0,125988,-12377.0
EURO FX - CHICAGO MERCANTILE EXCHANGE,2021-03-09,207588,105624,-15067.0,8957.0,722123,23894.0,101964,-24024.0
EURO FX - CHICAGO MERCANTILE EXCHANGE,2021-03-16,195857,105881,-11731.0,257.0,638977,-83146.0,89976,-11988.0
EURO FX - CHICAGO MERCANTILE EXCHANGE,2021-03-23,195500,102178,-357.0,-3703.0,641428,2451.0,93322,3346.0
EURO FX - CHICAGO MERCANTILE EXCHANGE,2021-03-30,194763,121024,-737.0,18846.0,645121,3693.0,73739,-19583.0
EURO FX - CHICAGO MERCANTILE EXCHANGE,2021-04-06,192230,124708,-2533.0,3684.0,642671,-2450.0,67522,-6217.0
EURO FX - CHICAGO MERCANTILE EXCHANGE,2021-04-13,190640,123789,-1590.0,-919.0,648681,6010.0,66851,-671.0
EURO FX - CHICAGO MERCANTILE EXCHANGE,2021-04-20,197137,116329,6497.0,-7460.0,661640,12959.0,80808,13957.0
EURO FX - CHICAGO MERCANTILE EXCHANGE,2021-04-27,200415,119448,3278.0,3119.0,672072,10432.0,80967,159.0
EURO FX - CHICAGO MERCANTILE EXCHANGE,2021-05-04,206472,121643,6057.0,2195.0,677397,5325.0,84829,3862.0
EURO FX - CHICAGO MERCANTILE EXCHANGE,2021-05-11,223387,129480,16915.0,7837.0,697211,19814.0,93907,9078.0
EURO FX - CHICAGO MERCANTILE EXCHANGE,2021-05-18,232330,132472,8943.0,2992.0,727631,30420.0,99858,5951.0
EURO FX - CHICAGO MERCANTILE EXCHANGE,2021-05-25,236103,132103,3773.0,-369.0,738138,10507.0,104000,4142.0
EURO FX - CHICAGO MERCANTILE EXCHANGE,2021-06-01,237360,128038,1257.0,-4065.0,742079,3941.0,109322,5322.0
EURO FX - CHICAGO MERCANTILE EXCHANGE,2021-06-08,232103,124890,-5257.0,-3148.0,743159,1080.0,107213,-2109.0
EURO FX - CHICAGO MERCANTILE EXCHANGE,2021-06-15,210816,92630,-21287.0,-32260.0,694722,-48437.0,118186,10973.0
EURO FX - CHICAGO MERCANTILE EXCHANGE,2021-06-22,207863,118806,-2953.0,26176.0,694804,82.0,89057,-29129.0
EURO FX - CHICAGO MERCANTILE EXCHANGE,2021-06-29,209058,121912,1195.0,3106.0,697425,2621.0,87146,-1911.0
EURO FX - CHICAGO MERCANTILE EXCHANGE,2021-07-06,212998,135808,3940.0,13896.0,699383,1958.0,77190,-9956.0
EURO FX - CHICAGO MERCANTILE EXCHANGE,2021-07-13,212851,153138,-147.0,17330.0,688952,-10431.0,59713,-17477.0
EURO FX - CHICAGO MERCANTILE EXCHANGE,2021-07-20,208669,162847,-4182.0,9709.0,683075,-5877.0,45822,-13891.0
EURO FX - CHICAGO MERCANTILE EXCHANGE,2021-07-27,202245,164119,-6424.0,1272.0,678008,-5067.0,38126,-7696.0
EURO FX - CHICAGO MERCANTILE EXCHANGE,2021-08-03,199067,161060,-3178.0,-3059.0,674491,-3517.0,38007,-119.0
EURO FX - CHICAGO MERCANTILE EXCHANGE,2021-08-10,212809,178952,13742.0,17892.0,702098,27607.0,33857,-4150.0
EURO FX - CHICAGO MERCANTILE EXCHANGE,2021-08-17,233529,175889,20720.0,-3063.0,694792,-7306.0,57640,23783.0
EURO FX - CHICAGO MERCANTILE EXCHANGE,2021-08-24,194169,169539,-39360.0,-6350.0,698547,3755.0,24630,-33010.0
EURO FX - CHICAGO MERCANTILE EXCHANGE,2021-08-31,190593,180117,-3576.0,10578.0,705110,6563.0,10476,-14154.0
EURO FX - CHICAGO MERCANTILE EXCHANGE,2021-09-07,189904,163596,-689.0,-16521.0,696734,-8376.0,26308,15832.0
EURO FX - CHICAGO MERCANTILE EXCHANGE,2021-09-14,186554,158749,-3350.0,-4847.0,653102,-43632.0,27805,1497.0
EURO FX - CHICAGO MERCANTILE EXCHANGE,2021-09-21,189406,177311,2852.0,18562.0,663519,10417.0,12095,-15710.0
EURO FX - CHICAGO MERCANTILE EXCHANGE,2021-09-28,195043,194171,5637.0,16860.0,668067,4548.0,872,-11223.0
EURO FX - CHICAGO MERCANTILE EXCHANGE,2021-10-05,196819,219153,1776.0,24982.0,693591,25524.0,-22334,-23206.0
EURO FX - CHICAGO MERCANTILE EXCHANGE,2021-10-12,202512,220910,5693.0,1757.0,695329,1738.0,-18398,3936.0
EURO FX - CHICAGO MERCANTILE EXCHANGE,2021-10-19,193320,205427,-9192.0,-15483.0,679418,-15911.0,-12107,6291.0
EURO FX - CHICAGO MERCANTILE EXCHANGE,2021-10-26,196880,208136,3560.0,2709.0,680374,956.0,-11256,851.0
EURO FX - CHICAGO MERCANTILE EXCHANGE,2021-11-02,191496,197634,-5384.0,-10502.0,678024,-2350.0,-6138,5118.0
EURO FX - CHICAGO MERCANTILE EXCHANGE,2021-11-09,192544,188771,1048.0,-8863.0,678368,344.0,3773,9911.0
EURO FX - CHICAGO MERCANTILE EXCHANGE,2021-11-16,198181,202007,5637.0,13236.0,705698,27330.0,-3826,-7599.0
EURO FX - CHICAGO MERCANTILE EXCHANGE,2021-11-23,204214,220666,6033.0,18659.0,711685,5987.0,-16452,-12626.0
EURO FX - CHICAGO MERCANTILE EXCHANGE,2021-11-30,191048,214288,-13166.0,-6378.0,705409,-6276.0,-23240,-6788.0
EURO FX - CHICAGO MERCANTILE EXCHANGE,2021-12-07,194869,203168,3821.0,-11120.0,716213,10804.0,-8299,14941.0
EURO FX - CHICAGO MERCANTILE EXCHANGE,2021-12-14,189530,201409,-5339.0,-1759.0,661711,-54502.0,-11879,-3580.0
EURO FX - CHICAGO MERCANTILE EXCHANGE,2021-12-21,196595,206757,7065.0,5348.0,672239,10528.0,-10162,1717.0
EURO FX - CHICAGO MERCANTILE EXCHANGE,2021-12-28,198617,205251,2022.0,-1506.0,673273,1034.0,-6634,3528.0
EURO FX - CHICAGO MERCANTILE EXCHANGE,2022-01-04,199073,200627,456.0,-4624.0,678218,4945.0,-1554,5080.0
EURO FX - CHICAGO MERCANTILE EXCHANGE,2022-01-11,204361,198356,5288.0,-2271.0,682293,4075.0,6005,7559.0
EURO FX - CHICAGO MERCANTILE EXCHANGE,2022-01-18,211901,187317,7540.0,-11039.0,691882,9589.0,24584,18579.0
EURO FX - CHICAGO MERCANTILE EXCHANGE,2022-01-25,213408,181848,1507.0,-5469.0,682952,-8930.0,31560,6976.0
EURO FX - CHICAGO MERCANTILE EXCHANGE,2022-02-01,213563,183847,155.0,1999.0,685431,2479.0,29716,-1844.0
EURO FX - CHICAGO MERCANTILE EXCHANGE,2022-02-08,218973,180131,5410.0,-3716.0,700098,14667.0,38842,9126.0
EURO FX - CHICAGO MERCANTILE EXCHANGE,2022-02-15,217899,170318,-1074.0,-9813.0,702047,1949.0,47581,8739.0
EURO FX - CHICAGO MERCANTILE EXCHANGE,2022-02-22,214195,154889,-3704.0,-15429.0,696682,-5365.0,59306,11725.0
EURO FX - CHICAGO MERCANTILE EXCHANGE,2022-03-01,228385,163446,14190.0,8557.0,719975,23293.0,64939,5633.0
EURO FX - CHICAGO MERCANTILE EXCHANGE,2022-03-08,242683,183839,14298.0,20393.0,738990,19015.0,58844,-6095.0
EURO FX - CHICAGO MERCANTILE EXCHANGE,2022-03-15,202040,183246,-40643.0,-593.0,666010,-72980.0,18794,-40050.0
EURO FX - CHICAGO MERCANTILE EXCHANGE,2022-03-22,207051,183208,5011.0,-38.0,658817,-7193.0,23843,5049.0
EURO FX - CHICAGO MERCANTILE EXCHANGE,2022-03-29,200043,178669,-7008.0,-4539.0,662415,3598.0,21374,-2469.0
EURO FX - CHICAGO MERCANTILE EXCHANGE,2022-04-05,210914,183544,10871.0,4875.0,663589,1174.0,27370,5996.0
EURO FX - CHICAGO MERCANTILE EXCHANGE,2022-04-12,221645,182585,10731.0,-959.0,678607,15018.0,39060,11690.0
EURO FX - CHICAGO MERCANTILE EXCHANGE,2022-04-19,221003,189702,-642.0,7117.0,675939,-2668.0,31301,-7759.0
EURO FX - CHICAGO MERCANTILE EXCHANGE,2022-04-26,222993,200792,1990.0,11090.0,688449,12510.0,22201,-9100.0
EURO FX - CHICAGO MERCANTILE EXCHANGE,2022-05-03,208449,214827,-14544.0,14035.0,694926,6477.0,-6378,-28579.0
EURO FX - CHICAGO MERCANTILE EXCHANGE,2022-05-10,228230,211701,19781.0,-3126.0,705046,10120.0,16529,22907.0
EURO FX - CHICAGO MERCANTILE EXCHANGE,2022-05-17,230770,210431,2540.0,-1270.0,706712,1666.0,20339,3810.0
EURO FX - CHICAGO MERCANTILE EXCHANGE,2022-05-24,237072,198142,6302.0,-12289.0,708938,2226.0,38930,18591.0
EURO FX - CHICAGO MERCANTILE EXCHANGE,2022-05-31,236553,184281,-519.0,-13861.0,706317,-2621.0,52272,13342.0
EURO FX - CHICAGO MERCANTILE EXCHANGE,2022-06-07,230248,179705,-6305.0,-4576.0,730667,24350.0,50543,-1729.0
EURO FX - CHICAGO MERCANTILE EXCHANGE,2022-06-14,206986,213004,-23262.0,33299.0,668164,-62503.0,-6018,-56561.0
EURO FX - CHICAGO MERCANTILE EXCHANGE,2022-06-21,195554,211159,-11432.0,-1845.0,671718,3554.0,-15605,-9587.0
EURO FX - CHICAGO MERCANTILE EXCHANGE,2022-06-28,189414,200010,-6140.0,-11149.0,671472,-246.0,-10596,5009.0
EURO FX - CHICAGO MERCANTILE EXCHANGE,2022-07-05,197138,213990,7724.0,13980.0,673772,2300.0,-16852,-6256.0
EURO FX - CHICAGO MERCANTILE EXCHANGE,2022-07-12,197240,222484,102.0,8494.0,682031,8259.0,-25244,-8392.0
EURO FX - CHICAGO MERCANTILE EXCHANGE,2022-07-19,195875,238620,-1365.0,16136.0,694106,12075.0,-42745,-17501.0
EURO FX - CHICAGO MERCANTILE EXCHANGE,2022-07-26,198041,239625,2166.0,1005.0,694099,-7.0,-41584,1161.0
EURO FX - CHICAGO MERCANTILE EXCHANGE,2022-08-02,191692,230503,-6349.0,-9122.0,683883,-10216.0,-38811,2773.0
EURO FX - CHICAGO MERCANTILE EXCHANGE,2022-08-09,200088,234624,8396.0,4121.0,692398,8515.0,-34536,4275.0
EURO FX - CHICAGO MERCANTILE EXCHANGE,2022-08-16,199226,242010,-862.0,7386.0,698570,6172.0,-42784,-8248.0
EURO FX - CHICAGO MERCANTILE EXCHANGE,2022-08-23,210825,254934,11599.0,12924.0,717921,19351.0,-44109,-1325.0
EURO FX - CHICAGO MERCANTILE EXCHANGE,2022-08-30,202258,249934,-8567.0,-5000.0,720081,2160.0,-47676,-3567.0
EURO FX - CHICAGO MERCANTILE EXCHANGE,2022-09-06,205277,241626,3019.0,-8308.0,721678,1597.0,-36349,11327.0
EURO FX - CHICAGO MERCANTILE EXCHANGE,2022-09-13,207778,219615,2501.0,-22011.0,742244,20566.0,-11837,24512.0
EURO FX - CHICAGO MERCANTILE EXCHANGE,2022-09-20,206564,173115,-1214.0,-46500.0,657952,-84292.0,33449,45286.0
EURO FX - CHICAGO MERCANTILE EXCHANGE,2022-09-27,208736,174939,2172.0,1824.0,654142,-3810.0,33797,348.0
EURO FX - CHICAGO MERCANTILE EXCHANGE,2022-10-04,199391,155709,-9345.0,-19230.0,640458,-13684.0,43682,9885.0
EURO FX - CHICAGO MERCANTILE EXCHANGE,2022-10-11,196136,158637,-3255.0,2928.0,639348,-1110.0,37499,-6183.0
EURO FX - CHICAGO MERCANTILE EXCHANGE,2022-10-18,202703,154553,6567.0,-4084.0,640469,1121.0,48150,10651.0
EURO FX - CHICAGO MERCANTILE EXCHANGE,2022-10-25,226734,151825,24031.0,-2728.0,666719,26250.0,74909,26759.0
EURO FX - CHICAGO MERCANTILE EXCHANGE,2022-11-01,239770,133980,13036.0,-17845.0,671729,5010.0,105790,30881.0
EURO FX - CHICAGO MERCANTILE EXCHANGE,2022-11-08,232317,124718,-7453.0,-9262.0,667902,-3827.0,107599,1809.0
EURO FX - CHICAGO MERCANTILE EXCHANGE,2022-11-15,239369,126703,7052.0,1985.0,682575,14673.0,112666,5067.0
EURO FX - CHICAGO MERCANTILE EXCHANGE,2022-11-22,239598,116486,229.0,-10217.0,680873,-1702.0,123112,10446.0
EURO FX - CHICAGO MERCANTILE EXCHANGE,2022-11-29,241122,118875,1524.0,2389.0,695776,14903.0,122247,-865.0
EURO FX - CHICAGO MERCANTILE EXCHANGE,2022-12-06,245063,120180,3941.0,1305.0,711537,15761.0,124883,2636.0
EURO FX - CHICAGO MERCANTILE EXCHANGE,2022-12-13,236415,111700,-8648.0,-8480.0,772800,61263.0,124715,-168.0
EURO FX - CHICAGO MERCANTILE EXCHANGE,2022-12-20,249149,106877,12734.0,-4823.0,725968,-46832.0,142272,17557.0
EURO FX - CHICAGO MERCANTILE EXCHANGE,2022-12-27,251887,105725,2738.0,-1152.0,728387,2419.0,146162,3890.0
EURO FX - CHICAGO MERCANTILE EXCHANGE,2023-01-03,222543,92628,-29344.0,-13097.0,712030,-16357.0,129915,-16247.0
EURO FX - CHICAGO MERCANTILE EXCHANGE,2023-01-10,238623,103641,16080.0,11013.0,746163,34133.0,134982,5067.0
EURO FX - CHICAGO MERCANTILE EXCHANGE,2023-01-17,228279,101295,-10344.0,-2346.0,753915,7752.0,126984,-7998.0
EURO FX - CHICAGO MERCANTILE EXCHANGE,2023-01-24,237743,103394,9464.0,2099.0,777569,23654.0,134349,7365.0
EURO FX - CHICAGO MERCANTILE EXCHANGE,2023-01-31,246755,96246,9012.0,-7148.0,796738,19169.0,150509,16160.0
EURO FX - CHICAGO MERCANTILE EXCHANGE,2023-02-07,238338,73300,-8417.0,-22946.0,781287,-15451.0,165038,14529.0
EURO FX - CHICAGO MERCANTILE EXCHANGE,2023-02-14,236574,72668,-1764.0,-632.0,788633,7346.0,163906,-1132.0
EURO FX - CHICAGO MERCANTILE EXCHANGE,2023-02-21,236414,71346,-160.0,-1322.0,789898,1265.0,165068,1162.0
EURO FX - CHICAGO MERCANTILE EXCHANGE,2023-02-28,240766,78567,4352.0,7221.0,803963,14065.0,162199,-2869.0
EURO FX - CHICAGO MERCANTILE EXCHANGE,2023-03-07,233880,85432,-6886.0,6865.0,821057,17094.0,148448,-13751.0
EURO FX - CHICAGO MERCANTILE EXCHANGE,2023-03-14,222313,82357,-11567.0,-3075.0,745403,-75654.0,139956,-8492.0
EURO FX - CHICAGO MERCANTILE EXCHANGE,2023-03-21,215825,70983,-6488.0,-11374.0,737437,-7966.0,144842,4886.0
EURO FX - CHICAGO MERCANTILE EXCHANGE,2023-03-28,222918,77893,7093.0,6910.0,732506,-4931.0,145025,183.0
EURO FX - CHICAGO MERCANTILE EXCHANGE,2023-04-04,225416,82023,2498.0,4130.0,747095,14589.0,143393,-1632.0
EURO FX - CHICAGO MERCANTILE EXCHANGE,2023-04-11,244180,80842,18764.0,-1181.0,759439,12344.0,163338,19945.0
EURO FX - CHICAGO MERCANTILE EXCHANGE,2023-04-18,242369,78008,-1811.0,-2834.0,766374,6935.0,164361,1023.0
EURO FX - CHICAGO MERCANTILE EXCHANGE,2023-04-25,243516,74116,1147.0,-3892.0,772882,6508.0,169400,5039.0
EURO FX - CHICAGO MERCANTILE EXCHANGE,2023-05-02,246832,73343,3316.0,-773.0,779458,6576.0,173489,4089.0
EURO FX - CHICAGO MERCANTILE EXCHANGE,2023-05-09,260335,80913,13503.0,7570.0,794721,15263.0,179422,5933.0
EURO FX - CHICAGO MERCANTILE EXCHANGE,2023-05-16,258736,71647,-1599.0,-9266.0,789930,-4791.0,187089,7667.0
EURO FX - CHICAGO MERCANTILE EXCHANGE,2023-05-23,250070,76334,-8666.0,4687.0,781123,-8807.0,173736,-13353.0
EURO FX - CHICAGO MERCANTILE EXCHANGE,2023-05-30,241817,76092,-8253.0,-242.0,775142,-5981.0,165725,-8011.0
EURO FX - CHICAGO MERCANTILE EXCHANGE,2023-06-06,236060,77639,-5757.0,1547.0,781967,6825.0,158421,-7304.0
EURO FX - CHICAGO MERCANTILE EXCHANGE,2023-06-13,226138,74316,-9922.0,-3323.0,818294,36327.0,151822,-6599.0
EURO FX - CHICAGO MERCANTILE EXCHANGE,2023-06-20,229399,84750,3261.0,10434.0,732979,-85315.0,144649,-7173.0
EURO FX - CHICAGO MERCANTILE EXCHANGE,2023-06-27,223977,78949,-5422.0,-5801.0,732123,-856.0,145028,379.0
EURO FX - CHICAGO MERCANTILE EXCHANGE,2023-07-03,221272,78435,-2705.0,-514.0,725927,-6196.0,142837,-2191.0
EURO FX - CHICAGO MERCANTILE EXCHANGE,2023-07-11,224351,84189,3079.0,5754.0,736056,10129.0,140162,-2675.0
EURO FX - CHICAGO MERCANTILE EXCHANGE,2023-07-18,264514,85682,40163.0,1493.0,783132,47076.0,178832,38670.0
EURO FX - CHICAGO MERCANTILE EXCHANGE,2023-07-25,250647,73417,-13867.0,-12265.0,772408,-10724.0,177230,-1602.0
EURO FX - CHICAGO MERCANTILE EXCHANGE,2023-08-01,240074,68012,-10573.0,-5405.0,755156,-17252.0,172062,-5168.0
EURO FX - CHICAGO MERCANTILE EXCHANGE,2023-08-08,228048,78237,-12026.0,10225.0,760968,5812.0,149811,-22251.0
EURO FX - CHICAGO MERCANTILE EXCHANGE,2023-08-15,232466,72603,4418.0,-5634.0,760233,-735.0,159863,10052.0
EURO FX - CHICAGO MERCANTILE EXCHANGE,2023-08-22,239391,80631,6925.0,8028.0,750486,-9747.0,158760,-1103.0
EURO FX - CHICAGO MERCANTILE EXCHANGE,2023-08-29,230542,83863,-8849.0,3232.0,748127,-2359.0,146679,-12081.0
EURO FX - CHICAGO MERCANTILE EXCHANGE,2023-09-05,235732,99501,5190.0,15638.0,754263,6136.0,136231,-10448.0
EURO FX - CHICAGO MERCANTILE EXCHANGE,2023-09-12,212376,99296,-23356.0,-205.0,743759,-10504.0,113080,-23151.0
EURO FX - CHICAGO MERCANTILE EXCHANGE,2023-09-19,207424,105443,-4952.0,6147.0,695343,-48416.0,101981,-11099.0
EURO FX - CHICAGO MERCANTILE EXCHANGE,2023-09-26,211516,113117,4092.0,7674.0,699271,3928.0,98399,-3582.0
EURO FX - CHICAGO MERCANTILE EXCHANGE,2023-10-03,211783,132840,267.0,19723.0,702433,3162.0,78943,-19456.0
EURO FX - CHICAGO MERCANTILE EXCHANGE,2023-10-10,207522,131990,-4261.0,-850.0,687382,-15051.0,75532,-3411.0
EURO FX - CHICAGO MERCANTILE EXCHANGE,2023-10-17,214313,131903,6791.0,-87.0,695676,8294.0,82410,6878.0
EURO FX - CHICAGO MERCANTILE EXCHANGE,2023-10-24,215569,130316,1256.0,-1587.0,702668,6992.0,85253,2843.0
EURO FX - CHICAGO MERCANTILE EXCHANGE,2023-10-31,210834,125445,-4735.0,-4871.0,694962,-7706.0,85389,136.0
EURO FX - CHICAGO MERCANTILE EXCHANGE,2023-11-07,212483,123427,1649.0,-2018.0,697624,2662.0,89056,3667.0
EURO FX - CHICAGO MERCANTILE EXCHANGE,2023-11-14,221190,112283,8707.0,-11144.0,702463,4839.0,108907,19851.0
EURO FX - CHICAGO MERCANTILE EXCHANGE,2023-11-21,231095,101441,9905.0,-10842.0,712364,9901.0,129654,20747.0
EURO FX - CHICAGO MERCANTILE EXCHANGE,2023-11-28,233454,90289,2359.0,-11152.0,727138,14774.0,143165,13511.0
EURO FX - CHICAGO MERCANTILE EXCHANGE,2023-12-05,235684,83324,2230.0,-6965.0,756615,29477.0,152360,9195.0
EURO FX - CHICAGO MERCANTILE EXCHANGE,2023-12-12,231837,84510,-3847.0,1186.0,792149,35534.0,147327,-5033.0
EURO FX - CHICAGO MERCANTILE EXCHANGE,2023-12-19,208078,93486,-23759.0,8976.0,700244,-91905.0,114592,-32735.0
EURO FX - CHICAGO MERCANTILE EXCHANGE,2023-12-26,211195,93804,3117.0,318.0,705627,5383.0,117391,2799.0
EURO FX - CHICAGO MERCANTILE EXCHANGE,2024-01-02,211912,92436,717.0,-1368.0,718885,13258.0,119476,2085.0
EURO FX - CHICAGO MERCANTILE EXCHANGE,2024-01-09,208473,89596,-3439.0,-2840.0,714079,-4806.0,118877,-599.0
EURO FX - CHICAGO MERCANTILE EXCHANGE,2024-01-16,204294,100202,-4179.0,10606.0,733091,19012.0,104092,-14785.0
EURO FX - CHICAGO MERCANTILE EXCHANGE,2024-01-23,195190,106866,-9104.0,6664.0,725423,-7668.0,88324,-15768.0
EURO FX - CHICAGO MERCANTILE EXCHANGE,2024-01-30,200360,111589,5170.0,4723.0,727210,1787.0,88771,447.0
EURO FX - CHICAGO MERCANTILE EXCHANGE,2024-02-06,202450,140297,2090.0,28708.0,731991,4781.0,62153,-26618.0
EURO FX - CHICAGO MERCANTILE EXCHANGE,2024-02-13,210848,158010,8398.0,17713.0,740105,8114.0,52838,-9315.0
EURO FX - CHICAGO MERCANTILE EXCHANGE,2024-02-20,213194,145178,2346.0,-12832.0,722299,-17806.0,68016,15178.0
EURO FX - CHICAGO MERCANTILE EXCHANGE,2024-02-27,205234,142380,-7960.0,-2798.0,715545,-6754.0,62854,-5162.0
EURO FX - CHICAGO MERCANTILE EXCHANGE,2024-03-05,200025,133714,-5209.0,-8666.0,707108,-8437.0,66311,3457.0
EURO FX - CHICAGO MERCANTILE EXCHANGE,2024-03-12,193998,119591,-6027.0,-14123.0,717720,10612.0,74407,8096.0
EURO FX - CHICAGO MERCANTILE EXCHANGE,2024-03-19,182382,134040,-11616.0,14449.0,656182,-61538.0,48342,-26065.0
EURO FX - CHICAGO MERCANTILE EXCHANGE,2024-03-26,180193,148999,-2189.0,14959.0,657300,1118.0,31194,-17148.0
EURO FX - CHICAGO MERCANTILE EXCHANGE,2024-04-02,188258,171464,8065.0,22465.0,682768,25468.0,16794,-14400.0
EURO FX - CHICAGO MERCANTILE EXCHANGE,2024-04-09,175419,142696,-12839.0,-28768.0,643496,-39272.0,32723,15929.0
EURO FX - CHICAGO MERCANTILE EXCHANGE,2024-04-16,178912,166688,3493.0,23992.0,658865,15369.0,12224,-20499.0
EURO FX - CHICAGO MERCANTILE EXCHANGE,2024-04-23,167296,177285,-11616.0,10597.0,665771,6906.0,-9989,-22213.0
EURO FX - CHICAGO MERCANTILE EXCHANGE,2024-04-30,167185,173962,-111.0,-3323.0,652297,-13474.0,-6777,3212.0
EURO FX - CHICAGO MERCANTILE EXCHANGE,2024-05-07,170594,166004,3409.0,-7958.0,654804,2507.0,4590,11367.0
EURO FX - CHICAGO MERCANTILE EXCHANGE,2024-05-14,178398,161243,7804.0,-4761.0,656802,1998.0,17155,12565.0
EURO FX - CHICAGO MERCANTILE EXCHANGE,2024-05-21,182574,141099,4176.0,-20144.0,653081,-3721.0,41475,24320.0
EURO FX - CHICAGO MERCANTILE EXCHANGE,2024-05-28,184656,127084,2082.0,-14015.0,664864,11783.0,57572,16097.0
EURO FX - CHICAGO MERCANTILE EXCHANGE,2024-06-04,188957,121087,4301.0,-5997.0,671736,6872.0,67870,10298.0
EURO FX - CHICAGO MERCANTILE EXCHANGE,2024-06-11,187697,144053,-1260.0,22966.0,712894,41158.0,43644,-24226.0
EURO FX - CHICAGO MERCANTILE EXCHANGE,2024-06-18,171464,163513,-16233.0,19460.0,650388,-62506.0,7951,-35693.0
EURO FX - CHICAGO MERCANTILE EXCHANGE,2024-06-25,167370,175801,-4094.0,12288.0,650087,-301.0,-8431,-16382.0
EURO FX - CHICAGO MERCANTILE EXCHANGE,2024-07-02,164369,173888,-3001.0,-1913.0,636895,-13192.0,-9519,-1088.0
EURO FX - CHICAGO MERCANTILE EXCHANGE,2024-07-09,165829,162206,1460.0,-11682.0,637266,371.0,3623,13142.0
EURO FX - CHICAGO MERCANTILE EXCHANGE,2024-07-16,179937,155188,14108.0,-7018.0,649251,11985.0,24749,21126.0
EURO FX - CHICAGO MERCANTILE EXCHANGE,2024-07-23,188929,153023,8992.0,-2165.0,672022,22771.0,35906,11157.0
EURO FX - CHICAGO MERCANTILE EXCHANGE,2024-07-30,183006,165207,-5923.0,12184.0,667299,-4723.0,17799,-18107.0
EURO FX - CHICAGO MERCANTILE EXCHANGE,2024-08-06,185799,152219,2793.0,-12988.0,671104,3805.0,33580,15781.0
EURO FX - CHICAGO MERCANTILE EXCHANGE,2024-08-13,182212,155229,-3587.0,3010.0,667350,-3754.0,26983,-6597.0
EURO FX - CHICAGO MERCANTILE EXCHANGE,2024-08-20,194350,138333,12138.0,-16896.0,692017,24667.0,56017,29034.0
EURO FX - CHICAGO MERCANTILE EXCHANGE,2024-08-27,218381,125543,24031.0,-12790.0,726519,34502.0,92838,36821.0
EURO FX - CHICAGO MERCANTILE EXCHANGE,2024-09-03,215969,115951,-2412.0,-9592.0,740311,13792.0,100018,7180.0
EURO FX - CHICAGO MERCANTILE EXCHANGE,2024-09-10,192821,111388,-23148.0,-4563.0,741888,1577.0,81433,-18585.0
EURO FX - CHICAGO MERCANTILE EXCHANGE,2024-09-17,182281,112635,-10540.0,1247.0,678001,-63887.0,69646,-11787.0
EURO FX - CHICAGO MERCANTILE EXCHANGE,2024-09-24,187795,116097,5514.0,3462.0,679514,1513.0,71698,2052.0
EURO FX - CHICAGO MERCANTILE EXCHANGE,2024-10-01,178273,122946,-9522.0,6849.0,674734,-4780.0,55327,-16371.0
EURO FX - CHICAGO MERCANTILE EXCHANGE,2024-10-08,173866,134768,-4407.0,11822.0,669131,-5603.0,39098,-16229.0
EURO FX - CHICAGO MERCANTILE EXCHANGE,2024-10-15,169319,152169,-4547.0,17401.0,658481,-10650.0,17150,-21948.0
EURO FX - CHICAGO MERCANTILE EXCHANGE,2024-10-22,153159,181683,-16160.0,29514.0,650759,-7722.0,-28524,-45674.0
EURO FX - CHICAGO MERCANTILE EXCHANGE,2024-10-29,159313,209617,6154.0,27934.0,661675,10916.0,-50304,-21780.0
EURO FX - CHICAGO MERCANTILE EXCHANGE,2024-11-05,159900,181553,587.0,-28064.0,645597,-16078.0,-21653,28651.0
EURO FX - CHICAGO MERCANTILE EXCHANGE,2024-11-12,160003,167440,103.0,-14113.0,637105,-8492.0,-7437,14216.0
EURO FX - CHICAGO MERCANTILE EXCHANGE,2024-11-19,154305,196862,-5698.0,29422.0,658774,21669.0,-42557,-35120.0
EURO FX - CHICAGO MERCANTILE EXCHANGE,2024-11-26,156334,212343,2029.0,15481.0,665553,6779.0,-56009,-13452.0
EURO FX - CHICAGO MERCANTILE EXCHANGE,2024-12-03,167693,225182,11359.0,12839.0,675059,9506.0,-57489,-1480.0
EURO FX - CHICAGO MERCANTILE EXCHANGE,2024-12-10,157375,232948,-10318.0,7766.0,727276,52217.0,-75573,-18084.0
EURO FX - CHICAGO MERCANTILE EXCHANGE,2024-12-17,152671,218566,-4704.0,-14382.0,584000,-143276.0,-65895,9678.0
EURO FX - CHICAGO MERCANTILE EXCHANGE,2024-12-24,159471,227978,6800.0,9412.0,597583,13583.0,-68507,-2612.0
EURO FX - CHICAGO MERCANTILE EXCHANGE,2024-12-31,168806,238370,9335.0,10392.0,609159,11576.0,-69564,-1057.0
EURO FX - CHICAGO MERCANTILE EXCHANGE,2025-01-07,166503,230627,-2303.0,-7743.0,603187,-5972.0,-64124,5440.0
EURO FX - CHICAGO MERCANTILE EXCHANGE,2025-01-14,162760,223157,-3743.0,-7470.0,604225,1038.0,-60397,3727.0
EURO FX - CHICAGO MERCANTILE EXCHANGE,2025-01-21,167665,230151,4905.0,6994.0,609492,5267.0,-62486,-2089.0
EURO FX - CHICAGO MERCANTILE EXCHANGE,2025-01-28,153660,220264,-14005.0,-9887.0,618908,9416.0,-66604,-4118.0
EURO FX - CHICAGO MERCANTILE EXCHANGE,2025-02-04,162554,221168,8894.0,904.0,616623,-2285.0,-58614,7990.0
EURO FX - CHICAGO MERCANTILE EXCHANGE,2025-02-11,165594,230019,3040.0,8851.0,622873,6250.0,-64425,-5811.0
EURO FX - CHICAGO MERCANTILE EXCHANGE,2025-02-18,170320,221740,4726.0,-8279.0,638024,15151.0,-51420,13005.0
EURO FX - CHICAGO MERCANTILE EXCHANGE,2025-02-25,182699,208124,12379.0,-13616.0,658684,20660.0,-25425,25995.0
EURO FX - CHICAGO MERCANTILE EXCHANGE,2025-03-04,185223,195329,2524.0,-12795.0,683819,25135.0,-10106,15319.0
EURO FX - CHICAGO MERCANTILE EXCHANGE,2025-03-11,188647,175557,3424.0,-19772.0,729760,45941.0,13090,23196.0
EURO FX - CHICAGO MERCANTILE EXCHANGE,2025-03-18,188952,129527,305.0,-46030.0,652620,-77140.0,59425,46335.0
EURO FX - CHICAGO MERCANTILE EXCHANGE,2025-03-25,189796,124271,844.0,-5256.0,672875,20255.0,65525,6100.0
EURO FX - CHICAGO MERCANTILE EXCHANGE,2025-04-01,183247,131412,-6549.0,7141.0,670827,-2048.0,51835,-13690.0
EURO FX - CHICAGO MERCANTILE EXCHANGE,2025-04-08,190296,130316,7049.0,-1096.0,697776,26949.0,59980,8145.0
EURO FX - CHICAGO MERCANTILE EXCHANGE,2025-04-15,197103,127823,6807.0,-2493.0,708122,10346.0,69280,9300.0
EURO FX - CHICAGO MERCANTILE EXCHANGE,2025-04-22,196205,131177,-898.0,3354.0,719232,11110.0,65028,-4252.0
EURO FX - CHICAGO MERCANTILE EXCHANGE,2025-04-29,196388,120591,183.0,-10586.0,730212,10980.0,75797,10769.0
EURO FX - CHICAGO MERCANTILE EXCHANGE,2025-05-06,194192,118473,-2196.0,-2118.0,737013,6801.0,75719,-78.0
EURO FX - CHICAGO MERCANTILE EXCHANGE,2025-05-13,209549,124775,15357.0,6302.0,750906,13893.0,84774,9055.0
EURO FX - CHICAGO MERCANTILE EXCHANGE,2025-05-20,206042,131589,-3507.0,6814.0,759249,8343.0,74453,-10321.0
EURO FX - CHICAGO MERCANTILE EXCHANGE,2025-05-27,204326,124852,-1716.0,-6737.0,760471,1222.0,79474,5021.0
EURO FX - CHICAGO MERCANTILE EXCHANGE,2025-06-03,202786,120022,-1540.0,-4830.0,781284,20813.0,82764,3290.0
EURO FX - CHICAGO MERCANTILE EXCHANGE,2025-06-10,208754,115729,5968.0,-4293.0,810517,29233.0,93025,10261.0
EURO FX - CHICAGO MERCANTILE EXCHANGE,2025-06-17,220811,119258,12057.0,3529.0,755861,-54656.0,101553,8528.0
EURO FX - CHICAGO MERCANTILE EXCHANGE,2025-06-24,223791,112656,2980.0,-6602.0,762607,6746.0,111135,9582.0
EURO FX - CHICAGO MERCANTILE EXCHANGE,2025-07-01,224979,117442,1188.0,4786.0,779031,16424.0,107537,-3598.0
EURO FX - CHICAGO MERCANTILE EXCHANGE,2025-07-08,241125,120529,16146.0,3087.0,805847,26816.0,120596,13059.0
EURO FX - CHICAGO MERCANTILE EXCHANGE,2025-07-15,242096,113875,971.0,-6654.0,820440,14593.0,128221,7625.0
EURO FX - CHICAGO MERCANTILE EXCHANGE,2025-07-22,248380,122865,6284.0,8990.0,843447,23007.0,125515,-2706.0
EURO FX - CHICAGO MERCANTILE EXCHANGE,2025-07-29,248841,125482,461.0,2617.0,828577,-14870.0,123359,-2156.0
EURO FX - CHICAGO MERCANTILE EXCHANGE,2025-08-05,247357,131398,-1484.0,5916.0,818360,-10217.0,115959,-7400.0
EURO FX - CHICAGO MERCANTILE EXCHANGE,2025-08-12,246299,130868,-1058.0,-530.0,824972,6612.0,115431,-528.0
EURO FX - CHICAGO MERCANTILE EXCHANGE,2025-08-19,252719,133974,6420.0,3106.0,825219,247.0,118745,3314.0
EURO FX - CHICAGO MERCANTILE EXCHANGE,2025-08-26,258386,135347,5667.0,1373.0,842215,16996.0,123039,4294.0
EURO FX - CHICAGO MERCANTILE EXCHANGE,2025-09-02,255660,136068,-2726.0,721.0,845820,3605.0,119592,-3447.0
EURO FX - CHICAGO MERCANTILE EXCHANGE,2025-09-09,258049,132372,2389.0,-3696.0,878104,32284.0,125677,6085.0
EURO FX - CHICAGO MERCANTILE EXCHANGE,2025-09-16,253261,135502,-4788.0,3130.0,855448,-22656.0,117759,-7918.0
EURO FX - CHICAGO MERCANTILE EXCHANGE,2025-09-23,252472,138127,-789.0,2625.0,859215,3767.0,114345,-3414.0
EURO FX - CHICAGO MERCANTILE EXCHANGE,2025-09-30,252530,135161,58.0,-2966.0,845775,-13440.0,117369,3024.0
EURO FX - CHICAGO MERCANTILE EXCHANGE,2025-10-07,255907,137542,3377.0,2381.0,855286,9511.0,118365,996.0
EURO FX - CHICAGO MERCANTILE EXCHANGE,2025-10-14,243010,134685,-12897.0,-2857.0,841079,-14207.0,108325,-10040.0
EURO FX - CHICAGO MERCANTILE EXCHANGE,2025-10-21,244507,132755,1497.0,-1930.0,835887,-5192.0,111752,3427.0
EURO FX - CHICAGO MERCANTILE EXCHANGE,2025-10-28,250400,143067,5893.0,10312.0,843717,7830.0,107333,-4419.0
EURO FX - CHICAGO MERCANTILE EXCHANGE,2025-11-04,252542,160747,2142.0,17680.0,835176,-8541.0,91795,-15538.0
EURO FX - CHICAGO MERCANTILE EXCHANGE,2025-11-10,235920,162331,-16622.0,1584.0,831275,-3901.0,73589,-18206.0
EURO FX - CHICAGO MERCANTILE EXCHANGE,2025-11-18,243961,144954,8041.0,-17377.0,827015,-4260.0,99007,25418.0
EURO FX - CHICAGO MERCANTILE EXCHANGE,2025-11-25,244392,150321,431.0,5367.0,830589,3574.0,94071,-4936.0
EURO FX - CHICAGO MERCANTILE EXCHANGE,2025-12-02,249672,141219,5280.0,-9102.0,851184,20595.0,108453,14382.0
EURO FX - CHICAGO MERCANTILE EXCHANGE,2025-12-09,268118,129330,18446.0,-11889.0,942794,91610.0,138788,30335.0
EURO FX - CHICAGO MERCANTILE EXCHANGE,2025-12-16,277002,132099,8884.0,2769.0,986986,44192.0,144903,6115.0
EURO FX - CHICAGO MERCANTILE EXCHANGE,2025-12-23,293179,133288,16177.0,1189.0,866951,-120035.0,159891,14988.0
EURO FX - CHICAGO MERCANTILE EXCHANGE,2025-12-30,294738,137273,1559.0,3985.0,869169,2218.0,157465,-2426.0
EURO FX - CHICAGO MERCANTILE EXCHANGE,2026-01-06,298253,135441,3515.0,-1832.0,881815,12646.0,162812,5347.0
EURO FX - CHICAGO MERCANTILE EXCHANGE,2026-01-13,283592,150936,-14661.0,15495.0,883672,1857.0,132656,-30156.0
EURO FX - CHICAGO MERCANTILE EXCHANGE,2026-01-20,275235,163540,-8357.0,12604.0,880948,-2724.0,111695,-20961.0
EURO FX - CHICAGO MERCANTILE EXCHANGE,2026-01-27,290336,158202,15101.0,-5338.0,919284,38336.0,132134,20439.0
EURO FX - CHICAGO MERCANTILE EXCHANGE,2026-02-03,302301,138940,11965.0,-19262.0,910464,-8820.0,163361,31227.0
EURO FX - CHICAGO MERCANTILE EXCHANGE,2026-02-10,318704,138399,16403.0,-541.0,926273,15809.0,180305,16944.0
EURO FX - CHICAGO MERCANTILE EXCHANGE,2026-02-17,311549,137069,-7155.0,-1330.0,916813,-9460.0,174480,-5825.0
EURO FX - CHICAGO MERCANTILE EXCHANGE,2026-02-24,294873,138017,-16676.0,948.0,911287,-5526.0,156856,-17624.0
EURO FX - CHICAGO MERCANTILE EXCHANGE,2026-03-03,294586,158088,-287.0,20071.0,913289,2002.0,136498,-20358.0
EURO FX - CHICAGO MERCANTILE EXCHANGE,2026-03-10,265686,160542,-28900.0,2454.0,969374,56085.0,105144,-31354.0
EURO FX - CHICAGO MERCANTILE EXCHANGE,2026-03-17,212886,191754,-52800.0,31212.0,755789,-213585.0,21132,-84012.0
EURO FX - CHICAGO MERCANTILE EXCHANGE,2026-03-24,200025,190746,-12861.0,-1008.0,764691,8902.0,9279,-11853.0
EURO FX - CHICAGO MERCANTILE EXCHANGE,2026-03-31,200168,199661,143.0,8915.0,774237,9546.0,507,-8772.0
EURO FX - CHICAGO MERCANTILE EXCHANGE,2026-04-07,200946,208487,778.0,8826.0,775043,806.0,-7541,-8048.0
EURO FX - CHICAGO MERCANTILE EXCHANGE,2026-04-14,214639,188621,13693.0,-19866.0,788828,13785.0,26018,33559.0
EURO FX - CHICAGO MERCANTILE EXCHANGE,2026-04-21,217407,176083,2768.0,-12538.0,790622,1794.0,41324,15306.0
EURO FX - CHICAGO MERCANTILE EXCHANGE,2026-04-28,217091,181379,-316.0,5296.0,801430,10808.0,35712,-5612.0
EURO FX - CHICAGO MERCANTILE EXCHANGE,2026-05-05,217474,185272,383.0,3893.0,815942,14512.0,32202,-3510.0
EURO FX - CHICAGO MERCANTILE EXCHANGE,2026-05-12,224002,183802,6528.0,-1470.0,829377,13435.0,40200,7998.0
EURO FX - CHICAGO MERCANTILE EXCHANGE,2026-05-19,233251,199738,9249.0,15936.0,826019,-3358.0,33513,-6687.0
EURO FX - CHICAGO MERCANTILE EXCHANGE,2026-05-26,223055,193629,-10196.0,-6109.0,824224,-1795.0,29426,-4087.0
EURO FX - CHICAGO MERCANTILE EXCHANGE,2026-06-02,235442,186576,12387.0,-7053.0,842424,18200.0,48866,19440.0
EURO FX - CHICAGO MERCANTILE EXCHANGE,2026-06-09,219564,205632,-15878.0,19056.0,871507,29083.0,13932,-34934.0
EURO FX - CHICAGO MERCANTILE EXCHANGE,2026-06-16,228005,193652,8441.0,-11980.0,894671,23164.0,34353,20421.0
EURO FX - CHICAGO MERCANTILE EXCHANGE,2026-06-23,247332,217174,19327.0,23522.0,785477,-109194.0,30158,-4195.0
EURO FX - CHICAGO MERCANTILE EXCHANGE,2026-06-30,235658,234559,-11674.0,17385.0,790076,4599.0,1099,-29059.0
EURO FX - CHICAGO MERCANTILE EXCHANGE,2026-07-07,223430,239657,-12228.0,5098.0,794833,4757.0,-16227,-17326.0
EURO FX - CHICAGO MERCANTILE EXCHANGE,2026-07-14,230307,242912,6877.0,3255.0,799495,4662.0,-12605,3622.0
EURO FX - CHICAGO MERCANTILE EXCHANGE,2026-07-21,220465,261803,-9842.0,18891.0,800061,566.0,-41338,-28733.0
EURO FX - CHICAGO MERCANTILE EXCHANGE,2026-07-28,204975,277422,-15490.0,15619.0,819806,19745.0,-72447,-31109.0
EURO FX - CHICAGO MERCANTILE EXCHANGE,2026-08-04,201847,259938,-3128.0,-17484.0,799909,-19897.0,-58091,14356.0
EURO FX - CHICAGO MERCANTILE EXCHANGE,2026-08-11,197186,257196,-4661.0,-2742.0,801884,1975.0,-60010,-1919.0
EURO FX - CHICAGO MERCANTILE EXCHANGE,2026-08-18,196241,255329,-945.0,-1867.0,804940,3056.0,-59088,922.0
EURO FX - CHICAGO MERCANTILE EXCHANGE,2026-08-25,198919,235271,2678.0,-20058.0,818524,13584.0,-36352,22736.0
EURO FX - CHICAGO MERCANTILE EXCHANGE,2026-09-01,203477,228402,4558.0,-6869.0,865412,46888.0,-24925,11427.0
EURO FX - CHICAGO MERCANTILE EXCHANGE,2026-09-08,198509,241125,-4968.0,12723.0,942464,77052.0,-42616,-17691.0
EURO FX - CHICAGO MERCANTILE EXCHANGE,2026-09-15,209000,235993,10491.0,-5132.0,920035,-22429.0,-26993,15623.0
EURO FX - CHICAGO MERCANTILE EXCHANGE,2026-09-22,220708,273042,11708.0,37049.0,821689,-98346.0,-52334,-25341.0
