Market and Exchange Names,As of Date in Form YYYY-MM-DD,Noncommercial Positions-Long (All),Noncommercial Positions-Short (All),Change in Noncommercial-Long (All),Change in Noncommercial-Short (All),Open Interest (All),Change in Open Interest (All),Net Positions,Change Net Positions
GOLD - COMMODITY EXCHANGE INC.,1986-01-15,18589,7706,,,148186,,10883,
GOLD - COMMODITY EXCHANGE INC.,1986-01-31,15364,9303,-3225.0,1597.0,144149,-4037.0,6061,-4822.0
GOLD - COMMODITY EXCHANGE INC.,1986-02-14,5457,12229,-9907.0,2926.0,139995,-4154.0,-6772,-12833.0
GOLD - COMMODITY EXCHANGE INC.,1986-02-28,7991,12222,2534.0,-7.0,143752,3757.0,-4231,2541.0
GOLD - COMMODITY EXCHANGE INC.,1986-03-14,12637,11015,4646.0,-1207.0,142868,-884.0,1622,5853.0
GOLD - COMMODITY EXCHANGE INC.,1986-03-31,9817,11406,-2820.0,391.0,136568,-6300.0,-1589,-3211.0
GOLD - COMMODITY EXCHANGE INC.,1986-04-15,6805,20416,-3012.0,9010.0,138825,2257.0,-13611,-12022.0
GOLD - COMMODITY EXCHANGE INC.,1986-04-30,8159,10519,1354.0,-9897.0,132088,-6737.0,-2360,11251.0
GOLD - COMMODITY EXCHANGE INC.,1986-05-15,4649,10375,-3510.0,-144.0,132147,59.0,-5726,-3366.0
GOLD - COMMODITY EXCHANGE INC.,1986-05-30,4982,13683,333.0,3308.0,115038,-17109.0,-8701,-2975.0
GOLD - COMMODITY EXCHANGE INC.,1986-06-13,11657,10839,6675.0,-2844.0,115960,922.0,818,9519.0
GOLD - COMMODITY EXCHANGE INC.,1986-06-30,5361,13631,-6296.0,2792.0,120954,4994.0,-8270,-9088.0
GOLD - COMMODITY EXCHANGE INC.,1986-07-15,6735,11983,1374.0,-1648.0,121925,971.0,-5248,3022.0
GOLD - COMMODITY EXCHANGE INC.,1986-07-31,18617,9540,11882.0,-2443.0,125988,4063.0,9077,14325.0
GOLD - COMMODITY EXCHANGE INC.,1986-08-15,23234,10589,4617.0,1049.0,134903,8915.0,12645,3568.0
GOLD - COMMODITY EXCHANGE INC.,1986-08-29,23229,10291,-5.0,-298.0,136959,2056.0,12938,293.0
GOLD - COMMODITY EXCHANGE INC.,1986-09-15,24807,10423,1578.0,132.0,149809,12850.0,14384,1446.0
GOLD - COMMODITY EXCHANGE INC.,1986-09-30,22421,7840,-2386.0,-2583.0,136574,-13235.0,14581,197.0
GOLD - COMMODITY EXCHANGE INC.,1986-10-15,21274,10239,-1147.0,2399.0,147411,10837.0,11035,-3546.0
GOLD - COMMODITY EXCHANGE INC.,1986-10-31,12673,9373,-8601.0,-866.0,146778,-633.0,3300,-7735.0
GOLD - COMMODITY EXCHANGE INC.,1986-11-14,15816,11905,3143.0,2532.0,150800,4022.0,3911,611.0
GOLD - COMMODITY EXCHANGE INC.,1986-11-28,10148,8849,-5668.0,-3056.0,131679,-19121.0,1299,-2612.0
GOLD - COMMODITY EXCHANGE INC.,1986-12-15,13089,11027,2941.0,2178.0,134005,2326.0,2062,763.0
GOLD - COMMODITY EXCHANGE INC.,1986-12-31,9405,8347,-3684.0,-2680.0,140744,6739.0,1058,-1004.0
GOLD - COMMODITY EXCHANGE INC.,1987-01-15,14063,8147,4658.0,-200.0,139318,-1426.0,5916,4858.0
GOLD - COMMODITY EXCHANGE INC.,1987-01-30,13453,9022,-610.0,875.0,130078,-9240.0,4431,-1485.0
GOLD - COMMODITY EXCHANGE INC.,1987-02-13,7705,14024,-5748.0,5002.0,138130,8052.0,-6319,-10750.0
GOLD - COMMODITY EXCHANGE INC.,1987-02-27,7349,12273,-356.0,-1751.0,140016,1886.0,-4924,1395.0
GOLD - COMMODITY EXCHANGE INC.,1987-03-13,10654,10265,3305.0,-2008.0,145109,5093.0,389,5313.0
GOLD - COMMODITY EXCHANGE INC.,1987-03-31,18464,10076,7810.0,-189.0,156832,11723.0,8388,7999.0
GOLD - COMMODITY EXCHANGE INC.,1987-04-15,27260,9006,8796.0,-1070.0,171395,14563.0,18254,9866.0
GOLD - COMMODITY EXCHANGE INC.,1987-04-30,24684,12933,-2576.0,3927.0,175437,4042.0,11751,-6503.0
GOLD - COMMODITY EXCHANGE INC.,1987-05-15,32997,6294,8313.0,-6639.0,170819,-4618.0,26703,14952.0
GOLD - COMMODITY EXCHANGE INC.,1987-05-29,24267,8705,-8730.0,2411.0,150964,-19855.0,15562,-11141.0
GOLD - COMMODITY EXCHANGE INC.,1987-06-15,20380,11899,-3887.0,3194.0,149219,-1745.0,8481,-7081.0
GOLD - INTERNATIONAL MONETARY MARKET,1987-06-30,0,19,,,5100,,-19,-8500.0
GOLD - COMMODITY EXCHANGE INC.,1987-06-30,15476,11621,-4904.0,-278.0,146960,-2259.0,3855,3874.0
GOLD - INTERNATIONAL MONETARY MARKET,1987-07-15,0,239,0.0,220.0,6597,1497.0,-239,-4094.0
GOLD - COMMODITY EXCHANGE INC.,1987-07-15,16101,7483,625.0,-4138.0,146076,-884.0,8618,8857.0
GOLD - INTERNATIONAL MONETARY MARKET,1987-07-31,380,0,380.0,-239.0,7104,507.0,380,-8238.0
GOLD - COMMODITY EXCHANGE INC.,1987-07-31,23945,6857,7844.0,-626.0,150523,4447.0,17088,16708.0
GOLD - INTERNATIONAL MONETARY MARKET,1987-08-14,360,0,-20.0,0.0,3402,-3702.0,360,-16728.0
GOLD - COMMODITY EXCHANGE INC.,1987-08-14,18612,10402,-5333.0,3545.0,150693,170.0,8210,7850.0
GOLD - INTERNATIONAL MONETARY MARKET,1987-08-31,361,0,1.0,0.0,3309,-93.0,361,-7849.0
GOLD - COMMODITY EXCHANGE INC.,1987-08-31,16503,15979,-2109.0,5577.0,148815,-1878.0,524,163.0
GOLD - INTERNATIONAL MONETARY MARKET,1987-09-15,0,0,-361.0,0.0,3241,-68.0,0,-524.0
GOLD - COMMODITY EXCHANGE INC.,1987-09-15,16196,12249,-307.0,-3730.0,146895,-1920.0,3947,3947.0
GOLD - INTERNATIONAL MONETARY MARKET,1987-09-30,0,0,0.0,0.0,2536,-705.0,0,-3947.0
GOLD - COMMODITY EXCHANGE INC.,1987-09-30,17083,9981,887.0,-2268.0,142634,-4261.0,7102,7102.0
GOLD - INTERNATIONAL MONETARY MARKET,1987-10-15,0,300,0.0,300.0,2322,-214.0,-300,-7402.0
GOLD - COMMODITY EXCHANGE INC.,1987-10-15,19848,7101,2765.0,-2880.0,143498,864.0,12747,13047.0
GOLD - INTERNATIONAL MONETARY MARKET,1987-10-30,0,305,0.0,5.0,2268,-54.0,-305,-13052.0
GOLD - COMMODITY EXCHANGE INC.,1987-10-30,15243,9416,-4605.0,2315.0,133422,-10076.0,5827,6132.0
GOLD - INTERNATIONAL MONETARY MARKET,1987-11-13,0,0,0.0,-305.0,2098,-170.0,0,-5827.0
GOLD - COMMODITY EXCHANGE INC.,1987-11-13,10867,9427,-4376.0,11.0,132803,-619.0,1440,1440.0
GOLD - COMMODITY EXCHANGE INC.,1987-11-30,24270,8453,13403.0,-974.0,152206,19403.0,15817,14377.0
GOLD - COMMODITY EXCHANGE INC.,1987-12-15,20912,9291,-3358.0,838.0,158831,6625.0,11621,-4196.0
GOLD - COMMODITY EXCHANGE INC.,1987-12-31,14523,9354,-6389.0,63.0,150106,-8725.0,5169,-6452.0
GOLD - COMMODITY EXCHANGE INC.,1988-01-15,13275,9794,-1248.0,440.0,146350,-3756.0,3481,-1688.0
GOLD - COMMODITY EXCHANGE INC.,1988-01-29,9803,19037,-3472.0,9243.0,146192,-158.0,-9234,-12715.0
GOLD - COMMODITY EXCHANGE INC.,1988-02-12,3759,26630,-6044.0,7593.0,150569,4377.0,-22871,-13637.0
GOLD - COMMODITY EXCHANGE INC.,1988-02-29,4067,29807,308.0,3177.0,158223,7654.0,-25740,-2869.0
GOLD - COMMODITY EXCHANGE INC.,1988-03-15,6054,23501,1987.0,-6306.0,161792,3569.0,-17447,8293.0
GOLD - COMMODITY EXCHANGE INC.,1988-03-31,5401,24023,-653.0,522.0,148310,-13482.0,-18622,-1175.0
GOLD - COMMODITY EXCHANGE INC.,1988-04-15,5491,24441,90.0,418.0,156961,8651.0,-18950,-328.0
GOLD - COMMODITY EXCHANGE INC.,1988-04-29,2580,19679,-2911.0,-4762.0,154184,-2777.0,-17099,1851.0
GOLD - COMMODITY EXCHANGE INC.,1988-05-13,4835,13402,2255.0,-6277.0,153681,-503.0,-8567,8532.0
GOLD - COMMODITY EXCHANGE INC.,1988-05-31,8320,11067,3485.0,-2335.0,146461,-7220.0,-2747,5820.0
GOLD - COMMODITY EXCHANGE INC.,1988-06-15,7185,10455,-1135.0,-612.0,142022,-4439.0,-3270,-523.0
GOLD - COMMODITY EXCHANGE INC.,1988-06-30,4658,23026,-2527.0,12571.0,151645,9623.0,-18368,-15098.0
GOLD - COMMODITY EXCHANGE INC.,1988-07-15,8779,22871,4121.0,-155.0,149809,-1836.0,-14092,4276.0
GOLD - COMMODITY EXCHANGE INC.,1988-07-29,3850,18769,-4929.0,-4102.0,139382,-10427.0,-14919,-827.0
GOLD - COMMODITY EXCHANGE INC.,1988-08-15,4761,18548,911.0,-221.0,139252,-130.0,-13787,1132.0
GOLD - COMMODITY EXCHANGE INC.,1988-08-31,4905,18415,144.0,-133.0,142631,3379.0,-13510,277.0
GOLD - COMMODITY EXCHANGE INC.,1988-09-15,3567,27502,-1338.0,9087.0,155243,12612.0,-23935,-10425.0
GOLD - COMMODITY EXCHANGE INC.,1988-09-30,4427,33064,860.0,5562.0,156546,1303.0,-28637,-4702.0
GOLD - COMMODITY EXCHANGE INC.,1988-10-14,4517,33787,90.0,723.0,159467,2921.0,-29270,-633.0
GOLD - COMMODITY EXCHANGE INC.,1988-10-31,4381,31358,-136.0,-2429.0,160894,1427.0,-26977,2293.0
GOLD - COMMODITY EXCHANGE INC.,1988-11-15,8125,15896,3744.0,-15462.0,148897,-11997.0,-7771,19206.0
GOLD - COMMODITY EXCHANGE INC.,1988-11-30,5517,17263,-2608.0,1367.0,148286,-611.0,-11746,-3975.0
GOLD - COMMODITY EXCHANGE INC.,1988-12-15,5445,17648,-72.0,385.0,145811,-2475.0,-12203,-457.0
GOLD - COMMODITY EXCHANGE INC.,1988-12-30,6837,21800,1392.0,4152.0,152731,6920.0,-14963,-2760.0
"GOLD, 100 TROY OZ - CHICAGO BOARD OF TRADE",1988-12-30,282,2500,9.0,2500.0,2777,2245.0,-2218,12745.0
GOLD - COMMODITY EXCHANGE INC.,1989-01-13,5233,29394,-1604.0,7594.0,163937,11206.0,-24161,-21943.0
GOLD - COMMODITY EXCHANGE INC.,1989-01-31,5009,37911,-224.0,8517.0,170221,6284.0,-32902,-8741.0
"GOLD, 100 TROY OZ - CHICAGO BOARD OF TRADE",1989-01-31,1054,2000,1054.0,-1500.0,2999,-836.0,-946,31956.0
GOLD - COMMODITY EXCHANGE INC.,1989-02-15,5828,32830,819.0,-5081.0,168943,-1278.0,-27002,-26056.0
"GOLD, 100 TROY OZ - CHICAGO BOARD OF TRADE",1989-02-15,1057,0,3.0,-2000.0,1869,-1130.0,1057,28059.0
GOLD - COMMODITY EXCHANGE INC.,1989-02-28,4394,32432,-1434.0,-398.0,165774,-3169.0,-28038,-29095.0
"GOLD, 100 TROY OZ - CHICAGO BOARD OF TRADE",1989-02-28,1072,0,15.0,0.0,1906,37.0,1072,29110.0
GOLD - COMMODITY EXCHANGE INC.,1989-03-15,6347,25675,1953.0,-6757.0,165615,-159.0,-19328,-20400.0
GOLD - COMMODITY EXCHANGE INC.,1989-03-31,3422,33947,-2925.0,8272.0,163649,-1966.0,-30525,-11197.0
GOLD - COMMODITY EXCHANGE INC.,1989-04-14,6079,29001,2657.0,-4946.0,158340,-5309.0,-22922,7603.0
GOLD - COMMODITY EXCHANGE INC.,1989-04-28,2448,32920,-3631.0,3919.0,168488,10148.0,-30472,-7550.0
GOLD - COMMODITY EXCHANGE INC.,1989-05-15,6010,30245,3562.0,-2675.0,188114,19626.0,-24235,6237.0
GOLD - COMMODITY EXCHANGE INC.,1989-05-31,3414,28885,-2596.0,-1360.0,179513,-8601.0,-25471,-1236.0
GOLD - COMMODITY EXCHANGE INC.,1989-06-15,5891,24023,2477.0,-4862.0,163699,-15814.0,-18132,7339.0
GOLD - COMMODITY EXCHANGE INC.,1989-06-30,8381,21462,2490.0,-2561.0,157858,-5841.0,-13081,5051.0
GOLD - COMMODITY EXCHANGE INC.,1989-07-14,7662,19453,-719.0,-2009.0,154241,-3617.0,-11791,1290.0
GOLD - COMMODITY EXCHANGE INC.,1989-07-31,3696,18587,-3966.0,-866.0,148279,-5962.0,-14891,-3100.0
GOLD - COMMODITY EXCHANGE INC.,1989-08-15,6197,20394,2501.0,1807.0,147488,-791.0,-14197,694.0
GOLD - COMMODITY EXCHANGE INC.,1989-08-31,3477,28851,-2720.0,8457.0,156595,9107.0,-25374,-11177.0
GOLD - COMMODITY EXCHANGE INC.,1989-09-15,10113,23924,6636.0,-4927.0,154493,-2102.0,-13811,11563.0
GOLD - COMMODITY EXCHANGE INC.,1989-09-29,5134,16802,-4979.0,-7122.0,147468,-7025.0,-11668,2143.0
GOLD - COMMODITY EXCHANGE INC.,1989-10-13,3906,20467,-1228.0,3665.0,143681,-3787.0,-16561,-4893.0
GOLD - COMMODITY EXCHANGE INC.,1989-10-31,15567,12768,11661.0,-7699.0,151142,7461.0,2799,19360.0
GOLD - COMMODITY EXCHANGE INC.,1989-11-15,22440,9204,6873.0,-3564.0,153379,2237.0,13236,10437.0
GOLD - COMMODITY EXCHANGE INC.,1989-11-30,28985,11049,6545.0,1845.0,147759,-5620.0,17936,4700.0
GOLD - COMMODITY EXCHANGE INC.,1989-12-15,30438,8513,1453.0,-2536.0,156019,8260.0,21925,3989.0
GOLD - COMMODITY EXCHANGE INC.,1989-12-29,22982,8581,-7456.0,68.0,150931,-5088.0,14401,-7524.0
GOLD - COMMODITY EXCHANGE INC.,1990-01-15,21782,5238,-1200.0,-3343.0,149393,-1538.0,16544,2143.0
GOLD - COMMODITY EXCHANGE INC.,1990-01-31,13694,7321,-8088.0,2083.0,131994,-17399.0,6373,-10171.0
GOLD - COMMODITY EXCHANGE INC.,1990-02-15,20315,5565,6621.0,-1756.0,130564,-1430.0,14750,8377.0
GOLD - COMMODITY EXCHANGE INC.,1990-02-28,11965,8989,-8350.0,3424.0,121920,-8644.0,2976,-11774.0
GOLD - COMMODITY EXCHANGE INC.,1990-03-15,13967,18303,2002.0,9314.0,132871,10951.0,-4336,-7312.0
GOLD - COMMODITY EXCHANGE INC.,1990-03-30,9414,21463,-4553.0,3160.0,116812,-16059.0,-12049,-7713.0
GOLD - COMMODITY EXCHANGE INC.,1990-04-12,7110,21181,-2304.0,-282.0,118177,1365.0,-14071,-2022.0
GOLD - COMMODITY EXCHANGE INC.,1990-04-30,6364,20632,-746.0,-549.0,123601,5424.0,-14268,-197.0
GOLD - COMMODITY EXCHANGE INC.,1990-05-15,5297,19403,-1067.0,-1229.0,118492,-5109.0,-14106,162.0
GOLD - COMMODITY EXCHANGE INC.,1990-05-31,5233,18710,-64.0,-693.0,104625,-13867.0,-13477,629.0
GOLD - COMMODITY EXCHANGE INC.,1990-06-15,4110,26452,-1123.0,7742.0,117247,12622.0,-22342,-8865.0
GOLD - COMMODITY EXCHANGE INC.,1990-06-29,4316,20190,206.0,-6262.0,112142,-5105.0,-15874,6468.0
GOLD - COMMODITY EXCHANGE INC.,1990-07-13,5878,15214,1562.0,-4976.0,107275,-4867.0,-9336,6538.0
GOLD - COMMODITY EXCHANGE INC.,1990-07-31,8016,5875,2138.0,-9339.0,98923,-8352.0,2141,11477.0
GOLD - COMMODITY EXCHANGE INC.,1990-08-15,23830,7522,15814.0,1647.0,125895,26972.0,16308,14167.0
GOLD - COMMODITY EXCHANGE INC.,1990-08-31,20892,10597,-2938.0,3075.0,123147,-2748.0,10295,-6013.0
GOLD - COMMODITY EXCHANGE INC.,1990-09-14,13775,7718,-7117.0,-2879.0,113077,-10070.0,6057,-4238.0
GOLD - COMMODITY EXCHANGE INC.,1990-09-28,24684,3187,10909.0,-4531.0,116620,3543.0,21497,15440.0
GOLD - COMMODITY EXCHANGE INC.,1990-10-15,17794,9063,-6890.0,5876.0,116656,36.0,8731,-12766.0
GOLD - COMMODITY EXCHANGE INC.,1990-10-31,10974,9392,-6820.0,329.0,114534,-2122.0,1582,-7149.0
GOLD - COMMODITY EXCHANGE INC.,1990-11-15,5893,8204,-5081.0,-1188.0,111194,-3340.0,-2311,-3893.0
GOLD - COMMODITY EXCHANGE INC.,1990-11-30,7264,6135,1371.0,-2069.0,101946,-9248.0,1129,3440.0
GOLD - COMMODITY EXCHANGE INC.,1990-12-14,4781,10532,-2483.0,4397.0,111586,9640.0,-5751,-6880.0
GOLD - COMMODITY EXCHANGE INC.,1990-12-31,9228,4426,4447.0,-6106.0,107610,-3976.0,4802,10553.0
GOLD - COMMODITY EXCHANGE INC.,1991-01-15,17648,6122,8420.0,1696.0,118173,10563.0,11526,6724.0
GOLD - COMMODITY EXCHANGE INC.,1991-01-31,2044,14302,-15604.0,8180.0,93496,-24677.0,-12258,-23784.0
GOLD - COMMODITY EXCHANGE INC.,1991-02-15,2515,16880,471.0,2578.0,95750,2254.0,-14365,-2107.0
GOLD - COMMODITY EXCHANGE INC.,1991-02-28,1612,16447,-903.0,-433.0,98025,2275.0,-14835,-470.0
GOLD - COMMODITY EXCHANGE INC.,1991-03-15,3111,14868,1499.0,-1579.0,98708,683.0,-11757,3078.0
GOLD - COMMODITY EXCHANGE INC.,1991-03-28,1724,21208,-1387.0,6340.0,102541,3833.0,-19484,-7727.0
GOLD - COMMODITY EXCHANGE INC.,1991-04-15,4002,18163,2278.0,-3045.0,97290,-5251.0,-14161,5323.0
GOLD - COMMODITY EXCHANGE INC.,1991-04-30,4300,25710,298.0,7547.0,108217,10927.0,-21410,-7249.0
GOLD - COMMODITY EXCHANGE INC.,1991-05-15,6949,17450,2649.0,-8260.0,99903,-8314.0,-10501,10909.0
GOLD - COMMODITY EXCHANGE INC.,1991-05-31,8125,17440,1176.0,-10.0,91485,-8418.0,-9315,1186.0
GOLD - COMMODITY EXCHANGE INC.,1991-06-14,19823,11956,11698.0,-5484.0,91953,468.0,7867,17182.0
GOLD - COMMODITY EXCHANGE INC.,1991-06-28,18540,9247,-1283.0,-2709.0,87349,-4604.0,9293,1426.0
GOLD - COMMODITY EXCHANGE INC.,1991-07-15,19663,9095,1123.0,-152.0,95164,7815.0,10568,1275.0
GOLD - COMMODITY EXCHANGE INC.,1991-07-31,12649,15454,-7014.0,6359.0,87490,-7674.0,-2805,-13373.0
GOLD - COMMODITY EXCHANGE INC.,1991-08-15,12421,27321,-228.0,11867.0,101756,14266.0,-14900,-12095.0
GOLD - COMMODITY EXCHANGE INC.,1991-08-30,7227,31854,-5194.0,4533.0,107993,6237.0,-24627,-9727.0
GOLD - COMMODITY EXCHANGE INC.,1991-09-16,7736,29869,509.0,-1985.0,107449,-544.0,-22133,2494.0
GOLD - COMMODITY EXCHANGE INC.,1991-09-30,9403,20755,1667.0,-9114.0,97904,-9545.0,-11352,10781.0
GOLD - COMMODITY EXCHANGE INC.,1991-10-15,11464,9834,2061.0,-10921.0,92152,-5752.0,1630,12982.0
GOLD - COMMODITY EXCHANGE INC.,1991-10-31,13595,10032,2131.0,198.0,100311,8159.0,3563,1933.0
GOLD - COMMODITY EXCHANGE INC.,1991-11-15,10191,13131,-3404.0,3099.0,103034,2723.0,-2940,-6503.0
GOLD - COMMODITY EXCHANGE INC.,1991-11-29,32242,4002,22051.0,-9129.0,115496,12462.0,28240,31180.0
GOLD - COMMODITY EXCHANGE INC.,1991-12-13,16792,6313,-15450.0,2311.0,103659,-11837.0,10479,-17761.0
GOLD - COMMODITY EXCHANGE INC.,1991-12-31,9018,13620,-7774.0,7307.0,114144,10485.0,-4602,-15081.0
GOLD - COMMODITY EXCHANGE INC.,1992-01-15,11190,15685,2172.0,2065.0,104052,-10092.0,-4495,107.0
GOLD - COMMODITY EXCHANGE INC.,1992-01-31,13351,12438,2161.0,-3247.0,102940,-1112.0,913,5408.0
GOLD - COMMODITY EXCHANGE INC.,1992-02-14,13917,13429,566.0,991.0,100473,-2467.0,488,-425.0
GOLD - COMMODITY EXCHANGE INC.,1992-02-28,12912,19139,-1005.0,5710.0,102931,2458.0,-6227,-6715.0
GOLD - COMMODITY EXCHANGE INC.,1992-03-13,11724,26279,-1188.0,7140.0,113645,10714.0,-14555,-8328.0
GOLD - COMMODITY EXCHANGE INC.,1992-03-31,10876,23488,-848.0,-2791.0,103658,-9987.0,-12612,1943.0
GOLD - COMMODITY EXCHANGE INC.,1992-04-15,4260,29372,-6616.0,5884.0,109312,5654.0,-25112,-12500.0
GOLD - COMMODITY EXCHANGE INC.,1992-04-30,9025,27004,4765.0,-2368.0,113724,4412.0,-17979,7133.0
GOLD - COMMODITY EXCHANGE INC.,1992-05-15,10494,18809,1469.0,-8195.0,109747,-3977.0,-8315,9664.0
GOLD - COMMODITY EXCHANGE INC.,1992-05-29,6295,22164,-4199.0,3355.0,102788,-6959.0,-15869,-7554.0
GOLD - COMMODITY EXCHANGE INC.,1992-06-15,16252,9864,9957.0,-12300.0,103229,441.0,6388,22257.0
GOLD - COMMODITY EXCHANGE INC.,1992-06-30,13062,9401,-3190.0,-463.0,91162,-12067.0,3661,-2727.0
GOLD - COMMODITY EXCHANGE INC.,1992-07-15,29782,5632,16720.0,-3769.0,111763,20601.0,24150,20489.0
GOLD - COMMODITY EXCHANGE INC.,1992-07-31,32345,6932,2563.0,1300.0,112384,621.0,25413,1263.0
GOLD - COMMODITY EXCHANGE INC.,1992-08-14,6668,19887,-25677.0,12955.0,102784,-9600.0,-13219,-38632.0
GOLD - COMMODITY EXCHANGE INC.,1992-08-31,6194,19845,-474.0,-42.0,99349,-3435.0,-13651,-432.0
GOLD - COMMODITY EXCHANGE INC.,1992-09-15,5167,13592,-1027.0,-6253.0,100717,1368.0,-8425,5226.0
GOLD - COMMODITY EXCHANGE INC.,1992-09-30,6206,8706,1039.0,-4886.0,99191,-1526.0,-2500,5925.0
GOLD - COMMODITY EXCHANGE INC.,1992-10-06,6573,8550,367.0,-156.0,101946,2755.0,-1977,523.0
GOLD - COMMODITY EXCHANGE INC.,1992-10-13,5552,10250,-1021.0,1700.0,101717,-229.0,-4698,-2721.0
GOLD - COMMODITY EXCHANGE INC.,1992-10-20,3774,12210,-1778.0,1960.0,99420,-2297.0,-8436,-3738.0
GOLD - COMMODITY EXCHANGE INC.,1992-10-27,3248,18553,-526.0,6343.0,108776,9356.0,-15305,-6869.0
GOLD - COMMODITY EXCHANGE INC.,1992-11-03,3350,20778,102.0,2225.0,106734,-2042.0,-17428,-2123.0
GOLD - COMMODITY EXCHANGE INC.,1992-11-10,5307,27347,1957.0,6569.0,116747,10013.0,-22040,-4612.0
GOLD - COMMODITY EXCHANGE INC.,1992-11-17,4157,25377,-1150.0,-1970.0,112935,-3812.0,-21220,820.0
GOLD - COMMODITY EXCHANGE INC.,1992-11-24,3396,23825,-761.0,-1552.0,108774,-4161.0,-20429,791.0
GOLD - COMMODITY EXCHANGE INC.,1992-12-01,2612,24775,-784.0,950.0,98384,-10390.0,-22163,-1734.0
GOLD - COMMODITY EXCHANGE INC.,1992-12-08,3555,22253,943.0,-2522.0,96886,-1498.0,-18698,3465.0
GOLD - COMMODITY EXCHANGE INC.,1992-12-15,3231,22110,-324.0,-143.0,99913,3027.0,-18879,-181.0
GOLD - COMMODITY EXCHANGE INC.,1992-12-22,6638,21541,3407.0,-569.0,103836,3923.0,-14903,3976.0
GOLD - COMMODITY EXCHANGE INC.,1992-12-29,5600,24445,-1038.0,2904.0,107682,3846.0,-18845,-3942.0
GOLD - COMMODITY EXCHANGE INC.,1993-01-05,5051,26772,-549.0,2327.0,113329,5647.0,-21721,-2876.0
GOLD - COMMODITY EXCHANGE INC.,1993-01-12,3937,31804,-1114.0,5032.0,113657,328.0,-27867,-6146.0
GOLD - COMMODITY EXCHANGE INC.,1993-01-19,3271,31316,-666.0,-488.0,115828,2171.0,-28045,-178.0
GOLD - COMMODITY EXCHANGE INC.,1993-01-26,3778,25046,507.0,-6270.0,109548,-6280.0,-21268,6777.0
GOLD - COMMODITY EXCHANGE INC.,1993-02-02,4374,22919,596.0,-2127.0,104396,-5152.0,-18545,2723.0
GOLD - COMMODITY EXCHANGE INC.,1993-02-09,4978,23564,604.0,645.0,113003,8607.0,-18586,-41.0
GOLD - COMMODITY EXCHANGE INC.,1993-02-16,6559,17211,1581.0,-6353.0,111624,-1379.0,-10652,7934.0
GOLD - COMMODITY EXCHANGE INC.,1993-02-23,6419,15221,-140.0,-1990.0,108001,-3623.0,-8802,1850.0
GOLD - COMMODITY EXCHANGE INC.,1993-03-02,5831,19213,-588.0,3992.0,109864,1863.0,-13382,-4580.0
GOLD - COMMODITY EXCHANGE INC.,1993-03-09,5010,29273,-821.0,10060.0,118364,8500.0,-24263,-10881.0
GOLD - COMMODITY EXCHANGE INC.,1993-03-16,10013,25153,5003.0,-4120.0,118169,-195.0,-15140,9123.0
GOLD - COMMODITY EXCHANGE INC.,1993-03-23,16471,14010,6458.0,-11143.0,112481,-5688.0,2461,17601.0
GOLD - COMMODITY EXCHANGE INC.,1993-03-30,32032,9314,15561.0,-4696.0,127614,15133.0,22718,20257.0
GOLD - COMMODITY EXCHANGE INC.,1993-04-06,44080,3972,12048.0,-5342.0,134202,6588.0,40108,17390.0
GOLD - COMMODITY EXCHANGE INC.,1993-04-13,44184,3174,104.0,-798.0,134188,-14.0,41010,902.0
GOLD - COMMODITY EXCHANGE INC.,1993-04-20,43522,7029,-662.0,3855.0,137431,3243.0,36493,-4517.0
GOLD - COMMODITY EXCHANGE INC.,1993-04-27,57655,7490,14133.0,461.0,156996,19565.0,50165,13672.0
GOLD - COMMODITY EXCHANGE INC.,1993-05-04,65914,9316,8259.0,1826.0,164403,7407.0,56598,6433.0
GOLD - COMMODITY EXCHANGE INC.,1993-05-11,65778,11210,-136.0,1894.0,167088,2685.0,54568,-2030.0
GOLD - COMMODITY EXCHANGE INC.,1993-05-18,73031,5758,7253.0,-5452.0,178417,11329.0,67273,12705.0
GOLD - COMMODITY EXCHANGE INC.,1993-05-25,61808,8643,-11223.0,2885.0,174530,-3887.0,53165,-14108.0
GOLD - COMMODITY EXCHANGE INC.,1993-06-01,61163,10146,-645.0,1503.0,175145,615.0,51017,-2148.0
GOLD - COMMODITY EXCHANGE INC.,1993-06-08,56205,9226,-4958.0,-920.0,171089,-4056.0,46979,-4038.0
GOLD - COMMODITY EXCHANGE INC.,1993-06-15,49164,10595,-7041.0,1369.0,164461,-6628.0,38569,-8410.0
GOLD - COMMODITY EXCHANGE INC.,1993-06-22,54439,11130,5275.0,535.0,167368,2907.0,43309,4740.0
GOLD - COMMODITY EXCHANGE INC.,1993-06-29,60965,12036,6526.0,906.0,174697,7329.0,48929,5620.0
GOLD - COMMODITY EXCHANGE INC.,1993-07-06,73775,17138,12810.0,5102.0,199471,24774.0,56637,7708.0
GOLD - COMMODITY EXCHANGE INC.,1993-07-13,76537,13336,2762.0,-3802.0,204057,4586.0,63201,6564.0
GOLD - COMMODITY EXCHANGE INC.,1993-07-20,74337,9855,-2200.0,-3481.0,204642,585.0,64482,1281.0
GOLD - COMMODITY EXCHANGE INC.,1993-07-27,69330,10481,-5007.0,626.0,197704,-6938.0,58849,-5633.0
GOLD - COMMODITY EXCHANGE INC.,1993-08-03,82076,12479,12746.0,1998.0,206869,9165.0,69597,10748.0
GOLD - COMMODITY EXCHANGE INC.,1993-08-10,55725,13359,-26351.0,880.0,176847,-30022.0,42366,-27231.0
GOLD - COMMODITY EXCHANGE INC.,1993-08-17,41868,12872,-13857.0,-487.0,172814,-4033.0,28996,-13370.0
GOLD - COMMODITY EXCHANGE INC.,1993-08-24,44404,11738,2536.0,-1134.0,172556,-258.0,32666,3670.0
GOLD - COMMODITY EXCHANGE INC.,1993-08-31,48894,12805,4490.0,1067.0,175913,3357.0,36089,3423.0
GOLD - COMMODITY EXCHANGE INC.,1993-09-07,45493,18741,-3401.0,5936.0,179032,3119.0,26752,-9337.0
GOLD - COMMODITY EXCHANGE INC.,1993-09-14,38360,17840,-7133.0,-901.0,171512,-7520.0,20520,-6232.0
GOLD - COMMODITY EXCHANGE INC.,1993-09-21,32735,16165,-5625.0,-1675.0,159931,-11581.0,16570,-3950.0
GOLD - COMMODITY EXCHANGE INC.,1993-09-28,31272,15137,-1463.0,-1028.0,154198,-5733.0,16135,-435.0
GOLD - COMMODITY EXCHANGE INC.,1993-10-05,29815,16588,-1457.0,1451.0,151216,-2982.0,13227,-2908.0
GOLD - COMMODITY EXCHANGE INC.,1993-10-12,36607,10716,6792.0,-5872.0,151204,-12.0,25891,12664.0
GOLD - COMMODITY EXCHANGE INC.,1993-10-19,37249,9111,642.0,-1605.0,149633,-1571.0,28138,2247.0
GOLD - COMMODITY EXCHANGE INC.,1993-10-26,41405,10361,4156.0,1250.0,154785,5152.0,31044,2906.0
GOLD - COMMODITY EXCHANGE INC.,1993-11-02,37080,11946,-4325.0,1585.0,146843,-7942.0,25134,-5910.0
GOLD - COMMODITY EXCHANGE INC.,1993-11-09,44920,13504,7840.0,1558.0,154670,7827.0,31416,6282.0
GOLD - COMMODITY EXCHANGE INC.,1993-11-16,41735,6983,-3185.0,-6521.0,151618,-3052.0,34752,3336.0
GOLD - COMMODITY EXCHANGE INC.,1993-11-23,42924,7011,1189.0,28.0,154281,2663.0,35913,1161.0
GOLD - COMMODITY EXCHANGE INC.,1993-11-30,35713,11162,-7211.0,4151.0,147175,-7106.0,24551,-11362.0
GOLD - COMMODITY EXCHANGE INC.,1993-12-07,40747,8594,5034.0,-2568.0,142524,-4651.0,32153,7602.0
GOLD - COMMODITY EXCHANGE INC.,1993-12-14,52864,7980,12117.0,-614.0,156428,13904.0,44884,12731.0
GOLD - COMMODITY EXCHANGE INC.,1993-12-21,53916,8322,1052.0,342.0,159335,2907.0,45594,710.0
GOLD - COMMODITY EXCHANGE INC.,1993-12-28,54009,8224,93.0,-98.0,159847,512.0,45785,191.0
GOLD - COMMODITY EXCHANGE INC.,1994-01-04,59294,9532,5285.0,1308.0,170497,10650.0,49762,3977.0
GOLD - COMMODITY EXCHANGE INC.,1994-01-11,50144,8811,-9150.0,-721.0,157271,-13226.0,41333,-8429.0
GOLD - COMMODITY EXCHANGE INC.,1994-01-18,51621,6893,1477.0,-1918.0,159083,1812.0,44728,3395.0
GOLD - COMMODITY EXCHANGE INC.,1994-01-25,38287,9784,-13334.0,2891.0,147945,-11138.0,28503,-16225.0
GOLD - COMMODITY EXCHANGE INC.,1994-02-01,35258,14480,-3029.0,4696.0,134302,-13643.0,20778,-7725.0
GOLD - COMMODITY EXCHANGE INC.,1994-02-08,34704,14233,-554.0,-247.0,136106,1804.0,20471,-307.0
GOLD - COMMODITY EXCHANGE INC.,1994-02-15,34398,13788,-306.0,-445.0,140211,4105.0,20610,139.0
GOLD - COMMODITY EXCHANGE INC.,1994-02-22,30012,17832,-4386.0,4044.0,139965,-246.0,12180,-8430.0
GOLD - COMMODITY EXCHANGE INC.,1994-03-01,33205,25729,3193.0,7897.0,148260,8295.0,7476,-4704.0
GOLD - COMMODITY EXCHANGE INC.,1994-03-08,28210,27146,-4995.0,1417.0,146116,-2144.0,1064,-6412.0
GOLD - COMMODITY EXCHANGE INC.,1994-03-15,35954,15216,7744.0,-11930.0,142387,-3729.0,20738,19674.0
GOLD - COMMODITY EXCHANGE INC.,1994-03-22,37614,15374,1660.0,158.0,147001,4614.0,22240,1502.0
GOLD - COMMODITY EXCHANGE INC.,1994-03-29,39949,16234,2335.0,860.0,147441,440.0,23715,1475.0
GOLD - COMMODITY EXCHANGE INC.,1994-04-05,35281,17876,-4668.0,1642.0,138683,-8758.0,17405,-6310.0
GOLD - COMMODITY EXCHANGE INC.,1994-04-12,30231,27193,-5050.0,9317.0,140190,1507.0,3038,-14367.0
GOLD - COMMODITY EXCHANGE INC.,1994-04-19,25666,42487,-4565.0,15294.0,150065,9875.0,-16821,-19859.0
GOLD - COMMODITY EXCHANGE INC.,1994-04-26,21360,48075,-4306.0,5588.0,149682,-383.0,-26715,-9894.0
GOLD - COMMODITY EXCHANGE INC.,1994-05-03,23855,49230,2495.0,1155.0,150507,825.0,-25375,1340.0
GOLD - COMMODITY EXCHANGE INC.,1994-05-10,25958,34299,2103.0,-14931.0,142039,-8468.0,-8341,17034.0
GOLD - COMMODITY EXCHANGE INC.,1994-05-17,30099,32281,4141.0,-2018.0,144784,2745.0,-2182,6159.0
GOLD - COMMODITY EXCHANGE INC.,1994-05-24,37509,29218,7410.0,-3063.0,154408,9624.0,8291,10473.0
GOLD - COMMODITY EXCHANGE INC.,1994-05-31,45219,23705,7710.0,-5513.0,148143,-6265.0,21514,13223.0
GOLD - COMMODITY EXCHANGE INC.,1994-06-07,31353,25920,-13866.0,2215.0,136615,-11528.0,5433,-16081.0
GOLD - COMMODITY EXCHANGE INC.,1994-06-14,33843,23618,2490.0,-2302.0,138822,2207.0,10225,4792.0
GOLD - COMMODITY EXCHANGE INC.,1994-06-21,55391,21845,21548.0,-1773.0,161383,22561.0,33546,23321.0
GOLD - COMMODITY EXCHANGE INC.,1994-06-28,39328,23394,-16063.0,1549.0,148851,-12532.0,15934,-17612.0
GOLD - COMMODITY EXCHANGE INC.,1994-07-05,36631,23603,-2697.0,209.0,146005,-2846.0,13028,-2906.0
GOLD - COMMODITY EXCHANGE INC.,1994-07-12,32962,23307,-3669.0,-296.0,145019,-986.0,9655,-3373.0
GOLD - COMMODITY EXCHANGE INC.,1994-07-19,33006,22995,44.0,-312.0,153041,8022.0,10011,356.0
GOLD - COMMODITY EXCHANGE INC.,1994-07-26,34041,22650,1035.0,-345.0,149109,-3932.0,11391,1380.0
GOLD - COMMODITY EXCHANGE INC.,1994-08-02,33034,37935,-1007.0,15285.0,145660,-3449.0,-4901,-16292.0
GOLD - COMMODITY EXCHANGE INC.,1994-08-09,32524,46074,-510.0,8139.0,155058,9398.0,-13550,-8649.0
GOLD - COMMODITY EXCHANGE INC.,1994-08-16,27649,45377,-4875.0,-697.0,160298,5240.0,-17728,-4178.0
GOLD - COMMODITY EXCHANGE INC.,1994-08-23,30405,38306,2756.0,-7071.0,156684,-3614.0,-7901,9827.0
GOLD - COMMODITY EXCHANGE INC.,1994-08-30,38628,23584,8223.0,-14722.0,156676,-8.0,15044,22945.0
GOLD - COMMODITY EXCHANGE INC.,1994-09-06,40107,21267,1479.0,-2317.0,157364,688.0,18840,3796.0
GOLD - COMMODITY EXCHANGE INC.,1994-09-13,42907,11099,2800.0,-10168.0,159123,1759.0,31808,12968.0
GOLD - COMMODITY EXCHANGE INC.,1994-09-20,58124,11079,15217.0,-20.0,174646,15523.0,47045,15237.0
GOLD - COMMODITY EXCHANGE INC.,1994-09-27,66886,8688,8762.0,-2391.0,184697,10051.0,58198,11153.0
GOLD - COMMODITY EXCHANGE INC.,1994-10-04,66676,9236,-210.0,548.0,188054,3357.0,57440,-758.0
GOLD - COMMODITY EXCHANGE INC.,1994-10-11,38255,10971,-28421.0,1735.0,164252,-23802.0,27284,-30156.0
GOLD - COMMODITY EXCHANGE INC.,1994-10-18,32979,15993,-5276.0,5022.0,156161,-8091.0,16986,-10298.0
GOLD - COMMODITY EXCHANGE INC.,1994-10-25,35388,13717,2409.0,-2276.0,157554,1393.0,21671,4685.0
GOLD - COMMODITY EXCHANGE INC.,1994-11-01,30039,37703,-5349.0,23986.0,163943,6389.0,-7664,-29335.0
GOLD - COMMODITY EXCHANGE INC.,1994-11-08,30702,41118,663.0,3415.0,166608,2665.0,-10416,-2752.0
GOLD - COMMODITY EXCHANGE INC.,1994-11-15,26522,41122,-4180.0,4.0,166090,-518.0,-14600,-4184.0
GOLD - COMMODITY EXCHANGE INC.,1994-11-22,23152,37251,-3370.0,-3871.0,170691,4601.0,-14099,501.0
GOLD - COMMODITY EXCHANGE INC.,1994-11-29,19279,39679,-3873.0,2428.0,172690,1999.0,-20400,-6301.0
GOLD - COMMODITY EXCHANGE INC.,1994-12-06,14632,59710,-4647.0,20031.0,180619,7929.0,-45078,-24678.0
GOLD - COMMODITY EXCHANGE INC.,1994-12-13,14093,60972,-539.0,1262.0,179346,-1273.0,-46879,-1801.0
GOLD - COMMODITY EXCHANGE INC.,1994-12-20,14095,54202,2.0,-6770.0,175686,-3660.0,-40107,6772.0
GOLD - COMMODITY EXCHANGE INC.,1994-12-27,13482,53710,-613.0,-492.0,179759,4073.0,-40228,-121.0
GOLD - COMMODITY EXCHANGE INC.,1995-01-03,13004,47070,-478.0,-6640.0,178399,-1360.0,-34066,6162.0
GOLD - COMMODITY EXCHANGE INC.,1995-01-10,14517,64096,1513.0,17026.0,196271,17872.0,-49579,-15513.0
GOLD - COMMODITY EXCHANGE INC.,1995-01-17,15750,53584,1233.0,-10512.0,188429,-7842.0,-37834,11745.0
GOLD - COMMODITY EXCHANGE INC.,1995-01-24,16319,38233,569.0,-15351.0,175858,-12571.0,-21914,15920.0
GOLD - COMMODITY EXCHANGE INC.,1995-01-31,14708,45288,-1611.0,7055.0,171777,-4081.0,-30580,-8666.0
GOLD - COMMODITY EXCHANGE INC.,1995-02-07,15943,47046,1235.0,1758.0,172009,232.0,-31103,-523.0
GOLD - COMMODITY EXCHANGE INC.,1995-02-14,15637,44891,-306.0,-2155.0,171401,-608.0,-29254,1849.0
GOLD - COMMODITY EXCHANGE INC.,1995-02-21,15597,39363,-40.0,-5528.0,169377,-2024.0,-23766,5488.0
GOLD - COMMODITY EXCHANGE INC.,1995-02-28,14603,43836,-994.0,4473.0,174285,4908.0,-29233,-5467.0
GOLD - COMMODITY EXCHANGE INC.,1995-03-07,15813,25347,1210.0,-18489.0,168151,-6134.0,-9534,19699.0
GOLD - COMMODITY EXCHANGE INC.,1995-03-14,19918,12967,4105.0,-12380.0,167938,-213.0,6951,16485.0
GOLD - COMMODITY EXCHANGE INC.,1995-03-21,15352,11719,-4566.0,-1248.0,168138,200.0,3633,-3318.0
GOLD - COMMODITY EXCHANGE INC.,1995-03-28,12659,11818,-2693.0,99.0,162245,-5893.0,841,-2792.0
GOLD - COMMODITY EXCHANGE INC.,1995-04-04,39871,6180,27212.0,-5638.0,187495,25250.0,33691,32850.0
GOLD - COMMODITY EXCHANGE INC.,1995-04-11,43265,6820,3394.0,640.0,191233,3738.0,36445,2754.0
GOLD - COMMODITY EXCHANGE INC.,1995-04-18,44945,6259,1680.0,-561.0,198168,6935.0,38686,2241.0
GOLD - COMMODITY EXCHANGE INC.,1995-04-25,42702,6829,-2243.0,570.0,196084,-2084.0,35873,-2813.0
GOLD - COMMODITY EXCHANGE INC.,1995-05-02,25653,6962,-17049.0,133.0,177178,-18906.0,18691,-17182.0
GOLD - COMMODITY EXCHANGE INC.,1995-05-09,12615,13750,-13038.0,6788.0,170206,-6972.0,-1135,-19826.0
GOLD - COMMODITY EXCHANGE INC.,1995-05-16,13179,19220,564.0,5470.0,173860,3654.0,-6041,-4906.0
GOLD - COMMODITY EXCHANGE INC.,1995-05-23,11361,21878,-1818.0,2658.0,181812,7952.0,-10517,-4476.0
GOLD - COMMODITY EXCHANGE INC.,1995-05-30,11716,17770,355.0,-4108.0,159456,-22356.0,-6054,4463.0
GOLD - COMMODITY EXCHANGE INC.,1995-06-06,13907,18187,2191.0,417.0,170887,11431.0,-4280,1774.0
GOLD - COMMODITY EXCHANGE INC.,1995-06-13,17242,12814,3335.0,-5373.0,164848,-6039.0,4428,8708.0
GOLD - COMMODITY EXCHANGE INC.,1995-06-20,33046,6879,15804.0,-5935.0,183209,18361.0,26167,21739.0
GOLD - COMMODITY EXCHANGE INC.,1995-06-27,29025,7584,-4021.0,705.0,177052,-6157.0,21441,-4726.0
GOLD - COMMODITY EXCHANGE INC.,1995-07-03,18389,21962,-10636.0,14378.0,175928,-1124.0,-3573,-25014.0
GOLD - COMMODITY EXCHANGE INC.,1995-07-11,14673,26780,-3716.0,4818.0,184850,8922.0,-12107,-8534.0
GOLD - COMMODITY EXCHANGE INC.,1995-07-18,20360,12480,5687.0,-14300.0,171900,-12950.0,7880,19987.0
GOLD - COMMODITY EXCHANGE INC.,1995-07-25,16627,14624,-3733.0,2144.0,168448,-3452.0,2003,-5877.0
GOLD - COMMODITY EXCHANGE INC.,1995-08-01,13084,40233,-3543.0,25609.0,170099,1651.0,-27149,-29152.0
GOLD - COMMODITY EXCHANGE INC.,1995-08-08,15272,46262,2188.0,6029.0,177811,7712.0,-30990,-3841.0
GOLD - COMMODITY EXCHANGE INC.,1995-08-15,14838,32053,-434.0,-14209.0,173296,-4515.0,-17215,13775.0
GOLD - COMMODITY EXCHANGE INC.,1995-08-22,12195,45313,-2643.0,13260.0,175852,2556.0,-33118,-15903.0
GOLD - COMMODITY EXCHANGE INC.,1995-08-29,11333,47660,-862.0,2347.0,177422,1570.0,-36327,-3209.0
GOLD - COMMODITY EXCHANGE INC.,1995-09-05,12639,53989,1306.0,6329.0,183988,6566.0,-41350,-5023.0
GOLD - COMMODITY EXCHANGE INC.,1995-09-12,15444,44478,2805.0,-9511.0,186741,2753.0,-29034,12316.0
GOLD - COMMODITY EXCHANGE INC.,1995-09-19,16915,38672,1471.0,-5806.0,188070,1329.0,-21757,7277.0
GOLD - COMMODITY EXCHANGE INC.,1995-09-26,14513,41360,-2402.0,2688.0,184643,-3427.0,-26847,-5090.0
GOLD - COMMODITY EXCHANGE INC.,1995-10-03,13167,44756,-1346.0,3396.0,180193,-4450.0,-31589,-4742.0
GOLD - COMMODITY EXCHANGE INC.,1995-10-10,15392,40580,2225.0,-4176.0,180595,402.0,-25188,6401.0
GOLD - COMMODITY EXCHANGE INC.,1995-10-17,13493,41915,-1899.0,1335.0,181415,820.0,-28422,-3234.0
GOLD - COMMODITY EXCHANGE INC.,1995-10-24,13266,54685,-227.0,12770.0,191143,9728.0,-41419,-12997.0
GOLD - COMMODITY EXCHANGE INC.,1995-10-31,14314,52940,1048.0,-1745.0,192942,1799.0,-38626,2793.0
GOLD - COMMODITY EXCHANGE INC.,1995-11-07,15493,41697,1179.0,-11243.0,187463,-5479.0,-26204,12422.0
GOLD - COMMODITY EXCHANGE INC.,1995-11-14,23423,15186,7930.0,-26511.0,172130,-15333.0,8237,34441.0
GOLD - COMMODITY EXCHANGE INC.,1995-11-21,17247,14347,-6176.0,-839.0,155570,-16560.0,2900,-5337.0
GOLD - COMMODITY EXCHANGE INC.,1995-11-28,14863,17285,-2384.0,2938.0,150937,-4633.0,-2422,-5322.0
GOLD - COMMODITY EXCHANGE INC.,1995-12-05,15236,15528,373.0,-1757.0,139049,-11888.0,-292,2130.0
GOLD - COMMODITY EXCHANGE INC.,1995-12-12,24462,13377,9226.0,-2151.0,144601,5552.0,11085,11377.0
GOLD - COMMODITY EXCHANGE INC.,1995-12-19,16148,13121,-8314.0,-256.0,142709,-1892.0,3027,-8058.0
GOLD - COMMODITY EXCHANGE INC.,1995-12-26,15493,13233,-655.0,112.0,141213,-1496.0,2260,-767.0
GOLD - COMMODITY EXCHANGE INC.,1996-01-02,22223,11829,6730.0,-1404.0,148656,7443.0,10394,8134.0
GOLD - COMMODITY EXCHANGE INC.,1996-01-09,56064,6413,33841.0,-5416.0,196205,47549.0,49651,39257.0
GOLD - COMMODITY EXCHANGE INC.,1996-01-16,64825,6689,8761.0,276.0,213033,16828.0,58136,8485.0
GOLD - COMMODITY EXCHANGE INC.,1996-01-23,72631,3289,7806.0,-3400.0,226823,13790.0,69342,11206.0
GOLD - COMMODITY EXCHANGE INC.,1996-01-30,73978,6284,1347.0,2995.0,223800,-3023.0,67694,-1648.0
GOLD - COMMODITY EXCHANGE INC.,1996-02-06,72958,9113,-1020.0,2829.0,235728,11928.0,63845,-3849.0
GOLD - COMMODITY EXCHANGE INC.,1996-02-13,55477,6884,-17481.0,-2229.0,224779,-10949.0,48593,-15252.0
GOLD - COMMODITY EXCHANGE INC.,1996-02-20,49123,8013,-6354.0,1129.0,221187,-3592.0,41110,-7483.0
GOLD - COMMODITY EXCHANGE INC.,1996-02-27,44106,5830,-5017.0,-2183.0,220205,-982.0,38276,-2834.0
GOLD - COMMODITY EXCHANGE INC.,1996-03-05,32146,9856,-11960.0,4026.0,206708,-13497.0,22290,-15986.0
GOLD - COMMODITY EXCHANGE INC.,1996-03-12,34232,9423,2086.0,-433.0,208236,1528.0,24809,2519.0
GOLD - COMMODITY EXCHANGE INC.,1996-03-19,29171,12107,-5061.0,2684.0,197708,-10528.0,17064,-7745.0
GOLD - COMMODITY EXCHANGE INC.,1996-03-26,39469,7768,10298.0,-4339.0,201147,3439.0,31701,14637.0
GOLD - COMMODITY EXCHANGE INC.,1996-04-02,36397,11592,-3072.0,3824.0,189385,-11762.0,24805,-6896.0
GOLD - COMMODITY EXCHANGE INC.,1996-04-09,42220,12257,5823.0,665.0,202031,12646.0,29963,5158.0
GOLD - COMMODITY EXCHANGE INC.,1996-04-16,24271,17681,-17949.0,5424.0,201839,-192.0,6590,-23373.0
GOLD - COMMODITY EXCHANGE INC.,1996-04-23,24144,23597,-127.0,5916.0,203351,1512.0,547,-6043.0
GOLD - COMMODITY EXCHANGE INC.,1996-04-30,24448,25486,304.0,1889.0,206658,3307.0,-1038,-1585.0
GOLD - COMMODITY EXCHANGE INC.,1996-05-07,25875,21051,1427.0,-4435.0,201442,-5216.0,4824,5862.0
GOLD - COMMODITY EXCHANGE INC.,1996-05-14,23187,28223,-2688.0,7172.0,205744,4302.0,-5036,-9860.0
GOLD - COMMODITY EXCHANGE INC.,1996-05-21,23277,34180,90.0,5957.0,205874,130.0,-10903,-5867.0
GOLD - COMMODITY EXCHANGE INC.,1996-05-28,23843,31809,566.0,-2371.0,202685,-3189.0,-7966,2937.0
GOLD - COMMODITY EXCHANGE INC.,1996-06-04,25230,37997,1387.0,6188.0,183865,-18820.0,-12767,-4801.0
GOLD - COMMODITY EXCHANGE INC.,1996-06-11,16825,53384,-8405.0,15387.0,189544,5679.0,-36559,-23792.0
GOLD - COMMODITY EXCHANGE INC.,1996-06-18,18772,50728,1947.0,-2656.0,192486,2942.0,-31956,4603.0
GOLD - COMMODITY EXCHANGE INC.,1996-06-25,18980,49010,208.0,-1718.0,194460,1974.0,-30030,1926.0
GOLD - COMMODITY EXCHANGE INC.,1996-07-02,13499,52310,-5481.0,3300.0,196152,1692.0,-38811,-8781.0
GOLD - COMMODITY EXCHANGE INC.,1996-07-09,13856,49630,357.0,-2680.0,197471,1319.0,-35774,3037.0
GOLD - COMMODITY EXCHANGE INC.,1996-07-16,10183,42189,-3673.0,-7441.0,187816,-9655.0,-32006,3768.0
GOLD - COMMODITY EXCHANGE INC.,1996-07-23,10760,38907,577.0,-3282.0,176128,-11688.0,-28147,3859.0
GOLD - COMMODITY EXCHANGE INC.,1996-07-30,11780,35384,1020.0,-3523.0,169384,-6744.0,-23604,4543.0
GOLD - COMMODITY EXCHANGE INC.,1996-08-06,14155,17964,2375.0,-17420.0,158371,-11013.0,-3809,19795.0
GOLD - COMMODITY EXCHANGE INC.,1996-08-13,13969,17399,-186.0,-565.0,160705,2334.0,-3430,379.0
GOLD - COMMODITY EXCHANGE INC.,1996-08-20,12948,19352,-1021.0,1953.0,157653,-3052.0,-6404,-2974.0
GOLD - COMMODITY EXCHANGE INC.,1996-08-27,14313,16841,1365.0,-2511.0,160819,3166.0,-2528,3876.0
GOLD - COMMODITY EXCHANGE INC.,1996-09-03,10839,27442,-3474.0,10601.0,162775,1956.0,-16603,-14075.0
GOLD - COMMODITY EXCHANGE INC.,1996-09-10,10988,58020,149.0,30578.0,186183,23408.0,-47032,-30429.0
GOLD - COMMODITY EXCHANGE INC.,1996-09-17,11628,63874,640.0,5854.0,191988,5805.0,-52246,-5214.0
GOLD - COMMODITY EXCHANGE INC.,1996-09-24,9958,65772,-1670.0,1898.0,189340,-2648.0,-55814,-3568.0
GOLD - COMMODITY EXCHANGE INC.,1996-10-01,10856,69120,898.0,3348.0,197398,8058.0,-58264,-2450.0
GOLD - COMMODITY EXCHANGE INC.,1996-10-08,12001,66246,1145.0,-2874.0,193843,-3555.0,-54245,4019.0
GOLD - COMMODITY EXCHANGE INC.,1996-10-15,14657,65430,2656.0,-816.0,196753,2910.0,-50773,3472.0
GOLD - COMMODITY EXCHANGE INC.,1996-10-22,12240,48255,-2417.0,-17175.0,187813,-8940.0,-36015,14758.0
GOLD - COMMODITY EXCHANGE INC.,1996-10-29,10169,54543,-2071.0,6288.0,187475,-338.0,-44374,-8359.0
GOLD - COMMODITY EXCHANGE INC.,1996-11-05,10481,64187,312.0,9644.0,193964,6489.0,-53706,-9332.0
GOLD - COMMODITY EXCHANGE INC.,1996-11-12,13614,53794,3133.0,-10393.0,189454,-4510.0,-40180,13526.0
GOLD - COMMODITY EXCHANGE INC.,1996-11-19,10143,50202,-3471.0,-3592.0,175954,-13500.0,-40059,121.0
GOLD - COMMODITY EXCHANGE INC.,1996-11-26,10662,65255,519.0,15053.0,191221,15267.0,-54593,-14534.0
GOLD - COMMODITY EXCHANGE INC.,1996-12-03,11865,65840,1203.0,585.0,188166,-3055.0,-53975,618.0
GOLD - COMMODITY EXCHANGE INC.,1996-12-10,13689,51181,1824.0,-14659.0,185516,-2650.0,-37492,16483.0
GOLD - COMMODITY EXCHANGE INC.,1996-12-17,12219,49246,-1470.0,-1935.0,185415,-101.0,-37027,465.0
GOLD - COMMODITY EXCHANGE INC.,1996-12-24,11874,49415,-345.0,169.0,186187,772.0,-37541,-514.0
GOLD - COMMODITY EXCHANGE INC.,1996-12-31,11848,53773,-26.0,4358.0,189805,3618.0,-41925,-4384.0
GOLD - COMMODITY EXCHANGE INC.,1997-01-07,11368,59524,-480.0,5751.0,201412,11607.0,-48156,-6231.0
GOLD - COMMODITY EXCHANGE INC.,1997-01-14,7643,60612,-3725.0,1088.0,204117,2705.0,-52969,-4813.0
GOLD - COMMODITY EXCHANGE INC.,1997-01-21,7815,58085,172.0,-2527.0,205471,1354.0,-50270,2699.0
GOLD - COMMODITY EXCHANGE INC.,1997-01-28,10226,49182,2411.0,-8903.0,189160,-16311.0,-38956,11314.0
GOLD - COMMODITY EXCHANGE INC.,1997-02-04,7438,55221,-2788.0,6039.0,191347,2187.0,-47783,-8827.0
GOLD - COMMODITY EXCHANGE INC.,1997-02-11,8403,55053,965.0,-168.0,195275,3928.0,-46650,1133.0
GOLD - COMMODITY EXCHANGE INC.,1997-02-18,14150,48011,5747.0,-7042.0,194794,-481.0,-33861,12789.0
GOLD - COMMODITY EXCHANGE INC.,1997-02-25,14009,35250,-141.0,-12761.0,184459,-10335.0,-21241,12620.0
GOLD - COMMODITY EXCHANGE INC.,1997-03-04,21214,18641,7205.0,-16609.0,174030,-10429.0,2573,23814.0
GOLD - COMMODITY EXCHANGE INC.,1997-03-11,15219,16432,-5995.0,-2209.0,170832,-3198.0,-1213,-3786.0
GOLD - COMMODITY EXCHANGE INC.,1997-03-18,12800,23671,-2419.0,7239.0,172691,1859.0,-10871,-9658.0
GOLD - COMMODITY EXCHANGE INC.,1997-03-25,16865,23580,4065.0,-91.0,163639,-9052.0,-6715,4156.0
GOLD - COMMODITY EXCHANGE INC.,1997-04-01,10496,19958,-6369.0,-3622.0,152107,-11532.0,-9462,-2747.0
GOLD - COMMODITY EXCHANGE INC.,1997-04-08,10019,18882,-477.0,-1076.0,148359,-3748.0,-8863,599.0
GOLD - COMMODITY EXCHANGE INC.,1997-04-15,8895,37248,-1124.0,18366.0,159410,11051.0,-28353,-19490.0
GOLD - COMMODITY EXCHANGE INC.,1997-04-22,9131,46631,236.0,9383.0,162911,3501.0,-37500,-9147.0
GOLD - COMMODITY EXCHANGE INC.,1997-04-29,8071,48003,-1060.0,1372.0,163585,674.0,-39932,-2432.0
GOLD - COMMODITY EXCHANGE INC.,1997-05-06,8661,48910,590.0,907.0,168134,4549.0,-40249,-317.0
GOLD - COMMODITY EXCHANGE INC.,1997-05-13,14204,31887,5543.0,-17023.0,162528,-5606.0,-17683,22566.0
GOLD - COMMODITY EXCHANGE INC.,1997-05-20,10213,40450,-3991.0,8563.0,159466,-3062.0,-30237,-12554.0
GOLD - COMMODITY EXCHANGE INC.,1997-05-27,10253,39801,40.0,-649.0,158811,-655.0,-29548,689.0
GOLD - COMMODITY EXCHANGE INC.,1997-06-03,8479,39277,-1774.0,-524.0,150801,-8010.0,-30798,-1250.0
GOLD - COMMODITY EXCHANGE INC.,1997-06-10,7903,44095,-576.0,4818.0,160675,9874.0,-36192,-5394.0
GOLD - COMMODITY EXCHANGE INC.,1997-06-17,8277,45856,374.0,1761.0,164407,3732.0,-37579,-1387.0
GOLD - COMMODITY EXCHANGE INC.,1997-06-24,9490,64083,1213.0,18227.0,185491,21084.0,-54593,-17014.0
GOLD - COMMODITY EXCHANGE INC.,1997-07-01,5230,72241,-4260.0,8158.0,196108,10617.0,-67011,-12418.0
GOLD - COMMODITY EXCHANGE INC.,1997-07-08,6339,78779,1109.0,6538.0,217966,21858.0,-72440,-5429.0
GOLD - COMMODITY EXCHANGE INC.,1997-07-15,7397,81985,1058.0,3206.0,217370,-596.0,-74588,-2148.0
GOLD - COMMODITY EXCHANGE INC.,1997-07-22,10794,72280,3397.0,-9705.0,204631,-12739.0,-61486,13102.0
GOLD - COMMODITY EXCHANGE INC.,1997-07-29,11544,68170,750.0,-4110.0,194719,-9912.0,-56626,4860.0
GOLD - COMMODITY EXCHANGE INC.,1997-08-05,6513,77419,-5031.0,9249.0,197799,3080.0,-70906,-14280.0
GOLD - COMMODITY EXCHANGE INC.,1997-08-12,14018,63722,7505.0,-13697.0,196685,-1114.0,-49704,21202.0
GOLD - COMMODITY EXCHANGE INC.,1997-08-19,7183,63592,-6835.0,-130.0,201656,4971.0,-56409,-6705.0
GOLD - COMMODITY EXCHANGE INC.,1997-08-26,7589,59131,406.0,-4461.0,196870,-4786.0,-51542,4867.0
GOLD - COMMODITY EXCHANGE INC.,1997-09-02,6674,66468,-915.0,7337.0,195898,-972.0,-59794,-8252.0
GOLD - COMMODITY EXCHANGE INC.,1997-09-09,6595,66009,-79.0,-459.0,202432,6534.0,-59414,380.0
GOLD - COMMODITY EXCHANGE INC.,1997-09-16,4357,66787,-2238.0,778.0,205520,3088.0,-62430,-3016.0
GOLD - COMMODITY EXCHANGE INC.,1997-09-23,4678,67575,321.0,788.0,201439,-4081.0,-62897,-467.0
GOLD - COMMODITY EXCHANGE INC.,1997-09-30,22302,42134,17624.0,-25441.0,182284,-19155.0,-19832,43065.0
GOLD - COMMODITY EXCHANGE INC.,1997-10-07,41536,38086,19234.0,-4048.0,182549,265.0,3450,23282.0
GOLD - COMMODITY EXCHANGE INC.,1997-10-14,30291,38030,-11245.0,-56.0,176930,-5619.0,-7739,-11189.0
GOLD - COMMODITY EXCHANGE INC.,1997-10-21,13909,43706,-16382.0,5676.0,175223,-1707.0,-29797,-22058.0
GOLD - COMMODITY EXCHANGE INC.,1997-10-28,7117,71623,-6792.0,27917.0,217825,42602.0,-64506,-34709.0
GOLD - COMMODITY EXCHANGE INC.,1997-11-04,8017,71591,900.0,-32.0,217937,112.0,-63574,932.0
GOLD - COMMODITY EXCHANGE INC.,1997-11-11,8834,68744,817.0,-2847.0,214765,-3172.0,-59910,3664.0
GOLD - COMMODITY EXCHANGE INC.,1997-11-18,13705,64354,4871.0,-4390.0,214353,-412.0,-50649,9261.0
GOLD - COMMODITY EXCHANGE INC.,1997-11-25,9687,69449,-4018.0,5095.0,192531,-21822.0,-59762,-9113.0
GOLD - COMMODITY EXCHANGE INC.,1997-12-02,10682,71170,995.0,1721.0,194540,2009.0,-60488,-726.0
GOLD - COMMODITY EXCHANGE INC.,1997-12-09,10623,73243,-59.0,2073.0,197049,2509.0,-62620,-2132.0
GOLD - COMMODITY EXCHANGE INC.,1997-12-16,9866,68635,-757.0,-4608.0,187364,-9685.0,-58769,3851.0
GOLD - COMMODITY EXCHANGE INC.,1997-12-23,10200,61984,334.0,-6651.0,183073,-4291.0,-51784,6985.0
GOLD - COMMODITY EXCHANGE INC.,1997-12-30,9580,60624,-620.0,-1360.0,177704,-5369.0,-51044,740.0
GOLD - COMMODITY EXCHANGE INC.,1998-01-06,9714,68298,134.0,7674.0,189409,11705.0,-58584,-7540.0
GOLD - COMMODITY EXCHANGE INC.,1998-01-13,9852,68380,138.0,82.0,191691,2282.0,-58528,56.0
GOLD - COMMODITY EXCHANGE INC.,1998-01-20,10105,61779,253.0,-6601.0,181245,-10446.0,-51674,6854.0
GOLD - COMMODITY EXCHANGE INC.,1998-01-27,12390,36522,2285.0,-25257.0,162174,-19071.0,-24132,27542.0
GOLD - COMMODITY EXCHANGE INC.,1998-02-03,14549,38547,2159.0,2025.0,164191,2017.0,-23998,134.0
GOLD - COMMODITY EXCHANGE INC.,1998-02-10,15393,36662,844.0,-1885.0,169296,5105.0,-21269,2729.0
GOLD - COMMODITY EXCHANGE INC.,1998-02-17,14602,38649,-791.0,1987.0,172572,3276.0,-24047,-2778.0
GOLD - COMMODITY EXCHANGE INC.,1998-02-24,13023,46469,-1579.0,7820.0,178732,6160.0,-33446,-9399.0
GOLD - COMMODITY EXCHANGE INC.,1998-03-03,15161,43053,2138.0,-3416.0,181113,2381.0,-27892,5554.0
GOLD - COMMODITY EXCHANGE INC.,1998-03-10,13496,48149,-1665.0,5096.0,184128,3015.0,-34653,-6761.0
GOLD - COMMODITY EXCHANGE INC.,1998-03-17,7047,58345,-6449.0,10196.0,200258,16130.0,-51298,-16645.0
GOLD - COMMODITY EXCHANGE INC.,1998-03-24,6820,48971,-227.0,-9374.0,172915,-27343.0,-42151,9147.0
GOLD - COMMODITY EXCHANGE INC.,1998-03-31,14151,35778,7331.0,-13193.0,161065,-11850.0,-21627,20524.0
GOLD - COMMODITY EXCHANGE INC.,1998-04-07,35912,30665,21761.0,-5113.0,180125,19060.0,5247,26874.0
GOLD - COMMODITY EXCHANGE INC.,1998-04-14,39334,31138,3422.0,473.0,182619,2494.0,8196,2949.0
GOLD - COMMODITY EXCHANGE INC.,1998-04-21,41712,29121,2378.0,-2017.0,184930,2311.0,12591,4395.0
GOLD - COMMODITY EXCHANGE INC.,1998-04-28,41569,23684,-143.0,-5437.0,183719,-1211.0,17885,5294.0
GOLD - COMMODITY EXCHANGE INC.,1998-05-05,33098,27867,-8471.0,4183.0,173676,-10043.0,5231,-12654.0
GOLD - COMMODITY EXCHANGE INC.,1998-05-12,12860,31575,-20238.0,3708.0,156329,-17347.0,-18715,-23946.0
GOLD - COMMODITY EXCHANGE INC.,1998-05-19,12490,29737,-370.0,-1838.0,154467,-1862.0,-17247,1468.0
GOLD - COMMODITY EXCHANGE INC.,1998-05-26,11717,33923,-773.0,4186.0,149778,-4689.0,-22206,-4959.0
GOLD - COMMODITY EXCHANGE INC.,1998-06-02,7556,60612,-4161.0,26689.0,171275,21497.0,-53056,-30850.0
GOLD - COMMODITY EXCHANGE INC.,1998-06-09,7000,58174,-556.0,-2438.0,171755,480.0,-51174,1882.0
GOLD - COMMODITY EXCHANGE INC.,1998-06-16,5082,65909,-1918.0,7735.0,182514,10759.0,-60827,-9653.0
GOLD - COMMODITY EXCHANGE INC.,1998-06-23,5441,42956,359.0,-22953.0,167070,-15444.0,-37515,23312.0
GOLD - COMMODITY EXCHANGE INC.,1998-06-30,5022,40939,-419.0,-2017.0,164716,-2354.0,-35917,1598.0
GOLD - COMMODITY EXCHANGE INC.,1998-07-07,8467,42482,3445.0,1543.0,167652,2936.0,-34015,1902.0
GOLD - COMMODITY EXCHANGE INC.,1998-07-14,6518,44177,-1949.0,1695.0,171176,3524.0,-37659,-3644.0
GOLD - COMMODITY EXCHANGE INC.,1998-07-21,6425,40077,-93.0,-4100.0,170503,-673.0,-33652,4007.0
GOLD - COMMODITY EXCHANGE INC.,1998-07-28,7801,47568,1376.0,7491.0,164221,-6282.0,-39767,-6115.0
GOLD - COMMODITY EXCHANGE INC.,1998-08-04,8618,67413,817.0,19845.0,179832,15611.0,-58795,-19028.0
GOLD - COMMODITY EXCHANGE INC.,1998-08-11,9059,68769,441.0,1356.0,185167,5335.0,-59710,-915.0
GOLD - COMMODITY EXCHANGE INC.,1998-08-18,12089,71699,3030.0,2930.0,195394,10227.0,-59610,100.0
GOLD - COMMODITY EXCHANGE INC.,1998-08-25,10539,72049,-1550.0,350.0,199774,4380.0,-61510,-1900.0
GOLD - COMMODITY EXCHANGE INC.,1998-09-01,6779,76568,-3760.0,4519.0,207005,7231.0,-69789,-8279.0
GOLD - COMMODITY EXCHANGE INC.,1998-09-08,7890,59215,1111.0,-17353.0,197099,-9906.0,-51325,18464.0
GOLD - COMMODITY EXCHANGE INC.,1998-09-15,10405,30520,2515.0,-28695.0,173813,-23286.0,-20115,31210.0
GOLD - COMMODITY EXCHANGE INC.,1998-09-22,13273,32286,2868.0,1766.0,174705,892.0,-19013,1102.0
GOLD - COMMODITY EXCHANGE INC.,1998-09-29,18982,24893,5709.0,-7393.0,175102,397.0,-5911,13102.0
GOLD - COMMODITY EXCHANGE INC.,1998-10-06,36588,12919,17606.0,-11974.0,190174,15072.0,23669,29580.0
GOLD - COMMODITY EXCHANGE INC.,1998-10-13,32954,12822,-3634.0,-97.0,187179,-2995.0,20132,-3537.0
GOLD - COMMODITY EXCHANGE INC.,1998-10-20,29034,13243,-3920.0,421.0,184842,-2337.0,15791,-4341.0
GOLD - COMMODITY EXCHANGE INC.,1998-10-27,21174,13968,-7860.0,725.0,184784,-58.0,7206,-8585.0
GOLD - COMMODITY EXCHANGE INC.,1998-11-03,9917,27612,-11257.0,13644.0,180415,-4369.0,-17695,-24901.0
GOLD - COMMODITY EXCHANGE INC.,1998-11-10,11354,18465,1437.0,-9147.0,172069,-8346.0,-7111,10584.0
GOLD - COMMODITY EXCHANGE INC.,1998-11-17,15147,11960,3793.0,-6505.0,153511,-18558.0,3187,10298.0
GOLD - COMMODITY EXCHANGE INC.,1998-11-24,17284,10369,2137.0,-1591.0,150873,-2638.0,6915,3728.0
GOLD - COMMODITY EXCHANGE INC.,1998-12-01,12857,16775,-4427.0,6406.0,143535,-7338.0,-3918,-10833.0
GOLD - COMMODITY EXCHANGE INC.,1998-12-08,12306,17456,-551.0,681.0,145386,1851.0,-5150,-1232.0
GOLD - COMMODITY EXCHANGE INC.,1998-12-15,8951,23617,-3355.0,6161.0,148455,3069.0,-14666,-9516.0
GOLD - COMMODITY EXCHANGE INC.,1998-12-22,8703,35495,-248.0,11878.0,158623,10168.0,-26792,-12126.0
GOLD - COMMODITY EXCHANGE INC.,1998-12-29,8174,42760,-529.0,7265.0,162536,3913.0,-34586,-7794.0
GOLD - COMMODITY EXCHANGE INC.,1999-01-05,9127,53151,953.0,10391.0,173200,10664.0,-44024,-9438.0
GOLD - COMMODITY EXCHANGE INC.,1999-01-12,11435,53161,2308.0,10.0,172413,-787.0,-41726,2298.0
GOLD - COMMODITY EXCHANGE INC.,1999-01-19,9596,64878,-1839.0,11717.0,184145,11732.0,-55282,-13556.0
GOLD - COMMODITY EXCHANGE INC.,1999-01-26,9861,70853,265.0,5975.0,181330,-2815.0,-60992,-5710.0
GOLD - COMMODITY EXCHANGE INC.,1999-02-02,13654,73572,3793.0,2719.0,181292,-38.0,-59918,1074.0
GOLD - COMMODITY EXCHANGE INC.,1999-02-09,10261,71310,-3393.0,-2262.0,181688,396.0,-61049,-1131.0
GOLD - COMMODITY EXCHANGE INC.,1999-02-16,8862,77268,-1399.0,5958.0,185713,4025.0,-68406,-7357.0
GOLD - COMMODITY EXCHANGE INC.,1999-02-23,8938,79003,76.0,1735.0,190553,4840.0,-70065,-1659.0
GOLD - COMMODITY EXCHANGE INC.,1999-03-02,17147,75294,8209.0,-3709.0,191522,969.0,-58147,11918.0
GOLD - COMMODITY EXCHANGE INC.,1999-03-09,32899,35104,15752.0,-40190.0,182305,-9217.0,-2205,55942.0
GOLD - COMMODITY EXCHANGE INC.,1999-03-16,11160,39610,-21739.0,4506.0,165270,-17035.0,-28450,-26245.0
GOLD - COMMODITY EXCHANGE INC.,1999-03-23,7997,62020,-3163.0,22410.0,174143,8873.0,-54023,-25573.0
GOLD - COMMODITY EXCHANGE INC.,1999-03-30,6836,87076,-1161.0,25056.0,187558,13415.0,-80240,-26217.0
GOLD - COMMODITY EXCHANGE INC.,1999-04-06,9350,97713,2514.0,10637.0,196125,8567.0,-88363,-8123.0
GOLD - COMMODITY EXCHANGE INC.,1999-04-13,11955,93046,2605.0,-4667.0,196091,-34.0,-81091,7272.0
GOLD - COMMODITY EXCHANGE INC.,1999-04-20,12075,85765,120.0,-7281.0,196996,905.0,-73690,7401.0
GOLD - COMMODITY EXCHANGE INC.,1999-04-27,14087,94179,2012.0,8414.0,204378,7382.0,-80092,-6402.0
GOLD - COMMODITY EXCHANGE INC.,1999-05-04,18454,68306,4367.0,-25873.0,193275,-11103.0,-49852,30240.0
GOLD - COMMODITY EXCHANGE INC.,1999-05-11,12626,75976,-5828.0,7670.0,187427,-5848.0,-63350,-13498.0
GOLD - COMMODITY EXCHANGE INC.,1999-05-18,8173,88719,-4453.0,12743.0,196892,9465.0,-80546,-17196.0
GOLD - COMMODITY EXCHANGE INC.,1999-05-25,7689,93127,-484.0,4408.0,199633,2741.0,-85438,-4892.0
GOLD - COMMODITY EXCHANGE INC.,1999-06-01,9625,88396,1936.0,-4731.0,198487,-1146.0,-78771,6667.0
GOLD - COMMODITY EXCHANGE INC.,1999-06-08,9281,94516,-344.0,6120.0,203955,5468.0,-85235,-6464.0
GOLD - COMMODITY EXCHANGE INC.,1999-06-15,10132,95118,851.0,602.0,212568,8613.0,-84986,249.0
GOLD - COMMODITY EXCHANGE INC.,1999-06-22,9930,96789,-202.0,1671.0,213680,1112.0,-86859,-1873.0
GOLD - COMMODITY EXCHANGE INC.,1999-06-29,8971,92582,-959.0,-4207.0,208222,-5458.0,-83611,3248.0
GOLD - COMMODITY EXCHANGE INC.,1999-07-06,8728,95291,-243.0,2709.0,218365,10143.0,-86563,-2952.0
GOLD - COMMODITY EXCHANGE INC.,1999-07-13,9914,88774,1186.0,-6517.0,211594,-6771.0,-78860,7703.0
GOLD - COMMODITY EXCHANGE INC.,1999-07-20,10323,89538,409.0,764.0,206266,-5328.0,-79215,-355.0
GOLD - COMMODITY EXCHANGE INC.,1999-07-27,13624,81518,3301.0,-8020.0,198760,-7506.0,-67894,11321.0
GOLD - COMMODITY EXCHANGE INC.,1999-08-03,17758,74198,4134.0,-7320.0,188933,-9827.0,-56440,11454.0
GOLD - COMMODITY EXCHANGE INC.,1999-08-10,15272,70336,-2486.0,-3862.0,193698,4765.0,-55064,1376.0
GOLD - COMMODITY EXCHANGE INC.,1999-08-17,21260,56502,5988.0,-13834.0,191776,-1922.0,-35242,19822.0
GOLD - COMMODITY EXCHANGE INC.,1999-08-24,16211,75298,-5049.0,18796.0,191040,-736.0,-59087,-23845.0
GOLD - COMMODITY EXCHANGE INC.,1999-08-31,17219,78710,1008.0,3412.0,198692,7652.0,-61491,-2404.0
GOLD - COMMODITY EXCHANGE INC.,1999-09-07,16931,79841,-288.0,1131.0,201266,2574.0,-62910,-1419.0
GOLD - COMMODITY EXCHANGE INC.,1999-09-14,18500,72632,1569.0,-7209.0,201806,540.0,-54132,8778.0
GOLD - COMMODITY EXCHANGE INC.,1999-09-21,27235,65077,8735.0,-7555.0,205259,3453.0,-37842,16290.0
GOLD - COMMODITY EXCHANGE INC.,1999-09-28,47881,62196,20646.0,-2881.0,225467,20208.0,-14315,23527.0
GOLD - COMMODITY EXCHANGE INC.,1999-10-05,43094,64951,-4787.0,2755.0,215041,-10426.0,-21857,-7542.0
GOLD - COMMODITY EXCHANGE INC.,1999-10-12,35722,52723,-7372.0,-12228.0,216938,1897.0,-17001,4856.0
GOLD - COMMODITY EXCHANGE INC.,1999-10-19,35601,52897,-121.0,174.0,223090,6152.0,-17296,-295.0
GOLD - COMMODITY EXCHANGE INC.,1999-10-26,33470,47085,-2131.0,-5812.0,217916,-5174.0,-13615,3681.0
GOLD - COMMODITY EXCHANGE INC.,1999-11-02,27786,43069,-5684.0,-4016.0,208907,-9009.0,-15283,-1668.0
GOLD - COMMODITY EXCHANGE INC.,1999-11-09,23669,42788,-4117.0,-281.0,203057,-5850.0,-19119,-3836.0
GOLD - COMMODITY EXCHANGE INC.,1999-11-16,28090,25319,4421.0,-17469.0,182148,-20909.0,2771,21890.0
GOLD - COMMODITY EXCHANGE INC.,1999-11-23,33610,24256,5520.0,-1063.0,171564,-10584.0,9354,6583.0
GOLD - COMMODITY EXCHANGE INC.,1999-11-30,31811,25682,-1799.0,1426.0,163574,-7990.0,6129,-3225.0
GOLD - COMMODITY EXCHANGE INC.,1999-12-07,24409,27381,-7402.0,1699.0,156712,-6862.0,-2972,-9101.0
GOLD - COMMODITY EXCHANGE INC.,1999-12-14,10261,30814,-14148.0,3433.0,155142,-1570.0,-20553,-17581.0
GOLD - COMMODITY EXCHANGE INC.,1999-12-21,11393,39362,1132.0,8548.0,156318,1176.0,-27969,-7416.0
GOLD - COMMODITY EXCHANGE INC.,1999-12-28,10876,39829,-517.0,467.0,156526,208.0,-28953,-984.0
GOLD - COMMODITY EXCHANGE INC.,2000-01-04,12360,41068,1484.0,1239.0,155835,-691.0,-28708,245.0
GOLD - COMMODITY EXCHANGE INC.,2000-01-11,17699,41917,5339.0,849.0,157326,1491.0,-24218,4490.0
GOLD - COMMODITY EXCHANGE INC.,2000-01-18,19895,26998,2196.0,-14919.0,148055,-9271.0,-7103,17115.0
GOLD - COMMODITY EXCHANGE INC.,2000-01-25,19469,25003,-426.0,-1995.0,142913,-5142.0,-5534,1569.0
GOLD - COMMODITY EXCHANGE INC.,2000-02-01,19414,28247,-55.0,3244.0,134305,-8608.0,-8833,-3299.0
GOLD - COMMODITY EXCHANGE INC.,2000-02-08,40614,31600,21200.0,3353.0,153976,19671.0,9014,17847.0
GOLD - COMMODITY EXCHANGE INC.,2000-02-15,42107,21410,1493.0,-10190.0,157231,3255.0,20697,11683.0
GOLD - COMMODITY EXCHANGE INC.,2000-02-22,52079,21071,9972.0,-339.0,168125,10894.0,31008,10311.0
GOLD - COMMODITY EXCHANGE INC.,2000-02-29,41099,22312,-10980.0,1241.0,166509,-1616.0,18787,-12221.0
GOLD - COMMODITY EXCHANGE INC.,2000-03-07,38403,19732,-2696.0,-2580.0,161362,-5147.0,18671,-116.0
GOLD - COMMODITY EXCHANGE INC.,2000-03-14,34577,17282,-3826.0,-2450.0,161540,178.0,17295,-1376.0
GOLD - COMMODITY EXCHANGE INC.,2000-03-21,33068,18135,-1509.0,853.0,164397,2857.0,14933,-2362.0
GOLD - COMMODITY EXCHANGE INC.,2000-03-28,15152,29437,-17916.0,11302.0,150712,-13685.0,-14285,-29218.0
GOLD - COMMODITY EXCHANGE INC.,2000-04-04,19129,42440,3977.0,13003.0,155378,4666.0,-23311,-9026.0
GOLD - COMMODITY EXCHANGE INC.,2000-04-11,18432,40617,-697.0,-1823.0,153144,-2234.0,-22185,1126.0
GOLD - COMMODITY EXCHANGE INC.,2000-04-18,18580,38933,148.0,-1684.0,153546,402.0,-20353,1832.0
GOLD - COMMODITY EXCHANGE INC.,2000-04-25,17428,44970,-1152.0,6037.0,156486,2940.0,-27542,-7189.0
GOLD - COMMODITY EXCHANGE INC.,2000-05-02,18529,51124,1101.0,6154.0,168231,11745.0,-32595,-5053.0
GOLD - COMMODITY EXCHANGE INC.,2000-05-09,19708,45430,1179.0,-5694.0,162759,-5472.0,-25722,6873.0
GOLD - COMMODITY EXCHANGE INC.,2000-05-16,15748,45278,-3960.0,-152.0,160373,-2386.0,-29530,-3808.0
GOLD - COMMODITY EXCHANGE INC.,2000-05-23,17625,53467,1877.0,8189.0,163062,2689.0,-35842,-6312.0
GOLD - COMMODITY EXCHANGE INC.,2000-05-30,19861,60485,2236.0,7018.0,159156,-3906.0,-40624,-4782.0
GOLD - COMMODITY EXCHANGE INC.,2000-06-06,26029,30046,6168.0,-30439.0,140841,-18315.0,-4017,36607.0
GOLD - COMMODITY EXCHANGE INC.,2000-06-13,31474,16814,5445.0,-13232.0,141504,663.0,14660,18677.0
GOLD - COMMODITY EXCHANGE INC.,2000-06-20,32680,13622,1206.0,-3192.0,143814,2310.0,19058,4398.0
GOLD - COMMODITY EXCHANGE INC.,2000-06-27,31821,15602,-859.0,1980.0,143700,-114.0,16219,-2839.0
GOLD - COMMODITY EXCHANGE INC.,2000-07-05,31351,15523,-470.0,-79.0,150096,6396.0,15828,-391.0
GOLD - COMMODITY EXCHANGE INC.,2000-07-11,29093,16695,-2258.0,1172.0,146022,-4074.0,12398,-3430.0
GOLD - COMMODITY EXCHANGE INC.,2000-07-18,26606,17591,-2487.0,896.0,136090,-9932.0,9015,-3383.0
GOLD - COMMODITY EXCHANGE INC.,2000-07-25,24352,20809,-2254.0,3218.0,122177,-13913.0,3543,-5472.0
GOLD - COMMODITY EXCHANGE INC.,2000-08-01,23120,28717,-1232.0,7908.0,111188,-10989.0,-5597,-9140.0
GOLD - COMMODITY EXCHANGE INC.,2000-08-08,21171,46194,-1949.0,17477.0,122540,11352.0,-25023,-19426.0
GOLD - COMMODITY EXCHANGE INC.,2000-08-15,19597,52483,-1574.0,6289.0,132994,10454.0,-32886,-7863.0
GOLD - COMMODITY EXCHANGE INC.,2000-08-22,22255,48476,2658.0,-4007.0,130211,-2783.0,-26221,6665.0
GOLD - COMMODITY EXCHANGE INC.,2000-08-29,22128,50766,-127.0,2290.0,132014,1803.0,-28638,-2417.0
GOLD - COMMODITY EXCHANGE INC.,2000-09-05,23403,42285,1275.0,-8481.0,125433,-6581.0,-18882,9756.0
GOLD - COMMODITY EXCHANGE INC.,2000-09-12,22031,49029,-1372.0,6744.0,133431,7998.0,-26998,-8116.0
GOLD - COMMODITY EXCHANGE INC.,2000-09-19,22874,53435,843.0,4406.0,137565,4134.0,-30561,-3563.0
GOLD - COMMODITY EXCHANGE INC.,2000-09-26,24033,49984,1159.0,-3451.0,133035,-4530.0,-25951,4610.0
GOLD - COMMODITY EXCHANGE INC.,2000-10-03,23444,43555,-589.0,-6429.0,124815,-8220.0,-20111,5840.0
GOLD - COMMODITY EXCHANGE INC.,2000-10-10,25477,51003,2033.0,7448.0,134015,9200.0,-25526,-5415.0
GOLD - COMMODITY EXCHANGE INC.,2000-10-17,29308,46045,3831.0,-4958.0,129680,-4335.0,-16737,8789.0
GOLD - COMMODITY EXCHANGE INC.,2000-10-24,30738,49309,1430.0,3264.0,135064,5384.0,-18571,-1834.0
GOLD - COMMODITY EXCHANGE INC.,2000-10-31,24308,56030,-6430.0,6721.0,137818,2754.0,-31722,-13151.0
GOLD - COMMODITY EXCHANGE INC.,2000-11-07,22498,56618,-1810.0,588.0,138300,482.0,-34120,-2398.0
GOLD - COMMODITY EXCHANGE INC.,2000-11-14,16145,61121,-6353.0,4503.0,140258,1958.0,-44976,-10856.0
GOLD - COMMODITY EXCHANGE INC.,2000-11-21,16495,62951,350.0,1830.0,132633,-7625.0,-46456,-1480.0
GOLD - COMMODITY EXCHANGE INC.,2000-11-28,16405,52606,-90.0,-10345.0,124950,-7683.0,-36201,10255.0
GOLD - COMMODITY EXCHANGE INC.,2000-12-05,16902,43823,497.0,-8783.0,113455,-11495.0,-26921,9280.0
GOLD - COMMODITY EXCHANGE INC.,2000-12-12,18834,36776,1932.0,-7047.0,110455,-3000.0,-17942,8979.0
GOLD - COMMODITY EXCHANGE INC.,2000-12-19,17208,39376,-1626.0,2600.0,114708,4253.0,-22168,-4226.0
GOLD - COMMODITY EXCHANGE INC.,2000-12-26,18940,33199,1732.0,-6177.0,114850,142.0,-14259,7909.0
GOLD - COMMODITY EXCHANGE INC.,2001-01-02,17745,41480,-1195.0,8281.0,114491,-359.0,-23735,-9476.0
GOLD - COMMODITY EXCHANGE INC.,2001-01-09,15778,54004,-1967.0,12524.0,126527,12036.0,-38226,-14491.0
GOLD - COMMODITY EXCHANGE INC.,2001-01-16,13743,70903,-2035.0,16899.0,139180,12653.0,-57160,-18934.0
GOLD - COMMODITY EXCHANGE INC.,2001-01-23,15626,73324,1883.0,2421.0,140120,940.0,-57698,-538.0
GOLD - COMMODITY EXCHANGE INC.,2001-01-30,18847,72662,3221.0,-662.0,141156,1036.0,-53815,3883.0
GOLD - COMMODITY EXCHANGE INC.,2001-02-06,16396,69102,-2451.0,-3560.0,135682,-5474.0,-52706,1109.0
GOLD - COMMODITY EXCHANGE INC.,2001-02-13,15639,74611,-757.0,5509.0,143725,8043.0,-58972,-6266.0
GOLD - COMMODITY EXCHANGE INC.,2001-02-20,16291,83022,652.0,8411.0,148782,5057.0,-66731,-7759.0
GOLD - COMMODITY EXCHANGE INC.,2001-02-27,17753,68548,1462.0,-14474.0,143173,-5609.0,-50795,15936.0
GOLD - COMMODITY EXCHANGE INC.,2001-03-06,17806,59788,53.0,-8760.0,133440,-9733.0,-41982,8813.0
GOLD - COMMODITY EXCHANGE INC.,2001-03-13,19050,43294,1244.0,-16494.0,126821,-6619.0,-24244,17738.0
GOLD - COMMODITY EXCHANGE INC.,2001-03-20,11598,49567,-7452.0,6273.0,123758,-3063.0,-37969,-13725.0
GOLD - COMMODITY EXCHANGE INC.,2001-03-27,12006,45310,408.0,-4257.0,122944,-814.0,-33304,4665.0
GOLD - COMMODITY EXCHANGE INC.,2001-04-03,10226,61580,-1780.0,16270.0,118398,-4546.0,-51354,-18050.0
GOLD - COMMODITY EXCHANGE INC.,2001-04-10,10961,69094,735.0,7514.0,130116,11718.0,-58133,-6779.0
GOLD - COMMODITY EXCHANGE INC.,2001-04-17,10091,55660,-870.0,-13434.0,122146,-7970.0,-45569,12564.0
GOLD - COMMODITY EXCHANGE INC.,2001-04-24,11752,46763,1661.0,-8897.0,114900,-7246.0,-35011,10558.0
GOLD - COMMODITY EXCHANGE INC.,2001-05-01,12738,40708,986.0,-6055.0,110868,-4032.0,-27970,7041.0
GOLD - COMMODITY EXCHANGE INC.,2001-05-08,12867,38655,129.0,-2053.0,109018,-1850.0,-25788,2182.0
GOLD - COMMODITY EXCHANGE INC.,2001-05-15,28829,27298,15962.0,-11357.0,106947,-2071.0,1531,27319.0
GOLD - COMMODITY EXCHANGE INC.,2001-05-22,53505,14569,24676.0,-12729.0,133866,26919.0,38936,37405.0
GOLD - COMMODITY EXCHANGE INC.,2001-05-29,55117,11881,1612.0,-2688.0,133990,124.0,43236,4300.0
GOLD - COMMODITY EXCHANGE INC.,2001-06-05,34718,9707,-20399.0,-2174.0,109182,-24808.0,25011,-18225.0
GOLD - COMMODITY EXCHANGE INC.,2001-06-12,32243,13688,-2475.0,3981.0,114065,4883.0,18555,-6456.0
GOLD - COMMODITY EXCHANGE INC.,2001-06-19,33983,14981,1740.0,1293.0,118500,4435.0,19002,447.0
GOLD - COMMODITY EXCHANGE INC.,2001-06-26,37204,15131,3221.0,150.0,125033,6533.0,22073,3071.0
GOLD - COMMODITY EXCHANGE INC.,2001-07-03,32764,16594,-4440.0,1463.0,117731,-7302.0,16170,-5903.0
GOLD - COMMODITY EXCHANGE INC.,2001-07-10,31178,20576,-1586.0,3982.0,118688,957.0,10602,-5568.0
GOLD - COMMODITY EXCHANGE INC.,2001-07-17,30150,19384,-1028.0,-1192.0,116292,-2396.0,10766,164.0
GOLD - COMMODITY EXCHANGE INC.,2001-07-24,31387,18013,1237.0,-1371.0,111764,-4528.0,13374,2608.0
GOLD - COMMODITY EXCHANGE INC.,2001-07-31,24089,26795,-7298.0,8782.0,100943,-10821.0,-2706,-16080.0
GOLD - COMMODITY EXCHANGE INC.,2001-08-07,25067,26757,978.0,-38.0,98582,-2361.0,-1690,1016.0
GOLD - COMMODITY EXCHANGE INC.,2001-08-14,50435,17566,25368.0,-9191.0,119311,20729.0,32869,34559.0
GOLD - COMMODITY EXCHANGE INC.,2001-08-21,57049,17515,6614.0,-51.0,131631,12320.0,39534,6665.0
GOLD - COMMODITY EXCHANGE INC.,2001-08-28,46567,18745,-10482.0,1230.0,120108,-11523.0,27822,-11712.0
GOLD - COMMODITY EXCHANGE INC.,2001-09-04,44767,18850,-1800.0,105.0,121687,1579.0,25917,-1905.0
GOLD - COMMODITY EXCHANGE INC.,2001-09-10,42337,21513,-2430.0,2663.0,119518,-2169.0,20824,-5093.0
GOLD - COMMODITY EXCHANGE INC.,2001-09-18,47155,18007,4818.0,-3506.0,120062,544.0,29148,8324.0
GOLD - COMMODITY EXCHANGE INC.,2001-09-25,55700,19062,8545.0,1055.0,129840,9778.0,36638,7490.0
GOLD - COMMODITY EXCHANGE INC.,2001-10-02,54976,19721,-724.0,659.0,132653,2813.0,35255,-1383.0
GOLD - COMMODITY EXCHANGE INC.,2001-10-09,53926,21148,-1050.0,1427.0,134663,2010.0,32778,-2477.0
GOLD - COMMODITY EXCHANGE INC.,2001-10-16,43774,19686,-10152.0,-1462.0,126767,-7896.0,24088,-8690.0
GOLD - COMMODITY EXCHANGE INC.,2001-10-23,35467,20788,-8307.0,1102.0,117875,-8892.0,14679,-9409.0
GOLD - COMMODITY EXCHANGE INC.,2001-10-30,32041,19881,-3426.0,-907.0,118614,739.0,12160,-2519.0
GOLD - COMMODITY EXCHANGE INC.,2001-11-06,32582,19052,541.0,-829.0,115880,-2734.0,13530,1370.0
GOLD - COMMODITY EXCHANGE INC.,2001-11-13,29312,23885,-3270.0,4833.0,111255,-4625.0,5427,-8103.0
GOLD - COMMODITY EXCHANGE INC.,2001-11-20,25380,34553,-3932.0,10668.0,115326,4071.0,-9173,-14600.0
GOLD - COMMODITY EXCHANGE INC.,2001-11-27,23633,35773,-1747.0,1220.0,111942,-3384.0,-12140,-2967.0
GOLD - COMMODITY EXCHANGE INC.,2001-12-04,26142,36171,2509.0,398.0,105023,-6919.0,-10029,2111.0
GOLD - COMMODITY EXCHANGE INC.,2001-12-11,25806,47523,-336.0,11352.0,115485,10462.0,-21717,-11688.0
GOLD - COMMODITY EXCHANGE INC.,2001-12-18,30819,31680,5013.0,-15843.0,110873,-4612.0,-861,20856.0
GOLD - COMMODITY EXCHANGE INC.,2001-12-21,28075,30978,-2744.0,-702.0,110971,98.0,-2903,-2042.0
GOLD - COMMODITY EXCHANGE INC.,2001-12-28,28829,29474,754.0,-1504.0,113672,2701.0,-645,2258.0
GOLD - COMMODITY EXCHANGE INC.,2002-01-08,29232,23876,403.0,-5598.0,113020,-652.0,5356,6001.0
GOLD - COMMODITY EXCHANGE INC.,2002-01-15,47510,18069,18278.0,-5807.0,128197,15177.0,29441,24085.0
GOLD - COMMODITY EXCHANGE INC.,2002-01-22,44800,18871,-2710.0,802.0,132005,3808.0,25929,-3512.0
GOLD - COMMODITY EXCHANGE INC.,2002-01-29,29044,16610,-15756.0,-2261.0,124540,-7465.0,12434,-13495.0
GOLD - COMMODITY EXCHANGE INC.,2002-02-05,53810,19722,24766.0,3112.0,138370,13830.0,34088,21654.0
GOLD - COMMODITY EXCHANGE INC.,2002-02-12,61706,25373,7896.0,5651.0,148022,9652.0,36333,2245.0
GOLD - COMMODITY EXCHANGE INC.,2002-02-19,61748,27384,42.0,2011.0,148242,220.0,34364,-1969.0
GOLD - COMMODITY EXCHANGE INC.,2002-02-26,58404,29325,-3344.0,1941.0,144384,-3858.0,29079,-5285.0
GOLD - COMMODITY EXCHANGE INC.,2002-03-05,55673,25211,-2731.0,-4114.0,144154,-230.0,30462,1383.0
GOLD - COMMODITY EXCHANGE INC.,2002-03-12,50525,20039,-5148.0,-5172.0,140978,-3176.0,30486,24.0
GOLD - COMMODITY EXCHANGE INC.,2002-03-19,48393,20406,-2132.0,367.0,140007,-971.0,27987,-2499.0
GOLD - COMMODITY EXCHANGE INC.,2002-03-26,53695,19301,5302.0,-1105.0,148479,8472.0,34394,6407.0
GOLD - COMMODITY EXCHANGE INC.,2002-04-02,62448,24787,8753.0,5486.0,153322,4843.0,37661,3267.0
GOLD - COMMODITY EXCHANGE INC.,2002-04-09,63780,27273,1332.0,2486.0,152187,-1135.0,36507,-1154.0
GOLD - COMMODITY EXCHANGE INC.,2002-04-16,58851,26769,-4929.0,-504.0,154615,2428.0,32082,-4425.0
GOLD - COMMODITY EXCHANGE INC.,2002-04-23,65168,25503,6317.0,-1266.0,162580,7965.0,39665,7583.0
GOLD - COMMODITY EXCHANGE INC.,2002-04-30,73449,27382,8281.0,1879.0,180829,18249.0,46067,6402.0
GOLD - COMMODITY EXCHANGE INC.,2002-05-07,76757,32322,3308.0,4940.0,192242,11413.0,44435,-1632.0
GOLD - COMMODITY EXCHANGE INC.,2002-05-14,70071,32232,-6686.0,-90.0,191721,-521.0,37839,-6596.0
GOLD - COMMODITY EXCHANGE INC.,2002-05-21,75332,28418,5261.0,-3814.0,189679,-2042.0,46914,9075.0
GOLD - COMMODITY EXCHANGE INC.,2002-05-28,75210,33887,-122.0,5469.0,190444,765.0,41323,-5591.0
GOLD - COMMODITY EXCHANGE INC.,2002-06-04,73044,31101,-2166.0,-2786.0,181999,-8445.0,41943,620.0
GOLD - COMMODITY EXCHANGE INC.,2002-06-11,68206,21750,-4838.0,-9351.0,171476,-10523.0,46456,4513.0
GOLD - COMMODITY EXCHANGE INC.,2002-06-18,63445,22204,-4761.0,454.0,169101,-2375.0,41241,-5215.0
GOLD - COMMODITY EXCHANGE INC.,2002-06-25,62956,24989,-489.0,2785.0,176291,7190.0,37967,-3274.0
GOLD - COMMODITY EXCHANGE INC.,2002-07-02,53434,23361,-9522.0,-1628.0,167318,-8973.0,30073,-7894.0
GOLD - COMMODITY EXCHANGE INC.,2002-07-09,45598,22970,-7836.0,-391.0,169837,2519.0,22628,-7445.0
GOLD - COMMODITY EXCHANGE INC.,2002-07-16,47062,23151,1464.0,181.0,173241,3404.0,23911,1283.0
GOLD - COMMODITY EXCHANGE INC.,2002-07-23,48196,21958,1134.0,-1193.0,171233,-2008.0,26238,2327.0
GOLD - COMMODITY EXCHANGE INC.,2002-07-30,27460,27075,-20736.0,5117.0,147221,-24012.0,385,-25853.0
GOLD - COMMODITY EXCHANGE INC.,2002-08-06,24859,23882,-2601.0,-3193.0,140484,-6737.0,977,592.0
GOLD - COMMODITY EXCHANGE INC.,2002-08-13,25632,26108,773.0,2226.0,144723,4239.0,-476,-1453.0
GOLD - COMMODITY EXCHANGE INC.,2002-08-20,28280,23572,2648.0,-2536.0,149693,4970.0,4708,5184.0
GOLD - COMMODITY EXCHANGE INC.,2002-08-27,27532,25150,-748.0,1578.0,150531,838.0,2382,-2326.0
GOLD - COMMODITY EXCHANGE INC.,2002-09-03,29706,23591,2174.0,-1559.0,149202,-1329.0,6115,3733.0
GOLD - COMMODITY EXCHANGE INC.,2002-09-10,45693,25872,15987.0,2281.0,161170,11968.0,19821,13706.0
GOLD - COMMODITY EXCHANGE INC.,2002-09-17,46110,20924,417.0,-4948.0,164036,2866.0,25186,5365.0
GOLD - COMMODITY EXCHANGE INC.,2002-09-24,68074,25893,21964.0,4969.0,187501,23465.0,42181,16995.0
GOLD - COMMODITY EXCHANGE INC.,2002-10-01,67739,25037,-335.0,-856.0,178261,-9240.0,42702,521.0
GOLD - COMMODITY EXCHANGE INC.,2002-10-08,61992,24320,-5747.0,-717.0,173762,-4499.0,37672,-5030.0
GOLD - COMMODITY EXCHANGE INC.,2002-10-15,40830,24916,-21162.0,596.0,158344,-15418.0,15914,-21758.0
GOLD - COMMODITY EXCHANGE INC.,2002-10-22,34838,25376,-5992.0,460.0,155085,-3259.0,9462,-6452.0
GOLD - COMMODITY EXCHANGE INC.,2002-10-29,33696,18365,-1142.0,-7011.0,152205,-2880.0,15331,5869.0
GOLD - COMMODITY EXCHANGE INC.,2002-11-05,38982,18997,5286.0,632.0,152269,64.0,19985,4654.0
GOLD - COMMODITY EXCHANGE INC.,2002-11-12,57600,20693,18618.0,1696.0,174682,22413.0,36907,16922.0
GOLD - COMMODITY EXCHANGE INC.,2002-11-19,56665,18809,-935.0,-1884.0,169985,-4697.0,37856,949.0
GOLD - COMMODITY EXCHANGE INC.,2002-11-26,52488,14934,-4177.0,-3875.0,166371,-3614.0,37554,-302.0
GOLD - COMMODITY EXCHANGE INC.,2002-12-03,48545,15584,-3943.0,650.0,158433,-7938.0,32961,-4593.0
GOLD - COMMODITY EXCHANGE INC.,2002-12-10,73216,21857,24671.0,6273.0,180754,22321.0,51359,18398.0
GOLD - COMMODITY EXCHANGE INC.,2002-12-17,86949,31749,13733.0,9892.0,205550,24796.0,55200,3841.0
GOLD - COMMODITY EXCHANGE INC.,2002-12-23,86100,28995,-849.0,-2754.0,201761,-3789.0,57105,1905.0
GOLD - COMMODITY EXCHANGE INC.,2002-12-31,88002,28497,1902.0,-498.0,206914,5153.0,59505,2400.0
GOLD - COMMODITY EXCHANGE INC.,2003-01-07,93664,30101,5662.0,1604.0,215299,8385.0,63563,4058.0
GOLD - COMMODITY EXCHANGE INC.,2003-01-14,93046,32384,-618.0,2283.0,214684,-615.0,60662,-2901.0
GOLD - COMMODITY EXCHANGE INC.,2003-01-21,95013,33331,1967.0,947.0,218286,3602.0,61682,1020.0
GOLD - COMMODITY EXCHANGE INC.,2003-01-28,91912,35045,-3101.0,1714.0,229819,11533.0,56867,-4815.0
GOLD - COMMODITY EXCHANGE INC.,2003-02-04,105154,38340,13242.0,3295.0,241161,11342.0,66814,9947.0
GOLD - COMMODITY EXCHANGE INC.,2003-02-11,89620,39511,-15534.0,1171.0,216608,-24553.0,50109,-16705.0
GOLD - COMMODITY EXCHANGE INC.,2003-02-14,69759,33952,-19861.0,-5559.0,202671,-13937.0,35807,-14302.0
GOLD - COMMODITY EXCHANGE INC.,2003-02-25,60864,33899,-8895.0,-53.0,196138,-6533.0,26965,-8842.0
GOLD - COMMODITY EXCHANGE INC.,2003-03-04,60149,29173,-715.0,-4726.0,189928,-6210.0,30976,4011.0
GOLD - COMMODITY EXCHANGE INC.,2003-03-11,62022,28473,1873.0,-700.0,193841,3913.0,33549,2573.0
GOLD - COMMODITY EXCHANGE INC.,2003-03-18,51897,30476,-10125.0,2003.0,189983,-3858.0,21421,-12128.0
GOLD - COMMODITY EXCHANGE INC.,2003-03-25,45220,15690,-6677.0,-14786.0,182966,-7017.0,29530,8109.0
GOLD - COMMODITY EXCHANGE INC.,2003-04-01,40659,16292,-4561.0,602.0,171558,-11408.0,24367,-5163.0
GOLD - COMMODITY EXCHANGE INC.,2003-04-08,45496,19799,4837.0,3507.0,173293,1735.0,25697,1330.0
GOLD - COMMODITY EXCHANGE INC.,2003-04-15,47667,26362,2171.0,6563.0,180817,7524.0,21305,-4392.0
GOLD - COMMODITY EXCHANGE INC.,2003-04-22,50301,25224,2634.0,-1138.0,177869,-2948.0,25077,3772.0
GOLD - COMMODITY EXCHANGE INC.,2003-04-29,49345,24578,-956.0,-646.0,176123,-1746.0,24767,-310.0
GOLD - COMMODITY EXCHANGE INC.,2003-05-06,53877,14586,4532.0,-9992.0,178933,2810.0,39291,14524.0
GOLD - COMMODITY EXCHANGE INC.,2003-05-13,58093,15673,4216.0,1087.0,183957,5024.0,42420,3129.0
GOLD - COMMODITY EXCHANGE INC.,2003-05-20,79694,13953,21601.0,-1720.0,196238,12281.0,65741,23321.0
GOLD - COMMODITY EXCHANGE INC.,2003-05-27,78295,9546,-1399.0,-4407.0,206318,10080.0,68749,3008.0
GOLD - COMMODITY EXCHANGE INC.,2003-06-03,94155,9108,15860.0,-438.0,205219,-1099.0,85047,16298.0
GOLD - COMMODITY EXCHANGE INC.,2003-06-10,79118,13519,-15037.0,4411.0,201381,-3838.0,65599,-19448.0
GOLD - COMMODITY EXCHANGE INC.,2003-06-17,81499,17324,2381.0,3805.0,199642,-1739.0,64175,-1424.0
GOLD - COMMODITY EXCHANGE INC.,2003-06-24,65690,16806,-15809.0,-518.0,192790,-6852.0,48884,-15291.0
GOLD - COMMODITY EXCHANGE INC.,2003-07-01,59522,14308,-6168.0,-2498.0,187164,-5626.0,45214,-3670.0
GOLD - COMMODITY EXCHANGE INC.,2003-07-08,56977,15649,-2545.0,1341.0,187327,163.0,41328,-3886.0
GOLD - COMMODITY EXCHANGE INC.,2003-07-15,51045,23530,-5932.0,7881.0,186983,-344.0,27515,-13813.0
GOLD - COMMODITY EXCHANGE INC.,2003-07-22,60068,20659,9023.0,-2871.0,192848,5865.0,39409,11894.0
GOLD - COMMODITY EXCHANGE INC.,2003-07-29,93311,17864,33243.0,-2795.0,238119,45271.0,75447,36038.0
GOLD - COMMODITY EXCHANGE INC.,2003-08-05,75623,17812,-17688.0,-52.0,200599,-37520.0,57811,-17636.0
GOLD - COMMODITY EXCHANGE INC.,2003-08-12,84578,18065,8955.0,253.0,209187,8588.0,66513,8702.0
GOLD - COMMODITY EXCHANGE INC.,2003-08-19,104223,14225,19645.0,-3840.0,229142,19955.0,89998,23485.0
GOLD - COMMODITY EXCHANGE INC.,2003-08-26,117340,17113,13117.0,2888.0,243009,13867.0,100227,10229.0
GOLD - COMMODITY EXCHANGE INC.,2003-09-02,146230,23383,28890.0,6270.0,274981,31972.0,122847,22620.0
GOLD - COMMODITY EXCHANGE INC.,2003-09-09,151530,36438,5300.0,13055.0,283325,8344.0,115092,-7755.0
GOLD - COMMODITY EXCHANGE INC.,2003-09-16,144818,39002,-6712.0,2564.0,283175,-150.0,105816,-9276.0
GOLD - COMMODITY EXCHANGE INC.,2003-09-23,146587,38919,1769.0,-83.0,291738,8563.0,107668,1852.0
GOLD - COMMODITY EXCHANGE INC.,2003-09-30,136571,41383,-10016.0,2464.0,277922,-13816.0,95188,-12480.0
GOLD - COMMODITY EXCHANGE INC.,2003-10-07,110811,30046,-25760.0,-11337.0,255935,-21987.0,80765,-14423.0
GOLD - COMMODITY EXCHANGE INC.,2003-10-14,108615,31723,-2196.0,1677.0,246133,-9802.0,76892,-3873.0
GOLD - COMMODITY EXCHANGE INC.,2003-10-21,115942,35078,7327.0,3355.0,252897,6764.0,80864,3972.0
GOLD - COMMODITY EXCHANGE INC.,2003-10-28,126193,35580,10251.0,502.0,261514,8617.0,90613,9749.0
GOLD - COMMODITY EXCHANGE INC.,2003-11-04,119702,35092,-6491.0,-488.0,262696,1182.0,84610,-6003.0
GOLD - COMMODITY EXCHANGE INC.,2003-11-11,124456,41878,4754.0,6786.0,270895,8199.0,82578,-2032.0
GOLD - COMMODITY EXCHANGE INC.,2003-11-18,136229,43069,11773.0,1191.0,285620,14725.0,93160,10582.0
GOLD - COMMODITY EXCHANGE INC.,2003-11-25,134093,26065,-2136.0,-17004.0,285510,-110.0,108028,14868.0
GOLD - COMMODITY EXCHANGE INC.,2003-12-02,142642,29787,8549.0,3722.0,278759,-6751.0,112855,4827.0
GOLD - COMMODITY EXCHANGE INC.,2003-12-09,140647,33619,-1995.0,3832.0,276302,-2457.0,107028,-5827.0
GOLD - COMMODITY EXCHANGE INC.,2003-12-16,148033,31925,7386.0,-1694.0,278928,2626.0,116108,9080.0
GOLD - COMMODITY EXCHANGE INC.,2003-12-22,143783,35511,-4250.0,3586.0,273517,-5411.0,108272,-7836.0
GOLD - COMMODITY EXCHANGE INC.,2003-12-30,146647,34047,2864.0,-1464.0,278641,5124.0,112600,4328.0
GOLD - COMMODITY EXCHANGE INC.,2004-01-06,151691,35706,5044.0,1659.0,284500,5859.0,115985,3385.0
GOLD - COMMODITY EXCHANGE INC.,2004-01-13,147745,40513,-3946.0,4807.0,300273,15773.0,107232,-8753.0
GOLD - COMMODITY EXCHANGE INC.,2004-01-20,125320,40285,-22425.0,-228.0,277381,-22892.0,85035,-22197.0
GOLD - COMMODITY EXCHANGE INC.,2004-01-27,118100,32044,-7220.0,-8241.0,275490,-1891.0,86056,1021.0
GOLD - COMMODITY EXCHANGE INC.,2004-02-03,95128,27564,-22972.0,-4480.0,236512,-38978.0,67564,-18492.0
GOLD - COMMODITY EXCHANGE INC.,2004-02-10,95652,35366,524.0,7802.0,237396,884.0,60286,-7278.0
GOLD - COMMODITY EXCHANGE INC.,2004-02-17,106632,36327,10980.0,961.0,241858,4462.0,70305,10019.0
GOLD - COMMODITY EXCHANGE INC.,2004-02-24,95788,32730,-10844.0,-3597.0,241721,-137.0,63058,-7247.0
GOLD - COMMODITY EXCHANGE INC.,2004-03-02,83802,39923,-11986.0,7193.0,237352,-4369.0,43879,-19179.0
GOLD - COMMODITY EXCHANGE INC.,2004-03-09,95130,34591,11328.0,-5332.0,230009,-7343.0,60539,16660.0
GOLD - COMMODITY EXCHANGE INC.,2004-03-16,98116,35637,2986.0,1046.0,245495,15486.0,62479,1940.0
GOLD - COMMODITY EXCHANGE INC.,2004-03-23,144353,41842,46237.0,6205.0,281839,36344.0,102511,40032.0
GOLD - COMMODITY EXCHANGE INC.,2004-03-30,159753,34615,15400.0,-7227.0,295044,13205.0,125138,22627.0
GOLD - COMMODITY EXCHANGE INC.,2004-04-06,176285,32032,16532.0,-2583.0,305661,10617.0,144253,19115.0
GOLD - COMMODITY EXCHANGE INC.,2004-04-12,174575,35879,-1710.0,3847.0,305423,-238.0,138696,-5557.0
GOLD - COMMODITY EXCHANGE INC.,2004-04-20,109438,36162,-65137.0,283.0,255395,-50028.0,73276,-65420.0
GOLD - COMMODITY EXCHANGE INC.,2004-04-27,98229,40425,-11209.0,4263.0,246504,-8891.0,57804,-15472.0
GOLD - COMMODITY EXCHANGE INC.,2004-05-04,91845,37182,-6384.0,-3243.0,246863,359.0,54663,-3141.0
GOLD - COMMODITY EXCHANGE INC.,2004-05-11,86776,48760,-5069.0,11578.0,254742,7879.0,38016,-16647.0
GOLD - COMMODITY EXCHANGE INC.,2004-05-18,82288,54775,-4488.0,6015.0,253647,-1095.0,27513,-10503.0
GOLD - COMMODITY EXCHANGE INC.,2004-05-25,76713,54504,-5575.0,-271.0,252665,-982.0,22209,-5304.0
GOLD - COMMODITY EXCHANGE INC.,2004-06-01,78293,46310,1580.0,-8194.0,228721,-23944.0,31983,9774.0
GOLD - COMMODITY EXCHANGE INC.,2004-06-08,78878,48547,585.0,2237.0,225921,-2800.0,30331,-1652.0
GOLD - COMMODITY EXCHANGE INC.,2004-06-15,80534,51418,1656.0,2871.0,223243,-2678.0,29116,-1215.0
GOLD - COMMODITY EXCHANGE INC.,2004-06-22,83340,43442,2806.0,-7976.0,219524,-3719.0,39898,10782.0
GOLD - COMMODITY EXCHANGE INC.,2004-06-29,86673,46506,3333.0,3064.0,226773,7249.0,40167,269.0
GOLD - COMMODITY EXCHANGE INC.,2004-07-06,82019,50616,-4654.0,4110.0,226957,184.0,31403,-8764.0
GOLD - COMMODITY EXCHANGE INC.,2004-07-13,112049,41615,30030.0,-9001.0,247735,20778.0,70434,39031.0
GOLD - COMMODITY EXCHANGE INC.,2004-07-20,114160,43702,2111.0,2087.0,256572,8837.0,70458,24.0
GOLD - COMMODITY EXCHANGE INC.,2004-07-27,78464,45149,-35696.0,1447.0,232007,-24565.0,33315,-37143.0
GOLD - COMMODITY EXCHANGE INC.,2004-08-03,81545,47091,3081.0,1942.0,217814,-14193.0,34454,1139.0
GOLD - COMMODITY EXCHANGE INC.,2004-08-10,85056,38949,3511.0,-8142.0,219062,1248.0,46107,11653.0
GOLD - COMMODITY EXCHANGE INC.,2004-08-17,91881,38091,6825.0,-858.0,227948,8886.0,53790,7683.0
GOLD - COMMODITY EXCHANGE INC.,2004-08-24,126481,41720,34600.0,3629.0,259849,31901.0,84761,30971.0
GOLD - COMMODITY EXCHANGE INC.,2004-08-31,130720,50223,4239.0,8503.0,269575,9726.0,80497,-4264.0
GOLD - COMMODITY EXCHANGE INC.,2004-09-07,111967,49824,-18753.0,-399.0,256711,-12864.0,62143,-18354.0
GOLD - COMMODITY EXCHANGE INC.,2004-09-14,101047,46191,-10920.0,-3633.0,249885,-6826.0,54856,-7287.0
GOLD - COMMODITY EXCHANGE INC.,2004-09-21,108228,43901,7181.0,-2290.0,256086,6201.0,64327,9471.0
GOLD - COMMODITY EXCHANGE INC.,2004-09-28,124815,42697,16587.0,-1204.0,266565,10479.0,82118,17791.0
GOLD - COMMODITY EXCHANGE INC.,2004-10-05,162941,48849,38126.0,6152.0,296592,30027.0,114092,31974.0
GOLD - COMMODITY EXCHANGE INC.,2004-10-12,165529,50392,2588.0,1543.0,302197,5605.0,115137,1045.0
GOLD - COMMODITY EXCHANGE INC.,2004-10-19,172649,51735,7120.0,1343.0,305225,3028.0,120914,5777.0
GOLD - COMMODITY EXCHANGE INC.,2004-10-26,185342,57447,12693.0,5712.0,321849,16624.0,127895,6981.0
GOLD - COMMODITY EXCHANGE INC.,2004-11-02,176069,64632,-9273.0,7185.0,313532,-8317.0,111437,-16458.0
GOLD - COMMODITY EXCHANGE INC.,2004-11-09,187528,69675,11459.0,5043.0,342146,28614.0,117853,6416.0
GOLD - COMMODITY EXCHANGE INC.,2004-11-16,196371,73370,8843.0,3695.0,362336,20190.0,123001,5148.0
GOLD - COMMODITY EXCHANGE INC.,2004-11-23,202921,64289,6550.0,-9081.0,352638,-9698.0,138632,15631.0
GOLD - COMMODITY EXCHANGE INC.,2004-11-30,201218,72765,-1703.0,8476.0,345646,-6992.0,128453,-10179.0
GOLD - COMMODITY EXCHANGE INC.,2004-12-07,211208,78861,9990.0,6096.0,353244,7598.0,132347,3894.0
GOLD - COMMODITY EXCHANGE INC.,2004-12-14,160002,72208,-51206.0,-6653.0,316029,-37215.0,87794,-44553.0
GOLD - COMMODITY EXCHANGE INC.,2004-12-21,162396,72143,2394.0,-65.0,319955,3926.0,90253,2459.0
GOLD - COMMODITY EXCHANGE INC.,2004-12-28,169514,70761,7118.0,-1382.0,330965,11010.0,98753,8500.0
GOLD - COMMODITY EXCHANGE INC.,2005-01-04,140471,67228,-29043.0,-3533.0,302298,-28667.0,73243,-25510.0
GOLD - COMMODITY EXCHANGE INC.,2005-01-11,109497,72710,-30974.0,5482.0,275461,-26837.0,36787,-36456.0
GOLD - COMMODITY EXCHANGE INC.,2005-01-18,107825,78259,-1672.0,5549.0,275630,169.0,29566,-7221.0
GOLD - COMMODITY EXCHANGE INC.,2005-01-25,107378,79033,-447.0,774.0,273430,-2200.0,28345,-1221.0
GOLD - COMMODITY EXCHANGE INC.,2005-02-01,102388,74270,-4990.0,-4763.0,253116,-20314.0,28118,-227.0
GOLD - COMMODITY EXCHANGE INC.,2005-02-08,97630,86455,-4758.0,12185.0,255424,2308.0,11175,-16943.0
GOLD - COMMODITY EXCHANGE INC.,2005-02-15,109421,87714,11791.0,1259.0,262589,7165.0,21707,10532.0
GOLD - COMMODITY EXCHANGE INC.,2005-02-22,119318,80413,9897.0,-7301.0,267860,5271.0,38905,17198.0
GOLD - COMMODITY EXCHANGE INC.,2005-03-01,135741,79060,16423.0,-1353.0,287761,19901.0,56681,17776.0
GOLD - COMMODITY EXCHANGE INC.,2005-03-08,143930,73453,8189.0,-5607.0,296335,8574.0,70477,13796.0
GOLD - COMMODITY EXCHANGE INC.,2005-03-15,178724,67602,34794.0,-5851.0,335503,39168.0,111122,40645.0
GOLD - COMMODITY EXCHANGE INC.,2005-03-22,148089,56328,-30635.0,-11274.0,299531,-35972.0,91761,-19361.0
GOLD - COMMODITY EXCHANGE INC.,2005-03-29,139491,37970,-8598.0,-18358.0,281601,-17930.0,101521,9760.0
GOLD - COMMODITY EXCHANGE INC.,2005-04-05,143487,37223,3996.0,-747.0,272946,-8655.0,106264,4743.0
GOLD - COMMODITY EXCHANGE INC.,2005-04-12,150611,37267,7124.0,44.0,279545,6599.0,113344,7080.0
GOLD - COMMODITY EXCHANGE INC.,2005-04-19,152815,38423,2204.0,1156.0,280432,887.0,114392,1048.0
GOLD - COMMODITY EXCHANGE INC.,2005-04-26,173826,36049,21011.0,-2374.0,302084,21652.0,137777,23385.0
GOLD - COMMODITY EXCHANGE INC.,2005-05-03,153914,46186,-19912.0,10137.0,290539,-11545.0,107728,-30049.0
GOLD - COMMODITY EXCHANGE INC.,2005-05-10,134719,54341,-19195.0,8155.0,282478,-8061.0,80378,-27350.0
GOLD - COMMODITY EXCHANGE INC.,2005-05-17,124569,68625,-10150.0,14284.0,274382,-8096.0,55944,-24434.0
GOLD - COMMODITY EXCHANGE INC.,2005-05-24,114965,75456,-9604.0,6831.0,272748,-1634.0,39509,-16435.0
GOLD - COMMODITY EXCHANGE INC.,2005-05-31,113002,80037,-1963.0,4581.0,255995,-16753.0,32965,-6544.0
GOLD - COMMODITY EXCHANGE INC.,2005-06-07,111796,72689,-1206.0,-7348.0,252151,-3844.0,39107,6142.0
GOLD - COMMODITY EXCHANGE INC.,2005-06-14,119458,62597,7662.0,-10092.0,257034,4883.0,56861,17754.0
GOLD - COMMODITY EXCHANGE INC.,2005-06-21,162238,53728,42780.0,-8869.0,289771,32737.0,108510,51649.0
GOLD - COMMODITY EXCHANGE INC.,2005-06-28,175520,45589,13282.0,-8139.0,303385,13614.0,129931,21421.0
GOLD - COMMODITY EXCHANGE INC.,2005-07-05,146733,41859,-28787.0,-3730.0,281186,-22199.0,104874,-25057.0
GOLD - COMMODITY EXCHANGE INC.,2005-07-12,124585,50863,-22148.0,9004.0,269891,-11295.0,73722,-31152.0
GOLD - COMMODITY EXCHANGE INC.,2005-07-19,116572,62461,-8013.0,11598.0,270001,110.0,54111,-19611.0
GOLD - COMMODITY EXCHANGE INC.,2005-07-26,110685,61663,-5887.0,-798.0,256886,-13115.0,49022,-5089.0
GOLD - COMMODITY EXCHANGE INC.,2005-08-02,118941,53372,8256.0,-8291.0,244488,-12398.0,65569,16547.0
GOLD - COMMODITY EXCHANGE INC.,2005-08-09,168613,50914,49672.0,-2458.0,287839,43351.0,117699,52130.0
GOLD - COMMODITY EXCHANGE INC.,2005-08-16,208558,50951,39945.0,37.0,331633,43794.0,157607,39908.0
GOLD - COMMODITY EXCHANGE INC.,2005-08-23,206898,47211,-1660.0,-3740.0,331804,171.0,159687,2080.0
GOLD - COMMODITY EXCHANGE INC.,2005-08-30,158841,49008,-48057.0,1797.0,291894,-39910.0,109833,-49854.0
GOLD - COMMODITY EXCHANGE INC.,2005-09-06,159922,44670,1081.0,-4338.0,299192,7298.0,115252,5419.0
GOLD - COMMODITY EXCHANGE INC.,2005-09-13,175285,48487,15363.0,3817.0,321200,22008.0,126798,11546.0
GOLD - COMMODITY EXCHANGE INC.,2005-09-20,219963,61837,44678.0,13350.0,363315,42115.0,158126,31328.0
GOLD - COMMODITY EXCHANGE INC.,2005-09-27,219648,53548,-315.0,-8289.0,366819,3504.0,166100,7974.0
GOLD - COMMODITY EXCHANGE INC.,2005-10-04,229464,57966,9816.0,4418.0,363529,-3290.0,171498,5398.0
GOLD - COMMODITY EXCHANGE INC.,2005-10-11,234060,56650,4596.0,-1316.0,370844,7315.0,177410,5912.0
GOLD - COMMODITY EXCHANGE INC.,2005-10-18,224424,54000,-9636.0,-2650.0,362699,-8145.0,170424,-6986.0
GOLD - COMMODITY EXCHANGE INC.,2005-10-25,206809,53457,-17615.0,-543.0,339388,-23311.0,153352,-17072.0
GOLD - COMMODITY EXCHANGE INC.,2005-11-01,180554,49986,-26255.0,-3471.0,334470,-4918.0,130568,-22784.0
GOLD - COMMODITY EXCHANGE INC.,2005-11-08,167250,44139,-13304.0,-5847.0,317076,-17394.0,123111,-7457.0
GOLD - COMMODITY EXCHANGE INC.,2005-11-15,177421,47735,10171.0,3596.0,324719,7643.0,129686,6575.0
GOLD - COMMODITY EXCHANGE INC.,2005-11-22,201765,38783,24344.0,-8952.0,350603,25884.0,162982,33296.0
GOLD - COMMODITY EXCHANGE INC.,2005-11-29,199521,40616,-2244.0,1833.0,350225,-378.0,158905,-4077.0
GOLD - COMMODITY EXCHANGE INC.,2005-12-06,208466,41053,8945.0,437.0,341011,-9214.0,167413,8508.0
GOLD - COMMODITY EXCHANGE INC.,2005-12-13,189931,33600,-18535.0,-7453.0,337574,-3437.0,156331,-11082.0
GOLD - COMMODITY EXCHANGE INC.,2005-12-20,182723,26553,-7208.0,-7047.0,324429,-13145.0,156170,-161.0
GOLD - COMMODITY EXCHANGE INC.,2005-12-27,179324,24802,-3399.0,-1751.0,320115,-4314.0,154522,-1648.0
GOLD - COMMODITY EXCHANGE INC.,2006-01-03,180688,29726,1364.0,4924.0,325524,5409.0,150962,-3560.0
GOLD - COMMODITY EXCHANGE INC.,2006-01-10,184408,38602,3720.0,8876.0,343419,17895.0,145806,-5156.0
GOLD - COMMODITY EXCHANGE INC.,2006-01-17,191650,43171,7242.0,4569.0,361704,18285.0,148479,2673.0
GOLD - COMMODITY EXCHANGE INC.,2006-01-24,188928,46079,-2722.0,2908.0,356080,-5624.0,142849,-5630.0
GOLD - COMMODITY EXCHANGE INC.,2006-01-31,187406,48156,-1522.0,2077.0,339645,-16435.0,139250,-3599.0
GOLD - COMMODITY EXCHANGE INC.,2006-02-07,180971,53622,-6435.0,5466.0,341727,2082.0,127349,-11901.0
GOLD - COMMODITY EXCHANGE INC.,2006-02-14,167910,48996,-13061.0,-4626.0,338143,-3584.0,118914,-8435.0
GOLD - COMMODITY EXCHANGE INC.,2006-02-21,163886,45202,-4024.0,-3794.0,333410,-4733.0,118684,-230.0
GOLD - COMMODITY EXCHANGE INC.,2006-02-28,169963,42593,6077.0,-2609.0,339859,6449.0,127370,8686.0
GOLD - COMMODITY EXCHANGE INC.,2006-03-07,167144,46255,-2819.0,3662.0,338325,-1534.0,120889,-6481.0
GOLD - COMMODITY EXCHANGE INC.,2006-03-14,143697,47757,-23447.0,1502.0,322360,-15965.0,95940,-24949.0
GOLD - COMMODITY EXCHANGE INC.,2006-03-21,149946,45682,6249.0,-2075.0,319618,-2742.0,104264,8324.0
GOLD - COMMODITY EXCHANGE INC.,2006-03-28,163056,42470,13110.0,-3212.0,334042,14424.0,120586,16322.0
GOLD - COMMODITY EXCHANGE INC.,2006-04-04,178040,45832,14984.0,3362.0,342721,8679.0,132208,11622.0
GOLD - COMMODITY EXCHANGE INC.,2006-04-11,175000,50668,-3040.0,4836.0,342632,-89.0,124332,-7876.0
"GOLD, 100 TROY OZ - CHICAGO BOARD OF TRADE",2006-04-11,5784,5004,,,16832,,780,-123552.0
GOLD - COMMODITY EXCHANGE INC.,2006-04-18,177870,47576,2870.0,-3092.0,353757,11125.0,130294,129514.0
"GOLD, 100 TROY OZ - CHICAGO BOARD OF TRADE",2006-04-18,5666,5227,-118.0,223.0,17077,245.0,439,-129855.0
GOLD - COMMODITY EXCHANGE INC.,2006-04-25,175346,45968,-2524.0,-1608.0,354108,351.0,129378,128939.0
"GOLD, 100 TROY OZ - CHICAGO BOARD OF TRADE",2006-04-25,5349,5263,-317.0,36.0,18863,1786.0,86,-129292.0
GOLD - COMMODITY EXCHANGE INC.,2006-05-02,177709,47421,2363.0,1453.0,359539,5431.0,130288,130202.0
"GOLD, 100 TROY OZ - CHICAGO BOARD OF TRADE",2006-05-02,4900,4816,-449.0,-447.0,17784,-1079.0,84,-130204.0
GOLD - COMMODITY EXCHANGE INC.,2006-05-09,175709,41773,-2000.0,-5648.0,351933,-7606.0,133936,133852.0
"GOLD, 100 TROY OZ - CHICAGO BOARD OF TRADE",2006-05-09,4957,3068,57.0,-1748.0,21019,3235.0,1889,-132047.0
GOLD - COMMODITY EXCHANGE INC.,2006-05-16,163773,37616,-11936.0,-4157.0,338720,-13213.0,126157,124268.0
"GOLD, 100 TROY OZ - CHICAGO BOARD OF TRADE",2006-05-16,5941,4923,984.0,1855.0,32955,11936.0,1018,-125139.0
GOLD - COMMODITY EXCHANGE INC.,2006-05-23,144247,33149,-19526.0,-4467.0,316143,-22577.0,111098,110080.0
"GOLD, 100 TROY OZ - CHICAGO BOARD OF TRADE",2006-05-23,5361,3191,-580.0,-1732.0,24200,-8755.0,2170,-108928.0
GOLD - COMMODITY EXCHANGE INC.,2006-05-30,133475,31988,-10772.0,-1161.0,314494,-1649.0,101487,99317.0
"GOLD, 100 TROY OZ - CHICAGO BOARD OF TRADE",2006-05-30,4865,490,-496.0,-2701.0,19677,-4523.0,4375,-97112.0
GOLD - COMMODITY EXCHANGE INC.,2006-06-06,134649,38753,1174.0,6765.0,283161,-31333.0,95896,91521.0
"GOLD, 100 TROY OZ - CHICAGO BOARD OF TRADE",2006-06-06,6128,1647,1263.0,1157.0,19220,-457.0,4481,-91415.0
GOLD - COMMODITY EXCHANGE INC.,2006-06-13,138766,39479,4117.0,726.0,288981,5820.0,99287,94806.0
"GOLD, 100 TROY OZ - CHICAGO BOARD OF TRADE",2006-06-13,8270,4673,2142.0,3026.0,25882,6662.0,3597,-95690.0
GOLD - COMMODITY EXCHANGE INC.,2006-06-20,131864,41643,-6902.0,2164.0,288148,-833.0,90221,86624.0
"GOLD, 100 TROY OZ - CHICAGO BOARD OF TRADE",2006-06-20,6742,2233,-1528.0,-2440.0,22685,-3197.0,4509,-85712.0
GOLD - COMMODITY EXCHANGE INC.,2006-06-27,128310,42686,-3554.0,1043.0,292789,4641.0,85624,81115.0
"GOLD, 100 TROY OZ - CHICAGO BOARD OF TRADE",2006-06-27,6427,2210,-315.0,-23.0,22415,-270.0,4217,-81407.0
GOLD - COMMODITY EXCHANGE INC.,2006-07-03,131186,39266,2876.0,-3420.0,292500,-289.0,91920,87703.0
"GOLD, 100 TROY OZ - CHICAGO BOARD OF TRADE",2006-07-03,8184,2555,1757.0,345.0,23014,599.0,5629,-86291.0
GOLD - COMMODITY EXCHANGE INC.,2006-07-11,142194,40265,11008.0,999.0,312684,20184.0,101929,96300.0
"GOLD, 100 TROY OZ - CHICAGO BOARD OF TRADE",2006-07-11,8156,1525,-28.0,-1030.0,25432,2418.0,6631,-95298.0
GOLD - COMMODITY EXCHANGE INC.,2006-07-18,143202,35828,1008.0,-4437.0,324276,11592.0,107374,100743.0
"GOLD, 100 TROY OZ - CHICAGO BOARD OF TRADE",2006-07-18,5961,2655,-2195.0,1130.0,28473,3041.0,3306,-104068.0
GOLD - COMMODITY EXCHANGE INC.,2006-07-25,132268,30713,-10934.0,-5115.0,315635,-8641.0,101555,98249.0
"GOLD, 100 TROY OZ - CHICAGO BOARD OF TRADE",2006-07-25,4635,2304,-1326.0,-351.0,26254,-2219.0,2331,-99224.0
GOLD - COMMODITY EXCHANGE INC.,2006-08-01,132781,30020,513.0,-693.0,304907,-10728.0,102761,100430.0
"GOLD, 100 TROY OZ - CHICAGO BOARD OF TRADE",2006-08-01,6080,1469,1445.0,-835.0,24512,-1742.0,4611,-98150.0
GOLD - COMMODITY EXCHANGE INC.,2006-08-08,138971,32873,6190.0,2853.0,309097,4190.0,106098,101487.0
"GOLD, 100 TROY OZ - CHICAGO BOARD OF TRADE",2006-08-08,5843,1374,-237.0,-95.0,27939,3427.0,4469,-101629.0
GOLD - COMMODITY EXCHANGE INC.,2006-08-15,132019,31475,-6952.0,-1398.0,313327,4230.0,100544,96075.0
"GOLD, 100 TROY OZ - CHICAGO BOARD OF TRADE",2006-08-15,5721,2746,-122.0,1372.0,31735,3796.0,2975,-97569.0
GOLD - COMMODITY EXCHANGE INC.,2006-08-22,128897,32949,-3122.0,1474.0,306171,-7156.0,95948,92973.0
"GOLD, 100 TROY OZ - CHICAGO BOARD OF TRADE",2006-08-22,6485,2428,764.0,-318.0,31222,-513.0,4057,-91891.0
GOLD - COMMODITY EXCHANGE INC.,2006-08-29,124421,36705,-4476.0,3756.0,307583,1412.0,87716,83659.0
"GOLD, 100 TROY OZ - CHICAGO BOARD OF TRADE",2006-08-29,5493,5718,-992.0,3290.0,34338,3116.0,-225,-87941.0
GOLD - COMMODITY EXCHANGE INC.,2006-09-05,133991,35657,9570.0,-1048.0,319998,12415.0,98334,98559.0
"GOLD, 100 TROY OZ - CHICAGO BOARD OF TRADE",2006-09-05,10447,2215,4954.0,-3503.0,33795,-543.0,8232,-90102.0
GOLD - COMMODITY EXCHANGE INC.,2006-09-12,121455,37233,-12536.0,1576.0,310510,-9488.0,84222,75990.0
"GOLD, 100 TROY OZ - CHICAGO BOARD OF TRADE",2006-09-12,4513,10513,-5934.0,8298.0,36419,2624.0,-6000,-90222.0
GOLD - COMMODITY EXCHANGE INC.,2006-09-19,116119,38251,-5336.0,1018.0,325852,15342.0,77868,83868.0
"GOLD, 100 TROY OZ - CHICAGO BOARD OF TRADE",2006-09-19,3974,12297,-539.0,1784.0,41036,4617.0,-8323,-86191.0
GOLD - COMMODITY EXCHANGE INC.,2006-09-26,108117,36873,-8002.0,-1378.0,322937,-2915.0,71244,79567.0
"GOLD, 100 TROY OZ - CHICAGO BOARD OF TRADE",2006-09-26,3537,8790,-437.0,-3507.0,37248,-3788.0,-5253,-76497.0
GOLD - COMMODITY EXCHANGE INC.,2006-10-03,107570,38136,-547.0,1263.0,330065,7128.0,69434,74687.0
"GOLD, 100 TROY OZ - CHICAGO BOARD OF TRADE",2006-10-03,3957,10089,420.0,1299.0,39005,1757.0,-6132,-75566.0
GOLD - COMMODITY EXCHANGE INC.,2006-10-10,106211,43762,-1359.0,5626.0,334329,4264.0,62449,68581.0
"GOLD, 100 TROY OZ - CHICAGO BOARD OF TRADE",2006-10-10,5125,10161,1168.0,72.0,42577,3572.0,-5036,-67485.0
GOLD - COMMODITY EXCHANGE INC.,2006-10-17,107993,46734,1782.0,2972.0,329875,-4454.0,61259,66295.0
"GOLD, 100 TROY OZ - CHICAGO BOARD OF TRADE",2006-10-17,6057,6541,932.0,-3620.0,41246,-1331.0,-484,-61743.0
GOLD - COMMODITY EXCHANGE INC.,2006-10-24,104099,48049,-3894.0,1315.0,331598,1723.0,56050,56534.0
"GOLD, 100 TROY OZ - CHICAGO BOARD OF TRADE",2006-10-24,7345,5756,1288.0,-785.0,44891,3645.0,1589,-54461.0
GOLD - COMMODITY EXCHANGE INC.,2006-10-31,107472,42756,3373.0,-5293.0,323481,-8117.0,64716,63127.0
"GOLD, 100 TROY OZ - CHICAGO BOARD OF TRADE",2006-10-31,15370,3545,8025.0,-2211.0,49533,4642.0,11825,-52891.0
GOLD - COMMODITY EXCHANGE INC.,2006-11-07,121406,40240,13934.0,-2516.0,335036,11555.0,81166,69341.0
"GOLD, 100 TROY OZ - CHICAGO BOARD OF TRADE",2006-11-07,18033,4370,2663.0,825.0,52364,2831.0,13663,-67503.0
GOLD - COMMODITY EXCHANGE INC.,2006-11-14,126907,38073,5501.0,-2167.0,356575,21539.0,88834,75171.0
"GOLD, 100 TROY OZ - CHICAGO BOARD OF TRADE",2006-11-14,14190,6109,-3843.0,1739.0,52263,-101.0,8081,-80753.0
GOLD - COMMODITY EXCHANGE INC.,2006-11-21,123021,38728,-3886.0,655.0,355430,-1145.0,84293,76212.0
"GOLD, 100 TROY OZ - CHICAGO BOARD OF TRADE",2006-11-21,15249,4597,1059.0,-1512.0,54178,1915.0,10652,-73641.0
GOLD - COMMODITY EXCHANGE INC.,2006-11-28,120078,40212,-2943.0,1484.0,349517,-5913.0,79866,69214.0
"GOLD, 100 TROY OZ - CHICAGO BOARD OF TRADE",2006-11-28,14419,5774,-830.0,1177.0,50655,-3523.0,8645,-71221.0
GOLD - COMMODITY EXCHANGE INC.,2006-12-05,122145,38506,2067.0,-1706.0,330530,-18987.0,83639,74994.0
"GOLD, 100 TROY OZ - CHICAGO BOARD OF TRADE",2006-12-05,17332,6720,2913.0,946.0,47355,-3300.0,10612,-73027.0
GOLD - COMMODITY EXCHANGE INC.,2006-12-12,120128,38299,-2017.0,-207.0,333101,2571.0,81829,71217.0
"GOLD, 100 TROY OZ - CHICAGO BOARD OF TRADE",2006-12-12,13262,5384,-4070.0,-1336.0,43761,-3594.0,7878,-73951.0
GOLD - COMMODITY EXCHANGE INC.,2006-12-19,109682,39789,-10446.0,1490.0,337096,3995.0,69893,62015.0
"GOLD, 100 TROY OZ - CHICAGO BOARD OF TRADE",2006-12-19,11806,5173,-1456.0,-211.0,42779,-982.0,6633,-63260.0
GOLD - COMMODITY EXCHANGE INC.,2006-12-26,110486,42394,804.0,2605.0,340473,3377.0,68092,61459.0
"GOLD, 100 TROY OZ - CHICAGO BOARD OF TRADE",2006-12-26,11277,5214,-529.0,41.0,41191,-1588.0,6063,-62029.0
GOLD - COMMODITY EXCHANGE INC.,2007-01-03,120639,42756,10153.0,362.0,353494,13021.0,77883,71820.0
"GOLD, 100 TROY OZ - CHICAGO BOARD OF TRADE",2007-01-03,14006,5345,2729.0,131.0,44571,3380.0,8661,-69222.0
GOLD - COMMODITY EXCHANGE INC.,2007-01-09,105157,52289,-15482.0,9533.0,347491,-6003.0,52868,44207.0
"GOLD, 100 TROY OZ - CHICAGO BOARD OF TRADE",2007-01-09,7787,6523,-6219.0,1178.0,37605,-6966.0,1264,-51604.0
GOLD - COMMODITY EXCHANGE INC.,2007-01-16,109386,46436,4229.0,-5853.0,344685,-2806.0,62950,61686.0
"GOLD, 100 TROY OZ - CHICAGO BOARD OF TRADE",2007-01-16,8954,5688,1167.0,-835.0,38599,994.0,3266,-59684.0
GOLD - COMMODITY EXCHANGE INC.,2007-01-23,128463,43962,19077.0,-2474.0,361114,16429.0,84501,81235.0
"GOLD, 100 TROY OZ - CHICAGO BOARD OF TRADE",2007-01-23,12386,6410,3432.0,722.0,43817,5218.0,5976,-78525.0
GOLD - COMMODITY EXCHANGE INC.,2007-01-30,143964,43619,15501.0,-343.0,348035,-13079.0,100345,94369.0
"GOLD, 100 TROY OZ - CHICAGO BOARD OF TRADE",2007-01-30,11143,5068,-1243.0,-1342.0,36750,-7067.0,6075,-94270.0
GOLD - COMMODITY EXCHANGE INC.,2007-02-06,151891,43345,7927.0,-274.0,360936,12901.0,108546,102471.0
"GOLD, 100 TROY OZ - CHICAGO BOARD OF TRADE",2007-02-06,10773,4713,-370.0,-355.0,38492,1742.0,6060,-102486.0
GOLD - COMMODITY EXCHANGE INC.,2007-02-13,167479,42729,15588.0,-616.0,383169,22233.0,124750,118690.0
"GOLD, 100 TROY OZ - CHICAGO BOARD OF TRADE",2007-02-13,13855,3390,3082.0,-1323.0,39189,697.0,10465,-114285.0
GOLD - COMMODITY EXCHANGE INC.,2007-02-20,168838,38905,1359.0,-3824.0,396115,12946.0,129933,119468.0
"GOLD, 100 TROY OZ - CHICAGO BOARD OF TRADE",2007-02-20,11576,5969,-2279.0,2579.0,40402,1213.0,5607,-124326.0
GOLD - COMMODITY EXCHANGE INC.,2007-02-27,182456,40364,13618.0,1459.0,415155,19040.0,142092,136485.0
"GOLD, 100 TROY OZ - CHICAGO BOARD OF TRADE",2007-02-27,15227,4059,3651.0,-1910.0,45832,5430.0,11168,-130924.0
GOLD - COMMODITY EXCHANGE INC.,2007-03-06,136421,34723,-46035.0,-5641.0,382550,-32605.0,101698,90530.0
"GOLD, 100 TROY OZ - CHICAGO BOARD OF TRADE",2007-03-06,11265,8229,-3962.0,4170.0,40957,-4875.0,3036,-98662.0
GOLD - COMMODITY EXCHANGE INC.,2007-03-13,129078,32736,-7343.0,-1987.0,394090,11540.0,96342,93306.0
"GOLD, 100 TROY OZ - CHICAGO BOARD OF TRADE",2007-03-13,10714,8704,-551.0,475.0,39354,-1603.0,2010,-94332.0
GOLD - COMMODITY EXCHANGE INC.,2007-03-20,125201,31777,-3877.0,-959.0,359726,-34364.0,93424,91414.0
"GOLD, 100 TROY OZ - CHICAGO BOARD OF TRADE",2007-03-20,11430,6432,716.0,-2272.0,39649,295.0,4998,-88426.0
GOLD - COMMODITY EXCHANGE INC.,2007-03-27,126413,31290,1212.0,-487.0,359434,-292.0,95123,90125.0
"GOLD, 100 TROY OZ - CHICAGO BOARD OF TRADE",2007-03-27,11789,4355,359.0,-2077.0,35262,-4387.0,7434,-87689.0
GOLD - COMMODITY EXCHANGE INC.,2007-04-03,131858,37913,5445.0,6623.0,347817,-11617.0,93945,86511.0
"GOLD, 100 TROY OZ - CHICAGO BOARD OF TRADE",2007-04-03,11844,689,55.0,-3666.0,31397,-3865.0,11155,-82790.0
GOLD - COMMODITY EXCHANGE INC.,2007-04-10,150573,37617,18715.0,-296.0,369536,21719.0,112956,101801.0
"GOLD, 100 TROY OZ - CHICAGO BOARD OF TRADE",2007-04-10,12273,1900,429.0,1211.0,31854,457.0,10373,-102583.0
GOLD - COMMODITY EXCHANGE INC.,2007-04-17,170601,35243,20028.0,-2374.0,380800,11264.0,135358,124985.0
"GOLD, 100 TROY OZ - CHICAGO BOARD OF TRADE",2007-04-17,12151,2490,-122.0,590.0,31771,-83.0,9661,-125697.0
GOLD - COMMODITY EXCHANGE INC.,2007-04-24,169703,35861,-898.0,618.0,403388,22588.0,133842,124181.0
"GOLD, 100 TROY OZ - CHICAGO BOARD OF TRADE",2007-04-24,11022,4385,-1129.0,1895.0,32194,423.0,6637,-127205.0
GOLD - COMMODITY EXCHANGE INC.,2007-05-01,163823,33378,-5880.0,-2483.0,396276,-7112.0,130445,123808.0
"GOLD, 100 TROY OZ - CHICAGO BOARD OF TRADE",2007-05-01,9477,6192,-1545.0,1807.0,29074,-3120.0,3285,-127160.0
GOLD - COMMODITY EXCHANGE INC.,2007-05-08,168350,32064,4527.0,-1314.0,411273,14997.0,136286,133001.0
"GOLD, 100 TROY OZ - CHICAGO BOARD OF TRADE",2007-05-08,10178,5650,701.0,-542.0,29366,292.0,4528,-131758.0
GOLD - COMMODITY EXCHANGE INC.,2007-05-15,149772,35874,-18578.0,3810.0,408936,-2337.0,113898,109370.0
"GOLD, 100 TROY OZ - CHICAGO BOARD OF TRADE",2007-05-15,7739,8647,-2439.0,2997.0,29914,548.0,-908,-114806.0
GOLD - COMMODITY EXCHANGE INC.,2007-05-22,141294,45479,-8478.0,9605.0,416813,7877.0,95815,96723.0
"GOLD, 100 TROY OZ - CHICAGO BOARD OF TRADE",2007-05-22,6905,7750,-834.0,-897.0,28826,-1088.0,-845,-96660.0
GOLD - COMMODITY EXCHANGE INC.,2007-05-29,134404,39507,-6890.0,-5972.0,425688,8875.0,94897,95742.0
"GOLD, 100 TROY OZ - CHICAGO BOARD OF TRADE",2007-05-29,5195,5940,-1710.0,-1810.0,25939,-2887.0,-745,-95642.0
GOLD - COMMODITY EXCHANGE INC.,2007-06-05,143052,35435,8648.0,-4072.0,385046,-40642.0,107617,108362.0
"GOLD, 100 TROY OZ - CHICAGO BOARD OF TRADE",2007-06-05,6331,6184,1136.0,244.0,23828,-2111.0,147,-107470.0
GOLD - COMMODITY EXCHANGE INC.,2007-06-12,125076,49180,-17976.0,13745.0,412150,27104.0,75896,75749.0
"GOLD, 100 TROY OZ - CHICAGO BOARD OF TRADE",2007-06-12,4952,4602,-1379.0,-1582.0,21638,-2190.0,350,-75546.0
GOLD - COMMODITY EXCHANGE INC.,2007-06-19,126207,44602,1131.0,-4578.0,410324,-1826.0,81605,81255.0
"GOLD, 100 TROY OZ - CHICAGO BOARD OF TRADE",2007-06-19,3179,4805,-1773.0,203.0,20600,-1038.0,-1626,-83231.0
GOLD - COMMODITY EXCHANGE INC.,2007-06-26,119068,55991,-7139.0,11389.0,407640,-2684.0,63077,64703.0
"GOLD, 100 TROY OZ - CHICAGO BOARD OF TRADE",2007-06-26,3247,6200,68.0,1395.0,22237,1637.0,-2953,-66030.0
GOLD - COMMODITY EXCHANGE INC.,2007-07-03,109652,43990,-9416.0,-12001.0,375642,-31998.0,65662,68615.0
"GOLD, 100 TROY OZ - CHICAGO BOARD OF TRADE",2007-07-03,3293,4185,46.0,-2015.0,21155,-1082.0,-892,-66554.0
GOLD - COMMODITY EXCHANGE INC.,2007-07-10,113510,41290,3858.0,-2700.0,387916,12274.0,72220,73112.0
"GOLD, 100 TROY OZ - CHICAGO BOARD OF TRADE",2007-07-10,4758,5066,1465.0,881.0,21795,640.0,-308,-72528.0
GOLD - COMMODITY EXCHANGE INC.,2007-07-17,114788,35069,1278.0,-6221.0,385595,-2321.0,79719,80027.0
"GOLD, 100 TROY OZ - CHICAGO BOARD OF TRADE",2007-07-17,4927,5080,169.0,14.0,22517,722.0,-153,-79872.0
GOLD - COMMODITY EXCHANGE INC.,2007-07-24,154251,31321,39463.0,-3748.0,401603,16008.0,122930,123083.0
"GOLD, 100 TROY OZ - CHICAGO BOARD OF TRADE",2007-07-24,6873,3523,1946.0,-1557.0,23707,1190.0,3350,-119580.0
GOLD - COMMODITY EXCHANGE INC.,2007-07-31,113706,32817,-40545.0,1496.0,351185,-50418.0,80889,77539.0
"GOLD, 100 TROY OZ - CHICAGO BOARD OF TRADE",2007-07-31,4891,3305,-1982.0,-218.0,20164,-3543.0,1586,-79303.0
GOLD - COMMODITY EXCHANGE INC.,2007-08-07,123391,34020,9685.0,1203.0,352908,1723.0,89371,87785.0
"GOLD, 100 TROY OZ - CHICAGO BOARD OF TRADE",2007-08-07,4032,2463,-859.0,-842.0,17817,-2347.0,1569,-87802.0
GOLD - COMMODITY EXCHANGE INC.,2007-08-14,118978,24767,-4413.0,-9253.0,347973,-4935.0,94211,92642.0
"GOLD, 100 TROY OZ - CHICAGO BOARD OF TRADE",2007-08-14,4815,2523,783.0,60.0,19220,1403.0,2292,-91919.0
GOLD - COMMODITY EXCHANGE INC.,2007-08-21,102578,33648,-16400.0,8881.0,330204,-17769.0,68930,66638.0
"GOLD, 100 TROY OZ - CHICAGO BOARD OF TRADE",2007-08-21,4478,3025,-337.0,502.0,17736,-1484.0,1453,-67477.0
GOLD - COMMODITY EXCHANGE INC.,2007-08-28,103844,26633,1266.0,-7015.0,325767,-4437.0,77211,75758.0
"GOLD, 100 TROY OZ - CHICAGO BOARD OF TRADE",2007-08-28,6075,2774,1597.0,-251.0,19026,1290.0,3301,-73910.0
GOLD - COMMODITY EXCHANGE INC.,2007-09-04,126346,29366,22502.0,2733.0,339439,13672.0,96980,93679.0
"GOLD, 100 TROY OZ - CHICAGO BOARD OF TRADE",2007-09-04,7226,2855,1151.0,81.0,19656,630.0,4371,-92609.0
GOLD - COMMODITY EXCHANGE INC.,2007-09-11,155317,28648,28971.0,-718.0,373686,34247.0,126669,122298.0
"GOLD, 100 TROY OZ - CHICAGO BOARD OF TRADE",2007-09-11,7717,3618,491.0,763.0,20591,935.0,4099,-122570.0
GOLD - COMMODITY EXCHANGE INC.,2007-09-18,168140,26490,12823.0,-2158.0,392748,19062.0,141650,137551.0
"GOLD, 100 TROY OZ - CHICAGO BOARD OF TRADE",2007-09-18,7931,3722,214.0,104.0,22267,1676.0,4209,-137441.0
GOLD - COMMODITY EXCHANGE INC.,2007-09-25,201188,27143,33048.0,653.0,440945,48197.0,174045,169836.0
"GOLD, 100 TROY OZ - CHICAGO BOARD OF TRADE",2007-09-25,9080,3796,1149.0,74.0,23271,1004.0,5284,-168761.0
GOLD - COMMODITY EXCHANGE INC.,2007-10-02,210766,34871,9578.0,7728.0,439865,-1080.0,175895,170611.0
"GOLD, 100 TROY OZ - CHICAGO BOARD OF TRADE",2007-10-02,9053,3703,-27.0,-93.0,22888,-383.0,5350,-170545.0
GOLD - COMMODITY EXCHANGE INC.,2007-10-09,221749,31053,10983.0,-3818.0,458936,19071.0,190696,185346.0
"GOLD, 100 TROY OZ - CHICAGO BOARD OF TRADE",2007-10-09,7026,3807,-2027.0,104.0,20314,-2574.0,3219,-187477.0
GOLD - COMMODITY EXCHANGE INC.,2007-10-16,238432,36573,16683.0,5520.0,483872,24936.0,201859,198640.0
"GOLD, 100 TROY OZ - CHICAGO BOARD OF TRADE",2007-10-16,6390,4488,-636.0,681.0,22087,1773.0,1902,-199957.0
GOLD - COMMODITY EXCHANGE INC.,2007-10-23,226875,40571,-11557.0,3998.0,489471,5599.0,186304,184402.0
"GOLD, 100 TROY OZ - CHICAGO BOARD OF TRADE",2007-10-23,6872,4850,482.0,362.0,21573,-514.0,2022,-184282.0
GOLD - COMMODITY EXCHANGE INC.,2007-10-30,232622,34016,5747.0,-6555.0,516163,26692.0,198606,196584.0
"GOLD, 100 TROY OZ - CHICAGO BOARD OF TRADE",2007-10-30,6606,6061,-266.0,1211.0,21494,-79.0,545,-198061.0
GOLD - COMMODITY EXCHANGE INC.,2007-11-06,241475,39350,8853.0,5334.0,556856,40693.0,202125,201580.0
"GOLD, 100 TROY OZ - CHICAGO BOARD OF TRADE",2007-11-06,6792,5156,186.0,-905.0,22742,1248.0,1636,-200489.0
GOLD - COMMODITY EXCHANGE INC.,2007-11-13,228360,37575,-13115.0,-1775.0,552546,-4310.0,190785,189149.0
"GOLD, 100 TROY OZ - CHICAGO BOARD OF TRADE",2007-11-13,3248,3004,-3544.0,-2152.0,21821,-921.0,244,-190541.0
GOLD - COMMODITY EXCHANGE INC.,2007-11-20,213234,40844,-15126.0,3269.0,512430,-40116.0,172390,172146.0
"GOLD, 100 TROY OZ - CHICAGO BOARD OF TRADE",2007-11-20,3541,1647,293.0,-1357.0,18555,-3266.0,1894,-170496.0
GOLD - COMMODITY EXCHANGE INC.,2007-11-27,206498,31417,-6736.0,-9427.0,520782,8352.0,175081,173187.0
"GOLD, 100 TROY OZ - CHICAGO BOARD OF TRADE",2007-11-27,3003,1277,-538.0,-370.0,17129,-1426.0,1726,-173355.0
GOLD - COMMODITY EXCHANGE INC.,2007-12-04,190888,23364,-15610.0,-8053.0,486709,-34073.0,167524,165798.0
"GOLD, 100 TROY OZ - CHICAGO BOARD OF TRADE",2007-12-04,3300,488,297.0,-789.0,15254,-1875.0,2812,-164712.0
GOLD - COMMODITY EXCHANGE INC.,2007-12-11,196529,24755,5641.0,1391.0,486198,-511.0,171774,168962.0
"GOLD, 100 TROY OZ - CHICAGO BOARD OF TRADE",2007-12-11,3977,2084,677.0,1596.0,16180,926.0,1893,-169881.0
GOLD - COMMODITY EXCHANGE INC.,2007-12-18,197789,27516,1260.0,2761.0,495001,8803.0,170273,168380.0
"GOLD, 100 TROY OZ - CHICAGO BOARD OF TRADE",2007-12-18,3076,1006,-901.0,-1078.0,14998,-1182.0,2070,-168203.0
GOLD - COMMODITY EXCHANGE INC.,2007-12-24,210521,26146,12732.0,-1370.0,517020,22019.0,184375,182305.0
"GOLD, 100 TROY OZ - CHICAGO BOARD OF TRADE",2007-12-24,4446,760,1370.0,-246.0,15482,484.0,3686,-180689.0
GOLD - COMMODITY EXCHANGE INC.,2007-12-31,227112,27674,16591.0,1528.0,541854,24834.0,199438,195752.0
"GOLD, 100 TROY OZ - CHICAGO BOARD OF TRADE",2007-12-31,6153,949,1707.0,189.0,16569,1087.0,5204,-194234.0
GOLD - COMMODITY EXCHANGE INC.,2008-01-08,238089,32685,10977.0,5011.0,558309,16455.0,205404,200200.0
"GOLD, 100 TROY OZ - CHICAGO BOARD OF TRADE",2008-01-08,6046,2040,-107.0,1091.0,17969,1400.0,4006,-201398.0
GOLD - COMMODITY EXCHANGE INC.,2008-01-15,247106,35059,9017.0,2374.0,593953,35644.0,212047,208041.0
"GOLD, 100 TROY OZ - CHICAGO BOARD OF TRADE",2008-01-15,5074,1034,-972.0,-1006.0,16645,-1324.0,4040,-208007.0
GOLD - COMMODITY EXCHANGE INC.,2008-01-22,241183,36108,-5923.0,1049.0,560173,-33780.0,205075,201035.0
"GOLD, 100 TROY OZ - CHICAGO BOARD OF TRADE",2008-01-22,3823,1973,-1251.0,939.0,16322,-323.0,1850,-203225.0
GOLD - COMMODITY EXCHANGE INC.,2008-01-29,237252,31472,-3931.0,-4636.0,522142,-38031.0,205780,203930.0
"GOLD, 100 TROY OZ - CHICAGO BOARD OF TRADE",2008-01-29,3286,911,-537.0,-1062.0,14027,-2295.0,2375,-203405.0
GOLD - COMMODITY EXCHANGE INC.,2008-02-05,234852,31110,-2400.0,-362.0,495139,-27003.0,203742,201367.0
"GOLD, 100 TROY OZ - CHICAGO BOARD OF TRADE",2008-02-05,3334,2196,48.0,1285.0,14324,297.0,1138,-202604.0
GOLD - COMMODITY EXCHANGE INC.,2008-02-12,240806,34210,5954.0,3100.0,475749,-19390.0,206596,205458.0
"GOLD, 100 TROY OZ - CHICAGO BOARD OF TRADE",2008-02-12,3010,2301,-324.0,105.0,14136,-188.0,709,-205887.0
GOLD - COMMODITY EXCHANGE INC.,2008-02-19,251717,39458,10911.0,5248.0,489789,14040.0,212259,211550.0
"GOLD, 100 TROY OZ - CHICAGO BOARD OF TRADE",2008-02-19,2617,1946,-393.0,-355.0,13825,-311.0,671,-211588.0
GOLD - COMMODITY EXCHANGE INC.,2008-02-26,250270,40907,-1447.0,1449.0,495102,5313.0,209363,208692.0
"GOLD, 100 TROY OZ - CHICAGO BOARD OF TRADE",2008-02-26,2903,3211,286.0,1265.0,14824,999.0,-308,-209671.0
GOLD - COMMODITY EXCHANGE INC.,2008-03-04,240597,44817,-9673.0,3910.0,486992,-8110.0,195780,196088.0
"GOLD, 100 TROY OZ - CHICAGO BOARD OF TRADE",2008-03-04,3200,3148,297.0,-63.0,14944,120.0,52,-195728.0
GOLD - COMMODITY EXCHANGE INC.,2008-03-11,239048,42705,-1549.0,-2112.0,482035,-4957.0,196343,196291.0
"GOLD, 100 TROY OZ - CHICAGO BOARD OF TRADE",2008-03-11,3687,3021,487.0,-127.0,15039,95.0,666,-195677.0
GOLD - COMMODITY EXCHANGE INC.,2008-03-18,232427,40418,-6621.0,-2287.0,489055,7020.0,192009,191343.0
"GOLD, 100 TROY OZ - CHICAGO BOARD OF TRADE",2008-03-18,3440,2384,-247.0,-637.0,15459,420.0,1056,-190953.0
GOLD - COMMODITY EXCHANGE INC.,2008-03-25,214651,38909,-17776.0,-1509.0,452193,-36862.0,175742,174686.0
GOLD - COMMODITY EXCHANGE INC.,2008-04-01,190958,29680,-23693.0,-9229.0,399393,-52800.0,161278,-14464.0
GOLD - COMMODITY EXCHANGE INC.,2008-04-08,196823,31430,5865.0,1750.0,407212,7819.0,165393,4115.0
GOLD - COMMODITY EXCHANGE INC.,2008-04-15,202910,30933,6087.0,-497.0,422699,15487.0,171977,6584.0
GOLD - COMMODITY EXCHANGE INC.,2008-04-22,201865,34242,-1045.0,3309.0,424218,1519.0,167623,-4354.0
GOLD - COMMODITY EXCHANGE INC.,2008-04-29,194844,34196,-7021.0,-46.0,429670,5452.0,160648,-6975.0
"GOLD, 100 TROY OZ - CHICAGO BOARD OF TRADE",2008-04-29,3681,2378,,,12443,,1303,-159345.0
GOLD - COMMODITY EXCHANGE INC.,2008-05-06,192719,36752,-2125.0,2556.0,433741,4071.0,155967,154664.0
GOLD - COMMODITY EXCHANGE INC.,2008-05-13,197809,44871,5090.0,8119.0,439636,5895.0,152938,-3029.0
"GOLD, 100 TROY OZ - CHICAGO BOARD OF TRADE",2008-05-13,2996,2126,401.0,287.0,12321,1109.0,870,-152068.0
GOLD - COMMODITY EXCHANGE INC.,2008-05-20,216324,34205,18515.0,-10666.0,453084,13448.0,182119,181249.0
GOLD - COMMODITY EXCHANGE INC.,2008-05-27,220954,29442,4630.0,-4763.0,430961,-22123.0,191512,9393.0
GOLD - COMMODITY EXCHANGE INC.,2008-06-03,200544,30333,-20410.0,891.0,398441,-32520.0,170211,-21301.0
GOLD - COMMODITY EXCHANGE INC.,2008-06-10,189175,37927,-11369.0,7594.0,396392,-2049.0,151248,-18963.0
GOLD - COMMODITY EXCHANGE INC.,2008-06-17,180637,29447,-8538.0,-8480.0,390471,-5921.0,151190,-58.0
GOLD - COMMODITY EXCHANGE INC.,2008-06-24,190218,36680,9581.0,7233.0,401226,10755.0,153538,2348.0
GOLD - COMMODITY EXCHANGE INC.,2008-07-01,223539,35860,33321.0,-820.0,434024,32798.0,187679,34141.0
GOLD - COMMODITY EXCHANGE INC.,2008-07-08,225045,35443,1506.0,-417.0,443202,9178.0,189602,1923.0
GOLD - COMMODITY EXCHANGE INC.,2008-07-15,240934,38151,15889.0,2708.0,483920,40718.0,202783,13181.0
"GOLD, 100 TROY OZ - CHICAGO BOARD OF TRADE",2008-07-15,4385,1079,,,11842,,3306,-199477.0
GOLD - COMMODITY EXCHANGE INC.,2008-07-22,231170,36517,-9764.0,-1634.0,475606,-8314.0,194653,191347.0
"GOLD, 100 TROY OZ - CHICAGO BOARD OF TRADE",2008-07-22,3630,2011,-755.0,932.0,11538,-304.0,1619,-193034.0
GOLD - COMMODITY EXCHANGE INC.,2008-07-29,212285,29966,-18885.0,-6551.0,446013,-29593.0,182319,180700.0
GOLD - COMMODITY EXCHANGE INC.,2008-08-05,192528,28800,-19757.0,-1166.0,408430,-37583.0,163728,-18591.0
GOLD - COMMODITY EXCHANGE INC.,2008-08-12,159313,28653,-33215.0,-147.0,365611,-42819.0,130660,-33068.0
GOLD - COMMODITY EXCHANGE INC.,2008-08-19,144104,31738,-15209.0,3085.0,372968,7357.0,112366,-18294.0
GOLD - COMMODITY EXCHANGE INC.,2008-08-26,147240,41961,3136.0,10223.0,380766,7798.0,105279,-7087.0
GOLD - COMMODITY EXCHANGE INC.,2008-09-02,139251,46060,-7989.0,4099.0,382329,1563.0,93191,-12088.0
GOLD - COMMODITY EXCHANGE INC.,2008-09-09,133946,51291,-5305.0,5231.0,392592,10263.0,82655,-10536.0
GOLD - COMMODITY EXCHANGE INC.,2008-09-16,147720,57429,13774.0,6138.0,393814,1222.0,90291,7636.0
GOLD - COMMODITY EXCHANGE INC.,2008-09-23,156812,35796,9092.0,-21633.0,368254,-25560.0,121016,30725.0
GOLD - COMMODITY EXCHANGE INC.,2008-09-30,141026,23240,-15786.0,-12556.0,336598,-31656.0,117786,-3230.0
GOLD - COMMODITY EXCHANGE INC.,2008-10-07,137672,26059,-3354.0,2819.0,329480,-7118.0,111613,-6173.0
GOLD - COMMODITY EXCHANGE INC.,2008-10-14,131093,24268,-6579.0,-1791.0,323496,-5984.0,106825,-4788.0
GOLD - COMMODITY EXCHANGE INC.,2008-10-21,125951,26749,-5142.0,2481.0,319472,-4024.0,99202,-7623.0
GOLD - COMMODITY EXCHANGE INC.,2008-10-28,117638,39323,-8313.0,12574.0,313709,-5763.0,78315,-20887.0
GOLD - COMMODITY EXCHANGE INC.,2008-11-04,118166,49971,528.0,10648.0,303908,-9801.0,68195,-10120.0
GOLD - COMMODITY EXCHANGE INC.,2008-11-11,116351,52392,-1815.0,2421.0,293831,-10077.0,63959,-4236.0
GOLD - COMMODITY EXCHANGE INC.,2008-11-18,111063,46234,-5288.0,-6158.0,289700,-4131.0,64829,870.0
GOLD - COMMODITY EXCHANGE INC.,2008-11-25,115014,33142,3951.0,-13092.0,276567,-13133.0,81872,17043.0
GOLD - COMMODITY EXCHANGE INC.,2008-12-02,111592,27223,-3422.0,-5919.0,264796,-11771.0,84369,2497.0
GOLD - COMMODITY EXCHANGE INC.,2008-12-09,111284,28129,-308.0,906.0,261001,-3795.0,83155,-1214.0
GOLD - COMMODITY EXCHANGE INC.,2008-12-16,132674,24425,21390.0,-3704.0,282915,21914.0,108249,25094.0
GOLD - COMMODITY EXCHANGE INC.,2008-12-22,141246,21458,8572.0,-2967.0,291022,8107.0,119788,11539.0
GOLD - COMMODITY EXCHANGE INC.,2008-12-30,146292,20331,5046.0,-1127.0,300448,9426.0,125961,6173.0
GOLD - COMMODITY EXCHANGE INC.,2009-01-06,152569,18965,6277.0,-1366.0,320391,19943.0,133604,7643.0
GOLD - COMMODITY EXCHANGE INC.,2009-01-13,146167,18549,-6402.0,-416.0,318185,-2206.0,127618,-5986.0
GOLD - COMMODITY EXCHANGE INC.,2009-01-20,146910,22973,743.0,4424.0,331507,13322.0,123937,-3681.0
GOLD - COMMODITY EXCHANGE INC.,2009-01-27,165652,24538,18742.0,1565.0,354191,22684.0,141114,17177.0
GOLD - COMMODITY EXCHANGE INC.,2009-02-03,181020,25714,15368.0,1176.0,346288,-7903.0,155306,14192.0
GOLD - COMMODITY EXCHANGE INC.,2009-02-10,188898,25276,7878.0,-438.0,350858,4570.0,163622,8316.0
GOLD - COMMODITY EXCHANGE INC.,2009-02-17,195966,30045,7068.0,4769.0,361619,10761.0,165921,2299.0
GOLD - COMMODITY EXCHANGE INC.,2009-02-24,199830,37965,3864.0,7920.0,372697,11078.0,161865,-4056.0
GOLD - COMMODITY EXCHANGE INC.,2009-03-03,189580,30287,-10250.0,-7678.0,365271,-7426.0,159293,-2572.0
GOLD - COMMODITY EXCHANGE INC.,2009-03-10,178160,33372,-11420.0,3085.0,371321,6050.0,144788,-14505.0
GOLD - COMMODITY EXCHANGE INC.,2009-03-17,175190,24795,-2970.0,-8577.0,376237,4916.0,150395,5607.0
GOLD - COMMODITY EXCHANGE INC.,2009-03-24,178635,26708,3445.0,1913.0,387177,10940.0,151927,1532.0
GOLD - COMMODITY EXCHANGE INC.,2009-03-31,182986,28127,4351.0,1419.0,368618,-18559.0,154859,2932.0
GOLD - COMMODITY EXCHANGE INC.,2009-04-07,165377,37565,-17609.0,9438.0,344929,-23689.0,127812,-27047.0
GOLD - COMMODITY EXCHANGE INC.,2009-04-14,165866,35971,489.0,-1594.0,336930,-7999.0,129895,2083.0
GOLD - COMMODITY EXCHANGE INC.,2009-04-21,164328,35961,-1538.0,-10.0,339226,2296.0,128367,-1528.0
GOLD - COMMODITY EXCHANGE INC.,2009-04-28,166821,37721,2493.0,1760.0,343037,3811.0,129100,733.0
GOLD - COMMODITY EXCHANGE INC.,2009-05-05,171493,41502,4672.0,3781.0,341461,-1576.0,129991,891.0
GOLD - COMMODITY EXCHANGE INC.,2009-05-12,184509,45632,13016.0,4130.0,359517,18056.0,138877,8886.0
GOLD - COMMODITY EXCHANGE INC.,2009-05-19,185932,36348,1423.0,-9284.0,367931,8414.0,149584,10707.0
GOLD - COMMODITY EXCHANGE INC.,2009-05-26,209733,32425,23801.0,-3923.0,396965,29034.0,177308,27724.0
GOLD - COMMODITY EXCHANGE INC.,2009-06-02,215968,28628,6235.0,-3797.0,391057,-5908.0,187340,10032.0
GOLD - COMMODITY EXCHANGE INC.,2009-06-09,215785,26111,-183.0,-2517.0,387181,-3876.0,189674,2334.0
GOLD - COMMODITY EXCHANGE INC.,2009-06-16,202687,27144,-13098.0,1033.0,371997,-15184.0,175543,-14131.0
GOLD - COMMODITY EXCHANGE INC.,2009-06-23,195654,29360,-7033.0,2216.0,370347,-1650.0,166294,-9249.0
GOLD - COMMODITY EXCHANGE INC.,2009-06-30,194005,29819,-1649.0,459.0,379199,8852.0,164186,-2108.0
GOLD - COMMODITY EXCHANGE INC.,2009-07-07,190386,26242,-3619.0,-3577.0,372985,-6214.0,164144,-42.0
GOLD - COMMODITY EXCHANGE INC.,2009-07-14,185704,26900,-4682.0,658.0,370509,-2476.0,158804,-5340.0
GOLD - COMMODITY EXCHANGE INC.,2009-07-21,201269,27967,15565.0,1067.0,390939,20430.0,173302,14498.0
GOLD - COMMODITY EXCHANGE INC.,2009-07-28,199452,26681,-1817.0,-1286.0,386340,-4599.0,172771,-531.0
GOLD - COMMODITY EXCHANGE INC.,2009-08-04,217009,23495,17557.0,-3186.0,392834,6494.0,193514,20743.0
GOLD - COMMODITY EXCHANGE INC.,2009-08-11,211989,21903,-5020.0,-1592.0,385002,-7832.0,190086,-3428.0
GOLD - COMMODITY EXCHANGE INC.,2009-08-18,203467,25937,-8522.0,4034.0,373810,-11192.0,177530,-12556.0
GOLD - COMMODITY EXCHANGE INC.,2009-08-25,205472,22490,2005.0,-3447.0,379629,5819.0,182982,5452.0
GOLD - COMMODITY EXCHANGE INC.,2009-09-01,206799,22298,1327.0,-192.0,384703,5074.0,184501,1519.0
GOLD - COMMODITY EXCHANGE INC.,2009-09-08,251708,27032,44909.0,4734.0,451713,67010.0,224676,40175.0
GOLD - COMMODITY EXCHANGE INC.,2009-09-15,263329,27682,11621.0,650.0,467892,16179.0,235647,10971.0
GOLD - COMMODITY EXCHANGE INC.,2009-09-22,265925,29176,2596.0,1494.0,467145,-747.0,236749,1102.0
GOLD - COMMODITY EXCHANGE INC.,2009-09-29,252994,21608,-12931.0,-7568.0,454585,-12560.0,231386,-5363.0
GOLD - COMMODITY EXCHANGE INC.,2009-10-06,269879,30211,16885.0,8603.0,484307,29722.0,239668,8282.0
GOLD - COMMODITY EXCHANGE INC.,2009-10-13,288214,34259,18335.0,4048.0,504187,19880.0,253955,14287.0
GOLD - COMMODITY EXCHANGE INC.,2009-10-20,286864,36757,-1350.0,2498.0,509678,5491.0,250107,-3848.0
GOLD - COMMODITY EXCHANGE INC.,2009-10-27,272946,31169,-13918.0,-5588.0,497479,-12199.0,241777,-8330.0
GOLD - COMMODITY EXCHANGE INC.,2009-11-03,279524,38205,6578.0,7036.0,493991,-3488.0,241319,-458.0
GOLD - COMMODITY EXCHANGE INC.,2009-11-09,280398,42338,874.0,4133.0,530505,36514.0,238060,-3259.0
GOLD - COMMODITY EXCHANGE INC.,2009-11-17,284390,48693,3992.0,6355.0,533119,2614.0,235697,-2363.0
GOLD - COMMODITY EXCHANGE INC.,2009-11-24,294780,32449,10390.0,-16244.0,521253,-11866.0,262331,26634.0
GOLD - COMMODITY EXCHANGE INC.,2009-12-01,297316,38252,2536.0,5803.0,521433,180.0,259064,-3267.0
GOLD - COMMODITY EXCHANGE INC.,2009-12-08,290956,36527,-6360.0,-1725.0,505652,-15781.0,254429,-4635.0
GOLD - COMMODITY EXCHANGE INC.,2009-12-15,288482,32374,-2474.0,-4153.0,504368,-1284.0,256108,1679.0
GOLD - COMMODITY EXCHANGE INC.,2009-12-22,273487,35411,-14995.0,3037.0,499233,-5135.0,238076,-18032.0
GOLD - COMMODITY EXCHANGE INC.,2009-12-29,263631,33141,-9856.0,-2270.0,491712,-7521.0,230490,-7586.0
GOLD - COMMODITY EXCHANGE INC.,2010-01-05,263008,35241,-623.0,2100.0,507643,15931.0,227767,-2723.0
GOLD - COMMODITY EXCHANGE INC.,2010-01-12,271260,41918,8252.0,6677.0,523266,15623.0,229342,1575.0
GOLD - COMMODITY EXCHANGE INC.,2010-01-19,261276,39807,-9984.0,-2111.0,528924,5658.0,221469,-7873.0
GOLD - COMMODITY EXCHANGE INC.,2010-01-26,246223,34299,-15053.0,-5508.0,507565,-21359.0,211924,-9545.0
GOLD - COMMODITY EXCHANGE INC.,2010-02-02,246048,35879,-175.0,1580.0,480860,-26705.0,210169,-1755.0
GOLD - COMMODITY EXCHANGE INC.,2010-02-09,222775,41256,-23273.0,5377.0,466905,-13955.0,181519,-28650.0
GOLD - COMMODITY EXCHANGE INC.,2010-02-16,224715,35857,1940.0,-5399.0,466509,-396.0,188858,7339.0
GOLD - COMMODITY EXCHANGE INC.,2010-02-23,233106,32484,8391.0,-3373.0,466572,63.0,200622,11764.0
GOLD - COMMODITY EXCHANGE INC.,2010-03-02,239765,32393,6659.0,-91.0,482786,16214.0,207372,6750.0
GOLD - COMMODITY EXCHANGE INC.,2010-03-09,240868,32674,1103.0,281.0,493909,11123.0,208194,822.0
GOLD - COMMODITY EXCHANGE INC.,2010-03-16,239065,38719,-1803.0,6045.0,496481,2572.0,200346,-7848.0
GOLD - COMMODITY EXCHANGE INC.,2010-03-23,221472,37600,-17593.0,-1119.0,495143,-1338.0,183872,-16474.0
GOLD - COMMODITY EXCHANGE INC.,2010-03-30,209874,36108,-11598.0,-1492.0,466678,-28465.0,173766,-10106.0
GOLD - COMMODITY EXCHANGE INC.,2010-04-06,242302,38856,32428.0,2748.0,497388,30710.0,203446,29680.0
GOLD - COMMODITY EXCHANGE INC.,2010-04-13,262599,41857,20297.0,3001.0,528856,31468.0,220742,17296.0
GOLD - COMMODITY EXCHANGE INC.,2010-04-20,251244,40593,-11355.0,-1264.0,521338,-7518.0,210651,-10091.0
GOLD - COMMODITY EXCHANGE INC.,2010-04-27,263472,37804,12228.0,-2789.0,538591,17253.0,225668,15017.0
GOLD - COMMODITY EXCHANGE INC.,2010-05-04,271511,40964,8039.0,3160.0,551616,13025.0,230547,4879.0
GOLD - COMMODITY EXCHANGE INC.,2010-05-11,282375,46550,10864.0,5586.0,583504,31888.0,235825,5278.0
GOLD - COMMODITY EXCHANGE INC.,2010-05-18,281985,50315,-390.0,3765.0,579758,-3746.0,231670,-4155.0
GOLD - COMMODITY EXCHANGE INC.,2010-05-25,271184,43493,-10801.0,-6822.0,591360,11602.0,227691,-3979.0
GOLD - COMMODITY EXCHANGE INC.,2010-06-01,266569,42023,-4615.0,-1470.0,553950,-37410.0,224546,-3145.0
GOLD - COMMODITY EXCHANGE INC.,2010-06-08,270729,43331,4160.0,1308.0,564792,10842.0,227398,2852.0
GOLD - COMMODITY EXCHANGE INC.,2010-06-15,273657,43406,2928.0,75.0,569204,4412.0,230251,2853.0
GOLD - COMMODITY EXCHANGE INC.,2010-06-22,283920,45286,10263.0,1880.0,602411,33207.0,238634,8383.0
GOLD - COMMODITY EXCHANGE INC.,2010-06-29,279992,35267,-3928.0,-10019.0,601138,-1273.0,244725,6091.0
GOLD - COMMODITY EXCHANGE INC.,2010-07-06,251273,42231,-28719.0,6964.0,577732,-23406.0,209042,-35683.0
GOLD - COMMODITY EXCHANGE INC.,2010-07-13,243867,38946,-7406.0,-3285.0,568078,-9654.0,204921,-4121.0
GOLD - COMMODITY EXCHANGE INC.,2010-07-20,227963,49656,-15904.0,10710.0,559473,-8605.0,178307,-26614.0
GOLD - COMMODITY EXCHANGE INC.,2010-07-27,228251,39350,288.0,-10306.0,560066,593.0,188901,10594.0
GOLD - COMMODITY EXCHANGE INC.,2010-08-03,222704,37189,-5547.0,-2161.0,518643,-41423.0,185515,-3386.0
GOLD - COMMODITY EXCHANGE INC.,2010-08-10,224485,33798,1781.0,-3391.0,523078,4435.0,190687,5172.0
GOLD - COMMODITY EXCHANGE INC.,2010-08-17,240954,36726,16469.0,2928.0,543674,20596.0,204228,13541.0
GOLD - COMMODITY EXCHANGE INC.,2010-08-24,256244,35053,15290.0,-1673.0,556464,12790.0,221191,16963.0
GOLD - COMMODITY EXCHANGE INC.,2010-08-31,272509,34432,16265.0,-621.0,577352,20888.0,238077,16886.0
GOLD - COMMODITY EXCHANGE INC.,2010-09-07,275367,35670,2858.0,1238.0,585564,8212.0,239697,1620.0
GOLD - COMMODITY EXCHANGE INC.,2010-09-14,286237,41976,10870.0,6306.0,594058,8494.0,244261,4564.0
GOLD - COMMODITY EXCHANGE INC.,2010-09-21,286568,42555,331.0,579.0,597592,3534.0,244013,-248.0
GOLD - COMMODITY EXCHANGE INC.,2010-09-28,297272,39623,10704.0,-2932.0,619408,21816.0,257649,13636.0
GOLD - COMMODITY EXCHANGE INC.,2010-10-05,300571,40951,3299.0,1328.0,617204,-2204.0,259620,1971.0
GOLD - COMMODITY EXCHANGE INC.,2010-10-12,304564,48690,3993.0,7739.0,616382,-822.0,255874,-3746.0
GOLD - COMMODITY EXCHANGE INC.,2010-10-19,299275,49523,-5289.0,833.0,630626,14244.0,249752,-6122.0
GOLD - COMMODITY EXCHANGE INC.,2010-10-26,283153,44067,-16122.0,-5456.0,607582,-23044.0,239086,-10666.0
GOLD - COMMODITY EXCHANGE INC.,2010-11-02,282707,52479,-446.0,8412.0,618381,10799.0,230228,-8858.0
GOLD - COMMODITY EXCHANGE INC.,2010-11-09,298005,51826,15298.0,-653.0,650764,32383.0,246179,15951.0
GOLD - COMMODITY EXCHANGE INC.,2010-11-16,267157,48678,-30848.0,-3148.0,637435,-13329.0,218479,-27700.0
GOLD - COMMODITY EXCHANGE INC.,2010-11-23,261969,40640,-5188.0,-8038.0,622712,-14723.0,221329,2850.0
GOLD - COMMODITY EXCHANGE INC.,2010-11-30,265824,38217,3855.0,-2423.0,600158,-22554.0,227607,6278.0
GOLD - COMMODITY EXCHANGE INC.,2010-12-07,269504,36753,3680.0,-1464.0,603632,3474.0,232751,5144.0
GOLD - COMMODITY EXCHANGE INC.,2010-12-14,259917,39722,-9587.0,2969.0,594652,-8980.0,220195,-12556.0
GOLD - COMMODITY EXCHANGE INC.,2010-12-21,251722,45298,-8195.0,5576.0,582133,-12519.0,206424,-13771.0
GOLD - COMMODITY EXCHANGE INC.,2010-12-28,258145,42357,6423.0,-2941.0,594490,12357.0,215788,9364.0
GOLD - COMMODITY EXCHANGE INC.,2011-01-04,250305,47987,-7840.0,5630.0,592613,-1877.0,202318,-13470.0
GOLD - COMMODITY EXCHANGE INC.,2011-01-11,234333,56961,-15972.0,8974.0,588179,-4434.0,177372,-24946.0
GOLD - COMMODITY EXCHANGE INC.,2011-01-18,237404,72411,3071.0,15450.0,587832,-347.0,164993,-12379.0
GOLD - COMMODITY EXCHANGE INC.,2011-01-25,232725,72136,-4679.0,-275.0,506047,-81785.0,160589,-4404.0
GOLD - COMMODITY EXCHANGE INC.,2011-02-01,212265,61071,-20460.0,-11065.0,462907,-43140.0,151194,-9395.0
GOLD - COMMODITY EXCHANGE INC.,2011-02-08,226799,59706,14534.0,-1365.0,469779,6872.0,167093,15899.0
GOLD - COMMODITY EXCHANGE INC.,2011-02-15,230943,58099,4144.0,-1607.0,473345,3566.0,172844,5751.0
GOLD - COMMODITY EXCHANGE INC.,2011-02-22,246967,66543,16024.0,8444.0,502119,28774.0,180424,7580.0
GOLD - COMMODITY EXCHANGE INC.,2011-03-01,257754,60501,10787.0,-6042.0,515784,13665.0,197253,16829.0
GOLD - COMMODITY EXCHANGE INC.,2011-03-08,253434,62494,-4320.0,1993.0,515214,-570.0,190940,-6313.0
GOLD - COMMODITY EXCHANGE INC.,2011-03-15,240661,66090,-12773.0,3596.0,507760,-7454.0,174571,-16369.0
GOLD - COMMODITY EXCHANGE INC.,2011-03-22,231512,56675,-9149.0,-9415.0,509131,1371.0,174837,266.0
GOLD - COMMODITY EXCHANGE INC.,2011-03-29,242343,49222,10831.0,-7453.0,492087,-17044.0,193121,18284.0
GOLD - COMMODITY EXCHANGE INC.,2011-04-05,259792,55086,17449.0,5864.0,508956,16869.0,204706,11585.0
GOLD - COMMODITY EXCHANGE INC.,2011-04-12,261335,59590,1543.0,4504.0,514871,5915.0,201745,-2961.0
GOLD - COMMODITY EXCHANGE INC.,2011-04-19,274208,59282,12873.0,-308.0,537946,23075.0,214926,13181.0
GOLD - COMMODITY EXCHANGE INC.,2011-04-26,260607,59341,-13601.0,59.0,530132,-7814.0,201266,-13660.0
GOLD - COMMODITY EXCHANGE INC.,2011-05-03,259440,66784,-1167.0,7443.0,522323,-7809.0,192656,-8610.0
GOLD - COMMODITY EXCHANGE INC.,2011-05-10,240975,64636,-18465.0,-2148.0,510151,-12172.0,176339,-16317.0
GOLD - COMMODITY EXCHANGE INC.,2011-05-17,227421,62818,-13554.0,-1818.0,509164,-987.0,164603,-11736.0
GOLD - COMMODITY EXCHANGE INC.,2011-05-24,240461,68067,13040.0,5249.0,531180,22016.0,172394,7791.0
GOLD - COMMODITY EXCHANGE INC.,2011-05-31,247185,55411,6724.0,-12656.0,501400,-29780.0,191774,19380.0
GOLD - COMMODITY EXCHANGE INC.,2011-06-07,251837,53129,4652.0,-2282.0,502251,851.0,198708,6934.0
GOLD - COMMODITY EXCHANGE INC.,2011-06-14,247713,56018,-4124.0,2889.0,497780,-4471.0,191695,-7013.0
GOLD - COMMODITY EXCHANGE INC.,2011-06-21,262254,59027,14541.0,3009.0,515016,17236.0,203227,11532.0
GOLD - COMMODITY EXCHANGE INC.,2011-06-28,225982,60080,-36272.0,1053.0,495761,-19255.0,165902,-37325.0
GOLD - COMMODITY EXCHANGE INC.,2011-07-05,219889,62114,-6093.0,2034.0,489782,-5979.0,157775,-8127.0
GOLD - COMMODITY EXCHANGE INC.,2011-07-12,262515,64918,42626.0,2804.0,520202,30420.0,197597,39822.0
GOLD - COMMODITY EXCHANGE INC.,2011-07-19,277492,58195,14977.0,-6723.0,542342,22140.0,219297,21700.0
GOLD - COMMODITY EXCHANGE INC.,2011-07-26,278473,42856,981.0,-15339.0,536454,-5888.0,235617,16320.0
GOLD - COMMODITY EXCHANGE INC.,2011-08-02,291974,44799,13501.0,1943.0,529403,-7051.0,247175,11558.0
GOLD - COMMODITY EXCHANGE INC.,2011-08-09,259388,55815,-32586.0,11016.0,510223,-19180.0,203573,-43602.0
GOLD - COMMODITY EXCHANGE INC.,2011-08-16,263954,63868,4566.0,8053.0,514107,3884.0,200086,-3487.0
GOLD - COMMODITY EXCHANGE INC.,2011-08-23,258641,70960,-5313.0,7092.0,528520,14413.0,187681,-12405.0
GOLD - COMMODITY EXCHANGE INC.,2011-08-30,237230,60283,-21411.0,-10677.0,509326,-19194.0,176947,-10734.0
GOLD - COMMODITY EXCHANGE INC.,2011-09-06,248457,64086,11227.0,3803.0,523294,13968.0,184371,7424.0
GOLD - COMMODITY EXCHANGE INC.,2011-09-13,235395,66548,-13062.0,2462.0,512068,-11226.0,168847,-15524.0
GOLD - COMMODITY EXCHANGE INC.,2011-09-20,212809,62280,-22586.0,-4268.0,499356,-12712.0,150529,-18318.0
GOLD - COMMODITY EXCHANGE INC.,2011-09-27,181723,53922,-31086.0,-8358.0,465414,-33942.0,127801,-22728.0
GOLD - COMMODITY EXCHANGE INC.,2011-10-04,180635,47479,-1088.0,-6443.0,436920,-28494.0,133156,5355.0
GOLD - COMMODITY EXCHANGE INC.,2011-10-11,179125,44623,-1510.0,-2856.0,438090,1170.0,134502,1346.0
GOLD - COMMODITY EXCHANGE INC.,2011-10-18,175224,48246,-3901.0,3623.0,437739,-351.0,126978,-7524.0
GOLD - COMMODITY EXCHANGE INC.,2011-10-25,182146,52425,6922.0,4179.0,443723,5984.0,129721,2743.0
GOLD - COMMODITY EXCHANGE INC.,2011-11-01,183149,43204,1003.0,-9221.0,442435,-1288.0,139945,10224.0
GOLD - COMMODITY EXCHANGE INC.,2011-11-08,200186,44479,17037.0,1275.0,464982,22547.0,155707,15762.0
GOLD - COMMODITY EXCHANGE INC.,2011-11-15,205417,46203,5231.0,1724.0,470490,5508.0,159214,3507.0
GOLD - COMMODITY EXCHANGE INC.,2011-11-22,194066,33096,-11351.0,-13107.0,457070,-13420.0,160970,1756.0
GOLD - COMMODITY EXCHANGE INC.,2011-11-29,186031,31238,-8035.0,-1858.0,423176,-33894.0,154793,-6177.0
GOLD - COMMODITY EXCHANGE INC.,2011-12-06,192752,33041,6721.0,1803.0,422956,-220.0,159711,4918.0
GOLD - COMMODITY EXCHANGE INC.,2011-12-13,184468,33965,-8284.0,924.0,427699,4743.0,150503,-9208.0
GOLD - COMMODITY EXCHANGE INC.,2011-12-20,172973,39037,-11495.0,5072.0,423465,-4234.0,133936,-16567.0
GOLD - COMMODITY EXCHANGE INC.,2011-12-27,167413,36625,-5560.0,-2412.0,418945,-4520.0,130788,-3148.0
GOLD - COMMODITY EXCHANGE INC.,2012-01-03,169339,38368,1926.0,1743.0,423275,4330.0,130971,183.0
GOLD - COMMODITY EXCHANGE INC.,2012-01-10,166262,33502,-3077.0,-4866.0,417923,-5352.0,132760,1789.0
GOLD - COMMODITY EXCHANGE INC.,2012-01-17,167373,31344,1111.0,-2158.0,432838,14915.0,136029,3269.0
GOLD - COMMODITY EXCHANGE INC.,2012-01-24,173479,31256,6106.0,-88.0,427032,-5806.0,142223,6194.0
GOLD - COMMODITY EXCHANGE INC.,2012-01-31,197478,26119,23999.0,-5137.0,425133,-1899.0,171359,29136.0
GOLD - COMMODITY EXCHANGE INC.,2012-02-07,207620,30113,10142.0,3994.0,436061,10928.0,177507,6148.0
GOLD - COMMODITY EXCHANGE INC.,2012-02-14,200332,32912,-7288.0,2799.0,431164,-4897.0,167420,-10087.0
GOLD - COMMODITY EXCHANGE INC.,2012-02-21,214343,33382,14011.0,470.0,456676,25512.0,180961,13541.0
GOLD - COMMODITY EXCHANGE INC.,2012-02-28,231050,37830,16707.0,4448.0,479044,22368.0,193220,12259.0
GOLD - COMMODITY EXCHANGE INC.,2012-03-06,198112,34847,-32938.0,-2983.0,443249,-35795.0,163265,-29955.0
GOLD - COMMODITY EXCHANGE INC.,2012-03-13,190477,39571,-7635.0,4724.0,442319,-930.0,150906,-12359.0
GOLD - COMMODITY EXCHANGE INC.,2012-03-20,175009,43546,-15468.0,3975.0,431039,-11280.0,131463,-19443.0
GOLD - COMMODITY EXCHANGE INC.,2012-03-27,182369,34548,7360.0,-8998.0,417304,-13735.0,147821,16358.0
GOLD - COMMODITY EXCHANGE INC.,2012-04-03,175592,33827,-6777.0,-721.0,407761,-9543.0,141765,-6056.0
GOLD - COMMODITY EXCHANGE INC.,2012-04-10,170996,34343,-4596.0,516.0,403989,-3772.0,136653,-5112.0
GOLD - COMMODITY EXCHANGE INC.,2012-04-17,168700,26695,-2296.0,-7648.0,398526,-5463.0,142005,5352.0
GOLD - COMMODITY EXCHANGE INC.,2012-04-24,165003,30009,-3697.0,3314.0,395389,-3137.0,134994,-7011.0
GOLD - COMMODITY EXCHANGE INC.,2012-05-01,169568,29175,4565.0,-834.0,411972,16583.0,140393,5399.0
GOLD - COMMODITY EXCHANGE INC.,2012-05-08,166130,42827,-3438.0,13652.0,417798,5826.0,123303,-17090.0
GOLD - COMMODITY EXCHANGE INC.,2012-05-15,164051,49909,-2079.0,7082.0,422091,4293.0,114142,-9161.0
GOLD - COMMODITY EXCHANGE INC.,2012-05-22,169551,54400,5500.0,4491.0,435706,13615.0,115151,1009.0
GOLD - COMMODITY EXCHANGE INC.,2012-05-29,167439,56727,-2112.0,2327.0,419991,-15715.0,110712,-4439.0
GOLD - COMMODITY EXCHANGE INC.,2012-06-05,183962,55098,16523.0,-1629.0,423941,3950.0,128864,18152.0
GOLD - COMMODITY EXCHANGE INC.,2012-06-12,181259,48944,-2703.0,-6154.0,412244,-11697.0,132315,3451.0
GOLD - COMMODITY EXCHANGE INC.,2012-06-19,184393,47989,3134.0,-955.0,418492,6248.0,136404,4089.0
GOLD - COMMODITY EXCHANGE INC.,2012-06-26,174589,51970,-9804.0,3981.0,413618,-4874.0,122619,-13785.0
GOLD - COMMODITY EXCHANGE INC.,2012-07-03,187263,50048,12674.0,-1922.0,425068,11450.0,137215,14596.0
GOLD - COMMODITY EXCHANGE INC.,2012-07-10,182156,55921,-5107.0,5873.0,429854,4786.0,126235,-10980.0
GOLD - COMMODITY EXCHANGE INC.,2012-07-17,180474,51515,-1682.0,-4406.0,431317,1463.0,128959,2724.0
GOLD - COMMODITY EXCHANGE INC.,2012-07-24,166085,53108,-14389.0,1593.0,420296,-11021.0,112977,-15982.0
GOLD - COMMODITY EXCHANGE INC.,2012-07-31,171331,45267,5246.0,-7841.0,403403,-16893.0,126064,13087.0
GOLD - COMMODITY EXCHANGE INC.,2012-08-07,163082,47582,-8249.0,2315.0,388254,-15149.0,115500,-10564.0
GOLD - COMMODITY EXCHANGE INC.,2012-08-14,161435,47131,-1647.0,-451.0,388187,-67.0,114304,-1196.0
GOLD - COMMODITY EXCHANGE INC.,2012-08-21,170780,40096,9345.0,-7035.0,398747,10560.0,130684,16380.0
GOLD - COMMODITY EXCHANGE INC.,2012-08-28,194680,36189,23900.0,-3907.0,426559,27812.0,158491,27807.0
GOLD - COMMODITY EXCHANGE INC.,2012-09-04,204945,34481,10265.0,-1708.0,444489,17930.0,170464,11973.0
GOLD - COMMODITY EXCHANGE INC.,2012-09-11,214403,32387,9458.0,-2094.0,460531,16042.0,182016,11552.0
GOLD - COMMODITY EXCHANGE INC.,2012-09-18,224988,33873,10585.0,1486.0,478609,18078.0,191115,9099.0
GOLD - COMMODITY EXCHANGE INC.,2012-09-25,233994,30098,9006.0,-3775.0,489516,10907.0,203896,12781.0
GOLD - COMMODITY EXCHANGE INC.,2012-10-02,239434,31108,5440.0,1010.0,480908,-8608.0,208326,4430.0
GOLD - COMMODITY EXCHANGE INC.,2012-10-09,247401,35452,7967.0,4344.0,484359,3451.0,211949,3623.0
GOLD - COMMODITY EXCHANGE INC.,2012-10-16,232988,38968,-14413.0,3516.0,462826,-21533.0,194020,-17929.0
GOLD - COMMODITY EXCHANGE INC.,2012-10-23,222095,40052,-10893.0,1084.0,455836,-6990.0,182043,-11977.0
GOLD - COMMODITY EXCHANGE INC.,2012-10-30,207532,37310,-14563.0,-2742.0,454742,-1094.0,170222,-11821.0
GOLD - COMMODITY EXCHANGE INC.,2012-11-06,196504,36331,-11028.0,-979.0,447154,-7588.0,160173,-10049.0
GOLD - COMMODITY EXCHANGE INC.,2012-11-13,207847,36253,11343.0,-78.0,459761,12607.0,171594,11421.0
GOLD - COMMODITY EXCHANGE INC.,2012-11-20,217433,36618,9586.0,365.0,474129,14368.0,180815,9221.0
GOLD - COMMODITY EXCHANGE INC.,2012-11-27,228431,28024,10998.0,-8594.0,479373,5244.0,200407,19592.0
GOLD - COMMODITY EXCHANGE INC.,2012-12-04,202177,36441,-26254.0,8417.0,434416,-44957.0,165736,-34671.0
GOLD - COMMODITY EXCHANGE INC.,2012-12-11,201955,38256,-222.0,1815.0,433586,-830.0,163699,-2037.0
GOLD - COMMODITY EXCHANGE INC.,2012-12-18,202641,44860,686.0,6604.0,435742,2156.0,157781,-5918.0
GOLD - COMMODITY EXCHANGE INC.,2012-12-24,200436,50340,-2205.0,5480.0,426300,-9442.0,150096,-7685.0
GOLD - COMMODITY EXCHANGE INC.,2012-12-31,198660,50141,-1776.0,-199.0,427991,1691.0,148519,-1577.0
GOLD - COMMODITY EXCHANGE INC.,2013-01-08,193869,51061,-4791.0,920.0,441304,13313.0,142808,-5711.0
GOLD - COMMODITY EXCHANGE INC.,2013-01-15,192955,47839,-914.0,-3222.0,447773,6469.0,145116,2308.0
GOLD - COMMODITY EXCHANGE INC.,2013-01-22,195795,43898,2840.0,-3941.0,461369,13596.0,151897,6781.0
GOLD - COMMODITY EXCHANGE INC.,2013-01-29,181103,54155,-14692.0,10257.0,430718,-30651.0,126948,-24949.0
GOLD - COMMODITY EXCHANGE INC.,2013-02-05,192806,55341,11703.0,1186.0,423982,-6736.0,137465,10517.0
GOLD - COMMODITY EXCHANGE INC.,2013-02-12,193941,67106,1135.0,11765.0,435088,11106.0,126835,-10630.0
GOLD - COMMODITY EXCHANGE INC.,2013-02-19,195870,92219,1929.0,25113.0,447290,12202.0,103651,-23184.0
GOLD - COMMODITY EXCHANGE INC.,2013-02-26,201956,85357,6086.0,-6862.0,433858,-13432.0,116599,12948.0
GOLD - COMMODITY EXCHANGE INC.,2013-03-05,195248,87661,-6708.0,2304.0,434586,728.0,107587,-9012.0
GOLD - COMMODITY EXCHANGE INC.,2013-03-12,201617,87110,6369.0,-551.0,445651,11065.0,114507,6920.0
GOLD - COMMODITY EXCHANGE INC.,2013-03-19,208895,73285,7278.0,-13825.0,440712,-4939.0,135610,21103.0
GOLD - COMMODITY EXCHANGE INC.,2013-03-26,200389,67943,-8506.0,-5342.0,419727,-20985.0,132446,-3164.0
GOLD - COMMODITY EXCHANGE INC.,2013-04-02,202634,82428,2245.0,14485.0,417176,-2551.0,120206,-12240.0
GOLD - COMMODITY EXCHANGE INC.,2013-04-09,203812,84453,1178.0,2025.0,416513,-663.0,119359,-847.0
GOLD - COMMODITY EXCHANGE INC.,2013-04-16,204677,75795,865.0,-8658.0,413083,-3430.0,128882,9523.0
GOLD - COMMODITY EXCHANGE INC.,2013-04-23,197188,92933,-7489.0,17138.0,415074,1991.0,104255,-24627.0
GOLD - COMMODITY EXCHANGE INC.,2013-04-30,193310,96258,-3878.0,3325.0,421087,6013.0,97052,-7203.0
GOLD - COMMODITY EXCHANGE INC.,2013-05-07,189343,99920,-3967.0,3662.0,437931,16844.0,89423,-7629.0
GOLD - COMMODITY EXCHANGE INC.,2013-05-14,186921,103195,-2422.0,3275.0,443806,5875.0,83726,-5697.0
GOLD - COMMODITY EXCHANGE INC.,2013-05-21,189401,109142,2480.0,5947.0,446087,2281.0,80259,-3467.0
GOLD - COMMODITY EXCHANGE INC.,2013-05-28,172565,115686,-16836.0,6544.0,411001,-35086.0,56879,-23380.0
GOLD - COMMODITY EXCHANGE INC.,2013-06-04,170971,109771,-1594.0,-5915.0,373061,-37940.0,61200,4321.0
GOLD - COMMODITY EXCHANGE INC.,2013-06-11,174015,115010,3044.0,5239.0,373844,783.0,59005,-2195.0
GOLD - COMMODITY EXCHANGE INC.,2013-06-18,166771,123079,-7244.0,8069.0,377106,3262.0,43692,-15313.0
GOLD - COMMODITY EXCHANGE INC.,2013-06-25,164901,130749,-1870.0,7670.0,390647,13541.0,34152,-9540.0
GOLD - COMMODITY EXCHANGE INC.,2013-07-02,158712,137961,-6189.0,7212.0,410399,19752.0,20751,-13401.0
GOLD - COMMODITY EXCHANGE INC.,2013-07-09,160214,143657,1502.0,5696.0,431574,21175.0,16557,-4194.0
GOLD - COMMODITY EXCHANGE INC.,2013-07-16,156571,133109,-3643.0,-10548.0,440283,8709.0,23462,6905.0
GOLD - COMMODITY EXCHANGE INC.,2013-07-23,161197,127006,4626.0,-6103.0,434750,-5533.0,34191,10729.0
GOLD - COMMODITY EXCHANGE INC.,2013-07-30,154519,126153,-6678.0,-853.0,397035,-37715.0,28366,-5825.0
GOLD - COMMODITY EXCHANGE INC.,2013-08-06,153812,102177,-707.0,-23976.0,396062,-973.0,51635,23269.0
GOLD - COMMODITY EXCHANGE INC.,2013-08-13,148524,94598,-5288.0,-7579.0,390547,-5515.0,53926,2291.0
GOLD - COMMODITY EXCHANGE INC.,2013-08-20,151348,90952,2824.0,-3646.0,385410,-5137.0,60396,6470.0
GOLD - COMMODITY EXCHANGE INC.,2013-08-27,150074,71785,-1274.0,-19167.0,384102,-1308.0,78289,17893.0
GOLD - COMMODITY EXCHANGE INC.,2013-09-03,151951,73760,1877.0,1975.0,388584,4482.0,78191,-98.0
GOLD - COMMODITY EXCHANGE INC.,2013-09-10,141506,72782,-10445.0,-978.0,384164,-4420.0,68724,-9467.0
GOLD - COMMODITY EXCHANGE INC.,2013-09-17,138956,80160,-2550.0,7378.0,384592,428.0,58796,-9928.0
GOLD - COMMODITY EXCHANGE INC.,2013-09-24,140468,73329,1512.0,-6831.0,378216,-6376.0,67139,8343.0
GOLD - COMMODITY EXCHANGE INC.,2013-10-01,141541,68494,1073.0,-4835.0,374151,-4065.0,73047,5908.0
GOLD - COMMODITY EXCHANGE INC.,2013-10-08,140207,57890,-1334.0,-10604.0,370406,-3745.0,82317,9270.0
GOLD - COMMODITY EXCHANGE INC.,2013-10-15,139663,77730,-544.0,19840.0,381727,11321.0,61933,-20384.0
GOLD - COMMODITY EXCHANGE INC.,2013-10-22,147835,71170,8172.0,-6560.0,390369,8642.0,76665,14732.0
GOLD - COMMODITY EXCHANGE INC.,2013-10-29,153409,53173,5574.0,-17997.0,387166,-3203.0,100236,23571.0
GOLD - COMMODITY EXCHANGE INC.,2013-11-05,149031,57895,-4378.0,4722.0,386796,-370.0,91136,-9100.0
GOLD - COMMODITY EXCHANGE INC.,2013-11-12,144062,82710,-4969.0,24815.0,403840,17044.0,61352,-29784.0
GOLD - COMMODITY EXCHANGE INC.,2013-11-19,140853,92733,-3209.0,10023.0,397590,-6250.0,48120,-13232.0
GOLD - COMMODITY EXCHANGE INC.,2013-11-26,133414,106859,-7439.0,14126.0,394432,-3158.0,26555,-21565.0
GOLD - COMMODITY EXCHANGE INC.,2013-12-03,134546,111855,1132.0,4996.0,386436,-7996.0,22691,-3864.0
GOLD - COMMODITY EXCHANGE INC.,2013-12-10,133866,107486,-680.0,-4369.0,377313,-9123.0,26380,3689.0
GOLD - COMMODITY EXCHANGE INC.,2013-12-17,133068,107164,-798.0,-322.0,385432,8119.0,25904,-476.0
GOLD - COMMODITY EXCHANGE INC.,2013-12-24,135390,108051,2322.0,887.0,384974,-458.0,27339,1435.0
GOLD - COMMODITY EXCHANGE INC.,2013-12-31,137182,104959,1792.0,-3092.0,379550,-5424.0,32223,4884.0
GOLD - COMMODITY EXCHANGE INC.,2014-01-07,139244,100357,2062.0,-4602.0,383021,3471.0,38887,6664.0
GOLD - COMMODITY EXCHANGE INC.,2014-01-14,145857,101844,6613.0,1487.0,415426,32405.0,44013,5126.0
GOLD - COMMODITY EXCHANGE INC.,2014-01-21,146018,99435,161.0,-2409.0,410959,-4467.0,46583,2570.0
GOLD - COMMODITY EXCHANGE INC.,2014-01-28,150158,83817,4140.0,-15618.0,382739,-28220.0,66341,19758.0
GOLD - COMMODITY EXCHANGE INC.,2014-02-04,147754,82815,-2404.0,-1002.0,368279,-14460.0,64939,-1402.0
GOLD - COMMODITY EXCHANGE INC.,2014-02-11,156786,85585,9032.0,2770.0,376973,8694.0,71201,6262.0
GOLD - COMMODITY EXCHANGE INC.,2014-02-18,164478,79847,7692.0,-5738.0,390535,13562.0,84631,13430.0
GOLD - COMMODITY EXCHANGE INC.,2014-02-25,169870,60406,5392.0,-19441.0,387503,-3032.0,109464,24833.0
GOLD - COMMODITY EXCHANGE INC.,2014-03-04,171404,56238,1534.0,-4168.0,393266,5763.0,115166,5702.0
GOLD - COMMODITY EXCHANGE INC.,2014-03-11,170482,51592,-922.0,-4646.0,415340,22074.0,118890,3724.0
GOLD - COMMODITY EXCHANGE INC.,2014-03-18,183324,46510,12842.0,-5082.0,420626,5286.0,136814,17924.0
GOLD - COMMODITY EXCHANGE INC.,2014-03-25,169083,51766,-14241.0,5256.0,398264,-22362.0,117317,-19497.0
GOLD - COMMODITY EXCHANGE INC.,2014-04-01,158152,58007,-10931.0,6241.0,363451,-34813.0,100145,-17172.0
GOLD - COMMODITY EXCHANGE INC.,2014-04-08,149693,61094,-8459.0,3087.0,365400,1949.0,88599,-11546.0
GOLD - COMMODITY EXCHANGE INC.,2014-04-15,147432,68140,-2261.0,7046.0,369577,4177.0,79292,-9307.0
GOLD - COMMODITY EXCHANGE INC.,2014-04-22,146880,65047,-552.0,-3093.0,372593,3016.0,81833,2541.0
GOLD - COMMODITY EXCHANGE INC.,2014-04-29,147769,62542,889.0,-2505.0,378092,5499.0,85227,3394.0
GOLD - COMMODITY EXCHANGE INC.,2014-05-06,160982,63026,13213.0,484.0,404700,26608.0,97956,12729.0
GOLD - COMMODITY EXCHANGE INC.,2014-05-13,157176,65542,-3806.0,2516.0,397029,-7671.0,91634,-6322.0
GOLD - COMMODITY EXCHANGE INC.,2014-05-20,157398,60907,222.0,-4635.0,399371,2342.0,96491,4857.0
GOLD - COMMODITY EXCHANGE INC.,2014-05-27,155615,82224,-1783.0,21317.0,397695,-1676.0,73391,-23100.0
GOLD - COMMODITY EXCHANGE INC.,2014-06-03,157332,98181,1717.0,15957.0,382141,-15554.0,59151,-14240.0
GOLD - COMMODITY EXCHANGE INC.,2014-06-10,159567,98440,2235.0,259.0,378689,-3452.0,61127,1976.0
GOLD - COMMODITY EXCHANGE INC.,2014-06-17,162052,83757,2485.0,-14683.0,379843,1154.0,78295,17168.0
GOLD - COMMODITY EXCHANGE INC.,2014-06-24,183433,62574,21381.0,-21183.0,392388,12545.0,120859,42564.0
GOLD - COMMODITY EXCHANGE INC.,2014-07-01,201287,55262,17854.0,-7312.0,401813,9425.0,146025,25166.0
GOLD - COMMODITY EXCHANGE INC.,2014-07-08,203464,53443,2177.0,-1819.0,410992,9179.0,150021,3996.0
GOLD - COMMODITY EXCHANGE INC.,2014-07-15,199950,57492,-3514.0,4049.0,408368,-2624.0,142458,-7563.0
GOLD - COMMODITY EXCHANGE INC.,2014-07-22,197835,51689,-2115.0,-5803.0,405617,-2751.0,146146,3688.0
GOLD - COMMODITY EXCHANGE INC.,2014-07-29,188980,49827,-8855.0,-1862.0,374467,-31150.0,139153,-6993.0
GOLD - COMMODITY EXCHANGE INC.,2014-08-05,176386,54923,-12594.0,5096.0,360342,-14125.0,121463,-17690.0
GOLD - COMMODITY EXCHANGE INC.,2014-08-12,191325,43644,14939.0,-11279.0,368114,7772.0,147681,26218.0
GOLD - COMMODITY EXCHANGE INC.,2014-08-19,183846,45870,-7479.0,2226.0,366401,-1713.0,137976,-9705.0
GOLD - COMMODITY EXCHANGE INC.,2014-08-26,172022,58853,-11824.0,12983.0,363608,-2793.0,113169,-24807.0
GOLD - COMMODITY EXCHANGE INC.,2014-09-02,172522,75643,500.0,16790.0,371515,7907.0,96879,-16290.0
GOLD - COMMODITY EXCHANGE INC.,2014-09-09,177555,82414,5033.0,6771.0,384341,12826.0,95141,-1738.0
GOLD - COMMODITY EXCHANGE INC.,2014-09-16,170749,98562,-6806.0,16148.0,386080,1739.0,72187,-22954.0
GOLD - COMMODITY EXCHANGE INC.,2014-09-23,170382,106498,-367.0,7936.0,385788,-292.0,63884,-8303.0
GOLD - COMMODITY EXCHANGE INC.,2014-09-30,171075,106205,693.0,-293.0,379874,-5914.0,64870,986.0
GOLD - COMMODITY EXCHANGE INC.,2014-10-07,174075,107628,3000.0,1423.0,380087,213.0,66447,1577.0
GOLD - COMMODITY EXCHANGE INC.,2014-10-14,193580,108165,19505.0,537.0,397855,17768.0,85415,18968.0
GOLD - COMMODITY EXCHANGE INC.,2014-10-21,207129,99145,13549.0,-9020.0,411057,13202.0,107984,22569.0
GOLD - COMMODITY EXCHANGE INC.,2014-10-28,195885,95146,-11244.0,-3999.0,414410,3353.0,100739,-7245.0
GOLD - COMMODITY EXCHANGE INC.,2014-11-04,176899,113674,-18986.0,18528.0,417377,2967.0,63225,-37514.0
GOLD - COMMODITY EXCHANGE INC.,2014-11-11,177268,121225,369.0,7551.0,443422,26045.0,56043,-7182.0
GOLD - COMMODITY EXCHANGE INC.,2014-11-18,187955,106533,10687.0,-14692.0,459657,16235.0,81422,25379.0
GOLD - COMMODITY EXCHANGE INC.,2014-11-25,167394,91187,-20561.0,-15346.0,388145,-71512.0,76207,-5215.0
GOLD - COMMODITY EXCHANGE INC.,2014-12-02,170635,81305,3241.0,-9882.0,368121,-20024.0,89330,13123.0
GOLD - COMMODITY EXCHANGE INC.,2014-12-09,186861,71999,16226.0,-9306.0,375323,7202.0,114862,25532.0
GOLD - COMMODITY EXCHANGE INC.,2014-12-16,182147,63739,-4714.0,-8260.0,371743,-3580.0,118408,3546.0
GOLD - COMMODITY EXCHANGE INC.,2014-12-23,180980,70070,-1167.0,6331.0,375212,3469.0,110910,-7498.0
GOLD - COMMODITY EXCHANGE INC.,2014-12-30,182897,67060,1917.0,-3010.0,373982,-1230.0,115837,4927.0
GOLD - COMMODITY EXCHANGE INC.,2015-01-06,187705,65527,4808.0,-1533.0,394021,20039.0,122178,6341.0
GOLD - COMMODITY EXCHANGE INC.,2015-01-13,192959,62733,5254.0,-2794.0,402108,8087.0,130226,8048.0
GOLD - COMMODITY EXCHANGE INC.,2015-01-20,223257,60802,30298.0,-1931.0,430128,28020.0,162455,32229.0
GOLD - COMMODITY EXCHANGE INC.,2015-01-27,238407,49482,15150.0,-11320.0,438279,8151.0,188925,26470.0
GOLD - COMMODITY EXCHANGE INC.,2015-02-03,229006,43991,-9401.0,-5491.0,419524,-18755.0,185015,-3910.0
GOLD - COMMODITY EXCHANGE INC.,2015-02-10,199036,43762,-29970.0,-229.0,393232,-26292.0,155274,-29741.0
GOLD - COMMODITY EXCHANGE INC.,2015-02-17,188121,56387,-10915.0,12625.0,389530,-3702.0,131734,-23540.0
GOLD - COMMODITY EXCHANGE INC.,2015-02-24,184416,58245,-3705.0,1858.0,399307,9777.0,126171,-5563.0
GOLD - COMMODITY EXCHANGE INC.,2015-03-03,180561,64741,-3855.0,6496.0,405124,5817.0,115820,-10351.0
GOLD - COMMODITY EXCHANGE INC.,2015-03-10,171821,89929,-8740.0,25188.0,410918,5794.0,81892,-33928.0
GOLD - COMMODITY EXCHANGE INC.,2015-03-17,162268,109175,-9553.0,19246.0,429738,18820.0,53093,-28799.0
GOLD - COMMODITY EXCHANGE INC.,2015-03-24,168234,113953,5966.0,4778.0,433767,4029.0,54281,1188.0
GOLD - COMMODITY EXCHANGE INC.,2015-03-31,172818,92799,4584.0,-21154.0,387585,-46182.0,80019,25738.0
GOLD - COMMODITY EXCHANGE INC.,2015-04-07,183130,82373,10312.0,-10426.0,390571,2986.0,100757,20738.0
GOLD - COMMODITY EXCHANGE INC.,2015-04-14,184741,86344,1611.0,3971.0,395089,4518.0,98397,-2360.0
GOLD - COMMODITY EXCHANGE INC.,2015-04-21,184567,83322,-174.0,-3022.0,397379,2290.0,101245,2848.0
GOLD - COMMODITY EXCHANGE INC.,2015-04-28,189929,88672,5362.0,5350.0,403575,6196.0,101257,12.0
GOLD - COMMODITY EXCHANGE INC.,2015-05-05,173105,100665,-16824.0,11993.0,399988,-3587.0,72440,-28817.0
GOLD - COMMODITY EXCHANGE INC.,2015-05-12,179257,101817,6152.0,1152.0,405612,5624.0,77440,5000.0
GOLD - COMMODITY EXCHANGE INC.,2015-05-19,202190,79569,22933.0,-22248.0,428597,22985.0,122621,45181.0
GOLD - COMMODITY EXCHANGE INC.,2015-05-26,191951,87257,-10239.0,7688.0,411961,-16636.0,104694,-17927.0
GOLD - COMMODITY EXCHANGE INC.,2015-06-02,194299,89889,2348.0,2632.0,398724,-13237.0,104410,-284.0
GOLD - COMMODITY EXCHANGE INC.,2015-06-09,186813,111723,-7486.0,21834.0,406069,7345.0,75090,-29320.0
GOLD - COMMODITY EXCHANGE INC.,2015-06-16,191053,115330,4240.0,3607.0,415718,9649.0,75723,633.0
GOLD - COMMODITY EXCHANGE INC.,2015-06-23,202944,107830,11891.0,-7500.0,430978,15260.0,95114,19391.0
GOLD - COMMODITY EXCHANGE INC.,2015-06-30,194476,127321,-8468.0,19491.0,442301,11323.0,67155,-27959.0
GOLD - COMMODITY EXCHANGE INC.,2015-07-07,193776,143328,-700.0,16007.0,452145,9844.0,50448,-16707.0
GOLD - COMMODITY EXCHANGE INC.,2015-07-14,191014,143190,-2762.0,-138.0,462664,10519.0,47824,-2624.0
GOLD - COMMODITY EXCHANGE INC.,2015-07-21,187720,159441,-3294.0,16251.0,459760,-2904.0,28279,-19545.0
GOLD - COMMODITY EXCHANGE INC.,2015-07-28,182977,158512,-4743.0,-929.0,438282,-21478.0,24465,-3814.0
GOLD - COMMODITY EXCHANGE INC.,2015-08-04,184792,154892,1815.0,-3620.0,434273,-4009.0,29900,5435.0
GOLD - COMMODITY EXCHANGE INC.,2015-08-11,187778,155336,2986.0,444.0,435489,1216.0,32442,2542.0
GOLD - COMMODITY EXCHANGE INC.,2015-08-18,185712,144053,-2066.0,-11283.0,432728,-2761.0,41659,9217.0
GOLD - COMMODITY EXCHANGE INC.,2015-08-25,189893,119160,4181.0,-24893.0,432154,-574.0,70733,29074.0
GOLD - COMMODITY EXCHANGE INC.,2015-09-01,182753,110068,-7140.0,-9092.0,410274,-21880.0,72685,1952.0
GOLD - COMMODITY EXCHANGE INC.,2015-09-08,183615,124322,862.0,14254.0,421732,11458.0,59293,-13392.0
GOLD - COMMODITY EXCHANGE INC.,2015-09-15,174225,134678,-9390.0,10356.0,413333,-8399.0,39547,-19746.0
GOLD - COMMODITY EXCHANGE INC.,2015-09-22,182080,120955,7855.0,-13723.0,419304,5971.0,61125,21578.0
GOLD - COMMODITY EXCHANGE INC.,2015-09-29,182792,106147,712.0,-14808.0,415700,-3604.0,76645,15520.0
GOLD - COMMODITY EXCHANGE INC.,2015-10-06,191000,104181,8208.0,-1966.0,430228,14528.0,86819,10174.0
GOLD - COMMODITY EXCHANGE INC.,2015-10-13,203299,86140,12299.0,-18041.0,435928,5700.0,117159,30340.0
GOLD - COMMODITY EXCHANGE INC.,2015-10-20,233227,81926,29928.0,-4214.0,467792,31864.0,151301,34142.0
GOLD - COMMODITY EXCHANGE INC.,2015-10-27,225985,68551,-7242.0,-13375.0,466780,-1012.0,157434,6133.0
GOLD - COMMODITY EXCHANGE INC.,2015-11-03,194784,78442,-31201.0,9891.0,443900,-22880.0,116342,-41092.0
GOLD - COMMODITY EXCHANGE INC.,2015-11-10,174561,106172,-20223.0,27730.0,436426,-7474.0,68389,-47953.0
GOLD - COMMODITY EXCHANGE INC.,2015-11-17,173395,138996,-1166.0,32824.0,435376,-1050.0,34399,-33990.0
GOLD - COMMODITY EXCHANGE INC.,2015-11-24,159440,143138,-13955.0,4142.0,397705,-37671.0,16302,-18097.0
GOLD - COMMODITY EXCHANGE INC.,2015-12-01,158792,149042,-648.0,5904.0,390940,-6765.0,9750,-6552.0
GOLD - COMMODITY EXCHANGE INC.,2015-12-08,162764,143141,3972.0,-5901.0,394128,3188.0,19623,9873.0
GOLD - COMMODITY EXCHANGE INC.,2015-12-15,155934,142278,-6830.0,-863.0,390944,-3184.0,13656,-5967.0
GOLD - COMMODITY EXCHANGE INC.,2015-12-22,154276,127849,-1658.0,-14429.0,405294,14350.0,26427,12771.0
GOLD - COMMODITY EXCHANGE INC.,2015-12-29,150229,131127,-4047.0,3278.0,401880,-3414.0,19102,-7325.0
GOLD - COMMODITY EXCHANGE INC.,2016-01-05,153532,126972,3303.0,-4155.0,413688,11808.0,26560,7458.0
GOLD - COMMODITY EXCHANGE INC.,2016-01-12,158655,113937,5123.0,-13035.0,397565,-16123.0,44718,18158.0
GOLD - COMMODITY EXCHANGE INC.,2016-01-19,158320,114626,-335.0,689.0,408835,11270.0,43694,-1024.0
GOLD - COMMODITY EXCHANGE INC.,2016-01-26,170471,111431,12151.0,-3195.0,385350,-23485.0,59040,15346.0
GOLD - COMMODITY EXCHANGE INC.,2016-02-02,176968,104146,6497.0,-7285.0,379185,-6165.0,72822,13782.0
GOLD - COMMODITY EXCHANGE INC.,2016-02-09,201754,103326,24786.0,-820.0,410833,31648.0,98428,25606.0
GOLD - COMMODITY EXCHANGE INC.,2016-02-16,209101,91741,7347.0,-11585.0,428912,18079.0,117360,18932.0
GOLD - COMMODITY EXCHANGE INC.,2016-02-23,227381,82403,18280.0,-9338.0,445290,16378.0,144978,27618.0
GOLD - COMMODITY EXCHANGE INC.,2016-03-01,223186,70773,-4195.0,-11630.0,450555,5265.0,152413,7435.0
GOLD - COMMODITY EXCHANGE INC.,2016-03-08,252895,78085,29709.0,7312.0,499110,48555.0,174810,22397.0
GOLD - COMMODITY EXCHANGE INC.,2016-03-15,247659,78147,-5236.0,62.0,493086,-6024.0,169512,-5298.0
GOLD - COMMODITY EXCHANGE INC.,2016-03-22,258646,79815,10987.0,1668.0,510579,17493.0,178831,9319.0
GOLD - COMMODITY EXCHANGE INC.,2016-03-29,262082,72276,3436.0,-7539.0,480461,-30118.0,189806,10975.0
GOLD - COMMODITY EXCHANGE INC.,2016-04-05,263781,73381,1699.0,1105.0,474094,-6367.0,190400,594.0
GOLD - COMMODITY EXCHANGE INC.,2016-04-12,286341,72534,22560.0,-847.0,504523,30429.0,213807,23407.0
GOLD - COMMODITY EXCHANGE INC.,2016-04-19,291143,74306,4802.0,1772.0,503331,-1192.0,216837,3030.0
GOLD - COMMODITY EXCHANGE INC.,2016-04-26,288173,67316,-2970.0,-6990.0,497884,-5447.0,220857,4020.0
GOLD - COMMODITY EXCHANGE INC.,2016-05-03,338476,66828,50303.0,-488.0,565774,67890.0,271648,50791.0
GOLD - COMMODITY EXCHANGE INC.,2016-05-10,337251,72353,-1225.0,5525.0,579777,14003.0,264898,-6750.0
GOLD - COMMODITY EXCHANGE INC.,2016-05-17,340748,74460,3497.0,2107.0,595077,15300.0,266288,1390.0
GOLD - COMMODITY EXCHANGE INC.,2016-05-24,291266,84634,-49482.0,10174.0,542958,-52119.0,206632,-59656.0
GOLD - COMMODITY EXCHANGE INC.,2016-05-31,274589,77454,-16677.0,-7180.0,494321,-48637.0,197135,-9497.0
GOLD - COMMODITY EXCHANGE INC.,2016-06-07,295688,67069,21099.0,-10385.0,496330,2009.0,228619,31484.0
GOLD - COMMODITY EXCHANGE INC.,2016-06-14,347557,67695,51869.0,626.0,545357,49027.0,279862,51243.0
GOLD - COMMODITY EXCHANGE INC.,2016-06-21,358825,66096,11268.0,-1599.0,571517,26160.0,292729,12867.0
GOLD - COMMODITY EXCHANGE INC.,2016-06-28,373128,71208,14303.0,5112.0,613792,42275.0,301920,9191.0
GOLD - COMMODITY EXCHANGE INC.,2016-07-05,389590,73627,16462.0,2419.0,652971,39179.0,315963,14043.0
GOLD - COMMODITY EXCHANGE INC.,2016-07-12,378081,80618,-11509.0,6991.0,633020,-19951.0,297463,-18500.0
GOLD - COMMODITY EXCHANGE INC.,2016-07-19,366871,80960,-11210.0,342.0,617069,-15951.0,285911,-11552.0
GOLD - COMMODITY EXCHANGE INC.,2016-07-26,347426,68471,-19445.0,-12489.0,576325,-40744.0,278955,-6956.0
GOLD - COMMODITY EXCHANGE INC.,2016-08-02,365801,71618,18375.0,3147.0,582211,5886.0,294183,15228.0
GOLD - COMMODITY EXCHANGE INC.,2016-08-09,356471,70024,-9330.0,-1594.0,575399,-6812.0,286447,-7736.0
GOLD - COMMODITY EXCHANGE INC.,2016-08-16,351535,67684,-4936.0,-2340.0,572496,-2903.0,283851,-2596.0
GOLD - COMMODITY EXCHANGE INC.,2016-08-23,359785,65176,8250.0,-2508.0,572973,477.0,294609,10758.0
GOLD - COMMODITY EXCHANGE INC.,2016-08-30,340586,64245,-19199.0,-931.0,558398,-14575.0,276341,-18268.0
GOLD - COMMODITY EXCHANGE INC.,2016-09-06,370375,62515,29789.0,-1730.0,590656,32258.0,307860,31519.0
GOLD - COMMODITY EXCHANGE INC.,2016-09-13,351776,66363,-18599.0,3848.0,575002,-15654.0,285413,-22447.0
GOLD - COMMODITY EXCHANGE INC.,2016-09-20,326326,70147,-25450.0,3784.0,558791,-16211.0,256179,-29234.0
GOLD - COMMODITY EXCHANGE INC.,2016-09-27,358972,67068,32646.0,-3079.0,583161,24370.0,291904,35725.0
GOLD - COMMODITY EXCHANGE INC.,2016-10-04,324136,78628,-34836.0,11560.0,544824,-38337.0,245508,-46396.0
GOLD - COMMODITY EXCHANGE INC.,2016-10-11,283386,88167,-40750.0,9539.0,500328,-44496.0,195219,-50289.0
GOLD - COMMODITY EXCHANGE INC.,2016-10-18,274345,94727,-9041.0,6560.0,497061,-3267.0,179618,-15601.0
GOLD - COMMODITY EXCHANGE INC.,2016-10-25,285376,88396,11031.0,-6331.0,507617,10556.0,196980,17362.0
GOLD - COMMODITY EXCHANGE INC.,2016-11-01,288308,73177,2932.0,-15219.0,521506,13889.0,215131,18151.0
GOLD - COMMODITY EXCHANGE INC.,2016-11-08,289860,72622,1552.0,-555.0,528203,6697.0,217238,2107.0
GOLD - COMMODITY EXCHANGE INC.,2016-11-15,245750,68090,-44110.0,-4532.0,479237,-48966.0,177660,-39578.0
GOLD - COMMODITY EXCHANGE INC.,2016-11-22,241646,74561,-4104.0,6471.0,461062,-18175.0,167085,-10575.0
GOLD - COMMODITY EXCHANGE INC.,2016-11-29,229731,78161,-11915.0,3600.0,405661,-55401.0,151570,-15515.0
GOLD - COMMODITY EXCHANGE INC.,2016-12-06,227675,91295,-2056.0,13134.0,393524,-12137.0,136380,-15190.0
GOLD - COMMODITY EXCHANGE INC.,2016-12-13,229755,100444,2080.0,9149.0,397034,3510.0,129311,-7069.0
GOLD - COMMODITY EXCHANGE INC.,2016-12-20,219067,104233,-10688.0,3789.0,398661,1627.0,114834,-14477.0
GOLD - COMMODITY EXCHANGE INC.,2016-12-27,206538,108195,-12529.0,3962.0,401513,2852.0,98343,-16491.0
GOLD - COMMODITY EXCHANGE INC.,2017-01-03,208855,112305,2317.0,4110.0,424673,23160.0,96550,-1793.0
GOLD - COMMODITY EXCHANGE INC.,2017-01-10,214000,104518,5145.0,-7787.0,444001,19328.0,109482,12932.0
GOLD - COMMODITY EXCHANGE INC.,2017-01-17,218144,111103,4144.0,6585.0,467937,23936.0,107041,-2441.0
GOLD - COMMODITY EXCHANGE INC.,2017-01-24,209854,100447,-8290.0,-10656.0,482374,14437.0,109407,2366.0
GOLD - COMMODITY EXCHANGE INC.,2017-01-31,212414,93259,2560.0,-7188.0,398433,-83941.0,119155,9748.0
GOLD - COMMODITY EXCHANGE INC.,2017-02-07,216408,99259,3994.0,6000.0,415543,17110.0,117149,-2006.0
GOLD - COMMODITY EXCHANGE INC.,2017-02-14,212259,102507,-4149.0,3248.0,415128,-415.0,109752,-7397.0
GOLD - COMMODITY EXCHANGE INC.,2017-02-21,219673,95910,7414.0,-6597.0,427168,12040.0,123763,14011.0
GOLD - COMMODITY EXCHANGE INC.,2017-02-28,247494,83696,27821.0,-12214.0,446081,18913.0,163798,40035.0
GOLD - COMMODITY EXCHANGE INC.,2017-03-07,229969,96284,-17525.0,12588.0,434401,-11680.0,133685,-30113.0
GOLD - COMMODITY EXCHANGE INC.,2017-03-14,210315,104277,-19654.0,7993.0,426170,-8231.0,106038,-27647.0
GOLD - COMMODITY EXCHANGE INC.,2017-03-21,219719,103467,9404.0,-810.0,446880,20710.0,116252,10214.0
GOLD - COMMODITY EXCHANGE INC.,2017-03-28,227839,90019,8120.0,-13448.0,449418,2538.0,137820,21568.0
GOLD - COMMODITY EXCHANGE INC.,2017-04-04,239061,83625,11222.0,-6394.0,427808,-21610.0,155436,17616.0
GOLD - COMMODITY EXCHANGE INC.,2017-04-11,253004,80338,13943.0,-3287.0,456131,28323.0,172666,17230.0
GOLD - COMMODITY EXCHANGE INC.,2017-04-18,279311,83543,26307.0,3205.0,472263,16132.0,195768,23102.0
GOLD - COMMODITY EXCHANGE INC.,2017-04-25,287468,86791,8157.0,3248.0,475985,3722.0,200677,4909.0
GOLD - COMMODITY EXCHANGE INC.,2017-05-02,276032,86398,-11436.0,-393.0,461905,-14080.0,189634,-11043.0
GOLD - COMMODITY EXCHANGE INC.,2017-05-09,236115,86109,-39917.0,-289.0,433033,-28872.0,150006,-39628.0
GOLD - COMMODITY EXCHANGE INC.,2017-05-16,221532,94808,-14583.0,8699.0,435021,1988.0,126724,-23282.0
GOLD - COMMODITY EXCHANGE INC.,2017-05-23,241752,81985,20220.0,-12823.0,462572,27551.0,159767,33043.0
GOLD - COMMODITY EXCHANGE INC.,2017-05-30,250542,83452,8790.0,1467.0,434246,-28326.0,167090,7323.0
GOLD - COMMODITY EXCHANGE INC.,2017-06-06,312240,107775,61698.0,24323.0,494041,59795.0,204465,37375.0
GOLD - COMMODITY EXCHANGE INC.,2017-06-13,297178,106904,-15062.0,-871.0,471134,-22907.0,190274,-14191.0
GOLD - COMMODITY EXCHANGE INC.,2017-06-20,252620,101945,-44558.0,-4959.0,445841,-25293.0,150675,-39599.0
GOLD - COMMODITY EXCHANGE INC.,2017-06-27,236586,104914,-16034.0,2969.0,453144,7303.0,131672,-19003.0
GOLD - COMMODITY EXCHANGE INC.,2017-07-03,221681,127882,-14905.0,22968.0,457201,4057.0,93799,-37873.0
GOLD - COMMODITY EXCHANGE INC.,2017-07-11,217637,157377,-4044.0,29495.0,475669,18468.0,60260,-33539.0
GOLD - COMMODITY EXCHANGE INC.,2017-07-18,217232,157094,-405.0,-283.0,484204,8535.0,60138,-122.0
GOLD - COMMODITY EXCHANGE INC.,2017-07-25,220299,129468,3067.0,-27626.0,463827,-20377.0,90831,30693.0
GOLD - COMMODITY EXCHANGE INC.,2017-08-01,239766,110094,19467.0,-19374.0,448709,-15118.0,129672,38841.0
GOLD - COMMODITY EXCHANGE INC.,2017-08-08,246377,97540,6611.0,-12554.0,448727,18.0,148837,19165.0
GOLD - COMMODITY EXCHANGE INC.,2017-08-15,277730,89996,31353.0,-7544.0,477921,29194.0,187734,38897.0
GOLD - COMMODITY EXCHANGE INC.,2017-08-22,295711,87273,17981.0,-2723.0,500443,22522.0,208438,20704.0
GOLD - COMMODITY EXCHANGE INC.,2017-08-29,318883,87836,23172.0,563.0,538875,38432.0,231047,22609.0
GOLD - COMMODITY EXCHANGE INC.,2017-09-05,336073,90775,17190.0,2939.0,566817,27942.0,245298,14251.0
GOLD - COMMODITY EXCHANGE INC.,2017-09-12,351492,96732,15419.0,5957.0,580606,13789.0,254760,9462.0
GOLD - COMMODITY EXCHANGE INC.,2017-09-19,330646,94557,-20846.0,-2175.0,570096,-10510.0,236089,-18671.0
GOLD - COMMODITY EXCHANGE INC.,2017-09-26,303255,90661,-27391.0,-3896.0,549637,-20459.0,212594,-23495.0
GOLD - COMMODITY EXCHANGE INC.,2017-10-03,287296,83441,-15959.0,-7220.0,525127,-24510.0,203855,-8739.0
GOLD - COMMODITY EXCHANGE INC.,2017-10-10,279227,79115,-8069.0,-4326.0,520005,-5122.0,200112,-3743.0
GOLD - COMMODITY EXCHANGE INC.,2017-10-17,284617,83893,5390.0,4778.0,528800,8795.0,200724,612.0
GOLD - COMMODITY EXCHANGE INC.,2017-10-24,275521,84136,-9096.0,243.0,526674,-2126.0,191385,-9339.0
GOLD - COMMODITY EXCHANGE INC.,2017-10-31,268710,75615,-6811.0,-8521.0,531918,5244.0,193095,1710.0
GOLD - COMMODITY EXCHANGE INC.,2017-11-07,272571,76781,3861.0,1166.0,536843,4925.0,195790,2695.0
GOLD - COMMODITY EXCHANGE INC.,2017-11-14,271496,76412,-1075.0,-369.0,533054,-3789.0,195084,-706.0
GOLD - COMMODITY EXCHANGE INC.,2017-11-21,272934,71107,1438.0,-5305.0,531612,-1442.0,201827,6743.0
GOLD - COMMODITY EXCHANGE INC.,2017-11-28,287384,62967,14450.0,-8140.0,503810,-27802.0,224417,22590.0
GOLD - COMMODITY EXCHANGE INC.,2017-12-05,251234,77905,-36150.0,14938.0,472795,-31015.0,173329,-51088.0
GOLD - COMMODITY EXCHANGE INC.,2017-12-12,201912,94844,-49322.0,16939.0,446618,-26177.0,107068,-66261.0
GOLD - COMMODITY EXCHANGE INC.,2017-12-19,197473,83678,-4439.0,-11166.0,453595,6977.0,113795,6727.0
GOLD - COMMODITY EXCHANGE INC.,2017-12-26,202590,66642,5117.0,-17036.0,456470,2875.0,135948,22153.0
GOLD - COMMODITY EXCHANGE INC.,2018-01-02,241428,78160,38838.0,11518.0,500731,44261.0,163268,27320.0
GOLD - COMMODITY EXCHANGE INC.,2018-01-09,289161,85873,47733.0,7713.0,555455,54724.0,203288,40020.0
GOLD - COMMODITY EXCHANGE INC.,2018-01-16,301863,90152,12702.0,4279.0,582333,26878.0,211711,8423.0
GOLD - COMMODITY EXCHANGE INC.,2018-01-23,305812,91128,3949.0,976.0,582421,88.0,214684,2973.0
GOLD - COMMODITY EXCHANGE INC.,2018-01-30,298327,91065,-7485.0,-63.0,559332,-23089.0,207262,-7422.0
GOLD - COMMODITY EXCHANGE INC.,2018-02-06,273828,82951,-24499.0,-8114.0,535321,-24011.0,190877,-16385.0
GOLD - COMMODITY EXCHANGE INC.,2018-02-13,251860,76254,-21968.0,-6697.0,511745,-23576.0,175606,-15271.0
GOLD - COMMODITY EXCHANGE INC.,2018-02-20,257205,66283,5345.0,-9971.0,528154,16409.0,190922,15316.0
GOLD - COMMODITY EXCHANGE INC.,2018-02-27,251981,73263,-5224.0,6980.0,532860,4706.0,178718,-12204.0
GOLD - COMMODITY EXCHANGE INC.,2018-03-06,245587,61764,-6394.0,-11499.0,508100,-24760.0,183823,5105.0
GOLD - COMMODITY EXCHANGE INC.,2018-03-13,234431,66483,-11156.0,4719.0,526762,18662.0,167948,-15875.0
GOLD - COMMODITY EXCHANGE INC.,2018-03-20,223882,75151,-10549.0,8668.0,545499,18737.0,148731,-19217.0
GOLD - COMMODITY EXCHANGE INC.,2018-03-27,259032,55678,35150.0,-19473.0,529690,-15809.0,203354,54623.0
GOLD - COMMODITY EXCHANGE INC.,2018-04-03,234677,68088,-24355.0,12410.0,493141,-36549.0,166589,-36765.0
GOLD - COMMODITY EXCHANGE INC.,2018-04-10,234457,79085,-220.0,10997.0,499588,6447.0,155372,-11217.0
GOLD - COMMODITY EXCHANGE INC.,2018-04-17,237288,74219,2831.0,-4866.0,510229,10641.0,163069,7697.0
GOLD - COMMODITY EXCHANGE INC.,2018-04-24,225804,89158,-11484.0,14939.0,506410,-3819.0,136646,-26423.0
GOLD - COMMODITY EXCHANGE INC.,2018-05-01,209577,102798,-16227.0,13640.0,507756,1346.0,106779,-29867.0
GOLD - COMMODITY EXCHANGE INC.,2018-05-08,198548,91108,-11029.0,-11690.0,491398,-16358.0,107440,661.0
GOLD - COMMODITY EXCHANGE INC.,2018-05-15,201468,109025,2920.0,17917.0,519958,28560.0,92443,-14997.0
GOLD - COMMODITY EXCHANGE INC.,2018-05-22,189677,98720,-11791.0,-10305.0,502942,-17016.0,90957,-1486.0
GOLD - COMMODITY EXCHANGE INC.,2018-05-29,193652,78522,3975.0,-20198.0,469382,-33560.0,115130,24173.0
GOLD - COMMODITY EXCHANGE INC.,2018-06-05,185321,73905,-8331.0,-4617.0,450641,-18741.0,111416,-3714.0
GOLD - COMMODITY EXCHANGE INC.,2018-06-12,192752,72512,7431.0,-1393.0,448695,-1946.0,120240,8824.0
GOLD - COMMODITY EXCHANGE INC.,2018-06-19,202915,106403,10163.0,33891.0,468345,19650.0,96512,-23728.0
GOLD - COMMODITY EXCHANGE INC.,2018-06-26,195118,118446,-7797.0,12043.0,468573,228.0,76672,-19840.0
GOLD - COMMODITY EXCHANGE INC.,2018-07-03,210483,132156,15365.0,13710.0,494164,25591.0,78327,1655.0
GOLD - COMMODITY EXCHANGE INC.,2018-07-10,214310,132876,3827.0,720.0,503593,9429.0,81434,3107.0
GOLD - COMMODITY EXCHANGE INC.,2018-07-17,218427,160586,4117.0,27710.0,528278,24685.0,57841,-23593.0
GOLD - COMMODITY EXCHANGE INC.,2018-07-24,220620,172023,2193.0,11437.0,496620,-31658.0,48597,-9244.0
GOLD - COMMODITY EXCHANGE INC.,2018-07-31,209255,173918,-11365.0,1895.0,452655,-43965.0,35337,-13260.0
GOLD - COMMODITY EXCHANGE INC.,2018-08-07,208292,195604,-963.0,21686.0,459474,6819.0,12688,-22649.0
GOLD - COMMODITY EXCHANGE INC.,2018-08-14,211779,215467,3487.0,19863.0,476739,17265.0,-3688,-16376.0
GOLD - COMMODITY EXCHANGE INC.,2018-08-21,213500,222210,1721.0,6743.0,483730,6991.0,-8710,-5022.0
GOLD - COMMODITY EXCHANGE INC.,2018-08-28,207370,210433,-6130.0,-11777.0,479283,-4447.0,-3063,5647.0
GOLD - COMMODITY EXCHANGE INC.,2018-09-04,199762,213259,-7608.0,2826.0,473118,-6165.0,-13497,-10434.0
GOLD - COMMODITY EXCHANGE INC.,2018-09-11,198367,205957,-1395.0,-7302.0,469450,-3668.0,-7590,5907.0
GOLD - COMMODITY EXCHANGE INC.,2018-09-18,197797,208641,-570.0,2684.0,469436,-14.0,-10844,-3254.0
GOLD - COMMODITY EXCHANGE INC.,2018-09-25,192940,210588,-4857.0,1947.0,460279,-9157.0,-17648,-6804.0
GOLD - COMMODITY EXCHANGE INC.,2018-10-02,192490,214312,-450.0,3724.0,459776,-503.0,-21822,-4174.0
GOLD - COMMODITY EXCHANGE INC.,2018-10-09,179746,217921,-12744.0,3609.0,465253,5477.0,-38175,-16353.0
GOLD - COMMODITY EXCHANGE INC.,2018-10-16,189200,171533,9454.0,-46388.0,474418,9165.0,17667,55842.0
GOLD - COMMODITY EXCHANGE INC.,2018-10-23,192578,163190,3378.0,-8343.0,477832,3414.0,29388,11721.0
GOLD - COMMODITY EXCHANGE INC.,2018-10-30,168754,155560,-23824.0,-7630.0,474941,-2891.0,13194,-16194.0
GOLD - COMMODITY EXCHANGE INC.,2018-11-06,169141,150115,387.0,-5445.0,494911,19970.0,19026,5832.0
GOLD - COMMODITY EXCHANGE INC.,2018-11-13,168416,177663,-725.0,27548.0,539520,44609.0,-9247,-28273.0
GOLD - COMMODITY EXCHANGE INC.,2018-11-20,165506,156610,-2910.0,-21053.0,525940,-13580.0,8896,18143.0
GOLD - COMMODITY EXCHANGE INC.,2018-11-27,156779,154908,-8727.0,-1702.0,442801,-83139.0,1871,-7025.0
GOLD - COMMODITY EXCHANGE INC.,2018-12-04,173019,124018,16240.0,-30890.0,399919,-42882.0,49001,47130.0
GOLD - COMMODITY EXCHANGE INC.,2018-12-11,169600,109101,-3419.0,-14917.0,402250,2331.0,60499,11498.0
GOLD - COMMODITY EXCHANGE INC.,2018-12-18,182168,106208,12568.0,-2893.0,412485,10235.0,75960,15461.0
GOLD - COMMODITY EXCHANGE INC.,2018-12-24,208622,97637,26454.0,-8571.0,442727,30242.0,110985,35025.0
GOLD - COMMODITY EXCHANGE INC.,2018-12-31,210141,86369,1519.0,-11268.0,451360,8633.0,123772,12787.0
GOLD - COMMODITY EXCHANGE INC.,2019-01-08,199560,100344,-10581.0,13975.0,455232,3872.0,99216,-24556.0
GOLD - COMMODITY EXCHANGE INC.,2019-01-15,201796,113883,2236.0,13539.0,501605,46373.0,87913,-11303.0
GOLD - COMMODITY EXCHANGE INC.,2019-01-22,186510,112006,-15286.0,-1877.0,513509,11904.0,74504,-13409.0
GOLD - COMMODITY EXCHANGE INC.,2019-01-29,212318,112725,25808.0,719.0,483390,-30119.0,99593,25089.0
GOLD - COMMODITY EXCHANGE INC.,2019-02-05,218200,109105,5882.0,-3620.0,479736,-3654.0,109095,9502.0
GOLD - COMMODITY EXCHANGE INC.,2019-02-12,214170,109296,-4030.0,191.0,476083,-3653.0,104874,-4221.0
GOLD - COMMODITY EXCHANGE INC.,2019-02-19,254086,108439,39916.0,-857.0,504639,28556.0,145647,40773.0
GOLD - COMMODITY EXCHANGE INC.,2019-02-26,236835,101139,-17251.0,-7300.0,501268,-3371.0,135696,-9951.0
GOLD - COMMODITY EXCHANGE INC.,2019-03-05,202628,114610,-34207.0,13471.0,471311,-29957.0,88018,-47678.0
GOLD - COMMODITY EXCHANGE INC.,2019-03-12,205250,126431,2622.0,11821.0,530030,58719.0,78819,-9199.0
GOLD - COMMODITY EXCHANGE INC.,2019-03-19,204325,115929,-925.0,-10502.0,514163,-15867.0,88396,9577.0
GOLD - COMMODITY EXCHANGE INC.,2019-03-26,214897,94959,10572.0,-20970.0,509575,-4588.0,119938,31542.0
GOLD - COMMODITY EXCHANGE INC.,2019-04-02,193784,99228,-21113.0,4269.0,440170,-69405.0,94556,-25382.0
GOLD - COMMODITY EXCHANGE INC.,2019-04-09,199507,94143,5723.0,-5085.0,447539,7369.0,105364,10808.0
GOLD - COMMODITY EXCHANGE INC.,2019-04-16,183213,126940,-16294.0,32797.0,440581,-6958.0,56273,-49091.0
GOLD - COMMODITY EXCHANGE INC.,2019-04-23,176691,139296,-6522.0,12356.0,440048,-533.0,37395,-18878.0
GOLD - COMMODITY EXCHANGE INC.,2019-04-30,177275,111056,584.0,-28240.0,430011,-10037.0,66219,28824.0
GOLD - COMMODITY EXCHANGE INC.,2019-05-07,185801,110390,8526.0,-666.0,450039,20028.0,75411,9192.0
GOLD - COMMODITY EXCHANGE INC.,2019-05-14,226361,101825,40560.0,-8565.0,517995,67956.0,124536,49125.0
GOLD - COMMODITY EXCHANGE INC.,2019-05-21,203628,114823,-22733.0,12998.0,508643,-9352.0,88805,-35731.0
GOLD - COMMODITY EXCHANGE INC.,2019-05-28,194463,107775,-9165.0,-7048.0,505126,-3517.0,86688,-2117.0
GOLD - COMMODITY EXCHANGE INC.,2019-06-04,240477,84362,46014.0,-23413.0,481495,-23631.0,156115,69427.0
GOLD - COMMODITY EXCHANGE INC.,2019-06-11,250114,65876,9637.0,-18486.0,496663,15168.0,184238,28123.0
GOLD - COMMODITY EXCHANGE INC.,2019-06-18,274633,70310,24519.0,4434.0,525636,28973.0,204323,20085.0
GOLD - COMMODITY EXCHANGE INC.,2019-06-25,298108,61554,23475.0,-8756.0,577605,51969.0,236554,32231.0
GOLD - COMMODITY EXCHANGE INC.,2019-07-02,312702,53756,14594.0,-7798.0,605949,28344.0,258946,22392.0
GOLD - COMMODITY EXCHANGE INC.,2019-07-09,306105,61342,-6597.0,7586.0,598977,-6972.0,244763,-14183.0
GOLD - COMMODITY EXCHANGE INC.,2019-07-16,309535,64034,3430.0,2692.0,601900,2923.0,245501,738.0
GOLD - COMMODITY EXCHANGE INC.,2019-07-23,311881,60631,2346.0,-3403.0,616859,14959.0,251250,5749.0
GOLD - COMMODITY EXCHANGE INC.,2019-07-30,312214,57826,333.0,-2805.0,563298,-53561.0,254388,3138.0
GOLD - COMMODITY EXCHANGE INC.,2019-08-06,350558,58013,38344.0,187.0,600317,37019.0,292545,38157.0
GOLD - COMMODITY EXCHANGE INC.,2019-08-13,346223,56133,-4335.0,-1880.0,593962,-6355.0,290090,-2455.0
GOLD - COMMODITY EXCHANGE INC.,2019-08-20,352294,52301,6071.0,-3832.0,594807,845.0,299993,9903.0
GOLD - COMMODITY EXCHANGE INC.,2019-08-27,362609,65771,10315.0,13470.0,636183,41376.0,296838,-3155.0
GOLD - COMMODITY EXCHANGE INC.,2019-09-03,365385,64838,2776.0,-933.0,634358,-1825.0,300547,3709.0
GOLD - COMMODITY EXCHANGE INC.,2019-09-10,334114,64389,-31271.0,-449.0,614753,-19605.0,269725,-30822.0
GOLD - COMMODITY EXCHANGE INC.,2019-09-17,341511,58912,7397.0,-5477.0,630990,16237.0,282599,12874.0
GOLD - COMMODITY EXCHANGE INC.,2019-09-24,370393,57949,28882.0,-963.0,658944,27954.0,312444,29845.0
GOLD - COMMODITY EXCHANGE INC.,2019-10-01,322800,53807,-47593.0,-4142.0,604885,-54059.0,268993,-43451.0
GOLD - COMMODITY EXCHANGE INC.,2019-10-08,334383,58820,11583.0,5013.0,616957,12072.0,275563,6570.0
GOLD - COMMODITY EXCHANGE INC.,2019-10-15,319370,66343,-15013.0,7523.0,607387,-9570.0,253027,-22536.0
GOLD - COMMODITY EXCHANGE INC.,2019-10-22,322917,63785,3547.0,-2558.0,625528,18141.0,259132,6105.0
GOLD - COMMODITY EXCHANGE INC.,2019-10-29,335423,58908,12506.0,-4877.0,643442,17914.0,276515,17383.0
GOLD - COMMODITY EXCHANGE INC.,2019-11-05,344591,64763,9168.0,5855.0,690181,46739.0,279828,3313.0
GOLD - COMMODITY EXCHANGE INC.,2019-11-12,323189,56123,-21402.0,-8640.0,708463,18282.0,267066,-12762.0
GOLD - COMMODITY EXCHANGE INC.,2019-11-19,337296,51437,14107.0,-4686.0,719211,10748.0,285859,18793.0
GOLD - COMMODITY EXCHANGE INC.,2019-11-26,325286,53652,-12010.0,2215.0,669268,-49943.0,271634,-14225.0
GOLD - COMMODITY EXCHANGE INC.,2019-12-03,346525,55820,21239.0,2168.0,701016,31748.0,290705,19071.0
GOLD - COMMODITY EXCHANGE INC.,2019-12-10,329169,58249,-17356.0,2429.0,690003,-11013.0,270920,-19785.0
GOLD - COMMODITY EXCHANGE INC.,2019-12-17,344493,58218,15324.0,-31.0,716987,26984.0,286275,15355.0
GOLD - COMMODITY EXCHANGE INC.,2019-12-24,364310,58658,19817.0,440.0,748737,31750.0,305652,19377.0
GOLD - COMMODITY EXCHANGE INC.,2019-12-31,381620,53695,17310.0,-4963.0,786166,37429.0,327925,22273.0
GOLD - COMMODITY EXCHANGE INC.,2020-01-07,383480,61189,1860.0,7494.0,785857,-309.0,322291,-5634.0
GOLD - COMMODITY EXCHANGE INC.,2020-01-14,376809,57574,-6671.0,-3615.0,796883,11026.0,319235,-3056.0
GOLD - COMMODITY EXCHANGE INC.,2020-01-21,374793,57098,-2016.0,-476.0,793829,-3054.0,317695,-1540.0
GOLD - COMMODITY EXCHANGE INC.,2020-01-28,376401,46309,1608.0,-10789.0,715539,-78290.0,330092,12397.0
GOLD - COMMODITY EXCHANGE INC.,2020-02-04,355909,56103,-20492.0,9794.0,654572,-60967.0,299806,-30286.0
GOLD - COMMODITY EXCHANGE INC.,2020-02-11,356535,48561,626.0,-7542.0,658024,3452.0,307974,8168.0
GOLD - COMMODITY EXCHANGE INC.,2020-02-18,408349,54700,51814.0,6139.0,715317,57293.0,353649,45675.0
GOLD - COMMODITY EXCHANGE INC.,2020-02-25,389339,53474,-19010.0,-1226.0,732917,17600.0,335865,-17784.0
GOLD - COMMODITY EXCHANGE INC.,2020-03-03,366173,46440,-23166.0,-7034.0,691985,-40932.0,319733,-16132.0
GOLD - COMMODITY EXCHANGE INC.,2020-03-10,336290,36759,-29883.0,-9681.0,633470,-58515.0,299531,-20202.0
GOLD - COMMODITY EXCHANGE INC.,2020-03-17,317405,35489,-18885.0,-1270.0,573925,-59545.0,281916,-17615.0
GOLD - COMMODITY EXCHANGE INC.,2020-03-24,317928,29562,523.0,-5927.0,547334,-26591.0,288366,6450.0
GOLD - COMMODITY EXCHANGE INC.,2020-03-31,287529,28680,-30399.0,-882.0,495652,-51682.0,258849,-29517.0
GOLD - COMMODITY EXCHANGE INC.,2020-04-07,279880,30938,-7649.0,2258.0,480050,-15602.0,248942,-9907.0
GOLD - COMMODITY EXCHANGE INC.,2020-04-14,286617,34116,6737.0,3178.0,489965,9915.0,252501,3559.0
GOLD - COMMODITY EXCHANGE INC.,2020-04-21,282263,32692,-4354.0,-1424.0,493158,3193.0,249571,-2930.0
GOLD - COMMODITY EXCHANGE INC.,2020-04-28,287382,24653,5119.0,-8039.0,500816,7658.0,262729,13158.0
GOLD - COMMODITY EXCHANGE INC.,2020-05-05,275571,25567,-11811.0,914.0,490343,-10473.0,250004,-12725.0
GOLD - COMMODITY EXCHANGE INC.,2020-05-12,277771,34943,2200.0,9376.0,496739,6396.0,242828,-7176.0
GOLD - COMMODITY EXCHANGE INC.,2020-05-19,295394,43606,17623.0,8663.0,528205,31466.0,251788,8960.0
GOLD - COMMODITY EXCHANGE INC.,2020-05-26,288148,50234,-7246.0,6628.0,519374,-8831.0,237914,-13874.0
GOLD - COMMODITY EXCHANGE INC.,2020-06-02,272196,53162,-15952.0,2928.0,475745,-43629.0,219034,-18880.0
GOLD - COMMODITY EXCHANGE INC.,2020-06-09,263972,55359,-8224.0,2197.0,475661,-84.0,208613,-10421.0
GOLD - COMMODITY EXCHANGE INC.,2020-06-16,277395,53047,13423.0,-2312.0,489563,13902.0,224348,15735.0
GOLD - COMMODITY EXCHANGE INC.,2020-06-23,308459,56502,31064.0,3455.0,532101,42538.0,251957,27609.0
GOLD - COMMODITY EXCHANGE INC.,2020-06-30,328942,62272,20483.0,5770.0,561628,29527.0,266670,14713.0
GOLD - COMMODITY EXCHANGE INC.,2020-07-07,337030,69672,8088.0,7400.0,572776,11148.0,267358,688.0
GOLD - COMMODITY EXCHANGE INC.,2020-07-14,330205,67777,-6825.0,-1895.0,580175,7399.0,262428,-4930.0
GOLD - COMMODITY EXCHANGE INC.,2020-07-21,334237,67801,4032.0,24.0,603138,22963.0,266436,4008.0
GOLD - COMMODITY EXCHANGE INC.,2020-07-28,312588,75787,-21649.0,7986.0,598629,-4509.0,236801,-29635.0
GOLD - COMMODITY EXCHANGE INC.,2020-08-04,321847,83101,9259.0,7314.0,561837,-36792.0,238746,1945.0
GOLD - COMMODITY EXCHANGE INC.,2020-08-11,306867,82814,-14980.0,-287.0,553345,-8492.0,224053,-14693.0
GOLD - COMMODITY EXCHANGE INC.,2020-08-18,302369,78851,-4498.0,-3963.0,544010,-9335.0,223518,-535.0
GOLD - COMMODITY EXCHANGE INC.,2020-08-25,301559,80521,-810.0,1670.0,549282,5272.0,221038,-2480.0
GOLD - COMMODITY EXCHANGE INC.,2020-09-01,306118,75322,4559.0,-5199.0,547704,-1578.0,230796,9758.0
GOLD - COMMODITY EXCHANGE INC.,2020-09-08,313173,76700,7055.0,1378.0,557457,9753.0,236473,5677.0
GOLD - COMMODITY EXCHANGE INC.,2020-09-15,324512,83535,11339.0,6835.0,578925,21468.0,240977,4504.0
GOLD - COMMODITY EXCHANGE INC.,2020-09-22,309015,89955,-15497.0,6420.0,575877,-3048.0,219060,-21917.0
GOLD - COMMODITY EXCHANGE INC.,2020-09-29,316106,72447,7091.0,-17508.0,562396,-13481.0,243659,24599.0
GOLD - COMMODITY EXCHANGE INC.,2020-10-06,320922,72335,4816.0,-112.0,555555,-6841.0,248587,4928.0
GOLD - COMMODITY EXCHANGE INC.,2020-10-13,326986,86315,6064.0,13980.0,553197,-2358.0,240671,-7916.0
GOLD - COMMODITY EXCHANGE INC.,2020-10-20,340206,90602,13220.0,4287.0,562993,9796.0,249604,8933.0
GOLD - COMMODITY EXCHANGE INC.,2020-10-27,326063,77429,-14143.0,-13173.0,560900,-2093.0,248634,-970.0
GOLD - COMMODITY EXCHANGE INC.,2020-11-03,321798,78889,-4265.0,1460.0,544774,-16126.0,242909,-5725.0
GOLD - COMMODITY EXCHANGE INC.,2020-11-10,318516,78780,-3282.0,-109.0,547449,2675.0,239736,-3173.0
GOLD - COMMODITY EXCHANGE INC.,2020-11-17,329698,78428,11182.0,-352.0,557533,10084.0,251270,11534.0
GOLD - COMMODITY EXCHANGE INC.,2020-11-24,320324,76422,-9374.0,-2006.0,555253,-2280.0,243902,-7368.0
GOLD - COMMODITY EXCHANGE INC.,2020-12-01,324344,64030,4020.0,-12392.0,538042,-17211.0,260314,16412.0
GOLD - COMMODITY EXCHANGE INC.,2020-12-08,338271,69051,13927.0,5021.0,549520,11478.0,269220,8906.0
GOLD - COMMODITY EXCHANGE INC.,2020-12-15,340610,69026,2339.0,-25.0,550366,846.0,271584,2364.0
GOLD - COMMODITY EXCHANGE INC.,2020-12-21,349870,71674,9260.0,2648.0,560769,10403.0,278196,6612.0
GOLD - COMMODITY EXCHANGE INC.,2020-12-29,341812,72940,-8058.0,1266.0,556414,-4355.0,268872,-9324.0
GOLD - COMMODITY EXCHANGE INC.,2021-01-05,349946,70628,8134.0,-2312.0,568888,12474.0,279318,10446.0
GOLD - COMMODITY EXCHANGE INC.,2021-01-12,313217,66990,-36729.0,-3638.0,555538,-13350.0,246227,-33091.0
GOLD - COMMODITY EXCHANGE INC.,2021-01-19,307507,60869,-5710.0,-6121.0,541330,-14208.0,246638,411.0
GOLD - COMMODITY EXCHANGE INC.,2021-01-26,313532,55986,6025.0,-4883.0,534574,-6756.0,257546,10908.0
GOLD - COMMODITY EXCHANGE INC.,2021-02-02,314352,57226,820.0,1240.0,520011,-14563.0,257126,-420.0
GOLD - COMMODITY EXCHANGE INC.,2021-02-09,309326,57919,-5026.0,693.0,506741,-13270.0,251407,-5719.0
GOLD - COMMODITY EXCHANGE INC.,2021-02-16,303583,68614,-5743.0,10695.0,503016,-3725.0,234969,-16438.0
GOLD - COMMODITY EXCHANGE INC.,2021-02-23,284081,68348,-19502.0,-266.0,481125,-21891.0,215733,-19236.0
GOLD - COMMODITY EXCHANGE INC.,2021-03-02,265533,75895,-18548.0,7547.0,467008,-14117.0,189638,-26095.0
GOLD - COMMODITY EXCHANGE INC.,2021-03-09,254839,79676,-10694.0,3781.0,473871,6863.0,175163,-14475.0
GOLD - COMMODITY EXCHANGE INC.,2021-03-16,256237,76041,1398.0,-3635.0,476467,2596.0,180196,5033.0
GOLD - COMMODITY EXCHANGE INC.,2021-03-23,262774,88707,6537.0,12666.0,485457,8990.0,174067,-6129.0
GOLD - COMMODITY EXCHANGE INC.,2021-03-30,263453,95925,679.0,7218.0,467321,-18136.0,167528,-6539.0
GOLD - COMMODITY EXCHANGE INC.,2021-04-06,275703,86194,12250.0,-9731.0,463353,-3968.0,189509,21981.0
GOLD - COMMODITY EXCHANGE INC.,2021-04-13,269513,88639,-6190.0,2445.0,460733,-2620.0,180874,-8635.0
GOLD - COMMODITY EXCHANGE INC.,2021-04-20,275985,94487,6472.0,5848.0,471738,11005.0,181498,624.0
GOLD - COMMODITY EXCHANGE INC.,2021-04-27,270717,100098,-5268.0,5611.0,473305,1567.0,170619,-10879.0
GOLD - COMMODITY EXCHANGE INC.,2021-05-04,270194,99453,-523.0,-645.0,470341,-2964.0,170741,122.0
GOLD - COMMODITY EXCHANGE INC.,2021-05-11,282161,89906,11967.0,-9547.0,498693,28352.0,192255,21514.0
GOLD - COMMODITY EXCHANGE INC.,2021-05-18,290267,91378,8106.0,1472.0,520410,21717.0,198889,6634.0
GOLD - COMMODITY EXCHANGE INC.,2021-05-25,288266,73624,-2001.0,-17754.0,510164,-10246.0,214642,15753.0
GOLD - COMMODITY EXCHANGE INC.,2021-06-01,288826,75125,560.0,1501.0,489198,-20966.0,213701,-941.0
GOLD - COMMODITY EXCHANGE INC.,2021-06-08,288781,79394,-45.0,4269.0,491858,2660.0,209387,-4314.0
GOLD - COMMODITY EXCHANGE INC.,2021-06-15,273947,81911,-14834.0,2517.0,480127,-11731.0,192036,-17351.0
GOLD - COMMODITY EXCHANGE INC.,2021-06-22,253153,86939,-20794.0,5028.0,453940,-26187.0,166214,-25822.0
GOLD - COMMODITY EXCHANGE INC.,2021-06-29,254206,91980,1053.0,5041.0,453360,-580.0,162226,-3988.0
GOLD - COMMODITY EXCHANGE INC.,2021-07-06,270545,87724,16339.0,-4256.0,465811,12451.0,182821,20595.0
GOLD - COMMODITY EXCHANGE INC.,2021-07-13,275543,84707,4998.0,-3017.0,495798,29987.0,190836,8015.0
GOLD - COMMODITY EXCHANGE INC.,2021-07-20,277312,81340,1769.0,-3367.0,490520,-5278.0,195972,5136.0
GOLD - COMMODITY EXCHANGE INC.,2021-07-27,273688,74300,-3624.0,-7040.0,500187,9667.0,199388,3416.0
GOLD - COMMODITY EXCHANGE INC.,2021-08-03,273143,76808,-545.0,2508.0,485663,-14524.0,196335,-3053.0
GOLD - COMMODITY EXCHANGE INC.,2021-08-10,277260,108854,4117.0,32046.0,477232,-8431.0,168406,-27929.0
GOLD - COMMODITY EXCHANGE INC.,2021-08-17,284437,92895,7177.0,-15959.0,485485,8253.0,191542,23136.0
GOLD - COMMODITY EXCHANGE INC.,2021-08-24,299084,88431,14647.0,-4464.0,504735,19250.0,210653,19111.0
GOLD - COMMODITY EXCHANGE INC.,2021-08-31,311004,94454,11920.0,6023.0,507113,2378.0,216550,5897.0
GOLD - COMMODITY EXCHANGE INC.,2021-09-07,306017,99978,-4987.0,5524.0,506772,-341.0,206039,-10511.0
GOLD - COMMODITY EXCHANGE INC.,2021-09-14,306988,99228,971.0,-750.0,506356,-416.0,207760,1721.0
GOLD - COMMODITY EXCHANGE INC.,2021-09-21,296670,109023,-10318.0,9795.0,492765,-13591.0,187647,-20113.0
GOLD - COMMODITY EXCHANGE INC.,2021-09-28,293814,125415,-2856.0,16392.0,490858,-1907.0,168399,-19248.0
GOLD - COMMODITY EXCHANGE INC.,2021-10-05,295939,113357,2125.0,-12058.0,483789,-7069.0,182582,14183.0
GOLD - COMMODITY EXCHANGE INC.,2021-10-12,298503,112964,2564.0,-393.0,484382,593.0,185539,2957.0
GOLD - COMMODITY EXCHANGE INC.,2021-10-19,299882,106533,1379.0,-6431.0,485974,1592.0,193349,7810.0
GOLD - COMMODITY EXCHANGE INC.,2021-10-26,313646,99086,13764.0,-7447.0,509794,23820.0,214560,21211.0
GOLD - COMMODITY EXCHANGE INC.,2021-11-02,311091,95962,-2555.0,-3124.0,507616,-2178.0,215129,569.0
GOLD - COMMODITY EXCHANGE INC.,2021-11-09,341111,90930,30020.0,-5032.0,571025,63409.0,250181,35052.0
GOLD - COMMODITY EXCHANGE INC.,2021-11-16,360529,100749,19418.0,9819.0,612612,41587.0,259780,9599.0
GOLD - COMMODITY EXCHANGE INC.,2021-11-23,326409,91998,-34120.0,-8751.0,559823,-52789.0,234411,-25369.0
GOLD - COMMODITY EXCHANGE INC.,2021-11-30,310253,84393,-16156.0,-7605.0,531868,-27955.0,225860,-8551.0
GOLD - COMMODITY EXCHANGE INC.,2021-12-07,300518,83333,-9735.0,-1060.0,499307,-32561.0,217185,-8675.0
GOLD - COMMODITY EXCHANGE INC.,2021-12-14,298142,95741,-2376.0,12408.0,503709,4402.0,202401,-14784.0
GOLD - COMMODITY EXCHANGE INC.,2021-12-21,296628,90817,-1514.0,-4924.0,500846,-2863.0,205811,3410.0
GOLD - COMMODITY EXCHANGE INC.,2021-12-28,303879,90723,7251.0,-94.0,508912,8066.0,213156,7345.0
GOLD - COMMODITY EXCHANGE INC.,2022-01-04,296583,85228,-7296.0,-5495.0,502717,-6195.0,211355,-1801.0
GOLD - COMMODITY EXCHANGE INC.,2022-01-11,290102,90365,-6481.0,5137.0,546516,43799.0,199737,-11618.0
GOLD - COMMODITY EXCHANGE INC.,2022-01-18,290528,96321,426.0,5956.0,539204,-7312.0,194207,-5530.0
GOLD - COMMODITY EXCHANGE INC.,2022-01-25,313415,93264,22887.0,-3057.0,572078,32874.0,220151,25944.0
GOLD - COMMODITY EXCHANGE INC.,2022-02-01,275994,103852,-37421.0,10588.0,515331,-56747.0,172142,-48009.0
GOLD - COMMODITY EXCHANGE INC.,2022-02-08,279559,92853,3565.0,-10999.0,512842,-2489.0,186706,14564.0
GOLD - COMMODITY EXCHANGE INC.,2022-02-15,313269,99656,33710.0,6803.0,558645,45803.0,213613,26907.0
GOLD - COMMODITY EXCHANGE INC.,2022-02-22,350096,106948,36827.0,7292.0,611488,52843.0,243148,29535.0
GOLD - COMMODITY EXCHANGE INC.,2022-03-01,354177,96555,4081.0,-10393.0,615600,4112.0,257622,14474.0
GOLD - COMMODITY EXCHANGE INC.,2022-03-08,364618,90230,10441.0,-6325.0,638502,22902.0,274388,16766.0
GOLD - COMMODITY EXCHANGE INC.,2022-03-15,346731,84943,-17887.0,-5287.0,617605,-20897.0,261788,-12600.0
GOLD - COMMODITY EXCHANGE INC.,2022-03-22,328660,80628,-18071.0,-4315.0,605191,-12414.0,248032,-13756.0
GOLD - COMMODITY EXCHANGE INC.,2022-03-29,327632,70036,-1028.0,-10592.0,574521,-30670.0,257596,9564.0
GOLD - COMMODITY EXCHANGE INC.,2022-04-05,324570,79029,-3062.0,8993.0,560666,-13855.0,245541,-12055.0
GOLD - COMMODITY EXCHANGE INC.,2022-04-12,338164,83877,13594.0,4848.0,577639,16973.0,254287,8746.0
GOLD - COMMODITY EXCHANGE INC.,2022-04-19,330745,90988,-7419.0,7111.0,575202,-2437.0,239757,-14530.0
GOLD - COMMODITY EXCHANGE INC.,2022-04-26,310511,92487,-20234.0,1499.0,557785,-17417.0,218024,-21733.0
GOLD - COMMODITY EXCHANGE INC.,2022-05-03,293439,94271,-17072.0,1784.0,560441,2656.0,199168,-18856.0
GOLD - COMMODITY EXCHANGE INC.,2022-05-10,288947,95632,-4492.0,1361.0,571447,11006.0,193315,-5853.0
GOLD - COMMODITY EXCHANGE INC.,2022-05-17,283011,107651,-5936.0,12019.0,555756,-15691.0,175360,-17955.0
GOLD - COMMODITY EXCHANGE INC.,2022-05-24,282202,98389,-809.0,-9262.0,530098,-25658.0,183813,8453.0
GOLD - COMMODITY EXCHANGE INC.,2022-05-31,269459,96870,-12743.0,-1519.0,513722,-16376.0,172589,-11224.0
GOLD - COMMODITY EXCHANGE INC.,2022-06-07,270356,95088,897.0,-1782.0,494130,-19592.0,175268,2679.0
GOLD - COMMODITY EXCHANGE INC.,2022-06-14,266596,111998,-3760.0,16910.0,497456,3326.0,154598,-20670.0
GOLD - COMMODITY EXCHANGE INC.,2022-06-21,268119,104832,1523.0,-7166.0,500276,2820.0,163287,8689.0
GOLD - COMMODITY EXCHANGE INC.,2022-06-28,268712,111019,593.0,6187.0,497005,-3271.0,157693,-5594.0
GOLD - COMMODITY EXCHANGE INC.,2022-07-05,267806,122146,-906.0,11127.0,498210,1205.0,145660,-12033.0
GOLD - COMMODITY EXCHANGE INC.,2022-07-12,251126,133005,-16680.0,10859.0,542493,44283.0,118121,-27539.0
GOLD - COMMODITY EXCHANGE INC.,2022-07-19,241004,146049,-10122.0,13044.0,524786,-17707.0,94955,-23166.0
GOLD - COMMODITY EXCHANGE INC.,2022-07-26,241661,148971,657.0,2922.0,487515,-37271.0,92690,-2265.0
GOLD - COMMODITY EXCHANGE INC.,2022-08-02,242128,117802,467.0,-31169.0,459649,-27866.0,124326,31636.0
GOLD - COMMODITY EXCHANGE INC.,2022-08-09,242906,100055,778.0,-17747.0,453540,-6109.0,142851,18525.0
GOLD - COMMODITY EXCHANGE INC.,2022-08-16,238196,97032,-4710.0,-3023.0,453960,420.0,141164,-1687.0
GOLD - COMMODITY EXCHANGE INC.,2022-08-23,237427,111580,-769.0,14548.0,457762,3802.0,125847,-15317.0
GOLD - COMMODITY EXCHANGE INC.,2022-08-30,235314,117580,-2113.0,6000.0,459165,1403.0,117734,-8113.0
GOLD - COMMODITY EXCHANGE INC.,2022-09-06,231527,127670,-3787.0,10090.0,465908,6743.0,103857,-13877.0
GOLD - COMMODITY EXCHANGE INC.,2022-09-13,225932,128588,-5595.0,918.0,463674,-2234.0,97344,-6513.0
GOLD - COMMODITY EXCHANGE INC.,2022-09-20,214557,148835,-11375.0,20247.0,469395,5721.0,65722,-31622.0
GOLD - COMMODITY EXCHANGE INC.,2022-09-27,207154,155073,-7403.0,6238.0,457061,-12334.0,52081,-13641.0
GOLD - COMMODITY EXCHANGE INC.,2022-10-04,215964,127579,8810.0,-27494.0,437065,-19996.0,88385,36304.0
GOLD - COMMODITY EXCHANGE INC.,2022-10-11,212561,118141,-3403.0,-9438.0,431395,-5670.0,94420,6035.0
GOLD - COMMODITY EXCHANGE INC.,2022-10-18,210890,133934,-1671.0,15793.0,434701,3306.0,76956,-17464.0
GOLD - COMMODITY EXCHANGE INC.,2022-10-25,212853,144821,1963.0,10887.0,456072,21371.0,68032,-8924.0
GOLD - COMMODITY EXCHANGE INC.,2022-11-01,216341,151718,3488.0,6897.0,467276,11204.0,64623,-3409.0
GOLD - COMMODITY EXCHANGE INC.,2022-11-08,223135,140797,6794.0,-10921.0,488471,21195.0,82338,17715.0
GOLD - COMMODITY EXCHANGE INC.,2022-11-15,227282,101013,4147.0,-39784.0,495171,6700.0,126269,43931.0
GOLD - COMMODITY EXCHANGE INC.,2022-11-22,214284,98171,-12998.0,-2842.0,449542,-45629.0,116113,-10156.0
GOLD - COMMODITY EXCHANGE INC.,2022-11-29,209161,99158,-5123.0,987.0,433661,-15881.0,110003,-6110.0
GOLD - COMMODITY EXCHANGE INC.,2022-12-06,211472,96347,2311.0,-2811.0,422100,-11561.0,115125,5122.0
GOLD - COMMODITY EXCHANGE INC.,2022-12-13,224409,98760,12937.0,2413.0,437040,14940.0,125649,10524.0
GOLD - COMMODITY EXCHANGE INC.,2022-12-20,226136,97288,1727.0,-1472.0,436653,-387.0,128848,3199.0
GOLD - COMMODITY EXCHANGE INC.,2022-12-27,229525,92645,3389.0,-4643.0,440040,3387.0,136880,8032.0
GOLD - COMMODITY EXCHANGE INC.,2023-01-03,230801,89135,1276.0,-3510.0,449393,9353.0,141666,4786.0
GOLD - COMMODITY EXCHANGE INC.,2023-01-10,243566,93031,12765.0,3896.0,481519,32126.0,150535,8869.0
GOLD - COMMODITY EXCHANGE INC.,2023-01-17,246874,93634,3308.0,603.0,491818,10299.0,153240,2705.0
GOLD - COMMODITY EXCHANGE INC.,2023-01-24,253311,95638,6437.0,2004.0,499927,8109.0,157673,4433.0
GOLD - COMMODITY EXCHANGE INC.,2023-01-31,256417,96136,3106.0,498.0,471642,-28285.0,160281,2608.0
GOLD - COMMODITY EXCHANGE INC.,2023-02-07,223298,94483,-33119.0,-1653.0,439755,-31887.0,128815,-31466.0
GOLD - COMMODITY EXCHANGE INC.,2023-02-14,210374,104845,-12924.0,10362.0,426116,-13639.0,105529,-23286.0
GOLD - COMMODITY EXCHANGE INC.,2023-02-21,210185,103084,-189.0,-1761.0,422648,-3468.0,107101,1572.0
GOLD - COMMODITY EXCHANGE INC.,2023-02-28,208419,99826,-1766.0,-3258.0,426890,4242.0,108593,1492.0
GOLD - COMMODITY EXCHANGE INC.,2023-03-07,215574,117100,7155.0,17274.0,458474,31584.0,98474,-10119.0
GOLD - COMMODITY EXCHANGE INC.,2023-03-14,230823,90492,15249.0,-26608.0,459064,590.0,140331,41857.0
GOLD - COMMODITY EXCHANGE INC.,2023-03-21,237891,79286,7068.0,-11206.0,469874,10810.0,158605,18274.0
GOLD - COMMODITY EXCHANGE INC.,2023-03-28,245135,63505,7244.0,-15781.0,478611,8737.0,181630,23025.0
GOLD - COMMODITY EXCHANGE INC.,2023-04-04,266164,70948,21029.0,7443.0,476592,-2019.0,195216,13586.0
GOLD - COMMODITY EXCHANGE INC.,2023-04-11,260165,67420,-5999.0,-3528.0,476567,-25.0,192745,-2471.0
GOLD - COMMODITY EXCHANGE INC.,2023-04-18,260061,70168,-104.0,2748.0,482254,5687.0,189893,-2852.0
GOLD - COMMODITY EXCHANGE INC.,2023-04-25,253186,67922,-6875.0,-2246.0,473209,-9045.0,185264,-4629.0
GOLD - COMMODITY EXCHANGE INC.,2023-05-02,262413,66846,9227.0,-1076.0,493804,20595.0,195567,10303.0
GOLD - COMMODITY EXCHANGE INC.,2023-05-09,266472,70658,4059.0,3812.0,518951,25147.0,195814,247.0
GOLD - COMMODITY EXCHANGE INC.,2023-05-16,255250,75436,-11222.0,4778.0,521832,2881.0,179814,-16000.0
GOLD - COMMODITY EXCHANGE INC.,2023-05-23,236149,75417,-19101.0,-19.0,479080,-42752.0,160732,-19082.0
GOLD - COMMODITY EXCHANGE INC.,2023-05-30,237306,67990,1157.0,-7427.0,449515,-29565.0,169316,8584.0
GOLD - COMMODITY EXCHANGE INC.,2023-06-06,237467,61826,161.0,-6164.0,436301,-13214.0,175641,6325.0
GOLD - COMMODITY EXCHANGE INC.,2023-06-13,227317,67108,-10150.0,5282.0,432898,-3403.0,160209,-15432.0
GOLD - COMMODITY EXCHANGE INC.,2023-06-20,229308,66333,1991.0,-775.0,438037,5139.0,162975,2766.0
GOLD - COMMODITY EXCHANGE INC.,2023-06-27,220881,68971,-8427.0,2638.0,431861,-6176.0,151910,-11065.0
GOLD - COMMODITY EXCHANGE INC.,2023-07-03,235081,71984,14200.0,3013.0,448063,16202.0,163097,11187.0
GOLD - COMMODITY EXCHANGE INC.,2023-07-11,240546,74792,5465.0,2808.0,483170,35107.0,165754,2657.0
GOLD - COMMODITY EXCHANGE INC.,2023-07-18,263740,70392,23194.0,-4400.0,482104,-1066.0,193348,27594.0
GOLD - COMMODITY EXCHANGE INC.,2023-07-25,248229,74590,-15511.0,4198.0,476176,-5928.0,173639,-19709.0
GOLD - COMMODITY EXCHANGE INC.,2023-08-01,238985,74061,-9244.0,-529.0,439383,-36793.0,164924,-8715.0
GOLD - COMMODITY EXCHANGE INC.,2023-08-08,228846,85861,-10139.0,11800.0,427759,-11624.0,142985,-21939.0
GOLD - COMMODITY EXCHANGE INC.,2023-08-15,233078,111942,4232.0,26081.0,433611,5852.0,121136,-21849.0
GOLD - COMMODITY EXCHANGE INC.,2023-08-22,226340,124394,-6738.0,12452.0,430239,-3372.0,101946,-19190.0
GOLD - COMMODITY EXCHANGE INC.,2023-08-29,236054,112782,9714.0,-11612.0,442806,12567.0,123272,21326.0
GOLD - COMMODITY EXCHANGE INC.,2023-09-05,235802,97796,-252.0,-14986.0,438672,-4134.0,138006,14734.0
GOLD - COMMODITY EXCHANGE INC.,2023-09-12,235704,111840,-98.0,14044.0,441221,2549.0,123864,-14142.0
GOLD - COMMODITY EXCHANGE INC.,2023-09-19,237716,102553,2012.0,-9287.0,438078,-3143.0,135163,11299.0
GOLD - COMMODITY EXCHANGE INC.,2023-09-26,235560,119745,-2156.0,17192.0,435620,-2458.0,115815,-19348.0
GOLD - COMMODITY EXCHANGE INC.,2023-10-03,228406,137180,-7154.0,17435.0,431226,-4394.0,91226,-24589.0
GOLD - COMMODITY EXCHANGE INC.,2023-10-10,220332,148899,-8074.0,11719.0,436499,5273.0,71433,-19793.0
GOLD - COMMODITY EXCHANGE INC.,2023-10-17,231412,118674,11080.0,-30225.0,439581,3082.0,112738,41305.0
GOLD - COMMODITY EXCHANGE INC.,2023-10-24,251469,102084,20057.0,-16590.0,463476,23895.0,149385,36647.0
GOLD - COMMODITY EXCHANGE INC.,2023-10-31,261053,97628,9584.0,-4456.0,475808,12332.0,163425,14040.0
GOLD - COMMODITY EXCHANGE INC.,2023-11-07,261653,95437,600.0,-2191.0,484347,8539.0,166216,2791.0
GOLD - COMMODITY EXCHANGE INC.,2023-11-14,254352,98976,-7301.0,3539.0,486634,2287.0,155376,-10840.0
GOLD - COMMODITY EXCHANGE INC.,2023-11-21,269701,97996,15349.0,-980.0,508429,21795.0,171705,16329.0
GOLD - COMMODITY EXCHANGE INC.,2023-11-28,289845,89761,20144.0,-8235.0,505658,-2771.0,200084,28379.0
GOLD - COMMODITY EXCHANGE INC.,2023-12-05,288840,85296,-1005.0,-4465.0,487469,-18189.0,203544,3460.0
GOLD - COMMODITY EXCHANGE INC.,2023-12-12,273536,85303,-15304.0,7.0,469939,-17530.0,188233,-15311.0
GOLD - COMMODITY EXCHANGE INC.,2023-12-19,280972,79633,7436.0,-5670.0,481203,11264.0,201339,13106.0
GOLD - COMMODITY EXCHANGE INC.,2023-12-26,289843,82125,8871.0,2492.0,491343,10140.0,207718,6379.0
GOLD - COMMODITY EXCHANGE INC.,2024-01-02,290706,83057,863.0,932.0,500364,9021.0,207649,-69.0
GOLD - COMMODITY EXCHANGE INC.,2024-01-09,271665,83051,-19041.0,-6.0,489849,-10515.0,188614,-19035.0
GOLD - COMMODITY EXCHANGE INC.,2024-01-16,262360,82467,-9305.0,-584.0,489334,-515.0,179893,-8721.0
GOLD - COMMODITY EXCHANGE INC.,2024-01-23,241100,71626,-21260.0,-10841.0,465872,-23462.0,169474,-10419.0
GOLD - COMMODITY EXCHANGE INC.,2024-01-30,219222,71431,-21878.0,-195.0,430328,-35544.0,147791,-21683.0
GOLD - COMMODITY EXCHANGE INC.,2024-02-06,228623,66885,9401.0,-4546.0,419121,-11207.0,161738,13947.0
GOLD - COMMODITY EXCHANGE INC.,2024-02-13,217505,86337,-11118.0,19452.0,420812,1691.0,131168,-30570.0
GOLD - COMMODITY EXCHANGE INC.,2024-02-20,211034,70772,-6471.0,-15565.0,407063,-13749.0,140262,9094.0
GOLD - COMMODITY EXCHANGE INC.,2024-02-27,214948,73312,3914.0,2540.0,411195,4132.0,141636,1374.0
GOLD - COMMODITY EXCHANGE INC.,2024-03-05,264148,72855,49200.0,-457.0,471616,60421.0,191293,49657.0
GOLD - COMMODITY EXCHANGE INC.,2024-03-12,283062,81460,18914.0,8605.0,516057,44441.0,201602,10309.0
GOLD - COMMODITY EXCHANGE INC.,2024-03-19,278732,77130,-4330.0,-4330.0,535047,18990.0,201602,0.0
GOLD - COMMODITY EXCHANGE INC.,2024-03-26,265647,66353,-13085.0,-10777.0,503642,-31405.0,199294,-2308.0
GOLD - COMMODITY EXCHANGE INC.,2024-04-02,281399,74149,15752.0,7796.0,500045,-3597.0,207250,7956.0
GOLD - COMMODITY EXCHANGE INC.,2024-04-09,279799,77380,-1600.0,3231.0,505214,5169.0,202419,-4831.0
GOLD - COMMODITY EXCHANGE INC.,2024-04-16,278777,76854,-1022.0,-526.0,517193,11979.0,201923,-496.0
GOLD - COMMODITY EXCHANGE INC.,2024-04-23,279535,76644,758.0,-210.0,516249,-944.0,202891,968.0
GOLD - COMMODITY EXCHANGE INC.,2024-04-30,278850,74640,-685.0,-2004.0,519791,3542.0,204210,1319.0
GOLD - COMMODITY EXCHANGE INC.,2024-05-07,272144,72577,-6706.0,-2063.0,529835,10044.0,199567,-4643.0
GOLD - COMMODITY EXCHANGE INC.,2024-05-14,277642,73146,5498.0,569.0,522952,-6883.0,204496,4929.0
GOLD - COMMODITY EXCHANGE INC.,2024-05-21,300729,70923,23087.0,-2223.0,530591,7639.0,229806,25310.0
GOLD - COMMODITY EXCHANGE INC.,2024-05-28,286737,50152,-13992.0,-20771.0,485430,-45161.0,236585,6779.0
GOLD - COMMODITY EXCHANGE INC.,2024-06-04,284566,47264,-2171.0,-2888.0,447488,-37942.0,237302,717.0
GOLD - COMMODITY EXCHANGE INC.,2024-06-11,276769,42843,-7797.0,-4421.0,436857,-10631.0,233926,-3376.0
GOLD - COMMODITY EXCHANGE INC.,2024-06-18,287147,44063,10378.0,1220.0,444345,7488.0,243084,9158.0
GOLD - COMMODITY EXCHANGE INC.,2024-06-25,284885,38656,-2262.0,-5407.0,452190,7845.0,246229,3145.0
GOLD - COMMODITY EXCHANGE INC.,2024-07-02,280117,38574,-4768.0,-82.0,454730,2540.0,241543,-4686.0
GOLD - COMMODITY EXCHANGE INC.,2024-07-09,303043,48268,22926.0,9694.0,516324,61594.0,254775,13232.0
GOLD - COMMODITY EXCHANGE INC.,2024-07-16,349827,64803,46784.0,16535.0,579862,63538.0,285024,30249.0
GOLD - COMMODITY EXCHANGE INC.,2024-07-23,341600,68526,-8227.0,3723.0,572306,-7556.0,273074,-11950.0
GOLD - COMMODITY EXCHANGE INC.,2024-07-30,313364,66763,-28236.0,-1763.0,510914,-61392.0,246601,-26473.0
GOLD - COMMODITY EXCHANGE INC.,2024-08-06,298119,59370,-15245.0,-7393.0,480645,-30269.0,238749,-7852.0
GOLD - COMMODITY EXCHANGE INC.,2024-08-13,328769,61505,30650.0,2135.0,505872,25227.0,267264,28515.0
GOLD - COMMODITY EXCHANGE INC.,2024-08-20,355551,64298,26782.0,2793.0,532867,26995.0,291253,23989.0
GOLD - COMMODITY EXCHANGE INC.,2024-08-27,343330,48885,-12221.0,-15413.0,521759,-11108.0,294445,3192.0
GOLD - COMMODITY EXCHANGE INC.,2024-09-03,339157,51599,-4173.0,2714.0,511136,-10623.0,287558,-6887.0
GOLD - COMMODITY EXCHANGE INC.,2024-09-10,340006,57505,849.0,5906.0,511501,365.0,282501,-5057.0
GOLD - COMMODITY EXCHANGE INC.,2024-09-17,369734,59668,29728.0,2163.0,537627,26126.0,310066,27565.0
GOLD - COMMODITY EXCHANGE INC.,2024-09-24,387572,72182,17838.0,12514.0,564640,27013.0,315390,5324.0
GOLD - COMMODITY EXCHANGE INC.,2024-10-01,370051,70120,-17521.0,-2062.0,533107,-31533.0,299931,-15459.0
GOLD - COMMODITY EXCHANGE INC.,2024-10-08,348891,70711,-21160.0,591.0,520316,-12791.0,278180,-21751.0
GOLD - COMMODITY EXCHANGE INC.,2024-10-15,357494,71060,8603.0,349.0,541232,20916.0,286434,8254.0
GOLD - COMMODITY EXCHANGE INC.,2024-10-22,371813,75609,14319.0,4549.0,573760,32528.0,296204,9770.0
GOLD - COMMODITY EXCHANGE INC.,2024-10-29,366636,87983,-5177.0,12374.0,579468,5708.0,278653,-17551.0
GOLD - COMMODITY EXCHANGE INC.,2024-11-05,336816,81487,-29820.0,-6496.0,558034,-21434.0,255329,-23324.0
GOLD - COMMODITY EXCHANGE INC.,2024-11-12,316225,79774,-20591.0,-1713.0,535981,-22053.0,236451,-18878.0
GOLD - COMMODITY EXCHANGE INC.,2024-11-19,309354,74987,-6871.0,-4787.0,502952,-33029.0,234367,-2084.0
GOLD - COMMODITY EXCHANGE INC.,2024-11-26,303401,53063,-5953.0,-21924.0,472660,-30292.0,250338,15971.0
GOLD - COMMODITY EXCHANGE INC.,2024-12-03,307611,47875,4210.0,-5188.0,462040,-10620.0,259736,9398.0
GOLD - COMMODITY EXCHANGE INC.,2024-12-10,324332,48746,16721.0,871.0,483346,21306.0,275586,15850.0
GOLD - COMMODITY EXCHANGE INC.,2024-12-17,302978,40937,-21354.0,-7809.0,466571,-16775.0,262041,-13545.0
GOLD - COMMODITY EXCHANGE INC.,2024-12-24,289416,41787,-13562.0,850.0,454646,-11925.0,247629,-14412.0
GOLD - COMMODITY EXCHANGE INC.,2024-12-31,282907,35628,-6509.0,-6159.0,458584,3938.0,247279,-350.0
GOLD - COMMODITY EXCHANGE INC.,2025-01-07,291721,36810,8814.0,1182.0,477043,18459.0,254911,7632.0
GOLD - COMMODITY EXCHANGE INC.,2025-01-14,312568,33205,20847.0,-3605.0,526467,49424.0,279363,24452.0
GOLD - COMMODITY EXCHANGE INC.,2025-01-21,337289,36505,24721.0,3300.0,571387,44920.0,300784,21421.0
GOLD - COMMODITY EXCHANGE INC.,2025-01-28,338371,38962,1082.0,2457.0,577505,6118.0,299409,-1375.0
GOLD - COMMODITY EXCHANGE INC.,2025-02-04,356500,53992,18129.0,15030.0,542004,-35501.0,302508,3099.0
GOLD - COMMODITY EXCHANGE INC.,2025-02-11,343766,59262,-12734.0,5270.0,528719,-13285.0,284504,-18004.0
GOLD - COMMODITY EXCHANGE INC.,2025-02-18,334043,65369,-9723.0,6107.0,522330,-6389.0,268674,-15830.0
GOLD - COMMODITY EXCHANGE INC.,2025-02-25,316948,55323,-17095.0,-10046.0,512179,-10151.0,261625,-7049.0
GOLD - COMMODITY EXCHANGE INC.,2025-03-04,303132,59871,-13816.0,4548.0,489270,-22909.0,243261,-18364.0
GOLD - COMMODITY EXCHANGE INC.,2025-03-11,296172,60072,-6960.0,201.0,511276,22006.0,236100,-7161.0
GOLD - COMMODITY EXCHANGE INC.,2025-03-18,321654,63722,25482.0,3650.0,533566,22290.0,257932,21832.0
GOLD - COMMODITY EXCHANGE INC.,2025-03-25,316572,66776,-5082.0,3054.0,511482,-22084.0,249796,-8136.0
GOLD - COMMODITY EXCHANGE INC.,2025-04-01,327936,89502,11364.0,22726.0,498746,-12736.0,238434,-11362.0
GOLD - COMMODITY EXCHANGE INC.,2025-04-08,269833,69118,-58103.0,-20384.0,445468,-53278.0,200715,-37719.0
GOLD - COMMODITY EXCHANGE INC.,2025-04-15,271707,69497,1874.0,379.0,456628,11160.0,202210,1495.0
GOLD - COMMODITY EXCHANGE INC.,2025-04-22,258896,83518,-12811.0,14021.0,465351,8723.0,175378,-26832.0
GOLD - COMMODITY EXCHANGE INC.,2025-04-29,240377,77059,-18519.0,-6459.0,451868,-13483.0,163318,-12060.0
GOLD - COMMODITY EXCHANGE INC.,2025-05-06,237445,74948,-2932.0,-2111.0,452414,546.0,162497,-821.0
GOLD - COMMODITY EXCHANGE INC.,2025-05-13,238191,76982,746.0,2034.0,440842,-11572.0,161209,-1288.0
GOLD - COMMODITY EXCHANGE INC.,2025-05-20,238062,74081,-129.0,-2901.0,448000,7158.0,163981,2772.0
GOLD - COMMODITY EXCHANGE INC.,2025-05-27,234087,59903,-3975.0,-14178.0,437538,-10462.0,174184,10203.0
GOLD - COMMODITY EXCHANGE INC.,2025-06-03,246982,59077,12895.0,-826.0,415941,-21597.0,187905,13721.0
GOLD - COMMODITY EXCHANGE INC.,2025-06-10,245995,58514,-987.0,-563.0,417143,1202.0,187481,-424.0
GOLD - COMMODITY EXCHANGE INC.,2025-06-17,260586,59938,14591.0,1424.0,441214,24071.0,200648,13167.0
GOLD - COMMODITY EXCHANGE INC.,2025-06-24,256077,61073,-4509.0,1135.0,434958,-6256.0,195004,-5644.0
GOLD - COMMODITY EXCHANGE INC.,2025-07-01,258631,56651,2554.0,-4422.0,437662,2704.0,201980,6976.0
GOLD - COMMODITY EXCHANGE INC.,2025-07-08,261685,58717,3054.0,2066.0,443144,5482.0,202968,988.0
GOLD - COMMODITY EXCHANGE INC.,2025-07-15,270227,57112,8542.0,-1605.0,448531,5387.0,213115,10147.0
GOLD - COMMODITY EXCHANGE INC.,2025-07-22,311949,58911,41722.0,1799.0,489423,40892.0,253038,39923.0
GOLD - COMMODITY EXCHANGE INC.,2025-07-29,281241,57645,-30708.0,-1266.0,445259,-44164.0,223596,-29442.0
GOLD - COMMODITY EXCHANGE INC.,2025-08-05,292194,55144,10953.0,-2501.0,449647,4388.0,237050,13454.0
GOLD - COMMODITY EXCHANGE INC.,2025-08-12,288115,58630,-4079.0,3486.0,446152,-3495.0,229485,-7565.0
GOLD - COMMODITY EXCHANGE INC.,2025-08-19,275277,62687,-12838.0,4057.0,438541,-7611.0,212590,-16895.0
GOLD - COMMODITY EXCHANGE INC.,2025-08-26,275767,61456,490.0,-1231.0,443760,5219.0,214311,1721.0
GOLD - COMMODITY EXCHANGE INC.,2025-09-02,315796,66266,40029.0,4810.0,492908,49148.0,249530,35219.0
GOLD - COMMODITY EXCHANGE INC.,2025-09-09,324875,63135,9079.0,-3131.0,509625,16717.0,261740,12210.0
GOLD - COMMODITY EXCHANGE INC.,2025-09-16,326778,60368,1903.0,-2767.0,516221,6596.0,266410,4670.0
GOLD - COMMODITY EXCHANGE INC.,2025-09-23,332808,66059,6030.0,5691.0,528789,12568.0,266749,339.0
GOLD - COMMODITY EXCHANGE INC.,2025-09-30,318804,65896,-14004.0,-163.0,493748,-35041.0,252908,-13841.0
GOLD - COMMODITY EXCHANGE INC.,2025-10-07,300798,68842,-18006.0,2946.0,485559,-8189.0,231956,-20952.0
GOLD - COMMODITY EXCHANGE INC.,2025-10-14,278405,74489,-22393.0,5647.0,485788,229.0,203916,-28040.0
GOLD - COMMODITY EXCHANGE INC.,2025-10-21,253851,77242,-24554.0,2753.0,472421,-13367.0,176609,-27307.0
GOLD - COMMODITY EXCHANGE INC.,2025-10-28,266308,61644,12457.0,-15598.0,457122,-15299.0,204664,28055.0
GOLD - COMMODITY EXCHANGE INC.,2025-11-04,256572,54265,-9736.0,-7379.0,450399,-6723.0,202307,-2357.0
GOLD - COMMODITY EXCHANGE INC.,2025-11-10,265916,58847,9344.0,4582.0,459997,9598.0,207069,4762.0
GOLD - COMMODITY EXCHANGE INC.,2025-11-18,269556,59217,3640.0,370.0,471953,11956.0,210339,3270.0
GOLD - COMMODITY EXCHANGE INC.,2025-11-25,253266,48678,-16290.0,-10539.0,432946,-39007.0,204588,-5751.0
GOLD - COMMODITY EXCHANGE INC.,2025-12-02,261331,43771,8065.0,-4907.0,418490,-14456.0,217560,12972.0
GOLD - COMMODITY EXCHANGE INC.,2025-12-09,268485,44599,7154.0,828.0,432569,14079.0,223886,6326.0
GOLD - COMMODITY EXCHANGE INC.,2025-12-16,280920,46942,12435.0,2343.0,471093,38524.0,233978,10092.0
GOLD - COMMODITY EXCHANGE INC.,2025-12-23,290161,49461,9241.0,2519.0,492103,21010.0,240700,6722.0
GOLD - COMMODITY EXCHANGE INC.,2025-12-30,275592,44419,-14569.0,-5042.0,481866,-10237.0,231173,-9527.0
GOLD - COMMODITY EXCHANGE INC.,2026-01-06,274435,46803,-1157.0,2384.0,488116,6250.0,227632,-3541.0
GOLD - COMMODITY EXCHANGE INC.,2026-01-13,296183,44945,21748.0,-1858.0,527455,39339.0,251238,23606.0
GOLD - COMMODITY EXCHANGE INC.,2026-01-20,295772,51002,-411.0,6057.0,528004,549.0,244770,-6468.0
GOLD - COMMODITY EXCHANGE INC.,2026-01-27,252100,46704,-43672.0,-4298.0,488463,-39541.0,205396,-39374.0
GOLD - COMMODITY EXCHANGE INC.,2026-02-03,214508,48904,-37592.0,2200.0,409694,-78769.0,165604,-39792.0
GOLD - COMMODITY EXCHANGE INC.,2026-02-10,212808,52796,-1700.0,3892.0,404391,-5303.0,160012,-5592.0
GOLD - COMMODITY EXCHANGE INC.,2026-02-17,213432,53517,624.0,721.0,407078,2687.0,159915,-97.0
GOLD - COMMODITY EXCHANGE INC.,2026-02-24,211649,52472,-1783.0,-1045.0,420182,13104.0,159177,-738.0
GOLD - COMMODITY EXCHANGE INC.,2026-03-03,213752,53607,2103.0,1135.0,409789,-10393.0,160145,968.0
GOLD - COMMODITY EXCHANGE INC.,2026-03-10,215445,52313,1693.0,-1294.0,413956,4167.0,163132,2987.0
GOLD - COMMODITY EXCHANGE INC.,2026-03-17,215961,56092,516.0,3779.0,411388,-2568.0,159869,-3263.0
GOLD - COMMODITY EXCHANGE INC.,2026-03-24,220861,52534,4900.0,-3558.0,403925,-7463.0,168327,8458.0
GOLD - COMMODITY EXCHANGE INC.,2026-03-31,207602,44400,-13259.0,-8134.0,361409,-42516.0,163202,-5125.0
GOLD - COMMODITY EXCHANGE INC.,2026-04-07,205368,49063,-2234.0,4663.0,354877,-6532.0,156305,-6897.0
GOLD - COMMODITY EXCHANGE INC.,2026-04-14,210009,47483,4641.0,-1580.0,362274,7397.0,162526,6221.0
GOLD - COMMODITY EXCHANGE INC.,2026-04-21,212893,48887,2884.0,1404.0,365842,3568.0,164006,1480.0
GOLD - COMMODITY EXCHANGE INC.,2026-04-28,211818,52247,-1075.0,3360.0,369530,3688.0,159571,-4435.0
GOLD - COMMODITY EXCHANGE INC.,2026-05-05,211814,48511,-4.0,-3736.0,367932,-1598.0,163303,3732.0
GOLD - COMMODITY EXCHANGE INC.,2026-05-12,219793,48171,7979.0,-340.0,376496,8564.0,171622,8319.0
GOLD - COMMODITY EXCHANGE INC.,2026-05-19,211018,51185,-8775.0,3014.0,379325,2829.0,159833,-11789.0
GOLD - COMMODITY EXCHANGE INC.,2026-05-26,200704,46444,-10314.0,-4741.0,353489,-25836.0,154260,-5573.0
GOLD - COMMODITY EXCHANGE INC.,2026-06-02,206096,30076,5392.0,-16368.0,326052,-27437.0,176020,21760.0
GOLD - COMMODITY EXCHANGE INC.,2026-06-09,207984,34147,1888.0,4071.0,332709,6657.0,173837,-2183.0
GOLD - COMMODITY EXCHANGE INC.,2026-06-16,211127,30907,3143.0,-3240.0,339330,6621.0,180220,6383.0
GOLD - COMMODITY EXCHANGE INC.,2026-06-23,217028,35689,5901.0,4782.0,352167,12837.0,181339,1119.0
GOLD - COMMODITY EXCHANGE INC.,2026-06-30,229619,35600,12591.0,-89.0,369541,17374.0,194019,12680.0
GOLD - COMMODITY EXCHANGE INC.,2026-07-07,233713,39467,4094.0,3867.0,371776,2235.0,194246,227.0
GOLD - COMMODITY EXCHANGE INC.,2026-07-14,227310,40628,-6403.0,1161.0,383689,11913.0,186682,-7564.0
GOLD - COMMODITY EXCHANGE INC.,2026-07-21,224785,40875,-2525.0,247.0,383368,-321.0,183910,-2772.0
GOLD - COMMODITY EXCHANGE INC.,2026-07-28,219622,37552,-5163.0,-3323.0,384603,1235.0,182070,-1840.0
GOLD - COMMODITY EXCHANGE INC.,2026-08-04,227013,29379,7391.0,-8173.0,371551,-13052.0,197634,15564.0
GOLD - COMMODITY EXCHANGE INC.,2026-08-11,250936,32996,23923.0,3617.0,400309,28758.0,217940,20306.0
GOLD - COMMODITY EXCHANGE INC.,2026-08-18,256902,34713,5966.0,1717.0,406260,5951.0,222189,4249.0
GOLD - COMMODITY EXCHANGE INC.,2026-08-25,277159,33825,20257.0,-888.0,427957,21697.0,243334,21145.0
GOLD - COMMODITY EXCHANGE INC.,2026-09-01,260485,32361,-16674.0,-1464.0,415196,-12761.0,228124,-15210.0
GOLD - COMMODITY EXCHANGE INC.,2026-09-08,261007,29047,522.0,-3314.0,411227,-3969.0,231960,3836.0
GOLD - COMMODITY EXCHANGE INC.,2026-09-15,258059,27721,-2948.0,-1326.0,409899,-1328.0,230338,-1622.0
GOLD - COMMODITY EXCHANGE INC.,2026-09-22,253982,28129,-4077.0,408.0,412800,2901.0,225853,-4485.0
