Market and Exchange Names,As of Date in Form YYYY-MM-DD,Noncommercial Positions-Long (All),Noncommercial Positions-Short (All),Change in Noncommercial-Long (All),Change in Noncommercial-Short (All),Open Interest (All),Change in Open Interest (All),Net Positions,Change Net Positions
JAPANESE YEN - INTERNATIONAL MONETARY MARKET,1986-01-15,7668,715,,,23231,,6953,
JAPANESE YEN - INTERNATIONAL MONETARY MARKET,1986-01-31,14509,1331,6841.0,616.0,31732,8501.0,13178,6225.0
JAPANESE YEN - INTERNATIONAL MONETARY MARKET,1986-02-14,12512,2195,-1997.0,864.0,34452,2720.0,10317,-2861.0
JAPANESE YEN - INTERNATIONAL MONETARY MARKET,1986-02-28,11829,1748,-683.0,-447.0,33792,-660.0,10081,-236.0
JAPANESE YEN - INTERNATIONAL MONETARY MARKET,1986-03-14,18786,4165,6957.0,2417.0,47322,13530.0,14621,4540.0
JAPANESE YEN - INTERNATIONAL MONETARY MARKET,1986-03-31,16358,1689,-2428.0,-2476.0,31305,-16017.0,14669,48.0
JAPANESE YEN - INTERNATIONAL MONETARY MARKET,1986-04-15,10584,4091,-5774.0,2402.0,28691,-2614.0,6493,-8176.0
JAPANESE YEN - INTERNATIONAL MONETARY MARKET,1986-04-30,20589,2598,10005.0,-1493.0,38348,9657.0,17991,11498.0
JAPANESE YEN - INTERNATIONAL MONETARY MARKET,1986-05-15,21080,9829,491.0,7231.0,41423,3075.0,11251,-6740.0
JAPANESE YEN - INTERNATIONAL MONETARY MARKET,1986-05-30,18757,4426,-2323.0,-5403.0,38363,-3060.0,14331,3080.0
JAPANESE YEN - INTERNATIONAL MONETARY MARKET,1986-06-13,11445,1731,-7312.0,-2695.0,44257,5894.0,9714,-4617.0
JAPANESE YEN - INTERNATIONAL MONETARY MARKET,1986-06-30,19761,209,8316.0,-1522.0,37443,-6814.0,19552,9838.0
JAPANESE YEN - INTERNATIONAL MONETARY MARKET,1986-07-15,25150,0,5389.0,-209.0,55806,18363.0,25150,5598.0
JAPANESE YEN - INTERNATIONAL MONETARY MARKET,1986-07-31,18089,1073,-7061.0,1073.0,47528,-8278.0,17016,-8134.0
JAPANESE YEN - INTERNATIONAL MONETARY MARKET,1986-08-15,12356,4840,-5733.0,3767.0,42796,-4732.0,7516,-9500.0
JAPANESE YEN - INTERNATIONAL MONETARY MARKET,1986-08-29,4774,12165,-7582.0,7325.0,49571,6775.0,-7391,-14907.0
JAPANESE YEN - INTERNATIONAL MONETARY MARKET,1986-09-15,3054,11634,-1720.0,-531.0,46360,-3211.0,-8580,-1189.0
JAPANESE YEN - INTERNATIONAL MONETARY MARKET,1986-09-30,7607,1470,4553.0,-10164.0,30463,-15897.0,6137,14717.0
JAPANESE YEN - INTERNATIONAL MONETARY MARKET,1986-10-15,5164,2153,-2443.0,683.0,32044,1581.0,3011,-3126.0
JAPANESE YEN - INTERNATIONAL MONETARY MARKET,1986-10-31,2164,11814,-3000.0,9661.0,43062,11018.0,-9650,-12661.0
JAPANESE YEN - INTERNATIONAL MONETARY MARKET,1986-11-14,2621,8997,457.0,-2817.0,40547,-2515.0,-6376,3274.0
JAPANESE YEN - INTERNATIONAL MONETARY MARKET,1986-11-28,3366,9269,745.0,272.0,41052,505.0,-5903,473.0
JAPANESE YEN - INTERNATIONAL MONETARY MARKET,1986-12-15,2914,8047,-452.0,-1222.0,37066,-3986.0,-5133,770.0
JAPANESE YEN - INTERNATIONAL MONETARY MARKET,1986-12-31,5398,1606,2484.0,-6441.0,23172,-13894.0,3792,8925.0
JAPANESE YEN - INTERNATIONAL MONETARY MARKET,1987-01-15,10555,1291,5157.0,-315.0,33067,9895.0,9264,5472.0
JAPANESE YEN - INTERNATIONAL MONETARY MARKET,1987-01-30,6749,1285,-3806.0,-6.0,32164,-903.0,5464,-3800.0
JAPANESE YEN - INTERNATIONAL MONETARY MARKET,1987-02-13,9220,2250,2471.0,965.0,30292,-1872.0,6970,1506.0
JAPANESE YEN - INTERNATIONAL MONETARY MARKET,1987-02-27,9321,1777,101.0,-473.0,31988,1696.0,7544,574.0
JAPANESE YEN - INTERNATIONAL MONETARY MARKET,1987-03-13,9687,2179,366.0,402.0,37276,5288.0,7508,-36.0
JAPANESE YEN - INTERNATIONAL MONETARY MARKET,1987-03-31,18352,2427,8665.0,248.0,43282,6006.0,15925,8417.0
JAPANESE YEN - INTERNATIONAL MONETARY MARKET,1987-04-15,18351,2078,-1.0,-349.0,46438,3156.0,16273,348.0
JAPANESE YEN - INTERNATIONAL MONETARY MARKET,1987-04-30,17264,3188,-1087.0,1110.0,47410,972.0,14076,-2197.0
JAPANESE YEN - INTERNATIONAL MONETARY MARKET,1987-05-15,12553,2308,-4711.0,-880.0,44609,-2801.0,10245,-3831.0
JAPANESE YEN - INTERNATIONAL MONETARY MARKET,1987-05-29,15948,5737,3395.0,3429.0,51681,7072.0,10211,-34.0
JAPANESE YEN - INTERNATIONAL MONETARY MARKET,1987-06-15,8319,1777,-7629.0,-3960.0,40871,-10810.0,6542,-3669.0
JAPANESE YEN - INTERNATIONAL MONETARY MARKET,1987-06-30,4612,5846,-3707.0,4069.0,27969,-12902.0,-1234,-7776.0
JAPANESE YEN - INTERNATIONAL MONETARY MARKET,1987-07-15,6671,7081,2059.0,1235.0,35984,8015.0,-410,824.0
JAPANESE YEN - INTERNATIONAL MONETARY MARKET,1987-07-31,8740,6215,2069.0,-866.0,38334,2350.0,2525,2935.0
JAPANESE YEN - INTERNATIONAL MONETARY MARKET,1987-08-14,6665,8533,-2075.0,2318.0,37320,-1014.0,-1868,-4393.0
JAPANESE YEN - INTERNATIONAL MONETARY MARKET,1987-08-31,21447,1669,14782.0,-6864.0,52905,15585.0,19778,21646.0
JAPANESE YEN - INTERNATIONAL MONETARY MARKET,1987-09-15,8963,6834,-12484.0,5165.0,40933,-11972.0,2129,-17649.0
JAPANESE YEN - INTERNATIONAL MONETARY MARKET,1987-09-30,5653,4665,-3310.0,-2169.0,37058,-3875.0,988,-1141.0
JAPANESE YEN - INTERNATIONAL MONETARY MARKET,1987-10-15,12992,1185,7339.0,-3480.0,49237,12179.0,11807,10819.0
JAPANESE YEN - INTERNATIONAL MONETARY MARKET,1987-10-30,8745,1155,-4247.0,-30.0,46297,-2940.0,7590,-4217.0
JAPANESE YEN - INTERNATIONAL MONETARY MARKET,1987-11-13,8134,1669,-611.0,514.0,52752,6455.0,6465,-1125.0
JAPANESE YEN - INTERNATIONAL MONETARY MARKET,1987-11-30,10972,2069,2838.0,400.0,60299,7547.0,8903,2438.0
JAPANESE YEN - INTERNATIONAL MONETARY MARKET,1987-12-15,10625,3674,-347.0,1605.0,36598,-23701.0,6951,-1952.0
JAPANESE YEN - INTERNATIONAL MONETARY MARKET,1987-12-31,11861,4966,1236.0,1292.0,42656,6058.0,6895,-56.0
JAPANESE YEN - INTERNATIONAL MONETARY MARKET,1988-01-15,10284,7954,-1577.0,2988.0,48605,5949.0,2330,-4565.0
JAPANESE YEN - INTERNATIONAL MONETARY MARKET,1988-01-29,13171,9937,2887.0,1983.0,54303,5698.0,3234,904.0
JAPANESE YEN - INTERNATIONAL MONETARY MARKET,1988-02-12,7925,3353,-5246.0,-6584.0,53494,-809.0,4572,1338.0
JAPANESE YEN - INTERNATIONAL MONETARY MARKET,1988-02-29,10397,7086,2472.0,3733.0,61820,8326.0,3311,-1261.0
JAPANESE YEN - INTERNATIONAL MONETARY MARKET,1988-03-15,14343,10637,3946.0,3551.0,42519,-19301.0,3706,395.0
JAPANESE YEN - INTERNATIONAL MONETARY MARKET,1988-03-31,17284,3144,2941.0,-7493.0,53572,11053.0,14140,10434.0
JAPANESE YEN - INTERNATIONAL MONETARY MARKET,1988-04-15,12841,2945,-4443.0,-199.0,45478,-8094.0,9896,-4244.0
JAPANESE YEN - INTERNATIONAL MONETARY MARKET,1988-04-29,10253,4599,-2588.0,1654.0,43499,-1979.0,5654,-4242.0
JAPANESE YEN - INTERNATIONAL MONETARY MARKET,1988-05-13,10180,5224,-73.0,625.0,51139,7640.0,4956,-698.0
JAPANESE YEN - INTERNATIONAL MONETARY MARKET,1988-05-31,8211,8867,-1969.0,3643.0,49763,-1376.0,-656,-5612.0
JAPANESE YEN - INTERNATIONAL MONETARY MARKET,1988-06-15,7397,11887,-814.0,3020.0,35732,-14031.0,-4490,-3834.0
JAPANESE YEN - INTERNATIONAL MONETARY MARKET,1988-06-30,10558,11015,3161.0,-872.0,42550,6818.0,-457,4033.0
JAPANESE YEN - INTERNATIONAL MONETARY MARKET,1988-07-15,15488,9916,4930.0,-1099.0,52812,10262.0,5572,6029.0
JAPANESE YEN - INTERNATIONAL MONETARY MARKET,1988-07-29,8645,10440,-6843.0,524.0,49262,-3550.0,-1795,-7367.0
JAPANESE YEN - INTERNATIONAL MONETARY MARKET,1988-08-15,8873,9946,228.0,-494.0,47371,-1891.0,-1073,722.0
JAPANESE YEN - INTERNATIONAL MONETARY MARKET,1988-08-31,6506,20609,-2367.0,10663.0,63746,16375.0,-14103,-13030.0
JAPANESE YEN - INTERNATIONAL MONETARY MARKET,1988-09-15,4444,12323,-2062.0,-8286.0,57941,-5805.0,-7879,6224.0
JAPANESE YEN - INTERNATIONAL MONETARY MARKET,1988-09-30,3808,9590,-636.0,-2733.0,31690,-26251.0,-5782,2097.0
JAPANESE YEN - INTERNATIONAL MONETARY MARKET,1988-10-14,13057,7866,9249.0,-1724.0,48413,16723.0,5191,10973.0
JAPANESE YEN - INTERNATIONAL MONETARY MARKET,1988-10-31,12505,5757,-552.0,-2109.0,48882,469.0,6748,1557.0
JAPANESE YEN - INTERNATIONAL MONETARY MARKET,1988-11-15,15632,4100,3127.0,-1657.0,51272,2390.0,11532,4784.0
JAPANESE YEN - INTERNATIONAL MONETARY MARKET,1988-11-30,13825,4598,-1807.0,498.0,55538,4266.0,9227,-2305.0
JAPANESE YEN - INTERNATIONAL MONETARY MARKET,1988-12-15,6000,6792,-7825.0,2194.0,54094,-1444.0,-792,-10019.0
JAPANESE YEN - INTERNATIONAL MONETARY MARKET,1988-12-30,4205,10957,-1795.0,4165.0,32647,-21447.0,-6752,-5960.0
JAPANESE YEN - INTERNATIONAL MONETARY MARKET,1989-01-13,3730,10446,-475.0,-511.0,38313,5666.0,-6716,36.0
JAPANESE YEN - INTERNATIONAL MONETARY MARKET,1989-01-31,10704,15958,6974.0,5512.0,52064,13751.0,-5254,1462.0
JAPANESE YEN - INTERNATIONAL MONETARY MARKET,1989-02-15,8131,8316,-2573.0,-7642.0,47922,-4142.0,-185,5069.0
JAPANESE YEN - INTERNATIONAL MONETARY MARKET,1989-02-28,8531,11659,400.0,3343.0,50738,2816.0,-3128,-2943.0
JAPANESE YEN - INTERNATIONAL MONETARY MARKET,1989-03-15,7389,25962,-1142.0,14303.0,49798,-940.0,-18573,-15445.0
JAPANESE YEN - INTERNATIONAL MONETARY MARKET,1989-03-31,7714,24420,325.0,-1542.0,51867,2069.0,-16706,1867.0
JAPANESE YEN - INTERNATIONAL MONETARY MARKET,1989-04-14,6114,18194,-1600.0,-6226.0,49884,-1983.0,-12080,4626.0
JAPANESE YEN - INTERNATIONAL MONETARY MARKET,1989-04-28,5491,16509,-623.0,-1685.0,52005,2121.0,-11018,1062.0
JAPANESE YEN - INTERNATIONAL MONETARY MARKET,1989-05-15,8017,24157,2526.0,7648.0,68747,16742.0,-16140,-5122.0
JAPANESE YEN - INTERNATIONAL MONETARY MARKET,1989-05-31,10428,16916,2411.0,-7241.0,75508,6761.0,-6488,9652.0
JAPANESE YEN - INTERNATIONAL MONETARY MARKET,1989-06-15,14367,15227,3939.0,-1689.0,98730,23222.0,-860,5628.0
JAPANESE YEN - INTERNATIONAL MONETARY MARKET,1989-06-30,4835,9966,-9532.0,-5261.0,44031,-54699.0,-5131,-4271.0
JAPANESE YEN - INTERNATIONAL MONETARY MARKET,1989-07-14,5464,10768,629.0,802.0,45782,1751.0,-5304,-173.0
JAPANESE YEN - INTERNATIONAL MONETARY MARKET,1989-07-31,8440,12568,2976.0,1800.0,56683,10901.0,-4128,1176.0
JAPANESE YEN - INTERNATIONAL MONETARY MARKET,1989-08-15,6766,13337,-1674.0,769.0,56415,-268.0,-6571,-2443.0
JAPANESE YEN - INTERNATIONAL MONETARY MARKET,1989-08-31,5864,22500,-902.0,9163.0,73355,16940.0,-16636,-10065.0
JAPANESE YEN - INTERNATIONAL MONETARY MARKET,1989-09-15,5839,26843,-25.0,4343.0,89914,16559.0,-21004,-4368.0
JAPANESE YEN - INTERNATIONAL MONETARY MARKET,1989-09-29,6336,7783,497.0,-19060.0,52052,-37862.0,-1447,19557.0
JAPANESE YEN - INTERNATIONAL MONETARY MARKET,1989-10-13,4452,9754,-1884.0,1971.0,50655,-1397.0,-5302,-3855.0
JAPANESE YEN - INTERNATIONAL MONETARY MARKET,1989-10-31,4737,13099,285.0,3345.0,55646,4991.0,-8362,-3060.0
JAPANESE YEN - INTERNATIONAL MONETARY MARKET,1989-11-15,7675,12582,2938.0,-517.0,59673,4027.0,-4907,3455.0
JAPANESE YEN - INTERNATIONAL MONETARY MARKET,1989-11-30,12322,11792,4647.0,-790.0,66167,6494.0,530,5437.0
JAPANESE YEN - INTERNATIONAL MONETARY MARKET,1989-12-15,4557,12430,-7765.0,638.0,59538,-6629.0,-7873,-8403.0
JAPANESE YEN - INTERNATIONAL MONETARY MARKET,1989-12-29,7739,6557,3182.0,-5873.0,49960,-9578.0,1182,9055.0
JAPANESE YEN - INTERNATIONAL MONETARY MARKET,1990-01-15,5547,13714,-2192.0,7157.0,58418,8458.0,-8167,-9349.0
JAPANESE YEN - INTERNATIONAL MONETARY MARKET,1990-01-31,8964,9563,3417.0,-4151.0,62631,4213.0,-599,7568.0
JAPANESE YEN - INTERNATIONAL MONETARY MARKET,1990-02-15,8824,13276,-140.0,3713.0,63179,548.0,-4452,-3853.0
JAPANESE YEN - INTERNATIONAL MONETARY MARKET,1990-02-28,6925,28110,-1899.0,14834.0,80467,17288.0,-21185,-16733.0
JAPANESE YEN - INTERNATIONAL MONETARY MARKET,1990-03-15,8513,29408,1588.0,1298.0,96299,15832.0,-20895,290.0
JAPANESE YEN - INTERNATIONAL MONETARY MARKET,1990-03-30,19563,26785,11050.0,-2623.0,68066,-28233.0,-7222,13673.0
JAPANESE YEN - INTERNATIONAL MONETARY MARKET,1990-04-12,16068,20961,-3495.0,-5824.0,67872,-194.0,-4893,2329.0
JAPANESE YEN - INTERNATIONAL MONETARY MARKET,1990-04-30,12573,19260,-3495.0,-1701.0,74209,6337.0,-6687,-1794.0
JAPANESE YEN - INTERNATIONAL MONETARY MARKET,1990-05-15,20232,12699,7659.0,-6561.0,82431,8222.0,7533,14220.0
JAPANESE YEN - INTERNATIONAL MONETARY MARKET,1990-05-31,13166,6740,-7066.0,-5959.0,75157,-7274.0,6426,-1107.0
JAPANESE YEN - INTERNATIONAL MONETARY MARKET,1990-06-15,9069,10865,-4097.0,4125.0,67044,-8113.0,-1796,-8222.0
JAPANESE YEN - INTERNATIONAL MONETARY MARKET,1990-06-29,9982,12646,913.0,1781.0,44853,-22191.0,-2664,-868.0
JAPANESE YEN - INTERNATIONAL MONETARY MARKET,1990-07-13,25701,10657,15719.0,-1989.0,70338,25485.0,15044,17708.0
JAPANESE YEN - INTERNATIONAL MONETARY MARKET,1990-07-31,16271,10347,-9430.0,-310.0,62136,-8202.0,5924,-9120.0
JAPANESE YEN - INTERNATIONAL MONETARY MARKET,1990-08-15,18485,14296,2214.0,3949.0,62083,-53.0,4189,-1735.0
JAPANESE YEN - INTERNATIONAL MONETARY MARKET,1990-08-31,24957,13847,6472.0,-449.0,72590,10507.0,11110,6921.0
JAPANESE YEN - INTERNATIONAL MONETARY MARKET,1990-09-14,22973,14763,-1984.0,916.0,90764,18174.0,8210,-2900.0
JAPANESE YEN - INTERNATIONAL MONETARY MARKET,1990-09-28,23915,17992,942.0,3229.0,69109,-21655.0,5923,-2287.0
JAPANESE YEN - INTERNATIONAL MONETARY MARKET,1990-10-15,27491,10352,3576.0,-7640.0,75460,6351.0,17139,11216.0
JAPANESE YEN - INTERNATIONAL MONETARY MARKET,1990-10-31,23209,8078,-4282.0,-2274.0,77323,1863.0,15131,-2008.0
JAPANESE YEN - INTERNATIONAL MONETARY MARKET,1990-11-15,11050,11570,-12159.0,3492.0,80442,3119.0,-520,-15651.0
JAPANESE YEN - INTERNATIONAL MONETARY MARKET,1990-11-30,8216,8569,-2834.0,-3001.0,79466,-976.0,-353,167.0
JAPANESE YEN - INTERNATIONAL MONETARY MARKET,1990-12-14,3607,10009,-4609.0,1440.0,79611,145.0,-6402,-6049.0
JAPANESE YEN - INTERNATIONAL MONETARY MARKET,1990-12-31,2171,15647,-1436.0,5638.0,44250,-35361.0,-13476,-7074.0
JAPANESE YEN - INTERNATIONAL MONETARY MARKET,1991-01-15,2081,9484,-90.0,-6163.0,39537,-4713.0,-7403,6073.0
JAPANESE YEN - INTERNATIONAL MONETARY MARKET,1991-01-31,8183,6813,6102.0,-2671.0,56674,17137.0,1370,8773.0
JAPANESE YEN - INTERNATIONAL MONETARY MARKET,1991-02-15,7019,5286,-1164.0,-1527.0,63987,7313.0,1733,363.0
JAPANESE YEN - INTERNATIONAL MONETARY MARKET,1991-02-28,4750,10210,-2269.0,4924.0,64094,107.0,-5460,-7193.0
JAPANESE YEN - INTERNATIONAL MONETARY MARKET,1991-03-15,4481,12039,-269.0,1829.0,63862,-232.0,-7558,-2098.0
JAPANESE YEN - INTERNATIONAL MONETARY MARKET,1991-03-28,5285,14360,804.0,2321.0,42975,-20887.0,-9075,-1517.0
JAPANESE YEN - INTERNATIONAL MONETARY MARKET,1991-04-15,8507,8189,3222.0,-6171.0,49401,6426.0,318,9393.0
JAPANESE YEN - INTERNATIONAL MONETARY MARKET,1991-04-30,8808,6781,301.0,-1408.0,50770,1369.0,2027,1709.0
JAPANESE YEN - INTERNATIONAL MONETARY MARKET,1991-05-15,10824,7874,2016.0,1093.0,54314,3544.0,2950,923.0
JAPANESE YEN - INTERNATIONAL MONETARY MARKET,1991-05-31,7247,7755,-3577.0,-119.0,53855,-459.0,-508,-3458.0
JAPANESE YEN - INTERNATIONAL MONETARY MARKET,1991-06-14,6353,16430,-894.0,8675.0,68326,14471.0,-10077,-9569.0
JAPANESE YEN - INTERNATIONAL MONETARY MARKET,1991-06-28,11729,9139,5376.0,-7291.0,47731,-20595.0,2590,12667.0
JAPANESE YEN - INTERNATIONAL MONETARY MARKET,1991-07-15,20700,6908,8971.0,-2231.0,61280,13549.0,13792,11202.0
JAPANESE YEN - INTERNATIONAL MONETARY MARKET,1991-07-31,7109,9084,-13591.0,2176.0,49013,-12267.0,-1975,-15767.0
JAPANESE YEN - INTERNATIONAL MONETARY MARKET,1991-08-15,14121,9220,7012.0,136.0,60071,11058.0,4901,6876.0
JAPANESE YEN - INTERNATIONAL MONETARY MARKET,1991-08-30,6168,9682,-7953.0,462.0,56107,-3964.0,-3514,-8415.0
JAPANESE YEN - INTERNATIONAL MONETARY MARKET,1991-09-16,16586,10012,10418.0,330.0,79172,23065.0,6574,10088.0
JAPANESE YEN - INTERNATIONAL MONETARY MARKET,1991-09-30,18705,9643,2119.0,-369.0,58214,-20958.0,9062,2488.0
JAPANESE YEN - INTERNATIONAL MONETARY MARKET,1991-10-15,26191,8316,7486.0,-1327.0,81265,23051.0,17875,8813.0
JAPANESE YEN - INTERNATIONAL MONETARY MARKET,1991-10-31,16193,10103,-9998.0,1787.0,68782,-12483.0,6090,-11785.0
JAPANESE YEN - INTERNATIONAL MONETARY MARKET,1991-11-15,18701,7538,2508.0,-2565.0,76996,8214.0,11163,5073.0
JAPANESE YEN - INTERNATIONAL MONETARY MARKET,1991-11-29,11688,7772,-7013.0,234.0,70753,-6243.0,3916,-7247.0
JAPANESE YEN - INTERNATIONAL MONETARY MARKET,1991-12-13,8422,8691,-3266.0,919.0,72824,2071.0,-269,-4185.0
JAPANESE YEN - INTERNATIONAL MONETARY MARKET,1991-12-31,15179,8598,6757.0,-93.0,59874,-12950.0,6581,6850.0
JAPANESE YEN - INTERNATIONAL MONETARY MARKET,1992-01-15,13314,9825,-1865.0,1227.0,58338,-1536.0,3489,-3092.0
JAPANESE YEN - INTERNATIONAL MONETARY MARKET,1992-01-31,16190,9733,2876.0,-92.0,67215,8877.0,6457,2968.0
JAPANESE YEN - INTERNATIONAL MONETARY MARKET,1992-02-14,12586,8237,-3604.0,-1496.0,66896,-319.0,4349,-2108.0
JAPANESE YEN - INTERNATIONAL MONETARY MARKET,1992-02-28,8151,13790,-4435.0,5553.0,71720,4824.0,-5639,-9988.0
JAPANESE YEN - INTERNATIONAL MONETARY MARKET,1992-03-13,2609,21390,-5542.0,7600.0,86413,14693.0,-18781,-13142.0
JAPANESE YEN - INTERNATIONAL MONETARY MARKET,1992-03-31,8836,22407,6227.0,1017.0,59747,-26666.0,-13571,5210.0
JAPANESE YEN - INTERNATIONAL MONETARY MARKET,1992-04-15,1527,17620,-7309.0,-4787.0,61269,1522.0,-16093,-2522.0
JAPANESE YEN - INTERNATIONAL MONETARY MARKET,1992-04-30,2812,17039,,,62950,,-14227,1866.0
JAPANESE YEN - INTERNATIONAL MONETARY MARKET,1992-05-15,6551,10769,3739.0,-6270.0,61061,-1889.0,-4218,10009.0
JAPANESE YEN - INTERNATIONAL MONETARY MARKET,1992-05-29,9608,7987,3057.0,-2782.0,67608,6547.0,1621,5839.0
JAPANESE YEN - INTERNATIONAL MONETARY MARKET,1992-06-15,11380,7917,1772.0,-70.0,73130,5522.0,3463,1842.0
JAPANESE YEN - INTERNATIONAL MONETARY MARKET,1992-06-30,6855,7114,-4525.0,-803.0,54153,-18977.0,-259,-3722.0
JAPANESE YEN - INTERNATIONAL MONETARY MARKET,1992-07-15,7624,8783,769.0,1669.0,57460,3307.0,-1159,-900.0
JAPANESE YEN - INTERNATIONAL MONETARY MARKET,1992-07-31,3004,14009,-4620.0,5226.0,56217,-1243.0,-11005,-9846.0
JAPANESE YEN - INTERNATIONAL MONETARY MARKET,1992-08-14,5171,11436,2167.0,-2573.0,55249,-968.0,-6265,4740.0
JAPANESE YEN - INTERNATIONAL MONETARY MARKET,1992-08-31,9199,7832,4028.0,-3604.0,67081,11832.0,1367,7632.0
JAPANESE YEN - INTERNATIONAL MONETARY MARKET,1992-09-15,10443,8820,1244.0,988.0,61174,-5907.0,1623,256.0
JAPANESE YEN - INTERNATIONAL MONETARY MARKET,1992-09-30,13136,7097,2693.0,-1723.0,45920,-15254.0,6039,4416.0
JAPANESE YEN - INTERNATIONAL MONETARY MARKET,1992-10-06,13525,6625,389.0,-472.0,47321,1401.0,6900,861.0
JAPANESE YEN - INTERNATIONAL MONETARY MARKET,1992-10-13,10347,6692,-3178.0,67.0,40308,-7013.0,3655,-3245.0
JAPANESE YEN - INTERNATIONAL MONETARY MARKET,1992-10-20,13501,7690,3154.0,998.0,45289,4981.0,5811,2156.0
JAPANESE YEN - INTERNATIONAL MONETARY MARKET,1992-10-27,12397,7789,-1104.0,99.0,44509,-780.0,4608,-1203.0
JAPANESE YEN - INTERNATIONAL MONETARY MARKET,1992-11-03,10338,8713,-2059.0,924.0,43247,-1262.0,1625,-2983.0
JAPANESE YEN - INTERNATIONAL MONETARY MARKET,1992-11-10,8364,10164,-1974.0,1451.0,43343,96.0,-1800,-3425.0
JAPANESE YEN - INTERNATIONAL MONETARY MARKET,1992-11-17,5636,10443,-2728.0,279.0,48162,4819.0,-4807,-3007.0
JAPANESE YEN - INTERNATIONAL MONETARY MARKET,1992-11-24,6143,10594,507.0,151.0,46784,-1378.0,-4451,356.0
JAPANESE YEN - INTERNATIONAL MONETARY MARKET,1992-12-01,5850,9826,-293.0,-768.0,49615,2831.0,-3976,475.0
JAPANESE YEN - INTERNATIONAL MONETARY MARKET,1992-12-08,4124,9913,-1726.0,87.0,55213,5598.0,-5789,-1813.0
JAPANESE YEN - INTERNATIONAL MONETARY MARKET,1992-12-15,6059,8886,1935.0,-1027.0,51707,-3506.0,-2827,2962.0
JAPANESE YEN - INTERNATIONAL MONETARY MARKET,1992-12-22,9567,9526,3508.0,640.0,40440,-11267.0,41,2868.0
JAPANESE YEN - INTERNATIONAL MONETARY MARKET,1992-12-29,4858,13983,-4709.0,4457.0,43890,3450.0,-9125,-9166.0
JAPANESE YEN - INTERNATIONAL MONETARY MARKET,1993-01-05,3961,15311,-897.0,1328.0,47748,3858.0,-11350,-2225.0
JAPANESE YEN - INTERNATIONAL MONETARY MARKET,1993-01-12,3217,16110,-744.0,799.0,48995,1247.0,-12893,-1543.0
JAPANESE YEN - INTERNATIONAL MONETARY MARKET,1993-01-19,1793,19493,-1424.0,3383.0,53223,4228.0,-17700,-4807.0
JAPANESE YEN - INTERNATIONAL MONETARY MARKET,1993-01-26,5454,11510,3661.0,-7983.0,50267,-2956.0,-6056,11644.0
JAPANESE YEN - INTERNATIONAL MONETARY MARKET,1993-02-02,6286,10455,832.0,-1055.0,49684,-583.0,-4169,1887.0
JAPANESE YEN - INTERNATIONAL MONETARY MARKET,1993-02-09,18100,9683,11814.0,-772.0,67592,17908.0,8417,12586.0
JAPANESE YEN - INTERNATIONAL MONETARY MARKET,1993-02-16,26041,9344,7941.0,-339.0,77217,9625.0,16697,8280.0
JAPANESE YEN - INTERNATIONAL MONETARY MARKET,1993-02-23,29982,9626,3941.0,282.0,84352,7135.0,20356,3659.0
JAPANESE YEN - INTERNATIONAL MONETARY MARKET,1993-03-02,28817,9854,-1165.0,228.0,86041,1689.0,18963,-1393.0
JAPANESE YEN - INTERNATIONAL MONETARY MARKET,1993-03-09,25660,8298,-3157.0,-1556.0,91735,5694.0,17362,-1601.0
JAPANESE YEN - INTERNATIONAL MONETARY MARKET,1993-03-16,29646,17120,3986.0,8822.0,102504,10769.0,12526,-4836.0
JAPANESE YEN - INTERNATIONAL MONETARY MARKET,1993-03-23,30784,13728,1138.0,-3392.0,73225,-29279.0,17056,4530.0
JAPANESE YEN - INTERNATIONAL MONETARY MARKET,1993-03-30,24455,14527,-6329.0,799.0,68945,-4280.0,9928,-7128.0
JAPANESE YEN - INTERNATIONAL MONETARY MARKET,1993-04-06,27477,14293,3022.0,-234.0,73140,4195.0,13184,3256.0
JAPANESE YEN - INTERNATIONAL MONETARY MARKET,1993-04-13,27466,5098,-11.0,-9195.0,78095,4955.0,22368,9184.0
JAPANESE YEN - INTERNATIONAL MONETARY MARKET,1993-04-20,27736,5206,270.0,108.0,80388,2293.0,22530,162.0
JAPANESE YEN - INTERNATIONAL MONETARY MARKET,1993-04-27,23965,5088,-3771.0,-118.0,77016,-3372.0,18877,-3653.0
JAPANESE YEN - INTERNATIONAL MONETARY MARKET,1993-05-04,24033,4500,68.0,-588.0,78734,1718.0,19533,656.0
JAPANESE YEN - INTERNATIONAL MONETARY MARKET,1993-05-11,22168,4782,-1865.0,282.0,76829,-1905.0,17386,-2147.0
JAPANESE YEN - INTERNATIONAL MONETARY MARKET,1993-05-18,25068,4021,2900.0,-761.0,78349,1520.0,21047,3661.0
JAPANESE YEN - INTERNATIONAL MONETARY MARKET,1993-05-25,30260,3774,5192.0,-247.0,89308,10959.0,26486,5439.0
JAPANESE YEN - INTERNATIONAL MONETARY MARKET,1993-06-01,29993,4234,-267.0,460.0,92225,2917.0,25759,-727.0
JAPANESE YEN - INTERNATIONAL MONETARY MARKET,1993-06-08,31016,4555,1023.0,321.0,98719,6494.0,26461,702.0
JAPANESE YEN - INTERNATIONAL MONETARY MARKET,1993-06-15,34555,5362,3539.0,807.0,96625,-2094.0,29193,2732.0
JAPANESE YEN - INTERNATIONAL MONETARY MARKET,1993-06-22,21297,7386,-13258.0,2024.0,64172,-32453.0,13911,-15282.0
JAPANESE YEN - INTERNATIONAL MONETARY MARKET,1993-06-29,24833,8329,3536.0,943.0,65907,1735.0,16504,2593.0
JAPANESE YEN - INTERNATIONAL MONETARY MARKET,1993-07-06,23960,10175,-873.0,1846.0,67374,1467.0,13785,-2719.0
JAPANESE YEN - INTERNATIONAL MONETARY MARKET,1993-07-13,22638,10558,-1322.0,383.0,73422,6048.0,12080,-1705.0
JAPANESE YEN - INTERNATIONAL MONETARY MARKET,1993-07-20,20776,10040,-1862.0,-518.0,71003,-2419.0,10736,-1344.0
JAPANESE YEN - INTERNATIONAL MONETARY MARKET,1993-07-27,29532,8622,8756.0,-1418.0,75198,4195.0,20910,10174.0
JAPANESE YEN - INTERNATIONAL MONETARY MARKET,1993-08-03,32867,7282,3335.0,-1340.0,78735,3537.0,25585,4675.0
JAPANESE YEN - INTERNATIONAL MONETARY MARKET,1993-08-10,29742,9531,-3125.0,2249.0,77346,-1389.0,20211,-5374.0
JAPANESE YEN - INTERNATIONAL MONETARY MARKET,1993-08-17,34519,9882,4777.0,351.0,85910,8564.0,24637,4426.0
JAPANESE YEN - INTERNATIONAL MONETARY MARKET,1993-08-24,28021,10219,-6498.0,337.0,81682,-4228.0,17802,-6835.0
JAPANESE YEN - INTERNATIONAL MONETARY MARKET,1993-08-31,26086,10959,-1935.0,740.0,82941,1259.0,15127,-2675.0
JAPANESE YEN - INTERNATIONAL MONETARY MARKET,1993-09-07,17832,12540,-8254.0,1581.0,86428,3487.0,5292,-9835.0
JAPANESE YEN - INTERNATIONAL MONETARY MARKET,1993-09-14,5352,13172,-12480.0,632.0,84465,-1963.0,-7820,-13112.0
JAPANESE YEN - INTERNATIONAL MONETARY MARKET,1993-09-21,2766,16438,-2586.0,3266.0,59291,-25174.0,-13672,-5852.0
JAPANESE YEN - INTERNATIONAL MONETARY MARKET,1993-09-28,4227,13780,1461.0,-2658.0,59209,-82.0,-9553,4119.0
JAPANESE YEN - INTERNATIONAL MONETARY MARKET,1993-10-05,2393,15372,-1834.0,1592.0,60642,1433.0,-12979,-3426.0
JAPANESE YEN - INTERNATIONAL MONETARY MARKET,1993-10-12,2254,15503,-139.0,131.0,65006,4364.0,-13249,-270.0
JAPANESE YEN - INTERNATIONAL MONETARY MARKET,1993-10-19,2057,35105,-197.0,19602.0,93772,28766.0,-33048,-19799.0
JAPANESE YEN - INTERNATIONAL MONETARY MARKET,1993-10-26,1431,41525,-626.0,6420.0,102775,9003.0,-40094,-7046.0
JAPANESE YEN - INTERNATIONAL MONETARY MARKET,1993-11-02,1210,34004,-221.0,-7521.0,93601,-9174.0,-32794,7300.0
JAPANESE YEN - INTERNATIONAL MONETARY MARKET,1993-11-09,2231,32811,1021.0,-1193.0,93744,143.0,-30580,2214.0
JAPANESE YEN - INTERNATIONAL MONETARY MARKET,1993-11-16,5364,15419,3133.0,-17392.0,76575,-17169.0,-10055,20525.0
JAPANESE YEN - INTERNATIONAL MONETARY MARKET,1993-11-23,1934,16737,-3430.0,1318.0,82388,5813.0,-14803,-4748.0
JAPANESE YEN - INTERNATIONAL MONETARY MARKET,1993-11-30,2265,24897,331.0,8160.0,92775,10387.0,-22632,-7829.0
JAPANESE YEN - INTERNATIONAL MONETARY MARKET,1993-12-07,2318,22090,53.0,-2807.0,90361,-2414.0,-19772,2860.0
JAPANESE YEN - INTERNATIONAL MONETARY MARKET,1993-12-14,2549,28413,231.0,6323.0,98111,7750.0,-25864,-6092.0
JAPANESE YEN - INTERNATIONAL MONETARY MARKET,1993-12-21,3598,46325,1049.0,17912.0,101590,3479.0,-42727,-16863.0
JAPANESE YEN - INTERNATIONAL MONETARY MARKET,1993-12-28,3296,46395,-302.0,70.0,100336,-1254.0,-43099,-372.0
JAPANESE YEN - INTERNATIONAL MONETARY MARKET,1994-01-04,25528,47798,22232.0,1403.0,103821,3485.0,-22270,20829.0
JAPANESE YEN - INTERNATIONAL MONETARY MARKET,1994-01-11,23920,44511,-1608.0,-3287.0,105981,2160.0,-20591,1679.0
JAPANESE YEN - INTERNATIONAL MONETARY MARKET,1994-01-18,23459,42069,-461.0,-2442.0,106559,578.0,-18610,1981.0
JAPANESE YEN - INTERNATIONAL MONETARY MARKET,1994-01-25,3350,36313,-20109.0,-5756.0,100271,-6288.0,-32963,-14353.0
JAPANESE YEN - INTERNATIONAL MONETARY MARKET,1994-02-01,4406,13925,1056.0,-22388.0,84861,-15410.0,-9519,23444.0
JAPANESE YEN - INTERNATIONAL MONETARY MARKET,1994-02-08,8700,15066,4294.0,1141.0,86434,1573.0,-6366,3153.0
JAPANESE YEN - INTERNATIONAL MONETARY MARKET,1994-02-15,22648,11481,13948.0,-3585.0,103131,16697.0,11167,17533.0
JAPANESE YEN - INTERNATIONAL MONETARY MARKET,1994-02-22,21985,8785,-663.0,-2696.0,100123,-3008.0,13200,2033.0
JAPANESE YEN - INTERNATIONAL MONETARY MARKET,1994-03-01,19382,10854,-2603.0,2069.0,98853,-1270.0,8528,-4672.0
JAPANESE YEN - INTERNATIONAL MONETARY MARKET,1994-03-08,13639,10505,-5743.0,-349.0,93851,-5002.0,3134,-5394.0
JAPANESE YEN - INTERNATIONAL MONETARY MARKET,1994-03-15,9697,11666,-3942.0,1161.0,94943,1092.0,-1969,-5103.0
JAPANESE YEN - INTERNATIONAL MONETARY MARKET,1994-03-22,3331,12310,-6366.0,644.0,50508,-44435.0,-8979,-7010.0
JAPANESE YEN - INTERNATIONAL MONETARY MARKET,1994-03-29,5503,11558,2172.0,-752.0,53287,2779.0,-6055,2924.0
JAPANESE YEN - INTERNATIONAL MONETARY MARKET,1994-04-05,11131,11538,5628.0,-20.0,57101,3814.0,-407,5648.0
JAPANESE YEN - INTERNATIONAL MONETARY MARKET,1994-04-12,9301,12427,-1830.0,889.0,55960,-1141.0,-3126,-2719.0
JAPANESE YEN - INTERNATIONAL MONETARY MARKET,1994-04-19,9098,11566,-203.0,-861.0,56896,936.0,-2468,658.0
JAPANESE YEN - INTERNATIONAL MONETARY MARKET,1994-04-26,9221,9532,123.0,-2034.0,58882,1986.0,-311,2157.0
JAPANESE YEN - INTERNATIONAL MONETARY MARKET,1994-05-03,13046,11694,3825.0,2162.0,67119,8237.0,1352,1663.0
JAPANESE YEN - INTERNATIONAL MONETARY MARKET,1994-05-10,6079,14826,-6967.0,3132.0,62470,-4649.0,-8747,-10099.0
JAPANESE YEN - INTERNATIONAL MONETARY MARKET,1994-05-17,4270,14873,-1809.0,47.0,64182,1712.0,-10603,-1856.0
JAPANESE YEN - INTERNATIONAL MONETARY MARKET,1994-05-24,5144,19418,874.0,4545.0,70215,6033.0,-14274,-3671.0
JAPANESE YEN - INTERNATIONAL MONETARY MARKET,1994-05-31,3773,17886,-1371.0,-1532.0,71275,1060.0,-14113,161.0
JAPANESE YEN - INTERNATIONAL MONETARY MARKET,1994-06-07,1491,19494,-2282.0,1608.0,84052,12777.0,-18003,-3890.0
JAPANESE YEN - INTERNATIONAL MONETARY MARKET,1994-06-14,4537,14001,3046.0,-5493.0,79926,-4126.0,-9464,8539.0
JAPANESE YEN - INTERNATIONAL MONETARY MARKET,1994-06-21,7421,10751,2884.0,-3250.0,63074,-16852.0,-3330,6134.0
JAPANESE YEN - INTERNATIONAL MONETARY MARKET,1994-06-28,8992,12789,1571.0,2038.0,65551,2477.0,-3797,-467.0
JAPANESE YEN - INTERNATIONAL MONETARY MARKET,1994-07-05,10585,8402,1593.0,-4387.0,68419,2868.0,2183,5980.0
JAPANESE YEN - INTERNATIONAL MONETARY MARKET,1994-07-12,10866,10150,281.0,1748.0,73980,5561.0,716,-1467.0
JAPANESE YEN - INTERNATIONAL MONETARY MARKET,1994-07-19,9495,13574,-1371.0,3424.0,75196,1216.0,-4079,-4795.0
JAPANESE YEN - INTERNATIONAL MONETARY MARKET,1994-07-26,8968,12474,-527.0,-1100.0,75748,552.0,-3506,573.0
JAPANESE YEN - INTERNATIONAL MONETARY MARKET,1994-08-02,5082,14063,-3886.0,1589.0,73413,-2335.0,-8981,-5475.0
JAPANESE YEN - INTERNATIONAL MONETARY MARKET,1994-08-09,3217,16534,-1865.0,2471.0,73474,61.0,-13317,-4336.0
JAPANESE YEN - INTERNATIONAL MONETARY MARKET,1994-08-16,4855,16509,1638.0,-25.0,72160,-1314.0,-11654,1663.0
JAPANESE YEN - INTERNATIONAL MONETARY MARKET,1994-08-23,6366,15049,1511.0,-1460.0,74347,2187.0,-8683,2971.0
JAPANESE YEN - INTERNATIONAL MONETARY MARKET,1994-08-30,4334,15560,-2032.0,511.0,72090,-2257.0,-11226,-2543.0
JAPANESE YEN - INTERNATIONAL MONETARY MARKET,1994-09-06,3573,14172,-761.0,-1388.0,72539,449.0,-10599,627.0
JAPANESE YEN - INTERNATIONAL MONETARY MARKET,1994-09-13,2254,12350,-1319.0,-1822.0,70026,-2513.0,-10096,503.0
JAPANESE YEN - INTERNATIONAL MONETARY MARKET,1994-09-20,6598,8050,4344.0,-4300.0,72975,2949.0,-1452,8644.0
JAPANESE YEN - INTERNATIONAL MONETARY MARKET,1994-09-27,4668,7264,-1930.0,-786.0,48160,-24815.0,-2596,-1144.0
JAPANESE YEN - INTERNATIONAL MONETARY MARKET,1994-10-04,3116,10655,-1552.0,3391.0,52336,4176.0,-7539,-4943.0
JAPANESE YEN - INTERNATIONAL MONETARY MARKET,1994-10-11,3140,16559,24.0,5904.0,63724,11388.0,-13419,-5880.0
JAPANESE YEN - INTERNATIONAL MONETARY MARKET,1994-10-18,5572,13127,2432.0,-3432.0,63023,-701.0,-7555,5864.0
JAPANESE YEN - INTERNATIONAL MONETARY MARKET,1994-10-25,8638,12067,3066.0,-1060.0,68467,5444.0,-3429,4126.0
JAPANESE YEN - INTERNATIONAL MONETARY MARKET,1994-11-01,7954,13063,-684.0,996.0,70377,1910.0,-5109,-1680.0
JAPANESE YEN - INTERNATIONAL MONETARY MARKET,1994-11-08,7257,17522,-697.0,4459.0,75024,4647.0,-10265,-5156.0
JAPANESE YEN - INTERNATIONAL MONETARY MARKET,1994-11-15,5431,22845,-1826.0,5323.0,80629,5605.0,-17414,-7149.0
JAPANESE YEN - INTERNATIONAL MONETARY MARKET,1994-11-22,4675,28480,-756.0,5635.0,86959,6330.0,-23805,-6391.0
JAPANESE YEN - INTERNATIONAL MONETARY MARKET,1994-11-29,4998,30275,323.0,1795.0,88930,1971.0,-25277,-1472.0
JAPANESE YEN - INTERNATIONAL MONETARY MARKET,1994-12-06,3688,39412,-1310.0,9137.0,101704,12774.0,-35724,-10447.0
JAPANESE YEN - INTERNATIONAL MONETARY MARKET,1994-12-13,2874,40412,-814.0,1000.0,104478,2774.0,-37538,-1814.0
JAPANESE YEN - INTERNATIONAL MONETARY MARKET,1994-12-20,1844,32344,-1030.0,-8068.0,99621,-4857.0,-30500,7038.0
JAPANESE YEN - INTERNATIONAL MONETARY MARKET,1994-12-27,2533,33182,689.0,838.0,75424,-24197.0,-30649,-149.0
JAPANESE YEN - INTERNATIONAL MONETARY MARKET,1995-01-03,594,34318,-1939.0,1136.0,79062,3638.0,-33724,-3075.0
JAPANESE YEN - INTERNATIONAL MONETARY MARKET,1995-01-10,768,41068,174.0,6750.0,91881,12819.0,-40300,-6576.0
JAPANESE YEN - INTERNATIONAL MONETARY MARKET,1995-01-17,2283,26464,1515.0,-14604.0,86134,-5747.0,-24181,16119.0
JAPANESE YEN - INTERNATIONAL MONETARY MARKET,1995-01-24,1942,26836,-341.0,372.0,83432,-2702.0,-24894,-713.0
JAPANESE YEN - INTERNATIONAL MONETARY MARKET,1995-01-31,2193,28432,251.0,1596.0,85272,1840.0,-26239,-1345.0
JAPANESE YEN - INTERNATIONAL MONETARY MARKET,1995-02-07,1644,29154,-549.0,722.0,84900,-372.0,-27510,-1271.0
JAPANESE YEN - INTERNATIONAL MONETARY MARKET,1995-02-14,1846,25509,202.0,-3645.0,83792,-1108.0,-23663,3847.0
JAPANESE YEN - INTERNATIONAL MONETARY MARKET,1995-02-21,6117,9925,4271.0,-15584.0,90189,6397.0,-3808,19855.0
JAPANESE YEN - INTERNATIONAL MONETARY MARKET,1995-02-28,9875,10745,3758.0,820.0,94456,4267.0,-870,2938.0
JAPANESE YEN - INTERNATIONAL MONETARY MARKET,1995-03-07,15308,13112,5433.0,2367.0,110580,16124.0,2196,3066.0
JAPANESE YEN - INTERNATIONAL MONETARY MARKET,1995-03-14,14981,9816,-327.0,-3296.0,97055,-13525.0,5165,2969.0
JAPANESE YEN - INTERNATIONAL MONETARY MARKET,1995-03-21,16598,9322,1617.0,-494.0,59405,-37650.0,7276,2111.0
JAPANESE YEN - INTERNATIONAL MONETARY MARKET,1995-03-28,14590,9593,-2008.0,271.0,58807,-598.0,4997,-2279.0
JAPANESE YEN - INTERNATIONAL MONETARY MARKET,1995-04-04,14081,8454,-509.0,-1139.0,61198,2391.0,5627,630.0
JAPANESE YEN - INTERNATIONAL MONETARY MARKET,1995-04-11,10507,5740,-3574.0,-2714.0,62991,1793.0,4767,-860.0
JAPANESE YEN - INTERNATIONAL MONETARY MARKET,1995-04-18,12296,7146,1789.0,1406.0,65264,2273.0,5150,383.0
JAPANESE YEN - INTERNATIONAL MONETARY MARKET,1995-04-25,9477,4672,-2819.0,-2474.0,64032,-1232.0,4805,-345.0
JAPANESE YEN - INTERNATIONAL MONETARY MARKET,1995-05-02,9454,5781,-23.0,1109.0,63835,-197.0,3673,-1132.0
JAPANESE YEN - INTERNATIONAL MONETARY MARKET,1995-05-09,9095,8327,-359.0,2546.0,70164,6329.0,768,-2905.0
JAPANESE YEN - INTERNATIONAL MONETARY MARKET,1995-05-16,6324,10263,-2771.0,1936.0,68725,-1439.0,-3939,-4707.0
JAPANESE YEN - INTERNATIONAL MONETARY MARKET,1995-05-23,5010,12694,-1314.0,2431.0,67121,-1604.0,-7684,-3745.0
JAPANESE YEN - INTERNATIONAL MONETARY MARKET,1995-05-30,6705,9084,1695.0,-3610.0,69703,2582.0,-2379,5305.0
JAPANESE YEN - INTERNATIONAL MONETARY MARKET,1995-06-06,6710,10484,5.0,1400.0,68074,-1629.0,-3774,-1395.0
JAPANESE YEN - INTERNATIONAL MONETARY MARKET,1995-06-13,4766,9586,-1944.0,-898.0,70892,2818.0,-4820,-1046.0
JAPANESE YEN - INTERNATIONAL MONETARY MARKET,1995-06-20,3110,8627,-1656.0,-959.0,35188,-35704.0,-5517,-697.0
JAPANESE YEN - INTERNATIONAL MONETARY MARKET,1995-06-27,3705,7581,595.0,-1046.0,35848,660.0,-3876,1641.0
JAPANESE YEN - INTERNATIONAL MONETARY MARKET,1995-07-03,2233,11279,-1472.0,3698.0,38981,3133.0,-9046,-5170.0
JAPANESE YEN - INTERNATIONAL MONETARY MARKET,1995-07-11,3774,14700,1541.0,3421.0,47853,8872.0,-10926,-1880.0
JAPANESE YEN - INTERNATIONAL MONETARY MARKET,1995-07-18,3766,16024,-8.0,1324.0,51837,3984.0,-12258,-1332.0
JAPANESE YEN - INTERNATIONAL MONETARY MARKET,1995-07-25,2487,16153,-1279.0,129.0,53017,1180.0,-13666,-1408.0
JAPANESE YEN - INTERNATIONAL MONETARY MARKET,1995-08-01,2873,15832,386.0,-321.0,52390,-627.0,-12959,707.0
JAPANESE YEN - INTERNATIONAL MONETARY MARKET,1995-08-08,3927,18511,1054.0,2679.0,60382,7992.0,-14584,-1625.0
JAPANESE YEN - INTERNATIONAL MONETARY MARKET,1995-08-15,2780,19498,-1147.0,987.0,62361,1979.0,-16718,-2134.0
JAPANESE YEN - INTERNATIONAL MONETARY MARKET,1995-08-22,5224,20773,2444.0,1275.0,66558,4197.0,-15549,1169.0
JAPANESE YEN - INTERNATIONAL MONETARY MARKET,1995-08-29,5138,19272,-86.0,-1501.0,70417,3859.0,-14134,1415.0
JAPANESE YEN - INTERNATIONAL MONETARY MARKET,1995-09-05,3981,19323,-1157.0,51.0,69898,-519.0,-15342,-1208.0
JAPANESE YEN - INTERNATIONAL MONETARY MARKET,1995-09-12,3309,21748,-672.0,2425.0,84762,14864.0,-18439,-3097.0
JAPANESE YEN - INTERNATIONAL MONETARY MARKET,1995-09-19,2826,21236,-483.0,-512.0,66246,-18516.0,-18410,29.0
JAPANESE YEN - INTERNATIONAL MONETARY MARKET,1995-09-26,1509,21720,-1317.0,484.0,64851,-1395.0,-20211,-1801.0
JAPANESE YEN - INTERNATIONAL MONETARY MARKET,1995-10-03,1531,22492,22.0,772.0,66926,2075.0,-20961,-750.0
JAPANESE YEN - INTERNATIONAL MONETARY MARKET,1995-10-10,1328,22111,-203.0,-381.0,67060,134.0,-20783,178.0
JAPANESE YEN - INTERNATIONAL MONETARY MARKET,1995-10-17,1694,22858,366.0,747.0,65330,-1730.0,-21164,-381.0
JAPANESE YEN - INTERNATIONAL MONETARY MARKET,1995-10-24,1467,21514,-227.0,-1344.0,66502,1172.0,-20047,1117.0
JAPANESE YEN - INTERNATIONAL MONETARY MARKET,1995-10-31,812,23024,-655.0,1510.0,71121,4619.0,-22212,-2165.0
JAPANESE YEN - INTERNATIONAL MONETARY MARKET,1995-11-07,833,25896,21.0,2872.0,76844,5723.0,-25063,-2851.0
JAPANESE YEN - INTERNATIONAL MONETARY MARKET,1995-11-14,483,23532,-350.0,-2364.0,71125,-5719.0,-23049,2014.0
JAPANESE YEN - INTERNATIONAL MONETARY MARKET,1995-11-21,3490,24154,3007.0,622.0,72962,1837.0,-20664,2385.0
JAPANESE YEN - INTERNATIONAL MONETARY MARKET,1995-11-28,3429,22561,-61.0,-1593.0,72461,-501.0,-19132,1532.0
JAPANESE YEN - INTERNATIONAL MONETARY MARKET,1995-12-05,3198,21962,-231.0,-599.0,70992,-1469.0,-18764,368.0
JAPANESE YEN - INTERNATIONAL MONETARY MARKET,1995-12-12,3796,23070,598.0,1108.0,78456,7464.0,-19274,-510.0
JAPANESE YEN - INTERNATIONAL MONETARY MARKET,1995-12-19,673,23717,-3123.0,647.0,55726,-22730.0,-23044,-3770.0
JAPANESE YEN - INTERNATIONAL MONETARY MARKET,1995-12-26,776,28850,103.0,5133.0,63213,7487.0,-28074,-5030.0
JAPANESE YEN - INTERNATIONAL MONETARY MARKET,1996-01-02,1328,33627,552.0,4777.0,71890,8677.0,-32299,-4225.0
JAPANESE YEN - INTERNATIONAL MONETARY MARKET,1996-01-09,1578,34834,250.0,1207.0,78227,6337.0,-33256,-957.0
JAPANESE YEN - INTERNATIONAL MONETARY MARKET,1996-01-16,1274,38262,-304.0,3428.0,84284,6057.0,-36988,-3732.0
JAPANESE YEN - INTERNATIONAL MONETARY MARKET,1996-01-23,1342,37140,68.0,-1122.0,80456,-3828.0,-35798,1190.0
JAPANESE YEN - INTERNATIONAL MONETARY MARKET,1996-01-30,1085,38120,-257.0,980.0,84717,4261.0,-37035,-1237.0
JAPANESE YEN - INTERNATIONAL MONETARY MARKET,1996-02-06,607,31542,-478.0,-6578.0,76388,-8329.0,-30935,6100.0
JAPANESE YEN - INTERNATIONAL MONETARY MARKET,1996-02-13,1292,31870,685.0,328.0,81446,5058.0,-30578,357.0
JAPANESE YEN - INTERNATIONAL MONETARY MARKET,1996-02-20,1978,30603,686.0,-1267.0,79626,-1820.0,-28625,1953.0
JAPANESE YEN - INTERNATIONAL MONETARY MARKET,1996-02-27,3914,24583,1936.0,-6020.0,73756,-5870.0,-20669,7956.0
JAPANESE YEN - INTERNATIONAL MONETARY MARKET,1996-03-05,1985,21830,-1929.0,-2753.0,70199,-3557.0,-19845,824.0
JAPANESE YEN - INTERNATIONAL MONETARY MARKET,1996-03-12,1695,21407,-290.0,-423.0,74241,4042.0,-19712,133.0
JAPANESE YEN - INTERNATIONAL MONETARY MARKET,1996-03-19,513,24871,-1182.0,3464.0,58846,-15395.0,-24358,-4646.0
JAPANESE YEN - INTERNATIONAL MONETARY MARKET,1996-03-26,261,29925,-252.0,5054.0,68100,9254.0,-29664,-5306.0
JAPANESE YEN - INTERNATIONAL MONETARY MARKET,1996-04-02,1040,34940,779.0,5015.0,77944,9844.0,-33900,-4236.0
JAPANESE YEN - INTERNATIONAL MONETARY MARKET,1996-04-09,2071,37766,1031.0,2826.0,83973,6029.0,-35695,-1795.0
JAPANESE YEN - INTERNATIONAL MONETARY MARKET,1996-04-16,2771,35345,700.0,-2421.0,80629,-3344.0,-32574,3121.0
JAPANESE YEN - INTERNATIONAL MONETARY MARKET,1996-04-23,2660,24586,-111.0,-10759.0,70632,-9997.0,-21926,10648.0
JAPANESE YEN - INTERNATIONAL MONETARY MARKET,1996-04-30,8724,17911,6064.0,-6675.0,68490,-2142.0,-9187,12739.0
JAPANESE YEN - INTERNATIONAL MONETARY MARKET,1996-05-07,9514,18025,790.0,114.0,69235,745.0,-8511,676.0
JAPANESE YEN - INTERNATIONAL MONETARY MARKET,1996-05-14,7548,17572,-1966.0,-453.0,68985,-250.0,-10024,-1513.0
JAPANESE YEN - INTERNATIONAL MONETARY MARKET,1996-05-21,4335,19841,-3213.0,2269.0,75454,6469.0,-15506,-5482.0
JAPANESE YEN - INTERNATIONAL MONETARY MARKET,1996-05-28,3736,27607,-599.0,7766.0,84612,9158.0,-23871,-8365.0
JAPANESE YEN - INTERNATIONAL MONETARY MARKET,1996-06-04,1531,31613,-2205.0,4006.0,90273,5661.0,-30082,-6211.0
JAPANESE YEN - INTERNATIONAL MONETARY MARKET,1996-06-11,2009,32757,478.0,1144.0,98760,8487.0,-30748,-666.0
JAPANESE YEN - INTERNATIONAL MONETARY MARKET,1996-06-18,800,29985,-1209.0,-2772.0,70593,-28167.0,-29185,1563.0
JAPANESE YEN - INTERNATIONAL MONETARY MARKET,1996-06-25,1319,29375,519.0,-610.0,71198,605.0,-28056,1129.0
JAPANESE YEN - INTERNATIONAL MONETARY MARKET,1996-07-02,1459,35647,140.0,6272.0,82027,10829.0,-34188,-6132.0
JAPANESE YEN - INTERNATIONAL MONETARY MARKET,1996-07-09,2112,36363,653.0,716.0,82820,793.0,-34251,-63.0
JAPANESE YEN - INTERNATIONAL MONETARY MARKET,1996-07-16,2008,32354,-104.0,-4009.0,79906,-2914.0,-30346,3905.0
JAPANESE YEN - INTERNATIONAL MONETARY MARKET,1996-07-23,2691,26372,683.0,-5982.0,72207,-7699.0,-23681,6665.0
JAPANESE YEN - INTERNATIONAL MONETARY MARKET,1996-07-30,2657,27025,-34.0,653.0,72041,-166.0,-24368,-687.0
JAPANESE YEN - INTERNATIONAL MONETARY MARKET,1996-08-06,8881,18179,6224.0,-8846.0,71289,-752.0,-9298,15070.0
JAPANESE YEN - INTERNATIONAL MONETARY MARKET,1996-08-13,6770,18906,-2111.0,727.0,68444,-2845.0,-12136,-2838.0
JAPANESE YEN - INTERNATIONAL MONETARY MARKET,1996-08-20,7225,20120,455.0,1214.0,71701,3257.0,-12895,-759.0
JAPANESE YEN - INTERNATIONAL MONETARY MARKET,1996-08-27,5695,22820,-1530.0,2700.0,78052,6351.0,-17125,-4230.0
JAPANESE YEN - INTERNATIONAL MONETARY MARKET,1996-09-03,5962,24456,267.0,1636.0,86286,8234.0,-18494,-1369.0
JAPANESE YEN - INTERNATIONAL MONETARY MARKET,1996-09-10,5323,36846,-639.0,12390.0,102589,16303.0,-31523,-13029.0
JAPANESE YEN - INTERNATIONAL MONETARY MARKET,1996-09-17,2274,39958,-3049.0,3112.0,78955,-23634.0,-37684,-6161.0
JAPANESE YEN - INTERNATIONAL MONETARY MARKET,1996-09-24,3500,33833,1226.0,-6125.0,72303,-6652.0,-30333,7351.0
JAPANESE YEN - INTERNATIONAL MONETARY MARKET,1996-10-01,3656,36254,156.0,2421.0,78542,6239.0,-32598,-2265.0
JAPANESE YEN - INTERNATIONAL MONETARY MARKET,1996-10-08,1440,32740,-2216.0,-3514.0,76778,-1764.0,-31300,1298.0
JAPANESE YEN - INTERNATIONAL MONETARY MARKET,1996-10-15,965,31767,-475.0,-973.0,76276,-502.0,-30802,498.0
JAPANESE YEN - INTERNATIONAL MONETARY MARKET,1996-10-22,250,30285,-715.0,-1482.0,74473,-1803.0,-30035,767.0
JAPANESE YEN - INTERNATIONAL MONETARY MARKET,1996-10-29,1272,32823,1022.0,2538.0,82265,7792.0,-31551,-1516.0
JAPANESE YEN - INTERNATIONAL MONETARY MARKET,1996-11-05,1198,30720,-74.0,-2103.0,75738,-6527.0,-29522,2029.0
JAPANESE YEN - INTERNATIONAL MONETARY MARKET,1996-11-12,1049,22226,-149.0,-8494.0,71473,-4265.0,-21177,8345.0
JAPANESE YEN - INTERNATIONAL MONETARY MARKET,1996-11-19,2331,21024,1282.0,-1202.0,71084,-389.0,-18693,2484.0
JAPANESE YEN - INTERNATIONAL MONETARY MARKET,1996-11-26,2410,21413,79.0,389.0,67412,-3672.0,-19003,-310.0
JAPANESE YEN - INTERNATIONAL MONETARY MARKET,1996-12-03,848,25438,-1562.0,4025.0,76229,8817.0,-24590,-5587.0
JAPANESE YEN - INTERNATIONAL MONETARY MARKET,1996-12-10,1224,23968,376.0,-1470.0,76579,350.0,-22744,1846.0
JAPANESE YEN - INTERNATIONAL MONETARY MARKET,1996-12-17,1302,25010,78.0,1042.0,54232,-22347.0,-23708,-964.0
JAPANESE YEN - INTERNATIONAL MONETARY MARKET,1996-12-24,888,25988,-414.0,978.0,54646,414.0,-25100,-1392.0
JAPANESE YEN - INTERNATIONAL MONETARY MARKET,1996-12-31,1783,28258,895.0,2270.0,59781,5135.0,-26475,-1375.0
JAPANESE YEN - INTERNATIONAL MONETARY MARKET,1997-01-07,237,31541,-1546.0,3283.0,71117,11336.0,-31304,-4829.0
JAPANESE YEN - INTERNATIONAL MONETARY MARKET,1997-01-14,791,33398,554.0,1857.0,72957,1840.0,-32607,-1303.0
JAPANESE YEN - INTERNATIONAL MONETARY MARKET,1997-01-21,800,33185,9.0,-213.0,75440,2483.0,-32385,222.0
JAPANESE YEN - INTERNATIONAL MONETARY MARKET,1997-01-28,1708,34934,908.0,1749.0,75822,382.0,-33226,-841.0
JAPANESE YEN - INTERNATIONAL MONETARY MARKET,1997-02-04,3094,35897,1386.0,963.0,79874,4052.0,-32803,423.0
JAPANESE YEN - INTERNATIONAL MONETARY MARKET,1997-02-11,923,35632,-2171.0,-265.0,83850,3976.0,-34709,-1906.0
JAPANESE YEN - INTERNATIONAL MONETARY MARKET,1997-02-18,1079,34227,156.0,-1405.0,82037,-1813.0,-33148,1561.0
JAPANESE YEN - INTERNATIONAL MONETARY MARKET,1997-02-25,2876,30127,1797.0,-4100.0,80390,-1647.0,-27251,5897.0
JAPANESE YEN - INTERNATIONAL MONETARY MARKET,1997-03-04,2380,27465,-496.0,-2662.0,78819,-1571.0,-25085,2166.0
JAPANESE YEN - INTERNATIONAL MONETARY MARKET,1997-03-11,2386,26613,6.0,-852.0,88163,9344.0,-24227,858.0
JAPANESE YEN - INTERNATIONAL MONETARY MARKET,1997-03-18,2046,27716,-340.0,1103.0,61971,-26192.0,-25670,-1443.0
JAPANESE YEN - INTERNATIONAL MONETARY MARKET,1997-03-25,2615,29642,569.0,1926.0,67862,5891.0,-27027,-1357.0
JAPANESE YEN - INTERNATIONAL MONETARY MARKET,1997-04-01,2699,26432,84.0,-3210.0,68670,808.0,-23733,3294.0
JAPANESE YEN - INTERNATIONAL MONETARY MARKET,1997-04-08,2615,33255,-84.0,6823.0,79690,11020.0,-30640,-6907.0
JAPANESE YEN - INTERNATIONAL MONETARY MARKET,1997-04-15,1875,35489,-740.0,2234.0,84154,4464.0,-33614,-2974.0
JAPANESE YEN - INTERNATIONAL MONETARY MARKET,1997-04-22,1941,35535,66.0,46.0,82536,-1618.0,-33594,20.0
JAPANESE YEN - INTERNATIONAL MONETARY MARKET,1997-04-29,1664,37527,-277.0,1992.0,87253,4717.0,-35863,-2269.0
JAPANESE YEN - INTERNATIONAL MONETARY MARKET,1997-05-06,3630,33435,1966.0,-4092.0,82137,-5116.0,-29805,6058.0
JAPANESE YEN - INTERNATIONAL MONETARY MARKET,1997-05-13,19871,12900,16241.0,-20535.0,81674,-463.0,6971,36776.0
JAPANESE YEN - INTERNATIONAL MONETARY MARKET,1997-05-20,25107,11527,5236.0,-1373.0,94323,12649.0,13580,6609.0
JAPANESE YEN - INTERNATIONAL MONETARY MARKET,1997-05-27,21221,11274,-3886.0,-253.0,85114,-9209.0,9947,-3633.0
JAPANESE YEN - INTERNATIONAL MONETARY MARKET,1997-06-03,21915,11076,694.0,-198.0,84109,-1005.0,10839,892.0
JAPANESE YEN - INTERNATIONAL MONETARY MARKET,1997-06-10,20060,9755,-1855.0,-1321.0,100978,16869.0,10305,-534.0
JAPANESE YEN - INTERNATIONAL MONETARY MARKET,1997-06-17,13951,9490,-6109.0,-265.0,50981,-49997.0,4461,-5844.0
JAPANESE YEN - INTERNATIONAL MONETARY MARKET,1997-06-24,12573,11435,-1378.0,1945.0,52859,1878.0,1138,-3323.0
JAPANESE YEN - INTERNATIONAL MONETARY MARKET,1997-07-01,13831,11363,1258.0,-72.0,49743,-3116.0,2468,1330.0
JAPANESE YEN - INTERNATIONAL MONETARY MARKET,1997-07-08,18518,10327,4687.0,-1036.0,60190,10447.0,8191,5723.0
JAPANESE YEN - INTERNATIONAL MONETARY MARKET,1997-07-15,12607,14201,-5911.0,3874.0,58461,-1729.0,-1594,-9785.0
JAPANESE YEN - INTERNATIONAL MONETARY MARKET,1997-07-22,11379,13996,-1228.0,-205.0,60054,1593.0,-2617,-1023.0
JAPANESE YEN - INTERNATIONAL MONETARY MARKET,1997-07-29,5255,27342,-6124.0,13346.0,79533,19479.0,-22087,-19470.0
JAPANESE YEN - INTERNATIONAL MONETARY MARKET,1997-08-05,2664,31990,-2591.0,4648.0,82030,2497.0,-29326,-7239.0
JAPANESE YEN - INTERNATIONAL MONETARY MARKET,1997-08-12,2476,26801,-188.0,-5189.0,73356,-8674.0,-24325,5001.0
JAPANESE YEN - INTERNATIONAL MONETARY MARKET,1997-08-19,2782,29512,306.0,2711.0,81269,7913.0,-26730,-2405.0
JAPANESE YEN - INTERNATIONAL MONETARY MARKET,1997-08-26,3752,26500,970.0,-3012.0,82931,1662.0,-22748,3982.0
JAPANESE YEN - INTERNATIONAL MONETARY MARKET,1997-09-02,6542,35856,2790.0,9356.0,110153,27222.0,-29314,-6566.0
JAPANESE YEN - INTERNATIONAL MONETARY MARKET,1997-09-09,5446,25849,-1096.0,-10007.0,125821,15668.0,-20403,8911.0
JAPANESE YEN - INTERNATIONAL MONETARY MARKET,1997-09-16,2870,26091,-2576.0,242.0,71476,-54345.0,-23221,-2818.0
JAPANESE YEN - INTERNATIONAL MONETARY MARKET,1997-09-23,3593,28748,723.0,2657.0,76840,5364.0,-25155,-1934.0
JAPANESE YEN - INTERNATIONAL MONETARY MARKET,1997-09-30,4845,30978,1252.0,2230.0,77580,740.0,-26133,-978.0
JAPANESE YEN - INTERNATIONAL MONETARY MARKET,1997-10-07,4373,37375,-472.0,6397.0,88180,10600.0,-33002,-6869.0
JAPANESE YEN - INTERNATIONAL MONETARY MARKET,1997-10-14,8972,27741,4599.0,-9634.0,84844,-3336.0,-18769,14233.0
JAPANESE YEN - INTERNATIONAL MONETARY MARKET,1997-10-21,14984,25891,6012.0,-1850.0,87983,3139.0,-10907,7862.0
JAPANESE YEN - INTERNATIONAL MONETARY MARKET,1997-10-28,12675,28930,-2309.0,3039.0,105651,17668.0,-16255,-5348.0
JAPANESE YEN - INTERNATIONAL MONETARY MARKET,1997-11-04,9965,30807,-2710.0,1877.0,108806,3155.0,-20842,-4587.0
JAPANESE YEN - INTERNATIONAL MONETARY MARKET,1997-11-11,11352,45487,1387.0,14680.0,134949,26143.0,-34135,-13293.0
JAPANESE YEN - INTERNATIONAL MONETARY MARKET,1997-11-18,8915,46437,-2437.0,950.0,138653,3704.0,-37522,-3387.0
JAPANESE YEN - INTERNATIONAL MONETARY MARKET,1997-11-25,6158,46365,-2757.0,-72.0,133612,-5041.0,-40207,-2685.0
JAPANESE YEN - INTERNATIONAL MONETARY MARKET,1997-12-02,3730,46878,-2428.0,513.0,143466,9854.0,-43148,-2941.0
JAPANESE YEN - INTERNATIONAL MONETARY MARKET,1997-12-09,6823,50423,3093.0,3545.0,157450,13984.0,-43600,-452.0
JAPANESE YEN - INTERNATIONAL MONETARY MARKET,1997-12-16,4327,47413,-2496.0,-3010.0,99991,-57459.0,-43086,514.0
JAPANESE YEN - INTERNATIONAL MONETARY MARKET,1997-12-19,3775,39933,-552.0,-7480.0,91440,-8551.0,-36158,6928.0
JAPANESE YEN - INTERNATIONAL MONETARY MARKET,1997-12-23,3504,38911,-823.0,-8502.0,89139,-10852.0,-35407,751.0
JAPANESE YEN - INTERNATIONAL MONETARY MARKET,1997-12-30,3614,37572,110.0,-1339.0,87300,-1839.0,-33958,1449.0
JAPANESE YEN - INTERNATIONAL MONETARY MARKET,1998-01-06,3729,45782,115.0,8210.0,100138,12838.0,-42053,-8095.0
JAPANESE YEN - INTERNATIONAL MONETARY MARKET,1998-01-13,2885,40497,-844.0,-5285.0,97500,-2638.0,-37612,4441.0
JAPANESE YEN - INTERNATIONAL MONETARY MARKET,1998-01-20,3475,33736,590.0,-6761.0,91039,-6461.0,-30261,7351.0
JAPANESE YEN - INTERNATIONAL MONETARY MARKET,1998-01-27,6251,28881,2776.0,-4855.0,91369,330.0,-22630,7631.0
JAPANESE YEN - INTERNATIONAL MONETARY MARKET,1998-02-03,6556,30828,305.0,1947.0,98601,7232.0,-24272,-1642.0
JAPANESE YEN - INTERNATIONAL MONETARY MARKET,1998-02-10,18676,19553,12120.0,-11275.0,104328,5727.0,-877,23395.0
JAPANESE YEN - INTERNATIONAL MONETARY MARKET,1998-02-17,9330,15953,-9346.0,-3600.0,104210,-118.0,-6623,-5746.0
JAPANESE YEN - INTERNATIONAL MONETARY MARKET,1998-02-24,8425,17673,-905.0,1720.0,98205,-6005.0,-9248,-2625.0
JAPANESE YEN - INTERNATIONAL MONETARY MARKET,1998-03-03,7090,16029,-1335.0,-1644.0,97168,-1037.0,-8939,309.0
JAPANESE YEN - INTERNATIONAL MONETARY MARKET,1998-03-10,4388,18505,-2702.0,2476.0,107136,9968.0,-14117,-5178.0
JAPANESE YEN - INTERNATIONAL MONETARY MARKET,1998-03-17,4937,26053,549.0,7548.0,68922,-38214.0,-21116,-6999.0
JAPANESE YEN - INTERNATIONAL MONETARY MARKET,1998-03-24,4339,36444,-598.0,10391.0,81988,13066.0,-32105,-10989.0
JAPANESE YEN - INTERNATIONAL MONETARY MARKET,1998-03-31,4090,46888,-249.0,10444.0,99645,17657.0,-42798,-10693.0
JAPANESE YEN - INTERNATIONAL MONETARY MARKET,1998-04-07,4055,59980,-35.0,13092.0,118672,19027.0,-55925,-13127.0
JAPANESE YEN - INTERNATIONAL MONETARY MARKET,1998-04-14,3826,41090,-229.0,-18890.0,89758,-28914.0,-37264,18661.0
JAPANESE YEN - INTERNATIONAL MONETARY MARKET,1998-04-21,3872,43195,46.0,2105.0,93359,3601.0,-39323,-2059.0
JAPANESE YEN - INTERNATIONAL MONETARY MARKET,1998-04-28,2056,32481,-1816.0,-10714.0,88323,-5036.0,-30425,8898.0
JAPANESE YEN - INTERNATIONAL MONETARY MARKET,1998-05-05,6064,32805,4008.0,324.0,92803,4480.0,-26741,3684.0
JAPANESE YEN - INTERNATIONAL MONETARY MARKET,1998-05-12,3272,35194,-2792.0,2389.0,92820,17.0,-31922,-5181.0
JAPANESE YEN - INTERNATIONAL MONETARY MARKET,1998-05-19,3718,57144,446.0,21950.0,120892,28072.0,-53426,-21504.0
JAPANESE YEN - INTERNATIONAL MONETARY MARKET,1998-05-26,4611,68089,893.0,10945.0,124590,3698.0,-63478,-10052.0
JAPANESE YEN - INTERNATIONAL MONETARY MARKET,1998-06-02,8122,66329,3511.0,-1760.0,131550,6960.0,-58207,5271.0
JAPANESE YEN - INTERNATIONAL MONETARY MARKET,1998-06-09,8524,69319,402.0,2990.0,154971,23421.0,-60795,-2588.0
JAPANESE YEN - INTERNATIONAL MONETARY MARKET,1998-06-16,11528,58275,3004.0,-11044.0,118902,-36069.0,-46747,14048.0
JAPANESE YEN - INTERNATIONAL MONETARY MARKET,1998-06-23,3825,32696,-7703.0,-25579.0,112988,-5914.0,-28871,17876.0
JAPANESE YEN - INTERNATIONAL MONETARY MARKET,1998-06-30,4604,33577,779.0,881.0,108781,-4207.0,-28973,-102.0
JAPANESE YEN - INTERNATIONAL MONETARY MARKET,1998-07-07,5381,35426,777.0,1849.0,111492,2711.0,-30045,-1072.0
JAPANESE YEN - INTERNATIONAL MONETARY MARKET,1998-07-14,2540,35647,-2841.0,221.0,107157,-4335.0,-33107,-3062.0
JAPANESE YEN - INTERNATIONAL MONETARY MARKET,1998-07-21,5700,37902,3160.0,2255.0,110323,3166.0,-32202,905.0
JAPANESE YEN - INTERNATIONAL MONETARY MARKET,1998-07-28,3130,41054,-2570.0,3152.0,116184,5861.0,-37924,-5722.0
JAPANESE YEN - INTERNATIONAL MONETARY MARKET,1998-08-04,7563,53271,4433.0,12217.0,142444,26260.0,-45708,-7784.0
JAPANESE YEN - INTERNATIONAL MONETARY MARKET,1998-08-11,3873,58571,-3690.0,5300.0,150804,8360.0,-54698,-8990.0
JAPANESE YEN - INTERNATIONAL MONETARY MARKET,1998-08-18,9012,52437,5139.0,-6134.0,148067,-2737.0,-43425,11273.0
JAPANESE YEN - INTERNATIONAL MONETARY MARKET,1998-08-25,4686,46368,-4326.0,-6069.0,144169,-3898.0,-41682,1743.0
JAPANESE YEN - INTERNATIONAL MONETARY MARKET,1998-09-01,9078,24395,4392.0,-21973.0,136199,-7970.0,-15317,26365.0
JAPANESE YEN - INTERNATIONAL MONETARY MARKET,1998-09-08,25433,17003,16355.0,-7392.0,138490,2291.0,8430,23747.0
JAPANESE YEN - INTERNATIONAL MONETARY MARKET,1998-09-15,21708,15885,-3725.0,-1118.0,79793,-58697.0,5823,-2607.0
JAPANESE YEN - INTERNATIONAL MONETARY MARKET,1998-09-22,18703,16640,-3005.0,755.0,77894,-1899.0,2063,-3760.0
JAPANESE YEN - INTERNATIONAL MONETARY MARKET,1998-09-29,19307,18445,604.0,1805.0,84359,6465.0,862,-1201.0
JAPANESE YEN - INTERNATIONAL MONETARY MARKET,1998-10-06,28162,20336,8855.0,1891.0,89771,5412.0,7826,6964.0
JAPANESE YEN - INTERNATIONAL MONETARY MARKET,1998-10-13,22889,16640,-5273.0,-3696.0,88116,-1655.0,6249,-1577.0
JAPANESE YEN - INTERNATIONAL MONETARY MARKET,1998-10-20,25243,17023,2354.0,383.0,89791,1675.0,8220,1971.0
JAPANESE YEN - INTERNATIONAL MONETARY MARKET,1998-10-27,22729,18239,-2514.0,1216.0,87791,-2000.0,4490,-3730.0
JAPANESE YEN - INTERNATIONAL MONETARY MARKET,1998-11-03,25093,16388,2364.0,-1851.0,89560,1769.0,8705,4215.0
JAPANESE YEN - INTERNATIONAL MONETARY MARKET,1998-11-10,16585,15512,-8508.0,-876.0,95327,5767.0,1073,-7632.0
JAPANESE YEN - INTERNATIONAL MONETARY MARKET,1998-11-17,18248,15688,1663.0,176.0,86640,-8687.0,2560,1487.0
JAPANESE YEN - INTERNATIONAL MONETARY MARKET,1998-11-24,16515,15586,-1733.0,-102.0,85183,-1457.0,929,-1631.0
JAPANESE YEN - INTERNATIONAL MONETARY MARKET,1998-12-01,12301,14537,-4214.0,-1049.0,84057,-1126.0,-2236,-3165.0
JAPANESE YEN - INTERNATIONAL MONETARY MARKET,1998-12-08,14593,12298,2292.0,-2239.0,89427,5370.0,2295,4531.0
JAPANESE YEN - INTERNATIONAL MONETARY MARKET,1998-12-15,19442,11276,4849.0,-1022.0,65543,-23884.0,8166,5871.0
JAPANESE YEN - INTERNATIONAL MONETARY MARKET,1998-12-22,19626,11716,184.0,440.0,65463,-80.0,7910,-256.0
JAPANESE YEN - INTERNATIONAL MONETARY MARKET,1998-12-29,20963,11086,1337.0,-630.0,66189,726.0,9877,1967.0
JAPANESE YEN - INTERNATIONAL MONETARY MARKET,1999-01-05,32885,10865,11922.0,-221.0,78909,12720.0,22020,12143.0
JAPANESE YEN - INTERNATIONAL MONETARY MARKET,1999-01-12,28236,11310,-4649.0,445.0,80474,1565.0,16926,-5094.0
JAPANESE YEN - INTERNATIONAL MONETARY MARKET,1999-01-19,23579,18588,-4657.0,7278.0,78621,-1853.0,4991,-11935.0
JAPANESE YEN - INTERNATIONAL MONETARY MARKET,1999-01-26,23152,14584,-427.0,-4004.0,78063,-558.0,8568,3577.0
JAPANESE YEN - INTERNATIONAL MONETARY MARKET,1999-02-02,19197,13093,-3955.0,-1491.0,78317,254.0,6104,-2464.0
JAPANESE YEN - INTERNATIONAL MONETARY MARKET,1999-02-09,18241,12052,-956.0,-1041.0,76418,-1899.0,6189,85.0
JAPANESE YEN - INTERNATIONAL MONETARY MARKET,1999-02-16,7162,18278,-11079.0,6226.0,72244,-4174.0,-11116,-17305.0
JAPANESE YEN - INTERNATIONAL MONETARY MARKET,1999-02-23,1484,35774,-5678.0,17496.0,89085,16841.0,-34290,-23174.0
JAPANESE YEN - INTERNATIONAL MONETARY MARKET,1999-03-02,2536,38747,1052.0,2973.0,97584,8499.0,-36211,-1921.0
JAPANESE YEN - INTERNATIONAL MONETARY MARKET,1999-03-09,1305,45563,-1231.0,6816.0,124605,27021.0,-44258,-8047.0
JAPANESE YEN - INTERNATIONAL MONETARY MARKET,1999-03-16,1878,33670,573.0,-11893.0,74429,-50176.0,-31792,12466.0
JAPANESE YEN - INTERNATIONAL MONETARY MARKET,1999-03-23,2128,33858,250.0,188.0,74634,205.0,-31730,62.0
JAPANESE YEN - INTERNATIONAL MONETARY MARKET,1999-03-30,2526,40989,398.0,7131.0,85280,10646.0,-38463,-6733.0
JAPANESE YEN - INTERNATIONAL MONETARY MARKET,1999-04-06,1738,37435,-788.0,-3554.0,85436,156.0,-35697,2766.0
JAPANESE YEN - INTERNATIONAL MONETARY MARKET,1999-04-13,2089,38468,351.0,1033.0,83908,-1528.0,-36379,-682.0
JAPANESE YEN - INTERNATIONAL MONETARY MARKET,1999-04-20,3212,28889,1123.0,-9579.0,85666,1758.0,-25677,10702.0
JAPANESE YEN - INTERNATIONAL MONETARY MARKET,1999-04-27,2906,38216,-306.0,9327.0,94472,8806.0,-35310,-9633.0
JAPANESE YEN - INTERNATIONAL MONETARY MARKET,1999-05-04,5370,43808,2464.0,5592.0,99590,5118.0,-38438,-3128.0
JAPANESE YEN - INTERNATIONAL MONETARY MARKET,1999-05-11,2406,46471,-2964.0,2663.0,102147,2557.0,-44065,-5627.0
JAPANESE YEN - INTERNATIONAL MONETARY MARKET,1999-05-18,3018,69715,612.0,23244.0,136084,33937.0,-66697,-22632.0
JAPANESE YEN - INTERNATIONAL MONETARY MARKET,1999-05-25,1827,64011,-1191.0,-5704.0,131754,-4330.0,-62184,4513.0
JAPANESE YEN - INTERNATIONAL MONETARY MARKET,1999-06-01,3868,49791,2041.0,-14220.0,118114,-13640.0,-45923,16261.0
JAPANESE YEN - INTERNATIONAL MONETARY MARKET,1999-06-08,4801,53803,933.0,4012.0,146342,28228.0,-49002,-3079.0
JAPANESE YEN - INTERNATIONAL MONETARY MARKET,1999-06-15,2457,42518,-2344.0,-11285.0,96356,-49986.0,-40061,8941.0
JAPANESE YEN - INTERNATIONAL MONETARY MARKET,1999-06-22,2178,53021,-279.0,10503.0,104052,7696.0,-50843,-10782.0
JAPANESE YEN - INTERNATIONAL MONETARY MARKET,1999-06-29,3561,52628,1383.0,-393.0,108234,4182.0,-49067,1776.0
JAPANESE YEN - INTERNATIONAL MONETARY MARKET,1999-07-06,4061,54037,500.0,1409.0,111634,3400.0,-49976,-909.0
JAPANESE YEN - INTERNATIONAL MONETARY MARKET,1999-07-13,5766,58964,1705.0,4927.0,113708,2074.0,-53198,-3222.0
JAPANESE YEN - INTERNATIONAL MONETARY MARKET,1999-07-20,31756,34466,25990.0,-24498.0,115699,1991.0,-2710,50488.0
JAPANESE YEN - INTERNATIONAL MONETARY MARKET,1999-07-27,49571,24810,17815.0,-9656.0,130673,14974.0,24761,27471.0
JAPANESE YEN - INTERNATIONAL MONETARY MARKET,1999-08-03,56565,14696,6994.0,-10114.0,131570,897.0,41869,17108.0
JAPANESE YEN - INTERNATIONAL MONETARY MARKET,1999-08-10,56618,16541,53.0,1845.0,132678,1108.0,40077,-1792.0
JAPANESE YEN - INTERNATIONAL MONETARY MARKET,1999-08-17,56001,14689,-617.0,-1852.0,136057,3379.0,41312,1235.0
JAPANESE YEN - INTERNATIONAL MONETARY MARKET,1999-08-24,59178,14747,3177.0,58.0,139656,3599.0,44431,3119.0
JAPANESE YEN - INTERNATIONAL MONETARY MARKET,1999-08-31,67229,13327,8051.0,-1420.0,146870,7214.0,53902,9471.0
JAPANESE YEN - INTERNATIONAL MONETARY MARKET,1999-09-07,58185,13552,-9044.0,225.0,154886,8016.0,44633,-9269.0
JAPANESE YEN - INTERNATIONAL MONETARY MARKET,1999-09-14,54045,12921,-4140.0,-631.0,93219,-61667.0,41124,-3509.0
JAPANESE YEN - INTERNATIONAL MONETARY MARKET,1999-09-21,45832,8933,-8213.0,-3988.0,86942,-6277.0,36899,-4225.0
JAPANESE YEN - INTERNATIONAL MONETARY MARKET,1999-09-28,40370,9085,-5462.0,152.0,81131,-5811.0,31285,-5614.0
JAPANESE YEN - INTERNATIONAL MONETARY MARKET,1999-10-05,36745,10151,-3625.0,1066.0,79913,-1218.0,26594,-4691.0
JAPANESE YEN - INTERNATIONAL MONETARY MARKET,1999-10-12,37387,10217,642.0,66.0,80770,857.0,27170,576.0
JAPANESE YEN - INTERNATIONAL MONETARY MARKET,1999-10-19,39262,15884,1875.0,5667.0,84001,3231.0,23378,-3792.0
JAPANESE YEN - INTERNATIONAL MONETARY MARKET,1999-10-26,39061,11348,-201.0,-4536.0,84344,343.0,27713,4335.0
JAPANESE YEN - INTERNATIONAL MONETARY MARKET,1999-11-02,38605,10798,-456.0,-550.0,87789,3445.0,27807,94.0
JAPANESE YEN - INTERNATIONAL MONETARY MARKET,1999-11-09,32008,12856,-6597.0,2058.0,85455,-2334.0,19152,-8655.0
JAPANESE YEN - INTERNATIONAL MONETARY MARKET,1999-11-16,31649,16651,-359.0,3795.0,84939,-516.0,14998,-4154.0
JAPANESE YEN - INTERNATIONAL MONETARY MARKET,1999-11-23,38048,11337,6399.0,-5314.0,90091,5152.0,26711,11713.0
JAPANESE YEN - INTERNATIONAL MONETARY MARKET,1999-11-30,49438,11458,11390.0,121.0,99716,9625.0,37980,11269.0
JAPANESE YEN - INTERNATIONAL MONETARY MARKET,1999-12-07,41687,11362,-7751.0,-96.0,107366,7650.0,30325,-7655.0
JAPANESE YEN - INTERNATIONAL MONETARY MARKET,1999-12-14,19012,9346,-22675.0,-2016.0,70377,-36989.0,9666,-20659.0
JAPANESE YEN - INTERNATIONAL MONETARY MARKET,1999-12-21,23487,9737,4475.0,391.0,73528,3151.0,13750,4084.0
JAPANESE YEN - INTERNATIONAL MONETARY MARKET,1999-12-28,26450,9454,2963.0,-283.0,73726,198.0,16996,3246.0
JAPANESE YEN - INTERNATIONAL MONETARY MARKET,2000-01-04,23597,8122,-2853.0,-1332.0,74372,646.0,15475,-1521.0
JAPANESE YEN - INTERNATIONAL MONETARY MARKET,2000-01-11,13901,36654,-9696.0,28532.0,96868,22496.0,-22753,-38228.0
JAPANESE YEN - INTERNATIONAL MONETARY MARKET,2000-01-18,14552,39383,651.0,2729.0,98948,2080.0,-24831,-2078.0
JAPANESE YEN - INTERNATIONAL MONETARY MARKET,2000-01-25,14395,38173,-157.0,-1210.0,102097,3149.0,-23778,1053.0
JAPANESE YEN - INTERNATIONAL MONETARY MARKET,2000-02-01,14920,52037,525.0,13864.0,114608,12511.0,-37117,-13339.0
JAPANESE YEN - INTERNATIONAL MONETARY MARKET,2000-02-08,15452,58730,532.0,6693.0,122393,7785.0,-43278,-6161.0
JAPANESE YEN - INTERNATIONAL MONETARY MARKET,2000-02-15,15845,63670,393.0,4940.0,127294,4901.0,-47825,-4547.0
JAPANESE YEN - INTERNATIONAL MONETARY MARKET,2000-02-22,15592,65948,-253.0,2278.0,130314,3020.0,-50356,-2531.0
JAPANESE YEN - INTERNATIONAL MONETARY MARKET,2000-02-29,15979,61373,387.0,-4575.0,126995,-3319.0,-45394,4962.0
JAPANESE YEN - INTERNATIONAL MONETARY MARKET,2000-03-07,18522,32210,2543.0,-29163.0,127634,639.0,-13688,31706.0
JAPANESE YEN - INTERNATIONAL MONETARY MARKET,2000-03-14,10306,28706,-8216.0,-3504.0,71233,-56401.0,-18400,-4712.0
JAPANESE YEN - INTERNATIONAL MONETARY MARKET,2000-03-21,4444,28415,-5862.0,-291.0,68331,-2902.0,-23971,-5571.0
JAPANESE YEN - INTERNATIONAL MONETARY MARKET,2000-03-28,6061,28150,1617.0,-265.0,69382,1051.0,-22089,1882.0
JAPANESE YEN - INTERNATIONAL MONETARY MARKET,2000-04-04,15319,8004,9258.0,-20146.0,76692,7310.0,7315,29404.0
JAPANESE YEN - INTERNATIONAL MONETARY MARKET,2000-04-11,12042,8116,-3277.0,112.0,72067,-4625.0,3926,-3389.0
JAPANESE YEN - INTERNATIONAL MONETARY MARKET,2000-04-18,13424,7810,1382.0,-306.0,75075,3008.0,5614,1688.0
JAPANESE YEN - INTERNATIONAL MONETARY MARKET,2000-04-25,12254,8681,-1170.0,871.0,75039,-36.0,3573,-2041.0
JAPANESE YEN - INTERNATIONAL MONETARY MARKET,2000-05-02,4110,16960,-8144.0,8279.0,80159,5120.0,-12850,-16423.0
JAPANESE YEN - INTERNATIONAL MONETARY MARKET,2000-05-09,1523,21199,-2587.0,4239.0,80715,556.0,-19676,-6826.0
JAPANESE YEN - INTERNATIONAL MONETARY MARKET,2000-05-16,761,18143,-762.0,-3056.0,82902,2187.0,-17382,2294.0
JAPANESE YEN - INTERNATIONAL MONETARY MARKET,2000-05-23,752,13931,-9.0,-4212.0,79554,-3348.0,-13179,4203.0
JAPANESE YEN - INTERNATIONAL MONETARY MARKET,2000-05-30,763,13228,11.0,-703.0,78630,-924.0,-12465,714.0
JAPANESE YEN - INTERNATIONAL MONETARY MARKET,2000-06-06,1333,16143,570.0,2915.0,82045,3415.0,-14810,-2345.0
JAPANESE YEN - INTERNATIONAL MONETARY MARKET,2000-06-13,1619,11557,286.0,-4586.0,79632,-2413.0,-9938,4872.0
JAPANESE YEN - INTERNATIONAL MONETARY MARKET,2000-06-20,818,8590,-801.0,-2967.0,40067,-39565.0,-7772,2166.0
JAPANESE YEN - INTERNATIONAL MONETARY MARKET,2000-06-27,8251,6610,7433.0,-1980.0,46786,6719.0,1641,9413.0
JAPANESE YEN - INTERNATIONAL MONETARY MARKET,2000-07-05,3823,9893,-4428.0,3283.0,48751,1965.0,-6070,-7711.0
JAPANESE YEN - INTERNATIONAL MONETARY MARKET,2000-07-11,963,8752,-2860.0,-1141.0,52399,3648.0,-7789,-1719.0
JAPANESE YEN - INTERNATIONAL MONETARY MARKET,2000-07-18,641,15127,-322.0,6375.0,61744,9345.0,-14486,-6697.0
JAPANESE YEN - INTERNATIONAL MONETARY MARKET,2000-07-25,435,22664,-206.0,7537.0,69716,7972.0,-22229,-7743.0
JAPANESE YEN - INTERNATIONAL MONETARY MARKET,2000-08-01,1503,26502,1068.0,3838.0,77862,8146.0,-24999,-2770.0
JAPANESE YEN - INTERNATIONAL MONETARY MARKET,2000-08-08,471,27223,-1032.0,721.0,76872,-990.0,-26752,-1753.0
JAPANESE YEN - INTERNATIONAL MONETARY MARKET,2000-08-15,0,28804,-471.0,1581.0,82088,5216.0,-28804,-2052.0
JAPANESE YEN - INTERNATIONAL MONETARY MARKET,2000-08-22,140,28619,140.0,-185.0,80631,-1457.0,-28479,325.0
JAPANESE YEN - CHICAGO MERCANTILE EXCHANGE,2000-08-29,6943,19918,6803.0,-8701.0,77923,-2708.0,-12975,15504.0
JAPANESE YEN - CHICAGO MERCANTILE EXCHANGE,2000-09-05,5476,12578,-1467.0,-7340.0,71820,-6103.0,-7102,5873.0
JAPANESE YEN - CHICAGO MERCANTILE EXCHANGE,2000-09-12,14416,8082,8940.0,-4496.0,92390,20570.0,6334,13436.0
JAPANESE YEN - CHICAGO MERCANTILE EXCHANGE,2000-09-19,3734,7566,-10682.0,-516.0,38431,-53959.0,-3832,-10166.0
JAPANESE YEN - CHICAGO MERCANTILE EXCHANGE,2000-09-26,5306,9532,1572.0,1966.0,43973,5542.0,-4226,-394.0
JAPANESE YEN - CHICAGO MERCANTILE EXCHANGE,2000-10-03,2244,16011,-3062.0,6479.0,54499,10526.0,-13767,-9541.0
JAPANESE YEN - CHICAGO MERCANTILE EXCHANGE,2000-10-10,977,31065,-1267.0,15054.0,66105,11606.0,-30088,-16321.0
JAPANESE YEN - CHICAGO MERCANTILE EXCHANGE,2000-10-17,965,30292,-12.0,-773.0,65298,-807.0,-29327,761.0
JAPANESE YEN - CHICAGO MERCANTILE EXCHANGE,2000-10-24,981,28792,16.0,-1500.0,65348,50.0,-27811,1516.0
JAPANESE YEN - CHICAGO MERCANTILE EXCHANGE,2000-10-31,1147,28226,166.0,-566.0,68898,3550.0,-27079,732.0
JAPANESE YEN - CHICAGO MERCANTILE EXCHANGE,2000-11-07,615,24492,-532.0,-3734.0,59077,-9821.0,-23877,3202.0
JAPANESE YEN - CHICAGO MERCANTILE EXCHANGE,2000-11-14,1315,23885,700.0,-607.0,59507,430.0,-22570,1307.0
JAPANESE YEN - CHICAGO MERCANTILE EXCHANGE,2000-11-21,986,36058,-329.0,12173.0,77499,17992.0,-35072,-12502.0
JAPANESE YEN - CHICAGO MERCANTILE EXCHANGE,2000-11-28,866,34196,-120.0,-1862.0,77425,-74.0,-33330,1742.0
JAPANESE YEN - CHICAGO MERCANTILE EXCHANGE,2000-12-05,853,33302,-13.0,-894.0,82427,5002.0,-32449,881.0
JAPANESE YEN - CHICAGO MERCANTILE EXCHANGE,2000-12-12,110,41806,-743.0,8504.0,130047,47620.0,-41696,-9247.0
JAPANESE YEN - CHICAGO MERCANTILE EXCHANGE,2000-12-19,788,39021,678.0,-2785.0,87563,-42484.0,-38233,3463.0
JAPANESE YEN - CHICAGO MERCANTILE EXCHANGE,2000-12-26,1634,44254,846.0,5233.0,90803,3240.0,-42620,-4387.0
JAPANESE YEN - CHICAGO MERCANTILE EXCHANGE,2001-01-02,1613,43032,-21.0,-1222.0,91258,455.0,-41419,1201.0
JAPANESE YEN - CHICAGO MERCANTILE EXCHANGE,2001-01-09,1550,41688,-63.0,-1344.0,91091,-167.0,-40138,1281.0
JAPANESE YEN - CHICAGO MERCANTILE EXCHANGE,2001-01-16,1877,35747,327.0,-5941.0,90061,-1030.0,-33870,6268.0
JAPANESE YEN - CHICAGO MERCANTILE EXCHANGE,2001-01-23,4611,33823,2734.0,-1924.0,91368,1307.0,-29212,4658.0
JAPANESE YEN - CHICAGO MERCANTILE EXCHANGE,2001-01-30,1606,26806,-3005.0,-7017.0,87420,-3948.0,-25200,4012.0
JAPANESE YEN - CHICAGO MERCANTILE EXCHANGE,2001-02-06,1829,27865,223.0,1059.0,92632,5212.0,-26036,-836.0
JAPANESE YEN - CHICAGO MERCANTILE EXCHANGE,2001-02-13,1484,28958,-345.0,1093.0,90964,-1668.0,-27474,-1438.0
JAPANESE YEN - CHICAGO MERCANTILE EXCHANGE,2001-02-20,682,27742,-802.0,-1216.0,89673,-1291.0,-27060,414.0
JAPANESE YEN - CHICAGO MERCANTILE EXCHANGE,2001-02-27,849,28386,167.0,644.0,89216,-457.0,-27537,-477.0
JAPANESE YEN - CHICAGO MERCANTILE EXCHANGE,2001-03-06,922,32429,73.0,4043.0,98574,9358.0,-31507,-3970.0
JAPANESE YEN - CHICAGO MERCANTILE EXCHANGE,2001-03-13,23034,41341,22112.0,8912.0,123971,25397.0,-18307,13200.0
JAPANESE YEN - CHICAGO MERCANTILE EXCHANGE,2001-03-20,36675,37256,13641.0,-4085.0,103349,-20622.0,-581,17726.0
JAPANESE YEN - CHICAGO MERCANTILE EXCHANGE,2001-03-27,33952,30465,-2723.0,-6791.0,99717,-3632.0,3487,4068.0
JAPANESE YEN - CHICAGO MERCANTILE EXCHANGE,2001-04-03,34750,32999,798.0,2534.0,106688,6971.0,1751,-1736.0
JAPANESE YEN - CHICAGO MERCANTILE EXCHANGE,2001-04-10,34121,32200,-629.0,-799.0,105515,-1173.0,1921,170.0
JAPANESE YEN - CHICAGO MERCANTILE EXCHANGE,2001-04-17,2292,27878,-31829.0,-4322.0,90864,-14651.0,-25586,-27507.0
JAPANESE YEN - CHICAGO MERCANTILE EXCHANGE,2001-04-24,3775,27235,1483.0,-643.0,87870,-2994.0,-23460,2126.0
JAPANESE YEN - CHICAGO MERCANTILE EXCHANGE,2001-05-01,21103,26816,17328.0,-419.0,86456,-1414.0,-5713,17747.0
JAPANESE YEN - CHICAGO MERCANTILE EXCHANGE,2001-05-08,26696,29615,5593.0,2799.0,90252,3796.0,-2919,2794.0
JAPANESE YEN - CHICAGO MERCANTILE EXCHANGE,2001-05-15,26429,28744,-267.0,-871.0,92328,2076.0,-2315,604.0
JAPANESE YEN - CHICAGO MERCANTILE EXCHANGE,2001-05-22,2531,29579,-23898.0,835.0,97736,5408.0,-27048,-24733.0
JAPANESE YEN - CHICAGO MERCANTILE EXCHANGE,2001-05-29,6661,16825,4130.0,-12754.0,87280,-10456.0,-10164,16884.0
JAPANESE YEN - CHICAGO MERCANTILE EXCHANGE,2001-06-05,16370,11107,9709.0,-5718.0,93638,6358.0,5263,15427.0
JAPANESE YEN - CHICAGO MERCANTILE EXCHANGE,2001-06-12,16507,13792,137.0,2685.0,97354,3716.0,2715,-2548.0
JAPANESE YEN - CHICAGO MERCANTILE EXCHANGE,2001-06-19,4703,20569,-11804.0,6777.0,56263,-41091.0,-15866,-18581.0
JAPANESE YEN - CHICAGO MERCANTILE EXCHANGE,2001-06-26,2708,27294,-1995.0,6725.0,62444,6181.0,-24586,-8720.0
JAPANESE YEN - CHICAGO MERCANTILE EXCHANGE,2001-07-03,2294,34674,-414.0,7380.0,72009,9565.0,-32380,-7794.0
JAPANESE YEN - CHICAGO MERCANTILE EXCHANGE,2001-07-10,17020,41110,14726.0,6436.0,95443,23434.0,-24090,8290.0
JAPANESE YEN - CHICAGO MERCANTILE EXCHANGE,2001-07-17,26985,36939,9965.0,-4171.0,102545,7102.0,-9954,14136.0
JAPANESE YEN - CHICAGO MERCANTILE EXCHANGE,2001-07-24,26014,27243,-971.0,-9696.0,100240,-2305.0,-1229,8725.0
JAPANESE YEN - CHICAGO MERCANTILE EXCHANGE,2001-07-31,26464,30899,450.0,3656.0,105945,5705.0,-4435,-3206.0
JAPANESE YEN - CHICAGO MERCANTILE EXCHANGE,2001-08-07,26803,25375,339.0,-5524.0,105044,-901.0,1428,5863.0
JAPANESE YEN - CHICAGO MERCANTILE EXCHANGE,2001-08-14,26620,15062,-183.0,-10313.0,101855,-3189.0,11558,10130.0
JAPANESE YEN - CHICAGO MERCANTILE EXCHANGE,2001-08-21,40409,9798,13789.0,-5264.0,109786,7931.0,30611,19053.0
JAPANESE YEN - CHICAGO MERCANTILE EXCHANGE,2001-08-28,40057,9877,-352.0,79.0,111974,2188.0,30180,-431.0
JAPANESE YEN - CHICAGO MERCANTILE EXCHANGE,2001-09-04,40762,8251,705.0,-1626.0,115883,3909.0,32511,2331.0
JAPANESE YEN - CHICAGO MERCANTILE EXCHANGE,2001-09-10,32713,9220,-8049.0,969.0,112122,-3761.0,23493,-9018.0
JAPANESE YEN - CHICAGO MERCANTILE EXCHANGE,2001-09-18,37787,9348,5074.0,128.0,86678,-25444.0,28439,4946.0
JAPANESE YEN - CHICAGO MERCANTILE EXCHANGE,2001-09-25,39909,9544,2122.0,196.0,90169,3491.0,30365,1926.0
JAPANESE YEN - CHICAGO MERCANTILE EXCHANGE,2001-10-02,22438,8929,-17471.0,-615.0,75174,-14995.0,13509,-16856.0
JAPANESE YEN - CHICAGO MERCANTILE EXCHANGE,2001-10-09,20983,10715,-1455.0,1786.0,71605,-3569.0,10268,-3241.0
JAPANESE YEN - CHICAGO MERCANTILE EXCHANGE,2001-10-16,15409,16523,-5574.0,5808.0,74649,3044.0,-1114,-11382.0
JAPANESE YEN - CHICAGO MERCANTILE EXCHANGE,2001-10-23,3588,25372,-11821.0,8849.0,75643,994.0,-21784,-20670.0
JAPANESE YEN - CHICAGO MERCANTILE EXCHANGE,2001-10-30,3817,31162,229.0,5790.0,81807,6164.0,-27345,-5561.0
JAPANESE YEN - CHICAGO MERCANTILE EXCHANGE,2001-11-06,14379,28293,10562.0,-2869.0,91333,9526.0,-13914,13431.0
JAPANESE YEN - CHICAGO MERCANTILE EXCHANGE,2001-11-13,19203,23434,4824.0,-4859.0,92819,1486.0,-4231,9683.0
JAPANESE YEN - CHICAGO MERCANTILE EXCHANGE,2001-11-20,13491,32377,-5712.0,8943.0,102491,9672.0,-18886,-14655.0
JAPANESE YEN - CHICAGO MERCANTILE EXCHANGE,2001-11-27,18647,40277,5156.0,7900.0,109170,6679.0,-21630,-2744.0
JAPANESE YEN - CHICAGO MERCANTILE EXCHANGE,2001-12-04,29792,38210,11145.0,-2067.0,119948,10778.0,-8418,13212.0
JAPANESE YEN - CHICAGO MERCANTILE EXCHANGE,2001-12-11,36798,41056,7006.0,2846.0,153340,33392.0,-4258,4160.0
JAPANESE YEN - CHICAGO MERCANTILE EXCHANGE,2001-12-18,37020,38955,222.0,-2101.0,126848,-26492.0,-1935,2323.0
JAPANESE YEN - CHICAGO MERCANTILE EXCHANGE,2001-12-21,37531,41852,511.0,2897.0,129864,3016.0,-4321,-2386.0
JAPANESE YEN - CHICAGO MERCANTILE EXCHANGE,2001-12-28,39575,38709,2044.0,-3143.0,130768,904.0,866,5187.0
JAPANESE YEN - CHICAGO MERCANTILE EXCHANGE,2002-01-08,38443,41973,-1132.0,3264.0,135340,4572.0,-3530,-4396.0
JAPANESE YEN - CHICAGO MERCANTILE EXCHANGE,2002-01-15,36543,39146,-1900.0,-2827.0,133175,-2165.0,-2603,927.0
JAPANESE YEN - CHICAGO MERCANTILE EXCHANGE,2002-01-22,27336,41737,-9207.0,2591.0,130458,-2717.0,-14401,-11798.0
JAPANESE YEN - CHICAGO MERCANTILE EXCHANGE,2002-01-29,31724,38067,4388.0,-3670.0,126984,-3474.0,-6343,8058.0
JAPANESE YEN - CHICAGO MERCANTILE EXCHANGE,2002-02-05,31592,35608,-132.0,-2459.0,129271,2287.0,-4016,2327.0
JAPANESE YEN - CHICAGO MERCANTILE EXCHANGE,2002-02-12,22996,30777,-8596.0,-4831.0,115316,-13955.0,-7781,-3765.0
JAPANESE YEN - CHICAGO MERCANTILE EXCHANGE,2002-02-19,23244,35576,248.0,4799.0,122120,6804.0,-12332,-4551.0
JAPANESE YEN - CHICAGO MERCANTILE EXCHANGE,2002-02-26,23130,42942,-114.0,7366.0,127692,5572.0,-19812,-7480.0
JAPANESE YEN - CHICAGO MERCANTILE EXCHANGE,2002-03-05,13717,27363,-9413.0,-15579.0,104976,-22716.0,-13646,6166.0
JAPANESE YEN - CHICAGO MERCANTILE EXCHANGE,2002-03-12,20510,13612,6793.0,-13751.0,110848,5872.0,6898,20544.0
JAPANESE YEN - CHICAGO MERCANTILE EXCHANGE,2002-03-19,13812,14939,-6698.0,1327.0,71074,-39774.0,-1127,-8025.0
JAPANESE YEN - CHICAGO MERCANTILE EXCHANGE,2002-03-26,12941,17301,-871.0,2362.0,72383,1309.0,-4360,-3233.0
JAPANESE YEN - CHICAGO MERCANTILE EXCHANGE,2002-04-02,14174,23431,1233.0,6130.0,78204,5821.0,-9257,-4897.0
JAPANESE YEN - CHICAGO MERCANTILE EXCHANGE,2002-04-09,7488,18329,-6686.0,-5102.0,69913,-8291.0,-10841,-1584.0
JAPANESE YEN - CHICAGO MERCANTILE EXCHANGE,2002-04-16,8644,17395,1156.0,-934.0,71886,1973.0,-8751,2090.0
JAPANESE YEN - CHICAGO MERCANTILE EXCHANGE,2002-04-23,12647,13373,4003.0,-4022.0,67954,-3932.0,-726,8025.0
JAPANESE YEN - CHICAGO MERCANTILE EXCHANGE,2002-04-30,16757,11103,4110.0,-2270.0,82621,14667.0,5654,6380.0
JAPANESE YEN - CHICAGO MERCANTILE EXCHANGE,2002-05-07,16872,10358,115.0,-745.0,84031,1410.0,6514,860.0
JAPANESE YEN - CHICAGO MERCANTILE EXCHANGE,2002-05-14,14583,11769,-2289.0,1411.0,83322,-709.0,2814,-3700.0
JAPANESE YEN - CHICAGO MERCANTILE EXCHANGE,2002-05-21,21800,7938,7217.0,-3831.0,95905,12583.0,13862,11048.0
JAPANESE YEN - CHICAGO MERCANTILE EXCHANGE,2002-05-28,20481,8307,-1319.0,369.0,94948,-957.0,12174,-1688.0
JAPANESE YEN - CHICAGO MERCANTILE EXCHANGE,2002-06-04,17715,9340,-2766.0,1033.0,97625,2677.0,8375,-3799.0
JAPANESE YEN - CHICAGO MERCANTILE EXCHANGE,2002-06-11,17774,11699,59.0,2359.0,105123,7498.0,6075,-2300.0
JAPANESE YEN - CHICAGO MERCANTILE EXCHANGE,2002-06-18,19424,9955,1650.0,-1744.0,68634,-36489.0,9469,3394.0
JAPANESE YEN - CHICAGO MERCANTILE EXCHANGE,2002-06-25,21992,11383,2568.0,1428.0,75487,6853.0,10609,1140.0
JAPANESE YEN - CHICAGO MERCANTILE EXCHANGE,2002-07-02,19786,10740,-2206.0,-643.0,74473,-1014.0,9046,-1563.0
JAPANESE YEN - CHICAGO MERCANTILE EXCHANGE,2002-07-09,20799,10599,1013.0,-141.0,78069,3596.0,10200,1154.0
JAPANESE YEN - CHICAGO MERCANTILE EXCHANGE,2002-07-16,21661,10440,862.0,-159.0,78550,481.0,11221,1021.0
JAPANESE YEN - CHICAGO MERCANTILE EXCHANGE,2002-07-23,20262,10399,-1399.0,-41.0,76478,-2072.0,9863,-1358.0
JAPANESE YEN - CHICAGO MERCANTILE EXCHANGE,2002-07-30,14452,10600,-5810.0,201.0,73947,-2531.0,3852,-6011.0
JAPANESE YEN - CHICAGO MERCANTILE EXCHANGE,2002-08-06,12340,11634,-2112.0,1034.0,71254,-2693.0,706,-3146.0
JAPANESE YEN - CHICAGO MERCANTILE EXCHANGE,2002-08-13,13237,9573,897.0,-2061.0,70948,-306.0,3664,2958.0
JAPANESE YEN - CHICAGO MERCANTILE EXCHANGE,2002-08-20,12496,9084,-741.0,-489.0,70974,26.0,3412,-252.0
JAPANESE YEN - CHICAGO MERCANTILE EXCHANGE,2002-08-27,15007,10656,2511.0,1572.0,72646,1672.0,4351,939.0
JAPANESE YEN - CHICAGO MERCANTILE EXCHANGE,2002-09-03,17853,11212,2846.0,556.0,77046,4400.0,6641,2290.0
JAPANESE YEN - CHICAGO MERCANTILE EXCHANGE,2002-09-10,14997,11777,-2856.0,565.0,102073,25027.0,3220,-3421.0
JAPANESE YEN - CHICAGO MERCANTILE EXCHANGE,2002-09-17,1996,18370,-13001.0,6593.0,68295,-33778.0,-16374,-19594.0
JAPANESE YEN - CHICAGO MERCANTILE EXCHANGE,2002-09-24,1826,19906,-170.0,1536.0,70469,2174.0,-18080,-1706.0
JAPANESE YEN - CHICAGO MERCANTILE EXCHANGE,2002-10-01,2586,17899,760.0,-2007.0,71055,586.0,-15313,2767.0
JAPANESE YEN - CHICAGO MERCANTILE EXCHANGE,2002-10-08,9841,23082,7255.0,5183.0,82495,11440.0,-13241,2072.0
JAPANESE YEN - CHICAGO MERCANTILE EXCHANGE,2002-10-15,8606,21436,-1235.0,-1646.0,80287,-2208.0,-12830,411.0
JAPANESE YEN - CHICAGO MERCANTILE EXCHANGE,2002-10-22,8768,23702,162.0,2266.0,85343,5056.0,-14934,-2104.0
JAPANESE YEN - CHICAGO MERCANTILE EXCHANGE,2002-10-29,13185,21449,4417.0,-2253.0,79469,-5874.0,-8264,6670.0
JAPANESE YEN - CHICAGO MERCANTILE EXCHANGE,2002-11-05,12412,17108,-773.0,-4341.0,75258,-4211.0,-4696,3568.0
JAPANESE YEN - CHICAGO MERCANTILE EXCHANGE,2002-11-12,14064,14491,1652.0,-2617.0,77422,2164.0,-427,4269.0
JAPANESE YEN - CHICAGO MERCANTILE EXCHANGE,2002-11-19,12867,15758,-1197.0,1267.0,75092,-2330.0,-2891,-2464.0
JAPANESE YEN - CHICAGO MERCANTILE EXCHANGE,2002-11-26,11744,16208,-1123.0,450.0,71861,-3231.0,-4464,-1573.0
JAPANESE YEN - CHICAGO MERCANTILE EXCHANGE,2002-12-03,9754,19657,-1990.0,3449.0,78433,6572.0,-9903,-5439.0
JAPANESE YEN - CHICAGO MERCANTILE EXCHANGE,2002-12-10,8206,20416,-1548.0,759.0,119680,41247.0,-12210,-2307.0
JAPANESE YEN - CHICAGO MERCANTILE EXCHANGE,2002-12-17,11832,12538,3626.0,-7878.0,87176,-32504.0,-706,11504.0
JAPANESE YEN - CHICAGO MERCANTILE EXCHANGE,2002-12-23,16976,13169,5144.0,631.0,92767,5591.0,3807,4513.0
JAPANESE YEN - CHICAGO MERCANTILE EXCHANGE,2002-12-31,40666,12532,23690.0,-637.0,119681,26914.0,28134,24327.0
JAPANESE YEN - CHICAGO MERCANTILE EXCHANGE,2003-01-07,39488,12261,-1178.0,-271.0,116555,-3126.0,27227,-907.0
JAPANESE YEN - CHICAGO MERCANTILE EXCHANGE,2003-01-14,44399,11455,4911.0,-806.0,120396,3841.0,32944,5717.0
JAPANESE YEN - CHICAGO MERCANTILE EXCHANGE,2003-01-21,44463,11170,64.0,-285.0,119530,-866.0,33293,349.0
JAPANESE YEN - CHICAGO MERCANTILE EXCHANGE,2003-01-28,36528,10918,-7935.0,-252.0,108851,-10679.0,25610,-7683.0
JAPANESE YEN - CHICAGO MERCANTILE EXCHANGE,2003-02-04,19681,14087,-16847.0,3169.0,91248,-17603.0,5594,-20016.0
JAPANESE YEN - CHICAGO MERCANTILE EXCHANGE,2003-02-11,30376,19667,10695.0,5580.0,110275,19027.0,10709,5115.0
JAPANESE YEN - CHICAGO MERCANTILE EXCHANGE,2003-02-18,37746,19313,7370.0,-354.0,113853,3578.0,18433,7724.0
JAPANESE YEN - CHICAGO MERCANTILE EXCHANGE,2003-02-25,45047,9293,7301.0,-10020.0,118365,4512.0,35754,17321.0
JAPANESE YEN - CHICAGO MERCANTILE EXCHANGE,2003-03-04,40722,8690,-4325.0,-603.0,116621,-1744.0,32032,-3722.0
JAPANESE YEN - CHICAGO MERCANTILE EXCHANGE,2003-03-11,42400,6181,1678.0,-2509.0,133098,16477.0,36219,4187.0
JAPANESE YEN - CHICAGO MERCANTILE EXCHANGE,2003-03-18,30389,7071,-12011.0,890.0,82659,-50439.0,23318,-12901.0
JAPANESE YEN - CHICAGO MERCANTILE EXCHANGE,2003-03-25,10780,23763,-19609.0,16692.0,84457,1798.0,-12983,-36301.0
JAPANESE YEN - CHICAGO MERCANTILE EXCHANGE,2003-04-01,12485,16388,1705.0,-7375.0,80136,-4321.0,-3903,9080.0
JAPANESE YEN - CHICAGO MERCANTILE EXCHANGE,2003-04-08,11031,16665,-1454.0,277.0,75088,-5048.0,-5634,-1731.0
JAPANESE YEN - CHICAGO MERCANTILE EXCHANGE,2003-04-15,9937,19354,-1094.0,2689.0,79252,4164.0,-9417,-3783.0
JAPANESE YEN - CHICAGO MERCANTILE EXCHANGE,2003-04-22,14525,18708,4588.0,-646.0,83959,4707.0,-4183,5234.0
JAPANESE YEN - CHICAGO MERCANTILE EXCHANGE,2003-04-29,9641,19821,-4884.0,1113.0,86346,2387.0,-10180,-5997.0
JAPANESE YEN - CHICAGO MERCANTILE EXCHANGE,2003-05-06,19853,17185,10212.0,-2636.0,99924,13578.0,2668,12848.0
JAPANESE YEN - CHICAGO MERCANTILE EXCHANGE,2003-05-13,38488,9026,18635.0,-8159.0,114134,14210.0,29462,26794.0
JAPANESE YEN - CHICAGO MERCANTILE EXCHANGE,2003-05-20,37884,8114,-604.0,-912.0,111964,-2170.0,29770,308.0
JAPANESE YEN - CHICAGO MERCANTILE EXCHANGE,2003-05-27,36758,7315,-1126.0,-799.0,109843,-2121.0,29443,-327.0
JAPANESE YEN - CHICAGO MERCANTILE EXCHANGE,2003-06-03,19933,12373,-16825.0,5058.0,98513,-11330.0,7560,-21883.0
JAPANESE YEN - CHICAGO MERCANTILE EXCHANGE,2003-06-10,22835,11079,2902.0,-1294.0,121421,22908.0,11756,4196.0
JAPANESE YEN - CHICAGO MERCANTILE EXCHANGE,2003-06-17,24463,13601,1628.0,2522.0,91916,-29505.0,10862,-894.0
JAPANESE YEN - CHICAGO MERCANTILE EXCHANGE,2003-06-24,25897,8761,1434.0,-4840.0,98292,6376.0,17136,6274.0
JAPANESE YEN - CHICAGO MERCANTILE EXCHANGE,2003-07-01,8768,22165,-17129.0,13404.0,104184,5892.0,-13397,-30533.0
JAPANESE YEN - CHICAGO MERCANTILE EXCHANGE,2003-07-08,13642,13534,4874.0,-8631.0,104434,250.0,108,13505.0
JAPANESE YEN - CHICAGO MERCANTILE EXCHANGE,2003-07-15,23702,7877,10060.0,-5657.0,113969,9535.0,15825,15717.0
JAPANESE YEN - CHICAGO MERCANTILE EXCHANGE,2003-07-22,16536,9744,-7166.0,1867.0,104161,-9808.0,6792,-9033.0
JAPANESE YEN - CHICAGO MERCANTILE EXCHANGE,2003-07-29,18580,12272,2044.0,2528.0,103252,-909.0,6308,-484.0
JAPANESE YEN - CHICAGO MERCANTILE EXCHANGE,2003-08-05,10136,46435,-8444.0,34163.0,125420,22168.0,-36299,-42607.0
JAPANESE YEN - CHICAGO MERCANTILE EXCHANGE,2003-08-12,12940,22880,2804.0,-23555.0,115581,-9839.0,-9940,26359.0
JAPANESE YEN - CHICAGO MERCANTILE EXCHANGE,2003-08-19,14557,23909,1617.0,1029.0,118044,2463.0,-9352,588.0
JAPANESE YEN - CHICAGO MERCANTILE EXCHANGE,2003-08-26,22148,8916,7591.0,-14993.0,131738,13694.0,13232,22584.0
JAPANESE YEN - CHICAGO MERCANTILE EXCHANGE,2003-09-02,53464,6509,31316.0,-2407.0,169584,37846.0,46955,33723.0
JAPANESE YEN - CHICAGO MERCANTILE EXCHANGE,2003-09-09,59532,6687,6068.0,178.0,171788,2204.0,52845,5890.0
JAPANESE YEN - CHICAGO MERCANTILE EXCHANGE,2003-09-16,60153,5506,621.0,-1181.0,126661,-45127.0,54647,1802.0
JAPANESE YEN - CHICAGO MERCANTILE EXCHANGE,2003-09-23,61520,7972,1367.0,2466.0,135500,8839.0,53548,-1099.0
JAPANESE YEN - CHICAGO MERCANTILE EXCHANGE,2003-09-30,69657,28792,8137.0,20820.0,144431,8931.0,40865,-12683.0
JAPANESE YEN - CHICAGO MERCANTILE EXCHANGE,2003-10-07,76438,26713,6781.0,-2079.0,159009,14578.0,49725,8860.0
JAPANESE YEN - CHICAGO MERCANTILE EXCHANGE,2003-10-14,71679,32470,-4759.0,5757.0,154276,-4733.0,39209,-10516.0
JAPANESE YEN - CHICAGO MERCANTILE EXCHANGE,2003-10-21,69794,21490,-1885.0,-10980.0,151390,-2886.0,48304,9095.0
JAPANESE YEN - CHICAGO MERCANTILE EXCHANGE,2003-10-28,71462,16552,1668.0,-4938.0,152880,1490.0,54910,6606.0
JAPANESE YEN - CHICAGO MERCANTILE EXCHANGE,2003-11-04,56179,5835,-15283.0,-10717.0,135896,-16984.0,50344,-4566.0
JAPANESE YEN - CHICAGO MERCANTILE EXCHANGE,2003-11-11,63585,5788,7406.0,-47.0,143363,7467.0,57797,7453.0
JAPANESE YEN - CHICAGO MERCANTILE EXCHANGE,2003-11-18,59678,5916,-3907.0,128.0,143468,105.0,53762,-4035.0
JAPANESE YEN - CHICAGO MERCANTILE EXCHANGE,2003-11-25,47773,5233,-11905.0,-683.0,133380,-10088.0,42540,-11222.0
JAPANESE YEN - CHICAGO MERCANTILE EXCHANGE,2003-12-02,53739,7553,5966.0,2320.0,142600,9220.0,46186,3646.0
JAPANESE YEN - CHICAGO MERCANTILE EXCHANGE,2003-12-09,62513,5777,8774.0,-1776.0,170513,27913.0,56736,10550.0
JAPANESE YEN - CHICAGO MERCANTILE EXCHANGE,2003-12-16,62421,4185,-92.0,-1592.0,139376,-31137.0,58236,1500.0
JAPANESE YEN - CHICAGO MERCANTILE EXCHANGE,2003-12-22,52320,4185,-10101.0,0.0,131080,-8296.0,48135,-10101.0
JAPANESE YEN - CHICAGO MERCANTILE EXCHANGE,2003-12-30,51851,4187,-469.0,2.0,138423,7343.0,47664,-471.0
JAPANESE YEN - CHICAGO MERCANTILE EXCHANGE,2004-01-06,62753,5919,10902.0,1732.0,156255,17832.0,56834,9170.0
JAPANESE YEN - CHICAGO MERCANTILE EXCHANGE,2004-01-13,65248,4646,2495.0,-1273.0,159233,2978.0,60602,3768.0
JAPANESE YEN - CHICAGO MERCANTILE EXCHANGE,2004-01-20,56801,5093,-8447.0,447.0,152326,-6907.0,51708,-8894.0
JAPANESE YEN - CHICAGO MERCANTILE EXCHANGE,2004-01-27,63946,5954,7145.0,861.0,160713,8387.0,57992,6284.0
JAPANESE YEN - CHICAGO MERCANTILE EXCHANGE,2004-02-03,70199,5700,6253.0,-254.0,169516,8803.0,64499,6507.0
JAPANESE YEN - CHICAGO MERCANTILE EXCHANGE,2004-02-10,64595,5965,-5604.0,265.0,160443,-9073.0,58630,-5869.0
JAPANESE YEN - CHICAGO MERCANTILE EXCHANGE,2004-02-17,62030,6832,-2565.0,867.0,159603,-840.0,55198,-3432.0
JAPANESE YEN - CHICAGO MERCANTILE EXCHANGE,2004-02-24,16202,28383,-45828.0,21551.0,142090,-17513.0,-12181,-67379.0
JAPANESE YEN - CHICAGO MERCANTILE EXCHANGE,2004-03-02,15719,38031,-483.0,9648.0,153545,11455.0,-22312,-10131.0
JAPANESE YEN - CHICAGO MERCANTILE EXCHANGE,2004-03-09,7779,42295,-7940.0,4264.0,156926,3381.0,-34516,-12204.0
JAPANESE YEN - CHICAGO MERCANTILE EXCHANGE,2004-03-16,6974,38413,-805.0,-3882.0,89476,-67450.0,-31439,3077.0
JAPANESE YEN - CHICAGO MERCANTILE EXCHANGE,2004-03-23,11328,25929,4354.0,-12484.0,86095,-3381.0,-14601,16838.0
JAPANESE YEN - CHICAGO MERCANTILE EXCHANGE,2004-03-30,26251,21942,14923.0,-3987.0,107017,20922.0,4309,18910.0
JAPANESE YEN - CHICAGO MERCANTILE EXCHANGE,2004-04-06,43206,22818,16955.0,876.0,132851,25834.0,20388,16079.0
JAPANESE YEN - CHICAGO MERCANTILE EXCHANGE,2004-04-12,47017,22257,3811.0,-561.0,135388,2537.0,24760,4372.0
JAPANESE YEN - CHICAGO MERCANTILE EXCHANGE,2004-04-20,18697,24741,-28320.0,2484.0,104240,-31148.0,-6044,-30804.0
JAPANESE YEN - CHICAGO MERCANTILE EXCHANGE,2004-04-27,17240,17036,-1457.0,-7705.0,104978,738.0,204,6248.0
JAPANESE YEN - CHICAGO MERCANTILE EXCHANGE,2004-05-04,12525,9552,-4715.0,-7484.0,103861,-1117.0,2973,2769.0
JAPANESE YEN - CHICAGO MERCANTILE EXCHANGE,2004-05-11,8791,18884,-3734.0,9332.0,108604,4743.0,-10093,-13066.0
JAPANESE YEN - CHICAGO MERCANTILE EXCHANGE,2004-05-18,9095,21777,304.0,2893.0,105799,-2805.0,-12682,-2589.0
JAPANESE YEN - CHICAGO MERCANTILE EXCHANGE,2004-05-25,8656,20763,-439.0,-1014.0,107597,1798.0,-12107,575.0
JAPANESE YEN - CHICAGO MERCANTILE EXCHANGE,2004-06-01,8561,13400,-95.0,-7363.0,115839,8242.0,-4839,7268.0
JAPANESE YEN - CHICAGO MERCANTILE EXCHANGE,2004-06-08,12259,11661,3698.0,-1739.0,126066,10227.0,598,5437.0
JAPANESE YEN - CHICAGO MERCANTILE EXCHANGE,2004-06-15,11677,9184,-582.0,-2477.0,91167,-34899.0,2493,1895.0
JAPANESE YEN - CHICAGO MERCANTILE EXCHANGE,2004-06-22,12433,6938,756.0,-2246.0,92993,1826.0,5495,3002.0
JAPANESE YEN - CHICAGO MERCANTILE EXCHANGE,2004-06-29,13262,4846,829.0,-2092.0,98904,5911.0,8416,2921.0
JAPANESE YEN - CHICAGO MERCANTILE EXCHANGE,2004-07-06,7488,5071,-5774.0,225.0,99512,608.0,2417,-5999.0
JAPANESE YEN - CHICAGO MERCANTILE EXCHANGE,2004-07-13,10569,8403,3081.0,3332.0,106390,6878.0,2166,-251.0
JAPANESE YEN - CHICAGO MERCANTILE EXCHANGE,2004-07-20,11789,9952,1220.0,1549.0,109321,2931.0,1837,-329.0
JAPANESE YEN - CHICAGO MERCANTILE EXCHANGE,2004-07-27,10608,13009,-1181.0,3057.0,107170,-2151.0,-2401,-4238.0
JAPANESE YEN - CHICAGO MERCANTILE EXCHANGE,2004-08-03,12133,15401,1525.0,2392.0,113468,6298.0,-3268,-867.0
JAPANESE YEN - CHICAGO MERCANTILE EXCHANGE,2004-08-10,10330,18612,-1803.0,3211.0,110433,-3035.0,-8282,-5014.0
JAPANESE YEN - CHICAGO MERCANTILE EXCHANGE,2004-08-17,11251,16456,921.0,-2156.0,113957,3524.0,-5205,3077.0
JAPANESE YEN - CHICAGO MERCANTILE EXCHANGE,2004-08-24,12757,13726,1506.0,-2730.0,108560,-5397.0,-969,4236.0
JAPANESE YEN - CHICAGO MERCANTILE EXCHANGE,2004-08-31,12753,12228,-4.0,-1498.0,109198,638.0,525,1494.0
JAPANESE YEN - CHICAGO MERCANTILE EXCHANGE,2004-09-07,10847,11679,-1906.0,-549.0,106537,-2661.0,-832,-1357.0
JAPANESE YEN - CHICAGO MERCANTILE EXCHANGE,2004-09-14,7982,12039,-2865.0,360.0,79272,-27265.0,-4057,-3225.0
JAPANESE YEN - CHICAGO MERCANTILE EXCHANGE,2004-09-21,7666,17023,-316.0,4984.0,82044,2772.0,-9357,-5300.0
JAPANESE YEN - CHICAGO MERCANTILE EXCHANGE,2004-09-28,10277,32480,2611.0,15457.0,94536,12492.0,-22203,-12846.0
JAPANESE YEN - CHICAGO MERCANTILE EXCHANGE,2004-10-05,11572,26068,1295.0,-6412.0,111308,16772.0,-14496,7707.0
JAPANESE YEN - CHICAGO MERCANTILE EXCHANGE,2004-10-12,12753,19140,1181.0,-6928.0,117286,5978.0,-6387,8109.0
JAPANESE YEN - CHICAGO MERCANTILE EXCHANGE,2004-10-19,22884,14319,10131.0,-4821.0,130921,13635.0,8565,14952.0
JAPANESE YEN - CHICAGO MERCANTILE EXCHANGE,2004-10-26,41391,13755,18507.0,-564.0,143619,12698.0,27636,19071.0
JAPANESE YEN - CHICAGO MERCANTILE EXCHANGE,2004-11-02,46779,9965,5388.0,-3790.0,162362,18743.0,36814,9178.0
JAPANESE YEN - CHICAGO MERCANTILE EXCHANGE,2004-11-09,53757,14664,6978.0,4699.0,174751,12389.0,39093,2279.0
JAPANESE YEN - CHICAGO MERCANTILE EXCHANGE,2004-11-16,58608,14012,4851.0,-652.0,181901,7150.0,44596,5503.0
JAPANESE YEN - CHICAGO MERCANTILE EXCHANGE,2004-11-23,56698,23500,-1910.0,9488.0,190372,8471.0,33198,-11398.0
JAPANESE YEN - CHICAGO MERCANTILE EXCHANGE,2004-11-30,61276,21916,4578.0,-1584.0,196960,6588.0,39360,6162.0
JAPANESE YEN - CHICAGO MERCANTILE EXCHANGE,2004-12-07,50795,13472,-10481.0,-8444.0,221297,24337.0,37323,-2037.0
JAPANESE YEN - CHICAGO MERCANTILE EXCHANGE,2004-12-14,33636,12235,-17159.0,-1237.0,145978,-75319.0,21401,-15922.0
JAPANESE YEN - CHICAGO MERCANTILE EXCHANGE,2004-12-21,33373,12797,-263.0,562.0,145705,-273.0,20576,-825.0
JAPANESE YEN - CHICAGO MERCANTILE EXCHANGE,2004-12-28,39240,11487,5867.0,-1310.0,150488,4783.0,27753,7177.0
JAPANESE YEN - CHICAGO MERCANTILE EXCHANGE,2005-01-04,33972,11252,-5268.0,-235.0,155870,5382.0,22720,-5033.0
JAPANESE YEN - CHICAGO MERCANTILE EXCHANGE,2005-01-11,35208,11463,1236.0,211.0,161868,5998.0,23745,1025.0
JAPANESE YEN - CHICAGO MERCANTILE EXCHANGE,2005-01-18,39872,31993,4664.0,20530.0,171109,9241.0,7879,-15866.0
JAPANESE YEN - CHICAGO MERCANTILE EXCHANGE,2005-01-25,33608,32684,-6264.0,691.0,162182,-8927.0,924,-6955.0
JAPANESE YEN - CHICAGO MERCANTILE EXCHANGE,2005-02-01,31214,30815,-2394.0,-1869.0,167125,4943.0,399,-525.0
JAPANESE YEN - CHICAGO MERCANTILE EXCHANGE,2005-02-08,19798,34088,-11416.0,3273.0,155552,-11573.0,-14290,-14689.0
JAPANESE YEN - CHICAGO MERCANTILE EXCHANGE,2005-02-15,13017,36710,-6781.0,2622.0,151987,-3565.0,-23693,-9403.0
JAPANESE YEN - CHICAGO MERCANTILE EXCHANGE,2005-02-22,14078,40013,1061.0,3303.0,154084,2097.0,-25935,-2242.0
JAPANESE YEN - CHICAGO MERCANTILE EXCHANGE,2005-03-01,13422,20545,-656.0,-19468.0,153631,-453.0,-7123,18812.0
JAPANESE YEN - CHICAGO MERCANTILE EXCHANGE,2005-03-08,13350,23136,-72.0,2591.0,171109,17478.0,-9786,-2663.0
JAPANESE YEN - CHICAGO MERCANTILE EXCHANGE,2005-03-15,13944,19290,594.0,-3846.0,107434,-63675.0,-5346,4440.0
JAPANESE YEN - CHICAGO MERCANTILE EXCHANGE,2005-03-22,15675,27578,1731.0,8288.0,108865,1431.0,-11903,-6557.0
JAPANESE YEN - CHICAGO MERCANTILE EXCHANGE,2005-03-29,11033,41222,-4642.0,13644.0,114268,5403.0,-30189,-18286.0
JAPANESE YEN - CHICAGO MERCANTILE EXCHANGE,2005-04-05,9686,46128,-1347.0,4906.0,127406,13138.0,-36442,-6253.0
JAPANESE YEN - CHICAGO MERCANTILE EXCHANGE,2005-04-12,11954,56150,2268.0,10022.0,133228,5822.0,-44196,-7754.0
JAPANESE YEN - CHICAGO MERCANTILE EXCHANGE,2005-04-19,6927,61624,-5027.0,5474.0,143178,9950.0,-54697,-10501.0
JAPANESE YEN - CHICAGO MERCANTILE EXCHANGE,2005-04-26,11215,43717,4288.0,-17907.0,138788,-4390.0,-32502,22195.0
JAPANESE YEN - CHICAGO MERCANTILE EXCHANGE,2005-05-03,21832,35963,10617.0,-7754.0,160185,21397.0,-14131,18371.0
JAPANESE YEN - CHICAGO MERCANTILE EXCHANGE,2005-05-10,20771,30334,-1061.0,-5629.0,160836,651.0,-9563,4568.0
JAPANESE YEN - CHICAGO MERCANTILE EXCHANGE,2005-05-17,11663,59546,-9108.0,29212.0,189032,28196.0,-47883,-38320.0
JAPANESE YEN - CHICAGO MERCANTILE EXCHANGE,2005-05-24,10629,49460,-1034.0,-10086.0,184022,-5010.0,-38831,9052.0
JAPANESE YEN - CHICAGO MERCANTILE EXCHANGE,2005-05-31,6467,54902,-4162.0,5442.0,183593,-429.0,-48435,-9604.0
JAPANESE YEN - CHICAGO MERCANTILE EXCHANGE,2005-06-07,5295,42406,-1172.0,-12496.0,185988,2395.0,-37111,11324.0
JAPANESE YEN - CHICAGO MERCANTILE EXCHANGE,2005-06-14,8991,61022,3696.0,18616.0,144048,-41940.0,-52031,-14920.0
JAPANESE YEN - CHICAGO MERCANTILE EXCHANGE,2005-06-21,11128,49102,2137.0,-11920.0,139726,-4322.0,-37974,14057.0
JAPANESE YEN - CHICAGO MERCANTILE EXCHANGE,2005-06-28,10844,62689,-284.0,13587.0,147872,8146.0,-51845,-13871.0
JAPANESE YEN - CHICAGO MERCANTILE EXCHANGE,2005-07-05,11579,63765,735.0,1076.0,156517,8645.0,-52186,-341.0
JAPANESE YEN - CHICAGO MERCANTILE EXCHANGE,2005-07-12,10830,73906,-749.0,10141.0,162959,6442.0,-63076,-10890.0
JAPANESE YEN - CHICAGO MERCANTILE EXCHANGE,2005-07-19,9165,68221,-1665.0,-5685.0,168697,5738.0,-59056,4020.0
JAPANESE YEN - CHICAGO MERCANTILE EXCHANGE,2005-07-26,8032,55800,-1133.0,-12421.0,161014,-7683.0,-47768,11288.0
JAPANESE YEN - CHICAGO MERCANTILE EXCHANGE,2005-08-02,9337,52488,1305.0,-3312.0,165281,4267.0,-43151,4617.0
JAPANESE YEN - CHICAGO MERCANTILE EXCHANGE,2005-08-09,12768,61428,3431.0,8940.0,177994,12713.0,-48660,-5509.0
JAPANESE YEN - CHICAGO MERCANTILE EXCHANGE,2005-08-16,12423,38808,-345.0,-22620.0,166923,-11071.0,-26385,22275.0
JAPANESE YEN - CHICAGO MERCANTILE EXCHANGE,2005-08-23,9358,40724,-3065.0,1916.0,166538,-385.0,-31366,-4981.0
JAPANESE YEN - CHICAGO MERCANTILE EXCHANGE,2005-08-30,7941,55606,-1417.0,14882.0,178245,11707.0,-47665,-16299.0
JAPANESE YEN - CHICAGO MERCANTILE EXCHANGE,2005-09-06,8017,42389,76.0,-13217.0,175986,-2259.0,-34372,13293.0
JAPANESE YEN - CHICAGO MERCANTILE EXCHANGE,2005-09-13,10280,45214,2263.0,2825.0,189247,13261.0,-34934,-562.0
JAPANESE YEN - CHICAGO MERCANTILE EXCHANGE,2005-09-20,11954,59583,1674.0,14369.0,127850,-61397.0,-47629,-12695.0
JAPANESE YEN - CHICAGO MERCANTILE EXCHANGE,2005-09-27,13469,72535,1515.0,12952.0,138571,10721.0,-59066,-11437.0
JAPANESE YEN - CHICAGO MERCANTILE EXCHANGE,2005-10-04,16352,79651,2883.0,7116.0,167979,29408.0,-63299,-4233.0
JAPANESE YEN - CHICAGO MERCANTILE EXCHANGE,2005-10-11,18745,84780,2393.0,5129.0,176161,8182.0,-66035,-2736.0
JAPANESE YEN - CHICAGO MERCANTILE EXCHANGE,2005-10-18,20214,86855,1469.0,2075.0,199678,23517.0,-66641,-606.0
JAPANESE YEN - CHICAGO MERCANTILE EXCHANGE,2005-10-25,20098,86780,-116.0,-75.0,195218,-4460.0,-66682,-41.0
JAPANESE YEN - CHICAGO MERCANTILE EXCHANGE,2005-11-01,19862,86164,-236.0,-616.0,195803,585.0,-66302,380.0
JAPANESE YEN - CHICAGO MERCANTILE EXCHANGE,2005-11-08,19428,84056,-434.0,-2108.0,197715,1912.0,-64628,1674.0
JAPANESE YEN - CHICAGO MERCANTILE EXCHANGE,2005-11-15,21147,88378,1719.0,4322.0,203137,5422.0,-67231,-2603.0
JAPANESE YEN - CHICAGO MERCANTILE EXCHANGE,2005-11-22,21037,86921,-110.0,-1457.0,204816,1679.0,-65884,1347.0
JAPANESE YEN - CHICAGO MERCANTILE EXCHANGE,2005-11-29,22626,86626,1589.0,-295.0,206878,2062.0,-64000,1884.0
JAPANESE YEN - CHICAGO MERCANTILE EXCHANGE,2005-12-06,26712,98355,4086.0,11729.0,220313,13435.0,-71643,-7643.0
JAPANESE YEN - CHICAGO MERCANTILE EXCHANGE,2005-12-13,22221,94284,-4491.0,-4071.0,243599,23286.0,-72063,-420.0
JAPANESE YEN - CHICAGO MERCANTILE EXCHANGE,2005-12-20,12322,38427,-9899.0,-55857.0,139503,-104096.0,-26105,45958.0
JAPANESE YEN - CHICAGO MERCANTILE EXCHANGE,2005-12-27,16998,39127,4676.0,700.0,148945,9442.0,-22129,3976.0
JAPANESE YEN - CHICAGO MERCANTILE EXCHANGE,2006-01-03,22192,46929,5194.0,7802.0,155722,6777.0,-24737,-2608.0
JAPANESE YEN - CHICAGO MERCANTILE EXCHANGE,2006-01-10,30472,50001,8280.0,3072.0,169886,14164.0,-19529,5208.0
JAPANESE YEN - CHICAGO MERCANTILE EXCHANGE,2006-01-17,30062,48321,-410.0,-1680.0,167681,-2205.0,-18259,1270.0
JAPANESE YEN - CHICAGO MERCANTILE EXCHANGE,2006-01-24,29698,48976,-364.0,655.0,166600,-1081.0,-19278,-1019.0
JAPANESE YEN - CHICAGO MERCANTILE EXCHANGE,2006-01-31,32287,74032,2589.0,25056.0,188724,22124.0,-41745,-22467.0
JAPANESE YEN - CHICAGO MERCANTILE EXCHANGE,2006-02-07,31219,87566,-1068.0,13534.0,197898,9174.0,-56347,-14602.0
JAPANESE YEN - CHICAGO MERCANTILE EXCHANGE,2006-02-14,27560,82617,-3659.0,-4949.0,195644,-2254.0,-55057,1290.0
JAPANESE YEN - CHICAGO MERCANTILE EXCHANGE,2006-02-21,26959,98143,-601.0,15526.0,203465,7821.0,-71184,-16127.0
JAPANESE YEN - CHICAGO MERCANTILE EXCHANGE,2006-02-28,41587,64408,14628.0,-33735.0,201773,-1692.0,-22821,48363.0
JAPANESE YEN - CHICAGO MERCANTILE EXCHANGE,2006-03-07,36738,78569,-4849.0,14161.0,248612,46839.0,-41831,-19010.0
JAPANESE YEN - CHICAGO MERCANTILE EXCHANGE,2006-03-14,24814,70103,-11924.0,-8466.0,189513,-59099.0,-45289,-3458.0
JAPANESE YEN - CHICAGO MERCANTILE EXCHANGE,2006-03-21,23115,52471,-1699.0,-17632.0,175962,-13551.0,-29356,15933.0
JAPANESE YEN - CHICAGO MERCANTILE EXCHANGE,2006-03-28,27229,57641,4114.0,5170.0,180101,4139.0,-30412,-1056.0
JAPANESE YEN - CHICAGO MERCANTILE EXCHANGE,2006-04-04,30603,63319,3374.0,5678.0,189732,9631.0,-32716,-2304.0
JAPANESE YEN - CHICAGO MERCANTILE EXCHANGE,2006-04-11,36213,90684,5610.0,27365.0,205630,15898.0,-54471,-21755.0
JAPANESE YEN - CHICAGO MERCANTILE EXCHANGE,2006-04-18,38749,79890,2536.0,-10794.0,202039,-3591.0,-41141,13330.0
JAPANESE YEN - CHICAGO MERCANTILE EXCHANGE,2006-04-25,40997,47487,2248.0,-32403.0,201415,-624.0,-6490,34651.0
JAPANESE YEN - CHICAGO MERCANTILE EXCHANGE,2006-05-02,44389,41700,3392.0,-5787.0,206400,4985.0,2689,9179.0
JAPANESE YEN - CHICAGO MERCANTILE EXCHANGE,2006-05-09,46769,27925,2380.0,-13775.0,210545,4145.0,18844,16155.0
JAPANESE YEN - CHICAGO MERCANTILE EXCHANGE,2006-05-16,47053,27932,284.0,7.0,212386,1841.0,19121,277.0
JAPANESE YEN - CHICAGO MERCANTILE EXCHANGE,2006-05-23,49669,31340,2616.0,3408.0,211949,-437.0,18329,-792.0
JAPANESE YEN - CHICAGO MERCANTILE EXCHANGE,2006-05-30,56019,30278,6350.0,-1062.0,208512,-3437.0,25741,7412.0
JAPANESE YEN - CHICAGO MERCANTILE EXCHANGE,2006-06-06,47148,26145,-8871.0,-4133.0,201843,-6669.0,21003,-4738.0
JAPANESE YEN - CHICAGO MERCANTILE EXCHANGE,2006-06-13,39360,48957,-7788.0,22812.0,243513,41670.0,-9597,-30600.0
JAPANESE YEN - CHICAGO MERCANTILE EXCHANGE,2006-06-20,23877,46884,-15483.0,-2073.0,161290,-82223.0,-23007,-13410.0
JAPANESE YEN - CHICAGO MERCANTILE EXCHANGE,2006-06-27,25190,60762,1313.0,13878.0,174066,12776.0,-35572,-12565.0
JAPANESE YEN - CHICAGO MERCANTILE EXCHANGE,2006-07-03,25330,49239,140.0,-11523.0,168688,-5378.0,-23909,11663.0
JAPANESE YEN - CHICAGO MERCANTILE EXCHANGE,2006-07-11,27639,48343,2309.0,-896.0,173470,4782.0,-20704,3205.0
JAPANESE YEN - CHICAGO MERCANTILE EXCHANGE,2006-07-18,27724,96773,85.0,48430.0,203567,30097.0,-69049,-48345.0
JAPANESE YEN - CHICAGO MERCANTILE EXCHANGE,2006-07-25,26299,103185,-1425.0,6412.0,208508,4941.0,-76886,-7837.0
JAPANESE YEN - CHICAGO MERCANTILE EXCHANGE,2006-08-01,25391,68375,-908.0,-34810.0,195626,-12882.0,-42984,33902.0
JAPANESE YEN - CHICAGO MERCANTILE EXCHANGE,2006-08-08,25031,76822,-360.0,8447.0,198570,2944.0,-51791,-8807.0
JAPANESE YEN - CHICAGO MERCANTILE EXCHANGE,2006-08-15,29646,91920,4615.0,15098.0,216492,17922.0,-62274,-10483.0
JAPANESE YEN - CHICAGO MERCANTILE EXCHANGE,2006-08-22,30853,105930,1207.0,14010.0,227195,10703.0,-75077,-12803.0
JAPANESE YEN - CHICAGO MERCANTILE EXCHANGE,2006-08-29,33920,122249,3067.0,16319.0,244441,17246.0,-88329,-13252.0
JAPANESE YEN - CHICAGO MERCANTILE EXCHANGE,2006-09-05,32941,102439,-979.0,-19810.0,228792,-15649.0,-69498,18831.0
JAPANESE YEN - CHICAGO MERCANTILE EXCHANGE,2006-09-12,34942,134394,2001.0,31955.0,275585,46793.0,-99452,-29954.0
JAPANESE YEN - CHICAGO MERCANTILE EXCHANGE,2006-09-19,34955,125759,13.0,-8635.0,225098,-50487.0,-90804,8648.0
JAPANESE YEN - CHICAGO MERCANTILE EXCHANGE,2006-09-26,42518,129876,7563.0,4117.0,221240,-3858.0,-87358,3446.0
JAPANESE YEN - CHICAGO MERCANTILE EXCHANGE,2006-10-03,47430,151581,4912.0,21705.0,243819,22579.0,-104151,-16793.0
JAPANESE YEN - CHICAGO MERCANTILE EXCHANGE,2006-10-10,50595,174193,3165.0,22612.0,267803,23984.0,-123598,-19447.0
JAPANESE YEN - CHICAGO MERCANTILE EXCHANGE,2006-10-17,53173,165751,2578.0,-8442.0,261575,-6228.0,-112578,11020.0
JAPANESE YEN - CHICAGO MERCANTILE EXCHANGE,2006-10-24,50401,187691,-2772.0,21940.0,282998,21423.0,-137290,-24712.0
JAPANESE YEN - CHICAGO MERCANTILE EXCHANGE,2006-10-31,46776,106376,-3625.0,-81315.0,226607,-56391.0,-59600,77690.0
JAPANESE YEN - CHICAGO MERCANTILE EXCHANGE,2006-11-07,48102,111614,1326.0,5238.0,229063,2456.0,-63512,-3912.0
JAPANESE YEN - CHICAGO MERCANTILE EXCHANGE,2006-11-14,48106,103118,4.0,-8496.0,233573,4510.0,-55012,8500.0
JAPANESE YEN - CHICAGO MERCANTILE EXCHANGE,2006-11-21,50648,131069,2542.0,27951.0,258327,24754.0,-80421,-25409.0
JAPANESE YEN - CHICAGO MERCANTILE EXCHANGE,2006-11-28,56033,97991,5385.0,-33078.0,252107,-6220.0,-41958,38463.0
JAPANESE YEN - CHICAGO MERCANTILE EXCHANGE,2006-12-05,62344,85881,6311.0,-12110.0,268136,16029.0,-23537,18421.0
JAPANESE YEN - CHICAGO MERCANTILE EXCHANGE,2006-12-12,50622,106182,-11722.0,20301.0,276919,8783.0,-55560,-32023.0
JAPANESE YEN - CHICAGO MERCANTILE EXCHANGE,2006-12-19,48950,141469,-1672.0,35287.0,239042,-37877.0,-92519,-36959.0
JAPANESE YEN - CHICAGO MERCANTILE EXCHANGE,2006-12-26,55629,160543,6679.0,19074.0,262764,23722.0,-104914,-12395.0
JAPANESE YEN - CHICAGO MERCANTILE EXCHANGE,2007-01-03,54819,173411,-810.0,12868.0,280541,17777.0,-118592,-13678.0
JAPANESE YEN - CHICAGO MERCANTILE EXCHANGE,2007-01-09,54341,177684,-478.0,4273.0,287999,7458.0,-123343,-4751.0
JAPANESE YEN - CHICAGO MERCANTILE EXCHANGE,2007-01-16,56031,194177,1690.0,16493.0,308740,20741.0,-138146,-14803.0
JAPANESE YEN - CHICAGO MERCANTILE EXCHANGE,2007-01-23,52200,217060,-3831.0,22883.0,344998,36258.0,-164860,-26714.0
JAPANESE YEN - CHICAGO MERCANTILE EXCHANGE,2007-01-30,42579,215584,-9621.0,-1476.0,344070,-928.0,-173005,-8145.0
JAPANESE YEN - CHICAGO MERCANTILE EXCHANGE,2007-02-06,41025,169551,-1554.0,-46033.0,314920,-29150.0,-128526,44479.0
JAPANESE YEN - CHICAGO MERCANTILE EXCHANGE,2007-02-13,43467,210972,2442.0,41421.0,361809,46889.0,-167505,-38979.0
JAPANESE YEN - CHICAGO MERCANTILE EXCHANGE,2007-02-20,42286,158481,-1181.0,-52491.0,332216,-29593.0,-116195,51310.0
JAPANESE YEN - CHICAGO MERCANTILE EXCHANGE,2007-02-27,39383,154009,-2903.0,-4472.0,328295,-3921.0,-114626,1569.0
JAPANESE YEN - CHICAGO MERCANTILE EXCHANGE,2007-03-06,30479,93365,-8904.0,-60644.0,278491,-49804.0,-62886,51740.0
JAPANESE YEN - CHICAGO MERCANTILE EXCHANGE,2007-03-13,38194,91047,7715.0,-2318.0,281602,3111.0,-52853,10033.0
JAPANESE YEN - CHICAGO MERCANTILE EXCHANGE,2007-03-20,34269,84222,-3925.0,-6825.0,176550,-105052.0,-49953,2900.0
JAPANESE YEN - CHICAGO MERCANTILE EXCHANGE,2007-03-27,37765,85245,3496.0,1023.0,204073,27523.0,-47480,2473.0
JAPANESE YEN - CHICAGO MERCANTILE EXCHANGE,2007-04-03,36845,100703,-920.0,15458.0,221748,17675.0,-63858,-16378.0
JAPANESE YEN - CHICAGO MERCANTILE EXCHANGE,2007-04-10,42718,107559,5873.0,6856.0,230370,8622.0,-64841,-983.0
JAPANESE YEN - CHICAGO MERCANTILE EXCHANGE,2007-04-17,43281,113800,563.0,6241.0,234796,4426.0,-70519,-5678.0
JAPANESE YEN - CHICAGO MERCANTILE EXCHANGE,2007-04-24,37900,119672,-5381.0,5872.0,235531,735.0,-81772,-11253.0
JAPANESE YEN - CHICAGO MERCANTILE EXCHANGE,2007-05-01,47618,166400,9718.0,46728.0,279868,44337.0,-118782,-37010.0
JAPANESE YEN - CHICAGO MERCANTILE EXCHANGE,2007-05-08,51213,163472,3595.0,-2928.0,284780,4912.0,-112259,6523.0
JAPANESE YEN - CHICAGO MERCANTILE EXCHANGE,2007-05-15,46650,174546,-4563.0,11074.0,297263,12483.0,-127896,-15637.0
JAPANESE YEN - CHICAGO MERCANTILE EXCHANGE,2007-05-22,52301,204047,5651.0,29501.0,326431,29168.0,-151746,-23850.0
JAPANESE YEN - CHICAGO MERCANTILE EXCHANGE,2007-05-29,51301,197544,-1000.0,-6503.0,319048,-7383.0,-146243,5503.0
JAPANESE YEN - CHICAGO MERCANTILE EXCHANGE,2007-06-05,53781,177787,2480.0,-19757.0,311288,-7760.0,-124006,22237.0
JAPANESE YEN - CHICAGO MERCANTILE EXCHANGE,2007-06-12,48791,176353,-4990.0,-1434.0,380532,69244.0,-127562,-3556.0
JAPANESE YEN - CHICAGO MERCANTILE EXCHANGE,2007-06-19,45218,206579,-3573.0,30226.0,310083,-70449.0,-161361,-33799.0
JAPANESE YEN - CHICAGO MERCANTILE EXCHANGE,2007-06-26,49411,237488,4193.0,30909.0,352299,42216.0,-188077,-26716.0
JAPANESE YEN - CHICAGO MERCANTILE EXCHANGE,2007-07-03,43373,198511,-6038.0,-38977.0,326811,-25488.0,-155138,32939.0
JAPANESE YEN - CHICAGO MERCANTILE EXCHANGE,2007-07-10,51549,177439,8176.0,-21072.0,320333,-6478.0,-125890,29248.0
JAPANESE YEN - CHICAGO MERCANTILE EXCHANGE,2007-07-17,50431,177204,-1118.0,-235.0,303595,-16738.0,-126773,-883.0
JAPANESE YEN - CHICAGO MERCANTILE EXCHANGE,2007-07-24,51088,143503,657.0,-33701.0,284669,-18926.0,-92415,34358.0
JAPANESE YEN - CHICAGO MERCANTILE EXCHANGE,2007-07-31,46600,97762,-4488.0,-45741.0,264271,-20398.0,-51162,41253.0
JAPANESE YEN - CHICAGO MERCANTILE EXCHANGE,2007-08-07,47110,81603,510.0,-16159.0,263905,-366.0,-34493,16669.0
JAPANESE YEN - CHICAGO MERCANTILE EXCHANGE,2007-08-14,57759,79648,10649.0,-1955.0,278398,14493.0,-21889,12604.0
JAPANESE YEN - CHICAGO MERCANTILE EXCHANGE,2007-08-21,61218,59702,3459.0,-19946.0,273008,-5390.0,1516,23405.0
JAPANESE YEN - CHICAGO MERCANTILE EXCHANGE,2007-08-28,66128,56282,4910.0,-3420.0,276995,3987.0,9846,8330.0
JAPANESE YEN - CHICAGO MERCANTILE EXCHANGE,2007-09-04,58339,65392,-7789.0,9110.0,269834,-7161.0,-7053,-16899.0
JAPANESE YEN - CHICAGO MERCANTILE EXCHANGE,2007-09-11,62733,57148,4394.0,-8244.0,299538,29704.0,5585,12638.0
JAPANESE YEN - CHICAGO MERCANTILE EXCHANGE,2007-09-18,41534,62601,-21199.0,5453.0,168189,-131349.0,-21067,-26652.0
JAPANESE YEN - CHICAGO MERCANTILE EXCHANGE,2007-09-25,46051,48500,4517.0,-14101.0,171770,3581.0,-2449,18618.0
JAPANESE YEN - CHICAGO MERCANTILE EXCHANGE,2007-10-02,35521,63590,-10530.0,15090.0,197060,25290.0,-28069,-25620.0
JAPANESE YEN - CHICAGO MERCANTILE EXCHANGE,2007-10-09,36321,82078,800.0,18488.0,224347,27287.0,-45757,-17688.0
JAPANESE YEN - CHICAGO MERCANTILE EXCHANGE,2007-10-16,45607,84220,9286.0,2142.0,228334,3987.0,-38613,7144.0
JAPANESE YEN - CHICAGO MERCANTILE EXCHANGE,2007-10-23,46369,67723,762.0,-16497.0,225032,-3302.0,-21354,17259.0
JAPANESE YEN - CHICAGO MERCANTILE EXCHANGE,2007-10-30,57461,67410,11092.0,-313.0,222002,-3030.0,-9949,11405.0
JAPANESE YEN - CHICAGO MERCANTILE EXCHANGE,2007-11-06,59945,68842,2484.0,1432.0,216041,-5961.0,-8897,1052.0
JAPANESE YEN - CHICAGO MERCANTILE EXCHANGE,2007-11-13,63338,42542,3393.0,-26300.0,190955,-25086.0,20796,29693.0
JAPANESE YEN - CHICAGO MERCANTILE EXCHANGE,2007-11-20,68020,37619,4682.0,-4923.0,193209,2254.0,30401,9605.0
JAPANESE YEN - CHICAGO MERCANTILE EXCHANGE,2007-11-27,68104,36772,84.0,-847.0,192574,-635.0,31332,931.0
JAPANESE YEN - CHICAGO MERCANTILE EXCHANGE,2007-12-04,73463,39378,5359.0,2606.0,195761,3187.0,34085,2753.0
JAPANESE YEN - CHICAGO MERCANTILE EXCHANGE,2007-12-11,68557,37654,-4906.0,-1724.0,218614,22853.0,30903,-3182.0
JAPANESE YEN - CHICAGO MERCANTILE EXCHANGE,2007-12-18,54075,40718,-14482.0,3064.0,176620,-41994.0,13357,-17546.0
JAPANESE YEN - CHICAGO MERCANTILE EXCHANGE,2007-12-24,46961,42948,-7114.0,2230.0,180033,3413.0,4013,-9344.0
JAPANESE YEN - CHICAGO MERCANTILE EXCHANGE,2007-12-31,45107,44187,-1854.0,1239.0,181412,1379.0,920,-3093.0
JAPANESE YEN - CHICAGO MERCANTILE EXCHANGE,2008-01-08,62356,24883,17249.0,-19304.0,193786,12374.0,37473,36553.0
JAPANESE YEN - CHICAGO MERCANTILE EXCHANGE,2008-01-15,64712,27513,2356.0,2630.0,202548,8762.0,37199,-274.0
JAPANESE YEN - CHICAGO MERCANTILE EXCHANGE,2008-01-22,67896,26054,3184.0,-1459.0,193308,-9240.0,41842,4643.0
JAPANESE YEN - CHICAGO MERCANTILE EXCHANGE,2008-01-29,78810,25882,10914.0,-172.0,206162,12854.0,52928,11086.0
JAPANESE YEN - CHICAGO MERCANTILE EXCHANGE,2008-02-05,83740,29050,4930.0,3168.0,225290,19128.0,54690,1762.0
JAPANESE YEN - CHICAGO MERCANTILE EXCHANGE,2008-02-12,73955,30484,-9785.0,1434.0,231216,5926.0,43471,-11219.0
JAPANESE YEN - CHICAGO MERCANTILE EXCHANGE,2008-02-19,80805,30361,6850.0,-123.0,237223,6007.0,50444,6973.0
JAPANESE YEN - CHICAGO MERCANTILE EXCHANGE,2008-02-26,70188,35899,-10617.0,5538.0,235856,-1367.0,34289,-16155.0
JAPANESE YEN - CHICAGO MERCANTILE EXCHANGE,2008-03-04,94654,38369,24466.0,2470.0,254859,19003.0,56285,21996.0
JAPANESE YEN - CHICAGO MERCANTILE EXCHANGE,2008-03-11,86383,36230,-8271.0,-2139.0,234069,-20790.0,50153,-6132.0
JAPANESE YEN - CHICAGO MERCANTILE EXCHANGE,2008-03-18,82300,26541,-4083.0,-9689.0,193580,-40489.0,55759,5606.0
JAPANESE YEN - CHICAGO MERCANTILE EXCHANGE,2008-03-25,88691,22771,6391.0,-3770.0,196616,3036.0,65920,10161.0
JAPANESE YEN - CHICAGO MERCANTILE EXCHANGE,2008-04-01,78135,25837,-10556.0,3066.0,189206,-7410.0,52298,-13622.0
JAPANESE YEN - CHICAGO MERCANTILE EXCHANGE,2008-04-08,70424,27357,-7711.0,1520.0,182491,-6715.0,43067,-9231.0
JAPANESE YEN - CHICAGO MERCANTILE EXCHANGE,2008-04-15,68950,20978,-1474.0,-6379.0,177514,-4977.0,47972,4905.0
JAPANESE YEN - CHICAGO MERCANTILE EXCHANGE,2008-04-22,60353,25266,-8597.0,4288.0,172737,-4777.0,35087,-12885.0
JAPANESE YEN - CHICAGO MERCANTILE EXCHANGE,2008-04-29,73485,18035,13132.0,-7231.0,166940,-5797.0,55450,20363.0
JAPANESE YEN - CHICAGO MERCANTILE EXCHANGE,2008-05-06,69355,20620,-4130.0,2585.0,169098,2158.0,48735,-6715.0
JAPANESE YEN - CHICAGO MERCANTILE EXCHANGE,2008-05-13,62209,28393,-7146.0,7773.0,174423,5325.0,33816,-14919.0
JAPANESE YEN - CHICAGO MERCANTILE EXCHANGE,2008-05-20,65203,25155,2994.0,-3238.0,165388,-9035.0,40048,6232.0
JAPANESE YEN - CHICAGO MERCANTILE EXCHANGE,2008-05-27,62907,29603,-2296.0,4448.0,171688,6300.0,33304,-6744.0
JAPANESE YEN - CHICAGO MERCANTILE EXCHANGE,2008-06-03,55009,31644,-7898.0,2041.0,164454,-7234.0,23365,-9939.0
JAPANESE YEN - CHICAGO MERCANTILE EXCHANGE,2008-06-10,43391,35675,-11618.0,4031.0,202372,37918.0,7716,-15649.0
JAPANESE YEN - CHICAGO MERCANTILE EXCHANGE,2008-06-17,39989,34132,-3402.0,-1543.0,161544,-40828.0,5857,-1859.0
JAPANESE YEN - CHICAGO MERCANTILE EXCHANGE,2008-06-24,34316,47063,-5673.0,12931.0,164015,2471.0,-12747,-18604.0
JAPANESE YEN - CHICAGO MERCANTILE EXCHANGE,2008-07-01,45189,29184,10873.0,-17879.0,175598,11583.0,16005,28752.0
JAPANESE YEN - CHICAGO MERCANTILE EXCHANGE,2008-07-08,40519,35194,-4670.0,6010.0,175428,-170.0,5325,-10680.0
JAPANESE YEN - CHICAGO MERCANTILE EXCHANGE,2008-07-15,77600,27495,37081.0,-7699.0,213992,38564.0,50105,44780.0
JAPANESE YEN - CHICAGO MERCANTILE EXCHANGE,2008-07-22,48433,37909,-29167.0,10414.0,187785,-26207.0,10524,-39581.0
JAPANESE YEN - CHICAGO MERCANTILE EXCHANGE,2008-07-29,39162,45442,-9271.0,7533.0,178959,-8826.0,-6280,-16804.0
JAPANESE YEN - CHICAGO MERCANTILE EXCHANGE,2008-08-05,45898,57979,6736.0,12537.0,200818,21859.0,-12081,-5801.0
JAPANESE YEN - CHICAGO MERCANTILE EXCHANGE,2008-08-12,46164,59413,266.0,1434.0,208622,7804.0,-13249,-1168.0
JAPANESE YEN - CHICAGO MERCANTILE EXCHANGE,2008-08-19,40933,64071,-5231.0,4658.0,212982,4360.0,-23138,-9889.0
JAPANESE YEN - CHICAGO MERCANTILE EXCHANGE,2008-08-26,40103,60073,-830.0,-3998.0,209138,-3844.0,-19970,3168.0
JAPANESE YEN - CHICAGO MERCANTILE EXCHANGE,2008-09-02,38405,43425,-1698.0,-16648.0,205813,-3325.0,-5020,14950.0
JAPANESE YEN - CHICAGO MERCANTILE EXCHANGE,2008-09-09,39298,24477,893.0,-18948.0,206916,1103.0,14821,19841.0
JAPANESE YEN - CHICAGO MERCANTILE EXCHANGE,2008-09-16,50625,24025,11327.0,-452.0,132133,-74783.0,26600,11779.0
JAPANESE YEN - CHICAGO MERCANTILE EXCHANGE,2008-09-23,51186,19247,561.0,-4778.0,141677,9544.0,31939,5339.0
JAPANESE YEN - CHICAGO MERCANTILE EXCHANGE,2008-09-30,69373,26351,18187.0,7104.0,159908,18231.0,43022,11083.0
JAPANESE YEN - CHICAGO MERCANTILE EXCHANGE,2008-10-07,61557,21744,-7816.0,-4607.0,158003,-1905.0,39813,-3209.0
JAPANESE YEN - CHICAGO MERCANTILE EXCHANGE,2008-10-14,51709,21805,-9848.0,61.0,132983,-25020.0,29904,-9909.0
JAPANESE YEN - CHICAGO MERCANTILE EXCHANGE,2008-10-21,51441,21320,-268.0,-485.0,138768,5785.0,30121,217.0
JAPANESE YEN - CHICAGO MERCANTILE EXCHANGE,2008-10-28,51215,19389,-226.0,-1931.0,143020,4252.0,31826,1705.0
JAPANESE YEN - CHICAGO MERCANTILE EXCHANGE,2008-11-04,46772,20278,-4443.0,889.0,129500,-13520.0,26494,-5332.0
JAPANESE YEN - CHICAGO MERCANTILE EXCHANGE,2008-11-11,46353,21842,-419.0,1564.0,130102,602.0,24511,-1983.0
JAPANESE YEN - CHICAGO MERCANTILE EXCHANGE,2008-11-18,46827,22693,474.0,851.0,129694,-408.0,24134,-377.0
JAPANESE YEN - CHICAGO MERCANTILE EXCHANGE,2008-11-25,62066,24900,15239.0,2207.0,131206,1512.0,37166,13032.0
JAPANESE YEN - CHICAGO MERCANTILE EXCHANGE,2008-12-02,67743,24840,5677.0,-60.0,138994,7788.0,42903,5737.0
JAPANESE YEN - CHICAGO MERCANTILE EXCHANGE,2008-12-09,62978,19719,-4765.0,-5121.0,166059,27065.0,43259,356.0
JAPANESE YEN - CHICAGO MERCANTILE EXCHANGE,2008-12-16,59985,18604,-2993.0,-1115.0,110472,-55587.0,41381,-1878.0
JAPANESE YEN - CHICAGO MERCANTILE EXCHANGE,2008-12-22,56334,16236,-3651.0,-2368.0,105339,-5133.0,40098,-1283.0
JAPANESE YEN - CHICAGO MERCANTILE EXCHANGE,2008-12-30,57793,13917,1459.0,-2319.0,105926,587.0,43876,3778.0
JAPANESE YEN - CHICAGO MERCANTILE EXCHANGE,2009-01-06,62615,16221,4822.0,2304.0,110160,4234.0,46394,2518.0
JAPANESE YEN - CHICAGO MERCANTILE EXCHANGE,2009-01-13,60480,15585,-2135.0,-636.0,107714,-2446.0,44895,-1499.0
JAPANESE YEN - CHICAGO MERCANTILE EXCHANGE,2009-01-20,62529,15439,2049.0,-146.0,113171,5457.0,47090,2195.0
JAPANESE YEN - CHICAGO MERCANTILE EXCHANGE,2009-01-27,63369,14362,840.0,-1077.0,115063,1892.0,49007,1917.0
JAPANESE YEN - CHICAGO MERCANTILE EXCHANGE,2009-02-03,65131,14613,1762.0,251.0,117069,2006.0,50518,1511.0
JAPANESE YEN - CHICAGO MERCANTILE EXCHANGE,2009-02-10,56870,13273,-8261.0,-1340.0,106751,-10318.0,43597,-6921.0
JAPANESE YEN - CHICAGO MERCANTILE EXCHANGE,2009-02-17,54653,18465,-2217.0,5192.0,108685,1934.0,36188,-7409.0
JAPANESE YEN - CHICAGO MERCANTILE EXCHANGE,2009-02-24,47262,18627,-7391.0,162.0,108705,20.0,28635,-7553.0
JAPANESE YEN - CHICAGO MERCANTILE EXCHANGE,2009-03-03,46618,26548,-644.0,7921.0,110223,1518.0,20070,-8565.0
JAPANESE YEN - CHICAGO MERCANTILE EXCHANGE,2009-03-10,43326,24420,-3292.0,-2128.0,114020,3797.0,18906,-1164.0
JAPANESE YEN - CHICAGO MERCANTILE EXCHANGE,2009-03-17,27170,31866,-16156.0,7446.0,70507,-43513.0,-4696,-23602.0
JAPANESE YEN - CHICAGO MERCANTILE EXCHANGE,2009-03-24,25057,32719,-2113.0,853.0,69923,-584.0,-7662,-2966.0
JAPANESE YEN - CHICAGO MERCANTILE EXCHANGE,2009-03-31,26744,36207,1687.0,3488.0,76607,6684.0,-9463,-1801.0
JAPANESE YEN - CHICAGO MERCANTILE EXCHANGE,2009-04-07,25566,32564,-1178.0,-3643.0,84138,7531.0,-6998,2465.0
JAPANESE YEN - CHICAGO MERCANTILE EXCHANGE,2009-04-14,21169,27264,-4397.0,-5300.0,82017,-2121.0,-6095,903.0
JAPANESE YEN - CHICAGO MERCANTILE EXCHANGE,2009-04-21,18343,32038,-2826.0,4774.0,74215,-7802.0,-13695,-7600.0
JAPANESE YEN - CHICAGO MERCANTILE EXCHANGE,2009-04-28,22162,26741,3819.0,-5297.0,75734,1519.0,-4579,9116.0
JAPANESE YEN - CHICAGO MERCANTILE EXCHANGE,2009-05-05,21588,28106,-574.0,1365.0,75595,-139.0,-6518,-1939.0
JAPANESE YEN - CHICAGO MERCANTILE EXCHANGE,2009-05-12,28513,26125,6925.0,-1981.0,85709,10114.0,2388,8906.0
JAPANESE YEN - CHICAGO MERCANTILE EXCHANGE,2009-05-19,29526,23526,1013.0,-2599.0,90204,4495.0,6000,3612.0
JAPANESE YEN - CHICAGO MERCANTILE EXCHANGE,2009-05-26,34860,26851,5334.0,3325.0,96706,6502.0,8009,2009.0
JAPANESE YEN - CHICAGO MERCANTILE EXCHANGE,2009-06-02,34077,24456,-783.0,-2395.0,96969,263.0,9621,1612.0
JAPANESE YEN - CHICAGO MERCANTILE EXCHANGE,2009-06-09,25222,27521,-8855.0,3065.0,93527,-3442.0,-2299,-11920.0
JAPANESE YEN - CHICAGO MERCANTILE EXCHANGE,2009-06-16,18287,26850,-6935.0,-671.0,62998,-30529.0,-8563,-6264.0
JAPANESE YEN - CHICAGO MERCANTILE EXCHANGE,2009-06-23,22186,26193,3899.0,-657.0,73797,10799.0,-4007,4556.0
JAPANESE YEN - CHICAGO MERCANTILE EXCHANGE,2009-06-30,23261,24308,1075.0,-1885.0,73476,-321.0,-1047,2960.0
JAPANESE YEN - CHICAGO MERCANTILE EXCHANGE,2009-07-07,36668,19551,13407.0,-4757.0,89956,16480.0,17117,18164.0
JAPANESE YEN - CHICAGO MERCANTILE EXCHANGE,2009-07-14,52640,19073,15972.0,-478.0,110140,20184.0,33567,16450.0
JAPANESE YEN - CHICAGO MERCANTILE EXCHANGE,2009-07-21,52973,16785,333.0,-2288.0,110610,470.0,36188,2621.0
JAPANESE YEN - CHICAGO MERCANTILE EXCHANGE,2009-07-28,37334,13032,-15639.0,-3753.0,90649,-19961.0,24302,-11886.0
JAPANESE YEN - CHICAGO MERCANTILE EXCHANGE,2009-08-04,28269,17654,-9065.0,4622.0,80101,-10548.0,10615,-13687.0
JAPANESE YEN - CHICAGO MERCANTILE EXCHANGE,2009-08-11,24019,23195,-4250.0,5541.0,70654,-9447.0,824,-9791.0
JAPANESE YEN - CHICAGO MERCANTILE EXCHANGE,2009-08-18,25121,22768,1102.0,-427.0,72642,1988.0,2353,1529.0
JAPANESE YEN - CHICAGO MERCANTILE EXCHANGE,2009-08-25,34055,22408,8934.0,-360.0,86500,13858.0,11647,9294.0
JAPANESE YEN - CHICAGO MERCANTILE EXCHANGE,2009-09-01,52041,19676,17986.0,-2732.0,107605,21105.0,32365,20718.0
JAPANESE YEN - CHICAGO MERCANTILE EXCHANGE,2009-09-08,56725,15926,4684.0,-3750.0,115249,7644.0,40799,8434.0
JAPANESE YEN - CHICAGO MERCANTILE EXCHANGE,2009-09-15,54044,16937,-2681.0,1011.0,108330,-6919.0,37107,-3692.0
JAPANESE YEN - CHICAGO MERCANTILE EXCHANGE,2009-09-22,63269,17654,9225.0,717.0,119425,11095.0,45615,8508.0
JAPANESE YEN - CHICAGO MERCANTILE EXCHANGE,2009-09-29,63449,18593,180.0,939.0,119276,-149.0,44856,-759.0
JAPANESE YEN - CHICAGO MERCANTILE EXCHANGE,2009-10-06,62127,17484,-1322.0,-1109.0,120340,1064.0,44643,-213.0
JAPANESE YEN - CHICAGO MERCANTILE EXCHANGE,2009-10-13,49817,16478,-12310.0,-1006.0,119052,-1288.0,33339,-11304.0
JAPANESE YEN - CHICAGO MERCANTILE EXCHANGE,2009-10-20,49401,18216,-416.0,1738.0,120630,1578.0,31185,-2154.0
JAPANESE YEN - CHICAGO MERCANTILE EXCHANGE,2009-10-27,36076,18546,-13325.0,330.0,115161,-5469.0,17530,-13655.0
JAPANESE YEN - CHICAGO MERCANTILE EXCHANGE,2009-11-03,39028,19196,2952.0,650.0,110032,-5129.0,19832,2302.0
JAPANESE YEN - CHICAGO MERCANTILE EXCHANGE,2009-11-09,42044,20166,3016.0,970.0,117344,7312.0,21878,2046.0
JAPANESE YEN - CHICAGO MERCANTILE EXCHANGE,2009-11-17,48750,13198,6706.0,-6968.0,125908,8564.0,35552,13674.0
JAPANESE YEN - CHICAGO MERCANTILE EXCHANGE,2009-11-24,65224,13514,16474.0,316.0,131833,5925.0,51710,16158.0
JAPANESE YEN - CHICAGO MERCANTILE EXCHANGE,2009-12-01,73793,16886,8569.0,3372.0,144123,12290.0,56907,5197.0
JAPANESE YEN - CHICAGO MERCANTILE EXCHANGE,2009-12-08,48754,13572,-25039.0,-3314.0,123501,-20622.0,35182,-21725.0
JAPANESE YEN - CHICAGO MERCANTILE EXCHANGE,2009-12-15,33810,25438,-14944.0,11866.0,88438,-35063.0,8372,-26810.0
JAPANESE YEN - CHICAGO MERCANTILE EXCHANGE,2009-12-22,29477,30488,-4333.0,5050.0,93224,4786.0,-1011,-9383.0
JAPANESE YEN - CHICAGO MERCANTILE EXCHANGE,2009-12-29,19943,34846,-9534.0,4358.0,95217,1993.0,-14903,-13892.0
JAPANESE YEN - CHICAGO MERCANTILE EXCHANGE,2010-01-05,20634,37445,691.0,2599.0,104231,9014.0,-16811,-1908.0
JAPANESE YEN - CHICAGO MERCANTILE EXCHANGE,2010-01-12,21951,38695,1317.0,1250.0,120568,16337.0,-16744,67.0
JAPANESE YEN - CHICAGO MERCANTILE EXCHANGE,2010-01-19,23718,40814,1767.0,2119.0,122367,1799.0,-17096,-352.0
JAPANESE YEN - CHICAGO MERCANTILE EXCHANGE,2010-01-26,28821,33168,5103.0,-7646.0,119819,-2548.0,-4347,12749.0
JAPANESE YEN - CHICAGO MERCANTILE EXCHANGE,2010-02-02,30177,23042,1356.0,-10126.0,116129,-3690.0,7135,11482.0
JAPANESE YEN - CHICAGO MERCANTILE EXCHANGE,2010-02-09,41352,18956,11175.0,-4086.0,120060,3931.0,22396,15261.0
JAPANESE YEN - CHICAGO MERCANTILE EXCHANGE,2010-02-16,35691,21779,-5661.0,2823.0,119816,-244.0,13912,-8484.0
JAPANESE YEN - CHICAGO MERCANTILE EXCHANGE,2010-02-23,30432,28715,-5259.0,6936.0,122919,3103.0,1717,-12195.0
JAPANESE YEN - CHICAGO MERCANTILE EXCHANGE,2010-03-02,57332,24780,26900.0,-3935.0,133600,10681.0,32552,30835.0
JAPANESE YEN - CHICAGO MERCANTILE EXCHANGE,2010-03-09,51919,25631,-5413.0,851.0,137443,3843.0,26288,-6264.0
JAPANESE YEN - CHICAGO MERCANTILE EXCHANGE,2010-03-16,41278,26081,-10641.0,450.0,95999,-41444.0,15197,-11091.0
JAPANESE YEN - CHICAGO MERCANTILE EXCHANGE,2010-03-23,41030,30869,-248.0,4788.0,96913,914.0,10161,-5036.0
JAPANESE YEN - CHICAGO MERCANTILE EXCHANGE,2010-03-30,17174,48040,-23856.0,17171.0,109417,12504.0,-30866,-41027.0
JAPANESE YEN - CHICAGO MERCANTILE EXCHANGE,2010-04-06,18596,60901,1422.0,12861.0,123837,14420.0,-42305,-11439.0
JAPANESE YEN - CHICAGO MERCANTILE EXCHANGE,2010-04-13,12573,68319,-6023.0,7418.0,131723,7886.0,-55746,-13441.0
JAPANESE YEN - CHICAGO MERCANTILE EXCHANGE,2010-04-20,14211,64549,1638.0,-3770.0,134324,2601.0,-50338,5408.0
JAPANESE YEN - CHICAGO MERCANTILE EXCHANGE,2010-04-27,15018,64795,807.0,246.0,137780,3456.0,-49777,561.0
JAPANESE YEN - CHICAGO MERCANTILE EXCHANGE,2010-05-04,12430,78042,-2588.0,13247.0,147243,9463.0,-65612,-15835.0
JAPANESE YEN - CHICAGO MERCANTILE EXCHANGE,2010-05-11,23265,57934,10835.0,-20108.0,146389,-854.0,-34669,30943.0
JAPANESE YEN - CHICAGO MERCANTILE EXCHANGE,2010-05-18,21393,55682,-1872.0,-2252.0,142699,-3690.0,-34289,380.0
JAPANESE YEN - CHICAGO MERCANTILE EXCHANGE,2010-05-25,31994,42232,10601.0,-13450.0,140769,-1930.0,-10238,24051.0
JAPANESE YEN - CHICAGO MERCANTILE EXCHANGE,2010-06-01,33215,39699,1221.0,-2533.0,133365,-7404.0,-6484,3754.0
JAPANESE YEN - CHICAGO MERCANTILE EXCHANGE,2010-06-08,28519,41066,-4696.0,1367.0,133010,-355.0,-12547,-6063.0
JAPANESE YEN - CHICAGO MERCANTILE EXCHANGE,2010-06-15,23304,26984,-5215.0,-14082.0,82217,-50793.0,-3680,8867.0
JAPANESE YEN - CHICAGO MERCANTILE EXCHANGE,2010-06-22,29257,25627,5953.0,-1357.0,91415,9198.0,3630,7310.0
JAPANESE YEN - CHICAGO MERCANTILE EXCHANGE,2010-06-29,51721,24294,22464.0,-1333.0,120484,29069.0,27427,23797.0
JAPANESE YEN - CHICAGO MERCANTILE EXCHANGE,2010-07-06,62476,24550,10755.0,256.0,135128,14644.0,37926,10499.0
JAPANESE YEN - CHICAGO MERCANTILE EXCHANGE,2010-07-13,63205,15846,729.0,-8704.0,133665,-1463.0,47359,9433.0
JAPANESE YEN - CHICAGO MERCANTILE EXCHANGE,2010-07-20,54733,13822,-8472.0,-2024.0,127658,-6007.0,40911,-6448.0
JAPANESE YEN - CHICAGO MERCANTILE EXCHANGE,2010-07-27,48488,18567,-6245.0,4745.0,124595,-3063.0,29921,-10990.0
JAPANESE YEN - CHICAGO MERCANTILE EXCHANGE,2010-08-03,61723,13725,13235.0,-4842.0,133870,9275.0,47998,18077.0
JAPANESE YEN - CHICAGO MERCANTILE EXCHANGE,2010-08-10,65314,12836,3591.0,-889.0,136999,3129.0,52478,4480.0
JAPANESE YEN - CHICAGO MERCANTILE EXCHANGE,2010-08-17,62745,12776,-2569.0,-60.0,137645,646.0,49969,-2509.0
JAPANESE YEN - CHICAGO MERCANTILE EXCHANGE,2010-08-24,63086,12017,341.0,-759.0,140128,2483.0,51069,1100.0
JAPANESE YEN - CHICAGO MERCANTILE EXCHANGE,2010-08-31,61219,11315,-1867.0,-702.0,139079,-1049.0,49904,-1165.0
JAPANESE YEN - CHICAGO MERCANTILE EXCHANGE,2010-09-07,65440,13257,4221.0,1942.0,150513,11434.0,52183,2279.0
JAPANESE YEN - CHICAGO MERCANTILE EXCHANGE,2010-09-14,61215,13573,-4225.0,316.0,134360,-16153.0,47642,-4541.0
JAPANESE YEN - CHICAGO MERCANTILE EXCHANGE,2010-09-21,39948,16848,-21267.0,3275.0,113349,-21011.0,23100,-24542.0
JAPANESE YEN - CHICAGO MERCANTILE EXCHANGE,2010-09-28,45136,16470,5188.0,-378.0,118274,4925.0,28666,5566.0
JAPANESE YEN - CHICAGO MERCANTILE EXCHANGE,2010-10-05,66866,17660,21730.0,1190.0,142488,24214.0,49206,20540.0
JAPANESE YEN - CHICAGO MERCANTILE EXCHANGE,2010-10-12,66463,18178,-403.0,518.0,146581,4093.0,48285,-921.0
JAPANESE YEN - CHICAGO MERCANTILE EXCHANGE,2010-10-19,62554,16698,-3909.0,-1480.0,139496,-7085.0,45856,-2429.0
JAPANESE YEN - CHICAGO MERCANTILE EXCHANGE,2010-10-26,61305,18176,-1249.0,1478.0,139850,354.0,43129,-2727.0
JAPANESE YEN - CHICAGO MERCANTILE EXCHANGE,2010-11-02,63061,16606,1756.0,-1570.0,140062,212.0,46455,3326.0
JAPANESE YEN - CHICAGO MERCANTILE EXCHANGE,2010-11-09,54256,17602,-8805.0,996.0,140515,453.0,36654,-9801.0
JAPANESE YEN - CHICAGO MERCANTILE EXCHANGE,2010-11-16,47595,24737,-6661.0,7135.0,131701,-8814.0,22858,-13796.0
JAPANESE YEN - CHICAGO MERCANTILE EXCHANGE,2010-11-23,51161,23969,3566.0,-768.0,129620,-2081.0,27192,4334.0
JAPANESE YEN - CHICAGO MERCANTILE EXCHANGE,2010-11-30,55791,25785,4630.0,1816.0,133069,3449.0,30006,2814.0
JAPANESE YEN - CHICAGO MERCANTILE EXCHANGE,2010-12-07,47661,24373,-8130.0,-1412.0,132233,-836.0,23288,-6718.0
JAPANESE YEN - CHICAGO MERCANTILE EXCHANGE,2010-12-14,34996,22261,-12665.0,-2112.0,96110,-36123.0,12735,-10553.0
JAPANESE YEN - CHICAGO MERCANTILE EXCHANGE,2010-12-21,34243,21714,-753.0,-547.0,90072,-6038.0,12529,-206.0
JAPANESE YEN - CHICAGO MERCANTILE EXCHANGE,2010-12-28,49941,20300,15698.0,-1414.0,109343,19271.0,29641,17112.0
JAPANESE YEN - CHICAGO MERCANTILE EXCHANGE,2011-01-04,65924,26859,15983.0,6559.0,128483,19140.0,39065,9424.0
JAPANESE YEN - CHICAGO MERCANTILE EXCHANGE,2011-01-11,43884,19148,-22040.0,-7711.0,107132,-21351.0,24736,-14329.0
JAPANESE YEN - CHICAGO MERCANTILE EXCHANGE,2011-01-18,46258,25729,2374.0,6581.0,110405,3273.0,20529,-4207.0
JAPANESE YEN - CHICAGO MERCANTILE EXCHANGE,2011-01-25,54495,22277,8237.0,-3452.0,116661,6256.0,32218,11689.0
JAPANESE YEN - CHICAGO MERCANTILE EXCHANGE,2011-02-01,52648,21167,-1847.0,-1110.0,116384,-277.0,31481,-737.0
JAPANESE YEN - CHICAGO MERCANTILE EXCHANGE,2011-02-08,56607,19876,3959.0,-1291.0,117705,1321.0,36731,5250.0
JAPANESE YEN - CHICAGO MERCANTILE EXCHANGE,2011-02-15,24389,42937,-32218.0,23061.0,116803,-902.0,-18548,-55279.0
JAPANESE YEN - CHICAGO MERCANTILE EXCHANGE,2011-02-22,23457,51203,-932.0,8266.0,124016,7213.0,-27746,-9198.0
JAPANESE YEN - CHICAGO MERCANTILE EXCHANGE,2011-03-01,62396,21122,38939.0,-30081.0,136561,12545.0,41274,69020.0
JAPANESE YEN - CHICAGO MERCANTILE EXCHANGE,2011-03-08,43205,26549,-19191.0,5427.0,131247,-5314.0,16656,-24618.0
JAPANESE YEN - CHICAGO MERCANTILE EXCHANGE,2011-03-15,52603,22373,9398.0,-4176.0,114701,-16546.0,30230,13574.0
JAPANESE YEN - CHICAGO MERCANTILE EXCHANGE,2011-03-22,52484,17959,-119.0,-4414.0,112051,-2650.0,34525,4295.0
JAPANESE YEN - CHICAGO MERCANTILE EXCHANGE,2011-03-29,37737,30685,-14747.0,12726.0,100377,-11674.0,7052,-27473.0
JAPANESE YEN - CHICAGO MERCANTILE EXCHANGE,2011-04-05,16516,59747,-21221.0,29062.0,120632,20255.0,-43231,-50283.0
JAPANESE YEN - CHICAGO MERCANTILE EXCHANGE,2011-04-12,14183,67060,-2333.0,7313.0,130084,9452.0,-52877,-9646.0
JAPANESE YEN - CHICAGO MERCANTILE EXCHANGE,2011-04-19,12935,65918,-1248.0,-1142.0,127838,-2246.0,-52983,-106.0
JAPANESE YEN - CHICAGO MERCANTILE EXCHANGE,2011-04-26,14063,51060,1128.0,-14858.0,114134,-13704.0,-36997,15986.0
JAPANESE YEN - CHICAGO MERCANTILE EXCHANGE,2011-05-03,19779,38598,5716.0,-12462.0,104590,-9544.0,-18819,18178.0
JAPANESE YEN - CHICAGO MERCANTILE EXCHANGE,2011-05-10,36100,23046,16321.0,-15552.0,102289,-2301.0,13054,31873.0
JAPANESE YEN - CHICAGO MERCANTILE EXCHANGE,2011-05-17,38016,22643,1916.0,-403.0,103453,1164.0,15373,2319.0
JAPANESE YEN - CHICAGO MERCANTILE EXCHANGE,2011-05-24,32188,24182,-5828.0,1539.0,99264,-4189.0,8006,-7367.0
JAPANESE YEN - CHICAGO MERCANTILE EXCHANGE,2011-05-31,24186,25834,-8002.0,1652.0,95929,-3335.0,-1648,-9654.0
JAPANESE YEN - CHICAGO MERCANTILE EXCHANGE,2011-06-07,35883,18252,11697.0,-7582.0,106199,10270.0,17631,19279.0
JAPANESE YEN - CHICAGO MERCANTILE EXCHANGE,2011-06-14,38618,13850,2735.0,-4402.0,94483,-11716.0,24768,7137.0
JAPANESE YEN - CHICAGO MERCANTILE EXCHANGE,2011-06-21,47074,14480,8456.0,630.0,99071,4588.0,32594,7826.0
JAPANESE YEN - CHICAGO MERCANTILE EXCHANGE,2011-06-28,34319,20696,-12755.0,6216.0,94286,-4785.0,13623,-18971.0
JAPANESE YEN - CHICAGO MERCANTILE EXCHANGE,2011-07-05,34595,20268,276.0,-428.0,94901,615.0,14327,704.0
JAPANESE YEN - CHICAGO MERCANTILE EXCHANGE,2011-07-12,52277,23989,17682.0,3721.0,115846,20945.0,28288,13961.0
JAPANESE YEN - CHICAGO MERCANTILE EXCHANGE,2011-07-19,63535,21380,11258.0,-2609.0,129653,13807.0,42155,13867.0
JAPANESE YEN - CHICAGO MERCANTILE EXCHANGE,2011-07-26,72114,20812,8579.0,-568.0,138932,9279.0,51302,9147.0
JAPANESE YEN - CHICAGO MERCANTILE EXCHANGE,2011-08-02,78855,20022,6741.0,-790.0,148888,9956.0,58833,7531.0
JAPANESE YEN - CHICAGO MERCANTILE EXCHANGE,2011-08-09,53386,11237,-25469.0,-8785.0,119904,-28984.0,42149,-16684.0
JAPANESE YEN - CHICAGO MERCANTILE EXCHANGE,2011-08-16,59060,11712,5674.0,475.0,126262,6358.0,47348,5199.0
JAPANESE YEN - CHICAGO MERCANTILE EXCHANGE,2011-08-23,60831,13692,1771.0,1980.0,131217,4955.0,47139,-209.0
JAPANESE YEN - CHICAGO MERCANTILE EXCHANGE,2011-08-30,54136,12951,-6695.0,-741.0,126128,-5089.0,41185,-5954.0
JAPANESE YEN - CHICAGO MERCANTILE EXCHANGE,2011-09-06,48125,15338,-6011.0,2387.0,123412,-2716.0,32787,-8398.0
JAPANESE YEN - CHICAGO MERCANTILE EXCHANGE,2011-09-13,53778,18823,5653.0,3485.0,151535,28123.0,34955,2168.0
JAPANESE YEN - CHICAGO MERCANTILE EXCHANGE,2011-09-20,63888,18271,10110.0,-552.0,127828,-23707.0,45617,10662.0
JAPANESE YEN - CHICAGO MERCANTILE EXCHANGE,2011-09-27,61166,18844,-2722.0,573.0,125732,-2096.0,42322,-3295.0
JAPANESE YEN - CHICAGO MERCANTILE EXCHANGE,2011-10-04,60867,17405,-299.0,-1439.0,134724,8992.0,43462,1140.0
JAPANESE YEN - CHICAGO MERCANTILE EXCHANGE,2011-10-11,54190,19071,-6677.0,1666.0,153849,19125.0,35119,-8343.0
JAPANESE YEN - CHICAGO MERCANTILE EXCHANGE,2011-10-18,49047,22140,-5143.0,3069.0,152255,-1594.0,26907,-8212.0
JAPANESE YEN - CHICAGO MERCANTILE EXCHANGE,2011-10-25,75999,21720,26952.0,-420.0,165616,13361.0,54279,27372.0
JAPANESE YEN - CHICAGO MERCANTILE EXCHANGE,2011-11-01,43671,17767,-32328.0,-3953.0,138045,-27571.0,25904,-28375.0
JAPANESE YEN - CHICAGO MERCANTILE EXCHANGE,2011-11-08,44320,16243,649.0,-1524.0,138981,936.0,28077,2173.0
JAPANESE YEN - CHICAGO MERCANTILE EXCHANGE,2011-11-15,49916,16236,5596.0,-7.0,142233,3252.0,33680,5603.0
JAPANESE YEN - CHICAGO MERCANTILE EXCHANGE,2011-11-22,57018,13838,7102.0,-2398.0,149571,7338.0,43180,9500.0
JAPANESE YEN - CHICAGO MERCANTILE EXCHANGE,2011-11-29,56162,15615,-856.0,1777.0,166279,16708.0,40547,-2633.0
JAPANESE YEN - CHICAGO MERCANTILE EXCHANGE,2011-12-06,56817,18546,655.0,2931.0,178625,12346.0,38271,-2276.0
JAPANESE YEN - CHICAGO MERCANTILE EXCHANGE,2011-12-13,52249,16649,-4568.0,-1897.0,204818,26193.0,35600,-2671.0
JAPANESE YEN - CHICAGO MERCANTILE EXCHANGE,2011-12-20,52148,27672,-101.0,11023.0,132006,-72812.0,24476,-11124.0
JAPANESE YEN - CHICAGO MERCANTILE EXCHANGE,2011-12-27,52691,30106,543.0,2434.0,132557,551.0,22585,-1891.0
JAPANESE YEN - CHICAGO MERCANTILE EXCHANGE,2012-01-03,72986,16505,20295.0,-13601.0,158719,26162.0,56481,33896.0
JAPANESE YEN - CHICAGO MERCANTILE EXCHANGE,2012-01-10,76671,17014,3685.0,509.0,163533,4814.0,59657,3176.0
JAPANESE YEN - CHICAGO MERCANTILE EXCHANGE,2012-01-17,78355,19493,1684.0,2479.0,168070,4537.0,58862,-795.0
JAPANESE YEN - CHICAGO MERCANTILE EXCHANGE,2012-01-24,66194,21827,-12161.0,2334.0,152061,-16009.0,44367,-14495.0
JAPANESE YEN - CHICAGO MERCANTILE EXCHANGE,2012-01-31,81054,24385,14860.0,2558.0,172967,20906.0,56669,12302.0
JAPANESE YEN - CHICAGO MERCANTILE EXCHANGE,2012-02-07,84847,29676,3793.0,5291.0,178512,5545.0,55171,-1498.0
JAPANESE YEN - CHICAGO MERCANTILE EXCHANGE,2012-02-14,64096,34637,-20751.0,4961.0,153683,-24829.0,29459,-25712.0
JAPANESE YEN - CHICAGO MERCANTILE EXCHANGE,2012-02-21,62062,44805,-2034.0,10168.0,150551,-3132.0,17257,-12202.0
JAPANESE YEN - CHICAGO MERCANTILE EXCHANGE,2012-02-28,51558,52761,-10504.0,7956.0,148310,-2241.0,-1203,-18460.0
JAPANESE YEN - CHICAGO MERCANTILE EXCHANGE,2012-03-06,33281,52639,-18277.0,-122.0,147952,-358.0,-19358,-18155.0
JAPANESE YEN - CHICAGO MERCANTILE EXCHANGE,2012-03-13,22249,64629,-11032.0,11990.0,196396,48444.0,-42380,-23022.0
JAPANESE YEN - CHICAGO MERCANTILE EXCHANGE,2012-03-20,34923,60744,12674.0,-3885.0,139769,-56627.0,-25821,16559.0
JAPANESE YEN - CHICAGO MERCANTILE EXCHANGE,2012-03-27,10905,78527,-24018.0,17783.0,145497,5728.0,-67622,-41801.0
JAPANESE YEN - CHICAGO MERCANTILE EXCHANGE,2012-04-03,14563,79671,3658.0,1144.0,150382,4885.0,-65108,2514.0
JAPANESE YEN - CHICAGO MERCANTILE EXCHANGE,2012-04-10,16097,82181,1534.0,2510.0,150875,493.0,-66084,-976.0
JAPANESE YEN - CHICAGO MERCANTILE EXCHANGE,2012-04-17,16917,74720,820.0,-7461.0,144168,-6707.0,-57803,8281.0
JAPANESE YEN - CHICAGO MERCANTILE EXCHANGE,2012-04-24,12669,68572,-4248.0,-6148.0,137636,-6532.0,-55903,1900.0
JAPANESE YEN - CHICAGO MERCANTILE EXCHANGE,2012-05-01,14110,64283,1441.0,-4289.0,140349,2713.0,-50173,5730.0
JAPANESE YEN - CHICAGO MERCANTILE EXCHANGE,2012-05-08,16369,57462,2259.0,-6821.0,141842,1493.0,-41093,9080.0
JAPANESE YEN - CHICAGO MERCANTILE EXCHANGE,2012-05-15,17455,51770,1086.0,-5692.0,139275,-2567.0,-34315,6778.0
JAPANESE YEN - CHICAGO MERCANTILE EXCHANGE,2012-05-22,20483,38498,3028.0,-13272.0,142168,2893.0,-18015,16300.0
JAPANESE YEN - CHICAGO MERCANTILE EXCHANGE,2012-05-29,21620,32950,1137.0,-5548.0,140684,-1484.0,-11330,6685.0
JAPANESE YEN - CHICAGO MERCANTILE EXCHANGE,2012-06-05,37376,25303,15756.0,-7647.0,169663,28979.0,12073,23403.0
JAPANESE YEN - CHICAGO MERCANTILE EXCHANGE,2012-06-12,38182,25875,806.0,572.0,174278,4615.0,12307,234.0
JAPANESE YEN - CHICAGO MERCANTILE EXCHANGE,2012-06-19,44740,29603,6558.0,3728.0,123868,-50410.0,15137,2830.0
JAPANESE YEN - CHICAGO MERCANTILE EXCHANGE,2012-06-26,43910,39368,-830.0,9765.0,123247,-621.0,4542,-10595.0
JAPANESE YEN - CHICAGO MERCANTILE EXCHANGE,2012-07-03,36950,32775,-6960.0,-6593.0,117403,-5844.0,4175,-367.0
JAPANESE YEN - CHICAGO MERCANTILE EXCHANGE,2012-07-10,32920,23968,-4030.0,-8807.0,115522,-1881.0,8952,4777.0
JAPANESE YEN - CHICAGO MERCANTILE EXCHANGE,2012-07-17,36734,25613,3814.0,1645.0,121806,6284.0,11121,2169.0
JAPANESE YEN - CHICAGO MERCANTILE EXCHANGE,2012-07-24,52024,26963,15290.0,1350.0,139033,17227.0,25061,13940.0
JAPANESE YEN - CHICAGO MERCANTILE EXCHANGE,2012-07-31,55373,23119,3349.0,-3844.0,144095,5062.0,32254,7193.0
JAPANESE YEN - CHICAGO MERCANTILE EXCHANGE,2012-08-07,55883,28344,510.0,5225.0,148998,4903.0,27539,-4715.0
JAPANESE YEN - CHICAGO MERCANTILE EXCHANGE,2012-08-14,55983,25279,100.0,-3065.0,151036,2038.0,30704,3165.0
JAPANESE YEN - CHICAGO MERCANTILE EXCHANGE,2012-08-21,43584,32413,-12399.0,7134.0,141458,-9578.0,11171,-19533.0
JAPANESE YEN - CHICAGO MERCANTILE EXCHANGE,2012-08-28,53571,32015,9987.0,-398.0,149444,7986.0,21556,10385.0
JAPANESE YEN - CHICAGO MERCANTILE EXCHANGE,2012-09-04,55133,31126,1562.0,-889.0,152452,3008.0,24007,2451.0
JAPANESE YEN - CHICAGO MERCANTILE EXCHANGE,2012-09-11,60862,28089,5729.0,-3037.0,176618,24166.0,32773,8766.0
JAPANESE YEN - CHICAGO MERCANTILE EXCHANGE,2012-09-18,41500,26024,-19362.0,-2065.0,128862,-47756.0,15476,-17297.0
JAPANESE YEN - CHICAGO MERCANTILE EXCHANGE,2012-09-25,47318,26207,5818.0,183.0,137692,8830.0,21111,5635.0
JAPANESE YEN - CHICAGO MERCANTILE EXCHANGE,2012-10-02,52696,23361,5378.0,-2846.0,141693,4001.0,29335,8224.0
JAPANESE YEN - CHICAGO MERCANTILE EXCHANGE,2012-10-09,40778,27864,-11918.0,4503.0,127442,-14251.0,12914,-16421.0
JAPANESE YEN - CHICAGO MERCANTILE EXCHANGE,2012-10-16,42767,32681,1989.0,4817.0,131343,3901.0,10086,-2828.0
JAPANESE YEN - CHICAGO MERCANTILE EXCHANGE,2012-10-23,25550,43746,-17217.0,11065.0,137135,5792.0,-18196,-28282.0
JAPANESE YEN - CHICAGO MERCANTILE EXCHANGE,2012-10-30,19886,56906,-5664.0,13160.0,147135,10000.0,-37020,-18824.0
JAPANESE YEN - CHICAGO MERCANTILE EXCHANGE,2012-11-06,24966,65070,5080.0,8164.0,161552,14417.0,-40104,-3084.0
JAPANESE YEN - CHICAGO MERCANTILE EXCHANGE,2012-11-13,21980,52427,-2986.0,-12643.0,155931,-5621.0,-30447,9657.0
JAPANESE YEN - CHICAGO MERCANTILE EXCHANGE,2012-11-20,28272,79661,6292.0,27234.0,180979,25048.0,-51389,-20942.0
JAPANESE YEN - CHICAGO MERCANTILE EXCHANGE,2012-11-27,27027,106493,-1245.0,26832.0,208130,27151.0,-79466,-28077.0
JAPANESE YEN - CHICAGO MERCANTILE EXCHANGE,2012-12-04,20929,111255,-6098.0,4762.0,220982,12852.0,-90326,-10860.0
JAPANESE YEN - CHICAGO MERCANTILE EXCHANGE,2012-12-11,16369,110770,-4560.0,-485.0,267582,46600.0,-94401,-4075.0
JAPANESE YEN - CHICAGO MERCANTILE EXCHANGE,2012-12-18,27935,117098,11566.0,6328.0,196662,-70920.0,-89163,5238.0
JAPANESE YEN - CHICAGO MERCANTILE EXCHANGE,2012-12-24,26757,112365,-1178.0,-4733.0,195705,-957.0,-85608,3555.0
JAPANESE YEN - CHICAGO MERCANTILE EXCHANGE,2012-12-31,30432,110949,3675.0,-1416.0,194632,-1073.0,-80517,5091.0
JAPANESE YEN - CHICAGO MERCANTILE EXCHANGE,2013-01-08,32129,106225,1697.0,-4724.0,193295,-1337.0,-74096,6421.0
JAPANESE YEN - CHICAGO MERCANTILE EXCHANGE,2013-01-15,39447,105174,7318.0,-1051.0,196509,3214.0,-65727,8369.0
JAPANESE YEN - CHICAGO MERCANTILE EXCHANGE,2013-01-22,41983,106051,2536.0,877.0,202225,5716.0,-64068,1659.0
JAPANESE YEN - CHICAGO MERCANTILE EXCHANGE,2013-01-29,48476,119722,6493.0,13671.0,219635,17410.0,-71246,-7178.0
JAPANESE YEN - CHICAGO MERCANTILE EXCHANGE,2013-02-05,50667,119080,2191.0,-642.0,217709,-1926.0,-68413,2833.0
JAPANESE YEN - CHICAGO MERCANTILE EXCHANGE,2013-02-12,55782,117088,5115.0,-1992.0,215036,-2673.0,-61306,7107.0
JAPANESE YEN - CHICAGO MERCANTILE EXCHANGE,2013-02-19,54662,120553,-1120.0,3465.0,218241,3205.0,-65891,-4585.0
JAPANESE YEN - CHICAGO MERCANTILE EXCHANGE,2013-02-26,51998,117342,-2664.0,-3211.0,216323,-1918.0,-65344,547.0
JAPANESE YEN - CHICAGO MERCANTILE EXCHANGE,2013-03-05,50958,124309,-1040.0,6967.0,241938,25615.0,-73351,-8007.0
JAPANESE YEN - CHICAGO MERCANTILE EXCHANGE,2013-03-12,51240,145003,282.0,20694.0,288474,46536.0,-93763,-20412.0
JAPANESE YEN - CHICAGO MERCANTILE EXCHANGE,2013-03-19,55408,135401,4168.0,-9602.0,216674,-71800.0,-79993,13770.0
JAPANESE YEN - CHICAGO MERCANTILE EXCHANGE,2013-03-26,46931,136080,-8477.0,679.0,220896,4222.0,-89149,-9156.0
JAPANESE YEN - CHICAGO MERCANTILE EXCHANGE,2013-04-02,46966,125137,35.0,-10943.0,213997,-6899.0,-78171,10978.0
JAPANESE YEN - CHICAGO MERCANTILE EXCHANGE,2013-04-09,39699,117396,-7267.0,-7741.0,220626,6629.0,-77697,474.0
JAPANESE YEN - CHICAGO MERCANTILE EXCHANGE,2013-04-16,26448,119859,-13251.0,2463.0,214577,-6049.0,-93411,-15714.0
JAPANESE YEN - CHICAGO MERCANTILE EXCHANGE,2013-04-23,25942,105672,-506.0,-14187.0,204150,-10427.0,-79730,13681.0
JAPANESE YEN - CHICAGO MERCANTILE EXCHANGE,2013-04-30,24872,95999,-1070.0,-9673.0,198106,-6044.0,-71127,8603.0
JAPANESE YEN - CHICAGO MERCANTILE EXCHANGE,2013-05-07,27886,106446,3014.0,10447.0,209370,11264.0,-78560,-7433.0
JAPANESE YEN - CHICAGO MERCANTILE EXCHANGE,2013-05-14,28882,117289,996.0,10843.0,229746,20376.0,-88407,-9847.0
JAPANESE YEN - CHICAGO MERCANTILE EXCHANGE,2013-05-21,19454,114640,-9428.0,-2649.0,227826,-1920.0,-95186,-6779.0
JAPANESE YEN - CHICAGO MERCANTILE EXCHANGE,2013-05-28,18406,118175,-1048.0,3535.0,231012,3186.0,-99769,-4583.0
JAPANESE YEN - CHICAGO MERCANTILE EXCHANGE,2013-06-04,19176,101920,770.0,-16255.0,219135,-11877.0,-82744,17025.0
JAPANESE YEN - CHICAGO MERCANTILE EXCHANGE,2013-06-11,21722,94628,2546.0,-7292.0,243644,24509.0,-72906,9838.0
JAPANESE YEN - CHICAGO MERCANTILE EXCHANGE,2013-06-18,23010,84900,1288.0,-9728.0,163921,-79723.0,-61890,11016.0
JAPANESE YEN - CHICAGO MERCANTILE EXCHANGE,2013-06-25,24376,85838,1366.0,938.0,161160,-2761.0,-61462,428.0
JAPANESE YEN - CHICAGO MERCANTILE EXCHANGE,2013-07-02,27336,98072,2960.0,12234.0,178926,17766.0,-70736,-9274.0
JAPANESE YEN - CHICAGO MERCANTILE EXCHANGE,2013-07-09,25117,105422,-2219.0,7350.0,185249,6323.0,-80305,-9569.0
JAPANESE YEN - CHICAGO MERCANTILE EXCHANGE,2013-07-16,20220,105982,-4897.0,560.0,182429,-2820.0,-85762,-5457.0
JAPANESE YEN - CHICAGO MERCANTILE EXCHANGE,2013-07-23,22513,110009,2293.0,4027.0,187250,4821.0,-87496,-1734.0
JAPANESE YEN - CHICAGO MERCANTILE EXCHANGE,2013-07-30,18216,100351,-4297.0,-9658.0,174872,-12378.0,-82135,5361.0
JAPANESE YEN - CHICAGO MERCANTILE EXCHANGE,2013-08-06,19421,99634,1205.0,-717.0,172059,-2813.0,-80213,1922.0
JAPANESE YEN - CHICAGO MERCANTILE EXCHANGE,2013-08-13,17375,91837,-2046.0,-7797.0,159496,-12563.0,-74462,5751.0
JAPANESE YEN - CHICAGO MERCANTILE EXCHANGE,2013-08-20,19720,91441,2345.0,-396.0,162168,2672.0,-71721,2741.0
JAPANESE YEN - CHICAGO MERCANTILE EXCHANGE,2013-08-27,23396,101749,3676.0,10308.0,175588,13420.0,-78353,-6632.0
JAPANESE YEN - CHICAGO MERCANTILE EXCHANGE,2013-09-03,27665,107426,4269.0,5677.0,178360,2772.0,-79761,-1408.0
JAPANESE YEN - CHICAGO MERCANTILE EXCHANGE,2013-09-10,18854,113920,-8811.0,6494.0,197099,18739.0,-95066,-15305.0
JAPANESE YEN - CHICAGO MERCANTILE EXCHANGE,2013-09-17,26088,114882,7234.0,962.0,177045,-20054.0,-88794,6272.0
JAPANESE YEN - CHICAGO MERCANTILE EXCHANGE,2013-09-24,18173,110991,-7915.0,-3891.0,174892,-2153.0,-92818,-4024.0
JAPANESE YEN - CHICAGO MERCANTILE EXCHANGE,2013-10-01,18634,100958,461.0,-10033.0,170525,-4367.0,-82324,10494.0
JAPANESE YEN - CHICAGO MERCANTILE EXCHANGE,2013-10-08,28165,85262,9531.0,-15696.0,165957,-4568.0,-57097,25227.0
JAPANESE YEN - CHICAGO MERCANTILE EXCHANGE,2013-10-15,25392,84658,-2773.0,-604.0,159871,-6086.0,-59266,-2169.0
JAPANESE YEN - CHICAGO MERCANTILE EXCHANGE,2013-10-22,13928,85730,-11464.0,1072.0,152938,-6933.0,-71802,-12536.0
JAPANESE YEN - CHICAGO MERCANTILE EXCHANGE,2013-10-29,17483,79878,3555.0,-5852.0,151987,-951.0,-62395,9407.0
JAPANESE YEN - CHICAGO MERCANTILE EXCHANGE,2013-11-05,18734,92526,1251.0,12648.0,169004,17017.0,-73792,-11397.0
JAPANESE YEN - CHICAGO MERCANTILE EXCHANGE,2013-11-12,20977,116084,2243.0,23558.0,195690,26686.0,-95107,-21315.0
JAPANESE YEN - CHICAGO MERCANTILE EXCHANGE,2013-11-19,19424,131640,-1553.0,15556.0,214211,18521.0,-112216,-17109.0
JAPANESE YEN - CHICAGO MERCANTILE EXCHANGE,2013-11-26,23999,147201,4575.0,15561.0,236713,22502.0,-123202,-10986.0
JAPANESE YEN - CHICAGO MERCANTILE EXCHANGE,2013-12-03,21290,154673,-2709.0,7472.0,245167,8454.0,-133383,-10181.0
JAPANESE YEN - CHICAGO MERCANTILE EXCHANGE,2013-12-10,18085,147796,-3205.0,-6877.0,262229,17062.0,-129711,3672.0
JAPANESE YEN - CHICAGO MERCANTILE EXCHANGE,2013-12-17,22225,152448,4140.0,4652.0,232743,-29486.0,-130223,-512.0
JAPANESE YEN - CHICAGO MERCANTILE EXCHANGE,2013-12-24,14261,158083,-7964.0,5635.0,239160,6417.0,-143822,-13599.0
JAPANESE YEN - CHICAGO MERCANTILE EXCHANGE,2013-12-31,14274,149502,13.0,-8581.0,232225,-6935.0,-135228,8594.0
JAPANESE YEN - CHICAGO MERCANTILE EXCHANGE,2014-01-07,11340,140208,-2934.0,-9294.0,230156,-2069.0,-128868,6360.0
JAPANESE YEN - CHICAGO MERCANTILE EXCHANGE,2014-01-14,10754,128820,-586.0,-11388.0,218324,-11832.0,-118066,10802.0
JAPANESE YEN - CHICAGO MERCANTILE EXCHANGE,2014-01-21,13128,128089,2374.0,-731.0,217548,-776.0,-114961,3105.0
JAPANESE YEN - CHICAGO MERCANTILE EXCHANGE,2014-01-28,15977,102169,2849.0,-25920.0,203014,-14534.0,-86192,28769.0
JAPANESE YEN - CHICAGO MERCANTILE EXCHANGE,2014-02-04,15896,92725,-81.0,-9444.0,199361,-3653.0,-76829,9363.0
JAPANESE YEN - CHICAGO MERCANTILE EXCHANGE,2014-02-11,13686,92472,-2210.0,-253.0,196435,-2926.0,-78786,-1957.0
JAPANESE YEN - CHICAGO MERCANTILE EXCHANGE,2014-02-18,16736,96520,3050.0,4048.0,200057,3622.0,-79784,-998.0
JAPANESE YEN - CHICAGO MERCANTILE EXCHANGE,2014-02-25,14727,99817,-2009.0,3297.0,203743,3686.0,-85090,-5306.0
JAPANESE YEN - CHICAGO MERCANTILE EXCHANGE,2014-03-04,20407,100116,5680.0,299.0,205886,2143.0,-79709,5381.0
JAPANESE YEN - CHICAGO MERCANTILE EXCHANGE,2014-03-11,15726,115082,-4681.0,14966.0,242170,36284.0,-99356,-19647.0
JAPANESE YEN - CHICAGO MERCANTILE EXCHANGE,2014-03-18,24144,85243,8418.0,-29839.0,156922,-85248.0,-61099,38257.0
JAPANESE YEN - CHICAGO MERCANTILE EXCHANGE,2014-03-25,17600,86487,-6544.0,1244.0,158280,1358.0,-68887,-7788.0
JAPANESE YEN - CHICAGO MERCANTILE EXCHANGE,2014-04-01,22162,110800,4562.0,24313.0,188464,30184.0,-88638,-19751.0
JAPANESE YEN - CHICAGO MERCANTILE EXCHANGE,2014-04-08,13340,100802,-8822.0,-9998.0,181814,-6650.0,-87462,1176.0
JAPANESE YEN - CHICAGO MERCANTILE EXCHANGE,2014-04-15,14351,83067,1011.0,-17735.0,164843,-16971.0,-68716,18746.0
JAPANESE YEN - CHICAGO MERCANTILE EXCHANGE,2014-04-22,16564,83807,2213.0,740.0,165674,831.0,-67243,1473.0
JAPANESE YEN - CHICAGO MERCANTILE EXCHANGE,2014-04-29,13846,84198,-2718.0,391.0,168820,3146.0,-70352,-3109.0
JAPANESE YEN - CHICAGO MERCANTILE EXCHANGE,2014-05-06,20381,81109,6535.0,-3089.0,167093,-1727.0,-60728,9624.0
JAPANESE YEN - CHICAGO MERCANTILE EXCHANGE,2014-05-13,17471,82178,-2910.0,1069.0,164707,-2386.0,-64707,-3979.0
JAPANESE YEN - CHICAGO MERCANTILE EXCHANGE,2014-05-20,18681,72468,1210.0,-9710.0,164819,112.0,-53787,10920.0
JAPANESE YEN - CHICAGO MERCANTILE EXCHANGE,2014-05-27,16999,76035,-1682.0,3567.0,162820,-1999.0,-59036,-5249.0
JAPANESE YEN - CHICAGO MERCANTILE EXCHANGE,2014-06-03,12578,86796,-4421.0,10761.0,171804,8984.0,-74218,-15182.0
JAPANESE YEN - CHICAGO MERCANTILE EXCHANGE,2014-06-10,11893,94055,-685.0,7259.0,201094,29290.0,-82162,-7944.0
JAPANESE YEN - CHICAGO MERCANTILE EXCHANGE,2014-06-17,17832,85870,5939.0,-8185.0,153007,-48087.0,-68038,14124.0
JAPANESE YEN - CHICAGO MERCANTILE EXCHANGE,2014-06-24,10325,81548,-7507.0,-4322.0,148257,-4750.0,-71223,-3185.0
JAPANESE YEN - CHICAGO MERCANTILE EXCHANGE,2014-07-01,18739,77425,8414.0,-4123.0,156480,8223.0,-58686,12537.0
JAPANESE YEN - CHICAGO MERCANTILE EXCHANGE,2014-07-08,11174,77549,-7565.0,124.0,157710,1230.0,-66375,-7689.0
JAPANESE YEN - CHICAGO MERCANTILE EXCHANGE,2014-07-15,8385,71333,-2789.0,-6216.0,155127,-2583.0,-62948,3427.0
JAPANESE YEN - CHICAGO MERCANTILE EXCHANGE,2014-07-22,11979,65895,3594.0,-5438.0,162029,6902.0,-53916,9032.0
JAPANESE YEN - CHICAGO MERCANTILE EXCHANGE,2014-07-29,7828,80897,-4151.0,15002.0,172210,10181.0,-73069,-19153.0
JAPANESE YEN - CHICAGO MERCANTILE EXCHANGE,2014-08-05,9896,105295,2068.0,24398.0,192906,20696.0,-95399,-22330.0
JAPANESE YEN - CHICAGO MERCANTILE EXCHANGE,2014-08-12,12518,93615,2622.0,-11680.0,192140,-766.0,-81097,14302.0
JAPANESE YEN - CHICAGO MERCANTILE EXCHANGE,2014-08-19,17976,105247,5458.0,11632.0,203180,11040.0,-87271,-6174.0
JAPANESE YEN - CHICAGO MERCANTILE EXCHANGE,2014-08-26,19512,122403,1536.0,17156.0,218009,14829.0,-102891,-15620.0
JAPANESE YEN - CHICAGO MERCANTILE EXCHANGE,2014-09-02,15485,132793,-4027.0,10390.0,230937,12928.0,-117308,-14417.0
JAPANESE YEN - CHICAGO MERCANTILE EXCHANGE,2014-09-09,17280,117953,1795.0,-14840.0,255624,24687.0,-100673,16635.0
JAPANESE YEN - CHICAGO MERCANTILE EXCHANGE,2014-09-16,37617,120799,20337.0,2846.0,208235,-47389.0,-83182,17491.0
JAPANESE YEN - CHICAGO MERCANTILE EXCHANGE,2014-09-23,28391,133813,-9226.0,13014.0,222214,13979.0,-105422,-22240.0
JAPANESE YEN - CHICAGO MERCANTILE EXCHANGE,2014-09-30,29910,150788,1519.0,16975.0,239477,17263.0,-120878,-15456.0
JAPANESE YEN - CHICAGO MERCANTILE EXCHANGE,2014-10-07,24837,137388,-5073.0,-13400.0,223255,-16222.0,-112551,8327.0
JAPANESE YEN - CHICAGO MERCANTILE EXCHANGE,2014-10-14,22839,123986,-1998.0,-13402.0,212420,-10835.0,-101147,11404.0
JAPANESE YEN - CHICAGO MERCANTILE EXCHANGE,2014-10-21,26634,98372,3795.0,-25614.0,185412,-27008.0,-71738,29409.0
JAPANESE YEN - CHICAGO MERCANTILE EXCHANGE,2014-10-28,23883,91282,-2751.0,-7090.0,184120,-1292.0,-67399,4339.0
JAPANESE YEN - CHICAGO MERCANTILE EXCHANGE,2014-11-04,37917,109568,14034.0,18286.0,207974,23854.0,-71651,-4252.0
JAPANESE YEN - CHICAGO MERCANTILE EXCHANGE,2014-11-11,47271,129834,9354.0,20266.0,227576,19602.0,-82563,-10912.0
JAPANESE YEN - CHICAGO MERCANTILE EXCHANGE,2014-11-18,46612,139066,-659.0,9232.0,238898,11322.0,-92454,-9891.0
JAPANESE YEN - CHICAGO MERCANTILE EXCHANGE,2014-11-25,46304,150684,-308.0,11618.0,253976,15078.0,-104380,-11926.0
JAPANESE YEN - CHICAGO MERCANTILE EXCHANGE,2014-12-02,41530,152690,-4774.0,2006.0,257828,3852.0,-111160,-6780.0
JAPANESE YEN - CHICAGO MERCANTILE EXCHANGE,2014-12-09,38067,142203,-3463.0,-10487.0,279859,22031.0,-104136,7024.0
JAPANESE YEN - CHICAGO MERCANTILE EXCHANGE,2014-12-16,45652,132579,7585.0,-9624.0,227685,-52174.0,-86927,17209.0
JAPANESE YEN - CHICAGO MERCANTILE EXCHANGE,2014-12-23,29021,122763,-16631.0,-9816.0,226107,-1578.0,-93742,-6815.0
JAPANESE YEN - CHICAGO MERCANTILE EXCHANGE,2014-12-30,28836,125155,-185.0,2392.0,226629,522.0,-96319,-2577.0
JAPANESE YEN - CHICAGO MERCANTILE EXCHANGE,2015-01-06,33160,123243,4324.0,-1912.0,228954,2325.0,-90083,6236.0
JAPANESE YEN - CHICAGO MERCANTILE EXCHANGE,2015-01-13,25872,120497,-7288.0,-2746.0,231223,2269.0,-94625,-4542.0
JAPANESE YEN - CHICAGO MERCANTILE EXCHANGE,2015-01-20,26525,104411,653.0,-16086.0,215413,-15810.0,-77886,16739.0
JAPANESE YEN - CHICAGO MERCANTILE EXCHANGE,2015-01-27,26526,91184,1.0,-13227.0,202571,-12842.0,-64658,13228.0
JAPANESE YEN - CHICAGO MERCANTILE EXCHANGE,2015-02-03,25586,85157,-940.0,-6027.0,203963,1392.0,-59571,5087.0
JAPANESE YEN - CHICAGO MERCANTILE EXCHANGE,2015-02-10,25884,81008,298.0,-4149.0,204193,230.0,-55124,4447.0
JAPANESE YEN - CHICAGO MERCANTILE EXCHANGE,2015-02-17,31269,80360,5385.0,-648.0,203555,-638.0,-49091,6033.0
JAPANESE YEN - CHICAGO MERCANTILE EXCHANGE,2015-02-24,31611,79123,342.0,-1237.0,202438,-1117.0,-47512,1579.0
JAPANESE YEN - CHICAGO MERCANTILE EXCHANGE,2015-03-03,33944,86465,2333.0,7342.0,210611,8173.0,-52521,-5009.0
JAPANESE YEN - CHICAGO MERCANTILE EXCHANGE,2015-03-10,32898,92285,-1046.0,5820.0,235089,24478.0,-59387,-6866.0
JAPANESE YEN - CHICAGO MERCANTILE EXCHANGE,2015-03-17,44496,92550,11598.0,265.0,195913,-39176.0,-48054,11333.0
JAPANESE YEN - CHICAGO MERCANTILE EXCHANGE,2015-03-24,39156,85061,-5340.0,-7489.0,181026,-14887.0,-45905,2149.0
JAPANESE YEN - CHICAGO MERCANTILE EXCHANGE,2015-03-31,44409,68333,5253.0,-16728.0,177478,-3548.0,-23924,21981.0
JAPANESE YEN - CHICAGO MERCANTILE EXCHANGE,2015-04-07,53320,77769,8911.0,9436.0,189444,11966.0,-24449,-525.0
JAPANESE YEN - CHICAGO MERCANTILE EXCHANGE,2015-04-14,54783,77853,1463.0,84.0,195230,5786.0,-23070,1379.0
JAPANESE YEN - CHICAGO MERCANTILE EXCHANGE,2015-04-21,51520,65968,-3263.0,-11885.0,189332,-5898.0,-14448,8622.0
JAPANESE YEN - CHICAGO MERCANTILE EXCHANGE,2015-04-28,48721,54214,-2799.0,-11754.0,188079,-1253.0,-5493,8955.0
JAPANESE YEN - CHICAGO MERCANTILE EXCHANGE,2015-05-05,41852,73035,-6869.0,18821.0,198886,10807.0,-31183,-25690.0
JAPANESE YEN - CHICAGO MERCANTILE EXCHANGE,2015-05-12,37848,61441,-4004.0,-11594.0,193296,-5590.0,-23593,7590.0
JAPANESE YEN - CHICAGO MERCANTILE EXCHANGE,2015-05-19,63398,85403,25550.0,23962.0,231658,38362.0,-22005,1588.0
JAPANESE YEN - CHICAGO MERCANTILE EXCHANGE,2015-05-26,50210,112434,-13188.0,27031.0,251744,20086.0,-62224,-40219.0
JAPANESE YEN - CHICAGO MERCANTILE EXCHANGE,2015-06-02,46681,132374,-3529.0,19940.0,260104,8360.0,-85693,-23469.0
JAPANESE YEN - CHICAGO MERCANTILE EXCHANGE,2015-06-09,42440,158726,-4241.0,26352.0,306449,46345.0,-116286,-30593.0
JAPANESE YEN - CHICAGO MERCANTILE EXCHANGE,2015-06-16,64760,145424,22320.0,-13302.0,262329,-44120.0,-80664,35622.0
JAPANESE YEN - CHICAGO MERCANTILE EXCHANGE,2015-06-23,39019,126736,-25741.0,-18688.0,247839,-14490.0,-87717,-7053.0
JAPANESE YEN - CHICAGO MERCANTILE EXCHANGE,2015-06-30,45479,124301,6460.0,-2435.0,254014,6175.0,-78822,8895.0
JAPANESE YEN - CHICAGO MERCANTILE EXCHANGE,2015-07-07,46070,109699,591.0,-14602.0,250828,-3186.0,-63629,15193.0
JAPANESE YEN - CHICAGO MERCANTILE EXCHANGE,2015-07-14,49167,96538,3097.0,-13161.0,247704,-3124.0,-47371,16258.0
JAPANESE YEN - CHICAGO MERCANTILE EXCHANGE,2015-07-21,50899,113213,1732.0,16675.0,251136,3432.0,-62314,-14943.0
JAPANESE YEN - CHICAGO MERCANTILE EXCHANGE,2015-07-28,46270,109808,-4629.0,-3405.0,246269,-4867.0,-63538,-1224.0
JAPANESE YEN - CHICAGO MERCANTILE EXCHANGE,2015-08-04,49906,129622,3636.0,19814.0,252655,6386.0,-79716,-16178.0
JAPANESE YEN - CHICAGO MERCANTILE EXCHANGE,2015-08-11,45768,150994,-4138.0,21372.0,264608,11953.0,-105226,-25510.0
JAPANESE YEN - CHICAGO MERCANTILE EXCHANGE,2015-08-18,45935,136065,167.0,-14929.0,251418,-13190.0,-90130,15096.0
JAPANESE YEN - CHICAGO MERCANTILE EXCHANGE,2015-08-25,59922,98981,13987.0,-37084.0,260458,9040.0,-39059,51071.0
JAPANESE YEN - CHICAGO MERCANTILE EXCHANGE,2015-09-01,68023,83578,8101.0,-15403.0,273205,12747.0,-15555,23504.0
JAPANESE YEN - CHICAGO MERCANTILE EXCHANGE,2015-09-08,63121,69783,-4902.0,-13795.0,279712,6507.0,-6662,8893.0
JAPANESE YEN - CHICAGO MERCANTILE EXCHANGE,2015-09-15,36449,63263,-26672.0,-6520.0,166081,-113631.0,-26814,-20152.0
JAPANESE YEN - CHICAGO MERCANTILE EXCHANGE,2015-09-22,48282,71960,11833.0,8697.0,177439,11358.0,-23678,3136.0
JAPANESE YEN - CHICAGO MERCANTILE EXCHANGE,2015-09-29,39753,61805,-8529.0,-10155.0,174697,-2742.0,-22052,1626.0
JAPANESE YEN - CHICAGO MERCANTILE EXCHANGE,2015-10-06,39050,56649,-703.0,-5156.0,170780,-3917.0,-17599,4453.0
JAPANESE YEN - CHICAGO MERCANTILE EXCHANGE,2015-10-13,38004,51836,-1046.0,-4813.0,169873,-907.0,-13832,3767.0
JAPANESE YEN - CHICAGO MERCANTILE EXCHANGE,2015-10-20,48747,52386,10743.0,550.0,184281,14408.0,-3639,10193.0
JAPANESE YEN - CHICAGO MERCANTILE EXCHANGE,2015-10-27,36437,70348,-12310.0,17962.0,189472,5191.0,-33911,-30272.0
JAPANESE YEN - CHICAGO MERCANTILE EXCHANGE,2015-11-03,41489,85276,5052.0,14928.0,204271,14799.0,-43787,-9876.0
JAPANESE YEN - CHICAGO MERCANTILE EXCHANGE,2015-11-10,35081,101969,-6408.0,16693.0,234202,29931.0,-66888,-23101.0
JAPANESE YEN - CHICAGO MERCANTILE EXCHANGE,2015-11-17,34475,113086,-606.0,11117.0,250346,16144.0,-78611,-11723.0
JAPANESE YEN - CHICAGO MERCANTILE EXCHANGE,2015-11-24,30277,107613,-4198.0,-5473.0,247513,-2833.0,-77336,1275.0
JAPANESE YEN - CHICAGO MERCANTILE EXCHANGE,2015-12-01,31228,106129,951.0,-1484.0,253505,5992.0,-74901,2435.0
JAPANESE YEN - CHICAGO MERCANTILE EXCHANGE,2015-12-08,26400,94450,-4828.0,-11679.0,246055,-7450.0,-68050,6851.0
JAPANESE YEN - CHICAGO MERCANTILE EXCHANGE,2015-12-15,37301,63881,10901.0,-30569.0,194196,-51859.0,-26580,41470.0
JAPANESE YEN - CHICAGO MERCANTILE EXCHANGE,2015-12-22,37677,68044,376.0,4163.0,197375,3179.0,-30367,-3787.0
JAPANESE YEN - CHICAGO MERCANTILE EXCHANGE,2015-12-29,45008,62234,7331.0,-5810.0,196825,-550.0,-17226,13141.0
JAPANESE YEN - CHICAGO MERCANTILE EXCHANGE,2016-01-05,67471,63368,22463.0,1134.0,220707,23882.0,4103,21329.0
JAPANESE YEN - CHICAGO MERCANTILE EXCHANGE,2016-01-12,78385,53119,10914.0,-10249.0,241366,20659.0,25266,21163.0
JAPANESE YEN - CHICAGO MERCANTILE EXCHANGE,2016-01-19,84485,46832,6100.0,-6287.0,247614,6248.0,37653,12387.0
JAPANESE YEN - CHICAGO MERCANTILE EXCHANGE,2016-01-26,92628,42602,8143.0,-4230.0,250711,3097.0,50026,12373.0
JAPANESE YEN - CHICAGO MERCANTILE EXCHANGE,2016-02-02,82108,44863,-10520.0,2261.0,237289,-13422.0,37245,-12781.0
JAPANESE YEN - CHICAGO MERCANTILE EXCHANGE,2016-02-09,75811,32579,-6297.0,-12284.0,237081,-208.0,43232,5987.0
JAPANESE YEN - CHICAGO MERCANTILE EXCHANGE,2016-02-16,84518,36617,8707.0,4038.0,248985,11904.0,47901,4669.0
JAPANESE YEN - CHICAGO MERCANTILE EXCHANGE,2016-02-23,92376,39642,7858.0,3025.0,257064,8079.0,52734,4833.0
JAPANESE YEN - CHICAGO MERCANTILE EXCHANGE,2016-03-01,94070,34445,1694.0,-5197.0,261679,4615.0,59625,6891.0
JAPANESE YEN - CHICAGO MERCANTILE EXCHANGE,2016-03-08,93867,29534,-203.0,-4911.0,289879,28200.0,64333,4708.0
JAPANESE YEN - CHICAGO MERCANTILE EXCHANGE,2016-03-15,79426,33937,-14441.0,4403.0,140084,-149795.0,45489,-18844.0
JAPANESE YEN - CHICAGO MERCANTILE EXCHANGE,2016-03-22,82812,29466,3386.0,-4471.0,146421,6337.0,53346,7857.0
JAPANESE YEN - CHICAGO MERCANTILE EXCHANGE,2016-03-29,84870,30483,2058.0,1017.0,148292,1871.0,54387,1041.0
JAPANESE YEN - CHICAGO MERCANTILE EXCHANGE,2016-04-05,98130,38057,13260.0,7574.0,166831,18539.0,60073,5686.0
JAPANESE YEN - CHICAGO MERCANTILE EXCHANGE,2016-04-12,100120,33930,1990.0,-4127.0,173515,6684.0,66190,6117.0
JAPANESE YEN - CHICAGO MERCANTILE EXCHANGE,2016-04-19,105710,33840,5590.0,-90.0,179888,6373.0,71870,5680.0
JAPANESE YEN - CHICAGO MERCANTILE EXCHANGE,2016-04-26,97470,30972,-8240.0,-2868.0,168767,-11121.0,66498,-5372.0
JAPANESE YEN - CHICAGO MERCANTILE EXCHANGE,2016-05-03,85627,24106,-11843.0,-6866.0,161529,-7238.0,61521,-4977.0
JAPANESE YEN - CHICAGO MERCANTILE EXCHANGE,2016-05-10,88897,29850,3270.0,5744.0,165549,4020.0,59047,-2474.0
JAPANESE YEN - CHICAGO MERCANTILE EXCHANGE,2016-05-17,86165,27246,-2732.0,-2604.0,158909,-6640.0,58919,-128.0
JAPANESE YEN - CHICAGO MERCANTILE EXCHANGE,2016-05-24,54792,32733,-31373.0,5487.0,159833,924.0,22059,-36860.0
JAPANESE YEN - CHICAGO MERCANTILE EXCHANGE,2016-05-31,46964,32127,-7828.0,-606.0,156499,-3334.0,14837,-7222.0
JAPANESE YEN - CHICAGO MERCANTILE EXCHANGE,2016-06-07,68237,25384,21273.0,-6743.0,180894,24395.0,42853,28016.0
JAPANESE YEN - CHICAGO MERCANTILE EXCHANGE,2016-06-14,77703,22013,9466.0,-3371.0,139052,-41842.0,55690,12837.0
JAPANESE YEN - CHICAGO MERCANTILE EXCHANGE,2016-06-21,79398,27102,1695.0,5089.0,144710,5658.0,52296,-3394.0
JAPANESE YEN - CHICAGO MERCANTILE EXCHANGE,2016-06-28,85493,25743,6095.0,-1359.0,143117,-1593.0,59750,7454.0
JAPANESE YEN - CHICAGO MERCANTILE EXCHANGE,2016-07-05,87037,23469,1544.0,-2274.0,150417,7300.0,63568,3818.0
JAPANESE YEN - CHICAGO MERCANTILE EXCHANGE,2016-07-12,85364,37819,-1673.0,14350.0,161262,10845.0,47545,-16023.0
JAPANESE YEN - CHICAGO MERCANTILE EXCHANGE,2016-07-19,79864,40511,-5500.0,2692.0,158366,-2896.0,39353,-8192.0
JAPANESE YEN - CHICAGO MERCANTILE EXCHANGE,2016-07-26,74074,39116,-5790.0,-1395.0,159869,1503.0,34958,-4395.0
JAPANESE YEN - CHICAGO MERCANTILE EXCHANGE,2016-08-02,76575,34875,2501.0,-4241.0,156696,-3173.0,41700,6742.0
JAPANESE YEN - CHICAGO MERCANTILE EXCHANGE,2016-08-09,86719,37888,10144.0,3013.0,167011,10315.0,48831,7131.0
JAPANESE YEN - CHICAGO MERCANTILE EXCHANGE,2016-08-16,88273,32267,1554.0,-5621.0,165905,-1106.0,56006,7175.0
JAPANESE YEN - CHICAGO MERCANTILE EXCHANGE,2016-08-23,90387,30071,2114.0,-2196.0,164756,-1149.0,60316,4310.0
JAPANESE YEN - CHICAGO MERCANTILE EXCHANGE,2016-08-30,91570,27909,1183.0,-2162.0,164329,-427.0,63661,3345.0
JAPANESE YEN - CHICAGO MERCANTILE EXCHANGE,2016-09-06,83968,29479,-7602.0,1570.0,159342,-4987.0,54489,-9172.0
JAPANESE YEN - CHICAGO MERCANTILE EXCHANGE,2016-09-13,86140,29294,2172.0,-185.0,167340,7998.0,56846,2357.0
JAPANESE YEN - CHICAGO MERCANTILE EXCHANGE,2016-09-20,85117,26332,-1023.0,-2962.0,140738,-26602.0,58785,1939.0
JAPANESE YEN - CHICAGO MERCANTILE EXCHANGE,2016-09-27,97432,28540,12315.0,2208.0,155170,14432.0,68892,10107.0
JAPANESE YEN - CHICAGO MERCANTILE EXCHANGE,2016-10-04,101986,33291,4554.0,4751.0,157574,2404.0,68695,-197.0
JAPANESE YEN - CHICAGO MERCANTILE EXCHANGE,2016-10-11,79279,33370,-22707.0,79.0,150394,-7180.0,45909,-22786.0
JAPANESE YEN - CHICAGO MERCANTILE EXCHANGE,2016-10-18,74966,37975,-4313.0,4605.0,156607,6213.0,36991,-8918.0
JAPANESE YEN - CHICAGO MERCANTILE EXCHANGE,2016-10-25,82385,37790,7419.0,-185.0,163040,6433.0,44595,7604.0
JAPANESE YEN - CHICAGO MERCANTILE EXCHANGE,2016-11-01,81010,37850,-1375.0,60.0,165124,2084.0,43160,-1435.0
JAPANESE YEN - CHICAGO MERCANTILE EXCHANGE,2016-11-08,72619,40663,-8391.0,2813.0,164328,-796.0,31956,-11204.0
JAPANESE YEN - CHICAGO MERCANTILE EXCHANGE,2016-11-15,67085,46409,-5534.0,5746.0,170967,6639.0,20676,-11280.0
JAPANESE YEN - CHICAGO MERCANTILE EXCHANGE,2016-11-22,71183,60283,4098.0,13874.0,187684,16717.0,10900,-9776.0
JAPANESE YEN - CHICAGO MERCANTILE EXCHANGE,2016-11-29,72124,72393,941.0,12110.0,202171,14487.0,-269,-11169.0
JAPANESE YEN - CHICAGO MERCANTILE EXCHANGE,2016-12-06,74367,108304,2243.0,35911.0,235915,33744.0,-33937,-33668.0
JAPANESE YEN - CHICAGO MERCANTILE EXCHANGE,2016-12-13,62432,125861,-11935.0,17557.0,285274,49359.0,-63429,-29492.0
JAPANESE YEN - CHICAGO MERCANTILE EXCHANGE,2016-12-20,64200,139649,1768.0,13788.0,220435,-64839.0,-75449,-12020.0
JAPANESE YEN - CHICAGO MERCANTILE EXCHANGE,2016-12-27,40565,127574,-23635.0,-12075.0,219343,-1092.0,-87009,-11560.0
JAPANESE YEN - CHICAGO MERCANTILE EXCHANGE,2017-01-03,37962,124726,-2603.0,-2848.0,220120,777.0,-86764,245.0
JAPANESE YEN - CHICAGO MERCANTILE EXCHANGE,2017-01-10,26041,105880,-11921.0,-18846.0,209488,-10632.0,-79839,6925.0
JAPANESE YEN - CHICAGO MERCANTILE EXCHANGE,2017-01-17,28560,106390,2519.0,510.0,211752,2264.0,-77830,2009.0
JAPANESE YEN - CHICAGO MERCANTILE EXCHANGE,2017-01-24,27127,93967,-1433.0,-12423.0,196765,-14987.0,-66840,10990.0
JAPANESE YEN - CHICAGO MERCANTILE EXCHANGE,2017-01-31,32216,90547,5089.0,-3420.0,204494,7729.0,-58331,8509.0
JAPANESE YEN - CHICAGO MERCANTILE EXCHANGE,2017-02-07,25874,80934,-6342.0,-9613.0,201632,-2862.0,-55060,3271.0
JAPANESE YEN - CHICAGO MERCANTILE EXCHANGE,2017-02-14,27701,78985,1827.0,-1949.0,204277,2645.0,-51284,3776.0
JAPANESE YEN - CHICAGO MERCANTILE EXCHANGE,2017-02-21,29954,80116,2253.0,1131.0,205223,946.0,-50162,1122.0
JAPANESE YEN - CHICAGO MERCANTILE EXCHANGE,2017-02-28,29012,79029,-942.0,-1087.0,204602,-621.0,-50017,145.0
JAPANESE YEN - CHICAGO MERCANTILE EXCHANGE,2017-03-07,39203,93903,10191.0,14874.0,217982,13380.0,-54700,-4683.0
JAPANESE YEN - CHICAGO MERCANTILE EXCHANGE,2017-03-14,35563,106860,-3640.0,12957.0,202647,-15335.0,-71297,-16597.0
JAPANESE YEN - CHICAGO MERCANTILE EXCHANGE,2017-03-21,35039,102026,-524.0,-4834.0,191626,-11021.0,-66987,4310.0
JAPANESE YEN - CHICAGO MERCANTILE EXCHANGE,2017-03-28,42886,96067,7847.0,-5959.0,197542,5916.0,-53181,13806.0
JAPANESE YEN - CHICAGO MERCANTILE EXCHANGE,2017-04-04,41313,87113,-1573.0,-8954.0,194368,-3174.0,-45800,7381.0
JAPANESE YEN - CHICAGO MERCANTILE EXCHANGE,2017-04-11,43316,78080,2003.0,-9033.0,198381,4013.0,-34764,11036.0
JAPANESE YEN - CHICAGO MERCANTILE EXCHANGE,2017-04-18,45761,76224,2445.0,-1856.0,203617,5236.0,-30463,4301.0
JAPANESE YEN - CHICAGO MERCANTILE EXCHANGE,2017-04-25,48538,75407,2777.0,-817.0,204179,562.0,-26869,3594.0
JAPANESE YEN - CHICAGO MERCANTILE EXCHANGE,2017-05-02,37519,68002,-11019.0,-7405.0,196845,-7334.0,-30483,-3614.0
JAPANESE YEN - CHICAGO MERCANTILE EXCHANGE,2017-05-09,42635,78942,5116.0,10940.0,203140,6295.0,-36307,-5824.0
JAPANESE YEN - CHICAGO MERCANTILE EXCHANGE,2017-05-16,41963,101971,-672.0,23029.0,222510,19370.0,-60008,-23701.0
JAPANESE YEN - CHICAGO MERCANTILE EXCHANGE,2017-05-23,41920,93576,-43.0,-8395.0,211298,-11212.0,-51656,8352.0
JAPANESE YEN - CHICAGO MERCANTILE EXCHANGE,2017-05-30,43404,95679,1484.0,2103.0,213727,2429.0,-52275,-619.0
JAPANESE YEN - CHICAGO MERCANTILE EXCHANGE,2017-06-06,39736,94763,-3668.0,-916.0,225549,11822.0,-55027,-2752.0
JAPANESE YEN - CHICAGO MERCANTILE EXCHANGE,2017-06-13,34160,84713,-5576.0,-10050.0,210617,-14932.0,-50553,4474.0
JAPANESE YEN - CHICAGO MERCANTILE EXCHANGE,2017-06-20,39498,89457,5338.0,4744.0,171840,-38777.0,-49959,594.0
JAPANESE YEN - CHICAGO MERCANTILE EXCHANGE,2017-06-27,38254,99604,-1244.0,10147.0,183705,11865.0,-61350,-11391.0
JAPANESE YEN - CHICAGO MERCANTILE EXCHANGE,2017-07-03,43648,118684,5394.0,19080.0,207597,23892.0,-75036,-13686.0
JAPANESE YEN - CHICAGO MERCANTILE EXCHANGE,2017-07-11,40778,152903,-2870.0,34219.0,239786,32189.0,-112125,-37089.0
JAPANESE YEN - CHICAGO MERCANTILE EXCHANGE,2017-07-18,37419,164338,-3359.0,11435.0,250071,10285.0,-126919,-14794.0
JAPANESE YEN - CHICAGO MERCANTILE EXCHANGE,2017-07-25,28018,149507,-9401.0,-14831.0,235140,-14931.0,-121489,5430.0
JAPANESE YEN - CHICAGO MERCANTILE EXCHANGE,2017-08-01,36445,148641,8427.0,-866.0,242876,7736.0,-112196,9293.0
JAPANESE YEN - CHICAGO MERCANTILE EXCHANGE,2017-08-08,39810,135623,3365.0,-13018.0,232827,-10049.0,-95813,16383.0
JAPANESE YEN - CHICAGO MERCANTILE EXCHANGE,2017-08-15,43308,120800,3498.0,-14823.0,215090,-17737.0,-77492,18321.0
JAPANESE YEN - CHICAGO MERCANTILE EXCHANGE,2017-08-22,45162,119248,1854.0,-1552.0,215457,367.0,-74086,3406.0
JAPANESE YEN - CHICAGO MERCANTILE EXCHANGE,2017-08-29,43889,112413,-1273.0,-6835.0,209890,-5567.0,-68524,5562.0
JAPANESE YEN - CHICAGO MERCANTILE EXCHANGE,2017-09-05,47285,120230,3396.0,7817.0,213200,3310.0,-72945,-4421.0
JAPANESE YEN - CHICAGO MERCANTILE EXCHANGE,2017-09-12,40642,97939,-6643.0,-22291.0,200444,-12756.0,-57297,15648.0
JAPANESE YEN - CHICAGO MERCANTILE EXCHANGE,2017-09-19,42435,93757,1793.0,-4182.0,185352,-15092.0,-51322,5975.0
JAPANESE YEN - CHICAGO MERCANTILE EXCHANGE,2017-09-26,42963,114310,528.0,20553.0,207097,21745.0,-71347,-20025.0
JAPANESE YEN - CHICAGO MERCANTILE EXCHANGE,2017-10-03,58770,143413,15807.0,29103.0,246889,39792.0,-84643,-13296.0
JAPANESE YEN - CHICAGO MERCANTILE EXCHANGE,2017-10-10,51655,153074,-7115.0,9661.0,254124,7235.0,-101419,-16776.0
JAPANESE YEN - CHICAGO MERCANTILE EXCHANGE,2017-10-17,55010,156296,3355.0,3222.0,257087,2963.0,-101286,133.0
JAPANESE YEN - CHICAGO MERCANTILE EXCHANGE,2017-10-24,60077,176934,5067.0,20638.0,282230,25143.0,-116857,-15571.0
JAPANESE YEN - CHICAGO MERCANTILE EXCHANGE,2017-10-31,54585,173454,-5492.0,-3480.0,277706,-4524.0,-118869,-2012.0
JAPANESE YEN - CHICAGO MERCANTILE EXCHANGE,2017-11-07,54336,182184,-249.0,8730.0,287936,10230.0,-127848,-8979.0
JAPANESE YEN - CHICAGO MERCANTILE EXCHANGE,2017-11-14,49347,185346,-4989.0,3162.0,283628,-4308.0,-135999,-8151.0
JAPANESE YEN - CHICAGO MERCANTILE EXCHANGE,2017-11-21,44382,166984,-4965.0,-18362.0,261019,-22609.0,-122602,13397.0
JAPANESE YEN - CHICAGO MERCANTILE EXCHANGE,2017-11-28,39793,150433,-4589.0,-16551.0,244536,-16483.0,-110640,11962.0
JAPANESE YEN - CHICAGO MERCANTILE EXCHANGE,2017-12-05,34766,149033,-5027.0,-1400.0,238077,-6459.0,-114267,-3627.0
JAPANESE YEN - CHICAGO MERCANTILE EXCHANGE,2017-12-12,31747,145870,-3019.0,-3163.0,250581,12504.0,-114123,144.0
JAPANESE YEN - CHICAGO MERCANTILE EXCHANGE,2017-12-19,36874,151247,5127.0,5377.0,223424,-27157.0,-114373,-250.0
JAPANESE YEN - CHICAGO MERCANTILE EXCHANGE,2017-12-26,44269,160355,7395.0,9108.0,232428,9004.0,-116086,-1713.0
JAPANESE YEN - CHICAGO MERCANTILE EXCHANGE,2018-01-02,39592,161358,-4677.0,1003.0,230564,-1864.0,-121766,-5680.0
JAPANESE YEN - CHICAGO MERCANTILE EXCHANGE,2018-01-09,37376,162912,-2216.0,1554.0,233144,2580.0,-125536,-3770.0
JAPANESE YEN - CHICAGO MERCANTILE EXCHANGE,2018-01-16,38152,157502,776.0,-5410.0,236305,3161.0,-119350,6186.0
JAPANESE YEN - CHICAGO MERCANTILE EXCHANGE,2018-01-23,37260,160130,-892.0,2628.0,241136,4831.0,-122870,-3520.0
JAPANESE YEN - CHICAGO MERCANTILE EXCHANGE,2018-01-30,47828,162524,10568.0,2394.0,260237,19101.0,-114696,8174.0
JAPANESE YEN - CHICAGO MERCANTILE EXCHANGE,2018-02-06,39108,151984,-8720.0,-10540.0,249478,-10759.0,-112876,1820.0
JAPANESE YEN - CHICAGO MERCANTILE EXCHANGE,2018-02-13,42299,157808,3191.0,5824.0,260170,10692.0,-115509,-2633.0
JAPANESE YEN - CHICAGO MERCANTILE EXCHANGE,2018-02-20,45634,153972,3335.0,-3836.0,271271,11101.0,-108338,7171.0
JAPANESE YEN - CHICAGO MERCANTILE EXCHANGE,2018-02-27,44539,141190,-1095.0,-12782.0,263066,-8205.0,-96651,11687.0
JAPANESE YEN - CHICAGO MERCANTILE EXCHANGE,2018-03-06,50057,136902,5518.0,-4288.0,277327,14261.0,-86845,9806.0
JAPANESE YEN - CHICAGO MERCANTILE EXCHANGE,2018-03-13,44296,123835,-5761.0,-13067.0,279671,2344.0,-79539,7306.0
JAPANESE YEN - CHICAGO MERCANTILE EXCHANGE,2018-03-20,47902,69901,3606.0,-53934.0,160250,-119421.0,-21999,57540.0
JAPANESE YEN - CHICAGO MERCANTILE EXCHANGE,2018-03-27,56544,60212,8642.0,-9689.0,162038,1788.0,-3668,18331.0
JAPANESE YEN - CHICAGO MERCANTILE EXCHANGE,2018-04-03,48053,44481,-8491.0,-15731.0,148818,-13220.0,3572,7240.0
JAPANESE YEN - CHICAGO MERCANTILE EXCHANGE,2018-04-10,49855,47094,1802.0,2613.0,151202,2384.0,2761,-811.0
JAPANESE YEN - CHICAGO MERCANTILE EXCHANGE,2018-04-17,49433,46842,-422.0,-252.0,147319,-3883.0,2591,-170.0
JAPANESE YEN - CHICAGO MERCANTILE EXCHANGE,2018-04-24,59253,58670,9820.0,11828.0,155237,7918.0,583,-2008.0
JAPANESE YEN - CHICAGO MERCANTILE EXCHANGE,2018-05-01,57349,58754,-1904.0,84.0,160337,5100.0,-1405,-1988.0
JAPANESE YEN - CHICAGO MERCANTILE EXCHANGE,2018-05-08,51812,57274,-5537.0,-1480.0,157576,-2761.0,-5462,-4057.0
JAPANESE YEN - CHICAGO MERCANTILE EXCHANGE,2018-05-15,64926,61246,13114.0,3972.0,163411,5835.0,3680,9142.0
JAPANESE YEN - CHICAGO MERCANTILE EXCHANGE,2018-05-22,73836,76603,8910.0,15357.0,175316,11905.0,-2767,-6447.0
JAPANESE YEN - CHICAGO MERCANTILE EXCHANGE,2018-05-29,63182,71218,-10654.0,-5385.0,171339,-3977.0,-8036,-5269.0
JAPANESE YEN - CHICAGO MERCANTILE EXCHANGE,2018-06-05,52060,55497,-11122.0,-15721.0,146448,-24891.0,-3437,4599.0
JAPANESE YEN - CHICAGO MERCANTILE EXCHANGE,2018-06-12,60609,55557,8549.0,60.0,166877,20429.0,5052,8489.0
JAPANESE YEN - CHICAGO MERCANTILE EXCHANGE,2018-06-19,46565,82127,-14044.0,26570.0,154641,-12236.0,-35562,-40614.0
JAPANESE YEN - CHICAGO MERCANTILE EXCHANGE,2018-06-26,44430,78651,-2135.0,-3476.0,153566,-1075.0,-34221,1341.0
JAPANESE YEN - CHICAGO MERCANTILE EXCHANGE,2018-07-03,49990,88720,5560.0,10069.0,168360,14794.0,-38730,-4509.0
JAPANESE YEN - CHICAGO MERCANTILE EXCHANGE,2018-07-10,60563,100395,10573.0,11675.0,182066,13706.0,-39832,-1102.0
JAPANESE YEN - CHICAGO MERCANTILE EXCHANGE,2018-07-17,77021,135671,16458.0,35276.0,215413,33347.0,-58650,-18818.0
JAPANESE YEN - CHICAGO MERCANTILE EXCHANGE,2018-07-24,49993,123762,-27028.0,-11909.0,200427,-14986.0,-73769,-15119.0
JAPANESE YEN - CHICAGO MERCANTILE EXCHANGE,2018-07-31,48016,116473,-1977.0,-7289.0,197566,-2861.0,-68457,5312.0
JAPANESE YEN - CHICAGO MERCANTILE EXCHANGE,2018-08-07,46136,108943,-1880.0,-7530.0,187902,-9664.0,-62807,5650.0
JAPANESE YEN - CHICAGO MERCANTILE EXCHANGE,2018-08-14,49369,107737,3233.0,-1206.0,185834,-2068.0,-58368,4439.0
JAPANESE YEN - CHICAGO MERCANTILE EXCHANGE,2018-08-21,54116,101522,4747.0,-6215.0,189698,3864.0,-47406,10962.0
JAPANESE YEN - CHICAGO MERCANTILE EXCHANGE,2018-08-28,50230,96271,-3886.0,-5251.0,185082,-4616.0,-46041,1365.0
JAPANESE YEN - CHICAGO MERCANTILE EXCHANGE,2018-09-04,47572,99504,-2658.0,3233.0,185347,265.0,-51932,-5891.0
JAPANESE YEN - CHICAGO MERCANTILE EXCHANGE,2018-09-11,48057,101943,485.0,2439.0,193428,8081.0,-53886,-1954.0
JAPANESE YEN - CHICAGO MERCANTILE EXCHANGE,2018-09-18,49752,113507,1695.0,11564.0,200221,6793.0,-63755,-9869.0
JAPANESE YEN - CHICAGO MERCANTILE EXCHANGE,2018-09-25,47253,131972,-2499.0,18465.0,215376,15155.0,-84719,-20964.0
JAPANESE YEN - CHICAGO MERCANTILE EXCHANGE,2018-10-02,56074,170120,8821.0,38148.0,252277,36901.0,-114046,-29327.0
JAPANESE YEN - CHICAGO MERCANTILE EXCHANGE,2018-10-09,47034,162235,-9040.0,-7885.0,253374,1097.0,-115201,-1155.0
JAPANESE YEN - CHICAGO MERCANTILE EXCHANGE,2018-10-16,30096,130717,-16938.0,-31518.0,211210,-42164.0,-100621,14580.0
JAPANESE YEN - CHICAGO MERCANTILE EXCHANGE,2018-10-23,29922,122726,-174.0,-7991.0,205643,-5567.0,-92804,7817.0
JAPANESE YEN - CHICAGO MERCANTILE EXCHANGE,2018-10-30,28854,120474,-1068.0,-2252.0,203113,-2530.0,-91620,1184.0
JAPANESE YEN - CHICAGO MERCANTILE EXCHANGE,2018-11-06,33060,122182,4206.0,1708.0,209453,6340.0,-89122,2498.0
JAPANESE YEN - CHICAGO MERCANTILE EXCHANGE,2018-11-13,40192,142486,7132.0,20304.0,231730,22277.0,-102294,-13172.0
JAPANESE YEN - CHICAGO MERCANTILE EXCHANGE,2018-11-20,33462,133527,-6730.0,-8959.0,223144,-8586.0,-100065,2229.0
JAPANESE YEN - CHICAGO MERCANTILE EXCHANGE,2018-11-27,35817,140141,2355.0,6614.0,231711,8567.0,-104324,-4259.0
JAPANESE YEN - CHICAGO MERCANTILE EXCHANGE,2018-12-04,32717,142483,-3100.0,2342.0,226835,-4876.0,-109766,-5442.0
JAPANESE YEN - CHICAGO MERCANTILE EXCHANGE,2018-12-11,25495,123101,-7222.0,-19382.0,213055,-13780.0,-97606,12160.0
JAPANESE YEN - CHICAGO MERCANTILE EXCHANGE,2018-12-18,26957,129728,1462.0,6627.0,214868,1813.0,-102771,-5165.0
JAPANESE YEN - CHICAGO MERCANTILE EXCHANGE,2018-12-24,33281,132370,6324.0,2642.0,224458,9590.0,-99089,3682.0
JAPANESE YEN - CHICAGO MERCANTILE EXCHANGE,2018-12-31,32712,121335,-569.0,-11035.0,216224,-8234.0,-88623,10466.0
JAPANESE YEN - CHICAGO MERCANTILE EXCHANGE,2019-01-08,42727,104041,10015.0,-17294.0,230524,14300.0,-61314,27309.0
JAPANESE YEN - CHICAGO MERCANTILE EXCHANGE,2019-01-15,38686,85107,-4041.0,-18934.0,229295,-1229.0,-46421,14893.0
JAPANESE YEN - CHICAGO MERCANTILE EXCHANGE,2019-01-22,28403,68070,-10283.0,-17037.0,212563,-16732.0,-39667,6754.0
JAPANESE YEN - CHICAGO MERCANTILE EXCHANGE,2019-01-29,27001,60346,-1402.0,-7724.0,204816,-7747.0,-33345,6322.0
JAPANESE YEN - CHICAGO MERCANTILE EXCHANGE,2019-02-05,20752,52162,-6249.0,-8184.0,192789,-12027.0,-31410,1935.0
JAPANESE YEN - CHICAGO MERCANTILE EXCHANGE,2019-02-12,24541,55283,3789.0,3121.0,185725,-7064.0,-30742,668.0
JAPANESE YEN - CHICAGO MERCANTILE EXCHANGE,2019-02-19,24844,62305,303.0,7022.0,184023,-1702.0,-37461,-6719.0
JAPANESE YEN - CHICAGO MERCANTILE EXCHANGE,2019-02-26,27365,67019,2521.0,4714.0,186158,2135.0,-39654,-2193.0
JAPANESE YEN - CHICAGO MERCANTILE EXCHANGE,2019-03-05,33421,84727,6056.0,17708.0,207083,20925.0,-51306,-11652.0
JAPANESE YEN - CHICAGO MERCANTILE EXCHANGE,2019-03-12,22144,80925,-11277.0,-3802.0,196766,-10317.0,-58781,-7475.0
JAPANESE YEN - CHICAGO MERCANTILE EXCHANGE,2019-03-19,20081,79302,-2063.0,-1623.0,158074,-38692.0,-59221,-440.0
JAPANESE YEN - CHICAGO MERCANTILE EXCHANGE,2019-03-26,18323,80444,-1758.0,1142.0,157145,-929.0,-62121,-2900.0
JAPANESE YEN - CHICAGO MERCANTILE EXCHANGE,2019-04-02,20462,83203,2139.0,2759.0,156838,-307.0,-62741,-620.0
JAPANESE YEN - CHICAGO MERCANTILE EXCHANGE,2019-04-09,19914,91434,-548.0,8231.0,165736,8898.0,-71520,-8779.0
JAPANESE YEN - CHICAGO MERCANTILE EXCHANGE,2019-04-16,31807,118913,11893.0,27479.0,200018,34282.0,-87106,-15586.0
JAPANESE YEN - CHICAGO MERCANTILE EXCHANGE,2019-04-23,28121,122535,-3686.0,3622.0,207316,7298.0,-94414,-7308.0
JAPANESE YEN - CHICAGO MERCANTILE EXCHANGE,2019-04-30,20578,120177,-7543.0,-2358.0,203323,-3993.0,-99599,-5185.0
JAPANESE YEN - CHICAGO MERCANTILE EXCHANGE,2019-05-07,25869,117586,5291.0,-2591.0,201462,-1861.0,-91717,7882.0
JAPANESE YEN - CHICAGO MERCANTILE EXCHANGE,2019-05-14,35915,97495,10046.0,-20091.0,180573,-20889.0,-61580,30137.0
JAPANESE YEN - CHICAGO MERCANTILE EXCHANGE,2019-05-21,27540,82732,-8375.0,-14763.0,170834,-9739.0,-55192,6388.0
JAPANESE YEN - CHICAGO MERCANTILE EXCHANGE,2019-05-28,25803,81380,-1737.0,-1352.0,169790,-1044.0,-55577,-385.0
JAPANESE YEN - CHICAGO MERCANTILE EXCHANGE,2019-06-04,27437,71826,1634.0,-9554.0,167810,-1980.0,-44389,11188.0
JAPANESE YEN - CHICAGO MERCANTILE EXCHANGE,2019-06-11,20786,65951,-6651.0,-5875.0,169387,1577.0,-45165,-776.0
JAPANESE YEN - CHICAGO MERCANTILE EXCHANGE,2019-06-18,28169,44734,7383.0,-21217.0,123629,-45758.0,-16565,28600.0
JAPANESE YEN - CHICAGO MERCANTILE EXCHANGE,2019-06-25,31090,41237,2921.0,-3497.0,139439,15810.0,-10147,6418.0
JAPANESE YEN - CHICAGO MERCANTILE EXCHANGE,2019-07-02,34198,35425,3108.0,-5812.0,139355,-84.0,-1227,8920.0
JAPANESE YEN - CHICAGO MERCANTILE EXCHANGE,2019-07-09,35346,38997,1148.0,3572.0,135737,-3618.0,-3651,-2424.0
JAPANESE YEN - CHICAGO MERCANTILE EXCHANGE,2019-07-16,32905,44285,-2441.0,5288.0,130304,-5433.0,-11380,-7729.0
JAPANESE YEN - CHICAGO MERCANTILE EXCHANGE,2019-07-23,34642,44019,1737.0,-266.0,136245,5941.0,-9377,2003.0
JAPANESE YEN - CHICAGO MERCANTILE EXCHANGE,2019-07-30,37028,41246,2386.0,-2773.0,138842,2597.0,-4218,5159.0
JAPANESE YEN - CHICAGO MERCANTILE EXCHANGE,2019-08-06,46225,35664,9197.0,-5582.0,153338,14496.0,10561,14779.0
JAPANESE YEN - CHICAGO MERCANTILE EXCHANGE,2019-08-13,51764,27022,5539.0,-8642.0,160271,6933.0,24742,14181.0
JAPANESE YEN - CHICAGO MERCANTILE EXCHANGE,2019-08-20,49984,18830,-1780.0,-8192.0,154662,-5609.0,31154,6412.0
JAPANESE YEN - CHICAGO MERCANTILE EXCHANGE,2019-08-27,59795,26188,9811.0,7358.0,157862,3200.0,33607,2453.0
JAPANESE YEN - CHICAGO MERCANTILE EXCHANGE,2019-09-03,57222,29540,-2573.0,3352.0,157788,-74.0,27682,-5925.0
JAPANESE YEN - CHICAGO MERCANTILE EXCHANGE,2019-09-10,56579,23988,-643.0,-5552.0,151397,-6391.0,32591,4909.0
JAPANESE YEN - CHICAGO MERCANTILE EXCHANGE,2019-09-17,50842,26980,-5737.0,2992.0,130940,-20457.0,23862,-8729.0
JAPANESE YEN - CHICAGO MERCANTILE EXCHANGE,2019-09-24,45759,32976,-5083.0,5996.0,142026,11086.0,12783,-11079.0
JAPANESE YEN - CHICAGO MERCANTILE EXCHANGE,2019-10-01,57893,43976,12134.0,11000.0,151860,9834.0,13917,1134.0
JAPANESE YEN - CHICAGO MERCANTILE EXCHANGE,2019-10-08,52803,41791,-5090.0,-2185.0,150019,-1841.0,11012,-2905.0
JAPANESE YEN - CHICAGO MERCANTILE EXCHANGE,2019-10-15,46416,53057,-6387.0,11266.0,157707,7688.0,-6641,-17653.0
JAPANESE YEN - CHICAGO MERCANTILE EXCHANGE,2019-10-22,41556,59721,-4860.0,6664.0,159250,1543.0,-18165,-11524.0
JAPANESE YEN - CHICAGO MERCANTILE EXCHANGE,2019-10-29,39185,58883,-2371.0,-838.0,163486,4236.0,-19698,-1533.0
JAPANESE YEN - CHICAGO MERCANTILE EXCHANGE,2019-11-05,43996,70601,4811.0,11718.0,177106,13620.0,-26605,-6907.0
JAPANESE YEN - CHICAGO MERCANTILE EXCHANGE,2019-11-12,43964,78961,-32.0,8360.0,183480,6374.0,-34997,-8392.0
JAPANESE YEN - CHICAGO MERCANTILE EXCHANGE,2019-11-19,45423,80454,1459.0,1493.0,182445,-1035.0,-35031,-34.0
JAPANESE YEN - CHICAGO MERCANTILE EXCHANGE,2019-11-26,49278,88869,3855.0,8415.0,196894,14449.0,-39591,-4560.0
JAPANESE YEN - CHICAGO MERCANTILE EXCHANGE,2019-12-03,48312,96135,-966.0,7266.0,214223,17329.0,-47823,-8232.0
JAPANESE YEN - CHICAGO MERCANTILE EXCHANGE,2019-12-10,41843,85525,-6469.0,-10610.0,198700,-15523.0,-43682,4141.0
JAPANESE YEN - CHICAGO MERCANTILE EXCHANGE,2019-12-17,43418,85480,1575.0,-45.0,178529,-20171.0,-42062,1620.0
JAPANESE YEN - CHICAGO MERCANTILE EXCHANGE,2019-12-24,40592,74134,-2826.0,-11346.0,173142,-5387.0,-33542,8520.0
JAPANESE YEN - CHICAGO MERCANTILE EXCHANGE,2019-12-31,43668,68970,3076.0,-5164.0,174966,1824.0,-25302,8240.0
JAPANESE YEN - CHICAGO MERCANTILE EXCHANGE,2020-01-07,47846,60094,4178.0,-8876.0,162094,-12872.0,-12248,13054.0
JAPANESE YEN - CHICAGO MERCANTILE EXCHANGE,2020-01-14,49720,81150,1874.0,21056.0,183863,21769.0,-31430,-19182.0
JAPANESE YEN - CHICAGO MERCANTILE EXCHANGE,2020-01-21,50596,95297,876.0,14147.0,203579,19716.0,-44701,-13271.0
JAPANESE YEN - CHICAGO MERCANTILE EXCHANGE,2020-01-28,45676,81701,-4920.0,-13596.0,184919,-18660.0,-36025,8676.0
JAPANESE YEN - CHICAGO MERCANTILE EXCHANGE,2020-02-04,57672,79570,11996.0,-2131.0,190079,5160.0,-21898,14127.0
JAPANESE YEN - CHICAGO MERCANTILE EXCHANGE,2020-02-11,54805,80993,-2867.0,1423.0,193822,3743.0,-26188,-4290.0
JAPANESE YEN - CHICAGO MERCANTILE EXCHANGE,2020-02-18,58605,85826,3800.0,4833.0,203631,9809.0,-27221,-1033.0
JAPANESE YEN - CHICAGO MERCANTILE EXCHANGE,2020-02-25,53855,110244,-4750.0,24418.0,223904,20273.0,-56389,-29168.0
JAPANESE YEN - CHICAGO MERCANTILE EXCHANGE,2020-03-03,50598,92922,-3257.0,-17322.0,198404,-25500.0,-42324,14065.0
JAPANESE YEN - CHICAGO MERCANTILE EXCHANGE,2020-03-10,61732,53575,11134.0,-39347.0,159128,-39276.0,8157,50481.0
JAPANESE YEN - CHICAGO MERCANTILE EXCHANGE,2020-03-17,57286,24351,-4446.0,-29224.0,125769,-33359.0,32935,24778.0
JAPANESE YEN - CHICAGO MERCANTILE EXCHANGE,2020-03-24,56528,32665,-758.0,8314.0,125594,-175.0,23863,-9072.0
JAPANESE YEN - CHICAGO MERCANTILE EXCHANGE,2020-03-31,48444,30162,-8084.0,-2503.0,120270,-5324.0,18282,-5581.0
JAPANESE YEN - CHICAGO MERCANTILE EXCHANGE,2020-04-07,49249,26839,805.0,-3323.0,118595,-1675.0,22410,4128.0
JAPANESE YEN - CHICAGO MERCANTILE EXCHANGE,2020-04-14,49863,27220,614.0,381.0,122929,4334.0,22643,233.0
JAPANESE YEN - CHICAGO MERCANTILE EXCHANGE,2020-04-21,53730,27704,3867.0,484.0,128272,5343.0,26026,3383.0
JAPANESE YEN - CHICAGO MERCANTILE EXCHANGE,2020-04-28,59962,27636,6232.0,-68.0,143835,15563.0,32326,6300.0
JAPANESE YEN - CHICAGO MERCANTILE EXCHANGE,2020-05-05,56634,29420,-3328.0,1784.0,152042,8207.0,27214,-5112.0
JAPANESE YEN - CHICAGO MERCANTILE EXCHANGE,2020-05-12,56307,28370,-327.0,-1050.0,153370,1328.0,27937,723.0
JAPANESE YEN - CHICAGO MERCANTILE EXCHANGE,2020-05-19,52038,24568,-4269.0,-3802.0,147975,-5395.0,27470,-467.0
JAPANESE YEN - CHICAGO MERCANTILE EXCHANGE,2020-05-26,57873,23266,5835.0,-1302.0,156827,8852.0,34607,7137.0
JAPANESE YEN - CHICAGO MERCANTILE EXCHANGE,2020-06-02,61958,29379,4085.0,6113.0,158743,1916.0,32579,-2028.0
JAPANESE YEN - CHICAGO MERCANTILE EXCHANGE,2020-06-09,48862,31400,-13096.0,2021.0,155159,-3584.0,17462,-15117.0
JAPANESE YEN - CHICAGO MERCANTILE EXCHANGE,2020-06-16,43126,21016,-5736.0,-10384.0,127287,-27872.0,22110,4648.0
JAPANESE YEN - CHICAGO MERCANTILE EXCHANGE,2020-06-23,50490,23032,7364.0,2016.0,144549,17262.0,27458,5348.0
JAPANESE YEN - CHICAGO MERCANTILE EXCHANGE,2020-06-30,42755,18894,-7735.0,-4138.0,137362,-7187.0,23861,-3597.0
JAPANESE YEN - CHICAGO MERCANTILE EXCHANGE,2020-07-07,44043,27231,1288.0,8337.0,138313,951.0,16812,-7049.0
JAPANESE YEN - CHICAGO MERCANTILE EXCHANGE,2020-07-14,45111,26785,1068.0,-446.0,135263,-3050.0,18326,1514.0
JAPANESE YEN - CHICAGO MERCANTILE EXCHANGE,2020-07-21,50854,31547,5743.0,4762.0,142686,7423.0,19307,981.0
JAPANESE YEN - CHICAGO MERCANTILE EXCHANGE,2020-07-28,62924,34417,12070.0,2870.0,170269,27583.0,28507,9200.0
JAPANESE YEN - CHICAGO MERCANTILE EXCHANGE,2020-08-04,52073,20644,-10851.0,-13773.0,157968,-12301.0,31429,2922.0
JAPANESE YEN - CHICAGO MERCANTILE EXCHANGE,2020-08-11,48158,21142,-3915.0,498.0,150149,-7819.0,27016,-4413.0
JAPANESE YEN - CHICAGO MERCANTILE EXCHANGE,2020-08-18,41717,21133,-6441.0,-9.0,147076,-3073.0,20584,-6432.0
JAPANESE YEN - CHICAGO MERCANTILE EXCHANGE,2020-08-25,44978,21362,3261.0,229.0,147553,477.0,23616,3032.0
JAPANESE YEN - CHICAGO MERCANTILE EXCHANGE,2020-09-01,46654,17050,1676.0,-4312.0,145922,-1631.0,29604,5988.0
JAPANESE YEN - CHICAGO MERCANTILE EXCHANGE,2020-09-08,44850,23108,-1804.0,6058.0,151546,5624.0,21742,-7862.0
JAPANESE YEN - CHICAGO MERCANTILE EXCHANGE,2020-09-15,50360,27471,5510.0,4363.0,148912,-2634.0,22889,1147.0
JAPANESE YEN - CHICAGO MERCANTILE EXCHANGE,2020-09-22,59033,29452,8673.0,1981.0,169251,20339.0,29581,6692.0
JAPANESE YEN - CHICAGO MERCANTILE EXCHANGE,2020-09-29,47535,22746,-11498.0,-6706.0,158298,-10953.0,24789,-4792.0
JAPANESE YEN - CHICAGO MERCANTILE EXCHANGE,2020-10-06,45779,24677,-1756.0,1931.0,163024,4726.0,21102,-3687.0
JAPANESE YEN - CHICAGO MERCANTILE EXCHANGE,2020-10-13,47245,27269,1466.0,2592.0,165616,2592.0,19976,-1126.0
JAPANESE YEN - CHICAGO MERCANTILE EXCHANGE,2020-10-20,46524,32341,-721.0,5072.0,166091,475.0,14183,-5793.0
JAPANESE YEN - CHICAGO MERCANTILE EXCHANGE,2020-10-27,46131,28238,-393.0,-4103.0,177622,11531.0,17893,3710.0
JAPANESE YEN - CHICAGO MERCANTILE EXCHANGE,2020-11-03,51012,22914,4881.0,-5324.0,184751,7129.0,28098,10205.0
JAPANESE YEN - CHICAGO MERCANTILE EXCHANGE,2020-11-10,55644,13750,4632.0,-9164.0,183518,-1233.0,41894,13796.0
JAPANESE YEN - CHICAGO MERCANTILE EXCHANGE,2020-11-17,40313,10646,-15331.0,-3104.0,165073,-18445.0,29667,-12227.0
JAPANESE YEN - CHICAGO MERCANTILE EXCHANGE,2020-11-24,54472,14230,14159.0,3584.0,179503,14430.0,40242,10575.0
JAPANESE YEN - CHICAGO MERCANTILE EXCHANGE,2020-12-01,62449,14946,7977.0,716.0,185873,6370.0,47503,7261.0
JAPANESE YEN - CHICAGO MERCANTILE EXCHANGE,2020-12-08,63585,15419,1136.0,473.0,193326,7453.0,48166,663.0
JAPANESE YEN - CHICAGO MERCANTILE EXCHANGE,2020-12-15,65376,21413,1791.0,5994.0,193317,-9.0,43963,-4203.0
JAPANESE YEN - CHICAGO MERCANTILE EXCHANGE,2020-12-21,66970,20877,1594.0,-536.0,196845,3528.0,46093,2130.0
JAPANESE YEN - CHICAGO MERCANTILE EXCHANGE,2020-12-29,63577,16227,-3393.0,-4650.0,194454,-2391.0,47350,1257.0
JAPANESE YEN - CHICAGO MERCANTILE EXCHANGE,2021-01-05,69163,18973,5586.0,2746.0,206963,12509.0,50190,2840.0
JAPANESE YEN - CHICAGO MERCANTILE EXCHANGE,2021-01-12,63857,13337,-5306.0,-5636.0,190811,-16152.0,50520,330.0
JAPANESE YEN - CHICAGO MERCANTILE EXCHANGE,2021-01-19,64143,14129,286.0,792.0,191540,729.0,50014,-506.0
JAPANESE YEN - CHICAGO MERCANTILE EXCHANGE,2021-01-26,63463,18471,-680.0,4342.0,193822,2282.0,44992,-5022.0
JAPANESE YEN - CHICAGO MERCANTILE EXCHANGE,2021-02-02,69602,24973,6139.0,6502.0,190948,-2874.0,44629,-363.0
JAPANESE YEN - CHICAGO MERCANTILE EXCHANGE,2021-02-09,60719,26101,-8883.0,1128.0,183901,-7047.0,34618,-10011.0
JAPANESE YEN - CHICAGO MERCANTILE EXCHANGE,2021-02-16,66732,29550,6013.0,3449.0,188119,4218.0,37182,2564.0
JAPANESE YEN - CHICAGO MERCANTILE EXCHANGE,2021-02-23,66670,38048,-62.0,8498.0,183247,-4872.0,28622,-8560.0
JAPANESE YEN - CHICAGO MERCANTILE EXCHANGE,2021-03-02,61259,41989,-5411.0,3941.0,189270,6023.0,19270,-9352.0
JAPANESE YEN - CHICAGO MERCANTILE EXCHANGE,2021-03-09,64027,57513,2768.0,15524.0,211347,22077.0,6514,-12756.0
JAPANESE YEN - CHICAGO MERCANTILE EXCHANGE,2021-03-16,26003,65371,-38024.0,7858.0,145951,-65396.0,-39368,-45882.0
JAPANESE YEN - CHICAGO MERCANTILE EXCHANGE,2021-03-23,27524,81049,1521.0,15678.0,160581,14630.0,-53525,-14157.0
JAPANESE YEN - CHICAGO MERCANTILE EXCHANGE,2021-03-30,24724,84205,-2800.0,3156.0,166091,5510.0,-59481,-5956.0
JAPANESE YEN - CHICAGO MERCANTILE EXCHANGE,2021-04-06,26794,84783,2070.0,578.0,164310,-1781.0,-57989,1492.0
JAPANESE YEN - CHICAGO MERCANTILE EXCHANGE,2021-04-13,27682,85994,888.0,1211.0,165431,1121.0,-58312,-323.0
JAPANESE YEN - CHICAGO MERCANTILE EXCHANGE,2021-04-20,26617,86436,-1065.0,442.0,162649,-2782.0,-59819,-1507.0
JAPANESE YEN - CHICAGO MERCANTILE EXCHANGE,2021-04-27,29673,78182,3056.0,-8254.0,154894,-7755.0,-48509,11310.0
JAPANESE YEN - CHICAGO MERCANTILE EXCHANGE,2021-05-04,31208,72700,1535.0,-5482.0,152676,-2218.0,-41492,7017.0
JAPANESE YEN - CHICAGO MERCANTILE EXCHANGE,2021-05-11,30491,72219,-717.0,-481.0,152404,-272.0,-41728,-236.0
JAPANESE YEN - CHICAGO MERCANTILE EXCHANGE,2021-05-18,24965,75913,-5526.0,3694.0,154727,2323.0,-50948,-9220.0
JAPANESE YEN - CHICAGO MERCANTILE EXCHANGE,2021-05-25,24163,74319,-802.0,-1594.0,153196,-1531.0,-50156,792.0
JAPANESE YEN - CHICAGO MERCANTILE EXCHANGE,2021-06-01,29462,76577,5299.0,2258.0,162091,8895.0,-47115,3041.0
JAPANESE YEN - CHICAGO MERCANTILE EXCHANGE,2021-06-08,27248,64562,-2214.0,-12015.0,161592,-499.0,-37314,9801.0
JAPANESE YEN - CHICAGO MERCANTILE EXCHANGE,2021-06-15,22974,69824,-4274.0,5262.0,155359,-6233.0,-46850,-9536.0
JAPANESE YEN - CHICAGO MERCANTILE EXCHANGE,2021-06-22,34118,87980,11144.0,18156.0,190545,35186.0,-53862,-7012.0
JAPANESE YEN - CHICAGO MERCANTILE EXCHANGE,2021-06-29,27380,97275,-6738.0,9295.0,195698,5153.0,-69895,-16033.0
JAPANESE YEN - CHICAGO MERCANTILE EXCHANGE,2021-07-06,31625,100761,4245.0,3486.0,205341,9643.0,-69136,759.0
JAPANESE YEN - CHICAGO MERCANTILE EXCHANGE,2021-07-13,40440,96690,8815.0,-4071.0,203727,-1614.0,-56250,12886.0
JAPANESE YEN - CHICAGO MERCANTILE EXCHANGE,2021-07-20,35474,91205,-4966.0,-5485.0,192301,-11426.0,-55731,519.0
JAPANESE YEN - CHICAGO MERCANTILE EXCHANGE,2021-07-27,32975,92909,-2499.0,1704.0,196102,3801.0,-59934,-4203.0
JAPANESE YEN - CHICAGO MERCANTILE EXCHANGE,2021-08-03,30409,85599,-2566.0,-7310.0,189242,-6860.0,-55190,4744.0
JAPANESE YEN - CHICAGO MERCANTILE EXCHANGE,2021-08-10,36684,97341,6275.0,11742.0,206131,16889.0,-60657,-5467.0
JAPANESE YEN - CHICAGO MERCANTILE EXCHANGE,2021-08-17,27532,90740,-9152.0,-6601.0,196495,-9636.0,-63208,-2551.0
JAPANESE YEN - CHICAGO MERCANTILE EXCHANGE,2021-08-24,26763,93434,-769.0,2694.0,194477,-2018.0,-66671,-3463.0
JAPANESE YEN - CHICAGO MERCANTILE EXCHANGE,2021-08-31,29030,92160,2267.0,-1274.0,193999,-478.0,-63130,3541.0
JAPANESE YEN - CHICAGO MERCANTILE EXCHANGE,2021-09-07,29704,92029,674.0,-131.0,204435,10436.0,-62325,805.0
JAPANESE YEN - CHICAGO MERCANTILE EXCHANGE,2021-09-14,21728,82023,-7976.0,-10006.0,192088,-12347.0,-60295,2030.0
JAPANESE YEN - CHICAGO MERCANTILE EXCHANGE,2021-09-21,22844,78915,1116.0,-3108.0,191213,-875.0,-56071,4224.0
JAPANESE YEN - CHICAGO MERCANTILE EXCHANGE,2021-09-28,35328,100088,12484.0,21173.0,219638,28425.0,-64760,-8689.0
JAPANESE YEN - CHICAGO MERCANTILE EXCHANGE,2021-10-05,31569,95263,-3759.0,-4825.0,226379,6741.0,-63694,1066.0
JAPANESE YEN - CHICAGO MERCANTILE EXCHANGE,2021-10-12,35810,112444,4241.0,17181.0,243617,17238.0,-76634,-12940.0
JAPANESE YEN - CHICAGO MERCANTILE EXCHANGE,2021-10-19,35713,138447,-97.0,26003.0,266750,23133.0,-102734,-26100.0
JAPANESE YEN - CHICAGO MERCANTILE EXCHANGE,2021-10-26,31487,138523,-4226.0,76.0,265254,-1496.0,-107036,-4302.0
JAPANESE YEN - CHICAGO MERCANTILE EXCHANGE,2021-11-02,20337,127961,-11150.0,-10562.0,251058,-14196.0,-107624,-588.0
JAPANESE YEN - CHICAGO MERCANTILE EXCHANGE,2021-11-09,16440,121791,-3897.0,-6170.0,243087,-7971.0,-105351,2273.0
JAPANESE YEN - CHICAGO MERCANTILE EXCHANGE,2021-11-16,24635,117761,8195.0,-4030.0,252897,9810.0,-93126,12225.0
JAPANESE YEN - CHICAGO MERCANTILE EXCHANGE,2021-11-23,20285,117538,-4350.0,-223.0,251801,-1096.0,-97253,-4127.0
JAPANESE YEN - CHICAGO MERCANTILE EXCHANGE,2021-11-30,14585,93451,-5700.0,-24087.0,216692,-35109.0,-78866,18387.0
JAPANESE YEN - CHICAGO MERCANTILE EXCHANGE,2021-12-07,13148,76229,-1437.0,-17222.0,205970,-10722.0,-63081,15785.0
JAPANESE YEN - CHICAGO MERCANTILE EXCHANGE,2021-12-14,20231,73754,7083.0,-2475.0,176584,-29386.0,-53523,9558.0
JAPANESE YEN - CHICAGO MERCANTILE EXCHANGE,2021-12-21,22191,74477,1960.0,723.0,183743,7159.0,-52286,1237.0
JAPANESE YEN - CHICAGO MERCANTILE EXCHANGE,2021-12-28,32475,85577,10284.0,11100.0,203814,20071.0,-53102,-816.0
JAPANESE YEN - CHICAGO MERCANTILE EXCHANGE,2022-01-04,40816,103078,8341.0,17501.0,234068,30254.0,-62262,-9160.0
JAPANESE YEN - CHICAGO MERCANTILE EXCHANGE,2022-01-11,22364,109889,-18452.0,6811.0,234005,-63.0,-87525,-25263.0
JAPANESE YEN - CHICAGO MERCANTILE EXCHANGE,2022-01-18,8002,88881,-14362.0,-21008.0,201820,-32185.0,-80879,6646.0
JAPANESE YEN - CHICAGO MERCANTILE EXCHANGE,2022-01-25,15866,84139,7864.0,-4742.0,197830,-3990.0,-68273,12606.0
JAPANESE YEN - CHICAGO MERCANTILE EXCHANGE,2022-02-01,14510,75150,-1356.0,-8989.0,194435,-3395.0,-60640,7633.0
JAPANESE YEN - CHICAGO MERCANTILE EXCHANGE,2022-02-08,15692,74840,1182.0,-310.0,196478,2043.0,-59148,1492.0
JAPANESE YEN - CHICAGO MERCANTILE EXCHANGE,2022-02-15,10425,76587,-5267.0,1747.0,199425,2947.0,-66162,-7014.0
JAPANESE YEN - CHICAGO MERCANTILE EXCHANGE,2022-02-22,10976,74163,551.0,-2424.0,194169,-5256.0,-63187,2975.0
JAPANESE YEN - CHICAGO MERCANTILE EXCHANGE,2022-03-01,14665,83397,3689.0,9234.0,208629,14460.0,-68732,-5545.0
JAPANESE YEN - CHICAGO MERCANTILE EXCHANGE,2022-03-08,15548,71404,883.0,-11993.0,208683,54.0,-55856,12876.0
JAPANESE YEN - CHICAGO MERCANTILE EXCHANGE,2022-03-15,34016,96356,18468.0,24952.0,215484,6801.0,-62340,-6484.0
JAPANESE YEN - CHICAGO MERCANTILE EXCHANGE,2022-03-22,36676,115158,2660.0,18802.0,248221,32737.0,-78482,-16142.0
JAPANESE YEN - CHICAGO MERCANTILE EXCHANGE,2022-03-29,15274,117405,-21402.0,2247.0,239698,-8523.0,-102131,-23649.0
JAPANESE YEN - CHICAGO MERCANTILE EXCHANGE,2022-04-05,14583,118412,-691.0,1007.0,242217,2519.0,-103829,-1698.0
JAPANESE YEN - CHICAGO MERCANTILE EXCHANGE,2022-04-12,9925,121752,-4658.0,3340.0,245403,3186.0,-111827,-7998.0
JAPANESE YEN - CHICAGO MERCANTILE EXCHANGE,2022-04-19,12723,119910,2798.0,-1842.0,251291,5888.0,-107187,4640.0
JAPANESE YEN - CHICAGO MERCANTILE EXCHANGE,2022-04-26,14269,109804,1546.0,-10106.0,237995,-13296.0,-95535,11652.0
JAPANESE YEN - CHICAGO MERCANTILE EXCHANGE,2022-05-03,18585,119379,4316.0,9575.0,254813,16818.0,-100794,-5259.0
JAPANESE YEN - CHICAGO MERCANTILE EXCHANGE,2022-05-10,11196,121650,-7389.0,2271.0,247278,-7535.0,-110454,-9660.0
JAPANESE YEN - CHICAGO MERCANTILE EXCHANGE,2022-05-17,12113,114422,917.0,-7228.0,241308,-5970.0,-102309,8145.0
JAPANESE YEN - CHICAGO MERCANTILE EXCHANGE,2022-05-24,16567,116011,4454.0,1589.0,237256,-4052.0,-99444,2865.0
JAPANESE YEN - CHICAGO MERCANTILE EXCHANGE,2022-05-31,15201,109640,-1366.0,-6371.0,239080,1824.0,-94439,5005.0
JAPANESE YEN - CHICAGO MERCANTILE EXCHANGE,2022-06-07,18466,110112,3265.0,472.0,266054,26974.0,-91646,2793.0
JAPANESE YEN - CHICAGO MERCANTILE EXCHANGE,2022-06-14,32441,102196,13975.0,-7916.0,232513,-33541.0,-69755,21891.0
JAPANESE YEN - CHICAGO MERCANTILE EXCHANGE,2022-06-21,35864,94318,3423.0,-7878.0,218076,-14437.0,-58454,11301.0
JAPANESE YEN - CHICAGO MERCANTILE EXCHANGE,2022-06-28,36462,89032,598.0,-5286.0,213767,-4309.0,-52570,5884.0
JAPANESE YEN - CHICAGO MERCANTILE EXCHANGE,2022-07-05,38660,93105,2198.0,4073.0,217672,3905.0,-54445,-1875.0
JAPANESE YEN - CHICAGO MERCANTILE EXCHANGE,2022-07-12,35533,95531,-3127.0,2426.0,223539,5867.0,-59998,-5553.0
JAPANESE YEN - CHICAGO MERCANTILE EXCHANGE,2022-07-19,42880,102105,7347.0,6574.0,229449,5910.0,-59225,773.0
JAPANESE YEN - CHICAGO MERCANTILE EXCHANGE,2022-07-26,43812,105293,932.0,3188.0,229219,-230.0,-61481,-2256.0
JAPANESE YEN - CHICAGO MERCANTILE EXCHANGE,2022-08-02,50433,93186,6621.0,-12107.0,236737,7518.0,-42753,18728.0
JAPANESE YEN - CHICAGO MERCANTILE EXCHANGE,2022-08-09,52333,77365,1900.0,-15821.0,225834,-10903.0,-25032,17721.0
JAPANESE YEN - CHICAGO MERCANTILE EXCHANGE,2022-08-16,51308,80199,-1025.0,2834.0,228697,2863.0,-28891,-3859.0
JAPANESE YEN - CHICAGO MERCANTILE EXCHANGE,2022-08-23,56734,95541,5426.0,15342.0,242132,13435.0,-38807,-9916.0
JAPANESE YEN - CHICAGO MERCANTILE EXCHANGE,2022-08-30,54513,96044,-2221.0,503.0,247030,4898.0,-41531,-2724.0
JAPANESE YEN - CHICAGO MERCANTILE EXCHANGE,2022-09-06,56002,114191,1489.0,18147.0,281266,34236.0,-58189,-16658.0
JAPANESE YEN - CHICAGO MERCANTILE EXCHANGE,2022-09-13,39323,120015,-16679.0,5824.0,281716,450.0,-80692,-22503.0
JAPANESE YEN - CHICAGO MERCANTILE EXCHANGE,2022-09-20,34767,116047,-4556.0,-3968.0,250892,-30824.0,-81280,-588.0
JAPANESE YEN - CHICAGO MERCANTILE EXCHANGE,2022-09-27,22706,105262,-12061.0,-10785.0,244655,-6237.0,-82556,-1276.0
JAPANESE YEN - CHICAGO MERCANTILE EXCHANGE,2022-10-04,26962,108585,4256.0,3323.0,243289,-1366.0,-81623,933.0
JAPANESE YEN - CHICAGO MERCANTILE EXCHANGE,2022-10-11,30149,107542,3187.0,-1043.0,245007,1718.0,-77393,4230.0
JAPANESE YEN - CHICAGO MERCANTILE EXCHANGE,2022-10-18,30583,124919,434.0,17377.0,264265,19258.0,-94336,-16943.0
JAPANESE YEN - CHICAGO MERCANTILE EXCHANGE,2022-10-25,37579,140197,6996.0,15278.0,272597,8332.0,-102618,-8282.0
JAPANESE YEN - CHICAGO MERCANTILE EXCHANGE,2022-11-01,40460,118080,2881.0,-22117.0,258906,-13691.0,-77620,24998.0
JAPANESE YEN - CHICAGO MERCANTILE EXCHANGE,2022-11-08,37201,112459,-3259.0,-5621.0,251378,-7528.0,-75258,2362.0
JAPANESE YEN - CHICAGO MERCANTILE EXCHANGE,2022-11-15,33797,99639,-3404.0,-12820.0,233346,-18032.0,-65842,9416.0
JAPANESE YEN - CHICAGO MERCANTILE EXCHANGE,2022-11-22,30800,95650,-2997.0,-3989.0,227435,-5911.0,-64850,992.0
JAPANESE YEN - CHICAGO MERCANTILE EXCHANGE,2022-11-29,28125,95519,-2675.0,-131.0,228328,893.0,-67394,-2544.0
JAPANESE YEN - CHICAGO MERCANTILE EXCHANGE,2022-12-06,23589,89585,-4536.0,-5934.0,223424,-4904.0,-65996,1398.0
JAPANESE YEN - CHICAGO MERCANTILE EXCHANGE,2022-12-13,22290,75478,-1299.0,-14107.0,226964,3540.0,-53188,12808.0
JAPANESE YEN - CHICAGO MERCANTILE EXCHANGE,2022-12-20,33686,74567,11396.0,-911.0,182034,-44930.0,-40881,12307.0
JAPANESE YEN - CHICAGO MERCANTILE EXCHANGE,2022-12-27,29685,67415,-4001.0,-7152.0,173136,-8898.0,-37730,3151.0
JAPANESE YEN - CHICAGO MERCANTILE EXCHANGE,2023-01-03,25377,72241,-4308.0,4826.0,172590,-546.0,-46864,-9134.0
JAPANESE YEN - CHICAGO MERCANTILE EXCHANGE,2023-01-10,26395,61772,1018.0,-10469.0,175745,3155.0,-35377,11487.0
JAPANESE YEN - CHICAGO MERCANTILE EXCHANGE,2023-01-17,29458,52419,3063.0,-9353.0,176862,1117.0,-22961,12416.0
JAPANESE YEN - CHICAGO MERCANTILE EXCHANGE,2023-01-24,27620,49255,-1838.0,-3164.0,173321,-3541.0,-21635,1326.0
JAPANESE YEN - CHICAGO MERCANTILE EXCHANGE,2023-01-31,22550,42610,-5070.0,-6645.0,168540,-4781.0,-20060,1575.0
JAPANESE YEN - CHICAGO MERCANTILE EXCHANGE,2023-02-07,16556,45645,-5994.0,3035.0,164069,-4471.0,-29089,-9029.0
JAPANESE YEN - CHICAGO MERCANTILE EXCHANGE,2023-02-14,23079,50922,6523.0,5277.0,174955,10886.0,-27843,1246.0
JAPANESE YEN - CHICAGO MERCANTILE EXCHANGE,2023-02-21,32486,66515,9407.0,15593.0,186100,11145.0,-34029,-6186.0
JAPANESE YEN - CHICAGO MERCANTILE EXCHANGE,2023-02-28,27703,86381,-4783.0,19866.0,200047,13947.0,-58678,-24649.0
JAPANESE YEN - CHICAGO MERCANTILE EXCHANGE,2023-03-07,17141,92444,-10562.0,6063.0,211297,11250.0,-75303,-16625.0
JAPANESE YEN - CHICAGO MERCANTILE EXCHANGE,2023-03-14,11048,85842,-6093.0,-6602.0,179782,-31515.0,-74794,509.0
JAPANESE YEN - CHICAGO MERCANTILE EXCHANGE,2023-03-21,7255,73600,-3793.0,-12242.0,169188,-10594.0,-66345,8449.0
JAPANESE YEN - CHICAGO MERCANTILE EXCHANGE,2023-03-28,9717,63692,2462.0,-9908.0,169473,285.0,-53975,12370.0
JAPANESE YEN - CHICAGO MERCANTILE EXCHANGE,2023-04-04,11523,68559,1806.0,4867.0,178828,9355.0,-57036,-3061.0
JAPANESE YEN - CHICAGO MERCANTILE EXCHANGE,2023-04-11,11933,69140,410.0,581.0,176822,-2006.0,-57207,-171.0
JAPANESE YEN - CHICAGO MERCANTILE EXCHANGE,2023-04-18,15661,72530,3728.0,3390.0,177507,685.0,-56869,338.0
JAPANESE YEN - CHICAGO MERCANTILE EXCHANGE,2023-04-25,13680,82424,-1981.0,9894.0,184041,6534.0,-68744,-11875.0
JAPANESE YEN - CHICAGO MERCANTILE EXCHANGE,2023-05-02,28088,96412,14408.0,13988.0,202996,18955.0,-68324,420.0
JAPANESE YEN - CHICAGO MERCANTILE EXCHANGE,2023-05-09,22229,83244,-5859.0,-13168.0,192574,-10422.0,-61015,7309.0
JAPANESE YEN - CHICAGO MERCANTILE EXCHANGE,2023-05-16,29494,94285,7265.0,11041.0,200515,7941.0,-64791,-3776.0
JAPANESE YEN - CHICAGO MERCANTILE EXCHANGE,2023-05-23,36760,117420,7266.0,23135.0,226400,25885.0,-80660,-15869.0
JAPANESE YEN - CHICAGO MERCANTILE EXCHANGE,2023-05-30,40736,136929,3976.0,19509.0,243237,16837.0,-96193,-15533.0
JAPANESE YEN - CHICAGO MERCANTILE EXCHANGE,2023-06-06,34151,138968,-6585.0,2039.0,245332,2095.0,-104817,-8624.0
JAPANESE YEN - CHICAGO MERCANTILE EXCHANGE,2023-06-13,37088,141064,2937.0,2096.0,252566,7234.0,-103976,841.0
JAPANESE YEN - CHICAGO MERCANTILE EXCHANGE,2023-06-20,32244,139900,-4844.0,-1164.0,238556,-14010.0,-107656,-3680.0
JAPANESE YEN - CHICAGO MERCANTILE EXCHANGE,2023-06-27,38018,150888,5774.0,10988.0,251524,12968.0,-112870,-5214.0
JAPANESE YEN - CHICAGO MERCANTILE EXCHANGE,2023-07-03,41713,159633,3695.0,8745.0,265066,13542.0,-117920,-5050.0
JAPANESE YEN - CHICAGO MERCANTILE EXCHANGE,2023-07-11,29838,147020,-11875.0,-12613.0,252349,-12717.0,-117182,738.0
JAPANESE YEN - CHICAGO MERCANTILE EXCHANGE,2023-07-18,29776,120015,-62.0,-27005.0,230932,-21417.0,-90239,26943.0
JAPANESE YEN - CHICAGO MERCANTILE EXCHANGE,2023-07-25,30358,108110,582.0,-11905.0,223760,-7172.0,-77752,12487.0
JAPANESE YEN - CHICAGO MERCANTILE EXCHANGE,2023-08-01,26849,106065,-3509.0,-2045.0,229015,5255.0,-79216,-1464.0
JAPANESE YEN - CHICAGO MERCANTILE EXCHANGE,2023-08-08,23135,106315,-3714.0,250.0,229849,834.0,-83180,-3964.0
JAPANESE YEN - CHICAGO MERCANTILE EXCHANGE,2023-08-15,34789,115750,11654.0,9435.0,247954,18105.0,-80961,2219.0
JAPANESE YEN - CHICAGO MERCANTILE EXCHANGE,2023-08-22,28680,124003,-6109.0,8253.0,246923,-1031.0,-95323,-14362.0
JAPANESE YEN - CHICAGO MERCANTILE EXCHANGE,2023-08-29,24790,123263,-3890.0,-740.0,245452,-1471.0,-98473,-3150.0
JAPANESE YEN - CHICAGO MERCANTILE EXCHANGE,2023-09-05,37014,134150,12224.0,10887.0,268344,22892.0,-97136,1337.0
JAPANESE YEN - CHICAGO MERCANTILE EXCHANGE,2023-09-12,38247,136960,1233.0,2810.0,270854,2510.0,-98713,-1577.0
JAPANESE YEN - CHICAGO MERCANTILE EXCHANGE,2023-09-19,45737,147356,7490.0,10396.0,265860,-4994.0,-101619,-2906.0
JAPANESE YEN - CHICAGO MERCANTILE EXCHANGE,2023-09-26,46169,155681,432.0,8325.0,285974,20114.0,-109512,-7893.0
JAPANESE YEN - CHICAGO MERCANTILE EXCHANGE,2023-10-03,47544,161532,1375.0,5851.0,282682,-3292.0,-113988,-4476.0
JAPANESE YEN - CHICAGO MERCANTILE EXCHANGE,2023-10-10,36780,136256,-10764.0,-25276.0,259937,-22745.0,-99476,14512.0
JAPANESE YEN - CHICAGO MERCANTILE EXCHANGE,2023-10-17,33139,135797,-3641.0,-459.0,267521,7584.0,-102658,-3182.0
JAPANESE YEN - CHICAGO MERCANTILE EXCHANGE,2023-10-24,30964,130593,-2175.0,-5204.0,260909,-6612.0,-99629,3029.0
JAPANESE YEN - CHICAGO MERCANTILE EXCHANGE,2023-10-31,37641,141489,6677.0,10896.0,277272,16363.0,-103848,-4219.0
JAPANESE YEN - CHICAGO MERCANTILE EXCHANGE,2023-11-07,27238,131278,-10403.0,-10211.0,259698,-17574.0,-104040,-192.0
JAPANESE YEN - CHICAGO MERCANTILE EXCHANGE,2023-11-14,27772,158021,534.0,26743.0,273763,14065.0,-130249,-26209.0
JAPANESE YEN - CHICAGO MERCANTILE EXCHANGE,2023-11-21,39236,144690,11464.0,-13331.0,264903,-8860.0,-105454,24795.0
JAPANESE YEN - CHICAGO MERCANTILE EXCHANGE,2023-11-28,30461,139698,-8775.0,-4992.0,260781,-4122.0,-109237,-3783.0
JAPANESE YEN - CHICAGO MERCANTILE EXCHANGE,2023-12-05,28266,133222,-2195.0,-6476.0,267482,6701.0,-104956,4281.0
JAPANESE YEN - CHICAGO MERCANTILE EXCHANGE,2023-12-12,28226,109357,-40.0,-23865.0,257581,-9901.0,-81131,23825.0
JAPANESE YEN - CHICAGO MERCANTILE EXCHANGE,2023-12-19,31734,96636,3508.0,-12721.0,185940,-71641.0,-64902,16229.0
JAPANESE YEN - CHICAGO MERCANTILE EXCHANGE,2023-12-26,37321,92889,5587.0,-3747.0,188540,2600.0,-55568,9334.0
JAPANESE YEN - CHICAGO MERCANTILE EXCHANGE,2024-01-02,33585,90780,-3736.0,-2109.0,184042,-4498.0,-57195,-1627.0
JAPANESE YEN - CHICAGO MERCANTILE EXCHANGE,2024-01-09,41364,97313,7779.0,6533.0,200299,16257.0,-55949,1246.0
JAPANESE YEN - CHICAGO MERCANTILE EXCHANGE,2024-01-16,44180,100740,2816.0,3427.0,213309,13010.0,-56560,-611.0
JAPANESE YEN - CHICAGO MERCANTILE EXCHANGE,2024-01-23,52585,123230,8405.0,22490.0,243032,29723.0,-70645,-14085.0
JAPANESE YEN - CHICAGO MERCANTILE EXCHANGE,2024-01-30,44918,125373,-7667.0,2143.0,242029,-1003.0,-80455,-9810.0
JAPANESE YEN - CHICAGO MERCANTILE EXCHANGE,2024-02-06,55646,139876,10728.0,14503.0,259542,17513.0,-84230,-3775.0
JAPANESE YEN - CHICAGO MERCANTILE EXCHANGE,2024-02-13,58554,170090,2908.0,30214.0,304592,45050.0,-111536,-27306.0
JAPANESE YEN - CHICAGO MERCANTILE EXCHANGE,2024-02-20,53862,174640,-4692.0,4550.0,305438,846.0,-120778,-9242.0
JAPANESE YEN - CHICAGO MERCANTILE EXCHANGE,2024-02-27,51261,183966,-2601.0,9326.0,309633,4195.0,-132705,-11927.0
JAPANESE YEN - CHICAGO MERCANTILE EXCHANGE,2024-03-05,54671,173514,3410.0,-10452.0,314586,4953.0,-118843,13862.0
JAPANESE YEN - CHICAGO MERCANTILE EXCHANGE,2024-03-12,54923,157245,252.0,-16269.0,325675,11089.0,-102322,16521.0
JAPANESE YEN - CHICAGO MERCANTILE EXCHANGE,2024-03-19,66274,182286,11351.0,25041.0,302500,-23175.0,-116012,-13690.0
JAPANESE YEN - CHICAGO MERCANTILE EXCHANGE,2024-03-26,59969,189075,-6305.0,6789.0,305701,3201.0,-129106,-13094.0
JAPANESE YEN - CHICAGO MERCANTILE EXCHANGE,2024-04-02,55190,198420,-4779.0,9345.0,316809,11108.0,-143230,-14124.0
JAPANESE YEN - CHICAGO MERCANTILE EXCHANGE,2024-04-09,47275,209426,-7915.0,11006.0,324479,7670.0,-162151,-18921.0
JAPANESE YEN - CHICAGO MERCANTILE EXCHANGE,2024-04-16,49463,215082,2188.0,5656.0,331110,6631.0,-165619,-3468.0
JAPANESE YEN - CHICAGO MERCANTILE EXCHANGE,2024-04-23,42426,222345,-7037.0,7263.0,336167,5057.0,-179919,-14300.0
JAPANESE YEN - CHICAGO MERCANTILE EXCHANGE,2024-04-30,40435,208823,-1991.0,-13522.0,334848,-1319.0,-168388,11531.0
JAPANESE YEN - CHICAGO MERCANTILE EXCHANGE,2024-05-07,34990,169912,-5445.0,-38911.0,299859,-34989.0,-134922,33466.0
JAPANESE YEN - CHICAGO MERCANTILE EXCHANGE,2024-05-14,35303,161485,313.0,-8427.0,297606,-2253.0,-126182,8740.0
JAPANESE YEN - CHICAGO MERCANTILE EXCHANGE,2024-05-21,29614,173981,-5689.0,12496.0,301315,3709.0,-144367,-18185.0
JAPANESE YEN - CHICAGO MERCANTILE EXCHANGE,2024-05-28,28565,184604,-1049.0,10623.0,325231,23916.0,-156039,-11672.0
JAPANESE YEN - CHICAGO MERCANTILE EXCHANGE,2024-06-04,40427,172528,11862.0,-12076.0,303009,-22222.0,-132101,23938.0
JAPANESE YEN - CHICAGO MERCANTILE EXCHANGE,2024-06-11,30763,169342,-9664.0,-3186.0,319274,16265.0,-138579,-6478.0
JAPANESE YEN - CHICAGO MERCANTILE EXCHANGE,2024-06-18,29429,177182,-1334.0,7840.0,297117,-22157.0,-147753,-9174.0
JAPANESE YEN - CHICAGO MERCANTILE EXCHANGE,2024-06-25,34576,208476,5147.0,31294.0,340237,43120.0,-173900,-26147.0
JAPANESE YEN - CHICAGO MERCANTILE EXCHANGE,2024-07-02,36714,220937,2138.0,12461.0,349817,9580.0,-184223,-10323.0
JAPANESE YEN - CHICAGO MERCANTILE EXCHANGE,2024-07-09,41521,223554,4807.0,2617.0,348954,-863.0,-182033,2190.0
JAPANESE YEN - CHICAGO MERCANTILE EXCHANGE,2024-07-16,47356,198428,5835.0,-25126.0,307205,-41749.0,-151072,30961.0
JAPANESE YEN - CHICAGO MERCANTILE EXCHANGE,2024-07-23,64390,171498,17034.0,-26930.0,307183,-22.0,-107108,43964.0
JAPANESE YEN - CHICAGO MERCANTILE EXCHANGE,2024-07-30,65016,138476,626.0,-33022.0,303151,-4032.0,-73460,33648.0
JAPANESE YEN - CHICAGO MERCANTILE EXCHANGE,2024-08-06,66169,77523,1153.0,-60953.0,298937,-4214.0,-11354,62106.0
JAPANESE YEN - CHICAGO MERCANTILE EXCHANGE,2024-08-13,87101,63997,20932.0,-13526.0,315338,16401.0,23104,34458.0
JAPANESE YEN - CHICAGO MERCANTILE EXCHANGE,2024-08-20,88761,65176,1660.0,1179.0,316197,859.0,23585,481.0
JAPANESE YEN - CHICAGO MERCANTILE EXCHANGE,2024-08-27,84305,58437,-4456.0,-6739.0,318259,2062.0,25868,2283.0
JAPANESE YEN - CHICAGO MERCANTILE EXCHANGE,2024-09-03,91791,50675,7486.0,-7762.0,326795,8536.0,41116,15248.0
JAPANESE YEN - CHICAGO MERCANTILE EXCHANGE,2024-09-10,98894,43124,7103.0,-7551.0,376514,49719.0,55770,14654.0
JAPANESE YEN - CHICAGO MERCANTILE EXCHANGE,2024-09-17,97332,40492,-1562.0,-2632.0,199463,-177051.0,56840,1070.0
JAPANESE YEN - CHICAGO MERCANTILE EXCHANGE,2024-09-24,104690,38679,7358.0,-1813.0,207702,8239.0,66011,9171.0
JAPANESE YEN - CHICAGO MERCANTILE EXCHANGE,2024-10-01,95513,38741,-9177.0,62.0,196200,-11502.0,56772,-9239.0
JAPANESE YEN - CHICAGO MERCANTILE EXCHANGE,2024-10-08,83679,47151,-11834.0,8410.0,196685,485.0,36528,-20244.0
JAPANESE YEN - CHICAGO MERCANTILE EXCHANGE,2024-10-15,86685,52575,3006.0,5424.0,197871,1186.0,34110,-2418.0
JAPANESE YEN - CHICAGO MERCANTILE EXCHANGE,2024-10-22,79364,66593,-7321.0,14018.0,207338,9467.0,12771,-21339.0
JAPANESE YEN - CHICAGO MERCANTILE EXCHANGE,2024-10-29,64925,89742,-14439.0,23149.0,225894,18556.0,-24817,-37588.0
JAPANESE YEN - CHICAGO MERCANTILE EXCHANGE,2024-11-05,60334,104501,-4591.0,14759.0,235762,9868.0,-44167,-19350.0
JAPANESE YEN - CHICAGO MERCANTILE EXCHANGE,2024-11-12,64038,128940,3704.0,24439.0,257688,21926.0,-64902,-20735.0
JAPANESE YEN - CHICAGO MERCANTILE EXCHANGE,2024-11-19,78973,125841,14935.0,-3099.0,254087,-3601.0,-46868,18034.0
JAPANESE YEN - CHICAGO MERCANTILE EXCHANGE,2024-11-26,87597,110230,8624.0,-15611.0,253566,-521.0,-22633,24235.0
JAPANESE YEN - CHICAGO MERCANTILE EXCHANGE,2024-12-03,93622,91288,6025.0,-18942.0,256849,3283.0,2334,24967.0
JAPANESE YEN - CHICAGO MERCANTILE EXCHANGE,2024-12-10,97938,72186,4316.0,-19102.0,274834,17985.0,25752,23418.0
JAPANESE YEN - CHICAGO MERCANTILE EXCHANGE,2024-12-17,87208,81247,-10730.0,9061.0,181673,-93161.0,5961,-19791.0
JAPANESE YEN - CHICAGO MERCANTILE EXCHANGE,2024-12-24,95958,93647,8750.0,12400.0,200720,19047.0,2311,-3650.0
JAPANESE YEN - CHICAGO MERCANTILE EXCHANGE,2024-12-31,96119,104562,161.0,10915.0,206971,6251.0,-8443,-10754.0
JAPANESE YEN - CHICAGO MERCANTILE EXCHANGE,2025-01-07,91206,111395,-4913.0,6833.0,212456,5485.0,-20189,-11746.0
JAPANESE YEN - CHICAGO MERCANTILE EXCHANGE,2025-01-14,91434,120845,228.0,9450.0,223952,11496.0,-29411,-9222.0
JAPANESE YEN - CHICAGO MERCANTILE EXCHANGE,2025-01-21,94157,108830,2723.0,-12015.0,211620,-12332.0,-14673,14738.0
JAPANESE YEN - CHICAGO MERCANTILE EXCHANGE,2025-01-28,96809,97768,2652.0,-11062.0,216788,5168.0,-959,13714.0
JAPANESE YEN - CHICAGO MERCANTILE EXCHANGE,2025-02-04,104684,85916,7875.0,-11852.0,231911,15123.0,18768,19727.0
JAPANESE YEN - CHICAGO MERCANTILE EXCHANGE,2025-02-11,144158,89543,39474.0,3627.0,273314,41403.0,54615,35847.0
JAPANESE YEN - CHICAGO MERCANTILE EXCHANGE,2025-02-18,147566,86997,3408.0,-2546.0,281163,7849.0,60569,5954.0
JAPANESE YEN - CHICAGO MERCANTILE EXCHANGE,2025-02-25,171751,75771,24185.0,-11226.0,329186,48023.0,95980,35411.0
JAPANESE YEN - CHICAGO MERCANTILE EXCHANGE,2025-03-04,183955,50304,12204.0,-25467.0,354415,25229.0,133651,37671.0
JAPANESE YEN - CHICAGO MERCANTILE EXCHANGE,2025-03-11,176790,42888,-7165.0,-7416.0,446178,91763.0,133902,251.0
JAPANESE YEN - CHICAGO MERCANTILE EXCHANGE,2025-03-18,164752,41788,-12038.0,-1100.0,296567,-149611.0,122964,-10938.0
JAPANESE YEN - CHICAGO MERCANTILE EXCHANGE,2025-03-25,160474,35098,-4278.0,-6690.0,303778,7211.0,125376,2412.0
JAPANESE YEN - CHICAGO MERCANTILE EXCHANGE,2025-04-01,161566,39792,1092.0,4694.0,311162,7384.0,121774,-3602.0
JAPANESE YEN - CHICAGO MERCANTILE EXCHANGE,2025-04-08,176555,29488,14989.0,-10304.0,320758,9596.0,147067,25293.0
JAPANESE YEN - CHICAGO MERCANTILE EXCHANGE,2025-04-15,198560,26705,22005.0,-2783.0,338849,18091.0,171855,24788.0
JAPANESE YEN - CHICAGO MERCANTILE EXCHANGE,2025-04-22,202373,24559,3813.0,-2146.0,351226,12377.0,177814,5959.0
JAPANESE YEN - CHICAGO MERCANTILE EXCHANGE,2025-04-29,202797,23585,424.0,-974.0,366246,15020.0,179212,1398.0
JAPANESE YEN - CHICAGO MERCANTILE EXCHANGE,2025-05-06,204008,27149,1211.0,3564.0,375546,9300.0,176859,-2353.0
JAPANESE YEN - CHICAGO MERCANTILE EXCHANGE,2025-05-13,194226,21958,-9782.0,-5191.0,359521,-16025.0,172268,-4591.0
JAPANESE YEN - CHICAGO MERCANTILE EXCHANGE,2025-05-20,194510,27180,284.0,5222.0,366865,7344.0,167330,-4938.0
JAPANESE YEN - CHICAGO MERCANTILE EXCHANGE,2025-05-27,191802,27790,-2708.0,610.0,377011,10146.0,164012,-3318.0
JAPANESE YEN - CHICAGO MERCANTILE EXCHANGE,2025-06-03,189514,38365,-2288.0,10575.0,366008,-11003.0,151149,-12863.0
JAPANESE YEN - CHICAGO MERCANTILE EXCHANGE,2025-06-10,184195,39600,-5319.0,1235.0,388263,22255.0,144595,-6554.0
JAPANESE YEN - CHICAGO MERCANTILE EXCHANGE,2025-06-17,175601,44724,-8594.0,5124.0,317523,-70740.0,130877,-13718.0
JAPANESE YEN - CHICAGO MERCANTILE EXCHANGE,2025-06-24,178403,46126,2802.0,1402.0,314767,-2756.0,132277,1400.0
JAPANESE YEN - CHICAGO MERCANTILE EXCHANGE,2025-07-01,170624,43286,-7779.0,-2840.0,314251,-516.0,127338,-4939.0
JAPANESE YEN - CHICAGO MERCANTILE EXCHANGE,2025-07-08,166192,50037,-4432.0,6751.0,308621,-5630.0,116155,-11183.0
JAPANESE YEN - CHICAGO MERCANTILE EXCHANGE,2025-07-15,165444,61862,-748.0,11825.0,321350,12729.0,103582,-12573.0
JAPANESE YEN - CHICAGO MERCANTILE EXCHANGE,2025-07-22,164411,57766,-1033.0,-4096.0,313040,-8310.0,106645,3063.0
JAPANESE YEN - CHICAGO MERCANTILE EXCHANGE,2025-07-29,162122,72879,-2289.0,15113.0,329115,16075.0,89243,-17402.0
JAPANESE YEN - CHICAGO MERCANTILE EXCHANGE,2025-08-05,160258,78252,-1864.0,5373.0,337378,8263.0,82006,-7237.0
JAPANESE YEN - CHICAGO MERCANTILE EXCHANGE,2025-08-12,164693,90459,4435.0,12207.0,351163,13785.0,74234,-7772.0
JAPANESE YEN - CHICAGO MERCANTILE EXCHANGE,2025-08-19,168363,90782,3670.0,323.0,348982,-2181.0,77581,3347.0
JAPANESE YEN - CHICAGO MERCANTILE EXCHANGE,2025-08-26,170765,86281,2402.0,-4501.0,357366,8384.0,84484,6903.0
JAPANESE YEN - CHICAGO MERCANTILE EXCHANGE,2025-09-02,174774,101516,4009.0,15235.0,414249,56883.0,73258,-11226.0
JAPANESE YEN - CHICAGO MERCANTILE EXCHANGE,2025-09-09,180724,89081,5950.0,-12435.0,410799,-3450.0,91643,18385.0
JAPANESE YEN - CHICAGO MERCANTILE EXCHANGE,2025-09-16,161673,100262,-19051.0,11181.0,299620,-111179.0,61411,-30232.0
JAPANESE YEN - CHICAGO MERCANTILE EXCHANGE,2025-09-23,176400,96900,14727.0,-3362.0,309893,10273.0,79500,18089.0
JAPANESE YEN - CHICAGO MERCANTILE EXCHANGE,2025-09-30,167811,106346,-8589.0,9446.0,305711,-4182.0,61465,-18035.0
JAPANESE YEN - CHICAGO MERCANTILE EXCHANGE,2025-10-07,159197,112890,-8614.0,6544.0,305134,-577.0,46307,-15158.0
JAPANESE YEN - CHICAGO MERCANTILE EXCHANGE,2025-10-14,160639,123473,1442.0,10583.0,305003,-131.0,37166,-9141.0
JAPANESE YEN - CHICAGO MERCANTILE EXCHANGE,2025-10-21,175724,105310,15085.0,-18163.0,307569,2566.0,70414,33248.0
JAPANESE YEN - CHICAGO MERCANTILE EXCHANGE,2025-10-28,178745,110630,3021.0,5320.0,321889,14320.0,68115,-2299.0
JAPANESE YEN - CHICAGO MERCANTILE EXCHANGE,2025-11-04,170180,118915,-8565.0,8285.0,314190,-7699.0,51265,-16850.0
JAPANESE YEN - CHICAGO MERCANTILE EXCHANGE,2025-11-10,172349,123873,2169.0,4958.0,312845,-1345.0,48476,-2789.0
JAPANESE YEN - CHICAGO MERCANTILE EXCHANGE,2025-11-18,169890,138733,-2459.0,14860.0,329456,16611.0,31157,-17319.0
JAPANESE YEN - CHICAGO MERCANTILE EXCHANGE,2025-11-25,169218,142701,-672.0,3968.0,344420,14964.0,26517,-4640.0
JAPANESE YEN - CHICAGO MERCANTILE EXCHANGE,2025-12-02,184958,148540,15740.0,5839.0,394859,50439.0,36418,9901.0
JAPANESE YEN - CHICAGO MERCANTILE EXCHANGE,2025-12-09,184488,167040,-470.0,18500.0,465416,70557.0,17448,-18970.0
JAPANESE YEN - CHICAGO MERCANTILE EXCHANGE,2025-12-16,146275,149217,-38213.0,-17823.0,379679,-85737.0,-2942,-20390.0
JAPANESE YEN - CHICAGO MERCANTILE EXCHANGE,2025-12-23,141133,139910,-5142.0,-9307.0,285084,-94595.0,1223,4165.0
JAPANESE YEN - CHICAGO MERCANTILE EXCHANGE,2025-12-30,144596,130528,3463.0,-9382.0,286132,1048.0,14068,12845.0
JAPANESE YEN - CHICAGO MERCANTILE EXCHANGE,2026-01-06,140441,131626,-4155.0,1098.0,287715,1583.0,8815,-5253.0
JAPANESE YEN - CHICAGO MERCANTILE EXCHANGE,2026-01-13,111743,156907,-28698.0,25281.0,294242,6527.0,-45164,-53979.0
JAPANESE YEN - CHICAGO MERCANTILE EXCHANGE,2026-01-20,107139,151968,-4604.0,-4939.0,292607,-1635.0,-44829,335.0
JAPANESE YEN - CHICAGO MERCANTILE EXCHANGE,2026-01-27,104460,138393,-2679.0,-13575.0,300726,8119.0,-33933,10896.0
JAPANESE YEN - CHICAGO MERCANTILE EXCHANGE,2026-02-03,114428,133650,9968.0,-4743.0,303673,2947.0,-19222,14711.0
JAPANESE YEN - CHICAGO MERCANTILE EXCHANGE,2026-02-10,128090,147196,13662.0,13546.0,334948,31275.0,-19106,116.0
JAPANESE YEN - CHICAGO MERCANTILE EXCHANGE,2026-02-17,143172,130217,15082.0,-16979.0,354328,19380.0,12955,32061.0
JAPANESE YEN - CHICAGO MERCANTILE EXCHANGE,2026-02-24,149364,137825,6192.0,7608.0,369721,15393.0,11539,-1416.0
JAPANESE YEN - CHICAGO MERCANTILE EXCHANGE,2026-03-03,134945,151520,-14419.0,13695.0,416977,47256.0,-16575,-28114.0
JAPANESE YEN - CHICAGO MERCANTILE EXCHANGE,2026-03-10,119411,160798,-15534.0,9278.0,427718,10741.0,-41387,-24812.0
JAPANESE YEN - CHICAGO MERCANTILE EXCHANGE,2026-03-17,106819,174599,-12592.0,13801.0,326688,-101030.0,-67780,-26393.0
JAPANESE YEN - CHICAGO MERCANTILE EXCHANGE,2026-03-24,98271,161077,-8548.0,-13522.0,328210,1522.0,-62806,4974.0
JAPANESE YEN - CHICAGO MERCANTILE EXCHANGE,2026-03-31,95356,168228,-2915.0,7151.0,345276,17066.0,-72872,-10066.0
JAPANESE YEN - CHICAGO MERCANTILE EXCHANGE,2026-04-07,91560,185302,-3796.0,17074.0,349373,4097.0,-93742,-20870.0
JAPANESE YEN - CHICAGO MERCANTILE EXCHANGE,2026-04-14,102114,185322,10554.0,20.0,354344,4971.0,-83208,10534.0
JAPANESE YEN - CHICAGO MERCANTILE EXCHANGE,2026-04-21,101386,195846,-728.0,10524.0,351782,-2562.0,-94460,-11252.0
JAPANESE YEN - CHICAGO MERCANTILE EXCHANGE,2026-04-28,106530,208589,5144.0,12743.0,372780,20998.0,-102059,-7599.0
JAPANESE YEN - CHICAGO MERCANTILE EXCHANGE,2026-05-05,109035,170773,2505.0,-37816.0,354005,-18775.0,-61738,40321.0
JAPANESE YEN - CHICAGO MERCANTILE EXCHANGE,2026-05-12,100155,175257,-8880.0,4484.0,362042,8037.0,-75102,-13364.0
JAPANESE YEN - CHICAGO MERCANTILE EXCHANGE,2026-05-19,106603,200508,6448.0,25251.0,396573,34531.0,-93905,-18803.0
JAPANESE YEN - CHICAGO MERCANTILE EXCHANGE,2026-05-26,112993,227660,6390.0,27152.0,427294,30721.0,-114667,-20762.0
JAPANESE YEN - CHICAGO MERCANTILE EXCHANGE,2026-06-02,114849,244416,1856.0,16756.0,505555,78261.0,-129567,-14900.0
JAPANESE YEN - CHICAGO MERCANTILE EXCHANGE,2026-06-09,121520,267338,6671.0,22922.0,505075,-480.0,-145818,-16251.0
JAPANESE YEN - CHICAGO MERCANTILE EXCHANGE,2026-06-16,117375,267507,-4145.0,169.0,520825,15750.0,-150132,-4314.0
JAPANESE YEN - CHICAGO MERCANTILE EXCHANGE,2026-06-23,113698,259802,-3677.0,-7705.0,431030,-89795.0,-146104,4028.0
JAPANESE YEN - CHICAGO MERCANTILE EXCHANGE,2026-06-30,111872,266964,-1826.0,7162.0,438825,7795.0,-155092,-8988.0
JAPANESE YEN - CHICAGO MERCANTILE EXCHANGE,2026-07-07,112247,236025,375.0,-30939.0,398103,-40722.0,-123778,31314.0
JAPANESE YEN - CHICAGO MERCANTILE EXCHANGE,2026-07-14,115965,238628,3718.0,2603.0,396514,-1589.0,-122663,1115.0
JAPANESE YEN - CHICAGO MERCANTILE EXCHANGE,2026-07-21,107590,259715,-8375.0,21087.0,423796,27282.0,-152125,-29462.0
JAPANESE YEN - CHICAGO MERCANTILE EXCHANGE,2026-07-28,101271,264683,-6319.0,4968.0,432366,8570.0,-163412,-11287.0
JAPANESE YEN - CHICAGO MERCANTILE EXCHANGE,2026-08-04,147228,192701,45957.0,-71982.0,419393,-12973.0,-45473,117939.0
JAPANESE YEN - CHICAGO MERCANTILE EXCHANGE,2026-08-11,134188,176273,-13040.0,-16428.0,391874,-27519.0,-42085,3388.0
JAPANESE YEN - CHICAGO MERCANTILE EXCHANGE,2026-08-18,128932,181825,-5256.0,5552.0,380811,-11063.0,-52893,-10808.0
JAPANESE YEN - CHICAGO MERCANTILE EXCHANGE,2026-08-25,128340,191638,-592.0,9813.0,384216,3405.0,-63298,-10405.0
JAPANESE YEN - CHICAGO MERCANTILE EXCHANGE,2026-09-01,117169,209396,-11171.0,17758.0,411882,27666.0,-92227,-28929.0
JAPANESE YEN - CHICAGO MERCANTILE EXCHANGE,2026-09-08,178791,167995,61622.0,-41401.0,499635,87753.0,10796,103023.0
JAPANESE YEN - CHICAGO MERCANTILE EXCHANGE,2026-09-15,237951,117592,59160.0,-50403.0,542802,43167.0,120359,109563.0
JAPANESE YEN - CHICAGO MERCANTILE EXCHANGE,2026-09-22,192274,120292,-45677.0,2700.0,378701,-164101.0,71982,-48377.0
