Market and Exchange Names,As of Date in Form YYYY-MM-DD,Noncommercial Positions-Long (All),Noncommercial Positions-Short (All),Change in Noncommercial-Long (All),Change in Noncommercial-Short (All),Open Interest (All),Change in Open Interest (All),Net Positions,Change Net Positions
MEXICAN PESO - INTERNATIONAL MONETARY MARKET,1995-05-23,679,0,679.0,0.0,3407,643.0,679,
MEXICAN PESO - INTERNATIONAL MONETARY MARKET,1995-05-30,1162,0,483.0,0.0,4388,981.0,1162,483.0
MEXICAN PESO - INTERNATIONAL MONETARY MARKET,1995-06-06,812,233,-350.0,233.0,4867,479.0,579,-583.0
MEXICAN PESO - INTERNATIONAL MONETARY MARKET,1995-06-13,1287,0,475.0,-233.0,5216,349.0,1287,708.0
MEXICAN PESO - INTERNATIONAL MONETARY MARKET,1995-06-20,1981,227,694.0,227.0,5298,82.0,1754,467.0
MEXICAN PESO - INTERNATIONAL MONETARY MARKET,1995-06-27,2683,0,702.0,-227.0,6099,801.0,2683,929.0
MEXICAN PESO - INTERNATIONAL MONETARY MARKET,1995-07-03,2628,0,-55.0,0.0,6527,428.0,2628,-55.0
MEXICAN PESO - INTERNATIONAL MONETARY MARKET,1995-07-11,3274,330,646.0,330.0,7510,983.0,2944,316.0
MEXICAN PESO - INTERNATIONAL MONETARY MARKET,1995-07-18,2983,512,-291.0,182.0,8677,1167.0,2471,-473.0
MEXICAN PESO - INTERNATIONAL MONETARY MARKET,1995-07-25,2638,300,-345.0,-212.0,9114,437.0,2338,-133.0
MEXICAN PESO - INTERNATIONAL MONETARY MARKET,1995-08-01,2985,300,347.0,0.0,9288,174.0,2685,347.0
MEXICAN PESO - INTERNATIONAL MONETARY MARKET,1995-08-08,2628,300,-357.0,0.0,9993,705.0,2328,-357.0
MEXICAN PESO - INTERNATIONAL MONETARY MARKET,1995-08-15,588,535,-2040.0,235.0,10406,413.0,53,-2275.0
MEXICAN PESO - INTERNATIONAL MONETARY MARKET,1995-08-22,588,300,0.0,-235.0,11395,989.0,288,235.0
MEXICAN PESO - INTERNATIONAL MONETARY MARKET,1995-08-29,797,300,209.0,0.0,12256,861.0,497,209.0
MEXICAN PESO - INTERNATIONAL MONETARY MARKET,1995-09-05,225,0,-572.0,-300.0,12639,383.0,225,-272.0
MEXICAN PESO - INTERNATIONAL MONETARY MARKET,1995-09-12,225,0,0.0,0.0,13224,585.0,225,0.0
MEXICAN PESO - INTERNATIONAL MONETARY MARKET,1995-09-19,225,0,0.0,0.0,10826,-2398.0,225,0.0
MEXICAN PESO - INTERNATIONAL MONETARY MARKET,1995-09-26,448,0,223.0,0.0,11737,911.0,448,223.0
MEXICAN PESO - INTERNATIONAL MONETARY MARKET,1995-10-03,1029,0,581.0,0.0,12444,707.0,1029,581.0
MEXICAN PESO - INTERNATIONAL MONETARY MARKET,1995-10-10,948,0,-81.0,0.0,12988,544.0,948,-81.0
MEXICAN PESO - INTERNATIONAL MONETARY MARKET,1995-10-17,963,0,15.0,0.0,13789,801.0,963,15.0
MEXICAN PESO - INTERNATIONAL MONETARY MARKET,1995-10-24,917,0,-46.0,0.0,14018,229.0,917,-46.0
MEXICAN PESO - INTERNATIONAL MONETARY MARKET,1995-10-31,1076,0,159.0,0.0,14167,149.0,1076,159.0
MEXICAN PESO - INTERNATIONAL MONETARY MARKET,1995-11-07,1214,0,138.0,0.0,14656,489.0,1214,138.0
MEXICAN PESO - INTERNATIONAL MONETARY MARKET,1995-11-14,1132,0,-82.0,0.0,14897,241.0,1132,-82.0
MEXICAN PESO - INTERNATIONAL MONETARY MARKET,1995-11-21,752,0,-380.0,0.0,14936,39.0,752,-380.0
MEXICAN PESO - INTERNATIONAL MONETARY MARKET,1995-11-28,612,0,-140.0,0.0,15230,294.0,612,-140.0
MEXICAN PESO - INTERNATIONAL MONETARY MARKET,1995-12-05,1069,318,457.0,318.0,15809,579.0,751,139.0
MEXICAN PESO - INTERNATIONAL MONETARY MARKET,1995-12-12,595,318,-474.0,0.0,15563,-246.0,277,-474.0
MEXICAN PESO - INTERNATIONAL MONETARY MARKET,1995-12-19,0,1844,-595.0,1526.0,12573,-2990.0,-1844,-2121.0
MEXICAN PESO - INTERNATIONAL MONETARY MARKET,1995-12-26,0,1859,0.0,15.0,13020,447.0,-1859,-15.0
MEXICAN PESO - INTERNATIONAL MONETARY MARKET,1996-01-02,0,1859,0.0,0.0,14492,1472.0,-1859,0.0
MEXICAN PESO - INTERNATIONAL MONETARY MARKET,1996-01-09,0,2096,0.0,237.0,14277,-215.0,-2096,-237.0
MEXICAN PESO - INTERNATIONAL MONETARY MARKET,1996-01-16,207,2346,207.0,250.0,14555,278.0,-2139,-43.0
MEXICAN PESO - INTERNATIONAL MONETARY MARKET,1996-01-23,207,2574,0.0,228.0,16315,1760.0,-2367,-228.0
MEXICAN PESO - INTERNATIONAL MONETARY MARKET,1996-01-30,0,3481,-207.0,907.0,16900,585.0,-3481,-1114.0
MEXICAN PESO - INTERNATIONAL MONETARY MARKET,1996-02-06,0,2962,0.0,-519.0,18363,1463.0,-2962,519.0
MEXICAN PESO - INTERNATIONAL MONETARY MARKET,1996-02-13,101,2521,101.0,-441.0,19581,1218.0,-2420,542.0
MEXICAN PESO - INTERNATIONAL MONETARY MARKET,1996-02-20,101,1777,0.0,-744.0,19329,-252.0,-1676,744.0
MEXICAN PESO - INTERNATIONAL MONETARY MARKET,1996-02-27,101,2319,0.0,542.0,19308,-21.0,-2218,-542.0
MEXICAN PESO - INTERNATIONAL MONETARY MARKET,1996-03-05,301,2943,200.0,624.0,19915,607.0,-2642,-424.0
MEXICAN PESO - INTERNATIONAL MONETARY MARKET,1996-03-12,335,1764,34.0,-1179.0,19343,-572.0,-1429,1213.0
MEXICAN PESO - INTERNATIONAL MONETARY MARKET,1996-03-19,663,645,328.0,-1119.0,12797,-6546.0,18,1447.0
MEXICAN PESO - INTERNATIONAL MONETARY MARKET,1996-03-26,558,645,-105.0,0.0,13123,326.0,-87,-105.0
MEXICAN PESO - INTERNATIONAL MONETARY MARKET,1996-04-02,830,657,272.0,12.0,14005,882.0,173,260.0
MEXICAN PESO - INTERNATIONAL MONETARY MARKET,1996-04-09,429,657,-401.0,0.0,14181,176.0,-228,-401.0
MEXICAN PESO - INTERNATIONAL MONETARY MARKET,1996-04-16,897,1245,468.0,588.0,14905,724.0,-348,-120.0
MEXICAN PESO - INTERNATIONAL MONETARY MARKET,1996-04-23,96,1389,-801.0,144.0,16061,1156.0,-1293,-945.0
MEXICAN PESO - INTERNATIONAL MONETARY MARKET,1996-04-30,0,1144,-96.0,-245.0,16232,171.0,-1144,149.0
MEXICAN PESO - INTERNATIONAL MONETARY MARKET,1996-05-07,0,1012,0.0,-132.0,16343,111.0,-1012,132.0
MEXICAN PESO - INTERNATIONAL MONETARY MARKET,1996-05-14,209,1061,209.0,49.0,17299,956.0,-852,160.0
MEXICAN PESO - INTERNATIONAL MONETARY MARKET,1996-05-21,356,1023,147.0,-38.0,16151,-1148.0,-667,185.0
MEXICAN PESO - INTERNATIONAL MONETARY MARKET,1996-05-28,582,1537,226.0,514.0,15662,-489.0,-955,-288.0
MEXICAN PESO - INTERNATIONAL MONETARY MARKET,1996-06-04,558,1754,-24.0,217.0,16364,702.0,-1196,-241.0
MEXICAN PESO - INTERNATIONAL MONETARY MARKET,1996-06-11,785,1454,227.0,-300.0,17882,1518.0,-669,527.0
MEXICAN PESO - INTERNATIONAL MONETARY MARKET,1996-06-18,561,390,-224.0,-1064.0,14116,-3766.0,171,840.0
MEXICAN PESO - INTERNATIONAL MONETARY MARKET,1996-06-25,282,74,-279.0,-316.0,15003,887.0,208,37.0
MEXICAN PESO - INTERNATIONAL MONETARY MARKET,1996-07-02,477,0,195.0,-74.0,15034,31.0,477,269.0
MEXICAN PESO - INTERNATIONAL MONETARY MARKET,1996-07-09,361,98,-116.0,98.0,15403,369.0,263,-214.0
MEXICAN PESO - INTERNATIONAL MONETARY MARKET,1996-07-16,2903,290,2542.0,192.0,16604,1201.0,2613,2350.0
MEXICAN PESO - INTERNATIONAL MONETARY MARKET,1996-07-23,631,70,-2272.0,-220.0,19592,2988.0,561,-2052.0
MEXICAN PESO - INTERNATIONAL MONETARY MARKET,1996-07-30,1030,0,399.0,-70.0,19013,-579.0,1030,469.0
MEXICAN PESO - INTERNATIONAL MONETARY MARKET,1996-08-06,381,0,-649.0,0.0,19223,210.0,381,-649.0
MEXICAN PESO - INTERNATIONAL MONETARY MARKET,1996-08-13,323,205,-58.0,205.0,19103,-120.0,118,-263.0
MEXICAN PESO - INTERNATIONAL MONETARY MARKET,1996-08-20,547,306,224.0,101.0,19970,867.0,241,123.0
MEXICAN PESO - INTERNATIONAL MONETARY MARKET,1996-08-27,1264,580,717.0,274.0,20514,544.0,684,443.0
MEXICAN PESO - INTERNATIONAL MONETARY MARKET,1996-09-03,767,580,-497.0,0.0,18266,-2248.0,187,-497.0
MEXICAN PESO - INTERNATIONAL MONETARY MARKET,1996-09-10,1171,0,404.0,-580.0,16637,-1629.0,1171,984.0
MEXICAN PESO - INTERNATIONAL MONETARY MARKET,1996-09-17,1155,255,-16.0,255.0,14806,-1831.0,900,-271.0
MEXICAN PESO - INTERNATIONAL MONETARY MARKET,1996-09-24,1319,255,164.0,0.0,20010,5204.0,1064,164.0
MEXICAN PESO - INTERNATIONAL MONETARY MARKET,1996-10-01,1320,255,1.0,0.0,21959,1949.0,1065,1.0
MEXICAN PESO - INTERNATIONAL MONETARY MARKET,1996-10-08,1217,255,-103.0,0.0,23526,1567.0,962,-103.0
MEXICAN PESO - INTERNATIONAL MONETARY MARKET,1996-10-15,1199,0,-18.0,-255.0,24899,1373.0,1199,237.0
MEXICAN PESO - INTERNATIONAL MONETARY MARKET,1996-10-22,1537,93,338.0,93.0,28496,3597.0,1444,245.0
MEXICAN PESO - INTERNATIONAL MONETARY MARKET,1996-10-29,1002,0,-535.0,-93.0,29705,1209.0,1002,-442.0
MEXICAN PESO - INTERNATIONAL MONETARY MARKET,1996-11-05,457,404,-545.0,404.0,30107,402.0,53,-949.0
MEXICAN PESO - INTERNATIONAL MONETARY MARKET,1996-11-12,996,250,539.0,-154.0,29437,-670.0,746,693.0
MEXICAN PESO - INTERNATIONAL MONETARY MARKET,1996-11-19,1634,530,638.0,280.0,30018,581.0,1104,358.0
MEXICAN PESO - INTERNATIONAL MONETARY MARKET,1996-11-26,971,950,-663.0,420.0,31419,1401.0,21,-1083.0
MEXICAN PESO - INTERNATIONAL MONETARY MARKET,1996-12-03,1600,315,629.0,-635.0,31657,238.0,1285,1264.0
MEXICAN PESO - INTERNATIONAL MONETARY MARKET,1996-12-10,1795,299,195.0,-16.0,31961,304.0,1496,211.0
MEXICAN PESO - INTERNATIONAL MONETARY MARKET,1996-12-17,2301,487,506.0,188.0,28993,-2968.0,1814,318.0
MEXICAN PESO - INTERNATIONAL MONETARY MARKET,1996-12-24,2368,274,67.0,-213.0,30939,1946.0,2094,280.0
MEXICAN PESO - INTERNATIONAL MONETARY MARKET,1996-12-31,2365,274,-3.0,0.0,31103,164.0,2091,-3.0
MEXICAN PESO - INTERNATIONAL MONETARY MARKET,1997-01-07,3647,312,1282.0,38.0,31941,838.0,3335,1244.0
MEXICAN PESO - INTERNATIONAL MONETARY MARKET,1997-01-14,4280,317,633.0,5.0,31562,-379.0,3963,628.0
MEXICAN PESO - INTERNATIONAL MONETARY MARKET,1997-01-21,4478,326,198.0,9.0,33070,1508.0,4152,189.0
MEXICAN PESO - INTERNATIONAL MONETARY MARKET,1997-01-28,4321,342,-157.0,16.0,35144,2074.0,3979,-173.0
MEXICAN PESO - INTERNATIONAL MONETARY MARKET,1997-02-04,4504,362,183.0,20.0,37804,2660.0,4142,163.0
MEXICAN PESO - INTERNATIONAL MONETARY MARKET,1997-02-11,4447,461,-57.0,99.0,40414,2610.0,3986,-156.0
MEXICAN PESO - INTERNATIONAL MONETARY MARKET,1997-02-18,4270,463,-177.0,2.0,43038,2624.0,3807,-179.0
MEXICAN PESO - INTERNATIONAL MONETARY MARKET,1997-02-25,5839,511,1569.0,48.0,47761,4723.0,5328,1521.0
MEXICAN PESO - INTERNATIONAL MONETARY MARKET,1997-03-04,1879,664,-3960.0,153.0,40166,-7595.0,1215,-4113.0
MEXICAN PESO - INTERNATIONAL MONETARY MARKET,1997-03-11,914,210,-965.0,-454.0,40538,372.0,704,-511.0
MEXICAN PESO - INTERNATIONAL MONETARY MARKET,1997-03-18,0,0,-914.0,-210.0,26734,-13804.0,0,-704.0
MEXICAN PESO - INTERNATIONAL MONETARY MARKET,1997-03-25,200,0,200.0,0.0,27861,1127.0,200,200.0
MEXICAN PESO - INTERNATIONAL MONETARY MARKET,1997-04-01,1266,0,1066.0,0.0,29921,2060.0,1266,1066.0
MEXICAN PESO - INTERNATIONAL MONETARY MARKET,1997-04-08,1702,1287,436.0,1287.0,31401,1480.0,415,-851.0
MEXICAN PESO - INTERNATIONAL MONETARY MARKET,1997-04-15,2241,477,539.0,-810.0,32272,871.0,1764,1349.0
MEXICAN PESO - INTERNATIONAL MONETARY MARKET,1997-04-22,2638,200,397.0,-277.0,32566,294.0,2438,674.0
MEXICAN PESO - INTERNATIONAL MONETARY MARKET,1997-04-29,1930,809,-708.0,609.0,30987,-1579.0,1121,-1317.0
MEXICAN PESO - INTERNATIONAL MONETARY MARKET,1997-05-06,2143,771,213.0,-38.0,31579,592.0,1372,251.0
MEXICAN PESO - INTERNATIONAL MONETARY MARKET,1997-05-13,1370,1328,-773.0,557.0,35741,4162.0,42,-1330.0
MEXICAN PESO - INTERNATIONAL MONETARY MARKET,1997-05-20,1852,1197,482.0,-131.0,35508,-233.0,655,613.0
MEXICAN PESO - INTERNATIONAL MONETARY MARKET,1997-05-27,2212,1708,360.0,511.0,37397,1889.0,504,-151.0
MEXICAN PESO - INTERNATIONAL MONETARY MARKET,1997-06-03,2302,1482,90.0,-226.0,38374,977.0,820,316.0
MEXICAN PESO - INTERNATIONAL MONETARY MARKET,1997-06-10,1357,723,-945.0,-759.0,39890,1516.0,634,-186.0
MEXICAN PESO - INTERNATIONAL MONETARY MARKET,1997-06-17,1591,1319,234.0,596.0,32986,-6904.0,272,-362.0
MEXICAN PESO - INTERNATIONAL MONETARY MARKET,1997-06-24,1809,3705,218.0,2386.0,34392,1406.0,-1896,-2168.0
MEXICAN PESO - INTERNATIONAL MONETARY MARKET,1997-07-01,2974,4159,1165.0,454.0,35457,1065.0,-1185,711.0
MEXICAN PESO - INTERNATIONAL MONETARY MARKET,1997-07-08,3113,2854,139.0,-1305.0,34237,-1220.0,259,1444.0
MEXICAN PESO - INTERNATIONAL MONETARY MARKET,1997-07-15,3256,2593,143.0,-261.0,35436,1199.0,663,404.0
MEXICAN PESO - INTERNATIONAL MONETARY MARKET,1997-07-22,4652,3366,1396.0,773.0,38265,2829.0,1286,623.0
MEXICAN PESO - INTERNATIONAL MONETARY MARKET,1997-07-29,4088,3635,-564.0,269.0,39281,1016.0,453,-833.0
MEXICAN PESO - INTERNATIONAL MONETARY MARKET,1997-08-05,4474,1702,386.0,-1933.0,41287,2006.0,2772,2319.0
MEXICAN PESO - INTERNATIONAL MONETARY MARKET,1997-08-12,5170,1866,696.0,164.0,44469,3182.0,3304,532.0
MEXICAN PESO - INTERNATIONAL MONETARY MARKET,1997-08-19,5866,2016,696.0,150.0,44209,-260.0,3850,546.0
MEXICAN PESO - INTERNATIONAL MONETARY MARKET,1997-08-26,7277,2040,1411.0,24.0,45086,877.0,5237,1387.0
MEXICAN PESO - INTERNATIONAL MONETARY MARKET,1997-09-02,6881,1750,-396.0,-290.0,43875,-1211.0,5131,-106.0
MEXICAN PESO - INTERNATIONAL MONETARY MARKET,1997-09-09,5726,229,-1155.0,-1521.0,42539,-1336.0,5497,366.0
MEXICAN PESO - INTERNATIONAL MONETARY MARKET,1997-09-16,7475,0,1749.0,-229.0,32268,-10271.0,7475,1978.0
MEXICAN PESO - INTERNATIONAL MONETARY MARKET,1997-09-23,7798,727,323.0,727.0,36123,3855.0,7071,-404.0
MEXICAN PESO - INTERNATIONAL MONETARY MARKET,1997-09-30,8048,1785,250.0,1058.0,36279,156.0,6263,-808.0
MEXICAN PESO - INTERNATIONAL MONETARY MARKET,1997-10-07,8434,3051,386.0,1266.0,39430,3151.0,5383,-880.0
MEXICAN PESO - INTERNATIONAL MONETARY MARKET,1997-10-14,9269,1925,835.0,-1126.0,40813,1383.0,7344,1961.0
MEXICAN PESO - INTERNATIONAL MONETARY MARKET,1997-10-21,8975,1715,-294.0,-210.0,43135,2322.0,7260,-84.0
MEXICAN PESO - INTERNATIONAL MONETARY MARKET,1997-10-28,7253,3190,-1722.0,1475.0,42718,-417.0,4063,-3197.0
MEXICAN PESO - INTERNATIONAL MONETARY MARKET,1997-11-04,4213,2663,-3040.0,-527.0,38974,-3744.0,1550,-2513.0
MEXICAN PESO - INTERNATIONAL MONETARY MARKET,1997-11-11,3166,2528,-1047.0,-135.0,35270,-3704.0,638,-912.0
MEXICAN PESO - INTERNATIONAL MONETARY MARKET,1997-11-18,2541,2337,-625.0,-191.0,34395,-875.0,204,-434.0
MEXICAN PESO - INTERNATIONAL MONETARY MARKET,1997-11-25,1865,2663,-676.0,326.0,33790,-605.0,-798,-1002.0
MEXICAN PESO - INTERNATIONAL MONETARY MARKET,1997-12-02,1906,2589,41.0,-74.0,32374,-1416.0,-683,115.0
MEXICAN PESO - INTERNATIONAL MONETARY MARKET,1997-12-09,4812,2084,2906.0,-505.0,32500,126.0,2728,3411.0
MEXICAN PESO - INTERNATIONAL MONETARY MARKET,1997-12-16,3766,2245,-1046.0,161.0,25577,-6923.0,1521,-1207.0
MEXICAN PESO - INTERNATIONAL MONETARY MARKET,1997-12-19,1323,1770,-2443.0,-475.0,25068,-509.0,-447,-1968.0
MEXICAN PESO - INTERNATIONAL MONETARY MARKET,1997-12-23,1358,1770,-2408.0,-475.0,24964,-613.0,-412,35.0
MEXICAN PESO - INTERNATIONAL MONETARY MARKET,1997-12-30,2284,2774,926.0,1004.0,24434,-530.0,-490,-78.0
MEXICAN PESO - INTERNATIONAL MONETARY MARKET,1998-01-06,3305,3557,1021.0,783.0,25070,636.0,-252,238.0
MEXICAN PESO - INTERNATIONAL MONETARY MARKET,1998-01-13,3778,3014,473.0,-543.0,26096,1026.0,764,1016.0
MEXICAN PESO - INTERNATIONAL MONETARY MARKET,1998-01-20,3348,3290,-430.0,276.0,27570,1474.0,58,-706.0
MEXICAN PESO - INTERNATIONAL MONETARY MARKET,1998-01-27,4369,1856,1021.0,-1434.0,37080,9510.0,2513,2455.0
MEXICAN PESO - INTERNATIONAL MONETARY MARKET,1998-02-03,4239,1200,-130.0,-656.0,37410,330.0,3039,526.0
MEXICAN PESO - INTERNATIONAL MONETARY MARKET,1998-02-10,4388,1200,149.0,0.0,36834,-576.0,3188,149.0
MEXICAN PESO - INTERNATIONAL MONETARY MARKET,1998-02-17,4532,1200,144.0,0.0,35588,-1246.0,3332,144.0
MEXICAN PESO - INTERNATIONAL MONETARY MARKET,1998-02-24,2467,2213,-2065.0,1013.0,35656,68.0,254,-3078.0
MEXICAN PESO - INTERNATIONAL MONETARY MARKET,1998-03-03,4499,2035,2032.0,-178.0,39389,3733.0,2464,2210.0
MEXICAN PESO - INTERNATIONAL MONETARY MARKET,1998-03-10,5695,2298,1196.0,263.0,39075,-314.0,3397,933.0
MEXICAN PESO - INTERNATIONAL MONETARY MARKET,1998-03-17,5883,2653,188.0,355.0,27326,-11749.0,3230,-167.0
MEXICAN PESO - INTERNATIONAL MONETARY MARKET,1998-03-24,6886,2021,1003.0,-632.0,29742,2416.0,4865,1635.0
MEXICAN PESO - INTERNATIONAL MONETARY MARKET,1998-03-31,3483,1540,-3403.0,-481.0,32785,3043.0,1943,-2922.0
MEXICAN PESO - INTERNATIONAL MONETARY MARKET,1998-04-07,2710,1897,-773.0,357.0,33728,943.0,813,-1130.0
MEXICAN PESO - INTERNATIONAL MONETARY MARKET,1998-04-14,3989,1535,1279.0,-362.0,36285,2557.0,2454,1641.0
MEXICAN PESO - INTERNATIONAL MONETARY MARKET,1998-04-21,4061,80,72.0,-1455.0,37227,942.0,3981,1527.0
MEXICAN PESO - INTERNATIONAL MONETARY MARKET,1998-04-28,2627,85,-1434.0,5.0,36645,-582.0,2542,-1439.0
MEXICAN PESO - INTERNATIONAL MONETARY MARKET,1998-05-05,5208,0,2581.0,-85.0,38135,1490.0,5208,2666.0
MEXICAN PESO - INTERNATIONAL MONETARY MARKET,1998-05-12,4297,0,-911.0,0.0,38351,216.0,4297,-911.0
MEXICAN PESO - INTERNATIONAL MONETARY MARKET,1998-05-19,2724,284,-1573.0,284.0,41187,2836.0,2440,-1857.0
MEXICAN PESO - INTERNATIONAL MONETARY MARKET,1998-05-26,1547,2219,-1177.0,1935.0,44820,3633.0,-672,-3112.0
MEXICAN PESO - INTERNATIONAL MONETARY MARKET,1998-06-02,1279,3299,-268.0,1080.0,47754,2934.0,-2020,-1348.0
MEXICAN PESO - INTERNATIONAL MONETARY MARKET,1998-06-09,1168,2237,-111.0,-1062.0,47298,-456.0,-1069,951.0
MEXICAN PESO - INTERNATIONAL MONETARY MARKET,1998-06-16,2202,3813,1034.0,1576.0,36430,-10868.0,-1611,-542.0
MEXICAN PESO - INTERNATIONAL MONETARY MARKET,1998-06-23,2697,2775,495.0,-1038.0,40307,3877.0,-78,1533.0
MEXICAN PESO - INTERNATIONAL MONETARY MARKET,1998-06-30,2810,2857,113.0,82.0,42692,2385.0,-47,31.0
MEXICAN PESO - INTERNATIONAL MONETARY MARKET,1998-07-07,3090,2017,280.0,-840.0,43295,603.0,1073,1120.0
MEXICAN PESO - INTERNATIONAL MONETARY MARKET,1998-07-14,3904,1174,814.0,-843.0,42344,-951.0,2730,1657.0
MEXICAN PESO - INTERNATIONAL MONETARY MARKET,1998-07-21,5088,635,1184.0,-539.0,43586,1242.0,4453,1723.0
MEXICAN PESO - INTERNATIONAL MONETARY MARKET,1998-07-28,4200,504,-888.0,-131.0,44073,487.0,3696,-757.0
MEXICAN PESO - INTERNATIONAL MONETARY MARKET,1998-08-04,3546,281,-654.0,-223.0,43013,-1060.0,3265,-431.0
MEXICAN PESO - INTERNATIONAL MONETARY MARKET,1998-08-11,3243,2456,-303.0,2175.0,45139,2126.0,787,-2478.0
MEXICAN PESO - INTERNATIONAL MONETARY MARKET,1998-08-18,2638,3457,-605.0,1001.0,42047,-3092.0,-819,-1606.0
MEXICAN PESO - INTERNATIONAL MONETARY MARKET,1998-08-25,1902,4080,-736.0,623.0,41635,-412.0,-2178,-1359.0
MEXICAN PESO - INTERNATIONAL MONETARY MARKET,1998-09-01,1332,3579,-570.0,-501.0,41120,-515.0,-2247,-69.0
MEXICAN PESO - INTERNATIONAL MONETARY MARKET,1998-09-08,1342,3625,10.0,46.0,43616,2496.0,-2283,-36.0
MEXICAN PESO - INTERNATIONAL MONETARY MARKET,1998-09-15,2261,3323,919.0,-302.0,28656,-14960.0,-1062,1221.0
MEXICAN PESO - INTERNATIONAL MONETARY MARKET,1998-09-22,2474,2773,213.0,-550.0,29189,533.0,-299,763.0
MEXICAN PESO - INTERNATIONAL MONETARY MARKET,1998-09-29,2160,1941,-314.0,-832.0,25726,-3463.0,219,518.0
MEXICAN PESO - INTERNATIONAL MONETARY MARKET,1998-10-06,1610,1941,-550.0,0.0,28750,3024.0,-331,-550.0
MEXICAN PESO - INTERNATIONAL MONETARY MARKET,1998-10-13,1474,2031,-136.0,90.0,28575,-175.0,-557,-226.0
MEXICAN PESO - INTERNATIONAL MONETARY MARKET,1998-10-20,1474,647,0.0,-1384.0,25787,-2788.0,827,1384.0
MEXICAN PESO - INTERNATIONAL MONETARY MARKET,1998-10-27,1474,597,0.0,-50.0,23889,-1898.0,877,50.0
MEXICAN PESO - INTERNATIONAL MONETARY MARKET,1998-11-03,1474,597,0.0,0.0,25019,1130.0,877,0.0
MEXICAN PESO - INTERNATIONAL MONETARY MARKET,1998-11-10,1689,597,215.0,0.0,23914,-1105.0,1092,215.0
MEXICAN PESO - INTERNATIONAL MONETARY MARKET,1998-11-17,1939,597,250.0,0.0,25749,1835.0,1342,250.0
MEXICAN PESO - INTERNATIONAL MONETARY MARKET,1998-11-24,2439,597,500.0,0.0,25911,162.0,1842,500.0
MEXICAN PESO - INTERNATIONAL MONETARY MARKET,1998-12-01,2411,597,-28.0,0.0,25268,-643.0,1814,-28.0
MEXICAN PESO - INTERNATIONAL MONETARY MARKET,1998-12-08,3730,597,1319.0,0.0,25174,-94.0,3133,1319.0
MEXICAN PESO - INTERNATIONAL MONETARY MARKET,1998-12-15,4310,649,580.0,52.0,18226,-6948.0,3661,528.0
MEXICAN PESO - INTERNATIONAL MONETARY MARKET,1998-12-22,4613,307,303.0,-342.0,19301,1075.0,4306,645.0
MEXICAN PESO - INTERNATIONAL MONETARY MARKET,1998-12-29,4556,307,-57.0,0.0,19591,290.0,4249,-57.0
MEXICAN PESO - INTERNATIONAL MONETARY MARKET,1999-01-05,4826,306,270.0,-1.0,21948,2357.0,4520,271.0
MEXICAN PESO - INTERNATIONAL MONETARY MARKET,1999-01-12,1497,490,-3329.0,184.0,19496,-2452.0,1007,-3513.0
MEXICAN PESO - INTERNATIONAL MONETARY MARKET,1999-01-19,0,0,-1497.0,-490.0,17166,-2330.0,0,-1007.0
MEXICAN PESO - INTERNATIONAL MONETARY MARKET,1999-01-26,0,200,0.0,200.0,18164,998.0,-200,-200.0
MEXICAN PESO - INTERNATIONAL MONETARY MARKET,1999-02-02,412,0,412.0,-200.0,17583,-581.0,412,612.0
MEXICAN PESO - INTERNATIONAL MONETARY MARKET,1999-02-09,821,0,409.0,0.0,17488,-95.0,821,409.0
MEXICAN PESO - INTERNATIONAL MONETARY MARKET,1999-02-16,4352,0,3531.0,0.0,19170,1682.0,4352,3531.0
MEXICAN PESO - INTERNATIONAL MONETARY MARKET,1999-02-23,4782,310,430.0,310.0,19399,229.0,4472,120.0
MEXICAN PESO - INTERNATIONAL MONETARY MARKET,1999-03-02,6076,92,1294.0,-218.0,22137,2738.0,5984,1512.0
MEXICAN PESO - INTERNATIONAL MONETARY MARKET,1999-03-09,7693,23,1617.0,-69.0,27511,5374.0,7670,1686.0
MEXICAN PESO - INTERNATIONAL MONETARY MARKET,1999-03-16,7784,0,91.0,-23.0,20305,-7206.0,7784,114.0
MEXICAN PESO - INTERNATIONAL MONETARY MARKET,1999-03-23,6148,339,-1636.0,339.0,20031,-274.0,5809,-1975.0
MEXICAN PESO - INTERNATIONAL MONETARY MARKET,1999-03-30,6419,0,271.0,-339.0,19795,-236.0,6419,610.0
MEXICAN PESO - INTERNATIONAL MONETARY MARKET,1999-04-06,6566,450,147.0,450.0,20035,240.0,6116,-303.0
MEXICAN PESO - INTERNATIONAL MONETARY MARKET,1999-04-13,6448,270,-118.0,-180.0,20690,655.0,6178,62.0
MEXICAN PESO - INTERNATIONAL MONETARY MARKET,1999-04-20,7342,0,894.0,-270.0,22328,1638.0,7342,1164.0
MEXICAN PESO - INTERNATIONAL MONETARY MARKET,1999-04-27,6530,0,-812.0,0.0,22603,275.0,6530,-812.0
MEXICAN PESO - INTERNATIONAL MONETARY MARKET,1999-05-04,6593,0,63.0,0.0,23979,1376.0,6593,63.0
MEXICAN PESO - INTERNATIONAL MONETARY MARKET,1999-05-11,6679,250,86.0,250.0,25433,1454.0,6429,-164.0
MEXICAN PESO - INTERNATIONAL MONETARY MARKET,1999-05-18,6546,0,-133.0,-250.0,24321,-1112.0,6546,117.0
MEXICAN PESO - INTERNATIONAL MONETARY MARKET,1999-05-25,2133,430,-4413.0,430.0,23982,-339.0,1703,-4843.0
MEXICAN PESO - INTERNATIONAL MONETARY MARKET,1999-06-01,1147,897,-986.0,467.0,22582,-1400.0,250,-1453.0
MEXICAN PESO - INTERNATIONAL MONETARY MARKET,1999-06-08,1358,345,211.0,-552.0,19943,-2639.0,1013,763.0
MEXICAN PESO - INTERNATIONAL MONETARY MARKET,1999-06-15,1693,345,335.0,0.0,14372,-5571.0,1348,335.0
MEXICAN PESO - INTERNATIONAL MONETARY MARKET,1999-06-22,4284,0,2591.0,-345.0,19833,5461.0,4284,2936.0
MEXICAN PESO - INTERNATIONAL MONETARY MARKET,1999-06-29,4328,0,44.0,0.0,23080,3247.0,4328,44.0
MEXICAN PESO - INTERNATIONAL MONETARY MARKET,1999-07-06,4341,619,13.0,619.0,25092,2012.0,3722,-606.0
MEXICAN PESO - INTERNATIONAL MONETARY MARKET,1999-07-13,4550,619,209.0,0.0,28514,3422.0,3931,209.0
MEXICAN PESO - INTERNATIONAL MONETARY MARKET,1999-07-20,4610,1203,60.0,584.0,27765,-749.0,3407,-524.0
MEXICAN PESO - INTERNATIONAL MONETARY MARKET,1999-07-27,4280,853,-330.0,-350.0,28108,343.0,3427,20.0
MEXICAN PESO - INTERNATIONAL MONETARY MARKET,1999-08-03,3526,573,-754.0,-280.0,27222,-886.0,2953,-474.0
MEXICAN PESO - INTERNATIONAL MONETARY MARKET,1999-08-10,2394,873,-1132.0,300.0,27238,16.0,1521,-1432.0
MEXICAN PESO - INTERNATIONAL MONETARY MARKET,1999-08-17,6342,1573,3948.0,700.0,31990,4752.0,4769,3248.0
MEXICAN PESO - INTERNATIONAL MONETARY MARKET,1999-08-24,6744,1703,402.0,130.0,34913,2923.0,5041,272.0
MEXICAN PESO - INTERNATIONAL MONETARY MARKET,1999-08-31,6745,1703,1.0,0.0,35024,111.0,5042,1.0
MEXICAN PESO - INTERNATIONAL MONETARY MARKET,1999-09-07,7970,1279,1225.0,-424.0,36892,1868.0,6691,1649.0
MEXICAN PESO - INTERNATIONAL MONETARY MARKET,1999-09-14,9336,702,1366.0,-577.0,29509,-7383.0,8634,1943.0
MEXICAN PESO - INTERNATIONAL MONETARY MARKET,1999-09-21,7697,636,-1639.0,-66.0,27551,-1958.0,7061,-1573.0
MEXICAN PESO - INTERNATIONAL MONETARY MARKET,1999-09-28,7221,636,-476.0,0.0,26793,-758.0,6585,-476.0
MEXICAN PESO - INTERNATIONAL MONETARY MARKET,1999-10-05,4229,1008,-2992.0,372.0,26088,-705.0,3221,-3364.0
MEXICAN PESO - INTERNATIONAL MONETARY MARKET,1999-10-12,4092,1038,-137.0,30.0,24888,-1200.0,3054,-167.0
MEXICAN PESO - INTERNATIONAL MONETARY MARKET,1999-10-19,3594,1618,-498.0,580.0,23853,-1035.0,1976,-1078.0
MEXICAN PESO - INTERNATIONAL MONETARY MARKET,1999-10-26,3092,1617,-502.0,-1.0,22847,-1006.0,1475,-501.0
MEXICAN PESO - INTERNATIONAL MONETARY MARKET,1999-11-02,3357,1428,265.0,-189.0,23663,816.0,1929,454.0
MEXICAN PESO - INTERNATIONAL MONETARY MARKET,1999-11-09,9073,470,5716.0,-958.0,30058,6395.0,8603,6674.0
MEXICAN PESO - INTERNATIONAL MONETARY MARKET,1999-11-16,10384,940,1311.0,470.0,31697,1639.0,9444,841.0
MEXICAN PESO - INTERNATIONAL MONETARY MARKET,1999-11-23,10640,470,256.0,-470.0,31461,-236.0,10170,726.0
MEXICAN PESO - INTERNATIONAL MONETARY MARKET,1999-11-30,10246,470,-394.0,0.0,30123,-1338.0,9776,-394.0
MEXICAN PESO - INTERNATIONAL MONETARY MARKET,1999-12-07,6416,892,-3830.0,422.0,26061,-4062.0,5524,-4252.0
MEXICAN PESO - INTERNATIONAL MONETARY MARKET,1999-12-14,5489,470,-927.0,-422.0,14663,-11398.0,5019,-505.0
MEXICAN PESO - INTERNATIONAL MONETARY MARKET,1999-12-21,5924,470,435.0,0.0,15369,706.0,5454,435.0
MEXICAN PESO - INTERNATIONAL MONETARY MARKET,1999-12-28,5771,897,-153.0,427.0,14179,-1190.0,4874,-580.0
MEXICAN PESO - INTERNATIONAL MONETARY MARKET,2000-01-04,5675,725,-96.0,-172.0,15009,830.0,4950,76.0
MEXICAN PESO - INTERNATIONAL MONETARY MARKET,2000-01-11,6648,785,973.0,60.0,16071,1062.0,5863,913.0
MEXICAN PESO - INTERNATIONAL MONETARY MARKET,2000-01-18,7003,836,355.0,51.0,18004,1933.0,6167,304.0
MEXICAN PESO - INTERNATIONAL MONETARY MARKET,2000-01-25,6448,702,-555.0,-134.0,17602,-402.0,5746,-421.0
MEXICAN PESO - INTERNATIONAL MONETARY MARKET,2000-02-01,3710,637,-2738.0,-65.0,14941,-2661.0,3073,-2673.0
MEXICAN PESO - INTERNATIONAL MONETARY MARKET,2000-02-08,8546,567,4836.0,-70.0,20802,5861.0,7979,4906.0
MEXICAN PESO - INTERNATIONAL MONETARY MARKET,2000-02-15,9253,250,707.0,-317.0,21995,1193.0,9003,1024.0
MEXICAN PESO - INTERNATIONAL MONETARY MARKET,2000-02-22,9401,250,148.0,0.0,21693,-302.0,9151,148.0
MEXICAN PESO - INTERNATIONAL MONETARY MARKET,2000-02-29,9872,263,471.0,13.0,24593,2900.0,9609,458.0
MEXICAN PESO - INTERNATIONAL MONETARY MARKET,2000-03-07,10652,210,780.0,-53.0,30268,5675.0,10442,833.0
MEXICAN PESO - INTERNATIONAL MONETARY MARKET,2000-03-14,9986,200,-666.0,-10.0,28436,-1832.0,9786,-656.0
MEXICAN PESO - INTERNATIONAL MONETARY MARKET,2000-03-21,9661,225,-325.0,25.0,21373,-7063.0,9436,-350.0
MEXICAN PESO - INTERNATIONAL MONETARY MARKET,2000-03-28,10256,0,595.0,-225.0,22418,1045.0,10256,820.0
MEXICAN PESO - INTERNATIONAL MONETARY MARKET,2000-04-04,7010,409,-3246.0,409.0,20640,-1778.0,6601,-3655.0
MEXICAN PESO - INTERNATIONAL MONETARY MARKET,2000-04-11,5040,609,-1970.0,200.0,19099,-1541.0,4431,-2170.0
MEXICAN PESO - INTERNATIONAL MONETARY MARKET,2000-04-18,1910,394,-3130.0,-215.0,18838,-261.0,1516,-2915.0
MEXICAN PESO - INTERNATIONAL MONETARY MARKET,2000-04-25,2185,394,275.0,0.0,18733,-105.0,1791,275.0
MEXICAN PESO - INTERNATIONAL MONETARY MARKET,2000-05-02,5542,0,3357.0,-394.0,20442,1709.0,5542,3751.0
MEXICAN PESO - INTERNATIONAL MONETARY MARKET,2000-05-09,2013,409,-3529.0,409.0,19240,-1202.0,1604,-3938.0
MEXICAN PESO - INTERNATIONAL MONETARY MARKET,2000-05-16,871,939,-1142.0,530.0,19830,590.0,-68,-1672.0
MEXICAN PESO - INTERNATIONAL MONETARY MARKET,2000-05-23,1476,959,605.0,20.0,22247,2417.0,517,585.0
MEXICAN PESO - INTERNATIONAL MONETARY MARKET,2000-05-30,2375,430,899.0,-529.0,20857,-1390.0,1945,1428.0
MEXICAN PESO - INTERNATIONAL MONETARY MARKET,2000-06-06,675,1887,-1700.0,1457.0,24115,3258.0,-1212,-3157.0
MEXICAN PESO - INTERNATIONAL MONETARY MARKET,2000-06-13,747,2431,72.0,544.0,24031,-84.0,-1684,-472.0
MEXICAN PESO - INTERNATIONAL MONETARY MARKET,2000-06-20,528,2700,-219.0,269.0,12102,-11929.0,-2172,-488.0
MEXICAN PESO - INTERNATIONAL MONETARY MARKET,2000-06-27,422,3035,-106.0,335.0,12868,766.0,-2613,-441.0
MEXICAN PESO - INTERNATIONAL MONETARY MARKET,2000-07-05,3033,633,2611.0,-2402.0,12320,-548.0,2400,5013.0
MEXICAN PESO - INTERNATIONAL MONETARY MARKET,2000-07-11,3777,673,744.0,40.0,13787,1467.0,3104,704.0
MEXICAN PESO - INTERNATIONAL MONETARY MARKET,2000-07-18,4353,443,576.0,-230.0,14514,727.0,3910,806.0
MEXICAN PESO - INTERNATIONAL MONETARY MARKET,2000-07-25,4850,683,497.0,240.0,15733,1219.0,4167,257.0
MEXICAN PESO - INTERNATIONAL MONETARY MARKET,2000-08-01,4731,598,-119.0,-85.0,15423,-310.0,4133,-34.0
MEXICAN PESO - INTERNATIONAL MONETARY MARKET,2000-08-08,4700,618,-31.0,20.0,16391,968.0,4082,-51.0
MEXICAN PESO - INTERNATIONAL MONETARY MARKET,2000-08-15,6617,598,1917.0,-20.0,18353,1962.0,6019,1937.0
MEXICAN PESO - INTERNATIONAL MONETARY MARKET,2000-08-22,5752,743,-865.0,145.0,19153,800.0,5009,-1010.0
MEXICAN PESO - CHICAGO MERCANTILE EXCHANGE,2000-08-29,6109,835,357.0,92.0,19632,479.0,5274,265.0
MEXICAN PESO - CHICAGO MERCANTILE EXCHANGE,2000-09-05,6103,683,-6.0,-152.0,18636,-996.0,5420,146.0
MEXICAN PESO - CHICAGO MERCANTILE EXCHANGE,2000-09-12,4626,1164,-1477.0,481.0,19329,693.0,3462,-1958.0
MEXICAN PESO - CHICAGO MERCANTILE EXCHANGE,2000-09-19,2093,1056,-2533.0,-108.0,11363,-7966.0,1037,-2425.0
MEXICAN PESO - CHICAGO MERCANTILE EXCHANGE,2000-09-26,1702,1091,-391.0,35.0,10913,-450.0,611,-426.0
MEXICAN PESO - CHICAGO MERCANTILE EXCHANGE,2000-10-03,3342,623,1640.0,-468.0,11465,552.0,2719,2108.0
MEXICAN PESO - CHICAGO MERCANTILE EXCHANGE,2000-10-10,2483,1066,-859.0,443.0,11181,-284.0,1417,-1302.0
MEXICAN PESO - CHICAGO MERCANTILE EXCHANGE,2000-10-17,1467,1208,-1016.0,142.0,13773,2592.0,259,-1158.0
MEXICAN PESO - CHICAGO MERCANTILE EXCHANGE,2000-10-24,773,1702,-694.0,494.0,13717,-56.0,-929,-1188.0
MEXICAN PESO - CHICAGO MERCANTILE EXCHANGE,2000-10-31,476,1399,-297.0,-303.0,13832,115.0,-923,6.0
MEXICAN PESO - CHICAGO MERCANTILE EXCHANGE,2000-11-07,416,1999,-60.0,600.0,13757,-75.0,-1583,-660.0
MEXICAN PESO - CHICAGO MERCANTILE EXCHANGE,2000-11-14,5494,1506,5078.0,-493.0,18245,4488.0,3988,5571.0
MEXICAN PESO - CHICAGO MERCANTILE EXCHANGE,2000-11-21,6938,1517,1444.0,11.0,25760,7515.0,5421,1433.0
MEXICAN PESO - CHICAGO MERCANTILE EXCHANGE,2000-11-28,9167,1462,2229.0,-55.0,29737,3977.0,7705,2284.0
MEXICAN PESO - CHICAGO MERCANTILE EXCHANGE,2000-12-05,10146,1718,979.0,256.0,30450,713.0,8428,723.0
MEXICAN PESO - CHICAGO MERCANTILE EXCHANGE,2000-12-12,8854,1183,-1292.0,-535.0,32149,1699.0,7671,-757.0
MEXICAN PESO - CHICAGO MERCANTILE EXCHANGE,2000-12-19,11358,1782,2504.0,599.0,29337,-2812.0,9576,1905.0
MEXICAN PESO - CHICAGO MERCANTILE EXCHANGE,2000-12-26,6182,1928,-5176.0,146.0,25385,-3952.0,4254,-5322.0
MEXICAN PESO - CHICAGO MERCANTILE EXCHANGE,2001-01-02,5026,1983,-1156.0,-89.0,25329,-56.0,3043,-1211.0
MEXICAN PESO - CHICAGO MERCANTILE EXCHANGE,2001-01-09,3485,3938,-1541.0,1955.0,25700,371.0,-453,-3496.0
MEXICAN PESO - CHICAGO MERCANTILE EXCHANGE,2001-01-16,1649,4142,-1836.0,204.0,21476,-4224.0,-2493,-2040.0
MEXICAN PESO - CHICAGO MERCANTILE EXCHANGE,2001-01-23,1336,3819,-313.0,-323.0,21688,212.0,-2483,10.0
MEXICAN PESO - CHICAGO MERCANTILE EXCHANGE,2001-01-30,2041,1873,705.0,-1946.0,21504,-184.0,168,2651.0
MEXICAN PESO - CHICAGO MERCANTILE EXCHANGE,2001-02-06,3581,1718,1540.0,-155.0,21717,213.0,1863,1695.0
MEXICAN PESO - CHICAGO MERCANTILE EXCHANGE,2001-02-13,4285,1498,704.0,-220.0,22594,877.0,2787,924.0
MEXICAN PESO - CHICAGO MERCANTILE EXCHANGE,2001-02-20,4665,1439,380.0,-59.0,22571,-23.0,3226,439.0
MEXICAN PESO - CHICAGO MERCANTILE EXCHANGE,2001-02-27,6437,1594,1772.0,155.0,26375,3804.0,4843,1617.0
MEXICAN PESO - CHICAGO MERCANTILE EXCHANGE,2001-03-06,8218,2316,1781.0,722.0,27517,1142.0,5902,1059.0
MEXICAN PESO - CHICAGO MERCANTILE EXCHANGE,2001-03-13,11795,1571,3577.0,-745.0,35772,8255.0,10224,4322.0
MEXICAN PESO - CHICAGO MERCANTILE EXCHANGE,2001-03-20,12641,1632,846.0,61.0,25812,-9960.0,11009,785.0
MEXICAN PESO - CHICAGO MERCANTILE EXCHANGE,2001-03-27,11237,1313,-1404.0,-319.0,24977,-835.0,9924,-1085.0
MEXICAN PESO - CHICAGO MERCANTILE EXCHANGE,2001-04-03,12125,2088,888.0,775.0,27219,2242.0,10037,113.0
MEXICAN PESO - CHICAGO MERCANTILE EXCHANGE,2001-04-10,12259,2097,134.0,9.0,27057,-162.0,10162,125.0
MEXICAN PESO - CHICAGO MERCANTILE EXCHANGE,2001-04-17,11891,2147,-368.0,50.0,26675,-382.0,9744,-418.0
MEXICAN PESO - CHICAGO MERCANTILE EXCHANGE,2001-04-24,11591,1964,-300.0,-183.0,26634,-41.0,9627,-117.0
MEXICAN PESO - CHICAGO MERCANTILE EXCHANGE,2001-05-01,11656,1418,65.0,-546.0,25148,-1486.0,10238,611.0
MEXICAN PESO - CHICAGO MERCANTILE EXCHANGE,2001-05-08,12144,1874,488.0,456.0,28374,3226.0,10270,32.0
MEXICAN PESO - CHICAGO MERCANTILE EXCHANGE,2001-05-15,12443,1227,299.0,-647.0,29776,1402.0,11216,946.0
MEXICAN PESO - CHICAGO MERCANTILE EXCHANGE,2001-05-22,10898,1641,-1545.0,414.0,29713,-63.0,9257,-1959.0
MEXICAN PESO - CHICAGO MERCANTILE EXCHANGE,2001-05-29,10915,1683,17.0,42.0,30359,646.0,9232,-25.0
MEXICAN PESO - CHICAGO MERCANTILE EXCHANGE,2001-06-05,9175,1926,-1740.0,243.0,32035,1676.0,7249,-1983.0
MEXICAN PESO - CHICAGO MERCANTILE EXCHANGE,2001-06-12,9603,2019,428.0,93.0,37604,5569.0,7584,335.0
MEXICAN PESO - CHICAGO MERCANTILE EXCHANGE,2001-06-19,9661,1365,58.0,-654.0,27097,-10507.0,8296,712.0
MEXICAN PESO - CHICAGO MERCANTILE EXCHANGE,2001-06-26,9932,1467,271.0,102.0,27758,661.0,8465,169.0
MEXICAN PESO - CHICAGO MERCANTILE EXCHANGE,2001-07-03,10025,2003,93.0,536.0,29079,1321.0,8022,-443.0
MEXICAN PESO - CHICAGO MERCANTILE EXCHANGE,2001-07-10,5669,2463,-4356.0,460.0,28256,-823.0,3206,-4816.0
MEXICAN PESO - CHICAGO MERCANTILE EXCHANGE,2001-07-17,3965,1566,-1704.0,-897.0,26495,-1761.0,2399,-807.0
MEXICAN PESO - CHICAGO MERCANTILE EXCHANGE,2001-07-24,5846,1582,1881.0,16.0,27396,901.0,4264,1865.0
MEXICAN PESO - CHICAGO MERCANTILE EXCHANGE,2001-07-31,5195,1641,-651.0,59.0,28130,734.0,3554,-710.0
MEXICAN PESO - CHICAGO MERCANTILE EXCHANGE,2001-08-07,9627,1479,4432.0,-162.0,32155,4025.0,8148,4594.0
MEXICAN PESO - CHICAGO MERCANTILE EXCHANGE,2001-08-14,11609,1078,1982.0,-401.0,31708,-447.0,10531,2383.0
MEXICAN PESO - CHICAGO MERCANTILE EXCHANGE,2001-08-21,10916,1484,-693.0,406.0,33321,1613.0,9432,-1099.0
MEXICAN PESO - CHICAGO MERCANTILE EXCHANGE,2001-08-28,10691,969,-225.0,-515.0,33441,120.0,9722,290.0
MEXICAN PESO - CHICAGO MERCANTILE EXCHANGE,2001-09-04,7943,1514,-2748.0,545.0,31314,-2127.0,6429,-3293.0
MEXICAN PESO - CHICAGO MERCANTILE EXCHANGE,2001-09-10,4444,1783,-3499.0,269.0,30800,-514.0,2661,-3768.0
MEXICAN PESO - CHICAGO MERCANTILE EXCHANGE,2001-09-18,3334,2845,-1110.0,1062.0,12561,-18239.0,489,-2172.0
MEXICAN PESO - CHICAGO MERCANTILE EXCHANGE,2001-09-25,3068,2862,-266.0,17.0,12952,391.0,206,-283.0
MEXICAN PESO - CHICAGO MERCANTILE EXCHANGE,2001-10-02,3459,3189,391.0,327.0,13251,299.0,270,64.0
MEXICAN PESO - CHICAGO MERCANTILE EXCHANGE,2001-10-09,4864,2509,1405.0,-680.0,12851,-400.0,2355,2085.0
MEXICAN PESO - CHICAGO MERCANTILE EXCHANGE,2001-10-16,6355,971,1491.0,-1538.0,14763,1912.0,5384,3029.0
MEXICAN PESO - CHICAGO MERCANTILE EXCHANGE,2001-10-23,8749,1069,2394.0,98.0,18102,3339.0,7680,2296.0
MEXICAN PESO - CHICAGO MERCANTILE EXCHANGE,2001-10-30,9720,1104,971.0,35.0,20711,2609.0,8616,936.0
MEXICAN PESO - CHICAGO MERCANTILE EXCHANGE,2001-11-06,14363,1144,4643.0,40.0,24249,3538.0,13219,4603.0
MEXICAN PESO - CHICAGO MERCANTILE EXCHANGE,2001-11-13,15306,984,943.0,-160.0,25407,1158.0,14322,1103.0
MEXICAN PESO - CHICAGO MERCANTILE EXCHANGE,2001-11-20,16393,1064,1087.0,80.0,26324,917.0,15329,1007.0
MEXICAN PESO - CHICAGO MERCANTILE EXCHANGE,2001-11-27,14898,939,-1495.0,-125.0,24809,-1515.0,13959,-1370.0
MEXICAN PESO - CHICAGO MERCANTILE EXCHANGE,2001-12-04,12125,1101,-2773.0,162.0,22803,-2006.0,11024,-2935.0
MEXICAN PESO - CHICAGO MERCANTILE EXCHANGE,2001-12-11,14981,1107,2856.0,6.0,38191,15388.0,13874,2850.0
MEXICAN PESO - CHICAGO MERCANTILE EXCHANGE,2001-12-18,15320,1216,339.0,109.0,25323,-12868.0,14104,230.0
MEXICAN PESO - CHICAGO MERCANTILE EXCHANGE,2001-12-21,16130,1040,810.0,-176.0,27311,1988.0,15090,986.0
MEXICAN PESO - CHICAGO MERCANTILE EXCHANGE,2001-12-28,14039,1065,-2091.0,25.0,25076,-2235.0,12974,-2116.0
MEXICAN PESO - CHICAGO MERCANTILE EXCHANGE,2002-01-08,15610,894,1571.0,-171.0,26745,1669.0,14716,1742.0
MEXICAN PESO - CHICAGO MERCANTILE EXCHANGE,2002-01-15,12649,911,-2961.0,17.0,25099,-1646.0,11738,-2978.0
MEXICAN PESO - CHICAGO MERCANTILE EXCHANGE,2002-01-22,15729,736,3080.0,-175.0,29664,4565.0,14993,3255.0
MEXICAN PESO - CHICAGO MERCANTILE EXCHANGE,2002-01-29,14917,529,-812.0,-207.0,29000,-664.0,14388,-605.0
MEXICAN PESO - CHICAGO MERCANTILE EXCHANGE,2002-02-05,17181,1035,2264.0,506.0,34466,5466.0,16146,1758.0
MEXICAN PESO - CHICAGO MERCANTILE EXCHANGE,2002-02-12,19180,1127,1999.0,92.0,37141,2675.0,18053,1907.0
MEXICAN PESO - CHICAGO MERCANTILE EXCHANGE,2002-02-19,19230,1170,50.0,43.0,39347,2206.0,18060,7.0
MEXICAN PESO - CHICAGO MERCANTILE EXCHANGE,2002-02-26,19163,1595,-67.0,425.0,39223,-124.0,17568,-492.0
MEXICAN PESO - CHICAGO MERCANTILE EXCHANGE,2002-03-05,20426,1078,1263.0,-517.0,41663,2440.0,19348,1780.0
MEXICAN PESO - CHICAGO MERCANTILE EXCHANGE,2002-03-12,20056,612,-370.0,-466.0,45857,4194.0,19444,96.0
MEXICAN PESO - CHICAGO MERCANTILE EXCHANGE,2002-03-19,21896,1028,1840.0,416.0,36792,-9065.0,20868,1424.0
MEXICAN PESO - CHICAGO MERCANTILE EXCHANGE,2002-03-26,24325,1388,2429.0,360.0,40122,3330.0,22937,2069.0
MEXICAN PESO - CHICAGO MERCANTILE EXCHANGE,2002-04-02,23953,1268,-372.0,-120.0,41394,1272.0,22685,-252.0
MEXICAN PESO - CHICAGO MERCANTILE EXCHANGE,2002-04-09,22757,964,-1196.0,-304.0,43206,1812.0,21793,-892.0
MEXICAN PESO - CHICAGO MERCANTILE EXCHANGE,2002-04-16,13071,1816,-9686.0,852.0,35639,-7567.0,11255,-10538.0
MEXICAN PESO - CHICAGO MERCANTILE EXCHANGE,2002-04-23,6208,2167,-6863.0,351.0,27751,-7888.0,4041,-7214.0
MEXICAN PESO - CHICAGO MERCANTILE EXCHANGE,2002-04-30,3339,3484,-2869.0,1317.0,27227,-524.0,-145,-4186.0
MEXICAN PESO - CHICAGO MERCANTILE EXCHANGE,2002-05-07,4116,5268,777.0,1784.0,28066,839.0,-1152,-1007.0
MEXICAN PESO - CHICAGO MERCANTILE EXCHANGE,2002-05-14,1972,5723,-2144.0,455.0,29446,1380.0,-3751,-2599.0
MEXICAN PESO - CHICAGO MERCANTILE EXCHANGE,2002-05-21,1273,7173,-699.0,1450.0,28726,-720.0,-5900,-2149.0
MEXICAN PESO - CHICAGO MERCANTILE EXCHANGE,2002-05-28,1260,7482,-13.0,309.0,28343,-383.0,-6222,-322.0
MEXICAN PESO - CHICAGO MERCANTILE EXCHANGE,2002-06-04,1423,9786,163.0,2304.0,30811,2468.0,-8363,-2141.0
MEXICAN PESO - CHICAGO MERCANTILE EXCHANGE,2002-06-11,690,9888,-733.0,102.0,36859,6048.0,-9198,-835.0
MEXICAN PESO - CHICAGO MERCANTILE EXCHANGE,2002-06-18,920,8062,230.0,-1826.0,18535,-18324.0,-7142,2056.0
MEXICAN PESO - CHICAGO MERCANTILE EXCHANGE,2002-06-25,1239,10373,319.0,2311.0,20778,2243.0,-9134,-1992.0
MEXICAN PESO - CHICAGO MERCANTILE EXCHANGE,2002-07-02,1160,10520,-79.0,147.0,21094,316.0,-9360,-226.0
MEXICAN PESO - CHICAGO MERCANTILE EXCHANGE,2002-07-09,1697,9495,537.0,-1025.0,20237,-857.0,-7798,1562.0
MEXICAN PESO - CHICAGO MERCANTILE EXCHANGE,2002-07-16,2160,5374,463.0,-4121.0,16142,-4095.0,-3214,4584.0
MEXICAN PESO - CHICAGO MERCANTILE EXCHANGE,2002-07-23,2947,2539,787.0,-2835.0,15742,-400.0,408,3622.0
MEXICAN PESO - CHICAGO MERCANTILE EXCHANGE,2002-07-30,3432,1672,485.0,-867.0,15513,-229.0,1760,1352.0
MEXICAN PESO - CHICAGO MERCANTILE EXCHANGE,2002-08-06,2432,2274,-1000.0,602.0,15365,-148.0,158,-1602.0
MEXICAN PESO - CHICAGO MERCANTILE EXCHANGE,2002-08-13,2991,4787,559.0,2513.0,16243,878.0,-1796,-1954.0
MEXICAN PESO - CHICAGO MERCANTILE EXCHANGE,2002-08-20,2343,3059,-648.0,-1728.0,15293,-950.0,-716,1080.0
MEXICAN PESO - CHICAGO MERCANTILE EXCHANGE,2002-08-27,2266,3709,-77.0,650.0,17486,2193.0,-1443,-727.0
MEXICAN PESO - CHICAGO MERCANTILE EXCHANGE,2002-09-03,2560,5234,294.0,1525.0,19244,1758.0,-2674,-1231.0
MEXICAN PESO - CHICAGO MERCANTILE EXCHANGE,2002-09-10,1697,6679,-863.0,1445.0,26086,6842.0,-4982,-2308.0
MEXICAN PESO - CHICAGO MERCANTILE EXCHANGE,2002-09-17,1676,6494,-21.0,-185.0,15558,-10528.0,-4818,164.0
MEXICAN PESO - CHICAGO MERCANTILE EXCHANGE,2002-09-24,250,10657,-1426.0,4163.0,19774,4216.0,-10407,-5589.0
MEXICAN PESO - CHICAGO MERCANTILE EXCHANGE,2002-10-01,180,10867,-70.0,210.0,19810,36.0,-10687,-280.0
MEXICAN PESO - CHICAGO MERCANTILE EXCHANGE,2002-10-08,15,10251,-165.0,-616.0,20019,209.0,-10236,451.0
MEXICAN PESO - CHICAGO MERCANTILE EXCHANGE,2002-10-15,249,7396,234.0,-2855.0,17970,-2049.0,-7147,3089.0
MEXICAN PESO - CHICAGO MERCANTILE EXCHANGE,2002-10-22,2006,4600,1757.0,-2796.0,15467,-2503.0,-2594,4553.0
MEXICAN PESO - CHICAGO MERCANTILE EXCHANGE,2002-10-29,2444,4835,438.0,235.0,15891,424.0,-2391,203.0
MEXICAN PESO - CHICAGO MERCANTILE EXCHANGE,2002-11-05,1471,6672,-973.0,1837.0,16046,155.0,-5201,-2810.0
MEXICAN PESO - CHICAGO MERCANTILE EXCHANGE,2002-11-12,1160,8507,-311.0,1835.0,19933,3887.0,-7347,-2146.0
MEXICAN PESO - CHICAGO MERCANTILE EXCHANGE,2002-11-19,2726,5424,1566.0,-3083.0,19783,-150.0,-2698,4649.0
MEXICAN PESO - CHICAGO MERCANTILE EXCHANGE,2002-11-26,3730,5933,1004.0,509.0,21806,2023.0,-2203,495.0
MEXICAN PESO - CHICAGO MERCANTILE EXCHANGE,2002-12-03,4018,4325,288.0,-1608.0,21281,-525.0,-307,1896.0
MEXICAN PESO - CHICAGO MERCANTILE EXCHANGE,2002-12-10,2197,4595,-1821.0,270.0,22598,1317.0,-2398,-2091.0
MEXICAN PESO - CHICAGO MERCANTILE EXCHANGE,2002-12-17,1368,2748,-829.0,-1847.0,11464,-11134.0,-1380,1018.0
MEXICAN PESO - CHICAGO MERCANTILE EXCHANGE,2002-12-23,3673,1558,2305.0,-1190.0,13357,1893.0,2115,3495.0
MEXICAN PESO - CHICAGO MERCANTILE EXCHANGE,2002-12-31,1297,9107,-2376.0,7549.0,19208,5851.0,-7810,-9925.0
MEXICAN PESO - CHICAGO MERCANTILE EXCHANGE,2003-01-07,2181,13049,884.0,3942.0,23751,4543.0,-10868,-3058.0
MEXICAN PESO - CHICAGO MERCANTILE EXCHANGE,2003-01-14,2102,16764,-79.0,3715.0,28464,4713.0,-14662,-3794.0
MEXICAN PESO - CHICAGO MERCANTILE EXCHANGE,2003-01-21,1040,20931,-1062.0,4167.0,32965,4501.0,-19891,-5229.0
MEXICAN PESO - CHICAGO MERCANTILE EXCHANGE,2003-01-28,649,20951,-391.0,20.0,32205,-760.0,-20302,-411.0
MEXICAN PESO - CHICAGO MERCANTILE EXCHANGE,2003-02-04,820,22868,171.0,1917.0,35244,3039.0,-22048,-1746.0
MEXICAN PESO - CHICAGO MERCANTILE EXCHANGE,2003-02-11,565,22382,-255.0,-486.0,35385,141.0,-21817,231.0
MEXICAN PESO - CHICAGO MERCANTILE EXCHANGE,2003-02-18,1466,17043,901.0,-5339.0,29731,-5654.0,-15577,6240.0
MEXICAN PESO - CHICAGO MERCANTILE EXCHANGE,2003-02-25,192,20724,-1274.0,3681.0,35646,5915.0,-20532,-4955.0
MEXICAN PESO - CHICAGO MERCANTILE EXCHANGE,2003-03-04,50,21919,-142.0,1195.0,38141,2495.0,-21869,-1337.0
MEXICAN PESO - CHICAGO MERCANTILE EXCHANGE,2003-03-11,247,16496,197.0,-5423.0,42197,4056.0,-16249,5620.0
MEXICAN PESO - CHICAGO MERCANTILE EXCHANGE,2003-03-18,1508,9810,1261.0,-6686.0,22606,-19591.0,-8302,7947.0
MEXICAN PESO - CHICAGO MERCANTILE EXCHANGE,2003-03-25,2538,7166,1030.0,-2644.0,22279,-327.0,-4628,3674.0
MEXICAN PESO - CHICAGO MERCANTILE EXCHANGE,2003-04-01,4494,6667,1956.0,-499.0,25843,3564.0,-2173,2455.0
MEXICAN PESO - CHICAGO MERCANTILE EXCHANGE,2003-04-08,3011,7860,-1483.0,1193.0,24605,-1238.0,-4849,-2676.0
MEXICAN PESO - CHICAGO MERCANTILE EXCHANGE,2003-04-15,6932,6358,3921.0,-1502.0,30106,5501.0,574,5423.0
MEXICAN PESO - CHICAGO MERCANTILE EXCHANGE,2003-04-22,8543,3037,1611.0,-3321.0,30835,729.0,5506,4932.0
MEXICAN PESO - CHICAGO MERCANTILE EXCHANGE,2003-04-29,15682,1267,7139.0,-1770.0,39342,8507.0,14415,8909.0
MEXICAN PESO - CHICAGO MERCANTILE EXCHANGE,2003-05-06,20355,666,4673.0,-601.0,44029,4687.0,19689,5274.0
MEXICAN PESO - CHICAGO MERCANTILE EXCHANGE,2003-05-13,24533,591,4178.0,-75.0,51422,7393.0,23942,4253.0
MEXICAN PESO - CHICAGO MERCANTILE EXCHANGE,2003-05-20,20812,529,-3721.0,-62.0,48662,-2760.0,20283,-3659.0
MEXICAN PESO - CHICAGO MERCANTILE EXCHANGE,2003-05-27,19266,1721,-1546.0,1192.0,48565,-97.0,17545,-2738.0
MEXICAN PESO - CHICAGO MERCANTILE EXCHANGE,2003-06-03,22620,978,3354.0,-743.0,55834,7269.0,21642,4097.0
MEXICAN PESO - CHICAGO MERCANTILE EXCHANGE,2003-06-10,7338,4471,-15282.0,3493.0,45201,-10633.0,2867,-18775.0
MEXICAN PESO - CHICAGO MERCANTILE EXCHANGE,2003-06-17,7689,2917,351.0,-1554.0,23934,-21267.0,4772,1905.0
MEXICAN PESO - CHICAGO MERCANTILE EXCHANGE,2003-06-24,8070,2599,381.0,-318.0,25766,1832.0,5471,699.0
MEXICAN PESO - CHICAGO MERCANTILE EXCHANGE,2003-07-01,9948,2265,1878.0,-334.0,29312,3546.0,7683,2212.0
MEXICAN PESO - CHICAGO MERCANTILE EXCHANGE,2003-07-08,9195,3969,-753.0,1704.0,32661,3349.0,5226,-2457.0
MEXICAN PESO - CHICAGO MERCANTILE EXCHANGE,2003-07-15,12059,4348,2864.0,379.0,34842,2181.0,7711,2485.0
MEXICAN PESO - CHICAGO MERCANTILE EXCHANGE,2003-07-22,14426,4480,2367.0,132.0,38551,3709.0,9946,2235.0
MEXICAN PESO - CHICAGO MERCANTILE EXCHANGE,2003-07-29,11229,7884,-3197.0,3404.0,38040,-511.0,3345,-6601.0
MEXICAN PESO - CHICAGO MERCANTILE EXCHANGE,2003-08-05,8689,8258,-2540.0,374.0,36485,-1555.0,431,-2914.0
MEXICAN PESO - CHICAGO MERCANTILE EXCHANGE,2003-08-12,7014,9101,-1675.0,843.0,37988,1503.0,-2087,-2518.0
MEXICAN PESO - CHICAGO MERCANTILE EXCHANGE,2003-08-19,7825,15775,811.0,6674.0,41248,3260.0,-7950,-5863.0
MEXICAN PESO - CHICAGO MERCANTILE EXCHANGE,2003-08-26,5344,16071,-2481.0,296.0,39681,-1567.0,-10727,-2777.0
MEXICAN PESO - CHICAGO MERCANTILE EXCHANGE,2003-09-02,4467,18977,-877.0,2906.0,48486,8805.0,-14510,-3783.0
MEXICAN PESO - CHICAGO MERCANTILE EXCHANGE,2003-09-09,4509,19467,42.0,490.0,49952,1466.0,-14958,-448.0
MEXICAN PESO - CHICAGO MERCANTILE EXCHANGE,2003-09-16,3278,18935,-1231.0,-532.0,31881,-18071.0,-15657,-699.0
MEXICAN PESO - CHICAGO MERCANTILE EXCHANGE,2003-09-23,3119,12062,-159.0,-6873.0,28076,-3805.0,-8943,6714.0
MEXICAN PESO - CHICAGO MERCANTILE EXCHANGE,2003-09-30,2451,12573,-668.0,511.0,28886,810.0,-10122,-1179.0
MEXICAN PESO - CHICAGO MERCANTILE EXCHANGE,2003-10-07,1143,21184,-1308.0,8611.0,36380,7494.0,-20041,-9919.0
MEXICAN PESO - CHICAGO MERCANTILE EXCHANGE,2003-10-14,629,24063,-514.0,2879.0,39254,2874.0,-23434,-3393.0
MEXICAN PESO - CHICAGO MERCANTILE EXCHANGE,2003-10-21,1386,23959,757.0,-104.0,38339,-915.0,-22573,861.0
MEXICAN PESO - CHICAGO MERCANTILE EXCHANGE,2003-10-28,1424,21153,38.0,-2806.0,35779,-2560.0,-19729,2844.0
MEXICAN PESO - CHICAGO MERCANTILE EXCHANGE,2003-11-04,2776,17601,1352.0,-3552.0,36306,527.0,-14825,4904.0
MEXICAN PESO - CHICAGO MERCANTILE EXCHANGE,2003-11-11,4034,15156,1258.0,-2445.0,35185,-1121.0,-11122,3703.0
MEXICAN PESO - CHICAGO MERCANTILE EXCHANGE,2003-11-18,3225,18627,-809.0,3471.0,34833,-352.0,-15402,-4280.0
MEXICAN PESO - CHICAGO MERCANTILE EXCHANGE,2003-11-25,2368,18877,-857.0,250.0,43929,9096.0,-16509,-1107.0
MEXICAN PESO - CHICAGO MERCANTILE EXCHANGE,2003-12-02,2694,21513,326.0,2636.0,43126,-803.0,-18819,-2310.0
MEXICAN PESO - CHICAGO MERCANTILE EXCHANGE,2003-12-09,2367,20012,-327.0,-1501.0,43667,541.0,-17645,1174.0
MEXICAN PESO - CHICAGO MERCANTILE EXCHANGE,2003-12-16,2763,18269,396.0,-1743.0,30173,-13494.0,-15506,2139.0
MEXICAN PESO - CHICAGO MERCANTILE EXCHANGE,2003-12-22,3872,21612,1109.0,3343.0,32748,2575.0,-17740,-2234.0
MEXICAN PESO - CHICAGO MERCANTILE EXCHANGE,2003-12-30,4452,14921,580.0,-6691.0,27630,-5118.0,-10469,7271.0
MEXICAN PESO - CHICAGO MERCANTILE EXCHANGE,2004-01-06,13046,3592,8594.0,-11329.0,28708,1078.0,9454,19923.0
MEXICAN PESO - CHICAGO MERCANTILE EXCHANGE,2004-01-13,26716,2052,13670.0,-1540.0,43115,14407.0,24664,15210.0
MEXICAN PESO - CHICAGO MERCANTILE EXCHANGE,2004-01-20,31017,2219,4301.0,167.0,47340,4225.0,28798,4134.0
MEXICAN PESO - CHICAGO MERCANTILE EXCHANGE,2004-01-27,23675,2064,-7342.0,-155.0,42910,-4430.0,21611,-7187.0
MEXICAN PESO - CHICAGO MERCANTILE EXCHANGE,2004-02-03,18612,1662,-5063.0,-402.0,38120,-4790.0,16950,-4661.0
MEXICAN PESO - CHICAGO MERCANTILE EXCHANGE,2004-02-10,12272,3939,-6340.0,2277.0,34961,-3159.0,8333,-8617.0
MEXICAN PESO - CHICAGO MERCANTILE EXCHANGE,2004-02-17,17855,3710,5583.0,-229.0,38944,3983.0,14145,5812.0
MEXICAN PESO - CHICAGO MERCANTILE EXCHANGE,2004-02-24,16427,2812,-1428.0,-898.0,41688,2744.0,13615,-530.0
MEXICAN PESO - CHICAGO MERCANTILE EXCHANGE,2004-03-02,19461,2284,3034.0,-528.0,44291,2603.0,17177,3562.0
MEXICAN PESO - CHICAGO MERCANTILE EXCHANGE,2004-03-09,21247,1601,1786.0,-683.0,54432,10141.0,19646,2469.0
MEXICAN PESO - CHICAGO MERCANTILE EXCHANGE,2004-03-16,17306,2849,-3941.0,1248.0,35206,-19226.0,14457,-5189.0
MEXICAN PESO - CHICAGO MERCANTILE EXCHANGE,2004-03-23,20490,2089,3184.0,-760.0,38181,2975.0,18401,3944.0
MEXICAN PESO - CHICAGO MERCANTILE EXCHANGE,2004-03-30,10003,6303,-10487.0,4214.0,33302,-4879.0,3700,-14701.0
MEXICAN PESO - CHICAGO MERCANTILE EXCHANGE,2004-04-06,9016,10853,-987.0,4550.0,34577,1275.0,-1837,-5537.0
MEXICAN PESO - CHICAGO MERCANTILE EXCHANGE,2004-04-12,8915,15184,-101.0,4331.0,37417,2840.0,-6269,-4432.0
MEXICAN PESO - CHICAGO MERCANTILE EXCHANGE,2004-04-20,4894,20231,-4021.0,5047.0,39527,2110.0,-15337,-9068.0
MEXICAN PESO - CHICAGO MERCANTILE EXCHANGE,2004-04-27,3946,17240,-948.0,-2991.0,37863,-1664.0,-13294,2043.0
MEXICAN PESO - CHICAGO MERCANTILE EXCHANGE,2004-05-04,5104,34531,1158.0,17291.0,53989,16126.0,-29427,-16133.0
MEXICAN PESO - CHICAGO MERCANTILE EXCHANGE,2004-05-11,6780,44651,1676.0,10120.0,64776,10787.0,-37871,-8444.0
MEXICAN PESO - CHICAGO MERCANTILE EXCHANGE,2004-05-18,7246,47749,466.0,3098.0,69232,4456.0,-40503,-2632.0
MEXICAN PESO - CHICAGO MERCANTILE EXCHANGE,2004-05-25,4209,46102,-3037.0,-1647.0,70451,1219.0,-41893,-1390.0
MEXICAN PESO - CHICAGO MERCANTILE EXCHANGE,2004-06-01,3631,41833,-578.0,-4269.0,67809,-2642.0,-38202,3691.0
MEXICAN PESO - CHICAGO MERCANTILE EXCHANGE,2004-06-08,4963,28737,1332.0,-13096.0,68086,277.0,-23774,14428.0
MEXICAN PESO - CHICAGO MERCANTILE EXCHANGE,2004-06-15,4802,27848,-161.0,-889.0,48287,-19799.0,-23046,728.0
MEXICAN PESO - CHICAGO MERCANTILE EXCHANGE,2004-06-22,15734,15532,10932.0,-12316.0,48985,698.0,202,23248.0
MEXICAN PESO - CHICAGO MERCANTILE EXCHANGE,2004-06-29,6292,19044,-9442.0,3512.0,42655,-6330.0,-12752,-12954.0
MEXICAN PESO - CHICAGO MERCANTILE EXCHANGE,2004-07-06,3186,24316,-3106.0,5272.0,50614,7959.0,-21130,-8378.0
MEXICAN PESO - CHICAGO MERCANTILE EXCHANGE,2004-07-13,5000,27115,1814.0,2799.0,47754,-2860.0,-22115,-985.0
MEXICAN PESO - CHICAGO MERCANTILE EXCHANGE,2004-07-20,12344,20351,7344.0,-6764.0,46466,-1288.0,-8007,14108.0
MEXICAN PESO - CHICAGO MERCANTILE EXCHANGE,2004-07-27,9546,15817,-2798.0,-4534.0,40408,-6058.0,-6271,1736.0
MEXICAN PESO - CHICAGO MERCANTILE EXCHANGE,2004-08-03,18326,13446,8780.0,-2371.0,49273,8865.0,4880,11151.0
MEXICAN PESO - CHICAGO MERCANTILE EXCHANGE,2004-08-10,31502,15548,13176.0,2102.0,62309,13036.0,15954,11074.0
MEXICAN PESO - CHICAGO MERCANTILE EXCHANGE,2004-08-17,44255,9565,12753.0,-5983.0,77551,15242.0,34690,18736.0
MEXICAN PESO - CHICAGO MERCANTILE EXCHANGE,2004-08-24,49751,6654,5496.0,-2911.0,81511,3960.0,43097,8407.0
MEXICAN PESO - CHICAGO MERCANTILE EXCHANGE,2004-08-31,45279,6459,-4472.0,-195.0,76517,-4994.0,38820,-4277.0
MEXICAN PESO - CHICAGO MERCANTILE EXCHANGE,2004-09-07,19341,10020,-25938.0,3561.0,63521,-12996.0,9321,-29499.0
MEXICAN PESO - CHICAGO MERCANTILE EXCHANGE,2004-09-14,3788,18579,-15553.0,8559.0,38876,-24645.0,-14791,-24112.0
MEXICAN PESO - CHICAGO MERCANTILE EXCHANGE,2004-09-21,18058,7726,14270.0,-10853.0,42797,3921.0,10332,25123.0
MEXICAN PESO - CHICAGO MERCANTILE EXCHANGE,2004-09-28,31668,7415,13610.0,-311.0,57174,14377.0,24253,13921.0
MEXICAN PESO - CHICAGO MERCANTILE EXCHANGE,2004-10-05,53702,8389,22034.0,974.0,78563,21389.0,45313,21060.0
MEXICAN PESO - CHICAGO MERCANTILE EXCHANGE,2004-10-12,64750,9819,11048.0,1430.0,90268,11705.0,54931,9618.0
MEXICAN PESO - CHICAGO MERCANTILE EXCHANGE,2004-10-19,42140,7437,-22610.0,-2382.0,69840,-20428.0,34703,-20228.0
MEXICAN PESO - CHICAGO MERCANTILE EXCHANGE,2004-10-26,31004,8373,-11136.0,936.0,60478,-9362.0,22631,-12072.0
MEXICAN PESO - CHICAGO MERCANTILE EXCHANGE,2004-11-02,30098,8634,-906.0,261.0,59193,-1285.0,21464,-1167.0
MEXICAN PESO - CHICAGO MERCANTILE EXCHANGE,2004-11-09,38458,9919,8360.0,1285.0,65219,6026.0,28539,7075.0
MEXICAN PESO - CHICAGO MERCANTILE EXCHANGE,2004-11-16,44251,7913,5793.0,-2006.0,70543,5324.0,36338,7799.0
MEXICAN PESO - CHICAGO MERCANTILE EXCHANGE,2004-11-23,52757,9773,8506.0,1860.0,81542,10999.0,42984,6646.0
MEXICAN PESO - CHICAGO MERCANTILE EXCHANGE,2004-11-30,63456,10741,10699.0,968.0,96439,14897.0,52715,9731.0
MEXICAN PESO - CHICAGO MERCANTILE EXCHANGE,2004-12-07,67210,11219,3754.0,478.0,114669,18230.0,55991,3276.0
MEXICAN PESO - CHICAGO MERCANTILE EXCHANGE,2004-12-14,56366,6256,-10844.0,-4963.0,83043,-31626.0,50110,-5881.0
MEXICAN PESO - CHICAGO MERCANTILE EXCHANGE,2004-12-21,57096,6077,730.0,-179.0,85701,2658.0,51019,909.0
MEXICAN PESO - CHICAGO MERCANTILE EXCHANGE,2004-12-28,54120,6053,-2976.0,-24.0,85605,-96.0,48067,-2952.0
MEXICAN PESO - CHICAGO MERCANTILE EXCHANGE,2005-01-04,42781,9870,-11339.0,3817.0,74868,-10737.0,32911,-15156.0
MEXICAN PESO - CHICAGO MERCANTILE EXCHANGE,2005-01-11,38533,6397,-4248.0,-3473.0,69157,-5711.0,32136,-775.0
MEXICAN PESO - CHICAGO MERCANTILE EXCHANGE,2005-01-18,47902,5122,9369.0,-1275.0,72418,3261.0,42780,10644.0
MEXICAN PESO - CHICAGO MERCANTILE EXCHANGE,2005-01-25,42968,8088,-4934.0,2966.0,69088,-3330.0,34880,-7900.0
MEXICAN PESO - CHICAGO MERCANTILE EXCHANGE,2005-02-01,53672,6438,10704.0,-1650.0,79368,10280.0,47234,12354.0
MEXICAN PESO - CHICAGO MERCANTILE EXCHANGE,2005-02-08,58515,6567,4843.0,129.0,82779,3411.0,51948,4714.0
MEXICAN PESO - CHICAGO MERCANTILE EXCHANGE,2005-02-15,64195,8031,5680.0,1464.0,89095,6316.0,56164,4216.0
MEXICAN PESO - CHICAGO MERCANTILE EXCHANGE,2005-02-22,71256,8238,7061.0,207.0,97645,8550.0,63018,6854.0
MEXICAN PESO - CHICAGO MERCANTILE EXCHANGE,2005-03-01,70999,8686,-257.0,448.0,102386,4741.0,62313,-705.0
MEXICAN PESO - CHICAGO MERCANTILE EXCHANGE,2005-03-08,73217,8218,2218.0,-468.0,125412,23026.0,64999,2686.0
MEXICAN PESO - CHICAGO MERCANTILE EXCHANGE,2005-03-15,49610,5015,-23607.0,-3203.0,71963,-53449.0,44595,-20404.0
MEXICAN PESO - CHICAGO MERCANTILE EXCHANGE,2005-03-22,37662,4651,-11948.0,-364.0,65784,-6179.0,33011,-11584.0
MEXICAN PESO - CHICAGO MERCANTILE EXCHANGE,2005-03-29,32692,8860,-4970.0,4209.0,60526,-5258.0,23832,-9179.0
MEXICAN PESO - CHICAGO MERCANTILE EXCHANGE,2005-04-05,32647,10817,-45.0,1957.0,60463,-63.0,21830,-2002.0
MEXICAN PESO - CHICAGO MERCANTILE EXCHANGE,2005-04-12,51661,3749,19014.0,-7068.0,77870,17407.0,47912,26082.0
MEXICAN PESO - CHICAGO MERCANTILE EXCHANGE,2005-04-19,64823,3889,13162.0,140.0,92459,14589.0,60934,13022.0
MEXICAN PESO - CHICAGO MERCANTILE EXCHANGE,2005-04-26,71259,4917,6436.0,1028.0,98729,6270.0,66342,5408.0
MEXICAN PESO - CHICAGO MERCANTILE EXCHANGE,2005-05-03,80754,4432,9495.0,-485.0,109099,10370.0,76322,9980.0
MEXICAN PESO - CHICAGO MERCANTILE EXCHANGE,2005-05-10,79579,4143,-1175.0,-289.0,107076,-2023.0,75436,-886.0
MEXICAN PESO - CHICAGO MERCANTILE EXCHANGE,2005-05-17,78417,2856,-1162.0,-1287.0,105029,-2047.0,75561,125.0
MEXICAN PESO - CHICAGO MERCANTILE EXCHANGE,2005-05-24,77044,3599,-1373.0,743.0,101704,-3325.0,73445,-2116.0
MEXICAN PESO - CHICAGO MERCANTILE EXCHANGE,2005-05-31,83830,3400,6786.0,-199.0,109821,8117.0,80430,6985.0
MEXICAN PESO - CHICAGO MERCANTILE EXCHANGE,2005-06-07,80498,3240,-3332.0,-160.0,120880,11059.0,77258,-3172.0
MEXICAN PESO - CHICAGO MERCANTILE EXCHANGE,2005-06-14,82315,4367,1817.0,1127.0,102424,-18456.0,77948,690.0
MEXICAN PESO - CHICAGO MERCANTILE EXCHANGE,2005-06-21,84058,4968,1743.0,601.0,104351,1927.0,79090,1142.0
MEXICAN PESO - CHICAGO MERCANTILE EXCHANGE,2005-06-28,77644,3968,-6414.0,-1000.0,101145,-3206.0,73676,-5414.0
MEXICAN PESO - CHICAGO MERCANTILE EXCHANGE,2005-07-05,82516,4364,4872.0,396.0,104611,3466.0,78152,4476.0
MEXICAN PESO - CHICAGO MERCANTILE EXCHANGE,2005-07-12,79187,4891,-3329.0,527.0,100344,-4267.0,74296,-3856.0
MEXICAN PESO - CHICAGO MERCANTILE EXCHANGE,2005-07-19,74606,4382,-4581.0,-509.0,94641,-5703.0,70224,-4072.0
MEXICAN PESO - CHICAGO MERCANTILE EXCHANGE,2005-07-26,75471,1862,865.0,-2520.0,97082,2441.0,73609,3385.0
MEXICAN PESO - CHICAGO MERCANTILE EXCHANGE,2005-08-02,74738,1568,-733.0,-294.0,95783,-1299.0,73170,-439.0
MEXICAN PESO - CHICAGO MERCANTILE EXCHANGE,2005-08-09,75620,1411,882.0,-157.0,97200,1417.0,74209,1039.0
MEXICAN PESO - CHICAGO MERCANTILE EXCHANGE,2005-08-16,74922,870,-698.0,-541.0,98820,1620.0,74052,-157.0
MEXICAN PESO - CHICAGO MERCANTILE EXCHANGE,2005-08-23,54579,9279,-20343.0,8409.0,81261,-17559.0,45300,-28752.0
MEXICAN PESO - CHICAGO MERCANTILE EXCHANGE,2005-08-30,39671,4907,-14908.0,-4372.0,70597,-10664.0,34764,-10536.0
MEXICAN PESO - CHICAGO MERCANTILE EXCHANGE,2005-09-06,45022,1944,5351.0,-2963.0,75752,5155.0,43078,8314.0
MEXICAN PESO - CHICAGO MERCANTILE EXCHANGE,2005-09-13,45010,5404,-12.0,3460.0,88343,12591.0,39606,-3472.0
MEXICAN PESO - CHICAGO MERCANTILE EXCHANGE,2005-09-20,39820,4517,-5190.0,-887.0,74609,-13734.0,35303,-4303.0
MEXICAN PESO - CHICAGO MERCANTILE EXCHANGE,2005-09-27,40077,7415,257.0,2898.0,79975,5366.0,32662,-2641.0
MEXICAN PESO - CHICAGO MERCANTILE EXCHANGE,2005-10-04,60168,3894,20091.0,-3521.0,81286,1311.0,56274,23612.0
MEXICAN PESO - CHICAGO MERCANTILE EXCHANGE,2005-10-11,53443,5509,-6725.0,1615.0,75577,-5709.0,47934,-8340.0
MEXICAN PESO - CHICAGO MERCANTILE EXCHANGE,2005-10-18,26899,6589,-26544.0,1080.0,63100,-12477.0,20310,-27624.0
MEXICAN PESO - CHICAGO MERCANTILE EXCHANGE,2005-10-25,26719,12048,-180.0,5459.0,64329,1229.0,14671,-5639.0
MEXICAN PESO - CHICAGO MERCANTILE EXCHANGE,2005-11-01,49052,5131,22333.0,-6917.0,69890,5561.0,43921,29250.0
MEXICAN PESO - CHICAGO MERCANTILE EXCHANGE,2005-11-08,67361,5207,18309.0,76.0,91692,21802.0,62154,18233.0
MEXICAN PESO - CHICAGO MERCANTILE EXCHANGE,2005-11-15,84664,4827,17303.0,-380.0,110276,18584.0,79837,17683.0
MEXICAN PESO - CHICAGO MERCANTILE EXCHANGE,2005-11-22,91337,5043,6673.0,216.0,129683,19407.0,86294,6457.0
MEXICAN PESO - CHICAGO MERCANTILE EXCHANGE,2005-11-29,89970,4250,-1367.0,-793.0,136925,7242.0,85720,-574.0
MEXICAN PESO - CHICAGO MERCANTILE EXCHANGE,2005-12-06,87749,5159,-2221.0,909.0,136373,-552.0,82590,-3130.0
MEXICAN PESO - CHICAGO MERCANTILE EXCHANGE,2005-12-13,73239,5649,-14510.0,490.0,138274,1901.0,67590,-15000.0
MEXICAN PESO - CHICAGO MERCANTILE EXCHANGE,2005-12-20,42265,5976,-30974.0,327.0,93855,-44419.0,36289,-31301.0
MEXICAN PESO - CHICAGO MERCANTILE EXCHANGE,2005-12-27,38295,7660,-3970.0,1684.0,91636,-2219.0,30635,-5654.0
MEXICAN PESO - CHICAGO MERCANTILE EXCHANGE,2006-01-03,38380,2566,85.0,-5094.0,91750,114.0,35814,5179.0
MEXICAN PESO - CHICAGO MERCANTILE EXCHANGE,2006-01-10,43411,3272,5031.0,706.0,96154,4404.0,40139,4325.0
MEXICAN PESO - CHICAGO MERCANTILE EXCHANGE,2006-01-17,49051,4981,5640.0,1709.0,99485,3331.0,44070,3931.0
MEXICAN PESO - CHICAGO MERCANTILE EXCHANGE,2006-01-24,48496,3939,-555.0,-1042.0,98608,-877.0,44557,487.0
MEXICAN PESO - CHICAGO MERCANTILE EXCHANGE,2006-01-31,69877,3779,21381.0,-160.0,117640,19032.0,66098,21541.0
MEXICAN PESO - CHICAGO MERCANTILE EXCHANGE,2006-02-07,67597,6624,-2280.0,2845.0,117623,-17.0,60973,-5125.0
MEXICAN PESO - CHICAGO MERCANTILE EXCHANGE,2006-02-14,70463,3987,2866.0,-2637.0,120098,2475.0,66476,5503.0
MEXICAN PESO - CHICAGO MERCANTILE EXCHANGE,2006-02-21,69966,5263,-497.0,1276.0,119303,-795.0,64703,-1773.0
MEXICAN PESO - CHICAGO MERCANTILE EXCHANGE,2006-02-28,66951,4046,-3015.0,-1217.0,113669,-5634.0,62905,-1798.0
MEXICAN PESO - CHICAGO MERCANTILE EXCHANGE,2006-03-07,40730,6170,-26221.0,2124.0,98842,-14827.0,34560,-28345.0
MEXICAN PESO - CHICAGO MERCANTILE EXCHANGE,2006-03-14,35654,5724,-5076.0,-446.0,77716,-21126.0,29930,-4630.0
MEXICAN PESO - CHICAGO MERCANTILE EXCHANGE,2006-03-21,28530,7520,-7124.0,1796.0,73692,-4024.0,21010,-8920.0
MEXICAN PESO - CHICAGO MERCANTILE EXCHANGE,2006-03-28,20739,9517,-7791.0,1997.0,70502,-3190.0,11222,-9788.0
MEXICAN PESO - CHICAGO MERCANTILE EXCHANGE,2006-04-04,16625,19831,-4114.0,10314.0,79909,9407.0,-3206,-14428.0
MEXICAN PESO - CHICAGO MERCANTILE EXCHANGE,2006-04-11,16180,20804,-445.0,973.0,79961,52.0,-4624,-1418.0
MEXICAN PESO - CHICAGO MERCANTILE EXCHANGE,2006-04-18,16522,23489,342.0,2685.0,80940,979.0,-6967,-2343.0
MEXICAN PESO - CHICAGO MERCANTILE EXCHANGE,2006-04-25,18779,31829,2257.0,8340.0,91804,10864.0,-13050,-6083.0
MEXICAN PESO - CHICAGO MERCANTILE EXCHANGE,2006-05-02,17300,23957,-1479.0,-7872.0,84728,-7076.0,-6657,6393.0
MEXICAN PESO - CHICAGO MERCANTILE EXCHANGE,2006-05-09,19719,23024,2419.0,-933.0,86961,2233.0,-3305,3352.0
MEXICAN PESO - CHICAGO MERCANTILE EXCHANGE,2006-05-16,15488,26560,-4231.0,3536.0,88324,1363.0,-11072,-7767.0
MEXICAN PESO - CHICAGO MERCANTILE EXCHANGE,2006-05-23,11984,30505,-3504.0,3945.0,90941,2617.0,-18521,-7449.0
MEXICAN PESO - CHICAGO MERCANTILE EXCHANGE,2006-05-30,8027,36887,-3957.0,6382.0,90621,-320.0,-28860,-10339.0
MEXICAN PESO - CHICAGO MERCANTILE EXCHANGE,2006-06-06,8862,36758,835.0,-129.0,90022,-599.0,-27896,964.0
MEXICAN PESO - CHICAGO MERCANTILE EXCHANGE,2006-06-13,10088,36319,1226.0,-439.0,103111,13089.0,-26231,1665.0
MEXICAN PESO - CHICAGO MERCANTILE EXCHANGE,2006-06-20,7765,36808,-2323.0,489.0,77868,-25243.0,-29043,-2812.0
MEXICAN PESO - CHICAGO MERCANTILE EXCHANGE,2006-06-27,8917,36735,1152.0,-73.0,88259,10391.0,-27818,1225.0
MEXICAN PESO - CHICAGO MERCANTILE EXCHANGE,2006-07-03,10965,22601,2048.0,-14134.0,85075,-3184.0,-11636,16182.0
MEXICAN PESO - CHICAGO MERCANTILE EXCHANGE,2006-07-11,10838,15195,-127.0,-7406.0,77319,-7756.0,-4357,7279.0
MEXICAN PESO - CHICAGO MERCANTILE EXCHANGE,2006-07-18,17009,10583,6171.0,-4612.0,81681,4362.0,6426,10783.0
MEXICAN PESO - CHICAGO MERCANTILE EXCHANGE,2006-07-25,16625,8554,-384.0,-2029.0,82117,436.0,8071,1645.0
MEXICAN PESO - CHICAGO MERCANTILE EXCHANGE,2006-08-01,27255,9580,10630.0,1026.0,86532,4415.0,17675,9604.0
MEXICAN PESO - CHICAGO MERCANTILE EXCHANGE,2006-08-08,28762,6853,1507.0,-2727.0,79548,-6984.0,21909,4234.0
MEXICAN PESO - CHICAGO MERCANTILE EXCHANGE,2006-08-15,42433,6799,13671.0,-54.0,92014,12466.0,35634,13725.0
MEXICAN PESO - CHICAGO MERCANTILE EXCHANGE,2006-08-22,31768,6927,-10665.0,128.0,82797,-9217.0,24841,-10793.0
MEXICAN PESO - CHICAGO MERCANTILE EXCHANGE,2006-08-29,32841,10036,1073.0,3109.0,84319,1522.0,22805,-2036.0
MEXICAN PESO - CHICAGO MERCANTILE EXCHANGE,2006-09-05,33449,5778,608.0,-4258.0,83830,-489.0,27671,4866.0
MEXICAN PESO - CHICAGO MERCANTILE EXCHANGE,2006-09-12,21116,13042,-12333.0,7264.0,81318,-2512.0,8074,-19597.0
MEXICAN PESO - CHICAGO MERCANTILE EXCHANGE,2006-09-19,21065,18603,-51.0,5561.0,52703,-28615.0,2462,-5612.0
MEXICAN PESO - CHICAGO MERCANTILE EXCHANGE,2006-09-26,16227,20494,-4838.0,1891.0,54570,1867.0,-4267,-6729.0
MEXICAN PESO - CHICAGO MERCANTILE EXCHANGE,2006-10-03,30899,25235,14672.0,4741.0,61683,7113.0,5664,9931.0
MEXICAN PESO - CHICAGO MERCANTILE EXCHANGE,2006-10-10,31309,21537,410.0,-3698.0,70319,8636.0,9772,4108.0
MEXICAN PESO - CHICAGO MERCANTILE EXCHANGE,2006-10-17,64691,12214,33382.0,-9323.0,84107,13788.0,52477,42705.0
MEXICAN PESO - CHICAGO MERCANTILE EXCHANGE,2006-10-24,79052,11969,14361.0,-245.0,99853,15746.0,67083,14606.0
MEXICAN PESO - CHICAGO MERCANTILE EXCHANGE,2006-10-31,93138,10957,14086.0,-1012.0,113332,13479.0,82181,15098.0
MEXICAN PESO - CHICAGO MERCANTILE EXCHANGE,2006-11-07,67625,9565,-25513.0,-1392.0,90298,-23034.0,58060,-24121.0
MEXICAN PESO - CHICAGO MERCANTILE EXCHANGE,2006-11-14,45819,11659,-21806.0,2094.0,74155,-16143.0,34160,-23900.0
MEXICAN PESO - CHICAGO MERCANTILE EXCHANGE,2006-11-21,35021,22882,-10798.0,11223.0,76549,2394.0,12139,-22021.0
MEXICAN PESO - CHICAGO MERCANTILE EXCHANGE,2006-11-28,27433,24144,-7588.0,1262.0,73516,-3033.0,3289,-8850.0
MEXICAN PESO - CHICAGO MERCANTILE EXCHANGE,2006-12-05,33935,8586,6502.0,-15558.0,73822,306.0,25349,22060.0
MEXICAN PESO - CHICAGO MERCANTILE EXCHANGE,2006-12-12,55828,8192,21893.0,-394.0,108850,35028.0,47636,22287.0
MEXICAN PESO - CHICAGO MERCANTILE EXCHANGE,2006-12-19,69778,9775,13950.0,1583.0,80814,-28036.0,60003,12367.0
MEXICAN PESO - CHICAGO MERCANTILE EXCHANGE,2006-12-26,62756,7975,-7022.0,-1800.0,95521,14707.0,54781,-5222.0
MEXICAN PESO - CHICAGO MERCANTILE EXCHANGE,2007-01-03,83250,15377,20494.0,7402.0,115893,20372.0,67873,13092.0
MEXICAN PESO - CHICAGO MERCANTILE EXCHANGE,2007-01-09,52580,24714,-30670.0,9337.0,93823,-22070.0,27866,-40007.0
MEXICAN PESO - CHICAGO MERCANTILE EXCHANGE,2007-01-16,49620,23120,-2960.0,-1594.0,90751,-3072.0,26500,-1366.0
MEXICAN PESO - CHICAGO MERCANTILE EXCHANGE,2007-01-23,45335,27230,-4285.0,4110.0,90420,-331.0,18105,-8395.0
MEXICAN PESO - CHICAGO MERCANTILE EXCHANGE,2007-01-30,40595,30080,-4740.0,2850.0,95731,5311.0,10515,-7590.0
MEXICAN PESO - CHICAGO MERCANTILE EXCHANGE,2007-02-06,44037,27323,3442.0,-2757.0,93156,-2575.0,16714,6199.0
MEXICAN PESO - CHICAGO MERCANTILE EXCHANGE,2007-02-13,42247,20840,-1790.0,-6483.0,91261,-1895.0,21407,4693.0
MEXICAN PESO - CHICAGO MERCANTILE EXCHANGE,2007-02-20,46411,28793,4164.0,7953.0,99338,8077.0,17618,-3789.0
MEXICAN PESO - CHICAGO MERCANTILE EXCHANGE,2007-02-27,33662,33480,-12749.0,4687.0,94756,-4582.0,182,-17436.0
MEXICAN PESO - CHICAGO MERCANTILE EXCHANGE,2007-03-06,30810,46405,-2852.0,12925.0,102082,7326.0,-15595,-15777.0
MEXICAN PESO - CHICAGO MERCANTILE EXCHANGE,2007-03-13,28319,42847,-2491.0,-3558.0,113307,11225.0,-14528,1067.0
MEXICAN PESO - CHICAGO MERCANTILE EXCHANGE,2007-03-20,20833,39849,-7486.0,-2998.0,75465,-37842.0,-19016,-4488.0
MEXICAN PESO - CHICAGO MERCANTILE EXCHANGE,2007-03-27,26718,23174,5885.0,-16675.0,71690,-3775.0,3544,22560.0
MEXICAN PESO - CHICAGO MERCANTILE EXCHANGE,2007-04-03,23449,21666,-3269.0,-1508.0,73102,1412.0,1783,-1761.0
MEXICAN PESO - CHICAGO MERCANTILE EXCHANGE,2007-04-10,30440,16696,6991.0,-4970.0,75108,2006.0,13744,11961.0
MEXICAN PESO - CHICAGO MERCANTILE EXCHANGE,2007-04-17,28366,18607,-2074.0,1911.0,77552,2444.0,9759,-3985.0
MEXICAN PESO - CHICAGO MERCANTILE EXCHANGE,2007-04-24,28053,22324,-313.0,3717.0,80802,3250.0,5729,-4030.0
MEXICAN PESO - CHICAGO MERCANTILE EXCHANGE,2007-05-01,50776,24209,22723.0,1885.0,107566,26764.0,26567,20838.0
MEXICAN PESO - CHICAGO MERCANTILE EXCHANGE,2007-05-08,69338,21011,18562.0,-3198.0,126677,19111.0,48327,21760.0
MEXICAN PESO - CHICAGO MERCANTILE EXCHANGE,2007-05-15,85844,22782,16506.0,1771.0,142943,16266.0,63062,14735.0
MEXICAN PESO - CHICAGO MERCANTILE EXCHANGE,2007-05-22,81362,12124,-4482.0,-10658.0,128888,-14055.0,69238,6176.0
MEXICAN PESO - CHICAGO MERCANTILE EXCHANGE,2007-05-29,94740,8603,13378.0,-3521.0,139965,11077.0,86137,16899.0
MEXICAN PESO - CHICAGO MERCANTILE EXCHANGE,2007-06-05,97365,6309,2625.0,-2294.0,141432,1467.0,91056,4919.0
MEXICAN PESO - CHICAGO MERCANTILE EXCHANGE,2007-06-12,72598,16268,-24767.0,9959.0,138039,-3393.0,56330,-34726.0
MEXICAN PESO - CHICAGO MERCANTILE EXCHANGE,2007-06-19,69496,4923,-3102.0,-11345.0,104674,-33365.0,64573,8243.0
MEXICAN PESO - CHICAGO MERCANTILE EXCHANGE,2007-06-26,53758,11778,-15738.0,6855.0,94588,-10086.0,41980,-22593.0
MEXICAN PESO - CHICAGO MERCANTILE EXCHANGE,2007-07-03,55616,6836,1858.0,-4942.0,94589,1.0,48780,6800.0
MEXICAN PESO - CHICAGO MERCANTILE EXCHANGE,2007-07-10,59061,6849,3445.0,13.0,95605,1016.0,52212,3432.0
MEXICAN PESO - CHICAGO MERCANTILE EXCHANGE,2007-07-17,66046,7879,6985.0,1030.0,101682,6077.0,58167,5955.0
MEXICAN PESO - CHICAGO MERCANTILE EXCHANGE,2007-07-24,62055,14327,-3991.0,6448.0,103205,1523.0,47728,-10439.0
MEXICAN PESO - CHICAGO MERCANTILE EXCHANGE,2007-07-31,34415,11809,-27640.0,-2518.0,95940,-7265.0,22606,-25122.0
MEXICAN PESO - CHICAGO MERCANTILE EXCHANGE,2007-08-07,27157,10787,-7258.0,-1022.0,94580,-1360.0,16370,-6236.0
MEXICAN PESO - CHICAGO MERCANTILE EXCHANGE,2007-08-14,26630,14915,-527.0,4128.0,94014,-566.0,11715,-4655.0
MEXICAN PESO - CHICAGO MERCANTILE EXCHANGE,2007-08-21,9674,33808,-16956.0,18893.0,101504,7490.0,-24134,-35849.0
MEXICAN PESO - CHICAGO MERCANTILE EXCHANGE,2007-08-28,10761,30963,1087.0,-2845.0,101179,-325.0,-20202,3932.0
MEXICAN PESO - CHICAGO MERCANTILE EXCHANGE,2007-09-04,10724,26644,-37.0,-4319.0,109118,7939.0,-15920,4282.0
MEXICAN PESO - CHICAGO MERCANTILE EXCHANGE,2007-09-11,16805,29938,6081.0,3294.0,128847,19729.0,-13133,2787.0
MEXICAN PESO - CHICAGO MERCANTILE EXCHANGE,2007-09-18,9948,38020,-6857.0,8082.0,72554,-56293.0,-28072,-14939.0
MEXICAN PESO - CHICAGO MERCANTILE EXCHANGE,2007-09-25,18346,31267,8398.0,-6753.0,75151,2597.0,-12921,15151.0
MEXICAN PESO - CHICAGO MERCANTILE EXCHANGE,2007-10-02,18098,20241,-248.0,-11026.0,73625,-1526.0,-2143,10778.0
MEXICAN PESO - CHICAGO MERCANTILE EXCHANGE,2007-10-09,25879,15159,7781.0,-5082.0,80483,6858.0,10720,12863.0
MEXICAN PESO - CHICAGO MERCANTILE EXCHANGE,2007-10-16,37570,7376,11691.0,-7783.0,84626,4143.0,30194,19474.0
MEXICAN PESO - CHICAGO MERCANTILE EXCHANGE,2007-10-23,51103,5844,13533.0,-1532.0,96322,11696.0,45259,15065.0
MEXICAN PESO - CHICAGO MERCANTILE EXCHANGE,2007-10-30,76830,7065,25727.0,1221.0,118028,21706.0,69765,24506.0
MEXICAN PESO - CHICAGO MERCANTILE EXCHANGE,2007-11-06,68172,14597,-8658.0,7532.0,113295,-4733.0,53575,-16190.0
MEXICAN PESO - CHICAGO MERCANTILE EXCHANGE,2007-11-13,45638,11399,-22534.0,-3198.0,102849,-10446.0,34239,-19336.0
MEXICAN PESO - CHICAGO MERCANTILE EXCHANGE,2007-11-20,31631,14724,-14007.0,3325.0,94239,-8610.0,16907,-17332.0
MEXICAN PESO - CHICAGO MERCANTILE EXCHANGE,2007-11-27,26351,14582,-5280.0,-142.0,90471,-3768.0,11769,-5138.0
MEXICAN PESO - CHICAGO MERCANTILE EXCHANGE,2007-12-04,32548,22512,6197.0,7930.0,105039,14568.0,10036,-1733.0
MEXICAN PESO - CHICAGO MERCANTILE EXCHANGE,2007-12-11,58200,19297,25652.0,-3215.0,126777,21738.0,38903,28867.0
MEXICAN PESO - CHICAGO MERCANTILE EXCHANGE,2007-12-18,70710,3821,12510.0,-15476.0,89937,-36840.0,66889,27986.0
MEXICAN PESO - CHICAGO MERCANTILE EXCHANGE,2007-12-24,75331,3523,4621.0,-298.0,94387,4450.0,71808,4919.0
MEXICAN PESO - CHICAGO MERCANTILE EXCHANGE,2007-12-31,62193,5903,-13138.0,2380.0,85765,-8622.0,56290,-15518.0
MEXICAN PESO - CHICAGO MERCANTILE EXCHANGE,2008-01-08,62120,6254,-73.0,351.0,93542,7777.0,55866,-424.0
MEXICAN PESO - CHICAGO MERCANTILE EXCHANGE,2008-01-15,38271,8319,-23849.0,2065.0,82208,-11334.0,29952,-25914.0
MEXICAN PESO - CHICAGO MERCANTILE EXCHANGE,2008-01-22,34615,10652,-3656.0,2333.0,81705,-503.0,23963,-5989.0
MEXICAN PESO - CHICAGO MERCANTILE EXCHANGE,2008-01-29,51191,9405,16576.0,-1247.0,84369,2664.0,41786,17823.0
MEXICAN PESO - CHICAGO MERCANTILE EXCHANGE,2008-02-05,79122,7067,27931.0,-2338.0,121116,36747.0,72055,30269.0
MEXICAN PESO - CHICAGO MERCANTILE EXCHANGE,2008-02-12,111054,5032,31932.0,-2035.0,152013,30897.0,106022,33967.0
MEXICAN PESO - CHICAGO MERCANTILE EXCHANGE,2008-02-19,123599,7092,12545.0,2060.0,166427,14414.0,116507,10485.0
MEXICAN PESO - CHICAGO MERCANTILE EXCHANGE,2008-02-26,131665,6331,8066.0,-761.0,177319,10892.0,125334,8827.0
MEXICAN PESO - CHICAGO MERCANTILE EXCHANGE,2008-03-04,120841,7958,-10824.0,1627.0,170510,-6809.0,112883,-12451.0
MEXICAN PESO - CHICAGO MERCANTILE EXCHANGE,2008-03-11,79981,6247,-40860.0,-1711.0,126567,-43943.0,73734,-39149.0
MEXICAN PESO - CHICAGO MERCANTILE EXCHANGE,2008-03-18,93397,4093,13416.0,-2154.0,104067,-22500.0,89304,15570.0
MEXICAN PESO - CHICAGO MERCANTILE EXCHANGE,2008-03-25,109318,5467,15921.0,1374.0,120313,16246.0,103851,14547.0
MEXICAN PESO - CHICAGO MERCANTILE EXCHANGE,2008-04-01,127875,6972,18557.0,1505.0,140166,19853.0,120903,17052.0
MEXICAN PESO - CHICAGO MERCANTILE EXCHANGE,2008-04-08,124116,8713,-3759.0,1741.0,138434,-1732.0,115403,-5500.0
MEXICAN PESO - CHICAGO MERCANTILE EXCHANGE,2008-04-15,122670,7776,-1446.0,-937.0,136543,-1891.0,114894,-509.0
MEXICAN PESO - CHICAGO MERCANTILE EXCHANGE,2008-04-22,128069,7212,5399.0,-564.0,142006,5463.0,120857,5963.0
MEXICAN PESO - CHICAGO MERCANTILE EXCHANGE,2008-04-29,100559,9763,-27510.0,2551.0,116470,-25536.0,90796,-30061.0
MEXICAN PESO - CHICAGO MERCANTILE EXCHANGE,2008-05-06,108564,7053,8005.0,-2710.0,122815,6345.0,101511,10715.0
MEXICAN PESO - CHICAGO MERCANTILE EXCHANGE,2008-05-13,104833,5805,-3731.0,-1248.0,118845,-3970.0,99028,-2483.0
MEXICAN PESO - CHICAGO MERCANTILE EXCHANGE,2008-05-20,97539,6940,-7294.0,1135.0,116535,-2310.0,90599,-8429.0
MEXICAN PESO - CHICAGO MERCANTILE EXCHANGE,2008-05-27,100428,5672,2889.0,-1268.0,120338,3803.0,94756,4157.0
MEXICAN PESO - CHICAGO MERCANTILE EXCHANGE,2008-06-03,104836,6001,4408.0,329.0,150702,30364.0,98835,4079.0
MEXICAN PESO - CHICAGO MERCANTILE EXCHANGE,2008-06-10,90984,6822,-13852.0,821.0,148568,-2134.0,84162,-14673.0
MEXICAN PESO - CHICAGO MERCANTILE EXCHANGE,2008-06-17,99948,4101,8964.0,-2721.0,111911,-36657.0,95847,11685.0
MEXICAN PESO - CHICAGO MERCANTILE EXCHANGE,2008-06-24,101766,3596,1818.0,-505.0,116518,4607.0,98170,2323.0
MEXICAN PESO - CHICAGO MERCANTILE EXCHANGE,2008-07-01,80362,6427,-21404.0,2831.0,100205,-16313.0,73935,-24235.0
MEXICAN PESO - CHICAGO MERCANTILE EXCHANGE,2008-07-08,82780,10590,2418.0,4163.0,100375,170.0,72190,-1745.0
MEXICAN PESO - CHICAGO MERCANTILE EXCHANGE,2008-07-15,87130,14789,4350.0,4199.0,107156,6781.0,72341,151.0
MEXICAN PESO - CHICAGO MERCANTILE EXCHANGE,2008-07-22,97975,7838,10845.0,-6951.0,111592,4436.0,90137,17796.0
MEXICAN PESO - CHICAGO MERCANTILE EXCHANGE,2008-07-29,90545,11777,-7430.0,3939.0,104551,-7041.0,78768,-11369.0
MEXICAN PESO - CHICAGO MERCANTILE EXCHANGE,2008-08-05,82217,9924,-8328.0,-1853.0,113239,8688.0,72293,-6475.0
MEXICAN PESO - CHICAGO MERCANTILE EXCHANGE,2008-08-12,60047,9523,-22170.0,-401.0,105696,-7543.0,50524,-21769.0
MEXICAN PESO - CHICAGO MERCANTILE EXCHANGE,2008-08-19,59148,8833,-899.0,-690.0,106247,551.0,50315,-209.0
MEXICAN PESO - CHICAGO MERCANTILE EXCHANGE,2008-08-26,59399,5531,251.0,-3302.0,107142,895.0,53868,3553.0
MEXICAN PESO - CHICAGO MERCANTILE EXCHANGE,2008-09-02,51004,7427,-8395.0,1896.0,104660,-2482.0,43577,-10291.0
MEXICAN PESO - CHICAGO MERCANTILE EXCHANGE,2008-09-09,32754,7275,-18250.0,-152.0,88224,-16436.0,25479,-18098.0
MEXICAN PESO - CHICAGO MERCANTILE EXCHANGE,2008-09-16,24814,7506,-7940.0,231.0,50220,-38004.0,17308,-8171.0
MEXICAN PESO - CHICAGO MERCANTILE EXCHANGE,2008-09-23,14498,8069,-10316.0,563.0,48558,-1662.0,6429,-10879.0
MEXICAN PESO - CHICAGO MERCANTILE EXCHANGE,2008-09-30,18220,6204,3722.0,-1865.0,55055,6497.0,12016,5587.0
MEXICAN PESO - CHICAGO MERCANTILE EXCHANGE,2008-10-07,16283,6348,-1937.0,144.0,50572,-4483.0,9935,-2081.0
MEXICAN PESO - CHICAGO MERCANTILE EXCHANGE,2008-10-14,8294,5193,-7989.0,-1155.0,44963,-5609.0,3101,-6834.0
MEXICAN PESO - CHICAGO MERCANTILE EXCHANGE,2008-10-21,5746,5317,-2548.0,124.0,43587,-1376.0,429,-2672.0
MEXICAN PESO - CHICAGO MERCANTILE EXCHANGE,2008-10-28,3470,6435,-2276.0,1118.0,42793,-794.0,-2965,-3394.0
MEXICAN PESO - CHICAGO MERCANTILE EXCHANGE,2008-11-04,3346,7905,-124.0,1470.0,43809,1016.0,-4559,-1594.0
MEXICAN PESO - CHICAGO MERCANTILE EXCHANGE,2008-11-11,3739,6074,393.0,-1831.0,41277,-2532.0,-2335,2224.0
MEXICAN PESO - CHICAGO MERCANTILE EXCHANGE,2008-11-18,4390,5325,651.0,-749.0,40790,-487.0,-935,1400.0
MEXICAN PESO - CHICAGO MERCANTILE EXCHANGE,2008-11-25,3808,5823,-582.0,498.0,41586,796.0,-2015,-1080.0
MEXICAN PESO - CHICAGO MERCANTILE EXCHANGE,2008-12-02,4142,6040,334.0,217.0,41175,-411.0,-1898,117.0
MEXICAN PESO - CHICAGO MERCANTILE EXCHANGE,2008-12-09,4743,4118,601.0,-1922.0,42263,1088.0,625,2523.0
MEXICAN PESO - CHICAGO MERCANTILE EXCHANGE,2008-12-16,6000,3714,1257.0,-404.0,10927,-31336.0,2286,1661.0
MEXICAN PESO - CHICAGO MERCANTILE EXCHANGE,2008-12-22,6829,5028,829.0,1314.0,13423,2496.0,1801,-485.0
MEXICAN PESO - CHICAGO MERCANTILE EXCHANGE,2008-12-30,6760,7400,-69.0,2372.0,15442,2019.0,-640,-2441.0
MEXICAN PESO - CHICAGO MERCANTILE EXCHANGE,2009-01-06,6789,7203,29.0,-197.0,16211,769.0,-414,226.0
MEXICAN PESO - CHICAGO MERCANTILE EXCHANGE,2009-01-13,5943,10201,-846.0,2998.0,18232,2021.0,-4258,-3844.0
MEXICAN PESO - CHICAGO MERCANTILE EXCHANGE,2009-01-20,5671,14524,-272.0,4323.0,24625,6393.0,-8853,-4595.0
MEXICAN PESO - CHICAGO MERCANTILE EXCHANGE,2009-01-27,5491,16393,-180.0,1869.0,30762,6137.0,-10902,-2049.0
MEXICAN PESO - CHICAGO MERCANTILE EXCHANGE,2009-02-03,6678,16388,1187.0,-5.0,42781,12019.0,-9710,1192.0
MEXICAN PESO - CHICAGO MERCANTILE EXCHANGE,2009-02-10,7577,19224,899.0,2836.0,46419,3638.0,-11647,-1937.0
MEXICAN PESO - CHICAGO MERCANTILE EXCHANGE,2009-02-17,6061,17693,-1516.0,-1531.0,44972,-1447.0,-11632,15.0
MEXICAN PESO - CHICAGO MERCANTILE EXCHANGE,2009-02-24,5290,19570,-771.0,1877.0,46055,1083.0,-14280,-2648.0
MEXICAN PESO - CHICAGO MERCANTILE EXCHANGE,2009-03-03,4750,22011,-540.0,2441.0,48835,2780.0,-17261,-2981.0
MEXICAN PESO - CHICAGO MERCANTILE EXCHANGE,2009-03-10,5223,21378,473.0,-633.0,60408,11573.0,-16155,1106.0
MEXICAN PESO - CHICAGO MERCANTILE EXCHANGE,2009-03-17,9178,16648,3955.0,-4730.0,47497,-12911.0,-7470,8685.0
MEXICAN PESO - CHICAGO MERCANTILE EXCHANGE,2009-03-24,12439,13569,3261.0,-3079.0,43726,-3771.0,-1130,6340.0
MEXICAN PESO - CHICAGO MERCANTILE EXCHANGE,2009-03-31,12892,15858,453.0,2289.0,44418,692.0,-2966,-1836.0
MEXICAN PESO - CHICAGO MERCANTILE EXCHANGE,2009-04-07,17293,11721,4401.0,-4137.0,43610,-808.0,5572,8538.0
MEXICAN PESO - CHICAGO MERCANTILE EXCHANGE,2009-04-14,20035,7337,2742.0,-4384.0,42647,-963.0,12698,7126.0
MEXICAN PESO - CHICAGO MERCANTILE EXCHANGE,2009-04-21,36407,6300,16372.0,-1037.0,57092,14445.0,30107,17409.0
MEXICAN PESO - CHICAGO MERCANTILE EXCHANGE,2009-04-28,35156,6025,-1251.0,-275.0,59521,2429.0,29131,-976.0
MEXICAN PESO - CHICAGO MERCANTILE EXCHANGE,2009-05-05,24744,5839,-10412.0,-186.0,47511,-12010.0,18905,-10226.0
MEXICAN PESO - CHICAGO MERCANTILE EXCHANGE,2009-05-12,30478,9010,5734.0,3171.0,48168,657.0,21468,2563.0
MEXICAN PESO - CHICAGO MERCANTILE EXCHANGE,2009-05-19,28540,7411,-1938.0,-1599.0,47350,-818.0,21129,-339.0
MEXICAN PESO - CHICAGO MERCANTILE EXCHANGE,2009-05-26,31352,7548,2812.0,137.0,50269,2919.0,23804,2675.0
MEXICAN PESO - CHICAGO MERCANTILE EXCHANGE,2009-06-02,32097,6709,745.0,-839.0,50823,554.0,25388,1584.0
MEXICAN PESO - CHICAGO MERCANTILE EXCHANGE,2009-06-09,25637,11829,-6460.0,5120.0,58287,7464.0,13808,-11580.0
MEXICAN PESO - CHICAGO MERCANTILE EXCHANGE,2009-06-16,23611,10870,-2026.0,-959.0,38677,-19610.0,12741,-1067.0
MEXICAN PESO - CHICAGO MERCANTILE EXCHANGE,2009-06-23,26074,10827,2463.0,-43.0,40150,1473.0,15247,2506.0
MEXICAN PESO - CHICAGO MERCANTILE EXCHANGE,2009-06-30,40356,11405,14282.0,578.0,54055,13905.0,28951,13704.0
MEXICAN PESO - CHICAGO MERCANTILE EXCHANGE,2009-07-07,48769,9749,8413.0,-1656.0,61934,7879.0,39020,10069.0
MEXICAN PESO - CHICAGO MERCANTILE EXCHANGE,2009-07-14,27620,14006,-21149.0,4257.0,45901,-16033.0,13614,-25406.0
MEXICAN PESO - CHICAGO MERCANTILE EXCHANGE,2009-07-21,23177,11962,-4443.0,-2044.0,43086,-2815.0,11215,-2399.0
MEXICAN PESO - CHICAGO MERCANTILE EXCHANGE,2009-07-28,40014,9807,16837.0,-2155.0,56665,13579.0,30207,18992.0
MEXICAN PESO - CHICAGO MERCANTILE EXCHANGE,2009-08-04,45350,9419,5336.0,-388.0,62079,5414.0,35931,5724.0
MEXICAN PESO - CHICAGO MERCANTILE EXCHANGE,2009-08-11,57266,8804,11916.0,-615.0,77773,15694.0,48462,12531.0
MEXICAN PESO - CHICAGO MERCANTILE EXCHANGE,2009-08-18,72367,7954,15101.0,-850.0,89816,12043.0,64413,15951.0
MEXICAN PESO - CHICAGO MERCANTILE EXCHANGE,2009-08-25,79550,8707,7183.0,753.0,99277,9461.0,70843,6430.0
MEXICAN PESO - CHICAGO MERCANTILE EXCHANGE,2009-09-01,44759,14712,-34791.0,6005.0,78153,-21124.0,30047,-40796.0
MEXICAN PESO - CHICAGO MERCANTILE EXCHANGE,2009-09-08,27141,23077,-17618.0,8365.0,75528,-2625.0,4064,-25983.0
MEXICAN PESO - CHICAGO MERCANTILE EXCHANGE,2009-09-15,26589,27881,-552.0,4804.0,51097,-24431.0,-1292,-5356.0
MEXICAN PESO - CHICAGO MERCANTILE EXCHANGE,2009-09-22,29213,24912,2624.0,-2969.0,50435,-662.0,4301,5593.0
MEXICAN PESO - CHICAGO MERCANTILE EXCHANGE,2009-09-29,25928,36787,-3285.0,11875.0,58508,8073.0,-10859,-15160.0
MEXICAN PESO - CHICAGO MERCANTILE EXCHANGE,2009-10-06,25032,45585,-896.0,8798.0,66272,7764.0,-20553,-9694.0
MEXICAN PESO - CHICAGO MERCANTILE EXCHANGE,2009-10-13,32215,24266,7183.0,-21319.0,58033,-8239.0,7949,28502.0
MEXICAN PESO - CHICAGO MERCANTILE EXCHANGE,2009-10-20,63913,8729,31698.0,-15537.0,83524,25491.0,55184,47235.0
MEXICAN PESO - CHICAGO MERCANTILE EXCHANGE,2009-10-27,73654,6859,9741.0,-1870.0,90873,7349.0,66795,11611.0
MEXICAN PESO - CHICAGO MERCANTILE EXCHANGE,2009-11-03,66828,6901,-6826.0,42.0,82289,-8584.0,59927,-6868.0
MEXICAN PESO - CHICAGO MERCANTILE EXCHANGE,2009-11-09,49221,8771,-17607.0,1870.0,67557,-14732.0,40450,-19477.0
MEXICAN PESO - CHICAGO MERCANTILE EXCHANGE,2009-11-17,65121,9813,15900.0,1042.0,83174,15617.0,55308,14858.0
MEXICAN PESO - CHICAGO MERCANTILE EXCHANGE,2009-11-24,98074,8808,32953.0,-1005.0,116667,33493.0,89266,33958.0
MEXICAN PESO - CHICAGO MERCANTILE EXCHANGE,2009-12-01,107391,7006,9317.0,-1802.0,126085,9418.0,100385,11119.0
MEXICAN PESO - CHICAGO MERCANTILE EXCHANGE,2009-12-08,113628,7445,6237.0,439.0,172511,46426.0,106183,5798.0
MEXICAN PESO - CHICAGO MERCANTILE EXCHANGE,2009-12-15,97731,6169,-15897.0,-1276.0,114996,-57515.0,91562,-14621.0
MEXICAN PESO - CHICAGO MERCANTILE EXCHANGE,2009-12-22,78578,5580,-19153.0,-589.0,103531,-11465.0,72998,-18564.0
MEXICAN PESO - CHICAGO MERCANTILE EXCHANGE,2009-12-29,70392,5759,-8186.0,179.0,96720,-6811.0,64633,-8365.0
MEXICAN PESO - CHICAGO MERCANTILE EXCHANGE,2010-01-05,69341,7354,-1051.0,1595.0,96759,39.0,61987,-2646.0
MEXICAN PESO - CHICAGO MERCANTILE EXCHANGE,2010-01-12,81605,5708,12264.0,-1646.0,104662,7903.0,75897,13910.0
MEXICAN PESO - CHICAGO MERCANTILE EXCHANGE,2010-01-19,87090,7843,5485.0,2135.0,112382,7720.0,79247,3350.0
MEXICAN PESO - CHICAGO MERCANTILE EXCHANGE,2010-01-26,67133,8994,-19957.0,1151.0,97398,-14984.0,58139,-21108.0
MEXICAN PESO - CHICAGO MERCANTILE EXCHANGE,2010-02-02,52997,10344,-14136.0,1350.0,93172,-4226.0,42653,-15486.0
MEXICAN PESO - CHICAGO MERCANTILE EXCHANGE,2010-02-09,42328,10054,-10669.0,-290.0,85916,-7256.0,32274,-10379.0
MEXICAN PESO - CHICAGO MERCANTILE EXCHANGE,2010-02-16,43429,8965,1101.0,-1089.0,89170,3254.0,34464,2190.0
MEXICAN PESO - CHICAGO MERCANTILE EXCHANGE,2010-02-23,67846,10501,24417.0,1536.0,101026,11856.0,57345,22881.0
MEXICAN PESO - CHICAGO MERCANTILE EXCHANGE,2010-03-02,91411,11632,23565.0,1131.0,118640,17614.0,79779,22434.0
MEXICAN PESO - CHICAGO MERCANTILE EXCHANGE,2010-03-09,102793,9319,11382.0,-2313.0,168073,49433.0,93474,13695.0
MEXICAN PESO - CHICAGO MERCANTILE EXCHANGE,2010-03-16,109662,6408,6869.0,-2911.0,127293,-40780.0,103254,9780.0
MEXICAN PESO - CHICAGO MERCANTILE EXCHANGE,2010-03-23,114686,4824,5024.0,-1584.0,132840,5547.0,109862,6608.0
MEXICAN PESO - CHICAGO MERCANTILE EXCHANGE,2010-03-30,113370,3772,-1316.0,-1052.0,131061,-1779.0,109598,-264.0
MEXICAN PESO - CHICAGO MERCANTILE EXCHANGE,2010-04-06,118233,7023,4863.0,3251.0,136399,5338.0,111210,1612.0
MEXICAN PESO - CHICAGO MERCANTILE EXCHANGE,2010-04-13,120220,7994,1987.0,971.0,140209,3810.0,112226,1016.0
MEXICAN PESO - CHICAGO MERCANTILE EXCHANGE,2010-04-20,118977,8825,-1243.0,831.0,139644,-565.0,110152,-2074.0
MEXICAN PESO - CHICAGO MERCANTILE EXCHANGE,2010-04-27,107556,9515,-11421.0,690.0,127916,-11728.0,98041,-12111.0
MEXICAN PESO - CHICAGO MERCANTILE EXCHANGE,2010-05-04,91669,8626,-15887.0,-889.0,118206,-9710.0,83043,-14998.0
MEXICAN PESO - CHICAGO MERCANTILE EXCHANGE,2010-05-11,47507,5549,-44162.0,-3077.0,95941,-22265.0,41958,-41085.0
MEXICAN PESO - CHICAGO MERCANTILE EXCHANGE,2010-05-18,42037,6335,-5470.0,786.0,85778,-10163.0,35702,-6256.0
MEXICAN PESO - CHICAGO MERCANTILE EXCHANGE,2010-05-25,34203,5346,-7834.0,-989.0,85238,-540.0,28857,-6845.0
MEXICAN PESO - CHICAGO MERCANTILE EXCHANGE,2010-06-01,26142,6369,-8061.0,1023.0,79114,-6124.0,19773,-9084.0
MEXICAN PESO - CHICAGO MERCANTILE EXCHANGE,2010-06-08,24249,6823,-1893.0,454.0,88262,9148.0,17426,-2347.0
MEXICAN PESO - CHICAGO MERCANTILE EXCHANGE,2010-06-15,33414,5117,9165.0,-1706.0,52676,-35586.0,28297,10871.0
MEXICAN PESO - CHICAGO MERCANTILE EXCHANGE,2010-06-22,40797,5158,7383.0,41.0,60656,7980.0,35639,7342.0
MEXICAN PESO - CHICAGO MERCANTILE EXCHANGE,2010-06-29,45712,3216,4915.0,-1942.0,66846,6190.0,42496,6857.0
MEXICAN PESO - CHICAGO MERCANTILE EXCHANGE,2010-07-06,30858,8133,-14854.0,4917.0,61340,-5506.0,22725,-19771.0
MEXICAN PESO - CHICAGO MERCANTILE EXCHANGE,2010-07-13,36830,8695,5972.0,562.0,64215,2875.0,28135,5410.0
MEXICAN PESO - CHICAGO MERCANTILE EXCHANGE,2010-07-20,43551,7665,6721.0,-1030.0,72072,7857.0,35886,7751.0
MEXICAN PESO - CHICAGO MERCANTILE EXCHANGE,2010-07-27,51784,6466,8233.0,-1199.0,80209,8137.0,45318,9432.0
MEXICAN PESO - CHICAGO MERCANTILE EXCHANGE,2010-08-03,62503,7362,10719.0,896.0,92249,12040.0,55141,9823.0
MEXICAN PESO - CHICAGO MERCANTILE EXCHANGE,2010-08-10,80624,8255,18121.0,893.0,110281,18032.0,72369,17228.0
MEXICAN PESO - CHICAGO MERCANTILE EXCHANGE,2010-08-17,81187,10634,563.0,2379.0,111732,1451.0,70553,-1816.0
MEXICAN PESO - CHICAGO MERCANTILE EXCHANGE,2010-08-24,68371,9001,-12816.0,-1633.0,101768,-9964.0,59370,-11183.0
MEXICAN PESO - CHICAGO MERCANTILE EXCHANGE,2010-08-31,38731,17727,-29640.0,8726.0,91104,-10664.0,21004,-38366.0
MEXICAN PESO - CHICAGO MERCANTILE EXCHANGE,2010-09-07,38237,24173,-494.0,6446.0,102861,11757.0,14064,-6940.0
MEXICAN PESO - CHICAGO MERCANTILE EXCHANGE,2010-09-14,35691,20734,-2546.0,-3439.0,75894,-26967.0,14957,893.0
MEXICAN PESO - CHICAGO MERCANTILE EXCHANGE,2010-09-21,41410,15034,5719.0,-5700.0,78416,2522.0,26376,11419.0
MEXICAN PESO - CHICAGO MERCANTILE EXCHANGE,2010-09-28,89312,22721,47902.0,7687.0,123581,45165.0,66591,40215.0
MEXICAN PESO - CHICAGO MERCANTILE EXCHANGE,2010-10-05,106169,20405,16857.0,-2316.0,139575,15994.0,85764,19173.0
MEXICAN PESO - CHICAGO MERCANTILE EXCHANGE,2010-10-12,108857,22639,2688.0,2234.0,141728,2153.0,86218,454.0
MEXICAN PESO - CHICAGO MERCANTILE EXCHANGE,2010-10-19,104557,22432,-4300.0,-207.0,137858,-3870.0,82125,-4093.0
MEXICAN PESO - CHICAGO MERCANTILE EXCHANGE,2010-10-26,103670,23527,-887.0,1095.0,136899,-959.0,80143,-1982.0
MEXICAN PESO - CHICAGO MERCANTILE EXCHANGE,2010-11-02,104522,22250,852.0,-1277.0,135871,-1028.0,82272,2129.0
MEXICAN PESO - CHICAGO MERCANTILE EXCHANGE,2010-11-09,114547,25801,10025.0,3551.0,146142,10271.0,88746,6474.0
MEXICAN PESO - CHICAGO MERCANTILE EXCHANGE,2010-11-16,115539,22322,992.0,-3479.0,147623,1481.0,93217,4471.0
MEXICAN PESO - CHICAGO MERCANTILE EXCHANGE,2010-11-23,111116,23870,-4423.0,1548.0,150782,3159.0,87246,-5971.0
MEXICAN PESO - CHICAGO MERCANTILE EXCHANGE,2010-11-30,97199,18293,-13917.0,-5577.0,134618,-16164.0,78906,-8340.0
MEXICAN PESO - CHICAGO MERCANTILE EXCHANGE,2010-12-07,78102,18620,-19097.0,327.0,143823,9205.0,59482,-19424.0
MEXICAN PESO - CHICAGO MERCANTILE EXCHANGE,2010-12-14,87694,10526,9592.0,-8094.0,116794,-27029.0,77168,17686.0
MEXICAN PESO - CHICAGO MERCANTILE EXCHANGE,2010-12-21,89066,11064,1372.0,538.0,116332,-462.0,78002,834.0
MEXICAN PESO - CHICAGO MERCANTILE EXCHANGE,2010-12-28,96664,14418,7598.0,3354.0,125232,8900.0,82246,4244.0
MEXICAN PESO - CHICAGO MERCANTILE EXCHANGE,2011-01-04,91372,17062,-5292.0,2644.0,118786,-6446.0,74310,-7936.0
MEXICAN PESO - CHICAGO MERCANTILE EXCHANGE,2011-01-11,101710,18138,10338.0,1076.0,127917,9131.0,83572,9262.0
MEXICAN PESO - CHICAGO MERCANTILE EXCHANGE,2011-01-18,108866,18664,7156.0,526.0,135242,7325.0,90202,6630.0
MEXICAN PESO - CHICAGO MERCANTILE EXCHANGE,2011-01-25,114979,19734,6113.0,1070.0,142786,7544.0,95245,5043.0
MEXICAN PESO - CHICAGO MERCANTILE EXCHANGE,2011-02-01,123543,20426,8564.0,692.0,151734,8948.0,103117,7872.0
MEXICAN PESO - CHICAGO MERCANTILE EXCHANGE,2011-02-08,122615,18803,-928.0,-1623.0,151871,137.0,103812,695.0
MEXICAN PESO - CHICAGO MERCANTILE EXCHANGE,2011-02-15,116892,7796,-5723.0,-11007.0,149874,-1997.0,109096,5284.0
MEXICAN PESO - CHICAGO MERCANTILE EXCHANGE,2011-02-22,118448,4172,1556.0,-3624.0,149855,-19.0,114276,5180.0
MEXICAN PESO - CHICAGO MERCANTILE EXCHANGE,2011-03-01,101537,4335,-16911.0,163.0,134821,-15034.0,97202,-17074.0
MEXICAN PESO - CHICAGO MERCANTILE EXCHANGE,2011-03-08,118812,5647,17275.0,1312.0,157775,22954.0,113165,15963.0
MEXICAN PESO - CHICAGO MERCANTILE EXCHANGE,2011-03-15,130652,9077,11840.0,3430.0,161361,3586.0,121575,8410.0
MEXICAN PESO - CHICAGO MERCANTILE EXCHANGE,2011-03-22,89646,2098,-41006.0,-6979.0,127075,-34286.0,87548,-34027.0
MEXICAN PESO - CHICAGO MERCANTILE EXCHANGE,2011-03-29,91688,3613,2042.0,1515.0,129361,2286.0,88075,527.0
MEXICAN PESO - CHICAGO MERCANTILE EXCHANGE,2011-04-05,126414,7352,34726.0,3739.0,158825,29464.0,119062,30987.0
MEXICAN PESO - CHICAGO MERCANTILE EXCHANGE,2011-04-12,131688,6842,5274.0,-510.0,166619,7794.0,124846,5784.0
MEXICAN PESO - CHICAGO MERCANTILE EXCHANGE,2011-04-19,142812,8683,11124.0,1841.0,174299,7680.0,134129,9283.0
MEXICAN PESO - CHICAGO MERCANTILE EXCHANGE,2011-04-26,138516,6710,-4296.0,-1973.0,170977,-3322.0,131806,-2323.0
MEXICAN PESO - CHICAGO MERCANTILE EXCHANGE,2011-05-03,127995,3735,-10521.0,-2975.0,162963,-8014.0,124260,-7546.0
MEXICAN PESO - CHICAGO MERCANTILE EXCHANGE,2011-05-10,123092,5027,-4903.0,1292.0,158386,-4577.0,118065,-6195.0
MEXICAN PESO - CHICAGO MERCANTILE EXCHANGE,2011-05-17,112311,7399,-10781.0,2372.0,147582,-10804.0,104912,-13153.0
MEXICAN PESO - CHICAGO MERCANTILE EXCHANGE,2011-05-24,113219,4538,908.0,-2861.0,147410,-172.0,108681,3769.0
MEXICAN PESO - CHICAGO MERCANTILE EXCHANGE,2011-05-31,111814,3546,-1405.0,-992.0,142530,-4880.0,108268,-413.0
MEXICAN PESO - CHICAGO MERCANTILE EXCHANGE,2011-06-07,95505,5307,-16309.0,1761.0,150067,7537.0,90198,-18070.0
MEXICAN PESO - CHICAGO MERCANTILE EXCHANGE,2011-06-14,66092,17929,-29413.0,12622.0,110231,-39836.0,48163,-42035.0
MEXICAN PESO - CHICAGO MERCANTILE EXCHANGE,2011-06-21,58528,17105,-7564.0,-824.0,98383,-11848.0,41423,-6740.0
MEXICAN PESO - CHICAGO MERCANTILE EXCHANGE,2011-06-28,59833,13756,1305.0,-3349.0,98930,547.0,46077,4654.0
MEXICAN PESO - CHICAGO MERCANTILE EXCHANGE,2011-07-05,89492,6548,29659.0,-7208.0,125229,26299.0,82944,36867.0
MEXICAN PESO - CHICAGO MERCANTILE EXCHANGE,2011-07-12,111530,13083,22038.0,6535.0,145774,20545.0,98447,15503.0
MEXICAN PESO - CHICAGO MERCANTILE EXCHANGE,2011-07-19,100309,11043,-11221.0,-2040.0,135263,-10511.0,89266,-9181.0
MEXICAN PESO - CHICAGO MERCANTILE EXCHANGE,2011-07-26,103288,11375,2979.0,332.0,137823,2560.0,91913,2647.0
MEXICAN PESO - CHICAGO MERCANTILE EXCHANGE,2011-08-02,96157,7673,-7131.0,-3702.0,130240,-7583.0,88484,-3429.0
MEXICAN PESO - CHICAGO MERCANTILE EXCHANGE,2011-08-09,56912,15619,-39245.0,7946.0,117845,-12395.0,41293,-47191.0
MEXICAN PESO - CHICAGO MERCANTILE EXCHANGE,2011-08-16,40669,18035,-16243.0,2416.0,110017,-7828.0,22634,-18659.0
MEXICAN PESO - CHICAGO MERCANTILE EXCHANGE,2011-08-23,40566,18731,-103.0,696.0,114424,4407.0,21835,-799.0
MEXICAN PESO - CHICAGO MERCANTILE EXCHANGE,2011-08-30,40954,20074,388.0,1343.0,111355,-3069.0,20880,-955.0
MEXICAN PESO - CHICAGO MERCANTILE EXCHANGE,2011-09-06,34163,20917,-6791.0,843.0,111130,-225.0,13246,-7634.0
MEXICAN PESO - CHICAGO MERCANTILE EXCHANGE,2011-09-13,20939,22148,-13224.0,1231.0,119075,7945.0,-1209,-14455.0
MEXICAN PESO - CHICAGO MERCANTILE EXCHANGE,2011-09-20,8251,25141,-12688.0,2993.0,76010,-43065.0,-16890,-15681.0
MEXICAN PESO - CHICAGO MERCANTILE EXCHANGE,2011-09-27,10211,30837,1960.0,5696.0,83098,7088.0,-20626,-3736.0
MEXICAN PESO - CHICAGO MERCANTILE EXCHANGE,2011-10-04,6904,32335,-3307.0,1498.0,89418,6320.0,-25431,-4805.0
MEXICAN PESO - CHICAGO MERCANTILE EXCHANGE,2011-10-11,7397,32275,493.0,-60.0,88822,-596.0,-24878,553.0
MEXICAN PESO - CHICAGO MERCANTILE EXCHANGE,2011-10-18,8298,32427,901.0,152.0,90949,2127.0,-24129,749.0
MEXICAN PESO - CHICAGO MERCANTILE EXCHANGE,2011-10-25,10160,37215,1862.0,4788.0,96313,5364.0,-27055,-2926.0
MEXICAN PESO - CHICAGO MERCANTILE EXCHANGE,2011-11-01,10195,36783,35.0,-432.0,105956,9643.0,-26588,467.0
MEXICAN PESO - CHICAGO MERCANTILE EXCHANGE,2011-11-08,13087,31154,2892.0,-5629.0,98340,-7616.0,-18067,8521.0
MEXICAN PESO - CHICAGO MERCANTILE EXCHANGE,2011-11-15,17858,32879,4771.0,1725.0,105696,7356.0,-15021,3046.0
MEXICAN PESO - CHICAGO MERCANTILE EXCHANGE,2011-11-22,6166,37748,-11692.0,4869.0,116535,10839.0,-31582,-16561.0
MEXICAN PESO - CHICAGO MERCANTILE EXCHANGE,2011-11-29,6539,42779,373.0,5031.0,120894,4359.0,-36240,-4658.0
MEXICAN PESO - CHICAGO MERCANTILE EXCHANGE,2011-12-06,18219,39081,11680.0,-3698.0,130231,9337.0,-20862,15378.0
MEXICAN PESO - CHICAGO MERCANTILE EXCHANGE,2011-12-13,17609,40503,-610.0,1422.0,125833,-4398.0,-22894,-2032.0
MEXICAN PESO - CHICAGO MERCANTILE EXCHANGE,2011-12-20,20177,38979,2568.0,-1524.0,116352,-9481.0,-18802,4092.0
MEXICAN PESO - CHICAGO MERCANTILE EXCHANGE,2011-12-27,18228,43913,-1949.0,4934.0,117370,1018.0,-25685,-6883.0
MEXICAN PESO - CHICAGO MERCANTILE EXCHANGE,2012-01-03,22073,47902,3845.0,3989.0,121622,4252.0,-25829,-144.0
MEXICAN PESO - CHICAGO MERCANTILE EXCHANGE,2012-01-10,25147,47479,3074.0,-423.0,123845,2223.0,-22332,3497.0
MEXICAN PESO - CHICAGO MERCANTILE EXCHANGE,2012-01-17,24219,41547,-928.0,-5932.0,130393,6548.0,-17328,5004.0
MEXICAN PESO - CHICAGO MERCANTILE EXCHANGE,2012-01-24,36512,29094,12293.0,-12453.0,142514,12121.0,7418,24746.0
MEXICAN PESO - CHICAGO MERCANTILE EXCHANGE,2012-01-31,44190,22709,7678.0,-6385.0,150567,8053.0,21481,14063.0
MEXICAN PESO - CHICAGO MERCANTILE EXCHANGE,2012-02-07,44614,10507,424.0,-12202.0,145645,-4922.0,34107,12626.0
MEXICAN PESO - CHICAGO MERCANTILE EXCHANGE,2012-02-14,52461,11222,7847.0,715.0,159768,14123.0,41239,7132.0
MEXICAN PESO - CHICAGO MERCANTILE EXCHANGE,2012-02-21,62775,13350,10314.0,2128.0,173082,13314.0,49425,8186.0
MEXICAN PESO - CHICAGO MERCANTILE EXCHANGE,2012-02-28,73810,13060,11035.0,-290.0,189778,16696.0,60750,11325.0
MEXICAN PESO - CHICAGO MERCANTILE EXCHANGE,2012-03-06,84514,18167,10704.0,5107.0,207994,18216.0,66347,5597.0
MEXICAN PESO - CHICAGO MERCANTILE EXCHANGE,2012-03-13,86449,7557,1935.0,-10610.0,247777,39783.0,78892,12545.0
MEXICAN PESO - CHICAGO MERCANTILE EXCHANGE,2012-03-20,87482,63153,1033.0,55596.0,174691,-73086.0,24329,-54563.0
MEXICAN PESO - CHICAGO MERCANTILE EXCHANGE,2012-03-27,91900,9067,4418.0,-54086.0,178551,3860.0,82833,58504.0
MEXICAN PESO - CHICAGO MERCANTILE EXCHANGE,2012-04-03,91744,7241,-156.0,-1826.0,175692,-2859.0,84503,1670.0
MEXICAN PESO - CHICAGO MERCANTILE EXCHANGE,2012-04-10,84600,16000,-7144.0,8759.0,174230,-1462.0,68600,-15903.0
MEXICAN PESO - CHICAGO MERCANTILE EXCHANGE,2012-04-17,63848,17747,-20752.0,1747.0,167618,-6612.0,46101,-22499.0
MEXICAN PESO - CHICAGO MERCANTILE EXCHANGE,2012-04-24,58544,18336,-5304.0,589.0,162405,-5213.0,40208,-5893.0
MEXICAN PESO - CHICAGO MERCANTILE EXCHANGE,2012-05-01,57907,15862,-637.0,-2474.0,156499,-5906.0,42045,1837.0
MEXICAN PESO - CHICAGO MERCANTILE EXCHANGE,2012-05-08,53380,16452,-4527.0,590.0,160169,3670.0,36928,-5117.0
MEXICAN PESO - CHICAGO MERCANTILE EXCHANGE,2012-05-15,35857,21412,-17523.0,4960.0,174386,14217.0,14445,-22483.0
MEXICAN PESO - CHICAGO MERCANTILE EXCHANGE,2012-05-22,22415,38531,-13442.0,17119.0,189254,14868.0,-16116,-30561.0
MEXICAN PESO - CHICAGO MERCANTILE EXCHANGE,2012-05-29,24872,37867,2457.0,-664.0,187458,-1796.0,-12995,3121.0
MEXICAN PESO - CHICAGO MERCANTILE EXCHANGE,2012-06-05,10998,41394,-13874.0,3527.0,192370,4912.0,-30396,-17401.0
MEXICAN PESO - CHICAGO MERCANTILE EXCHANGE,2012-06-12,19426,41430,8428.0,36.0,198616,6246.0,-22004,8392.0
MEXICAN PESO - CHICAGO MERCANTILE EXCHANGE,2012-06-19,22801,37475,3375.0,-3955.0,109795,-88821.0,-14674,7330.0
MEXICAN PESO - CHICAGO MERCANTILE EXCHANGE,2012-06-26,32190,39837,9389.0,2362.0,121524,11729.0,-7647,7027.0
MEXICAN PESO - CHICAGO MERCANTILE EXCHANGE,2012-07-03,40604,23129,8414.0,-16708.0,132669,11145.0,17475,25122.0
MEXICAN PESO - CHICAGO MERCANTILE EXCHANGE,2012-07-10,48567,23345,7963.0,216.0,142469,9800.0,25222,7747.0
MEXICAN PESO - CHICAGO MERCANTILE EXCHANGE,2012-07-17,60772,25783,12205.0,2438.0,159971,17502.0,34989,9767.0
MEXICAN PESO - CHICAGO MERCANTILE EXCHANGE,2012-07-24,65985,16323,5213.0,-9460.0,164597,4626.0,49662,14673.0
MEXICAN PESO - CHICAGO MERCANTILE EXCHANGE,2012-07-31,69542,21986,3557.0,5663.0,170977,6380.0,47556,-2106.0
MEXICAN PESO - CHICAGO MERCANTILE EXCHANGE,2012-08-07,81901,12523,12359.0,-9463.0,181520,10543.0,69378,21822.0
MEXICAN PESO - CHICAGO MERCANTILE EXCHANGE,2012-08-14,95816,12305,13915.0,-218.0,206996,25476.0,83511,14133.0
MEXICAN PESO - CHICAGO MERCANTILE EXCHANGE,2012-08-21,107140,9159,11324.0,-3146.0,222772,15776.0,97981,14470.0
MEXICAN PESO - CHICAGO MERCANTILE EXCHANGE,2012-08-28,104239,9613,-2901.0,454.0,221529,-1243.0,94626,-3355.0
MEXICAN PESO - CHICAGO MERCANTILE EXCHANGE,2012-09-04,101497,10616,-2742.0,1003.0,222655,1126.0,90881,-3745.0
MEXICAN PESO - CHICAGO MERCANTILE EXCHANGE,2012-09-11,127168,4925,25671.0,-5691.0,309244,86589.0,122243,31362.0
MEXICAN PESO - CHICAGO MERCANTILE EXCHANGE,2012-09-18,140375,22228,13207.0,17303.0,214921,-94323.0,118147,-4096.0
MEXICAN PESO - CHICAGO MERCANTILE EXCHANGE,2012-09-25,147245,5989,6870.0,-16239.0,220035,5114.0,141256,23109.0
MEXICAN PESO - CHICAGO MERCANTILE EXCHANGE,2012-10-02,137986,2121,-9259.0,-3868.0,209964,-10071.0,135865,-5391.0
MEXICAN PESO - CHICAGO MERCANTILE EXCHANGE,2012-10-09,139392,3000,1406.0,879.0,209257,-707.0,136392,527.0
MEXICAN PESO - CHICAGO MERCANTILE EXCHANGE,2012-10-16,139787,4331,395.0,1331.0,208782,-475.0,135456,-936.0
MEXICAN PESO - CHICAGO MERCANTILE EXCHANGE,2012-10-23,136680,4278,-3107.0,-53.0,207606,-1176.0,132402,-3054.0
MEXICAN PESO - CHICAGO MERCANTILE EXCHANGE,2012-10-30,130624,4615,-6056.0,337.0,202456,-5150.0,126009,-6393.0
MEXICAN PESO - CHICAGO MERCANTILE EXCHANGE,2012-11-06,120223,5801,-10401.0,1186.0,189659,-12797.0,114422,-11587.0
MEXICAN PESO - CHICAGO MERCANTILE EXCHANGE,2012-11-13,102917,5923,-17306.0,122.0,170011,-19648.0,96994,-17428.0
MEXICAN PESO - CHICAGO MERCANTILE EXCHANGE,2012-11-20,96451,9664,-6466.0,3741.0,165940,-4071.0,86787,-10207.0
MEXICAN PESO - CHICAGO MERCANTILE EXCHANGE,2012-11-27,101490,7632,5039.0,-2032.0,173160,7220.0,93858,7071.0
MEXICAN PESO - CHICAGO MERCANTILE EXCHANGE,2012-12-04,126957,7995,25467.0,363.0,190751,17591.0,118962,25104.0
MEXICAN PESO - CHICAGO MERCANTILE EXCHANGE,2012-12-11,155296,6025,28339.0,-1970.0,251887,61136.0,149271,30309.0
MEXICAN PESO - CHICAGO MERCANTILE EXCHANGE,2012-12-18,169413,21664,14117.0,15639.0,212190,-39697.0,147749,-1522.0
MEXICAN PESO - CHICAGO MERCANTILE EXCHANGE,2012-12-24,157338,7983,-12075.0,-13681.0,200460,-11730.0,149355,1606.0
MEXICAN PESO - CHICAGO MERCANTILE EXCHANGE,2012-12-31,149624,7872,-7714.0,-111.0,186181,-14279.0,141752,-7603.0
MEXICAN PESO - CHICAGO MERCANTILE EXCHANGE,2013-01-08,148293,8770,-1331.0,898.0,185211,-970.0,139523,-2229.0
MEXICAN PESO - CHICAGO MERCANTILE EXCHANGE,2013-01-15,160543,8878,12250.0,108.0,190902,5691.0,151665,12142.0
MEXICAN PESO - CHICAGO MERCANTILE EXCHANGE,2013-01-22,159909,9872,-634.0,994.0,189952,-950.0,150037,-1628.0
MEXICAN PESO - CHICAGO MERCANTILE EXCHANGE,2013-01-29,156862,7991,-3047.0,-1881.0,187078,-2874.0,148871,-1166.0
MEXICAN PESO - CHICAGO MERCANTILE EXCHANGE,2013-02-05,150495,8993,-6367.0,1002.0,181131,-5947.0,141502,-7369.0
MEXICAN PESO - CHICAGO MERCANTILE EXCHANGE,2013-02-12,131615,7036,-18880.0,-1957.0,169726,-11405.0,124579,-16923.0
MEXICAN PESO - CHICAGO MERCANTILE EXCHANGE,2013-02-19,124613,8448,-7002.0,1412.0,173204,3478.0,116165,-8414.0
MEXICAN PESO - CHICAGO MERCANTILE EXCHANGE,2013-02-26,120401,15597,-4212.0,7149.0,173806,602.0,104804,-11361.0
MEXICAN PESO - CHICAGO MERCANTILE EXCHANGE,2013-03-05,102996,9475,-17405.0,-6122.0,160919,-12887.0,93521,-11283.0
MEXICAN PESO - CHICAGO MERCANTILE EXCHANGE,2013-03-12,120476,6706,17480.0,-2769.0,192764,31845.0,113770,20249.0
MEXICAN PESO - CHICAGO MERCANTILE EXCHANGE,2013-03-19,132936,23560,12460.0,16854.0,156281,-36483.0,109376,-4394.0
MEXICAN PESO - CHICAGO MERCANTILE EXCHANGE,2013-03-26,150742,22580,17806.0,-980.0,172805,16524.0,128162,18786.0
MEXICAN PESO - CHICAGO MERCANTILE EXCHANGE,2013-04-02,162185,19430,11443.0,-3150.0,182880,10075.0,142755,14593.0
MEXICAN PESO - CHICAGO MERCANTILE EXCHANGE,2013-04-09,151784,9242,-10401.0,-10188.0,172646,-10234.0,142542,-213.0
MEXICAN PESO - CHICAGO MERCANTILE EXCHANGE,2013-04-16,159424,8136,7640.0,-1106.0,179491,6845.0,151288,8746.0
MEXICAN PESO - CHICAGO MERCANTILE EXCHANGE,2013-04-23,151302,4391,-8122.0,-3745.0,177502,-1989.0,146911,-4377.0
MEXICAN PESO - CHICAGO MERCANTILE EXCHANGE,2013-04-30,145932,7381,-5370.0,2990.0,170606,-6896.0,138551,-8360.0
MEXICAN PESO - CHICAGO MERCANTILE EXCHANGE,2013-05-07,144076,5632,-1856.0,-1749.0,167659,-2947.0,138444,-107.0
MEXICAN PESO - CHICAGO MERCANTILE EXCHANGE,2013-05-14,145339,5020,1263.0,-612.0,168040,381.0,140319,1875.0
MEXICAN PESO - CHICAGO MERCANTILE EXCHANGE,2013-05-21,140449,3586,-4890.0,-1434.0,162789,-5251.0,136863,-3456.0
MEXICAN PESO - CHICAGO MERCANTILE EXCHANGE,2013-05-28,126130,5266,-14319.0,1680.0,150465,-12324.0,120864,-15999.0
MEXICAN PESO - CHICAGO MERCANTILE EXCHANGE,2013-06-04,94630,11759,-31500.0,6493.0,126313,-24152.0,82871,-37993.0
MEXICAN PESO - CHICAGO MERCANTILE EXCHANGE,2013-06-11,71854,8080,-22776.0,-3679.0,119757,-6556.0,63774,-19097.0
MEXICAN PESO - CHICAGO MERCANTILE EXCHANGE,2013-06-18,43007,22058,-28847.0,13978.0,63895,-55862.0,20949,-42825.0
MEXICAN PESO - CHICAGO MERCANTILE EXCHANGE,2013-06-25,31068,26087,-11939.0,4029.0,67796,3901.0,4981,-15968.0
MEXICAN PESO - CHICAGO MERCANTILE EXCHANGE,2013-07-02,27516,24669,-3552.0,-1418.0,64863,-2933.0,2847,-2134.0
MEXICAN PESO - CHICAGO MERCANTILE EXCHANGE,2013-07-09,31282,23247,3766.0,-1422.0,68551,3688.0,8035,5188.0
MEXICAN PESO - CHICAGO MERCANTILE EXCHANGE,2013-07-16,40809,29443,9527.0,6196.0,78638,10087.0,11366,3331.0
MEXICAN PESO - CHICAGO MERCANTILE EXCHANGE,2013-07-23,55501,35702,14692.0,6259.0,93757,15119.0,19799,8433.0
MEXICAN PESO - CHICAGO MERCANTILE EXCHANGE,2013-07-30,61049,36161,5548.0,459.0,97135,3378.0,24888,5089.0
MEXICAN PESO - CHICAGO MERCANTILE EXCHANGE,2013-08-06,62230,30105,1181.0,-6056.0,94275,-2860.0,32125,7237.0
MEXICAN PESO - CHICAGO MERCANTILE EXCHANGE,2013-08-13,66899,30579,4669.0,474.0,99846,5571.0,36320,4195.0
MEXICAN PESO - CHICAGO MERCANTILE EXCHANGE,2013-08-20,61235,25104,-5664.0,-5475.0,94485,-5361.0,36131,-189.0
MEXICAN PESO - CHICAGO MERCANTILE EXCHANGE,2013-08-27,41776,34578,-19459.0,9474.0,109461,14976.0,7198,-28933.0
MEXICAN PESO - CHICAGO MERCANTILE EXCHANGE,2013-09-03,33761,33073,-8015.0,-1505.0,107974,-1487.0,688,-6510.0
MEXICAN PESO - CHICAGO MERCANTILE EXCHANGE,2013-09-10,32753,24474,-1008.0,-8599.0,145125,37151.0,8279,7591.0
MEXICAN PESO - CHICAGO MERCANTILE EXCHANGE,2013-09-17,28479,38680,-4274.0,14206.0,111475,-33650.0,-10201,-18480.0
MEXICAN PESO - CHICAGO MERCANTILE EXCHANGE,2013-09-24,47887,33864,19408.0,-4816.0,130157,18682.0,14023,24224.0
MEXICAN PESO - CHICAGO MERCANTILE EXCHANGE,2013-10-01,37161,22560,-10726.0,-11304.0,119788,-10369.0,14601,578.0
MEXICAN PESO - CHICAGO MERCANTILE EXCHANGE,2013-10-08,27284,16351,-9877.0,-6209.0,107975,-11813.0,10933,-3668.0
MEXICAN PESO - CHICAGO MERCANTILE EXCHANGE,2013-10-15,23714,15953,-3570.0,-398.0,106314,-1661.0,7761,-3172.0
MEXICAN PESO - CHICAGO MERCANTILE EXCHANGE,2013-10-22,28776,21562,5062.0,5609.0,115334,9020.0,7214,-547.0
MEXICAN PESO - CHICAGO MERCANTILE EXCHANGE,2013-10-29,27735,22839,-1041.0,1277.0,114506,-828.0,4896,-2318.0
MEXICAN PESO - CHICAGO MERCANTILE EXCHANGE,2013-11-05,29474,24294,1739.0,1455.0,116072,1566.0,5180,284.0
MEXICAN PESO - CHICAGO MERCANTILE EXCHANGE,2013-11-12,32614,25597,3140.0,1303.0,122171,6099.0,7017,1837.0
MEXICAN PESO - CHICAGO MERCANTILE EXCHANGE,2013-11-19,40564,31025,7950.0,5428.0,130109,7938.0,9539,2522.0
MEXICAN PESO - CHICAGO MERCANTILE EXCHANGE,2013-11-26,38508,26045,-2056.0,-4980.0,127570,-2539.0,12463,2924.0
MEXICAN PESO - CHICAGO MERCANTILE EXCHANGE,2013-12-03,27661,18728,-10847.0,-7317.0,121461,-6109.0,8933,-3530.0
MEXICAN PESO - CHICAGO MERCANTILE EXCHANGE,2013-12-10,39952,17422,12291.0,-1306.0,155227,33766.0,22530,13597.0
MEXICAN PESO - CHICAGO MERCANTILE EXCHANGE,2013-12-17,40410,24760,458.0,7338.0,114614,-40613.0,15650,-6880.0
MEXICAN PESO - CHICAGO MERCANTILE EXCHANGE,2013-12-24,47206,27028,6796.0,2268.0,123733,9119.0,20178,4528.0
MEXICAN PESO - CHICAGO MERCANTILE EXCHANGE,2013-12-31,37874,22269,-9332.0,-4759.0,116803,-6930.0,15605,-4573.0
MEXICAN PESO - CHICAGO MERCANTILE EXCHANGE,2014-01-07,38449,20842,575.0,-1427.0,117008,205.0,17607,2002.0
MEXICAN PESO - CHICAGO MERCANTILE EXCHANGE,2014-01-14,32495,18778,-5954.0,-2064.0,112998,-4010.0,13717,-3890.0
MEXICAN PESO - CHICAGO MERCANTILE EXCHANGE,2014-01-21,26739,30367,-5756.0,11589.0,121142,8144.0,-3628,-17345.0
MEXICAN PESO - CHICAGO MERCANTILE EXCHANGE,2014-01-28,20730,56046,-6009.0,25679.0,133035,11893.0,-35316,-31688.0
MEXICAN PESO - CHICAGO MERCANTILE EXCHANGE,2014-02-04,13694,48209,-7036.0,-7837.0,131832,-1203.0,-34515,801.0
MEXICAN PESO - CHICAGO MERCANTILE EXCHANGE,2014-02-11,9682,43622,-4012.0,-4587.0,127225,-4607.0,-33940,575.0
MEXICAN PESO - CHICAGO MERCANTILE EXCHANGE,2014-02-18,8094,31406,-1588.0,-12216.0,131097,3872.0,-23312,10628.0
MEXICAN PESO - CHICAGO MERCANTILE EXCHANGE,2014-02-25,9971,31540,1877.0,134.0,128542,-2555.0,-21569,1743.0
MEXICAN PESO - CHICAGO MERCANTILE EXCHANGE,2014-03-04,8230,28980,-1741.0,-2560.0,126885,-1657.0,-20750,819.0
MEXICAN PESO - CHICAGO MERCANTILE EXCHANGE,2014-03-11,12739,20986,4509.0,-7994.0,166949,40064.0,-8247,12503.0
MEXICAN PESO - CHICAGO MERCANTILE EXCHANGE,2014-03-18,19320,20590,6581.0,-396.0,111057,-55892.0,-1270,6977.0
MEXICAN PESO - CHICAGO MERCANTILE EXCHANGE,2014-03-25,22769,24423,3449.0,3833.0,115858,4801.0,-1654,-384.0
MEXICAN PESO - CHICAGO MERCANTILE EXCHANGE,2014-04-01,49893,28109,27124.0,3686.0,145270,29412.0,21784,23438.0
MEXICAN PESO - CHICAGO MERCANTILE EXCHANGE,2014-04-08,70371,13870,20478.0,-14239.0,130331,-14939.0,56501,34717.0
MEXICAN PESO - CHICAGO MERCANTILE EXCHANGE,2014-04-15,71038,16801,667.0,2931.0,131412,1081.0,54237,-2264.0
MEXICAN PESO - CHICAGO MERCANTILE EXCHANGE,2014-04-22,68329,14818,-2709.0,-1983.0,128932,-2480.0,53511,-726.0
MEXICAN PESO - CHICAGO MERCANTILE EXCHANGE,2014-04-29,68073,18455,-256.0,3637.0,128100,-832.0,49618,-3893.0
MEXICAN PESO - CHICAGO MERCANTILE EXCHANGE,2014-05-06,67663,19779,-410.0,1324.0,146455,18355.0,47884,-1734.0
MEXICAN PESO - CHICAGO MERCANTILE EXCHANGE,2014-05-13,86137,17515,18474.0,-2264.0,149209,2754.0,68622,20738.0
MEXICAN PESO - CHICAGO MERCANTILE EXCHANGE,2014-05-20,92730,15464,6593.0,-2051.0,154795,5586.0,77266,8644.0
MEXICAN PESO - CHICAGO MERCANTILE EXCHANGE,2014-05-27,101808,18507,9078.0,3043.0,157626,2831.0,83301,6035.0
MEXICAN PESO - CHICAGO MERCANTILE EXCHANGE,2014-06-03,105666,19650,3858.0,1143.0,162647,5021.0,86016,2715.0
MEXICAN PESO - CHICAGO MERCANTILE EXCHANGE,2014-06-10,106566,16363,900.0,-3287.0,200202,37555.0,90203,4187.0
MEXICAN PESO - CHICAGO MERCANTILE EXCHANGE,2014-06-17,91227,22152,-15339.0,5789.0,135017,-65185.0,69075,-21128.0
MEXICAN PESO - CHICAGO MERCANTILE EXCHANGE,2014-06-24,84943,15974,-6284.0,-6178.0,128333,-6684.0,68969,-106.0
MEXICAN PESO - CHICAGO MERCANTILE EXCHANGE,2014-07-01,85387,15825,444.0,-149.0,129425,1092.0,69562,593.0
MEXICAN PESO - CHICAGO MERCANTILE EXCHANGE,2014-07-08,82777,13966,-2610.0,-1859.0,126231,-3194.0,68811,-751.0
MEXICAN PESO - CHICAGO MERCANTILE EXCHANGE,2014-07-15,86707,17070,3930.0,3104.0,131108,4877.0,69637,826.0
MEXICAN PESO - CHICAGO MERCANTILE EXCHANGE,2014-07-22,98823,19689,12116.0,2619.0,142254,11146.0,79134,9497.0
MEXICAN PESO - CHICAGO MERCANTILE EXCHANGE,2014-07-29,100551,23436,1728.0,3747.0,145184,2930.0,77115,-2019.0
MEXICAN PESO - CHICAGO MERCANTILE EXCHANGE,2014-08-05,77535,45102,-23016.0,21666.0,143236,-1948.0,32433,-44682.0
MEXICAN PESO - CHICAGO MERCANTILE EXCHANGE,2014-08-12,51933,51974,-25602.0,6872.0,154694,11458.0,-41,-32474.0
MEXICAN PESO - CHICAGO MERCANTILE EXCHANGE,2014-08-19,56207,43800,4274.0,-8174.0,141175,-13519.0,12407,12448.0
MEXICAN PESO - CHICAGO MERCANTILE EXCHANGE,2014-08-26,71680,35010,15473.0,-8790.0,141665,490.0,36670,24263.0
MEXICAN PESO - CHICAGO MERCANTILE EXCHANGE,2014-09-02,75444,36280,3764.0,1270.0,144255,2590.0,39164,2494.0
MEXICAN PESO - CHICAGO MERCANTILE EXCHANGE,2014-09-09,71021,32503,-4423.0,-3777.0,155265,11010.0,38518,-646.0
MEXICAN PESO - CHICAGO MERCANTILE EXCHANGE,2014-09-16,69430,47384,-1591.0,14881.0,134445,-20820.0,22046,-16472.0
MEXICAN PESO - CHICAGO MERCANTILE EXCHANGE,2014-09-23,58278,47774,-11152.0,390.0,151319,16874.0,10504,-11542.0
MEXICAN PESO - CHICAGO MERCANTILE EXCHANGE,2014-09-30,48864,56178,-9414.0,8404.0,148678,-2641.0,-7314,-17818.0
MEXICAN PESO - CHICAGO MERCANTILE EXCHANGE,2014-10-07,43781,51364,-5083.0,-4814.0,147139,-1539.0,-7583,-269.0
MEXICAN PESO - CHICAGO MERCANTILE EXCHANGE,2014-10-14,39798,45561,-3983.0,-5803.0,139036,-8103.0,-5763,1820.0
MEXICAN PESO - CHICAGO MERCANTILE EXCHANGE,2014-10-21,30087,51211,-9711.0,5650.0,138193,-843.0,-21124,-15361.0
MEXICAN PESO - CHICAGO MERCANTILE EXCHANGE,2014-10-28,26832,53675,-3255.0,2464.0,144016,5823.0,-26843,-5719.0
MEXICAN PESO - CHICAGO MERCANTILE EXCHANGE,2014-11-04,30218,56808,3386.0,3133.0,159857,15841.0,-26590,253.0
MEXICAN PESO - CHICAGO MERCANTILE EXCHANGE,2014-11-11,29393,59067,-825.0,2259.0,167364,7507.0,-29674,-3084.0
MEXICAN PESO - CHICAGO MERCANTILE EXCHANGE,2014-11-18,31305,60339,1912.0,1272.0,167389,25.0,-29034,640.0
MEXICAN PESO - CHICAGO MERCANTILE EXCHANGE,2014-11-25,26386,58938,-4919.0,-1401.0,176125,8736.0,-32552,-3518.0
MEXICAN PESO - CHICAGO MERCANTILE EXCHANGE,2014-12-02,30210,73214,3824.0,14276.0,191208,15083.0,-43004,-10452.0
MEXICAN PESO - CHICAGO MERCANTILE EXCHANGE,2014-12-09,32116,80710,1906.0,7496.0,213159,21951.0,-48594,-5590.0
MEXICAN PESO - CHICAGO MERCANTILE EXCHANGE,2014-12-16,25843,78599,-6273.0,-2111.0,137628,-75531.0,-52756,-4162.0
MEXICAN PESO - CHICAGO MERCANTILE EXCHANGE,2014-12-23,17311,80681,-8532.0,2082.0,130728,-6900.0,-63370,-10614.0
MEXICAN PESO - CHICAGO MERCANTILE EXCHANGE,2014-12-30,15878,79683,-1433.0,-998.0,129467,-1261.0,-63805,-435.0
MEXICAN PESO - CHICAGO MERCANTILE EXCHANGE,2015-01-06,18667,83118,2789.0,3435.0,131121,1654.0,-64451,-646.0
MEXICAN PESO - CHICAGO MERCANTILE EXCHANGE,2015-01-13,17305,71600,-1362.0,-11518.0,131155,34.0,-54295,10156.0
MEXICAN PESO - CHICAGO MERCANTILE EXCHANGE,2015-01-20,19017,65280,1712.0,-6320.0,148671,17516.0,-46263,8032.0
MEXICAN PESO - CHICAGO MERCANTILE EXCHANGE,2015-01-27,26739,71312,7722.0,6032.0,153115,4444.0,-44573,1690.0
MEXICAN PESO - CHICAGO MERCANTILE EXCHANGE,2015-02-03,23599,71836,-3140.0,524.0,161412,8297.0,-48237,-3664.0
MEXICAN PESO - CHICAGO MERCANTILE EXCHANGE,2015-02-10,25691,74926,2092.0,3090.0,174861,13449.0,-49235,-998.0
MEXICAN PESO - CHICAGO MERCANTILE EXCHANGE,2015-02-17,28873,74318,3182.0,-608.0,175704,843.0,-45445,3790.0
MEXICAN PESO - CHICAGO MERCANTILE EXCHANGE,2015-02-24,34105,82449,5232.0,8131.0,180506,4802.0,-48344,-2899.0
MEXICAN PESO - CHICAGO MERCANTILE EXCHANGE,2015-03-03,31414,74821,-2691.0,-7628.0,178057,-2449.0,-43407,4937.0
MEXICAN PESO - CHICAGO MERCANTILE EXCHANGE,2015-03-10,30622,66269,-792.0,-8552.0,185039,6982.0,-35647,7760.0
MEXICAN PESO - CHICAGO MERCANTILE EXCHANGE,2015-03-17,23702,79641,-6920.0,13372.0,135144,-49895.0,-55939,-20292.0
MEXICAN PESO - CHICAGO MERCANTILE EXCHANGE,2015-03-24,35044,76144,11342.0,-3497.0,150320,15176.0,-41100,14839.0
MEXICAN PESO - CHICAGO MERCANTILE EXCHANGE,2015-03-31,43289,73578,8245.0,-2566.0,157688,7368.0,-30289,10811.0
MEXICAN PESO - CHICAGO MERCANTILE EXCHANGE,2015-04-07,42185,65110,-1104.0,-8468.0,151072,-6616.0,-22925,7364.0
MEXICAN PESO - CHICAGO MERCANTILE EXCHANGE,2015-04-14,63521,55160,21336.0,-9950.0,130501,-20571.0,8361,31286.0
MEXICAN PESO - CHICAGO MERCANTILE EXCHANGE,2015-04-21,50343,64018,-13178.0,8858.0,118074,-12427.0,-13675,-22036.0
MEXICAN PESO - CHICAGO MERCANTILE EXCHANGE,2015-04-28,38003,61394,-12340.0,-2624.0,138497,20423.0,-23391,-9716.0
MEXICAN PESO - CHICAGO MERCANTILE EXCHANGE,2015-05-05,24046,74162,-13957.0,12768.0,146418,7921.0,-50116,-26725.0
MEXICAN PESO - CHICAGO MERCANTILE EXCHANGE,2015-05-12,34027,61066,9981.0,-13096.0,135526,-10892.0,-27039,23077.0
MEXICAN PESO - CHICAGO MERCANTILE EXCHANGE,2015-05-19,23706,55037,-10321.0,-6029.0,127349,-8177.0,-31331,-4292.0
MEXICAN PESO - CHICAGO MERCANTILE EXCHANGE,2015-05-26,23943,56459,237.0,1422.0,129030,1681.0,-32516,-1185.0
MEXICAN PESO - CHICAGO MERCANTILE EXCHANGE,2015-06-02,33983,79110,10040.0,22651.0,152809,23779.0,-45127,-12611.0
MEXICAN PESO - CHICAGO MERCANTILE EXCHANGE,2015-06-09,28602,79734,-5381.0,624.0,179026,26217.0,-51132,-6005.0
MEXICAN PESO - CHICAGO MERCANTILE EXCHANGE,2015-06-16,28245,80735,-357.0,1001.0,133660,-45366.0,-52490,-1358.0
MEXICAN PESO - CHICAGO MERCANTILE EXCHANGE,2015-06-23,39402,67269,11157.0,-13466.0,111876,-21784.0,-27867,24623.0
MEXICAN PESO - CHICAGO MERCANTILE EXCHANGE,2015-06-30,36051,74810,-3351.0,7541.0,111471,-405.0,-38759,-10892.0
MEXICAN PESO - CHICAGO MERCANTILE EXCHANGE,2015-07-07,24067,96482,-11984.0,21672.0,140418,28947.0,-72415,-33656.0
MEXICAN PESO - CHICAGO MERCANTILE EXCHANGE,2015-07-14,19965,92683,-4102.0,-3799.0,153639,13221.0,-72718,-303.0
MEXICAN PESO - CHICAGO MERCANTILE EXCHANGE,2015-07-21,21371,102795,1406.0,10112.0,189662,36023.0,-81424,-8706.0
MEXICAN PESO - CHICAGO MERCANTILE EXCHANGE,2015-07-28,21846,110689,475.0,7894.0,196328,6666.0,-88843,-7419.0
MEXICAN PESO - CHICAGO MERCANTILE EXCHANGE,2015-08-04,22590,104638,744.0,-6051.0,191087,-5241.0,-82048,6795.0
MEXICAN PESO - CHICAGO MERCANTILE EXCHANGE,2015-08-11,18163,88732,-4427.0,-15906.0,173781,-17306.0,-70569,11479.0
MEXICAN PESO - CHICAGO MERCANTILE EXCHANGE,2015-08-18,24629,85056,6466.0,-3676.0,171467,-2314.0,-60427,10142.0
MEXICAN PESO - CHICAGO MERCANTILE EXCHANGE,2015-08-25,20401,103454,-4228.0,18398.0,196090,24623.0,-83053,-22626.0
MEXICAN PESO - CHICAGO MERCANTILE EXCHANGE,2015-09-01,21353,98290,952.0,-5164.0,191019,-5071.0,-76937,6116.0
MEXICAN PESO - CHICAGO MERCANTILE EXCHANGE,2015-09-08,22880,93831,1527.0,-4459.0,188237,-2782.0,-70951,5986.0
MEXICAN PESO - CHICAGO MERCANTILE EXCHANGE,2015-09-15,21749,77034,-1131.0,-16797.0,130555,-57682.0,-55285,15666.0
MEXICAN PESO - CHICAGO MERCANTILE EXCHANGE,2015-09-22,47626,59982,25877.0,-17052.0,126544,-4011.0,-12356,42929.0
MEXICAN PESO - CHICAGO MERCANTILE EXCHANGE,2015-09-29,31276,75727,-16350.0,15745.0,142517,15973.0,-44451,-32095.0
MEXICAN PESO - CHICAGO MERCANTILE EXCHANGE,2015-10-06,50942,56185,19666.0,-19542.0,119424,-23093.0,-5243,39208.0
MEXICAN PESO - CHICAGO MERCANTILE EXCHANGE,2015-10-13,47411,51554,-3531.0,-4631.0,116418,-3006.0,-4143,1100.0
MEXICAN PESO - CHICAGO MERCANTILE EXCHANGE,2015-10-20,50627,51243,3216.0,-311.0,119955,3537.0,-616,3527.0
MEXICAN PESO - CHICAGO MERCANTILE EXCHANGE,2015-10-27,52078,52161,1451.0,918.0,136629,16674.0,-83,533.0
MEXICAN PESO - CHICAGO MERCANTILE EXCHANGE,2015-11-03,52097,52832,19.0,671.0,148844,12215.0,-735,-652.0
MEXICAN PESO - CHICAGO MERCANTILE EXCHANGE,2015-11-10,43865,62700,-8232.0,9868.0,158543,9699.0,-18835,-18100.0
MEXICAN PESO - CHICAGO MERCANTILE EXCHANGE,2015-11-17,41435,79698,-2430.0,16998.0,181499,22956.0,-38263,-19428.0
MEXICAN PESO - CHICAGO MERCANTILE EXCHANGE,2015-11-24,50323,79584,8888.0,-114.0,189063,7564.0,-29261,9002.0
MEXICAN PESO - CHICAGO MERCANTILE EXCHANGE,2015-12-01,48974,74439,-1349.0,-5145.0,186826,-2237.0,-25465,3796.0
MEXICAN PESO - CHICAGO MERCANTILE EXCHANGE,2015-12-08,45226,69607,-3748.0,-4832.0,199890,13064.0,-24381,1084.0
MEXICAN PESO - CHICAGO MERCANTILE EXCHANGE,2015-12-15,34779,95151,-10447.0,25544.0,144451,-55439.0,-60372,-35991.0
MEXICAN PESO - CHICAGO MERCANTILE EXCHANGE,2015-12-22,28736,85455,-6043.0,-9696.0,137854,-6597.0,-56719,3653.0
MEXICAN PESO - CHICAGO MERCANTILE EXCHANGE,2015-12-29,30566,87953,1830.0,2498.0,139756,1902.0,-57387,-668.0
MEXICAN PESO - CHICAGO MERCANTILE EXCHANGE,2016-01-05,33894,95882,3328.0,7929.0,143374,3618.0,-61988,-4601.0
MEXICAN PESO - CHICAGO MERCANTILE EXCHANGE,2016-01-12,29415,103430,-4479.0,7548.0,148683,5309.0,-74015,-12027.0
MEXICAN PESO - CHICAGO MERCANTILE EXCHANGE,2016-01-19,30361,106364,946.0,2934.0,171971,23288.0,-76003,-1988.0
MEXICAN PESO - CHICAGO MERCANTILE EXCHANGE,2016-01-26,28487,105094,-1874.0,-1270.0,167763,-4208.0,-76607,-604.0
MEXICAN PESO - CHICAGO MERCANTILE EXCHANGE,2016-02-02,24958,103552,-3529.0,-1542.0,166295,-1468.0,-78594,-1987.0
MEXICAN PESO - CHICAGO MERCANTILE EXCHANGE,2016-02-09,41732,88254,16774.0,-15298.0,155692,-10603.0,-46522,32072.0
MEXICAN PESO - CHICAGO MERCANTILE EXCHANGE,2016-02-16,21445,98830,-20287.0,10576.0,161403,5711.0,-77385,-30863.0
MEXICAN PESO - CHICAGO MERCANTILE EXCHANGE,2016-02-23,30149,83008,8704.0,-15822.0,145631,-15772.0,-52859,24526.0
MEXICAN PESO - CHICAGO MERCANTILE EXCHANGE,2016-03-01,25194,81667,-4955.0,-1341.0,141104,-4527.0,-56473,-3614.0
MEXICAN PESO - CHICAGO MERCANTILE EXCHANGE,2016-03-08,20441,77995,-4753.0,-3672.0,139105,-1999.0,-57554,-1081.0
MEXICAN PESO - CHICAGO MERCANTILE EXCHANGE,2016-03-15,23040,68077,2599.0,-9918.0,97456,-41649.0,-45037,12517.0
MEXICAN PESO - CHICAGO MERCANTILE EXCHANGE,2016-03-22,28550,74246,5510.0,6169.0,105395,7939.0,-45696,-659.0
MEXICAN PESO - CHICAGO MERCANTILE EXCHANGE,2016-03-29,33005,73801,4455.0,-445.0,109067,3672.0,-40796,4900.0
MEXICAN PESO - CHICAGO MERCANTILE EXCHANGE,2016-04-05,40864,72742,7859.0,-1059.0,113872,4805.0,-31878,8918.0
MEXICAN PESO - CHICAGO MERCANTILE EXCHANGE,2016-04-12,40518,87109,-346.0,14367.0,153572,39700.0,-46591,-14713.0
MEXICAN PESO - CHICAGO MERCANTILE EXCHANGE,2016-04-19,43925,58334,3407.0,-28775.0,126511,-27061.0,-14409,32182.0
MEXICAN PESO - CHICAGO MERCANTILE EXCHANGE,2016-04-26,34602,53917,-9323.0,-4417.0,117178,-9333.0,-19315,-4906.0
MEXICAN PESO - CHICAGO MERCANTILE EXCHANGE,2016-05-03,35753,48173,1151.0,-5744.0,116533,-645.0,-12420,6895.0
MEXICAN PESO - CHICAGO MERCANTILE EXCHANGE,2016-05-10,16149,61369,-19604.0,13196.0,128911,12378.0,-45220,-32800.0
MEXICAN PESO - CHICAGO MERCANTILE EXCHANGE,2016-05-17,25219,70910,9070.0,9541.0,134805,5894.0,-45691,-471.0
MEXICAN PESO - CHICAGO MERCANTILE EXCHANGE,2016-05-24,27017,74477,1798.0,3567.0,138084,3279.0,-47460,-1769.0
MEXICAN PESO - CHICAGO MERCANTILE EXCHANGE,2016-05-31,20193,75808,-6824.0,1331.0,143577,5493.0,-55615,-8155.0
MEXICAN PESO - CHICAGO MERCANTILE EXCHANGE,2016-06-07,22389,81698,2196.0,5890.0,142333,-1244.0,-59309,-3694.0
MEXICAN PESO - CHICAGO MERCANTILE EXCHANGE,2016-06-14,16894,82513,-5495.0,815.0,110890,-31443.0,-65619,-6310.0
MEXICAN PESO - CHICAGO MERCANTILE EXCHANGE,2016-06-21,13509,82389,-3385.0,-124.0,111143,253.0,-68880,-3261.0
MEXICAN PESO - CHICAGO MERCANTILE EXCHANGE,2016-06-28,13390,78717,-119.0,-3672.0,109440,-1703.0,-65327,3553.0
MEXICAN PESO - CHICAGO MERCANTILE EXCHANGE,2016-07-05,24238,69095,10848.0,-9622.0,103117,-6323.0,-44857,20470.0
MEXICAN PESO - CHICAGO MERCANTILE EXCHANGE,2016-07-12,28648,65820,4410.0,-3275.0,97361,-5756.0,-37172,7685.0
MEXICAN PESO - CHICAGO MERCANTILE EXCHANGE,2016-07-19,24675,64041,-3973.0,-1779.0,103432,6071.0,-39366,-2194.0
MEXICAN PESO - CHICAGO MERCANTILE EXCHANGE,2016-07-26,24114,70676,-561.0,6635.0,119753,16321.0,-46562,-7196.0
MEXICAN PESO - CHICAGO MERCANTILE EXCHANGE,2016-08-02,23915,76038,-199.0,5362.0,128186,8433.0,-52123,-5561.0
MEXICAN PESO - CHICAGO MERCANTILE EXCHANGE,2016-08-09,19963,74325,-3952.0,-1713.0,127632,-554.0,-54362,-2239.0
MEXICAN PESO - CHICAGO MERCANTILE EXCHANGE,2016-08-16,24542,70265,4579.0,-4060.0,120749,-6883.0,-45723,8639.0
MEXICAN PESO - CHICAGO MERCANTILE EXCHANGE,2016-08-23,26845,55386,2303.0,-14879.0,113732,-7017.0,-28541,17182.0
MEXICAN PESO - CHICAGO MERCANTILE EXCHANGE,2016-08-30,19848,53082,-6997.0,-2304.0,114101,369.0,-33234,-4693.0
MEXICAN PESO - CHICAGO MERCANTILE EXCHANGE,2016-09-06,16790,75189,-3058.0,22107.0,162430,48329.0,-58399,-25165.0
MEXICAN PESO - CHICAGO MERCANTILE EXCHANGE,2016-09-13,19930,85677,3140.0,10488.0,168729,6299.0,-65747,-7348.0
MEXICAN PESO - CHICAGO MERCANTILE EXCHANGE,2016-09-20,20526,109868,596.0,24191.0,153278,-15451.0,-89342,-23595.0
MEXICAN PESO - CHICAGO MERCANTILE EXCHANGE,2016-09-27,24865,110738,4339.0,870.0,160243,6965.0,-85873,3469.0
MEXICAN PESO - CHICAGO MERCANTILE EXCHANGE,2016-10-04,22358,108250,-2507.0,-2488.0,157510,-2733.0,-85892,-19.0
MEXICAN PESO - CHICAGO MERCANTILE EXCHANGE,2016-10-11,38060,89852,15702.0,-18398.0,135977,-21533.0,-51792,34100.0
MEXICAN PESO - CHICAGO MERCANTILE EXCHANGE,2016-10-18,33364,64083,-4696.0,-25769.0,129729,-6248.0,-30719,21073.0
MEXICAN PESO - CHICAGO MERCANTILE EXCHANGE,2016-10-25,28677,54020,-4687.0,-10063.0,139555,9826.0,-25343,5376.0
MEXICAN PESO - CHICAGO MERCANTILE EXCHANGE,2016-11-01,30838,67310,2161.0,13290.0,157048,17493.0,-36472,-11129.0
MEXICAN PESO - CHICAGO MERCANTILE EXCHANGE,2016-11-08,25298,58294,-5540.0,-9016.0,148866,-8182.0,-32996,3476.0
MEXICAN PESO - CHICAGO MERCANTILE EXCHANGE,2016-11-15,22124,67277,-3174.0,8983.0,153771,4905.0,-45153,-12157.0
MEXICAN PESO - CHICAGO MERCANTILE EXCHANGE,2016-11-22,19884,68198,-2240.0,921.0,154976,1205.0,-48314,-3161.0
MEXICAN PESO - CHICAGO MERCANTILE EXCHANGE,2016-11-29,19314,73814,-570.0,5616.0,155401,425.0,-54500,-6186.0
MEXICAN PESO - CHICAGO MERCANTILE EXCHANGE,2016-12-06,18619,72685,-695.0,-1129.0,151640,-3761.0,-54066,434.0
MEXICAN PESO - CHICAGO MERCANTILE EXCHANGE,2016-12-13,19001,76660,382.0,3975.0,155718,4078.0,-57659,-3593.0
MEXICAN PESO - CHICAGO MERCANTILE EXCHANGE,2016-12-20,20806,87487,1805.0,10827.0,139166,-16552.0,-66681,-9022.0
MEXICAN PESO - CHICAGO MERCANTILE EXCHANGE,2016-12-27,21411,83068,605.0,-4419.0,143192,4026.0,-61657,5024.0
MEXICAN PESO - CHICAGO MERCANTILE EXCHANGE,2017-01-03,22279,87915,868.0,4847.0,151563,8371.0,-65636,-3979.0
MEXICAN PESO - CHICAGO MERCANTILE EXCHANGE,2017-01-10,23878,95654,1599.0,7739.0,174390,22827.0,-71776,-6140.0
MEXICAN PESO - CHICAGO MERCANTILE EXCHANGE,2017-01-17,22573,95894,-1305.0,240.0,177433,3043.0,-73321,-1545.0
MEXICAN PESO - CHICAGO MERCANTILE EXCHANGE,2017-01-24,32133,96787,9560.0,893.0,191470,14037.0,-64654,8667.0
MEXICAN PESO - CHICAGO MERCANTILE EXCHANGE,2017-01-31,26000,89208,-6133.0,-7579.0,184327,-7143.0,-63208,1446.0
MEXICAN PESO - CHICAGO MERCANTILE EXCHANGE,2017-02-07,31229,89717,5229.0,509.0,189464,5137.0,-58488,4720.0
MEXICAN PESO - CHICAGO MERCANTILE EXCHANGE,2017-02-14,30271,90484,-958.0,767.0,190028,564.0,-60213,-1725.0
MEXICAN PESO - CHICAGO MERCANTILE EXCHANGE,2017-02-21,35125,91606,4854.0,1122.0,193415,3387.0,-56481,3732.0
MEXICAN PESO - CHICAGO MERCANTILE EXCHANGE,2017-02-28,39057,84840,3932.0,-6766.0,194858,1443.0,-45783,10698.0
MEXICAN PESO - CHICAGO MERCANTILE EXCHANGE,2017-03-07,38707,81465,-350.0,-3375.0,209454,14596.0,-42758,3025.0
MEXICAN PESO - CHICAGO MERCANTILE EXCHANGE,2017-03-14,51271,56738,12564.0,-24727.0,169900,-39554.0,-5467,37291.0
MEXICAN PESO - CHICAGO MERCANTILE EXCHANGE,2017-03-21,57730,61011,6459.0,4273.0,176764,6864.0,-3281,2186.0
MEXICAN PESO - CHICAGO MERCANTILE EXCHANGE,2017-03-28,72728,77465,14998.0,16454.0,191438,14674.0,-4737,-1456.0
MEXICAN PESO - CHICAGO MERCANTILE EXCHANGE,2017-04-04,80979,90667,8251.0,13202.0,199099,7661.0,-9688,-4951.0
MEXICAN PESO - CHICAGO MERCANTILE EXCHANGE,2017-04-11,86813,99488,5834.0,8821.0,205663,6564.0,-12675,-2987.0
MEXICAN PESO - CHICAGO MERCANTILE EXCHANGE,2017-04-18,97027,82783,10214.0,-16705.0,195575,-10088.0,14244,26919.0
MEXICAN PESO - CHICAGO MERCANTILE EXCHANGE,2017-04-25,91689,75651,-5338.0,-7132.0,177359,-18216.0,16038,1794.0
MEXICAN PESO - CHICAGO MERCANTILE EXCHANGE,2017-05-02,91142,76027,-547.0,376.0,177326,-33.0,15115,-923.0
MEXICAN PESO - CHICAGO MERCANTILE EXCHANGE,2017-05-09,92514,22611,1372.0,-53416.0,179886,2560.0,69903,54788.0
MEXICAN PESO - CHICAGO MERCANTILE EXCHANGE,2017-05-16,92686,22632,172.0,21.0,183857,3971.0,70054,151.0
MEXICAN PESO - CHICAGO MERCANTILE EXCHANGE,2017-05-23,98609,44311,5923.0,21679.0,211110,27253.0,54298,-15756.0
MEXICAN PESO - CHICAGO MERCANTILE EXCHANGE,2017-05-30,112479,37477,13870.0,-6834.0,206058,-5052.0,75002,20704.0
MEXICAN PESO - CHICAGO MERCANTILE EXCHANGE,2017-06-06,115601,30780,3122.0,-6697.0,207116,1058.0,84821,9819.0
MEXICAN PESO - CHICAGO MERCANTILE EXCHANGE,2017-06-13,123468,27654,7867.0,-3126.0,233490,26374.0,95814,10993.0
MEXICAN PESO - CHICAGO MERCANTILE EXCHANGE,2017-06-20,125659,76674,2191.0,49020.0,217481,-16009.0,48985,-46829.0
MEXICAN PESO - CHICAGO MERCANTILE EXCHANGE,2017-06-27,126019,45012,360.0,-31662.0,212815,-4666.0,81007,32022.0
MEXICAN PESO - CHICAGO MERCANTILE EXCHANGE,2017-07-03,119408,34549,-6611.0,-10463.0,210730,-2085.0,84859,3852.0
MEXICAN PESO - CHICAGO MERCANTILE EXCHANGE,2017-07-11,125291,27432,5883.0,-7117.0,213241,2511.0,97859,13000.0
MEXICAN PESO - CHICAGO MERCANTILE EXCHANGE,2017-07-18,130155,17616,4864.0,-9816.0,209717,-3524.0,112539,14680.0
MEXICAN PESO - CHICAGO MERCANTILE EXCHANGE,2017-07-25,130075,17185,-80.0,-431.0,212346,2629.0,112890,351.0
MEXICAN PESO - CHICAGO MERCANTILE EXCHANGE,2017-08-01,130186,16637,111.0,-548.0,214358,2012.0,113549,659.0
MEXICAN PESO - CHICAGO MERCANTILE EXCHANGE,2017-08-08,130668,24231,482.0,7594.0,218908,4550.0,106437,-7112.0
MEXICAN PESO - CHICAGO MERCANTILE EXCHANGE,2017-08-15,130900,36051,232.0,11820.0,237589,18681.0,94849,-11588.0
MEXICAN PESO - CHICAGO MERCANTILE EXCHANGE,2017-08-22,137856,40238,6956.0,4187.0,243849,6260.0,97618,2769.0
MEXICAN PESO - CHICAGO MERCANTILE EXCHANGE,2017-08-29,135549,38539,-2307.0,-1699.0,246509,2660.0,97010,-608.0
MEXICAN PESO - CHICAGO MERCANTILE EXCHANGE,2017-09-05,141051,27439,5502.0,-11100.0,240705,-5804.0,113612,16602.0
MEXICAN PESO - CHICAGO MERCANTILE EXCHANGE,2017-09-12,143188,26190,2137.0,-1249.0,258092,17387.0,116998,3386.0
MEXICAN PESO - CHICAGO MERCANTILE EXCHANGE,2017-09-19,136338,59386,-6850.0,33196.0,218381,-39711.0,76952,-40046.0
MEXICAN PESO - CHICAGO MERCANTILE EXCHANGE,2017-09-26,134621,50894,-1717.0,-8492.0,219926,1545.0,83727,6775.0
MEXICAN PESO - CHICAGO MERCANTILE EXCHANGE,2017-10-03,117452,28336,-17169.0,-22558.0,204344,-15582.0,89116,5389.0
MEXICAN PESO - CHICAGO MERCANTILE EXCHANGE,2017-10-10,102473,19724,-14979.0,-8612.0,188075,-16269.0,82749,-6367.0
MEXICAN PESO - CHICAGO MERCANTILE EXCHANGE,2017-10-17,98936,27869,-3537.0,8145.0,188907,832.0,71067,-11682.0
MEXICAN PESO - CHICAGO MERCANTILE EXCHANGE,2017-10-24,87536,31835,-11400.0,3966.0,180527,-8380.0,55701,-15366.0
MEXICAN PESO - CHICAGO MERCANTILE EXCHANGE,2017-10-31,87220,31974,-316.0,139.0,177306,-3221.0,55246,-455.0
MEXICAN PESO - CHICAGO MERCANTILE EXCHANGE,2017-11-07,88731,31756,1511.0,-218.0,177429,123.0,56975,1729.0
MEXICAN PESO - CHICAGO MERCANTILE EXCHANGE,2017-11-14,92961,30428,4230.0,-1328.0,177739,310.0,62533,5558.0
MEXICAN PESO - CHICAGO MERCANTILE EXCHANGE,2017-11-21,110044,29658,17083.0,-770.0,179530,1791.0,80386,17853.0
MEXICAN PESO - CHICAGO MERCANTILE EXCHANGE,2017-11-28,112966,23400,2922.0,-6258.0,171485,-8045.0,89566,9180.0
MEXICAN PESO - CHICAGO MERCANTILE EXCHANGE,2017-12-05,121003,24480,8037.0,1080.0,179296,7811.0,96523,6957.0
MEXICAN PESO - CHICAGO MERCANTILE EXCHANGE,2017-12-12,112383,26207,-8620.0,1727.0,211478,32182.0,86176,-10347.0
MEXICAN PESO - CHICAGO MERCANTILE EXCHANGE,2017-12-19,102273,48379,-10110.0,22172.0,181925,-29553.0,53894,-32282.0
MEXICAN PESO - CHICAGO MERCANTILE EXCHANGE,2017-12-26,87576,51192,-14697.0,2813.0,184543,2618.0,36384,-17510.0
MEXICAN PESO - CHICAGO MERCANTILE EXCHANGE,2018-01-02,93804,58746,6228.0,7554.0,193802,9259.0,35058,-1326.0
MEXICAN PESO - CHICAGO MERCANTILE EXCHANGE,2018-01-09,78703,48906,-15101.0,-9840.0,184250,-9552.0,29797,-5261.0
MEXICAN PESO - CHICAGO MERCANTILE EXCHANGE,2018-01-16,82790,35995,4087.0,-12911.0,172511,-11739.0,46795,16998.0
MEXICAN PESO - CHICAGO MERCANTILE EXCHANGE,2018-01-23,97964,36809,15174.0,814.0,178983,6472.0,61155,14360.0
MEXICAN PESO - CHICAGO MERCANTILE EXCHANGE,2018-01-30,110923,30878,12959.0,-5931.0,188829,9846.0,80045,18890.0
MEXICAN PESO - CHICAGO MERCANTILE EXCHANGE,2018-02-06,127650,34795,16727.0,3917.0,201316,12487.0,92855,12810.0
MEXICAN PESO - CHICAGO MERCANTILE EXCHANGE,2018-02-13,122762,25984,-4888.0,-8811.0,196517,-4799.0,96778,3923.0
MEXICAN PESO - CHICAGO MERCANTILE EXCHANGE,2018-02-20,127065,32244,4303.0,6260.0,196447,-70.0,94821,-1957.0
MEXICAN PESO - CHICAGO MERCANTILE EXCHANGE,2018-02-27,120144,27637,-6921.0,-4607.0,189222,-7225.0,92507,-2314.0
MEXICAN PESO - CHICAGO MERCANTILE EXCHANGE,2018-03-06,114143,30848,-6001.0,3211.0,192062,2840.0,83295,-9212.0
MEXICAN PESO - CHICAGO MERCANTILE EXCHANGE,2018-03-13,113977,27037,-166.0,-3811.0,196223,4161.0,86940,3645.0
MEXICAN PESO - CHICAGO MERCANTILE EXCHANGE,2018-03-20,105870,39025,-8107.0,11988.0,182537,-13686.0,66845,-20095.0
MEXICAN PESO - CHICAGO MERCANTILE EXCHANGE,2018-03-27,130264,40477,24394.0,1452.0,199947,17410.0,89787,22942.0
MEXICAN PESO - CHICAGO MERCANTILE EXCHANGE,2018-04-03,136812,37732,6548.0,-2745.0,209945,9998.0,99080,9293.0
MEXICAN PESO - CHICAGO MERCANTILE EXCHANGE,2018-04-10,147519,45301,10707.0,7569.0,223499,13554.0,102218,3138.0
MEXICAN PESO - CHICAGO MERCANTILE EXCHANGE,2018-04-17,155624,53783,8105.0,8482.0,228823,5324.0,101841,-377.0
MEXICAN PESO - CHICAGO MERCANTILE EXCHANGE,2018-04-24,140739,51956,-14885.0,-1827.0,232193,3370.0,88783,-13058.0
MEXICAN PESO - CHICAGO MERCANTILE EXCHANGE,2018-05-01,129849,43808,-10890.0,-8148.0,216905,-15288.0,86041,-2742.0
MEXICAN PESO - CHICAGO MERCANTILE EXCHANGE,2018-05-08,109911,33723,-19938.0,-10085.0,199756,-17149.0,76188,-9853.0
MEXICAN PESO - CHICAGO MERCANTILE EXCHANGE,2018-05-15,86288,33510,-23623.0,-213.0,183354,-16402.0,52778,-23410.0
MEXICAN PESO - CHICAGO MERCANTILE EXCHANGE,2018-05-22,78769,47229,-7519.0,13719.0,184285,931.0,31540,-21238.0
MEXICAN PESO - CHICAGO MERCANTILE EXCHANGE,2018-05-29,73232,54896,-5537.0,7667.0,181671,-2614.0,18336,-13204.0
MEXICAN PESO - CHICAGO MERCANTILE EXCHANGE,2018-06-05,69986,81096,-3246.0,26200.0,202098,20427.0,-11110,-29446.0
MEXICAN PESO - CHICAGO MERCANTILE EXCHANGE,2018-06-12,64923,86623,-5063.0,5527.0,214278,12180.0,-21700,-10590.0
MEXICAN PESO - CHICAGO MERCANTILE EXCHANGE,2018-06-19,60316,71581,-4607.0,-15042.0,156503,-57775.0,-11265,10435.0
MEXICAN PESO - CHICAGO MERCANTILE EXCHANGE,2018-06-26,61775,74285,1459.0,2704.0,150501,-6002.0,-12510,-1245.0
MEXICAN PESO - CHICAGO MERCANTILE EXCHANGE,2018-07-03,60815,54900,-960.0,-19385.0,145233,-5268.0,5915,18425.0
MEXICAN PESO - CHICAGO MERCANTILE EXCHANGE,2018-07-10,66485,38353,5670.0,-16547.0,141886,-3347.0,28132,22217.0
MEXICAN PESO - CHICAGO MERCANTILE EXCHANGE,2018-07-17,75878,46800,9393.0,8447.0,155008,13122.0,29078,946.0
MEXICAN PESO - CHICAGO MERCANTILE EXCHANGE,2018-07-24,87495,67911,11617.0,21111.0,177515,22507.0,19584,-9494.0
MEXICAN PESO - CHICAGO MERCANTILE EXCHANGE,2018-07-31,97475,70960,9980.0,3049.0,189767,12252.0,26515,6931.0
MEXICAN PESO - CHICAGO MERCANTILE EXCHANGE,2018-08-07,108066,74806,10591.0,3846.0,198476,8709.0,33260,6745.0
MEXICAN PESO - CHICAGO MERCANTILE EXCHANGE,2018-08-14,112980,81906,4914.0,7100.0,207354,8878.0,31074,-2186.0
MEXICAN PESO - CHICAGO MERCANTILE EXCHANGE,2018-08-21,113603,87933,623.0,6027.0,213196,5842.0,25670,-5404.0
MEXICAN PESO - CHICAGO MERCANTILE EXCHANGE,2018-08-28,105978,86641,-7625.0,-1292.0,217019,3823.0,19337,-6333.0
MEXICAN PESO - CHICAGO MERCANTILE EXCHANGE,2018-09-04,103856,91337,-2122.0,4696.0,220430,3411.0,12519,-6818.0
MEXICAN PESO - CHICAGO MERCANTILE EXCHANGE,2018-09-11,101282,86746,-2574.0,-4591.0,245043,24613.0,14536,2017.0
MEXICAN PESO - CHICAGO MERCANTILE EXCHANGE,2018-09-18,112234,71721,10952.0,-15025.0,200192,-44851.0,40513,25977.0
MEXICAN PESO - CHICAGO MERCANTILE EXCHANGE,2018-09-25,117315,65917,5081.0,-5804.0,204650,4458.0,51398,10885.0
MEXICAN PESO - CHICAGO MERCANTILE EXCHANGE,2018-10-02,135649,61820,18334.0,-4097.0,217218,12568.0,73829,22431.0
MEXICAN PESO - CHICAGO MERCANTILE EXCHANGE,2018-10-09,126813,52364,-8836.0,-9456.0,208594,-8624.0,74449,620.0
MEXICAN PESO - CHICAGO MERCANTILE EXCHANGE,2018-10-16,127324,58749,511.0,6385.0,215138,6544.0,68575,-5874.0
MEXICAN PESO - CHICAGO MERCANTILE EXCHANGE,2018-10-23,111571,53544,-15753.0,-5205.0,206270,-8868.0,58027,-10548.0
MEXICAN PESO - CHICAGO MERCANTILE EXCHANGE,2018-10-30,93644,59835,-17927.0,6291.0,192330,-13940.0,33809,-24218.0
MEXICAN PESO - CHICAGO MERCANTILE EXCHANGE,2018-11-06,67588,60552,-26056.0,717.0,184085,-8245.0,7036,-26773.0
MEXICAN PESO - CHICAGO MERCANTILE EXCHANGE,2018-11-13,69888,62601,2300.0,2049.0,186246,2161.0,7287,251.0
MEXICAN PESO - CHICAGO MERCANTILE EXCHANGE,2018-11-20,72611,58528,2723.0,-4073.0,186030,-216.0,14083,6796.0
MEXICAN PESO - CHICAGO MERCANTILE EXCHANGE,2018-11-27,77867,62540,5256.0,4012.0,189912,3882.0,15327,1244.0
MEXICAN PESO - CHICAGO MERCANTILE EXCHANGE,2018-12-04,64314,59791,-13553.0,-2749.0,191512,1600.0,4523,-10804.0
MEXICAN PESO - CHICAGO MERCANTILE EXCHANGE,2018-12-11,66195,54753,1881.0,-5038.0,184120,-7392.0,11442,6919.0
MEXICAN PESO - CHICAGO MERCANTILE EXCHANGE,2018-12-18,49996,50765,-16199.0,-3988.0,122610,-61510.0,-769,-12211.0
MEXICAN PESO - CHICAGO MERCANTILE EXCHANGE,2018-12-24,64558,61129,14562.0,10364.0,137078,14468.0,3429,4198.0
MEXICAN PESO - CHICAGO MERCANTILE EXCHANGE,2018-12-31,82260,72488,17702.0,11359.0,151235,14157.0,9772,6343.0
MEXICAN PESO - CHICAGO MERCANTILE EXCHANGE,2019-01-08,92398,61416,10138.0,-11072.0,160493,9258.0,30982,21210.0
MEXICAN PESO - CHICAGO MERCANTILE EXCHANGE,2019-01-15,124498,67233,32100.0,5817.0,190187,29694.0,57265,26283.0
MEXICAN PESO - CHICAGO MERCANTILE EXCHANGE,2019-01-22,141908,78389,17410.0,11156.0,206199,16012.0,63519,6254.0
MEXICAN PESO - CHICAGO MERCANTILE EXCHANGE,2019-01-29,149306,79863,7398.0,1474.0,214141,7942.0,69443,5924.0
MEXICAN PESO - CHICAGO MERCANTILE EXCHANGE,2019-02-05,156916,85449,7610.0,5586.0,222193,8052.0,71467,2024.0
MEXICAN PESO - CHICAGO MERCANTILE EXCHANGE,2019-02-12,158735,82324,1819.0,-3125.0,223535,1342.0,76411,4944.0
MEXICAN PESO - CHICAGO MERCANTILE EXCHANGE,2019-02-19,169715,74620,10980.0,-7704.0,233792,10257.0,95095,18684.0
MEXICAN PESO - CHICAGO MERCANTILE EXCHANGE,2019-02-26,168531,76584,-1184.0,1964.0,236584,2792.0,91947,-3148.0
MEXICAN PESO - CHICAGO MERCANTILE EXCHANGE,2019-03-05,176942,88524,8411.0,11940.0,246641,10057.0,88418,-3529.0
MEXICAN PESO - CHICAGO MERCANTILE EXCHANGE,2019-03-12,177252,102156,310.0,13632.0,273064,26423.0,75096,-13322.0
MEXICAN PESO - CHICAGO MERCANTILE EXCHANGE,2019-03-19,183614,60727,6362.0,-41429.0,235008,-38056.0,122887,47791.0
MEXICAN PESO - CHICAGO MERCANTILE EXCHANGE,2019-03-26,198612,52278,14998.0,-8449.0,239526,4518.0,146334,23447.0
MEXICAN PESO - CHICAGO MERCANTILE EXCHANGE,2019-04-02,186698,43975,-11914.0,-8303.0,227327,-12199.0,142723,-3611.0
MEXICAN PESO - CHICAGO MERCANTILE EXCHANGE,2019-04-09,194643,39206,7945.0,-4769.0,234676,7349.0,155437,12714.0
MEXICAN PESO - CHICAGO MERCANTILE EXCHANGE,2019-04-16,202538,46508,7895.0,7302.0,244360,9684.0,156030,593.0
MEXICAN PESO - CHICAGO MERCANTILE EXCHANGE,2019-04-23,207389,56684,4851.0,10176.0,252304,7944.0,150705,-5325.0
MEXICAN PESO - CHICAGO MERCANTILE EXCHANGE,2019-04-30,212417,67678,5028.0,10994.0,258551,6247.0,144739,-5966.0
MEXICAN PESO - CHICAGO MERCANTILE EXCHANGE,2019-05-07,215485,70796,3068.0,3118.0,263669,5118.0,144689,-50.0
MEXICAN PESO - CHICAGO MERCANTILE EXCHANGE,2019-05-14,214359,66152,-1126.0,-4644.0,265513,1844.0,148207,3518.0
MEXICAN PESO - CHICAGO MERCANTILE EXCHANGE,2019-05-21,218160,71675,3801.0,5523.0,271550,6037.0,146485,-1722.0
MEXICAN PESO - CHICAGO MERCANTILE EXCHANGE,2019-05-28,213758,71291,-4402.0,-384.0,274999,3449.0,142467,-4018.0
MEXICAN PESO - CHICAGO MERCANTILE EXCHANGE,2019-06-04,172354,48125,-41404.0,-23166.0,242090,-32909.0,124229,-18238.0
MEXICAN PESO - CHICAGO MERCANTILE EXCHANGE,2019-06-11,141898,40583,-30456.0,-7542.0,222003,-20087.0,101315,-22914.0
MEXICAN PESO - CHICAGO MERCANTILE EXCHANGE,2019-06-18,143640,26834,1742.0,-13749.0,202744,-19259.0,116806,15491.0
MEXICAN PESO - CHICAGO MERCANTILE EXCHANGE,2019-06-25,154205,39170,10565.0,12336.0,216206,13462.0,115035,-1771.0
MEXICAN PESO - CHICAGO MERCANTILE EXCHANGE,2019-07-02,168532,60265,14327.0,21095.0,236052,19846.0,108267,-6768.0
MEXICAN PESO - CHICAGO MERCANTILE EXCHANGE,2019-07-09,181214,54832,12682.0,-5433.0,244234,8182.0,126382,18115.0
MEXICAN PESO - CHICAGO MERCANTILE EXCHANGE,2019-07-16,168473,40352,-12741.0,-14480.0,225725,-18509.0,128121,1739.0
MEXICAN PESO - CHICAGO MERCANTILE EXCHANGE,2019-07-23,162435,37680,-6038.0,-2672.0,221368,-4357.0,124755,-3366.0
MEXICAN PESO - CHICAGO MERCANTILE EXCHANGE,2019-07-30,164178,35910,1743.0,-1770.0,221211,-157.0,128268,3513.0
MEXICAN PESO - CHICAGO MERCANTILE EXCHANGE,2019-08-06,161166,39097,-3012.0,3187.0,222394,1183.0,122069,-6199.0
MEXICAN PESO - CHICAGO MERCANTILE EXCHANGE,2019-08-13,152707,35145,-8459.0,-3952.0,212499,-9895.0,117562,-4507.0
MEXICAN PESO - CHICAGO MERCANTILE EXCHANGE,2019-08-20,147542,37183,-5165.0,2038.0,197525,-14974.0,110359,-7203.0
MEXICAN PESO - CHICAGO MERCANTILE EXCHANGE,2019-08-27,129991,36677,-17551.0,-506.0,189136,-8389.0,93314,-17045.0
MEXICAN PESO - CHICAGO MERCANTILE EXCHANGE,2019-09-03,126271,34480,-3720.0,-2197.0,187869,-1267.0,91791,-1523.0
MEXICAN PESO - CHICAGO MERCANTILE EXCHANGE,2019-09-10,126807,31170,536.0,-3310.0,196951,9082.0,95637,3846.0
MEXICAN PESO - CHICAGO MERCANTILE EXCHANGE,2019-09-17,135507,53881,8700.0,22711.0,187938,-9013.0,81626,-14011.0
MEXICAN PESO - CHICAGO MERCANTILE EXCHANGE,2019-09-24,149871,57457,14364.0,3576.0,199268,11330.0,92414,10788.0
MEXICAN PESO - CHICAGO MERCANTILE EXCHANGE,2019-10-01,162307,46495,12436.0,-10962.0,215614,16346.0,115812,23398.0
MEXICAN PESO - CHICAGO MERCANTILE EXCHANGE,2019-10-08,159694,44298,-2613.0,-2197.0,218266,2652.0,115396,-416.0
MEXICAN PESO - CHICAGO MERCANTILE EXCHANGE,2019-10-15,171659,58617,11965.0,14319.0,233100,14834.0,113042,-2354.0
MEXICAN PESO - CHICAGO MERCANTILE EXCHANGE,2019-10-22,192776,79826,21117.0,21209.0,254385,21285.0,112950,-92.0
MEXICAN PESO - CHICAGO MERCANTILE EXCHANGE,2019-10-29,215210,86303,22434.0,6477.0,280627,26242.0,128907,15957.0
MEXICAN PESO - CHICAGO MERCANTILE EXCHANGE,2019-11-05,232281,91879,17071.0,5576.0,299034,18407.0,140402,11495.0
MEXICAN PESO - CHICAGO MERCANTILE EXCHANGE,2019-11-12,219312,77275,-12969.0,-14604.0,298167,-867.0,142037,1635.0
MEXICAN PESO - CHICAGO MERCANTILE EXCHANGE,2019-11-19,213938,74117,-5374.0,-3158.0,294412,-3755.0,139821,-2216.0
MEXICAN PESO - CHICAGO MERCANTILE EXCHANGE,2019-11-26,202534,66885,-11404.0,-7232.0,292397,-2015.0,135649,-4172.0
MEXICAN PESO - CHICAGO MERCANTILE EXCHANGE,2019-12-03,196052,65925,-6482.0,-960.0,290980,-1417.0,130127,-5522.0
MEXICAN PESO - CHICAGO MERCANTILE EXCHANGE,2019-12-10,196673,66032,621.0,107.0,304848,13868.0,130641,514.0
MEXICAN PESO - CHICAGO MERCANTILE EXCHANGE,2019-12-17,211650,59390,14977.0,-6642.0,288786,-16062.0,152260,21619.0
MEXICAN PESO - CHICAGO MERCANTILE EXCHANGE,2019-12-24,202097,43881,-9553.0,-15509.0,274987,-13799.0,158216,5956.0
MEXICAN PESO - CHICAGO MERCANTILE EXCHANGE,2019-12-31,193069,42803,-9028.0,-1078.0,277946,2959.0,150266,-7950.0
MEXICAN PESO - CHICAGO MERCANTILE EXCHANGE,2020-01-07,203580,46262,10511.0,3459.0,283332,5386.0,157318,7052.0
MEXICAN PESO - CHICAGO MERCANTILE EXCHANGE,2020-01-14,207127,41487,3547.0,-4775.0,294039,10707.0,165640,8322.0
MEXICAN PESO - CHICAGO MERCANTILE EXCHANGE,2020-01-21,211681,41710,4554.0,223.0,299980,5941.0,169971,4331.0
MEXICAN PESO - CHICAGO MERCANTILE EXCHANGE,2020-01-28,207336,36970,-4345.0,-4740.0,305928,5948.0,170366,395.0
MEXICAN PESO - CHICAGO MERCANTILE EXCHANGE,2020-02-04,206538,41366,-798.0,4396.0,308894,2966.0,165172,-5194.0
MEXICAN PESO - CHICAGO MERCANTILE EXCHANGE,2020-02-11,193940,37614,-12598.0,-3752.0,302445,-6449.0,156326,-8846.0
MEXICAN PESO - CHICAGO MERCANTILE EXCHANGE,2020-02-18,192345,39063,-1595.0,1449.0,301797,-648.0,153282,-3044.0
MEXICAN PESO - CHICAGO MERCANTILE EXCHANGE,2020-02-25,176836,26235,-15509.0,-12828.0,276267,-25530.0,150601,-2681.0
MEXICAN PESO - CHICAGO MERCANTILE EXCHANGE,2020-03-03,147358,16177,-29478.0,-10058.0,233892,-42375.0,131181,-19420.0
MEXICAN PESO - CHICAGO MERCANTILE EXCHANGE,2020-03-10,129376,16829,-17982.0,652.0,224550,-9342.0,112547,-18634.0
MEXICAN PESO - CHICAGO MERCANTILE EXCHANGE,2020-03-17,55563,21718,-73813.0,4889.0,121964,-102586.0,33845,-78702.0
MEXICAN PESO - CHICAGO MERCANTILE EXCHANGE,2020-03-24,40783,18804,-14780.0,-2914.0,110323,-11641.0,21979,-11866.0
MEXICAN PESO - CHICAGO MERCANTILE EXCHANGE,2020-03-31,28435,20770,-12348.0,1966.0,102712,-7611.0,7665,-14314.0
MEXICAN PESO - CHICAGO MERCANTILE EXCHANGE,2020-04-07,26766,21010,-1669.0,240.0,102137,-575.0,5756,-1909.0
MEXICAN PESO - CHICAGO MERCANTILE EXCHANGE,2020-04-14,29926,26593,3160.0,5583.0,109371,7234.0,3333,-2423.0
MEXICAN PESO - CHICAGO MERCANTILE EXCHANGE,2020-04-21,25851,24611,-4075.0,-1982.0,105480,-3891.0,1240,-2093.0
MEXICAN PESO - CHICAGO MERCANTILE EXCHANGE,2020-04-28,32191,23710,6340.0,-901.0,103359,-2121.0,8481,7241.0
MEXICAN PESO - CHICAGO MERCANTILE EXCHANGE,2020-05-05,31184,24075,-1007.0,365.0,100220,-3139.0,7109,-1372.0
MEXICAN PESO - CHICAGO MERCANTILE EXCHANGE,2020-05-12,22491,27611,-8693.0,3536.0,101098,878.0,-5120,-12229.0
MEXICAN PESO - CHICAGO MERCANTILE EXCHANGE,2020-05-19,24268,30252,1777.0,2641.0,103425,2327.0,-5984,-864.0
MEXICAN PESO - CHICAGO MERCANTILE EXCHANGE,2020-05-26,43294,38603,19026.0,8351.0,128952,25527.0,4691,10675.0
MEXICAN PESO - CHICAGO MERCANTILE EXCHANGE,2020-06-02,56663,48346,13369.0,9743.0,122614,-6338.0,8317,3626.0
MEXICAN PESO - CHICAGO MERCANTILE EXCHANGE,2020-06-09,58953,59799,2290.0,11453.0,135937,13323.0,-846,-9163.0
MEXICAN PESO - CHICAGO MERCANTILE EXCHANGE,2020-06-16,49258,27152,-9695.0,-32647.0,109329,-26608.0,22106,22952.0
MEXICAN PESO - CHICAGO MERCANTILE EXCHANGE,2020-06-23,51601,28423,2343.0,1271.0,113290,3961.0,23178,1072.0
MEXICAN PESO - CHICAGO MERCANTILE EXCHANGE,2020-06-30,55795,34839,4194.0,6416.0,122007,8717.0,20956,-2222.0
MEXICAN PESO - CHICAGO MERCANTILE EXCHANGE,2020-07-07,50848,35868,-4947.0,1029.0,122938,931.0,14980,-5976.0
MEXICAN PESO - CHICAGO MERCANTILE EXCHANGE,2020-07-14,48737,36866,-2111.0,998.0,124807,1869.0,11871,-3109.0
MEXICAN PESO - CHICAGO MERCANTILE EXCHANGE,2020-07-21,49461,39613,724.0,2747.0,128136,3329.0,9848,-2023.0
MEXICAN PESO - CHICAGO MERCANTILE EXCHANGE,2020-07-28,51851,40987,2390.0,1374.0,133914,5778.0,10864,1016.0
MEXICAN PESO - CHICAGO MERCANTILE EXCHANGE,2020-08-04,42692,39693,-9159.0,-1294.0,128492,-5422.0,2999,-7865.0
MEXICAN PESO - CHICAGO MERCANTILE EXCHANGE,2020-08-11,44240,37733,1548.0,-1960.0,130908,2416.0,6507,3508.0
MEXICAN PESO - CHICAGO MERCANTILE EXCHANGE,2020-08-18,42450,38112,-1790.0,379.0,134542,3634.0,4338,-2169.0
MEXICAN PESO - CHICAGO MERCANTILE EXCHANGE,2020-08-25,42397,38535,-53.0,423.0,134794,252.0,3862,-476.0
MEXICAN PESO - CHICAGO MERCANTILE EXCHANGE,2020-09-01,45309,39340,2912.0,805.0,132731,-2063.0,5969,2107.0
MEXICAN PESO - CHICAGO MERCANTILE EXCHANGE,2020-09-08,53190,44817,7881.0,5477.0,150387,17656.0,8373,2404.0
MEXICAN PESO - CHICAGO MERCANTILE EXCHANGE,2020-09-15,56478,30007,3288.0,-14810.0,134482,-15905.0,26471,18098.0
MEXICAN PESO - CHICAGO MERCANTILE EXCHANGE,2020-09-22,59484,32834,3006.0,2827.0,136718,2236.0,26650,179.0
MEXICAN PESO - CHICAGO MERCANTILE EXCHANGE,2020-09-29,43334,30698,-16150.0,-2136.0,121918,-14800.0,12636,-14014.0
MEXICAN PESO - CHICAGO MERCANTILE EXCHANGE,2020-10-06,51201,29859,7867.0,-839.0,120674,-1244.0,21342,8706.0
MEXICAN PESO - CHICAGO MERCANTILE EXCHANGE,2020-10-13,51329,28851,128.0,-1008.0,118828,-1846.0,22478,1136.0
MEXICAN PESO - CHICAGO MERCANTILE EXCHANGE,2020-10-20,56246,36404,4917.0,7553.0,124948,6120.0,19842,-2636.0
MEXICAN PESO - CHICAGO MERCANTILE EXCHANGE,2020-10-27,63135,35189,6889.0,-1215.0,125868,920.0,27946,8104.0
MEXICAN PESO - CHICAGO MERCANTILE EXCHANGE,2020-11-03,53988,29891,-9147.0,-5298.0,118193,-7675.0,24097,-3849.0
MEXICAN PESO - CHICAGO MERCANTILE EXCHANGE,2020-11-10,57399,39077,3411.0,9186.0,128610,10417.0,18322,-5775.0
MEXICAN PESO - CHICAGO MERCANTILE EXCHANGE,2020-11-17,59799,39390,2400.0,313.0,132317,3707.0,20409,2087.0
MEXICAN PESO - CHICAGO MERCANTILE EXCHANGE,2020-11-24,63156,39361,3357.0,-29.0,136787,4470.0,23795,3386.0
MEXICAN PESO - CHICAGO MERCANTILE EXCHANGE,2020-12-01,72880,43839,9724.0,4478.0,149709,12922.0,29041,5246.0
MEXICAN PESO - CHICAGO MERCANTILE EXCHANGE,2020-12-08,70443,43921,-2437.0,82.0,191833,42124.0,26522,-2519.0
MEXICAN PESO - CHICAGO MERCANTILE EXCHANGE,2020-12-15,62335,65562,-8108.0,21641.0,142913,-48920.0,-3227,-29749.0
MEXICAN PESO - CHICAGO MERCANTILE EXCHANGE,2020-12-21,56598,64847,-5737.0,-715.0,142814,-99.0,-8249,-5022.0
MEXICAN PESO - CHICAGO MERCANTILE EXCHANGE,2020-12-29,56929,62187,331.0,-2660.0,142582,-232.0,-5258,2991.0
MEXICAN PESO - CHICAGO MERCANTILE EXCHANGE,2021-01-05,52578,60301,-4351.0,-1886.0,141291,-1291.0,-7723,-2465.0
MEXICAN PESO - CHICAGO MERCANTILE EXCHANGE,2021-01-12,57570,63022,4992.0,2721.0,151244,9953.0,-5452,2271.0
MEXICAN PESO - CHICAGO MERCANTILE EXCHANGE,2021-01-19,52890,60577,-4680.0,-2445.0,145735,-5509.0,-7687,-2235.0
MEXICAN PESO - CHICAGO MERCANTILE EXCHANGE,2021-01-26,58301,59251,5411.0,-1326.0,150653,4918.0,-950,6737.0
MEXICAN PESO - CHICAGO MERCANTILE EXCHANGE,2021-02-02,53406,50538,-4895.0,-8713.0,150781,128.0,2868,3818.0
MEXICAN PESO - CHICAGO MERCANTILE EXCHANGE,2021-02-09,53203,51720,-203.0,1182.0,158040,7259.0,1483,-1385.0
MEXICAN PESO - CHICAGO MERCANTILE EXCHANGE,2021-02-16,57670,56258,4467.0,4538.0,163322,5282.0,1412,-71.0
MEXICAN PESO - CHICAGO MERCANTILE EXCHANGE,2021-02-23,54655,51630,-3015.0,-4628.0,165600,2278.0,3025,1613.0
MEXICAN PESO - CHICAGO MERCANTILE EXCHANGE,2021-03-02,52098,47667,-2557.0,-3963.0,159755,-5845.0,4431,1406.0
MEXICAN PESO - CHICAGO MERCANTILE EXCHANGE,2021-03-09,50349,48497,-1749.0,830.0,167287,7532.0,1852,-2579.0
MEXICAN PESO - CHICAGO MERCANTILE EXCHANGE,2021-03-16,40137,69594,-10212.0,21097.0,113924,-53363.0,-29457,-31309.0
MEXICAN PESO - CHICAGO MERCANTILE EXCHANGE,2021-03-23,52412,73306,12275.0,3712.0,130204,16280.0,-20894,8563.0
MEXICAN PESO - CHICAGO MERCANTILE EXCHANGE,2021-03-30,58089,73202,5677.0,-104.0,136497,6293.0,-15113,5781.0
MEXICAN PESO - CHICAGO MERCANTILE EXCHANGE,2021-04-06,57610,70752,-479.0,-2450.0,136870,373.0,-13142,1971.0
MEXICAN PESO - CHICAGO MERCANTILE EXCHANGE,2021-04-13,63387,75365,5777.0,4613.0,143619,6749.0,-11978,1164.0
MEXICAN PESO - CHICAGO MERCANTILE EXCHANGE,2021-04-20,68012,71566,4625.0,-3799.0,146537,2918.0,-3554,8424.0
MEXICAN PESO - CHICAGO MERCANTILE EXCHANGE,2021-04-27,75554,74594,7542.0,3028.0,154844,8307.0,960,4514.0
MEXICAN PESO - CHICAGO MERCANTILE EXCHANGE,2021-05-04,65948,70394,-9606.0,-4200.0,145948,-8896.0,-4446,-5406.0
MEXICAN PESO - CHICAGO MERCANTILE EXCHANGE,2021-05-11,61625,70105,-4323.0,-289.0,143323,-2625.0,-8480,-4034.0
MEXICAN PESO - CHICAGO MERCANTILE EXCHANGE,2021-05-18,62251,72369,626.0,2264.0,144712,1389.0,-10118,-1638.0
MEXICAN PESO - CHICAGO MERCANTILE EXCHANGE,2021-05-25,63868,72366,1617.0,-3.0,146892,2180.0,-8498,1620.0
MEXICAN PESO - CHICAGO MERCANTILE EXCHANGE,2021-06-01,69880,73526,6012.0,1160.0,159507,12615.0,-3646,4852.0
MEXICAN PESO - CHICAGO MERCANTILE EXCHANGE,2021-06-08,63814,70375,-6066.0,-3151.0,159811,304.0,-6561,-2915.0
MEXICAN PESO - CHICAGO MERCANTILE EXCHANGE,2021-06-15,68675,92605,4861.0,22230.0,144805,-15006.0,-23930,-17369.0
MEXICAN PESO - CHICAGO MERCANTILE EXCHANGE,2021-06-22,61955,90546,-6720.0,-2059.0,139874,-4931.0,-28591,-4661.0
MEXICAN PESO - CHICAGO MERCANTILE EXCHANGE,2021-06-29,71449,90903,9494.0,357.0,144435,4561.0,-19454,9137.0
MEXICAN PESO - CHICAGO MERCANTILE EXCHANGE,2021-07-06,70788,93121,-661.0,2218.0,147459,3024.0,-22333,-2879.0
MEXICAN PESO - CHICAGO MERCANTILE EXCHANGE,2021-07-13,69611,97043,-1177.0,3922.0,149382,1923.0,-27432,-5099.0
MEXICAN PESO - CHICAGO MERCANTILE EXCHANGE,2021-07-20,66141,94562,-3470.0,-2481.0,146412,-2970.0,-28421,-989.0
MEXICAN PESO - CHICAGO MERCANTILE EXCHANGE,2021-07-27,65404,91811,-737.0,-2751.0,150348,3936.0,-26407,2014.0
MEXICAN PESO - CHICAGO MERCANTILE EXCHANGE,2021-08-03,70787,92084,5383.0,273.0,154363,4015.0,-21297,5110.0
MEXICAN PESO - CHICAGO MERCANTILE EXCHANGE,2021-08-10,69818,93705,-969.0,1621.0,152510,-1853.0,-23887,-2590.0
MEXICAN PESO - CHICAGO MERCANTILE EXCHANGE,2021-08-17,76530,95647,6712.0,1942.0,159599,7089.0,-19117,4770.0
MEXICAN PESO - CHICAGO MERCANTILE EXCHANGE,2021-08-24,71067,94897,-5463.0,-750.0,152123,-7476.0,-23830,-4713.0
MEXICAN PESO - CHICAGO MERCANTILE EXCHANGE,2021-08-31,72052,93095,985.0,-1802.0,153285,1162.0,-21043,2787.0
MEXICAN PESO - CHICAGO MERCANTILE EXCHANGE,2021-09-07,88168,105685,16116.0,12590.0,180540,27255.0,-17517,3526.0
MEXICAN PESO - CHICAGO MERCANTILE EXCHANGE,2021-09-14,95948,111800,7780.0,6115.0,176776,-3764.0,-15852,1665.0
MEXICAN PESO - CHICAGO MERCANTILE EXCHANGE,2021-09-21,88733,107748,-7215.0,-4052.0,169898,-6878.0,-19015,-3163.0
MEXICAN PESO - CHICAGO MERCANTILE EXCHANGE,2021-09-28,92423,112018,3690.0,4270.0,172640,2742.0,-19595,-580.0
MEXICAN PESO - CHICAGO MERCANTILE EXCHANGE,2021-10-05,77074,112653,-15349.0,635.0,168119,-4521.0,-35579,-15984.0
MEXICAN PESO - CHICAGO MERCANTILE EXCHANGE,2021-10-12,74129,113763,-2945.0,1110.0,171754,3635.0,-39634,-4055.0
MEXICAN PESO - CHICAGO MERCANTILE EXCHANGE,2021-10-19,70192,108763,-3937.0,-5000.0,164268,-7486.0,-38571,1063.0
MEXICAN PESO - CHICAGO MERCANTILE EXCHANGE,2021-10-26,63677,106966,-6515.0,-1797.0,162542,-1726.0,-43289,-4718.0
MEXICAN PESO - CHICAGO MERCANTILE EXCHANGE,2021-11-02,61553,112571,-2124.0,5605.0,167676,5134.0,-51018,-7729.0
MEXICAN PESO - CHICAGO MERCANTILE EXCHANGE,2021-11-09,61791,110198,238.0,-2373.0,164152,-3524.0,-48407,2611.0
MEXICAN PESO - CHICAGO MERCANTILE EXCHANGE,2021-11-16,69984,117639,8193.0,7441.0,170102,5950.0,-47655,752.0
MEXICAN PESO - CHICAGO MERCANTILE EXCHANGE,2021-11-23,80691,130152,10707.0,12513.0,184243,14141.0,-49461,-1806.0
MEXICAN PESO - CHICAGO MERCANTILE EXCHANGE,2021-11-30,85840,145587,5149.0,15435.0,195719,11476.0,-59747,-10286.0
MEXICAN PESO - CHICAGO MERCANTILE EXCHANGE,2021-12-07,70791,134917,-15049.0,-10670.0,200173,4454.0,-64126,-4379.0
MEXICAN PESO - CHICAGO MERCANTILE EXCHANGE,2021-12-14,34748,45421,-36043.0,-89496.0,101049,-99124.0,-10673,53453.0
MEXICAN PESO - CHICAGO MERCANTILE EXCHANGE,2021-12-21,30021,34813,-4727.0,-10608.0,94469,-6580.0,-4792,5881.0
MEXICAN PESO - CHICAGO MERCANTILE EXCHANGE,2021-12-28,33561,42569,3540.0,7756.0,102418,7949.0,-9008,-4216.0
MEXICAN PESO - CHICAGO MERCANTILE EXCHANGE,2022-01-04,44876,54366,11315.0,11797.0,119748,17330.0,-9490,-482.0
MEXICAN PESO - CHICAGO MERCANTILE EXCHANGE,2022-01-11,53194,57645,8318.0,3279.0,127155,7407.0,-4451,5039.0
MEXICAN PESO - CHICAGO MERCANTILE EXCHANGE,2022-01-18,75461,70541,22267.0,12896.0,151778,24623.0,4920,9371.0
MEXICAN PESO - CHICAGO MERCANTILE EXCHANGE,2022-01-25,66449,67239,-9012.0,-3302.0,150142,-1636.0,-790,-5710.0
MEXICAN PESO - CHICAGO MERCANTILE EXCHANGE,2022-02-01,53767,53037,-12682.0,-14202.0,141352,-8790.0,730,1520.0
MEXICAN PESO - CHICAGO MERCANTILE EXCHANGE,2022-02-08,45097,43853,-8670.0,-9184.0,134257,-7095.0,1244,514.0
MEXICAN PESO - CHICAGO MERCANTILE EXCHANGE,2022-02-15,59485,50511,14388.0,6658.0,151098,16841.0,8974,7730.0
MEXICAN PESO - CHICAGO MERCANTILE EXCHANGE,2022-02-22,72846,56021,13361.0,5510.0,171299,20201.0,16825,7851.0
MEXICAN PESO - CHICAGO MERCANTILE EXCHANGE,2022-03-01,74971,32593,2125.0,-23428.0,154664,-16635.0,42378,25553.0
MEXICAN PESO - CHICAGO MERCANTILE EXCHANGE,2022-03-08,76020,23003,1049.0,-9590.0,166433,11769.0,53017,10639.0
MEXICAN PESO - CHICAGO MERCANTILE EXCHANGE,2022-03-15,39164,49740,-36856.0,26737.0,102749,-63684.0,-10576,-63593.0
MEXICAN PESO - CHICAGO MERCANTILE EXCHANGE,2022-03-22,58150,76201,18986.0,26461.0,134766,32017.0,-18051,-7475.0
MEXICAN PESO - CHICAGO MERCANTILE EXCHANGE,2022-03-29,75081,83328,16931.0,7127.0,157779,23013.0,-8247,9804.0
MEXICAN PESO - CHICAGO MERCANTILE EXCHANGE,2022-04-05,78728,77818,3647.0,-5510.0,172712,14933.0,910,9157.0
MEXICAN PESO - CHICAGO MERCANTILE EXCHANGE,2022-04-12,81582,66622,2854.0,-11196.0,175905,3193.0,14960,14050.0
MEXICAN PESO - CHICAGO MERCANTILE EXCHANGE,2022-04-19,73710,52046,-7872.0,-14576.0,165403,-10502.0,21664,6704.0
MEXICAN PESO - CHICAGO MERCANTILE EXCHANGE,2022-04-26,67389,47263,-6321.0,-4783.0,156766,-8637.0,20126,-1538.0
MEXICAN PESO - CHICAGO MERCANTILE EXCHANGE,2022-05-03,63860,49237,-3529.0,1974.0,151933,-4833.0,14623,-5503.0
MEXICAN PESO - CHICAGO MERCANTILE EXCHANGE,2022-05-10,63921,47196,61.0,-2041.0,153858,1925.0,16725,2102.0
MEXICAN PESO - CHICAGO MERCANTILE EXCHANGE,2022-05-17,77819,49604,13898.0,2408.0,170924,17066.0,28215,11490.0
MEXICAN PESO - CHICAGO MERCANTILE EXCHANGE,2022-05-24,83031,53239,5212.0,3635.0,177125,6201.0,29792,1577.0
MEXICAN PESO - CHICAGO MERCANTILE EXCHANGE,2022-05-31,114480,79031,31449.0,25792.0,212843,35718.0,35449,5657.0
MEXICAN PESO - CHICAGO MERCANTILE EXCHANGE,2022-06-07,119162,86436,4682.0,7405.0,248184,35341.0,32726,-2723.0
MEXICAN PESO - CHICAGO MERCANTILE EXCHANGE,2022-06-14,114093,140474,-5069.0,54038.0,197375,-50809.0,-26381,-59107.0
MEXICAN PESO - CHICAGO MERCANTILE EXCHANGE,2022-06-21,96147,123017,-17946.0,-17457.0,191265,-6110.0,-26870,-489.0
MEXICAN PESO - CHICAGO MERCANTILE EXCHANGE,2022-06-28,107031,121011,10884.0,-2006.0,193536,2271.0,-13980,12890.0
MEXICAN PESO - CHICAGO MERCANTILE EXCHANGE,2022-07-05,107141,121559,110.0,548.0,197463,3927.0,-14418,-438.0
MEXICAN PESO - CHICAGO MERCANTILE EXCHANGE,2022-07-12,104715,127953,-2426.0,6394.0,195611,-1852.0,-23238,-8820.0
MEXICAN PESO - CHICAGO MERCANTILE EXCHANGE,2022-07-19,97965,128725,-6750.0,772.0,196123,512.0,-30760,-7522.0
MEXICAN PESO - CHICAGO MERCANTILE EXCHANGE,2022-07-26,96752,126650,-1213.0,-2075.0,195025,-1098.0,-29898,862.0
MEXICAN PESO - CHICAGO MERCANTILE EXCHANGE,2022-08-02,101415,124468,4663.0,-2182.0,192971,-2054.0,-23053,6845.0
MEXICAN PESO - CHICAGO MERCANTILE EXCHANGE,2022-08-09,95572,123193,-5843.0,-1275.0,189988,-2983.0,-27621,-4568.0
MEXICAN PESO - CHICAGO MERCANTILE EXCHANGE,2022-08-16,108642,130013,13070.0,6820.0,201618,11630.0,-21371,6250.0
MEXICAN PESO - CHICAGO MERCANTILE EXCHANGE,2022-08-23,103056,134372,-5586.0,4359.0,205575,3957.0,-31316,-9945.0
MEXICAN PESO - CHICAGO MERCANTILE EXCHANGE,2022-08-30,103623,132653,567.0,-1719.0,206823,1248.0,-29030,2286.0
MEXICAN PESO - CHICAGO MERCANTILE EXCHANGE,2022-09-06,97112,126572,-6511.0,-6081.0,199161,-7662.0,-29460,-430.0
MEXICAN PESO - CHICAGO MERCANTILE EXCHANGE,2022-09-13,103772,129153,6660.0,2581.0,208403,9242.0,-25381,4079.0
MEXICAN PESO - CHICAGO MERCANTILE EXCHANGE,2022-09-20,96671,124704,-7101.0,-4449.0,172650,-35753.0,-28033,-2652.0
MEXICAN PESO - CHICAGO MERCANTILE EXCHANGE,2022-09-27,87723,129045,-8948.0,4341.0,173045,395.0,-41322,-13289.0
MEXICAN PESO - CHICAGO MERCANTILE EXCHANGE,2022-10-04,108626,145947,20903.0,16902.0,192352,19307.0,-37321,4001.0
MEXICAN PESO - CHICAGO MERCANTILE EXCHANGE,2022-10-11,120239,153893,11613.0,7946.0,206170,13818.0,-33654,3667.0
MEXICAN PESO - CHICAGO MERCANTILE EXCHANGE,2022-10-18,133432,155726,13193.0,1833.0,215836,9666.0,-22294,11360.0
MEXICAN PESO - CHICAGO MERCANTILE EXCHANGE,2022-10-25,161558,148984,28126.0,-6742.0,248910,33074.0,12574,34868.0
MEXICAN PESO - CHICAGO MERCANTILE EXCHANGE,2022-11-01,182316,138271,20758.0,-10713.0,282864,33954.0,44045,31471.0
MEXICAN PESO - CHICAGO MERCANTILE EXCHANGE,2022-11-08,192024,132410,9708.0,-5861.0,300020,17156.0,59614,15569.0
MEXICAN PESO - CHICAGO MERCANTILE EXCHANGE,2022-11-15,197700,129849,5676.0,-2561.0,303442,3422.0,67851,8237.0
MEXICAN PESO - CHICAGO MERCANTILE EXCHANGE,2022-11-22,188446,125127,-9254.0,-4722.0,296145,-7297.0,63319,-4532.0
MEXICAN PESO - CHICAGO MERCANTILE EXCHANGE,2022-11-29,199744,133658,11298.0,8531.0,307733,11588.0,66086,2767.0
MEXICAN PESO - CHICAGO MERCANTILE EXCHANGE,2022-12-06,177555,129603,-22189.0,-4055.0,293708,-14025.0,47952,-18134.0
MEXICAN PESO - CHICAGO MERCANTILE EXCHANGE,2022-12-13,168481,124117,-9074.0,-5486.0,290116,-3592.0,44364,-3588.0
MEXICAN PESO - CHICAGO MERCANTILE EXCHANGE,2022-12-20,124474,179570,-44007.0,55453.0,229275,-60841.0,-55096,-99460.0
MEXICAN PESO - CHICAGO MERCANTILE EXCHANGE,2022-12-27,125891,177617,1417.0,-1953.0,232407,3132.0,-51726,3370.0
MEXICAN PESO - CHICAGO MERCANTILE EXCHANGE,2023-01-03,131201,187577,5310.0,9960.0,245029,12622.0,-56376,-4650.0
MEXICAN PESO - CHICAGO MERCANTILE EXCHANGE,2023-01-10,149517,202898,18316.0,15321.0,270826,25797.0,-53381,2995.0
MEXICAN PESO - CHICAGO MERCANTILE EXCHANGE,2023-01-17,150543,199182,1026.0,-3716.0,274227,3401.0,-48639,4742.0
MEXICAN PESO - CHICAGO MERCANTILE EXCHANGE,2023-01-24,148265,197005,-2278.0,-2177.0,272655,-1572.0,-48740,-101.0
MEXICAN PESO - CHICAGO MERCANTILE EXCHANGE,2023-01-31,156950,202220,8685.0,5215.0,285481,12826.0,-45270,3470.0
MEXICAN PESO - CHICAGO MERCANTILE EXCHANGE,2023-02-07,138771,183049,-18179.0,-19171.0,262449,-23032.0,-44278,992.0
MEXICAN PESO - CHICAGO MERCANTILE EXCHANGE,2023-02-14,153370,193037,14599.0,9988.0,279004,16555.0,-39667,4611.0
MEXICAN PESO - CHICAGO MERCANTILE EXCHANGE,2023-02-21,152675,189548,-695.0,-3489.0,277353,-1651.0,-36873,2794.0
MEXICAN PESO - CHICAGO MERCANTILE EXCHANGE,2023-02-28,169769,204914,17094.0,15366.0,294741,17388.0,-35145,1728.0
MEXICAN PESO - CHICAGO MERCANTILE EXCHANGE,2023-03-07,177503,208755,7734.0,3841.0,376712,81971.0,-31252,3893.0
MEXICAN PESO - CHICAGO MERCANTILE EXCHANGE,2023-03-14,147405,81278,-30098.0,-127477.0,260414,-116298.0,66127,97379.0
MEXICAN PESO - CHICAGO MERCANTILE EXCHANGE,2023-03-21,101899,50369,-45506.0,-30909.0,222130,-38284.0,51530,-14597.0
MEXICAN PESO - CHICAGO MERCANTILE EXCHANGE,2023-03-28,109417,60138,7518.0,9769.0,233669,11539.0,49279,-2251.0
MEXICAN PESO - CHICAGO MERCANTILE EXCHANGE,2023-04-04,127371,69458,17954.0,9320.0,250403,16734.0,57913,8634.0
MEXICAN PESO - CHICAGO MERCANTILE EXCHANGE,2023-04-11,136355,75878,8984.0,6420.0,260053,9650.0,60477,2564.0
MEXICAN PESO - CHICAGO MERCANTILE EXCHANGE,2023-04-18,139289,83118,2934.0,7240.0,267698,7645.0,56171,-4306.0
MEXICAN PESO - CHICAGO MERCANTILE EXCHANGE,2023-04-25,133098,78970,-6191.0,-4148.0,267276,-422.0,54128,-2043.0
MEXICAN PESO - CHICAGO MERCANTILE EXCHANGE,2023-05-02,128173,70463,-4925.0,-8507.0,260235,-7041.0,57710,3582.0
MEXICAN PESO - CHICAGO MERCANTILE EXCHANGE,2023-05-09,127763,57731,-410.0,-12732.0,255441,-4794.0,70032,12322.0
MEXICAN PESO - CHICAGO MERCANTILE EXCHANGE,2023-05-16,133268,59633,5505.0,1902.0,254037,-1404.0,73635,3603.0
MEXICAN PESO - CHICAGO MERCANTILE EXCHANGE,2023-05-23,118579,41636,-14689.0,-17997.0,233538,-20499.0,76943,3308.0
MEXICAN PESO - CHICAGO MERCANTILE EXCHANGE,2023-05-30,115535,37530,-3044.0,-4106.0,224395,-9143.0,78005,1062.0
MEXICAN PESO - CHICAGO MERCANTILE EXCHANGE,2023-06-06,123447,41777,7912.0,4247.0,235994,11599.0,81670,3665.0
MEXICAN PESO - CHICAGO MERCANTILE EXCHANGE,2023-06-13,131738,52903,8291.0,11126.0,291589,55595.0,78835,-2835.0
MEXICAN PESO - CHICAGO MERCANTILE EXCHANGE,2023-06-20,121005,21287,-10733.0,-31616.0,224897,-66692.0,99718,20883.0
MEXICAN PESO - CHICAGO MERCANTILE EXCHANGE,2023-06-27,117098,20749,-3907.0,-538.0,226033,1136.0,96349,-3369.0
MEXICAN PESO - CHICAGO MERCANTILE EXCHANGE,2023-07-03,123919,28679,6821.0,7930.0,238269,12236.0,95240,-1109.0
MEXICAN PESO - CHICAGO MERCANTILE EXCHANGE,2023-07-11,122996,26830,-923.0,-1849.0,239738,1469.0,96166,926.0
MEXICAN PESO - CHICAGO MERCANTILE EXCHANGE,2023-07-18,122811,28319,-185.0,1489.0,238006,-1732.0,94492,-1674.0
MEXICAN PESO - CHICAGO MERCANTILE EXCHANGE,2023-07-25,117732,29891,-5079.0,1572.0,233549,-4457.0,87841,-6651.0
MEXICAN PESO - CHICAGO MERCANTILE EXCHANGE,2023-08-01,119651,31103,1919.0,1212.0,236446,2897.0,88548,707.0
MEXICAN PESO - CHICAGO MERCANTILE EXCHANGE,2023-08-08,110008,26357,-9643.0,-4746.0,227745,-8701.0,83651,-4897.0
MEXICAN PESO - CHICAGO MERCANTILE EXCHANGE,2023-08-15,109340,27317,-668.0,960.0,228984,1239.0,82023,-1628.0
MEXICAN PESO - CHICAGO MERCANTILE EXCHANGE,2023-08-22,103018,29359,-6322.0,2042.0,228801,-183.0,73659,-8364.0
MEXICAN PESO - CHICAGO MERCANTILE EXCHANGE,2023-08-29,110075,36212,7057.0,6853.0,238767,9966.0,73863,204.0
MEXICAN PESO - CHICAGO MERCANTILE EXCHANGE,2023-09-05,100298,32777,-9777.0,-3435.0,246061,7294.0,67521,-6342.0
MEXICAN PESO - CHICAGO MERCANTILE EXCHANGE,2023-09-12,93022,26151,-7276.0,-6626.0,235720,-10341.0,66871,-650.0
MEXICAN PESO - CHICAGO MERCANTILE EXCHANGE,2023-09-19,95307,31657,2285.0,5506.0,220707,-15013.0,63650,-3221.0
MEXICAN PESO - CHICAGO MERCANTILE EXCHANGE,2023-09-26,92732,32099,-2575.0,442.0,216906,-3801.0,60633,-3017.0
MEXICAN PESO - CHICAGO MERCANTILE EXCHANGE,2023-10-03,90848,26334,-1884.0,-5765.0,212539,-4367.0,64514,3881.0
MEXICAN PESO - CHICAGO MERCANTILE EXCHANGE,2023-10-10,70525,18292,-20323.0,-8042.0,201997,-10542.0,52233,-12281.0
MEXICAN PESO - CHICAGO MERCANTILE EXCHANGE,2023-10-17,63351,19046,-7174.0,754.0,197037,-4960.0,44305,-7928.0
MEXICAN PESO - CHICAGO MERCANTILE EXCHANGE,2023-10-24,54446,16585,-8905.0,-2461.0,194530,-2507.0,37861,-6444.0
MEXICAN PESO - CHICAGO MERCANTILE EXCHANGE,2023-10-31,57470,26173,3024.0,9588.0,199078,4548.0,31297,-6564.0
MEXICAN PESO - CHICAGO MERCANTILE EXCHANGE,2023-11-07,71644,34904,14174.0,8731.0,216534,17456.0,36740,5443.0
MEXICAN PESO - CHICAGO MERCANTILE EXCHANGE,2023-11-14,79162,35780,7518.0,876.0,228809,12275.0,43382,6642.0
MEXICAN PESO - CHICAGO MERCANTILE EXCHANGE,2023-11-21,88474,29543,9312.0,-6237.0,225972,-2837.0,58931,15549.0
MEXICAN PESO - CHICAGO MERCANTILE EXCHANGE,2023-11-28,105838,40353,17364.0,10810.0,247503,21531.0,65485,6554.0
MEXICAN PESO - CHICAGO MERCANTILE EXCHANGE,2023-12-05,108921,35465,3083.0,-4888.0,257053,9550.0,73456,7971.0
MEXICAN PESO - CHICAGO MERCANTILE EXCHANGE,2023-12-12,114396,40271,5475.0,4806.0,269074,12021.0,74125,669.0
MEXICAN PESO - CHICAGO MERCANTILE EXCHANGE,2023-12-19,126608,42607,12212.0,2336.0,245808,-23266.0,84001,9876.0
MEXICAN PESO - CHICAGO MERCANTILE EXCHANGE,2023-12-26,131856,44107,5248.0,1500.0,253217,7409.0,87749,3748.0
MEXICAN PESO - CHICAGO MERCANTILE EXCHANGE,2024-01-02,141007,51909,9151.0,7802.0,268627,15410.0,89098,1349.0
MEXICAN PESO - CHICAGO MERCANTILE EXCHANGE,2024-01-09,143436,54997,2429.0,3088.0,271237,2610.0,88439,-659.0
MEXICAN PESO - CHICAGO MERCANTILE EXCHANGE,2024-01-16,133691,52089,-9745.0,-2908.0,263473,-7764.0,81602,-6837.0
MEXICAN PESO - CHICAGO MERCANTILE EXCHANGE,2024-01-23,127479,52380,-6212.0,291.0,250059,-13414.0,75099,-6503.0
MEXICAN PESO - CHICAGO MERCANTILE EXCHANGE,2024-01-30,132808,52415,5329.0,35.0,250075,16.0,80393,5294.0
MEXICAN PESO - CHICAGO MERCANTILE EXCHANGE,2024-02-06,143570,56741,10762.0,4326.0,261212,11137.0,86829,6436.0
MEXICAN PESO - CHICAGO MERCANTILE EXCHANGE,2024-02-13,147176,46732,3606.0,-10009.0,265257,4045.0,100444,13615.0
MEXICAN PESO - CHICAGO MERCANTILE EXCHANGE,2024-02-20,141528,45533,-5648.0,-1199.0,254486,-10771.0,95995,-4449.0
MEXICAN PESO - CHICAGO MERCANTILE EXCHANGE,2024-02-27,146118,52304,4590.0,6771.0,256055,1569.0,93814,-2181.0
MEXICAN PESO - CHICAGO MERCANTILE EXCHANGE,2024-03-05,171871,65285,25753.0,12981.0,294670,38615.0,106586,12772.0
MEXICAN PESO - CHICAGO MERCANTILE EXCHANGE,2024-03-12,180140,75848,8269.0,10563.0,330046,35376.0,104292,-2294.0
MEXICAN PESO - CHICAGO MERCANTILE EXCHANGE,2024-03-19,183182,54512,3042.0,-21336.0,303202,-26844.0,128670,24378.0
MEXICAN PESO - CHICAGO MERCANTILE EXCHANGE,2024-03-26,184361,52293,1179.0,-2219.0,307002,3800.0,132068,3398.0
MEXICAN PESO - CHICAGO MERCANTILE EXCHANGE,2024-04-02,191685,57955,7324.0,5662.0,314517,7515.0,133730,1662.0
MEXICAN PESO - CHICAGO MERCANTILE EXCHANGE,2024-04-09,189880,50189,-1805.0,-7766.0,309571,-4946.0,139691,5961.0
MEXICAN PESO - CHICAGO MERCANTILE EXCHANGE,2024-04-16,172573,44842,-17307.0,-5347.0,286335,-23236.0,127731,-11960.0
MEXICAN PESO - CHICAGO MERCANTILE EXCHANGE,2024-04-23,152071,28416,-20502.0,-16426.0,254982,-31353.0,123655,-4076.0
MEXICAN PESO - CHICAGO MERCANTILE EXCHANGE,2024-04-30,144679,25634,-7392.0,-2782.0,249126,-5856.0,119045,-4610.0
MEXICAN PESO - CHICAGO MERCANTILE EXCHANGE,2024-05-07,137564,25252,-7115.0,-382.0,246848,-2278.0,112312,-6733.0
MEXICAN PESO - CHICAGO MERCANTILE EXCHANGE,2024-05-14,144307,31346,6743.0,6094.0,258065,11217.0,112961,649.0
MEXICAN PESO - CHICAGO MERCANTILE EXCHANGE,2024-05-21,153206,35314,8899.0,3968.0,269695,11630.0,117892,4931.0
MEXICAN PESO - CHICAGO MERCANTILE EXCHANGE,2024-05-28,151468,30549,-1738.0,-4765.0,268109,-1586.0,120919,3027.0
MEXICAN PESO - CHICAGO MERCANTILE EXCHANGE,2024-06-04,153943,29272,2475.0,-1277.0,264788,-3321.0,124671,3752.0
MEXICAN PESO - CHICAGO MERCANTILE EXCHANGE,2024-06-11,145604,26611,-8339.0,-2661.0,275217,10429.0,118993,-5678.0
MEXICAN PESO - CHICAGO MERCANTILE EXCHANGE,2024-06-18,71739,21485,-73865.0,-5126.0,164401,-110816.0,50254,-68739.0
MEXICAN PESO - CHICAGO MERCANTILE EXCHANGE,2024-06-25,84314,26508,12575.0,5023.0,172171,7770.0,57806,7552.0
MEXICAN PESO - CHICAGO MERCANTILE EXCHANGE,2024-07-02,96359,32732,12045.0,6224.0,188324,16153.0,63627,5821.0
MEXICAN PESO - CHICAGO MERCANTILE EXCHANGE,2024-07-09,95748,32425,-611.0,-307.0,189294,970.0,63323,-304.0
MEXICAN PESO - CHICAGO MERCANTILE EXCHANGE,2024-07-16,98495,36785,2747.0,4360.0,197580,8286.0,61710,-1613.0
MEXICAN PESO - CHICAGO MERCANTILE EXCHANGE,2024-07-23,100555,31238,2060.0,-5547.0,198691,1111.0,69317,7607.0
MEXICAN PESO - CHICAGO MERCANTILE EXCHANGE,2024-07-30,99143,31483,-1412.0,245.0,196287,-2404.0,67660,-1657.0
MEXICAN PESO - CHICAGO MERCANTILE EXCHANGE,2024-08-06,96916,31580,-2227.0,97.0,190477,-5810.0,65336,-2324.0
MEXICAN PESO - CHICAGO MERCANTILE EXCHANGE,2024-08-13,82188,32094,-14728.0,514.0,184929,-5548.0,50094,-15242.0
MEXICAN PESO - CHICAGO MERCANTILE EXCHANGE,2024-08-20,66745,32099,-15443.0,5.0,174530,-10399.0,34646,-15448.0
MEXICAN PESO - CHICAGO MERCANTILE EXCHANGE,2024-08-27,66669,35949,-76.0,3850.0,170231,-4299.0,30720,-3926.0
MEXICAN PESO - CHICAGO MERCANTILE EXCHANGE,2024-09-03,63103,32624,-3566.0,-3325.0,171000,769.0,30479,-241.0
MEXICAN PESO - CHICAGO MERCANTILE EXCHANGE,2024-09-10,62614,35588,-489.0,2964.0,190133,19133.0,27026,-3453.0
MEXICAN PESO - CHICAGO MERCANTILE EXCHANGE,2024-09-17,48486,40763,-14128.0,5175.0,130644,-59489.0,7723,-19303.0
MEXICAN PESO - CHICAGO MERCANTILE EXCHANGE,2024-09-24,51480,39054,2994.0,-1709.0,134947,4303.0,12426,4703.0
MEXICAN PESO - CHICAGO MERCANTILE EXCHANGE,2024-10-01,61487,35188,10007.0,-3866.0,141622,6675.0,26299,13873.0
MEXICAN PESO - CHICAGO MERCANTILE EXCHANGE,2024-10-08,55327,26134,-6160.0,-9054.0,135821,-5801.0,29193,2894.0
MEXICAN PESO - CHICAGO MERCANTILE EXCHANGE,2024-10-15,60759,35513,5432.0,9379.0,139187,3366.0,25246,-3947.0
MEXICAN PESO - CHICAGO MERCANTILE EXCHANGE,2024-10-22,61303,37406,544.0,1893.0,139302,115.0,23897,-1349.0
MEXICAN PESO - CHICAGO MERCANTILE EXCHANGE,2024-10-29,71127,36082,9824.0,-1324.0,147540,8238.0,35045,11148.0
MEXICAN PESO - CHICAGO MERCANTILE EXCHANGE,2024-11-05,65501,34406,-5626.0,-1676.0,143741,-3799.0,31095,-3950.0
MEXICAN PESO - CHICAGO MERCANTILE EXCHANGE,2024-11-12,73269,53076,7768.0,18670.0,147790,4049.0,20193,-10902.0
MEXICAN PESO - CHICAGO MERCANTILE EXCHANGE,2024-11-19,60642,46628,-12627.0,-6448.0,139260,-8530.0,14014,-6179.0
MEXICAN PESO - CHICAGO MERCANTILE EXCHANGE,2024-11-26,56402,52944,-4240.0,6316.0,142400,3140.0,3458,-10556.0
MEXICAN PESO - CHICAGO MERCANTILE EXCHANGE,2024-12-03,55114,50930,-1288.0,-2014.0,146854,4454.0,4184,726.0
MEXICAN PESO - CHICAGO MERCANTILE EXCHANGE,2024-12-10,61643,53715,6529.0,2785.0,160701,13847.0,7928,3744.0
MEXICAN PESO - CHICAGO MERCANTILE EXCHANGE,2024-12-17,55529,40915,-6114.0,-12800.0,126921,-33780.0,14614,6686.0
MEXICAN PESO - CHICAGO MERCANTILE EXCHANGE,2024-12-24,63168,44325,7639.0,3410.0,132801,5880.0,18843,4229.0
MEXICAN PESO - CHICAGO MERCANTILE EXCHANGE,2024-12-31,68458,47787,5290.0,3462.0,135646,2845.0,20671,1828.0
MEXICAN PESO - CHICAGO MERCANTILE EXCHANGE,2025-01-07,60139,47748,-8319.0,-39.0,139151,3505.0,12391,-8280.0
MEXICAN PESO - CHICAGO MERCANTILE EXCHANGE,2025-01-14,57188,51191,-2951.0,3443.0,142860,3709.0,5997,-6394.0
MEXICAN PESO - CHICAGO MERCANTILE EXCHANGE,2025-01-21,47985,49529,-9203.0,-1662.0,141724,-1136.0,-1544,-7541.0
MEXICAN PESO - CHICAGO MERCANTILE EXCHANGE,2025-01-28,46601,41377,-1384.0,-8152.0,138321,-3403.0,5224,6768.0
MEXICAN PESO - CHICAGO MERCANTILE EXCHANGE,2025-02-04,61459,49197,14858.0,7820.0,145368,7047.0,12262,7038.0
MEXICAN PESO - CHICAGO MERCANTILE EXCHANGE,2025-02-11,59388,43538,-2071.0,-5659.0,143628,-1740.0,15850,3588.0
MEXICAN PESO - CHICAGO MERCANTILE EXCHANGE,2025-02-18,63852,49179,4464.0,5641.0,149733,6105.0,14673,-1177.0
MEXICAN PESO - CHICAGO MERCANTILE EXCHANGE,2025-02-25,70337,41607,6485.0,-7572.0,150579,846.0,28730,14057.0
MEXICAN PESO - CHICAGO MERCANTILE EXCHANGE,2025-03-04,65679,46223,-4658.0,4616.0,145035,-5544.0,19456,-9274.0
MEXICAN PESO - CHICAGO MERCANTILE EXCHANGE,2025-03-11,75519,45433,9840.0,-790.0,166564,21529.0,30086,10630.0
MEXICAN PESO - CHICAGO MERCANTILE EXCHANGE,2025-03-18,93583,37631,18064.0,-7802.0,142943,-23621.0,55952,25866.0
MEXICAN PESO - CHICAGO MERCANTILE EXCHANGE,2025-03-25,89477,30438,-4106.0,-7193.0,137459,-5484.0,59039,3087.0
MEXICAN PESO - CHICAGO MERCANTILE EXCHANGE,2025-04-01,86757,35677,-2720.0,5239.0,139481,2022.0,51080,-7959.0
MEXICAN PESO - CHICAGO MERCANTILE EXCHANGE,2025-04-08,80167,41085,-6590.0,5408.0,150017,10536.0,39082,-11998.0
MEXICAN PESO - CHICAGO MERCANTILE EXCHANGE,2025-04-15,67550,34281,-12617.0,-6804.0,146438,-3579.0,33269,-5813.0
MEXICAN PESO - CHICAGO MERCANTILE EXCHANGE,2025-04-22,67624,26459,74.0,-7822.0,130379,-16059.0,41165,7896.0
MEXICAN PESO - CHICAGO MERCANTILE EXCHANGE,2025-04-29,83287,23775,15663.0,-2684.0,129201,-1178.0,59512,18347.0
MEXICAN PESO - CHICAGO MERCANTILE EXCHANGE,2025-05-06,86615,18060,3328.0,-5715.0,127483,-1718.0,68555,9043.0
MEXICAN PESO - CHICAGO MERCANTILE EXCHANGE,2025-05-13,90191,24485,3576.0,6425.0,134834,7351.0,65706,-2849.0
MEXICAN PESO - CHICAGO MERCANTILE EXCHANGE,2025-05-20,89323,26791,-868.0,2306.0,136985,2151.0,62532,-3174.0
MEXICAN PESO - CHICAGO MERCANTILE EXCHANGE,2025-05-27,88293,26891,-1030.0,100.0,161653,24668.0,61402,-1130.0
MEXICAN PESO - CHICAGO MERCANTILE EXCHANGE,2025-06-03,93401,28952,5108.0,2061.0,168665,7012.0,64449,3047.0
MEXICAN PESO - CHICAGO MERCANTILE EXCHANGE,2025-06-10,99017,36291,5616.0,7339.0,180612,11947.0,62726,-1723.0
MEXICAN PESO - CHICAGO MERCANTILE EXCHANGE,2025-06-17,92833,34806,-6184.0,-1485.0,155581,-25031.0,58027,-4699.0
MEXICAN PESO - CHICAGO MERCANTILE EXCHANGE,2025-06-24,83729,32418,-9104.0,-2388.0,146855,-8726.0,51311,-6716.0
MEXICAN PESO - CHICAGO MERCANTILE EXCHANGE,2025-07-01,87448,32936,3719.0,518.0,153052,6197.0,54512,3201.0
MEXICAN PESO - CHICAGO MERCANTILE EXCHANGE,2025-07-08,97431,42353,9983.0,9417.0,167262,14210.0,55078,566.0
MEXICAN PESO - CHICAGO MERCANTILE EXCHANGE,2025-07-15,92332,42210,-5099.0,-143.0,165808,-1454.0,50122,-4956.0
MEXICAN PESO - CHICAGO MERCANTILE EXCHANGE,2025-07-22,99081,43017,6749.0,807.0,172369,6561.0,56064,5942.0
MEXICAN PESO - CHICAGO MERCANTILE EXCHANGE,2025-07-29,99141,42463,60.0,-554.0,173983,1614.0,56678,614.0
MEXICAN PESO - CHICAGO MERCANTILE EXCHANGE,2025-08-05,105231,37176,6090.0,-5287.0,176153,2170.0,68055,11377.0
MEXICAN PESO - CHICAGO MERCANTILE EXCHANGE,2025-08-12,106539,45300,1308.0,8124.0,182397,6244.0,61239,-6816.0
MEXICAN PESO - CHICAGO MERCANTILE EXCHANGE,2025-08-19,91974,27449,-14565.0,-17851.0,162678,-19719.0,64525,3286.0
MEXICAN PESO - CHICAGO MERCANTILE EXCHANGE,2025-08-26,97158,28160,5184.0,711.0,165392,2714.0,68998,4473.0
MEXICAN PESO - CHICAGO MERCANTILE EXCHANGE,2025-09-02,101520,28507,4362.0,347.0,179417,14025.0,73013,4015.0
MEXICAN PESO - CHICAGO MERCANTILE EXCHANGE,2025-09-09,107503,33771,5983.0,5264.0,213424,34007.0,73732,719.0
MEXICAN PESO - CHICAGO MERCANTILE EXCHANGE,2025-09-16,112395,34402,4892.0,631.0,182118,-31306.0,77993,4261.0
MEXICAN PESO - CHICAGO MERCANTILE EXCHANGE,2025-09-23,107346,23913,-5049.0,-10489.0,176007,-6111.0,83433,5440.0
MEXICAN PESO - CHICAGO MERCANTILE EXCHANGE,2025-09-30,115256,23373,7910.0,-540.0,183221,7214.0,91883,8450.0
MEXICAN PESO - CHICAGO MERCANTILE EXCHANGE,2025-10-07,115817,28150,561.0,4777.0,191754,8533.0,87667,-4216.0
MEXICAN PESO - CHICAGO MERCANTILE EXCHANGE,2025-10-14,95674,28113,-20143.0,-37.0,178245,-13509.0,67561,-20106.0
MEXICAN PESO - CHICAGO MERCANTILE EXCHANGE,2025-10-21,99658,26316,3984.0,-1797.0,177118,-1127.0,73342,5781.0
MEXICAN PESO - CHICAGO MERCANTILE EXCHANGE,2025-10-28,116489,34985,16831.0,8669.0,193166,16048.0,81504,8162.0
MEXICAN PESO - CHICAGO MERCANTILE EXCHANGE,2025-11-04,113164,26988,-3325.0,-7997.0,188337,-4829.0,86176,4672.0
MEXICAN PESO - CHICAGO MERCANTILE EXCHANGE,2025-11-10,118511,33330,5347.0,6342.0,197299,8962.0,85181,-995.0
MEXICAN PESO - CHICAGO MERCANTILE EXCHANGE,2025-11-18,132165,36337,13654.0,3007.0,216607,19308.0,95828,10647.0
MEXICAN PESO - CHICAGO MERCANTILE EXCHANGE,2025-11-25,126551,31364,-5614.0,-4973.0,207501,-9106.0,95187,-641.0
MEXICAN PESO - CHICAGO MERCANTILE EXCHANGE,2025-12-02,149102,50162,22551.0,18798.0,235435,27934.0,98940,3753.0
MEXICAN PESO - CHICAGO MERCANTILE EXCHANGE,2025-12-09,153728,46752,4626.0,-3410.0,284060,48625.0,106976,8036.0
MEXICAN PESO - CHICAGO MERCANTILE EXCHANGE,2025-12-16,158447,71335,4719.0,24583.0,365595,81535.0,87112,-19864.0
MEXICAN PESO - CHICAGO MERCANTILE EXCHANGE,2025-12-23,164985,63809,6538.0,-7526.0,255477,-110118.0,101176,14064.0
MEXICAN PESO - CHICAGO MERCANTILE EXCHANGE,2025-12-30,162240,55874,-2745.0,-7935.0,249474,-6003.0,106366,5190.0
MEXICAN PESO - CHICAGO MERCANTILE EXCHANGE,2026-01-06,161616,52315,-624.0,-3559.0,250364,890.0,109301,2935.0
MEXICAN PESO - CHICAGO MERCANTILE EXCHANGE,2026-01-13,153670,50112,-7946.0,-2203.0,241382,-8982.0,103558,-5743.0
MEXICAN PESO - CHICAGO MERCANTILE EXCHANGE,2026-01-20,153398,46245,-272.0,-3867.0,239959,-1423.0,107153,3595.0
MEXICAN PESO - CHICAGO MERCANTILE EXCHANGE,2026-01-27,149094,45980,-4304.0,-265.0,237744,-2215.0,103114,-4039.0
MEXICAN PESO - CHICAGO MERCANTILE EXCHANGE,2026-02-03,132392,41800,-16702.0,-4180.0,225867,-11877.0,90592,-12522.0
MEXICAN PESO - CHICAGO MERCANTILE EXCHANGE,2026-02-10,128360,43409,-4032.0,1609.0,226933,1066.0,84951,-5641.0
MEXICAN PESO - CHICAGO MERCANTILE EXCHANGE,2026-02-17,128197,44075,-163.0,666.0,226417,-516.0,84122,-829.0
MEXICAN PESO - CHICAGO MERCANTILE EXCHANGE,2026-02-24,126009,43129,-2188.0,-946.0,225567,-850.0,82880,-1242.0
MEXICAN PESO - CHICAGO MERCANTILE EXCHANGE,2026-03-03,126531,49488,522.0,6359.0,235943,10376.0,77043,-5837.0
MEXICAN PESO - CHICAGO MERCANTILE EXCHANGE,2026-03-10,112701,38890,-13830.0,-10598.0,254257,18314.0,73811,-3232.0
MEXICAN PESO - CHICAGO MERCANTILE EXCHANGE,2026-03-17,90997,22537,-21704.0,-16353.0,171319,-82938.0,68460,-5351.0
MEXICAN PESO - CHICAGO MERCANTILE EXCHANGE,2026-03-24,92246,18170,1249.0,-4367.0,166676,-4643.0,74076,5616.0
MEXICAN PESO - CHICAGO MERCANTILE EXCHANGE,2026-03-31,94183,36499,1937.0,18329.0,184074,17398.0,57684,-16392.0
MEXICAN PESO - CHICAGO MERCANTILE EXCHANGE,2026-04-07,91055,33584,-3128.0,-2915.0,182790,-1284.0,57471,-213.0
MEXICAN PESO - CHICAGO MERCANTILE EXCHANGE,2026-04-14,93692,34738,2637.0,1154.0,188147,5357.0,58954,1483.0
MEXICAN PESO - CHICAGO MERCANTILE EXCHANGE,2026-04-21,101306,33605,7614.0,-1133.0,195622,7475.0,67701,8747.0
MEXICAN PESO - CHICAGO MERCANTILE EXCHANGE,2026-04-28,103697,35874,2391.0,2269.0,202265,6643.0,67823,122.0
MEXICAN PESO - CHICAGO MERCANTILE EXCHANGE,2026-05-05,91592,29465,-12105.0,-6409.0,186899,-15366.0,62127,-5696.0
MEXICAN PESO - CHICAGO MERCANTILE EXCHANGE,2026-05-12,93390,29300,1798.0,-165.0,188631,1732.0,64090,1963.0
MEXICAN PESO - CHICAGO MERCANTILE EXCHANGE,2026-05-19,95246,32997,1856.0,3697.0,203827,15196.0,62249,-1841.0
MEXICAN PESO - CHICAGO MERCANTILE EXCHANGE,2026-05-26,90541,32387,-4705.0,-610.0,201274,-2553.0,58154,-4095.0
MEXICAN PESO - CHICAGO MERCANTILE EXCHANGE,2026-06-02,86699,32042,-3842.0,-345.0,204071,2797.0,54657,-3497.0
MEXICAN PESO - CHICAGO MERCANTILE EXCHANGE,2026-06-09,100199,36398,13500.0,4356.0,213844,9773.0,63801,9144.0
MEXICAN PESO - CHICAGO MERCANTILE EXCHANGE,2026-06-16,119042,47253,18843.0,10855.0,276950,63106.0,71789,7988.0
MEXICAN PESO - CHICAGO MERCANTILE EXCHANGE,2026-06-23,112389,38164,-6653.0,-9089.0,198588,-78362.0,74225,2436.0
MEXICAN PESO - CHICAGO MERCANTILE EXCHANGE,2026-06-30,105291,34355,-7098.0,-3809.0,195406,-3182.0,70936,-3289.0
MEXICAN PESO - CHICAGO MERCANTILE EXCHANGE,2026-07-07,112628,35271,7337.0,916.0,198958,3552.0,77357,6421.0
MEXICAN PESO - CHICAGO MERCANTILE EXCHANGE,2026-07-14,107127,34172,-5501.0,-1099.0,199350,392.0,72955,-4402.0
MEXICAN PESO - CHICAGO MERCANTILE EXCHANGE,2026-07-21,106600,34901,-527.0,729.0,201335,1985.0,71699,-1256.0
MEXICAN PESO - CHICAGO MERCANTILE EXCHANGE,2026-07-28,106487,33959,-113.0,-942.0,200776,-559.0,72528,829.0
MEXICAN PESO - CHICAGO MERCANTILE EXCHANGE,2026-08-04,118510,41967,12023.0,8008.0,217220,16444.0,76543,4015.0
MEXICAN PESO - CHICAGO MERCANTILE EXCHANGE,2026-08-11,150731,67058,32221.0,25091.0,258898,41678.0,83673,7130.0
MEXICAN PESO - CHICAGO MERCANTILE EXCHANGE,2026-08-18,160766,81314,10035.0,14256.0,284591,25693.0,79452,-4221.0
MEXICAN PESO - CHICAGO MERCANTILE EXCHANGE,2026-08-25,159905,77523,-861.0,-3791.0,286429,1838.0,82382,2930.0
MEXICAN PESO - CHICAGO MERCANTILE EXCHANGE,2026-09-01,174649,81402,14744.0,3879.0,313188,26759.0,93247,10865.0
MEXICAN PESO - CHICAGO MERCANTILE EXCHANGE,2026-09-08,169798,75066,-4851.0,-6336.0,327215,14027.0,94732,1485.0
MEXICAN PESO - CHICAGO MERCANTILE EXCHANGE,2026-09-15,134607,46825,-35191.0,-28241.0,319499,-7716.0,87782,-6950.0
MEXICAN PESO - CHICAGO MERCANTILE EXCHANGE,2026-09-22,127595,52428,-7012.0,5603.0,266061,-53438.0,75167,-12615.0
MEXICAN PESO - CHICAGO MERCANTILE EXCHANGE,2026-09-29,115431,63029,-12164.0,10601.0,274821,8760.0,52402,-22765.0
