Market and Exchange Names,As of Date in Form YYYY-MM-DD,Noncommercial Positions-Long (All),Noncommercial Positions-Short (All),Change in Noncommercial-Long (All),Change in Noncommercial-Short (All),Open Interest (All),Change in Open Interest (All),Net Positions,Change Net Positions
NASDAQ-100 STOCK INDEX - INTERNATIONAL MONETARY MARKET,1996-04-16,0,80,,,1175,,-80,
NASDAQ-100 STOCK INDEX - INTERNATIONAL MONETARY MARKET,1996-04-23,153,30,153.0,-50.0,1492,317.0,123,203.0
NASDAQ-100 STOCK INDEX - INTERNATIONAL MONETARY MARKET,1996-04-30,40,168,-113.0,138.0,1932,440.0,-128,-251.0
NASDAQ-100 STOCK INDEX - INTERNATIONAL MONETARY MARKET,1996-05-07,0,510,-40.0,342.0,3073,1141.0,-510,-382.0
NASDAQ-100 STOCK INDEX - INTERNATIONAL MONETARY MARKET,1996-05-14,43,1127,43.0,617.0,3205,132.0,-1084,-574.0
NASDAQ-100 STOCK INDEX - INTERNATIONAL MONETARY MARKET,1996-05-21,70,1082,27.0,-45.0,3831,626.0,-1012,72.0
NASDAQ-100 STOCK INDEX - INTERNATIONAL MONETARY MARKET,1996-05-28,87,1037,17.0,-45.0,3819,-12.0,-950,62.0
NASDAQ-100 STOCK INDEX - INTERNATIONAL MONETARY MARKET,1996-06-04,425,984,338.0,-53.0,4655,836.0,-559,391.0
NASDAQ-100 STOCK INDEX - INTERNATIONAL MONETARY MARKET,1996-06-11,71,1786,-354.0,802.0,5884,1229.0,-1715,-1156.0
NASDAQ-100 STOCK INDEX - INTERNATIONAL MONETARY MARKET,1996-06-18,74,1397,3.0,-389.0,7483,1599.0,-1323,392.0
NASDAQ-100 STOCK INDEX - INTERNATIONAL MONETARY MARKET,1996-06-25,125,816,51.0,-581.0,5455,-2028.0,-691,632.0
NASDAQ-100 STOCK INDEX - INTERNATIONAL MONETARY MARKET,1996-07-02,66,573,-59.0,-243.0,5618,163.0,-507,184.0
NASDAQ-100 STOCK INDEX - INTERNATIONAL MONETARY MARKET,1996-07-09,66,525,0.0,-48.0,5707,89.0,-459,48.0
NASDAQ-100 STOCK INDEX - INTERNATIONAL MONETARY MARKET,1996-07-16,578,179,512.0,-346.0,6492,785.0,399,858.0
NASDAQ-100 STOCK INDEX - INTERNATIONAL MONETARY MARKET,1996-07-23,100,361,-478.0,182.0,6439,-53.0,-261,-660.0
NASDAQ-100 STOCK INDEX - INTERNATIONAL MONETARY MARKET,1996-07-30,71,518,-29.0,157.0,6163,-276.0,-447,-186.0
NASDAQ-100 STOCK INDEX - INTERNATIONAL MONETARY MARKET,1996-08-06,170,798,99.0,280.0,5211,-952.0,-628,-181.0
NASDAQ-100 STOCK INDEX - INTERNATIONAL MONETARY MARKET,1996-08-13,116,873,-54.0,75.0,4976,-235.0,-757,-129.0
NASDAQ-100 STOCK INDEX - INTERNATIONAL MONETARY MARKET,1996-08-20,136,897,20.0,24.0,4651,-325.0,-761,-4.0
NASDAQ-100 STOCK INDEX - INTERNATIONAL MONETARY MARKET,1996-08-27,155,581,19.0,-316.0,4129,-522.0,-426,335.0
NASDAQ-100 STOCK INDEX - INTERNATIONAL MONETARY MARKET,1996-09-03,75,675,-80.0,94.0,4164,35.0,-600,-174.0
NASDAQ-100 STOCK INDEX - INTERNATIONAL MONETARY MARKET,1996-09-10,74,770,-1.0,95.0,6170,2006.0,-696,-96.0
NASDAQ-100 STOCK INDEX - INTERNATIONAL MONETARY MARKET,1996-09-17,81,835,7.0,65.0,8739,2569.0,-754,-58.0
NASDAQ-100 STOCK INDEX - INTERNATIONAL MONETARY MARKET,1996-09-24,258,1778,177.0,943.0,8291,-448.0,-1520,-766.0
NASDAQ-100 STOCK INDEX - INTERNATIONAL MONETARY MARKET,1996-10-01,204,1943,-54.0,165.0,10466,2175.0,-1739,-219.0
NASDAQ-100 STOCK INDEX - INTERNATIONAL MONETARY MARKET,1996-10-08,149,2259,-55.0,316.0,11076,610.0,-2110,-371.0
NASDAQ-100 STOCK INDEX - INTERNATIONAL MONETARY MARKET,1996-10-15,197,1189,48.0,-1070.0,11640,564.0,-992,1118.0
NASDAQ-100 STOCK INDEX - INTERNATIONAL MONETARY MARKET,1996-10-22,505,1125,308.0,-64.0,11030,-610.0,-620,372.0
NASDAQ-100 STOCK INDEX - INTERNATIONAL MONETARY MARKET,1996-10-29,295,1360,-210.0,235.0,10818,-212.0,-1065,-445.0
NASDAQ-100 STOCK INDEX - INTERNATIONAL MONETARY MARKET,1996-11-05,238,1078,-57.0,-282.0,10445,-373.0,-840,225.0
NASDAQ-100 STOCK INDEX - INTERNATIONAL MONETARY MARKET,1996-11-12,212,991,-26.0,-87.0,10829,384.0,-779,61.0
NASDAQ-100 STOCK INDEX - INTERNATIONAL MONETARY MARKET,1996-11-19,607,837,395.0,-154.0,10472,-357.0,-230,549.0
NASDAQ-100 STOCK INDEX - INTERNATIONAL MONETARY MARKET,1996-11-26,140,2240,-467.0,1403.0,10333,-139.0,-2100,-1870.0
NASDAQ-100 STOCK INDEX - INTERNATIONAL MONETARY MARKET,1996-12-03,330,2432,190.0,192.0,10316,-17.0,-2102,-2.0
NASDAQ-100 STOCK INDEX - INTERNATIONAL MONETARY MARKET,1996-12-10,406,2557,76.0,125.0,9942,-374.0,-2151,-49.0
NASDAQ-100 STOCK INDEX - INTERNATIONAL MONETARY MARKET,1996-12-17,252,1119,-154.0,-1438.0,10695,753.0,-867,1284.0
NASDAQ-100 STOCK INDEX - INTERNATIONAL MONETARY MARKET,1996-12-24,354,822,102.0,-297.0,4989,-5706.0,-468,399.0
NASDAQ-100 STOCK INDEX - INTERNATIONAL MONETARY MARKET,1996-12-31,355,748,1.0,-74.0,5009,20.0,-393,75.0
NASDAQ-100 STOCK INDEX - INTERNATIONAL MONETARY MARKET,1997-01-07,369,1026,14.0,278.0,5600,591.0,-657,-264.0
NASDAQ-100 STOCK INDEX - INTERNATIONAL MONETARY MARKET,1997-01-14,333,1397,-36.0,371.0,6864,1264.0,-1064,-407.0
NASDAQ-100 STOCK INDEX - INTERNATIONAL MONETARY MARKET,1997-01-21,151,1518,-182.0,121.0,7586,722.0,-1367,-303.0
NASDAQ-100 STOCK INDEX - INTERNATIONAL MONETARY MARKET,1997-01-28,264,1483,113.0,-35.0,7149,-437.0,-1219,148.0
NASDAQ-100 STOCK INDEX - INTERNATIONAL MONETARY MARKET,1997-02-04,251,1210,-13.0,-273.0,6798,-351.0,-959,260.0
NASDAQ-100 STOCK INDEX - INTERNATIONAL MONETARY MARKET,1997-02-11,285,1210,34.0,0.0,6710,-88.0,-925,34.0
NASDAQ-100 STOCK INDEX - INTERNATIONAL MONETARY MARKET,1997-02-18,357,1335,72.0,125.0,7512,802.0,-978,-53.0
NASDAQ-100 STOCK INDEX - INTERNATIONAL MONETARY MARKET,1997-02-25,580,1235,223.0,-100.0,6858,-654.0,-655,323.0
NASDAQ-100 STOCK INDEX - INTERNATIONAL MONETARY MARKET,1997-03-04,322,1709,-258.0,474.0,7548,690.0,-1387,-732.0
NASDAQ-100 STOCK INDEX - INTERNATIONAL MONETARY MARKET,1997-03-11,756,1239,434.0,-470.0,6840,-708.0,-483,904.0
NASDAQ-100 STOCK INDEX - INTERNATIONAL MONETARY MARKET,1997-03-18,1621,1432,865.0,193.0,10096,3256.0,189,672.0
NASDAQ-100 STOCK INDEX - INTERNATIONAL MONETARY MARKET,1997-03-25,2187,896,566.0,-536.0,6306,-3790.0,1291,1102.0
NASDAQ-100 STOCK INDEX - INTERNATIONAL MONETARY MARKET,1997-04-01,3174,1439,987.0,543.0,8069,1763.0,1735,444.0
NASDAQ-100 STOCK INDEX - INTERNATIONAL MONETARY MARKET,1997-04-08,2794,1600,-380.0,161.0,8170,101.0,1194,-541.0
NASDAQ-100 STOCK INDEX - INTERNATIONAL MONETARY MARKET,1997-04-15,3066,971,272.0,-629.0,7257,-913.0,2095,901.0
NASDAQ-100 STOCK INDEX - INTERNATIONAL MONETARY MARKET,1997-04-22,2457,1005,-609.0,34.0,7244,-13.0,1452,-643.0
NASDAQ-100 STOCK INDEX - INTERNATIONAL MONETARY MARKET,1997-04-29,1889,1154,-568.0,149.0,6873,-371.0,735,-717.0
NASDAQ-100 STOCK INDEX - INTERNATIONAL MONETARY MARKET,1997-05-06,1289,947,-600.0,-207.0,8147,1274.0,342,-393.0
NASDAQ-100 STOCK INDEX - INTERNATIONAL MONETARY MARKET,1997-05-13,1210,776,-79.0,-171.0,7802,-345.0,434,92.0
NASDAQ-100 STOCK INDEX - INTERNATIONAL MONETARY MARKET,1997-05-20,820,711,-390.0,-65.0,7433,-369.0,109,-325.0
NASDAQ-100 STOCK INDEX - INTERNATIONAL MONETARY MARKET,1997-05-27,856,1020,36.0,309.0,7409,-24.0,-164,-273.0
NASDAQ-100 STOCK INDEX - INTERNATIONAL MONETARY MARKET,1997-06-03,583,1145,-273.0,125.0,8024,615.0,-562,-398.0
NASDAQ-100 STOCK INDEX - INTERNATIONAL MONETARY MARKET,1997-06-10,868,1143,285.0,-2.0,8347,323.0,-275,287.0
NASDAQ-100 STOCK INDEX - INTERNATIONAL MONETARY MARKET,1997-06-17,531,810,-337.0,-333.0,10934,2587.0,-279,-4.0
NASDAQ-100 STOCK INDEX - INTERNATIONAL MONETARY MARKET,1997-06-24,2283,540,1752.0,-270.0,6291,-4643.0,1743,2022.0
NASDAQ-100 STOCK INDEX - INTERNATIONAL MONETARY MARKET,1997-07-01,481,526,-1802.0,-14.0,5790,-501.0,-45,-1788.0
NASDAQ-100 STOCK INDEX - INTERNATIONAL MONETARY MARKET,1997-07-08,439,483,-42.0,-43.0,6420,630.0,-44,1.0
NASDAQ-100 STOCK INDEX - INTERNATIONAL MONETARY MARKET,1997-07-15,604,877,165.0,394.0,6514,94.0,-273,-229.0
NASDAQ-100 STOCK INDEX - INTERNATIONAL MONETARY MARKET,1997-07-22,473,1461,-131.0,584.0,6359,-155.0,-988,-715.0
NASDAQ-100 STOCK INDEX - INTERNATIONAL MONETARY MARKET,1997-07-29,522,1558,49.0,97.0,6536,177.0,-1036,-48.0
NASDAQ-100 STOCK INDEX - INTERNATIONAL MONETARY MARKET,1997-08-05,658,2117,136.0,559.0,7163,627.0,-1459,-423.0
NASDAQ-100 STOCK INDEX - INTERNATIONAL MONETARY MARKET,1997-08-12,866,1834,208.0,-283.0,8356,1193.0,-968,491.0
NASDAQ-100 STOCK INDEX - INTERNATIONAL MONETARY MARKET,1997-08-19,394,2048,-472.0,214.0,8485,129.0,-1654,-686.0
NASDAQ-100 STOCK INDEX - INTERNATIONAL MONETARY MARKET,1997-08-26,616,1954,222.0,-94.0,8753,268.0,-1338,316.0
NASDAQ-100 STOCK INDEX - INTERNATIONAL MONETARY MARKET,1997-09-02,413,1421,-203.0,-533.0,9036,283.0,-1008,330.0
NASDAQ-100 STOCK INDEX - INTERNATIONAL MONETARY MARKET,1997-09-09,390,1554,-23.0,133.0,8837,-199.0,-1164,-156.0
NASDAQ-100 STOCK INDEX - INTERNATIONAL MONETARY MARKET,1997-09-16,312,1216,-78.0,-338.0,10695,1858.0,-904,260.0
NASDAQ-100 STOCK INDEX - INTERNATIONAL MONETARY MARKET,1997-09-23,200,628,-112.0,-588.0,4614,-6081.0,-428,476.0
NASDAQ-100 STOCK INDEX - INTERNATIONAL MONETARY MARKET,1997-09-30,200,626,0.0,-2.0,4895,281.0,-426,2.0
NASDAQ-100 STOCK INDEX - INTERNATIONAL MONETARY MARKET,1997-10-07,884,821,684.0,195.0,5698,803.0,63,489.0
NASDAQ-100 STOCK INDEX - INTERNATIONAL MONETARY MARKET,1997-10-14,905,895,21.0,74.0,5933,235.0,10,-53.0
NASDAQ-100 STOCK INDEX - INTERNATIONAL MONETARY MARKET,1997-10-21,1113,828,208.0,-67.0,6618,685.0,285,275.0
NASDAQ-100 STOCK INDEX - INTERNATIONAL MONETARY MARKET,1997-10-28,1063,670,-50.0,-158.0,7288,670.0,393,108.0
NASDAQ-100 STOCK INDEX - INTERNATIONAL MONETARY MARKET,1997-11-04,1026,1350,-37.0,680.0,7839,551.0,-324,-717.0
NASDAQ-100 STOCK INDEX - INTERNATIONAL MONETARY MARKET,1997-11-11,900,1513,-126.0,163.0,8999,1160.0,-613,-289.0
NASDAQ-100 STOCK INDEX - INTERNATIONAL MONETARY MARKET,1997-11-18,951,1280,51.0,-233.0,8922,-77.0,-329,284.0
NASDAQ-100 STOCK INDEX - INTERNATIONAL MONETARY MARKET,1997-11-25,1057,1203,106.0,-77.0,8886,-36.0,-146,183.0
NASDAQ-100 STOCK INDEX - INTERNATIONAL MONETARY MARKET,1997-12-02,1252,1070,195.0,-133.0,9443,557.0,182,328.0
NASDAQ-100 STOCK INDEX - INTERNATIONAL MONETARY MARKET,1997-12-09,1185,1167,-67.0,97.0,9265,-178.0,18,-164.0
NASDAQ-100 STOCK INDEX - INTERNATIONAL MONETARY MARKET,1997-12-16,1256,850,71.0,-317.0,8522,-743.0,406,388.0
NASDAQ-100 STOCK INDEX - INTERNATIONAL MONETARY MARKET,1997-12-19,880,486,-376.0,-364.0,5645,-2877.0,394,-12.0
NASDAQ-100 STOCK INDEX - INTERNATIONAL MONETARY MARKET,1997-12-23,945,646,-311.0,-204.0,5541,-2981.0,299,-95.0
NASDAQ-100 STOCK INDEX - INTERNATIONAL MONETARY MARKET,1997-12-30,953,515,8.0,-131.0,5881,340.0,438,139.0
NASDAQ-100 STOCK INDEX - INTERNATIONAL MONETARY MARKET,1998-01-06,1003,405,50.0,-110.0,5912,31.0,598,160.0
NASDAQ-100 STOCK INDEX - INTERNATIONAL MONETARY MARKET,1998-01-13,1023,262,20.0,-143.0,7061,1149.0,761,163.0
NASDAQ-100 STOCK INDEX - INTERNATIONAL MONETARY MARKET,1998-01-20,1178,431,155.0,169.0,7217,156.0,747,-14.0
NASDAQ-100 STOCK INDEX - INTERNATIONAL MONETARY MARKET,1998-01-27,1229,407,51.0,-24.0,7335,118.0,822,75.0
NASDAQ-100 STOCK INDEX - INTERNATIONAL MONETARY MARKET,1998-02-03,1183,605,-46.0,198.0,7475,140.0,578,-244.0
NASDAQ-100 STOCK INDEX - INTERNATIONAL MONETARY MARKET,1998-02-10,1130,627,-53.0,22.0,8119,644.0,503,-75.0
NASDAQ-100 STOCK INDEX - INTERNATIONAL MONETARY MARKET,1998-02-17,1189,727,59.0,100.0,8219,100.0,462,-41.0
NASDAQ-100 STOCK INDEX - INTERNATIONAL MONETARY MARKET,1998-02-24,945,1003,-244.0,276.0,8745,526.0,-58,-520.0
NASDAQ-100 STOCK INDEX - INTERNATIONAL MONETARY MARKET,1998-03-03,1458,1498,513.0,495.0,9374,629.0,-40,18.0
NASDAQ-100 STOCK INDEX - INTERNATIONAL MONETARY MARKET,1998-03-10,1442,1755,-16.0,257.0,9751,377.0,-313,-273.0
NASDAQ-100 STOCK INDEX - INTERNATIONAL MONETARY MARKET,1998-03-17,1224,1463,-218.0,-292.0,11227,1476.0,-239,74.0
NASDAQ-100 STOCK INDEX - INTERNATIONAL MONETARY MARKET,1998-03-24,1313,832,89.0,-631.0,6075,-5152.0,481,720.0
NASDAQ-100 STOCK INDEX - INTERNATIONAL MONETARY MARKET,1998-03-31,1466,868,153.0,36.0,6548,473.0,598,117.0
NASDAQ-100 STOCK INDEX - INTERNATIONAL MONETARY MARKET,1998-04-07,1233,1746,-233.0,878.0,6926,378.0,-513,-1111.0
NASDAQ-100 STOCK INDEX - INTERNATIONAL MONETARY MARKET,1998-04-14,1379,1523,146.0,-223.0,7381,455.0,-144,369.0
NASDAQ-100 STOCK INDEX - INTERNATIONAL MONETARY MARKET,1998-04-21,1421,1588,42.0,65.0,7622,241.0,-167,-23.0
NASDAQ-100 STOCK INDEX - INTERNATIONAL MONETARY MARKET,1998-04-28,202,1381,-1219.0,-207.0,8325,703.0,-1179,-1012.0
NASDAQ-100 STOCK INDEX - INTERNATIONAL MONETARY MARKET,1998-05-05,110,1187,-92.0,-194.0,8470,145.0,-1077,102.0
NASDAQ-100 STOCK INDEX - INTERNATIONAL MONETARY MARKET,1998-05-12,196,1341,86.0,154.0,8981,511.0,-1145,-68.0
NASDAQ-100 STOCK INDEX - INTERNATIONAL MONETARY MARKET,1998-05-19,33,1652,-163.0,311.0,8657,-324.0,-1619,-474.0
NASDAQ-100 STOCK INDEX - INTERNATIONAL MONETARY MARKET,1998-05-26,113,1891,80.0,239.0,9217,560.0,-1778,-159.0
NASDAQ-100 STOCK INDEX - INTERNATIONAL MONETARY MARKET,1998-06-02,199,1986,86.0,95.0,9890,673.0,-1787,-9.0
NASDAQ-100 STOCK INDEX - INTERNATIONAL MONETARY MARKET,1998-06-09,140,2003,-59.0,17.0,11088,1198.0,-1863,-76.0
NASDAQ-100 STOCK INDEX - INTERNATIONAL MONETARY MARKET,1998-06-16,163,1761,23.0,-242.0,12411,1323.0,-1598,265.0
NASDAQ-100 STOCK INDEX - INTERNATIONAL MONETARY MARKET,1998-06-23,373,1940,210.0,179.0,10129,-2282.0,-1567,31.0
NASDAQ-100 STOCK INDEX - INTERNATIONAL MONETARY MARKET,1998-06-30,525,1836,152.0,-104.0,9537,-592.0,-1311,256.0
NASDAQ-100 STOCK INDEX - INTERNATIONAL MONETARY MARKET,1998-07-07,400,2185,-125.0,349.0,9648,111.0,-1785,-474.0
NASDAQ-100 STOCK INDEX - INTERNATIONAL MONETARY MARKET,1998-07-14,530,2237,130.0,52.0,9727,79.0,-1707,78.0
NASDAQ-100 STOCK INDEX - INTERNATIONAL MONETARY MARKET,1998-07-21,612,3023,82.0,786.0,10660,933.0,-2411,-704.0
NASDAQ-100 STOCK INDEX - INTERNATIONAL MONETARY MARKET,1998-07-28,1008,2517,396.0,-506.0,9921,-739.0,-1509,902.0
NASDAQ-100 STOCK INDEX - INTERNATIONAL MONETARY MARKET,1998-08-04,622,2555,-386.0,38.0,10545,624.0,-1933,-424.0
NASDAQ-100 STOCK INDEX - INTERNATIONAL MONETARY MARKET,1998-08-11,230,2264,-392.0,-291.0,8862,-1683.0,-2034,-101.0
NASDAQ-100 STOCK INDEX - INTERNATIONAL MONETARY MARKET,1998-08-18,454,2564,224.0,300.0,9567,705.0,-2110,-76.0
NASDAQ-100 STOCK INDEX - INTERNATIONAL MONETARY MARKET,1998-08-25,555,2391,101.0,-173.0,9303,-264.0,-1836,274.0
NASDAQ-100 STOCK INDEX - INTERNATIONAL MONETARY MARKET,1998-09-01,653,2129,98.0,-262.0,9866,563.0,-1476,360.0
NASDAQ-100 STOCK INDEX - INTERNATIONAL MONETARY MARKET,1998-09-08,255,2436,-398.0,307.0,9497,-369.0,-2181,-705.0
NASDAQ-100 STOCK INDEX - INTERNATIONAL MONETARY MARKET,1998-09-15,630,2380,375.0,-56.0,10680,1183.0,-1750,431.0
NASDAQ-100 STOCK INDEX - INTERNATIONAL MONETARY MARKET,1998-09-22,849,1910,219.0,-470.0,6783,-3897.0,-1061,689.0
NASDAQ-100 STOCK INDEX - INTERNATIONAL MONETARY MARKET,1998-09-29,1157,1820,308.0,-90.0,6850,67.0,-663,398.0
NASDAQ-100 STOCK INDEX - INTERNATIONAL MONETARY MARKET,1998-10-06,486,1895,-671.0,75.0,7624,774.0,-1409,-746.0
NASDAQ-100 STOCK INDEX - INTERNATIONAL MONETARY MARKET,1998-10-13,298,1815,-188.0,-80.0,7298,-326.0,-1517,-108.0
NASDAQ-100 STOCK INDEX - INTERNATIONAL MONETARY MARKET,1998-10-20,1000,2306,702.0,491.0,9213,1915.0,-1306,211.0
NASDAQ-100 STOCK INDEX - INTERNATIONAL MONETARY MARKET,1998-10-27,1235,2350,235.0,44.0,8820,-393.0,-1115,191.0
NASDAQ-100 STOCK INDEX - INTERNATIONAL MONETARY MARKET,1998-11-03,1720,2604,485.0,254.0,8030,-790.0,-884,231.0
NASDAQ-100 STOCK INDEX - INTERNATIONAL MONETARY MARKET,1998-11-10,2058,2779,338.0,175.0,8744,714.0,-721,163.0
NASDAQ-100 STOCK INDEX - INTERNATIONAL MONETARY MARKET,1998-11-17,1728,3115,-330.0,336.0,9658,914.0,-1387,-666.0
NASDAQ-100 STOCK INDEX - INTERNATIONAL MONETARY MARKET,1998-11-24,2399,2948,671.0,-167.0,9588,-70.0,-549,838.0
NASDAQ-100 STOCK INDEX - INTERNATIONAL MONETARY MARKET,1998-12-01,2308,3048,-91.0,100.0,9870,282.0,-740,-191.0
NASDAQ-100 STOCK INDEX - INTERNATIONAL MONETARY MARKET,1998-12-08,2307,3052,-1.0,4.0,11008,1138.0,-745,-5.0
NASDAQ-100 STOCK INDEX - INTERNATIONAL MONETARY MARKET,1998-12-15,2395,3124,88.0,72.0,12711,1703.0,-729,16.0
NASDAQ-100 STOCK INDEX - INTERNATIONAL MONETARY MARKET,1998-12-22,2773,2082,378.0,-1042.0,8991,-3720.0,691,1420.0
NASDAQ-100 STOCK INDEX - INTERNATIONAL MONETARY MARKET,1998-12-29,2986,2132,213.0,50.0,8910,-81.0,854,163.0
NASDAQ-100 STOCK INDEX - INTERNATIONAL MONETARY MARKET,1999-01-05,2574,2438,-412.0,306.0,9227,317.0,136,-718.0
NASDAQ-100 STOCK INDEX - INTERNATIONAL MONETARY MARKET,1999-01-12,3562,2747,988.0,309.0,9657,430.0,815,679.0
NASDAQ-100 STOCK INDEX - INTERNATIONAL MONETARY MARKET,1999-01-19,5085,3656,1523.0,909.0,10376,719.0,1429,614.0
NASDAQ-100 STOCK INDEX - INTERNATIONAL MONETARY MARKET,1999-01-26,4018,3796,-1067.0,140.0,11793,1417.0,222,-1207.0
NASDAQ-100 STOCK INDEX - INTERNATIONAL MONETARY MARKET,1999-02-02,3773,4006,-245.0,210.0,13593,1800.0,-233,-455.0
NASDAQ-100 STOCK INDEX - INTERNATIONAL MONETARY MARKET,1999-02-09,2755,3897,-1018.0,-109.0,14400,807.0,-1142,-909.0
NASDAQ-100 STOCK INDEX - INTERNATIONAL MONETARY MARKET,1999-02-16,2504,4211,-251.0,314.0,14320,-80.0,-1707,-565.0
NASDAQ-100 STOCK INDEX - INTERNATIONAL MONETARY MARKET,1999-02-23,3068,3750,564.0,-461.0,15143,823.0,-682,1025.0
NASDAQ-100 STOCK INDEX - INTERNATIONAL MONETARY MARKET,1999-03-02,1589,4732,-1479.0,982.0,15674,531.0,-3143,-2461.0
NASDAQ-100 STOCK INDEX - INTERNATIONAL MONETARY MARKET,1999-03-09,2744,3866,1155.0,-866.0,20825,5151.0,-1122,2021.0
NASDAQ-100 STOCK INDEX - INTERNATIONAL MONETARY MARKET,1999-03-16,3172,4708,428.0,842.0,22141,1316.0,-1536,-414.0
NASDAQ-100 STOCK INDEX - INTERNATIONAL MONETARY MARKET,1999-03-23,1680,4175,-1492.0,-533.0,18608,-3533.0,-2495,-959.0
NASDAQ-100 STOCK INDEX - INTERNATIONAL MONETARY MARKET,1999-03-30,2590,3882,910.0,-293.0,18947,339.0,-1292,1203.0
NASDAQ-100 STOCK INDEX - INTERNATIONAL MONETARY MARKET,1999-04-06,2667,4011,77.0,129.0,19833,886.0,-1344,-52.0
NASDAQ-100 STOCK INDEX - INTERNATIONAL MONETARY MARKET,1999-04-13,2518,4242,-149.0,231.0,20979,1146.0,-1724,-380.0
NASDAQ-100 STOCK INDEX - INTERNATIONAL MONETARY MARKET,1999-04-20,2185,5867,-333.0,1625.0,21466,487.0,-3682,-1958.0
NASDAQ-100 STOCK INDEX - INTERNATIONAL MONETARY MARKET,1999-04-27,2530,5116,345.0,-751.0,21998,532.0,-2586,1096.0
NASDAQ-100 STOCK INDEX - INTERNATIONAL MONETARY MARKET,1999-05-04,2416,5312,-114.0,196.0,21624,-374.0,-2896,-310.0
NASDAQ-100 STOCK INDEX - INTERNATIONAL MONETARY MARKET,1999-05-11,3093,4588,677.0,-724.0,22847,1223.0,-1495,1401.0
NASDAQ-100 STOCK INDEX - INTERNATIONAL MONETARY MARKET,1999-05-18,3474,4617,381.0,29.0,23396,549.0,-1143,352.0
NASDAQ-100 STOCK INDEX - INTERNATIONAL MONETARY MARKET,1999-05-25,3473,5641,-1.0,1024.0,23088,-308.0,-2168,-1025.0
NASDAQ-100 STOCK INDEX - INTERNATIONAL MONETARY MARKET,1999-06-01,2826,7637,-647.0,1996.0,25713,2625.0,-4811,-2643.0
NASDAQ-100 STOCK INDEX - INTERNATIONAL MONETARY MARKET,1999-06-08,4892,8355,2066.0,718.0,26574,861.0,-3463,1348.0
NASDAQ-100 STOCK INDEX - INTERNATIONAL MONETARY MARKET,1999-06-15,2175,7296,-2717.0,-1059.0,31884,5310.0,-5121,-1658.0
NASDAQ-100 STOCK INDEX - INTERNATIONAL MONETARY MARKET,1999-06-22,227,40,,,537,,187,5308.0
NASDAQ-100 STOCK INDEX - INTERNATIONAL MONETARY MARKET,1999-06-29,3456,6009,-378.0,-1024.0,22815,-183.0,-2553,-2740.0
NASDAQ-100 STOCK INDEX - INTERNATIONAL MONETARY MARKET,1999-07-06,4566,5775,1110.0,-234.0,22591,-224.0,-1209,1344.0
NASDAQ-100 STOCK INDEX - INTERNATIONAL MONETARY MARKET,1999-07-13,4633,6600,67.0,825.0,22136,-455.0,-1967,-758.0
NASDAQ-100 STOCK INDEX - INTERNATIONAL MONETARY MARKET,1999-07-20,4472,6027,-161.0,-573.0,20071,-2065.0,-1555,412.0
NASDAQ-100 STOCK INDEX - INTERNATIONAL MONETARY MARKET,1999-07-27,3355,5364,-1117.0,-663.0,20627,556.0,-2009,-454.0
NASDAQ-100 STOCK INDEX - INTERNATIONAL MONETARY MARKET,1999-08-03,3039,6143,-316.0,779.0,22257,1630.0,-3104,-1095.0
NASDAQ-100 STOCK INDEX - INTERNATIONAL MONETARY MARKET,1999-08-10,1946,5351,-1093.0,-792.0,22433,176.0,-3405,-301.0
NASDAQ-100 STOCK INDEX - INTERNATIONAL MONETARY MARKET,1999-08-17,3439,6273,1493.0,922.0,22752,319.0,-2834,571.0
NASDAQ-100 STOCK INDEX - INTERNATIONAL MONETARY MARKET,1999-08-24,3788,7443,349.0,1170.0,22950,198.0,-3655,-821.0
NASDAQ-100 STOCK INDEX - INTERNATIONAL MONETARY MARKET,1999-08-31,3144,6663,-644.0,-780.0,23511,561.0,-3519,136.0
NASDAQ-100 STOCK INDEX - INTERNATIONAL MONETARY MARKET,1999-09-07,4395,7741,1251.0,1078.0,23864,353.0,-3346,173.0
NASDAQ-100 STOCK INDEX - INTERNATIONAL MONETARY MARKET,1999-09-14,3971,7360,-424.0,-381.0,24006,142.0,-3389,-43.0
NASDAQ-100 STOCK INDEX - INTERNATIONAL MONETARY MARKET,1999-09-21,3382,6135,-589.0,-1225.0,17848,-6158.0,-2753,636.0
NASDAQ-100 STOCK INDEX - INTERNATIONAL MONETARY MARKET,1999-09-28,2749,6373,-633.0,238.0,17920,72.0,-3624,-871.0
NASDAQ-100 STOCK INDEX - INTERNATIONAL MONETARY MARKET,1999-10-05,2676,6386,-73.0,13.0,18183,263.0,-3710,-86.0
NASDAQ-100 STOCK INDEX - INTERNATIONAL MONETARY MARKET,1999-10-12,2269,6963,-407.0,577.0,18685,502.0,-4694,-984.0
NASDAQ-100 STOCK INDEX - INTERNATIONAL MONETARY MARKET,1999-10-19,1734,6085,-535.0,-878.0,19957,1272.0,-4351,343.0
NASDAQ-100 STOCK INDEX - INTERNATIONAL MONETARY MARKET,1999-10-26,1985,7227,251.0,1142.0,21025,1068.0,-5242,-891.0
NASDAQ-100 STOCK INDEX - INTERNATIONAL MONETARY MARKET,1999-11-02,3400,6191,1415.0,-1036.0,21573,548.0,-2791,2451.0
NASDAQ-100 STOCK INDEX - INTERNATIONAL MONETARY MARKET,1999-11-09,5148,7460,1748.0,1269.0,22284,711.0,-2312,479.0
NASDAQ-100 STOCK INDEX - INTERNATIONAL MONETARY MARKET,1999-11-16,6300,8307,1152.0,847.0,23049,765.0,-2007,305.0
NASDAQ-100 STOCK INDEX - INTERNATIONAL MONETARY MARKET,1999-11-23,5604,8627,-696.0,320.0,25749,2700.0,-3023,-1016.0
NASDAQ-100 STOCK INDEX - INTERNATIONAL MONETARY MARKET,1999-11-30,5747,8693,143.0,66.0,25672,-77.0,-2946,77.0
NASDAQ-100 STOCK INDEX - INTERNATIONAL MONETARY MARKET,1999-12-07,6598,8747,851.0,54.0,27230,1558.0,-2149,797.0
NASDAQ-100 STOCK INDEX - INTERNATIONAL MONETARY MARKET,1999-12-14,7263,8541,665.0,-206.0,33066,5836.0,-1278,871.0
NASDAQ-100 STOCK INDEX - INTERNATIONAL MONETARY MARKET,1999-12-21,7140,8539,-123.0,-2.0,23598,-9468.0,-1399,-121.0
NASDAQ-100 STOCK INDEX - INTERNATIONAL MONETARY MARKET,1999-12-28,8051,8866,911.0,327.0,23840,242.0,-815,584.0
NASDAQ-100 STOCK INDEX - INTERNATIONAL MONETARY MARKET,2000-01-04,7625,7851,-426.0,-1015.0,24143,303.0,-226,589.0
NASDAQ-100 STOCK INDEX - INTERNATIONAL MONETARY MARKET,2000-01-11,7192,10061,-433.0,2210.0,24878,735.0,-2869,-2643.0
NASDAQ-100 STOCK INDEX - INTERNATIONAL MONETARY MARKET,2000-01-18,7036,8621,-156.0,-1440.0,26249,1371.0,-1585,1284.0
NASDAQ-100 STOCK INDEX - INTERNATIONAL MONETARY MARKET,2000-01-25,7532,10240,496.0,1619.0,31510,5261.0,-2708,-1123.0
NASDAQ-100 STOCK INDEX - INTERNATIONAL MONETARY MARKET,2000-02-01,7438,13553,-94.0,3313.0,33032,1522.0,-6115,-3407.0
NASDAQ-100 STOCK INDEX - INTERNATIONAL MONETARY MARKET,2000-02-08,8960,10389,1522.0,-3164.0,32495,-537.0,-1429,4686.0
NASDAQ-100 STOCK INDEX - INTERNATIONAL MONETARY MARKET,2000-02-15,8683,10050,-277.0,-339.0,32051,-444.0,-1367,62.0
NASDAQ-100 STOCK INDEX - INTERNATIONAL MONETARY MARKET,2000-02-22,11433,12108,2750.0,2058.0,38733,6682.0,-675,692.0
NASDAQ-100 STOCK INDEX - INTERNATIONAL MONETARY MARKET,2000-02-29,9979,11795,-1454.0,-313.0,35428,-3305.0,-1816,-1141.0
NASDAQ-100 STOCK INDEX - INTERNATIONAL MONETARY MARKET,2000-03-07,10403,12577,424.0,782.0,38506,3078.0,-2174,-358.0
NASDAQ-100 STOCK INDEX - INTERNATIONAL MONETARY MARKET,2000-03-14,10342,15359,-61.0,2782.0,44819,6313.0,-5017,-2843.0
NASDAQ-100 STOCK INDEX - INTERNATIONAL MONETARY MARKET,2000-03-21,9491,14130,-851.0,-1229.0,33749,-11070.0,-4639,378.0
NASDAQ-100 STOCK INDEX - INTERNATIONAL MONETARY MARKET,2000-03-28,9015,7310,-476.0,-6820.0,30196,-3553.0,1705,6344.0
NASDAQ-100 STOCK INDEX - INTERNATIONAL MONETARY MARKET,2000-04-04,10919,6849,1904.0,-461.0,34093,3897.0,4070,2365.0
NASDAQ-100 STOCK INDEX - INTERNATIONAL MONETARY MARKET,2000-04-11,11091,9059,172.0,2210.0,35489,1396.0,2032,-2038.0
NASDAQ-100 STOCK INDEX - INTERNATIONAL MONETARY MARKET,2000-04-18,10156,11247,-935.0,2188.0,37756,2267.0,-1091,-3123.0
NASDAQ-100 STOCK INDEX - INTERNATIONAL MONETARY MARKET,2000-04-25,10710,6845,554.0,-4402.0,38232,476.0,3865,4956.0
NASDAQ-100 STOCK INDEX - INTERNATIONAL MONETARY MARKET,2000-05-02,11294,6270,584.0,-575.0,34350,-3882.0,5024,1159.0
NASDAQ-100 STOCK INDEX - INTERNATIONAL MONETARY MARKET,2000-05-09,14478,6149,3184.0,-121.0,36552,2202.0,8329,3305.0
NASDAQ-100 STOCK INDEX - INTERNATIONAL MONETARY MARKET,2000-05-16,13443,3893,-1035.0,-2256.0,36733,181.0,9550,1221.0
NASDAQ-100 STOCK INDEX - INTERNATIONAL MONETARY MARKET,2000-05-23,10741,5651,-2702.0,1758.0,37990,1257.0,5090,-4460.0
NASDAQ-100 STOCK INDEX - INTERNATIONAL MONETARY MARKET,2000-05-30,14046,4777,3305.0,-874.0,39872,1882.0,9269,4179.0
NASDAQ-100 STOCK INDEX - INTERNATIONAL MONETARY MARKET,2000-06-06,14089,4987,43.0,210.0,38175,-1697.0,9102,-167.0
NASDAQ-100 STOCK INDEX - INTERNATIONAL MONETARY MARKET,2000-06-13,13278,4178,-811.0,-809.0,40383,2208.0,9100,-2.0
NASDAQ-100 STOCK INDEX - INTERNATIONAL MONETARY MARKET,2000-06-20,8258,3498,-5020.0,-680.0,26947,-13436.0,4760,-4340.0
NASDAQ-100 STOCK INDEX - INTERNATIONAL MONETARY MARKET,2000-06-27,9880,3307,1622.0,-191.0,27980,1033.0,6573,1813.0
NASDAQ-100 STOCK INDEX - INTERNATIONAL MONETARY MARKET,2000-07-05,9886,3526,6.0,219.0,28265,285.0,6360,-213.0
NASDAQ-100 STOCK INDEX - INTERNATIONAL MONETARY MARKET,2000-07-11,10233,3966,347.0,440.0,28336,71.0,6267,-93.0
NASDAQ-100 STOCK INDEX - INTERNATIONAL MONETARY MARKET,2000-07-18,6818,3685,-3415.0,-281.0,30338,2002.0,3133,-3134.0
NASDAQ-100 STOCK INDEX - INTERNATIONAL MONETARY MARKET,2000-07-25,7737,4315,919.0,630.0,31601,1263.0,3422,289.0
NASDAQ-100 STOCK INDEX - INTERNATIONAL MONETARY MARKET,2000-08-01,6492,5385,-1245.0,1070.0,31798,197.0,1107,-2315.0
NASDAQ-100 STOCK INDEX - INTERNATIONAL MONETARY MARKET,2000-08-08,6479,5126,-13.0,-259.0,31533,-265.0,1353,246.0
NASDAQ-100 STOCK INDEX - INTERNATIONAL MONETARY MARKET,2000-08-15,6576,6878,97.0,1752.0,32139,606.0,-302,-1655.0
NASDAQ-100 STOCK INDEX - INTERNATIONAL MONETARY MARKET,2000-08-22,6723,5148,147.0,-1730.0,32573,434.0,1575,1877.0
NASDAQ-100 STOCK INDEX - CHICAGO MERCANTILE EXCHANGE,2000-08-29,7370,3980,647.0,-1168.0,33798,1225.0,3390,1815.0
NASDAQ-100 STOCK INDEX - CHICAGO MERCANTILE EXCHANGE,2000-09-05,9593,4136,2223.0,156.0,36396,2598.0,5457,2067.0
NASDAQ-100 STOCK INDEX - CHICAGO MERCANTILE EXCHANGE,2000-09-12,8496,5929,-1097.0,1793.0,41651,5255.0,2567,-2890.0
NASDAQ-100 STOCK INDEX - CHICAGO MERCANTILE EXCHANGE,2000-09-19,5380,5566,-3116.0,-363.0,30597,-11054.0,-186,-2753.0
NASDAQ-100 STOCK INDEX - CHICAGO MERCANTILE EXCHANGE,2000-09-26,4938,6521,-442.0,955.0,29651,-946.0,-1583,-1397.0
NASDAQ-100 STOCK INDEX - CHICAGO MERCANTILE EXCHANGE,2000-10-03,6063,5151,1125.0,-1370.0,31363,1712.0,912,2495.0
NASDAQ-100 STOCK INDEX - CHICAGO MERCANTILE EXCHANGE,2000-10-10,6374,5946,311.0,795.0,33733,2370.0,428,-484.0
NASDAQ-100 STOCK INDEX - CHICAGO MERCANTILE EXCHANGE,2000-10-17,6122,6337,-252.0,391.0,35808,2075.0,-215,-643.0
NASDAQ-100 STOCK INDEX - CHICAGO MERCANTILE EXCHANGE,2000-10-24,5820,5643,-302.0,-694.0,35265,-543.0,177,392.0
NASDAQ-100 STOCK INDEX - CHICAGO MERCANTILE EXCHANGE,2000-10-31,8003,6628,2183.0,985.0,41896,6631.0,1375,1198.0
NASDAQ-100 STOCK INDEX - CHICAGO MERCANTILE EXCHANGE,2000-11-07,8088,5796,85.0,-832.0,40562,-1334.0,2292,917.0
NASDAQ-100 STOCK INDEX - CHICAGO MERCANTILE EXCHANGE,2000-11-14,7829,7019,-259.0,1223.0,42276,1714.0,810,-1482.0
NASDAQ-100 STOCK INDEX - CHICAGO MERCANTILE EXCHANGE,2000-11-21,8034,7448,205.0,429.0,45430,3154.0,586,-224.0
NASDAQ-100 STOCK INDEX - CHICAGO MERCANTILE EXCHANGE,2000-11-28,7807,6592,-227.0,-856.0,48698,3268.0,1215,629.0
NASDAQ-100 STOCK INDEX - CHICAGO MERCANTILE EXCHANGE,2000-12-05,7777,6573,-30.0,-19.0,53656,4958.0,1204,-11.0
NASDAQ-100 STOCK INDEX - CHICAGO MERCANTILE EXCHANGE,2000-12-12,8062,7940,285.0,1367.0,57669,4013.0,122,-1082.0
NASDAQ-100 STOCK INDEX - CHICAGO MERCANTILE EXCHANGE,2000-12-19,5679,4825,-2383.0,-3115.0,40449,-17220.0,854,732.0
NASDAQ-100 STOCK INDEX - CHICAGO MERCANTILE EXCHANGE,2000-12-26,6228,5087,549.0,262.0,43576,3127.0,1141,287.0
NASDAQ-100 STOCK INDEX - CHICAGO MERCANTILE EXCHANGE,2001-01-02,7840,4987,1612.0,-100.0,44091,515.0,2853,1712.0
NASDAQ-100 STOCK INDEX - CHICAGO MERCANTILE EXCHANGE,2001-01-09,6406,4285,-1434.0,-702.0,42020,-2071.0,2121,-732.0
NASDAQ-100 STOCK INDEX - CHICAGO MERCANTILE EXCHANGE,2001-01-16,7049,4135,643.0,-150.0,46470,4450.0,2914,793.0
NASDAQ-100 STOCK INDEX - CHICAGO MERCANTILE EXCHANGE,2001-01-23,8193,5394,1144.0,1259.0,49264,2794.0,2799,-115.0
NASDAQ-100 STOCK INDEX - CHICAGO MERCANTILE EXCHANGE,2001-01-30,8965,4133,772.0,-1261.0,45088,-4176.0,4832,2033.0
NASDAQ-100 STOCK INDEX - CHICAGO MERCANTILE EXCHANGE,2001-02-06,9554,6231,589.0,2098.0,46559,1471.0,3323,-1509.0
NASDAQ-100 STOCK INDEX - CHICAGO MERCANTILE EXCHANGE,2001-02-13,10205,6166,651.0,-65.0,51071,4512.0,4039,716.0
NASDAQ-100 STOCK INDEX - CHICAGO MERCANTILE EXCHANGE,2001-02-20,9890,4385,-315.0,-1781.0,48748,-2323.0,5505,1466.0
NASDAQ-100 STOCK INDEX - CHICAGO MERCANTILE EXCHANGE,2001-02-27,10043,5434,153.0,1049.0,54145,5397.0,4609,-896.0
NASDAQ-100 STOCK INDEX - CHICAGO MERCANTILE EXCHANGE,2001-03-06,13069,6988,3026.0,1554.0,59607,5462.0,6081,1472.0
NASDAQ-100 STOCK INDEX - CHICAGO MERCANTILE EXCHANGE,2001-03-13,11721,4660,-1348.0,-2328.0,72951,13344.0,7061,980.0
NASDAQ-100 STOCK INDEX - CHICAGO MERCANTILE EXCHANGE,2001-03-20,10222,4849,-1499.0,189.0,51649,-21302.0,5373,-1688.0
NASDAQ-100 STOCK INDEX - CHICAGO MERCANTILE EXCHANGE,2001-03-27,10184,6154,-38.0,1305.0,57094,5445.0,4030,-1343.0
NASDAQ-100 STOCK INDEX - CHICAGO MERCANTILE EXCHANGE,2001-04-03,10320,5803,136.0,-351.0,59401,2307.0,4517,487.0
NASDAQ-100 STOCK INDEX - CHICAGO MERCANTILE EXCHANGE,2001-04-10,10557,6461,237.0,658.0,58886,-515.0,4096,-421.0
NASDAQ-100 STOCK INDEX - CHICAGO MERCANTILE EXCHANGE,2001-04-17,10701,6407,144.0,-54.0,57595,-1291.0,4294,198.0
NASDAQ-100 STOCK INDEX - CHICAGO MERCANTILE EXCHANGE,2001-04-24,12832,5053,2131.0,-1354.0,52421,-5174.0,7779,3485.0
NASDAQ-100 STOCK INDEX - CHICAGO MERCANTILE EXCHANGE,2001-05-01,13044,6360,212.0,1307.0,52117,-304.0,6684,-1095.0
NASDAQ-100 STOCK INDEX - CHICAGO MERCANTILE EXCHANGE,2001-05-08,12992,5663,-52.0,-697.0,48490,-3627.0,7329,645.0
NASDAQ-100 STOCK INDEX - CHICAGO MERCANTILE EXCHANGE,2001-05-15,13645,5512,653.0,-151.0,47690,-800.0,8133,804.0
NASDAQ-100 STOCK INDEX - CHICAGO MERCANTILE EXCHANGE,2001-05-22,14032,4530,387.0,-982.0,53078,5388.0,9502,1369.0
NASDAQ-100 STOCK INDEX - CHICAGO MERCANTILE EXCHANGE,2001-05-29,12445,3849,-1587.0,-681.0,48900,-4178.0,8596,-906.0
NASDAQ-100 STOCK INDEX - CHICAGO MERCANTILE EXCHANGE,2001-06-05,14652,4472,2207.0,623.0,51660,2760.0,10180,1584.0
NASDAQ-100 STOCK INDEX - CHICAGO MERCANTILE EXCHANGE,2001-06-12,13766,5228,-886.0,756.0,68245,16585.0,8538,-1642.0
NASDAQ-100 STOCK INDEX - CHICAGO MERCANTILE EXCHANGE,2001-06-19,9331,4595,-4435.0,-633.0,47202,-21043.0,4736,-3802.0
NASDAQ-100 STOCK INDEX - CHICAGO MERCANTILE EXCHANGE,2001-06-26,10469,5497,1138.0,902.0,47346,144.0,4972,236.0
NASDAQ-100 STOCK INDEX - CHICAGO MERCANTILE EXCHANGE,2001-07-03,10151,5195,-318.0,-302.0,47272,-74.0,4956,-16.0
NASDAQ-100 STOCK INDEX - CHICAGO MERCANTILE EXCHANGE,2001-07-10,11775,5410,1624.0,215.0,47659,387.0,6365,1409.0
NASDAQ-100 STOCK INDEX - CHICAGO MERCANTILE EXCHANGE,2001-07-17,11996,4989,221.0,-421.0,50450,2791.0,7007,642.0
NASDAQ-100 STOCK INDEX - CHICAGO MERCANTILE EXCHANGE,2001-07-24,13544,6168,1548.0,1179.0,53197,2747.0,7376,369.0
NASDAQ-100 STOCK INDEX - CHICAGO MERCANTILE EXCHANGE,2001-07-31,14505,5179,961.0,-989.0,53896,699.0,9326,1950.0
NASDAQ-100 STOCK INDEX - CHICAGO MERCANTILE EXCHANGE,2001-08-07,14428,5956,-77.0,777.0,53316,-580.0,8472,-854.0
NASDAQ-100 STOCK INDEX - CHICAGO MERCANTILE EXCHANGE,2001-08-14,14559,8303,131.0,2347.0,55898,2582.0,6256,-2216.0
NASDAQ-100 STOCK INDEX - CHICAGO MERCANTILE EXCHANGE,2001-08-21,14852,9159,293.0,856.0,55822,-76.0,5693,-563.0
NASDAQ-100 STOCK INDEX - CHICAGO MERCANTILE EXCHANGE,2001-08-28,14306,8447,-546.0,-712.0,54872,-950.0,5859,166.0
NASDAQ-100 STOCK INDEX - CHICAGO MERCANTILE EXCHANGE,2001-09-04,15197,8370,891.0,-77.0,56446,1574.0,6827,968.0
NASDAQ-100 STOCK INDEX - CHICAGO MERCANTILE EXCHANGE,2001-09-10,15022,6602,-175.0,-1768.0,57914,1468.0,8420,1593.0
NASDAQ-100 STOCK INDEX - CHICAGO MERCANTILE EXCHANGE,2001-09-18,16628,7568,1606.0,966.0,77411,19497.0,9060,640.0
NASDAQ-100 STOCK INDEX - CHICAGO MERCANTILE EXCHANGE,2001-09-25,11016,5084,-5612.0,-2484.0,48692,-28719.0,5932,-3128.0
NASDAQ-100 STOCK INDEX - CHICAGO MERCANTILE EXCHANGE,2001-10-02,11925,5043,909.0,-41.0,49729,1037.0,6882,950.0
NASDAQ-100 STOCK INDEX - CHICAGO MERCANTILE EXCHANGE,2001-10-09,13152,4730,1227.0,-313.0,49781,52.0,8422,1540.0
NASDAQ-100 STOCK INDEX - CHICAGO MERCANTILE EXCHANGE,2001-10-16,11952,4961,-1200.0,231.0,52251,2470.0,6991,-1431.0
NASDAQ-100 STOCK INDEX - CHICAGO MERCANTILE EXCHANGE,2001-10-23,11245,5440,-707.0,479.0,52779,528.0,5805,-1186.0
NASDAQ-100 STOCK INDEX - CHICAGO MERCANTILE EXCHANGE,2001-10-30,11900,4631,655.0,-809.0,56911,4132.0,7269,1464.0
NASDAQ-100 STOCK INDEX - CHICAGO MERCANTILE EXCHANGE,2001-11-06,10719,5502,-1181.0,871.0,61603,4692.0,5217,-2052.0
NASDAQ-100 STOCK INDEX - CHICAGO MERCANTILE EXCHANGE,2001-11-13,11292,5849,573.0,347.0,61844,241.0,5443,226.0
NASDAQ-100 STOCK INDEX - CHICAGO MERCANTILE EXCHANGE,2001-11-20,10815,7114,-477.0,1265.0,62161,317.0,3701,-1742.0
NASDAQ-100 STOCK INDEX - CHICAGO MERCANTILE EXCHANGE,2001-11-27,12343,5468,1528.0,-1646.0,62821,660.0,6875,3174.0
NASDAQ-100 STOCK INDEX - CHICAGO MERCANTILE EXCHANGE,2001-12-04,10887,5149,-1456.0,-319.0,65258,2437.0,5738,-1137.0
NASDAQ-100 STOCK INDEX - CHICAGO MERCANTILE EXCHANGE,2001-12-11,10023,4770,-864.0,-379.0,68999,3741.0,5253,-485.0
NASDAQ-100 STOCK INDEX - CHICAGO MERCANTILE EXCHANGE,2001-12-18,9428,5294,-595.0,524.0,84878,15879.0,4134,-1119.0
NASDAQ-100 STOCK INDEX - CHICAGO MERCANTILE EXCHANGE,2001-12-21,8628,6525,-800.0,1231.0,82857,-2021.0,2103,-2031.0
NASDAQ-100 STOCK INDEX - CHICAGO MERCANTILE EXCHANGE,2001-12-28,7101,4141,-1527.0,-2384.0,47674,-35183.0,2960,857.0
NASDAQ-100 STOCK INDEX - CHICAGO MERCANTILE EXCHANGE,2002-01-08,7549,4547,448.0,406.0,48986,1312.0,3002,42.0
NASDAQ-100 STOCK INDEX - CHICAGO MERCANTILE EXCHANGE,2002-01-15,7550,5207,1.0,660.0,50247,1261.0,2343,-659.0
NASDAQ-100 STOCK INDEX - CHICAGO MERCANTILE EXCHANGE,2002-01-22,8131,7797,581.0,2590.0,51121,874.0,334,-2009.0
NASDAQ-100 STOCK INDEX - CHICAGO MERCANTILE EXCHANGE,2002-01-29,8255,7597,124.0,-200.0,50140,-981.0,658,324.0
NASDAQ-100 STOCK INDEX - CHICAGO MERCANTILE EXCHANGE,2002-02-05,8790,7985,535.0,388.0,51729,1589.0,805,147.0
NASDAQ-100 STOCK INDEX - CHICAGO MERCANTILE EXCHANGE,2002-02-12,9174,8639,384.0,654.0,51182,-547.0,535,-270.0
NASDAQ-100 STOCK INDEX - CHICAGO MERCANTILE EXCHANGE,2002-02-19,9351,9425,177.0,786.0,53349,2167.0,-74,-609.0
NASDAQ-100 STOCK INDEX - CHICAGO MERCANTILE EXCHANGE,2002-02-26,11375,8974,2024.0,-451.0,54745,1396.0,2401,2475.0
NASDAQ-100 STOCK INDEX - CHICAGO MERCANTILE EXCHANGE,2002-03-05,8370,7247,-3005.0,-1727.0,54222,-523.0,1123,-1278.0
NASDAQ-100 STOCK INDEX - CHICAGO MERCANTILE EXCHANGE,2002-03-12,9818,5817,1448.0,-1430.0,63308,9086.0,4001,2878.0
NASDAQ-100 STOCK INDEX - CHICAGO MERCANTILE EXCHANGE,2002-03-19,6357,3560,-3461.0,-2257.0,43058,-20250.0,2797,-1204.0
NASDAQ-100 STOCK INDEX - CHICAGO MERCANTILE EXCHANGE,2002-03-26,7035,4926,678.0,1366.0,45399,2341.0,2109,-688.0
NASDAQ-100 STOCK INDEX - CHICAGO MERCANTILE EXCHANGE,2002-04-02,7964,5181,929.0,255.0,45077,-322.0,2783,674.0
NASDAQ-100 STOCK INDEX - CHICAGO MERCANTILE EXCHANGE,2002-04-09,8088,5139,124.0,-42.0,49036,3959.0,2949,166.0
NASDAQ-100 STOCK INDEX - CHICAGO MERCANTILE EXCHANGE,2002-04-16,8018,6205,-70.0,1066.0,52845,3809.0,1813,-1136.0
NASDAQ-100 STOCK INDEX - CHICAGO MERCANTILE EXCHANGE,2002-04-23,7964,6913,-54.0,708.0,51724,-1121.0,1051,-762.0
NASDAQ-100 STOCK INDEX - CHICAGO MERCANTILE EXCHANGE,2002-04-30,8910,7136,946.0,223.0,56072,4348.0,1774,723.0
NASDAQ-100 STOCK INDEX - CHICAGO MERCANTILE EXCHANGE,2002-05-07,8158,7412,-752.0,276.0,60004,3932.0,746,-1028.0
NASDAQ-100 STOCK INDEX - CHICAGO MERCANTILE EXCHANGE,2002-05-14,7959,7497,-199.0,85.0,60991,987.0,462,-284.0
NASDAQ-100 STOCK INDEX - CHICAGO MERCANTILE EXCHANGE,2002-05-21,8341,7082,382.0,-415.0,72606,11615.0,1259,797.0
NASDAQ-100 STOCK INDEX - CHICAGO MERCANTILE EXCHANGE,2002-05-28,7845,8237,-496.0,1155.0,70283,-2323.0,-392,-1651.0
NASDAQ-100 STOCK INDEX - CHICAGO MERCANTILE EXCHANGE,2002-06-04,8890,8407,1045.0,170.0,69173,-1110.0,483,875.0
NASDAQ-100 STOCK INDEX - CHICAGO MERCANTILE EXCHANGE,2002-06-11,9027,7326,137.0,-1081.0,69992,819.0,1701,1218.0
NASDAQ-100 STOCK INDEX - CHICAGO MERCANTILE EXCHANGE,2002-06-18,9974,7351,947.0,25.0,90647,20655.0,2623,922.0
NASDAQ-100 STOCK INDEX - CHICAGO MERCANTILE EXCHANGE,2002-06-25,10353,8844,379.0,1493.0,52748,-37899.0,1509,-1114.0
NASDAQ-100 STOCK INDEX - CHICAGO MERCANTILE EXCHANGE,2002-07-02,12124,8409,1771.0,-435.0,57466,4718.0,3715,2206.0
NASDAQ-100 STOCK INDEX - CHICAGO MERCANTILE EXCHANGE,2002-07-09,11603,7410,-521.0,-999.0,55955,-1511.0,4193,478.0
NASDAQ-100 STOCK INDEX - CHICAGO MERCANTILE EXCHANGE,2002-07-16,12478,7806,875.0,396.0,59018,3063.0,4672,479.0
NASDAQ-100 STOCK INDEX - CHICAGO MERCANTILE EXCHANGE,2002-07-23,12772,7979,294.0,173.0,63355,4337.0,4793,121.0
NASDAQ-100 STOCK INDEX - CHICAGO MERCANTILE EXCHANGE,2002-07-30,12693,7435,-79.0,-544.0,64610,1255.0,5258,465.0
NASDAQ-100 STOCK INDEX - CHICAGO MERCANTILE EXCHANGE,2002-08-06,14214,7968,1521.0,533.0,67336,2726.0,6246,988.0
NASDAQ-100 STOCK INDEX - CHICAGO MERCANTILE EXCHANGE,2002-08-13,12890,8703,-1324.0,735.0,68585,1249.0,4187,-2059.0
NASDAQ-100 STOCK INDEX - CHICAGO MERCANTILE EXCHANGE,2002-08-20,12199,7955,-691.0,-748.0,65870,-2715.0,4244,57.0
NASDAQ-100 STOCK INDEX - CHICAGO MERCANTILE EXCHANGE,2002-08-27,13630,10466,1431.0,2511.0,69710,3840.0,3164,-1080.0
NASDAQ-100 STOCK INDEX - CHICAGO MERCANTILE EXCHANGE,2002-09-03,13018,9873,-612.0,-593.0,71792,2082.0,3145,-19.0
NASDAQ-100 STOCK INDEX - CHICAGO MERCANTILE EXCHANGE,2002-09-10,14159,12253,1141.0,2380.0,83249,11457.0,1906,-1239.0
NASDAQ-100 STOCK INDEX - CHICAGO MERCANTILE EXCHANGE,2002-09-17,13760,11613,-399.0,-640.0,104034,20785.0,2147,241.0
NASDAQ-100 STOCK INDEX - CHICAGO MERCANTILE EXCHANGE,2002-09-24,12109,5875,-1651.0,-5738.0,70560,-33474.0,6234,4087.0
NASDAQ-100 STOCK INDEX - CHICAGO MERCANTILE EXCHANGE,2002-10-01,12187,7532,78.0,1657.0,70801,241.0,4655,-1579.0
NASDAQ-100 STOCK INDEX - CHICAGO MERCANTILE EXCHANGE,2002-10-08,13107,8001,920.0,469.0,70066,-735.0,5106,451.0
NASDAQ-100 STOCK INDEX - CHICAGO MERCANTILE EXCHANGE,2002-10-15,14058,6374,951.0,-1627.0,71643,1577.0,7684,2578.0
NASDAQ-100 STOCK INDEX - CHICAGO MERCANTILE EXCHANGE,2002-10-22,12961,9137,-1097.0,2763.0,73061,1418.0,3824,-3860.0
NASDAQ-100 STOCK INDEX - CHICAGO MERCANTILE EXCHANGE,2002-10-29,14766,8507,1805.0,-630.0,74150,1089.0,6259,2435.0
NASDAQ-100 STOCK INDEX - CHICAGO MERCANTILE EXCHANGE,2002-11-05,17063,10522,2297.0,2015.0,80363,6213.0,6541,282.0
NASDAQ-100 STOCK INDEX - CHICAGO MERCANTILE EXCHANGE,2002-11-12,17300,10952,237.0,430.0,76403,-3960.0,6348,-193.0
NASDAQ-100 STOCK INDEX - CHICAGO MERCANTILE EXCHANGE,2002-11-19,17506,13030,206.0,2078.0,76595,192.0,4476,-1872.0
NASDAQ-100 STOCK INDEX - CHICAGO MERCANTILE EXCHANGE,2002-11-26,15735,11786,-1771.0,-1244.0,77298,703.0,3949,-527.0
NASDAQ-100 STOCK INDEX - CHICAGO MERCANTILE EXCHANGE,2002-12-03,17187,12799,1452.0,1013.0,75313,-1985.0,4388,439.0
NASDAQ-100 STOCK INDEX - CHICAGO MERCANTILE EXCHANGE,2002-12-10,16611,15330,-576.0,2531.0,76922,1609.0,1281,-3107.0
NASDAQ-100 STOCK INDEX - CHICAGO MERCANTILE EXCHANGE,2002-12-17,15385,17113,-1226.0,1783.0,93210,16288.0,-1728,-3009.0
NASDAQ-100 STOCK INDEX - CHICAGO MERCANTILE EXCHANGE,2002-12-23,10321,9081,-5064.0,-8032.0,59974,-33236.0,1240,2968.0
NASDAQ-100 STOCK INDEX - CHICAGO MERCANTILE EXCHANGE,2002-12-31,9163,11007,-1158.0,1926.0,61120,1146.0,-1844,-3084.0
NASDAQ-100 STOCK INDEX - CHICAGO MERCANTILE EXCHANGE,2003-01-07,10301,11366,1138.0,359.0,68617,7497.0,-1065,779.0
NASDAQ-100 STOCK INDEX - CHICAGO MERCANTILE EXCHANGE,2003-01-14,10151,15585,-150.0,4219.0,69602,985.0,-5434,-4369.0
NASDAQ-100 STOCK INDEX - CHICAGO MERCANTILE EXCHANGE,2003-01-21,9647,16120,-504.0,535.0,73519,3917.0,-6473,-1039.0
NASDAQ-100 STOCK INDEX - CHICAGO MERCANTILE EXCHANGE,2003-01-28,10112,16984,465.0,864.0,75494,1975.0,-6872,-399.0
NASDAQ-100 STOCK INDEX - CHICAGO MERCANTILE EXCHANGE,2003-02-04,9584,16451,-528.0,-533.0,77018,1524.0,-6867,5.0
NASDAQ-100 STOCK INDEX - CHICAGO MERCANTILE EXCHANGE,2003-02-11,11893,18239,2309.0,1788.0,82371,5353.0,-6346,521.0
NASDAQ-100 STOCK INDEX - CHICAGO MERCANTILE EXCHANGE,2003-02-18,13914,17956,2021.0,-283.0,79340,-3031.0,-4042,2304.0
NASDAQ-100 STOCK INDEX - CHICAGO MERCANTILE EXCHANGE,2003-02-25,13721,18710,-193.0,754.0,79320,-20.0,-4989,-947.0
NASDAQ-100 STOCK INDEX - CHICAGO MERCANTILE EXCHANGE,2003-03-04,15454,18612,1733.0,-98.0,81038,1718.0,-3158,1831.0
NASDAQ-100 STOCK INDEX - CHICAGO MERCANTILE EXCHANGE,2003-03-11,14371,20159,-1083.0,1547.0,87870,6832.0,-5788,-2630.0
NASDAQ-100 STOCK INDEX - CHICAGO MERCANTILE EXCHANGE,2003-03-18,14886,19607,515.0,-552.0,116106,28236.0,-4721,1067.0
NASDAQ-100 STOCK INDEX - CHICAGO MERCANTILE EXCHANGE,2003-03-25,14592,12792,-294.0,-6815.0,69822,-46284.0,1800,6521.0
NASDAQ-100 STOCK INDEX - CHICAGO MERCANTILE EXCHANGE,2003-04-01,11959,12024,-2633.0,-768.0,62818,-7004.0,-65,-1865.0
NASDAQ-100 STOCK INDEX - CHICAGO MERCANTILE EXCHANGE,2003-04-08,13359,14480,1400.0,2456.0,69510,6692.0,-1121,-1056.0
NASDAQ-100 STOCK INDEX - CHICAGO MERCANTILE EXCHANGE,2003-04-15,14548,15339,1189.0,859.0,71377,1867.0,-791,330.0
NASDAQ-100 STOCK INDEX - CHICAGO MERCANTILE EXCHANGE,2003-04-22,19066,16735,4518.0,1396.0,76321,4944.0,2331,3122.0
NASDAQ-100 STOCK INDEX - CHICAGO MERCANTILE EXCHANGE,2003-04-29,19304,18703,238.0,1968.0,76499,178.0,601,-1730.0
NASDAQ-100 STOCK INDEX - CHICAGO MERCANTILE EXCHANGE,2003-05-06,20411,20994,1107.0,2291.0,80796,4297.0,-583,-1184.0
NASDAQ-100 STOCK INDEX - CHICAGO MERCANTILE EXCHANGE,2003-05-13,21242,21337,831.0,343.0,77029,-3767.0,-95,488.0
NASDAQ-100 STOCK INDEX - CHICAGO MERCANTILE EXCHANGE,2003-05-20,19592,21475,-1650.0,138.0,73994,-3035.0,-1883,-1788.0
NASDAQ-100 STOCK INDEX - CHICAGO MERCANTILE EXCHANGE,2003-05-27,24029,22392,4437.0,917.0,77721,3727.0,1637,3520.0
NASDAQ-100 STOCK INDEX - CHICAGO MERCANTILE EXCHANGE,2003-06-03,23905,25235,-124.0,2843.0,78178,457.0,-1330,-2967.0
NASDAQ-100 STOCK INDEX - CHICAGO MERCANTILE EXCHANGE,2003-06-10,24207,28289,302.0,3054.0,82557,4379.0,-4082,-2752.0
NASDAQ-100 STOCK INDEX - CHICAGO MERCANTILE EXCHANGE,2003-06-17,25958,27529,1751.0,-760.0,121430,38873.0,-1571,2511.0
NASDAQ-100 STOCK INDEX - CHICAGO MERCANTILE EXCHANGE,2003-06-24,18856,17666,-7102.0,-9863.0,73101,-48329.0,1190,2761.0
NASDAQ-100 STOCK INDEX - CHICAGO MERCANTILE EXCHANGE,2003-07-01,18920,17596,64.0,-70.0,75308,2207.0,1324,134.0
NASDAQ-100 STOCK INDEX - CHICAGO MERCANTILE EXCHANGE,2003-07-08,20029,19308,1109.0,1712.0,77935,2627.0,721,-603.0
NASDAQ-100 STOCK INDEX - CHICAGO MERCANTILE EXCHANGE,2003-07-15,22253,20051,2224.0,743.0,78491,556.0,2202,1481.0
NASDAQ-100 STOCK INDEX - CHICAGO MERCANTILE EXCHANGE,2003-07-22,19467,22307,-2786.0,2256.0,80548,2057.0,-2840,-5042.0
NASDAQ-100 STOCK INDEX - CHICAGO MERCANTILE EXCHANGE,2003-07-29,24070,23113,4603.0,806.0,82705,2157.0,957,3797.0
NASDAQ-100 STOCK INDEX - CHICAGO MERCANTILE EXCHANGE,2003-08-05,23501,18336,-569.0,-4777.0,80022,-2683.0,5165,4208.0
NASDAQ-100 STOCK INDEX - CHICAGO MERCANTILE EXCHANGE,2003-08-12,22965,20410,-536.0,2074.0,82666,2644.0,2555,-2610.0
NASDAQ-100 STOCK INDEX - CHICAGO MERCANTILE EXCHANGE,2003-08-19,26171,20477,3206.0,67.0,85272,2606.0,5694,3139.0
NASDAQ-100 STOCK INDEX - CHICAGO MERCANTILE EXCHANGE,2003-08-26,26023,21409,-148.0,932.0,87998,2726.0,4614,-1080.0
NASDAQ-100 STOCK INDEX - CHICAGO MERCANTILE EXCHANGE,2003-09-02,25474,19704,-549.0,-1705.0,86990,-1008.0,5770,1156.0
NASDAQ-100 STOCK INDEX - CHICAGO MERCANTILE EXCHANGE,2003-09-09,25144,22870,-330.0,3166.0,100315,13325.0,2274,-3496.0
NASDAQ-100 STOCK INDEX - CHICAGO MERCANTILE EXCHANGE,2003-09-16,26228,22601,1084.0,-269.0,120259,19944.0,3627,1353.0
NASDAQ-100 STOCK INDEX - CHICAGO MERCANTILE EXCHANGE,2003-09-23,18564,16629,-7664.0,-5972.0,69412,-50847.0,1935,-1692.0
NASDAQ-100 STOCK INDEX - CHICAGO MERCANTILE EXCHANGE,2003-09-30,16567,17031,-1997.0,402.0,70368,956.0,-464,-2399.0
NASDAQ-100 STOCK INDEX - CHICAGO MERCANTILE EXCHANGE,2003-10-07,18544,19430,1977.0,2399.0,71058,690.0,-886,-422.0
NASDAQ-100 STOCK INDEX - CHICAGO MERCANTILE EXCHANGE,2003-10-14,20683,21218,2139.0,1788.0,73249,2191.0,-535,351.0
NASDAQ-100 STOCK INDEX - CHICAGO MERCANTILE EXCHANGE,2003-10-21,20992,21168,309.0,-50.0,75864,2615.0,-176,359.0
NASDAQ-100 STOCK INDEX - CHICAGO MERCANTILE EXCHANGE,2003-10-28,20847,23553,-145.0,2385.0,79298,3434.0,-2706,-2530.0
NASDAQ-100 STOCK INDEX - CHICAGO MERCANTILE EXCHANGE,2003-11-04,21956,22251,1109.0,-1302.0,81083,1785.0,-295,2411.0
NASDAQ-100 STOCK INDEX - CHICAGO MERCANTILE EXCHANGE,2003-11-11,21898,24068,-58.0,1817.0,85781,4698.0,-2170,-1875.0
NASDAQ-100 STOCK INDEX - CHICAGO MERCANTILE EXCHANGE,2003-11-18,19274,26871,-2624.0,2803.0,89229,3448.0,-7597,-5427.0
NASDAQ-100 STOCK INDEX - CHICAGO MERCANTILE EXCHANGE,2003-11-25,19379,25993,105.0,-878.0,86824,-2405.0,-6614,983.0
NASDAQ-100 STOCK INDEX - CHICAGO MERCANTILE EXCHANGE,2003-12-02,20510,19692,1131.0,-6301.0,80154,-6670.0,818,7432.0
NASDAQ-100 STOCK INDEX - CHICAGO MERCANTILE EXCHANGE,2003-12-09,18798,22581,-1712.0,2889.0,88310,8156.0,-3783,-4601.0
NASDAQ-100 STOCK INDEX - CHICAGO MERCANTILE EXCHANGE,2003-12-16,20746,22415,1948.0,-166.0,115565,27255.0,-1669,2114.0
NASDAQ-100 STOCK INDEX - CHICAGO MERCANTILE EXCHANGE,2003-12-22,18704,21203,-2042.0,-1212.0,68084,-47481.0,-2499,-830.0
NASDAQ-100 STOCK INDEX - CHICAGO MERCANTILE EXCHANGE,2003-12-30,20568,20827,1864.0,-376.0,71583,3499.0,-259,2240.0
NASDAQ-100 STOCK INDEX - CHICAGO MERCANTILE EXCHANGE,2004-01-06,23823,19038,3255.0,-1789.0,75955,4372.0,4785,5044.0
NASDAQ-100 STOCK INDEX - CHICAGO MERCANTILE EXCHANGE,2004-01-13,20272,20720,-3551.0,1682.0,73088,-2867.0,-448,-5233.0
NASDAQ-100 STOCK INDEX - CHICAGO MERCANTILE EXCHANGE,2004-01-20,20030,21220,-242.0,500.0,73362,274.0,-1190,-742.0
NASDAQ-100 STOCK INDEX - CHICAGO MERCANTILE EXCHANGE,2004-01-27,20624,22799,594.0,1579.0,75792,2430.0,-2175,-985.0
NASDAQ-100 STOCK INDEX - CHICAGO MERCANTILE EXCHANGE,2004-02-03,19321,16658,-1303.0,-6141.0,72918,-2874.0,2663,4838.0
NASDAQ-100 STOCK INDEX - CHICAGO MERCANTILE EXCHANGE,2004-02-10,18666,19521,-655.0,2863.0,73920,1002.0,-855,-3518.0
NASDAQ-100 STOCK INDEX - CHICAGO MERCANTILE EXCHANGE,2004-02-17,18652,21663,-14.0,2142.0,75248,1328.0,-3011,-2156.0
NASDAQ-100 STOCK INDEX - CHICAGO MERCANTILE EXCHANGE,2004-02-24,15829,27721,-2823.0,6058.0,76524,1276.0,-11892,-8881.0
NASDAQ-100 STOCK INDEX - CHICAGO MERCANTILE EXCHANGE,2004-03-02,16620,29997,791.0,2276.0,79588,3064.0,-13377,-1485.0
NASDAQ-100 STOCK INDEX - CHICAGO MERCANTILE EXCHANGE,2004-03-09,15990,34739,-630.0,4742.0,90582,10994.0,-18749,-5372.0
NASDAQ-100 STOCK INDEX - CHICAGO MERCANTILE EXCHANGE,2004-03-16,14306,37218,-1684.0,2479.0,115248,24666.0,-22912,-4163.0
NASDAQ-100 STOCK INDEX - CHICAGO MERCANTILE EXCHANGE,2004-03-23,14071,29065,-235.0,-8153.0,77776,-37472.0,-14994,7918.0
NASDAQ-100 STOCK INDEX - CHICAGO MERCANTILE EXCHANGE,2004-03-30,14076,27510,5.0,-1555.0,76895,-881.0,-13434,1560.0
NASDAQ-100 STOCK INDEX - CHICAGO MERCANTILE EXCHANGE,2004-04-06,16434,23784,2358.0,-3726.0,79527,2632.0,-7350,6084.0
NASDAQ-100 STOCK INDEX - CHICAGO MERCANTILE EXCHANGE,2004-04-12,17700,24963,1266.0,1179.0,80688,1161.0,-7263,87.0
NASDAQ-100 STOCK INDEX - CHICAGO MERCANTILE EXCHANGE,2004-04-20,17972,25967,272.0,1004.0,81526,838.0,-7995,-732.0
NASDAQ-100 STOCK INDEX - CHICAGO MERCANTILE EXCHANGE,2004-04-27,19027,27936,1055.0,1969.0,82255,729.0,-8909,-914.0
NASDAQ-100 STOCK INDEX - CHICAGO MERCANTILE EXCHANGE,2004-05-04,13198,20403,-5829.0,-7533.0,80488,-1767.0,-7205,1704.0
NASDAQ-100 STOCK INDEX - CHICAGO MERCANTILE EXCHANGE,2004-05-11,12912,21826,-286.0,1423.0,80481,-7.0,-8914,-1709.0
NASDAQ-100 STOCK INDEX - CHICAGO MERCANTILE EXCHANGE,2004-05-18,11639,23395,-1273.0,1569.0,80010,-471.0,-11756,-2842.0
NASDAQ-100 STOCK INDEX - CHICAGO MERCANTILE EXCHANGE,2004-05-25,12351,24143,712.0,748.0,82547,2537.0,-11792,-36.0
NASDAQ-100 STOCK INDEX - CHICAGO MERCANTILE EXCHANGE,2004-06-01,11714,16604,-637.0,-7539.0,81922,-625.0,-4890,6902.0
NASDAQ-100 STOCK INDEX - CHICAGO MERCANTILE EXCHANGE,2004-06-08,14348,18039,2634.0,1435.0,89720,7798.0,-3691,1199.0
NASDAQ-100 STOCK INDEX - CHICAGO MERCANTILE EXCHANGE,2004-06-15,14902,19017,554.0,978.0,112659,22939.0,-4115,-424.0
NASDAQ-100 STOCK INDEX - CHICAGO MERCANTILE EXCHANGE,2004-06-22,15924,18269,1022.0,-748.0,66210,-46449.0,-2345,1770.0
NASDAQ-100 STOCK INDEX - CHICAGO MERCANTILE EXCHANGE,2004-06-29,17943,17360,2019.0,-909.0,66997,787.0,583,2928.0
NASDAQ-100 STOCK INDEX - CHICAGO MERCANTILE EXCHANGE,2004-07-06,15709,13429,-2234.0,-3931.0,67827,830.0,2280,1697.0
NASDAQ-100 STOCK INDEX - CHICAGO MERCANTILE EXCHANGE,2004-07-13,15355,15163,-354.0,1734.0,67887,60.0,192,-2088.0
NASDAQ-100 STOCK INDEX - CHICAGO MERCANTILE EXCHANGE,2004-07-20,14563,19279,-792.0,4116.0,69126,1239.0,-4716,-4908.0
NASDAQ-100 STOCK INDEX - CHICAGO MERCANTILE EXCHANGE,2004-07-27,14744,21876,181.0,2597.0,73072,3946.0,-7132,-2416.0
NASDAQ-100 STOCK INDEX - CHICAGO MERCANTILE EXCHANGE,2004-08-03,15216,16218,472.0,-5658.0,67434,-5638.0,-1002,6130.0
NASDAQ-100 STOCK INDEX - CHICAGO MERCANTILE EXCHANGE,2004-08-10,14402,19242,-814.0,3024.0,68982,1548.0,-4840,-3838.0
NASDAQ-100 STOCK INDEX - CHICAGO MERCANTILE EXCHANGE,2004-08-17,14243,21355,-159.0,2113.0,71702,2720.0,-7112,-2272.0
NASDAQ-100 STOCK INDEX - CHICAGO MERCANTILE EXCHANGE,2004-08-24,14327,21327,84.0,-28.0,74982,3280.0,-7000,112.0
NASDAQ-100 STOCK INDEX - CHICAGO MERCANTILE EXCHANGE,2004-08-31,14645,23464,318.0,2137.0,77947,2965.0,-8819,-1819.0
NASDAQ-100 STOCK INDEX - CHICAGO MERCANTILE EXCHANGE,2004-09-07,11108,22999,-3537.0,-465.0,80156,2209.0,-11891,-3072.0
NASDAQ-100 STOCK INDEX - CHICAGO MERCANTILE EXCHANGE,2004-09-14,10490,22752,-618.0,-247.0,113124,32968.0,-12262,-371.0
NASDAQ-100 STOCK INDEX - CHICAGO MERCANTILE EXCHANGE,2004-09-21,10287,15586,-203.0,-7166.0,72429,-40695.0,-5299,6963.0
NASDAQ-100 STOCK INDEX - CHICAGO MERCANTILE EXCHANGE,2004-09-28,9124,19011,-1163.0,3425.0,74442,2013.0,-9887,-4588.0
NASDAQ-100 STOCK INDEX - CHICAGO MERCANTILE EXCHANGE,2004-10-05,9560,13889,436.0,-5122.0,77683,3241.0,-4329,5558.0
NASDAQ-100 STOCK INDEX - CHICAGO MERCANTILE EXCHANGE,2004-10-12,9862,14015,302.0,126.0,71865,-5818.0,-4153,176.0
NASDAQ-100 STOCK INDEX - CHICAGO MERCANTILE EXCHANGE,2004-10-19,10402,16311,540.0,2296.0,73499,1634.0,-5909,-1756.0
NASDAQ-100 STOCK INDEX - CHICAGO MERCANTILE EXCHANGE,2004-10-26,10048,17091,-354.0,780.0,73842,343.0,-7043,-1134.0
NASDAQ-100 STOCK INDEX - CHICAGO MERCANTILE EXCHANGE,2004-11-02,16790,10826,6742.0,-6265.0,78683,4841.0,5964,13007.0
NASDAQ-100 STOCK INDEX - CHICAGO MERCANTILE EXCHANGE,2004-11-09,17667,11122,877.0,296.0,82415,3732.0,6545,581.0
NASDAQ-100 STOCK INDEX - CHICAGO MERCANTILE EXCHANGE,2004-11-16,18761,13688,1094.0,2566.0,85284,2869.0,5073,-1472.0
NASDAQ-100 STOCK INDEX - CHICAGO MERCANTILE EXCHANGE,2004-11-23,18421,13917,-340.0,229.0,87761,2477.0,4504,-569.0
NASDAQ-100 STOCK INDEX - CHICAGO MERCANTILE EXCHANGE,2004-11-30,19231,10412,810.0,-3505.0,85792,-1969.0,8819,4315.0
NASDAQ-100 STOCK INDEX - CHICAGO MERCANTILE EXCHANGE,2004-12-07,19230,8963,-1.0,-1449.0,93641,7849.0,10267,1448.0
NASDAQ-100 STOCK INDEX - CHICAGO MERCANTILE EXCHANGE,2004-12-14,17615,9505,-1615.0,542.0,122961,29320.0,8110,-2157.0
NASDAQ-100 STOCK INDEX - CHICAGO MERCANTILE EXCHANGE,2004-12-21,15063,12250,-2552.0,2745.0,66808,-56153.0,2813,-5297.0
NASDAQ-100 STOCK INDEX - CHICAGO MERCANTILE EXCHANGE,2004-12-28,13252,13097,-1811.0,847.0,65015,-1793.0,155,-2658.0
NASDAQ-100 STOCK INDEX - CHICAGO MERCANTILE EXCHANGE,2005-01-04,14027,10587,775.0,-2510.0,63620,-1395.0,3440,3285.0
NASDAQ-100 STOCK INDEX - CHICAGO MERCANTILE EXCHANGE,2005-01-11,12819,14275,-1208.0,3688.0,72140,8520.0,-1456,-4896.0
NASDAQ-100 STOCK INDEX - CHICAGO MERCANTILE EXCHANGE,2005-01-18,8240,14642,-4579.0,367.0,74610,2470.0,-6402,-4946.0
NASDAQ-100 STOCK INDEX - CHICAGO MERCANTILE EXCHANGE,2005-01-25,6908,15306,-1332.0,664.0,76455,1845.0,-8398,-1996.0
NASDAQ-100 STOCK INDEX - CHICAGO MERCANTILE EXCHANGE,2005-02-01,7326,15740,418.0,434.0,75187,-1268.0,-8414,-16.0
NASDAQ-100 STOCK INDEX - CHICAGO MERCANTILE EXCHANGE,2005-02-08,5630,16247,-1696.0,507.0,78723,3536.0,-10617,-2203.0
NASDAQ-100 STOCK INDEX - CHICAGO MERCANTILE EXCHANGE,2005-02-15,6543,17384,913.0,1137.0,79272,549.0,-10841,-224.0
NASDAQ-100 STOCK INDEX - CHICAGO MERCANTILE EXCHANGE,2005-02-22,4644,19431,-1899.0,2047.0,87138,7866.0,-14787,-3946.0
NASDAQ-100 STOCK INDEX - CHICAGO MERCANTILE EXCHANGE,2005-03-01,4519,20074,-125.0,643.0,89809,2671.0,-15555,-768.0
NASDAQ-100 STOCK INDEX - CHICAGO MERCANTILE EXCHANGE,2005-03-08,4969,13344,450.0,-6730.0,85610,-4199.0,-8375,7180.0
NASDAQ-100 STOCK INDEX - CHICAGO MERCANTILE EXCHANGE,2005-03-15,4225,17342,-744.0,3998.0,103755,18145.0,-13117,-4742.0
NASDAQ-100 STOCK INDEX - CHICAGO MERCANTILE EXCHANGE,2005-03-22,5141,17734,916.0,392.0,53688,-50067.0,-12593,524.0
NASDAQ-100 STOCK INDEX - CHICAGO MERCANTILE EXCHANGE,2005-03-29,3986,17416,-1155.0,-318.0,55775,2087.0,-13430,-837.0
NASDAQ-100 STOCK INDEX - CHICAGO MERCANTILE EXCHANGE,2005-04-05,4539,15658,553.0,-1758.0,53645,-2130.0,-11119,2311.0
NASDAQ-100 STOCK INDEX - CHICAGO MERCANTILE EXCHANGE,2005-04-12,4215,16845,-324.0,1187.0,52398,-1247.0,-12630,-1511.0
NASDAQ-100 STOCK INDEX - CHICAGO MERCANTILE EXCHANGE,2005-04-19,5332,18378,1117.0,1533.0,57727,5329.0,-13046,-416.0
NASDAQ-100 STOCK INDEX - CHICAGO MERCANTILE EXCHANGE,2005-04-26,6844,20407,1512.0,2029.0,60963,3236.0,-13563,-517.0
NASDAQ-100 STOCK INDEX - CHICAGO MERCANTILE EXCHANGE,2005-05-03,4790,19164,-2054.0,-1243.0,58203,-2760.0,-14374,-811.0
NASDAQ-100 STOCK INDEX - CHICAGO MERCANTILE EXCHANGE,2005-05-10,4502,18228,-288.0,-936.0,57829,-374.0,-13726,648.0
NASDAQ-100 STOCK INDEX - CHICAGO MERCANTILE EXCHANGE,2005-05-17,4689,20372,187.0,2144.0,58332,503.0,-15683,-1957.0
NASDAQ-100 STOCK INDEX - CHICAGO MERCANTILE EXCHANGE,2005-05-24,7570,17683,2881.0,-2689.0,54457,-3875.0,-10113,5570.0
NASDAQ-100 STOCK INDEX - CHICAGO MERCANTILE EXCHANGE,2005-05-31,9403,12967,1833.0,-4716.0,55678,1221.0,-3564,6549.0
NASDAQ-100 STOCK INDEX - CHICAGO MERCANTILE EXCHANGE,2005-06-07,9257,11473,-146.0,-1494.0,56595,917.0,-2216,1348.0
NASDAQ-100 STOCK INDEX - CHICAGO MERCANTILE EXCHANGE,2005-06-14,8969,11637,-288.0,164.0,75607,19012.0,-2668,-452.0
NASDAQ-100 STOCK INDEX - CHICAGO MERCANTILE EXCHANGE,2005-06-21,8356,7413,-613.0,-4224.0,44859,-30748.0,943,3611.0
NASDAQ-100 STOCK INDEX - CHICAGO MERCANTILE EXCHANGE,2005-06-28,6784,8101,-1572.0,688.0,49441,4582.0,-1317,-2260.0
NASDAQ-100 STOCK INDEX - CHICAGO MERCANTILE EXCHANGE,2005-07-05,6882,8066,98.0,-35.0,50039,598.0,-1184,133.0
NASDAQ-100 STOCK INDEX - CHICAGO MERCANTILE EXCHANGE,2005-07-12,6449,8785,-433.0,719.0,50381,342.0,-2336,-1152.0
NASDAQ-100 STOCK INDEX - CHICAGO MERCANTILE EXCHANGE,2005-07-19,7370,7104,921.0,-1681.0,47712,-2669.0,266,2602.0
NASDAQ-100 STOCK INDEX - CHICAGO MERCANTILE EXCHANGE,2005-07-26,6852,8617,-518.0,1513.0,49334,1622.0,-1765,-2031.0
NASDAQ-100 STOCK INDEX - CHICAGO MERCANTILE EXCHANGE,2005-08-02,6680,7552,-172.0,-1065.0,49222,-112.0,-872,893.0
NASDAQ-100 STOCK INDEX - CHICAGO MERCANTILE EXCHANGE,2005-08-09,7168,8624,488.0,1072.0,48286,-936.0,-1456,-584.0
NASDAQ-100 STOCK INDEX - CHICAGO MERCANTILE EXCHANGE,2005-08-16,7176,10882,8.0,2258.0,53953,5667.0,-3706,-2250.0
NASDAQ-100 STOCK INDEX - CHICAGO MERCANTILE EXCHANGE,2005-08-23,6240,13600,-936.0,2718.0,56853,2900.0,-7360,-3654.0
NASDAQ-100 STOCK INDEX - CHICAGO MERCANTILE EXCHANGE,2005-08-30,6064,16117,-176.0,2517.0,57968,1115.0,-10053,-2693.0
NASDAQ-100 STOCK INDEX - CHICAGO MERCANTILE EXCHANGE,2005-09-06,6426,16274,362.0,157.0,58349,381.0,-9848,205.0
NASDAQ-100 STOCK INDEX - CHICAGO MERCANTILE EXCHANGE,2005-09-13,7184,17581,758.0,1307.0,76760,18411.0,-10397,-549.0
NASDAQ-100 STOCK INDEX - CHICAGO MERCANTILE EXCHANGE,2005-09-20,5820,11790,-1364.0,-5791.0,51728,-25032.0,-5970,4427.0
NASDAQ-100 STOCK INDEX - CHICAGO MERCANTILE EXCHANGE,2005-09-27,5518,12776,-302.0,986.0,56422,4694.0,-7258,-1288.0
NASDAQ-100 STOCK INDEX - CHICAGO MERCANTILE EXCHANGE,2005-10-04,9452,9622,3934.0,-3154.0,56366,-56.0,-170,7088.0
NASDAQ-100 STOCK INDEX - CHICAGO MERCANTILE EXCHANGE,2005-10-11,7327,12239,-2125.0,2617.0,59669,3303.0,-4912,-4742.0
NASDAQ-100 STOCK INDEX - CHICAGO MERCANTILE EXCHANGE,2005-10-18,8104,16076,777.0,3837.0,64079,4410.0,-7972,-3060.0
NASDAQ-100 STOCK INDEX - CHICAGO MERCANTILE EXCHANGE,2005-10-25,9011,13154,907.0,-2922.0,62890,-1189.0,-4143,3829.0
NASDAQ-100 STOCK INDEX - CHICAGO MERCANTILE EXCHANGE,2005-11-01,8818,13591,-193.0,437.0,62439,-451.0,-4773,-630.0
NASDAQ-100 STOCK INDEX - CHICAGO MERCANTILE EXCHANGE,2005-11-08,11070,13146,2252.0,-445.0,62037,-402.0,-2076,2697.0
NASDAQ-100 STOCK INDEX - CHICAGO MERCANTILE EXCHANGE,2005-11-15,14157,12487,3087.0,-659.0,59145,-2892.0,1670,3746.0
NASDAQ-100 STOCK INDEX - CHICAGO MERCANTILE EXCHANGE,2005-11-22,14517,14620,360.0,2133.0,58829,-316.0,-103,-1773.0
NASDAQ-100 STOCK INDEX - CHICAGO MERCANTILE EXCHANGE,2005-11-29,15099,13898,582.0,-722.0,58445,-384.0,1201,1304.0
NASDAQ-100 STOCK INDEX - CHICAGO MERCANTILE EXCHANGE,2005-12-06,16212,8525,1113.0,-5373.0,60858,2413.0,7687,6486.0
NASDAQ-100 STOCK INDEX - CHICAGO MERCANTILE EXCHANGE,2005-12-13,15803,9303,-409.0,778.0,83821,22963.0,6500,-1187.0
NASDAQ-100 STOCK INDEX - CHICAGO MERCANTILE EXCHANGE,2005-12-20,14418,7800,-1385.0,-1503.0,54376,-29445.0,6618,118.0
NASDAQ-100 STOCK INDEX - CHICAGO MERCANTILE EXCHANGE,2005-12-27,14032,8349,-386.0,549.0,55255,879.0,5683,-935.0
NASDAQ-100 STOCK INDEX - CHICAGO MERCANTILE EXCHANGE,2006-01-03,14194,10155,162.0,1806.0,58601,3346.0,4039,-1644.0
NASDAQ-100 STOCK INDEX - CHICAGO MERCANTILE EXCHANGE,2006-01-10,16078,8025,1884.0,-2130.0,59775,1174.0,8053,4014.0
NASDAQ-100 STOCK INDEX - CHICAGO MERCANTILE EXCHANGE,2006-01-17,18497,8195,2419.0,170.0,60410,635.0,10302,2249.0
NASDAQ-100 STOCK INDEX - CHICAGO MERCANTILE EXCHANGE,2006-01-24,17055,8543,-1442.0,348.0,61623,1213.0,8512,-1790.0
NASDAQ-100 STOCK INDEX - CHICAGO MERCANTILE EXCHANGE,2006-01-31,16791,9516,-264.0,973.0,62762,1139.0,7275,-1237.0
NASDAQ-100 STOCK INDEX - CHICAGO MERCANTILE EXCHANGE,2006-02-07,14547,9091,-2244.0,-425.0,61046,-1716.0,5456,-1819.0
NASDAQ-100 STOCK INDEX - CHICAGO MERCANTILE EXCHANGE,2006-02-14,12946,8775,-1601.0,-316.0,60909,-137.0,4171,-1285.0
NASDAQ-100 STOCK INDEX - CHICAGO MERCANTILE EXCHANGE,2006-02-21,13064,8709,118.0,-66.0,65403,4494.0,4355,184.0
NASDAQ-100 STOCK INDEX - CHICAGO MERCANTILE EXCHANGE,2006-02-28,13515,8325,451.0,-384.0,68475,3072.0,5190,835.0
NASDAQ-100 STOCK INDEX - CHICAGO MERCANTILE EXCHANGE,2006-03-07,13278,9188,-237.0,863.0,74882,6407.0,4090,-1100.0
NASDAQ-100 STOCK INDEX - CHICAGO MERCANTILE EXCHANGE,2006-03-14,12183,9239,-1095.0,51.0,90832,15950.0,2944,-1146.0
NASDAQ-100 STOCK INDEX - CHICAGO MERCANTILE EXCHANGE,2006-03-21,16051,10810,3868.0,1571.0,56187,-34645.0,5241,2297.0
NASDAQ-100 STOCK INDEX - CHICAGO MERCANTILE EXCHANGE,2006-03-28,15758,11193,-293.0,383.0,56451,264.0,4565,-676.0
NASDAQ-100 STOCK INDEX - CHICAGO MERCANTILE EXCHANGE,2006-04-04,16926,12184,1168.0,991.0,59732,3281.0,4742,177.0
NASDAQ-100 STOCK INDEX - CHICAGO MERCANTILE EXCHANGE,2006-04-11,16707,12068,-219.0,-116.0,59672,-60.0,4639,-103.0
NASDAQ-100 STOCK INDEX - CHICAGO MERCANTILE EXCHANGE,2006-04-18,16162,12077,-545.0,9.0,59903,231.0,4085,-554.0
NASDAQ-100 STOCK INDEX - CHICAGO MERCANTILE EXCHANGE,2006-04-25,16629,11685,467.0,-392.0,62058,2155.0,4944,859.0
NASDAQ-100 STOCK INDEX - CHICAGO MERCANTILE EXCHANGE,2006-05-02,14723,11875,-1906.0,190.0,62761,703.0,2848,-2096.0
NASDAQ-100 STOCK INDEX - CHICAGO MERCANTILE EXCHANGE,2006-05-09,15248,9520,525.0,-2355.0,63735,974.0,5728,2880.0
NASDAQ-100 STOCK INDEX - CHICAGO MERCANTILE EXCHANGE,2006-05-16,13987,11768,-1261.0,2248.0,63214,-521.0,2219,-3509.0
NASDAQ-100 STOCK INDEX - CHICAGO MERCANTILE EXCHANGE,2006-05-23,13158,15540,-829.0,3772.0,68692,5478.0,-2382,-4601.0
NASDAQ-100 STOCK INDEX - CHICAGO MERCANTILE EXCHANGE,2006-05-30,11799,15230,-1359.0,-310.0,69570,878.0,-3431,-1049.0
NASDAQ-100 STOCK INDEX - CHICAGO MERCANTILE EXCHANGE,2006-06-06,10103,16844,-1696.0,1614.0,76676,7106.0,-6741,-3310.0
NASDAQ-100 STOCK INDEX - CHICAGO MERCANTILE EXCHANGE,2006-06-13,8451,13957,-1652.0,-2887.0,82774,6098.0,-5506,1235.0
NASDAQ-100 STOCK INDEX - CHICAGO MERCANTILE EXCHANGE,2006-06-20,8783,14999,332.0,1042.0,50710,-32064.0,-6216,-710.0
NASDAQ-100 STOCK INDEX - CHICAGO MERCANTILE EXCHANGE,2006-06-27,8030,14229,-753.0,-770.0,51691,981.0,-6199,17.0
NASDAQ-100 STOCK INDEX - CHICAGO MERCANTILE EXCHANGE,2006-07-03,7719,12083,-311.0,-2146.0,52018,327.0,-4364,1835.0
NASDAQ-100 STOCK INDEX - CHICAGO MERCANTILE EXCHANGE,2006-07-11,7743,14736,24.0,2653.0,51193,-825.0,-6993,-2629.0
NASDAQ-100 STOCK INDEX - CHICAGO MERCANTILE EXCHANGE,2006-07-18,10178,14653,2435.0,-83.0,54901,3708.0,-4475,2518.0
NASDAQ-100 STOCK INDEX - CHICAGO MERCANTILE EXCHANGE,2006-07-25,10533,15629,355.0,976.0,56675,1774.0,-5096,-621.0
NASDAQ-100 STOCK INDEX - CHICAGO MERCANTILE EXCHANGE,2006-08-01,6277,15582,-4256.0,-47.0,55500,-1175.0,-9305,-4209.0
NASDAQ-100 STOCK INDEX - CHICAGO MERCANTILE EXCHANGE,2006-08-08,7102,18108,825.0,2526.0,59058,3558.0,-11006,-1701.0
NASDAQ-100 STOCK INDEX - CHICAGO MERCANTILE EXCHANGE,2006-08-15,7332,13132,230.0,-4976.0,58943,-115.0,-5800,5206.0
NASDAQ-100 STOCK INDEX - CHICAGO MERCANTILE EXCHANGE,2006-08-22,8202,13804,870.0,672.0,59124,181.0,-5602,198.0
NASDAQ-100 STOCK INDEX - CHICAGO MERCANTILE EXCHANGE,2006-08-29,8208,14384,6.0,580.0,56781,-2343.0,-6176,-574.0
NASDAQ-100 STOCK INDEX - CHICAGO MERCANTILE EXCHANGE,2006-09-05,8570,13833,362.0,-551.0,56572,-209.0,-5263,913.0
NASDAQ-100 STOCK INDEX - CHICAGO MERCANTILE EXCHANGE,2006-09-12,7460,12882,-1110.0,-951.0,66991,10419.0,-5422,-159.0
NASDAQ-100 STOCK INDEX - CHICAGO MERCANTILE EXCHANGE,2006-09-19,8257,12939,797.0,57.0,48529,-18462.0,-4682,740.0
NASDAQ-100 STOCK INDEX - CHICAGO MERCANTILE EXCHANGE,2006-09-26,7608,12500,-649.0,-439.0,47311,-1218.0,-4892,-210.0
NASDAQ-100 STOCK INDEX - CHICAGO MERCANTILE EXCHANGE,2006-10-03,6424,13128,-1184.0,628.0,47064,-247.0,-6704,-1812.0
NASDAQ-100 STOCK INDEX - CHICAGO MERCANTILE EXCHANGE,2006-10-10,11939,12952,5515.0,-176.0,53172,6108.0,-1013,5691.0
NASDAQ-100 STOCK INDEX - CHICAGO MERCANTILE EXCHANGE,2006-10-17,11078,12567,-861.0,-385.0,53727,555.0,-1489,-476.0
NASDAQ-100 STOCK INDEX - CHICAGO MERCANTILE EXCHANGE,2006-10-24,10887,8617,-191.0,-3950.0,54585,858.0,2270,3759.0
NASDAQ-100 STOCK INDEX - CHICAGO MERCANTILE EXCHANGE,2006-10-31,11386,7653,499.0,-964.0,59287,4702.0,3733,1463.0
NASDAQ-100 STOCK INDEX - CHICAGO MERCANTILE EXCHANGE,2006-11-07,12714,7603,1328.0,-50.0,65417,6130.0,5111,1378.0
NASDAQ-100 STOCK INDEX - CHICAGO MERCANTILE EXCHANGE,2006-11-14,14264,7853,1550.0,250.0,67184,1767.0,6411,1300.0
NASDAQ-100 STOCK INDEX - CHICAGO MERCANTILE EXCHANGE,2006-11-21,18806,7931,4542.0,78.0,73414,6230.0,10875,4464.0
NASDAQ-100 STOCK INDEX - CHICAGO MERCANTILE EXCHANGE,2006-11-28,16152,8018,-2654.0,87.0,71461,-1953.0,8134,-2741.0
NASDAQ-100 STOCK INDEX - CHICAGO MERCANTILE EXCHANGE,2006-12-05,16577,6716,425.0,-1302.0,71300,-161.0,9861,1727.0
NASDAQ-100 STOCK INDEX - CHICAGO MERCANTILE EXCHANGE,2006-12-12,13581,4995,-2996.0,-1721.0,86261,14961.0,8586,-1275.0
NASDAQ-100 STOCK INDEX - CHICAGO MERCANTILE EXCHANGE,2006-12-19,10204,11180,-3377.0,6185.0,46558,-39703.0,-976,-9562.0
NASDAQ-100 STOCK INDEX - CHICAGO MERCANTILE EXCHANGE,2006-12-26,7675,11118,-2529.0,-62.0,44884,-1674.0,-3443,-2467.0
NASDAQ-100 STOCK INDEX - CHICAGO MERCANTILE EXCHANGE,2007-01-03,6419,9870,-1256.0,-1248.0,44188,-696.0,-3451,-8.0
NASDAQ-100 STOCK INDEX - CHICAGO MERCANTILE EXCHANGE,2007-01-09,7487,10939,1068.0,1069.0,45101,913.0,-3452,-1.0
NASDAQ-100 STOCK INDEX - CHICAGO MERCANTILE EXCHANGE,2007-01-16,13556,9926,6069.0,-1013.0,46307,1206.0,3630,7082.0
NASDAQ-100 STOCK INDEX - CHICAGO MERCANTILE EXCHANGE,2007-01-23,13517,11258,-39.0,1332.0,49927,3620.0,2259,-1371.0
NASDAQ-100 STOCK INDEX - CHICAGO MERCANTILE EXCHANGE,2007-01-30,13039,10186,-478.0,-1072.0,51633,1706.0,2853,594.0
NASDAQ-100 STOCK INDEX - CHICAGO MERCANTILE EXCHANGE,2007-02-06,12966,9457,-73.0,-729.0,48950,-2683.0,3509,656.0
NASDAQ-100 STOCK INDEX - CHICAGO MERCANTILE EXCHANGE,2007-02-13,12608,10243,-358.0,786.0,51721,2771.0,2365,-1144.0
NASDAQ-100 STOCK INDEX - CHICAGO MERCANTILE EXCHANGE,2007-02-20,14897,5404,2289.0,-4839.0,50462,-1259.0,9493,7128.0
NASDAQ-100 STOCK INDEX - CHICAGO MERCANTILE EXCHANGE,2007-02-27,13655,6569,-1242.0,1165.0,55795,5333.0,7086,-2407.0
NASDAQ-100 STOCK INDEX - CHICAGO MERCANTILE EXCHANGE,2007-03-06,9763,8563,-3892.0,1994.0,57607,1812.0,1200,-5886.0
NASDAQ-100 STOCK INDEX - CHICAGO MERCANTILE EXCHANGE,2007-03-13,8907,8055,-856.0,-508.0,75766,18159.0,852,-348.0
NASDAQ-100 STOCK INDEX - CHICAGO MERCANTILE EXCHANGE,2007-03-20,7607,13381,-1300.0,5326.0,47006,-28760.0,-5774,-6626.0
NASDAQ-100 STOCK INDEX - CHICAGO MERCANTILE EXCHANGE,2007-03-27,5948,13944,-1659.0,563.0,47167,161.0,-7996,-2222.0
NASDAQ-100 STOCK INDEX - CHICAGO MERCANTILE EXCHANGE,2007-04-03,5515,14277,-433.0,333.0,46167,-1000.0,-8762,-766.0
NASDAQ-100 STOCK INDEX - CHICAGO MERCANTILE EXCHANGE,2007-04-10,6765,14117,1250.0,-160.0,48724,2557.0,-7352,1410.0
NASDAQ-100 STOCK INDEX - CHICAGO MERCANTILE EXCHANGE,2007-04-17,6138,14103,-627.0,-14.0,52166,3442.0,-7965,-613.0
NASDAQ-100 STOCK INDEX - CHICAGO MERCANTILE EXCHANGE,2007-04-24,7680,13289,1542.0,-814.0,54327,2161.0,-5609,2356.0
NASDAQ-100 STOCK INDEX - CHICAGO MERCANTILE EXCHANGE,2007-05-01,7411,13512,-269.0,223.0,54354,27.0,-6101,-492.0
NASDAQ-100 STOCK INDEX - CHICAGO MERCANTILE EXCHANGE,2007-05-08,8240,13187,829.0,-325.0,55824,1470.0,-4947,1154.0
NASDAQ-100 STOCK INDEX - CHICAGO MERCANTILE EXCHANGE,2007-05-15,6476,14897,-1764.0,1710.0,58255,2431.0,-8421,-3474.0
NASDAQ-100 STOCK INDEX - CHICAGO MERCANTILE EXCHANGE,2007-05-22,8501,14588,2025.0,-309.0,63849,5594.0,-6087,2334.0
NASDAQ-100 STOCK INDEX - CHICAGO MERCANTILE EXCHANGE,2007-05-29,5605,14542,-2896.0,-46.0,62353,-1496.0,-8937,-2850.0
NASDAQ-100 STOCK INDEX - CHICAGO MERCANTILE EXCHANGE,2007-06-05,7032,13957,1427.0,-585.0,61701,-652.0,-6925,2012.0
NASDAQ-100 STOCK INDEX - CHICAGO MERCANTILE EXCHANGE,2007-06-12,5247,13886,-1785.0,-71.0,75436,13735.0,-8639,-1714.0
NASDAQ-100 STOCK INDEX - CHICAGO MERCANTILE EXCHANGE,2007-06-19,5946,15503,699.0,1617.0,51994,-23442.0,-9557,-918.0
NASDAQ-100 STOCK INDEX - CHICAGO MERCANTILE EXCHANGE,2007-06-26,5351,16079,-595.0,576.0,56043,4049.0,-10728,-1171.0
NASDAQ-100 STOCK INDEX - CHICAGO MERCANTILE EXCHANGE,2007-07-03,7403,16800,2052.0,721.0,62484,6441.0,-9397,1331.0
NASDAQ-100 STOCK INDEX - CHICAGO MERCANTILE EXCHANGE,2007-07-10,6831,16825,-572.0,25.0,60447,-2037.0,-9994,-597.0
NASDAQ-100 STOCK INDEX - CHICAGO MERCANTILE EXCHANGE,2007-07-17,8736,17318,1905.0,493.0,63327,2880.0,-8582,1412.0
NASDAQ-100 STOCK INDEX - CHICAGO MERCANTILE EXCHANGE,2007-07-24,7689,19747,-1047.0,2429.0,67896,4569.0,-12058,-3476.0
NASDAQ-100 STOCK INDEX - CHICAGO MERCANTILE EXCHANGE,2007-07-31,6477,21616,-1212.0,1869.0,66926,-970.0,-15139,-3081.0
NASDAQ-100 STOCK INDEX - CHICAGO MERCANTILE EXCHANGE,2007-08-07,5042,20594,-1435.0,-1022.0,67311,385.0,-15552,-413.0
NASDAQ-100 STOCK INDEX - CHICAGO MERCANTILE EXCHANGE,2007-08-14,3568,21706,-1474.0,1112.0,67526,215.0,-18138,-2586.0
NASDAQ-100 STOCK INDEX - CHICAGO MERCANTILE EXCHANGE,2007-08-21,3010,23651,-558.0,1945.0,67656,130.0,-20641,-2503.0
NASDAQ-100 STOCK INDEX - CHICAGO MERCANTILE EXCHANGE,2007-08-28,3424,24660,414.0,1009.0,67903,247.0,-21236,-595.0
NASDAQ-100 STOCK INDEX - CHICAGO MERCANTILE EXCHANGE,2007-09-04,6471,24771,3047.0,111.0,71320,3417.0,-18300,2936.0
NASDAQ-100 STOCK INDEX - CHICAGO MERCANTILE EXCHANGE,2007-09-11,6216,25489,-255.0,718.0,72501,1181.0,-19273,-973.0
NASDAQ-100 STOCK INDEX - CHICAGO MERCANTILE EXCHANGE,2007-09-18,7091,26060,875.0,571.0,88375,15874.0,-18969,304.0
NASDAQ-100 STOCK INDEX - CHICAGO MERCANTILE EXCHANGE,2007-09-25,9064,10809,1973.0,-15251.0,41463,-46912.0,-1745,17224.0
NASDAQ-100 STOCK INDEX - CHICAGO MERCANTILE EXCHANGE,2007-10-02,12801,10023,3737.0,-786.0,47069,5606.0,2778,4523.0
NASDAQ-100 STOCK INDEX - CHICAGO MERCANTILE EXCHANGE,2007-10-09,13305,9753,504.0,-270.0,47753,684.0,3552,774.0
NASDAQ-100 STOCK INDEX - CHICAGO MERCANTILE EXCHANGE,2007-10-16,13796,10465,491.0,712.0,48908,1155.0,3331,-221.0
NASDAQ-100 STOCK INDEX - CHICAGO MERCANTILE EXCHANGE,2007-10-23,13803,11528,7.0,1063.0,54960,6052.0,2275,-1056.0
NASDAQ-100 STOCK INDEX - CHICAGO MERCANTILE EXCHANGE,2007-10-30,12640,11487,-1163.0,-41.0,56775,1815.0,1153,-1122.0
NASDAQ-100 STOCK INDEX - CHICAGO MERCANTILE EXCHANGE,2007-11-06,13370,11511,730.0,24.0,58533,1758.0,1859,706.0
NASDAQ-100 STOCK INDEX - CHICAGO MERCANTILE EXCHANGE,2007-11-13,11267,15762,-2103.0,4251.0,51424,-7109.0,-4495,-6354.0
NASDAQ-100 STOCK INDEX - CHICAGO MERCANTILE EXCHANGE,2007-11-20,10671,14078,-596.0,-1684.0,51002,-422.0,-3407,1088.0
NASDAQ-100 STOCK INDEX - CHICAGO MERCANTILE EXCHANGE,2007-11-27,9703,14838,-968.0,760.0,51842,840.0,-5135,-1728.0
NASDAQ-100 STOCK INDEX - CHICAGO MERCANTILE EXCHANGE,2007-12-04,9217,14385,-486.0,-453.0,52715,873.0,-5168,-33.0
NASDAQ-100 STOCK INDEX - CHICAGO MERCANTILE EXCHANGE,2007-12-11,10415,14170,1198.0,-215.0,56416,3701.0,-3755,1413.0
NASDAQ-100 STOCK INDEX - CHICAGO MERCANTILE EXCHANGE,2007-12-18,8855,15505,-1560.0,1335.0,68103,11687.0,-6650,-2895.0
NASDAQ-100 STOCK INDEX - CHICAGO MERCANTILE EXCHANGE,2007-12-24,4363,9861,-4492.0,-5644.0,36789,-31314.0,-5498,1152.0
NASDAQ-100 STOCK INDEX - CHICAGO MERCANTILE EXCHANGE,2007-12-31,5046,9875,683.0,14.0,38122,1333.0,-4829,669.0
NASDAQ-100 STOCK INDEX - CHICAGO MERCANTILE EXCHANGE,2008-01-08,4970,10364,-76.0,489.0,39240,1118.0,-5394,-565.0
NASDAQ-100 STOCK INDEX - CHICAGO MERCANTILE EXCHANGE,2008-01-15,6036,12896,1066.0,2532.0,41516,2276.0,-6860,-1466.0
NASDAQ-100 STOCK INDEX - CHICAGO MERCANTILE EXCHANGE,2008-01-22,9977,12291,3941.0,-605.0,44478,2962.0,-2314,4546.0
NASDAQ-100 STOCK INDEX - CHICAGO MERCANTILE EXCHANGE,2008-01-29,10465,11626,488.0,-665.0,46519,2041.0,-1161,1153.0
NASDAQ-100 STOCK INDEX - CHICAGO MERCANTILE EXCHANGE,2008-02-05,11520,9591,1055.0,-2035.0,46441,-78.0,1929,3090.0
NASDAQ-100 STOCK INDEX - CHICAGO MERCANTILE EXCHANGE,2008-02-12,11615,10646,95.0,1055.0,50323,3882.0,969,-960.0
NASDAQ-100 STOCK INDEX - CHICAGO MERCANTILE EXCHANGE,2008-02-19,13778,11541,2163.0,895.0,55865,5542.0,2237,1268.0
NASDAQ-100 STOCK INDEX - CHICAGO MERCANTILE EXCHANGE,2008-02-26,13949,12350,171.0,809.0,55382,-483.0,1599,-638.0
NASDAQ-100 STOCK INDEX - CHICAGO MERCANTILE EXCHANGE,2008-03-04,14780,15340,831.0,2990.0,60053,4671.0,-560,-2159.0
NASDAQ-100 STOCK INDEX - CHICAGO MERCANTILE EXCHANGE,2008-03-11,14413,15467,-367.0,127.0,61505,1452.0,-1054,-494.0
NASDAQ-100 STOCK INDEX - CHICAGO MERCANTILE EXCHANGE,2008-03-18,13831,15479,-582.0,12.0,70753,9248.0,-1648,-594.0
NASDAQ-100 STOCK INDEX - CHICAGO MERCANTILE EXCHANGE,2008-03-25,3183,6706,-10648.0,-8773.0,27689,-43064.0,-3523,-1875.0
NASDAQ-100 STOCK INDEX - CHICAGO MERCANTILE EXCHANGE,2008-04-01,3410,7243,227.0,537.0,30411,2722.0,-3833,-310.0
NASDAQ-100 STOCK INDEX - CHICAGO MERCANTILE EXCHANGE,2008-04-08,4307,7517,897.0,274.0,30845,434.0,-3210,623.0
NASDAQ-100 STOCK INDEX - CHICAGO MERCANTILE EXCHANGE,2008-04-15,3540,8640,-767.0,1123.0,31323,478.0,-5100,-1890.0
NASDAQ-100 STOCK INDEX - CHICAGO MERCANTILE EXCHANGE,2008-04-22,4538,7634,998.0,-1006.0,32141,818.0,-3096,2004.0
NASDAQ-100 STOCK INDEX - CHICAGO MERCANTILE EXCHANGE,2008-04-29,4567,8185,29.0,551.0,33383,1242.0,-3618,-522.0
NASDAQ-100 STOCK INDEX - CHICAGO MERCANTILE EXCHANGE,2008-05-06,4655,8180,88.0,-5.0,36665,3282.0,-3525,93.0
NASDAQ-100 STOCK INDEX - CHICAGO MERCANTILE EXCHANGE,2008-05-13,5982,8030,1327.0,-150.0,37671,1006.0,-2048,1477.0
NASDAQ-100 STOCK INDEX - CHICAGO MERCANTILE EXCHANGE,2008-05-20,6014,8679,32.0,649.0,37186,-485.0,-2665,-617.0
NASDAQ-100 STOCK INDEX - CHICAGO MERCANTILE EXCHANGE,2008-05-27,4842,9545,-1172.0,866.0,37653,467.0,-4703,-2038.0
NASDAQ-100 STOCK INDEX - CHICAGO MERCANTILE EXCHANGE,2008-06-03,5188,7624,346.0,-1921.0,37281,-372.0,-2436,2267.0
NASDAQ-100 STOCK INDEX - CHICAGO MERCANTILE EXCHANGE,2008-06-10,3876,8042,-1312.0,418.0,37719,438.0,-4166,-1730.0
NASDAQ-100 STOCK INDEX - CHICAGO MERCANTILE EXCHANGE,2008-06-17,4798,7564,922.0,-478.0,52547,14828.0,-2766,1400.0
NASDAQ-100 STOCK INDEX - CHICAGO MERCANTILE EXCHANGE,2008-06-24,5182,6535,384.0,-1029.0,25601,-26946.0,-1353,1413.0
NASDAQ-100 STOCK INDEX - CHICAGO MERCANTILE EXCHANGE,2008-07-01,4855,6761,-327.0,226.0,25294,-307.0,-1906,-553.0
NASDAQ-100 STOCK INDEX - CHICAGO MERCANTILE EXCHANGE,2008-07-08,3722,7211,-1133.0,450.0,26327,1033.0,-3489,-1583.0
NASDAQ-100 STOCK INDEX - CHICAGO MERCANTILE EXCHANGE,2008-07-15,3825,7326,103.0,115.0,30081,3754.0,-3501,-12.0
NASDAQ-100 STOCK INDEX - CHICAGO MERCANTILE EXCHANGE,2008-07-22,2951,8030,-874.0,704.0,28437,-1644.0,-5079,-1578.0
NASDAQ-100 STOCK INDEX - CHICAGO MERCANTILE EXCHANGE,2008-07-29,3128,6190,177.0,-1840.0,30101,1664.0,-3062,2017.0
NASDAQ-100 STOCK INDEX - CHICAGO MERCANTILE EXCHANGE,2008-08-05,2876,5807,-252.0,-383.0,30635,534.0,-2931,131.0
NASDAQ-100 STOCK INDEX - CHICAGO MERCANTILE EXCHANGE,2008-08-12,3472,4687,596.0,-1120.0,30059,-576.0,-1215,1716.0
NASDAQ-100 STOCK INDEX - CHICAGO MERCANTILE EXCHANGE,2008-08-19,4975,3004,1503.0,-1683.0,32055,1996.0,1971,3186.0
NASDAQ-100 STOCK INDEX - CHICAGO MERCANTILE EXCHANGE,2008-08-26,3784,2322,-1191.0,-682.0,30310,-1745.0,1462,-509.0
NASDAQ-100 STOCK INDEX - CHICAGO MERCANTILE EXCHANGE,2008-09-02,3655,2310,-129.0,-12.0,29402,-908.0,1345,-117.0
NASDAQ-100 STOCK INDEX - CHICAGO MERCANTILE EXCHANGE,2008-09-09,4783,4468,1128.0,2158.0,30729,1327.0,315,-1030.0
NASDAQ-100 STOCK INDEX - CHICAGO MERCANTILE EXCHANGE,2008-09-16,5838,4419,1055.0,-49.0,39653,8924.0,1419,1104.0
NASDAQ-100 STOCK INDEX - CHICAGO MERCANTILE EXCHANGE,2008-09-23,1890,3507,-3948.0,-912.0,20727,-18926.0,-1617,-3036.0
NASDAQ-100 STOCK INDEX - CHICAGO MERCANTILE EXCHANGE,2008-09-30,1482,3416,-408.0,-91.0,21842,1115.0,-1934,-317.0
NASDAQ-100 STOCK INDEX - CHICAGO MERCANTILE EXCHANGE,2008-10-07,1422,2024,-60.0,-1392.0,22350,508.0,-602,1332.0
NASDAQ-100 STOCK INDEX - CHICAGO MERCANTILE EXCHANGE,2008-10-14,2782,3144,1360.0,1120.0,26154,3804.0,-362,240.0
NASDAQ-100 STOCK INDEX - CHICAGO MERCANTILE EXCHANGE,2008-10-21,3697,2578,915.0,-566.0,32655,6501.0,1119,1481.0
NASDAQ-100 STOCK INDEX - CHICAGO MERCANTILE EXCHANGE,2008-10-28,4790,2487,1093.0,-91.0,33592,937.0,2303,1184.0
NASDAQ-100 STOCK INDEX - CHICAGO MERCANTILE EXCHANGE,2008-11-04,4896,941,106.0,-1546.0,30700,-2892.0,3955,1652.0
NASDAQ-100 STOCK INDEX - CHICAGO MERCANTILE EXCHANGE,2008-11-11,4572,1732,-324.0,791.0,31051,351.0,2840,-1115.0
NASDAQ-100 STOCK INDEX - CHICAGO MERCANTILE EXCHANGE,2008-11-18,4621,1962,49.0,230.0,31376,325.0,2659,-181.0
NASDAQ-100 STOCK INDEX - CHICAGO MERCANTILE EXCHANGE,2008-11-25,4668,1834,47.0,-128.0,33346,1970.0,2834,175.0
NASDAQ-100 STOCK INDEX - CHICAGO MERCANTILE EXCHANGE,2008-12-02,4272,2319,-396.0,485.0,33509,163.0,1953,-881.0
NASDAQ-100 STOCK INDEX - CHICAGO MERCANTILE EXCHANGE,2008-12-09,4810,2216,538.0,-103.0,34809,1300.0,2594,641.0
NASDAQ-100 STOCK INDEX - CHICAGO MERCANTILE EXCHANGE,2008-12-16,5206,1976,396.0,-240.0,45604,10795.0,3230,636.0
NASDAQ-100 STOCK INDEX - CHICAGO MERCANTILE EXCHANGE,2008-12-22,2426,3961,-2780.0,1985.0,19090,-26514.0,-1535,-4765.0
NASDAQ-100 STOCK INDEX - CHICAGO MERCANTILE EXCHANGE,2008-12-30,2404,3929,-22.0,-32.0,19121,31.0,-1525,10.0
NASDAQ-100 STOCK INDEX - CHICAGO MERCANTILE EXCHANGE,2009-01-06,3023,2964,619.0,-965.0,20568,1447.0,59,1584.0
NASDAQ-100 STOCK INDEX - CHICAGO MERCANTILE EXCHANGE,2009-01-13,2467,4086,-556.0,1122.0,23318,2750.0,-1619,-1678.0
NASDAQ-100 STOCK INDEX - CHICAGO MERCANTILE EXCHANGE,2009-01-20,2528,5414,61.0,1328.0,25020,1702.0,-2886,-1267.0
NASDAQ-100 STOCK INDEX - CHICAGO MERCANTILE EXCHANGE,2009-01-27,1674,4293,-854.0,-1121.0,25801,781.0,-2619,267.0
NASDAQ-100 STOCK INDEX - CHICAGO MERCANTILE EXCHANGE,2009-02-03,1843,5419,169.0,1126.0,26224,423.0,-3576,-957.0
NASDAQ-100 STOCK INDEX - CHICAGO MERCANTILE EXCHANGE,2009-02-10,2100,5007,257.0,-412.0,27870,1646.0,-2907,669.0
NASDAQ-100 STOCK INDEX - CHICAGO MERCANTILE EXCHANGE,2009-02-17,2383,6772,283.0,1765.0,30969,3099.0,-4389,-1482.0
NASDAQ-100 STOCK INDEX - CHICAGO MERCANTILE EXCHANGE,2009-02-24,2385,6801,2.0,29.0,32605,1636.0,-4416,-27.0
NASDAQ-100 STOCK INDEX - CHICAGO MERCANTILE EXCHANGE,2009-03-03,2260,6424,-125.0,-377.0,32776,171.0,-4164,252.0
NASDAQ-100 STOCK INDEX - CHICAGO MERCANTILE EXCHANGE,2009-03-10,1739,4846,-521.0,-1578.0,34275,1499.0,-3107,1057.0
NASDAQ-100 STOCK INDEX - CHICAGO MERCANTILE EXCHANGE,2009-03-17,1348,4463,-391.0,-383.0,45071,10796.0,-3115,-8.0
NASDAQ-100 STOCK INDEX - CHICAGO MERCANTILE EXCHANGE,2009-03-24,1877,1519,529.0,-2944.0,17893,-27178.0,358,3473.0
NASDAQ-100 STOCK INDEX - CHICAGO MERCANTILE EXCHANGE,2009-03-31,2227,1756,350.0,237.0,19911,2018.0,471,113.0
NASDAQ-100 STOCK INDEX - CHICAGO MERCANTILE EXCHANGE,2009-04-07,2476,2619,249.0,863.0,20480,569.0,-143,-614.0
NASDAQ-100 STOCK INDEX - CHICAGO MERCANTILE EXCHANGE,2009-04-14,2663,2653,187.0,34.0,21461,981.0,10,153.0
NASDAQ-100 STOCK INDEX - CHICAGO MERCANTILE EXCHANGE,2009-04-21,2606,2637,-57.0,-16.0,22359,898.0,-31,-41.0
NASDAQ-100 STOCK INDEX - CHICAGO MERCANTILE EXCHANGE,2009-04-28,3345,3542,739.0,905.0,22390,31.0,-197,-166.0
NASDAQ-100 STOCK INDEX - CHICAGO MERCANTILE EXCHANGE,2009-05-05,3968,3574,623.0,32.0,22393,3.0,394,591.0
NASDAQ-100 STOCK INDEX - CHICAGO MERCANTILE EXCHANGE,2009-05-12,2100,4528,-1868.0,954.0,22959,566.0,-2428,-2822.0
NASDAQ-100 STOCK INDEX - CHICAGO MERCANTILE EXCHANGE,2009-05-19,2464,5199,364.0,671.0,24156,1197.0,-2735,-307.0
NASDAQ-100 STOCK INDEX - CHICAGO MERCANTILE EXCHANGE,2009-05-26,2514,7312,50.0,2113.0,27977,3821.0,-4798,-2063.0
NASDAQ-100 STOCK INDEX - CHICAGO MERCANTILE EXCHANGE,2009-06-02,3045,7097,531.0,-215.0,26422,-1555.0,-4052,746.0
NASDAQ-100 STOCK INDEX - CHICAGO MERCANTILE EXCHANGE,2009-06-09,3424,7112,379.0,15.0,26697,275.0,-3688,364.0
NASDAQ-100 STOCK INDEX - CHICAGO MERCANTILE EXCHANGE,2009-06-16,2073,8824,-1351.0,1712.0,30908,4211.0,-6751,-3063.0
NASDAQ-100 STOCK INDEX - CHICAGO MERCANTILE EXCHANGE,2009-06-23,1340,4462,-733.0,-4362.0,13362,-17546.0,-3122,3629.0
NASDAQ-100 STOCK INDEX - CHICAGO MERCANTILE EXCHANGE,2009-06-30,2712,4178,1372.0,-284.0,14582,1220.0,-1466,1656.0
NASDAQ-100 STOCK INDEX - CHICAGO MERCANTILE EXCHANGE,2009-07-07,1483,5132,-1229.0,954.0,15130,548.0,-3649,-2183.0
NASDAQ-100 STOCK INDEX - CHICAGO MERCANTILE EXCHANGE,2009-07-14,2503,4887,1020.0,-245.0,17837,2707.0,-2384,1265.0
NASDAQ-100 STOCK INDEX - CHICAGO MERCANTILE EXCHANGE,2009-07-21,3136,4721,633.0,-166.0,19805,1968.0,-1585,799.0
NASDAQ-100 STOCK INDEX - CHICAGO MERCANTILE EXCHANGE,2009-07-28,3817,3937,681.0,-784.0,17182,-2623.0,-120,1465.0
NASDAQ-100 STOCK INDEX - CHICAGO MERCANTILE EXCHANGE,2009-08-04,3910,3719,93.0,-218.0,19517,2335.0,191,311.0
NASDAQ-100 STOCK INDEX - CHICAGO MERCANTILE EXCHANGE,2009-08-11,2966,4292,-944.0,573.0,20259,742.0,-1326,-1517.0
NASDAQ-100 STOCK INDEX - CHICAGO MERCANTILE EXCHANGE,2009-08-18,3663,4345,697.0,53.0,20188,-71.0,-682,644.0
NASDAQ-100 STOCK INDEX - CHICAGO MERCANTILE EXCHANGE,2009-08-25,6155,5640,2492.0,1295.0,23252,3064.0,515,1197.0
NASDAQ-100 STOCK INDEX - CHICAGO MERCANTILE EXCHANGE,2009-09-01,2331,7112,-3824.0,1472.0,22736,-516.0,-4781,-5296.0
NASDAQ-100 STOCK INDEX - CHICAGO MERCANTILE EXCHANGE,2009-09-08,3509,6605,1178.0,-507.0,23148,412.0,-3096,1685.0
NASDAQ-100 STOCK INDEX - CHICAGO MERCANTILE EXCHANGE,2009-09-15,4065,5900,556.0,-705.0,33631,10483.0,-1835,1261.0
NASDAQ-100 STOCK INDEX - CHICAGO MERCANTILE EXCHANGE,2009-09-22,4661,1633,596.0,-4267.0,17797,-15834.0,3028,4863.0
NASDAQ-100 STOCK INDEX - CHICAGO MERCANTILE EXCHANGE,2009-09-29,4937,908,276.0,-725.0,17606,-191.0,4029,1001.0
NASDAQ-100 STOCK INDEX - CHICAGO MERCANTILE EXCHANGE,2009-10-06,6443,503,1506.0,-405.0,18502,896.0,5940,1911.0
NASDAQ-100 STOCK INDEX - CHICAGO MERCANTILE EXCHANGE,2009-10-13,7114,565,671.0,62.0,19710,1208.0,6549,609.0
NASDAQ-100 STOCK INDEX - CHICAGO MERCANTILE EXCHANGE,2009-10-20,6786,582,-328.0,17.0,20306,596.0,6204,-345.0
NASDAQ-100 STOCK INDEX - CHICAGO MERCANTILE EXCHANGE,2009-10-27,5706,568,-1080.0,-14.0,19476,-830.0,5138,-1066.0
NASDAQ-100 STOCK INDEX - CHICAGO MERCANTILE EXCHANGE,2009-11-03,5606,270,-100.0,-298.0,18387,-1089.0,5336,198.0
NASDAQ-100 STOCK INDEX - CHICAGO MERCANTILE EXCHANGE,2009-11-09,6724,270,1118.0,0.0,20065,1678.0,6454,1118.0
NASDAQ-100 STOCK INDEX - CHICAGO MERCANTILE EXCHANGE,2009-11-17,9766,270,3042.0,0.0,21494,1429.0,9496,3042.0
NASDAQ-100 STOCK INDEX - CHICAGO MERCANTILE EXCHANGE,2009-11-24,12566,570,2800.0,300.0,24768,3274.0,11996,2500.0
NASDAQ-100 STOCK INDEX - CHICAGO MERCANTILE EXCHANGE,2009-12-01,14585,570,2019.0,0.0,25895,1127.0,14015,2019.0
NASDAQ-100 STOCK INDEX - CHICAGO MERCANTILE EXCHANGE,2009-12-08,11836,570,-2749.0,0.0,24225,-1670.0,11266,-2749.0
NASDAQ-100 STOCK INDEX - CHICAGO MERCANTILE EXCHANGE,2009-12-15,10400,570,-1436.0,0.0,27808,3583.0,9830,-1436.0
NASDAQ-100 STOCK INDEX - CHICAGO MERCANTILE EXCHANGE,2009-12-22,2518,710,-7882.0,140.0,9800,-18008.0,1808,-8022.0
NASDAQ-100 STOCK INDEX - CHICAGO MERCANTILE EXCHANGE,2009-12-29,3159,218,641.0,-492.0,10390,590.0,2941,1133.0
NASDAQ-100 STOCK INDEX - CHICAGO MERCANTILE EXCHANGE,2010-01-05,5171,0,2012.0,-218.0,12646,2256.0,5171,2230.0
NASDAQ-100 STOCK INDEX - CHICAGO MERCANTILE EXCHANGE,2010-01-12,4085,0,-1086.0,0.0,14549,1903.0,4085,-1086.0
NASDAQ-100 STOCK INDEX - CHICAGO MERCANTILE EXCHANGE,2010-01-19,5660,205,1575.0,205.0,15669,1120.0,5455,1370.0
NASDAQ-100 STOCK INDEX - CHICAGO MERCANTILE EXCHANGE,2010-01-26,1260,661,-4400.0,456.0,15486,-183.0,599,-4856.0
NASDAQ-100 STOCK INDEX - CHICAGO MERCANTILE EXCHANGE,2010-02-02,1126,7668,-134.0,7007.0,22820,7334.0,-6542,-7141.0
NASDAQ-100 STOCK INDEX - CHICAGO MERCANTILE EXCHANGE,2010-02-09,1126,9690,0.0,2022.0,28341,5521.0,-8564,-2022.0
NASDAQ-100 STOCK INDEX - CHICAGO MERCANTILE EXCHANGE,2010-02-16,1126,10439,0.0,749.0,30711,2370.0,-9313,-749.0
NASDAQ-100 STOCK INDEX - CHICAGO MERCANTILE EXCHANGE,2010-02-23,757,12430,-369.0,1991.0,32756,2045.0,-11673,-2360.0
NASDAQ-100 STOCK INDEX - CHICAGO MERCANTILE EXCHANGE,2010-03-02,666,8415,-91.0,-4015.0,28123,-4633.0,-7749,3924.0
NASDAQ-100 STOCK INDEX - CHICAGO MERCANTILE EXCHANGE,2010-03-09,666,5964,0.0,-2451.0,24456,-3667.0,-5298,2451.0
NASDAQ-100 STOCK INDEX - CHICAGO MERCANTILE EXCHANGE,2010-03-16,1527,2827,861.0,-3137.0,23642,-814.0,-1300,3998.0
NASDAQ-100 STOCK INDEX - CHICAGO MERCANTILE EXCHANGE,2010-03-23,2774,1445,1247.0,-1382.0,12884,-10758.0,1329,2629.0
NASDAQ-100 STOCK INDEX - CHICAGO MERCANTILE EXCHANGE,2010-03-30,4250,1445,1476.0,0.0,14192,1308.0,2805,1476.0
NASDAQ-100 STOCK INDEX - CHICAGO MERCANTILE EXCHANGE,2010-04-06,4946,2195,696.0,750.0,16173,1981.0,2751,-54.0
NASDAQ-100 STOCK INDEX - CHICAGO MERCANTILE EXCHANGE,2010-04-13,5268,2023,322.0,-172.0,16152,-21.0,3245,494.0
NASDAQ-100 STOCK INDEX - CHICAGO MERCANTILE EXCHANGE,2010-04-20,4531,2769,-737.0,746.0,16902,750.0,1762,-1483.0
NASDAQ-100 STOCK INDEX - CHICAGO MERCANTILE EXCHANGE,2010-04-27,5757,2523,1226.0,-246.0,18793,1891.0,3234,1472.0
NASDAQ-100 STOCK INDEX - CHICAGO MERCANTILE EXCHANGE,2010-05-04,6785,2277,1028.0,-246.0,22065,3272.0,4508,1274.0
NASDAQ-100 STOCK INDEX - CHICAGO MERCANTILE EXCHANGE,2010-05-11,6293,1714,-492.0,-563.0,23511,1446.0,4579,71.0
NASDAQ-100 STOCK INDEX - CHICAGO MERCANTILE EXCHANGE,2010-05-18,5801,1714,-492.0,0.0,24119,608.0,4087,-492.0
NASDAQ-100 STOCK INDEX - CHICAGO MERCANTILE EXCHANGE,2010-05-25,4219,1292,-1582.0,-422.0,21641,-2478.0,2927,-1160.0
NASDAQ-100 STOCK INDEX - CHICAGO MERCANTILE EXCHANGE,2010-06-01,4065,1468,-154.0,176.0,24043,2402.0,2597,-330.0
NASDAQ-100 STOCK INDEX - CHICAGO MERCANTILE EXCHANGE,2010-06-08,3811,1839,-254.0,371.0,25787,1744.0,1972,-625.0
NASDAQ-100 STOCK INDEX - CHICAGO MERCANTILE EXCHANGE,2010-06-15,3859,2210,48.0,371.0,30128,4341.0,1649,-323.0
NASDAQ-100 Consolidated - CHICAGO MERCANTILE EXCHANGE,2010-06-15,11012,13265,,,121827,,-2253,-3902.0
NASDAQ-100 Consolidated - CHICAGO MERCANTILE EXCHANGE,2010-06-22,13228,10903,2217.0,-2362.0,57845,-63982.0,2325,4578.0
NASDAQ-100 Consolidated - CHICAGO MERCANTILE EXCHANGE,2010-06-29,9173,11680,-4055.0,777.0,59605,1760.0,-2507,-4832.0
NASDAQ-100 STOCK INDEX - CHICAGO MERCANTILE EXCHANGE,2010-07-06,550,775,,,11078,,-225,2282.0
NASDAQ-100 Consolidated - CHICAGO MERCANTILE EXCHANGE,2010-07-06,9965,15885,791.0,4205.0,72124,12519.0,-5920,-5695.0
NASDAQ-100 STOCK INDEX - CHICAGO MERCANTILE EXCHANGE,2010-07-13,0,1758,-550.0,983.0,13097,2019.0,-1758,4162.0
NASDAQ-100 Consolidated - CHICAGO MERCANTILE EXCHANGE,2010-07-13,11722,19242,1757.0,3357.0,76300,4176.0,-7520,-5762.0
NASDAQ-100 STOCK INDEX - CHICAGO MERCANTILE EXCHANGE,2010-07-20,0,3444,0.0,1686.0,13807,710.0,-3444,4076.0
NASDAQ-100 Consolidated - CHICAGO MERCANTILE EXCHANGE,2010-07-20,12255,13721,533.0,-5521.0,76812,512.0,-1466,1978.0
NASDAQ-100 STOCK INDEX - CHICAGO MERCANTILE EXCHANGE,2010-07-27,247,2497,247.0,-947.0,13419,-388.0,-2250,-784.0
NASDAQ-100 Consolidated - CHICAGO MERCANTILE EXCHANGE,2010-07-27,12991,14909,736.0,1187.0,78205,1393.0,-1918,332.0
NASDAQ-100 STOCK INDEX - CHICAGO MERCANTILE EXCHANGE,2010-08-03,985,2497,738.0,0.0,13949,530.0,-1512,406.0
NASDAQ-100 Consolidated - CHICAGO MERCANTILE EXCHANGE,2010-08-03,18264,13702,5273.0,-1207.0,83508,5303.0,4562,6074.0
NASDAQ-100 STOCK INDEX - CHICAGO MERCANTILE EXCHANGE,2010-08-10,1477,2497,492.0,0.0,14399,450.0,-1020,-5582.0
NASDAQ-100 Consolidated - CHICAGO MERCANTILE EXCHANGE,2010-08-10,20826,13307,2562.0,-395.0,86874,3365.0,7519,8539.0
NASDAQ-100 STOCK INDEX - CHICAGO MERCANTILE EXCHANGE,2010-08-17,738,2497,-739.0,0.0,17354,2955.0,-1759,-9278.0
NASDAQ-100 Consolidated - CHICAGO MERCANTILE EXCHANGE,2010-08-17,16636,14559,-4190.0,1251.0,86763,-111.0,2077,3836.0
NASDAQ-100 STOCK INDEX - CHICAGO MERCANTILE EXCHANGE,2010-08-24,0,3727,-738.0,1230.0,22851,5497.0,-3727,-5804.0
NASDAQ-100 Consolidated - CHICAGO MERCANTILE EXCHANGE,2010-08-24,10558,18892,-6078.0,4333.0,93392,6629.0,-8334,-4607.0
NASDAQ-100 STOCK INDEX - CHICAGO MERCANTILE EXCHANGE,2010-08-31,0,3973,0.0,246.0,25275,2424.0,-3973,4361.0
NASDAQ-100 Consolidated - CHICAGO MERCANTILE EXCHANGE,2010-08-31,6865,22112,-3693.0,3220.0,96738,3346.0,-15247,-11274.0
NASDAQ-100 STOCK INDEX - CHICAGO MERCANTILE EXCHANGE,2010-09-07,0,3235,0.0,-738.0,24940,-335.0,-3235,12012.0
NASDAQ-100 Consolidated - CHICAGO MERCANTILE EXCHANGE,2010-09-07,8201,21070,1335.0,-1042.0,94852,-1886.0,-12869,-9634.0
NASDAQ-100 STOCK INDEX - CHICAGO MERCANTILE EXCHANGE,2010-09-14,2578,2005,2578.0,-1230.0,27415,2475.0,573,13442.0
NASDAQ-100 Consolidated - CHICAGO MERCANTILE EXCHANGE,2010-09-14,14079,19434,5879.0,-1636.0,121873,27020.0,-5355,-5928.0
NASDAQ-100 Consolidated - CHICAGO MERCANTILE EXCHANGE,2010-09-21,16819,13606,2740.0,-5828.0,69213,-52660.0,3213,8568.0
NASDAQ-100 Consolidated - CHICAGO MERCANTILE EXCHANGE,2010-09-28,30595,15495,13776.0,1889.0,82561,13348.0,15100,11887.0
NASDAQ-100 STOCK INDEX - CHICAGO MERCANTILE EXCHANGE,2010-10-05,7246,0,,,19467,,7246,-7854.0
NASDAQ-100 Consolidated - CHICAGO MERCANTILE EXCHANGE,2010-10-05,36090,10627,5495.0,-4868.0,111443,28881.0,25463,18217.0
NASDAQ-100 STOCK INDEX - CHICAGO MERCANTILE EXCHANGE,2010-10-12,6974,0,-272.0,0.0,20244,777.0,6974,-18489.0
NASDAQ-100 Consolidated - CHICAGO MERCANTILE EXCHANGE,2010-10-12,28709,9644,-7381.0,-983.0,108848,-2595.0,19065,12091.0
NASDAQ-100 STOCK INDEX - CHICAGO MERCANTILE EXCHANGE,2010-10-19,7341,0,367.0,0.0,22767,2523.0,7341,-11724.0
NASDAQ-100 Consolidated - CHICAGO MERCANTILE EXCHANGE,2010-10-19,25979,8265,-2730.0,-1379.0,109183,335.0,17714,10373.0
NASDAQ-100 STOCK INDEX - CHICAGO MERCANTILE EXCHANGE,2010-10-26,7709,0,368.0,0.0,24835,2068.0,7709,-10005.0
NASDAQ-100 Consolidated - CHICAGO MERCANTILE EXCHANGE,2010-10-26,31065,8932,5086.0,667.0,115614,6431.0,22133,14424.0
NASDAQ-100 STOCK INDEX - CHICAGO MERCANTILE EXCHANGE,2010-11-02,7709,205,0.0,205.0,24873,38.0,7504,-14629.0
NASDAQ-100 Consolidated - CHICAGO MERCANTILE EXCHANGE,2010-11-02,30794,10537,-270.0,1605.0,113462,-2152.0,20257,12753.0
NASDAQ-100 STOCK INDEX - CHICAGO MERCANTILE EXCHANGE,2010-11-09,8732,299,1023.0,94.0,27936,3063.0,8433,-11824.0
NASDAQ-100 Consolidated - CHICAGO MERCANTILE EXCHANGE,2010-11-09,27428,10967,-3366.0,430.0,114938,1476.0,16461,8028.0
NASDAQ-100 STOCK INDEX - CHICAGO MERCANTILE EXCHANGE,2010-11-16,11192,322,2460.0,23.0,30460,2524.0,10870,-5591.0
NASDAQ-100 Consolidated - CHICAGO MERCANTILE EXCHANGE,2010-11-16,31808,11049,4381.0,83.0,123529,8591.0,20759,9889.0
NASDAQ-100 STOCK INDEX - CHICAGO MERCANTILE EXCHANGE,2010-11-23,8639,1520,-2553.0,1198.0,28106,-2354.0,7119,-13640.0
NASDAQ-100 Consolidated - CHICAGO MERCANTILE EXCHANGE,2010-11-23,23300,11441,-8509.0,391.0,110771,-12757.0,11859,4740.0
NASDAQ-100 STOCK INDEX - CHICAGO MERCANTILE EXCHANGE,2010-11-30,7454,1541,-1185.0,21.0,26647,-1459.0,5913,-5946.0
NASDAQ-100 Consolidated - CHICAGO MERCANTILE EXCHANGE,2010-11-30,22257,10568,-1043.0,-873.0,107048,-3723.0,11689,5776.0
NASDAQ-100 STOCK INDEX - CHICAGO MERCANTILE EXCHANGE,2010-12-07,8421,1573,967.0,32.0,27544,897.0,6848,-4841.0
NASDAQ-100 Consolidated - CHICAGO MERCANTILE EXCHANGE,2010-12-07,23284,9870,1027.0,-698.0,110065,3017.0,13414,6566.0
NASDAQ-100 STOCK INDEX - CHICAGO MERCANTILE EXCHANGE,2010-12-14,9553,1520,1132.0,-53.0,30342,2798.0,8033,-5381.0
NASDAQ-100 Consolidated - CHICAGO MERCANTILE EXCHANGE,2010-12-14,24366,10202,1082.0,332.0,134491,24426.0,14164,6131.0
NASDAQ-100 Consolidated - CHICAGO MERCANTILE EXCHANGE,2010-12-21,24902,7439,536.0,-2762.0,66711,-67780.0,17463,3299.0
NASDAQ-100 STOCK INDEX - CHICAGO MERCANTILE EXCHANGE,2010-12-28,1972,471,-7581.0,-1049.0,9411,-20931.0,1501,-15962.0
NASDAQ-100 Consolidated - CHICAGO MERCANTILE EXCHANGE,2010-12-28,23053,6810,-1849.0,-629.0,74063,7352.0,16243,14742.0
NASDAQ-100 STOCK INDEX - CHICAGO MERCANTILE EXCHANGE,2011-01-04,4325,0,2353.0,-471.0,13202,3791.0,4325,-11918.0
NASDAQ-100 Consolidated - CHICAGO MERCANTILE EXCHANGE,2011-01-04,25846,6071,2794.0,-739.0,84953,10890.0,19775,15450.0
NASDAQ-100 STOCK INDEX - CHICAGO MERCANTILE EXCHANGE,2011-01-11,3551,0,-774.0,0.0,13159,-43.0,3551,-16224.0
NASDAQ-100 Consolidated - CHICAGO MERCANTILE EXCHANGE,2011-01-11,24012,7647,-1834.0,1576.0,84045,-908.0,16365,12814.0
NASDAQ-100 STOCK INDEX - CHICAGO MERCANTILE EXCHANGE,2011-01-18,4286,0,735.0,0.0,13763,604.0,4286,-12079.0
NASDAQ-100 Consolidated - CHICAGO MERCANTILE EXCHANGE,2011-01-18,26546,8300,2534.0,653.0,88962,4917.0,18246,13960.0
NASDAQ-100 STOCK INDEX - CHICAGO MERCANTILE EXCHANGE,2011-01-25,5314,244,1028.0,244.0,16843,3080.0,5070,-13176.0
NASDAQ-100 Consolidated - CHICAGO MERCANTILE EXCHANGE,2011-01-25,28500,7731,1954.0,-569.0,93513,4551.0,20769,15699.0
NASDAQ-100 STOCK INDEX - CHICAGO MERCANTILE EXCHANGE,2011-02-01,3479,490,-1835.0,246.0,16043,-800.0,2989,-17780.0
NASDAQ-100 Consolidated - CHICAGO MERCANTILE EXCHANGE,2011-02-01,27429,7759,-1071.0,28.0,89303,-4210.0,19670,16681.0
NASDAQ-100 STOCK INDEX - CHICAGO MERCANTILE EXCHANGE,2011-02-08,3233,490,-246.0,0.0,16491,448.0,2743,-16927.0
NASDAQ-100 Consolidated - CHICAGO MERCANTILE EXCHANGE,2011-02-08,20628,8772,-6801.0,1014.0,86607,-2696.0,11856,9113.0
NASDAQ-100 STOCK INDEX - CHICAGO MERCANTILE EXCHANGE,2011-02-15,2497,613,-736.0,123.0,18377,1886.0,1884,-9972.0
NASDAQ-100 Consolidated - CHICAGO MERCANTILE EXCHANGE,2011-02-15,20979,7219,351.0,-1553.0,89253,2645.0,13760,11876.0
NASDAQ-100 STOCK INDEX - CHICAGO MERCANTILE EXCHANGE,2011-02-22,3314,2300,817.0,1687.0,20267,1890.0,1014,-12746.0
NASDAQ-100 Consolidated - CHICAGO MERCANTILE EXCHANGE,2011-02-22,25722,9176,4743.0,1957.0,94932,5679.0,16546,15532.0
NASDAQ-100 STOCK INDEX - CHICAGO MERCANTILE EXCHANGE,2011-03-01,568,2792,-2746.0,492.0,19655,-612.0,-2224,-18770.0
NASDAQ-100 Consolidated - CHICAGO MERCANTILE EXCHANGE,2011-03-01,19461,9738,-6261.0,562.0,91733,-3199.0,9723,11947.0
NASDAQ-100 STOCK INDEX - CHICAGO MERCANTILE EXCHANGE,2011-03-08,785,4731,217.0,1939.0,20916,1261.0,-3946,-13669.0
NASDAQ-100 Consolidated - CHICAGO MERCANTILE EXCHANGE,2011-03-08,21788,10425,2327.0,687.0,93669,1936.0,11363,15309.0
NASDAQ-100 STOCK INDEX - CHICAGO MERCANTILE EXCHANGE,2011-03-15,835,9100,50.0,4369.0,26962,6046.0,-8265,-19628.0
NASDAQ-100 Consolidated - CHICAGO MERCANTILE EXCHANGE,2011-03-15,13530,11474,-8258.0,1049.0,112617,18947.0,2056,10321.0
NASDAQ-100 Consolidated - CHICAGO MERCANTILE EXCHANGE,2011-03-22,12647,10676,-883.0,-799.0,54965,-57652.0,1971,-85.0
NASDAQ-100 STOCK INDEX - CHICAGO MERCANTILE EXCHANGE,2011-03-29,3051,1124,2216.0,-7976.0,11195,-15767.0,1927,-44.0
NASDAQ-100 Consolidated - CHICAGO MERCANTILE EXCHANGE,2011-03-29,19335,9964,6687.0,-712.0,74143,19179.0,9371,7444.0
NASDAQ-100 STOCK INDEX - CHICAGO MERCANTILE EXCHANGE,2011-04-05,6977,611,3926.0,-513.0,17942,6747.0,6366,-3005.0
NASDAQ-100 Consolidated - CHICAGO MERCANTILE EXCHANGE,2011-04-05,25099,9541,5764.0,-423.0,90141,15998.0,15558,9192.0
NASDAQ-100 STOCK INDEX - CHICAGO MERCANTILE EXCHANGE,2011-04-12,5704,1143,-1273.0,532.0,17258,-684.0,4561,-10997.0
NASDAQ-100 Consolidated - CHICAGO MERCANTILE EXCHANGE,2011-04-12,21385,10051,-3714.0,510.0,84480,-5662.0,11334,6773.0
NASDAQ-100 STOCK INDEX - CHICAGO MERCANTILE EXCHANGE,2011-04-19,1732,1376,-3972.0,233.0,14375,-2883.0,356,-10978.0
NASDAQ-100 Consolidated - CHICAGO MERCANTILE EXCHANGE,2011-04-19,17352,9170,-4033.0,-881.0,77540,-6939.0,8182,7826.0
NASDAQ-100 STOCK INDEX - CHICAGO MERCANTILE EXCHANGE,2011-04-26,4103,1379,2371.0,3.0,18384,4009.0,2724,-5458.0
NASDAQ-100 Consolidated - CHICAGO MERCANTILE EXCHANGE,2011-04-26,25249,9828,7897.0,657.0,91470,13930.0,15421,12697.0
NASDAQ-100 STOCK INDEX - CHICAGO MERCANTILE EXCHANGE,2011-05-03,7976,1390,3873.0,11.0,24120,5736.0,6586,-8835.0
NASDAQ-100 Consolidated - CHICAGO MERCANTILE EXCHANGE,2011-05-03,32380,7708,7130.0,-2120.0,106635,15165.0,24672,18086.0
NASDAQ-100 STOCK INDEX - CHICAGO MERCANTILE EXCHANGE,2011-05-10,8051,997,75.0,-393.0,24455,335.0,7054,-17618.0
NASDAQ-100 Consolidated - CHICAGO MERCANTILE EXCHANGE,2011-05-10,29101,6552,-3279.0,-1156.0,104332,-2304.0,22549,15495.0
NASDAQ-100 STOCK INDEX - CHICAGO MERCANTILE EXCHANGE,2011-05-17,3567,978,-4484.0,-19.0,20513,-3942.0,2589,-19960.0
NASDAQ-100 Consolidated - CHICAGO MERCANTILE EXCHANGE,2011-05-17,22330,5324,-6771.0,-1228.0,93078,-11254.0,17006,14417.0
NASDAQ-100 STOCK INDEX - CHICAGO MERCANTILE EXCHANGE,2011-05-24,1567,1875,-2000.0,897.0,18634,-1879.0,-308,-17314.0
NASDAQ-100 Consolidated - CHICAGO MERCANTILE EXCHANGE,2011-05-24,18991,6423,-3340.0,1099.0,87582,-5496.0,12568,12876.0
NASDAQ-100 STOCK INDEX - CHICAGO MERCANTILE EXCHANGE,2011-05-31,932,1879,-635.0,4.0,18137,-497.0,-947,-13515.0
NASDAQ-100 Consolidated - CHICAGO MERCANTILE EXCHANGE,2011-05-31,18823,6005,-167.0,-418.0,88383,801.0,12818,13765.0
NASDAQ-100 STOCK INDEX - CHICAGO MERCANTILE EXCHANGE,2011-06-07,526,3004,-406.0,1125.0,17715,-422.0,-2478,-15296.0
NASDAQ-100 Consolidated - CHICAGO MERCANTILE EXCHANGE,2011-06-07,14906,7558,-3917.0,1553.0,85862,-2521.0,7348,9826.0
NASDAQ-100 STOCK INDEX - CHICAGO MERCANTILE EXCHANGE,2011-06-14,540,4870,14.0,1866.0,20320,2605.0,-4330,-11678.0
NASDAQ-100 Consolidated - CHICAGO MERCANTILE EXCHANGE,2011-06-14,10802,10035,-4104.0,2477.0,100551,14688.0,767,5097.0
NASDAQ-100 Consolidated - CHICAGO MERCANTILE EXCHANGE,2011-06-21,7606,11002,-3196.0,967.0,54132,-46419.0,-3396,-4163.0
NASDAQ-100 Consolidated - CHICAGO MERCANTILE EXCHANGE,2011-06-28,7030,9073,-576.0,-1928.0,53574,-558.0,-2043,1353.0
NASDAQ-100 Consolidated - CHICAGO MERCANTILE EXCHANGE,2011-07-05,13274,9510,6244.0,436.0,58531,4957.0,3764,5807.0
NASDAQ-100 STOCK INDEX - CHICAGO MERCANTILE EXCHANGE,2011-07-12,4192,973,,,16335,,3219,-545.0
NASDAQ-100 Consolidated - CHICAGO MERCANTILE EXCHANGE,2011-07-12,23298,5670,10024.0,-3840.0,87588,29058.0,17628,14409.0
NASDAQ-100 STOCK INDEX - CHICAGO MERCANTILE EXCHANGE,2011-07-19,4438,1957,246.0,984.0,18514,2179.0,2481,-15147.0
NASDAQ-100 Consolidated - CHICAGO MERCANTILE EXCHANGE,2011-07-19,23417,7279,119.0,1609.0,91279,3691.0,16138,13657.0
NASDAQ-100 STOCK INDEX - CHICAGO MERCANTILE EXCHANGE,2011-07-26,4193,2203,-245.0,246.0,17957,-557.0,1990,-14148.0
NASDAQ-100 Consolidated - CHICAGO MERCANTILE EXCHANGE,2011-07-26,22269,5621,-1148.0,-1657.0,90825,-455.0,16648,14658.0
NASDAQ-100 STOCK INDEX - CHICAGO MERCANTILE EXCHANGE,2011-08-02,3713,2327,-480.0,124.0,17983,26.0,1386,-15262.0
NASDAQ-100 Consolidated - CHICAGO MERCANTILE EXCHANGE,2011-08-02,19057,5868,-3213.0,247.0,88746,-2079.0,13189,11803.0
NASDAQ-100 STOCK INDEX - CHICAGO MERCANTILE EXCHANGE,2011-08-09,399,2546,-3314.0,219.0,15329,-2654.0,-2147,-15336.0
NASDAQ-100 Consolidated - CHICAGO MERCANTILE EXCHANGE,2011-08-09,13297,4745,-5760.0,-1123.0,81283,-7463.0,8552,10699.0
NASDAQ-100 STOCK INDEX - CHICAGO MERCANTILE EXCHANGE,2011-08-16,523,1277,124.0,-1269.0,22615,7286.0,-754,-9306.0
NASDAQ-100 Consolidated - CHICAGO MERCANTILE EXCHANGE,2011-08-16,5855,8310,-7442.0,3564.0,91215,9932.0,-2455,-1701.0
NASDAQ-100 STOCK INDEX - CHICAGO MERCANTILE EXCHANGE,2011-08-23,523,1525,0.0,248.0,24839,2224.0,-1002,1453.0
NASDAQ-100 Consolidated - CHICAGO MERCANTILE EXCHANGE,2011-08-23,6847,6970,992.0,-1340.0,96918,5704.0,-123,879.0
NASDAQ-100 STOCK INDEX - CHICAGO MERCANTILE EXCHANGE,2011-08-30,523,2609,0.0,1084.0,27050,2211.0,-2086,-1963.0
NASDAQ-100 Consolidated - CHICAGO MERCANTILE EXCHANGE,2011-08-30,5176,7946,-1672.0,976.0,101620,4702.0,-2770,-684.0
NASDAQ-100 STOCK INDEX - CHICAGO MERCANTILE EXCHANGE,2011-09-06,523,1591,0.0,-1018.0,27456,406.0,-1068,1702.0
NASDAQ-100 Consolidated - CHICAGO MERCANTILE EXCHANGE,2011-09-06,7544,6750,2369.0,-1196.0,106003,4383.0,794,1862.0
NASDAQ-100 STOCK INDEX - CHICAGO MERCANTILE EXCHANGE,2011-09-13,634,2818,111.0,1227.0,32789,5333.0,-2184,-2978.0
NASDAQ-100 Consolidated - CHICAGO MERCANTILE EXCHANGE,2011-09-13,7409,7605,-135.0,856.0,127549,21546.0,-196,1988.0
NASDAQ-100 Consolidated - CHICAGO MERCANTILE EXCHANGE,2011-09-20,10434,5388,3024.0,-2218.0,61986,-65563.0,5046,5242.0
NASDAQ-100 STOCK INDEX - CHICAGO MERCANTILE EXCHANGE,2011-09-27,2058,0,1424.0,-2818.0,13510,-19279.0,2058,-2988.0
NASDAQ-100 Consolidated - CHICAGO MERCANTILE EXCHANGE,2011-09-27,10649,5791,216.0,403.0,76827,14841.0,4858,2800.0
NASDAQ-100 STOCK INDEX - CHICAGO MERCANTILE EXCHANGE,2011-10-04,1367,0,-691.0,0.0,15366,1856.0,1367,-3491.0
NASDAQ-100 Consolidated - CHICAGO MERCANTILE EXCHANGE,2011-10-04,8892,7949,-1757.0,2158.0,79939,3112.0,943,-424.0
NASDAQ-100 STOCK INDEX - CHICAGO MERCANTILE EXCHANGE,2011-10-11,855,0,-512.0,0.0,15277,-89.0,855,-88.0
NASDAQ-100 Consolidated - CHICAGO MERCANTILE EXCHANGE,2011-10-11,8790,5324,-103.0,-2625.0,75078,-4861.0,3466,2611.0
NASDAQ-100 STOCK INDEX - CHICAGO MERCANTILE EXCHANGE,2011-10-18,1716,0,861.0,0.0,20077,4800.0,1716,-1750.0
NASDAQ-100 Consolidated - CHICAGO MERCANTILE EXCHANGE,2011-10-18,13366,4189,4576.0,-1135.0,84996,9918.0,9177,7461.0
NASDAQ-100 STOCK INDEX - CHICAGO MERCANTILE EXCHANGE,2011-10-25,2085,292,369.0,292.0,23028,2951.0,1793,-7384.0
NASDAQ-100 Consolidated - CHICAGO MERCANTILE EXCHANGE,2011-10-25,16560,4697,3194.0,508.0,90514,5518.0,11863,10070.0
NASDAQ-100 STOCK INDEX - CHICAGO MERCANTILE EXCHANGE,2011-11-01,2331,292,246.0,0.0,30410,7382.0,2039,-9824.0
NASDAQ-100 Consolidated - CHICAGO MERCANTILE EXCHANGE,2011-11-01,16355,3599,-205.0,-1098.0,98356,7842.0,12756,10717.0
NASDAQ-100 STOCK INDEX - CHICAGO MERCANTILE EXCHANGE,2011-11-08,2454,292,123.0,0.0,31311,901.0,2162,-10594.0
NASDAQ-100 Consolidated - CHICAGO MERCANTILE EXCHANGE,2011-11-08,15002,3971,-1353.0,372.0,100620,2264.0,11031,8869.0
NASDAQ-100 STOCK INDEX - CHICAGO MERCANTILE EXCHANGE,2011-11-15,2454,538,0.0,246.0,32671,1360.0,1916,-9115.0
NASDAQ-100 Consolidated - CHICAGO MERCANTILE EXCHANGE,2011-11-15,14905,3454,-97.0,-518.0,102002,1382.0,11451,9535.0
NASDAQ-100 STOCK INDEX - CHICAGO MERCANTILE EXCHANGE,2011-11-22,980,538,-1474.0,0.0,30644,-2027.0,442,-11009.0
NASDAQ-100 Consolidated - CHICAGO MERCANTILE EXCHANGE,2011-11-22,10511,7344,-4394.0,3891.0,94718,-7284.0,3167,2725.0
NASDAQ-100 STOCK INDEX - CHICAGO MERCANTILE EXCHANGE,2011-11-29,0,538,-980.0,0.0,29073,-1571.0,-538,-3705.0
NASDAQ-100 Consolidated - CHICAGO MERCANTILE EXCHANGE,2011-11-29,7592,5659,-2920.0,-1685.0,88202,-6516.0,1933,2471.0
NASDAQ-100 STOCK INDEX - CHICAGO MERCANTILE EXCHANGE,2011-12-06,981,538,981.0,0.0,29888,815.0,443,-1490.0
NASDAQ-100 Consolidated - CHICAGO MERCANTILE EXCHANGE,2011-12-06,9450,4711,1858.0,-948.0,94208,6007.0,4739,4296.0
NASDAQ-100 STOCK INDEX - CHICAGO MERCANTILE EXCHANGE,2011-12-13,2946,538,1965.0,0.0,31870,1982.0,2408,-2331.0
NASDAQ-100 Consolidated - CHICAGO MERCANTILE EXCHANGE,2011-12-13,12959,3932,3510.0,-779.0,114413,20204.0,9027,6619.0
NASDAQ-100 Consolidated - CHICAGO MERCANTILE EXCHANGE,2011-12-20,8987,4465,-3972.0,533.0,51165,-63248.0,4522,-4505.0
NASDAQ-100 Consolidated - CHICAGO MERCANTILE EXCHANGE,2011-12-27,7820,4862,-1168.0,397.0,51197,32.0,2958,-1564.0
NASDAQ-100 Consolidated - CHICAGO MERCANTILE EXCHANGE,2012-01-03,9563,4159,1743.0,-703.0,52931,1734.0,5404,2446.0
NASDAQ-100 STOCK INDEX - CHICAGO MERCANTILE EXCHANGE,2012-01-10,1201,365,,,9500,,836,-4568.0
NASDAQ-100 Consolidated - CHICAGO MERCANTILE EXCHANGE,2012-01-10,13404,3692,3842.0,-467.0,69158,16227.0,9712,8876.0
NASDAQ-100 STOCK INDEX - CHICAGO MERCANTILE EXCHANGE,2012-01-17,1915,365,714.0,0.0,11477,1977.0,1550,-8162.0
NASDAQ-100 Consolidated - CHICAGO MERCANTILE EXCHANGE,2012-01-17,15374,3863,1969.0,171.0,77129,7971.0,11511,9961.0
NASDAQ-100 STOCK INDEX - CHICAGO MERCANTILE EXCHANGE,2012-01-24,3760,856,1845.0,491.0,16016,4539.0,2904,-8607.0
NASDAQ-100 Consolidated - CHICAGO MERCANTILE EXCHANGE,2012-01-24,22708,3893,7335.0,30.0,91118,13989.0,18815,15911.0
NASDAQ-100 STOCK INDEX - CHICAGO MERCANTILE EXCHANGE,2012-01-31,789,979,-2971.0,123.0,15494,-522.0,-190,-19005.0
NASDAQ-100 Consolidated - CHICAGO MERCANTILE EXCHANGE,2012-01-31,25453,3938,2745.0,46.0,91933,815.0,21515,21705.0
NASDAQ-100 STOCK INDEX - CHICAGO MERCANTILE EXCHANGE,2012-02-07,290,979,-499.0,0.0,15731,237.0,-689,-22204.0
NASDAQ-100 Consolidated - CHICAGO MERCANTILE EXCHANGE,2012-02-07,27843,4485,2390.0,547.0,92812,879.0,23358,24047.0
NASDAQ-100 STOCK INDEX - CHICAGO MERCANTILE EXCHANGE,2012-02-14,762,1225,472.0,246.0,18495,2764.0,-463,-23821.0
NASDAQ-100 Consolidated - CHICAGO MERCANTILE EXCHANGE,2012-02-14,30836,5683,2994.0,1198.0,106024,13212.0,25153,25616.0
NASDAQ-100 STOCK INDEX - CHICAGO MERCANTILE EXCHANGE,2012-02-21,819,1225,57.0,0.0,18193,-302.0,-406,-25559.0
NASDAQ-100 Consolidated - CHICAGO MERCANTILE EXCHANGE,2012-02-21,28308,6180,-2528.0,497.0,110676,4652.0,22128,22534.0
NASDAQ-100 STOCK INDEX - CHICAGO MERCANTILE EXCHANGE,2012-02-28,1379,979,560.0,-246.0,18544,351.0,400,-21728.0
NASDAQ-100 Consolidated - CHICAGO MERCANTILE EXCHANGE,2012-02-28,30705,5582,2396.0,-598.0,114795,4119.0,25123,24723.0
NASDAQ-100 STOCK INDEX - CHICAGO MERCANTILE EXCHANGE,2012-03-06,1456,979,77.0,0.0,19618,1074.0,477,-24646.0
NASDAQ-100 Consolidated - CHICAGO MERCANTILE EXCHANGE,2012-03-06,31506,6949,801.0,1367.0,115730,935.0,24557,24080.0
NASDAQ-100 STOCK INDEX - CHICAGO MERCANTILE EXCHANGE,2012-03-13,1218,1348,-238.0,369.0,22693,3075.0,-130,-24687.0
NASDAQ-100 Consolidated - CHICAGO MERCANTILE EXCHANGE,2012-03-13,33952,6324,2446.0,-625.0,140207,24477.0,27628,27758.0
NASDAQ-100 Consolidated - CHICAGO MERCANTILE EXCHANGE,2012-03-20,26675,8599,-7277.0,2275.0,88340,-51867.0,18076,-9552.0
NASDAQ-100 Consolidated - CHICAGO MERCANTILE EXCHANGE,2012-03-27,25074,8638,-1601.0,39.0,87135,-1205.0,16436,-1640.0
NASDAQ-100 Consolidated - CHICAGO MERCANTILE EXCHANGE,2012-04-03,26629,8003,1555.0,-635.0,89424,2289.0,18626,2190.0
NASDAQ-100 STOCK INDEX - CHICAGO MERCANTILE EXCHANGE,2012-04-10,334,1011,,,12359,,-677,-19303.0
NASDAQ-100 Consolidated - CHICAGO MERCANTILE EXCHANGE,2012-04-10,29710,9843,3081.0,1840.0,102199,12776.0,19867,20544.0
NASDAQ-100 STOCK INDEX - CHICAGO MERCANTILE EXCHANGE,2012-04-17,672,486,338.0,-525.0,12989,630.0,186,-19681.0
NASDAQ-100 Consolidated - CHICAGO MERCANTILE EXCHANGE,2012-04-17,30161,6876,451.0,-2967.0,101027,-1172.0,23285,23099.0
NASDAQ-100 STOCK INDEX - CHICAGO MERCANTILE EXCHANGE,2012-04-24,817,489,145.0,3.0,15220,2231.0,328,-22957.0
NASDAQ-100 Consolidated - CHICAGO MERCANTILE EXCHANGE,2012-04-24,28231,6792,-1930.0,-84.0,98447,-2581.0,21439,21111.0
NASDAQ-100 STOCK INDEX - CHICAGO MERCANTILE EXCHANGE,2012-05-01,1474,957,657.0,468.0,16483,1263.0,517,-20922.0
NASDAQ-100 Consolidated - CHICAGO MERCANTILE EXCHANGE,2012-05-01,25592,6753,-2639.0,-39.0,98438,-8.0,18839,18322.0
NASDAQ-100 STOCK INDEX - CHICAGO MERCANTILE EXCHANGE,2012-05-08,966,1248,-508.0,291.0,20617,4134.0,-282,-19121.0
NASDAQ-100 Consolidated - CHICAGO MERCANTILE EXCHANGE,2012-05-08,18457,10405,-7135.0,3652.0,104211,5773.0,8052,8334.0
NASDAQ-100 STOCK INDEX - CHICAGO MERCANTILE EXCHANGE,2012-05-15,1711,1361,745.0,113.0,21260,643.0,350,-7702.0
NASDAQ-100 Consolidated - CHICAGO MERCANTILE EXCHANGE,2012-05-15,22490,8543,4033.0,-1862.0,102304,-1907.0,13947,13597.0
NASDAQ-100 STOCK INDEX - CHICAGO MERCANTILE EXCHANGE,2012-05-22,1135,2101,-576.0,740.0,22449,1189.0,-966,-14913.0
NASDAQ-100 Consolidated - CHICAGO MERCANTILE EXCHANGE,2012-05-22,17610,9143,-4880.0,599.0,101472,-832.0,8467,9433.0
NASDAQ-100 STOCK INDEX - CHICAGO MERCANTILE EXCHANGE,2012-05-29,1163,1856,28.0,-245.0,22798,349.0,-693,-9160.0
NASDAQ-100 Consolidated - CHICAGO MERCANTILE EXCHANGE,2012-05-29,14998,9638,-2612.0,495.0,98712,-2761.0,5360,6053.0
NASDAQ-100 STOCK INDEX - CHICAGO MERCANTILE EXCHANGE,2012-06-05,846,1856,-317.0,0.0,22740,-58.0,-1010,-6370.0
NASDAQ-100 Consolidated - CHICAGO MERCANTILE EXCHANGE,2012-06-05,15452,11714,454.0,2077.0,99322,611.0,3738,4748.0
NASDAQ-100 STOCK INDEX - CHICAGO MERCANTILE EXCHANGE,2012-06-12,1151,1856,305.0,0.0,22986,246.0,-705,-4443.0
NASDAQ-100 Consolidated - CHICAGO MERCANTILE EXCHANGE,2012-06-12,13849,10824,-1603.0,-890.0,115527,16205.0,3025,3730.0
NASDAQ-100 Consolidated - CHICAGO MERCANTILE EXCHANGE,2012-06-19,15579,4865,1730.0,-5959.0,65970,-49557.0,10714,7689.0
NASDAQ-100 Consolidated - CHICAGO MERCANTILE EXCHANGE,2012-06-26,17118,5394,1539.0,529.0,67857,1887.0,11724,1010.0
NASDAQ-100 Consolidated - CHICAGO MERCANTILE EXCHANGE,2012-07-03,17593,4842,475.0,-552.0,70759,2902.0,12751,1027.0
NASDAQ-100 Consolidated - CHICAGO MERCANTILE EXCHANGE,2012-07-10,14778,5345,-2815.0,503.0,69789,-970.0,9433,-3318.0
NASDAQ-100 Consolidated - CHICAGO MERCANTILE EXCHANGE,2012-07-17,12765,4318,-2013.0,-1027.0,67892,-1897.0,8447,-986.0
NASDAQ-100 STOCK INDEX - CHICAGO MERCANTILE EXCHANGE,2012-07-24,1295,1845,,,10488,,-550,-8997.0
NASDAQ-100 Consolidated - CHICAGO MERCANTILE EXCHANGE,2012-07-24,15322,4226,2558.0,-92.0,81009,13117.0,11096,11646.0
NASDAQ-100 Consolidated - CHICAGO MERCANTILE EXCHANGE,2012-07-31,20053,4383,4730.0,157.0,73700,-7309.0,15670,4574.0
NASDAQ-100 Consolidated - CHICAGO MERCANTILE EXCHANGE,2012-08-07,24996,4628,4943.0,245.0,78551,4850.0,20368,4698.0
NASDAQ-100 Consolidated - CHICAGO MERCANTILE EXCHANGE,2012-08-14,26731,5424,1735.0,796.0,81993,3442.0,21307,939.0
NASDAQ-100 STOCK INDEX - CHICAGO MERCANTILE EXCHANGE,2012-08-21,739,1231,,,13980,,-492,-21799.0
NASDAQ-100 Consolidated - CHICAGO MERCANTILE EXCHANGE,2012-08-21,30427,6064,3696.0,640.0,101917,19924.0,24363,24855.0
NASDAQ-100 STOCK INDEX - CHICAGO MERCANTILE EXCHANGE,2012-08-28,486,1231,-253.0,0.0,18498,4518.0,-745,-25108.0
NASDAQ-100 Consolidated - CHICAGO MERCANTILE EXCHANGE,2012-08-28,32843,5145,2416.0,-919.0,110549,8632.0,27698,28443.0
NASDAQ-100 STOCK INDEX - CHICAGO MERCANTILE EXCHANGE,2012-09-04,241,1231,-245.0,0.0,21635,3137.0,-990,-28688.0
NASDAQ-100 Consolidated - CHICAGO MERCANTILE EXCHANGE,2012-09-04,33890,5683,1047.0,538.0,113775,3226.0,28207,29197.0
NASDAQ-100 STOCK INDEX - CHICAGO MERCANTILE EXCHANGE,2012-09-11,241,1231,0.0,0.0,22747,1112.0,-990,-29197.0
NASDAQ-100 Consolidated - CHICAGO MERCANTILE EXCHANGE,2012-09-11,32274,4393,-1617.0,-1290.0,115726,1951.0,27881,28871.0
NASDAQ-100 STOCK INDEX - CHICAGO MERCANTILE EXCHANGE,2012-09-18,486,1661,245.0,430.0,27225,4478.0,-1175,-29056.0
NASDAQ-100 Consolidated - CHICAGO MERCANTILE EXCHANGE,2012-09-18,29756,4152,-2518.0,-241.0,146791,31065.0,25604,26779.0
NASDAQ-100 Consolidated - CHICAGO MERCANTILE EXCHANGE,2012-09-25,28512,3827,-1244.0,-324.0,82047,-64744.0,24685,-919.0
NASDAQ-100 Consolidated - CHICAGO MERCANTILE EXCHANGE,2012-10-02,26472,5517,-2040.0,1690.0,82519,471.0,20955,-3730.0
NASDAQ-100 Consolidated - CHICAGO MERCANTILE EXCHANGE,2012-10-09,24405,7864,-2067.0,2347.0,79758,-2760.0,16541,-4414.0
NASDAQ-100 Consolidated - CHICAGO MERCANTILE EXCHANGE,2012-10-16,21114,6713,-3291.0,-1151.0,77919,-1839.0,14401,-2140.0
NASDAQ-100 Consolidated - CHICAGO MERCANTILE EXCHANGE,2012-10-23,17347,7469,-3768.0,756.0,74182,-3737.0,9878,-4523.0
NASDAQ-100 Consolidated - CHICAGO MERCANTILE EXCHANGE,2012-10-30,16782,7171,-564.0,-298.0,74253,71.0,9611,-267.0
NASDAQ-100 Consolidated - CHICAGO MERCANTILE EXCHANGE,2012-11-06,14733,6925,-2049.0,-245.0,72194,-2059.0,7808,-1803.0
NASDAQ-100 Consolidated - CHICAGO MERCANTILE EXCHANGE,2012-11-13,12978,8398,-1756.0,1473.0,72434,240.0,4580,-3228.0
NASDAQ-100 STOCK INDEX - CHICAGO MERCANTILE EXCHANGE,2012-11-20,646,736,,,27942,,-90,-4670.0
NASDAQ-100 Consolidated - CHICAGO MERCANTILE EXCHANGE,2012-11-20,8747,10629,-4231.0,2231.0,108038,35604.0,-1882,-1792.0
NASDAQ-100 Consolidated - CHICAGO MERCANTILE EXCHANGE,2012-11-27,10773,11258,2026.0,629.0,79925,-28113.0,-485,1397.0
NASDAQ-100 STOCK INDEX - CHICAGO MERCANTILE EXCHANGE,2012-12-04,277,0,-369.0,-736.0,26258,-1684.0,277,762.0
NASDAQ-100 Consolidated - CHICAGO MERCANTILE EXCHANGE,2012-12-04,12665,8762,1892.0,-2495.0,103926,24000.0,3903,3626.0
NASDAQ-100 STOCK INDEX - CHICAGO MERCANTILE EXCHANGE,2012-12-11,891,0,614.0,0.0,22770,-3488.0,891,-3012.0
NASDAQ-100 Consolidated - CHICAGO MERCANTILE EXCHANGE,2012-12-11,16910,8270,4246.0,-493.0,103354,-572.0,8640,7749.0
NASDAQ-100 STOCK INDEX - CHICAGO MERCANTILE EXCHANGE,2012-12-18,1221,0,330.0,0.0,26916,4146.0,1221,-7419.0
NASDAQ-100 Consolidated - CHICAGO MERCANTILE EXCHANGE,2012-12-18,15849,7283,-1061.0,-986.0,120814,17460.0,8566,7345.0
NASDAQ-100 Consolidated - CHICAGO MERCANTILE EXCHANGE,2012-12-24,14343,6688,-1506.0,-596.0,58825,-61988.0,7655,-911.0
NASDAQ-100 Consolidated - CHICAGO MERCANTILE EXCHANGE,2012-12-31,13050,8180,-1293.0,1493.0,56261,-2565.0,4870,-2785.0
NASDAQ-100 Consolidated - CHICAGO MERCANTILE EXCHANGE,2013-01-08,16133,6810,3082.0,-1370.0,60127,3867.0,9323,4453.0
NASDAQ-100 Consolidated - CHICAGO MERCANTILE EXCHANGE,2013-01-15,15044,6821,-1089.0,10.0,61892,1765.0,8223,-1100.0
NASDAQ-100 Consolidated - CHICAGO MERCANTILE EXCHANGE,2013-01-22,16105,6475,1061.0,-346.0,63166,1274.0,9630,1407.0
NASDAQ-100 Consolidated - CHICAGO MERCANTILE EXCHANGE,2013-01-29,17596,6216,1492.0,-259.0,66046,2880.0,11380,1750.0
NASDAQ-100 Consolidated - CHICAGO MERCANTILE EXCHANGE,2013-02-05,18829,5882,1233.0,-334.0,67138,1093.0,12947,1567.0
NASDAQ-100 Consolidated - CHICAGO MERCANTILE EXCHANGE,2013-02-12,17203,5734,-1626.0,-147.0,66913,-225.0,11469,-1478.0
NASDAQ-100 Consolidated - CHICAGO MERCANTILE EXCHANGE,2013-02-19,19170,5483,1967.0,-251.0,69693,2780.0,13687,2218.0
NASDAQ-100 Consolidated - CHICAGO MERCANTILE EXCHANGE,2013-02-26,16348,7004,-2822.0,1520.0,66351,-3342.0,9344,-4343.0
NASDAQ-100 Consolidated - CHICAGO MERCANTILE EXCHANGE,2013-03-05,22177,6612,5829.0,-391.0,70816,4465.0,15565,6221.0
NASDAQ-100 Consolidated - CHICAGO MERCANTILE EXCHANGE,2013-03-12,24094,6611,1917.0,-2.0,91323,20508.0,17483,1918.0
NASDAQ-100 Consolidated - CHICAGO MERCANTILE EXCHANGE,2013-03-19,23708,4413,-386.0,-2198.0,68041,-23282.0,19295,1812.0
NASDAQ-100 Consolidated - CHICAGO MERCANTILE EXCHANGE,2013-03-26,23215,3973,-493.0,-440.0,69667,1626.0,19242,-53.0
NASDAQ-100 Consolidated - CHICAGO MERCANTILE EXCHANGE,2013-04-02,27494,4190,4279.0,217.0,75524,5857.0,23304,4062.0
NASDAQ-100 Consolidated - CHICAGO MERCANTILE EXCHANGE,2013-04-09,21124,3850,-6370.0,-340.0,70340,-5183.0,17274,-6030.0
NASDAQ-100 Consolidated - CHICAGO MERCANTILE EXCHANGE,2013-04-16,25009,3364,3885.0,-486.0,73712,3372.0,21645,4371.0
NASDAQ-100 Consolidated - CHICAGO MERCANTILE EXCHANGE,2013-04-23,21021,4643,-3988.0,1279.0,70732,-2980.0,16378,-5267.0
NASDAQ-100 Consolidated - CHICAGO MERCANTILE EXCHANGE,2013-04-30,29028,2928,8007.0,-1716.0,78125,7393.0,26100,9722.0
NASDAQ-100 Consolidated - CHICAGO MERCANTILE EXCHANGE,2013-05-07,30329,3872,1301.0,944.0,81815,3690.0,26457,357.0
NASDAQ-100 Consolidated - CHICAGO MERCANTILE EXCHANGE,2013-05-14,30020,3727,-309.0,-145.0,82695,880.0,26293,-164.0
NASDAQ-100 Consolidated - CHICAGO MERCANTILE EXCHANGE,2013-05-21,28468,2720,-1553.0,-1007.0,83665,970.0,25748,-545.0
NASDAQ-100 Consolidated - CHICAGO MERCANTILE EXCHANGE,2013-05-28,32016,2242,3549.0,-477.0,87214,3549.0,29774,4026.0
NASDAQ-100 Consolidated - CHICAGO MERCANTILE EXCHANGE,2013-06-04,29246,1804,-2770.0,-438.0,86007,-1207.0,27442,-2332.0
NASDAQ-100 Consolidated - CHICAGO MERCANTILE EXCHANGE,2013-06-11,21362,2049,-7885.0,245.0,77849,-8158.0,19313,-8129.0
NASDAQ-100 STOCK INDEX - CHICAGO MERCANTILE EXCHANGE,2013-06-18,869,1471,,,13627,,-602,-19915.0
NASDAQ-100 Consolidated - CHICAGO MERCANTILE EXCHANGE,2013-06-18,23633,3818,2271.0,1769.0,105066,27217.0,19815,20417.0
NASDAQ-100 Consolidated - CHICAGO MERCANTILE EXCHANGE,2013-06-25,16128,5479,-7505.0,1662.0,60029,-45038.0,10649,-9166.0
NASDAQ-100 Consolidated - CHICAGO MERCANTILE EXCHANGE,2013-07-02,16237,5409,109.0,-70.0,61504,1475.0,10828,179.0
NASDAQ-100 Consolidated - CHICAGO MERCANTILE EXCHANGE,2013-07-09,17921,4463,1684.0,-947.0,64004,2500.0,13458,2630.0
NASDAQ-100 Consolidated - CHICAGO MERCANTILE EXCHANGE,2013-07-16,22360,4566,4439.0,103.0,73333,9329.0,17794,4336.0
NASDAQ-100 Consolidated - CHICAGO MERCANTILE EXCHANGE,2013-07-23,27902,4323,5542.0,-243.0,79243,5910.0,23579,5785.0
NASDAQ-100 Consolidated - CHICAGO MERCANTILE EXCHANGE,2013-07-30,27853,3843,-49.0,-480.0,79783,540.0,24010,431.0
NASDAQ-100 Consolidated - CHICAGO MERCANTILE EXCHANGE,2013-08-06,28570,3651,717.0,-192.0,81170,1387.0,24919,909.0
NASDAQ-100 Consolidated - CHICAGO MERCANTILE EXCHANGE,2013-08-13,29188,3936,618.0,285.0,83801,2631.0,25252,333.0
NASDAQ-100 Consolidated - CHICAGO MERCANTILE EXCHANGE,2013-08-20,24996,4551,-4192.0,615.0,77539,-6262.0,20445,-4807.0
NASDAQ-100 STOCK INDEX - CHICAGO MERCANTILE EXCHANGE,2013-08-27,404,283,,,10200,,121,-20324.0
NASDAQ-100 Consolidated - CHICAGO MERCANTILE EXCHANGE,2013-08-27,23013,6498,-1983.0,1947.0,83843,6305.0,16515,16394.0
NASDAQ-100 STOCK INDEX - CHICAGO MERCANTILE EXCHANGE,2013-09-03,404,0,0.0,-283.0,10249,49.0,404,-16111.0
NASDAQ-100 Consolidated - CHICAGO MERCANTILE EXCHANGE,2013-09-03,23208,6139,195.0,-359.0,80375,-3468.0,17069,16665.0
NASDAQ-100 STOCK INDEX - CHICAGO MERCANTILE EXCHANGE,2013-09-10,404,0,0.0,0.0,11580,1331.0,404,-16665.0
NASDAQ-100 Consolidated - CHICAGO MERCANTILE EXCHANGE,2013-09-10,23439,4664,231.0,-1474.0,83562,3187.0,18775,18371.0
NASDAQ-100 STOCK INDEX - CHICAGO MERCANTILE EXCHANGE,2013-09-17,772,0,368.0,0.0,13757,2177.0,772,-18003.0
NASDAQ-100 Consolidated - CHICAGO MERCANTILE EXCHANGE,2013-09-17,27156,3723,3717.0,-941.0,106495,22933.0,23433,22661.0
NASDAQ-100 Consolidated - CHICAGO MERCANTILE EXCHANGE,2013-09-24,26281,2540,-875.0,-1183.0,78276,-28219.0,23741,308.0
NASDAQ-100 Consolidated - CHICAGO MERCANTILE EXCHANGE,2013-10-01,29387,2121,3107.0,-418.0,80374,2098.0,27266,3525.0
NASDAQ-100 Consolidated - CHICAGO MERCANTILE EXCHANGE,2013-10-08,24665,3784,-4722.0,1662.0,75626,-4748.0,20881,-6385.0
NASDAQ-100 Consolidated - CHICAGO MERCANTILE EXCHANGE,2013-10-15,23407,2537,-1258.0,-1247.0,73979,-1647.0,20870,-11.0
NASDAQ-100 Consolidated - CHICAGO MERCANTILE EXCHANGE,2013-10-22,24966,2760,1560.0,223.0,73457,-522.0,22206,1336.0
NASDAQ-100 Consolidated - CHICAGO MERCANTILE EXCHANGE,2013-10-29,28741,3198,3775.0,438.0,78938,5481.0,25543,3337.0
NASDAQ-100 Consolidated - CHICAGO MERCANTILE EXCHANGE,2013-11-05,30796,2937,2055.0,-261.0,84122,5184.0,27859,2316.0
NASDAQ-100 Consolidated - CHICAGO MERCANTILE EXCHANGE,2013-11-12,27868,3644,-2928.0,707.0,79457,-4665.0,24224,-3635.0
NASDAQ-100 Consolidated - CHICAGO MERCANTILE EXCHANGE,2013-11-19,25459,2704,-2408.0,-939.0,79507,50.0,22755,-1469.0
NASDAQ-100 Consolidated - CHICAGO MERCANTILE EXCHANGE,2013-11-26,28573,3413,3114.0,709.0,82209,2702.0,25160,2405.0
NASDAQ-100 Consolidated - CHICAGO MERCANTILE EXCHANGE,2013-12-03,30124,4075,1551.0,662.0,85816,3607.0,26049,889.0
NASDAQ-100 Consolidated - CHICAGO MERCANTILE EXCHANGE,2013-12-10,26702,3004,-3422.0,-1071.0,84692,-1124.0,23698,-2351.0
NASDAQ-100 Consolidated - CHICAGO MERCANTILE EXCHANGE,2013-12-17,28104,2809,1402.0,-195.0,103403,18710.0,25295,1597.0
NASDAQ-100 Consolidated - CHICAGO MERCANTILE EXCHANGE,2013-12-24,23032,3054,-5072.0,245.0,82705,-20698.0,19978,-5317.0
NASDAQ-100 Consolidated - CHICAGO MERCANTILE EXCHANGE,2013-12-31,22997,2937,-36.0,-117.0,83927,1223.0,20060,82.0
NASDAQ-100 Consolidated - CHICAGO MERCANTILE EXCHANGE,2014-01-07,24534,5769,1537.0,2832.0,86468,2541.0,18765,-1295.0
NASDAQ-100 Consolidated - CHICAGO MERCANTILE EXCHANGE,2014-01-14,25241,7396,708.0,1627.0,86236,-232.0,17845,-920.0
NASDAQ-100 Consolidated - CHICAGO MERCANTILE EXCHANGE,2014-01-21,23657,4664,-1585.0,-2732.0,84719,-1517.0,18993,1148.0
NASDAQ-100 Consolidated - CHICAGO MERCANTILE EXCHANGE,2014-01-28,24845,6061,1189.0,1396.0,85684,965.0,18784,-209.0
NASDAQ-100 STOCK INDEX - CHICAGO MERCANTILE EXCHANGE,2014-02-04,1127,200,,,16062,,927,-17857.0
NASDAQ-100 Consolidated - CHICAGO MERCANTILE EXCHANGE,2014-02-04,20753,4019,-4092.0,-2042.0,95510,9825.0,16734,15807.0
NASDAQ-100 Consolidated - CHICAGO MERCANTILE EXCHANGE,2014-02-11,19309,6540,-1445.0,2521.0,81194,-14315.0,12769,-3965.0
NASDAQ-100 Consolidated - CHICAGO MERCANTILE EXCHANGE,2014-02-18,24406,7059,5098.0,519.0,87275,6080.0,17347,4578.0
NASDAQ-100 Consolidated - CHICAGO MERCANTILE EXCHANGE,2014-02-25,28924,6125,4518.0,-934.0,92114,4839.0,22799,5452.0
NASDAQ-100 Consolidated - CHICAGO MERCANTILE EXCHANGE,2014-03-04,28501,5853,-423.0,-272.0,95015,2901.0,22648,-151.0
NASDAQ-100 Consolidated - CHICAGO MERCANTILE EXCHANGE,2014-03-11,24252,5895,-4249.0,42.0,93499,-1516.0,18357,-4291.0
NASDAQ-100 STOCK INDEX - CHICAGO MERCANTILE EXCHANGE,2014-03-18,1527,566,,,22982,,961,-17396.0
NASDAQ-100 Consolidated - CHICAGO MERCANTILE EXCHANGE,2014-03-18,26370,5675,2118.0,-220.0,132014,38515.0,20695,19734.0
NASDAQ-100 Consolidated - CHICAGO MERCANTILE EXCHANGE,2014-03-25,20652,6385,-5718.0,710.0,75742,-56272.0,14267,-6428.0
NASDAQ-100 Consolidated - CHICAGO MERCANTILE EXCHANGE,2014-04-01,21000,6187,349.0,-198.0,73334,-2408.0,14813,546.0
NASDAQ-100 Consolidated - CHICAGO MERCANTILE EXCHANGE,2014-04-08,16414,8107,-4586.0,1919.0,74360,1027.0,8307,-6506.0
NASDAQ-100 Consolidated - CHICAGO MERCANTILE EXCHANGE,2014-04-15,13763,6897,-2652.0,-1210.0,70106,-4255.0,6866,-1441.0
NASDAQ-100 Consolidated - CHICAGO MERCANTILE EXCHANGE,2014-04-22,12535,7489,-1227.0,592.0,65784,-4322.0,5046,-1820.0
NASDAQ-100 Consolidated - CHICAGO MERCANTILE EXCHANGE,2014-04-29,15112,7689,2576.0,200.0,69784,4000.0,7423,2377.0
NASDAQ-100 STOCK INDEX - CHICAGO MERCANTILE EXCHANGE,2014-05-06,920,610,,,18264,,310,-7113.0
NASDAQ-100 Consolidated - CHICAGO MERCANTILE EXCHANGE,2014-05-06,15954,7667,843.0,-22.0,87799,18015.0,8287,7977.0
NASDAQ-100 STOCK INDEX - CHICAGO MERCANTILE EXCHANGE,2014-05-13,1243,0,323.0,-610.0,20989,2725.0,1243,-7044.0
NASDAQ-100 Consolidated - CHICAGO MERCANTILE EXCHANGE,2014-05-13,17350,9703,1395.0,2037.0,93266,5467.0,7647,6404.0
NASDAQ-100 STOCK INDEX - CHICAGO MERCANTILE EXCHANGE,2014-05-20,1168,366,-75.0,366.0,22708,1719.0,802,-6845.0
NASDAQ-100 Consolidated - CHICAGO MERCANTILE EXCHANGE,2014-05-20,15324,9986,-2026.0,282.0,93497,231.0,5338,4536.0
NASDAQ-100 STOCK INDEX - CHICAGO MERCANTILE EXCHANGE,2014-05-27,1157,366,-11.0,0.0,17636,-5072.0,791,-4547.0
NASDAQ-100 Consolidated - CHICAGO MERCANTILE EXCHANGE,2014-05-27,19606,10196,4282.0,211.0,87667,-5830.0,9410,8619.0
NASDAQ-100 STOCK INDEX - CHICAGO MERCANTILE EXCHANGE,2014-06-03,683,366,-474.0,0.0,16544,-1092.0,317,-9093.0
NASDAQ-100 Consolidated - CHICAGO MERCANTILE EXCHANGE,2014-06-03,20287,10037,681.0,-160.0,90252,2584.0,10250,9933.0
NASDAQ-100 STOCK INDEX - CHICAGO MERCANTILE EXCHANGE,2014-06-10,981,366,298.0,0.0,16197,-347.0,615,-9635.0
NASDAQ-100 Consolidated - CHICAGO MERCANTILE EXCHANGE,2014-06-10,19180,7863,-1108.0,-2174.0,89152,-1100.0,11317,10702.0
NASDAQ-100 STOCK INDEX - CHICAGO MERCANTILE EXCHANGE,2014-06-17,1637,244,656.0,-122.0,13439,-2758.0,1393,-9924.0
NASDAQ-100 Consolidated - CHICAGO MERCANTILE EXCHANGE,2014-06-17,21187,6487,2007.0,-1376.0,109268,20116.0,14700,13307.0
NASDAQ-100 Consolidated - CHICAGO MERCANTILE EXCHANGE,2014-06-24,17270,6642,-3917.0,155.0,68535,-40733.0,10628,-4072.0
NASDAQ-100 Consolidated - CHICAGO MERCANTILE EXCHANGE,2014-07-01,19089,9200,1819.0,2558.0,71784,3249.0,9889,-739.0
NASDAQ-100 Consolidated - CHICAGO MERCANTILE EXCHANGE,2014-07-08,17821,8843,-1268.0,-357.0,72194,409.0,8978,-911.0
NASDAQ-100 Consolidated - CHICAGO MERCANTILE EXCHANGE,2014-07-15,18382,8003,561.0,-839.0,71645,-549.0,10379,1401.0
NASDAQ-100 Consolidated - CHICAGO MERCANTILE EXCHANGE,2014-07-22,19990,7266,1608.0,-737.0,72587,942.0,12724,2345.0
NASDAQ-100 Consolidated - CHICAGO MERCANTILE EXCHANGE,2014-07-29,20460,7541,470.0,275.0,74687,2100.0,12919,195.0
NASDAQ-100 Consolidated - CHICAGO MERCANTILE EXCHANGE,2014-08-05,20297,7597,-162.0,57.0,72218,-2469.0,12700,-219.0
NASDAQ-100 Consolidated - CHICAGO MERCANTILE EXCHANGE,2014-08-12,17670,7623,-2627.0,26.0,68866,-3352.0,10047,-2653.0
NASDAQ-100 Consolidated - CHICAGO MERCANTILE EXCHANGE,2014-08-19,17378,7821,-292.0,198.0,71774,2908.0,9557,-490.0
NASDAQ-100 Consolidated - CHICAGO MERCANTILE EXCHANGE,2014-08-26,19255,8684,1877.0,863.0,72077,303.0,10571,1014.0
NASDAQ-100 Consolidated - CHICAGO MERCANTILE EXCHANGE,2014-09-02,19958,9135,703.0,451.0,73483,1405.0,10823,252.0
NASDAQ-100 Consolidated - CHICAGO MERCANTILE EXCHANGE,2014-09-09,19746,8771,-213.0,-364.0,73158,-325.0,10975,152.0
NASDAQ-100 STOCK INDEX - CHICAGO MERCANTILE EXCHANGE,2014-09-16,2418,0,,,10450,,2418,-8557.0
NASDAQ-100 Consolidated - CHICAGO MERCANTILE EXCHANGE,2014-09-16,23711,10062,3965.0,1291.0,111953,38795.0,13649,11231.0
NASDAQ-100 Consolidated - CHICAGO MERCANTILE EXCHANGE,2014-09-23,21305,8597,-2406.0,-1465.0,75568,-36386.0,12708,-941.0
NASDAQ-100 Consolidated - CHICAGO MERCANTILE EXCHANGE,2014-09-30,22298,8382,993.0,-215.0,75621,54.0,13916,1208.0
NASDAQ-100 Consolidated - CHICAGO MERCANTILE EXCHANGE,2014-10-07,22457,8720,159.0,338.0,75014,-607.0,13737,-179.0
NASDAQ-100 Consolidated - CHICAGO MERCANTILE EXCHANGE,2014-10-14,21694,8844,-763.0,124.0,80222,5208.0,12850,-887.0
NASDAQ-100 Consolidated - CHICAGO MERCANTILE EXCHANGE,2014-10-21,15319,7354,-6376.0,-1490.0,64588,-15634.0,7965,-4885.0
NASDAQ-100 Consolidated - CHICAGO MERCANTILE EXCHANGE,2014-10-28,15486,5882,167.0,-1472.0,65573,986.0,9604,1639.0
NASDAQ-100 Consolidated - CHICAGO MERCANTILE EXCHANGE,2014-11-04,17260,7508,1774.0,1626.0,68057,2484.0,9752,148.0
NASDAQ-100 STOCK INDEX - CHICAGO MERCANTILE EXCHANGE,2014-11-11,1313,0,,,9683,,1313,-8439.0
NASDAQ-100 Consolidated - CHICAGO MERCANTILE EXCHANGE,2014-11-11,20723,5711,3463.0,-1797.0,79091,11034.0,15012,13699.0
NASDAQ-100 STOCK INDEX - CHICAGO MERCANTILE EXCHANGE,2014-11-18,1494,0,181.0,0.0,11474,1791.0,1494,-13518.0
NASDAQ-100 Consolidated - CHICAGO MERCANTILE EXCHANGE,2014-11-18,21504,6179,781.0,468.0,84518,5426.0,15325,13831.0
NASDAQ-100 STOCK INDEX - CHICAGO MERCANTILE EXCHANGE,2014-11-25,1108,400,-386.0,400.0,13093,1619.0,708,-14617.0
NASDAQ-100 Consolidated - CHICAGO MERCANTILE EXCHANGE,2014-11-25,20591,7249,-913.0,1070.0,86984,2466.0,13342,12634.0
NASDAQ-100 STOCK INDEX - CHICAGO MERCANTILE EXCHANGE,2014-12-02,2307,1166,1199.0,766.0,14856,1763.0,1141,-12201.0
NASDAQ-100 Consolidated - CHICAGO MERCANTILE EXCHANGE,2014-12-02,22170,7626,1580.0,377.0,91222,4238.0,14544,13403.0
NASDAQ-100 STOCK INDEX - CHICAGO MERCANTILE EXCHANGE,2014-12-09,1362,800,-945.0,-366.0,14716,-140.0,562,-13982.0
NASDAQ-100 Consolidated - CHICAGO MERCANTILE EXCHANGE,2014-12-09,21970,6925,-200.0,-701.0,91693,471.0,15045,14483.0
NASDAQ-100 STOCK INDEX - CHICAGO MERCANTILE EXCHANGE,2014-12-16,1045,1000,-317.0,200.0,19672,4956.0,45,-15000.0
NASDAQ-100 Consolidated - CHICAGO MERCANTILE EXCHANGE,2014-12-16,22199,9275,229.0,2350.0,109225,17532.0,12924,12879.0
NASDAQ-100 Consolidated - CHICAGO MERCANTILE EXCHANGE,2014-12-23,15689,7354,-6510.0,-1922.0,68041,-41184.0,8335,-4589.0
NASDAQ-100 Consolidated - CHICAGO MERCANTILE EXCHANGE,2014-12-30,16027,7738,338.0,384.0,66939,-1101.0,8289,-46.0
NASDAQ-100 Consolidated - CHICAGO MERCANTILE EXCHANGE,2015-01-06,17639,7964,1612.0,227.0,67205,265.0,9675,1386.0
NASDAQ-100 Consolidated - CHICAGO MERCANTILE EXCHANGE,2015-01-13,16324,8774,-1316.0,810.0,63382,-3822.0,7550,-2125.0
NASDAQ-100 Consolidated - CHICAGO MERCANTILE EXCHANGE,2015-01-20,14747,9041,-1577.0,267.0,61136,-2246.0,5706,-1844.0
NASDAQ-100 Consolidated - CHICAGO MERCANTILE EXCHANGE,2015-01-27,13378,9446,-1368.0,405.0,60303,-833.0,3932,-1774.0
NASDAQ-100 Consolidated - CHICAGO MERCANTILE EXCHANGE,2015-02-03,12106,8075,-1272.0,-1371.0,60337,34.0,4031,99.0
NASDAQ-100 Consolidated - CHICAGO MERCANTILE EXCHANGE,2015-02-10,14552,8523,2446.0,448.0,62923,2587.0,6029,1998.0
NASDAQ-100 STOCK INDEX - CHICAGO MERCANTILE EXCHANGE,2015-02-17,1539,0,,,17868,,1539,-4490.0
NASDAQ-100 Consolidated - CHICAGO MERCANTILE EXCHANGE,2015-02-17,19382,7829,4829.0,-694.0,83967,21044.0,11553,10014.0
NASDAQ-100 STOCK INDEX - CHICAGO MERCANTILE EXCHANGE,2015-02-24,1172,0,-367.0,0.0,17699,-169.0,1172,-10381.0
NASDAQ-100 Consolidated - CHICAGO MERCANTILE EXCHANGE,2015-02-24,20662,8602,1280.0,773.0,86451,2484.0,12060,10888.0
NASDAQ-100 STOCK INDEX - CHICAGO MERCANTILE EXCHANGE,2015-03-03,1175,0,3.0,0.0,17326,-373.0,1175,-10885.0
NASDAQ-100 Consolidated - CHICAGO MERCANTILE EXCHANGE,2015-03-03,22412,8935,1750.0,333.0,87354,903.0,13477,12302.0
NASDAQ-100 STOCK INDEX - CHICAGO MERCANTILE EXCHANGE,2015-03-10,1725,0,550.0,0.0,17894,568.0,1725,-11752.0
NASDAQ-100 Consolidated - CHICAGO MERCANTILE EXCHANGE,2015-03-10,23160,7555,748.0,-1380.0,87826,472.0,15605,13880.0
NASDAQ-100 STOCK INDEX - CHICAGO MERCANTILE EXCHANGE,2015-03-17,1205,0,-520.0,0.0,18053,159.0,1205,-14400.0
NASDAQ-100 Consolidated - CHICAGO MERCANTILE EXCHANGE,2015-03-17,18401,5698,-4759.0,-1857.0,98973,11147.0,12703,11498.0
NASDAQ-100 Consolidated - CHICAGO MERCANTILE EXCHANGE,2015-03-24,17172,5002,-1229.0,-695.0,66961,-32012.0,12170,-533.0
NASDAQ-100 Consolidated - CHICAGO MERCANTILE EXCHANGE,2015-03-31,14946,4485,-2226.0,-517.0,63967,-2993.0,10461,-1709.0
NASDAQ-100 Consolidated - CHICAGO MERCANTILE EXCHANGE,2015-04-07,15571,3715,625.0,-770.0,63958,-9.0,11856,1395.0
NASDAQ-100 Consolidated - CHICAGO MERCANTILE EXCHANGE,2015-04-14,17603,3986,2033.0,270.0,66124,2165.0,13617,1761.0
NASDAQ-100 Consolidated - CHICAGO MERCANTILE EXCHANGE,2015-04-21,18774,4743,1171.0,757.0,66710,586.0,14031,414.0
NASDAQ-100 Consolidated - CHICAGO MERCANTILE EXCHANGE,2015-04-28,24642,6966,5868.0,2223.0,73186,6476.0,17676,3645.0
NASDAQ-100 Consolidated - CHICAGO MERCANTILE EXCHANGE,2015-05-05,19014,5639,-5628.0,-1327.0,68376,-4810.0,13375,-4301.0
NASDAQ-100 Consolidated - CHICAGO MERCANTILE EXCHANGE,2015-05-12,15752,6499,-3262.0,860.0,61877,-6499.0,9253,-4122.0
NASDAQ-100 Consolidated - CHICAGO MERCANTILE EXCHANGE,2015-05-19,17014,5979,1262.0,-520.0,63769,1892.0,11035,1782.0
NASDAQ-100 Consolidated - CHICAGO MERCANTILE EXCHANGE,2015-05-26,16774,6928,-240.0,949.0,63314,-455.0,9846,-1189.0
NASDAQ-100 STOCK INDEX - CHICAGO MERCANTILE EXCHANGE,2015-06-02,779,923,,,9357,,-144,-9990.0
NASDAQ-100 Consolidated - CHICAGO MERCANTILE EXCHANGE,2015-06-02,19200,5681,2426.0,-1247.0,75510,12196.0,13519,13663.0
NASDAQ-100 STOCK INDEX - CHICAGO MERCANTILE EXCHANGE,2015-06-09,254,1621,-525.0,698.0,9046,-311.0,-1367,-14886.0
NASDAQ-100 Consolidated - CHICAGO MERCANTILE EXCHANGE,2015-06-09,16444,8272,-2756.0,2590.0,72917,-2592.0,8172,9539.0
NASDAQ-100 STOCK INDEX - CHICAGO MERCANTILE EXCHANGE,2015-06-16,254,2038,0.0,417.0,9522,476.0,-1784,-9956.0
NASDAQ-100 Consolidated - CHICAGO MERCANTILE EXCHANGE,2015-06-16,15887,7151,-558.0,-1120.0,87708,14791.0,8736,10520.0
NASDAQ-100 Consolidated - CHICAGO MERCANTILE EXCHANGE,2015-06-23,20195,5255,4308.0,-1897.0,69325,-18384.0,14940,6204.0
NASDAQ-100 Consolidated - CHICAGO MERCANTILE EXCHANGE,2015-06-30,14098,7910,-6097.0,2656.0,62195,-7130.0,6188,-8752.0
NASDAQ-100 Consolidated - CHICAGO MERCANTILE EXCHANGE,2015-07-07,12922,7139,-1176.0,-771.0,59219,-2976.0,5783,-405.0
NASDAQ-100 Consolidated - CHICAGO MERCANTILE EXCHANGE,2015-07-14,16438,5460,3515.0,-1679.0,60800,1581.0,10978,5195.0
NASDAQ-100 Consolidated - CHICAGO MERCANTILE EXCHANGE,2015-07-21,23598,6470,7160.0,1010.0,68975,8175.0,17128,6150.0
NASDAQ-100 Consolidated - CHICAGO MERCANTILE EXCHANGE,2015-07-28,24167,6134,570.0,-336.0,72305,3330.0,18033,905.0
NASDAQ-100 Consolidated - CHICAGO MERCANTILE EXCHANGE,2015-08-04,22066,6270,-2102.0,136.0,70634,-1670.0,15796,-2237.0
NASDAQ-100 Consolidated - CHICAGO MERCANTILE EXCHANGE,2015-08-11,18343,5983,-3723.0,-287.0,68902,-1732.0,12360,-3436.0
NASDAQ-100 Consolidated - CHICAGO MERCANTILE EXCHANGE,2015-08-18,20950,6174,2607.0,191.0,70143,1240.0,14776,2416.0
NASDAQ-100 Consolidated - CHICAGO MERCANTILE EXCHANGE,2015-08-25,12715,10429,-8235.0,4255.0,63216,-6927.0,2286,-12490.0
NASDAQ-100 Consolidated - CHICAGO MERCANTILE EXCHANGE,2015-09-01,9569,10790,-3146.0,362.0,59008,-4208.0,-1221,-3507.0
NASDAQ-100 Consolidated - CHICAGO MERCANTILE EXCHANGE,2015-09-08,9125,10282,-444.0,-509.0,59221,213.0,-1157,64.0
NASDAQ-100 Consolidated - CHICAGO MERCANTILE EXCHANGE,2015-09-15,10479,10603,1354.0,321.0,64703,5482.0,-124,1033.0
NASDAQ-100 Consolidated - CHICAGO MERCANTILE EXCHANGE,2015-09-22,13113,11306,2633.0,703.0,53300,-11403.0,1807,1931.0
NASDAQ-100 Consolidated - CHICAGO MERCANTILE EXCHANGE,2015-09-29,11103,10695,-2009.0,-611.0,52099,-1201.0,408,-1399.0
NASDAQ-100 Consolidated - CHICAGO MERCANTILE EXCHANGE,2015-10-06,11684,9777,581.0,-917.0,52137,38.0,1907,1499.0
NASDAQ-100 Consolidated - CHICAGO MERCANTILE EXCHANGE,2015-10-13,12252,9901,568.0,123.0,53639,1501.0,2351,444.0
NASDAQ-100 Consolidated - CHICAGO MERCANTILE EXCHANGE,2015-10-20,15197,9187,2945.0,-714.0,57673,4034.0,6010,3659.0
NASDAQ-100 Consolidated - CHICAGO MERCANTILE EXCHANGE,2015-10-27,18064,6701,2867.0,-2486.0,64871,7198.0,11363,5353.0
NASDAQ-100 Consolidated - CHICAGO MERCANTILE EXCHANGE,2015-11-03,19984,5956,1920.0,-744.0,68337,3467.0,14028,2665.0
NASDAQ-100 Consolidated - CHICAGO MERCANTILE EXCHANGE,2015-11-10,22793,6480,2809.0,524.0,72983,4645.0,16313,2285.0
NASDAQ-100 Consolidated - CHICAGO MERCANTILE EXCHANGE,2015-11-17,19525,5752,-3268.0,-728.0,69955,-3028.0,13773,-2540.0
NASDAQ-100 Consolidated - CHICAGO MERCANTILE EXCHANGE,2015-11-24,18197,7153,-1328.0,1401.0,67450,-2505.0,11044,-2729.0
NASDAQ-100 Consolidated - CHICAGO MERCANTILE EXCHANGE,2015-12-01,18966,7614,768.0,460.0,69314,1865.0,11352,308.0
NASDAQ-100 Consolidated - CHICAGO MERCANTILE EXCHANGE,2015-12-08,19111,8312,146.0,698.0,67445,-1870.0,10799,-553.0
NASDAQ-100 Consolidated - CHICAGO MERCANTILE EXCHANGE,2015-12-15,19540,7236,428.0,-1075.0,77044,9599.0,12304,1505.0
NASDAQ-100 Consolidated - CHICAGO MERCANTILE EXCHANGE,2015-12-22,16793,7215,-2747.0,-21.0,61599,-15445.0,9578,-2726.0
NASDAQ-100 Consolidated - CHICAGO MERCANTILE EXCHANGE,2015-12-29,19138,6954,2345.0,-261.0,63214,1615.0,12184,2606.0
NASDAQ-100 Consolidated - CHICAGO MERCANTILE EXCHANGE,2016-01-05,16822,9629,-2315.0,2676.0,60436,-2778.0,7193,-4991.0
NASDAQ-100 Consolidated - CHICAGO MERCANTILE EXCHANGE,2016-01-12,17207,10561,384.0,931.0,60148,-288.0,6646,-547.0
NASDAQ-100 Consolidated - CHICAGO MERCANTILE EXCHANGE,2016-01-19,14497,8681,-2710.0,-1880.0,55449,-4699.0,5816,-830.0
NASDAQ-100 Consolidated - CHICAGO MERCANTILE EXCHANGE,2016-01-26,14211,8152,-286.0,-529.0,53779,-1670.0,6059,243.0
NASDAQ-100 Consolidated - CHICAGO MERCANTILE EXCHANGE,2016-02-02,14327,9978,116.0,1826.0,54214,435.0,4349,-1710.0
NASDAQ-100 Consolidated - CHICAGO MERCANTILE EXCHANGE,2016-02-09,13290,11366,-1036.0,1387.0,57062,2848.0,1924,-2425.0
NASDAQ-100 Consolidated - CHICAGO MERCANTILE EXCHANGE,2016-02-16,11892,11966,-1398.0,600.0,53918,-3143.0,-74,-1998.0
NASDAQ-100 Consolidated - CHICAGO MERCANTILE EXCHANGE,2016-02-23,11632,11057,-260.0,-908.0,52133,-1785.0,575,649.0
NASDAQ-100 Consolidated - CHICAGO MERCANTILE EXCHANGE,2016-03-01,12650,9870,1018.0,-1187.0,51617,-516.0,2780,2205.0
NASDAQ-100 Consolidated - CHICAGO MERCANTILE EXCHANGE,2016-03-08,13088,11732,438.0,1862.0,52461,844.0,1356,-1424.0
NASDAQ-100 Consolidated - CHICAGO MERCANTILE EXCHANGE,2016-03-15,10298,11178,-2790.0,-553.0,55478,3017.0,-880,-2236.0
NASDAQ-100 Consolidated - CHICAGO MERCANTILE EXCHANGE,2016-03-22,11788,10196,1491.0,-982.0,42279,-13198.0,1592,2472.0
NASDAQ-100 Consolidated - CHICAGO MERCANTILE EXCHANGE,2016-03-29,14524,10298,2735.0,102.0,44012,1732.0,4226,2634.0
NASDAQ-100 Consolidated - CHICAGO MERCANTILE EXCHANGE,2016-04-05,14237,8379,-286.0,-1919.0,43356,-656.0,5858,1632.0
NASDAQ-100 Consolidated - CHICAGO MERCANTILE EXCHANGE,2016-04-12,15202,7579,965.0,-800.0,44895,1540.0,7623,1765.0
NASDAQ-100 Consolidated - CHICAGO MERCANTILE EXCHANGE,2016-04-19,17729,7631,2527.0,52.0,47078,2183.0,10098,2475.0
NASDAQ-100 Consolidated - CHICAGO MERCANTILE EXCHANGE,2016-04-26,15658,8295,-2071.0,664.0,45360,-1718.0,7363,-2735.0
NASDAQ-100 Consolidated - CHICAGO MERCANTILE EXCHANGE,2016-05-03,14503,12637,-1155.0,4342.0,48150,2790.0,1866,-5497.0
NASDAQ-100 Consolidated - CHICAGO MERCANTILE EXCHANGE,2016-05-10,11035,12899,-3468.0,262.0,46611,-1538.0,-1864,-3730.0
NASDAQ-100 Consolidated - CHICAGO MERCANTILE EXCHANGE,2016-05-17,9160,10680,-1875.0,-2219.0,44755,-1856.0,-1520,344.0
NASDAQ-100 Consolidated - CHICAGO MERCANTILE EXCHANGE,2016-05-24,14308,8267,5148.0,-2413.0,44271,-484.0,6041,7561.0
NASDAQ-100 Consolidated - CHICAGO MERCANTILE EXCHANGE,2016-05-31,19443,8450,5135.0,183.0,46379,2108.0,10993,4952.0
NASDAQ-100 Consolidated - CHICAGO MERCANTILE EXCHANGE,2016-06-07,19837,7293,394.0,-1157.0,48764,2386.0,12544,1551.0
NASDAQ-100 Consolidated - CHICAGO MERCANTILE EXCHANGE,2016-06-14,23825,7186,3988.0,-107.0,57521,8757.0,16639,4095.0
NASDAQ-100 Consolidated - CHICAGO MERCANTILE EXCHANGE,2016-06-21,21007,5689,-2817.0,-1497.0,43667,-13854.0,15318,-1321.0
NASDAQ-100 Consolidated - CHICAGO MERCANTILE EXCHANGE,2016-06-28,16351,6989,-4657.0,1300.0,41211,-2456.0,9362,-5956.0
NASDAQ-100 Consolidated - CHICAGO MERCANTILE EXCHANGE,2016-07-05,15821,6895,-530.0,-94.0,40019,-1192.0,8926,-436.0
NASDAQ-100 Consolidated - CHICAGO MERCANTILE EXCHANGE,2016-07-12,20714,6255,4893.0,-640.0,45807,5788.0,14459,5533.0
NASDAQ-100 Consolidated - CHICAGO MERCANTILE EXCHANGE,2016-07-19,24796,5537,4082.0,-718.0,50432,4625.0,19259,4800.0
NASDAQ-100 Consolidated - CHICAGO MERCANTILE EXCHANGE,2016-07-26,29332,5275,4536.0,-263.0,54783,4350.0,24057,4798.0
NASDAQ-100 Consolidated - CHICAGO MERCANTILE EXCHANGE,2016-08-02,32123,5787,2792.0,513.0,56902,2119.0,26336,2279.0
NASDAQ-100 Consolidated - CHICAGO MERCANTILE EXCHANGE,2016-08-09,32121,5792,-2.0,5.0,57841,938.0,26329,-7.0
NASDAQ-100 Consolidated - CHICAGO MERCANTILE EXCHANGE,2016-08-16,32694,7105,572.0,1312.0,59338,1497.0,25589,-740.0
NASDAQ-100 Consolidated - CHICAGO MERCANTILE EXCHANGE,2016-08-23,32440,6814,-254.0,-291.0,59466,128.0,25626,37.0
NASDAQ-100 Consolidated - CHICAGO MERCANTILE EXCHANGE,2016-08-30,36144,6736,3704.0,-78.0,61088,1622.0,29408,3782.0
NASDAQ-100 Consolidated - CHICAGO MERCANTILE EXCHANGE,2016-09-06,35883,7137,-261.0,401.0,61802,715.0,28746,-662.0
NASDAQ-100 Consolidated - CHICAGO MERCANTILE EXCHANGE,2016-09-13,26815,7582,-9068.0,445.0,64292,2490.0,19233,-9513.0
NASDAQ-100 Consolidated - CHICAGO MERCANTILE EXCHANGE,2016-09-20,29634,5891,2819.0,-1690.0,54968,-9324.0,23743,4510.0
NASDAQ-100 Consolidated - CHICAGO MERCANTILE EXCHANGE,2016-09-27,33393,6094,3759.0,203.0,59441,4473.0,27299,3556.0
NASDAQ-100 Consolidated - CHICAGO MERCANTILE EXCHANGE,2016-10-04,33176,5698,-217.0,-396.0,59174,-267.0,27478,179.0
NASDAQ-100 Consolidated - CHICAGO MERCANTILE EXCHANGE,2016-10-11,31725,5865,-1451.0,167.0,59494,320.0,25860,-1618.0
NASDAQ-100 Consolidated - CHICAGO MERCANTILE EXCHANGE,2016-10-18,36889,5465,5164.0,-400.0,60955,1461.0,31424,5564.0
NASDAQ-100 Consolidated - CHICAGO MERCANTILE EXCHANGE,2016-10-25,38321,5788,1432.0,323.0,63259,2304.0,32533,1109.0
NASDAQ-100 Consolidated - CHICAGO MERCANTILE EXCHANGE,2016-11-01,32281,5941,-6040.0,152.0,63297,39.0,26340,-6193.0
NASDAQ-100 Consolidated - CHICAGO MERCANTILE EXCHANGE,2016-11-08,25589,5269,-6692.0,-671.0,59822,-3475.0,20320,-6020.0
NASDAQ-100 Consolidated - CHICAGO MERCANTILE EXCHANGE,2016-11-15,21851,7569,-3738.0,2299.0,51101,-8721.0,14282,-6038.0
NASDAQ-100 Consolidated - CHICAGO MERCANTILE EXCHANGE,2016-11-22,23690,6837,1839.0,-732.0,50117,-984.0,16853,2571.0
NASDAQ-100 Consolidated - CHICAGO MERCANTILE EXCHANGE,2016-11-29,24991,7137,1302.0,300.0,51057,940.0,17854,1001.0
NASDAQ-100 Consolidated - CHICAGO MERCANTILE EXCHANGE,2016-12-06,20168,9623,-4823.0,2486.0,50837,-220.0,10545,-7309.0
NASDAQ-100 Consolidated - CHICAGO MERCANTILE EXCHANGE,2016-12-13,22787,7363,2618.0,-2260.0,59800,8963.0,15424,4879.0
NASDAQ-100 Consolidated - CHICAGO MERCANTILE EXCHANGE,2016-12-20,22870,7882,83.0,520.0,44391,-15409.0,14988,-436.0
NASDAQ-100 Consolidated - CHICAGO MERCANTILE EXCHANGE,2016-12-27,23167,6463,297.0,-1419.0,44880,489.0,16704,1716.0
NASDAQ-100 Consolidated - CHICAGO MERCANTILE EXCHANGE,2017-01-03,23770,9034,603.0,2571.0,45925,1044.0,14736,-1968.0
NASDAQ-100 Consolidated - CHICAGO MERCANTILE EXCHANGE,2017-01-10,23149,6807,-621.0,-2227.0,44423,-1501.0,16342,1606.0
NASDAQ-100 Consolidated - CHICAGO MERCANTILE EXCHANGE,2017-01-17,24522,6721,1373.0,-86.0,45075,652.0,17801,1459.0
NASDAQ-100 Consolidated - CHICAGO MERCANTILE EXCHANGE,2017-01-24,23447,5910,-1076.0,-811.0,44694,-380.0,17537,-264.0
NASDAQ-100 Consolidated - CHICAGO MERCANTILE EXCHANGE,2017-01-31,26101,6161,2654.0,251.0,47517,2822.0,19940,2403.0
NASDAQ-100 Consolidated - CHICAGO MERCANTILE EXCHANGE,2017-02-07,24543,6060,-1558.0,-102.0,46339,-1178.0,18483,-1457.0
NASDAQ-100 Consolidated - CHICAGO MERCANTILE EXCHANGE,2017-02-14,24046,6110,-497.0,50.0,45770,-569.0,17936,-547.0
NASDAQ-100 Consolidated - CHICAGO MERCANTILE EXCHANGE,2017-02-21,24753,8878,707.0,2768.0,46915,1145.0,15875,-2061.0
NASDAQ-100 Consolidated - CHICAGO MERCANTILE EXCHANGE,2017-02-28,25714,8957,961.0,79.0,47852,936.0,16757,882.0
NASDAQ-100 Consolidated - CHICAGO MERCANTILE EXCHANGE,2017-03-07,24101,9144,-1613.0,187.0,46856,-996.0,14957,-1800.0
NASDAQ-100 Consolidated - CHICAGO MERCANTILE EXCHANGE,2017-03-14,24038,9215,-63.0,72.0,60922,14066.0,14823,-134.0
NASDAQ-100 Consolidated - CHICAGO MERCANTILE EXCHANGE,2017-03-21,23834,8608,-204.0,-608.0,47727,-13194.0,15226,403.0
NASDAQ-100 Consolidated - CHICAGO MERCANTILE EXCHANGE,2017-03-28,25538,8479,1704.0,-128.0,47894,166.0,17059,1833.0
NASDAQ-100 Consolidated - CHICAGO MERCANTILE EXCHANGE,2017-04-04,26302,7495,763.0,-985.0,48427,534.0,18807,1748.0
NASDAQ-100 Consolidated - CHICAGO MERCANTILE EXCHANGE,2017-04-11,27066,7517,765.0,22.0,49774,1347.0,19549,742.0
NASDAQ-100 Consolidated - CHICAGO MERCANTILE EXCHANGE,2017-04-18,27944,6777,878.0,-740.0,51069,1295.0,21167,1618.0
NASDAQ-100 Consolidated - CHICAGO MERCANTILE EXCHANGE,2017-04-25,30653,7749,2709.0,972.0,54974,3905.0,22904,1737.0
NASDAQ-100 Consolidated - CHICAGO MERCANTILE EXCHANGE,2017-05-02,28980,7814,-1673.0,65.0,54595,-378.0,21166,-1738.0
NASDAQ-100 Consolidated - CHICAGO MERCANTILE EXCHANGE,2017-05-09,27162,8264,-1818.0,451.0,53864,-732.0,18898,-2268.0
NASDAQ-100 Consolidated - CHICAGO MERCANTILE EXCHANGE,2017-05-16,25254,9547,-1907.0,1282.0,53992,128.0,15707,-3191.0
NASDAQ-100 Consolidated - CHICAGO MERCANTILE EXCHANGE,2017-05-23,23754,8937,-1501.0,-610.0,54042,50.0,14817,-890.0
NASDAQ-100 Consolidated - CHICAGO MERCANTILE EXCHANGE,2017-05-30,25368,9306,1614.0,369.0,55100,1058.0,16062,1245.0
NASDAQ-100 Consolidated - CHICAGO MERCANTILE EXCHANGE,2017-06-06,29274,10776,3906.0,1470.0,63241,8141.0,18498,2436.0
NASDAQ-100 Consolidated - CHICAGO MERCANTILE EXCHANGE,2017-06-13,30168,9852,894.0,-924.0,89647,26406.0,20316,1818.0
NASDAQ-100 Consolidated - CHICAGO MERCANTILE EXCHANGE,2017-06-20,24919,10731,-5249.0,879.0,56941,-32706.0,14188,-6128.0
NASDAQ-100 Consolidated - CHICAGO MERCANTILE EXCHANGE,2017-06-27,22265,12025,-2654.0,1294.0,57176,235.0,10240,-3948.0
NASDAQ-100 Consolidated - CHICAGO MERCANTILE EXCHANGE,2017-07-03,20782,13067,-1483.0,1042.0,58428,1251.0,7715,-2525.0
NASDAQ-100 Consolidated - CHICAGO MERCANTILE EXCHANGE,2017-07-11,18253,12107,-2529.0,-960.0,55985,-2443.0,6146,-1569.0
NASDAQ-100 Consolidated - CHICAGO MERCANTILE EXCHANGE,2017-07-18,20604,12852,2351.0,745.0,56703,718.0,7752,1606.0
NASDAQ-100 Consolidated - CHICAGO MERCANTILE EXCHANGE,2017-07-25,22661,12006,2057.0,-846.0,58043,1340.0,10655,2903.0
NASDAQ-100 Consolidated - CHICAGO MERCANTILE EXCHANGE,2017-08-01,22743,11586,82.0,-420.0,58560,517.0,11157,502.0
NASDAQ-100 Consolidated - CHICAGO MERCANTILE EXCHANGE,2017-08-08,21220,12621,-1523.0,1035.0,59955,1395.0,8599,-2558.0
NASDAQ-100 Consolidated - CHICAGO MERCANTILE EXCHANGE,2017-08-15,21637,12205,417.0,-416.0,60505,550.0,9432,833.0
NASDAQ-100 Consolidated - CHICAGO MERCANTILE EXCHANGE,2017-08-22,20634,12821,-1003.0,617.0,58746,-1760.0,7813,-1619.0
NASDAQ-100 Consolidated - CHICAGO MERCANTILE EXCHANGE,2017-08-29,21234,12802,600.0,-20.0,58179,-567.0,8432,619.0
NASDAQ-100 Consolidated - CHICAGO MERCANTILE EXCHANGE,2017-09-05,21165,12338,-69.0,-463.0,56291,-1888.0,8827,395.0
NASDAQ-100 Consolidated - CHICAGO MERCANTILE EXCHANGE,2017-09-12,21870,12354,705.0,16.0,71552,15262.0,9516,689.0
NASDAQ-100 Consolidated - CHICAGO MERCANTILE EXCHANGE,2017-09-19,20561,12855,-1309.0,501.0,52922,-18630.0,7706,-1810.0
NASDAQ-100 Consolidated - CHICAGO MERCANTILE EXCHANGE,2017-09-26,19761,14107,-800.0,1251.0,53532,610.0,5654,-2052.0
NASDAQ-100 Consolidated - CHICAGO MERCANTILE EXCHANGE,2017-10-03,19815,13978,54.0,-129.0,53966,434.0,5837,183.0
NASDAQ-100 Consolidated - CHICAGO MERCANTILE EXCHANGE,2017-10-10,21759,15748,1944.0,1770.0,56427,2461.0,6011,174.0
NASDAQ-100 Consolidated - CHICAGO MERCANTILE EXCHANGE,2017-10-17,21540,15753,-219.0,5.0,55697,-730.0,5787,-224.0
NASDAQ-100 Consolidated - CHICAGO MERCANTILE EXCHANGE,2017-10-24,21716,14631,176.0,-1122.0,55890,192.0,7085,1298.0
NASDAQ-100 Consolidated - CHICAGO MERCANTILE EXCHANGE,2017-10-31,21268,12867,-448.0,-1764.0,54393,-1497.0,8401,1316.0
NASDAQ-100 Consolidated - CHICAGO MERCANTILE EXCHANGE,2017-11-07,18802,13053,-2467.0,187.0,55140,747.0,5749,-2652.0
NASDAQ-100 Consolidated - CHICAGO MERCANTILE EXCHANGE,2017-11-14,20431,14914,1630.0,1860.0,57261,2121.0,5517,-232.0
NASDAQ-100 Consolidated - CHICAGO MERCANTILE EXCHANGE,2017-11-21,18611,15474,-1820.0,561.0,58925,1664.0,3137,-2380.0
NASDAQ-100 Consolidated - CHICAGO MERCANTILE EXCHANGE,2017-11-28,18274,17152,-337.0,1678.0,58911,-14.0,1122,-2015.0
NASDAQ-100 Consolidated - CHICAGO MERCANTILE EXCHANGE,2017-12-05,20067,18846,1793.0,1694.0,60856,1946.0,1221,99.0
NASDAQ-100 Consolidated - CHICAGO MERCANTILE EXCHANGE,2017-12-12,18354,17020,-1713.0,-1826.0,72410,11554.0,1334,113.0
NASDAQ-100 Consolidated - CHICAGO MERCANTILE EXCHANGE,2017-12-19,17674,16866,-680.0,-155.0,55177,-17233.0,808,-526.0
NASDAQ-100 Consolidated - CHICAGO MERCANTILE EXCHANGE,2017-12-26,18126,17551,452.0,686.0,57539,2362.0,575,-233.0
NASDAQ-100 Consolidated - CHICAGO MERCANTILE EXCHANGE,2018-01-02,19674,16102,1548.0,-1449.0,55389,-2150.0,3572,2997.0
NASDAQ-100 Consolidated - CHICAGO MERCANTILE EXCHANGE,2018-01-09,18130,14890,-1544.0,-1212.0,51860,-3529.0,3240,-332.0
NASDAQ-100 Consolidated - CHICAGO MERCANTILE EXCHANGE,2018-01-16,19625,14544,1495.0,-346.0,54817,2957.0,5081,1841.0
NASDAQ-100 Consolidated - CHICAGO MERCANTILE EXCHANGE,2018-01-23,17580,14582,-2045.0,38.0,51194,-3624.0,2998,-2083.0
NASDAQ-100 Consolidated - CHICAGO MERCANTILE EXCHANGE,2018-01-30,18711,14236,1131.0,-346.0,51944,751.0,4475,1477.0
NASDAQ-100 Consolidated - CHICAGO MERCANTILE EXCHANGE,2018-02-06,16635,14136,-2076.0,-100.0,49143,-2802.0,2499,-1976.0
NASDAQ-100 Consolidated - CHICAGO MERCANTILE EXCHANGE,2018-02-13,13682,15765,-2953.0,1629.0,46006,-3137.0,-2083,-4582.0
NASDAQ-100 Consolidated - CHICAGO MERCANTILE EXCHANGE,2018-02-20,12598,14256,-1084.0,-1508.0,46459,453.0,-1658,425.0
NASDAQ-100 Consolidated - CHICAGO MERCANTILE EXCHANGE,2018-02-27,11818,11251,-780.0,-3005.0,46287,-172.0,567,2225.0
NASDAQ-100 Consolidated - CHICAGO MERCANTILE EXCHANGE,2018-03-06,12001,10816,183.0,-435.0,48410,2124.0,1185,618.0
NASDAQ-100 Consolidated - CHICAGO MERCANTILE EXCHANGE,2018-03-13,13918,10090,1917.0,-726.0,58820,10410.0,3828,2643.0
NASDAQ-100 Consolidated - CHICAGO MERCANTILE EXCHANGE,2018-03-20,14080,11648,163.0,1558.0,46328,-12492.0,2432,-1396.0
NASDAQ-100 Consolidated - CHICAGO MERCANTILE EXCHANGE,2018-03-27,14815,11301,735.0,-348.0,46896,569.0,3514,1082.0
NASDAQ-100 Consolidated - CHICAGO MERCANTILE EXCHANGE,2018-04-03,15224,18382,409.0,7081.0,50750,3853.0,-3158,-6672.0
NASDAQ-100 Consolidated - CHICAGO MERCANTILE EXCHANGE,2018-04-10,14573,15905,-651.0,-2477.0,48586,-2163.0,-1332,1826.0
NASDAQ-100 Consolidated - CHICAGO MERCANTILE EXCHANGE,2018-04-17,13047,14624,-1525.0,-1281.0,47647,-939.0,-1577,-245.0
NASDAQ-100 Consolidated - CHICAGO MERCANTILE EXCHANGE,2018-04-24,11401,16343,-1646.0,1719.0,48840,1193.0,-4942,-3365.0
NASDAQ-100 Consolidated - CHICAGO MERCANTILE EXCHANGE,2018-05-01,12969,15742,1567.0,-600.0,47850,-990.0,-2773,2169.0
NASDAQ-100 Consolidated - CHICAGO MERCANTILE EXCHANGE,2018-05-08,12394,13716,-575.0,-2026.0,47008,-841.0,-1322,1451.0
NASDAQ-100 Consolidated - CHICAGO MERCANTILE EXCHANGE,2018-05-15,14091,14099,1697.0,382.0,49660,2651.0,-8,1314.0
NASDAQ-100 Consolidated - CHICAGO MERCANTILE EXCHANGE,2018-05-22,12469,13211,-1622.0,-888.0,49018,-642.0,-742,-734.0
NASDAQ-100 Consolidated - CHICAGO MERCANTILE EXCHANGE,2018-05-29,13757,12483,1288.0,-728.0,50257,1239.0,1274,2016.0
NASDAQ-100 Consolidated - CHICAGO MERCANTILE EXCHANGE,2018-06-05,14344,12122,587.0,-362.0,51941,1684.0,2222,948.0
NASDAQ-100 Consolidated - CHICAGO MERCANTILE EXCHANGE,2018-06-12,13376,11694,-968.0,-428.0,58502,6560.0,1682,-540.0
NASDAQ-100 Consolidated - CHICAGO MERCANTILE EXCHANGE,2018-06-19,15264,10706,1888.0,-988.0,45194,-13307.0,4558,2876.0
NASDAQ-100 Consolidated - CHICAGO MERCANTILE EXCHANGE,2018-06-26,15739,13033,475.0,2327.0,47098,1904.0,2706,-1852.0
NASDAQ-100 Consolidated - CHICAGO MERCANTILE EXCHANGE,2018-07-03,18144,14914,2405.0,1881.0,48460,1362.0,3230,524.0
NASDAQ-100 Consolidated - CHICAGO MERCANTILE EXCHANGE,2018-07-10,19444,15123,1300.0,209.0,48659,199.0,4321,1091.0
NASDAQ-100 Consolidated - CHICAGO MERCANTILE EXCHANGE,2018-07-17,21065,13225,1621.0,-1898.0,49735,1076.0,7840,3519.0
NASDAQ-100 Consolidated - CHICAGO MERCANTILE EXCHANGE,2018-07-24,17823,11249,-3241.0,-1977.0,47891,-1844.0,6574,-1266.0
NASDAQ-100 Consolidated - CHICAGO MERCANTILE EXCHANGE,2018-07-31,18773,10129,950.0,-1120.0,47922,31.0,8644,2070.0
NASDAQ-100 Consolidated - CHICAGO MERCANTILE EXCHANGE,2018-08-07,18015,10680,-758.0,552.0,48994,1073.0,7335,-1309.0
NASDAQ-100 Consolidated - CHICAGO MERCANTILE EXCHANGE,2018-08-14,17106,9612,-909.0,-1068.0,47514,-1480.0,7494,159.0
NASDAQ-100 Consolidated - CHICAGO MERCANTILE EXCHANGE,2018-08-21,16360,10146,-746.0,533.0,47967,453.0,6214,-1280.0
NASDAQ-100 Consolidated - CHICAGO MERCANTILE EXCHANGE,2018-08-28,17985,10502,1625.0,356.0,49255,1287.0,7483,1269.0
NASDAQ-100 Consolidated - CHICAGO MERCANTILE EXCHANGE,2018-09-04,19532,10608,1546.0,106.0,53257,4002.0,8924,1441.0
NASDAQ-100 Consolidated - CHICAGO MERCANTILE EXCHANGE,2018-09-11,17477,10538,-2054.0,-70.0,52726,-530.0,6939,-1985.0
NASDAQ-100 Consolidated - CHICAGO MERCANTILE EXCHANGE,2018-09-18,16238,10372,-1239.0,-166.0,61679,8953.0,5866,-1073.0
NASDAQ-100 Consolidated - CHICAGO MERCANTILE EXCHANGE,2018-09-25,17370,10112,1132.0,-260.0,49420,-12259.0,7258,1392.0
NASDAQ-100 Consolidated - CHICAGO MERCANTILE EXCHANGE,2018-10-02,18573,11328,1203.0,1216.0,49441,21.0,7245,-13.0
NASDAQ-100 Consolidated - CHICAGO MERCANTILE EXCHANGE,2018-10-09,15235,12972,-3339.0,1644.0,49546,105.0,2263,-4982.0
NASDAQ-100 Consolidated - CHICAGO MERCANTILE EXCHANGE,2018-10-16,12291,12216,-2944.0,-756.0,50144,598.0,75,-2188.0
NASDAQ-100 Consolidated - CHICAGO MERCANTILE EXCHANGE,2018-10-23,14147,12291,1856.0,74.0,50872,728.0,1856,1781.0
NASDAQ-100 Consolidated - CHICAGO MERCANTILE EXCHANGE,2018-10-30,12214,10164,-1933.0,-2127.0,49653,-1219.0,2050,194.0
NASDAQ-100 Consolidated - CHICAGO MERCANTILE EXCHANGE,2018-11-06,10533,10651,-1681.0,487.0,48663,-990.0,-118,-2168.0
NASDAQ-100 Consolidated - CHICAGO MERCANTILE EXCHANGE,2018-11-13,8969,10049,-1564.0,-602.0,49733,1070.0,-1080,-962.0
NASDAQ-100 Consolidated - CHICAGO MERCANTILE EXCHANGE,2018-11-20,10050,9155,1081.0,-894.0,51279,1547.0,895,1975.0
NASDAQ-100 Consolidated - CHICAGO MERCANTILE EXCHANGE,2018-11-27,11324,8579,1275.0,-576.0,48146,-3133.0,2745,1850.0
NASDAQ-100 Consolidated - CHICAGO MERCANTILE EXCHANGE,2018-12-04,8119,10183,-3206.0,1604.0,48620,474.0,-2064,-4809.0
NASDAQ-100 Consolidated - CHICAGO MERCANTILE EXCHANGE,2018-12-11,9840,10449,1721.0,265.0,50696,2076.0,-609,1455.0
NASDAQ-100 Consolidated - CHICAGO MERCANTILE EXCHANGE,2018-12-18,10670,9972,830.0,-477.0,54430,3734.0,698,1307.0
NASDAQ-100 Consolidated - CHICAGO MERCANTILE EXCHANGE,2018-12-24,10453,8296,-217.0,-1675.0,41653,-12777.0,2157,1459.0
NASDAQ-100 Consolidated - CHICAGO MERCANTILE EXCHANGE,2018-12-31,7327,9085,-3126.0,789.0,40798,-855.0,-1758,-3915.0
NASDAQ-100 Consolidated - CHICAGO MERCANTILE EXCHANGE,2019-01-08,7391,8600,64.0,-485.0,41062,264.0,-1209,549.0
NASDAQ-100 Consolidated - CHICAGO MERCANTILE EXCHANGE,2019-01-15,7068,10010,-323.0,1410.0,41781,718.0,-2942,-1733.0
NASDAQ-100 Consolidated - CHICAGO MERCANTILE EXCHANGE,2019-01-22,7591,10431,523.0,421.0,41357,-424.0,-2840,102.0
NASDAQ-100 Consolidated - CHICAGO MERCANTILE EXCHANGE,2019-01-29,7526,11228,-65.0,797.0,43546,2190.0,-3702,-862.0
NASDAQ-100 Consolidated - CHICAGO MERCANTILE EXCHANGE,2019-02-05,7460,12163,-65.0,935.0,43092,-455.0,-4703,-1001.0
NASDAQ-100 Consolidated - CHICAGO MERCANTILE EXCHANGE,2019-02-12,7507,12866,47.0,703.0,43001,-90.0,-5359,-656.0
NASDAQ-100 Consolidated - CHICAGO MERCANTILE EXCHANGE,2019-02-19,8323,13468,816.0,602.0,44320,1319.0,-5145,214.0
NASDAQ-100 Consolidated - CHICAGO MERCANTILE EXCHANGE,2019-02-26,9585,13475,1261.0,7.0,44657,337.0,-3890,1255.0
NASDAQ-100 Consolidated - CHICAGO MERCANTILE EXCHANGE,2019-03-05,9348,13591,-237.0,116.0,46534,1877.0,-4243,-353.0
NASDAQ-100 Consolidated - CHICAGO MERCANTILE EXCHANGE,2019-03-12,11096,13826,1747.0,235.0,51567,5033.0,-2730,1513.0
NASDAQ-100 Consolidated - CHICAGO MERCANTILE EXCHANGE,2019-03-19,12547,12096,1452.0,-1730.0,39868,-11699.0,451,3181.0
NASDAQ-100 Consolidated - CHICAGO MERCANTILE EXCHANGE,2019-03-26,12222,10740,-325.0,-1357.0,38725,-1143.0,1482,1031.0
NASDAQ-100 Consolidated - CHICAGO MERCANTILE EXCHANGE,2019-04-02,12309,10881,87.0,142.0,39308,583.0,1428,-54.0
NASDAQ-100 Consolidated - CHICAGO MERCANTILE EXCHANGE,2019-04-09,12387,10908,78.0,27.0,40204,896.0,1479,51.0
NASDAQ-100 Consolidated - CHICAGO MERCANTILE EXCHANGE,2019-04-16,11794,13499,-593.0,2590.0,41813,1610.0,-1705,-3184.0
NASDAQ-100 Consolidated - CHICAGO MERCANTILE EXCHANGE,2019-04-23,12553,13761,759.0,263.0,43451,1637.0,-1208,497.0
NASDAQ-100 Consolidated - CHICAGO MERCANTILE EXCHANGE,2019-04-30,13027,13509,474.0,-252.0,43989,538.0,-482,726.0
NASDAQ-100 Consolidated - CHICAGO MERCANTILE EXCHANGE,2019-05-07,11277,13147,-1750.0,-362.0,41776,-2213.0,-1870,-1388.0
NASDAQ-100 Consolidated - CHICAGO MERCANTILE EXCHANGE,2019-05-14,11663,9366,385.0,-3780.0,43292,1516.0,2297,4167.0
NASDAQ-100 Consolidated - CHICAGO MERCANTILE EXCHANGE,2019-05-21,12782,10190,1120.0,824.0,43256,-36.0,2592,295.0
NASDAQ-100 Consolidated - CHICAGO MERCANTILE EXCHANGE,2019-05-28,13902,10358,1120.0,168.0,44743,1487.0,3544,952.0
NASDAQ-100 Consolidated - CHICAGO MERCANTILE EXCHANGE,2019-06-04,12281,11440,-1621.0,1081.0,44544,-199.0,841,-2703.0
NASDAQ-100 Consolidated - CHICAGO MERCANTILE EXCHANGE,2019-06-11,13822,11509,1540.0,70.0,43984,-560.0,2313,1472.0
NASDAQ-100 Consolidated - CHICAGO MERCANTILE EXCHANGE,2019-06-18,15005,10710,1183.0,-799.0,49541,5557.0,4295,1982.0
NASDAQ-100 Consolidated - CHICAGO MERCANTILE EXCHANGE,2019-06-25,15532,11018,527.0,308.0,43391,-6150.0,4514,219.0
NASDAQ-100 Consolidated - CHICAGO MERCANTILE EXCHANGE,2019-07-02,14070,9150,-1462.0,-1868.0,41814,-1577.0,4920,406.0
NASDAQ-100 Consolidated - CHICAGO MERCANTILE EXCHANGE,2019-07-09,12595,9009,-1476.0,-141.0,42165,351.0,3586,-1334.0
NASDAQ-100 Consolidated - CHICAGO MERCANTILE EXCHANGE,2019-07-16,14979,9883,2384.0,875.0,43219,1055.0,5096,1510.0
NASDAQ-100 Consolidated - CHICAGO MERCANTILE EXCHANGE,2019-07-23,14298,9631,-681.0,-252.0,44925,1706.0,4667,-429.0
NASDAQ-100 Consolidated - CHICAGO MERCANTILE EXCHANGE,2019-07-30,15094,10099,796.0,468.0,45643,718.0,4995,328.0
NASDAQ-100 Consolidated - CHICAGO MERCANTILE EXCHANGE,2019-08-06,16775,8967,1681.0,-1132.0,40983,-4660.0,7808,2813.0
NASDAQ-100 Consolidated - CHICAGO MERCANTILE EXCHANGE,2019-08-13,14830,9991,-1945.0,1024.0,38828,-2155.0,4839,-2969.0
NASDAQ-100 Consolidated - CHICAGO MERCANTILE EXCHANGE,2019-08-20,14486,9770,-345.0,-221.0,38354,-475.0,4716,-123.0
NASDAQ-100 Consolidated - CHICAGO MERCANTILE EXCHANGE,2019-08-27,14078,9501,-408.0,-269.0,40023,1669.0,4577,-139.0
NASDAQ-100 Consolidated - CHICAGO MERCANTILE EXCHANGE,2019-09-03,14282,9391,204.0,-110.0,40017,-6.0,4891,314.0
NASDAQ-100 Consolidated - CHICAGO MERCANTILE EXCHANGE,2019-09-10,14461,9082,179.0,-309.0,40842,825.0,5379,488.0
NASDAQ-100 Consolidated - CHICAGO MERCANTILE EXCHANGE,2019-09-17,16298,9340,1837.0,258.0,49948,9106.0,6958,1579.0
NASDAQ-100 Consolidated - CHICAGO MERCANTILE EXCHANGE,2019-09-24,13948,11192,-2350.0,1852.0,40586,-9362.0,2756,-4202.0
NASDAQ-100 Consolidated - CHICAGO MERCANTILE EXCHANGE,2019-10-01,15010,9656,1062.0,-1536.0,41303,717.0,5354,2598.0
NASDAQ-100 Consolidated - CHICAGO MERCANTILE EXCHANGE,2019-10-08,13335,9724,-1675.0,68.0,40562,-741.0,3611,-1743.0
NASDAQ-100 Consolidated - CHICAGO MERCANTILE EXCHANGE,2019-10-15,16782,10302,3447.0,578.0,42866,2304.0,6480,2869.0
NASDAQ-100 Consolidated - CHICAGO MERCANTILE EXCHANGE,2019-10-22,16784,10566,1.0,264.0,43791,925.0,6218,-262.0
NASDAQ-100 Consolidated - CHICAGO MERCANTILE EXCHANGE,2019-10-29,19153,11067,2369.0,501.0,45936,2145.0,8086,1868.0
NASDAQ-100 Consolidated - CHICAGO MERCANTILE EXCHANGE,2019-11-05,18462,10229,-691.0,-839.0,45370,-565.0,8233,147.0
NASDAQ-100 Consolidated - CHICAGO MERCANTILE EXCHANGE,2019-11-12,18729,10754,267.0,525.0,46371,1000.0,7975,-258.0
NASDAQ-100 Consolidated - CHICAGO MERCANTILE EXCHANGE,2019-11-19,18032,11117,-697.0,363.0,46589,218.0,6915,-1060.0
NASDAQ-100 Consolidated - CHICAGO MERCANTILE EXCHANGE,2019-11-26,18029,11378,-4.0,261.0,44884,-1705.0,6651,-264.0
NASDAQ-100 Consolidated - CHICAGO MERCANTILE EXCHANGE,2019-12-03,14095,9674,-3934.0,-1704.0,42146,-2738.0,4421,-2230.0
NASDAQ-100 Consolidated - CHICAGO MERCANTILE EXCHANGE,2019-12-10,13101,10661,-994.0,987.0,42601,455.0,2440,-1981.0
NASDAQ-100 Consolidated - CHICAGO MERCANTILE EXCHANGE,2019-12-17,13105,11526,5.0,865.0,55265,12664.0,1579,-861.0
NASDAQ-100 Consolidated - CHICAGO MERCANTILE EXCHANGE,2019-12-24,12661,9965,-444.0,-1561.0,42219,-13046.0,2696,1117.0
NASDAQ-100 Consolidated - CHICAGO MERCANTILE EXCHANGE,2019-12-31,14302,9175,1641.0,-790.0,43347,1128.0,5127,2431.0
NASDAQ-100 Consolidated - CHICAGO MERCANTILE EXCHANGE,2020-01-07,12833,9498,-1469.0,324.0,42058,-1289.0,3335,-1792.0
NASDAQ-100 Consolidated - CHICAGO MERCANTILE EXCHANGE,2020-01-14,13821,10476,988.0,978.0,43174,1116.0,3345,10.0
NASDAQ-100 Consolidated - CHICAGO MERCANTILE EXCHANGE,2020-01-21,13847,12048,26.0,1572.0,43385,211.0,1799,-1546.0
NASDAQ-100 Consolidated - CHICAGO MERCANTILE EXCHANGE,2020-01-28,14353,9477,506.0,-2572.0,41234,-2151.0,4876,3077.0
NASDAQ-100 Consolidated - CHICAGO MERCANTILE EXCHANGE,2020-02-04,14109,9851,-244.0,374.0,40957,-276.0,4258,-618.0
NASDAQ-100 Consolidated - CHICAGO MERCANTILE EXCHANGE,2020-02-11,14808,13062,700.0,3212.0,41566,609.0,1746,-2512.0
NASDAQ-100 Consolidated - CHICAGO MERCANTILE EXCHANGE,2020-02-18,15694,12013,885.0,-1049.0,41664,98.0,3681,1935.0
NASDAQ-100 Consolidated - CHICAGO MERCANTILE EXCHANGE,2020-02-25,16592,8676,898.0,-3337.0,42933,1269.0,7916,4235.0
NASDAQ-100 Consolidated - CHICAGO MERCANTILE EXCHANGE,2020-03-03,15557,9115,-1035.0,439.0,43369,436.0,6442,-1474.0
NASDAQ-100 Consolidated - CHICAGO MERCANTILE EXCHANGE,2020-03-10,14999,11465,-559.0,2350.0,44032,663.0,3534,-2908.0
NASDAQ-100 Consolidated - CHICAGO MERCANTILE EXCHANGE,2020-03-17,13368,8885,-1631.0,-2580.0,59254,15223.0,4483,949.0
NASDAQ-100 Consolidated - CHICAGO MERCANTILE EXCHANGE,2020-03-24,13345,7862,-23.0,-1023.0,39971,-19283.0,5483,1000.0
NASDAQ-100 Consolidated - CHICAGO MERCANTILE EXCHANGE,2020-03-31,12725,8445,-620.0,583.0,37304,-2667.0,4280,-1203.0
NASDAQ-100 Consolidated - CHICAGO MERCANTILE EXCHANGE,2020-04-07,11959,9156,-766.0,711.0,36673,-630.0,2803,-1477.0
NASDAQ-100 Consolidated - CHICAGO MERCANTILE EXCHANGE,2020-04-14,10902,10853,-1056.0,1697.0,35587,-1086.0,49,-2754.0
NASDAQ-100 Consolidated - CHICAGO MERCANTILE EXCHANGE,2020-04-21,11843,10098,941.0,-754.0,35851,263.0,1745,1696.0
NASDAQ-100 Consolidated - CHICAGO MERCANTILE EXCHANGE,2020-04-28,11878,9678,35.0,-420.0,36350,499.0,2200,455.0
NASDAQ-100 Consolidated - CHICAGO MERCANTILE EXCHANGE,2020-05-05,11545,8975,-334.0,-703.0,36901,551.0,2570,370.0
NASDAQ-100 Consolidated - CHICAGO MERCANTILE EXCHANGE,2020-05-12,12831,11141,1286.0,2166.0,39313,2412.0,1690,-880.0
NASDAQ-100 Consolidated - CHICAGO MERCANTILE EXCHANGE,2020-05-19,11930,12921,-900.0,1780.0,39633,320.0,-991,-2681.0
NASDAQ-100 Consolidated - CHICAGO MERCANTILE EXCHANGE,2020-05-26,13748,13060,1817.0,139.0,42000,2367.0,688,1679.0
NASDAQ-100 Consolidated - CHICAGO MERCANTILE EXCHANGE,2020-06-02,13707,11187,-41.0,-1872.0,41947,-54.0,2520,1832.0
NASDAQ-100 Consolidated - CHICAGO MERCANTILE EXCHANGE,2020-06-09,13478,11447,-228.0,260.0,43255,1308.0,2031,-489.0
NASDAQ-100 Consolidated - CHICAGO MERCANTILE EXCHANGE,2020-06-16,14653,9616,1175.0,-1831.0,45730,2475.0,5037,3006.0
NASDAQ-100 Consolidated - CHICAGO MERCANTILE EXCHANGE,2020-06-23,14882,7088,228.0,-2528.0,36512,-9218.0,7794,2757.0
NASDAQ-100 Consolidated - CHICAGO MERCANTILE EXCHANGE,2020-06-30,15656,6892,774.0,-196.0,38816,2304.0,8764,970.0
NASDAQ-100 Consolidated - CHICAGO MERCANTILE EXCHANGE,2020-07-07,16359,7419,704.0,527.0,42507,3691.0,8940,176.0
NASDAQ-100 Consolidated - CHICAGO MERCANTILE EXCHANGE,2020-07-14,15903,8780,-457.0,1361.0,44657,2150.0,7123,-1817.0
NASDAQ-100 Consolidated - CHICAGO MERCANTILE EXCHANGE,2020-07-21,13047,9905,-2856.0,1125.0,44441,-216.0,3142,-3981.0
NASDAQ-100 Consolidated - CHICAGO MERCANTILE EXCHANGE,2020-07-28,14488,9667,1441.0,-238.0,44183,-258.0,4821,1679.0
NASDAQ-100 Consolidated - CHICAGO MERCANTILE EXCHANGE,2020-08-04,14719,11067,231.0,1401.0,45713,1530.0,3652,-1169.0
NASDAQ-100 Consolidated - CHICAGO MERCANTILE EXCHANGE,2020-08-11,13788,11288,-931.0,221.0,47013,1299.0,2500,-1152.0
NASDAQ-100 Consolidated - CHICAGO MERCANTILE EXCHANGE,2020-08-18,15576,11335,1788.0,47.0,45989,-1024.0,4241,1741.0
NASDAQ-100 Consolidated - CHICAGO MERCANTILE EXCHANGE,2020-08-25,15625,11681,49.0,346.0,46997,1008.0,3944,-297.0
NASDAQ-100 Consolidated - CHICAGO MERCANTILE EXCHANGE,2020-09-01,15861,14135,236.0,2454.0,49030,2033.0,1726,-2218.0
NASDAQ-100 Consolidated - CHICAGO MERCANTILE EXCHANGE,2020-09-08,14256,17950,-1605.0,3815.0,50161,1131.0,-3694,-5420.0
NASDAQ-100 Consolidated - CHICAGO MERCANTILE EXCHANGE,2020-09-15,15438,31612,1182.0,13662.0,69673,19512.0,-16174,-12480.0
NASDAQ-100 Consolidated - CHICAGO MERCANTILE EXCHANGE,2020-09-22,16676,43538,1238.0,11926.0,66403,-3269.0,-26862,-10688.0
NASDAQ-100 Consolidated - CHICAGO MERCANTILE EXCHANGE,2020-09-29,14857,30795,-1819.0,-12743.0,55119,-11284.0,-15938,10924.0
NASDAQ-100 Consolidated - CHICAGO MERCANTILE EXCHANGE,2020-10-06,14529,29531,-328.0,-1264.0,55500,381.0,-15002,936.0
NASDAQ-100 Consolidated - CHICAGO MERCANTILE EXCHANGE,2020-10-13,14733,11160,205.0,-18372.0,45242,-10258.0,3573,18575.0
NASDAQ-100 Consolidated - CHICAGO MERCANTILE EXCHANGE,2020-10-20,13223,12010,-1511.0,850.0,43978,-1264.0,1213,-2360.0
NASDAQ-100 Consolidated - CHICAGO MERCANTILE EXCHANGE,2020-10-27,13167,13265,-56.0,1255.0,45535,1557.0,-98,-1311.0
NASDAQ-100 Consolidated - CHICAGO MERCANTILE EXCHANGE,2020-11-03,13165,13103,-2.0,-162.0,44591,-944.0,62,160.0
NASDAQ-100 Consolidated - CHICAGO MERCANTILE EXCHANGE,2020-11-10,13685,16741,520.0,3638.0,47620,3029.0,-3056,-3118.0
NASDAQ-100 Consolidated - CHICAGO MERCANTILE EXCHANGE,2020-11-17,12507,15803,-1178.0,-939.0,47695,75.0,-3296,-240.0
NASDAQ-100 Consolidated - CHICAGO MERCANTILE EXCHANGE,2020-11-24,13235,17795,728.0,1992.0,49452,1757.0,-4560,-1264.0
NASDAQ-100 Consolidated - CHICAGO MERCANTILE EXCHANGE,2020-12-01,13349,17874,114.0,79.0,49193,-259.0,-4525,35.0
NASDAQ-100 Consolidated - CHICAGO MERCANTILE EXCHANGE,2020-12-08,14001,12187,652.0,-5686.0,48901,-292.0,1814,6339.0
NASDAQ-100 Consolidated - CHICAGO MERCANTILE EXCHANGE,2020-12-15,15015,12608,1014.0,421.0,55366,6464.0,2407,593.0
NASDAQ-100 Consolidated - CHICAGO MERCANTILE EXCHANGE,2020-12-21,14062,7823,-953.0,-4785.0,42541,-12824.0,6239,3832.0
NASDAQ-100 Consolidated - CHICAGO MERCANTILE EXCHANGE,2020-12-29,14140,10181,78.0,2358.0,43377,836.0,3959,-2280.0
NASDAQ-100 Consolidated - CHICAGO MERCANTILE EXCHANGE,2021-01-05,14466,9309,325.0,-872.0,44180,802.0,5157,1198.0
NASDAQ-100 Consolidated - CHICAGO MERCANTILE EXCHANGE,2021-01-12,15673,11590,1207.0,2281.0,46458,2278.0,4083,-1074.0
NASDAQ-100 Consolidated - CHICAGO MERCANTILE EXCHANGE,2021-01-19,17135,10813,1463.0,-777.0,47010,552.0,6322,2239.0
NASDAQ-100 Consolidated - CHICAGO MERCANTILE EXCHANGE,2021-01-26,17583,9651,448.0,-1162.0,46412,-598.0,7932,1610.0
NASDAQ-100 Consolidated - CHICAGO MERCANTILE EXCHANGE,2021-02-02,17434,11621,-149.0,1970.0,46946,535.0,5813,-2119.0
NASDAQ-100 Consolidated - CHICAGO MERCANTILE EXCHANGE,2021-02-09,16606,11473,-829.0,-147.0,46874,-72.0,5133,-680.0
NASDAQ-100 Consolidated - CHICAGO MERCANTILE EXCHANGE,2021-02-16,15044,10823,-1562.0,-651.0,47071,196.0,4221,-912.0
NASDAQ-100 Consolidated - CHICAGO MERCANTILE EXCHANGE,2021-02-23,13507,14585,-1537.0,3762.0,48014,943.0,-1078,-5299.0
NASDAQ-100 Consolidated - CHICAGO MERCANTILE EXCHANGE,2021-03-02,11323,16021,-2184.0,1437.0,48803,789.0,-4698,-3620.0
NASDAQ-100 Consolidated - CHICAGO MERCANTILE EXCHANGE,2021-03-09,12491,14990,1169.0,-1031.0,50706,1902.0,-2499,2199.0
NASDAQ-100 Consolidated - CHICAGO MERCANTILE EXCHANGE,2021-03-16,11413,13879,-1078.0,-1111.0,51477,771.0,-2466,33.0
NASDAQ-100 Consolidated - CHICAGO MERCANTILE EXCHANGE,2021-03-23,9946,12478,-1467.0,-1401.0,44355,-7122.0,-2532,-66.0
NASDAQ-100 Consolidated - CHICAGO MERCANTILE EXCHANGE,2021-03-30,9619,13192,-327.0,714.0,44446,91.0,-3573,-1041.0
NASDAQ-100 Consolidated - CHICAGO MERCANTILE EXCHANGE,2021-04-06,11488,13367,1869.0,175.0,42918,-1528.0,-1879,1694.0
NASDAQ-100 Consolidated - CHICAGO MERCANTILE EXCHANGE,2021-04-13,11859,13081,371.0,-286.0,42860,-57.0,-1222,657.0
NASDAQ-100 Consolidated - CHICAGO MERCANTILE EXCHANGE,2021-04-20,11057,12082,-801.0,-999.0,43629,768.0,-1025,197.0
NASDAQ-100 Consolidated - CHICAGO MERCANTILE EXCHANGE,2021-04-27,10512,12064,-545.0,-19.0,43576,-53.0,-1552,-527.0
NASDAQ-100 Consolidated - CHICAGO MERCANTILE EXCHANGE,2021-05-04,11433,14794,921.0,2730.0,47448,3872.0,-3361,-1809.0
NASDAQ-100 Consolidated - CHICAGO MERCANTILE EXCHANGE,2021-05-11,12243,13445,810.0,-1349.0,45487,-1961.0,-1202,2159.0
NASDAQ-100 Consolidated - CHICAGO MERCANTILE EXCHANGE,2021-05-18,11798,13019,-444.0,-426.0,45595,108.0,-1221,-19.0
NASDAQ-100 Consolidated - CHICAGO MERCANTILE EXCHANGE,2021-05-25,10586,13245,-1212.0,227.0,46678,1082.0,-2659,-1438.0
NASDAQ-100 Consolidated - CHICAGO MERCANTILE EXCHANGE,2021-06-01,10632,13542,46.0,296.0,47675,997.0,-2910,-251.0
NASDAQ-100 Consolidated - CHICAGO MERCANTILE EXCHANGE,2021-06-08,12104,13804,1472.0,262.0,47631,-44.0,-1700,1210.0
NASDAQ-100 Consolidated - CHICAGO MERCANTILE EXCHANGE,2021-06-15,13178,15385,1075.0,1582.0,57779,10148.0,-2207,-507.0
NASDAQ-100 Consolidated - CHICAGO MERCANTILE EXCHANGE,2021-06-22,11749,13822,-1429.0,-1563.0,44754,-13026.0,-2073,134.0
NASDAQ-100 Consolidated - CHICAGO MERCANTILE EXCHANGE,2021-06-29,12705,14325,956.0,502.0,44827,73.0,-1620,453.0
NASDAQ-100 Consolidated - CHICAGO MERCANTILE EXCHANGE,2021-07-06,13151,13465,446.0,-860.0,45658,831.0,-314,1306.0
NASDAQ-100 Consolidated - CHICAGO MERCANTILE EXCHANGE,2021-07-13,13593,14444,442.0,979.0,46456,799.0,-851,-537.0
NASDAQ-100 Consolidated - CHICAGO MERCANTILE EXCHANGE,2021-07-20,14379,14835,786.0,391.0,46906,450.0,-456,395.0
NASDAQ-100 Consolidated - CHICAGO MERCANTILE EXCHANGE,2021-07-27,12768,14733,-1611.0,-103.0,46944,38.0,-1965,-1509.0
NASDAQ-100 Consolidated - CHICAGO MERCANTILE EXCHANGE,2021-08-03,12974,13267,206.0,-1466.0,44609,-2336.0,-293,1672.0
NASDAQ-100 Consolidated - CHICAGO MERCANTILE EXCHANGE,2021-08-10,11700,14354,-1273.0,1087.0,46672,2063.0,-2654,-2361.0
NASDAQ-100 Consolidated - CHICAGO MERCANTILE EXCHANGE,2021-08-17,10983,15368,-718.0,1014.0,46900,229.0,-4385,-1731.0
NASDAQ-100 Consolidated - CHICAGO MERCANTILE EXCHANGE,2021-08-24,13033,13517,2050.0,-1852.0,45425,-1476.0,-484,3901.0
NASDAQ-100 Consolidated - CHICAGO MERCANTILE EXCHANGE,2021-08-31,13879,14369,846.0,852.0,46120,695.0,-490,-6.0
NASDAQ-100 Consolidated - CHICAGO MERCANTILE EXCHANGE,2021-09-07,15087,14089,1208.0,-280.0,46866,746.0,998,1488.0
NASDAQ-100 Consolidated - CHICAGO MERCANTILE EXCHANGE,2021-09-14,16398,14486,1311.0,396.0,55540,8674.0,1912,914.0
NASDAQ-100 Consolidated - CHICAGO MERCANTILE EXCHANGE,2021-09-21,13980,12096,-2418.0,-2390.0,44460,-11079.0,1884,-28.0
NASDAQ-100 Consolidated - CHICAGO MERCANTILE EXCHANGE,2021-09-28,12808,13264,-1172.0,1168.0,46122,1661.0,-456,-2340.0
NASDAQ-100 Consolidated - CHICAGO MERCANTILE EXCHANGE,2021-10-05,11754,12285,-1054.0,-980.0,45030,-1092.0,-531,-75.0
NASDAQ-100 Consolidated - CHICAGO MERCANTILE EXCHANGE,2021-10-12,12134,12298,380.0,13.0,46123,1093.0,-164,367.0
NASDAQ-100 Consolidated - CHICAGO MERCANTILE EXCHANGE,2021-10-19,12116,12727,-19.0,429.0,47473,1350.0,-611,-447.0
NASDAQ-100 Consolidated - CHICAGO MERCANTILE EXCHANGE,2021-10-26,13151,13802,1035.0,1075.0,49102,1629.0,-651,-40.0
NASDAQ-100 Consolidated - CHICAGO MERCANTILE EXCHANGE,2021-11-02,14303,12859,1152.0,-943.0,51117,2015.0,1444,2095.0
NASDAQ-100 Consolidated - CHICAGO MERCANTILE EXCHANGE,2021-11-09,16405,13165,2102.0,306.0,52579,1462.0,3240,1796.0
NASDAQ-100 Consolidated - CHICAGO MERCANTILE EXCHANGE,2021-11-16,16123,13431,-282.0,266.0,52868,288.0,2692,-548.0
NASDAQ-100 Consolidated - CHICAGO MERCANTILE EXCHANGE,2021-11-23,16719,11116,596.0,-2315.0,51745,-1122.0,5603,2911.0
NASDAQ-100 Consolidated - CHICAGO MERCANTILE EXCHANGE,2021-11-30,17343,10557,624.0,-560.0,51695,-50.0,6786,1183.0
NASDAQ-100 Consolidated - CHICAGO MERCANTILE EXCHANGE,2021-12-07,16143,10988,-1200.0,431.0,50376,-1319.0,5155,-1631.0
NASDAQ-100 Consolidated - CHICAGO MERCANTILE EXCHANGE,2021-12-14,17007,10315,864.0,-673.0,53943,3567.0,6692,1537.0
NASDAQ-100 Consolidated - CHICAGO MERCANTILE EXCHANGE,2021-12-21,14395,9323,-2612.0,-991.0,41614,-12329.0,5072,-1620.0
NASDAQ-100 Consolidated - CHICAGO MERCANTILE EXCHANGE,2021-12-28,13863,11042,-532.0,1719.0,42219,605.0,2821,-2251.0
NASDAQ-100 Consolidated - CHICAGO MERCANTILE EXCHANGE,2022-01-04,13910,9565,47.0,-1477.0,42186,-33.0,4345,1524.0
NASDAQ-100 Consolidated - CHICAGO MERCANTILE EXCHANGE,2022-01-11,15215,10961,1305.0,1395.0,44044,1858.0,4254,-91.0
NASDAQ-100 Consolidated - CHICAGO MERCANTILE EXCHANGE,2022-01-18,17719,11677,2504.0,717.0,47162,3118.0,6042,1788.0
NASDAQ-100 Consolidated - CHICAGO MERCANTILE EXCHANGE,2022-01-25,17582,11561,-137.0,-116.0,48669,1507.0,6021,-21.0
NASDAQ-100 Consolidated - CHICAGO MERCANTILE EXCHANGE,2022-02-01,14236,14434,-3346.0,2872.0,47867,-803.0,-198,-6219.0
NASDAQ-100 Consolidated - CHICAGO MERCANTILE EXCHANGE,2022-02-08,13408,11814,-827.0,-2620.0,46753,-1113.0,1594,1792.0
NASDAQ-100 Consolidated - CHICAGO MERCANTILE EXCHANGE,2022-02-15,13604,11736,196.0,-78.0,47189,436.0,1868,274.0
NASDAQ-100 Consolidated - CHICAGO MERCANTILE EXCHANGE,2022-02-22,15068,12287,1464.0,551.0,51586,4397.0,2781,913.0
NASDAQ-100 Consolidated - CHICAGO MERCANTILE EXCHANGE,2022-03-01,12290,9863,-2778.0,-2424.0,49907,-1678.0,2427,-354.0
NASDAQ-100 Consolidated - CHICAGO MERCANTILE EXCHANGE,2022-03-08,15072,9749,2782.0,-114.0,49602,-306.0,5323,2896.0
NASDAQ-100 Consolidated - CHICAGO MERCANTILE EXCHANGE,2022-03-15,13652,9857,-1420.0,108.0,52947,3345.0,3795,-1528.0
NASDAQ-100 Consolidated - CHICAGO MERCANTILE EXCHANGE,2022-03-22,11335,10773,-2317.0,916.0,42562,-10385.0,562,-3233.0
NASDAQ-100 Consolidated - CHICAGO MERCANTILE EXCHANGE,2022-03-29,9804,12049,-1531.0,1276.0,44664,2102.0,-2245,-2807.0
NASDAQ-100 Consolidated - CHICAGO MERCANTILE EXCHANGE,2022-04-05,11730,13457,1926.0,1408.0,46538,1874.0,-1727,518.0
NASDAQ-100 Consolidated - CHICAGO MERCANTILE EXCHANGE,2022-04-12,13641,11043,1911.0,-2414.0,45660,-877.0,2598,4325.0
NASDAQ-100 Consolidated - CHICAGO MERCANTILE EXCHANGE,2022-04-19,13147,11517,-494.0,474.0,47422,1761.0,1630,-968.0
NASDAQ-100 Consolidated - CHICAGO MERCANTILE EXCHANGE,2022-04-26,13604,10438,457.0,-1080.0,47395,-26.0,3166,1536.0
NASDAQ-100 Consolidated - CHICAGO MERCANTILE EXCHANGE,2022-05-03,13415,10197,-189.0,-241.0,45344,-2051.0,3218,52.0
NASDAQ-100 Consolidated - CHICAGO MERCANTILE EXCHANGE,2022-05-10,13844,11151,429.0,954.0,49984,4640.0,2693,-525.0
NASDAQ-100 Consolidated - CHICAGO MERCANTILE EXCHANGE,2022-05-17,13958,10923,113.0,-228.0,48711,-1274.0,3035,342.0
NASDAQ-100 Consolidated - CHICAGO MERCANTILE EXCHANGE,2022-05-24,15002,12257,1044.0,1334.0,51049,2338.0,2745,-290.0
NASDAQ-100 Consolidated - CHICAGO MERCANTILE EXCHANGE,2022-05-31,14888,13765,-114.0,1509.0,52616,1567.0,1123,-1622.0
NASDAQ-100 Consolidated - CHICAGO MERCANTILE EXCHANGE,2022-06-07,16695,13295,1808.0,-471.0,53659,1043.0,3400,2277.0
NASDAQ-100 Consolidated - CHICAGO MERCANTILE EXCHANGE,2022-06-14,17674,11993,978.0,-1301.0,60453,6795.0,5681,2281.0
NASDAQ-100 Consolidated - CHICAGO MERCANTILE EXCHANGE,2022-06-21,16578,10416,-1096.0,-1577.0,47325,-13129.0,6162,481.0
NASDAQ-100 Consolidated - CHICAGO MERCANTILE EXCHANGE,2022-06-28,15797,10959,-780.0,543.0,49609,2284.0,4838,-1324.0
NASDAQ-100 Consolidated - CHICAGO MERCANTILE EXCHANGE,2022-07-05,16703,10524,905.0,-436.0,51890,2281.0,6179,1341.0
NASDAQ-100 Consolidated - CHICAGO MERCANTILE EXCHANGE,2022-07-12,15394,11511,-1308.0,987.0,50852,-1038.0,3883,-2296.0
NASDAQ-100 Consolidated - CHICAGO MERCANTILE EXCHANGE,2022-07-19,15365,9742,-29.0,-1769.0,51278,426.0,5623,1740.0
NASDAQ-100 Consolidated - CHICAGO MERCANTILE EXCHANGE,2022-07-26,16698,10336,1333.0,595.0,53432,2154.0,6362,739.0
NASDAQ-100 Consolidated - CHICAGO MERCANTILE EXCHANGE,2022-08-02,14984,10041,-1715.0,-295.0,52465,-967.0,4943,-1419.0
NASDAQ-100 Consolidated - CHICAGO MERCANTILE EXCHANGE,2022-08-09,14788,10573,-196.0,532.0,51757,-708.0,4215,-728.0
NASDAQ-100 Consolidated - CHICAGO MERCANTILE EXCHANGE,2022-08-16,15680,14311,892.0,3738.0,53559,1802.0,1369,-2846.0
NASDAQ-100 Consolidated - CHICAGO MERCANTILE EXCHANGE,2022-08-23,16857,9251,1177.0,-5060.0,52432,-1128.0,7606,6237.0
NASDAQ-100 Consolidated - CHICAGO MERCANTILE EXCHANGE,2022-08-30,15476,10114,-1382.0,864.0,52728,297.0,5362,-2244.0
NASDAQ-100 Consolidated - CHICAGO MERCANTILE EXCHANGE,2022-09-06,17086,12677,1610.0,2562.0,57351,4623.0,4409,-953.0
NASDAQ-100 Consolidated - CHICAGO MERCANTILE EXCHANGE,2022-09-13,15056,12695,-2030.0,18.0,62994,5643.0,2361,-2048.0
NASDAQ-100 Consolidated - CHICAGO MERCANTILE EXCHANGE,2022-09-20,14748,14051,-308.0,1357.0,54363,-8631.0,697,-1664.0
NASDAQ-100 Consolidated - CHICAGO MERCANTILE EXCHANGE,2022-09-27,14946,14956,198.0,905.0,56411,2048.0,-10,-707.0
NASDAQ-100 Consolidated - CHICAGO MERCANTILE EXCHANGE,2022-10-04,13959,14711,-987.0,-244.0,54434,-1977.0,-752,-742.0
NASDAQ-100 Consolidated - CHICAGO MERCANTILE EXCHANGE,2022-10-11,16983,15277,3024.0,566.0,56257,1823.0,1706,2458.0
NASDAQ-100 Consolidated - CHICAGO MERCANTILE EXCHANGE,2022-10-18,15904,15601,-1079.0,324.0,54878,-1379.0,303,-1403.0
NASDAQ-100 Consolidated - CHICAGO MERCANTILE EXCHANGE,2022-10-25,16498,15358,594.0,-243.0,56318,1440.0,1140,837.0
NASDAQ-100 Consolidated - CHICAGO MERCANTILE EXCHANGE,2022-11-01,14929,17979,-1569.0,2621.0,56493,175.0,-3050,-4190.0
NASDAQ-100 Consolidated - CHICAGO MERCANTILE EXCHANGE,2022-11-08,15662,16145,733.0,-1834.0,54611,-1882.0,-483,2567.0
NASDAQ-100 Consolidated - CHICAGO MERCANTILE EXCHANGE,2022-11-15,13633,14685,-2029.0,-1461.0,53686,-925.0,-1052,-569.0
NASDAQ-100 Consolidated - CHICAGO MERCANTILE EXCHANGE,2022-11-22,13473,12864,-160.0,-1821.0,50542,-3143.0,609,1661.0
NASDAQ-100 Consolidated - CHICAGO MERCANTILE EXCHANGE,2022-11-29,13594,11643,121.0,-1221.0,50849,307.0,1951,1342.0
NASDAQ-100 Consolidated - CHICAGO MERCANTILE EXCHANGE,2022-12-06,13747,11044,153.0,-599.0,50020,-829.0,2703,752.0
NASDAQ-100 Consolidated - CHICAGO MERCANTILE EXCHANGE,2022-12-13,14621,10781,873.0,-263.0,62597,12576.0,3840,1137.0
NASDAQ-100 Consolidated - CHICAGO MERCANTILE EXCHANGE,2022-12-20,12498,11595,-2123.0,814.0,49009,-13588.0,903,-2937.0
NASDAQ-100 Consolidated - CHICAGO MERCANTILE EXCHANGE,2022-12-27,12753,12518,255.0,924.0,50156,1147.0,235,-668.0
NASDAQ-100 Consolidated - CHICAGO MERCANTILE EXCHANGE,2023-01-03,11960,11688,-792.0,-830.0,48932,-1225.0,272,37.0
NASDAQ-100 Consolidated - CHICAGO MERCANTILE EXCHANGE,2023-01-10,11414,13044,-547.0,1356.0,50725,1793.0,-1630,-1902.0
NASDAQ-100 Consolidated - CHICAGO MERCANTILE EXCHANGE,2023-01-17,12324,16451,911.0,3407.0,55003,4278.0,-4127,-2497.0
NASDAQ-100 Consolidated - CHICAGO MERCANTILE EXCHANGE,2023-01-24,12048,17100,-276.0,650.0,54777,-226.0,-5052,-925.0
NASDAQ-100 Consolidated - CHICAGO MERCANTILE EXCHANGE,2023-01-31,11888,15059,-160.0,-2041.0,55690,912.0,-3171,1881.0
NASDAQ-100 Consolidated - CHICAGO MERCANTILE EXCHANGE,2023-02-07,11662,14646,-226.0,-414.0,55861,171.0,-2984,187.0
NASDAQ-100 Consolidated - CHICAGO MERCANTILE EXCHANGE,2023-02-14,10802,15367,-860.0,721.0,55237,-624.0,-4565,-1581.0
NASDAQ-100 Consolidated - CHICAGO MERCANTILE EXCHANGE,2023-02-21,11570,14384,768.0,-983.0,53659,-1577.0,-2814,1751.0
NASDAQ-100 Consolidated - CHICAGO MERCANTILE EXCHANGE,2023-02-28,10789,15555,-781.0,1171.0,53651,-9.0,-4766,-1952.0
NASDAQ-100 Consolidated - CHICAGO MERCANTILE EXCHANGE,2023-03-07,11117,13602,328.0,-1953.0,52162,-1489.0,-2485,2281.0
NASDAQ-100 Consolidated - CHICAGO MERCANTILE EXCHANGE,2023-03-14,12227,13521,1109.0,-81.0,61292,9130.0,-1294,1191.0
NASDAQ-100 Consolidated - CHICAGO MERCANTILE EXCHANGE,2023-03-21,10613,11637,-1614.0,-1884.0,42975,-18317.0,-1024,270.0
NASDAQ-100 Consolidated - CHICAGO MERCANTILE EXCHANGE,2023-03-28,10262,11731,-351.0,95.0,44015,1040.0,-1469,-445.0
NASDAQ-100 Consolidated - CHICAGO MERCANTILE EXCHANGE,2023-04-04,7763,11440,-2499.0,-291.0,46437,2422.0,-3677,-2208.0
NASDAQ-100 Consolidated - CHICAGO MERCANTILE EXCHANGE,2023-04-11,10321,10747,2558.0,-693.0,47494,1057.0,-426,3251.0
NASDAQ-100 Consolidated - CHICAGO MERCANTILE EXCHANGE,2023-04-18,11751,11216,1429.0,469.0,49012,1518.0,535,961.0
NASDAQ-100 Consolidated - CHICAGO MERCANTILE EXCHANGE,2023-04-25,12961,11935,1211.0,719.0,49531,519.0,1026,491.0
NASDAQ-100 Consolidated - CHICAGO MERCANTILE EXCHANGE,2023-05-02,73064,59376,60103.0,47440.0,255954,206423.0,13688,12662.0
NASDAQ-100 Consolidated - CHICAGO MERCANTILE EXCHANGE,2023-05-09,78800,57002,5736.0,-2374.0,264599,8645.0,21798,8110.0
NASDAQ-100 Consolidated - CHICAGO MERCANTILE EXCHANGE,2023-05-16,81526,58135,2726.0,1134.0,283785,19186.0,23391,1593.0
NASDAQ-100 Consolidated - CHICAGO MERCANTILE EXCHANGE,2023-05-23,78584,61828,-2942.0,3692.0,285583,1798.0,16756,-6635.0
NASDAQ-100 Consolidated - CHICAGO MERCANTILE EXCHANGE,2023-05-30,85416,72831,6832.0,11004.0,310068,24485.0,12585,-4171.0
NASDAQ-100 Consolidated - CHICAGO MERCANTILE EXCHANGE,2023-06-06,89542,77268,4126.0,4437.0,318085,8017.0,12274,-311.0
NASDAQ-100 Consolidated - CHICAGO MERCANTILE EXCHANGE,2023-06-13,91391,73805,1849.0,-3463.0,335337,17252.0,17586,5312.0
NASDAQ-100 Consolidated - CHICAGO MERCANTILE EXCHANGE,2023-06-20,71831,54948,-19559.0,-18857.0,255039,-80298.0,16883,-703.0
NASDAQ-100 Consolidated - CHICAGO MERCANTILE EXCHANGE,2023-06-27,79203,62511,7372.0,7563.0,265818,10779.0,16692,-191.0
NASDAQ-100 Consolidated - CHICAGO MERCANTILE EXCHANGE,2023-07-03,68020,62783,-11183.0,271.0,259143,-6675.0,5237,-11455.0
NASDAQ-100 Consolidated - CHICAGO MERCANTILE EXCHANGE,2023-07-11,70620,61200,2601.0,-1583.0,271791,12648.0,9420,4183.0
NASDAQ-100 Consolidated - CHICAGO MERCANTILE EXCHANGE,2023-07-18,68272,66705,-2348.0,5505.0,278468,6677.0,1567,-7853.0
NASDAQ-100 Consolidated - CHICAGO MERCANTILE EXCHANGE,2023-07-25,59273,71666,-8999.0,4962.0,272910,-5558.0,-12393,-13960.0
NASDAQ-100 Consolidated - CHICAGO MERCANTILE EXCHANGE,2023-08-01,64211,78084,4938.0,6418.0,276532,3621.0,-13873,-1480.0
NASDAQ-100 Consolidated - CHICAGO MERCANTILE EXCHANGE,2023-08-08,62376,77564,-1834.0,-520.0,281647,5115.0,-15188,-1315.0
NASDAQ-100 Consolidated - CHICAGO MERCANTILE EXCHANGE,2023-08-15,61059,60915,-1317.0,-16649.0,281293,-353.0,144,15332.0
NASDAQ-100 Consolidated - CHICAGO MERCANTILE EXCHANGE,2023-08-22,61479,53247,420.0,-7669.0,278608,-2685.0,8232,8088.0
NASDAQ-100 Consolidated - CHICAGO MERCANTILE EXCHANGE,2023-08-29,63942,51656,2463.0,-1590.0,282272,3664.0,12286,4054.0
NASDAQ-100 Consolidated - CHICAGO MERCANTILE EXCHANGE,2023-09-05,64075,54515,132.0,2859.0,291708,9436.0,9560,-2726.0
NASDAQ-100 Consolidated - CHICAGO MERCANTILE EXCHANGE,2023-09-12,59590,55128,-4485.0,613.0,319625,27917.0,4462,-5098.0
NASDAQ-100 Consolidated - CHICAGO MERCANTILE EXCHANGE,2023-09-19,55927,53691,-3663.0,-1437.0,241955,-77670.0,2236,-2226.0
NASDAQ-100 Consolidated - CHICAGO MERCANTILE EXCHANGE,2023-09-26,55953,57889,26.0,4198.0,248727,6772.0,-1936,-4172.0
NASDAQ-100 Consolidated - CHICAGO MERCANTILE EXCHANGE,2023-10-03,63429,64547,7476.0,6658.0,263748,15021.0,-1118,818.0
NASDAQ-100 Consolidated - CHICAGO MERCANTILE EXCHANGE,2023-10-10,69805,61603,6376.0,-2944.0,264373,625.0,8202,9320.0
NASDAQ-100 Consolidated - CHICAGO MERCANTILE EXCHANGE,2023-10-17,77044,62286,7239.0,683.0,265176,803.0,14758,6556.0
NASDAQ-100 Consolidated - CHICAGO MERCANTILE EXCHANGE,2023-10-24,66330,64935,-10714.0,2650.0,262564,-2612.0,1395,-13363.0
NASDAQ-100 Consolidated - CHICAGO MERCANTILE EXCHANGE,2023-10-31,69067,64315,2737.0,-621.0,270325,7761.0,4752,3357.0
NASDAQ-100 Consolidated - CHICAGO MERCANTILE EXCHANGE,2023-11-07,82864,63440,13798.0,-875.0,279223,8899.0,19424,14672.0
NASDAQ-100 Consolidated - CHICAGO MERCANTILE EXCHANGE,2023-11-14,70058,65611,-12807.0,2171.0,284718,5495.0,4447,-14977.0
NASDAQ-100 Consolidated - CHICAGO MERCANTILE EXCHANGE,2023-11-21,76132,67623,6074.0,2012.0,295027,10309.0,8509,4062.0
NASDAQ-100 Consolidated - CHICAGO MERCANTILE EXCHANGE,2023-11-28,81194,69738,5062.0,2116.0,304631,9604.0,11456,2947.0
NASDAQ-100 Consolidated - CHICAGO MERCANTILE EXCHANGE,2023-12-05,75992,64666,-5202.0,-5072.0,288233,-16398.0,11326,-130.0
NASDAQ-100 Consolidated - CHICAGO MERCANTILE EXCHANGE,2023-12-12,72476,58376,-3516.0,-6290.0,348789,60556.0,14100,2774.0
NASDAQ-100 Consolidated - CHICAGO MERCANTILE EXCHANGE,2023-12-19,72084,48466,-392.0,-9910.0,283394,-65395.0,23618,9518.0
NASDAQ-100 Consolidated - CHICAGO MERCANTILE EXCHANGE,2023-12-26,78604,49858,6520.0,1392.0,286224,2830.0,28746,5128.0
NASDAQ-100 Consolidated - CHICAGO MERCANTILE EXCHANGE,2024-01-02,78330,40250,-274.0,-9609.0,281637,-4587.0,38080,9334.0
NASDAQ-100 Consolidated - CHICAGO MERCANTILE EXCHANGE,2024-01-09,78944,43110,614.0,2860.0,287400,5763.0,35834,-2246.0
NASDAQ-100 Consolidated - CHICAGO MERCANTILE EXCHANGE,2024-01-16,78680,42510,-264.0,-600.0,284650,-2750.0,36170,336.0
NASDAQ-100 Consolidated - CHICAGO MERCANTILE EXCHANGE,2024-01-23,84375,50737,5695.0,8227.0,302456,17806.0,33638,-2532.0
NASDAQ-100 Consolidated - CHICAGO MERCANTILE EXCHANGE,2024-01-30,86972,47661,2597.0,-3076.0,309275,6818.0,39311,5673.0
NASDAQ-100 Consolidated - CHICAGO MERCANTILE EXCHANGE,2024-02-06,83742,50668,-3229.0,3006.0,301342,-7933.0,33074,-6237.0
NASDAQ-100 Consolidated - CHICAGO MERCANTILE EXCHANGE,2024-02-13,88518,55105,4776.0,4437.0,312885,11544.0,33413,339.0
NASDAQ-100 Consolidated - CHICAGO MERCANTILE EXCHANGE,2024-02-20,82979,56750,-5540.0,1646.0,304972,-7913.0,26229,-7184.0
NASDAQ-100 Consolidated - CHICAGO MERCANTILE EXCHANGE,2024-02-27,79907,67827,-3072.0,11076.0,307552,2580.0,12080,-14149.0
NASDAQ-100 Consolidated - CHICAGO MERCANTILE EXCHANGE,2024-03-05,69488,69335,-10418.0,1508.0,309873,2321.0,153,-11927.0
NASDAQ-100 Consolidated - CHICAGO MERCANTILE EXCHANGE,2024-03-12,73204,71077,3715.0,1743.0,353521,43648.0,2127,1974.0
NASDAQ-100 Consolidated - CHICAGO MERCANTILE EXCHANGE,2024-03-19,68511,57818,-4692.0,-13260.0,255935,-97586.0,10693,8566.0
NASDAQ-100 Consolidated - CHICAGO MERCANTILE EXCHANGE,2024-03-26,64886,72155,-3625.0,14337.0,260574,4640.0,-7269,-17962.0
NASDAQ-100 Consolidated - CHICAGO MERCANTILE EXCHANGE,2024-04-02,64284,71106,-602.0,-1049.0,266623,6049.0,-6822,447.0
NASDAQ-100 Consolidated - CHICAGO MERCANTILE EXCHANGE,2024-04-09,66179,58367,1895.0,-12739.0,267024,401.0,7812,14634.0
NASDAQ-100 Consolidated - CHICAGO MERCANTILE EXCHANGE,2024-04-16,65351,59192,-828.0,825.0,263134,-3890.0,6159,-1653.0
NASDAQ-100 Consolidated - CHICAGO MERCANTILE EXCHANGE,2024-04-23,62829,58089,-2522.0,-1103.0,263107,-26.0,4740,-1419.0
NASDAQ-100 Consolidated - CHICAGO MERCANTILE EXCHANGE,2024-04-30,61315,60780,-1514.0,2691.0,261962,-1146.0,535,-4205.0
NASDAQ-100 Consolidated - CHICAGO MERCANTILE EXCHANGE,2024-05-07,65707,60326,4392.0,-454.0,242910,-19051.0,5381,4846.0
NASDAQ-100 Consolidated - CHICAGO MERCANTILE EXCHANGE,2024-05-14,68568,64269,2862.0,3944.0,256748,13837.0,4299,-1082.0
NASDAQ-100 Consolidated - CHICAGO MERCANTILE EXCHANGE,2024-05-21,68390,62493,-178.0,-1776.0,258244,1497.0,5897,1598.0
NASDAQ-100 Consolidated - CHICAGO MERCANTILE EXCHANGE,2024-05-28,68455,70512,65.0,8019.0,265906,7662.0,-2057,-7954.0
NASDAQ-100 Consolidated - CHICAGO MERCANTILE EXCHANGE,2024-06-04,60959,58991,-7496.0,-11521.0,254627,-11278.0,1968,4025.0
NASDAQ-100 Consolidated - CHICAGO MERCANTILE EXCHANGE,2024-06-11,61336,67264,377.0,8273.0,267660,13033.0,-5928,-7896.0
NASDAQ-100 Consolidated - CHICAGO MERCANTILE EXCHANGE,2024-06-18,66122,67610,4786.0,346.0,345118,77458.0,-1488,4440.0
NASDAQ-100 Consolidated - CHICAGO MERCANTILE EXCHANGE,2024-06-25,69542,61187,3420.0,-6423.0,252655,-92463.0,8355,9843.0
NASDAQ-100 Consolidated - CHICAGO MERCANTILE EXCHANGE,2024-07-02,71783,58499,2241.0,-2688.0,265554,12899.0,13284,4929.0
NASDAQ-100 Consolidated - CHICAGO MERCANTILE EXCHANGE,2024-07-09,67705,60099,-4078.0,1600.0,271471,5916.0,7606,-5678.0
NASDAQ-100 Consolidated - CHICAGO MERCANTILE EXCHANGE,2024-07-16,65921,59747,-1785.0,-352.0,264434,-7037.0,6174,-1432.0
NASDAQ-100 Consolidated - CHICAGO MERCANTILE EXCHANGE,2024-07-23,53388,54846,-12533.0,-4901.0,252187,-12247.0,-1458,-7632.0
NASDAQ-100 Consolidated - CHICAGO MERCANTILE EXCHANGE,2024-07-30,49794,48827,-3594.0,-6019.0,266789,14602.0,967,2425.0
NASDAQ-100 Consolidated - CHICAGO MERCANTILE EXCHANGE,2024-08-06,50648,37350,854.0,-11477.0,257764,-9025.0,13298,12331.0
NASDAQ-100 Consolidated - CHICAGO MERCANTILE EXCHANGE,2024-08-13,48230,38686,-2418.0,1336.0,252979,-4785.0,9544,-3754.0
NASDAQ-100 Consolidated - CHICAGO MERCANTILE EXCHANGE,2024-08-20,54107,42604,5878.0,3918.0,253133,153.0,11503,1959.0
NASDAQ-100 Consolidated - CHICAGO MERCANTILE EXCHANGE,2024-08-27,63961,42785,9854.0,181.0,253674,542.0,21176,9673.0
NASDAQ-100 Consolidated - CHICAGO MERCANTILE EXCHANGE,2024-09-03,67374,40514,3413.0,-2271.0,263973,10299.0,26860,5684.0
NASDAQ-100 Consolidated - CHICAGO MERCANTILE EXCHANGE,2024-09-10,68433,41001,1059.0,487.0,269479,5506.0,27432,572.0
NASDAQ-100 Consolidated - CHICAGO MERCANTILE EXCHANGE,2024-09-17,65981,45380,-2452.0,4379.0,278372,8893.0,20601,-6831.0
NASDAQ-100 Consolidated - CHICAGO MERCANTILE EXCHANGE,2024-09-24,51747,37005,-14234.0,-8375.0,232823,-45549.0,14742,-5859.0
NASDAQ-100 Consolidated - CHICAGO MERCANTILE EXCHANGE,2024-10-01,56071,41463,4324.0,4458.0,239651,6828.0,14608,-134.0
NASDAQ-100 Consolidated - CHICAGO MERCANTILE EXCHANGE,2024-10-08,56872,44725,801.0,3262.0,257025,17374.0,12147,-2461.0
NASDAQ-100 Consolidated - CHICAGO MERCANTILE EXCHANGE,2024-10-15,46829,47384,-10043.0,2659.0,249104,-7921.0,-555,-12702.0
NASDAQ-100 Consolidated - CHICAGO MERCANTILE EXCHANGE,2024-10-22,49104,47732,2275.0,348.0,254792,5689.0,1372,1927.0
NASDAQ-100 Consolidated - CHICAGO MERCANTILE EXCHANGE,2024-10-29,56266,51971,7163.0,4240.0,267750,12957.0,4295,2923.0
NASDAQ-100 Consolidated - CHICAGO MERCANTILE EXCHANGE,2024-11-05,61284,45850,5018.0,-6121.0,263529,-4220.0,15434,11139.0
NASDAQ-100 Consolidated - CHICAGO MERCANTILE EXCHANGE,2024-11-12,68657,51908,7373.0,6058.0,288619,25090.0,16749,1315.0
NASDAQ-100 Consolidated - CHICAGO MERCANTILE EXCHANGE,2024-11-19,61892,43812,-6765.0,-8096.0,287341,-1278.0,18080,1331.0
NASDAQ-100 Consolidated - CHICAGO MERCANTILE EXCHANGE,2024-11-26,68024,49586,6132.0,5774.0,289033,1692.0,18438,358.0
NASDAQ-100 Consolidated - CHICAGO MERCANTILE EXCHANGE,2024-12-03,82241,52777,14217.0,3191.0,307679,18646.0,29464,11026.0
NASDAQ-100 Consolidated - CHICAGO MERCANTILE EXCHANGE,2024-12-10,84419,48915,2178.0,-3862.0,306813,-866.0,35504,6040.0
NASDAQ-100 Consolidated - CHICAGO MERCANTILE EXCHANGE,2024-12-17,85940,50256,1522.0,1341.0,340251,33438.0,35684,180.0
NASDAQ-100 Consolidated - CHICAGO MERCANTILE EXCHANGE,2024-12-24,78928,50836,-7013.0,580.0,251693,-88559.0,28092,-7592.0
NASDAQ-100 Consolidated - CHICAGO MERCANTILE EXCHANGE,2024-12-31,73675,50005,-5252.0,-831.0,258092,6399.0,23670,-4422.0
NASDAQ-100 Consolidated - CHICAGO MERCANTILE EXCHANGE,2025-01-07,70285,52119,-3390.0,2113.0,247811,-10281.0,18166,-5504.0
NASDAQ-100 Consolidated - CHICAGO MERCANTILE EXCHANGE,2025-01-14,62016,52315,-8269.0,196.0,261461,13650.0,9701,-8465.0
NASDAQ-100 Consolidated - CHICAGO MERCANTILE EXCHANGE,2025-01-21,69166,50343,7150.0,-1972.0,263439,1978.0,18823,9122.0
NASDAQ-100 Consolidated - CHICAGO MERCANTILE EXCHANGE,2025-01-28,81725,49885,12559.0,-458.0,279517,16077.0,31840,13017.0
NASDAQ-100 Consolidated - CHICAGO MERCANTILE EXCHANGE,2025-02-04,70683,50690,-11041.0,806.0,271345,-8171.0,19993,-11847.0
NASDAQ-100 Consolidated - CHICAGO MERCANTILE EXCHANGE,2025-02-11,68694,53824,-1989.0,3133.0,276366,5021.0,14870,-5123.0
NASDAQ-100 Consolidated - CHICAGO MERCANTILE EXCHANGE,2025-02-18,82935,71129,14240.0,17306.0,303715,27349.0,11806,-3064.0
NASDAQ-100 Consolidated - CHICAGO MERCANTILE EXCHANGE,2025-02-25,77286,53870,-5648.0,-17260.0,301391,-2324.0,23416,11610.0
NASDAQ-100 Consolidated - CHICAGO MERCANTILE EXCHANGE,2025-03-04,73119,54189,-4167.0,319.0,304391,3000.0,18930,-4486.0
NASDAQ-100 Consolidated - CHICAGO MERCANTILE EXCHANGE,2025-03-11,73775,55056,656.0,867.0,319420,15029.0,18719,-211.0
NASDAQ-100 Consolidated - CHICAGO MERCANTILE EXCHANGE,2025-03-18,66391,47613,-7384.0,-7443.0,320476,1056.0,18778,59.0
NASDAQ-100 Consolidated - CHICAGO MERCANTILE EXCHANGE,2025-03-25,61737,52096,-4655.0,4483.0,231229,-89247.0,9641,-9137.0
NASDAQ-100 Consolidated - CHICAGO MERCANTILE EXCHANGE,2025-04-01,67567,53417,5831.0,1321.0,257117,25888.0,14150,4509.0
NASDAQ-100 Consolidated - CHICAGO MERCANTILE EXCHANGE,2025-04-08,67502,48219,-65.0,-5199.0,266758,9641.0,19283,5133.0
NASDAQ-100 Consolidated - CHICAGO MERCANTILE EXCHANGE,2025-04-15,62942,39845,-4560.0,-8374.0,249669,-17089.0,23097,3814.0
NASDAQ-100 Consolidated - CHICAGO MERCANTILE EXCHANGE,2025-04-22,66624,38766,3682.0,-1079.0,257271,7602.0,27858,4761.0
NASDAQ-100 Consolidated - CHICAGO MERCANTILE EXCHANGE,2025-04-29,65524,47148,-1100.0,8382.0,265803,8532.0,18376,-9482.0
NASDAQ-100 Consolidated - CHICAGO MERCANTILE EXCHANGE,2025-05-06,72355,53865,6831.0,6717.0,280451,14648.0,18490,114.0
NASDAQ-100 Consolidated - CHICAGO MERCANTILE EXCHANGE,2025-05-13,72026,66945,-329.0,13080.0,307490,27039.0,5081,-13409.0
NASDAQ-100 Consolidated - CHICAGO MERCANTILE EXCHANGE,2025-05-20,69089,68455,-2938.0,1510.0,301110,-6380.0,634,-4447.0
NASDAQ-100 Consolidated - CHICAGO MERCANTILE EXCHANGE,2025-05-27,72608,67349,3520.0,-1107.0,295593,-5517.0,5259,4625.0
NASDAQ-100 Consolidated - CHICAGO MERCANTILE EXCHANGE,2025-06-03,70925,64958,-1684.0,-2391.0,298126,2533.0,5967,708.0
NASDAQ-100 Consolidated - CHICAGO MERCANTILE EXCHANGE,2025-06-10,71327,62215,402.0,-2743.0,298671,545.0,9112,3145.0
NASDAQ-100 Consolidated - CHICAGO MERCANTILE EXCHANGE,2025-06-17,70973,63595,-353.0,1380.0,334937,36266.0,7378,-1734.0
NASDAQ-100 Consolidated - CHICAGO MERCANTILE EXCHANGE,2025-06-24,77302,58942,6329.0,-4652.0,259948,-74989.0,18360,10982.0
NASDAQ-100 Consolidated - CHICAGO MERCANTILE EXCHANGE,2025-07-01,78932,48452,1630.0,-10491.0,274168,14220.0,30480,12120.0
NASDAQ-100 Consolidated - CHICAGO MERCANTILE EXCHANGE,2025-07-08,82108,46895,3176.0,-1556.0,279888,5720.0,35213,4733.0
NASDAQ-100 Consolidated - CHICAGO MERCANTILE EXCHANGE,2025-07-15,86207,47050,4099.0,155.0,281893,2005.0,39157,3944.0
NASDAQ-100 Consolidated - CHICAGO MERCANTILE EXCHANGE,2025-07-22,76558,42336,-9649.0,-4715.0,281535,-359.0,34222,-4935.0
NASDAQ-100 Consolidated - CHICAGO MERCANTILE EXCHANGE,2025-07-29,84598,45850,8040.0,3514.0,293645,12110.0,38748,4526.0
NASDAQ-100 Consolidated - CHICAGO MERCANTILE EXCHANGE,2025-08-05,84550,47579,-48.0,1730.0,290285,-3360.0,36971,-1777.0
NASDAQ-100 Consolidated - CHICAGO MERCANTILE EXCHANGE,2025-08-12,96001,48894,11451.0,1315.0,316811,26527.0,47107,10136.0
NASDAQ-100 Consolidated - CHICAGO MERCANTILE EXCHANGE,2025-08-19,84077,46416,-11924.0,-2478.0,304458,-12353.0,37661,-9446.0
NASDAQ-100 Consolidated - CHICAGO MERCANTILE EXCHANGE,2025-08-26,86537,46943,2460.0,527.0,298322,-6136.0,39594,1933.0
NASDAQ-100 Consolidated - CHICAGO MERCANTILE EXCHANGE,2025-09-02,76185,57959,-10352.0,11016.0,296057,-2265.0,18226,-21368.0
NASDAQ-100 Consolidated - CHICAGO MERCANTILE EXCHANGE,2025-09-09,85105,57228,8920.0,-731.0,310398,14341.0,27877,9651.0
NASDAQ-100 Consolidated - CHICAGO MERCANTILE EXCHANGE,2025-09-16,86981,66028,1876.0,8799.0,365891,55494.0,20953,-6924.0
NASDAQ-100 Consolidated - CHICAGO MERCANTILE EXCHANGE,2025-09-23,91435,67416,4454.0,1388.0,281162,-84729.0,24019,3066.0
NASDAQ-100 Consolidated - CHICAGO MERCANTILE EXCHANGE,2025-09-30,89804,48330,-1631.0,-19086.0,285789,4627.0,41474,17455.0
NASDAQ-100 Consolidated - CHICAGO MERCANTILE EXCHANGE,2025-10-07,92532,48848,2728.0,518.0,294285,8496.0,43684,2210.0
NASDAQ-100 Consolidated - CHICAGO MERCANTILE EXCHANGE,2025-10-14,88256,37957,-4277.0,-10891.0,290000,-4285.0,50299,6615.0
NASDAQ-100 Consolidated - CHICAGO MERCANTILE EXCHANGE,2025-10-21,99017,49784,10761.0,11827.0,300347,10348.0,49233,-1066.0
NASDAQ-100 Consolidated - CHICAGO MERCANTILE EXCHANGE,2025-10-28,97668,53992,-1349.0,4208.0,310555,10208.0,43676,-5557.0
NASDAQ-100 Consolidated - CHICAGO MERCANTILE EXCHANGE,2025-11-04,90161,43005,-7508.0,-10987.0,304760,-5795.0,47156,3480.0
NASDAQ-100 Consolidated - CHICAGO MERCANTILE EXCHANGE,2025-11-10,95865,46909,5705.0,3904.0,309882,5122.0,48956,1800.0
NASDAQ-100 Consolidated - CHICAGO MERCANTILE EXCHANGE,2025-11-18,89709,47289,-6156.0,380.0,315545,5663.0,42420,-6536.0
NASDAQ-100 Consolidated - CHICAGO MERCANTILE EXCHANGE,2025-11-25,93647,41882,3938.0,-5407.0,315399,-146.0,51765,9345.0
NASDAQ-100 Consolidated - CHICAGO MERCANTILE EXCHANGE,2025-12-02,94669,53116,1023.0,11234.0,328582,13183.0,41553,-10212.0
NASDAQ-100 Consolidated - CHICAGO MERCANTILE EXCHANGE,2025-12-09,95484,54963,815.0,1847.0,347119,18538.0,40521,-1032.0
NASDAQ-100 Consolidated - CHICAGO MERCANTILE EXCHANGE,2025-12-16,99300,61228,3816.0,6265.0,403867,56748.0,38072,-2449.0
NASDAQ-100 Consolidated - CHICAGO MERCANTILE EXCHANGE,2025-12-23,93583,60008,-5717.0,-1220.0,274369,-129498.0,33575,-4497.0
NASDAQ-100 Consolidated - CHICAGO MERCANTILE EXCHANGE,2025-12-30,96752,69084,3169.0,9077.0,286451,12082.0,27668,-5907.0
NASDAQ-100 Consolidated - CHICAGO MERCANTILE EXCHANGE,2026-01-06,97977,62376,1225.0,-6709.0,284377,-2074.0,35601,7933.0
NASDAQ-100 Consolidated - CHICAGO MERCANTILE EXCHANGE,2026-01-13,97965,66984,-12.0,4608.0,287403,3026.0,30981,-4620.0
NASDAQ-100 Consolidated - CHICAGO MERCANTILE EXCHANGE,2026-01-20,86136,66161,-11828.0,-823.0,275966,-11437.0,19975,-11006.0
NASDAQ-100 Consolidated - CHICAGO MERCANTILE EXCHANGE,2026-01-27,91028,62148,4891.0,-4013.0,269849,-6117.0,28880,8905.0
NASDAQ-100 Consolidated - CHICAGO MERCANTILE EXCHANGE,2026-02-03,81685,69617,-9342.0,7469.0,279784,9935.0,12068,-16812.0
NASDAQ-100 Consolidated - CHICAGO MERCANTILE EXCHANGE,2026-02-10,78889,66247,-2797.0,-3370.0,274666,-5118.0,12642,574.0
NASDAQ-100 Consolidated - CHICAGO MERCANTILE EXCHANGE,2026-02-17,85591,63439,6703.0,-2808.0,287390,12724.0,22152,9510.0
NASDAQ-100 Consolidated - CHICAGO MERCANTILE EXCHANGE,2026-02-24,76599,68043,-8992.0,4604.0,285165,-2225.0,8556,-13596.0
NASDAQ-100 Consolidated - CHICAGO MERCANTILE EXCHANGE,2026-03-03,71879,74482,-4720.0,6439.0,290391,5226.0,-2603,-11159.0
NASDAQ-100 Consolidated - CHICAGO MERCANTILE EXCHANGE,2026-03-10,72084,50355,205.0,-24127.0,275311,-15080.0,21729,24332.0
NASDAQ-100 Consolidated - CHICAGO MERCANTILE EXCHANGE,2026-03-17,72274,51333,190.0,978.0,318004,42693.0,20941,-788.0
NASDAQ-100 Consolidated - CHICAGO MERCANTILE EXCHANGE,2026-03-24,67592,63489,-4682.0,12156.0,244680,-73323.0,4103,-16838.0
NASDAQ-100 Consolidated - CHICAGO MERCANTILE EXCHANGE,2026-03-31,76502,57031,8910.0,-6458.0,256358,11678.0,19471,15368.0
NASDAQ-100 Consolidated - CHICAGO MERCANTILE EXCHANGE,2026-04-07,70032,60117,-6470.0,3086.0,258663,2306.0,9915,-9556.0
NASDAQ-100 Consolidated - CHICAGO MERCANTILE EXCHANGE,2026-04-14,69365,59721,-667.0,-396.0,276532,17869.0,9644,-271.0
NASDAQ-100 Consolidated - CHICAGO MERCANTILE EXCHANGE,2026-04-21,68265,61653,-1100.0,1932.0,290216,13684.0,6612,-3032.0
NASDAQ-100 Consolidated - CHICAGO MERCANTILE EXCHANGE,2026-04-28,66824,72797,-1441.0,11144.0,302430,12214.0,-5973,-12585.0
NASDAQ-100 Consolidated - CHICAGO MERCANTILE EXCHANGE,2026-05-05,68393,70225,1570.0,-2571.0,315421,12991.0,-1832,4141.0
NASDAQ-100 Consolidated - CHICAGO MERCANTILE EXCHANGE,2026-05-12,59162,81061,-9231.0,10836.0,316227,806.0,-21899,-20067.0
NASDAQ-100 Consolidated - CHICAGO MERCANTILE EXCHANGE,2026-05-19,71907,79306,12745.0,-1755.0,320044,3817.0,-7399,14500.0
NASDAQ-100 Consolidated - CHICAGO MERCANTILE EXCHANGE,2026-05-26,69237,80519,-2671.0,1213.0,330617,10573.0,-11282,-3883.0
NASDAQ-100 Consolidated - CHICAGO MERCANTILE EXCHANGE,2026-06-02,68549,90634,-688.0,10115.0,345837,15220.0,-22085,-10803.0
NASDAQ-100 Consolidated - CHICAGO MERCANTILE EXCHANGE,2026-06-09,70466,81447,1918.0,-9187.0,334790,-11048.0,-10981,11104.0
NASDAQ-100 Consolidated - CHICAGO MERCANTILE EXCHANGE,2026-06-16,71329,92195,862.0,10749.0,375254,40464.0,-20866,-9885.0
NASDAQ-100 Consolidated - CHICAGO MERCANTILE EXCHANGE,2026-06-23,59333,75605,-11996.0,-16590.0,276807,-98447.0,-16272,4594.0
NASDAQ-100 Consolidated - CHICAGO MERCANTILE EXCHANGE,2026-06-30,59160,77403,-173.0,1798.0,296634,19827.0,-18243,-1971.0
NASDAQ-100 Consolidated - CHICAGO MERCANTILE EXCHANGE,2026-07-07,65583,74324,6423.0,-3079.0,303152,6518.0,-8741,9502.0
NASDAQ-100 Consolidated - CHICAGO MERCANTILE EXCHANGE,2026-07-14,61576,71889,-4006.0,-2434.0,307355,4202.0,-10313,-1572.0
NASDAQ-100 Consolidated - CHICAGO MERCANTILE EXCHANGE,2026-07-21,59542,69233,-2035.0,-2656.0,311523,4168.0,-9691,622.0
NASDAQ-100 Consolidated - CHICAGO MERCANTILE EXCHANGE,2026-07-28,67927,77841,8385.0,8607.0,319776,8254.0,-9914,-223.0
NASDAQ-100 Consolidated - CHICAGO MERCANTILE EXCHANGE,2026-08-04,65457,100463,-2469.0,22622.0,334748,14972.0,-35006,-25092.0
NASDAQ-100 Consolidated - CHICAGO MERCANTILE EXCHANGE,2026-08-11,66813,109718,1356.0,9255.0,302340,-32409.0,-42905,-7899.0
NASDAQ-100 Consolidated - CHICAGO MERCANTILE EXCHANGE,2026-08-18,79203,91270,12390.0,-18448.0,318247,15907.0,-12067,30838.0
NASDAQ-100 Consolidated - CHICAGO MERCANTILE EXCHANGE,2026-08-25,83872,72745,4669.0,-18524.0,322190,3943.0,11127,23194.0
NASDAQ-100 Consolidated - CHICAGO MERCANTILE EXCHANGE,2026-09-01,84710,57633,839.0,-15112.0,320401,-1789.0,27077,15950.0
NASDAQ-100 Consolidated - CHICAGO MERCANTILE EXCHANGE,2026-09-08,80987,60283,-3723.0,2650.0,313941,-6460.0,20704,-6373.0
NASDAQ-100 Consolidated - CHICAGO MERCANTILE EXCHANGE,2026-09-15,79003,46434,-1985.0,-13850.0,345886,31945.0,32569,11865.0
NASDAQ-100 Consolidated - CHICAGO MERCANTILE EXCHANGE,2026-09-22,86951,34605,7948.0,-11829.0,298319,-47566.0,52346,19777.0
