Market and Exchange Names,As of Date in Form YYYY-MM-DD,Noncommercial Positions-Long (All),Noncommercial Positions-Short (All),Change in Noncommercial-Long (All),Change in Noncommercial-Short (All),Open Interest (All),Change in Open Interest (All),Net Positions,Change Net Positions
NEW ZEALAND DOLLARS - INTERNATIONAL MONETARY MARKET,1999-01-05,1338,0,1338.0,0.0,2299,1186.0,1338,
NEW ZEALAND DOLLARS - INTERNATIONAL MONETARY MARKET,1999-01-12,1804,0,466.0,0.0,2559,260.0,1804,466.0
NEW ZEALAND DOLLARS - INTERNATIONAL MONETARY MARKET,1999-01-19,1167,0,-637.0,0.0,2327,-232.0,1167,-637.0
NEW ZEALAND DOLLARS - INTERNATIONAL MONETARY MARKET,1999-01-26,1165,0,-2.0,0.0,2324,-3.0,1165,-2.0
NEW ZEALAND DOLLARS - INTERNATIONAL MONETARY MARKET,1999-02-02,1164,0,-1.0,0.0,2365,41.0,1164,-1.0
NEW ZEALAND DOLLARS - INTERNATIONAL MONETARY MARKET,1999-02-09,1164,0,0.0,0.0,2607,242.0,1164,0.0
NEW ZEALAND DOLLARS - INTERNATIONAL MONETARY MARKET,1999-02-16,709,0,-455.0,0.0,2404,-203.0,709,-455.0
NEW ZEALAND DOLLARS - INTERNATIONAL MONETARY MARKET,1999-02-23,709,0,0.0,0.0,2190,-214.0,709,0.0
NEW ZEALAND DOLLARS - INTERNATIONAL MONETARY MARKET,1999-03-09,0,0,0.0,0.0,2459,864.0,0,-709.0
NEW ZEALAND DOLLARS - INTERNATIONAL MONETARY MARKET,1999-04-20,243,0,0.0,0.0,1731,559.0,243,243.0
NEW ZEALAND DOLLARS - INTERNATIONAL MONETARY MARKET,1999-04-27,243,0,0.0,0.0,1548,-183.0,243,0.0
NEW ZEALAND DOLLARS - INTERNATIONAL MONETARY MARKET,1999-05-04,375,0,132.0,0.0,1669,121.0,375,132.0
NEW ZEALAND DOLLARS - INTERNATIONAL MONETARY MARKET,1999-05-11,2470,0,2095.0,0.0,3850,2181.0,2470,2095.0
NEW ZEALAND DOLLARS - INTERNATIONAL MONETARY MARKET,1999-05-18,5426,500,2956.0,500.0,6989,3139.0,4926,2456.0
NEW ZEALAND DOLLARS - INTERNATIONAL MONETARY MARKET,1999-05-25,2605,0,-2821.0,-500.0,5763,-1226.0,2605,-2321.0
NEW ZEALAND DOLLARS - INTERNATIONAL MONETARY MARKET,1999-06-01,0,0,-2605.0,0.0,4858,-905.0,0,-2605.0
NEW ZEALAND DOLLARS - INTERNATIONAL MONETARY MARKET,1999-06-08,0,0,0.0,0.0,5341,483.0,0,0.0
NEW ZEALAND DOLLARS - INTERNATIONAL MONETARY MARKET,1999-06-15,0,0,0.0,0.0,3419,-1922.0,0,0.0
NEW ZEALAND DOLLARS - INTERNATIONAL MONETARY MARKET,1999-06-22,0,0,0.0,0.0,3511,92.0,0,0.0
NEW ZEALAND DOLLARS - INTERNATIONAL MONETARY MARKET,1999-06-29,0,0,0.0,0.0,3530,19.0,0,0.0
NEW ZEALAND DOLLARS - INTERNATIONAL MONETARY MARKET,1999-07-06,0,0,0.0,0.0,3525,-5.0,0,0.0
NEW ZEALAND DOLLARS - INTERNATIONAL MONETARY MARKET,1999-07-13,0,0,0.0,0.0,3640,115.0,0,0.0
NEW ZEALAND DOLLARS - INTERNATIONAL MONETARY MARKET,1999-07-20,0,353,0.0,353.0,3744,104.0,-353,-353.0
NEW ZEALAND DOLLARS - INTERNATIONAL MONETARY MARKET,1999-07-27,0,353,0.0,0.0,3761,17.0,-353,0.0
NEW ZEALAND DOLLARS - INTERNATIONAL MONETARY MARKET,1999-08-03,0,0,0.0,-353.0,3626,-135.0,0,353.0
NEW ZEALAND DOLLARS - INTERNATIONAL MONETARY MARKET,1999-08-10,200,0,200.0,0.0,3626,0.0,200,200.0
NEW ZEALAND DOLLARS - INTERNATIONAL MONETARY MARKET,1999-08-17,200,0,0.0,0.0,3627,1.0,200,0.0
NEW ZEALAND DOLLARS - INTERNATIONAL MONETARY MARKET,1999-08-24,200,0,0.0,0.0,3723,96.0,200,0.0
NEW ZEALAND DOLLARS - INTERNATIONAL MONETARY MARKET,1999-08-31,0,268,-200.0,268.0,3989,266.0,-268,-468.0
NEW ZEALAND DOLLARS - INTERNATIONAL MONETARY MARKET,1999-09-07,0,0,0.0,-268.0,4083,94.0,0,268.0
NEW ZEALAND DOLLARS - INTERNATIONAL MONETARY MARKET,1999-10-19,0,0,0.0,0.0,1337,316.0,0,0.0
NEW ZEALAND DOLLARS - INTERNATIONAL MONETARY MARKET,1999-10-26,0,297,0.0,297.0,1463,126.0,-297,-297.0
NEW ZEALAND DOLLARS - INTERNATIONAL MONETARY MARKET,1999-11-02,0,497,0.0,200.0,1452,-11.0,-497,-200.0
NEW ZEALAND DOLLARS - INTERNATIONAL MONETARY MARKET,1999-11-09,200,0,200.0,-497.0,1647,195.0,200,697.0
NEW ZEALAND DOLLARS - INTERNATIONAL MONETARY MARKET,1999-11-16,200,0,0.0,0.0,1876,229.0,200,0.0
NEW ZEALAND DOLLARS - INTERNATIONAL MONETARY MARKET,1999-11-23,200,0,0.0,0.0,1605,-271.0,200,0.0
NEW ZEALAND DOLLARS - INTERNATIONAL MONETARY MARKET,1999-11-30,0,0,-200.0,0.0,1423,-182.0,0,-200.0
NEW ZEALAND DOLLARS - INTERNATIONAL MONETARY MARKET,1999-12-07,0,0,0.0,0.0,1598,175.0,0,0.0
NEW ZEALAND DOLLARS - INTERNATIONAL MONETARY MARKET,1999-12-14,0,520,0.0,520.0,1356,-242.0,-520,-520.0
NEW ZEALAND DOLLARS - INTERNATIONAL MONETARY MARKET,1999-12-21,0,247,0.0,-273.0,1248,-108.0,-247,273.0
NEW ZEALAND DOLLARS - INTERNATIONAL MONETARY MARKET,1999-12-28,0,0,0.0,-247.0,1247,-1.0,0,247.0
NEW ZEALAND DOLLARS - INTERNATIONAL MONETARY MARKET,2000-01-04,0,0,0.0,0.0,1398,151.0,0,0.0
NEW ZEALAND DOLLARS - INTERNATIONAL MONETARY MARKET,2000-01-11,0,0,0.0,0.0,1313,-85.0,0,0.0
NEW ZEALAND DOLLARS - INTERNATIONAL MONETARY MARKET,2000-01-18,0,0,0.0,0.0,1255,-58.0,0,0.0
NEW ZEALAND DOLLARS - INTERNATIONAL MONETARY MARKET,2000-01-25,0,0,0.0,0.0,1384,129.0,0,0.0
NEW ZEALAND DOLLARS - INTERNATIONAL MONETARY MARKET,2000-02-01,445,1822,445.0,1822.0,3835,2451.0,-1377,-1377.0
NEW ZEALAND DOLLARS - INTERNATIONAL MONETARY MARKET,2000-02-08,445,814,0.0,-1008.0,2985,-850.0,-369,1008.0
NEW ZEALAND DOLLARS - INTERNATIONAL MONETARY MARKET,2000-02-15,445,814,0.0,0.0,3096,111.0,-369,0.0
NEW ZEALAND DOLLARS - INTERNATIONAL MONETARY MARKET,2000-02-22,445,814,0.0,0.0,2963,-133.0,-369,0.0
NEW ZEALAND DOLLARS - INTERNATIONAL MONETARY MARKET,2000-02-29,0,812,-445.0,-2.0,3050,87.0,-812,-443.0
NEW ZEALAND DOLLARS - INTERNATIONAL MONETARY MARKET,2000-03-07,0,824,0.0,12.0,3924,874.0,-824,-12.0
NEW ZEALAND DOLLARS - INTERNATIONAL MONETARY MARKET,2000-04-04,0,597,0.0,597.0,1989,802.0,-597,227.0
NEW ZEALAND DOLLARS - CHICAGO MERCANTILE EXCHANGE,2003-11-11,3346,1529,,,6305,,1817,2414.0
NEW ZEALAND DOLLARS - CHICAGO MERCANTILE EXCHANGE,2003-11-18,4332,1293,986.0,-236.0,7223,918.0,3039,1222.0
NEW ZEALAND DOLLARS - CHICAGO MERCANTILE EXCHANGE,2003-11-25,4893,1200,561.0,-93.0,7996,773.0,3693,654.0
NEW ZEALAND DOLLAR - CHICAGO MERCANTILE EXCHANGE,2004-08-17,3624,734,,,9291,,2890,-803.0
NEW ZEALAND DOLLAR - CHICAGO MERCANTILE EXCHANGE,2004-10-19,5649,0,,,15619,,5649,2759.0
NEW ZEALAND DOLLAR - CHICAGO MERCANTILE EXCHANGE,2004-10-26,7652,134,2003.0,134.0,17661,2042.0,7518,1869.0
NEW ZEALAND DOLLAR - CHICAGO MERCANTILE EXCHANGE,2004-11-02,7752,774,100.0,640.0,17610,-51.0,6978,-540.0
NEW ZEALAND DOLLAR - CHICAGO MERCANTILE EXCHANGE,2004-11-09,7684,657,-68.0,-117.0,17189,-421.0,7027,49.0
NEW ZEALAND DOLLAR - CHICAGO MERCANTILE EXCHANGE,2004-11-16,8322,537,638.0,-120.0,17558,369.0,7785,758.0
NEW ZEALAND DOLLAR - CHICAGO MERCANTILE EXCHANGE,2004-11-23,8275,499,-47.0,-38.0,17173,-385.0,7776,-9.0
NEW ZEALAND DOLLAR - CHICAGO MERCANTILE EXCHANGE,2004-11-30,8206,1008,-69.0,509.0,17378,205.0,7198,-578.0
NEW ZEALAND DOLLAR - CHICAGO MERCANTILE EXCHANGE,2004-12-07,4191,1010,-4015.0,2.0,15589,-1789.0,3181,-4017.0
NEW ZEALAND DOLLAR - CHICAGO MERCANTILE EXCHANGE,2005-03-08,5933,0,,,11871,,5933,2752.0
NEW ZEALAND DOLLAR - CHICAGO MERCANTILE EXCHANGE,2005-03-29,6097,705,,,10026,,5392,-541.0
NEW ZEALAND DOLLAR - CHICAGO MERCANTILE EXCHANGE,2005-04-05,6057,705,-40.0,0.0,9820,-206.0,5352,-40.0
NEW ZEALAND DOLLAR - CHICAGO MERCANTILE EXCHANGE,2005-08-16,4581,0,,,9004,,4581,-771.0
NEW ZEALAND DOLLAR - CHICAGO MERCANTILE EXCHANGE,2005-08-30,4877,0,296.0,0.0,9410,406.0,4877,296.0
NEW ZEALAND DOLLAR - CHICAGO MERCANTILE EXCHANGE,2005-09-06,5251,0,374.0,0.0,9596,186.0,5251,374.0
NEW ZEALAND DOLLAR - CHICAGO MERCANTILE EXCHANGE,2005-09-13,5465,0,214.0,0.0,11677,2081.0,5465,214.0
NEW ZEALAND DOLLAR - CHICAGO MERCANTILE EXCHANGE,2005-10-11,5592,508,,,9438,,5084,-381.0
NEW ZEALAND DOLLAR - CHICAGO MERCANTILE EXCHANGE,2005-10-18,6208,508,616.0,0.0,10099,661.0,5700,616.0
NEW ZEALAND DOLLAR - CHICAGO MERCANTILE EXCHANGE,2005-12-06,7606,895,,,12187,,6711,1011.0
NEW ZEALAND DOLLAR - CHICAGO MERCANTILE EXCHANGE,2005-12-13,6980,973,-626.0,78.0,13233,1046.0,6007,-704.0
NEW ZEALAND DOLLAR - CHICAGO MERCANTILE EXCHANGE,2005-12-27,6328,1887,-652.0,914.0,10731,-2502.0,4441,-1566.0
NEW ZEALAND DOLLAR - CHICAGO MERCANTILE EXCHANGE,2006-01-03,8158,3321,1830.0,1434.0,12189,1458.0,4837,396.0
NEW ZEALAND DOLLAR - CHICAGO MERCANTILE EXCHANGE,2006-01-10,8659,4915,501.0,1594.0,13013,824.0,3744,-1093.0
NEW ZEALAND DOLLAR - CHICAGO MERCANTILE EXCHANGE,2006-01-17,10337,5510,1678.0,595.0,15026,2013.0,4827,1083.0
NEW ZEALAND DOLLAR - CHICAGO MERCANTILE EXCHANGE,2006-01-24,9589,5740,-748.0,230.0,15046,20.0,3849,-978.0
NEW ZEALAND DOLLAR - CHICAGO MERCANTILE EXCHANGE,2006-01-31,9361,5587,-228.0,-153.0,15684,638.0,3774,-75.0
NEW ZEALAND DOLLAR - CHICAGO MERCANTILE EXCHANGE,2006-02-07,9120,5019,-241.0,-568.0,15200,-484.0,4101,327.0
NEW ZEALAND DOLLAR - CHICAGO MERCANTILE EXCHANGE,2006-02-14,4622,611,-4498.0,-4408.0,11225,-3975.0,4011,-90.0
NEW ZEALAND DOLLAR - CHICAGO MERCANTILE EXCHANGE,2006-02-21,5109,1486,487.0,875.0,14603,3378.0,3623,-388.0
NEW ZEALAND DOLLAR - CHICAGO MERCANTILE EXCHANGE,2006-02-28,4273,1373,-836.0,-113.0,14476,-127.0,2900,-723.0
NEW ZEALAND DOLLAR - CHICAGO MERCANTILE EXCHANGE,2006-03-07,4364,1518,91.0,145.0,17982,3506.0,2846,-54.0
NEW ZEALAND DOLLAR - CHICAGO MERCANTILE EXCHANGE,2006-03-14,4349,1746,-15.0,228.0,10702,-7280.0,2603,-243.0
NEW ZEALAND DOLLAR - CHICAGO MERCANTILE EXCHANGE,2006-03-21,3661,1924,-688.0,178.0,11380,678.0,1737,-866.0
NEW ZEALAND DOLLAR - CHICAGO MERCANTILE EXCHANGE,2006-03-28,3229,2330,-432.0,406.0,12247,867.0,899,-838.0
NEW ZEALAND DOLLAR - CHICAGO MERCANTILE EXCHANGE,2006-04-04,3002,2614,-227.0,284.0,12473,226.0,388,-511.0
NEW ZEALAND DOLLAR - CHICAGO MERCANTILE EXCHANGE,2006-04-11,3587,1251,585.0,-1363.0,12412,-61.0,2336,1948.0
NEW ZEALAND DOLLAR - CHICAGO MERCANTILE EXCHANGE,2006-04-18,5272,800,1685.0,-451.0,13154,742.0,4472,2136.0
NEW ZEALAND DOLLAR - CHICAGO MERCANTILE EXCHANGE,2006-04-25,5718,910,446.0,110.0,12171,-983.0,4808,336.0
NEW ZEALAND DOLLAR - CHICAGO MERCANTILE EXCHANGE,2006-05-02,6517,314,799.0,-596.0,12204,33.0,6203,1395.0
NEW ZEALAND DOLLAR - CHICAGO MERCANTILE EXCHANGE,2006-05-09,7284,398,767.0,84.0,13736,1532.0,6886,683.0
NEW ZEALAND DOLLAR - CHICAGO MERCANTILE EXCHANGE,2006-05-16,7867,501,583.0,103.0,14193,457.0,7366,480.0
NEW ZEALAND DOLLAR - CHICAGO MERCANTILE EXCHANGE,2006-05-23,7483,216,-384.0,-285.0,14325,132.0,7267,-99.0
NEW ZEALAND DOLLAR - CHICAGO MERCANTILE EXCHANGE,2006-05-30,7614,4786,131.0,4570.0,13244,-1081.0,2828,-4439.0
NEW ZEALAND DOLLAR - CHICAGO MERCANTILE EXCHANGE,2006-06-06,6910,4752,-704.0,-34.0,13175,-69.0,2158,-670.0
NEW ZEALAND DOLLAR - CHICAGO MERCANTILE EXCHANGE,2006-06-13,7030,4717,120.0,-35.0,22546,9371.0,2313,155.0
NEW ZEALAND DOLLAR - CHICAGO MERCANTILE EXCHANGE,2006-07-11,4329,5272,,,14081,,-943,-3256.0
NEW ZEALAND DOLLAR - CHICAGO MERCANTILE EXCHANGE,2006-07-18,7204,3636,2875.0,-1636.0,14948,867.0,3568,4511.0
NEW ZEALAND DOLLAR - CHICAGO MERCANTILE EXCHANGE,2006-07-25,9103,3658,1899.0,22.0,16341,1393.0,5445,1877.0
NEW ZEALAND DOLLAR - CHICAGO MERCANTILE EXCHANGE,2006-08-01,10955,2752,1852.0,-906.0,18160,1819.0,8203,2758.0
NEW ZEALAND DOLLAR - CHICAGO MERCANTILE EXCHANGE,2006-08-08,9468,2523,-1487.0,-229.0,17327,-833.0,6945,-1258.0
NEW ZEALAND DOLLAR - CHICAGO MERCANTILE EXCHANGE,2006-08-15,13438,176,3970.0,-2347.0,19536,2209.0,13262,6317.0
NEW ZEALAND DOLLAR - CHICAGO MERCANTILE EXCHANGE,2006-08-22,11787,296,-1651.0,120.0,19886,350.0,11491,-1771.0
NEW ZEALAND DOLLAR - CHICAGO MERCANTILE EXCHANGE,2006-08-29,10687,171,-1100.0,-125.0,18099,-1787.0,10516,-975.0
NEW ZEALAND DOLLAR - CHICAGO MERCANTILE EXCHANGE,2006-09-05,11218,175,531.0,4.0,18852,753.0,11043,527.0
NEW ZEALAND DOLLAR - CHICAGO MERCANTILE EXCHANGE,2006-09-12,9750,239,-1468.0,64.0,19320,468.0,9511,-1532.0
NEW ZEALAND DOLLAR - CHICAGO MERCANTILE EXCHANGE,2006-09-19,13350,468,3600.0,229.0,17608,-1712.0,12882,3371.0
NEW ZEALAND DOLLAR - CHICAGO MERCANTILE EXCHANGE,2006-09-26,13141,468,-209.0,0.0,17727,119.0,12673,-209.0
NEW ZEALAND DOLLAR - CHICAGO MERCANTILE EXCHANGE,2006-10-03,8391,616,-4750.0,148.0,13426,-4301.0,7775,-4898.0
NEW ZEALAND DOLLAR - CHICAGO MERCANTILE EXCHANGE,2006-10-10,11656,1547,3265.0,931.0,15750,2324.0,10109,2334.0
NEW ZEALAND DOLLAR - CHICAGO MERCANTILE EXCHANGE,2006-10-17,15075,1273,3419.0,-274.0,19759,4009.0,13802,3693.0
NEW ZEALAND DOLLAR - CHICAGO MERCANTILE EXCHANGE,2006-10-24,16443,1208,1368.0,-65.0,21403,1644.0,15235,1433.0
NEW ZEALAND DOLLAR - CHICAGO MERCANTILE EXCHANGE,2006-10-31,13531,1274,-2912.0,66.0,18440,-2963.0,12257,-2978.0
NEW ZEALAND DOLLAR - CHICAGO MERCANTILE EXCHANGE,2006-11-07,14371,452,840.0,-822.0,18916,476.0,13919,1662.0
NEW ZEALAND DOLLAR - CHICAGO MERCANTILE EXCHANGE,2006-11-14,10747,452,-3624.0,0.0,15514,-3402.0,10295,-3624.0
NEW ZEALAND DOLLAR - CHICAGO MERCANTILE EXCHANGE,2006-11-21,13298,452,2551.0,0.0,17654,2140.0,12846,2551.0
NEW ZEALAND DOLLAR - CHICAGO MERCANTILE EXCHANGE,2006-11-28,13682,759,384.0,307.0,18078,424.0,12923,77.0
NEW ZEALAND DOLLAR - CHICAGO MERCANTILE EXCHANGE,2006-12-05,15427,957,1745.0,198.0,19768,1690.0,14470,1547.0
NEW ZEALAND DOLLAR - CHICAGO MERCANTILE EXCHANGE,2006-12-12,17432,865,2005.0,-92.0,22265,2497.0,16567,2097.0
NEW ZEALAND DOLLAR - CHICAGO MERCANTILE EXCHANGE,2006-12-19,19129,1240,1697.0,375.0,22440,175.0,17889,1322.0
NEW ZEALAND DOLLAR - CHICAGO MERCANTILE EXCHANGE,2006-12-26,18350,761,-779.0,-479.0,21961,-479.0,17589,-300.0
NEW ZEALAND DOLLAR - CHICAGO MERCANTILE EXCHANGE,2007-01-03,19054,702,704.0,-59.0,22855,894.0,18352,763.0
NEW ZEALAND DOLLAR - CHICAGO MERCANTILE EXCHANGE,2007-01-09,15283,665,-3771.0,-37.0,20440,-2415.0,14618,-3734.0
NEW ZEALAND DOLLAR - CHICAGO MERCANTILE EXCHANGE,2007-01-16,14032,631,-1251.0,-34.0,19988,-452.0,13401,-1217.0
NEW ZEALAND DOLLAR - CHICAGO MERCANTILE EXCHANGE,2007-01-23,11450,1255,-2582.0,624.0,18687,-1301.0,10195,-3206.0
NEW ZEALAND DOLLAR - CHICAGO MERCANTILE EXCHANGE,2007-01-30,8758,637,-2692.0,-618.0,18000,-687.0,8121,-2074.0
NEW ZEALAND DOLLAR - CHICAGO MERCANTILE EXCHANGE,2007-02-06,10592,471,1834.0,-166.0,18326,326.0,10121,2000.0
NEW ZEALAND DOLLAR - CHICAGO MERCANTILE EXCHANGE,2007-02-13,12894,421,2302.0,-50.0,19219,893.0,12473,2352.0
NEW ZEALAND DOLLAR - CHICAGO MERCANTILE EXCHANGE,2007-02-20,16240,372,3346.0,-49.0,21969,2750.0,15868,3395.0
NEW ZEALAND DOLLAR - CHICAGO MERCANTILE EXCHANGE,2007-02-27,16798,292,558.0,-80.0,22779,810.0,16506,638.0
NEW ZEALAND DOLLAR - CHICAGO MERCANTILE EXCHANGE,2007-03-06,14404,115,-2394.0,-177.0,21159,-1620.0,14289,-2217.0
NEW ZEALAND DOLLAR - CHICAGO MERCANTILE EXCHANGE,2007-03-13,15091,329,687.0,214.0,23442,2283.0,14762,473.0
NEW ZEALAND DOLLAR - CHICAGO MERCANTILE EXCHANGE,2007-03-20,19735,879,4644.0,550.0,23099,-343.0,18856,4094.0
NEW ZEALAND DOLLAR - CHICAGO MERCANTILE EXCHANGE,2007-03-27,23824,1036,4089.0,157.0,27611,4512.0,22788,3932.0
NEW ZEALAND DOLLAR - CHICAGO MERCANTILE EXCHANGE,2007-04-03,23361,836,-463.0,-200.0,27025,-586.0,22525,-263.0
NEW ZEALAND DOLLAR - CHICAGO MERCANTILE EXCHANGE,2007-04-10,21068,1001,-2293.0,165.0,25383,-1642.0,20067,-2458.0
NEW ZEALAND DOLLAR - CHICAGO MERCANTILE EXCHANGE,2007-04-17,24198,1101,3130.0,100.0,28672,3289.0,23097,3030.0
NEW ZEALAND DOLLAR - CHICAGO MERCANTILE EXCHANGE,2007-04-24,22801,1698,-1397.0,597.0,28091,-581.0,21103,-1994.0
NEW ZEALAND DOLLAR - CHICAGO MERCANTILE EXCHANGE,2007-05-01,18777,1254,-4024.0,-444.0,25253,-2838.0,17523,-3580.0
NEW ZEALAND DOLLAR - CHICAGO MERCANTILE EXCHANGE,2007-05-08,16416,1161,-2361.0,-93.0,23617,-1636.0,15255,-2268.0
NEW ZEALAND DOLLAR - CHICAGO MERCANTILE EXCHANGE,2007-05-15,20095,856,3679.0,-305.0,26331,2714.0,19239,3984.0
NEW ZEALAND DOLLAR - CHICAGO MERCANTILE EXCHANGE,2007-05-22,16607,800,-3488.0,-56.0,24381,-1950.0,15807,-3432.0
NEW ZEALAND DOLLAR - CHICAGO MERCANTILE EXCHANGE,2007-05-29,15707,796,-900.0,-4.0,23796,-585.0,14911,-896.0
NEW ZEALAND DOLLAR - CHICAGO MERCANTILE EXCHANGE,2007-06-05,21210,1292,5503.0,496.0,27528,3732.0,19918,5007.0
NEW ZEALAND DOLLAR - CHICAGO MERCANTILE EXCHANGE,2007-06-12,27973,1577,6763.0,285.0,55629,28101.0,26396,6478.0
NEW ZEALAND DOLLAR - CHICAGO MERCANTILE EXCHANGE,2007-06-19,26386,2070,-1587.0,493.0,41113,-14516.0,24316,-2080.0
NEW ZEALAND DOLLAR - CHICAGO MERCANTILE EXCHANGE,2007-06-26,26627,2753,241.0,683.0,41393,280.0,23874,-442.0
NEW ZEALAND DOLLAR - CHICAGO MERCANTILE EXCHANGE,2007-07-03,25511,2617,-1116.0,-136.0,41316,-77.0,22894,-980.0
NEW ZEALAND DOLLAR - CHICAGO MERCANTILE EXCHANGE,2007-07-10,25480,2230,-31.0,-387.0,41167,-149.0,23250,356.0
NEW ZEALAND DOLLAR - CHICAGO MERCANTILE EXCHANGE,2007-07-17,26292,1906,812.0,-324.0,43212,2045.0,24386,1136.0
NEW ZEALAND DOLLAR - CHICAGO MERCANTILE EXCHANGE,2007-07-24,30047,2203,3755.0,297.0,46589,3377.0,27844,3458.0
NEW ZEALAND DOLLAR - CHICAGO MERCANTILE EXCHANGE,2007-07-31,15457,1193,-14590.0,-1010.0,32233,-14356.0,14264,-13580.0
NEW ZEALAND DOLLAR - CHICAGO MERCANTILE EXCHANGE,2007-08-07,17778,1118,2321.0,-75.0,32616,383.0,16660,2396.0
NEW ZEALAND DOLLAR - CHICAGO MERCANTILE EXCHANGE,2007-08-14,16345,2308,-1433.0,1190.0,31708,-908.0,14037,-2623.0
NEW ZEALAND DOLLAR - CHICAGO MERCANTILE EXCHANGE,2007-08-21,11912,3027,-4433.0,719.0,29542,-2166.0,8885,-5152.0
NEW ZEALAND DOLLAR - CHICAGO MERCANTILE EXCHANGE,2007-08-28,8429,4604,-3483.0,1577.0,29236,-306.0,3825,-5060.0
NEW ZEALAND DOLLAR - CHICAGO MERCANTILE EXCHANGE,2007-09-04,10850,4507,2421.0,-97.0,29416,180.0,6343,2518.0
NEW ZEALAND DOLLAR - CHICAGO MERCANTILE EXCHANGE,2007-09-11,14013,4339,3163.0,-168.0,33398,3982.0,9674,3331.0
NEW ZEALAND DOLLAR - CHICAGO MERCANTILE EXCHANGE,2007-09-18,14444,3272,431.0,-1067.0,19015,-14383.0,11172,1498.0
NEW ZEALAND DOLLAR - CHICAGO MERCANTILE EXCHANGE,2007-09-25,15904,3182,1460.0,-90.0,21124,2109.0,12722,1550.0
NEW ZEALAND DOLLAR - CHICAGO MERCANTILE EXCHANGE,2007-10-02,20974,2480,5070.0,-702.0,25717,4593.0,18494,5772.0
NEW ZEALAND DOLLAR - CHICAGO MERCANTILE EXCHANGE,2007-10-09,24238,3153,3264.0,673.0,29258,3541.0,21085,2591.0
NEW ZEALAND DOLLAR - CHICAGO MERCANTILE EXCHANGE,2007-10-16,25591,3206,1353.0,53.0,30684,1426.0,22385,1300.0
NEW ZEALAND DOLLAR - CHICAGO MERCANTILE EXCHANGE,2007-10-23,23802,4351,-1789.0,1145.0,30493,-191.0,19451,-2934.0
NEW ZEALAND DOLLAR - CHICAGO MERCANTILE EXCHANGE,2007-10-30,19101,4433,-4701.0,82.0,26253,-4240.0,14668,-4783.0
NEW ZEALAND DOLLAR - CHICAGO MERCANTILE EXCHANGE,2007-11-06,17935,4554,-1166.0,121.0,25305,-948.0,13381,-1287.0
NEW ZEALAND DOLLAR - CHICAGO MERCANTILE EXCHANGE,2007-11-13,15369,4946,-2566.0,392.0,24117,-1188.0,10423,-2958.0
NEW ZEALAND DOLLAR - CHICAGO MERCANTILE EXCHANGE,2007-11-20,12132,5078,-3237.0,132.0,23219,-898.0,7054,-3369.0
NEW ZEALAND DOLLAR - CHICAGO MERCANTILE EXCHANGE,2007-11-27,11672,4813,-460.0,-265.0,22618,-601.0,6859,-195.0
NEW ZEALAND DOLLAR - CHICAGO MERCANTILE EXCHANGE,2007-12-04,14124,3125,2452.0,-1688.0,22019,-599.0,10999,4140.0
NEW ZEALAND DOLLAR - CHICAGO MERCANTILE EXCHANGE,2007-12-11,14047,2706,-77.0,-419.0,27458,5439.0,11341,342.0
NEW ZEALAND DOLLAR - CHICAGO MERCANTILE EXCHANGE,2007-12-18,12556,2930,-1491.0,224.0,19080,-8378.0,9626,-1715.0
NEW ZEALAND DOLLAR - CHICAGO MERCANTILE EXCHANGE,2007-12-24,14098,1851,1542.0,-1079.0,20826,1746.0,12247,2621.0
NEW ZEALAND DOLLAR - CHICAGO MERCANTILE EXCHANGE,2007-12-31,16237,2272,2139.0,421.0,21344,518.0,13965,1718.0
NEW ZEALAND DOLLAR - CHICAGO MERCANTILE EXCHANGE,2008-01-08,14848,1345,-1389.0,-927.0,21286,-58.0,13503,-462.0
NEW ZEALAND DOLLAR - CHICAGO MERCANTILE EXCHANGE,2008-01-15,16969,1220,2121.0,-125.0,22467,1181.0,15749,2246.0
NEW ZEALAND DOLLAR - CHICAGO MERCANTILE EXCHANGE,2008-01-22,14406,2951,-2563.0,1731.0,21818,-649.0,11455,-4294.0
NEW ZEALAND DOLLAR - CHICAGO MERCANTILE EXCHANGE,2008-01-29,13429,2707,-977.0,-244.0,20854,-964.0,10722,-733.0
NEW ZEALAND DOLLAR - CHICAGO MERCANTILE EXCHANGE,2008-02-05,16150,1361,2721.0,-1346.0,23061,2207.0,14789,4067.0
NEW ZEALAND DOLLAR - CHICAGO MERCANTILE EXCHANGE,2008-02-12,17294,1315,1144.0,-46.0,24074,1013.0,15979,1190.0
NEW ZEALAND DOLLAR - CHICAGO MERCANTILE EXCHANGE,2008-02-19,16735,1608,-559.0,293.0,24663,589.0,15127,-852.0
NEW ZEALAND DOLLAR - CHICAGO MERCANTILE EXCHANGE,2008-02-26,16954,1421,219.0,-187.0,25565,902.0,15533,406.0
NEW ZEALAND DOLLAR - CHICAGO MERCANTILE EXCHANGE,2008-03-04,14988,1357,-1966.0,-64.0,24541,-1024.0,13631,-1902.0
NEW ZEALAND DOLLAR - CHICAGO MERCANTILE EXCHANGE,2008-03-11,13379,983,-1609.0,-374.0,25732,1191.0,12396,-1235.0
NEW ZEALAND DOLLAR - CHICAGO MERCANTILE EXCHANGE,2008-03-18,12921,2543,-458.0,1560.0,17754,-7978.0,10378,-2018.0
NEW ZEALAND DOLLAR - CHICAGO MERCANTILE EXCHANGE,2008-03-25,12476,3025,-445.0,482.0,18330,576.0,9451,-927.0
NEW ZEALAND DOLLAR - CHICAGO MERCANTILE EXCHANGE,2008-04-01,11600,4146,-876.0,1121.0,19790,1460.0,7454,-1997.0
NEW ZEALAND DOLLAR - CHICAGO MERCANTILE EXCHANGE,2008-04-08,12412,4040,812.0,-106.0,20951,1161.0,8372,918.0
NEW ZEALAND DOLLAR - CHICAGO MERCANTILE EXCHANGE,2008-04-15,12015,5421,-397.0,1381.0,22254,1303.0,6594,-1778.0
NEW ZEALAND DOLLAR - CHICAGO MERCANTILE EXCHANGE,2008-04-22,12726,4832,711.0,-589.0,23365,1111.0,7894,1300.0
NEW ZEALAND DOLLAR - CHICAGO MERCANTILE EXCHANGE,2008-04-29,10798,5309,-1928.0,477.0,23624,259.0,5489,-2405.0
NEW ZEALAND DOLLAR - CHICAGO MERCANTILE EXCHANGE,2008-05-06,11449,5112,651.0,-197.0,23946,322.0,6337,848.0
NEW ZEALAND DOLLAR - CHICAGO MERCANTILE EXCHANGE,2008-05-13,11193,7749,-256.0,2637.0,30377,6431.0,3444,-2893.0
NEW ZEALAND DOLLAR - CHICAGO MERCANTILE EXCHANGE,2008-05-20,12274,7733,1081.0,-16.0,30921,544.0,4541,1097.0
NEW ZEALAND DOLLAR - CHICAGO MERCANTILE EXCHANGE,2008-05-27,12903,7939,629.0,206.0,32124,1203.0,4964,423.0
NEW ZEALAND DOLLAR - CHICAGO MERCANTILE EXCHANGE,2008-06-03,13965,7637,1062.0,-302.0,32954,830.0,6328,1364.0
NEW ZEALAND DOLLAR - CHICAGO MERCANTILE EXCHANGE,2008-06-10,11677,8477,-2288.0,840.0,36876,3922.0,3200,-3128.0
NEW ZEALAND DOLLAR - CHICAGO MERCANTILE EXCHANGE,2008-06-17,10806,9240,-871.0,763.0,25095,-11781.0,1566,-1634.0
NEW ZEALAND DOLLAR - CHICAGO MERCANTILE EXCHANGE,2008-06-24,11543,8893,737.0,-347.0,25319,224.0,2650,1084.0
NEW ZEALAND DOLLAR - CHICAGO MERCANTILE EXCHANGE,2008-07-01,11988,8822,445.0,-71.0,26855,1536.0,3166,516.0
NEW ZEALAND DOLLAR - CHICAGO MERCANTILE EXCHANGE,2008-07-08,12212,10071,224.0,1249.0,30523,3668.0,2141,-1025.0
NEW ZEALAND DOLLAR - CHICAGO MERCANTILE EXCHANGE,2008-07-15,13581,8254,1369.0,-1817.0,29068,-1455.0,5327,3186.0
NEW ZEALAND DOLLAR - CHICAGO MERCANTILE EXCHANGE,2008-07-22,13384,8400,-197.0,146.0,27932,-1136.0,4984,-343.0
NEW ZEALAND DOLLAR - CHICAGO MERCANTILE EXCHANGE,2008-07-29,11649,10065,-1735.0,1665.0,28995,1063.0,1584,-3400.0
NEW ZEALAND DOLLAR - CHICAGO MERCANTILE EXCHANGE,2008-08-05,11583,12964,-66.0,2899.0,32162,3167.0,-1381,-2965.0
NEW ZEALAND DOLLAR - CHICAGO MERCANTILE EXCHANGE,2008-08-12,10639,12090,-944.0,-874.0,31708,-454.0,-1451,-70.0
NEW ZEALAND DOLLAR - CHICAGO MERCANTILE EXCHANGE,2008-08-19,10267,10864,-372.0,-1226.0,28137,-3571.0,-597,854.0
NEW ZEALAND DOLLAR - CHICAGO MERCANTILE EXCHANGE,2008-08-26,9849,10312,-418.0,-552.0,26713,-1424.0,-463,134.0
NEW ZEALAND DOLLAR - CHICAGO MERCANTILE EXCHANGE,2008-09-02,9365,11179,-484.0,867.0,26943,230.0,-1814,-1351.0
NEW ZEALAND DOLLAR - CHICAGO MERCANTILE EXCHANGE,2008-09-09,8773,11723,-592.0,544.0,28411,1468.0,-2950,-1136.0
NEW ZEALAND DOLLAR - CHICAGO MERCANTILE EXCHANGE,2008-09-16,7744,11644,-1029.0,-79.0,19338,-9073.0,-3900,-950.0
NEW ZEALAND DOLLAR - CHICAGO MERCANTILE EXCHANGE,2008-09-23,4418,9004,-3326.0,-2640.0,22337,2999.0,-4586,-686.0
NEW ZEALAND DOLLAR - CHICAGO MERCANTILE EXCHANGE,2008-09-30,4552,9333,134.0,329.0,18911,-3426.0,-4781,-195.0
NEW ZEALAND DOLLAR - CHICAGO MERCANTILE EXCHANGE,2008-10-07,4533,9011,-19.0,-322.0,19057,146.0,-4478,303.0
NEW ZEALAND DOLLAR - CHICAGO MERCANTILE EXCHANGE,2008-10-14,2366,6926,-2167.0,-2085.0,18508,-549.0,-4560,-82.0
NEW ZEALAND DOLLAR - CHICAGO MERCANTILE EXCHANGE,2008-10-21,2317,6488,-49.0,-438.0,18222,-286.0,-4171,389.0
NEW ZEALAND DOLLAR - CHICAGO MERCANTILE EXCHANGE,2008-10-28,2897,5344,580.0,-1144.0,18412,190.0,-2447,1724.0
NEW ZEALAND DOLLAR - CHICAGO MERCANTILE EXCHANGE,2008-11-04,2907,3839,10.0,-1505.0,18501,89.0,-932,1515.0
NEW ZEALAND DOLLAR - CHICAGO MERCANTILE EXCHANGE,2008-11-11,2878,4244,-29.0,405.0,19041,540.0,-1366,-434.0
NEW ZEALAND DOLLAR - CHICAGO MERCANTILE EXCHANGE,2008-11-18,2607,4248,-271.0,4.0,18864,-177.0,-1641,-275.0
NEW ZEALAND DOLLAR - CHICAGO MERCANTILE EXCHANGE,2008-11-25,2432,4810,-175.0,562.0,19099,235.0,-2378,-737.0
NEW ZEALAND DOLLAR - CHICAGO MERCANTILE EXCHANGE,2008-12-02,2266,4828,-166.0,18.0,19050,-49.0,-2562,-184.0
NEW ZEALAND DOLLAR - CHICAGO MERCANTILE EXCHANGE,2008-12-09,2231,4524,-35.0,-304.0,19891,841.0,-2293,269.0
NEW ZEALAND DOLLAR - CHICAGO MERCANTILE EXCHANGE,2008-12-16,2060,3595,-171.0,-929.0,9130,-10761.0,-1535,758.0
NEW ZEALAND DOLLAR - CHICAGO MERCANTILE EXCHANGE,2008-12-22,2063,3263,3.0,-332.0,8905,-225.0,-1200,335.0
NEW ZEALAND DOLLAR - CHICAGO MERCANTILE EXCHANGE,2008-12-30,2360,3369,297.0,106.0,9033,128.0,-1009,191.0
NEW ZEALAND DOLLAR - CHICAGO MERCANTILE EXCHANGE,2009-01-06,3286,3038,926.0,-331.0,9970,937.0,248,1257.0
NEW ZEALAND DOLLAR - CHICAGO MERCANTILE EXCHANGE,2009-01-13,3416,3609,130.0,571.0,9998,28.0,-193,-441.0
NEW ZEALAND DOLLAR - CHICAGO MERCANTILE EXCHANGE,2009-01-20,2059,3996,-1357.0,387.0,9714,-284.0,-1937,-1744.0
NEW ZEALAND DOLLAR - CHICAGO MERCANTILE EXCHANGE,2009-01-27,1802,6099,-257.0,2103.0,10782,1068.0,-4297,-2360.0
NEW ZEALAND DOLLAR - CHICAGO MERCANTILE EXCHANGE,2009-02-03,1638,7616,-164.0,1517.0,12945,2163.0,-5978,-1681.0
NEW ZEALAND DOLLAR - CHICAGO MERCANTILE EXCHANGE,2009-02-10,2184,6523,546.0,-1093.0,12701,-244.0,-4339,1639.0
NEW ZEALAND DOLLAR - CHICAGO MERCANTILE EXCHANGE,2009-02-17,2286,6868,102.0,345.0,12828,127.0,-4582,-243.0
NEW ZEALAND DOLLAR - CHICAGO MERCANTILE EXCHANGE,2009-02-24,2161,8091,-125.0,1223.0,13690,862.0,-5930,-1348.0
NEW ZEALAND DOLLAR - CHICAGO MERCANTILE EXCHANGE,2009-03-03,2139,8907,-22.0,816.0,15870,2180.0,-6768,-838.0
NEW ZEALAND DOLLAR - CHICAGO MERCANTILE EXCHANGE,2009-03-10,2116,10095,-23.0,1188.0,17991,2121.0,-7979,-1211.0
NEW ZEALAND DOLLAR - CHICAGO MERCANTILE EXCHANGE,2009-03-17,2872,8952,756.0,-1143.0,15548,-2443.0,-6080,1899.0
NEW ZEALAND DOLLAR - CHICAGO MERCANTILE EXCHANGE,2009-03-24,3383,6268,511.0,-2684.0,15198,-350.0,-2885,3195.0
NEW ZEALAND DOLLAR - CHICAGO MERCANTILE EXCHANGE,2009-03-31,3583,4522,200.0,-1746.0,14124,-1074.0,-939,1946.0
NEW ZEALAND DOLLAR - CHICAGO MERCANTILE EXCHANGE,2009-04-07,4359,1391,776.0,-3131.0,13704,-420.0,2968,3907.0
NEW ZEALAND DOLLAR - CHICAGO MERCANTILE EXCHANGE,2009-04-14,5362,1002,1003.0,-389.0,15202,1498.0,4360,1392.0
NEW ZEALAND DOLLAR - CHICAGO MERCANTILE EXCHANGE,2009-04-21,4538,1033,-824.0,31.0,13843,-1359.0,3505,-855.0
NEW ZEALAND DOLLAR - CHICAGO MERCANTILE EXCHANGE,2009-04-28,4855,1207,317.0,174.0,14095,252.0,3648,143.0
NEW ZEALAND DOLLAR - CHICAGO MERCANTILE EXCHANGE,2009-05-05,4658,849,-197.0,-358.0,13993,-102.0,3809,161.0
NEW ZEALAND DOLLAR - CHICAGO MERCANTILE EXCHANGE,2009-05-12,7031,773,2373.0,-76.0,16914,2921.0,6258,2449.0
NEW ZEALAND DOLLAR - CHICAGO MERCANTILE EXCHANGE,2009-05-19,7841,1022,810.0,249.0,19239,2325.0,6819,561.0
NEW ZEALAND DOLLAR - CHICAGO MERCANTILE EXCHANGE,2009-05-26,13351,819,5510.0,-203.0,24755,5516.0,12532,5713.0
NEW ZEALAND DOLLAR - CHICAGO MERCANTILE EXCHANGE,2009-06-02,15297,1165,1946.0,346.0,27273,2518.0,14132,1600.0
NEW ZEALAND DOLLAR - CHICAGO MERCANTILE EXCHANGE,2009-06-09,15712,939,415.0,-226.0,34760,7487.0,14773,641.0
NEW ZEALAND DOLLAR - CHICAGO MERCANTILE EXCHANGE,2009-06-16,16325,865,613.0,-74.0,20666,-14094.0,15460,687.0
NEW ZEALAND DOLLAR - CHICAGO MERCANTILE EXCHANGE,2009-06-23,17977,1021,1652.0,156.0,22606,1940.0,16956,1496.0
NEW ZEALAND DOLLAR - CHICAGO MERCANTILE EXCHANGE,2009-06-30,18679,996,702.0,-25.0,23742,1136.0,17683,727.0
NEW ZEALAND DOLLAR - CHICAGO MERCANTILE EXCHANGE,2009-07-07,16391,1034,-2288.0,38.0,21694,-2048.0,15357,-2326.0
NEW ZEALAND DOLLAR - CHICAGO MERCANTILE EXCHANGE,2009-07-14,15990,1021,-401.0,-13.0,22089,395.0,14969,-388.0
NEW ZEALAND DOLLAR - CHICAGO MERCANTILE EXCHANGE,2009-07-21,16959,776,969.0,-245.0,21987,-102.0,16183,1214.0
NEW ZEALAND DOLLAR - CHICAGO MERCANTILE EXCHANGE,2009-07-28,17990,423,1031.0,-353.0,22692,705.0,17567,1384.0
NEW ZEALAND DOLLAR - CHICAGO MERCANTILE EXCHANGE,2009-08-04,18975,775,985.0,352.0,23883,1191.0,18200,633.0
NEW ZEALAND DOLLAR - CHICAGO MERCANTILE EXCHANGE,2009-08-11,19896,1085,921.0,310.0,25034,1151.0,18811,611.0
NEW ZEALAND DOLLAR - CHICAGO MERCANTILE EXCHANGE,2009-08-18,18515,1079,-1381.0,-6.0,24783,-251.0,17436,-1375.0
NEW ZEALAND DOLLAR - CHICAGO MERCANTILE EXCHANGE,2009-08-25,19835,1186,1320.0,107.0,25735,952.0,18649,1213.0
NEW ZEALAND DOLLAR - CHICAGO MERCANTILE EXCHANGE,2009-09-01,18602,938,-1233.0,-248.0,26059,324.0,17664,-985.0
NEW ZEALAND DOLLAR - CHICAGO MERCANTILE EXCHANGE,2009-09-08,18988,865,386.0,-73.0,29859,3800.0,18123,459.0
NEW ZEALAND DOLLAR - CHICAGO MERCANTILE EXCHANGE,2009-09-15,20206,1211,1218.0,346.0,23371,-6488.0,18995,872.0
NEW ZEALAND DOLLAR - CHICAGO MERCANTILE EXCHANGE,2009-09-22,19874,1229,-332.0,18.0,23603,232.0,18645,-350.0
NEW ZEALAND DOLLAR - CHICAGO MERCANTILE EXCHANGE,2009-09-29,19045,1542,-829.0,313.0,23776,173.0,17503,-1142.0
NEW ZEALAND DOLLAR - CHICAGO MERCANTILE EXCHANGE,2009-10-06,19606,1513,561.0,-29.0,24851,1075.0,18093,590.0
NEW ZEALAND DOLLAR - CHICAGO MERCANTILE EXCHANGE,2009-10-13,19432,1802,-174.0,289.0,24376,-475.0,17630,-463.0
NEW ZEALAND DOLLAR - CHICAGO MERCANTILE EXCHANGE,2009-10-20,19531,2373,99.0,571.0,24862,486.0,17158,-472.0
NEW ZEALAND DOLLAR - CHICAGO MERCANTILE EXCHANGE,2009-10-27,17613,2585,-1918.0,212.0,24230,-632.0,15028,-2130.0
NEW ZEALAND DOLLAR - CHICAGO MERCANTILE EXCHANGE,2009-11-03,15802,2486,-1811.0,-99.0,21898,-2332.0,13316,-1712.0
NEW ZEALAND DOLLAR - CHICAGO MERCANTILE EXCHANGE,2009-11-09,14709,3454,-1093.0,968.0,21106,-792.0,11255,-2061.0
NEW ZEALAND DOLLAR - CHICAGO MERCANTILE EXCHANGE,2009-11-17,15676,3002,967.0,-452.0,21639,533.0,12674,1419.0
NEW ZEALAND DOLLAR - CHICAGO MERCANTILE EXCHANGE,2009-11-24,15130,3546,-546.0,544.0,21639,0.0,11584,-1090.0
NEW ZEALAND DOLLAR - CHICAGO MERCANTILE EXCHANGE,2009-12-01,13729,5626,-1401.0,2080.0,22778,1139.0,8103,-3481.0
NEW ZEALAND DOLLAR - CHICAGO MERCANTILE EXCHANGE,2009-12-08,12583,4788,-1146.0,-838.0,23110,332.0,7795,-308.0
NEW ZEALAND DOLLAR - CHICAGO MERCANTILE EXCHANGE,2009-12-15,14235,4783,1652.0,-5.0,18647,-4463.0,9452,1657.0
NEW ZEALAND DOLLAR - CHICAGO MERCANTILE EXCHANGE,2009-12-22,15164,5418,929.0,635.0,19372,725.0,9746,294.0
NEW ZEALAND DOLLAR - CHICAGO MERCANTILE EXCHANGE,2009-12-29,13872,5067,-1292.0,-351.0,18893,-479.0,8805,-941.0
NEW ZEALAND DOLLAR - CHICAGO MERCANTILE EXCHANGE,2010-01-05,18106,5133,4234.0,66.0,23053,4160.0,12973,4168.0
NEW ZEALAND DOLLAR - CHICAGO MERCANTILE EXCHANGE,2010-01-12,21417,5734,3311.0,601.0,25732,2679.0,15683,2710.0
NEW ZEALAND DOLLAR - CHICAGO MERCANTILE EXCHANGE,2010-01-19,22397,6041,980.0,307.0,26917,1185.0,16356,673.0
NEW ZEALAND DOLLAR - CHICAGO MERCANTILE EXCHANGE,2010-01-26,16005,7534,-6392.0,1493.0,21440,-5477.0,8471,-7885.0
NEW ZEALAND DOLLAR - CHICAGO MERCANTILE EXCHANGE,2010-02-02,15251,9868,-754.0,2334.0,21312,-128.0,5383,-3088.0
NEW ZEALAND DOLLAR - CHICAGO MERCANTILE EXCHANGE,2010-02-09,14359,9636,-892.0,-232.0,20171,-1141.0,4723,-660.0
NEW ZEALAND DOLLAR - CHICAGO MERCANTILE EXCHANGE,2010-02-16,14523,7088,164.0,-2548.0,19679,-492.0,7435,2712.0
NEW ZEALAND DOLLAR - CHICAGO MERCANTILE EXCHANGE,2010-02-23,14641,8249,118.0,1161.0,20201,522.0,6392,-1043.0
NEW ZEALAND DOLLAR - CHICAGO MERCANTILE EXCHANGE,2010-03-02,13715,8603,-926.0,354.0,20158,-43.0,5112,-1280.0
NEW ZEALAND DOLLAR - CHICAGO MERCANTILE EXCHANGE,2010-03-09,11964,8717,-1751.0,114.0,21863,1705.0,3247,-1865.0
NEW ZEALAND DOLLAR - CHICAGO MERCANTILE EXCHANGE,2010-03-16,11334,8525,-630.0,-192.0,15638,-6225.0,2809,-438.0
NEW ZEALAND DOLLAR - CHICAGO MERCANTILE EXCHANGE,2010-03-23,13621,8132,2287.0,-393.0,17599,1961.0,5489,2680.0
NEW ZEALAND DOLLAR - CHICAGO MERCANTILE EXCHANGE,2010-03-30,13049,7243,-572.0,-889.0,17143,-456.0,5806,317.0
NEW ZEALAND DOLLAR - CHICAGO MERCANTILE EXCHANGE,2010-04-06,12836,7333,-213.0,90.0,16221,-922.0,5503,-303.0
NEW ZEALAND DOLLAR - CHICAGO MERCANTILE EXCHANGE,2010-04-13,13771,6620,935.0,-713.0,17540,1319.0,7151,1648.0
NEW ZEALAND DOLLAR - CHICAGO MERCANTILE EXCHANGE,2010-04-20,14497,5745,726.0,-875.0,17911,371.0,8752,1601.0
NEW ZEALAND DOLLAR - CHICAGO MERCANTILE EXCHANGE,2010-04-27,17554,4645,3057.0,-1100.0,21797,3886.0,12909,4157.0
NEW ZEALAND DOLLAR - CHICAGO MERCANTILE EXCHANGE,2010-05-04,18961,3985,1407.0,-660.0,23312,1515.0,14976,2067.0
NEW ZEALAND DOLLAR - CHICAGO MERCANTILE EXCHANGE,2010-05-11,20428,3536,1467.0,-449.0,24215,903.0,16892,1916.0
NEW ZEALAND DOLLAR - CHICAGO MERCANTILE EXCHANGE,2010-05-18,16740,4187,-3688.0,651.0,21357,-2858.0,12553,-4339.0
NEW ZEALAND DOLLAR - CHICAGO MERCANTILE EXCHANGE,2010-05-25,11342,3680,-5398.0,-507.0,17760,-3597.0,7662,-4891.0
NEW ZEALAND DOLLAR - CHICAGO MERCANTILE EXCHANGE,2010-06-01,7622,5418,-3720.0,1738.0,15586,-2174.0,2204,-5458.0
NEW ZEALAND DOLLAR - CHICAGO MERCANTILE EXCHANGE,2010-06-08,6230,7099,-1392.0,1681.0,17962,2376.0,-869,-3073.0
NEW ZEALAND DOLLAR - CHICAGO MERCANTILE EXCHANGE,2010-06-15,4329,6458,-1901.0,-641.0,9089,-8873.0,-2129,-1260.0
NEW ZEALAND DOLLAR - CHICAGO MERCANTILE EXCHANGE,2010-06-22,6721,5899,2392.0,-559.0,10476,1387.0,822,2951.0
NEW ZEALAND DOLLAR - CHICAGO MERCANTILE EXCHANGE,2010-06-29,8459,5973,1738.0,74.0,12880,2404.0,2486,1664.0
NEW ZEALAND DOLLAR - CHICAGO MERCANTILE EXCHANGE,2010-07-06,8093,5516,-366.0,-457.0,12959,79.0,2577,91.0
NEW ZEALAND DOLLAR - CHICAGO MERCANTILE EXCHANGE,2010-07-13,12683,7231,4590.0,1715.0,16798,3839.0,5452,2875.0
NEW ZEALAND DOLLAR - CHICAGO MERCANTILE EXCHANGE,2010-07-20,14523,5550,1840.0,-1681.0,18631,1833.0,8973,3521.0
NEW ZEALAND DOLLAR - CHICAGO MERCANTILE EXCHANGE,2010-07-27,18398,4724,3875.0,-826.0,22919,4288.0,13674,4701.0
NEW ZEALAND DOLLAR - CHICAGO MERCANTILE EXCHANGE,2010-08-03,20353,5294,1955.0,570.0,24399,1480.0,15059,1385.0
NEW ZEALAND DOLLAR - CHICAGO MERCANTILE EXCHANGE,2010-08-10,18992,6448,-1361.0,1154.0,25036,637.0,12544,-2515.0
NEW ZEALAND DOLLAR - CHICAGO MERCANTILE EXCHANGE,2010-08-17,17595,5456,-1397.0,-992.0,23627,-1409.0,12139,-405.0
NEW ZEALAND DOLLAR - CHICAGO MERCANTILE EXCHANGE,2010-08-24,14931,4248,-2664.0,-1208.0,20271,-3356.0,10683,-1456.0
NEW ZEALAND DOLLAR - CHICAGO MERCANTILE EXCHANGE,2010-08-31,12193,5236,-2738.0,988.0,20099,-172.0,6957,-3726.0
NEW ZEALAND DOLLAR - CHICAGO MERCANTILE EXCHANGE,2010-09-07,14648,5271,2455.0,35.0,27922,7823.0,9377,2420.0
NEW ZEALAND DOLLAR - CHICAGO MERCANTILE EXCHANGE,2010-09-14,21414,4575,6766.0,-696.0,25755,-2167.0,16839,7462.0
NEW ZEALAND DOLLAR - CHICAGO MERCANTILE EXCHANGE,2010-09-21,22636,4228,1222.0,-347.0,26820,1065.0,18408,1569.0
NEW ZEALAND DOLLAR - CHICAGO MERCANTILE EXCHANGE,2010-09-28,21604,4334,-1032.0,106.0,25965,-855.0,17270,-1138.0
NEW ZEALAND DOLLAR - CHICAGO MERCANTILE EXCHANGE,2010-10-05,21339,5005,-265.0,671.0,26042,77.0,16334,-936.0
NEW ZEALAND DOLLAR - CHICAGO MERCANTILE EXCHANGE,2010-10-12,21276,4703,-63.0,-302.0,26437,395.0,16573,239.0
NEW ZEALAND DOLLAR - CHICAGO MERCANTILE EXCHANGE,2010-10-19,21477,6146,201.0,1443.0,27031,594.0,15331,-1242.0
NEW ZEALAND DOLLAR - CHICAGO MERCANTILE EXCHANGE,2010-10-26,21577,5706,100.0,-440.0,26754,-277.0,15871,540.0
NEW ZEALAND DOLLAR - CHICAGO MERCANTILE EXCHANGE,2010-11-02,23393,4245,1816.0,-1461.0,28353,1599.0,19148,3277.0
NEW ZEALAND DOLLAR - CHICAGO MERCANTILE EXCHANGE,2010-11-09,26965,4715,3572.0,470.0,31494,3141.0,22250,3102.0
NEW ZEALAND DOLLAR - CHICAGO MERCANTILE EXCHANGE,2010-11-16,28915,5470,1950.0,755.0,33423,1929.0,23445,1195.0
NEW ZEALAND DOLLAR - CHICAGO MERCANTILE EXCHANGE,2010-11-23,26095,5026,-2820.0,-444.0,30969,-2454.0,21069,-2376.0
NEW ZEALAND DOLLAR - CHICAGO MERCANTILE EXCHANGE,2010-11-30,22982,4537,-3113.0,-489.0,27575,-3394.0,18445,-2624.0
NEW ZEALAND DOLLAR - CHICAGO MERCANTILE EXCHANGE,2010-12-07,22024,3763,-958.0,-774.0,27595,20.0,18261,-184.0
NEW ZEALAND DOLLAR - CHICAGO MERCANTILE EXCHANGE,2010-12-14,21314,8793,-710.0,5030.0,24510,-3085.0,12521,-5740.0
NEW ZEALAND DOLLAR - CHICAGO MERCANTILE EXCHANGE,2010-12-21,17780,10414,-3534.0,1621.0,25081,571.0,7366,-5155.0
NEW ZEALAND DOLLAR - CHICAGO MERCANTILE EXCHANGE,2010-12-28,18570,10455,790.0,41.0,25090,9.0,8115,749.0
NEW ZEALAND DOLLAR - CHICAGO MERCANTILE EXCHANGE,2011-01-04,21162,10431,2592.0,-24.0,26443,1353.0,10731,2616.0
NEW ZEALAND DOLLAR - CHICAGO MERCANTILE EXCHANGE,2011-01-11,20943,11323,-219.0,892.0,27358,915.0,9620,-1111.0
NEW ZEALAND DOLLAR - CHICAGO MERCANTILE EXCHANGE,2011-01-18,21224,9977,281.0,-1346.0,27636,278.0,11247,1627.0
NEW ZEALAND DOLLAR - CHICAGO MERCANTILE EXCHANGE,2011-01-25,18507,9880,-2717.0,-97.0,26199,-1437.0,8627,-2620.0
NEW ZEALAND DOLLAR - CHICAGO MERCANTILE EXCHANGE,2011-02-01,20041,9771,1534.0,-109.0,27450,1251.0,10270,1643.0
NEW ZEALAND DOLLAR - CHICAGO MERCANTILE EXCHANGE,2011-02-08,20804,9947,763.0,176.0,27897,447.0,10857,587.0
NEW ZEALAND DOLLAR - CHICAGO MERCANTILE EXCHANGE,2011-02-15,18018,8208,-2786.0,-1739.0,27735,-162.0,9810,-1047.0
NEW ZEALAND DOLLAR - CHICAGO MERCANTILE EXCHANGE,2011-02-22,15975,7874,-2043.0,-334.0,27830,95.0,8101,-1709.0
NEW ZEALAND DOLLAR - CHICAGO MERCANTILE EXCHANGE,2011-03-01,15326,7915,-649.0,41.0,26966,-864.0,7411,-690.0
NEW ZEALAND DOLLAR - CHICAGO MERCANTILE EXCHANGE,2011-03-08,13467,9121,-1859.0,1206.0,27699,733.0,4346,-3065.0
NEW ZEALAND DOLLAR - CHICAGO MERCANTILE EXCHANGE,2011-03-15,7277,10086,-6190.0,965.0,15851,-11848.0,-2809,-7155.0
NEW ZEALAND DOLLAR - CHICAGO MERCANTILE EXCHANGE,2011-03-22,6005,7487,-1272.0,-2599.0,13974,-1877.0,-1482,1327.0
NEW ZEALAND DOLLAR - CHICAGO MERCANTILE EXCHANGE,2011-03-29,6598,6359,593.0,-1128.0,13401,-573.0,239,1721.0
NEW ZEALAND DOLLAR - CHICAGO MERCANTILE EXCHANGE,2011-04-05,10129,7434,3531.0,1075.0,16197,2796.0,2695,2456.0
NEW ZEALAND DOLLAR - CHICAGO MERCANTILE EXCHANGE,2011-04-12,14233,7897,4104.0,463.0,21143,4946.0,6336,3641.0
NEW ZEALAND DOLLAR - CHICAGO MERCANTILE EXCHANGE,2011-04-19,17722,8383,3489.0,486.0,25789,4646.0,9339,3003.0
NEW ZEALAND DOLLAR - CHICAGO MERCANTILE EXCHANGE,2011-04-26,19205,7748,1483.0,-635.0,27220,1431.0,11457,2118.0
NEW ZEALAND DOLLAR - CHICAGO MERCANTILE EXCHANGE,2011-05-03,22522,9722,3317.0,1974.0,31620,4400.0,12800,1343.0
NEW ZEALAND DOLLAR - CHICAGO MERCANTILE EXCHANGE,2011-05-10,22828,9114,306.0,-608.0,30504,-1116.0,13714,914.0
NEW ZEALAND DOLLAR - CHICAGO MERCANTILE EXCHANGE,2011-05-17,22518,9894,-310.0,780.0,29636,-868.0,12624,-1090.0
NEW ZEALAND DOLLAR - CHICAGO MERCANTILE EXCHANGE,2011-05-24,23234,9358,716.0,-536.0,30930,1294.0,13876,1252.0
NEW ZEALAND DOLLAR - CHICAGO MERCANTILE EXCHANGE,2011-05-31,23579,7855,345.0,-1503.0,30915,-15.0,15724,1848.0
NEW ZEALAND DOLLAR - CHICAGO MERCANTILE EXCHANGE,2011-06-07,23573,7569,-6.0,-286.0,37227,6312.0,16004,280.0
NEW ZEALAND DOLLAR - CHICAGO MERCANTILE EXCHANGE,2011-06-14,23520,4302,-53.0,-3267.0,31432,-5795.0,19218,3214.0
NEW ZEALAND DOLLAR - CHICAGO MERCANTILE EXCHANGE,2011-06-21,22942,4093,-578.0,-209.0,30261,-1171.0,18849,-369.0
NEW ZEALAND DOLLAR - CHICAGO MERCANTILE EXCHANGE,2011-06-28,22242,3878,-700.0,-215.0,29652,-609.0,18364,-485.0
NEW ZEALAND DOLLAR - CHICAGO MERCANTILE EXCHANGE,2011-07-05,22648,3662,406.0,-216.0,30520,868.0,18986,622.0
NEW ZEALAND DOLLAR - CHICAGO MERCANTILE EXCHANGE,2011-07-12,22687,3103,39.0,-559.0,29745,-775.0,19584,598.0
NEW ZEALAND DOLLAR - CHICAGO MERCANTILE EXCHANGE,2011-07-19,23364,1926,677.0,-1177.0,31072,1327.0,21438,1854.0
NEW ZEALAND DOLLAR - CHICAGO MERCANTILE EXCHANGE,2011-07-26,25241,1950,1877.0,24.0,32793,1721.0,23291,1853.0
NEW ZEALAND DOLLAR - CHICAGO MERCANTILE EXCHANGE,2011-08-02,25808,1682,567.0,-268.0,33788,995.0,24126,835.0
NEW ZEALAND DOLLAR - CHICAGO MERCANTILE EXCHANGE,2011-08-09,21588,1161,-4220.0,-521.0,28943,-4845.0,20427,-3699.0
NEW ZEALAND DOLLAR - CHICAGO MERCANTILE EXCHANGE,2011-08-16,19214,797,-2374.0,-364.0,26705,-2238.0,18417,-2010.0
NEW ZEALAND DOLLAR - CHICAGO MERCANTILE EXCHANGE,2011-08-23,17980,1104,-1234.0,307.0,26504,-201.0,16876,-1541.0
NEW ZEALAND DOLLAR - CHICAGO MERCANTILE EXCHANGE,2011-08-30,17953,1388,-27.0,284.0,26856,352.0,16565,-311.0
NEW ZEALAND DOLLAR - CHICAGO MERCANTILE EXCHANGE,2011-09-06,19215,1545,1262.0,157.0,27939,1083.0,17670,1105.0
NEW ZEALAND DOLLAR - CHICAGO MERCANTILE EXCHANGE,2011-09-13,19303,1639,88.0,94.0,34664,6725.0,17664,-6.0
NEW ZEALAND DOLLAR - CHICAGO MERCANTILE EXCHANGE,2011-09-20,16511,2946,-2792.0,1307.0,22307,-12357.0,13565,-4099.0
NEW ZEALAND DOLLAR - CHICAGO MERCANTILE EXCHANGE,2011-09-27,14475,4884,-2036.0,1938.0,23804,1497.0,9591,-3974.0
NEW ZEALAND DOLLAR - CHICAGO MERCANTILE EXCHANGE,2011-10-04,12929,7363,-1546.0,2479.0,26211,2407.0,5566,-4025.0
NEW ZEALAND DOLLAR - CHICAGO MERCANTILE EXCHANGE,2011-10-11,12075,5237,-854.0,-2126.0,25059,-1152.0,6838,1272.0
NEW ZEALAND DOLLAR - CHICAGO MERCANTILE EXCHANGE,2011-10-18,12445,4220,370.0,-1017.0,24055,-1004.0,8225,1387.0
NEW ZEALAND DOLLAR - CHICAGO MERCANTILE EXCHANGE,2011-10-25,13298,4079,853.0,-141.0,24675,620.0,9219,994.0
NEW ZEALAND DOLLAR - CHICAGO MERCANTILE EXCHANGE,2011-11-01,13394,2739,96.0,-1340.0,24021,-654.0,10655,1436.0
NEW ZEALAND DOLLAR - CHICAGO MERCANTILE EXCHANGE,2011-11-08,14585,3035,1191.0,296.0,24750,729.0,11550,895.0
NEW ZEALAND DOLLAR - CHICAGO MERCANTILE EXCHANGE,2011-11-15,14255,3641,-330.0,606.0,25966,1216.0,10614,-936.0
NEW ZEALAND DOLLAR - CHICAGO MERCANTILE EXCHANGE,2011-11-22,12639,4723,-1616.0,1082.0,26870,904.0,7916,-2698.0
NEW ZEALAND DOLLAR - CHICAGO MERCANTILE EXCHANGE,2011-11-29,11018,7300,-1621.0,2577.0,28277,1407.0,3718,-4198.0
NEW ZEALAND DOLLAR - CHICAGO MERCANTILE EXCHANGE,2011-12-06,10745,6888,-273.0,-412.0,27597,-680.0,3857,139.0
NEW ZEALAND DOLLAR - CHICAGO MERCANTILE EXCHANGE,2011-12-13,11148,5765,403.0,-1123.0,28686,1089.0,5383,1526.0
NEW ZEALAND DOLLAR - CHICAGO MERCANTILE EXCHANGE,2011-12-20,5735,5123,-5413.0,-642.0,9442,-19244.0,612,-4771.0
NEW ZEALAND DOLLAR - CHICAGO MERCANTILE EXCHANGE,2011-12-27,6571,5166,836.0,43.0,10181,739.0,1405,793.0
NEW ZEALAND DOLLAR - CHICAGO MERCANTILE EXCHANGE,2012-01-03,7857,5421,1286.0,255.0,10812,631.0,2436,1031.0
NEW ZEALAND DOLLAR - CHICAGO MERCANTILE EXCHANGE,2012-01-10,10658,5629,2801.0,208.0,14173,3361.0,5029,2593.0
NEW ZEALAND DOLLAR - CHICAGO MERCANTILE EXCHANGE,2012-01-17,16195,6740,5537.0,1111.0,20955,6782.0,9455,4426.0
NEW ZEALAND DOLLAR - CHICAGO MERCANTILE EXCHANGE,2012-01-24,20232,7300,4037.0,560.0,25569,4614.0,12932,3477.0
NEW ZEALAND DOLLAR - CHICAGO MERCANTILE EXCHANGE,2012-01-31,25330,10533,5098.0,3233.0,31627,6058.0,14797,1865.0
NEW ZEALAND DOLLAR - CHICAGO MERCANTILE EXCHANGE,2012-02-07,28201,4866,2871.0,-5667.0,35020,3393.0,23335,8538.0
NEW ZEALAND DOLLAR - CHICAGO MERCANTILE EXCHANGE,2012-02-14,29202,5332,1001.0,466.0,36704,1684.0,23870,535.0
NEW ZEALAND DOLLAR - CHICAGO MERCANTILE EXCHANGE,2012-02-21,29422,5211,220.0,-121.0,36889,185.0,24211,341.0
NEW ZEALAND DOLLAR - CHICAGO MERCANTILE EXCHANGE,2012-02-28,27006,4892,-2416.0,-319.0,35159,-1730.0,22114,-2097.0
NEW ZEALAND DOLLAR - CHICAGO MERCANTILE EXCHANGE,2012-03-06,23506,6718,-3500.0,1826.0,29950,-5209.0,16788,-5326.0
NEW ZEALAND DOLLAR - CHICAGO MERCANTILE EXCHANGE,2012-03-13,19223,6000,-4283.0,-718.0,32911,2961.0,13223,-3565.0
NEW ZEALAND DOLLAR - CHICAGO MERCANTILE EXCHANGE,2012-03-20,14686,10476,-4537.0,4476.0,20288,-12623.0,4210,-9013.0
NEW ZEALAND DOLLAR - CHICAGO MERCANTILE EXCHANGE,2012-03-27,14046,10062,-640.0,-414.0,20247,-41.0,3984,-226.0
NEW ZEALAND DOLLAR - CHICAGO MERCANTILE EXCHANGE,2012-04-03,14477,8631,431.0,-1431.0,20753,506.0,5846,1862.0
NEW ZEALAND DOLLAR - CHICAGO MERCANTILE EXCHANGE,2012-04-10,15433,8263,956.0,-368.0,21802,1049.0,7170,1324.0
NEW ZEALAND DOLLAR - CHICAGO MERCANTILE EXCHANGE,2012-04-17,16999,5060,1566.0,-3203.0,23952,2150.0,11939,4769.0
NEW ZEALAND DOLLAR - CHICAGO MERCANTILE EXCHANGE,2012-04-24,13984,4498,-3015.0,-562.0,19126,-4826.0,9486,-2453.0
NEW ZEALAND DOLLAR - CHICAGO MERCANTILE EXCHANGE,2012-05-01,12155,4130,-1829.0,-368.0,19815,689.0,8025,-1461.0
NEW ZEALAND DOLLAR - CHICAGO MERCANTILE EXCHANGE,2012-05-08,11688,5464,-467.0,1334.0,17969,-1846.0,6224,-1801.0
NEW ZEALAND DOLLAR - CHICAGO MERCANTILE EXCHANGE,2012-05-15,9124,6527,-2564.0,1063.0,17263,-706.0,2597,-3627.0
NEW ZEALAND DOLLAR - CHICAGO MERCANTILE EXCHANGE,2012-05-22,8418,9927,-706.0,3400.0,21439,4176.0,-1509,-4106.0
NEW ZEALAND DOLLAR - CHICAGO MERCANTILE EXCHANGE,2012-05-29,5798,11006,-2620.0,1079.0,21453,14.0,-5208,-3699.0
NEW ZEALAND DOLLAR - CHICAGO MERCANTILE EXCHANGE,2012-06-05,6575,12105,777.0,1099.0,21530,77.0,-5530,-322.0
NEW ZEALAND DOLLAR - CHICAGO MERCANTILE EXCHANGE,2012-06-12,6640,10525,65.0,-1580.0,27485,5955.0,-3885,1645.0
NEW ZEALAND DOLLAR - CHICAGO MERCANTILE EXCHANGE,2012-06-19,3564,5777,-3076.0,-4748.0,12612,-14873.0,-2213,1672.0
NEW ZEALAND DOLLAR - CHICAGO MERCANTILE EXCHANGE,2012-06-26,6108,5532,2544.0,-245.0,16601,3989.0,576,2789.0
NEW ZEALAND DOLLAR - CHICAGO MERCANTILE EXCHANGE,2012-07-03,9862,5542,3754.0,10.0,20483,3882.0,4320,3744.0
NEW ZEALAND DOLLAR - CHICAGO MERCANTILE EXCHANGE,2012-07-10,11434,5843,1572.0,301.0,22356,1873.0,5591,1271.0
NEW ZEALAND DOLLAR - CHICAGO MERCANTILE EXCHANGE,2012-07-17,10986,4047,-448.0,-1796.0,23328,972.0,6939,1348.0
NEW ZEALAND DOLLAR - CHICAGO MERCANTILE EXCHANGE,2012-07-24,11703,3924,717.0,-123.0,23206,-122.0,7779,840.0
NEW ZEALAND DOLLAR - CHICAGO MERCANTILE EXCHANGE,2012-07-31,13659,3312,1956.0,-612.0,24967,1761.0,10347,2568.0
NEW ZEALAND DOLLAR - CHICAGO MERCANTILE EXCHANGE,2012-08-07,17808,3220,4149.0,-92.0,28945,3978.0,14588,4241.0
NEW ZEALAND DOLLAR - CHICAGO MERCANTILE EXCHANGE,2012-08-14,18273,3026,465.0,-194.0,30100,1155.0,15247,659.0
NEW ZEALAND DOLLAR - CHICAGO MERCANTILE EXCHANGE,2012-08-21,19835,3463,1562.0,437.0,31984,1884.0,16372,1125.0
NEW ZEALAND DOLLAR - CHICAGO MERCANTILE EXCHANGE,2012-08-28,18215,3986,-1620.0,523.0,31374,-610.0,14229,-2143.0
NEW ZEALAND DOLLAR - CHICAGO MERCANTILE EXCHANGE,2012-09-04,14815,3414,-3400.0,-572.0,25393,-5981.0,11401,-2828.0
NEW ZEALAND DOLLAR - CHICAGO MERCANTILE EXCHANGE,2012-09-11,13641,3609,-1174.0,195.0,27152,1759.0,10032,-1369.0
NEW ZEALAND DOLLAR - CHICAGO MERCANTILE EXCHANGE,2012-09-18,20402,3797,6761.0,188.0,29331,2179.0,16605,6573.0
NEW ZEALAND DOLLAR - CHICAGO MERCANTILE EXCHANGE,2012-09-25,23389,3424,2987.0,-373.0,32787,3456.0,19965,3360.0
NEW ZEALAND DOLLAR - CHICAGO MERCANTILE EXCHANGE,2012-10-02,25298,3917,1909.0,493.0,34171,1384.0,21381,1416.0
NEW ZEALAND DOLLAR - CHICAGO MERCANTILE EXCHANGE,2012-10-09,21075,4365,-4223.0,448.0,30497,-3674.0,16710,-4671.0
NEW ZEALAND DOLLAR - CHICAGO MERCANTILE EXCHANGE,2012-10-16,20646,4362,-429.0,-3.0,29486,-1011.0,16284,-426.0
NEW ZEALAND DOLLAR - CHICAGO MERCANTILE EXCHANGE,2012-10-23,20528,4179,-118.0,-183.0,29136,-350.0,16349,65.0
NEW ZEALAND DOLLAR - CHICAGO MERCANTILE EXCHANGE,2012-10-30,20849,4104,321.0,-75.0,31020,1884.0,16745,396.0
NEW ZEALAND DOLLAR - CHICAGO MERCANTILE EXCHANGE,2012-11-06,24440,5052,3591.0,948.0,35323,4303.0,19388,2643.0
NEW ZEALAND DOLLAR - CHICAGO MERCANTILE EXCHANGE,2012-11-13,23692,4498,-748.0,-554.0,33252,-2071.0,19194,-194.0
NEW ZEALAND DOLLAR - CHICAGO MERCANTILE EXCHANGE,2012-11-20,21436,3578,-2256.0,-920.0,29757,-3495.0,17858,-1336.0
NEW ZEALAND DOLLAR - CHICAGO MERCANTILE EXCHANGE,2012-11-27,21653,2943,217.0,-635.0,31901,2144.0,18710,852.0
NEW ZEALAND DOLLAR - CHICAGO MERCANTILE EXCHANGE,2012-12-04,23272,2184,1619.0,-759.0,32167,266.0,21088,2378.0
NEW ZEALAND DOLLAR - CHICAGO MERCANTILE EXCHANGE,2012-12-11,29560,4960,6288.0,2776.0,41381,9214.0,24600,3512.0
NEW ZEALAND DOLLAR - CHICAGO MERCANTILE EXCHANGE,2012-12-18,31830,17600,2270.0,12640.0,42446,1065.0,14230,-10370.0
NEW ZEALAND DOLLAR - CHICAGO MERCANTILE EXCHANGE,2012-12-24,27425,12686,-4405.0,-4914.0,40135,-2311.0,14739,509.0
NEW ZEALAND DOLLAR - CHICAGO MERCANTILE EXCHANGE,2012-12-31,25832,8750,-1593.0,-3936.0,34531,-5604.0,17082,2343.0
NEW ZEALAND DOLLAR - CHICAGO MERCANTILE EXCHANGE,2013-01-08,26635,7415,803.0,-1335.0,36531,2000.0,19220,2138.0
NEW ZEALAND DOLLAR - CHICAGO MERCANTILE EXCHANGE,2013-01-15,29920,7658,3285.0,243.0,38654,2123.0,22262,3042.0
NEW ZEALAND DOLLAR - CHICAGO MERCANTILE EXCHANGE,2013-01-22,28815,5283,-1105.0,-2375.0,37179,-1475.0,23532,1270.0
NEW ZEALAND DOLLAR - CHICAGO MERCANTILE EXCHANGE,2013-01-29,26830,5014,-1985.0,-269.0,35480,-1699.0,21816,-1716.0
NEW ZEALAND DOLLAR - CHICAGO MERCANTILE EXCHANGE,2013-02-05,26343,3643,-487.0,-1371.0,37058,1578.0,22700,884.0
NEW ZEALAND DOLLAR - CHICAGO MERCANTILE EXCHANGE,2013-02-12,24898,3560,-1445.0,-83.0,35107,-1951.0,21338,-1362.0
NEW ZEALAND DOLLAR - CHICAGO MERCANTILE EXCHANGE,2013-02-19,28153,3460,3255.0,-100.0,37555,2448.0,24693,3355.0
NEW ZEALAND DOLLAR - CHICAGO MERCANTILE EXCHANGE,2013-02-26,23570,3273,-4583.0,-187.0,32864,-4691.0,20297,-4396.0
NEW ZEALAND DOLLAR - CHICAGO MERCANTILE EXCHANGE,2013-03-05,23812,4768,242.0,1495.0,31547,-1317.0,19044,-1253.0
NEW ZEALAND DOLLAR - CHICAGO MERCANTILE EXCHANGE,2013-03-12,24250,4900,438.0,132.0,32813,1266.0,19350,306.0
NEW ZEALAND DOLLAR - CHICAGO MERCANTILE EXCHANGE,2013-03-19,23384,10907,-866.0,6007.0,28933,-3880.0,12477,-6873.0
NEW ZEALAND DOLLAR - CHICAGO MERCANTILE EXCHANGE,2013-03-26,27946,11030,4562.0,123.0,34922,5989.0,16916,4439.0
NEW ZEALAND DOLLAR - CHICAGO MERCANTILE EXCHANGE,2013-04-02,31358,12971,3412.0,1941.0,39229,4307.0,18387,1471.0
NEW ZEALAND DOLLAR - CHICAGO MERCANTILE EXCHANGE,2013-04-09,35358,10208,4000.0,-2763.0,42549,3320.0,25150,6763.0
NEW ZEALAND DOLLAR - CHICAGO MERCANTILE EXCHANGE,2013-04-16,39986,9178,4628.0,-1030.0,46640,4091.0,30808,5658.0
NEW ZEALAND DOLLAR - CHICAGO MERCANTILE EXCHANGE,2013-04-23,38027,10322,-1959.0,1144.0,45127,-1513.0,27705,-3103.0
NEW ZEALAND DOLLAR - CHICAGO MERCANTILE EXCHANGE,2013-04-30,38184,9134,157.0,-1188.0,46571,1444.0,29050,1345.0
NEW ZEALAND DOLLAR - CHICAGO MERCANTILE EXCHANGE,2013-05-07,37775,9239,-409.0,105.0,46005,-566.0,28536,-514.0
NEW ZEALAND DOLLAR - CHICAGO MERCANTILE EXCHANGE,2013-05-14,30436,7220,-7339.0,-2019.0,37320,-8685.0,23216,-5320.0
NEW ZEALAND DOLLAR - CHICAGO MERCANTILE EXCHANGE,2013-05-21,23978,6196,-6458.0,-1024.0,32833,-4487.0,17782,-5434.0
NEW ZEALAND DOLLAR - CHICAGO MERCANTILE EXCHANGE,2013-05-28,19666,5655,-4312.0,-541.0,29377,-3456.0,14011,-3771.0
NEW ZEALAND DOLLAR - CHICAGO MERCANTILE EXCHANGE,2013-06-04,11700,5687,-7966.0,32.0,25530,-3847.0,6013,-7998.0
NEW ZEALAND DOLLAR - CHICAGO MERCANTILE EXCHANGE,2013-06-11,8940,6287,-2760.0,600.0,26293,763.0,2653,-3360.0
NEW ZEALAND DOLLAR - CHICAGO MERCANTILE EXCHANGE,2013-06-18,8469,6343,-471.0,56.0,11742,-14551.0,2126,-527.0
NEW ZEALAND DOLLAR - CHICAGO MERCANTILE EXCHANGE,2013-06-25,5377,6088,-3092.0,-255.0,11632,-110.0,-711,-2837.0
NEW ZEALAND DOLLAR - CHICAGO MERCANTILE EXCHANGE,2013-07-02,5288,6462,-89.0,374.0,12384,752.0,-1174,-463.0
NEW ZEALAND DOLLAR - CHICAGO MERCANTILE EXCHANGE,2013-07-09,5390,6398,102.0,-64.0,12512,128.0,-1008,166.0
NEW ZEALAND DOLLAR - CHICAGO MERCANTILE EXCHANGE,2013-07-16,4224,6968,-1166.0,570.0,12904,392.0,-2744,-1736.0
NEW ZEALAND DOLLAR - CHICAGO MERCANTILE EXCHANGE,2013-07-23,4517,6363,293.0,-605.0,12613,-291.0,-1846,898.0
NEW ZEALAND DOLLAR - CHICAGO MERCANTILE EXCHANGE,2013-07-30,5593,6113,1076.0,-250.0,12153,-460.0,-520,1326.0
NEW ZEALAND DOLLAR - CHICAGO MERCANTILE EXCHANGE,2013-08-06,4595,6134,-998.0,21.0,11572,-581.0,-1539,-1019.0
NEW ZEALAND DOLLAR - CHICAGO MERCANTILE EXCHANGE,2013-08-13,6632,6435,2037.0,301.0,11976,404.0,197,1736.0
NEW ZEALAND DOLLAR - CHICAGO MERCANTILE EXCHANGE,2013-08-20,9760,7370,3128.0,935.0,13500,1524.0,2390,2193.0
NEW ZEALAND DOLLAR - CHICAGO MERCANTILE EXCHANGE,2013-08-27,7463,7211,-2297.0,-159.0,12193,-1307.0,252,-2138.0
NEW ZEALAND DOLLAR - CHICAGO MERCANTILE EXCHANGE,2013-09-03,6384,7181,-1079.0,-30.0,13105,912.0,-797,-1049.0
NEW ZEALAND DOLLAR - CHICAGO MERCANTILE EXCHANGE,2013-09-10,8068,8669,1684.0,1488.0,15097,1992.0,-601,196.0
NEW ZEALAND DOLLAR - CHICAGO MERCANTILE EXCHANGE,2013-09-17,12463,6806,4395.0,-1863.0,15842,745.0,5657,6258.0
NEW ZEALAND DOLLAR - CHICAGO MERCANTILE EXCHANGE,2013-09-24,15470,7415,3007.0,609.0,19621,3779.0,8055,2398.0
NEW ZEALAND DOLLAR - CHICAGO MERCANTILE EXCHANGE,2013-10-01,17706,6815,2236.0,-600.0,22577,2956.0,10891,2836.0
NEW ZEALAND DOLLAR - CHICAGO MERCANTILE EXCHANGE,2013-10-08,18343,7577,637.0,762.0,23230,653.0,10766,-125.0
NEW ZEALAND DOLLAR - CHICAGO MERCANTILE EXCHANGE,2013-10-15,19379,6711,1036.0,-866.0,24608,1378.0,12668,1902.0
NEW ZEALAND DOLLAR - CHICAGO MERCANTILE EXCHANGE,2013-10-22,21349,8235,1970.0,1524.0,27336,2728.0,13114,446.0
NEW ZEALAND DOLLAR - CHICAGO MERCANTILE EXCHANGE,2013-10-29,17705,7080,-3644.0,-1155.0,23564,-3772.0,10625,-2489.0
NEW ZEALAND DOLLAR - CHICAGO MERCANTILE EXCHANGE,2013-11-05,16937,7229,-768.0,149.0,22367,-1197.0,9708,-917.0
NEW ZEALAND DOLLAR - CHICAGO MERCANTILE EXCHANGE,2013-11-12,16814,6448,-123.0,-781.0,21996,-371.0,10366,658.0
NEW ZEALAND DOLLAR - CHICAGO MERCANTILE EXCHANGE,2013-11-19,18940,6464,2126.0,16.0,24450,2454.0,12476,2110.0
NEW ZEALAND DOLLAR - CHICAGO MERCANTILE EXCHANGE,2013-11-26,16064,5815,-2876.0,-649.0,20919,-3531.0,10249,-2227.0
NEW ZEALAND DOLLAR - CHICAGO MERCANTILE EXCHANGE,2013-12-03,13660,6021,-2404.0,206.0,18318,-2601.0,7639,-2610.0
NEW ZEALAND DOLLAR - CHICAGO MERCANTILE EXCHANGE,2013-12-10,13183,4630,-477.0,-1391.0,19953,1635.0,8553,914.0
NEW ZEALAND DOLLAR - CHICAGO MERCANTILE EXCHANGE,2013-12-17,12842,7169,-341.0,2539.0,17939,-2014.0,5673,-2880.0
NEW ZEALAND DOLLAR - CHICAGO MERCANTILE EXCHANGE,2013-12-24,13899,7443,1057.0,274.0,18668,729.0,6456,783.0
NEW ZEALAND DOLLAR - CHICAGO MERCANTILE EXCHANGE,2013-12-31,14198,7491,299.0,48.0,18748,80.0,6707,251.0
NEW ZEALAND DOLLAR - CHICAGO MERCANTILE EXCHANGE,2014-01-07,14803,6937,605.0,-554.0,20039,1291.0,7866,1159.0
NEW ZEALAND DOLLAR - CHICAGO MERCANTILE EXCHANGE,2014-01-14,17539,7925,2736.0,988.0,22870,2831.0,9614,1748.0
NEW ZEALAND DOLLAR - CHICAGO MERCANTILE EXCHANGE,2014-01-21,17330,8774,-209.0,849.0,22817,-53.0,8556,-1058.0
NEW ZEALAND DOLLAR - CHICAGO MERCANTILE EXCHANGE,2014-01-28,16606,6921,-724.0,-1853.0,21796,-1021.0,9685,1129.0
NEW ZEALAND DOLLAR - CHICAGO MERCANTILE EXCHANGE,2014-02-04,14588,6556,-2018.0,-365.0,20098,-1698.0,8032,-1653.0
NEW ZEALAND DOLLAR - CHICAGO MERCANTILE EXCHANGE,2014-02-11,13176,5535,-1412.0,-1021.0,19085,-1013.0,7641,-391.0
NEW ZEALAND DOLLAR - CHICAGO MERCANTILE EXCHANGE,2014-02-18,15331,6425,2155.0,890.0,21516,2431.0,8906,1265.0
NEW ZEALAND DOLLAR - CHICAGO MERCANTILE EXCHANGE,2014-02-25,16529,5547,1198.0,-878.0,22142,626.0,10982,2076.0
NEW ZEALAND DOLLAR - CHICAGO MERCANTILE EXCHANGE,2014-03-04,19346,5914,2817.0,367.0,25616,3474.0,13432,2450.0
NEW ZEALAND DOLLAR - CHICAGO MERCANTILE EXCHANGE,2014-03-11,21155,6706,1809.0,792.0,31905,6289.0,14449,1017.0
NEW ZEALAND DOLLAR - CHICAGO MERCANTILE EXCHANGE,2014-03-18,24645,8894,3490.0,2188.0,31463,-442.0,15751,1302.0
NEW ZEALAND DOLLAR - CHICAGO MERCANTILE EXCHANGE,2014-03-25,26243,8030,1598.0,-864.0,32748,1285.0,18213,2462.0
NEW ZEALAND DOLLAR - CHICAGO MERCANTILE EXCHANGE,2014-04-01,25765,7285,-478.0,-745.0,32313,-435.0,18480,267.0
NEW ZEALAND DOLLAR - CHICAGO MERCANTILE EXCHANGE,2014-04-08,26521,6755,756.0,-530.0,32898,585.0,19766,1286.0
NEW ZEALAND DOLLAR - CHICAGO MERCANTILE EXCHANGE,2014-04-15,26671,6824,150.0,69.0,33100,202.0,19847,81.0
NEW ZEALAND DOLLAR - CHICAGO MERCANTILE EXCHANGE,2014-04-22,26056,5881,-615.0,-943.0,32579,-521.0,20175,328.0
NEW ZEALAND DOLLAR - CHICAGO MERCANTILE EXCHANGE,2014-04-29,22979,4499,-3077.0,-1382.0,29858,-2721.0,18480,-1695.0
NEW ZEALAND DOLLAR - CHICAGO MERCANTILE EXCHANGE,2014-05-06,25027,4334,2048.0,-165.0,33025,3167.0,20693,2213.0
NEW ZEALAND DOLLAR - CHICAGO MERCANTILE EXCHANGE,2014-05-13,23806,4466,-1221.0,132.0,30932,-2093.0,19340,-1353.0
NEW ZEALAND DOLLAR - CHICAGO MERCANTILE EXCHANGE,2014-05-20,22486,4892,-1320.0,426.0,30556,-376.0,17594,-1746.0
NEW ZEALAND DOLLAR - CHICAGO MERCANTILE EXCHANGE,2014-05-27,22034,4090,-452.0,-802.0,30649,93.0,17944,350.0
NEW ZEALAND DOLLAR - CHICAGO MERCANTILE EXCHANGE,2014-06-03,22400,4869,366.0,779.0,30066,-583.0,17531,-413.0
NEW ZEALAND DOLLAR - CHICAGO MERCANTILE EXCHANGE,2014-06-10,20401,3546,-1999.0,-1323.0,32946,2880.0,16855,-676.0
NEW ZEALAND DOLLAR - CHICAGO MERCANTILE EXCHANGE,2014-06-17,21671,17938,1270.0,14392.0,28467,-4479.0,3733,-13122.0
NEW ZEALAND DOLLAR - CHICAGO MERCANTILE EXCHANGE,2014-06-24,24855,18703,3184.0,765.0,31415,2948.0,6152,2419.0
NEW ZEALAND DOLLAR - CHICAGO MERCANTILE EXCHANGE,2014-07-01,26563,17578,1708.0,-1125.0,33455,2040.0,8985,2833.0
NEW ZEALAND DOLLAR - CHICAGO MERCANTILE EXCHANGE,2014-07-08,26750,12334,187.0,-5244.0,36123,2668.0,14416,5431.0
NEW ZEALAND DOLLAR - CHICAGO MERCANTILE EXCHANGE,2014-07-15,26570,11117,-180.0,-1217.0,32879,-3244.0,15453,1037.0
NEW ZEALAND DOLLAR - CHICAGO MERCANTILE EXCHANGE,2014-07-22,26028,10896,-542.0,-221.0,32728,-151.0,15132,-321.0
NEW ZEALAND DOLLAR - CHICAGO MERCANTILE EXCHANGE,2014-07-29,23552,8263,-2476.0,-2633.0,30531,-2197.0,15289,157.0
NEW ZEALAND DOLLAR - CHICAGO MERCANTILE EXCHANGE,2014-08-05,18949,4449,-4603.0,-3814.0,25603,-4928.0,14500,-789.0
NEW ZEALAND DOLLAR - CHICAGO MERCANTILE EXCHANGE,2014-08-12,17913,4484,-1036.0,35.0,25214,-389.0,13429,-1071.0
NEW ZEALAND DOLLAR - CHICAGO MERCANTILE EXCHANGE,2014-08-19,16796,4764,-1117.0,280.0,24048,-1166.0,12032,-1397.0
NEW ZEALAND DOLLAR - CHICAGO MERCANTILE EXCHANGE,2014-08-26,16405,4564,-391.0,-200.0,23619,-429.0,11841,-191.0
NEW ZEALAND DOLLAR - CHICAGO MERCANTILE EXCHANGE,2014-09-02,15623,5451,-782.0,887.0,23319,-300.0,10172,-1669.0
NEW ZEALAND DOLLAR - CHICAGO MERCANTILE EXCHANGE,2014-09-09,14369,4847,-1254.0,-604.0,24920,1601.0,9522,-650.0
NEW ZEALAND DOLLAR - CHICAGO MERCANTILE EXCHANGE,2014-09-16,9814,8694,-4555.0,3847.0,16050,-8870.0,1120,-8402.0
NEW ZEALAND DOLLAR - CHICAGO MERCANTILE EXCHANGE,2014-09-23,9779,7938,-35.0,-756.0,16146,96.0,1841,721.0
NEW ZEALAND DOLLAR - CHICAGO MERCANTILE EXCHANGE,2014-09-30,10092,10028,313.0,2090.0,18209,2063.0,64,-1777.0
NEW ZEALAND DOLLAR - CHICAGO MERCANTILE EXCHANGE,2014-10-07,10052,10152,-40.0,124.0,19214,1005.0,-100,-164.0
NEW ZEALAND DOLLAR - CHICAGO MERCANTILE EXCHANGE,2014-10-14,9171,11555,-881.0,1403.0,21317,2103.0,-2384,-2284.0
NEW ZEALAND DOLLAR - CHICAGO MERCANTILE EXCHANGE,2014-10-21,8526,10858,-645.0,-697.0,21311,-6.0,-2332,52.0
NEW ZEALAND DOLLAR - CHICAGO MERCANTILE EXCHANGE,2014-10-28,8506,12404,-20.0,1546.0,22023,712.0,-3898,-1566.0
NEW ZEALAND DOLLAR - CHICAGO MERCANTILE EXCHANGE,2014-11-04,9737,13846,1231.0,1442.0,23716,1693.0,-4109,-211.0
NEW ZEALAND DOLLAR - CHICAGO MERCANTILE EXCHANGE,2014-11-11,9244,10233,-493.0,-3613.0,19809,-3907.0,-989,3120.0
NEW ZEALAND DOLLAR - CHICAGO MERCANTILE EXCHANGE,2014-11-18,9134,10381,-110.0,148.0,19907,98.0,-1247,-258.0
NEW ZEALAND DOLLAR - CHICAGO MERCANTILE EXCHANGE,2014-11-25,9630,11924,496.0,1543.0,21096,1189.0,-2294,-1047.0
NEW ZEALAND DOLLAR - CHICAGO MERCANTILE EXCHANGE,2014-12-02,9272,10952,-358.0,-972.0,20448,-648.0,-1680,614.0
NEW ZEALAND DOLLAR - CHICAGO MERCANTILE EXCHANGE,2014-12-09,9786,12081,514.0,1129.0,23550,3102.0,-2295,-615.0
NEW ZEALAND DOLLAR - CHICAGO MERCANTILE EXCHANGE,2014-12-16,9865,10504,79.0,-1577.0,18447,-5103.0,-639,1656.0
NEW ZEALAND DOLLAR - CHICAGO MERCANTILE EXCHANGE,2014-12-23,9786,11194,-79.0,690.0,19295,848.0,-1408,-769.0
NEW ZEALAND DOLLAR - CHICAGO MERCANTILE EXCHANGE,2014-12-30,8236,10082,-1550.0,-1112.0,18071,-1224.0,-1846,-438.0
NEW ZEALAND DOLLAR - CHICAGO MERCANTILE EXCHANGE,2015-01-06,9865,10772,1629.0,690.0,19437,1366.0,-907,939.0
NEW ZEALAND DOLLAR - CHICAGO MERCANTILE EXCHANGE,2015-01-13,8396,10172,-1469.0,-600.0,21064,1627.0,-1776,-869.0
NEW ZEALAND DOLLAR - CHICAGO MERCANTILE EXCHANGE,2015-01-20,10941,12758,2545.0,2586.0,22818,1754.0,-1817,-41.0
NEW ZEALAND DOLLAR - CHICAGO MERCANTILE EXCHANGE,2015-01-27,11908,15567,967.0,2809.0,25594,2776.0,-3659,-1842.0
NEW ZEALAND DOLLAR - CHICAGO MERCANTILE EXCHANGE,2015-02-03,10537,15034,-1371.0,-533.0,25687,93.0,-4497,-838.0
NEW ZEALAND DOLLAR - CHICAGO MERCANTILE EXCHANGE,2015-02-10,9272,15472,-1265.0,438.0,26593,906.0,-6200,-1703.0
NEW ZEALAND DOLLAR - CHICAGO MERCANTILE EXCHANGE,2015-02-17,10021,15774,749.0,302.0,27700,1107.0,-5753,447.0
NEW ZEALAND DOLLAR - CHICAGO MERCANTILE EXCHANGE,2015-02-24,11107,15437,1086.0,-337.0,27328,-372.0,-4330,1423.0
NEW ZEALAND DOLLAR - CHICAGO MERCANTILE EXCHANGE,2015-03-03,14597,15964,3490.0,527.0,27610,282.0,-1367,2963.0
NEW ZEALAND DOLLAR - CHICAGO MERCANTILE EXCHANGE,2015-03-10,13347,15827,-1250.0,-137.0,29726,2116.0,-2480,-1113.0
NEW ZEALAND DOLLAR - CHICAGO MERCANTILE EXCHANGE,2015-03-17,13117,14258,-230.0,-1569.0,23317,-6409.0,-1141,1339.0
NEW ZEALAND DOLLAR - CHICAGO MERCANTILE EXCHANGE,2015-03-24,12149,13015,-968.0,-1243.0,20958,-2359.0,-866,275.0
NEW ZEALAND DOLLAR - CHICAGO MERCANTILE EXCHANGE,2015-03-31,16443,12412,4294.0,-603.0,24049,3091.0,4031,4897.0
NEW ZEALAND DOLLAR - CHICAGO MERCANTILE EXCHANGE,2015-04-07,16950,11172,507.0,-1240.0,24920,871.0,5778,1747.0
NEW ZEALAND DOLLAR - CHICAGO MERCANTILE EXCHANGE,2015-04-14,17081,11078,131.0,-94.0,25176,256.0,6003,225.0
NEW ZEALAND DOLLAR - CHICAGO MERCANTILE EXCHANGE,2015-04-21,18473,9985,1392.0,-1093.0,26617,1441.0,8488,2485.0
NEW ZEALAND DOLLAR - CHICAGO MERCANTILE EXCHANGE,2015-04-28,18281,8101,-192.0,-1884.0,28071,1454.0,10180,1692.0
NEW ZEALAND DOLLAR - CHICAGO MERCANTILE EXCHANGE,2015-05-05,19585,10521,1304.0,2420.0,28379,308.0,9064,-1116.0
NEW ZEALAND DOLLAR - CHICAGO MERCANTILE EXCHANGE,2015-05-12,14268,12498,-5317.0,1977.0,25525,-2854.0,1770,-7294.0
NEW ZEALAND DOLLAR - CHICAGO MERCANTILE EXCHANGE,2015-05-19,11192,13423,-3076.0,925.0,26331,806.0,-2231,-4001.0
NEW ZEALAND DOLLAR - CHICAGO MERCANTILE EXCHANGE,2015-05-26,10426,15513,-766.0,2090.0,28514,2183.0,-5087,-2856.0
NEW ZEALAND DOLLAR - CHICAGO MERCANTILE EXCHANGE,2015-06-02,9432,19971,-994.0,4458.0,33005,4491.0,-10539,-5452.0
NEW ZEALAND DOLLAR - CHICAGO MERCANTILE EXCHANGE,2015-06-09,11097,22892,1665.0,2921.0,36911,3906.0,-11795,-1256.0
NEW ZEALAND DOLLAR - CHICAGO MERCANTILE EXCHANGE,2015-06-16,19382,28550,8285.0,5658.0,37169,258.0,-9168,2627.0
NEW ZEALAND DOLLAR - CHICAGO MERCANTILE EXCHANGE,2015-06-23,19661,33224,279.0,4674.0,42911,5742.0,-13563,-4395.0
NEW ZEALAND DOLLAR - CHICAGO MERCANTILE EXCHANGE,2015-06-30,16949,33015,-2712.0,-209.0,43256,345.0,-16066,-2503.0
NEW ZEALAND DOLLAR - CHICAGO MERCANTILE EXCHANGE,2015-07-07,14679,33027,-2270.0,12.0,42873,-383.0,-18348,-2282.0
NEW ZEALAND DOLLAR - CHICAGO MERCANTILE EXCHANGE,2015-07-14,13504,33158,-1175.0,131.0,42311,-562.0,-19654,-1306.0
NEW ZEALAND DOLLAR - CHICAGO MERCANTILE EXCHANGE,2015-07-21,13200,29154,-304.0,-4004.0,38544,-3767.0,-15954,3700.0
NEW ZEALAND DOLLAR - CHICAGO MERCANTILE EXCHANGE,2015-07-28,13550,26315,350.0,-2839.0,37487,-1057.0,-12765,3189.0
NEW ZEALAND DOLLAR - CHICAGO MERCANTILE EXCHANGE,2015-08-04,14391,26290,841.0,-25.0,38530,1043.0,-11899,866.0
NEW ZEALAND DOLLAR - CHICAGO MERCANTILE EXCHANGE,2015-08-11,13931,24503,-460.0,-1787.0,36861,-1669.0,-10572,1327.0
NEW ZEALAND DOLLAR - CHICAGO MERCANTILE EXCHANGE,2015-08-18,14012,23969,81.0,-534.0,36523,-338.0,-9957,615.0
NEW ZEALAND DOLLAR - CHICAGO MERCANTILE EXCHANGE,2015-08-25,15388,21451,1376.0,-2518.0,33400,-3123.0,-6063,3894.0
NEW ZEALAND DOLLAR - CHICAGO MERCANTILE EXCHANGE,2015-09-01,13543,21822,-1845.0,371.0,34339,939.0,-8279,-2216.0
NEW ZEALAND DOLLAR - CHICAGO MERCANTILE EXCHANGE,2015-09-08,11677,23497,-1866.0,1675.0,38325,3986.0,-11820,-3541.0
NEW ZEALAND DOLLAR - CHICAGO MERCANTILE EXCHANGE,2015-09-15,22462,24556,10785.0,1059.0,33352,-4973.0,-2094,9726.0
NEW ZEALAND DOLLAR - CHICAGO MERCANTILE EXCHANGE,2015-09-22,22990,26519,528.0,1963.0,35920,2568.0,-3529,-1435.0
NEW ZEALAND DOLLAR - CHICAGO MERCANTILE EXCHANGE,2015-09-29,20995,24057,-1995.0,-2462.0,34105,-1815.0,-3062,467.0
NEW ZEALAND DOLLAR - CHICAGO MERCANTILE EXCHANGE,2015-10-06,18357,19328,-2638.0,-4729.0,31930,-2175.0,-971,2091.0
NEW ZEALAND DOLLAR - CHICAGO MERCANTILE EXCHANGE,2015-10-13,18344,17652,-13.0,-1676.0,29038,-2892.0,692,1663.0
NEW ZEALAND DOLLAR - CHICAGO MERCANTILE EXCHANGE,2015-10-20,19447,15688,1103.0,-1964.0,30142,1104.0,3759,3067.0
NEW ZEALAND DOLLAR - CHICAGO MERCANTILE EXCHANGE,2015-10-27,20339,14750,892.0,-938.0,31743,1601.0,5589,1830.0
NEW ZEALAND DOLLAR - CHICAGO MERCANTILE EXCHANGE,2015-11-03,21266,14648,927.0,-102.0,32539,796.0,6618,1029.0
NEW ZEALAND DOLLAR - CHICAGO MERCANTILE EXCHANGE,2015-11-10,21267,15703,1.0,1055.0,33719,1180.0,5564,-1054.0
NEW ZEALAND DOLLAR - CHICAGO MERCANTILE EXCHANGE,2015-11-17,22219,16971,952.0,1268.0,34899,1180.0,5248,-316.0
NEW ZEALAND DOLLAR - CHICAGO MERCANTILE EXCHANGE,2015-11-24,22603,18593,384.0,1622.0,35099,200.0,4010,-1238.0
NEW ZEALAND DOLLAR - CHICAGO MERCANTILE EXCHANGE,2015-12-01,22881,18124,278.0,-469.0,36623,1524.0,4757,747.0
NEW ZEALAND DOLLAR - CHICAGO MERCANTILE EXCHANGE,2015-12-08,24452,15571,1571.0,-2553.0,38425,1802.0,8881,4124.0
NEW ZEALAND DOLLAR - CHICAGO MERCANTILE EXCHANGE,2015-12-15,16346,15227,-8106.0,-344.0,23626,-14799.0,1119,-7762.0
NEW ZEALAND DOLLAR - CHICAGO MERCANTILE EXCHANGE,2015-12-22,14946,15167,-1400.0,-60.0,24057,431.0,-221,-1340.0
NEW ZEALAND DOLLAR - CHICAGO MERCANTILE EXCHANGE,2015-12-29,14971,15117,25.0,-50.0,24587,530.0,-146,75.0
NEW ZEALAND DOLLAR - CHICAGO MERCANTILE EXCHANGE,2016-01-05,16842,15263,1871.0,146.0,24928,341.0,1579,1725.0
NEW ZEALAND DOLLAR - CHICAGO MERCANTILE EXCHANGE,2016-01-12,17149,15608,307.0,345.0,25434,506.0,1541,-38.0
NEW ZEALAND DOLLAR - CHICAGO MERCANTILE EXCHANGE,2016-01-19,14938,17892,-2211.0,2284.0,28114,2680.0,-2954,-4495.0
NEW ZEALAND DOLLAR - CHICAGO MERCANTILE EXCHANGE,2016-01-26,15166,20566,228.0,2674.0,30437,2323.0,-5400,-2446.0
NEW ZEALAND DOLLAR - CHICAGO MERCANTILE EXCHANGE,2016-02-02,13492,21928,-1674.0,1362.0,30979,542.0,-8436,-3036.0
NEW ZEALAND DOLLAR - CHICAGO MERCANTILE EXCHANGE,2016-02-09,13666,22805,174.0,877.0,33544,2565.0,-9139,-703.0
NEW ZEALAND DOLLAR - CHICAGO MERCANTILE EXCHANGE,2016-02-16,14465,22782,799.0,-23.0,33596,52.0,-8317,822.0
NEW ZEALAND DOLLAR - CHICAGO MERCANTILE EXCHANGE,2016-02-23,15968,22583,1503.0,-199.0,32618,-978.0,-6615,1702.0
NEW ZEALAND DOLLAR - CHICAGO MERCANTILE EXCHANGE,2016-03-01,16593,20750,625.0,-1833.0,31473,-1145.0,-4157,2458.0
NEW ZEALAND DOLLAR - CHICAGO MERCANTILE EXCHANGE,2016-03-08,20419,22419,3826.0,1669.0,34957,3484.0,-2000,2157.0
NEW ZEALAND DOLLAR - CHICAGO MERCANTILE EXCHANGE,2016-03-15,20524,19234,105.0,-3185.0,28451,-6506.0,1290,3290.0
NEW ZEALAND DOLLAR - CHICAGO MERCANTILE EXCHANGE,2016-03-22,19375,18358,-1149.0,-876.0,27163,-1288.0,1017,-273.0
NEW ZEALAND DOLLAR - CHICAGO MERCANTILE EXCHANGE,2016-03-29,20255,18381,880.0,23.0,28248,1085.0,1874,857.0
NEW ZEALAND DOLLAR - CHICAGO MERCANTILE EXCHANGE,2016-04-05,20152,17249,-103.0,-1132.0,28309,61.0,2903,1029.0
NEW ZEALAND DOLLAR - CHICAGO MERCANTILE EXCHANGE,2016-04-12,21472,17180,1320.0,-69.0,29575,1266.0,4292,1389.0
NEW ZEALAND DOLLAR - CHICAGO MERCANTILE EXCHANGE,2016-04-19,22674,17323,1202.0,143.0,31313,1738.0,5351,1059.0
NEW ZEALAND DOLLAR - CHICAGO MERCANTILE EXCHANGE,2016-04-26,24459,17075,1785.0,-248.0,33789,2476.0,7384,2033.0
NEW ZEALAND DOLLAR - CHICAGO MERCANTILE EXCHANGE,2016-05-03,25306,16106,847.0,-969.0,36578,2789.0,9200,1816.0
NEW ZEALAND DOLLAR - CHICAGO MERCANTILE EXCHANGE,2016-05-10,33573,24221,8267.0,8115.0,45419,8841.0,9352,152.0
NEW ZEALAND DOLLAR - CHICAGO MERCANTILE EXCHANGE,2016-05-17,32545,25857,-1028.0,1636.0,43986,-1433.0,6688,-2664.0
NEW ZEALAND DOLLAR - CHICAGO MERCANTILE EXCHANGE,2016-05-24,30414,25838,-2131.0,-19.0,42189,-1797.0,4576,-2112.0
NEW ZEALAND DOLLAR - CHICAGO MERCANTILE EXCHANGE,2016-05-31,31919,26415,1505.0,577.0,44604,2415.0,5504,928.0
NEW ZEALAND DOLLAR - CHICAGO MERCANTILE EXCHANGE,2016-06-07,38562,30026,6643.0,3611.0,57750,13146.0,8536,3032.0
NEW ZEALAND DOLLAR - CHICAGO MERCANTILE EXCHANGE,2016-06-14,29558,33376,-9004.0,3350.0,41919,-15831.0,-3818,-12354.0
NEW ZEALAND DOLLAR - CHICAGO MERCANTILE EXCHANGE,2016-06-21,30013,33058,455.0,-318.0,43562,1643.0,-3045,773.0
NEW ZEALAND DOLLAR - CHICAGO MERCANTILE EXCHANGE,2016-06-28,29798,32624,-215.0,-434.0,43462,-100.0,-2826,219.0
NEW ZEALAND DOLLAR - CHICAGO MERCANTILE EXCHANGE,2016-07-05,30606,32009,808.0,-615.0,44234,772.0,-1403,1423.0
NEW ZEALAND DOLLAR - CHICAGO MERCANTILE EXCHANGE,2016-07-12,31694,30683,1088.0,-1326.0,44750,516.0,1011,2414.0
NEW ZEALAND DOLLAR - CHICAGO MERCANTILE EXCHANGE,2016-07-19,29156,26983,-2538.0,-3700.0,41199,-3551.0,2173,1162.0
NEW ZEALAND DOLLAR - CHICAGO MERCANTILE EXCHANGE,2016-07-26,26598,26383,-2558.0,-600.0,39825,-1374.0,215,-1958.0
NEW ZEALAND DOLLAR - CHICAGO MERCANTILE EXCHANGE,2016-08-02,27049,26832,451.0,449.0,40392,567.0,217,2.0
NEW ZEALAND DOLLAR - CHICAGO MERCANTILE EXCHANGE,2016-08-09,28314,28927,1265.0,2095.0,41475,1083.0,-613,-830.0
NEW ZEALAND DOLLAR - CHICAGO MERCANTILE EXCHANGE,2016-08-16,28980,29675,666.0,748.0,43268,1793.0,-695,-82.0
NEW ZEALAND DOLLAR - CHICAGO MERCANTILE EXCHANGE,2016-08-23,29926,30804,946.0,1129.0,44393,1125.0,-878,-183.0
NEW ZEALAND DOLLAR - CHICAGO MERCANTILE EXCHANGE,2016-08-30,31747,29854,1821.0,-950.0,46496,2103.0,1893,2771.0
NEW ZEALAND DOLLAR - CHICAGO MERCANTILE EXCHANGE,2016-09-06,37243,31115,5496.0,1261.0,51939,5443.0,6128,4235.0
NEW ZEALAND DOLLAR - CHICAGO MERCANTILE EXCHANGE,2016-09-13,34900,29771,-2343.0,-1344.0,61941,10002.0,5129,-999.0
NEW ZEALAND DOLLAR - CHICAGO MERCANTILE EXCHANGE,2016-09-20,34778,42694,-122.0,12923.0,49526,-12415.0,-7916,-13045.0
NEW ZEALAND DOLLAR - CHICAGO MERCANTILE EXCHANGE,2016-09-27,34159,40952,-619.0,-1742.0,49416,-110.0,-6793,1123.0
NEW ZEALAND DOLLAR - CHICAGO MERCANTILE EXCHANGE,2016-10-04,32224,40054,-1935.0,-898.0,49242,-174.0,-7830,-1037.0
NEW ZEALAND DOLLAR - CHICAGO MERCANTILE EXCHANGE,2016-10-11,30962,38698,-1262.0,-1356.0,47124,-2118.0,-7736,94.0
NEW ZEALAND DOLLAR - CHICAGO MERCANTILE EXCHANGE,2016-10-18,29513,29666,-1449.0,-9032.0,47413,289.0,-153,7583.0
NEW ZEALAND DOLLAR - CHICAGO MERCANTILE EXCHANGE,2016-10-25,29504,29924,-9.0,258.0,47257,-156.0,-420,-267.0
NEW ZEALAND DOLLAR - CHICAGO MERCANTILE EXCHANGE,2016-11-01,28557,29522,-947.0,-402.0,46788,-469.0,-965,-545.0
NEW ZEALAND DOLLAR - CHICAGO MERCANTILE EXCHANGE,2016-11-08,36124,33619,7567.0,4097.0,52113,5325.0,2505,3470.0
NEW ZEALAND DOLLAR - CHICAGO MERCANTILE EXCHANGE,2016-11-15,33547,31504,-2577.0,-2115.0,48563,-3550.0,2043,-462.0
NEW ZEALAND DOLLAR - CHICAGO MERCANTILE EXCHANGE,2016-11-22,31779,32312,-1768.0,808.0,50007,1444.0,-533,-2576.0
NEW ZEALAND DOLLAR - CHICAGO MERCANTILE EXCHANGE,2016-11-29,30231,32103,-1548.0,-209.0,49885,-122.0,-1872,-1339.0
NEW ZEALAND DOLLAR - CHICAGO MERCANTILE EXCHANGE,2016-12-06,27641,31593,-2590.0,-510.0,48740,-1145.0,-3952,-2080.0
NEW ZEALAND DOLLAR - CHICAGO MERCANTILE EXCHANGE,2016-12-13,29402,33104,1761.0,1511.0,54226,5486.0,-3702,250.0
NEW ZEALAND DOLLAR - CHICAGO MERCANTILE EXCHANGE,2016-12-20,28313,35266,-1089.0,2162.0,41806,-12420.0,-6953,-3251.0
NEW ZEALAND DOLLAR - CHICAGO MERCANTILE EXCHANGE,2016-12-27,25448,36449,-2865.0,1183.0,43266,1460.0,-11001,-4048.0
NEW ZEALAND DOLLAR - CHICAGO MERCANTILE EXCHANGE,2017-01-03,25522,36935,74.0,486.0,44227,961.0,-11413,-412.0
NEW ZEALAND DOLLAR - CHICAGO MERCANTILE EXCHANGE,2017-01-10,22989,36949,-2533.0,14.0,43936,-291.0,-13960,-2547.0
NEW ZEALAND DOLLAR - CHICAGO MERCANTILE EXCHANGE,2017-01-17,25517,37805,2528.0,856.0,45994,2058.0,-12288,1672.0
NEW ZEALAND DOLLAR - CHICAGO MERCANTILE EXCHANGE,2017-01-24,25851,35734,334.0,-2071.0,44940,-1054.0,-9883,2405.0
NEW ZEALAND DOLLAR - CHICAGO MERCANTILE EXCHANGE,2017-01-31,32712,33734,6861.0,-2000.0,51587,6647.0,-1022,8861.0
NEW ZEALAND DOLLAR - CHICAGO MERCANTILE EXCHANGE,2017-02-07,34860,33015,2148.0,-719.0,54073,2486.0,1845,2867.0
NEW ZEALAND DOLLAR - CHICAGO MERCANTILE EXCHANGE,2017-02-14,36565,33689,1705.0,674.0,56314,2241.0,2876,1031.0
NEW ZEALAND DOLLAR - CHICAGO MERCANTILE EXCHANGE,2017-02-21,35252,32094,-1313.0,-1595.0,55082,-1232.0,3158,282.0
NEW ZEALAND DOLLAR - CHICAGO MERCANTILE EXCHANGE,2017-02-28,37198,34261,1946.0,2167.0,57102,2020.0,2937,-221.0
NEW ZEALAND DOLLAR - CHICAGO MERCANTILE EXCHANGE,2017-03-07,27207,31632,-9991.0,-2629.0,51405,-5697.0,-4425,-7362.0
NEW ZEALAND DOLLAR - CHICAGO MERCANTILE EXCHANGE,2017-03-14,19509,25114,-7698.0,-6518.0,34986,-16419.0,-5605,-1180.0
NEW ZEALAND DOLLAR - CHICAGO MERCANTILE EXCHANGE,2017-03-21,16599,29209,-2910.0,4095.0,37898,2912.0,-12610,-7005.0
NEW ZEALAND DOLLAR - CHICAGO MERCANTILE EXCHANGE,2017-03-28,16216,28845,-383.0,-364.0,37949,51.0,-12629,-19.0
NEW ZEALAND DOLLAR - CHICAGO MERCANTILE EXCHANGE,2017-04-04,17009,31733,793.0,2888.0,40904,2955.0,-14724,-2095.0
NEW ZEALAND DOLLAR - CHICAGO MERCANTILE EXCHANGE,2017-04-11,19008,34161,1999.0,2428.0,43375,2471.0,-15153,-429.0
NEW ZEALAND DOLLAR - CHICAGO MERCANTILE EXCHANGE,2017-04-18,18320,33326,-688.0,-835.0,43061,-314.0,-15006,147.0
NEW ZEALAND DOLLAR - CHICAGO MERCANTILE EXCHANGE,2017-04-25,18693,34097,373.0,771.0,43947,886.0,-15404,-398.0
NEW ZEALAND DOLLAR - CHICAGO MERCANTILE EXCHANGE,2017-05-02,19190,31160,497.0,-2937.0,43368,-579.0,-11970,3434.0
NEW ZEALAND DOLLAR - CHICAGO MERCANTILE EXCHANGE,2017-05-09,12070,22856,-7120.0,-8304.0,44057,689.0,-10786,1184.0
NEW ZEALAND DOLLAR - CHICAGO MERCANTILE EXCHANGE,2017-05-16,11918,23872,-152.0,1016.0,45187,1130.0,-11954,-1168.0
NEW ZEALAND DOLLAR - CHICAGO MERCANTILE EXCHANGE,2017-05-23,14018,23235,2100.0,-637.0,44165,-1022.0,-9217,2737.0
NEW ZEALAND DOLLAR - CHICAGO MERCANTILE EXCHANGE,2017-05-30,16886,22425,2868.0,-810.0,44203,38.0,-5539,3678.0
NEW ZEALAND DOLLAR - CHICAGO MERCANTILE EXCHANGE,2017-06-06,19348,21133,2462.0,-1292.0,43814,-389.0,-1785,3754.0
NEW ZEALAND DOLLAR - CHICAGO MERCANTILE EXCHANGE,2017-06-13,27261,25666,7913.0,4533.0,53576,9762.0,1595,3380.0
NEW ZEALAND DOLLAR - CHICAGO MERCANTILE EXCHANGE,2017-06-20,38388,16933,11127.0,-8733.0,50095,-3481.0,21455,19860.0
NEW ZEALAND DOLLAR - CHICAGO MERCANTILE EXCHANGE,2017-06-27,45001,19768,6613.0,2835.0,57424,7329.0,25233,3778.0
NEW ZEALAND DOLLAR - CHICAGO MERCANTILE EXCHANGE,2017-07-03,44484,15351,-517.0,-4417.0,57560,136.0,29133,3900.0
NEW ZEALAND DOLLAR - CHICAGO MERCANTILE EXCHANGE,2017-07-11,45435,13530,951.0,-1821.0,58499,939.0,31905,2772.0
NEW ZEALAND DOLLAR - CHICAGO MERCANTILE EXCHANGE,2017-07-18,44257,8276,-1178.0,-5254.0,57496,-1003.0,35981,4076.0
NEW ZEALAND DOLLAR - CHICAGO MERCANTILE EXCHANGE,2017-07-25,41221,6416,-3036.0,-1860.0,54603,-2893.0,34805,-1176.0
NEW ZEALAND DOLLAR - CHICAGO MERCANTILE EXCHANGE,2017-08-01,41531,6593,310.0,177.0,54968,365.0,34938,133.0
NEW ZEALAND DOLLAR - CHICAGO MERCANTILE EXCHANGE,2017-08-08,40241,6756,-1290.0,163.0,53151,-1817.0,33485,-1453.0
NEW ZEALAND DOLLAR - CHICAGO MERCANTILE EXCHANGE,2017-08-15,33509,8670,-6732.0,1914.0,48413,-4738.0,24839,-8646.0
NEW ZEALAND DOLLAR - CHICAGO MERCANTILE EXCHANGE,2017-08-22,29590,7708,-3919.0,-962.0,44090,-4323.0,21882,-2957.0
NEW ZEALAND DOLLAR - CHICAGO MERCANTILE EXCHANGE,2017-08-29,29002,10198,-588.0,2490.0,43732,-358.0,18804,-3078.0
NEW ZEALAND DOLLAR - CHICAGO MERCANTILE EXCHANGE,2017-09-05,26773,12050,-2229.0,1852.0,46094,2362.0,14723,-4081.0
NEW ZEALAND DOLLAR - CHICAGO MERCANTILE EXCHANGE,2017-09-12,25150,12800,-1623.0,750.0,49256,3162.0,12350,-2373.0
NEW ZEALAND DOLLAR - CHICAGO MERCANTILE EXCHANGE,2017-09-19,23248,16578,-1902.0,3778.0,37073,-12183.0,6670,-5680.0
NEW ZEALAND DOLLAR - CHICAGO MERCANTILE EXCHANGE,2017-09-26,22369,14316,-879.0,-2262.0,35914,-1159.0,8053,1383.0
NEW ZEALAND DOLLAR - CHICAGO MERCANTILE EXCHANGE,2017-10-03,20928,12810,-1441.0,-1506.0,34175,-1739.0,8118,65.0
NEW ZEALAND DOLLAR - CHICAGO MERCANTILE EXCHANGE,2017-10-10,21529,15800,601.0,2990.0,36460,2285.0,5729,-2389.0
NEW ZEALAND DOLLAR - CHICAGO MERCANTILE EXCHANGE,2017-10-17,20423,13446,-1106.0,-2354.0,33757,-2703.0,6977,1248.0
NEW ZEALAND DOLLAR - CHICAGO MERCANTILE EXCHANGE,2017-10-24,20549,19938,126.0,6492.0,41185,7428.0,611,-6366.0
NEW ZEALAND DOLLAR - CHICAGO MERCANTILE EXCHANGE,2017-10-31,21763,27470,1214.0,7532.0,49610,8425.0,-5707,-6318.0
NEW ZEALAND DOLLAR - CHICAGO MERCANTILE EXCHANGE,2017-11-07,18943,30130,-2820.0,2660.0,52072,2462.0,-11187,-5480.0
NEW ZEALAND DOLLAR - CHICAGO MERCANTILE EXCHANGE,2017-11-14,18146,30037,-797.0,-93.0,53690,1618.0,-11891,-704.0
NEW ZEALAND DOLLAR - CHICAGO MERCANTILE EXCHANGE,2017-11-21,22489,35883,4343.0,5846.0,59737,6047.0,-13394,-1503.0
NEW ZEALAND DOLLAR - CHICAGO MERCANTILE EXCHANGE,2017-11-28,23960,37982,1471.0,2099.0,61260,1523.0,-14022,-628.0
NEW ZEALAND DOLLAR - CHICAGO MERCANTILE EXCHANGE,2017-12-05,24228,37121,268.0,-861.0,61386,126.0,-12893,1129.0
NEW ZEALAND DOLLAR - CHICAGO MERCANTILE EXCHANGE,2017-12-12,23811,37239,-417.0,118.0,74192,12806.0,-13428,-535.0
NEW ZEALAND DOLLAR - CHICAGO MERCANTILE EXCHANGE,2017-12-19,19456,36075,-4355.0,-1164.0,48385,-25807.0,-16619,-3191.0
NEW ZEALAND DOLLAR - CHICAGO MERCANTILE EXCHANGE,2017-12-26,18140,35726,-1316.0,-349.0,47219,-1166.0,-17586,-967.0
NEW ZEALAND DOLLAR - CHICAGO MERCANTILE EXCHANGE,2018-01-02,15509,32494,-2631.0,-3232.0,45141,-2078.0,-16985,601.0
NEW ZEALAND DOLLAR - CHICAGO MERCANTILE EXCHANGE,2018-01-09,17304,28321,1795.0,-4173.0,45519,378.0,-11017,5968.0
NEW ZEALAND DOLLAR - CHICAGO MERCANTILE EXCHANGE,2018-01-16,17795,25786,491.0,-2535.0,46780,1261.0,-7991,3026.0
NEW ZEALAND DOLLAR - CHICAGO MERCANTILE EXCHANGE,2018-01-23,24620,26086,6825.0,300.0,53374,6594.0,-1466,6525.0
NEW ZEALAND DOLLAR - CHICAGO MERCANTILE EXCHANGE,2018-01-30,29667,26197,5047.0,111.0,55783,2409.0,3470,4936.0
NEW ZEALAND DOLLAR - CHICAGO MERCANTILE EXCHANGE,2018-02-06,29316,25984,-351.0,-213.0,55563,-220.0,3332,-138.0
NEW ZEALAND DOLLAR - CHICAGO MERCANTILE EXCHANGE,2018-02-13,28648,26428,-668.0,444.0,53739,-1824.0,2220,-1112.0
NEW ZEALAND DOLLAR - CHICAGO MERCANTILE EXCHANGE,2018-02-20,29422,28478,774.0,2050.0,54483,744.0,944,-1276.0
NEW ZEALAND DOLLAR - CHICAGO MERCANTILE EXCHANGE,2018-02-27,32179,33170,2757.0,4692.0,58443,3960.0,-991,-1935.0
NEW ZEALAND DOLLAR - CHICAGO MERCANTILE EXCHANGE,2018-03-06,33091,33061,912.0,-109.0,59354,911.0,30,1021.0
NEW ZEALAND DOLLAR - CHICAGO MERCANTILE EXCHANGE,2018-03-13,34689,37505,1598.0,4444.0,66872,7518.0,-2816,-2846.0
NEW ZEALAND DOLLAR - CHICAGO MERCANTILE EXCHANGE,2018-03-20,31078,11452,-3611.0,-26053.0,44482,-22390.0,19626,22442.0
NEW ZEALAND DOLLAR - CHICAGO MERCANTILE EXCHANGE,2018-03-27,32749,14510,1671.0,3058.0,46728,2246.0,18239,-1387.0
NEW ZEALAND DOLLAR - CHICAGO MERCANTILE EXCHANGE,2018-04-03,32948,14571,199.0,61.0,47079,351.0,18377,138.0
NEW ZEALAND DOLLAR - CHICAGO MERCANTILE EXCHANGE,2018-04-10,41652,18825,8704.0,4254.0,55938,8859.0,22827,4450.0
NEW ZEALAND DOLLAR - CHICAGO MERCANTILE EXCHANGE,2018-04-17,47255,19652,5603.0,827.0,61437,5499.0,27603,4776.0
NEW ZEALAND DOLLAR - CHICAGO MERCANTILE EXCHANGE,2018-04-24,39933,15499,-7322.0,-4153.0,55385,-6052.0,24434,-3169.0
NEW ZEALAND DOLLAR - CHICAGO MERCANTILE EXCHANGE,2018-05-01,29899,13326,-10034.0,-2173.0,47605,-7780.0,16573,-7861.0
NEW ZEALAND DOLLAR - CHICAGO MERCANTILE EXCHANGE,2018-05-08,29004,16458,-895.0,3132.0,49725,2120.0,12546,-4027.0
NEW ZEALAND DOLLAR - CHICAGO MERCANTILE EXCHANGE,2018-05-15,28754,26801,-250.0,10343.0,59874,10149.0,1953,-10593.0
NEW ZEALAND DOLLAR - CHICAGO MERCANTILE EXCHANGE,2018-05-22,27077,28440,-1677.0,1639.0,60456,582.0,-1363,-3316.0
NEW ZEALAND DOLLAR - CHICAGO MERCANTILE EXCHANGE,2018-05-29,30945,29544,3868.0,1104.0,62523,2067.0,1401,2764.0
NEW ZEALAND DOLLAR - CHICAGO MERCANTILE EXCHANGE,2018-06-05,33307,28924,2362.0,-620.0,62065,-458.0,4383,2982.0
NEW ZEALAND DOLLAR - CHICAGO MERCANTILE EXCHANGE,2018-06-12,34836,27830,1529.0,-1094.0,64699,2634.0,7006,2623.0
NEW ZEALAND DOLLAR - CHICAGO MERCANTILE EXCHANGE,2018-06-19,14656,30596,-20180.0,2766.0,43308,-21391.0,-15940,-22946.0
NEW ZEALAND DOLLAR - CHICAGO MERCANTILE EXCHANGE,2018-06-26,14898,32460,242.0,1864.0,45026,1718.0,-17562,-1622.0
NEW ZEALAND DOLLAR - CHICAGO MERCANTILE EXCHANGE,2018-07-03,14522,40926,-376.0,8466.0,53676,8650.0,-26404,-8842.0
NEW ZEALAND DOLLAR - CHICAGO MERCANTILE EXCHANGE,2018-07-10,13170,39744,-1352.0,-1182.0,52787,-889.0,-26574,-170.0
NEW ZEALAND DOLLAR - CHICAGO MERCANTILE EXCHANGE,2018-07-17,15392,40459,2222.0,715.0,53254,467.0,-25067,1507.0
NEW ZEALAND DOLLAR - CHICAGO MERCANTILE EXCHANGE,2018-07-24,14977,39347,-415.0,-1112.0,51898,-1356.0,-24370,697.0
NEW ZEALAND DOLLAR - CHICAGO MERCANTILE EXCHANGE,2018-07-31,14454,38134,-523.0,-1213.0,51816,-82.0,-23680,690.0
NEW ZEALAND DOLLAR - CHICAGO MERCANTILE EXCHANGE,2018-08-07,14051,38578,-403.0,444.0,51319,-497.0,-24527,-847.0
NEW ZEALAND DOLLAR - CHICAGO MERCANTILE EXCHANGE,2018-08-14,15723,42416,1672.0,3838.0,56128,4809.0,-26693,-2166.0
NEW ZEALAND DOLLAR - CHICAGO MERCANTILE EXCHANGE,2018-08-21,15665,40808,-58.0,-1608.0,55473,-655.0,-25143,1550.0
NEW ZEALAND DOLLAR - CHICAGO MERCANTILE EXCHANGE,2018-08-28,16445,40372,780.0,-436.0,54564,-909.0,-23927,1216.0
NEW ZEALAND DOLLAR - CHICAGO MERCANTILE EXCHANGE,2018-09-04,16291,41185,-154.0,813.0,55781,1217.0,-24894,-967.0
NEW ZEALAND DOLLAR - CHICAGO MERCANTILE EXCHANGE,2018-09-11,19408,42055,3117.0,870.0,59669,3888.0,-22647,2247.0
NEW ZEALAND DOLLAR - CHICAGO MERCANTILE EXCHANGE,2018-09-18,11021,43010,-8387.0,955.0,57429,-2240.0,-31989,-9342.0
NEW ZEALAND DOLLAR - CHICAGO MERCANTILE EXCHANGE,2018-09-25,10906,42741,-115.0,-269.0,56994,-435.0,-31835,154.0
NEW ZEALAND DOLLAR - CHICAGO MERCANTILE EXCHANGE,2018-10-02,10678,41274,-228.0,-1467.0,56448,-546.0,-30596,1239.0
NEW ZEALAND DOLLAR - CHICAGO MERCANTILE EXCHANGE,2018-10-09,15418,49238,4740.0,7964.0,64710,8262.0,-33820,-3224.0
NEW ZEALAND DOLLAR - CHICAGO MERCANTILE EXCHANGE,2018-10-16,11136,46548,-4282.0,-2690.0,62490,-2220.0,-35412,-1592.0
NEW ZEALAND DOLLAR - CHICAGO MERCANTILE EXCHANGE,2018-10-23,9634,42682,-1502.0,-3866.0,58683,-3807.0,-33048,2364.0
NEW ZEALAND DOLLAR - CHICAGO MERCANTILE EXCHANGE,2018-10-30,8956,43987,-678.0,1305.0,59718,1035.0,-35031,-1983.0
NEW ZEALAND DOLLAR - CHICAGO MERCANTILE EXCHANGE,2018-11-06,10434,36160,1478.0,-7827.0,51288,-8430.0,-25726,9305.0
NEW ZEALAND DOLLAR - CHICAGO MERCANTILE EXCHANGE,2018-11-13,11138,32006,704.0,-4154.0,50015,-1273.0,-20868,4858.0
NEW ZEALAND DOLLAR - CHICAGO MERCANTILE EXCHANGE,2018-11-20,15489,34836,4351.0,2830.0,53661,3646.0,-19347,1521.0
NEW ZEALAND DOLLAR - CHICAGO MERCANTILE EXCHANGE,2018-11-27,16373,36913,884.0,2077.0,54184,523.0,-20540,-1193.0
NEW ZEALAND DOLLAR - CHICAGO MERCANTILE EXCHANGE,2018-12-04,17694,38991,1321.0,2078.0,56348,2164.0,-21297,-757.0
NEW ZEALAND DOLLAR - CHICAGO MERCANTILE EXCHANGE,2018-12-11,19127,34368,1433.0,-4623.0,62587,6239.0,-15241,6056.0
NEW ZEALAND DOLLAR - CHICAGO MERCANTILE EXCHANGE,2018-12-18,18820,15409,-307.0,-18959.0,29675,-32912.0,3411,18652.0
NEW ZEALAND DOLLAR - CHICAGO MERCANTILE EXCHANGE,2018-12-24,17717,15777,-1103.0,368.0,28524,-1151.0,1940,-1471.0
NEW ZEALAND DOLLAR - CHICAGO MERCANTILE EXCHANGE,2018-12-31,18272,16310,555.0,533.0,29640,1116.0,1962,22.0
NEW ZEALAND DOLLAR - CHICAGO MERCANTILE EXCHANGE,2019-01-08,14895,16433,-3377.0,123.0,29804,164.0,-1538,-3500.0
NEW ZEALAND DOLLAR - CHICAGO MERCANTILE EXCHANGE,2019-01-15,14129,17069,-766.0,636.0,30350,546.0,-2940,-1402.0
NEW ZEALAND DOLLAR - CHICAGO MERCANTILE EXCHANGE,2019-01-22,15437,20026,1308.0,2957.0,33089,2739.0,-4589,-1649.0
NEW ZEALAND DOLLAR - CHICAGO MERCANTILE EXCHANGE,2019-01-29,14891,17707,-546.0,-2319.0,31684,-1405.0,-2816,1773.0
NEW ZEALAND DOLLAR - CHICAGO MERCANTILE EXCHANGE,2019-02-05,19257,18710,4366.0,1003.0,34054,2370.0,547,3363.0
NEW ZEALAND DOLLAR - CHICAGO MERCANTILE EXCHANGE,2019-02-12,17944,19067,-1313.0,357.0,35744,1690.0,-1123,-1670.0
NEW ZEALAND DOLLAR - CHICAGO MERCANTILE EXCHANGE,2019-02-19,18718,19458,774.0,391.0,36758,1014.0,-740,383.0
NEW ZEALAND DOLLAR - CHICAGO MERCANTILE EXCHANGE,2019-02-26,18295,17381,-423.0,-2077.0,35407,-1351.0,914,1654.0
NEW ZEALAND DOLLAR - CHICAGO MERCANTILE EXCHANGE,2019-03-05,20687,19266,2392.0,1885.0,39314,3907.0,1421,507.0
NEW ZEALAND DOLLAR - CHICAGO MERCANTILE EXCHANGE,2019-03-12,20974,16377,287.0,-2889.0,42326,3012.0,4597,3176.0
NEW ZEALAND DOLLAR - CHICAGO MERCANTILE EXCHANGE,2019-03-19,17301,18425,-3673.0,2048.0,36146,-6180.0,-1124,-5721.0
NEW ZEALAND DOLLAR - CHICAGO MERCANTILE EXCHANGE,2019-03-26,22570,22772,5269.0,4347.0,42640,6494.0,-202,922.0
NEW ZEALAND DOLLAR - CHICAGO MERCANTILE EXCHANGE,2019-04-02,20854,21259,-1716.0,-1513.0,39164,-3476.0,-405,-203.0
NEW ZEALAND DOLLAR - CHICAGO MERCANTILE EXCHANGE,2019-04-09,18911,20394,-1943.0,-865.0,37599,-1565.0,-1483,-1078.0
NEW ZEALAND DOLLAR - CHICAGO MERCANTILE EXCHANGE,2019-04-16,17030,20251,-1881.0,-143.0,37770,171.0,-3221,-1738.0
NEW ZEALAND DOLLAR - CHICAGO MERCANTILE EXCHANGE,2019-04-23,21367,26817,4337.0,6566.0,45134,7364.0,-5450,-2229.0
NEW ZEALAND DOLLAR - CHICAGO MERCANTILE EXCHANGE,2019-04-30,19038,30498,-2329.0,3681.0,49266,4132.0,-11460,-6010.0
NEW ZEALAND DOLLAR - CHICAGO MERCANTILE EXCHANGE,2019-05-07,16308,29050,-2730.0,-1448.0,48392,-874.0,-12742,-1282.0
NEW ZEALAND DOLLAR - CHICAGO MERCANTILE EXCHANGE,2019-05-14,19075,30513,2767.0,1463.0,50262,1870.0,-11438,1304.0
NEW ZEALAND DOLLAR - CHICAGO MERCANTILE EXCHANGE,2019-05-21,26446,37310,7371.0,6797.0,58548,8286.0,-10864,574.0
NEW ZEALAND DOLLAR - CHICAGO MERCANTILE EXCHANGE,2019-05-28,24986,41134,-1460.0,3824.0,61961,3413.0,-16148,-5284.0
NEW ZEALAND DOLLAR - CHICAGO MERCANTILE EXCHANGE,2019-06-04,23476,43872,-1510.0,2738.0,68760,6799.0,-20396,-4248.0
NEW ZEALAND DOLLAR - CHICAGO MERCANTILE EXCHANGE,2019-06-11,23072,39194,-404.0,-4678.0,62497,-6263.0,-16122,4274.0
NEW ZEALAND DOLLAR - CHICAGO MERCANTILE EXCHANGE,2019-06-18,19552,44020,-3520.0,4826.0,64240,1743.0,-24468,-8346.0
NEW ZEALAND DOLLAR - CHICAGO MERCANTILE EXCHANGE,2019-06-25,17611,41664,-1941.0,-2356.0,61828,-2412.0,-24053,415.0
NEW ZEALAND DOLLAR - CHICAGO MERCANTILE EXCHANGE,2019-07-02,11272,35304,-6339.0,-6360.0,55017,-6811.0,-24032,21.0
NEW ZEALAND DOLLAR - CHICAGO MERCANTILE EXCHANGE,2019-07-09,10484,32689,-788.0,-2615.0,54222,-795.0,-22205,1827.0
NEW ZEALAND DOLLAR - CHICAGO MERCANTILE EXCHANGE,2019-07-16,10839,28158,355.0,-4531.0,50025,-4197.0,-17319,4886.0
NEW ZEALAND DOLLAR - CHICAGO MERCANTILE EXCHANGE,2019-07-23,16029,28254,5190.0,96.0,54066,4041.0,-12225,5094.0
NEW ZEALAND DOLLAR - CHICAGO MERCANTILE EXCHANGE,2019-07-30,15117,27436,-912.0,-818.0,53172,-894.0,-12319,-94.0
NEW ZEALAND DOLLAR - CHICAGO MERCANTILE EXCHANGE,2019-08-06,17898,29462,2781.0,2026.0,57131,3959.0,-11564,755.0
NEW ZEALAND DOLLAR - CHICAGO MERCANTILE EXCHANGE,2019-08-13,20500,33947,2602.0,4485.0,59895,2764.0,-13447,-1883.0
NEW ZEALAND DOLLAR - CHICAGO MERCANTILE EXCHANGE,2019-08-20,21073,39333,573.0,5386.0,62760,2865.0,-18260,-4813.0
NEW ZEALAND DOLLAR - CHICAGO MERCANTILE EXCHANGE,2019-08-27,21135,47182,62.0,7849.0,64672,1912.0,-26047,-7787.0
NEW ZEALAND DOLLAR - CHICAGO MERCANTILE EXCHANGE,2019-09-03,21066,51742,-69.0,4560.0,67827,3155.0,-30676,-4629.0
NEW ZEALAND DOLLAR - CHICAGO MERCANTILE EXCHANGE,2019-09-10,22490,52280,1424.0,538.0,73148,5321.0,-29790,886.0
NEW ZEALAND DOLLAR - CHICAGO MERCANTILE EXCHANGE,2019-09-17,15824,51867,-6666.0,-413.0,68408,-4740.0,-36043,-6253.0
NEW ZEALAND DOLLAR - CHICAGO MERCANTILE EXCHANGE,2019-09-24,19515,59113,3691.0,7246.0,75074,6666.0,-39598,-3555.0
NEW ZEALAND DOLLAR - CHICAGO MERCANTILE EXCHANGE,2019-10-01,16114,58588,-3401.0,-525.0,75163,89.0,-42474,-2876.0
NEW ZEALAND DOLLAR - CHICAGO MERCANTILE EXCHANGE,2019-10-08,14377,52594,-1737.0,-5994.0,73793,-1370.0,-38217,4257.0
NEW ZEALAND DOLLAR - CHICAGO MERCANTILE EXCHANGE,2019-10-15,14383,54399,6.0,1805.0,74796,1003.0,-40016,-1799.0
NEW ZEALAND DOLLAR - CHICAGO MERCANTILE EXCHANGE,2019-10-22,12149,52291,-2234.0,-2108.0,73499,-1297.0,-40142,-126.0
NEW ZEALAND DOLLAR - CHICAGO MERCANTILE EXCHANGE,2019-10-29,11612,52015,-537.0,-276.0,72478,-1021.0,-40403,-261.0
NEW ZEALAND DOLLAR - CHICAGO MERCANTILE EXCHANGE,2019-11-05,14376,53341,2764.0,1326.0,75326,2848.0,-38965,1438.0
NEW ZEALAND DOLLAR - CHICAGO MERCANTILE EXCHANGE,2019-11-12,16750,52985,2374.0,-356.0,79394,4068.0,-36235,2730.0
NEW ZEALAND DOLLAR - CHICAGO MERCANTILE EXCHANGE,2019-11-19,12349,47448,-4401.0,-5537.0,73073,-6321.0,-35099,1136.0
NEW ZEALAND DOLLAR - CHICAGO MERCANTILE EXCHANGE,2019-11-26,10626,46452,-1723.0,-996.0,70840,-2233.0,-35826,-727.0
NEW ZEALAND DOLLAR - CHICAGO MERCANTILE EXCHANGE,2019-12-03,16467,43459,5841.0,-2993.0,71895,1055.0,-26992,8834.0
NEW ZEALAND DOLLAR - CHICAGO MERCANTILE EXCHANGE,2019-12-10,14433,39773,-2034.0,-3686.0,75194,3299.0,-25340,1652.0
NEW ZEALAND DOLLAR - CHICAGO MERCANTILE EXCHANGE,2019-12-17,16160,24377,1727.0,-15396.0,44340,-30854.0,-8217,17123.0
NEW ZEALAND DOLLAR - CHICAGO MERCANTILE EXCHANGE,2019-12-24,18651,26447,2491.0,2070.0,46630,2290.0,-7796,421.0
NEW ZEALAND DOLLAR - CHICAGO MERCANTILE EXCHANGE,2019-12-31,23893,28951,5242.0,2504.0,48744,2114.0,-5058,2738.0
NEW ZEALAND DOLLAR - CHICAGO MERCANTILE EXCHANGE,2020-01-07,27369,28857,3476.0,-94.0,50802,2058.0,-1488,3570.0
NEW ZEALAND DOLLAR - CHICAGO MERCANTILE EXCHANGE,2020-01-14,24085,24446,-3284.0,-4411.0,48651,-2151.0,-361,1127.0
NEW ZEALAND DOLLAR - CHICAGO MERCANTILE EXCHANGE,2020-01-21,24112,22279,27.0,-2167.0,48300,-351.0,1833,2194.0
NEW ZEALAND DOLLAR - CHICAGO MERCANTILE EXCHANGE,2020-01-28,22882,20822,-1230.0,-1457.0,46500,-1800.0,2060,227.0
NEW ZEALAND DOLLAR - CHICAGO MERCANTILE EXCHANGE,2020-02-04,18599,20791,-4283.0,-31.0,43692,-2808.0,-2192,-4252.0
NEW ZEALAND DOLLAR - CHICAGO MERCANTILE EXCHANGE,2020-02-11,19893,23969,1294.0,3178.0,48946,5254.0,-4076,-1884.0
NEW ZEALAND DOLLAR - CHICAGO MERCANTILE EXCHANGE,2020-02-18,17485,29672,-2408.0,5703.0,52585,3639.0,-12187,-8111.0
NEW ZEALAND DOLLAR - CHICAGO MERCANTILE EXCHANGE,2020-02-25,18994,34305,1509.0,4633.0,58240,5655.0,-15311,-3124.0
NEW ZEALAND DOLLAR - CHICAGO MERCANTILE EXCHANGE,2020-03-03,20530,37487,1536.0,3182.0,62847,4607.0,-16957,-1646.0
NEW ZEALAND DOLLAR - CHICAGO MERCANTILE EXCHANGE,2020-03-10,20681,36057,151.0,-1430.0,71034,8187.0,-15376,1581.0
NEW ZEALAND DOLLAR - CHICAGO MERCANTILE EXCHANGE,2020-03-17,9976,30251,-10705.0,-5806.0,44688,-26346.0,-20275,-4899.0
NEW ZEALAND DOLLAR - CHICAGO MERCANTILE EXCHANGE,2020-03-24,6993,23009,-2983.0,-7242.0,37622,-7066.0,-16016,4259.0
NEW ZEALAND DOLLAR - CHICAGO MERCANTILE EXCHANGE,2020-03-31,8040,24146,1047.0,1137.0,39144,1522.0,-16106,-90.0
NEW ZEALAND DOLLAR - CHICAGO MERCANTILE EXCHANGE,2020-04-07,9968,24621,1928.0,475.0,40306,1162.0,-14653,1453.0
NEW ZEALAND DOLLAR - CHICAGO MERCANTILE EXCHANGE,2020-04-14,8958,23536,-1010.0,-1085.0,39812,-494.0,-14578,75.0
NEW ZEALAND DOLLAR - CHICAGO MERCANTILE EXCHANGE,2020-04-21,8282,22541,-676.0,-995.0,39153,-659.0,-14259,319.0
NEW ZEALAND DOLLAR - CHICAGO MERCANTILE EXCHANGE,2020-04-28,9856,23635,1574.0,1094.0,41267,2114.0,-13779,480.0
NEW ZEALAND DOLLAR - CHICAGO MERCANTILE EXCHANGE,2020-05-05,12042,26995,2186.0,3360.0,44372,3105.0,-14953,-1174.0
NEW ZEALAND DOLLAR - CHICAGO MERCANTILE EXCHANGE,2020-05-12,11953,27831,-89.0,836.0,45368,996.0,-15878,-925.0
NEW ZEALAND DOLLAR - CHICAGO MERCANTILE EXCHANGE,2020-05-19,10742,26609,-1211.0,-1222.0,44143,-1225.0,-15867,11.0
NEW ZEALAND DOLLAR - CHICAGO MERCANTILE EXCHANGE,2020-05-26,12218,27261,1476.0,652.0,45668,1525.0,-15043,824.0
NEW ZEALAND DOLLAR - CHICAGO MERCANTILE EXCHANGE,2020-06-02,14318,27241,2100.0,-20.0,46537,869.0,-12923,2120.0
NEW ZEALAND DOLLAR - CHICAGO MERCANTILE EXCHANGE,2020-06-09,15165,26406,847.0,-835.0,46711,174.0,-11241,1682.0
NEW ZEALAND DOLLAR - CHICAGO MERCANTILE EXCHANGE,2020-06-16,14452,16384,-713.0,-10022.0,27321,-19390.0,-1932,9309.0
NEW ZEALAND DOLLAR - CHICAGO MERCANTILE EXCHANGE,2020-06-23,16174,16189,1722.0,-195.0,29351,2030.0,-15,1917.0
NEW ZEALAND DOLLAR - CHICAGO MERCANTILE EXCHANGE,2020-06-30,16314,15958,140.0,-231.0,30845,1494.0,356,371.0
NEW ZEALAND DOLLAR - CHICAGO MERCANTILE EXCHANGE,2020-07-07,15806,16123,-508.0,165.0,31229,384.0,-317,-673.0
NEW ZEALAND DOLLAR - CHICAGO MERCANTILE EXCHANGE,2020-07-14,16973,15856,1167.0,-267.0,33202,1973.0,1117,1434.0
NEW ZEALAND DOLLAR - CHICAGO MERCANTILE EXCHANGE,2020-07-21,19597,17122,2624.0,1266.0,36105,2903.0,2475,1358.0
NEW ZEALAND DOLLAR - CHICAGO MERCANTILE EXCHANGE,2020-07-28,17383,18228,-2214.0,1106.0,36142,37.0,-845,-3320.0
NEW ZEALAND DOLLAR - CHICAGO MERCANTILE EXCHANGE,2020-08-04,18584,20032,1201.0,1804.0,38499,2357.0,-1448,-603.0
NEW ZEALAND DOLLAR - CHICAGO MERCANTILE EXCHANGE,2020-08-11,17878,18057,-706.0,-1975.0,37528,-971.0,-179,1269.0
NEW ZEALAND DOLLAR - CHICAGO MERCANTILE EXCHANGE,2020-08-18,20513,16751,2635.0,-1306.0,38561,1033.0,3762,3941.0
NEW ZEALAND DOLLAR - CHICAGO MERCANTILE EXCHANGE,2020-08-25,19756,15568,-757.0,-1183.0,36678,-1883.0,4188,426.0
NEW ZEALAND DOLLAR - CHICAGO MERCANTILE EXCHANGE,2020-09-01,21434,14468,1678.0,-1100.0,40244,3566.0,6966,2778.0
NEW ZEALAND DOLLAR - CHICAGO MERCANTILE EXCHANGE,2020-09-08,20109,15209,-1325.0,741.0,44047,3803.0,4900,-2066.0
NEW ZEALAND DOLLAR - CHICAGO MERCANTILE EXCHANGE,2020-09-15,18002,14760,-2107.0,-449.0,35834,-8213.0,3242,-1658.0
NEW ZEALAND DOLLAR - CHICAGO MERCANTILE EXCHANGE,2020-09-22,16700,11840,-1302.0,-2920.0,35216,-618.0,4860,1618.0
NEW ZEALAND DOLLAR - CHICAGO MERCANTILE EXCHANGE,2020-09-29,17100,13771,400.0,1931.0,35923,707.0,3329,-1531.0
NEW ZEALAND DOLLAR - CHICAGO MERCANTILE EXCHANGE,2020-10-06,16755,11665,-345.0,-2106.0,34612,-1311.0,5090,1761.0
NEW ZEALAND DOLLAR - CHICAGO MERCANTILE EXCHANGE,2020-10-13,20227,13737,3472.0,2072.0,38209,3597.0,6490,1400.0
NEW ZEALAND DOLLAR - CHICAGO MERCANTILE EXCHANGE,2020-10-20,19897,13295,-330.0,-442.0,37295,-914.0,6602,112.0
NEW ZEALAND DOLLAR - CHICAGO MERCANTILE EXCHANGE,2020-10-27,22023,15028,2126.0,1733.0,40388,3093.0,6995,393.0
NEW ZEALAND DOLLAR - CHICAGO MERCANTILE EXCHANGE,2020-11-03,21903,14852,-120.0,-176.0,40400,12.0,7051,56.0
NEW ZEALAND DOLLAR - CHICAGO MERCANTILE EXCHANGE,2020-11-10,25695,17978,3792.0,3126.0,46065,5665.0,7717,666.0
NEW ZEALAND DOLLAR - CHICAGO MERCANTILE EXCHANGE,2020-11-17,29325,20457,3630.0,2479.0,50687,4622.0,8868,1151.0
NEW ZEALAND DOLLAR - CHICAGO MERCANTILE EXCHANGE,2020-11-24,32235,23923,2910.0,3466.0,54640,3953.0,8312,-556.0
NEW ZEALAND DOLLAR - CHICAGO MERCANTILE EXCHANGE,2020-12-01,32806,23748,571.0,-175.0,55345,705.0,9058,746.0
NEW ZEALAND DOLLAR - CHICAGO MERCANTILE EXCHANGE,2020-12-08,34730,24180,1924.0,432.0,61261,5916.0,10550,1492.0
NEW ZEALAND DOLLAR - CHICAGO MERCANTILE EXCHANGE,2020-12-15,28739,14546,-5991.0,-9634.0,47402,-13859.0,14193,3643.0
NEW ZEALAND DOLLAR - CHICAGO MERCANTILE EXCHANGE,2020-12-21,28710,15056,-29.0,510.0,48309,907.0,13654,-539.0
NEW ZEALAND DOLLAR - CHICAGO MERCANTILE EXCHANGE,2020-12-29,27839,15305,-871.0,249.0,47915,-394.0,12534,-1120.0
NEW ZEALAND DOLLAR - CHICAGO MERCANTILE EXCHANGE,2021-01-05,26552,14556,-1287.0,-749.0,47194,-721.0,11996,-538.0
NEW ZEALAND DOLLAR - CHICAGO MERCANTILE EXCHANGE,2021-01-12,26131,11424,-421.0,-3132.0,44757,-2437.0,14707,2711.0
NEW ZEALAND DOLLAR - CHICAGO MERCANTILE EXCHANGE,2021-01-19,27997,12014,1866.0,590.0,46244,1487.0,15983,1276.0
NEW ZEALAND DOLLAR - CHICAGO MERCANTILE EXCHANGE,2021-01-26,28177,13419,180.0,1405.0,46804,560.0,14758,-1225.0
NEW ZEALAND DOLLAR - CHICAGO MERCANTILE EXCHANGE,2021-02-02,30501,18854,2324.0,5435.0,50685,3881.0,11647,-3111.0
NEW ZEALAND DOLLAR - CHICAGO MERCANTILE EXCHANGE,2021-02-09,29133,17589,-1368.0,-1265.0,48655,-2030.0,11544,-103.0
NEW ZEALAND DOLLAR - CHICAGO MERCANTILE EXCHANGE,2021-02-16,30243,16532,1110.0,-1057.0,48103,-552.0,13711,2167.0
NEW ZEALAND DOLLAR - CHICAGO MERCANTILE EXCHANGE,2021-02-23,30422,15773,179.0,-759.0,48209,106.0,14649,938.0
NEW ZEALAND DOLLAR - CHICAGO MERCANTILE EXCHANGE,2021-03-02,31825,15417,1403.0,-356.0,48587,378.0,16408,1759.0
NEW ZEALAND DOLLAR - CHICAGO MERCANTILE EXCHANGE,2021-03-09,32664,15538,839.0,121.0,51380,2793.0,17126,718.0
NEW ZEALAND DOLLAR - CHICAGO MERCANTILE EXCHANGE,2021-03-16,20002,13973,-12662.0,-1565.0,34565,-16815.0,6029,-11097.0
NEW ZEALAND DOLLAR - CHICAGO MERCANTILE EXCHANGE,2021-03-23,20354,15630,352.0,1657.0,38253,3688.0,4724,-1305.0
NEW ZEALAND DOLLAR - CHICAGO MERCANTILE EXCHANGE,2021-03-30,18945,14899,-1409.0,-731.0,36805,-1448.0,4046,-678.0
NEW ZEALAND DOLLAR - CHICAGO MERCANTILE EXCHANGE,2021-04-06,19199,16061,254.0,1162.0,37377,572.0,3138,-908.0
NEW ZEALAND DOLLAR - CHICAGO MERCANTILE EXCHANGE,2021-04-13,19727,17207,528.0,1146.0,38435,1058.0,2520,-618.0
NEW ZEALAND DOLLAR - CHICAGO MERCANTILE EXCHANGE,2021-04-20,21695,17373,1968.0,166.0,40632,2197.0,4322,1802.0
NEW ZEALAND DOLLAR - CHICAGO MERCANTILE EXCHANGE,2021-04-27,25852,18873,4157.0,1500.0,44102,3470.0,6979,2657.0
NEW ZEALAND DOLLAR - CHICAGO MERCANTILE EXCHANGE,2021-05-04,26371,17783,519.0,-1090.0,44453,351.0,8588,1609.0
NEW ZEALAND DOLLAR - CHICAGO MERCANTILE EXCHANGE,2021-05-11,26377,17033,6.0,-750.0,45414,961.0,9344,756.0
NEW ZEALAND DOLLAR - CHICAGO MERCANTILE EXCHANGE,2021-05-18,23624,15174,-2753.0,-1859.0,43155,-2259.0,8450,-894.0
NEW ZEALAND DOLLAR - CHICAGO MERCANTILE EXCHANGE,2021-05-25,24446,15861,822.0,687.0,44245,1090.0,8585,135.0
NEW ZEALAND DOLLAR - CHICAGO MERCANTILE EXCHANGE,2021-06-01,24684,18757,238.0,2896.0,46253,2008.0,5927,-2658.0
NEW ZEALAND DOLLAR - CHICAGO MERCANTILE EXCHANGE,2021-06-08,21962,16456,-2722.0,-2301.0,45803,-450.0,5506,-421.0
NEW ZEALAND DOLLAR - CHICAGO MERCANTILE EXCHANGE,2021-06-15,18466,15201,-3496.0,-1255.0,37913,-7890.0,3265,-2241.0
NEW ZEALAND DOLLAR - CHICAGO MERCANTILE EXCHANGE,2021-06-22,19171,15885,705.0,684.0,39285,1372.0,3286,21.0
NEW ZEALAND DOLLAR - CHICAGO MERCANTILE EXCHANGE,2021-06-29,19914,16790,743.0,905.0,41352,2067.0,3124,-162.0
NEW ZEALAND DOLLAR - CHICAGO MERCANTILE EXCHANGE,2021-07-06,19412,17651,-502.0,861.0,41756,404.0,1761,-1363.0
NEW ZEALAND DOLLAR - CHICAGO MERCANTILE EXCHANGE,2021-07-13,20627,17397,1215.0,-254.0,42463,707.0,3230,1469.0
NEW ZEALAND DOLLAR - CHICAGO MERCANTILE EXCHANGE,2021-07-20,20671,17625,44.0,228.0,43583,1120.0,3046,-184.0
NEW ZEALAND DOLLAR - CHICAGO MERCANTILE EXCHANGE,2021-07-27,19505,18084,-1166.0,459.0,43953,370.0,1421,-1625.0
NEW ZEALAND DOLLAR - CHICAGO MERCANTILE EXCHANGE,2021-08-03,16959,17284,-2546.0,-800.0,42743,-1210.0,-325,-1746.0
NEW ZEALAND DOLLAR - CHICAGO MERCANTILE EXCHANGE,2021-08-10,17295,18327,336.0,1043.0,46690,3947.0,-1032,-707.0
NEW ZEALAND DOLLAR - CHICAGO MERCANTILE EXCHANGE,2021-08-17,16674,16909,-621.0,-1418.0,44222,-2468.0,-235,797.0
NEW ZEALAND DOLLAR - CHICAGO MERCANTILE EXCHANGE,2021-08-24,17219,17581,545.0,672.0,46444,2222.0,-362,-127.0
NEW ZEALAND DOLLAR - CHICAGO MERCANTILE EXCHANGE,2021-08-31,17692,19833,473.0,2252.0,48296,1852.0,-2141,-1779.0
NEW ZEALAND DOLLAR - CHICAGO MERCANTILE EXCHANGE,2021-09-07,20074,16211,2382.0,-3622.0,58075,9779.0,3863,6004.0
NEW ZEALAND DOLLAR - CHICAGO MERCANTILE EXCHANGE,2021-09-14,17554,11348,-2520.0,-4863.0,35667,-22408.0,6206,2343.0
NEW ZEALAND DOLLAR - CHICAGO MERCANTILE EXCHANGE,2021-09-21,19703,11601,2149.0,253.0,36691,1024.0,8102,1896.0
NEW ZEALAND DOLLAR - CHICAGO MERCANTILE EXCHANGE,2021-09-28,18324,8078,-1379.0,-3523.0,33673,-3018.0,10246,2144.0
NEW ZEALAND DOLLAR - CHICAGO MERCANTILE EXCHANGE,2021-10-05,17887,9831,-437.0,1753.0,35861,2188.0,8056,-2190.0
NEW ZEALAND DOLLAR - CHICAGO MERCANTILE EXCHANGE,2021-10-12,20467,11719,2580.0,1888.0,37340,1479.0,8748,692.0
NEW ZEALAND DOLLAR - CHICAGO MERCANTILE EXCHANGE,2021-10-19,21004,14564,537.0,2845.0,37730,390.0,6440,-2308.0
NEW ZEALAND DOLLAR - CHICAGO MERCANTILE EXCHANGE,2021-10-26,24490,15584,3486.0,1020.0,43061,5331.0,8906,2466.0
NEW ZEALAND DOLLAR - CHICAGO MERCANTILE EXCHANGE,2021-11-02,27504,13643,3014.0,-1941.0,45436,2375.0,13861,4955.0
NEW ZEALAND DOLLAR - CHICAGO MERCANTILE EXCHANGE,2021-11-09,25312,12430,-2192.0,-1213.0,43461,-1975.0,12882,-979.0
NEW ZEALAND DOLLAR - CHICAGO MERCANTILE EXCHANGE,2021-11-16,26388,12423,1076.0,-7.0,42945,-516.0,13965,1083.0
NEW ZEALAND DOLLAR - CHICAGO MERCANTILE EXCHANGE,2021-11-23,27835,13896,1447.0,1473.0,44524,1579.0,13939,-26.0
NEW ZEALAND DOLLAR - CHICAGO MERCANTILE EXCHANGE,2021-11-30,30465,19835,2630.0,5939.0,49483,4959.0,10630,-3309.0
NEW ZEALAND DOLLAR - CHICAGO MERCANTILE EXCHANGE,2021-12-07,31881,21173,1416.0,1338.0,55975,6492.0,10708,78.0
NEW ZEALAND DOLLAR - CHICAGO MERCANTILE EXCHANGE,2021-12-14,13539,19400,-18342.0,-1773.0,41223,-14752.0,-5861,-16569.0
NEW ZEALAND DOLLAR - CHICAGO MERCANTILE EXCHANGE,2021-12-21,11050,17186,-2489.0,-2214.0,41354,131.0,-6136,-275.0
NEW ZEALAND DOLLAR - CHICAGO MERCANTILE EXCHANGE,2021-12-28,11231,19652,181.0,2466.0,41862,508.0,-8421,-2285.0
NEW ZEALAND DOLLAR - CHICAGO MERCANTILE EXCHANGE,2022-01-04,9417,18262,-1814.0,-1390.0,40302,-1560.0,-8845,-424.0
NEW ZEALAND DOLLAR - CHICAGO MERCANTILE EXCHANGE,2022-01-11,10960,19564,1543.0,1302.0,42066,1764.0,-8604,241.0
NEW ZEALAND DOLLAR - CHICAGO MERCANTILE EXCHANGE,2022-01-18,11612,19943,652.0,379.0,44727,2661.0,-8331,273.0
NEW ZEALAND DOLLAR - CHICAGO MERCANTILE EXCHANGE,2022-01-25,15948,26721,4336.0,6778.0,53316,8589.0,-10773,-2442.0
NEW ZEALAND DOLLAR - CHICAGO MERCANTILE EXCHANGE,2022-02-01,19205,30903,3257.0,4182.0,58467,5151.0,-11698,-925.0
NEW ZEALAND DOLLAR - CHICAGO MERCANTILE EXCHANGE,2022-02-08,17168,27534,-2037.0,-3369.0,54877,-3590.0,-10366,1332.0
NEW ZEALAND DOLLAR - CHICAGO MERCANTILE EXCHANGE,2022-02-15,24923,34256,7755.0,6722.0,64105,9228.0,-9333,1033.0
NEW ZEALAND DOLLAR - CHICAGO MERCANTILE EXCHANGE,2022-02-22,17343,28894,-7580.0,-5362.0,56636,-7469.0,-11551,-2218.0
NEW ZEALAND DOLLAR - CHICAGO MERCANTILE EXCHANGE,2022-03-01,10485,24657,-6858.0,-4237.0,50389,-6247.0,-14172,-2621.0
NEW ZEALAND DOLLAR - CHICAGO MERCANTILE EXCHANGE,2022-03-08,15775,28154,5290.0,3497.0,53250,2861.0,-12379,1793.0
NEW ZEALAND DOLLAR - CHICAGO MERCANTILE EXCHANGE,2022-03-15,21493,17840,5718.0,-10314.0,39200,-14050.0,3653,16032.0
NEW ZEALAND DOLLAR - CHICAGO MERCANTILE EXCHANGE,2022-03-22,17156,14636,-4337.0,-3204.0,35256,-3944.0,2520,-1133.0
NEW ZEALAND DOLLAR - CHICAGO MERCANTILE EXCHANGE,2022-03-29,15504,16371,-1652.0,1735.0,34881,-375.0,-867,-3387.0
NEW ZEALAND DOLLAR - CHICAGO MERCANTILE EXCHANGE,2022-04-05,15428,16997,-76.0,626.0,35788,907.0,-1569,-702.0
NEW ZEALAND DOLLAR - CHICAGO MERCANTILE EXCHANGE,2022-04-12,16295,16584,867.0,-413.0,37585,1797.0,-289,1280.0
NEW ZEALAND DOLLAR - CHICAGO MERCANTILE EXCHANGE,2022-04-19,19081,18716,2786.0,2132.0,41098,3513.0,365,654.0
NEW ZEALAND DOLLAR - CHICAGO MERCANTILE EXCHANGE,2022-04-26,22085,22019,3004.0,3303.0,46510,5412.0,66,-299.0
NEW ZEALAND DOLLAR - CHICAGO MERCANTILE EXCHANGE,2022-05-03,17427,24037,-4658.0,2018.0,50844,4334.0,-6610,-6676.0
NEW ZEALAND DOLLAR - CHICAGO MERCANTILE EXCHANGE,2022-05-10,15203,28199,-2224.0,4162.0,56235,5391.0,-12996,-6386.0
NEW ZEALAND DOLLAR - CHICAGO MERCANTILE EXCHANGE,2022-05-17,14998,32765,-205.0,4566.0,60804,4569.0,-17767,-4771.0
NEW ZEALAND DOLLAR - CHICAGO MERCANTILE EXCHANGE,2022-05-24,10749,30070,-4249.0,-2695.0,59279,-1525.0,-19321,-1554.0
NEW ZEALAND DOLLAR - CHICAGO MERCANTILE EXCHANGE,2022-05-31,9179,27903,-1570.0,-2167.0,55134,-4145.0,-18724,597.0
NEW ZEALAND DOLLAR - CHICAGO MERCANTILE EXCHANGE,2022-06-07,12310,32081,3131.0,4178.0,63540,8406.0,-19771,-1047.0
NEW ZEALAND DOLLAR - CHICAGO MERCANTILE EXCHANGE,2022-06-14,14894,21732,2584.0,-10349.0,45410,-18130.0,-6838,12933.0
NEW ZEALAND DOLLAR - CHICAGO MERCANTILE EXCHANGE,2022-06-21,14652,20075,-242.0,-1657.0,42889,-2521.0,-5423,1415.0
NEW ZEALAND DOLLAR - CHICAGO MERCANTILE EXCHANGE,2022-06-28,11720,17031,-2932.0,-3044.0,40337,-2552.0,-5311,112.0
NEW ZEALAND DOLLAR - CHICAGO MERCANTILE EXCHANGE,2022-07-05,13634,20690,1914.0,3659.0,45403,5066.0,-7056,-1745.0
NEW ZEALAND DOLLAR - CHICAGO MERCANTILE EXCHANGE,2022-07-12,14926,20209,1292.0,-481.0,45837,434.0,-5283,1773.0
NEW ZEALAND DOLLAR - CHICAGO MERCANTILE EXCHANGE,2022-07-19,15791,19462,865.0,-747.0,45467,-370.0,-3671,1612.0
NEW ZEALAND DOLLAR - CHICAGO MERCANTILE EXCHANGE,2022-07-26,17311,21497,1520.0,2035.0,46471,1004.0,-4186,-515.0
NEW ZEALAND DOLLAR - CHICAGO MERCANTILE EXCHANGE,2022-08-02,16521,18094,-790.0,-3403.0,45274,-1197.0,-1573,2613.0
NEW ZEALAND DOLLAR - CHICAGO MERCANTILE EXCHANGE,2022-08-09,18224,18500,1703.0,406.0,45350,76.0,-276,1297.0
NEW ZEALAND DOLLAR - CHICAGO MERCANTILE EXCHANGE,2022-08-16,18412,16643,188.0,-1857.0,41729,-3621.0,1769,2045.0
NEW ZEALAND DOLLAR - CHICAGO MERCANTILE EXCHANGE,2022-08-23,16789,18263,-1623.0,1620.0,42311,582.0,-1474,-3243.0
NEW ZEALAND DOLLAR - CHICAGO MERCANTILE EXCHANGE,2022-08-30,16407,19531,-382.0,1268.0,44376,2065.0,-3124,-1650.0
NEW ZEALAND DOLLAR - CHICAGO MERCANTILE EXCHANGE,2022-09-06,17165,19911,758.0,380.0,46796,2420.0,-2746,378.0
NEW ZEALAND DOLLAR - CHICAGO MERCANTILE EXCHANGE,2022-09-13,17949,23250,784.0,3339.0,51079,4283.0,-5301,-2555.0
NEW ZEALAND DOLLAR - CHICAGO MERCANTILE EXCHANGE,2022-09-20,11646,24235,-6303.0,985.0,47884,-3195.0,-12589,-7288.0
NEW ZEALAND DOLLAR - CHICAGO MERCANTILE EXCHANGE,2022-09-27,12287,23758,641.0,-477.0,45240,-2644.0,-11471,1118.0
NEW ZEALAND DOLLAR - CHICAGO MERCANTILE EXCHANGE,2022-10-04,14966,28944,2679.0,5186.0,48487,3247.0,-13978,-2507.0
NEW ZEALAND DOLLAR - CHICAGO MERCANTILE EXCHANGE,2022-10-11,11894,30936,-3072.0,1992.0,50557,2070.0,-19042,-5064.0
NEW ZEALAND DOLLAR - CHICAGO MERCANTILE EXCHANGE,2022-10-18,10328,28773,-1566.0,-2163.0,50448,-109.0,-18445,597.0
NEW ZEALAND DOLLAR - CHICAGO MERCANTILE EXCHANGE,2022-10-25,15639,28523,5311.0,-250.0,50620,172.0,-12884,5561.0
NEW ZEALAND DOLLAR - CHICAGO MERCANTILE EXCHANGE,2022-11-01,21115,24962,5476.0,-3561.0,47219,-3401.0,-3847,9037.0
NEW ZEALAND DOLLAR - CHICAGO MERCANTILE EXCHANGE,2022-11-08,18085,24452,-3030.0,-510.0,45808,-1411.0,-6367,-2520.0
NEW ZEALAND DOLLAR - CHICAGO MERCANTILE EXCHANGE,2022-11-15,15285,21913,-2800.0,-2539.0,42589,-3219.0,-6628,-261.0
NEW ZEALAND DOLLAR - CHICAGO MERCANTILE EXCHANGE,2022-11-22,15536,19820,251.0,-2093.0,42589,0.0,-4284,2344.0
NEW ZEALAND DOLLAR - CHICAGO MERCANTILE EXCHANGE,2022-11-29,18855,23909,3319.0,4089.0,46180,3591.0,-5054,-770.0
NEW ZEALAND DOLLAR - CHICAGO MERCANTILE EXCHANGE,2022-12-06,16302,22800,-2553.0,-1109.0,42954,-3226.0,-6498,-1444.0
NEW ZEALAND DOLLAR - CHICAGO MERCANTILE EXCHANGE,2022-12-13,19700,27206,3398.0,4406.0,55294,12340.0,-7506,-1008.0
NEW ZEALAND DOLLAR - CHICAGO MERCANTILE EXCHANGE,2022-12-20,13386,7052,-6314.0,-20154.0,29044,-26250.0,6334,13840.0
NEW ZEALAND DOLLAR - CHICAGO MERCANTILE EXCHANGE,2022-12-27,15576,8669,2190.0,1617.0,33552,4508.0,6907,573.0
NEW ZEALAND DOLLAR - CHICAGO MERCANTILE EXCHANGE,2023-01-03,13366,5886,-2210.0,-2783.0,29773,-3779.0,7480,573.0
NEW ZEALAND DOLLAR - CHICAGO MERCANTILE EXCHANGE,2023-01-10,12607,5257,-759.0,-629.0,27566,-2207.0,7350,-130.0
NEW ZEALAND DOLLAR - CHICAGO MERCANTILE EXCHANGE,2023-01-17,11308,5250,-1299.0,-7.0,31579,4013.0,6058,-1292.0
NEW ZEALAND DOLLAR - CHICAGO MERCANTILE EXCHANGE,2023-01-24,10170,7996,-1138.0,2746.0,32710,1131.0,2174,-3884.0
NEW ZEALAND DOLLAR - CHICAGO MERCANTILE EXCHANGE,2023-01-31,15376,6990,5206.0,-1006.0,34587,1877.0,8386,6212.0
NEW ZEALAND DOLLAR - CHICAGO MERCANTILE EXCHANGE,2023-02-07,16181,5337,805.0,-1653.0,31410,-3177.0,10844,2458.0
NEW ZEALAND DOLLAR - CHICAGO MERCANTILE EXCHANGE,2023-02-14,14185,5182,-1996.0,-155.0,29900,-1510.0,9003,-1841.0
NEW ZEALAND DOLLAR - CHICAGO MERCANTILE EXCHANGE,2023-02-21,15561,6773,1376.0,1591.0,29888,-12.0,8788,-215.0
NEW ZEALAND DOLLAR - CHICAGO MERCANTILE EXCHANGE,2023-02-28,21318,14208,5757.0,7435.0,40006,10118.0,7110,-1678.0
NEW ZEALAND DOLLAR - CHICAGO MERCANTILE EXCHANGE,2023-03-07,22415,16788,1097.0,2580.0,48777,8771.0,5627,-1483.0
NEW ZEALAND DOLLAR - CHICAGO MERCANTILE EXCHANGE,2023-03-14,12185,16926,-10230.0,138.0,35374,-13403.0,-4741,-10368.0
NEW ZEALAND DOLLAR - CHICAGO MERCANTILE EXCHANGE,2023-03-21,6765,15548,-5420.0,-1378.0,32179,-3195.0,-8783,-4042.0
NEW ZEALAND DOLLAR - CHICAGO MERCANTILE EXCHANGE,2023-03-28,9720,16330,2955.0,782.0,31981,-198.0,-6610,2173.0
NEW ZEALAND DOLLAR - CHICAGO MERCANTILE EXCHANGE,2023-04-04,14280,18311,4560.0,1981.0,36080,4099.0,-4031,2579.0
NEW ZEALAND DOLLAR - CHICAGO MERCANTILE EXCHANGE,2023-04-11,13097,17578,-1183.0,-733.0,35806,-274.0,-4481,-450.0
NEW ZEALAND DOLLAR - CHICAGO MERCANTILE EXCHANGE,2023-04-18,10876,14780,-2221.0,-2798.0,33377,-2429.0,-3904,577.0
NEW ZEALAND DOLLAR - CHICAGO MERCANTILE EXCHANGE,2023-04-25,13070,16322,2194.0,1542.0,36603,3226.0,-3252,652.0
NEW ZEALAND DOLLAR - CHICAGO MERCANTILE EXCHANGE,2023-05-02,16027,17944,2957.0,1622.0,38910,2307.0,-1917,1335.0
NEW ZEALAND DOLLAR - CHICAGO MERCANTILE EXCHANGE,2023-05-09,17461,22042,1434.0,4098.0,41583,2673.0,-4581,-2664.0
NEW ZEALAND DOLLAR - CHICAGO MERCANTILE EXCHANGE,2023-05-16,14610,16685,-2851.0,-5357.0,36187,-5396.0,-2075,2506.0
NEW ZEALAND DOLLAR - CHICAGO MERCANTILE EXCHANGE,2023-05-23,16648,17011,2038.0,326.0,39011,2824.0,-363,1712.0
NEW ZEALAND DOLLAR - CHICAGO MERCANTILE EXCHANGE,2023-05-30,16081,16211,-567.0,-800.0,39507,496.0,-130,233.0
NEW ZEALAND DOLLAR - CHICAGO MERCANTILE EXCHANGE,2023-06-06,16109,16812,28.0,601.0,41665,2158.0,-703,-573.0
NEW ZEALAND DOLLAR - CHICAGO MERCANTILE EXCHANGE,2023-06-13,15943,16774,-166.0,-38.0,46496,4831.0,-831,-128.0
NEW ZEALAND DOLLAR - CHICAGO MERCANTILE EXCHANGE,2023-06-20,10867,13526,-5076.0,-3248.0,32401,-14095.0,-2659,-1828.0
NEW ZEALAND DOLLAR - CHICAGO MERCANTILE EXCHANGE,2023-06-27,13207,14038,2340.0,512.0,34362,1961.0,-831,1828.0
NEW ZEALAND DOLLAR - CHICAGO MERCANTILE EXCHANGE,2023-07-03,13170,12340,-37.0,-1698.0,34057,-305.0,830,1661.0
NEW ZEALAND DOLLAR - CHICAGO MERCANTILE EXCHANGE,2023-07-11,13297,14548,127.0,2208.0,34947,890.0,-1251,-2081.0
NEW ZEALAND DOLLAR - CHICAGO MERCANTILE EXCHANGE,2023-07-18,13193,16819,-104.0,2271.0,39402,4455.0,-3626,-2375.0
NEW ZEALAND DOLLAR - CHICAGO MERCANTILE EXCHANGE,2023-07-25,12933,13882,-260.0,-2937.0,36820,-2582.0,-949,2677.0
NEW ZEALAND DOLLAR - CHICAGO MERCANTILE EXCHANGE,2023-08-01,15551,13965,2618.0,83.0,36091,-729.0,1586,2535.0
NEW ZEALAND DOLLAR - CHICAGO MERCANTILE EXCHANGE,2023-08-08,18758,19126,3207.0,5161.0,40986,4895.0,-368,-1954.0
NEW ZEALAND DOLLAR - CHICAGO MERCANTILE EXCHANGE,2023-08-15,21910,24346,3152.0,5220.0,46781,5795.0,-2436,-2068.0
NEW ZEALAND DOLLAR - CHICAGO MERCANTILE EXCHANGE,2023-08-22,21478,27991,-432.0,3645.0,51035,4254.0,-6513,-4077.0
NEW ZEALAND DOLLAR - CHICAGO MERCANTILE EXCHANGE,2023-08-29,20554,30930,-924.0,2939.0,56617,5582.0,-10376,-3863.0
NEW ZEALAND DOLLAR - CHICAGO MERCANTILE EXCHANGE,2023-09-05,16847,30847,-3707.0,-83.0,56462,-155.0,-14000,-3624.0
NEW ZEALAND DOLLAR - CHICAGO MERCANTILE EXCHANGE,2023-09-12,14797,29417,-2050.0,-1430.0,67487,11025.0,-14620,-620.0
NEW ZEALAND DOLLAR - CHICAGO MERCANTILE EXCHANGE,2023-09-19,7618,28890,-7179.0,-527.0,52588,-14899.0,-21272,-6652.0
NEW ZEALAND DOLLAR - CHICAGO MERCANTILE EXCHANGE,2023-09-26,10632,25813,3014.0,-3077.0,50757,-1831.0,-15181,6091.0
NEW ZEALAND DOLLAR - CHICAGO MERCANTILE EXCHANGE,2023-10-03,15895,23545,5263.0,-2268.0,52291,1534.0,-7650,7531.0
NEW ZEALAND DOLLAR - CHICAGO MERCANTILE EXCHANGE,2023-10-10,18672,22761,2777.0,-784.0,54694,2403.0,-4089,3561.0
NEW ZEALAND DOLLAR - CHICAGO MERCANTILE EXCHANGE,2023-10-17,16008,21907,-2664.0,-854.0,54135,-559.0,-5899,-1810.0
NEW ZEALAND DOLLAR - CHICAGO MERCANTILE EXCHANGE,2023-10-24,13448,26299,-2560.0,4392.0,57243,3108.0,-12851,-6952.0
NEW ZEALAND DOLLAR - CHICAGO MERCANTILE EXCHANGE,2023-10-31,14332,27149,884.0,850.0,57676,433.0,-12817,34.0
NEW ZEALAND DOLLAR - CHICAGO MERCANTILE EXCHANGE,2023-11-07,9399,24339,-4933.0,-2810.0,51001,-6675.0,-14940,-2123.0
NEW ZEALAND DOLLAR - CHICAGO MERCANTILE EXCHANGE,2023-11-14,8818,25852,-581.0,1513.0,49906,-1095.0,-17034,-2094.0
NEW ZEALAND DOLLAR - CHICAGO MERCANTILE EXCHANGE,2023-11-21,7958,24812,-860.0,-1040.0,48137,-1769.0,-16854,180.0
NEW ZEALAND DOLLAR - CHICAGO MERCANTILE EXCHANGE,2023-11-28,10104,29713,2146.0,4901.0,51460,3323.0,-19609,-2755.0
NEW ZEALAND DOLLAR - CHICAGO MERCANTILE EXCHANGE,2023-12-05,11796,28246,1692.0,-1467.0,54732,3272.0,-16450,3159.0
NEW ZEALAND DOLLAR - CHICAGO MERCANTILE EXCHANGE,2023-12-12,13273,26761,1477.0,-1485.0,58308,3576.0,-13488,2962.0
NEW ZEALAND DOLLAR - CHICAGO MERCANTILE EXCHANGE,2023-12-19,14562,17954,1289.0,-8807.0,33652,-24656.0,-3392,10096.0
NEW ZEALAND DOLLAR - CHICAGO MERCANTILE EXCHANGE,2023-12-26,14582,18249,20.0,295.0,34911,1259.0,-3667,-275.0
NEW ZEALAND DOLLAR - CHICAGO MERCANTILE EXCHANGE,2024-01-02,18043,18589,3461.0,340.0,39215,4304.0,-546,3121.0
NEW ZEALAND DOLLAR - CHICAGO MERCANTILE EXCHANGE,2024-01-09,16221,17988,-1822.0,-601.0,38539,-676.0,-1767,-1221.0
NEW ZEALAND DOLLAR - CHICAGO MERCANTILE EXCHANGE,2024-01-16,14592,17474,-1629.0,-514.0,38466,-73.0,-2882,-1115.0
NEW ZEALAND DOLLAR - CHICAGO MERCANTILE EXCHANGE,2024-01-23,13783,15526,-809.0,-1948.0,36633,-1833.0,-1743,1139.0
NEW ZEALAND DOLLAR - CHICAGO MERCANTILE EXCHANGE,2024-01-30,14114,15154,331.0,-372.0,36979,346.0,-1040,703.0
NEW ZEALAND DOLLAR - CHICAGO MERCANTILE EXCHANGE,2024-02-06,16128,15298,2014.0,144.0,39305,2326.0,830,1870.0
NEW ZEALAND DOLLAR - CHICAGO MERCANTILE EXCHANGE,2024-02-13,19632,16225,3504.0,927.0,41827,2522.0,3407,2577.0
NEW ZEALAND DOLLAR - CHICAGO MERCANTILE EXCHANGE,2024-02-20,19758,13132,126.0,-3093.0,40950,-877.0,6626,3219.0
NEW ZEALAND DOLLAR - CHICAGO MERCANTILE EXCHANGE,2024-02-27,23942,13885,4184.0,753.0,48463,7513.0,10057,3431.0
NEW ZEALAND DOLLAR - CHICAGO MERCANTILE EXCHANGE,2024-03-05,21899,14671,-2043.0,786.0,50123,1660.0,7228,-2829.0
NEW ZEALAND DOLLAR - CHICAGO MERCANTILE EXCHANGE,2024-03-12,16391,13926,-5508.0,-745.0,52711,2588.0,2465,-4763.0
NEW ZEALAND DOLLAR - CHICAGO MERCANTILE EXCHANGE,2024-03-19,19064,19253,2673.0,5327.0,50301,-2410.0,-189,-2654.0
NEW ZEALAND DOLLAR - CHICAGO MERCANTILE EXCHANGE,2024-03-26,14680,20704,-4384.0,1451.0,53416,3115.0,-6024,-5835.0
NEW ZEALAND DOLLAR - CHICAGO MERCANTILE EXCHANGE,2024-04-02,19725,27253,5045.0,6549.0,61732,8316.0,-7528,-1504.0
NEW ZEALAND DOLLAR - CHICAGO MERCANTILE EXCHANGE,2024-04-09,13726,27273,-5999.0,20.0,56260,-5472.0,-13547,-6019.0
NEW ZEALAND DOLLAR - CHICAGO MERCANTILE EXCHANGE,2024-04-16,18019,29745,4293.0,2472.0,62857,6597.0,-11726,1821.0
NEW ZEALAND DOLLAR - CHICAGO MERCANTILE EXCHANGE,2024-04-23,18254,30301,235.0,556.0,58570,-4287.0,-12047,-321.0
NEW ZEALAND DOLLAR - CHICAGO MERCANTILE EXCHANGE,2024-04-30,21514,30065,3260.0,-236.0,58811,241.0,-8551,3496.0
NEW ZEALAND DOLLAR - CHICAGO MERCANTILE EXCHANGE,2024-05-07,19060,30251,-2454.0,186.0,55822,-2989.0,-11191,-2640.0
NEW ZEALAND DOLLAR - CHICAGO MERCANTILE EXCHANGE,2024-05-14,19284,30484,224.0,233.0,55640,-182.0,-11200,-9.0
NEW ZEALAND DOLLAR - CHICAGO MERCANTILE EXCHANGE,2024-05-21,22599,23969,3315.0,-6515.0,49105,-6535.0,-1370,9830.0
NEW ZEALAND DOLLAR - CHICAGO MERCANTILE EXCHANGE,2024-05-28,26916,24870,4317.0,901.0,57525,8420.0,2046,3416.0
NEW ZEALAND DOLLAR - CHICAGO MERCANTILE EXCHANGE,2024-06-04,29791,22586,2875.0,-2284.0,54758,-2767.0,7205,5159.0
NEW ZEALAND DOLLAR - CHICAGO MERCANTILE EXCHANGE,2024-06-11,33376,22398,3585.0,-188.0,65785,11027.0,10978,3773.0
NEW ZEALAND DOLLAR - CHICAGO MERCANTILE EXCHANGE,2024-06-18,39430,19101,6054.0,-3297.0,58436,-7349.0,20329,9351.0
NEW ZEALAND DOLLAR - CHICAGO MERCANTILE EXCHANGE,2024-06-25,43711,17069,4281.0,-2032.0,60495,2059.0,26642,6313.0
NEW ZEALAND DOLLAR - CHICAGO MERCANTILE EXCHANGE,2024-07-02,45185,14442,1474.0,-2627.0,62491,1996.0,30743,4101.0
NEW ZEALAND DOLLAR - CHICAGO MERCANTILE EXCHANGE,2024-07-09,41683,15771,-3502.0,1329.0,59513,-2978.0,25912,-4831.0
NEW ZEALAND DOLLAR - CHICAGO MERCANTILE EXCHANGE,2024-07-16,34473,21912,-7210.0,6141.0,60953,1440.0,12561,-13351.0
NEW ZEALAND DOLLAR - CHICAGO MERCANTILE EXCHANGE,2024-07-23,30207,25693,-4266.0,3781.0,63589,2636.0,4514,-8047.0
NEW ZEALAND DOLLAR - CHICAGO MERCANTILE EXCHANGE,2024-07-30,27299,38707,-2908.0,13014.0,76323,12734.0,-11408,-15922.0
NEW ZEALAND DOLLAR - CHICAGO MERCANTILE EXCHANGE,2024-08-06,19843,36594,-7456.0,-2113.0,74141,-2182.0,-16751,-5343.0
NEW ZEALAND DOLLAR - CHICAGO MERCANTILE EXCHANGE,2024-08-13,17050,32674,-2793.0,-3920.0,66596,-7545.0,-15624,1127.0
NEW ZEALAND DOLLAR - CHICAGO MERCANTILE EXCHANGE,2024-08-20,18887,32656,1837.0,-18.0,66846,250.0,-13769,1855.0
NEW ZEALAND DOLLAR - CHICAGO MERCANTILE EXCHANGE,2024-08-27,20648,28964,1761.0,-3692.0,65108,-1738.0,-8316,5453.0
NEW ZEALAND DOLLAR - CHICAGO MERCANTILE EXCHANGE,2024-09-03,25235,25473,4587.0,-3491.0,63566,-1542.0,-238,8078.0
NEW ZEALAND DOLLAR - CHICAGO MERCANTILE EXCHANGE,2024-09-10,21394,24709,-3841.0,-764.0,63720,154.0,-3315,-3077.0
NEW ZEALAND DOLLAR - CHICAGO MERCANTILE EXCHANGE,2024-09-17,20758,22648,-636.0,-2061.0,49301,-14419.0,-1890,1425.0
NEW ZEALAND DOLLAR - CHICAGO MERCANTILE EXCHANGE,2024-09-24,26475,27933,5717.0,5285.0,55135,5834.0,-1458,432.0
NEW ZEALAND DOLLAR - CHICAGO MERCANTILE EXCHANGE,2024-10-01,29168,27198,2693.0,-735.0,61226,6091.0,1970,3428.0
NEW ZEALAND DOLLAR - CHICAGO MERCANTILE EXCHANGE,2024-10-08,26287,25006,-2881.0,-2192.0,57037,-4189.0,1281,-689.0
NEW ZEALAND DOLLAR - CHICAGO MERCANTILE EXCHANGE,2024-10-15,25079,25371,-1208.0,365.0,54894,-2143.0,-292,-1573.0
NEW ZEALAND DOLLAR - CHICAGO MERCANTILE EXCHANGE,2024-10-22,25821,26144,742.0,773.0,55605,711.0,-323,-31.0
NEW ZEALAND DOLLAR - CHICAGO MERCANTILE EXCHANGE,2024-10-29,26077,28244,256.0,2100.0,58020,2415.0,-2167,-1844.0
NEW ZEALAND DOLLAR - CHICAGO MERCANTILE EXCHANGE,2024-11-05,21855,30054,-4222.0,1810.0,59800,1780.0,-8199,-6032.0
NEW ZEALAND DOLLAR - CHICAGO MERCANTILE EXCHANGE,2024-11-12,22871,34531,1016.0,4477.0,64216,4416.0,-11660,-3461.0
NEW ZEALAND DOLLAR - CHICAGO MERCANTILE EXCHANGE,2024-11-19,21762,40200,-1109.0,5669.0,72846,8630.0,-18438,-6778.0
NEW ZEALAND DOLLAR - CHICAGO MERCANTILE EXCHANGE,2024-11-26,21408,45789,-354.0,5589.0,79001,6155.0,-24381,-5943.0
NEW ZEALAND DOLLAR - CHICAGO MERCANTILE EXCHANGE,2024-12-03,21213,44521,-195.0,-1268.0,80220,1219.0,-23308,1073.0
NEW ZEALAND DOLLAR - CHICAGO MERCANTILE EXCHANGE,2024-12-10,19605,47812,-1608.0,3291.0,98096,17876.0,-28207,-4899.0
NEW ZEALAND DOLLAR - CHICAGO MERCANTILE EXCHANGE,2024-12-17,9370,51877,-10235.0,4065.0,80998,-17098.0,-42507,-14300.0
NEW ZEALAND DOLLAR - CHICAGO MERCANTILE EXCHANGE,2024-12-24,10244,56261,874.0,4384.0,84775,3777.0,-46017,-3510.0
NEW ZEALAND DOLLAR - CHICAGO MERCANTILE EXCHANGE,2024-12-31,12766,61081,2522.0,4820.0,88125,3350.0,-48315,-2298.0
NEW ZEALAND DOLLAR - CHICAGO MERCANTILE EXCHANGE,2025-01-07,10439,65063,-2327.0,3982.0,92127,4002.0,-54624,-6309.0
NEW ZEALAND DOLLAR - CHICAGO MERCANTILE EXCHANGE,2025-01-14,10921,63010,482.0,-2053.0,92053,-74.0,-52089,2535.0
NEW ZEALAND DOLLAR - CHICAGO MERCANTILE EXCHANGE,2025-01-21,8938,60161,-1983.0,-2849.0,90600,-1453.0,-51223,866.0
NEW ZEALAND DOLLAR - CHICAGO MERCANTILE EXCHANGE,2025-01-28,7898,54929,-1040.0,-5232.0,83969,-6631.0,-47031,4192.0
NEW ZEALAND DOLLAR - CHICAGO MERCANTILE EXCHANGE,2025-02-04,8327,57417,429.0,2488.0,83998,29.0,-49090,-2059.0
NEW ZEALAND DOLLAR - CHICAGO MERCANTILE EXCHANGE,2025-02-11,11218,60554,2891.0,3137.0,87118,3120.0,-49336,-246.0
NEW ZEALAND DOLLAR - CHICAGO MERCANTILE EXCHANGE,2025-02-18,13048,65211,1830.0,4657.0,89366,2248.0,-52163,-2827.0
NEW ZEALAND DOLLAR - CHICAGO MERCANTILE EXCHANGE,2025-02-25,13628,67337,580.0,2126.0,90322,956.0,-53709,-1546.0
NEW ZEALAND DOLLAR - CHICAGO MERCANTILE EXCHANGE,2025-03-04,17843,73608,4215.0,6271.0,99433,9111.0,-55765,-2056.0
NEW ZEALAND DOLLAR - CHICAGO MERCANTILE EXCHANGE,2025-03-11,16282,69213,-1561.0,-4395.0,117627,18194.0,-52931,2834.0
NEW ZEALAND DOLLAR - CHICAGO MERCANTILE EXCHANGE,2025-03-18,15954,56398,-328.0,-12815.0,84543,-33084.0,-40444,12487.0
NEW ZEALAND DOLLAR - CHICAGO MERCANTILE EXCHANGE,2025-03-25,13435,55002,-2519.0,-1396.0,82270,-2273.0,-41567,-1123.0
NEW ZEALAND DOLLAR - CHICAGO MERCANTILE EXCHANGE,2025-04-01,11164,56212,-2271.0,1210.0,81797,-473.0,-45048,-3481.0
NEW ZEALAND DOLLAR - CHICAGO MERCANTILE EXCHANGE,2025-04-08,7935,47087,-3229.0,-9125.0,72109,-9688.0,-39152,5896.0
NEW ZEALAND DOLLAR - CHICAGO MERCANTILE EXCHANGE,2025-04-15,8761,41839,826.0,-5248.0,66702,-5407.0,-33078,6074.0
NEW ZEALAND DOLLAR - CHICAGO MERCANTILE EXCHANGE,2025-04-22,9897,36792,1136.0,-5047.0,62689,-4013.0,-26895,6183.0
NEW ZEALAND DOLLAR - CHICAGO MERCANTILE EXCHANGE,2025-04-29,12170,33693,2273.0,-3099.0,63075,386.0,-21523,5372.0
NEW ZEALAND DOLLAR - CHICAGO MERCANTILE EXCHANGE,2025-05-06,10188,33323,-1982.0,-370.0,60509,-2566.0,-23135,-1612.0
NEW ZEALAND DOLLAR - CHICAGO MERCANTILE EXCHANGE,2025-05-13,10207,32819,19.0,-504.0,60757,248.0,-22612,523.0
NEW ZEALAND DOLLAR - CHICAGO MERCANTILE EXCHANGE,2025-05-20,9981,33633,-226.0,814.0,61056,299.0,-23652,-1040.0
NEW ZEALAND DOLLAR - CHICAGO MERCANTILE EXCHANGE,2025-05-27,9093,33479,-888.0,-154.0,59262,-1794.0,-24386,-734.0
NEW ZEALAND DOLLAR - CHICAGO MERCANTILE EXCHANGE,2025-06-03,9531,33205,438.0,-274.0,67925,8663.0,-23674,712.0
NEW ZEALAND DOLLAR - CHICAGO MERCANTILE EXCHANGE,2025-06-10,9312,30547,-219.0,-2658.0,78867,10942.0,-21235,2439.0
NEW ZEALAND DOLLAR - CHICAGO MERCANTILE EXCHANGE,2025-06-17,14571,15844,5259.0,-14703.0,47833,-31034.0,-1273,19962.0
NEW ZEALAND DOLLAR - CHICAGO MERCANTILE EXCHANGE,2025-06-24,18619,15849,4048.0,5.0,44217,-3616.0,2770,4043.0
NEW ZEALAND DOLLAR - CHICAGO MERCANTILE EXCHANGE,2025-07-01,18315,14165,-304.0,-1684.0,42303,-1914.0,4150,1380.0
NEW ZEALAND DOLLAR - CHICAGO MERCANTILE EXCHANGE,2025-07-08,18984,14063,669.0,-102.0,43037,734.0,4921,771.0
NEW ZEALAND DOLLAR - CHICAGO MERCANTILE EXCHANGE,2025-07-15,16623,12988,-2361.0,-1075.0,41959,-1078.0,3635,-1286.0
NEW ZEALAND DOLLAR - CHICAGO MERCANTILE EXCHANGE,2025-07-22,11955,15117,-4668.0,2129.0,44100,2141.0,-3162,-6797.0
NEW ZEALAND DOLLAR - CHICAGO MERCANTILE EXCHANGE,2025-07-29,13080,15171,1125.0,54.0,46587,2487.0,-2091,1071.0
NEW ZEALAND DOLLAR - CHICAGO MERCANTILE EXCHANGE,2025-08-05,11085,15918,-1995.0,747.0,48090,1503.0,-4833,-2742.0
NEW ZEALAND DOLLAR - CHICAGO MERCANTILE EXCHANGE,2025-08-12,11160,15847,75.0,-71.0,48240,150.0,-4687,146.0
NEW ZEALAND DOLLAR - CHICAGO MERCANTILE EXCHANGE,2025-08-19,12986,17056,1826.0,1209.0,47495,-745.0,-4070,617.0
NEW ZEALAND DOLLAR - CHICAGO MERCANTILE EXCHANGE,2025-08-26,17143,23248,4157.0,6192.0,53094,5599.0,-6105,-2035.0
NEW ZEALAND DOLLAR - CHICAGO MERCANTILE EXCHANGE,2025-09-02,17462,23936,319.0,688.0,55035,1941.0,-6474,-369.0
NEW ZEALAND DOLLAR - CHICAGO MERCANTILE EXCHANGE,2025-09-09,15479,24222,-1983.0,286.0,71602,16567.0,-8743,-2269.0
NEW ZEALAND DOLLAR - CHICAGO MERCANTILE EXCHANGE,2025-09-16,9251,27255,-6228.0,3033.0,49146,-22456.0,-18004,-9261.0
NEW ZEALAND DOLLAR - CHICAGO MERCANTILE EXCHANGE,2025-09-23,12295,33415,3044.0,6160.0,56346,7200.0,-21120,-3116.0
NEW ZEALAND DOLLAR - CHICAGO MERCANTILE EXCHANGE,2025-09-30,23582,44207,11287.0,10792.0,68651,12305.0,-20625,495.0
NEW ZEALAND DOLLAR - CHICAGO MERCANTILE EXCHANGE,2025-10-07,22866,47289,-716.0,3082.0,72345,3694.0,-24423,-3798.0
NEW ZEALAND DOLLAR - CHICAGO MERCANTILE EXCHANGE,2025-10-14,25599,55340,2733.0,8051.0,82509,10164.0,-29741,-5318.0
NEW ZEALAND DOLLAR - CHICAGO MERCANTILE EXCHANGE,2025-10-21,25478,61753,-121.0,6413.0,89666,7157.0,-36275,-6534.0
NEW ZEALAND DOLLAR - CHICAGO MERCANTILE EXCHANGE,2025-10-28,24330,59296,-1148.0,-2457.0,88049,-1617.0,-34966,1309.0
NEW ZEALAND DOLLAR - CHICAGO MERCANTILE EXCHANGE,2025-11-04,25314,62726,984.0,3430.0,91568,3519.0,-37412,-2446.0
NEW ZEALAND DOLLAR - CHICAGO MERCANTILE EXCHANGE,2025-11-10,28677,72746,3363.0,10020.0,102883,11315.0,-44069,-6657.0
NEW ZEALAND DOLLAR - CHICAGO MERCANTILE EXCHANGE,2025-11-18,24211,73468,-4466.0,722.0,103502,619.0,-49257,-5188.0
NEW ZEALAND DOLLAR - CHICAGO MERCANTILE EXCHANGE,2025-11-25,23477,75548,-734.0,2080.0,107180,3678.0,-52071,-2814.0
NEW ZEALAND DOLLAR - CHICAGO MERCANTILE EXCHANGE,2025-12-02,18394,71510,-5083.0,-4038.0,104251,-2929.0,-53116,-1045.0
NEW ZEALAND DOLLAR - CHICAGO MERCANTILE EXCHANGE,2025-12-09,14333,71114,-4061.0,-396.0,114432,10181.0,-56781,-3665.0
NEW ZEALAND DOLLAR - CHICAGO MERCANTILE EXCHANGE,2025-12-16,8129,56172,-6204.0,-14942.0,103974,-10458.0,-48043,8738.0
NEW ZEALAND DOLLAR - CHICAGO MERCANTILE EXCHANGE,2025-12-23,9596,53630,1467.0,-2542.0,82159,-21815.0,-44034,4009.0
NEW ZEALAND DOLLAR - CHICAGO MERCANTILE EXCHANGE,2025-12-30,8706,51960,-890.0,-1670.0,79352,-2807.0,-43254,780.0
NEW ZEALAND DOLLAR - CHICAGO MERCANTILE EXCHANGE,2026-01-06,12971,56334,4265.0,4374.0,84556,5204.0,-43363,-109.0
NEW ZEALAND DOLLAR - CHICAGO MERCANTILE EXCHANGE,2026-01-13,9613,58464,-3358.0,2130.0,85211,655.0,-48851,-5488.0
NEW ZEALAND DOLLAR - CHICAGO MERCANTILE EXCHANGE,2026-01-20,13670,63280,4057.0,4816.0,92661,7450.0,-49610,-759.0
NEW ZEALAND DOLLAR - CHICAGO MERCANTILE EXCHANGE,2026-01-27,12074,59819,-1596.0,-3461.0,85552,-7109.0,-47745,1865.0
NEW ZEALAND DOLLAR - CHICAGO MERCANTILE EXCHANGE,2026-02-03,11883,46177,-191.0,-13642.0,71304,-14248.0,-34294,13451.0
NEW ZEALAND DOLLAR - CHICAGO MERCANTILE EXCHANGE,2026-02-10,11801,46720,-82.0,543.0,71848,544.0,-34919,-625.0
NEW ZEALAND DOLLAR - CHICAGO MERCANTILE EXCHANGE,2026-02-17,11183,46196,-618.0,-524.0,73004,1156.0,-35013,-94.0
NEW ZEALAND DOLLAR - CHICAGO MERCANTILE EXCHANGE,2026-02-24,13839,43406,2656.0,-2790.0,71503,-1501.0,-29567,5446.0
NEW ZEALAND DOLLAR - CHICAGO MERCANTILE EXCHANGE,2026-03-03,13176,47510,-663.0,4104.0,79462,7959.0,-34334,-4767.0
NEW ZEALAND DOLLAR - CHICAGO MERCANTILE EXCHANGE,2026-03-10,10944,48055,-2232.0,545.0,84215,4753.0,-37111,-2777.0
NEW ZEALAND DOLLAR - CHICAGO MERCANTILE EXCHANGE,2026-03-17,10998,34055,54.0,-14000.0,64084,-20131.0,-23057,14054.0
NEW ZEALAND DOLLAR - CHICAGO MERCANTILE EXCHANGE,2026-03-24,10847,37853,-151.0,3798.0,65011,927.0,-27006,-3949.0
NEW ZEALAND DOLLAR - CHICAGO MERCANTILE EXCHANGE,2026-03-31,10663,39251,-184.0,1398.0,70805,5794.0,-28588,-1582.0
NEW ZEALAND DOLLAR - CHICAGO MERCANTILE EXCHANGE,2026-04-07,12636,48711,1973.0,9460.0,76952,6147.0,-36075,-7487.0
NEW ZEALAND DOLLAR - CHICAGO MERCANTILE EXCHANGE,2026-04-14,10112,52388,-2524.0,3677.0,80727,3775.0,-42276,-6201.0
NEW ZEALAND DOLLAR - CHICAGO MERCANTILE EXCHANGE,2026-04-21,7917,56371,-2195.0,3983.0,82508,1781.0,-48454,-6178.0
NEW ZEALAND DOLLAR - CHICAGO MERCANTILE EXCHANGE,2026-04-28,9044,55366,1127.0,-1005.0,83529,1021.0,-46322,2132.0
NEW ZEALAND DOLLAR - CHICAGO MERCANTILE EXCHANGE,2026-05-05,9063,57314,19.0,1948.0,85340,1811.0,-48251,-1929.0
NEW ZEALAND DOLLAR - CHICAGO MERCANTILE EXCHANGE,2026-05-12,11846,50996,2783.0,-6318.0,86227,887.0,-39150,9101.0
NEW ZEALAND DOLLAR - CHICAGO MERCANTILE EXCHANGE,2026-05-19,12319,52932,473.0,1936.0,92545,6318.0,-40613,-1463.0
NEW ZEALAND DOLLAR - CHICAGO MERCANTILE EXCHANGE,2026-05-26,11721,45900,-598.0,-7032.0,91414,-1131.0,-34179,6434.0
NEW ZEALAND DOLLAR - CHICAGO MERCANTILE EXCHANGE,2026-06-02,8460,36706,-3261.0,-9194.0,136648,45234.0,-28246,5933.0
NEW ZEALAND DOLLAR - CHICAGO MERCANTILE EXCHANGE,2026-06-09,11764,43335,3304.0,6629.0,149185,12537.0,-31571,-3325.0
NEW ZEALAND DOLLAR - CHICAGO MERCANTILE EXCHANGE,2026-06-16,9266,54427,-2498.0,11092.0,135171,-14014.0,-45161,-13590.0
NEW ZEALAND DOLLAR - CHICAGO MERCANTILE EXCHANGE,2026-06-23,12114,66958,2848.0,12531.0,103297,-31874.0,-54844,-9683.0
NEW ZEALAND DOLLAR - CHICAGO MERCANTILE EXCHANGE,2026-06-30,11581,74861,-533.0,7903.0,110331,7034.0,-63280,-8436.0
NEW ZEALAND DOLLAR - CHICAGO MERCANTILE EXCHANGE,2026-07-07,10919,76108,-662.0,1247.0,113535,3204.0,-65189,-1909.0
NEW ZEALAND DOLLAR - CHICAGO MERCANTILE EXCHANGE,2026-07-14,8936,71702,-1983.0,-4406.0,118190,4655.0,-62766,2423.0
NEW ZEALAND DOLLAR - CHICAGO MERCANTILE EXCHANGE,2026-07-21,8489,58458,-447.0,-13244.0,108800,-9390.0,-49969,12797.0
NEW ZEALAND DOLLAR - CHICAGO MERCANTILE EXCHANGE,2026-07-28,6841,54509,-1648.0,-3949.0,105128,-3672.0,-47668,2301.0
NEW ZEALAND DOLLAR - CHICAGO MERCANTILE EXCHANGE,2026-08-04,5577,46780,-1264.0,-7729.0,101908,-3220.0,-41203,6465.0
NEW ZEALAND DOLLAR - CHICAGO MERCANTILE EXCHANGE,2026-08-11,4949,44535,-628.0,-2245.0,96840,-5068.0,-39586,1617.0
NEW ZEALAND DOLLAR - CHICAGO MERCANTILE EXCHANGE,2026-08-18,6344,38964,1395.0,-5571.0,89153,-7687.0,-32620,6966.0
NEW ZEALAND DOLLAR - CHICAGO MERCANTILE EXCHANGE,2026-08-25,9545,23784,3201.0,-15180.0,88964,-189.0,-14239,18381.0
NEW ZEALAND DOLLAR - CHICAGO MERCANTILE EXCHANGE,2026-09-01,11300,19321,1755.0,-4463.0,107274,18310.0,-8021,6218.0
NEW ZEALAND DOLLAR - CHICAGO MERCANTILE EXCHANGE,2026-09-08,26110,19878,14810.0,557.0,125978,18704.0,6232,14253.0
NEW ZEALAND DOLLAR - CHICAGO MERCANTILE EXCHANGE,2026-09-15,32859,22341,6749.0,2463.0,135122,9144.0,10518,4286.0
NEW ZEALAND DOLLAR - CHICAGO MERCANTILE EXCHANGE,2026-09-22,21571,32951,-11288.0,10610.0,101377,-33745.0,-11380,-21898.0
