Market and Exchange Names,As of Date in Form YYYY-MM-DD,Noncommercial Positions-Long (All),Noncommercial Positions-Short (All),Change in Noncommercial-Long (All),Change in Noncommercial-Short (All),Open Interest (All),Change in Open Interest (All),Net Positions,Change Net Positions
PLATINUM - NEW YORK MERCANTILE EXCHANGE,1986-01-15,3990,1335,,,17568,,2655,
PLATINUM - NEW YORK MERCANTILE EXCHANGE,1986-01-31,5434,1177,1444.0,-158.0,18163,595.0,4257,1602.0
PLATINUM - NEW YORK MERCANTILE EXCHANGE,1986-02-14,4890,1380,-544.0,203.0,18030,-133.0,3510,-747.0
PLATINUM - NEW YORK MERCANTILE EXCHANGE,1986-02-28,5176,1276,286.0,-104.0,20490,2460.0,3900,390.0
PLATINUM - NEW YORK MERCANTILE EXCHANGE,1986-03-14,6452,1716,1276.0,440.0,20376,-114.0,4736,836.0
PLATINUM - NEW YORK MERCANTILE EXCHANGE,1986-03-31,4856,1517,-1596.0,-199.0,19938,-438.0,3339,-1397.0
PLATINUM - NEW YORK MERCANTILE EXCHANGE,1986-04-15,5451,1638,595.0,121.0,17794,-2144.0,3813,474.0
PLATINUM - NEW YORK MERCANTILE EXCHANGE,1986-04-30,3271,1201,-2180.0,-437.0,15768,-2026.0,2070,-1743.0
PLATINUM - NEW YORK MERCANTILE EXCHANGE,1986-05-15,3314,745,43.0,-456.0,15736,-32.0,2569,499.0
PLATINUM - NEW YORK MERCANTILE EXCHANGE,1986-05-30,3224,552,-90.0,-193.0,16582,846.0,2672,103.0
PLATINUM - NEW YORK MERCANTILE EXCHANGE,1986-06-13,5506,1495,2282.0,943.0,20443,3861.0,4011,1339.0
PLATINUM - NEW YORK MERCANTILE EXCHANGE,1986-06-30,4940,948,-566.0,-547.0,18748,-1695.0,3992,-19.0
PLATINUM - NEW YORK MERCANTILE EXCHANGE,1986-07-15,5127,656,187.0,-292.0,17405,-1343.0,4471,479.0
PLATINUM - NEW YORK MERCANTILE EXCHANGE,1986-07-31,6207,1487,1080.0,831.0,18749,1344.0,4720,249.0
PLATINUM - NEW YORK MERCANTILE EXCHANGE,1986-08-15,5664,1865,-543.0,378.0,19535,786.0,3799,-921.0
PLATINUM - NEW YORK MERCANTILE EXCHANGE,1986-08-29,7848,2494,2184.0,629.0,25939,6404.0,5354,1555.0
PLATINUM - NEW YORK MERCANTILE EXCHANGE,1986-09-15,6856,1171,-992.0,-1323.0,28877,2938.0,5685,331.0
PLATINUM - NEW YORK MERCANTILE EXCHANGE,1986-09-30,4608,1130,-2248.0,-41.0,20091,-8786.0,3478,-2207.0
PLATINUM - NEW YORK MERCANTILE EXCHANGE,1986-10-15,5109,568,501.0,-562.0,18633,-1458.0,4541,1063.0
PLATINUM - NEW YORK MERCANTILE EXCHANGE,1986-10-31,6216,592,1107.0,24.0,19152,519.0,5624,1083.0
PLATINUM - NEW YORK MERCANTILE EXCHANGE,1986-11-14,4697,1291,-1519.0,699.0,20023,871.0,3406,-2218.0
PLATINUM - NEW YORK MERCANTILE EXCHANGE,1986-11-28,3020,803,-1677.0,-488.0,18204,-1819.0,2217,-1189.0
PLATINUM - NEW YORK MERCANTILE EXCHANGE,1986-12-15,2643,939,-377.0,136.0,17923,-281.0,1704,-513.0
PLATINUM - NEW YORK MERCANTILE EXCHANGE,1986-12-31,3316,1174,673.0,235.0,17707,-216.0,2142,438.0
PLATINUM - NEW YORK MERCANTILE EXCHANGE,1987-01-15,3258,377,-58.0,-797.0,16603,-1104.0,2881,739.0
PLATINUM - NEW YORK MERCANTILE EXCHANGE,1987-01-30,3382,392,124.0,15.0,16490,-113.0,2990,109.0
PLATINUM - NEW YORK MERCANTILE EXCHANGE,1987-02-13,3676,628,294.0,236.0,16452,-38.0,3048,58.0
PLATINUM - NEW YORK MERCANTILE EXCHANGE,1987-02-27,4105,417,429.0,-211.0,16741,289.0,3688,640.0
PLATINUM - NEW YORK MERCANTILE EXCHANGE,1987-03-13,4225,518,120.0,101.0,20957,4216.0,3707,19.0
PLATINUM - NEW YORK MERCANTILE EXCHANGE,1987-03-31,6042,1302,1817.0,784.0,19771,-1186.0,4740,1033.0
PLATINUM - NEW YORK MERCANTILE EXCHANGE,1987-04-15,7358,1481,1316.0,179.0,21005,1234.0,5877,1137.0
PLATINUM - NEW YORK MERCANTILE EXCHANGE,1987-04-30,4386,889,-2972.0,-592.0,19699,-1306.0,3497,-2380.0
PLATINUM - NEW YORK MERCANTILE EXCHANGE,1987-05-15,4755,1069,369.0,180.0,20374,675.0,3686,189.0
PLATINUM - NEW YORK MERCANTILE EXCHANGE,1987-05-29,3931,1060,-824.0,-9.0,17981,-2393.0,2871,-815.0
PLATINUM - NEW YORK MERCANTILE EXCHANGE,1987-06-15,4698,1475,767.0,415.0,18955,974.0,3223,352.0
PLATINUM - NEW YORK MERCANTILE EXCHANGE,1987-06-30,3036,1114,-1662.0,-361.0,17362,-1593.0,1922,-1301.0
PLATINUM - NEW YORK MERCANTILE EXCHANGE,1987-07-15,3409,678,373.0,-436.0,16906,-456.0,2731,809.0
PLATINUM - NEW YORK MERCANTILE EXCHANGE,1987-07-31,5760,900,2351.0,222.0,20947,4041.0,4860,2129.0
PLATINUM - NEW YORK MERCANTILE EXCHANGE,1987-08-14,6100,766,340.0,-134.0,25255,4308.0,5334,474.0
PLATINUM - NEW YORK MERCANTILE EXCHANGE,1987-08-31,5021,1321,-1079.0,555.0,22280,-2975.0,3700,-1634.0
PLATINUM - NEW YORK MERCANTILE EXCHANGE,1987-09-15,5547,1791,526.0,470.0,24360,2080.0,3756,56.0
PLATINUM - NEW YORK MERCANTILE EXCHANGE,1987-09-30,4830,1904,-717.0,113.0,26233,1873.0,2926,-830.0
PLATINUM - NEW YORK MERCANTILE EXCHANGE,1987-10-15,4084,1099,-746.0,-805.0,22771,-3462.0,2985,59.0
PLATINUM - NEW YORK MERCANTILE EXCHANGE,1987-10-30,3977,1892,-107.0,793.0,22183,-588.0,2085,-900.0
PLATINUM - NEW YORK MERCANTILE EXCHANGE,1987-11-13,3902,2372,-75.0,480.0,20455,-1728.0,1530,-555.0
PLATINUM - NEW YORK MERCANTILE EXCHANGE,1987-11-30,3959,1887,57.0,-485.0,20141,-314.0,2072,542.0
PLATINUM - NEW YORK MERCANTILE EXCHANGE,1987-12-15,3947,2353,-12.0,466.0,20365,224.0,1594,-478.0
PLATINUM - NEW YORK MERCANTILE EXCHANGE,1987-12-31,2940,1177,-1007.0,-1176.0,17764,-2601.0,1763,169.0
PLATINUM - NEW YORK MERCANTILE EXCHANGE,1988-01-15,2477,1215,-463.0,38.0,17211,-553.0,1262,-501.0
PLATINUM - NEW YORK MERCANTILE EXCHANGE,1988-01-29,2703,3616,226.0,2401.0,20135,2924.0,-913,-2175.0
PLATINUM - NEW YORK MERCANTILE EXCHANGE,1988-02-12,1953,2434,-750.0,-1182.0,17365,-2770.0,-481,432.0
PLATINUM - NEW YORK MERCANTILE EXCHANGE,1988-02-29,2150,3073,197.0,639.0,19237,1872.0,-923,-442.0
PLATINUM - NEW YORK MERCANTILE EXCHANGE,1988-03-15,2382,1166,232.0,-1907.0,16042,-3195.0,1216,2139.0
PLATINUM - NEW YORK MERCANTILE EXCHANGE,1988-03-31,2581,1355,199.0,189.0,17534,1492.0,1226,10.0
PLATINUM - NEW YORK MERCANTILE EXCHANGE,1988-04-15,2754,1838,173.0,483.0,16640,-894.0,916,-310.0
PLATINUM - NEW YORK MERCANTILE EXCHANGE,1988-04-29,2575,1799,-179.0,-39.0,15535,-1105.0,776,-140.0
PLATINUM - NEW YORK MERCANTILE EXCHANGE,1988-05-13,3051,2108,476.0,309.0,18018,2483.0,943,167.0
PLATINUM - NEW YORK MERCANTILE EXCHANGE,1988-05-31,4438,1983,1387.0,-125.0,23062,5044.0,2455,1512.0
PLATINUM - NEW YORK MERCANTILE EXCHANGE,1988-06-15,3970,1808,-468.0,-175.0,22700,-362.0,2162,-293.0
PLATINUM - NEW YORK MERCANTILE EXCHANGE,1988-06-30,3845,1858,-125.0,50.0,21102,-1598.0,1987,-175.0
PLATINUM - NEW YORK MERCANTILE EXCHANGE,1988-07-15,3256,1891,-589.0,33.0,19539,-1563.0,1365,-622.0
PLATINUM - NEW YORK MERCANTILE EXCHANGE,1988-07-29,2546,1581,-710.0,-310.0,18396,-1143.0,965,-400.0
PLATINUM - NEW YORK MERCANTILE EXCHANGE,1988-08-15,3033,1410,487.0,-171.0,17094,-1302.0,1623,658.0
PLATINUM - NEW YORK MERCANTILE EXCHANGE,1988-08-31,5094,1247,2061.0,-163.0,17737,643.0,3847,2224.0
PLATINUM - NEW YORK MERCANTILE EXCHANGE,1988-09-15,5289,2601,195.0,1354.0,20563,2826.0,2688,-1159.0
PLATINUM - NEW YORK MERCANTILE EXCHANGE,1988-09-30,3797,2466,-1492.0,-135.0,21333,770.0,1331,-1357.0
PLATINUM - NEW YORK MERCANTILE EXCHANGE,1988-10-14,3673,1845,-124.0,-621.0,19665,-1668.0,1828,497.0
PLATINUM - NEW YORK MERCANTILE EXCHANGE,1988-10-31,3229,1273,-444.0,-572.0,17982,-1683.0,1956,128.0
PLATINUM - NEW YORK MERCANTILE EXCHANGE,1988-11-15,8096,1856,4867.0,583.0,22047,4065.0,6240,4284.0
PLATINUM - NEW YORK MERCANTILE EXCHANGE,1988-11-30,10133,1748,2037.0,-108.0,25030,2983.0,8385,2145.0
PLATINUM - NEW YORK MERCANTILE EXCHANGE,1988-12-15,8154,1751,-1979.0,3.0,25836,806.0,6403,-1982.0
PLATINUM - NEW YORK MERCANTILE EXCHANGE,1988-12-30,4349,1588,-3805.0,-163.0,19919,-5917.0,2761,-3642.0
PLATINUM - NEW YORK MERCANTILE EXCHANGE,1989-01-13,3720,1904,-629.0,316.0,19558,-361.0,1816,-945.0
PLATINUM - NEW YORK MERCANTILE EXCHANGE,1989-01-31,3433,1959,-287.0,55.0,18527,-1031.0,1474,-342.0
PLATINUM - NEW YORK MERCANTILE EXCHANGE,1989-02-15,3892,2524,459.0,565.0,19131,604.0,1368,-106.0
PLATINUM - NEW YORK MERCANTILE EXCHANGE,1989-02-28,3657,2146,-235.0,-378.0,19144,13.0,1511,143.0
PLATINUM - NEW YORK MERCANTILE EXCHANGE,1989-03-15,4660,1978,1003.0,-168.0,20478,1334.0,2682,1171.0
PLATINUM - NEW YORK MERCANTILE EXCHANGE,1989-03-31,3491,2886,-1169.0,908.0,19029,-1449.0,605,-2077.0
PLATINUM - NEW YORK MERCANTILE EXCHANGE,1989-04-14,7037,2239,3546.0,-647.0,21823,2794.0,4798,4193.0
PLATINUM - NEW YORK MERCANTILE EXCHANGE,1989-04-28,6214,1865,-823.0,-374.0,19616,-2207.0,4349,-449.0
PLATINUM - NEW YORK MERCANTILE EXCHANGE,1989-05-15,5968,2297,-246.0,432.0,18888,-728.0,3671,-678.0
PLATINUM - NEW YORK MERCANTILE EXCHANGE,1989-05-31,5197,5501,-771.0,3204.0,20745,1857.0,-304,-3975.0
PLATINUM - NEW YORK MERCANTILE EXCHANGE,1989-06-15,4254,5369,-943.0,-132.0,21377,632.0,-1115,-811.0
PLATINUM - NEW YORK MERCANTILE EXCHANGE,1989-06-30,2992,3337,-1262.0,-2032.0,18295,-3082.0,-345,770.0
PLATINUM - NEW YORK MERCANTILE EXCHANGE,1989-07-14,3543,2937,551.0,-400.0,17082,-1213.0,606,951.0
PLATINUM - NEW YORK MERCANTILE EXCHANGE,1989-07-31,2663,3958,-880.0,1021.0,17914,832.0,-1295,-1901.0
PLATINUM - NEW YORK MERCANTILE EXCHANGE,1989-08-15,2513,4940,-150.0,982.0,19302,1388.0,-2427,-1132.0
PLATINUM - NEW YORK MERCANTILE EXCHANGE,1989-08-31,2768,5686,255.0,746.0,20191,889.0,-2918,-491.0
PLATINUM - NEW YORK MERCANTILE EXCHANGE,1989-09-15,2846,5217,78.0,-469.0,20344,153.0,-2371,547.0
PLATINUM - NEW YORK MERCANTILE EXCHANGE,1989-09-29,3369,2699,523.0,-2518.0,17484,-2860.0,670,3041.0
PLATINUM - NEW YORK MERCANTILE EXCHANGE,1989-10-13,3459,2288,90.0,-411.0,17025,-459.0,1171,501.0
PLATINUM - NEW YORK MERCANTILE EXCHANGE,1989-10-31,4136,2340,677.0,52.0,18262,1237.0,1796,625.0
PLATINUM - NEW YORK MERCANTILE EXCHANGE,1989-11-15,6559,2302,2423.0,-38.0,19947,1685.0,4257,2461.0
PLATINUM - NEW YORK MERCANTILE EXCHANGE,1989-11-30,5937,1148,-622.0,-1154.0,21056,1109.0,4789,532.0
PLATINUM - NEW YORK MERCANTILE EXCHANGE,1989-12-15,4426,1153,-1511.0,5.0,21283,227.0,3273,-1516.0
PLATINUM - NEW YORK MERCANTILE EXCHANGE,1989-12-29,3227,1211,-1199.0,58.0,18767,-2516.0,2016,-1257.0
PLATINUM - NEW YORK MERCANTILE EXCHANGE,1990-01-15,2644,2787,-583.0,1576.0,19442,675.0,-143,-2159.0
PLATINUM - NEW YORK MERCANTILE EXCHANGE,1990-01-31,3680,531,1036.0,-2256.0,18777,-665.0,3149,3292.0
PLATINUM - NEW YORK MERCANTILE EXCHANGE,1990-02-15,5300,770,1620.0,239.0,19917,1140.0,4530,1381.0
PLATINUM - NEW YORK MERCANTILE EXCHANGE,1990-02-28,3006,1377,-2294.0,607.0,14948,-4969.0,1629,-2901.0
PLATINUM - NEW YORK MERCANTILE EXCHANGE,1990-03-15,2755,2129,-251.0,752.0,15620,672.0,626,-1003.0
PLATINUM - NEW YORK MERCANTILE EXCHANGE,1990-03-30,3486,3429,731.0,1300.0,17029,1409.0,57,-569.0
PLATINUM - NEW YORK MERCANTILE EXCHANGE,1990-04-12,3046,3549,-440.0,120.0,15561,-1468.0,-503,-560.0
PLATINUM - NEW YORK MERCANTILE EXCHANGE,1990-04-30,2789,4428,-257.0,879.0,16415,854.0,-1639,-1136.0
PLATINUM - NEW YORK MERCANTILE EXCHANGE,1990-05-15,2642,3352,-147.0,-1076.0,16762,347.0,-710,929.0
PLATINUM - NEW YORK MERCANTILE EXCHANGE,1990-05-31,3555,1061,913.0,-2291.0,15825,-937.0,2494,3204.0
PLATINUM - NEW YORK MERCANTILE EXCHANGE,1990-06-15,2997,2112,-558.0,1051.0,15568,-257.0,885,-1609.0
PLATINUM - NEW YORK MERCANTILE EXCHANGE,1990-06-29,2825,1972,-172.0,-140.0,16464,896.0,853,-32.0
PLATINUM - NEW YORK MERCANTILE EXCHANGE,1990-07-13,3020,2604,195.0,632.0,14756,-1708.0,416,-437.0
PLATINUM - NEW YORK MERCANTILE EXCHANGE,1990-07-31,3866,2250,846.0,-354.0,17005,2249.0,1616,1200.0
PLATINUM - NEW YORK MERCANTILE EXCHANGE,1990-08-15,4489,976,623.0,-1274.0,18169,1164.0,3513,1897.0
PLATINUM - NEW YORK MERCANTILE EXCHANGE,1990-08-31,1794,1805,-2695.0,829.0,16420,-1749.0,-11,-3524.0
PLATINUM - NEW YORK MERCANTILE EXCHANGE,1990-09-14,2494,4430,700.0,2625.0,19324,2904.0,-1936,-1925.0
PLATINUM - NEW YORK MERCANTILE EXCHANGE,1990-09-28,2605,4257,111.0,-173.0,19752,428.0,-1652,284.0
PLATINUM - NEW YORK MERCANTILE EXCHANGE,1990-10-15,2443,3889,-162.0,-368.0,17400,-2352.0,-1446,206.0
PLATINUM - NEW YORK MERCANTILE EXCHANGE,1990-10-31,1717,2385,-726.0,-1504.0,17140,-260.0,-668,778.0
PLATINUM - NEW YORK MERCANTILE EXCHANGE,1990-11-15,2007,2714,290.0,329.0,16433,-707.0,-707,-39.0
PLATINUM - NEW YORK MERCANTILE EXCHANGE,1990-11-30,2052,2382,45.0,-332.0,15599,-834.0,-330,377.0
PLATINUM - NEW YORK MERCANTILE EXCHANGE,1990-12-14,3555,2933,1503.0,551.0,17630,2031.0,622,952.0
PLATINUM - NEW YORK MERCANTILE EXCHANGE,1990-12-31,2209,2895,-1346.0,-38.0,16089,-1541.0,-686,-1308.0
PLATINUM - NEW YORK MERCANTILE EXCHANGE,1991-01-15,1839,2816,-370.0,-79.0,14511,-1578.0,-977,-291.0
PLATINUM - NEW YORK MERCANTILE EXCHANGE,1991-01-31,1952,3871,113.0,1055.0,15785,1274.0,-1919,-942.0
PLATINUM - NEW YORK MERCANTILE EXCHANGE,1991-02-15,1899,3915,-53.0,44.0,15948,163.0,-2016,-97.0
PLATINUM - NEW YORK MERCANTILE EXCHANGE,1991-02-28,1974,2525,75.0,-1390.0,16555,607.0,-551,1465.0
PLATINUM - NEW YORK MERCANTILE EXCHANGE,1991-03-15,2801,2105,827.0,-420.0,16213,-342.0,696,1247.0
PLATINUM - NEW YORK MERCANTILE EXCHANGE,1991-03-28,1390,2683,-1411.0,578.0,15153,-1060.0,-1293,-1989.0
PLATINUM - NEW YORK MERCANTILE EXCHANGE,1991-04-15,1410,2287,20.0,-396.0,13833,-1320.0,-877,416.0
PLATINUM - NEW YORK MERCANTILE EXCHANGE,1991-04-30,2193,3311,783.0,1024.0,15640,1807.0,-1118,-241.0
PLATINUM - NEW YORK MERCANTILE EXCHANGE,1991-05-15,2407,2578,214.0,-733.0,15450,-190.0,-171,947.0
PLATINUM - NEW YORK MERCANTILE EXCHANGE,1991-05-31,2671,3432,264.0,854.0,17663,2213.0,-761,-590.0
PLATINUM - NEW YORK MERCANTILE EXCHANGE,1991-06-14,2753,4253,82.0,821.0,18675,1012.0,-1500,-739.0
PLATINUM - NEW YORK MERCANTILE EXCHANGE,1991-06-28,1900,4399,-853.0,146.0,17370,-1305.0,-2499,-999.0
PLATINUM - NEW YORK MERCANTILE EXCHANGE,1991-07-15,2436,3624,536.0,-775.0,16600,-770.0,-1188,1311.0
PLATINUM - NEW YORK MERCANTILE EXCHANGE,1991-07-31,3187,6230,751.0,2606.0,19138,2538.0,-3043,-1855.0
PLATINUM - NEW YORK MERCANTILE EXCHANGE,1991-08-15,4364,5951,1177.0,-279.0,19630,492.0,-1587,1456.0
PLATINUM - NEW YORK MERCANTILE EXCHANGE,1991-08-30,4751,5907,387.0,-44.0,19724,94.0,-1156,431.0
PLATINUM - NEW YORK MERCANTILE EXCHANGE,1991-09-16,4109,4362,-642.0,-1545.0,18397,-1327.0,-253,903.0
PLATINUM - NEW YORK MERCANTILE EXCHANGE,1991-09-30,3634,4100,-475.0,-262.0,18162,-235.0,-466,-213.0
PLATINUM - NEW YORK MERCANTILE EXCHANGE,1991-10-15,4492,1237,858.0,-2863.0,16493,-1669.0,3255,3721.0
PLATINUM - NEW YORK MERCANTILE EXCHANGE,1991-10-31,2626,807,-1866.0,-430.0,13310,-3183.0,1819,-1436.0
PLATINUM - NEW YORK MERCANTILE EXCHANGE,1991-11-15,2517,2229,-109.0,1422.0,13437,127.0,288,-1531.0
PLATINUM - NEW YORK MERCANTILE EXCHANGE,1991-11-29,2984,975,467.0,-1254.0,13386,-51.0,2009,1721.0
PLATINUM - NEW YORK MERCANTILE EXCHANGE,1991-12-13,2557,3437,-427.0,2462.0,15365,1979.0,-880,-2889.0
PLATINUM - NEW YORK MERCANTILE EXCHANGE,1991-12-31,3046,4997,489.0,1560.0,15238,-127.0,-1951,-1071.0
PLATINUM - NEW YORK MERCANTILE EXCHANGE,1992-01-15,3748,5506,702.0,509.0,15710,472.0,-1758,193.0
PLATINUM - NEW YORK MERCANTILE EXCHANGE,1992-01-31,4194,3435,446.0,-2071.0,15551,-159.0,759,2517.0
PLATINUM - NEW YORK MERCANTILE EXCHANGE,1992-02-14,4357,448,163.0,-2987.0,14513,-1038.0,3909,3150.0
PLATINUM - NEW YORK MERCANTILE EXCHANGE,1992-02-28,3307,917,-1050.0,469.0,13785,-728.0,2390,-1519.0
PLATINUM - NEW YORK MERCANTILE EXCHANGE,1992-03-13,3310,668,3.0,-249.0,14668,883.0,2642,252.0
PLATINUM - NEW YORK MERCANTILE EXCHANGE,1992-03-31,3507,1867,197.0,1199.0,13029,-1639.0,1640,-1002.0
PLATINUM - NEW YORK MERCANTILE EXCHANGE,1992-04-15,3603,3511,96.0,1644.0,13867,838.0,92,-1548.0
PLATINUM - NEW YORK MERCANTILE EXCHANGE,1992-04-30,4217,5050,614.0,1539.0,16124,2257.0,-833,-925.0
PLATINUM - NEW YORK MERCANTILE EXCHANGE,1992-05-15,4361,1955,144.0,-3095.0,14690,-1434.0,2406,3239.0
PLATINUM - NEW YORK MERCANTILE EXCHANGE,1992-05-29,8131,709,3770.0,-1246.0,18332,3642.0,7422,5016.0
PLATINUM - NEW YORK MERCANTILE EXCHANGE,1992-06-15,7038,692,-1093.0,-17.0,20754,2422.0,6346,-1076.0
PLATINUM - NEW YORK MERCANTILE EXCHANGE,1992-06-30,7884,540,846.0,-152.0,19309,-1445.0,7344,998.0
PLATINUM - NEW YORK MERCANTILE EXCHANGE,1992-07-15,10546,515,2662.0,-25.0,21885,2576.0,10031,2687.0
PLATINUM - NEW YORK MERCANTILE EXCHANGE,1992-07-31,7464,460,-3082.0,-55.0,18608,-3277.0,7004,-3027.0
PLATINUM - NEW YORK MERCANTILE EXCHANGE,1992-08-14,2878,3153,-4586.0,2693.0,18186,-422.0,-275,-7279.0
PLATINUM - NEW YORK MERCANTILE EXCHANGE,1992-08-31,2561,2904,-317.0,-249.0,18115,-71.0,-343,-68.0
PLATINUM - COMMODITY EXCHANGE INC.,1992-09-15,60,50,,,1424,,10,353.0
PLATINUM - NEW YORK MERCANTILE EXCHANGE,1992-09-15,2793,2185,232.0,-719.0,17035,-1080.0,608,598.0
PLATINUM - COMMODITY EXCHANGE INC.,1992-09-30,0,0,-60.0,-50.0,1484,60.0,0,-608.0
PLATINUM - NEW YORK MERCANTILE EXCHANGE,1992-09-30,4776,483,1983.0,-1702.0,15724,-1311.0,4293,4293.0
PLATINUM - COMMODITY EXCHANGE INC.,1992-10-06,0,0,0.0,0.0,1507,23.0,0,-4293.0
PLATINUM - NEW YORK MERCANTILE EXCHANGE,1992-10-06,4454,762,-322.0,279.0,15251,-473.0,3692,3692.0
PLATINUM - COMMODITY EXCHANGE INC.,1992-10-13,0,0,0.0,0.0,1594,87.0,0,-3692.0
PLATINUM - NEW YORK MERCANTILE EXCHANGE,1992-10-13,2859,1360,-1595.0,598.0,14109,-1142.0,1499,1499.0
PLATINUM - COMMODITY EXCHANGE INC.,1992-10-20,0,0,0.0,0.0,1604,10.0,0,-1499.0
PLATINUM - NEW YORK MERCANTILE EXCHANGE,1992-10-20,3018,1328,159.0,-32.0,13821,-288.0,1690,1690.0
PLATINUM - COMMODITY EXCHANGE INC.,1992-10-27,0,0,0.0,0.0,1624,20.0,0,-1690.0
PLATINUM - NEW YORK MERCANTILE EXCHANGE,1992-10-27,3067,1193,49.0,-135.0,13610,-211.0,1874,1874.0
PLATINUM - COMMODITY EXCHANGE INC.,1992-11-03,53,0,53.0,0.0,1688,64.0,53,-1821.0
PLATINUM - NEW YORK MERCANTILE EXCHANGE,1992-11-03,3226,1337,159.0,144.0,12831,-779.0,1889,1836.0
PLATINUM - COMMODITY EXCHANGE INC.,1992-11-10,0,0,-53.0,0.0,1655,-33.0,0,-1889.0
PLATINUM - NEW YORK MERCANTILE EXCHANGE,1992-11-10,4067,1477,841.0,140.0,13410,579.0,2590,2590.0
PLATINUM - COMMODITY EXCHANGE INC.,1992-11-17,0,0,0.0,0.0,1678,23.0,0,-2590.0
PLATINUM - NEW YORK MERCANTILE EXCHANGE,1992-11-17,3622,2243,-445.0,766.0,13857,447.0,1379,1379.0
PLATINUM - COMMODITY EXCHANGE INC.,1992-11-24,0,231,0.0,231.0,1516,-162.0,-231,-1610.0
PLATINUM - NEW YORK MERCANTILE EXCHANGE,1992-11-24,4072,502,450.0,-1741.0,13152,-705.0,3570,3801.0
PLATINUM - COMMODITY EXCHANGE INC.,1992-12-01,0,0,0.0,-231.0,1302,-214.0,0,-3570.0
PLATINUM - NEW YORK MERCANTILE EXCHANGE,1992-12-01,3692,544,-380.0,42.0,12835,-317.0,3148,3148.0
PLATINUM - COMMODITY EXCHANGE INC.,1992-12-08,0,0,0.0,0.0,994,-308.0,0,-3148.0
PLATINUM - NEW YORK MERCANTILE EXCHANGE,1992-12-08,7324,532,3632.0,-12.0,16127,3292.0,6792,6792.0
PLATINUM - COMMODITY EXCHANGE INC.,1992-12-15,0,0,0.0,0.0,769,-225.0,0,-6792.0
PLATINUM - NEW YORK MERCANTILE EXCHANGE,1992-12-15,7147,179,-177.0,-353.0,15618,-509.0,6968,6968.0
PLATINUM - NEW YORK MERCANTILE EXCHANGE,1992-12-22,5955,104,-1192.0,-75.0,13733,-1885.0,5851,-1117.0
PLATINUM - NEW YORK MERCANTILE EXCHANGE,1992-12-29,5602,130,-353.0,26.0,12297,-1436.0,5472,-379.0
PLATINUM - NEW YORK MERCANTILE EXCHANGE,1993-01-05,4486,1268,-1116.0,1138.0,11218,-1079.0,3218,-2254.0
PLATINUM - NEW YORK MERCANTILE EXCHANGE,1993-01-12,5006,435,520.0,-833.0,10996,-222.0,4571,1353.0
PLATINUM - NEW YORK MERCANTILE EXCHANGE,1993-01-19,5162,415,156.0,-20.0,11665,669.0,4747,176.0
PLATINUM - NEW YORK MERCANTILE EXCHANGE,1993-01-26,6785,70,1623.0,-345.0,13209,1544.0,6715,1968.0
PLATINUM - NEW YORK MERCANTILE EXCHANGE,1993-02-02,6074,150,-711.0,80.0,12444,-765.0,5924,-791.0
PLATINUM - NEW YORK MERCANTILE EXCHANGE,1993-02-09,7197,500,1123.0,350.0,14512,2068.0,6697,773.0
PLATINUM - NEW YORK MERCANTILE EXCHANGE,1993-02-16,9458,314,2261.0,-186.0,16872,2360.0,9144,2447.0
PLATINUM - NEW YORK MERCANTILE EXCHANGE,1993-02-23,5879,2802,-3579.0,2488.0,13615,-3257.0,3077,-6067.0
PLATINUM - NEW YORK MERCANTILE EXCHANGE,1993-03-02,6100,3405,221.0,603.0,14126,511.0,2695,-382.0
PLATINUM - NEW YORK MERCANTILE EXCHANGE,1993-03-09,5999,3515,-101.0,110.0,13410,-716.0,2484,-211.0
PLATINUM - NEW YORK MERCANTILE EXCHANGE,1993-03-16,5609,2431,-390.0,-1084.0,13089,-321.0,3178,694.0
PLATINUM - NEW YORK MERCANTILE EXCHANGE,1993-03-23,5710,1155,101.0,-1276.0,11856,-1233.0,4555,1377.0
PLATINUM - NEW YORK MERCANTILE EXCHANGE,1993-03-30,6880,852,1170.0,-303.0,12536,680.0,6028,1473.0
PLATINUM - NEW YORK MERCANTILE EXCHANGE,1993-04-06,7638,142,758.0,-710.0,12770,234.0,7496,1468.0
PLATINUM - NEW YORK MERCANTILE EXCHANGE,1993-04-13,7502,214,-136.0,72.0,13398,628.0,7288,-208.0
PLATINUM - NEW YORK MERCANTILE EXCHANGE,1993-04-20,9631,212,2129.0,-2.0,16254,2856.0,9419,2131.0
PLATINUM - NEW YORK MERCANTILE EXCHANGE,1993-04-27,10532,461,901.0,249.0,17862,1608.0,10071,652.0
PLATINUM - NEW YORK MERCANTILE EXCHANGE,1993-05-04,11205,1076,673.0,615.0,18741,879.0,10129,58.0
PLATINUM - NEW YORK MERCANTILE EXCHANGE,1993-05-11,9838,1124,-1367.0,48.0,18784,43.0,8714,-1415.0
PLATINUM - NEW YORK MERCANTILE EXCHANGE,1993-05-18,9596,1104,-242.0,-20.0,20383,1599.0,8492,-222.0
PLATINUM - NEW YORK MERCANTILE EXCHANGE,1993-05-25,9664,1458,68.0,354.0,20190,-193.0,8206,-286.0
PLATINUM - NEW YORK MERCANTILE EXCHANGE,1993-06-01,9704,1260,40.0,-198.0,20180,-10.0,8444,238.0
PLATINUM - NEW YORK MERCANTILE EXCHANGE,1993-06-08,8482,594,-1222.0,-666.0,18698,-1482.0,7888,-556.0
PLATINUM - NEW YORK MERCANTILE EXCHANGE,1993-06-15,7254,706,-1228.0,112.0,17109,-1589.0,6548,-1340.0
PLATINUM - NEW YORK MERCANTILE EXCHANGE,1993-06-22,7157,747,-97.0,41.0,16319,-790.0,6410,-138.0
PLATINUM - NEW YORK MERCANTILE EXCHANGE,1993-06-29,7679,229,522.0,-518.0,16623,304.0,7450,1040.0
PLATINUM - NEW YORK MERCANTILE EXCHANGE,1993-07-06,9641,244,1962.0,15.0,19678,3055.0,9397,1947.0
PLATINUM - NEW YORK MERCANTILE EXCHANGE,1993-07-13,11560,248,1919.0,4.0,20811,1133.0,11312,1915.0
PLATINUM - NEW YORK MERCANTILE EXCHANGE,1993-07-20,11644,297,84.0,49.0,21712,901.0,11347,35.0
PLATINUM - NEW YORK MERCANTILE EXCHANGE,1993-07-27,11817,341,173.0,44.0,21868,156.0,11476,129.0
PLATINUM - NEW YORK MERCANTILE EXCHANGE,1993-08-03,12680,575,863.0,234.0,22827,959.0,12105,629.0
PLATINUM - NEW YORK MERCANTILE EXCHANGE,1993-08-10,10173,454,-2507.0,-121.0,19594,-3233.0,9719,-2386.0
PLATINUM - NEW YORK MERCANTILE EXCHANGE,1993-08-17,8486,703,-1687.0,249.0,17364,-2230.0,7783,-1936.0
PLATINUM - NEW YORK MERCANTILE EXCHANGE,1993-08-24,8022,539,-464.0,-164.0,17296,-68.0,7483,-300.0
PLATINUM - NEW YORK MERCANTILE EXCHANGE,1993-08-31,7924,1513,-98.0,974.0,18046,750.0,6411,-1072.0
PLATINUM - NEW YORK MERCANTILE EXCHANGE,1993-09-07,6536,3018,-1388.0,1505.0,18190,144.0,3518,-2893.0
PLATINUM - NEW YORK MERCANTILE EXCHANGE,1993-09-14,6316,3091,-220.0,73.0,17047,-1143.0,3225,-293.0
PLATINUM - NEW YORK MERCANTILE EXCHANGE,1993-09-21,6419,2432,103.0,-659.0,15854,-1193.0,3987,762.0
PLATINUM - NEW YORK MERCANTILE EXCHANGE,1993-09-28,6399,1699,-20.0,-733.0,16173,319.0,4700,713.0
PLATINUM - NEW YORK MERCANTILE EXCHANGE,1993-10-05,6066,2123,-333.0,424.0,15473,-700.0,3943,-757.0
PLATINUM - NEW YORK MERCANTILE EXCHANGE,1993-10-12,6349,1272,283.0,-851.0,15239,-234.0,5077,1134.0
PLATINUM - NEW YORK MERCANTILE EXCHANGE,1993-10-19,6861,1000,512.0,-272.0,15220,-19.0,5861,784.0
PLATINUM - NEW YORK MERCANTILE EXCHANGE,1993-10-26,7388,632,527.0,-368.0,16142,922.0,6756,895.0
PLATINUM - NEW YORK MERCANTILE EXCHANGE,1993-11-02,7510,816,122.0,184.0,15749,-393.0,6694,-62.0
PLATINUM - NEW YORK MERCANTILE EXCHANGE,1993-11-09,7643,210,133.0,-606.0,16280,531.0,7433,739.0
PLATINUM - NEW YORK MERCANTILE EXCHANGE,1993-11-16,8117,238,474.0,28.0,17119,839.0,7879,446.0
PLATINUM - NEW YORK MERCANTILE EXCHANGE,1993-11-23,7355,763,-762.0,525.0,16935,-184.0,6592,-1287.0
PLATINUM - NEW YORK MERCANTILE EXCHANGE,1993-11-30,7767,891,412.0,128.0,16559,-376.0,6876,284.0
PLATINUM - NEW YORK MERCANTILE EXCHANGE,1993-12-07,8492,490,725.0,-401.0,17150,591.0,8002,1126.0
PLATINUM - NEW YORK MERCANTILE EXCHANGE,1993-12-14,11350,348,2858.0,-142.0,20794,3644.0,11002,3000.0
PLATINUM - NEW YORK MERCANTILE EXCHANGE,1993-12-21,12073,312,723.0,-36.0,20937,143.0,11761,759.0
PLATINUM - NEW YORK MERCANTILE EXCHANGE,1993-12-28,11871,308,-202.0,-4.0,20576,-361.0,11563,-198.0
PLATINUM - NEW YORK MERCANTILE EXCHANGE,1994-01-04,12903,425,1032.0,117.0,21011,435.0,12478,915.0
PLATINUM - NEW YORK MERCANTILE EXCHANGE,1994-01-11,11331,742,-1572.0,317.0,19432,-1579.0,10589,-1889.0
PLATINUM - NEW YORK MERCANTILE EXCHANGE,1994-01-18,11339,721,8.0,-21.0,19205,-227.0,10618,29.0
PLATINUM - NEW YORK MERCANTILE EXCHANGE,1994-01-25,8723,690,-2616.0,-31.0,17260,-1945.0,8033,-2585.0
PLATINUM - NEW YORK MERCANTILE EXCHANGE,1994-02-01,9119,76,396.0,-614.0,17934,674.0,9043,1010.0
PLATINUM - NEW YORK MERCANTILE EXCHANGE,1994-02-08,9202,245,83.0,169.0,18203,269.0,8957,-86.0
PLATINUM - NEW YORK MERCANTILE EXCHANGE,1994-02-15,11877,544,2675.0,299.0,21901,3698.0,11333,2376.0
PLATINUM - NEW YORK MERCANTILE EXCHANGE,1994-02-22,12452,1310,575.0,766.0,22305,404.0,11142,-191.0
PLATINUM - NEW YORK MERCANTILE EXCHANGE,1994-03-01,9197,1238,-3255.0,-72.0,19610,-2695.0,7959,-3183.0
PLATINUM - NEW YORK MERCANTILE EXCHANGE,1994-03-08,9255,1030,58.0,-208.0,19219,-391.0,8225,266.0
PLATINUM - NEW YORK MERCANTILE EXCHANGE,1994-03-15,13230,1102,3975.0,72.0,22777,3558.0,12128,3903.0
PLATINUM - NEW YORK MERCANTILE EXCHANGE,1994-03-22,11831,641,-1399.0,-461.0,22106,-671.0,11190,-938.0
PLATINUM - NEW YORK MERCANTILE EXCHANGE,1994-03-29,14028,998,2197.0,357.0,24073,1967.0,13030,1840.0
PLATINUM - NEW YORK MERCANTILE EXCHANGE,1994-04-05,14116,754,88.0,-244.0,24742,669.0,13362,332.0
PLATINUM - NEW YORK MERCANTILE EXCHANGE,1994-04-12,11979,657,-2137.0,-97.0,22603,-2139.0,11322,-2040.0
PLATINUM - NEW YORK MERCANTILE EXCHANGE,1994-04-19,10787,1658,-1192.0,1001.0,22014,-589.0,9129,-2193.0
PLATINUM - NEW YORK MERCANTILE EXCHANGE,1994-04-26,9793,1659,-994.0,1.0,21394,-620.0,8134,-995.0
PLATINUM - NEW YORK MERCANTILE EXCHANGE,1994-05-03,8835,689,-958.0,-970.0,20650,-744.0,8146,12.0
PLATINUM - NEW YORK MERCANTILE EXCHANGE,1994-05-10,9463,655,628.0,-34.0,20774,124.0,8808,662.0
PLATINUM - NEW YORK MERCANTILE EXCHANGE,1994-05-17,10130,593,667.0,-62.0,21939,1165.0,9537,729.0
PLATINUM - NEW YORK MERCANTILE EXCHANGE,1994-05-24,11366,345,1236.0,-248.0,23570,1631.0,11021,1484.0
PLATINUM - NEW YORK MERCANTILE EXCHANGE,1994-05-31,10077,395,-1289.0,50.0,22157,-1413.0,9682,-1339.0
PLATINUM - NEW YORK MERCANTILE EXCHANGE,1994-06-07,10023,410,-54.0,15.0,21589,-568.0,9613,-69.0
PLATINUM - NEW YORK MERCANTILE EXCHANGE,1994-06-14,11140,169,1117.0,-241.0,22603,1014.0,10971,1358.0
PLATINUM - NEW YORK MERCANTILE EXCHANGE,1994-06-21,12879,562,1739.0,393.0,24085,1482.0,12317,1346.0
PLATINUM - NEW YORK MERCANTILE EXCHANGE,1994-06-28,10044,601,-2835.0,39.0,22329,-1756.0,9443,-2874.0
PLATINUM - NEW YORK MERCANTILE EXCHANGE,1994-07-05,14641,636,4597.0,35.0,24714,2385.0,14005,4562.0
PLATINUM - NEW YORK MERCANTILE EXCHANGE,1994-07-12,12090,349,-2551.0,-287.0,22646,-2068.0,11741,-2264.0
PLATINUM - NEW YORK MERCANTILE EXCHANGE,1994-07-19,15078,650,2988.0,301.0,25181,2535.0,14428,2687.0
PLATINUM - NEW YORK MERCANTILE EXCHANGE,1994-07-26,16201,942,1123.0,292.0,26950,1769.0,15259,831.0
PLATINUM - NEW YORK MERCANTILE EXCHANGE,1994-08-02,15868,935,-333.0,-7.0,27457,507.0,14933,-326.0
PLATINUM - NEW YORK MERCANTILE EXCHANGE,1994-08-09,11826,708,-4042.0,-227.0,24299,-3158.0,11118,-3815.0
PLATINUM - NEW YORK MERCANTILE EXCHANGE,1994-08-16,11710,881,-116.0,173.0,24192,-107.0,10829,-289.0
PLATINUM - NEW YORK MERCANTILE EXCHANGE,1994-08-23,11282,1203,-428.0,322.0,24503,311.0,10079,-750.0
PLATINUM - NEW YORK MERCANTILE EXCHANGE,1994-08-30,11108,955,-174.0,-248.0,24990,487.0,10153,74.0
PLATINUM - NEW YORK MERCANTILE EXCHANGE,1994-09-06,11906,379,798.0,-576.0,25111,121.0,11527,1374.0
PLATINUM - NEW YORK MERCANTILE EXCHANGE,1994-09-13,11744,202,-162.0,-177.0,24781,-330.0,11542,15.0
PLATINUM - NEW YORK MERCANTILE EXCHANGE,1994-09-20,10906,146,-838.0,-56.0,23544,-1237.0,10760,-782.0
PLATINUM - NEW YORK MERCANTILE EXCHANGE,1994-09-27,10954,190,48.0,44.0,23326,-218.0,10764,4.0
PLATINUM - NEW YORK MERCANTILE EXCHANGE,1994-10-04,11642,376,688.0,186.0,22623,-703.0,11266,502.0
PLATINUM - NEW YORK MERCANTILE EXCHANGE,1994-10-11,11496,617,-146.0,241.0,23541,918.0,10879,-387.0
PLATINUM - NEW YORK MERCANTILE EXCHANGE,1994-10-18,9706,888,-1790.0,271.0,23072,-469.0,8818,-2061.0
PLATINUM - NEW YORK MERCANTILE EXCHANGE,1994-10-25,12310,634,2604.0,-254.0,25494,2422.0,11676,2858.0
PLATINUM - NEW YORK MERCANTILE EXCHANGE,1994-11-01,10080,1093,-2230.0,459.0,24790,-704.0,8987,-2689.0
PLATINUM - NEW YORK MERCANTILE EXCHANGE,1994-11-08,7486,3222,-2594.0,2129.0,27233,2443.0,4264,-4723.0
PLATINUM - NEW YORK MERCANTILE EXCHANGE,1994-11-15,7472,4497,-14.0,1275.0,26731,-502.0,2975,-1289.0
PLATINUM - NEW YORK MERCANTILE EXCHANGE,1994-11-22,6898,4390,-574.0,-107.0,25590,-1141.0,2508,-467.0
PLATINUM - NEW YORK MERCANTILE EXCHANGE,1994-11-29,6567,4716,-331.0,326.0,26515,925.0,1851,-657.0
PLATINUM - NEW YORK MERCANTILE EXCHANGE,1994-12-06,7362,6741,795.0,2025.0,27994,1479.0,621,-1230.0
PLATINUM - NEW YORK MERCANTILE EXCHANGE,1994-12-13,6312,5373,-1050.0,-1368.0,28451,457.0,939,318.0
PLATINUM - NEW YORK MERCANTILE EXCHANGE,1994-12-20,7070,2799,758.0,-2574.0,25221,-3230.0,4271,3332.0
PLATINUM - NEW YORK MERCANTILE EXCHANGE,1994-12-27,7457,2742,387.0,-57.0,24481,-740.0,4715,444.0
PLATINUM - NEW YORK MERCANTILE EXCHANGE,1995-01-03,7892,2530,435.0,-212.0,23506,-975.0,5362,647.0
PLATINUM - NEW YORK MERCANTILE EXCHANGE,1995-01-10,5900,4851,-1992.0,2321.0,23526,20.0,1049,-4313.0
PLATINUM - NEW YORK MERCANTILE EXCHANGE,1995-01-17,6417,3116,517.0,-1735.0,23206,-320.0,3301,2252.0
PLATINUM - NEW YORK MERCANTILE EXCHANGE,1995-01-24,6436,2582,19.0,-534.0,22818,-388.0,3854,553.0
PLATINUM - NEW YORK MERCANTILE EXCHANGE,1995-01-31,6210,2290,-226.0,-292.0,22143,-675.0,3920,66.0
PLATINUM - NEW YORK MERCANTILE EXCHANGE,1995-02-07,5746,3979,-464.0,1689.0,22797,654.0,1767,-2153.0
PLATINUM - NEW YORK MERCANTILE EXCHANGE,1995-02-14,6043,3636,297.0,-343.0,22887,90.0,2407,640.0
PLATINUM - NEW YORK MERCANTILE EXCHANGE,1995-02-21,6241,3297,198.0,-339.0,23843,956.0,2944,537.0
PLATINUM - NEW YORK MERCANTILE EXCHANGE,1995-02-28,5831,3360,-410.0,63.0,23422,-421.0,2471,-473.0
PLATINUM - NEW YORK MERCANTILE EXCHANGE,1995-03-07,5522,3757,-309.0,397.0,25789,2367.0,1765,-706.0
PLATINUM - NEW YORK MERCANTILE EXCHANGE,1995-03-14,5679,2499,157.0,-1258.0,24892,-897.0,3180,1415.0
PLATINUM - NEW YORK MERCANTILE EXCHANGE,1995-03-21,4148,1721,-1531.0,-778.0,22602,-2290.0,2427,-753.0
PLATINUM - NEW YORK MERCANTILE EXCHANGE,1995-03-28,4206,1238,58.0,-483.0,19899,-2703.0,2968,541.0
PLATINUM - NEW YORK MERCANTILE EXCHANGE,1995-04-04,9743,1013,5537.0,-225.0,22081,2182.0,8730,5762.0
PLATINUM - NEW YORK MERCANTILE EXCHANGE,1995-04-11,10893,1318,1150.0,305.0,24386,2305.0,9575,845.0
PLATINUM - NEW YORK MERCANTILE EXCHANGE,1995-04-18,10726,1261,-167.0,-57.0,24979,593.0,9465,-110.0
PLATINUM - NEW YORK MERCANTILE EXCHANGE,1995-04-25,7826,1130,-2900.0,-131.0,23093,-1886.0,6696,-2769.0
PLATINUM - NEW YORK MERCANTILE EXCHANGE,1995-05-02,7154,1301,-672.0,171.0,22125,-968.0,5853,-843.0
PLATINUM - NEW YORK MERCANTILE EXCHANGE,1995-05-09,6686,1241,-468.0,-60.0,22684,559.0,5445,-408.0
PLATINUM - NEW YORK MERCANTILE EXCHANGE,1995-05-16,3673,804,-3013.0,-437.0,20248,-2436.0,2869,-2576.0
PLATINUM - NEW YORK MERCANTILE EXCHANGE,1995-05-23,3622,1152,-51.0,348.0,19849,-399.0,2470,-399.0
PLATINUM - NEW YORK MERCANTILE EXCHANGE,1995-05-30,3766,959,144.0,-193.0,20247,398.0,2807,337.0
PLATINUM - NEW YORK MERCANTILE EXCHANGE,1995-06-06,3822,1484,56.0,525.0,20136,-111.0,2338,-469.0
PLATINUM - NEW YORK MERCANTILE EXCHANGE,1995-06-13,5122,831,1300.0,-653.0,21890,1754.0,4291,1953.0
PLATINUM - NEW YORK MERCANTILE EXCHANGE,1995-06-20,7269,1122,2147.0,291.0,22584,694.0,6147,1856.0
PLATINUM - NEW YORK MERCANTILE EXCHANGE,1995-06-27,7597,969,328.0,-153.0,21659,-925.0,6628,481.0
PLATINUM - NEW YORK MERCANTILE EXCHANGE,1995-07-03,6276,884,-1321.0,-85.0,20151,-1508.0,5392,-1236.0
PLATINUM - NEW YORK MERCANTILE EXCHANGE,1995-07-11,5077,1208,-1199.0,324.0,19575,-576.0,3869,-1523.0
PLATINUM - NEW YORK MERCANTILE EXCHANGE,1995-07-18,6288,591,1211.0,-617.0,20295,720.0,5697,1828.0
PLATINUM - NEW YORK MERCANTILE EXCHANGE,1995-07-25,5134,3873,-1154.0,3282.0,21799,1504.0,1261,-4436.0
PLATINUM - NEW YORK MERCANTILE EXCHANGE,1995-08-01,5779,6346,645.0,2473.0,24410,2611.0,-567,-1828.0
PLATINUM - NEW YORK MERCANTILE EXCHANGE,1995-08-08,5658,6454,-121.0,108.0,26115,1705.0,-796,-229.0
PLATINUM - NEW YORK MERCANTILE EXCHANGE,1995-08-15,6007,6682,349.0,228.0,27416,1301.0,-675,121.0
PLATINUM - NEW YORK MERCANTILE EXCHANGE,1995-08-22,6734,2854,727.0,-3828.0,24357,-3059.0,3880,4555.0
PLATINUM - NEW YORK MERCANTILE EXCHANGE,1995-08-29,7064,2558,330.0,-296.0,23654,-703.0,4506,626.0
PLATINUM - NEW YORK MERCANTILE EXCHANGE,1995-09-05,6746,2744,-318.0,186.0,24468,814.0,4002,-504.0
PLATINUM - NEW YORK MERCANTILE EXCHANGE,1995-09-12,7578,1923,832.0,-821.0,24133,-335.0,5655,1653.0
PLATINUM - NEW YORK MERCANTILE EXCHANGE,1995-09-19,8119,278,541.0,-1645.0,23548,-585.0,7841,2186.0
PLATINUM - NEW YORK MERCANTILE EXCHANGE,1995-09-26,6032,2044,-2087.0,1766.0,21339,-2209.0,3988,-3853.0
PLATINUM - NEW YORK MERCANTILE EXCHANGE,1995-10-03,5827,5370,-205.0,3326.0,24526,3187.0,457,-3531.0
PLATINUM - NEW YORK MERCANTILE EXCHANGE,1995-10-10,6307,6533,480.0,1163.0,24976,450.0,-226,-683.0
PLATINUM - NEW YORK MERCANTILE EXCHANGE,1995-10-17,5878,6809,-429.0,276.0,25195,219.0,-931,-705.0
PLATINUM - NEW YORK MERCANTILE EXCHANGE,1995-10-24,5896,6924,18.0,115.0,23740,-1455.0,-1028,-97.0
PLATINUM - NEW YORK MERCANTILE EXCHANGE,1995-10-31,6143,6861,247.0,-63.0,23996,256.0,-718,310.0
PLATINUM - NEW YORK MERCANTILE EXCHANGE,1995-11-07,6271,4485,128.0,-2376.0,23466,-530.0,1786,2504.0
PLATINUM - NEW YORK MERCANTILE EXCHANGE,1995-11-14,5599,2008,-672.0,-2477.0,21111,-2355.0,3591,1805.0
PLATINUM - NEW YORK MERCANTILE EXCHANGE,1995-11-21,5708,2058,109.0,50.0,21505,394.0,3650,59.0
PLATINUM - NEW YORK MERCANTILE EXCHANGE,1995-11-28,5403,2178,-305.0,120.0,20035,-1470.0,3225,-425.0
PLATINUM - NEW YORK MERCANTILE EXCHANGE,1995-12-05,5902,3104,499.0,926.0,22329,2294.0,2798,-427.0
PLATINUM - NEW YORK MERCANTILE EXCHANGE,1995-12-12,5916,2346,14.0,-758.0,21065,-1264.0,3570,772.0
PLATINUM - NEW YORK MERCANTILE EXCHANGE,1995-12-19,5952,4274,36.0,1928.0,20208,-857.0,1678,-1892.0
PLATINUM - NEW YORK MERCANTILE EXCHANGE,1995-12-26,5854,4225,-98.0,-49.0,19575,-633.0,1629,-49.0
PLATINUM - NEW YORK MERCANTILE EXCHANGE,1996-01-02,7137,7499,1283.0,3274.0,23825,4250.0,-362,-1991.0
PLATINUM - NEW YORK MERCANTILE EXCHANGE,1996-01-09,8058,2018,921.0,-5481.0,22544,-1281.0,6040,6402.0
PLATINUM - NEW YORK MERCANTILE EXCHANGE,1996-01-16,9620,1456,1562.0,-562.0,22787,243.0,8164,2124.0
PLATINUM - NEW YORK MERCANTILE EXCHANGE,1996-01-23,12042,434,2422.0,-1022.0,24418,1631.0,11608,3444.0
PLATINUM - NEW YORK MERCANTILE EXCHANGE,1996-01-30,11054,157,-988.0,-277.0,22721,-1697.0,10897,-711.0
PLATINUM - NEW YORK MERCANTILE EXCHANGE,1996-02-06,11271,54,217.0,-103.0,22592,-129.0,11217,320.0
PLATINUM - NEW YORK MERCANTILE EXCHANGE,1996-02-13,9810,245,-1461.0,191.0,21589,-1003.0,9565,-1652.0
PLATINUM - NEW YORK MERCANTILE EXCHANGE,1996-02-20,10038,172,228.0,-73.0,21435,-154.0,9866,301.0
PLATINUM - NEW YORK MERCANTILE EXCHANGE,1996-02-27,7783,656,-2255.0,484.0,20376,-1059.0,7127,-2739.0
PLATINUM - NEW YORK MERCANTILE EXCHANGE,1996-03-05,7441,2215,-342.0,1559.0,22945,2569.0,5226,-1901.0
PLATINUM - NEW YORK MERCANTILE EXCHANGE,1996-03-12,7279,1912,-162.0,-303.0,21973,-972.0,5367,141.0
PLATINUM - NEW YORK MERCANTILE EXCHANGE,1996-03-19,7114,1798,-165.0,-114.0,22912,939.0,5316,-51.0
PLATINUM - NEW YORK MERCANTILE EXCHANGE,1996-03-26,8321,1732,1207.0,-66.0,23999,1087.0,6589,1273.0
PLATINUM - NEW YORK MERCANTILE EXCHANGE,1996-04-02,7746,4514,-575.0,2782.0,25408,1409.0,3232,-3357.0
PLATINUM - NEW YORK MERCANTILE EXCHANGE,1996-04-09,7321,4535,-425.0,21.0,23894,-1514.0,2786,-446.0
PLATINUM - NEW YORK MERCANTILE EXCHANGE,1996-04-16,6937,5564,-384.0,1029.0,25168,1274.0,1373,-1413.0
PLATINUM - NEW YORK MERCANTILE EXCHANGE,1996-04-23,6796,5132,-141.0,-432.0,25104,-64.0,1664,291.0
PLATINUM - NEW YORK MERCANTILE EXCHANGE,1996-04-30,6890,5337,94.0,205.0,25428,324.0,1553,-111.0
PLATINUM - NEW YORK MERCANTILE EXCHANGE,1996-05-07,6705,4873,-185.0,-464.0,25509,81.0,1832,279.0
PLATINUM - NEW YORK MERCANTILE EXCHANGE,1996-05-14,6625,4830,-80.0,-43.0,25758,249.0,1795,-37.0
PLATINUM - NEW YORK MERCANTILE EXCHANGE,1996-05-21,7264,6013,639.0,1183.0,26948,1190.0,1251,-544.0
PLATINUM - NEW YORK MERCANTILE EXCHANGE,1996-05-28,7361,6028,97.0,15.0,28012,1064.0,1333,82.0
PLATINUM - NEW YORK MERCANTILE EXCHANGE,1996-06-04,7549,6289,188.0,261.0,27319,-693.0,1260,-73.0
PLATINUM - NEW YORK MERCANTILE EXCHANGE,1996-06-11,8110,6642,561.0,353.0,28079,760.0,1468,208.0
PLATINUM - NEW YORK MERCANTILE EXCHANGE,1996-06-18,8105,6612,-5.0,-30.0,27574,-505.0,1493,25.0
PLATINUM - NEW YORK MERCANTILE EXCHANGE,1996-06-25,8706,6542,601.0,-70.0,28157,583.0,2164,671.0
PLATINUM - NEW YORK MERCANTILE EXCHANGE,1996-07-02,8391,6422,-315.0,-120.0,26618,-1539.0,1969,-195.0
PLATINUM - NEW YORK MERCANTILE EXCHANGE,1996-07-09,8438,6842,47.0,420.0,26953,335.0,1596,-373.0
PLATINUM - NEW YORK MERCANTILE EXCHANGE,1996-07-16,8092,5146,-346.0,-1696.0,27059,106.0,2946,1350.0
PLATINUM - NEW YORK MERCANTILE EXCHANGE,1996-07-23,8130,2869,38.0,-2277.0,25789,-1270.0,5261,2315.0
PLATINUM - NEW YORK MERCANTILE EXCHANGE,1996-07-30,7250,1800,-880.0,-1069.0,24709,-1080.0,5450,189.0
PLATINUM - NEW YORK MERCANTILE EXCHANGE,1996-08-06,8869,458,1619.0,-1342.0,25607,898.0,8411,2961.0
PLATINUM - NEW YORK MERCANTILE EXCHANGE,1996-08-13,8167,339,-702.0,-119.0,25087,-520.0,7828,-583.0
PLATINUM - NEW YORK MERCANTILE EXCHANGE,1996-08-20,7055,281,-1112.0,-58.0,25600,513.0,6774,-1054.0
PLATINUM - NEW YORK MERCANTILE EXCHANGE,1996-08-27,6838,160,-217.0,-121.0,25691,91.0,6678,-96.0
PLATINUM - NEW YORK MERCANTILE EXCHANGE,1996-09-03,5650,2795,-1188.0,2635.0,25881,190.0,2855,-3823.0
PLATINUM - NEW YORK MERCANTILE EXCHANGE,1996-09-10,6334,4698,684.0,1903.0,27849,1968.0,1636,-1219.0
PLATINUM - NEW YORK MERCANTILE EXCHANGE,1996-09-17,7220,8297,886.0,3599.0,29670,1821.0,-1077,-2713.0
PLATINUM - NEW YORK MERCANTILE EXCHANGE,1996-09-24,7080,7924,-140.0,-373.0,29287,-383.0,-844,233.0
PLATINUM - NEW YORK MERCANTILE EXCHANGE,1996-10-01,7268,7929,188.0,5.0,28478,-809.0,-661,183.0
PLATINUM - NEW YORK MERCANTILE EXCHANGE,1996-10-08,7532,7964,264.0,35.0,28571,93.0,-432,229.0
PLATINUM - NEW YORK MERCANTILE EXCHANGE,1996-10-15,7261,6192,-271.0,-1772.0,28170,-401.0,1069,1501.0
PLATINUM - NEW YORK MERCANTILE EXCHANGE,1996-10-22,7441,5915,180.0,-277.0,28238,68.0,1526,457.0
PLATINUM - NEW YORK MERCANTILE EXCHANGE,1996-10-29,7705,6503,264.0,588.0,28419,181.0,1202,-324.0
PLATINUM - NEW YORK MERCANTILE EXCHANGE,1996-11-05,7385,6724,-320.0,221.0,27600,-819.0,661,-541.0
PLATINUM - NEW YORK MERCANTILE EXCHANGE,1996-11-12,7306,4734,-79.0,-1990.0,28219,619.0,2572,1911.0
PLATINUM - NEW YORK MERCANTILE EXCHANGE,1996-11-19,7445,4690,139.0,-44.0,27096,-1123.0,2755,183.0
PLATINUM - NEW YORK MERCANTILE EXCHANGE,1996-11-26,7155,6777,-290.0,2087.0,27224,128.0,378,-2377.0
PLATINUM - NEW YORK MERCANTILE EXCHANGE,1996-12-03,7345,8729,190.0,1952.0,28171,947.0,-1384,-1762.0
PLATINUM - NEW YORK MERCANTILE EXCHANGE,1996-12-10,8160,9103,815.0,374.0,31203,3032.0,-943,441.0
PLATINUM - NEW YORK MERCANTILE EXCHANGE,1996-12-17,8191,8191,31.0,-912.0,30613,-590.0,0,943.0
PLATINUM - NEW YORK MERCANTILE EXCHANGE,1996-12-24,7872,7342,-319.0,-849.0,26810,-3803.0,530,530.0
PLATINUM - NEW YORK MERCANTILE EXCHANGE,1996-12-31,8381,7279,509.0,-63.0,25990,-820.0,1102,572.0
PLATINUM - NEW YORK MERCANTILE EXCHANGE,1997-01-07,7621,8310,-760.0,1031.0,25506,-484.0,-689,-1791.0
PLATINUM - NEW YORK MERCANTILE EXCHANGE,1997-01-14,6765,6880,-856.0,-1430.0,24454,-1052.0,-115,574.0
PLATINUM - NEW YORK MERCANTILE EXCHANGE,1997-01-21,6974,7177,209.0,297.0,26487,2033.0,-203,-88.0
PLATINUM - NEW YORK MERCANTILE EXCHANGE,1997-01-28,6768,7257,-206.0,80.0,26727,240.0,-489,-286.0
PLATINUM - NEW YORK MERCANTILE EXCHANGE,1997-02-04,7060,6973,292.0,-284.0,27204,477.0,87,576.0
PLATINUM - NEW YORK MERCANTILE EXCHANGE,1997-02-11,7577,6215,517.0,-758.0,27951,747.0,1362,1275.0
PLATINUM - NEW YORK MERCANTILE EXCHANGE,1997-02-18,5785,2534,-1792.0,-3681.0,25792,-2159.0,3251,1889.0
PLATINUM - NEW YORK MERCANTILE EXCHANGE,1997-02-25,6489,965,704.0,-1569.0,24564,-1228.0,5524,2273.0
PLATINUM - NEW YORK MERCANTILE EXCHANGE,1997-03-04,9353,2240,2864.0,1275.0,25314,750.0,7113,1589.0
PLATINUM - NEW YORK MERCANTILE EXCHANGE,1997-03-11,8847,1658,-506.0,-582.0,24752,-562.0,7189,76.0
PLATINUM - NEW YORK MERCANTILE EXCHANGE,1997-03-18,8269,1482,-578.0,-176.0,21025,-3727.0,6787,-402.0
PLATINUM - NEW YORK MERCANTILE EXCHANGE,1997-03-25,7786,617,-483.0,-865.0,19763,-1262.0,7169,382.0
PLATINUM - NEW YORK MERCANTILE EXCHANGE,1997-04-01,4722,620,-3064.0,3.0,16622,-3141.0,4102,-3067.0
PLATINUM - NEW YORK MERCANTILE EXCHANGE,1997-04-08,4118,2103,-604.0,1483.0,16439,-183.0,2015,-2087.0
PLATINUM - NEW YORK MERCANTILE EXCHANGE,1997-04-15,3727,1855,-391.0,-248.0,16396,-43.0,1872,-143.0
PLATINUM - NEW YORK MERCANTILE EXCHANGE,1997-04-22,4040,1258,313.0,-597.0,16448,52.0,2782,910.0
PLATINUM - NEW YORK MERCANTILE EXCHANGE,1997-04-29,4216,1222,176.0,-36.0,16792,344.0,2994,212.0
PLATINUM - NEW YORK MERCANTILE EXCHANGE,1997-05-06,4306,1371,90.0,149.0,17080,288.0,2935,-59.0
PLATINUM - NEW YORK MERCANTILE EXCHANGE,1997-05-13,7813,1476,3507.0,105.0,19115,2035.0,6337,3402.0
PLATINUM - NEW YORK MERCANTILE EXCHANGE,1997-05-20,9279,1759,1466.0,283.0,20529,1414.0,7520,1183.0
PLATINUM - NEW YORK MERCANTILE EXCHANGE,1997-05-27,9185,847,-94.0,-912.0,19673,-856.0,8338,818.0
PLATINUM - NEW YORK MERCANTILE EXCHANGE,1997-06-03,9970,1017,785.0,170.0,19926,253.0,8953,615.0
PLATINUM - NEW YORK MERCANTILE EXCHANGE,1997-06-10,9403,1135,-567.0,118.0,20069,143.0,8268,-685.0
PLATINUM - NEW YORK MERCANTILE EXCHANGE,1997-06-17,8161,1212,-1242.0,77.0,18426,-1643.0,6949,-1319.0
PLATINUM - NEW YORK MERCANTILE EXCHANGE,1997-06-24,6435,1054,-1726.0,-158.0,16236,-2190.0,5381,-1568.0
PLATINUM - NEW YORK MERCANTILE EXCHANGE,1997-07-01,5960,1036,-475.0,-18.0,15481,-755.0,4924,-457.0
PLATINUM - NEW YORK MERCANTILE EXCHANGE,1997-07-08,5715,875,-245.0,-161.0,13304,-2177.0,4840,-84.0
PLATINUM - NEW YORK MERCANTILE EXCHANGE,1997-07-15,4600,576,-1115.0,-299.0,12338,-966.0,4024,-816.0
PLATINUM - NEW YORK MERCANTILE EXCHANGE,1997-07-22,4699,693,99.0,117.0,12565,227.0,4006,-18.0
PLATINUM - NEW YORK MERCANTILE EXCHANGE,1997-07-29,6042,761,1343.0,68.0,13707,1142.0,5281,1275.0
PLATINUM - NEW YORK MERCANTILE EXCHANGE,1997-08-05,7771,1072,1729.0,311.0,14896,1189.0,6699,1418.0
PLATINUM - NEW YORK MERCANTILE EXCHANGE,1997-08-12,7684,887,-87.0,-185.0,14863,-33.0,6797,98.0
PLATINUM - NEW YORK MERCANTILE EXCHANGE,1997-08-19,5897,516,-1787.0,-371.0,13843,-1020.0,5381,-1416.0
PLATINUM - NEW YORK MERCANTILE EXCHANGE,1997-08-26,5138,456,-759.0,-60.0,13482,-361.0,4682,-699.0
PLATINUM - NEW YORK MERCANTILE EXCHANGE,1997-09-02,5035,597,-103.0,141.0,13025,-457.0,4438,-244.0
PLATINUM - NEW YORK MERCANTILE EXCHANGE,1997-09-09,5739,896,704.0,299.0,14157,1132.0,4843,405.0
PLATINUM - NEW YORK MERCANTILE EXCHANGE,1997-09-16,6054,375,315.0,-521.0,13498,-659.0,5679,836.0
PLATINUM - NEW YORK MERCANTILE EXCHANGE,1997-09-23,7125,430,1071.0,55.0,13801,303.0,6695,1016.0
PLATINUM - NEW YORK MERCANTILE EXCHANGE,1997-09-30,7210,426,85.0,-4.0,13939,138.0,6784,89.0
PLATINUM - NEW YORK MERCANTILE EXCHANGE,1997-10-07,7833,431,623.0,5.0,13577,-362.0,7402,618.0
PLATINUM - NEW YORK MERCANTILE EXCHANGE,1997-10-14,8061,539,228.0,108.0,13919,342.0,7522,120.0
PLATINUM - NEW YORK MERCANTILE EXCHANGE,1997-10-21,8364,547,303.0,8.0,14071,152.0,7817,295.0
PLATINUM - NEW YORK MERCANTILE EXCHANGE,1997-10-28,4709,1565,-3655.0,1018.0,12346,-1725.0,3144,-4673.0
PLATINUM - NEW YORK MERCANTILE EXCHANGE,1997-11-04,4652,1627,-57.0,62.0,12687,341.0,3025,-119.0
PLATINUM - NEW YORK MERCANTILE EXCHANGE,1997-11-11,2827,2750,-1825.0,1123.0,11934,-753.0,77,-2948.0
PLATINUM - NEW YORK MERCANTILE EXCHANGE,1997-11-18,3027,4162,200.0,1412.0,12541,607.0,-1135,-1212.0
PLATINUM - NEW YORK MERCANTILE EXCHANGE,1997-11-25,3049,4349,22.0,187.0,13151,610.0,-1300,-165.0
PLATINUM - NEW YORK MERCANTILE EXCHANGE,1997-12-02,3211,4292,162.0,-57.0,12859,-292.0,-1081,219.0
PLATINUM - NEW YORK MERCANTILE EXCHANGE,1997-12-09,3278,4914,67.0,622.0,14261,1402.0,-1636,-555.0
PLATINUM - NEW YORK MERCANTILE EXCHANGE,1997-12-16,2197,5298,-1081.0,384.0,14846,585.0,-3101,-1465.0
PLATINUM - NEW YORK MERCANTILE EXCHANGE,1997-12-23,2314,4978,117.0,-320.0,14101,-745.0,-2664,437.0
PLATINUM - NEW YORK MERCANTILE EXCHANGE,1997-12-30,2340,4376,26.0,-602.0,11168,-2933.0,-2036,628.0
PLATINUM - NEW YORK MERCANTILE EXCHANGE,1998-01-06,2278,4003,-62.0,-373.0,11266,98.0,-1725,311.0
PLATINUM - NEW YORK MERCANTILE EXCHANGE,1998-01-13,2411,3681,133.0,-322.0,11559,293.0,-1270,455.0
PLATINUM - NEW YORK MERCANTILE EXCHANGE,1998-01-20,2633,1521,222.0,-2160.0,10555,-1004.0,1112,2382.0
PLATINUM - NEW YORK MERCANTILE EXCHANGE,1998-01-27,2811,1307,178.0,-214.0,10097,-458.0,1504,392.0
PLATINUM - NEW YORK MERCANTILE EXCHANGE,1998-02-03,3426,829,615.0,-478.0,10566,469.0,2597,1093.0
PLATINUM - NEW YORK MERCANTILE EXCHANGE,1998-02-10,4883,348,1457.0,-481.0,11308,742.0,4535,1938.0
PLATINUM - NEW YORK MERCANTILE EXCHANGE,1998-02-17,4439,580,-444.0,232.0,11039,-269.0,3859,-676.0
PLATINUM - NEW YORK MERCANTILE EXCHANGE,1998-02-24,3715,957,-724.0,377.0,10645,-394.0,2758,-1101.0
PLATINUM - NEW YORK MERCANTILE EXCHANGE,1998-03-03,3725,766,10.0,-191.0,10784,139.0,2959,201.0
PLATINUM - NEW YORK MERCANTILE EXCHANGE,1998-03-10,3959,625,234.0,-141.0,11479,695.0,3334,375.0
PLATINUM - NEW YORK MERCANTILE EXCHANGE,1998-03-17,5011,273,1052.0,-352.0,13112,1633.0,4738,1404.0
PLATINUM - NEW YORK MERCANTILE EXCHANGE,1998-03-24,7996,435,2985.0,162.0,16486,3374.0,7561,2823.0
PLATINUM - NEW YORK MERCANTILE EXCHANGE,1998-03-31,7887,251,-109.0,-184.0,13571,-2915.0,7636,75.0
PLATINUM - NEW YORK MERCANTILE EXCHANGE,1998-04-07,7747,196,-140.0,-55.0,13501,-70.0,7551,-85.0
PLATINUM - NEW YORK MERCANTILE EXCHANGE,1998-04-14,8673,256,926.0,60.0,14204,703.0,8417,866.0
PLATINUM - NEW YORK MERCANTILE EXCHANGE,1998-04-21,7989,176,-684.0,-80.0,13510,-694.0,7813,-604.0
PLATINUM - NEW YORK MERCANTILE EXCHANGE,1998-04-28,8052,116,63.0,-60.0,13366,-144.0,7936,123.0
PLATINUM - NEW YORK MERCANTILE EXCHANGE,1998-05-05,7751,347,-301.0,231.0,13408,42.0,7404,-532.0
PLATINUM - NEW YORK MERCANTILE EXCHANGE,1998-05-12,5687,754,-2064.0,407.0,11715,-1693.0,4933,-2471.0
PLATINUM - NEW YORK MERCANTILE EXCHANGE,1998-05-19,5536,354,-151.0,-400.0,12077,362.0,5182,249.0
PLATINUM - NEW YORK MERCANTILE EXCHANGE,1998-05-26,4311,769,-1225.0,415.0,11060,-1017.0,3542,-1640.0
PLATINUM - NEW YORK MERCANTILE EXCHANGE,1998-06-02,3903,2635,-408.0,1866.0,10810,-250.0,1268,-2274.0
PLATINUM - NEW YORK MERCANTILE EXCHANGE,1998-06-09,3634,2995,-269.0,360.0,11518,708.0,639,-629.0
PLATINUM - NEW YORK MERCANTILE EXCHANGE,1998-06-16,3449,3885,-185.0,890.0,11955,437.0,-436,-1075.0
PLATINUM - NEW YORK MERCANTILE EXCHANGE,1998-06-23,3587,3609,138.0,-276.0,11484,-471.0,-22,414.0
PLATINUM - NEW YORK MERCANTILE EXCHANGE,1998-06-30,4068,3476,481.0,-133.0,11169,-315.0,592,614.0
PLATINUM - NEW YORK MERCANTILE EXCHANGE,1998-07-07,4248,2240,180.0,-1236.0,11301,132.0,2008,1416.0
PLATINUM - NEW YORK MERCANTILE EXCHANGE,1998-07-14,4548,1284,300.0,-956.0,10485,-816.0,3264,1256.0
PLATINUM - NEW YORK MERCANTILE EXCHANGE,1998-07-21,4959,467,411.0,-817.0,11026,541.0,4492,1228.0
PLATINUM - NEW YORK MERCANTILE EXCHANGE,1998-07-28,4706,244,-253.0,-223.0,9935,-1091.0,4462,-30.0
PLATINUM - NEW YORK MERCANTILE EXCHANGE,1998-08-04,4172,247,-534.0,3.0,9409,-526.0,3925,-537.0
PLATINUM - NEW YORK MERCANTILE EXCHANGE,1998-08-11,4411,310,239.0,63.0,9435,26.0,4101,176.0
PLATINUM - NEW YORK MERCANTILE EXCHANGE,1998-08-18,3884,1152,-527.0,842.0,9463,28.0,2732,-1369.0
PLATINUM - NEW YORK MERCANTILE EXCHANGE,1998-08-25,4001,1727,117.0,575.0,10209,746.0,2274,-458.0
PLATINUM - NEW YORK MERCANTILE EXCHANGE,1998-09-01,2927,3176,-1074.0,1449.0,10991,782.0,-249,-2523.0
PLATINUM - NEW YORK MERCANTILE EXCHANGE,1998-09-08,2872,3430,-55.0,254.0,11277,286.0,-558,-309.0
PLATINUM - NEW YORK MERCANTILE EXCHANGE,1998-09-15,3223,3383,351.0,-47.0,11886,609.0,-160,398.0
PLATINUM - NEW YORK MERCANTILE EXCHANGE,1998-09-22,3613,3899,390.0,516.0,12330,444.0,-286,-126.0
PLATINUM - NEW YORK MERCANTILE EXCHANGE,1998-09-29,4005,6524,392.0,2625.0,13570,1240.0,-2519,-2233.0
PLATINUM - NEW YORK MERCANTILE EXCHANGE,1998-10-06,2621,7655,-1384.0,1131.0,14162,592.0,-5034,-2515.0
PLATINUM - NEW YORK MERCANTILE EXCHANGE,1998-10-13,2368,7384,-253.0,-271.0,14062,-100.0,-5016,18.0
PLATINUM - NEW YORK MERCANTILE EXCHANGE,1998-10-20,2930,7511,562.0,127.0,14711,649.0,-4581,435.0
PLATINUM - NEW YORK MERCANTILE EXCHANGE,1998-10-27,3066,7243,136.0,-268.0,15648,937.0,-4177,404.0
PLATINUM - NEW YORK MERCANTILE EXCHANGE,1998-11-03,2964,7785,-102.0,542.0,16442,794.0,-4821,-644.0
PLATINUM - NEW YORK MERCANTILE EXCHANGE,1998-11-10,3273,7008,309.0,-777.0,16169,-273.0,-3735,1086.0
PLATINUM - NEW YORK MERCANTILE EXCHANGE,1998-11-17,4744,5972,1471.0,-1036.0,15989,-180.0,-1228,2507.0
PLATINUM - NEW YORK MERCANTILE EXCHANGE,1998-11-24,4926,2884,182.0,-3088.0,14400,-1589.0,2042,3270.0
PLATINUM - NEW YORK MERCANTILE EXCHANGE,1998-12-01,4718,2874,-208.0,-10.0,14329,-71.0,1844,-198.0
PLATINUM - NEW YORK MERCANTILE EXCHANGE,1998-12-08,4305,2876,-413.0,2.0,13694,-635.0,1429,-415.0
PLATINUM - NEW YORK MERCANTILE EXCHANGE,1998-12-15,4383,2845,78.0,-31.0,13325,-369.0,1538,109.0
PLATINUM - NEW YORK MERCANTILE EXCHANGE,1998-12-22,4069,4276,-314.0,1431.0,13363,38.0,-207,-1745.0
PLATINUM - NEW YORK MERCANTILE EXCHANGE,1998-12-29,4164,3627,95.0,-649.0,12408,-955.0,537,744.0
PLATINUM - NEW YORK MERCANTILE EXCHANGE,1999-01-05,5324,953,1160.0,-2674.0,11549,-859.0,4371,3834.0
PLATINUM - NEW YORK MERCANTILE EXCHANGE,1999-01-12,5926,827,602.0,-126.0,12722,1173.0,5099,728.0
PLATINUM - NEW YORK MERCANTILE EXCHANGE,1999-01-19,5427,1030,-499.0,203.0,12190,-532.0,4397,-702.0
PLATINUM - NEW YORK MERCANTILE EXCHANGE,1999-01-26,5007,1707,-420.0,677.0,12422,232.0,3300,-1097.0
PLATINUM - NEW YORK MERCANTILE EXCHANGE,1999-02-02,4381,4650,-626.0,2943.0,13429,1007.0,-269,-3569.0
PLATINUM - NEW YORK MERCANTILE EXCHANGE,1999-02-09,4550,3634,169.0,-1016.0,13261,-168.0,916,1185.0
PLATINUM - NEW YORK MERCANTILE EXCHANGE,1999-02-16,6554,1231,2004.0,-2403.0,13657,396.0,5323,4407.0
PLATINUM - NEW YORK MERCANTILE EXCHANGE,1999-02-23,9719,1086,3165.0,-145.0,17366,3709.0,8633,3310.0
PLATINUM - NEW YORK MERCANTILE EXCHANGE,1999-03-02,10577,1044,858.0,-42.0,17969,603.0,9533,900.0
PLATINUM - NEW YORK MERCANTILE EXCHANGE,1999-03-09,10679,1264,102.0,220.0,18175,206.0,9415,-118.0
PLATINUM - NEW YORK MERCANTILE EXCHANGE,1999-03-16,9206,652,-1473.0,-612.0,16185,-1990.0,8554,-861.0
PLATINUM - NEW YORK MERCANTILE EXCHANGE,1999-03-23,9738,205,532.0,-447.0,16166,-19.0,9533,979.0
PLATINUM - NEW YORK MERCANTILE EXCHANGE,1999-03-30,7229,1283,-2509.0,1078.0,13998,-2168.0,5946,-3587.0
PLATINUM - NEW YORK MERCANTILE EXCHANGE,1999-04-06,5978,930,-1251.0,-353.0,11990,-2008.0,5048,-898.0
PLATINUM - NEW YORK MERCANTILE EXCHANGE,1999-04-13,4745,1206,-1233.0,276.0,10696,-1294.0,3539,-1509.0
PLATINUM - NEW YORK MERCANTILE EXCHANGE,1999-04-20,4854,1128,109.0,-78.0,11043,347.0,3726,187.0
PLATINUM - NEW YORK MERCANTILE EXCHANGE,1999-04-27,4449,2714,-405.0,1586.0,11640,597.0,1735,-1991.0
PLATINUM - NEW YORK MERCANTILE EXCHANGE,1999-05-04,4010,5089,-439.0,2375.0,12174,534.0,-1079,-2814.0
PLATINUM - NEW YORK MERCANTILE EXCHANGE,1999-05-11,4204,5234,194.0,145.0,12235,61.0,-1030,49.0
PLATINUM - NEW YORK MERCANTILE EXCHANGE,1999-05-18,4404,5480,200.0,246.0,12413,178.0,-1076,-46.0
PLATINUM - NEW YORK MERCANTILE EXCHANGE,1999-05-25,4279,5262,-125.0,-218.0,12379,-34.0,-983,93.0
PLATINUM - NEW YORK MERCANTILE EXCHANGE,1999-06-01,3506,3147,-773.0,-2115.0,11321,-1058.0,359,1342.0
PLATINUM - NEW YORK MERCANTILE EXCHANGE,1999-06-08,4262,1081,756.0,-2066.0,11523,202.0,3181,2822.0
PLATINUM - NEW YORK MERCANTILE EXCHANGE,1999-06-15,5798,1581,1536.0,500.0,12147,624.0,4217,1036.0
PLATINUM - NEW YORK MERCANTILE EXCHANGE,1999-06-22,3812,6373,-1986.0,4792.0,13892,1745.0,-2561,-6778.0
PLATINUM - NEW YORK MERCANTILE EXCHANGE,1999-06-29,3547,6066,-265.0,-307.0,13110,-782.0,-2519,42.0
PLATINUM - NEW YORK MERCANTILE EXCHANGE,1999-07-06,4025,6954,478.0,888.0,13254,144.0,-2929,-410.0
PLATINUM - NEW YORK MERCANTILE EXCHANGE,1999-07-13,4620,7514,595.0,560.0,14742,1488.0,-2894,35.0
PLATINUM - NEW YORK MERCANTILE EXCHANGE,1999-07-20,4667,7254,47.0,-260.0,14766,24.0,-2587,307.0
PLATINUM - NEW YORK MERCANTILE EXCHANGE,1999-07-27,4348,7437,-319.0,183.0,15639,873.0,-3089,-502.0
PLATINUM - NEW YORK MERCANTILE EXCHANGE,1999-08-03,4116,7723,-232.0,286.0,15253,-386.0,-3607,-518.0
PLATINUM - NEW YORK MERCANTILE EXCHANGE,1999-08-10,4687,6392,571.0,-1331.0,14399,-854.0,-1705,1902.0
PLATINUM - NEW YORK MERCANTILE EXCHANGE,1999-08-17,3532,6828,-1155.0,436.0,14166,-233.0,-3296,-1591.0
PLATINUM - NEW YORK MERCANTILE EXCHANGE,1999-08-24,3136,5550,-396.0,-1278.0,12623,-1543.0,-2414,882.0
PLATINUM - NEW YORK MERCANTILE EXCHANGE,1999-08-31,3159,5838,23.0,288.0,12574,-49.0,-2679,-265.0
PLATINUM - NEW YORK MERCANTILE EXCHANGE,1999-09-07,2980,4919,-179.0,-919.0,12642,68.0,-1939,740.0
PLATINUM - NEW YORK MERCANTILE EXCHANGE,1999-09-14,8670,532,5690.0,-4387.0,15240,2598.0,8138,10077.0
PLATINUM - NEW YORK MERCANTILE EXCHANGE,1999-09-21,10611,375,1941.0,-157.0,16435,1195.0,10236,2098.0
PLATINUM - NEW YORK MERCANTILE EXCHANGE,1999-09-28,10676,662,65.0,287.0,15903,-532.0,10014,-222.0
PLATINUM - NEW YORK MERCANTILE EXCHANGE,1999-10-05,11210,351,534.0,-311.0,15353,-550.0,10859,845.0
PLATINUM - NEW YORK MERCANTILE EXCHANGE,1999-10-12,10967,412,-243.0,61.0,15261,-92.0,10555,-304.0
PLATINUM - NEW YORK MERCANTILE EXCHANGE,1999-10-19,11030,535,63.0,123.0,14660,-601.0,10495,-60.0
PLATINUM - NEW YORK MERCANTILE EXCHANGE,1999-10-26,10376,528,-654.0,-7.0,14323,-337.0,9848,-647.0
PLATINUM - NEW YORK MERCANTILE EXCHANGE,1999-11-02,9243,387,-1133.0,-141.0,13399,-924.0,8856,-992.0
PLATINUM - NEW YORK MERCANTILE EXCHANGE,1999-11-09,9278,382,35.0,-5.0,13724,325.0,8896,40.0
PLATINUM - NEW YORK MERCANTILE EXCHANGE,1999-11-16,10447,574,1169.0,192.0,14118,394.0,9873,977.0
PLATINUM - NEW YORK MERCANTILE EXCHANGE,1999-11-23,7767,152,-2680.0,-422.0,12223,-1895.0,7615,-2258.0
PLATINUM - NEW YORK MERCANTILE EXCHANGE,1999-11-30,7463,156,-304.0,4.0,11807,-416.0,7307,-308.0
PLATINUM - NEW YORK MERCANTILE EXCHANGE,1999-12-07,7152,156,-311.0,0.0,11956,149.0,6996,-311.0
PLATINUM - NEW YORK MERCANTILE EXCHANGE,1999-12-14,7035,102,-117.0,-54.0,11857,-99.0,6933,-63.0
PLATINUM - NEW YORK MERCANTILE EXCHANGE,1999-12-21,6362,100,-673.0,-2.0,11597,-260.0,6262,-671.0
PLATINUM - NEW YORK MERCANTILE EXCHANGE,1999-12-28,7434,127,1072.0,27.0,12192,595.0,7307,1045.0
PLATINUM - NEW YORK MERCANTILE EXCHANGE,2000-01-04,6768,100,-666.0,-27.0,11816,-376.0,6668,-639.0
PLATINUM - NEW YORK MERCANTILE EXCHANGE,2000-01-11,4761,100,-2007.0,0.0,9627,-2189.0,4661,-2007.0
PLATINUM - NEW YORK MERCANTILE EXCHANGE,2000-01-18,5334,210,573.0,110.0,10320,693.0,5124,463.0
PLATINUM - NEW YORK MERCANTILE EXCHANGE,2000-01-25,7284,800,1950.0,590.0,11610,1290.0,6484,1360.0
PLATINUM - NEW YORK MERCANTILE EXCHANGE,2000-02-01,7165,872,-119.0,72.0,11351,-259.0,6293,-191.0
PLATINUM - NEW YORK MERCANTILE EXCHANGE,2000-02-08,6671,2516,-494.0,1644.0,11277,-74.0,4155,-2138.0
PLATINUM - NEW YORK MERCANTILE EXCHANGE,2000-02-15,6983,2497,312.0,-19.0,11444,167.0,4486,331.0
PLATINUM - NEW YORK MERCANTILE EXCHANGE,2000-02-22,6644,2343,-339.0,-154.0,10942,-502.0,4301,-185.0
PLATINUM - NEW YORK MERCANTILE EXCHANGE,2000-02-29,5577,2250,-1067.0,-93.0,9531,-1411.0,3327,-974.0
PLATINUM - NEW YORK MERCANTILE EXCHANGE,2000-03-07,5151,1764,-426.0,-486.0,8754,-777.0,3387,60.0
PLATINUM - NEW YORK MERCANTILE EXCHANGE,2000-03-14,5420,1771,269.0,7.0,8874,120.0,3649,262.0
PLATINUM - NEW YORK MERCANTILE EXCHANGE,2000-03-21,5743,1857,323.0,86.0,9524,650.0,3886,237.0
PLATINUM - NEW YORK MERCANTILE EXCHANGE,2000-03-28,5711,1921,-32.0,64.0,9699,175.0,3790,-96.0
PLATINUM - NEW YORK MERCANTILE EXCHANGE,2000-04-04,6214,1956,503.0,35.0,9687,-12.0,4258,468.0
PLATINUM - NEW YORK MERCANTILE EXCHANGE,2000-04-11,4664,1730,-1550.0,-226.0,8358,-1329.0,2934,-1324.0
PLATINUM - NEW YORK MERCANTILE EXCHANGE,2000-04-18,4710,1642,46.0,-88.0,8732,374.0,3068,134.0
PLATINUM - NEW YORK MERCANTILE EXCHANGE,2000-04-25,3279,1620,-1431.0,-22.0,7732,-1000.0,1659,-1409.0
PLATINUM - NEW YORK MERCANTILE EXCHANGE,2000-05-02,3500,1722,221.0,102.0,8124,392.0,1778,119.0
PLATINUM - NEW YORK MERCANTILE EXCHANGE,2000-05-09,3650,1801,150.0,79.0,8305,181.0,1849,71.0
PLATINUM - NEW YORK MERCANTILE EXCHANGE,2000-05-16,3462,1758,-188.0,-43.0,8404,99.0,1704,-145.0
PLATINUM - NEW YORK MERCANTILE EXCHANGE,2000-05-23,5311,2209,1849.0,451.0,10081,1677.0,3102,1398.0
PLATINUM - NEW YORK MERCANTILE EXCHANGE,2000-05-30,6378,2560,1067.0,351.0,11105,1024.0,3818,716.0
PLATINUM - NEW YORK MERCANTILE EXCHANGE,2000-06-06,7132,2467,754.0,-93.0,11439,334.0,4665,847.0
PLATINUM - NEW YORK MERCANTILE EXCHANGE,2000-06-13,6080,2152,-1052.0,-315.0,10514,-925.0,3928,-737.0
PLATINUM - NEW YORK MERCANTILE EXCHANGE,2000-06-20,6048,2212,-32.0,60.0,10482,-32.0,3836,-92.0
PLATINUM - NEW YORK MERCANTILE EXCHANGE,2000-06-27,5876,2089,-172.0,-123.0,10377,-105.0,3787,-49.0
PLATINUM - NEW YORK MERCANTILE EXCHANGE,2000-07-05,4869,1671,-1007.0,-418.0,8832,-1545.0,3198,-589.0
PLATINUM - NEW YORK MERCANTILE EXCHANGE,2000-07-11,4981,1816,112.0,145.0,8915,83.0,3165,-33.0
PLATINUM - NEW YORK MERCANTILE EXCHANGE,2000-07-18,5670,1949,689.0,133.0,9718,803.0,3721,556.0
PLATINUM - NEW YORK MERCANTILE EXCHANGE,2000-07-25,6120,2037,450.0,88.0,10008,290.0,4083,362.0
PLATINUM - NEW YORK MERCANTILE EXCHANGE,2000-08-01,5888,2076,-232.0,39.0,10219,211.0,3812,-271.0
PLATINUM - NEW YORK MERCANTILE EXCHANGE,2000-08-08,5049,1818,-839.0,-258.0,9559,-660.0,3231,-581.0
PLATINUM - NEW YORK MERCANTILE EXCHANGE,2000-08-15,5011,1809,-38.0,-9.0,9569,10.0,3202,-29.0
PLATINUM - NEW YORK MERCANTILE EXCHANGE,2000-08-22,4990,1887,-21.0,78.0,9547,-22.0,3103,-99.0
PLATINUM - NEW YORK MERCANTILE EXCHANGE,2000-08-29,5402,2182,412.0,295.0,9992,445.0,3220,117.0
PLATINUM - NEW YORK MERCANTILE EXCHANGE,2000-09-05,5490,2325,88.0,143.0,10136,144.0,3165,-55.0
PLATINUM - NEW YORK MERCANTILE EXCHANGE,2000-09-12,5212,2190,-278.0,-135.0,9771,-365.0,3022,-143.0
PLATINUM - NEW YORK MERCANTILE EXCHANGE,2000-09-19,4748,1909,-464.0,-281.0,9726,-45.0,2839,-183.0
PLATINUM - NEW YORK MERCANTILE EXCHANGE,2000-09-26,4121,1780,-627.0,-129.0,8930,-796.0,2341,-498.0
PLATINUM - NEW YORK MERCANTILE EXCHANGE,2000-10-03,3354,1635,-767.0,-145.0,8240,-690.0,1719,-622.0
PLATINUM - NEW YORK MERCANTILE EXCHANGE,2000-10-10,3448,1615,94.0,-20.0,8220,-20.0,1833,114.0
PLATINUM - NEW YORK MERCANTILE EXCHANGE,2000-10-17,3472,1776,24.0,161.0,8104,-116.0,1696,-137.0
PLATINUM - NEW YORK MERCANTILE EXCHANGE,2000-10-24,3597,1656,125.0,-120.0,7946,-158.0,1941,245.0
PLATINUM - NEW YORK MERCANTILE EXCHANGE,2000-10-31,3558,1657,-39.0,1.0,7598,-348.0,1901,-40.0
PLATINUM - NEW YORK MERCANTILE EXCHANGE,2000-11-07,4075,1614,517.0,-43.0,8102,504.0,2461,560.0
PLATINUM - NEW YORK MERCANTILE EXCHANGE,2000-11-14,4122,1509,47.0,-105.0,8346,244.0,2613,152.0
PLATINUM - NEW YORK MERCANTILE EXCHANGE,2000-11-21,3941,1457,-181.0,-52.0,8001,-345.0,2484,-129.0
PLATINUM - NEW YORK MERCANTILE EXCHANGE,2000-11-28,4460,1600,519.0,143.0,8373,372.0,2860,376.0
PLATINUM - NEW YORK MERCANTILE EXCHANGE,2000-12-05,4853,1608,393.0,8.0,8899,526.0,3245,385.0
PLATINUM - NEW YORK MERCANTILE EXCHANGE,2000-12-12,4656,1553,-197.0,-55.0,8732,-167.0,3103,-142.0
PLATINUM - NEW YORK MERCANTILE EXCHANGE,2000-12-19,4505,1496,-151.0,-57.0,8586,-146.0,3009,-94.0
PLATINUM - NEW YORK MERCANTILE EXCHANGE,2000-12-26,4545,1495,40.0,-1.0,8055,-531.0,3050,41.0
PLATINUM - NEW YORK MERCANTILE EXCHANGE,2001-01-02,4675,1488,130.0,-7.0,8257,202.0,3187,137.0
PLATINUM - NEW YORK MERCANTILE EXCHANGE,2001-01-09,4959,1579,284.0,91.0,8860,603.0,3380,193.0
PLATINUM - NEW YORK MERCANTILE EXCHANGE,2001-01-16,5003,541,44.0,-1038.0,8961,101.0,4462,1082.0
PLATINUM - NEW YORK MERCANTILE EXCHANGE,2001-01-23,4388,370,-615.0,-171.0,8333,-628.0,4018,-444.0
PLATINUM - NEW YORK MERCANTILE EXCHANGE,2001-01-30,3309,312,-1079.0,-58.0,7656,-677.0,2997,-1021.0
PLATINUM - NEW YORK MERCANTILE EXCHANGE,2001-02-06,3040,315,-269.0,3.0,7506,-150.0,2725,-272.0
PLATINUM - NEW YORK MERCANTILE EXCHANGE,2001-02-13,2236,292,-804.0,-23.0,7147,-359.0,1944,-781.0
PLATINUM - NEW YORK MERCANTILE EXCHANGE,2001-02-20,2287,290,51.0,-2.0,7188,41.0,1997,53.0
PLATINUM - NEW YORK MERCANTILE EXCHANGE,2001-02-27,2511,292,224.0,2.0,7221,33.0,2219,222.0
PLATINUM - NEW YORK MERCANTILE EXCHANGE,2001-03-06,1878,504,-633.0,212.0,7496,275.0,1374,-845.0
PLATINUM - NEW YORK MERCANTILE EXCHANGE,2001-03-13,1773,515,-105.0,11.0,7375,-121.0,1258,-116.0
PLATINUM - NEW YORK MERCANTILE EXCHANGE,2001-03-20,1486,718,-287.0,203.0,6125,-1250.0,768,-490.0
PLATINUM - NEW YORK MERCANTILE EXCHANGE,2001-03-27,888,788,-598.0,70.0,6015,-110.0,100,-668.0
PLATINUM - NEW YORK MERCANTILE EXCHANGE,2001-04-03,476,1579,-412.0,791.0,6558,543.0,-1103,-1203.0
PLATINUM - NEW YORK MERCANTILE EXCHANGE,2001-04-10,486,1898,10.0,319.0,6714,156.0,-1412,-309.0
PLATINUM - NEW YORK MERCANTILE EXCHANGE,2001-04-17,508,903,22.0,-995.0,6412,-302.0,-395,1017.0
PLATINUM - NEW YORK MERCANTILE EXCHANGE,2001-04-24,964,827,456.0,-76.0,6834,422.0,137,532.0
PLATINUM - NEW YORK MERCANTILE EXCHANGE,2001-05-01,1079,643,115.0,-184.0,6743,-91.0,436,299.0
PLATINUM - NEW YORK MERCANTILE EXCHANGE,2001-05-08,1990,246,911.0,-397.0,7253,510.0,1744,1308.0
PLATINUM - NEW YORK MERCANTILE EXCHANGE,2001-05-15,2414,513,424.0,267.0,7510,257.0,1901,157.0
PLATINUM - NEW YORK MERCANTILE EXCHANGE,2001-05-22,2663,328,249.0,-185.0,7620,110.0,2335,434.0
PLATINUM - NEW YORK MERCANTILE EXCHANGE,2001-05-29,3084,381,421.0,53.0,7893,273.0,2703,368.0
PLATINUM - NEW YORK MERCANTILE EXCHANGE,2001-06-05,1516,352,-1568.0,-29.0,6146,-1747.0,1164,-1539.0
PLATINUM - NEW YORK MERCANTILE EXCHANGE,2001-06-12,1362,370,-154.0,18.0,6108,-38.0,992,-172.0
PLATINUM - NEW YORK MERCANTILE EXCHANGE,2001-06-19,979,426,-383.0,56.0,5523,-585.0,553,-439.0
PLATINUM - NEW YORK MERCANTILE EXCHANGE,2001-06-26,724,617,-255.0,191.0,5237,-286.0,107,-446.0
PLATINUM - NEW YORK MERCANTILE EXCHANGE,2001-07-03,711,1512,-13.0,895.0,5844,607.0,-801,-908.0
PLATINUM - NEW YORK MERCANTILE EXCHANGE,2001-07-10,726,1853,15.0,341.0,6185,341.0,-1127,-326.0
PLATINUM - NEW YORK MERCANTILE EXCHANGE,2001-07-17,824,2016,98.0,163.0,6395,210.0,-1192,-65.0
PLATINUM - NEW YORK MERCANTILE EXCHANGE,2001-07-24,796,1937,-28.0,-79.0,6270,-125.0,-1141,51.0
PLATINUM - NEW YORK MERCANTILE EXCHANGE,2001-07-31,871,1945,75.0,8.0,6211,-59.0,-1074,67.0
PLATINUM - NEW YORK MERCANTILE EXCHANGE,2001-08-07,961,1536,90.0,-409.0,6046,-165.0,-575,499.0
PLATINUM - NEW YORK MERCANTILE EXCHANGE,2001-08-14,926,1358,-35.0,-178.0,5701,-345.0,-432,143.0
PLATINUM - NEW YORK MERCANTILE EXCHANGE,2001-08-21,1067,1375,141.0,17.0,6045,344.0,-308,124.0
PLATINUM - NEW YORK MERCANTILE EXCHANGE,2001-08-28,998,1301,-69.0,-74.0,6086,41.0,-303,5.0
PLATINUM - NEW YORK MERCANTILE EXCHANGE,2001-09-04,954,1477,-44.0,176.0,6028,-58.0,-523,-220.0
PLATINUM - NEW YORK MERCANTILE EXCHANGE,2001-09-10,944,1365,-10.0,-112.0,6095,67.0,-421,102.0
PLATINUM - NEW YORK MERCANTILE EXCHANGE,2001-09-18,1085,1096,141.0,-269.0,5774,-321.0,-11,410.0
PLATINUM - NEW YORK MERCANTILE EXCHANGE,2001-09-25,846,929,-239.0,-167.0,4904,-870.0,-83,-72.0
PLATINUM - NEW YORK MERCANTILE EXCHANGE,2001-10-02,950,1348,104.0,419.0,5157,253.0,-398,-315.0
PLATINUM - NEW YORK MERCANTILE EXCHANGE,2001-10-09,944,1543,-6.0,195.0,5164,7.0,-599,-201.0
PLATINUM - NEW YORK MERCANTILE EXCHANGE,2001-10-16,933,1529,-11.0,-14.0,5369,205.0,-596,3.0
PLATINUM - NEW YORK MERCANTILE EXCHANGE,2001-10-23,1020,1648,87.0,119.0,5681,312.0,-628,-32.0
PLATINUM - NEW YORK MERCANTILE EXCHANGE,2001-10-30,1049,1668,29.0,20.0,5793,112.0,-619,9.0
PLATINUM - NEW YORK MERCANTILE EXCHANGE,2001-11-06,1058,1917,9.0,249.0,6051,258.0,-859,-240.0
PLATINUM - NEW YORK MERCANTILE EXCHANGE,2001-11-13,1129,1705,71.0,-212.0,6230,179.0,-576,283.0
PLATINUM - NEW YORK MERCANTILE EXCHANGE,2001-11-20,1113,1350,-16.0,-355.0,6122,-108.0,-237,339.0
PLATINUM - NEW YORK MERCANTILE EXCHANGE,2001-11-27,1169,1262,56.0,-88.0,6198,76.0,-93,144.0
PLATINUM - NEW YORK MERCANTILE EXCHANGE,2001-12-04,1149,837,-20.0,-425.0,6139,-59.0,312,405.0
PLATINUM - NEW YORK MERCANTILE EXCHANGE,2001-12-11,1142,567,-7.0,-270.0,5853,-286.0,575,263.0
PLATINUM - NEW YORK MERCANTILE EXCHANGE,2001-12-18,1085,335,-57.0,-232.0,6027,174.0,750,175.0
PLATINUM - NEW YORK MERCANTILE EXCHANGE,2001-12-21,1060,196,-25.0,-139.0,6088,61.0,864,114.0
PLATINUM - NEW YORK MERCANTILE EXCHANGE,2001-12-28,1528,0,468.0,-196.0,6222,134.0,1528,664.0
PLATINUM - NEW YORK MERCANTILE EXCHANGE,2002-01-08,1884,0,356.0,0.0,6348,126.0,1884,356.0
PLATINUM - NEW YORK MERCANTILE EXCHANGE,2002-01-15,2240,0,356.0,0.0,6741,393.0,2240,356.0
PLATINUM - NEW YORK MERCANTILE EXCHANGE,2002-01-22,2306,0,66.0,0.0,6853,112.0,2306,66.0
PLATINUM - NEW YORK MERCANTILE EXCHANGE,2002-01-29,1537,400,-769.0,400.0,6522,-331.0,1137,-1169.0
PLATINUM - NEW YORK MERCANTILE EXCHANGE,2002-02-05,1131,512,-406.0,112.0,5978,-544.0,619,-518.0
PLATINUM - NEW YORK MERCANTILE EXCHANGE,2002-02-12,933,315,-198.0,-197.0,5894,-84.0,618,-1.0
PLATINUM - NEW YORK MERCANTILE EXCHANGE,2002-02-19,1412,156,479.0,-159.0,6153,259.0,1256,638.0
PLATINUM - NEW YORK MERCANTILE EXCHANGE,2002-02-26,1994,252,582.0,96.0,6723,570.0,1742,486.0
PLATINUM - NEW YORK MERCANTILE EXCHANGE,2002-03-05,2189,157,195.0,-95.0,7166,443.0,2032,290.0
PLATINUM - NEW YORK MERCANTILE EXCHANGE,2002-03-12,2305,222,116.0,65.0,7241,75.0,2083,51.0
PLATINUM - NEW YORK MERCANTILE EXCHANGE,2002-03-19,2585,256,280.0,34.0,7283,42.0,2329,246.0
PLATINUM - NEW YORK MERCANTILE EXCHANGE,2002-03-26,2423,135,-162.0,-121.0,6781,-502.0,2288,-41.0
PLATINUM - NEW YORK MERCANTILE EXCHANGE,2002-04-02,2515,145,92.0,10.0,6825,44.0,2370,82.0
PLATINUM - NEW YORK MERCANTILE EXCHANGE,2002-04-09,2691,145,176.0,0.0,6612,-213.0,2546,176.0
PLATINUM - NEW YORK MERCANTILE EXCHANGE,2002-04-16,2851,278,160.0,133.0,6704,92.0,2573,27.0
PLATINUM - NEW YORK MERCANTILE EXCHANGE,2002-04-23,3306,381,455.0,103.0,6433,-271.0,2925,352.0
PLATINUM - NEW YORK MERCANTILE EXCHANGE,2002-04-30,3863,407,557.0,26.0,7107,674.0,3456,531.0
PLATINUM - NEW YORK MERCANTILE EXCHANGE,2002-05-07,2194,390,-1669.0,-17.0,5749,-1358.0,1804,-1652.0
PLATINUM - NEW YORK MERCANTILE EXCHANGE,2002-05-14,1995,263,-199.0,-127.0,5746,-3.0,1732,-72.0
PLATINUM - NEW YORK MERCANTILE EXCHANGE,2002-05-21,2381,257,386.0,-6.0,5828,82.0,2124,392.0
PLATINUM - NEW YORK MERCANTILE EXCHANGE,2002-05-28,2585,578,204.0,321.0,6113,285.0,2007,-117.0
PLATINUM - NEW YORK MERCANTILE EXCHANGE,2002-06-04,3020,573,435.0,-5.0,6461,348.0,2447,440.0
PLATINUM - NEW YORK MERCANTILE EXCHANGE,2002-06-11,3100,642,80.0,69.0,6668,207.0,2458,11.0
PLATINUM - NEW YORK MERCANTILE EXCHANGE,2002-06-18,3545,669,445.0,27.0,7282,614.0,2876,418.0
PLATINUM - NEW YORK MERCANTILE EXCHANGE,2002-06-25,3732,611,187.0,-58.0,7303,21.0,3121,245.0
PLATINUM - NEW YORK MERCANTILE EXCHANGE,2002-07-02,2799,754,-933.0,143.0,6373,-930.0,2045,-1076.0
PLATINUM - NEW YORK MERCANTILE EXCHANGE,2002-07-09,2199,837,-600.0,83.0,5765,-608.0,1362,-683.0
PLATINUM - NEW YORK MERCANTILE EXCHANGE,2002-07-16,1749,803,-450.0,-34.0,5491,-274.0,946,-416.0
PLATINUM - NEW YORK MERCANTILE EXCHANGE,2002-07-23,1017,647,-732.0,-156.0,4957,-534.0,370,-576.0
PLATINUM - NEW YORK MERCANTILE EXCHANGE,2002-07-30,1001,608,-16.0,-39.0,5056,99.0,393,23.0
PLATINUM - NEW YORK MERCANTILE EXCHANGE,2002-08-06,1036,649,35.0,41.0,5135,79.0,387,-6.0
PLATINUM - NEW YORK MERCANTILE EXCHANGE,2002-08-13,2534,798,1498.0,149.0,6090,955.0,1736,1349.0
PLATINUM - NEW YORK MERCANTILE EXCHANGE,2002-08-20,4289,881,1755.0,83.0,6795,705.0,3408,1672.0
PLATINUM - NEW YORK MERCANTILE EXCHANGE,2002-08-27,4623,1195,334.0,314.0,7245,450.0,3428,20.0
PLATINUM - NEW YORK MERCANTILE EXCHANGE,2002-09-03,4306,1060,-317.0,-135.0,7404,159.0,3246,-182.0
PLATINUM - NEW YORK MERCANTILE EXCHANGE,2002-09-10,3141,987,-1165.0,-73.0,6628,-776.0,2154,-1092.0
PLATINUM - NEW YORK MERCANTILE EXCHANGE,2002-09-17,3671,952,530.0,-35.0,6802,174.0,2719,565.0
PLATINUM - NEW YORK MERCANTILE EXCHANGE,2002-09-24,3950,1025,279.0,73.0,7264,462.0,2925,206.0
PLATINUM - NEW YORK MERCANTILE EXCHANGE,2002-10-01,4039,1033,89.0,8.0,6923,-341.0,3006,81.0
PLATINUM - NEW YORK MERCANTILE EXCHANGE,2002-10-08,4180,1000,141.0,-33.0,7025,102.0,3180,174.0
PLATINUM - NEW YORK MERCANTILE EXCHANGE,2002-10-15,4534,1138,354.0,138.0,7365,340.0,3396,216.0
PLATINUM - NEW YORK MERCANTILE EXCHANGE,2002-10-22,4680,1084,146.0,-54.0,7282,-83.0,3596,200.0
PLATINUM - NEW YORK MERCANTILE EXCHANGE,2002-10-29,4730,1099,50.0,15.0,7297,15.0,3631,35.0
PLATINUM - NEW YORK MERCANTILE EXCHANGE,2002-11-05,4314,1112,-416.0,13.0,6873,-424.0,3202,-429.0
PLATINUM - NEW YORK MERCANTILE EXCHANGE,2002-11-12,4536,1316,222.0,204.0,7109,236.0,3220,18.0
PLATINUM - NEW YORK MERCANTILE EXCHANGE,2002-11-19,5177,1570,641.0,254.0,7799,690.0,3607,387.0
PLATINUM - NEW YORK MERCANTILE EXCHANGE,2002-11-26,5092,1483,-85.0,-87.0,7549,-250.0,3609,2.0
PLATINUM - NEW YORK MERCANTILE EXCHANGE,2002-12-03,5075,1461,-17.0,-22.0,7959,410.0,3614,5.0
PLATINUM - NEW YORK MERCANTILE EXCHANGE,2002-12-10,5429,1361,354.0,-100.0,8798,839.0,4068,454.0
PLATINUM - NEW YORK MERCANTILE EXCHANGE,2002-12-17,5882,1270,453.0,-91.0,9047,249.0,4612,544.0
PLATINUM - NEW YORK MERCANTILE EXCHANGE,2002-12-23,4350,1040,-1532.0,-230.0,8075,-972.0,3310,-1302.0
PLATINUM - NEW YORK MERCANTILE EXCHANGE,2002-12-31,4231,1113,-119.0,73.0,8255,180.0,3118,-192.0
PLATINUM - NEW YORK MERCANTILE EXCHANGE,2003-01-07,5107,1272,876.0,159.0,8579,324.0,3835,717.0
PLATINUM - NEW YORK MERCANTILE EXCHANGE,2003-01-14,5739,1275,632.0,3.0,8899,320.0,4464,629.0
PLATINUM - NEW YORK MERCANTILE EXCHANGE,2003-01-21,5638,1179,-101.0,-96.0,8575,-324.0,4459,-5.0
PLATINUM - NEW YORK MERCANTILE EXCHANGE,2003-01-28,5623,1182,-15.0,3.0,8649,74.0,4441,-18.0
PLATINUM - NEW YORK MERCANTILE EXCHANGE,2003-02-04,5212,1150,-411.0,-32.0,8678,29.0,4062,-379.0
PLATINUM - NEW YORK MERCANTILE EXCHANGE,2003-02-11,5294,1161,82.0,11.0,8568,-110.0,4133,71.0
PLATINUM - NEW YORK MERCANTILE EXCHANGE,2003-02-14,5013,1163,-281.0,2.0,8305,-263.0,3850,-283.0
PLATINUM - NEW YORK MERCANTILE EXCHANGE,2003-02-25,4269,1066,-744.0,-97.0,7552,-753.0,3203,-647.0
PLATINUM - NEW YORK MERCANTILE EXCHANGE,2003-03-04,4376,1018,107.0,-48.0,8288,736.0,3358,155.0
PLATINUM - NEW YORK MERCANTILE EXCHANGE,2003-03-11,5185,1074,809.0,56.0,9202,914.0,4111,753.0
PLATINUM - NEW YORK MERCANTILE EXCHANGE,2003-03-18,4755,1027,-430.0,-47.0,9022,-180.0,3728,-383.0
PLATINUM - NEW YORK MERCANTILE EXCHANGE,2003-03-25,2437,829,-2318.0,-198.0,6714,-2308.0,1608,-2120.0
PLATINUM - NEW YORK MERCANTILE EXCHANGE,2003-04-01,2313,771,-124.0,-58.0,6341,-373.0,1542,-66.0
PLATINUM - NEW YORK MERCANTILE EXCHANGE,2003-04-08,2349,366,36.0,-405.0,6634,293.0,1983,441.0
PLATINUM - NEW YORK MERCANTILE EXCHANGE,2003-04-15,1922,355,-427.0,-11.0,6230,-404.0,1567,-416.0
PLATINUM - NEW YORK MERCANTILE EXCHANGE,2003-04-22,1885,337,-37.0,-18.0,6200,-30.0,1548,-19.0
PLATINUM - NEW YORK MERCANTILE EXCHANGE,2003-04-29,2134,430,249.0,93.0,6302,102.0,1704,156.0
PLATINUM - NEW YORK MERCANTILE EXCHANGE,2003-05-06,2177,686,43.0,256.0,6275,-27.0,1491,-213.0
PLATINUM - NEW YORK MERCANTILE EXCHANGE,2003-05-13,2713,288,536.0,-398.0,6454,179.0,2425,934.0
PLATINUM - NEW YORK MERCANTILE EXCHANGE,2003-05-20,3342,91,629.0,-197.0,6918,464.0,3251,826.0
PLATINUM - NEW YORK MERCANTILE EXCHANGE,2003-05-27,3974,100,632.0,9.0,7274,356.0,3874,623.0
PLATINUM - NEW YORK MERCANTILE EXCHANGE,2003-06-03,3691,54,-283.0,-46.0,6464,-810.0,3637,-237.0
PLATINUM - NEW YORK MERCANTILE EXCHANGE,2003-06-10,3348,140,-343.0,86.0,6678,214.0,3208,-429.0
PLATINUM - NEW YORK MERCANTILE EXCHANGE,2003-06-17,3247,137,-101.0,-3.0,6583,-95.0,3110,-98.0
PLATINUM - NEW YORK MERCANTILE EXCHANGE,2003-06-24,3997,155,750.0,18.0,7695,1112.0,3842,732.0
PLATINUM - NEW YORK MERCANTILE EXCHANGE,2003-07-01,3956,73,-41.0,-82.0,6598,-1097.0,3883,41.0
PLATINUM - NEW YORK MERCANTILE EXCHANGE,2003-07-08,4165,75,209.0,2.0,6750,152.0,4090,207.0
PLATINUM - NEW YORK MERCANTILE EXCHANGE,2003-07-15,4920,144,755.0,69.0,7642,892.0,4776,686.0
PLATINUM - NEW YORK MERCANTILE EXCHANGE,2003-07-22,5386,317,466.0,173.0,7945,303.0,5069,293.0
PLATINUM - NEW YORK MERCANTILE EXCHANGE,2003-07-29,5716,460,330.0,143.0,8114,169.0,5256,187.0
PLATINUM - NEW YORK MERCANTILE EXCHANGE,2003-08-05,5677,476,-39.0,16.0,8096,-18.0,5201,-55.0
PLATINUM - NEW YORK MERCANTILE EXCHANGE,2003-08-12,5997,553,320.0,77.0,8523,427.0,5444,243.0
PLATINUM - NEW YORK MERCANTILE EXCHANGE,2003-08-19,6186,513,189.0,-40.0,8649,126.0,5673,229.0
PLATINUM - NEW YORK MERCANTILE EXCHANGE,2003-08-26,6248,406,62.0,-107.0,8700,51.0,5842,169.0
PLATINUM - NEW YORK MERCANTILE EXCHANGE,2003-09-02,6584,640,336.0,234.0,9218,518.0,5944,102.0
PLATINUM - NEW YORK MERCANTILE EXCHANGE,2003-09-09,6500,627,-84.0,-13.0,9066,-152.0,5873,-71.0
PLATINUM - NEW YORK MERCANTILE EXCHANGE,2003-09-16,5965,604,-535.0,-23.0,8771,-295.0,5361,-512.0
PLATINUM - NEW YORK MERCANTILE EXCHANGE,2003-09-23,5660,466,-305.0,-138.0,8670,-101.0,5194,-167.0
PLATINUM - NEW YORK MERCANTILE EXCHANGE,2003-09-30,5230,131,-430.0,-335.0,8447,-223.0,5099,-95.0
PLATINUM - NEW YORK MERCANTILE EXCHANGE,2003-10-07,5942,338,712.0,207.0,8600,153.0,5604,505.0
PLATINUM - NEW YORK MERCANTILE EXCHANGE,2003-10-14,5464,414,-478.0,76.0,8223,-377.0,5050,-554.0
PLATINUM - NEW YORK MERCANTILE EXCHANGE,2003-10-21,5723,545,259.0,131.0,8201,-22.0,5178,128.0
PLATINUM - NEW YORK MERCANTILE EXCHANGE,2003-10-28,5824,641,101.0,96.0,8515,314.0,5183,5.0
PLATINUM - NEW YORK MERCANTILE EXCHANGE,2003-11-04,6106,836,282.0,195.0,9173,658.0,5270,87.0
PLATINUM - NEW YORK MERCANTILE EXCHANGE,2003-11-11,6175,879,69.0,43.0,9697,524.0,5296,26.0
PLATINUM - NEW YORK MERCANTILE EXCHANGE,2003-11-18,6152,972,-23.0,93.0,9524,-173.0,5180,-116.0
PLATINUM - NEW YORK MERCANTILE EXCHANGE,2003-11-25,5876,797,-276.0,-175.0,9153,-371.0,5079,-101.0
PLATINUM - NEW YORK MERCANTILE EXCHANGE,2003-12-02,6266,966,390.0,169.0,9969,816.0,5300,221.0
PLATINUM - NEW YORK MERCANTILE EXCHANGE,2003-12-09,5994,1044,-272.0,78.0,9594,-375.0,4950,-350.0
PLATINUM - NEW YORK MERCANTILE EXCHANGE,2003-12-16,5846,1440,-148.0,396.0,9922,328.0,4406,-544.0
PLATINUM - NEW YORK MERCANTILE EXCHANGE,2003-12-22,4990,1368,-856.0,-72.0,8822,-1100.0,3622,-784.0
PLATINUM - NEW YORK MERCANTILE EXCHANGE,2003-12-30,4972,1229,-18.0,-139.0,8261,-561.0,3743,121.0
PLATINUM - NEW YORK MERCANTILE EXCHANGE,2004-01-06,5176,1209,204.0,-20.0,8500,239.0,3967,224.0
PLATINUM - NEW YORK MERCANTILE EXCHANGE,2004-01-13,4962,1172,-214.0,-37.0,8417,-83.0,3790,-177.0
PLATINUM - NEW YORK MERCANTILE EXCHANGE,2004-01-20,5052,1116,90.0,-56.0,8348,-69.0,3936,146.0
PLATINUM - NEW YORK MERCANTILE EXCHANGE,2004-01-27,4809,1123,-243.0,7.0,8085,-263.0,3686,-250.0
PLATINUM - NEW YORK MERCANTILE EXCHANGE,2004-02-03,3589,1065,-1220.0,-58.0,7126,-959.0,2524,-1162.0
PLATINUM - NEW YORK MERCANTILE EXCHANGE,2004-02-10,3262,707,-327.0,-358.0,7069,-57.0,2555,31.0
PLATINUM - NEW YORK MERCANTILE EXCHANGE,2004-02-17,3967,690,705.0,-17.0,7649,580.0,3277,722.0
PLATINUM - NEW YORK MERCANTILE EXCHANGE,2004-02-24,3988,610,21.0,-80.0,7332,-317.0,3378,101.0
PLATINUM - NEW YORK MERCANTILE EXCHANGE,2004-03-02,5190,642,1202.0,32.0,8759,1427.0,4548,1170.0
PLATINUM - NEW YORK MERCANTILE EXCHANGE,2004-03-09,5183,574,-7.0,-68.0,8675,-84.0,4609,61.0
PLATINUM - NEW YORK MERCANTILE EXCHANGE,2004-03-16,5173,831,-10.0,257.0,9156,481.0,4342,-267.0
PLATINUM - NEW YORK MERCANTILE EXCHANGE,2004-03-23,5177,989,4.0,158.0,8985,-171.0,4188,-154.0
PLATINUM - NEW YORK MERCANTILE EXCHANGE,2004-03-30,4422,863,-755.0,-126.0,8490,-495.0,3559,-629.0
PLATINUM - NEW YORK MERCANTILE EXCHANGE,2004-04-06,4789,832,367.0,-31.0,8327,-163.0,3957,398.0
PLATINUM - NEW YORK MERCANTILE EXCHANGE,2004-04-12,4748,914,-41.0,82.0,8280,-47.0,3834,-123.0
PLATINUM - NEW YORK MERCANTILE EXCHANGE,2004-04-20,4528,904,-220.0,-10.0,8122,-158.0,3624,-210.0
PLATINUM - NEW YORK MERCANTILE EXCHANGE,2004-04-27,1976,863,-2552.0,-41.0,6469,-1653.0,1113,-2511.0
PLATINUM - NEW YORK MERCANTILE EXCHANGE,2004-05-04,1588,759,-388.0,-104.0,6083,-386.0,829,-284.0
PLATINUM - NEW YORK MERCANTILE EXCHANGE,2004-05-11,1471,622,-117.0,-137.0,5551,-532.0,849,20.0
PLATINUM - NEW YORK MERCANTILE EXCHANGE,2004-05-18,1230,821,-241.0,199.0,5384,-167.0,409,-440.0
PLATINUM - NEW YORK MERCANTILE EXCHANGE,2004-05-25,1180,843,-50.0,22.0,5420,36.0,337,-72.0
PLATINUM - NEW YORK MERCANTILE EXCHANGE,2004-06-01,1205,975,25.0,132.0,5375,-45.0,230,-107.0
PLATINUM - NEW YORK MERCANTILE EXCHANGE,2004-06-08,1218,999,13.0,24.0,5541,166.0,219,-11.0
PLATINUM - NEW YORK MERCANTILE EXCHANGE,2004-06-15,1139,1212,-79.0,213.0,5737,196.0,-73,-292.0
PLATINUM - NEW YORK MERCANTILE EXCHANGE,2004-06-22,900,981,-239.0,-231.0,5647,-90.0,-81,-8.0
PLATINUM - NEW YORK MERCANTILE EXCHANGE,2004-06-29,979,1382,79.0,401.0,5527,-120.0,-403,-322.0
PLATINUM - NEW YORK MERCANTILE EXCHANGE,2004-07-06,954,1454,-25.0,72.0,5553,26.0,-500,-97.0
PLATINUM - NEW YORK MERCANTILE EXCHANGE,2004-07-13,934,1104,-20.0,-350.0,5283,-270.0,-170,330.0
PLATINUM - NEW YORK MERCANTILE EXCHANGE,2004-07-20,1445,976,511.0,-128.0,5314,31.0,469,639.0
PLATINUM - NEW YORK MERCANTILE EXCHANGE,2004-07-27,1847,942,402.0,-34.0,5616,302.0,905,436.0
PLATINUM - NEW YORK MERCANTILE EXCHANGE,2004-08-03,1765,789,-82.0,-153.0,5408,-208.0,976,71.0
PLATINUM - NEW YORK MERCANTILE EXCHANGE,2004-08-10,2369,527,604.0,-262.0,6099,691.0,1842,866.0
PLATINUM - NEW YORK MERCANTILE EXCHANGE,2004-08-17,3305,371,936.0,-156.0,7206,1107.0,2934,1092.0
PLATINUM - NEW YORK MERCANTILE EXCHANGE,2004-08-24,2964,227,-341.0,-144.0,6435,-771.0,2737,-197.0
PLATINUM - NEW YORK MERCANTILE EXCHANGE,2004-08-31,3025,327,61.0,100.0,6455,20.0,2698,-39.0
PLATINUM - NEW YORK MERCANTILE EXCHANGE,2004-09-07,2752,269,-273.0,-58.0,6157,-298.0,2483,-215.0
PLATINUM - NEW YORK MERCANTILE EXCHANGE,2004-09-14,2214,386,-538.0,117.0,5535,-622.0,1828,-655.0
PLATINUM - NEW YORK MERCANTILE EXCHANGE,2004-09-21,2293,404,79.0,18.0,5959,424.0,1889,61.0
PLATINUM - NEW YORK MERCANTILE EXCHANGE,2004-09-28,3529,304,1236.0,-100.0,7005,1046.0,3225,1336.0
PLATINUM - NEW YORK MERCANTILE EXCHANGE,2004-10-05,2165,283,-1364.0,-21.0,6241,-764.0,1882,-1343.0
PLATINUM - NEW YORK MERCANTILE EXCHANGE,2004-10-12,2064,183,-101.0,-100.0,6063,-178.0,1881,-1.0
PLATINUM - NEW YORK MERCANTILE EXCHANGE,2004-10-19,1984,238,-80.0,55.0,5658,-405.0,1746,-135.0
PLATINUM - NEW YORK MERCANTILE EXCHANGE,2004-10-26,2320,179,336.0,-59.0,6295,637.0,2141,395.0
PLATINUM - NEW YORK MERCANTILE EXCHANGE,2004-11-02,1578,662,-742.0,483.0,5865,-430.0,916,-1225.0
PLATINUM - NEW YORK MERCANTILE EXCHANGE,2004-11-09,2341,307,763.0,-355.0,6503,638.0,2034,1118.0
PLATINUM - NEW YORK MERCANTILE EXCHANGE,2004-11-16,3621,251,1280.0,-56.0,7747,1244.0,3370,1336.0
PLATINUM - NEW YORK MERCANTILE EXCHANGE,2004-11-23,3973,370,352.0,119.0,8166,419.0,3603,233.0
PLATINUM - NEW YORK MERCANTILE EXCHANGE,2004-11-30,4135,370,162.0,0.0,8374,208.0,3765,162.0
PLATINUM - NEW YORK MERCANTILE EXCHANGE,2004-12-07,5161,413,1026.0,43.0,9042,668.0,4748,983.0
PLATINUM - NEW YORK MERCANTILE EXCHANGE,2004-12-14,1683,966,-3478.0,553.0,6538,-2504.0,717,-4031.0
PLATINUM - NEW YORK MERCANTILE EXCHANGE,2004-12-21,1671,956,-12.0,-10.0,6374,-164.0,715,-2.0
PLATINUM - NEW YORK MERCANTILE EXCHANGE,2004-12-28,2299,156,628.0,-800.0,6327,-47.0,2143,1428.0
PLATINUM - NEW YORK MERCANTILE EXCHANGE,2005-01-04,2293,167,-6.0,11.0,6201,-126.0,2126,-17.0
PLATINUM - NEW YORK MERCANTILE EXCHANGE,2005-01-11,2399,549,106.0,382.0,6443,242.0,1850,-276.0
PLATINUM - NEW YORK MERCANTILE EXCHANGE,2005-01-18,2637,229,238.0,-320.0,6609,166.0,2408,558.0
PLATINUM - NEW YORK MERCANTILE EXCHANGE,2005-01-25,3330,297,693.0,68.0,7330,721.0,3033,625.0
PLATINUM - NEW YORK MERCANTILE EXCHANGE,2005-02-01,4185,272,855.0,-25.0,7946,616.0,3913,880.0
PLATINUM - NEW YORK MERCANTILE EXCHANGE,2005-02-08,3882,315,-303.0,43.0,7536,-410.0,3567,-346.0
PLATINUM - NEW YORK MERCANTILE EXCHANGE,2005-02-15,3618,311,-264.0,-4.0,7432,-104.0,3307,-260.0
PLATINUM - NEW YORK MERCANTILE EXCHANGE,2005-02-22,3773,355,155.0,44.0,7510,78.0,3418,111.0
PLATINUM - NEW YORK MERCANTILE EXCHANGE,2005-03-01,3352,380,-421.0,25.0,7347,-163.0,2972,-446.0
PLATINUM - NEW YORK MERCANTILE EXCHANGE,2005-03-08,3917,474,565.0,94.0,7852,505.0,3443,471.0
PLATINUM - NEW YORK MERCANTILE EXCHANGE,2005-03-15,4324,553,407.0,79.0,8037,185.0,3771,328.0
PLATINUM - NEW YORK MERCANTILE EXCHANGE,2005-03-22,4892,503,568.0,-50.0,8711,674.0,4389,618.0
PLATINUM - NEW YORK MERCANTILE EXCHANGE,2005-03-29,4558,507,-334.0,4.0,7948,-763.0,4051,-338.0
PLATINUM - NEW YORK MERCANTILE EXCHANGE,2005-04-05,4478,550,-80.0,43.0,7641,-307.0,3928,-123.0
PLATINUM - NEW YORK MERCANTILE EXCHANGE,2005-04-12,4634,700,156.0,150.0,7606,-35.0,3934,6.0
PLATINUM - NEW YORK MERCANTILE EXCHANGE,2005-04-19,5386,1007,752.0,307.0,8254,648.0,4379,445.0
PLATINUM - NEW YORK MERCANTILE EXCHANGE,2005-04-26,6254,1078,868.0,71.0,9180,926.0,5176,797.0
PLATINUM - NEW YORK MERCANTILE EXCHANGE,2005-05-03,5898,1167,-356.0,89.0,8684,-496.0,4731,-445.0
PLATINUM - NEW YORK MERCANTILE EXCHANGE,2005-05-10,6395,1237,497.0,70.0,9459,775.0,5158,427.0
PLATINUM - NEW YORK MERCANTILE EXCHANGE,2005-05-17,4875,1530,-1520.0,293.0,8140,-1319.0,3345,-1813.0
PLATINUM - NEW YORK MERCANTILE EXCHANGE,2005-05-24,4593,1142,-282.0,-388.0,7718,-422.0,3451,106.0
PLATINUM - NEW YORK MERCANTILE EXCHANGE,2005-05-31,4525,1059,-68.0,-83.0,7946,228.0,3466,15.0
PLATINUM - NEW YORK MERCANTILE EXCHANGE,2005-06-07,5913,790,1388.0,-269.0,8806,860.0,5123,1657.0
PLATINUM - NEW YORK MERCANTILE EXCHANGE,2005-06-14,6470,790,557.0,0.0,9380,574.0,5680,557.0
PLATINUM - NEW YORK MERCANTILE EXCHANGE,2005-06-21,7796,800,1326.0,10.0,11683,2303.0,6996,1316.0
PLATINUM - NEW YORK MERCANTILE EXCHANGE,2005-06-28,8184,746,388.0,-54.0,11355,-328.0,7438,442.0
PLATINUM - NEW YORK MERCANTILE EXCHANGE,2005-07-05,5603,820,-2581.0,74.0,9070,-2285.0,4783,-2655.0
PLATINUM - NEW YORK MERCANTILE EXCHANGE,2005-07-12,4089,860,-1514.0,40.0,7908,-1162.0,3229,-1554.0
PLATINUM - NEW YORK MERCANTILE EXCHANGE,2005-07-19,4140,870,51.0,10.0,7869,-39.0,3270,41.0
PLATINUM - NEW YORK MERCANTILE EXCHANGE,2005-07-26,5576,762,1436.0,-108.0,8809,940.0,4814,1544.0
PLATINUM - NEW YORK MERCANTILE EXCHANGE,2005-08-02,7578,826,2002.0,64.0,10932,2123.0,6752,1938.0
PLATINUM - NEW YORK MERCANTILE EXCHANGE,2005-08-09,8655,724,1077.0,-102.0,12334,1402.0,7931,1179.0
PLATINUM - NEW YORK MERCANTILE EXCHANGE,2005-08-16,8117,641,-538.0,-83.0,11659,-675.0,7476,-455.0
PLATINUM - NEW YORK MERCANTILE EXCHANGE,2005-08-23,7644,701,-473.0,60.0,11292,-367.0,6943,-533.0
PLATINUM - NEW YORK MERCANTILE EXCHANGE,2005-08-30,7435,706,-209.0,5.0,10835,-457.0,6729,-214.0
PLATINUM - NEW YORK MERCANTILE EXCHANGE,2005-09-06,7782,818,347.0,112.0,11319,484.0,6964,235.0
PLATINUM - NEW YORK MERCANTILE EXCHANGE,2005-09-13,8383,914,601.0,96.0,11960,641.0,7469,505.0
PLATINUM - NEW YORK MERCANTILE EXCHANGE,2005-09-20,10126,783,1743.0,-131.0,13480,1520.0,9343,1874.0
PLATINUM - NEW YORK MERCANTILE EXCHANGE,2005-09-27,9536,606,-590.0,-177.0,12884,-596.0,8930,-413.0
PLATINUM - NEW YORK MERCANTILE EXCHANGE,2005-10-04,10058,469,522.0,-137.0,13071,187.0,9589,659.0
PLATINUM - NEW YORK MERCANTILE EXCHANGE,2005-10-11,10336,555,278.0,86.0,13455,384.0,9781,192.0
PLATINUM - NEW YORK MERCANTILE EXCHANGE,2005-10-18,9361,536,-975.0,-19.0,12560,-895.0,8825,-956.0
PLATINUM - NEW YORK MERCANTILE EXCHANGE,2005-10-25,9834,564,473.0,28.0,12774,214.0,9270,445.0
PLATINUM - NEW YORK MERCANTILE EXCHANGE,2005-11-01,8024,472,-1810.0,-92.0,11075,-1699.0,7552,-1718.0
PLATINUM - NEW YORK MERCANTILE EXCHANGE,2005-11-08,8500,462,476.0,-10.0,11525,450.0,8038,486.0
PLATINUM - NEW YORK MERCANTILE EXCHANGE,2005-11-15,9811,671,1311.0,209.0,12913,1388.0,9140,1102.0
PLATINUM - NEW YORK MERCANTILE EXCHANGE,2005-11-22,10153,745,342.0,74.0,13491,578.0,9408,268.0
PLATINUM - NEW YORK MERCANTILE EXCHANGE,2005-11-29,10000,808,-153.0,63.0,13486,-5.0,9192,-216.0
PLATINUM - NEW YORK MERCANTILE EXCHANGE,2005-12-06,8788,761,-1212.0,-47.0,12234,-1252.0,8027,-1165.0
PLATINUM - NEW YORK MERCANTILE EXCHANGE,2005-12-13,8113,653,-675.0,-108.0,11939,-295.0,7460,-567.0
PLATINUM - NEW YORK MERCANTILE EXCHANGE,2005-12-20,6392,766,-1721.0,113.0,10697,-1242.0,5626,-1834.0
PLATINUM - NEW YORK MERCANTILE EXCHANGE,2005-12-27,6153,694,-239.0,-72.0,10323,-374.0,5459,-167.0
PLATINUM - NEW YORK MERCANTILE EXCHANGE,2006-01-03,5527,701,-626.0,7.0,9381,-942.0,4826,-633.0
PLATINUM - NEW YORK MERCANTILE EXCHANGE,2006-01-10,6046,846,519.0,145.0,9901,520.0,5200,374.0
PLATINUM - NEW YORK MERCANTILE EXCHANGE,2006-01-17,6937,916,891.0,70.0,10829,928.0,6021,821.0
PLATINUM - NEW YORK MERCANTILE EXCHANGE,2006-01-24,7460,1087,523.0,171.0,11275,446.0,6373,352.0
PLATINUM - NEW YORK MERCANTILE EXCHANGE,2006-01-31,7772,1114,312.0,27.0,11686,411.0,6658,285.0
PLATINUM - NEW YORK MERCANTILE EXCHANGE,2006-02-07,7170,1278,-602.0,164.0,11384,-302.0,5892,-766.0
PLATINUM - NEW YORK MERCANTILE EXCHANGE,2006-02-14,5197,1404,-1973.0,126.0,9571,-1813.0,3793,-2099.0
PLATINUM - NEW YORK MERCANTILE EXCHANGE,2006-02-21,4149,1020,-1048.0,-384.0,8736,-835.0,3129,-664.0
PLATINUM - NEW YORK MERCANTILE EXCHANGE,2006-02-28,4302,1169,153.0,149.0,8576,-160.0,3133,4.0
PLATINUM - NEW YORK MERCANTILE EXCHANGE,2006-03-07,4467,1107,165.0,-62.0,8768,192.0,3360,227.0
PLATINUM - NEW YORK MERCANTILE EXCHANGE,2006-03-14,3702,1177,-765.0,70.0,7959,-809.0,2525,-835.0
PLATINUM - NEW YORK MERCANTILE EXCHANGE,2006-03-21,4063,1119,361.0,-58.0,7988,29.0,2944,419.0
PLATINUM - NEW YORK MERCANTILE EXCHANGE,2006-03-28,4390,972,327.0,-147.0,8886,898.0,3418,474.0
PLATINUM - NEW YORK MERCANTILE EXCHANGE,2006-04-04,4962,1144,572.0,172.0,9103,217.0,3818,400.0
PLATINUM - NEW YORK MERCANTILE EXCHANGE,2006-04-11,4962,1059,0.0,-85.0,9290,187.0,3903,85.0
PLATINUM - NEW YORK MERCANTILE EXCHANGE,2006-04-18,5176,959,214.0,-100.0,9559,269.0,4217,314.0
PLATINUM - NEW YORK MERCANTILE EXCHANGE,2006-04-25,5422,964,246.0,5.0,9712,153.0,4458,241.0
PLATINUM - NEW YORK MERCANTILE EXCHANGE,2006-05-02,5581,1064,159.0,100.0,9908,196.0,4517,59.0
PLATINUM - NEW YORK MERCANTILE EXCHANGE,2006-05-09,5513,1211,-68.0,147.0,10009,101.0,4302,-215.0
PLATINUM - NEW YORK MERCANTILE EXCHANGE,2006-05-16,4481,1328,-1032.0,117.0,9357,-652.0,3153,-1149.0
PLATINUM - NEW YORK MERCANTILE EXCHANGE,2006-05-23,4503,1446,22.0,118.0,9495,138.0,3057,-96.0
PLATINUM - NEW YORK MERCANTILE EXCHANGE,2006-05-30,4745,1878,242.0,432.0,9616,121.0,2867,-190.0
PLATINUM - NEW YORK MERCANTILE EXCHANGE,2006-06-06,4079,2198,-666.0,320.0,8905,-711.0,1881,-986.0
PLATINUM - NEW YORK MERCANTILE EXCHANGE,2006-06-13,3619,3164,-460.0,966.0,8614,-291.0,455,-1426.0
PLATINUM - NEW YORK MERCANTILE EXCHANGE,2006-06-20,3224,2018,-395.0,-1146.0,7379,-1235.0,1206,751.0
PLATINUM - NEW YORK MERCANTILE EXCHANGE,2006-06-27,3336,1968,112.0,-50.0,8093,714.0,1368,162.0
PLATINUM - NEW YORK MERCANTILE EXCHANGE,2006-07-03,3425,1238,89.0,-730.0,7338,-755.0,2187,819.0
PLATINUM - NEW YORK MERCANTILE EXCHANGE,2006-07-11,4389,946,964.0,-292.0,8213,875.0,3443,1256.0
PLATINUM - NEW YORK MERCANTILE EXCHANGE,2006-07-18,4949,893,560.0,-53.0,9022,809.0,4056,613.0
PLATINUM - NEW YORK MERCANTILE EXCHANGE,2006-07-25,4623,648,-326.0,-245.0,8567,-455.0,3975,-81.0
PLATINUM - NEW YORK MERCANTILE EXCHANGE,2006-08-01,5315,512,692.0,-136.0,9272,705.0,4803,828.0
PLATINUM - NEW YORK MERCANTILE EXCHANGE,2006-08-08,5785,528,470.0,16.0,10176,904.0,5257,454.0
PLATINUM - NEW YORK MERCANTILE EXCHANGE,2006-08-15,5652,443,-133.0,-85.0,9948,-228.0,5209,-48.0
PLATINUM - NEW YORK MERCANTILE EXCHANGE,2006-08-22,5533,383,-119.0,-60.0,9877,-71.0,5150,-59.0
PLATINUM - NEW YORK MERCANTILE EXCHANGE,2006-08-29,5368,525,-165.0,142.0,9665,-212.0,4843,-307.0
PLATINUM - NEW YORK MERCANTILE EXCHANGE,2006-09-05,5890,645,522.0,120.0,10269,604.0,5245,402.0
PLATINUM - NEW YORK MERCANTILE EXCHANGE,2006-09-12,5647,600,-243.0,-45.0,9399,-870.0,5047,-198.0
PLATINUM - NEW YORK MERCANTILE EXCHANGE,2006-09-19,4771,550,-876.0,-50.0,8528,-871.0,4221,-826.0
PLATINUM - NEW YORK MERCANTILE EXCHANGE,2006-09-26,4611,744,-160.0,194.0,8451,-77.0,3867,-354.0
PLATINUM - NEW YORK MERCANTILE EXCHANGE,2006-10-03,4303,964,-308.0,220.0,7682,-769.0,3339,-528.0
PLATINUM - NEW YORK MERCANTILE EXCHANGE,2006-10-10,3412,1643,-891.0,679.0,6968,-714.0,1769,-1570.0
PLATINUM - NEW YORK MERCANTILE EXCHANGE,2006-10-17,3320,1572,-92.0,-71.0,7288,320.0,1748,-21.0
PLATINUM - NEW YORK MERCANTILE EXCHANGE,2006-10-24,3464,1668,144.0,96.0,7046,-242.0,1796,48.0
PLATINUM - NEW YORK MERCANTILE EXCHANGE,2006-10-31,3356,1874,-108.0,206.0,7648,602.0,1482,-314.0
PLATINUM - NEW YORK MERCANTILE EXCHANGE,2006-11-07,4112,1548,756.0,-326.0,9085,1437.0,2564,1082.0
PLATINUM - NEW YORK MERCANTILE EXCHANGE,2006-11-14,4084,1336,-28.0,-212.0,8258,-827.0,2748,184.0
PLATINUM - NEW YORK MERCANTILE EXCHANGE,2006-11-21,3642,804,-442.0,-532.0,7580,-678.0,2838,90.0
PLATINUM - NEW YORK MERCANTILE EXCHANGE,2006-11-28,3315,873,-327.0,69.0,8081,501.0,2442,-396.0
PLATINUM - NEW YORK MERCANTILE EXCHANGE,2006-12-05,2902,961,-413.0,88.0,8015,-66.0,1941,-501.0
PLATINUM - NEW YORK MERCANTILE EXCHANGE,2006-12-12,2870,982,-32.0,21.0,8144,129.0,1888,-53.0
PLATINUM - NEW YORK MERCANTILE EXCHANGE,2006-12-19,2977,946,107.0,-36.0,8165,21.0,2031,143.0
PLATINUM - NEW YORK MERCANTILE EXCHANGE,2006-12-26,2743,1031,-234.0,85.0,8549,384.0,1712,-319.0
PLATINUM - NEW YORK MERCANTILE EXCHANGE,2007-01-03,3715,1143,972.0,112.0,8383,-166.0,2572,860.0
PLATINUM - NEW YORK MERCANTILE EXCHANGE,2007-01-09,3357,1295,-358.0,152.0,8058,-325.0,2062,-510.0
PLATINUM - NEW YORK MERCANTILE EXCHANGE,2007-01-16,3646,1141,289.0,-154.0,8504,446.0,2505,443.0
PLATINUM - NEW YORK MERCANTILE EXCHANGE,2007-01-23,4527,1118,881.0,-23.0,9102,598.0,3409,904.0
PLATINUM - NEW YORK MERCANTILE EXCHANGE,2007-01-30,5187,1241,660.0,123.0,9811,709.0,3946,537.0
PLATINUM - NEW YORK MERCANTILE EXCHANGE,2007-02-06,5118,1199,-69.0,-42.0,10354,543.0,3919,-27.0
PLATINUM - NEW YORK MERCANTILE EXCHANGE,2007-02-13,5599,1404,481.0,205.0,10571,217.0,4195,276.0
PLATINUM - NEW YORK MERCANTILE EXCHANGE,2007-02-20,5911,1367,312.0,-37.0,10908,337.0,4544,349.0
PLATINUM - NEW YORK MERCANTILE EXCHANGE,2007-02-27,6781,1435,870.0,68.0,12289,1381.0,5346,802.0
PLATINUM - NEW YORK MERCANTILE EXCHANGE,2007-03-06,5521,789,-1260.0,-646.0,10978,-1311.0,4732,-614.0
PLATINUM - NEW YORK MERCANTILE EXCHANGE,2007-03-13,5724,710,203.0,-79.0,10704,-274.0,5014,282.0
PLATINUM - NEW YORK MERCANTILE EXCHANGE,2007-03-20,6292,1106,568.0,396.0,11339,635.0,5186,172.0
PLATINUM - NEW YORK MERCANTILE EXCHANGE,2007-03-27,6515,962,223.0,-144.0,11320,-19.0,5553,367.0
PLATINUM - NEW YORK MERCANTILE EXCHANGE,2007-04-03,7215,1509,700.0,547.0,11787,467.0,5706,153.0
PLATINUM - NEW YORK MERCANTILE EXCHANGE,2007-04-10,8067,1726,852.0,217.0,12684,897.0,6341,635.0
PLATINUM - NEW YORK MERCANTILE EXCHANGE,2007-04-17,9385,1409,1318.0,-317.0,13788,1104.0,7976,1635.0
PLATINUM - NEW YORK MERCANTILE EXCHANGE,2007-04-24,9753,1490,368.0,81.0,14767,979.0,8263,287.0
PLATINUM - NEW YORK MERCANTILE EXCHANGE,2007-05-01,9662,1104,-91.0,-386.0,14652,-115.0,8558,295.0
PLATINUM - NEW YORK MERCANTILE EXCHANGE,2007-05-08,10140,1018,478.0,-86.0,15130,478.0,9122,564.0
PLATINUM - NEW YORK MERCANTILE EXCHANGE,2007-05-15,11118,999,978.0,-19.0,16081,951.0,10119,997.0
PLATINUM - NEW YORK MERCANTILE EXCHANGE,2007-05-22,10248,1283,-870.0,284.0,15141,-940.0,8965,-1154.0
PLATINUM - NEW YORK MERCANTILE EXCHANGE,2007-05-29,9483,1023,-765.0,-260.0,14738,-403.0,8460,-505.0
PLATINUM - NEW YORK MERCANTILE EXCHANGE,2007-06-05,9635,923,152.0,-100.0,14730,-8.0,8712,252.0
PLATINUM - NEW YORK MERCANTILE EXCHANGE,2007-06-12,10196,938,561.0,15.0,15187,457.0,9258,546.0
PLATINUM - NEW YORK MERCANTILE EXCHANGE,2007-06-19,10151,927,-45.0,-11.0,15231,44.0,9224,-34.0
PLATINUM - NEW YORK MERCANTILE EXCHANGE,2007-06-26,9289,1186,-862.0,259.0,15288,57.0,8103,-1121.0
PLATINUM - NEW YORK MERCANTILE EXCHANGE,2007-07-03,9629,1088,340.0,-98.0,14533,-755.0,8541,438.0
PLATINUM - NEW YORK MERCANTILE EXCHANGE,2007-07-10,10889,1355,1260.0,267.0,15801,1268.0,9534,993.0
PLATINUM - NEW YORK MERCANTILE EXCHANGE,2007-07-17,12132,1323,1243.0,-32.0,17001,1200.0,10809,1275.0
PLATINUM - NEW YORK MERCANTILE EXCHANGE,2007-07-24,13685,1409,1553.0,86.0,18768,1767.0,12276,1467.0
PLATINUM - NEW YORK MERCANTILE EXCHANGE,2007-07-31,9037,878,-4648.0,-531.0,14773,-3995.0,8159,-4117.0
PLATINUM - NEW YORK MERCANTILE EXCHANGE,2007-08-07,8946,994,-91.0,116.0,14573,-200.0,7952,-207.0
PLATINUM - NEW YORK MERCANTILE EXCHANGE,2007-08-14,7150,768,-1796.0,-226.0,12933,-1640.0,6382,-1570.0
PLATINUM - NEW YORK MERCANTILE EXCHANGE,2007-08-21,5740,1351,-1410.0,583.0,11119,-1814.0,4389,-1993.0
PLATINUM - NEW YORK MERCANTILE EXCHANGE,2007-08-28,5478,1106,-262.0,-245.0,10529,-590.0,4372,-17.0
PLATINUM - NEW YORK MERCANTILE EXCHANGE,2007-09-04,5273,979,-205.0,-127.0,10881,352.0,4294,-78.0
PLATINUM - NEW YORK MERCANTILE EXCHANGE,2007-09-11,6066,971,793.0,-8.0,11352,471.0,5095,801.0
PLATINUM - NEW YORK MERCANTILE EXCHANGE,2007-09-18,7103,1148,1037.0,177.0,12205,853.0,5955,860.0
PLATINUM - NEW YORK MERCANTILE EXCHANGE,2007-09-25,8772,841,1669.0,-307.0,13729,1524.0,7931,1976.0
PLATINUM - NEW YORK MERCANTILE EXCHANGE,2007-10-02,9569,1714,797.0,873.0,14621,892.0,7855,-76.0
PLATINUM - NEW YORK MERCANTILE EXCHANGE,2007-10-09,9492,1631,-77.0,-83.0,14894,273.0,7861,6.0
PLATINUM - NEW YORK MERCANTILE EXCHANGE,2007-10-16,10009,1771,517.0,140.0,14968,74.0,8238,377.0
PLATINUM - NEW YORK MERCANTILE EXCHANGE,2007-10-23,10584,1774,575.0,3.0,15504,536.0,8810,572.0
PLATINUM - NEW YORK MERCANTILE EXCHANGE,2007-10-30,10462,2144,-122.0,370.0,15695,191.0,8318,-492.0
PLATINUM - NEW YORK MERCANTILE EXCHANGE,2007-11-06,11377,2385,915.0,241.0,16382,687.0,8992,674.0
PLATINUM - NEW YORK MERCANTILE EXCHANGE,2007-11-13,9208,2030,-2169.0,-355.0,13865,-2517.0,7178,-1814.0
PLATINUM - NEW YORK MERCANTILE EXCHANGE,2007-11-20,9381,2134,173.0,104.0,13979,114.0,7247,69.0
PLATINUM - NEW YORK MERCANTILE EXCHANGE,2007-11-27,8781,2492,-600.0,358.0,13612,-367.0,6289,-958.0
PLATINUM - NEW YORK MERCANTILE EXCHANGE,2007-12-04,8928,2939,147.0,447.0,13897,285.0,5989,-300.0
PLATINUM - NEW YORK MERCANTILE EXCHANGE,2007-12-11,9306,2803,378.0,-136.0,14092,195.0,6503,514.0
PLATINUM - NEW YORK MERCANTILE EXCHANGE,2007-12-18,10916,2713,1610.0,-90.0,16213,2121.0,8203,1700.0
PLATINUM - NEW YORK MERCANTILE EXCHANGE,2007-12-24,11733,2524,817.0,-189.0,16670,457.0,9209,1006.0
PLATINUM - NEW YORK MERCANTILE EXCHANGE,2007-12-31,12647,2259,914.0,-265.0,17562,892.0,10388,1179.0
PLATINUM - NEW YORK MERCANTILE EXCHANGE,2008-01-08,14569,2816,1922.0,557.0,19500,1938.0,11753,1365.0
PLATINUM - NEW YORK MERCANTILE EXCHANGE,2008-01-15,12945,2787,-1624.0,-29.0,17970,-1530.0,10158,-1595.0
PLATINUM - NEW YORK MERCANTILE EXCHANGE,2008-01-22,12144,2361,-801.0,-426.0,16847,-1123.0,9783,-375.0
PLATINUM - NEW YORK MERCANTILE EXCHANGE,2008-01-29,11413,2677,-731.0,316.0,16759,-88.0,8736,-1047.0
PLATINUM - NEW YORK MERCANTILE EXCHANGE,2008-02-05,10648,2779,-765.0,102.0,15705,-1054.0,7869,-867.0
PLATINUM - NEW YORK MERCANTILE EXCHANGE,2008-02-12,10105,3013,-543.0,234.0,15135,-570.0,7092,-777.0
PLATINUM - NEW YORK MERCANTILE EXCHANGE,2008-02-19,10078,3043,-27.0,30.0,16153,1018.0,7035,-57.0
PLATINUM - NEW YORK MERCANTILE EXCHANGE,2008-02-26,9138,2943,-940.0,-100.0,15486,-667.0,6195,-840.0
PLATINUM - NEW YORK MERCANTILE EXCHANGE,2008-03-04,8539,2673,-599.0,-270.0,15014,-472.0,5866,-329.0
PLATINUM - NEW YORK MERCANTILE EXCHANGE,2008-03-11,7596,1989,-943.0,-684.0,13669,-1345.0,5607,-259.0
PLATINUM - NEW YORK MERCANTILE EXCHANGE,2008-03-18,6385,1933,-1211.0,-56.0,12575,-1094.0,4452,-1155.0
PLATINUM - NEW YORK MERCANTILE EXCHANGE,2008-03-25,6363,1566,-22.0,-367.0,11413,-1162.0,4797,345.0
PLATINUM - NEW YORK MERCANTILE EXCHANGE,2008-04-01,7281,1678,918.0,112.0,12018,605.0,5603,806.0
PLATINUM - NEW YORK MERCANTILE EXCHANGE,2008-04-08,7606,1680,325.0,2.0,11916,-102.0,5926,323.0
PLATINUM - NEW YORK MERCANTILE EXCHANGE,2008-04-15,8306,1863,700.0,183.0,12533,617.0,6443,517.0
PLATINUM - NEW YORK MERCANTILE EXCHANGE,2008-04-22,9592,1905,1286.0,42.0,13881,1348.0,7687,1244.0
PLATINUM - NEW YORK MERCANTILE EXCHANGE,2008-04-29,9596,2004,4.0,99.0,13968,87.0,7592,-95.0
PLATINUM - NEW YORK MERCANTILE EXCHANGE,2008-05-06,9726,1662,130.0,-342.0,13961,-7.0,8064,472.0
PLATINUM - NEW YORK MERCANTILE EXCHANGE,2008-05-13,10432,1557,706.0,-105.0,15783,1822.0,8875,811.0
PLATINUM - NEW YORK MERCANTILE EXCHANGE,2008-05-20,11671,1925,1239.0,368.0,17225,1442.0,9746,871.0
PLATINUM - NEW YORK MERCANTILE EXCHANGE,2008-05-27,11729,2082,58.0,157.0,17295,70.0,9647,-99.0
PLATINUM - NEW YORK MERCANTILE EXCHANGE,2008-06-03,10045,2713,-1684.0,631.0,15395,-1900.0,7332,-2315.0
PLATINUM - NEW YORK MERCANTILE EXCHANGE,2008-06-10,10811,2729,766.0,16.0,16138,743.0,8082,750.0
PLATINUM - NEW YORK MERCANTILE EXCHANGE,2008-06-17,10767,2450,-44.0,-279.0,16146,8.0,8317,235.0
PLATINUM - NEW YORK MERCANTILE EXCHANGE,2008-06-24,10179,1900,-588.0,-550.0,15051,-1095.0,8279,-38.0
PLATINUM - NEW YORK MERCANTILE EXCHANGE,2008-07-01,9846,2107,-333.0,207.0,15141,90.0,7739,-540.0
PLATINUM - NEW YORK MERCANTILE EXCHANGE,2008-07-08,9052,2543,-794.0,436.0,14647,-494.0,6509,-1230.0
PLATINUM - NEW YORK MERCANTILE EXCHANGE,2008-07-15,8799,2464,-253.0,-79.0,13943,-704.0,6335,-174.0
PLATINUM - NEW YORK MERCANTILE EXCHANGE,2008-07-22,8235,3776,-564.0,1312.0,14632,689.0,4459,-1876.0
PLATINUM - NEW YORK MERCANTILE EXCHANGE,2008-07-29,7102,3683,-1133.0,-93.0,13406,-1226.0,3419,-1040.0
PLATINUM - NEW YORK MERCANTILE EXCHANGE,2008-08-05,6275,4115,-827.0,432.0,12078,-1328.0,2160,-1259.0
PLATINUM - NEW YORK MERCANTILE EXCHANGE,2008-08-12,6117,4127,-158.0,12.0,12258,180.0,1990,-170.0
PLATINUM - NEW YORK MERCANTILE EXCHANGE,2008-08-19,6552,3562,435.0,-565.0,12563,305.0,2990,1000.0
PLATINUM - NEW YORK MERCANTILE EXCHANGE,2008-08-26,6403,2992,-149.0,-570.0,12355,-208.0,3411,421.0
PLATINUM - NEW YORK MERCANTILE EXCHANGE,2008-09-02,6679,3137,276.0,145.0,12994,639.0,3542,131.0
PLATINUM - NEW YORK MERCANTILE EXCHANGE,2008-09-09,6609,3240,-70.0,103.0,13142,148.0,3369,-173.0
PLATINUM - NEW YORK MERCANTILE EXCHANGE,2008-09-16,6798,3257,189.0,17.0,13405,263.0,3541,172.0
PLATINUM - NEW YORK MERCANTILE EXCHANGE,2008-09-23,7853,3177,1055.0,-80.0,14572,1167.0,4676,1135.0
PLATINUM - NEW YORK MERCANTILE EXCHANGE,2008-09-30,7745,1656,-108.0,-1521.0,14679,107.0,6089,1413.0
PLATINUM - NEW YORK MERCANTILE EXCHANGE,2008-10-07,8409,1670,664.0,14.0,14850,171.0,6739,650.0
PLATINUM - NEW YORK MERCANTILE EXCHANGE,2008-10-14,8581,1683,172.0,13.0,15240,390.0,6898,159.0
PLATINUM - NEW YORK MERCANTILE EXCHANGE,2008-10-21,8128,1198,-453.0,-485.0,15106,-134.0,6930,32.0
PLATINUM - NEW YORK MERCANTILE EXCHANGE,2008-10-28,8440,1256,312.0,58.0,15434,328.0,7184,254.0
PLATINUM - NEW YORK MERCANTILE EXCHANGE,2008-11-04,8299,1502,-141.0,246.0,15761,327.0,6797,-387.0
PLATINUM - NEW YORK MERCANTILE EXCHANGE,2008-11-11,9086,1337,787.0,-165.0,16055,294.0,7749,952.0
PLATINUM - NEW YORK MERCANTILE EXCHANGE,2008-11-18,9339,1252,253.0,-85.0,16731,676.0,8087,338.0
PLATINUM - NEW YORK MERCANTILE EXCHANGE,2008-11-25,9766,2017,427.0,765.0,17358,627.0,7749,-338.0
PLATINUM - NEW YORK MERCANTILE EXCHANGE,2008-12-02,8993,2108,-773.0,91.0,17325,-33.0,6885,-864.0
PLATINUM - NEW YORK MERCANTILE EXCHANGE,2008-12-09,8361,2439,-632.0,331.0,16054,-1271.0,5922,-963.0
PLATINUM - NEW YORK MERCANTILE EXCHANGE,2008-12-16,8880,1750,519.0,-689.0,17045,991.0,7130,1208.0
PLATINUM - NEW YORK MERCANTILE EXCHANGE,2008-12-22,9467,1778,587.0,28.0,18191,1146.0,7689,559.0
PLATINUM - NEW YORK MERCANTILE EXCHANGE,2008-12-30,9389,2054,-78.0,276.0,18320,129.0,7335,-354.0
PLATINUM - NEW YORK MERCANTILE EXCHANGE,2009-01-06,9777,1785,388.0,-269.0,18386,66.0,7992,657.0
PLATINUM - NEW YORK MERCANTILE EXCHANGE,2009-01-13,9758,1619,-19.0,-166.0,18294,-92.0,8139,147.0
PLATINUM - NEW YORK MERCANTILE EXCHANGE,2009-01-20,9212,1969,-546.0,350.0,17832,-462.0,7243,-896.0
PLATINUM - NEW YORK MERCANTILE EXCHANGE,2009-01-27,9778,2394,566.0,425.0,18522,690.0,7384,141.0
PLATINUM - NEW YORK MERCANTILE EXCHANGE,2009-02-03,10342,1729,564.0,-665.0,18927,405.0,8613,1229.0
PLATINUM - NEW YORK MERCANTILE EXCHANGE,2009-02-10,10869,1669,527.0,-60.0,19945,1018.0,9200,587.0
PLATINUM - NEW YORK MERCANTILE EXCHANGE,2009-02-17,11736,1607,867.0,-62.0,20510,565.0,10129,929.0
PLATINUM - NEW YORK MERCANTILE EXCHANGE,2009-02-24,11390,1961,-346.0,354.0,20870,360.0,9429,-700.0
PLATINUM - NEW YORK MERCANTILE EXCHANGE,2009-03-03,10226,2075,-1164.0,114.0,19443,-1427.0,8151,-1278.0
PLATINUM - NEW YORK MERCANTILE EXCHANGE,2009-03-10,10676,2426,450.0,351.0,20175,732.0,8250,99.0
PLATINUM - NEW YORK MERCANTILE EXCHANGE,2009-03-17,9592,2640,-1084.0,214.0,19900,-275.0,6952,-1298.0
PLATINUM - NEW YORK MERCANTILE EXCHANGE,2009-03-24,10176,2187,584.0,-453.0,20940,1040.0,7989,1037.0
PLATINUM - NEW YORK MERCANTILE EXCHANGE,2009-03-31,9851,2509,-325.0,322.0,20101,-839.0,7342,-647.0
PLATINUM - NEW YORK MERCANTILE EXCHANGE,2009-04-07,10247,2748,396.0,239.0,20969,868.0,7499,157.0
PLATINUM - NEW YORK MERCANTILE EXCHANGE,2009-04-14,10446,3012,199.0,264.0,21052,83.0,7434,-65.0
PLATINUM - NEW YORK MERCANTILE EXCHANGE,2009-04-21,9692,3197,-754.0,185.0,19879,-1173.0,6495,-939.0
PLATINUM - NEW YORK MERCANTILE EXCHANGE,2009-04-28,9710,3339,18.0,142.0,19767,-112.0,6371,-124.0
PLATINUM - NEW YORK MERCANTILE EXCHANGE,2009-05-05,9913,3096,203.0,-243.0,20510,743.0,6817,446.0
PLATINUM - NEW YORK MERCANTILE EXCHANGE,2009-05-12,9972,3000,59.0,-96.0,20600,90.0,6972,155.0
PLATINUM - NEW YORK MERCANTILE EXCHANGE,2009-05-19,10523,3415,551.0,415.0,21174,574.0,7108,136.0
PLATINUM - NEW YORK MERCANTILE EXCHANGE,2009-05-26,11175,3395,652.0,-20.0,21840,666.0,7780,672.0
PLATINUM - NEW YORK MERCANTILE EXCHANGE,2009-06-02,11155,3631,-20.0,236.0,23162,1322.0,7524,-256.0
PLATINUM - NEW YORK MERCANTILE EXCHANGE,2009-06-09,12535,3604,1380.0,-27.0,24233,1071.0,8931,1407.0
PLATINUM - NEW YORK MERCANTILE EXCHANGE,2009-06-16,12654,3511,119.0,-93.0,23901,-332.0,9143,212.0
PLATINUM - NEW YORK MERCANTILE EXCHANGE,2009-06-23,12645,2727,-9.0,-784.0,23276,-625.0,9918,775.0
PLATINUM - NEW YORK MERCANTILE EXCHANGE,2009-06-30,12721,2736,76.0,9.0,22996,-280.0,9985,67.0
PLATINUM - NEW YORK MERCANTILE EXCHANGE,2009-07-07,12552,2429,-169.0,-307.0,21965,-1031.0,10123,138.0
PLATINUM - NEW YORK MERCANTILE EXCHANGE,2009-07-14,12097,2929,-455.0,500.0,21566,-399.0,9168,-955.0
PLATINUM - NEW YORK MERCANTILE EXCHANGE,2009-07-21,12867,3127,770.0,198.0,21774,208.0,9740,572.0
PLATINUM - NEW YORK MERCANTILE EXCHANGE,2009-07-28,12833,2818,-34.0,-309.0,22289,515.0,10015,275.0
PLATINUM - NEW YORK MERCANTILE EXCHANGE,2009-08-04,14046,2045,1213.0,-773.0,23272,983.0,12001,1986.0
PLATINUM - NEW YORK MERCANTILE EXCHANGE,2009-08-11,15039,2067,993.0,22.0,24264,992.0,12972,971.0
PLATINUM - NEW YORK MERCANTILE EXCHANGE,2009-08-18,16498,2215,1459.0,148.0,25878,1614.0,14283,1311.0
PLATINUM - NEW YORK MERCANTILE EXCHANGE,2009-08-25,17132,2400,634.0,185.0,27053,1175.0,14732,449.0
PLATINUM - NEW YORK MERCANTILE EXCHANGE,2009-09-01,16388,2353,-744.0,-47.0,26857,-196.0,14035,-697.0
PLATINUM - NEW YORK MERCANTILE EXCHANGE,2009-09-08,17580,2432,1192.0,79.0,26908,51.0,15148,1113.0
PLATINUM - NEW YORK MERCANTILE EXCHANGE,2009-09-15,19097,2576,1517.0,144.0,29051,2143.0,16521,1373.0
PLATINUM - NEW YORK MERCANTILE EXCHANGE,2009-09-22,20408,2184,1311.0,-392.0,30270,1219.0,18224,1703.0
PLATINUM - NEW YORK MERCANTILE EXCHANGE,2009-09-29,19257,1886,-1151.0,-298.0,28591,-1679.0,17371,-853.0
PLATINUM - NEW YORK MERCANTILE EXCHANGE,2009-10-06,19956,2001,699.0,115.0,29743,1152.0,17955,584.0
PLATINUM - NEW YORK MERCANTILE EXCHANGE,2009-10-13,21518,2109,1562.0,108.0,31813,2070.0,19409,1454.0
PLATINUM - NEW YORK MERCANTILE EXCHANGE,2009-10-20,21433,2236,-85.0,127.0,32227,414.0,19197,-212.0
PLATINUM - NEW YORK MERCANTILE EXCHANGE,2009-10-27,20804,1377,-629.0,-859.0,31649,-578.0,19427,230.0
PLATINUM - NEW YORK MERCANTILE EXCHANGE,2009-11-03,21025,1721,221.0,344.0,31269,-380.0,19304,-123.0
PLATINUM - NEW YORK MERCANTILE EXCHANGE,2009-11-09,21897,1582,872.0,-139.0,32774,1505.0,20315,1011.0
PLATINUM - NEW YORK MERCANTILE EXCHANGE,2009-11-17,23679,1834,1782.0,252.0,34656,1882.0,21845,1530.0
PLATINUM - NEW YORK MERCANTILE EXCHANGE,2009-11-24,23772,2189,93.0,355.0,34981,325.0,21583,-262.0
PLATINUM - NEW YORK MERCANTILE EXCHANGE,2009-12-01,24407,1927,635.0,-262.0,35855,874.0,22480,897.0
PLATINUM - NEW YORK MERCANTILE EXCHANGE,2009-12-08,22820,1706,-1587.0,-221.0,34120,-1735.0,21114,-1366.0
PLATINUM - NEW YORK MERCANTILE EXCHANGE,2009-12-15,21926,1683,-894.0,-23.0,32909,-1211.0,20243,-871.0
PLATINUM - NEW YORK MERCANTILE EXCHANGE,2009-12-22,21309,1777,-617.0,94.0,32478,-431.0,19532,-711.0
PLATINUM - NEW YORK MERCANTILE EXCHANGE,2009-12-29,21051,1792,-258.0,15.0,32473,-5.0,19259,-273.0
PLATINUM - NEW YORK MERCANTILE EXCHANGE,2010-01-05,21663,1285,612.0,-507.0,33582,1109.0,20378,1119.0
PLATINUM - NEW YORK MERCANTILE EXCHANGE,2010-01-12,23013,2854,1350.0,1569.0,34502,920.0,20159,-219.0
PLATINUM - NEW YORK MERCANTILE EXCHANGE,2010-01-19,22844,3416,-169.0,562.0,34352,-150.0,19428,-731.0
PLATINUM - NEW YORK MERCANTILE EXCHANGE,2010-01-26,22932,4418,88.0,1002.0,34697,345.0,18514,-914.0
PLATINUM - NEW YORK MERCANTILE EXCHANGE,2010-02-02,23309,4286,377.0,-132.0,35072,375.0,19023,509.0
PLATINUM - NEW YORK MERCANTILE EXCHANGE,2010-02-09,23263,3929,-46.0,-357.0,34325,-747.0,19334,311.0
PLATINUM - NEW YORK MERCANTILE EXCHANGE,2010-02-16,23881,3824,618.0,-105.0,35153,828.0,20057,723.0
PLATINUM - NEW YORK MERCANTILE EXCHANGE,2010-02-23,23303,3026,-578.0,-798.0,34991,-162.0,20277,220.0
PLATINUM - NEW YORK MERCANTILE EXCHANGE,2010-03-02,23711,2608,408.0,-418.0,35096,105.0,21103,826.0
PLATINUM - NEW YORK MERCANTILE EXCHANGE,2010-03-09,24468,2978,757.0,370.0,35953,857.0,21490,387.0
PLATINUM - NEW YORK MERCANTILE EXCHANGE,2010-03-16,25041,2732,573.0,-246.0,36930,977.0,22309,819.0
PLATINUM - NEW YORK MERCANTILE EXCHANGE,2010-03-23,25567,2104,526.0,-628.0,38255,1325.0,23463,1154.0
PLATINUM - NEW YORK MERCANTILE EXCHANGE,2010-03-30,25341,2483,-226.0,379.0,37583,-672.0,22858,-605.0
PLATINUM - NEW YORK MERCANTILE EXCHANGE,2010-04-06,25896,2251,555.0,-232.0,37763,180.0,23645,787.0
PLATINUM - NEW YORK MERCANTILE EXCHANGE,2010-04-13,26261,2201,365.0,-50.0,37422,-341.0,24060,415.0
PLATINUM - NEW YORK MERCANTILE EXCHANGE,2010-04-20,25017,2070,-1244.0,-131.0,37178,-244.0,22947,-1113.0
PLATINUM - NEW YORK MERCANTILE EXCHANGE,2010-04-27,25761,2043,744.0,-27.0,37251,73.0,23718,771.0
PLATINUM - NEW YORK MERCANTILE EXCHANGE,2010-05-04,25299,1830,-462.0,-213.0,36320,-931.0,23469,-249.0
PLATINUM - NEW YORK MERCANTILE EXCHANGE,2010-05-11,24463,2046,-836.0,216.0,35673,-647.0,22417,-1052.0
PLATINUM - NEW YORK MERCANTILE EXCHANGE,2010-05-18,25018,1966,555.0,-80.0,35541,-132.0,23052,635.0
PLATINUM - NEW YORK MERCANTILE EXCHANGE,2010-05-25,17536,2548,-7482.0,582.0,30283,-5258.0,14988,-8064.0
PLATINUM - NEW YORK MERCANTILE EXCHANGE,2010-06-01,18065,2902,529.0,354.0,30293,10.0,15163,175.0
PLATINUM - NEW YORK MERCANTILE EXCHANGE,2010-06-08,17714,2240,-351.0,-662.0,29728,-565.0,15474,311.0
PLATINUM - NEW YORK MERCANTILE EXCHANGE,2010-06-15,17889,2090,175.0,-150.0,30659,931.0,15799,325.0
PLATINUM - NEW YORK MERCANTILE EXCHANGE,2010-06-22,18139,1985,250.0,-105.0,30667,8.0,16154,355.0
PLATINUM - NEW YORK MERCANTILE EXCHANGE,2010-06-29,17529,2329,-610.0,344.0,29497,-1170.0,15200,-954.0
PLATINUM - NEW YORK MERCANTILE EXCHANGE,2010-07-06,15931,2095,-1598.0,-234.0,28097,-1400.0,13836,-1364.0
PLATINUM - NEW YORK MERCANTILE EXCHANGE,2010-07-13,16227,2324,296.0,229.0,27985,-112.0,13903,67.0
PLATINUM - NEW YORK MERCANTILE EXCHANGE,2010-07-20,15983,2562,-244.0,238.0,27646,-339.0,13421,-482.0
PLATINUM - NEW YORK MERCANTILE EXCHANGE,2010-07-27,17781,2300,1798.0,-262.0,28971,1325.0,15481,2060.0
PLATINUM - NEW YORK MERCANTILE EXCHANGE,2010-08-03,19996,2081,2215.0,-219.0,31615,2644.0,17915,2434.0
PLATINUM - NEW YORK MERCANTILE EXCHANGE,2010-08-10,19445,1879,-551.0,-202.0,31262,-353.0,17566,-349.0
PLATINUM - NEW YORK MERCANTILE EXCHANGE,2010-08-17,18945,2028,-500.0,149.0,31047,-215.0,16917,-649.0
PLATINUM - NEW YORK MERCANTILE EXCHANGE,2010-08-24,18665,2405,-280.0,377.0,30248,-799.0,16260,-657.0
PLATINUM - NEW YORK MERCANTILE EXCHANGE,2010-08-31,18475,2950,-190.0,545.0,31010,762.0,15525,-735.0
PLATINUM - NEW YORK MERCANTILE EXCHANGE,2010-09-07,19488,3033,1013.0,83.0,32647,1637.0,16455,930.0
PLATINUM - NEW YORK MERCANTILE EXCHANGE,2010-09-14,22073,2160,2585.0,-873.0,34637,1990.0,19913,3458.0
PLATINUM - NEW YORK MERCANTILE EXCHANGE,2010-09-21,25054,2076,2981.0,-84.0,37937,3300.0,22978,3065.0
PLATINUM - NEW YORK MERCANTILE EXCHANGE,2010-09-28,24818,1716,-236.0,-360.0,38523,586.0,23102,124.0
PLATINUM - NEW YORK MERCANTILE EXCHANGE,2010-10-05,25087,1438,269.0,-278.0,38336,-187.0,23649,547.0
PLATINUM - NEW YORK MERCANTILE EXCHANGE,2010-10-12,26849,1602,1762.0,164.0,38698,362.0,25247,1598.0
PLATINUM - NEW YORK MERCANTILE EXCHANGE,2010-10-19,27286,1724,437.0,122.0,38488,-210.0,25562,315.0
PLATINUM - NEW YORK MERCANTILE EXCHANGE,2010-10-26,27507,764,221.0,-960.0,37906,-582.0,26743,1181.0
PLATINUM - NEW YORK MERCANTILE EXCHANGE,2010-11-02,27971,930,464.0,166.0,38603,697.0,27041,298.0
PLATINUM - NEW YORK MERCANTILE EXCHANGE,2010-11-09,29423,1319,1452.0,389.0,40815,2212.0,28104,1063.0
PLATINUM - NEW YORK MERCANTILE EXCHANGE,2010-11-16,24747,2062,-4676.0,743.0,35418,-5397.0,22685,-5419.0
PLATINUM - NEW YORK MERCANTILE EXCHANGE,2010-11-23,23959,2293,-788.0,231.0,34148,-1270.0,21666,-1019.0
PLATINUM - NEW YORK MERCANTILE EXCHANGE,2010-11-30,23749,2358,-210.0,65.0,34501,353.0,21391,-275.0
PLATINUM - NEW YORK MERCANTILE EXCHANGE,2010-12-07,25325,1971,1576.0,-387.0,36578,2077.0,23354,1963.0
PLATINUM - NEW YORK MERCANTILE EXCHANGE,2010-12-14,24484,1850,-841.0,-121.0,36520,-58.0,22634,-720.0
PLATINUM - NEW YORK MERCANTILE EXCHANGE,2010-12-21,24785,1491,301.0,-359.0,37473,953.0,23294,660.0
PLATINUM - NEW YORK MERCANTILE EXCHANGE,2010-12-28,25844,1159,1059.0,-332.0,38980,1507.0,24685,1391.0
PLATINUM - NEW YORK MERCANTILE EXCHANGE,2011-01-04,27198,1416,1354.0,257.0,39620,640.0,25782,1097.0
PLATINUM - NEW YORK MERCANTILE EXCHANGE,2011-01-11,26369,1642,-829.0,226.0,38973,-647.0,24727,-1055.0
PLATINUM - NEW YORK MERCANTILE EXCHANGE,2011-01-18,31204,1387,4835.0,-255.0,41604,2631.0,29817,5090.0
PLATINUM - NEW YORK MERCANTILE EXCHANGE,2011-01-25,30513,1654,-691.0,267.0,41995,391.0,28859,-958.0
PLATINUM - NEW YORK MERCANTILE EXCHANGE,2011-02-01,31081,1414,568.0,-240.0,42483,488.0,29667,808.0
PLATINUM - NEW YORK MERCANTILE EXCHANGE,2011-02-08,31825,1702,744.0,288.0,43810,1327.0,30123,456.0
PLATINUM - NEW YORK MERCANTILE EXCHANGE,2011-02-15,30124,1240,-1701.0,-462.0,41375,-2435.0,28884,-1239.0
PLATINUM - NEW YORK MERCANTILE EXCHANGE,2011-02-22,30208,1819,84.0,579.0,41700,325.0,28389,-495.0
PLATINUM - NEW YORK MERCANTILE EXCHANGE,2011-03-01,29576,1832,-632.0,13.0,41621,-79.0,27744,-645.0
PLATINUM - NEW YORK MERCANTILE EXCHANGE,2011-03-08,28270,1478,-1306.0,-354.0,39640,-1981.0,26792,-952.0
PLATINUM - NEW YORK MERCANTILE EXCHANGE,2011-03-15,23298,3300,-4972.0,1822.0,35584,-4056.0,19998,-6794.0
PLATINUM - NEW YORK MERCANTILE EXCHANGE,2011-03-22,21044,2541,-2254.0,-759.0,32752,-2832.0,18503,-1495.0
PLATINUM - NEW YORK MERCANTILE EXCHANGE,2011-03-29,21156,2128,112.0,-413.0,32556,-196.0,19028,525.0
PLATINUM - NEW YORK MERCANTILE EXCHANGE,2011-04-05,22615,1621,1459.0,-507.0,33967,1411.0,20994,1966.0
PLATINUM - NEW YORK MERCANTILE EXCHANGE,2011-04-12,25008,1687,2393.0,66.0,35727,1760.0,23321,2327.0
PLATINUM - NEW YORK MERCANTILE EXCHANGE,2011-04-19,24834,1524,-174.0,-163.0,35352,-375.0,23310,-11.0
PLATINUM - NEW YORK MERCANTILE EXCHANGE,2011-04-26,26458,1342,1624.0,-182.0,37110,1758.0,25116,1806.0
PLATINUM - NEW YORK MERCANTILE EXCHANGE,2011-05-03,29084,2092,2626.0,750.0,40279,3169.0,26992,1876.0
PLATINUM - NEW YORK MERCANTILE EXCHANGE,2011-05-10,25278,1551,-3806.0,-541.0,36391,-3888.0,23727,-3265.0
PLATINUM - NEW YORK MERCANTILE EXCHANGE,2011-05-17,24063,1848,-1215.0,297.0,35215,-1176.0,22215,-1512.0
PLATINUM - NEW YORK MERCANTILE EXCHANGE,2011-05-24,23564,2456,-499.0,608.0,34956,-259.0,21108,-1107.0
PLATINUM - NEW YORK MERCANTILE EXCHANGE,2011-05-31,23721,1980,157.0,-476.0,35121,165.0,21741,633.0
PLATINUM - NEW YORK MERCANTILE EXCHANGE,2011-06-07,24790,1582,1069.0,-398.0,36399,1278.0,23208,1467.0
PLATINUM - NEW YORK MERCANTILE EXCHANGE,2011-06-14,25760,1911,970.0,329.0,37506,1107.0,23849,641.0
PLATINUM - NEW YORK MERCANTILE EXCHANGE,2011-06-21,22882,3419,-2878.0,1508.0,35659,-1847.0,19463,-4386.0
PLATINUM - NEW YORK MERCANTILE EXCHANGE,2011-06-28,20026,3555,-2856.0,136.0,30935,-4724.0,16471,-2992.0
PLATINUM - NEW YORK MERCANTILE EXCHANGE,2011-07-05,20642,3802,616.0,247.0,31245,310.0,16840,369.0
PLATINUM - NEW YORK MERCANTILE EXCHANGE,2011-07-12,21092,3975,450.0,173.0,31373,128.0,17117,277.0
PLATINUM - NEW YORK MERCANTILE EXCHANGE,2011-07-19,21437,2110,345.0,-1865.0,31999,626.0,19327,2210.0
PLATINUM - NEW YORK MERCANTILE EXCHANGE,2011-07-26,23349,1805,1912.0,-305.0,33843,1844.0,21544,2217.0
PLATINUM - NEW YORK MERCANTILE EXCHANGE,2011-08-02,24211,1238,862.0,-567.0,35099,1256.0,22973,1429.0
PLATINUM - NEW YORK MERCANTILE EXCHANGE,2011-08-09,22980,4295,-1231.0,3057.0,36046,947.0,18685,-4288.0
PLATINUM - NEW YORK MERCANTILE EXCHANGE,2011-08-16,25861,2534,2881.0,-1761.0,36041,-5.0,23327,4642.0
PLATINUM - NEW YORK MERCANTILE EXCHANGE,2011-08-23,30030,1723,4169.0,-811.0,40688,4647.0,28307,4980.0
PLATINUM - NEW YORK MERCANTILE EXCHANGE,2011-08-30,27892,1316,-2138.0,-407.0,39104,-1584.0,26576,-1731.0
PLATINUM - NEW YORK MERCANTILE EXCHANGE,2011-09-06,29934,1926,2042.0,610.0,42146,3042.0,28008,1432.0
PLATINUM - NEW YORK MERCANTILE EXCHANGE,2011-09-13,28556,1780,-1378.0,-146.0,41298,-848.0,26776,-1232.0
PLATINUM - NEW YORK MERCANTILE EXCHANGE,2011-09-20,25857,2017,-2699.0,237.0,38408,-2890.0,23840,-2936.0
PLATINUM - NEW YORK MERCANTILE EXCHANGE,2011-09-27,24284,3417,-1573.0,1400.0,37708,-700.0,20867,-2973.0
PLATINUM - NEW YORK MERCANTILE EXCHANGE,2011-10-04,25390,4977,1106.0,1560.0,38401,693.0,20413,-454.0
PLATINUM - NEW YORK MERCANTILE EXCHANGE,2011-10-11,25696,6019,306.0,1042.0,38519,118.0,19677,-736.0
PLATINUM - NEW YORK MERCANTILE EXCHANGE,2011-10-18,25759,5579,63.0,-440.0,37657,-862.0,20180,503.0
PLATINUM - NEW YORK MERCANTILE EXCHANGE,2011-10-25,25360,5648,-399.0,69.0,37291,-366.0,19712,-468.0
PLATINUM - NEW YORK MERCANTILE EXCHANGE,2011-11-01,26022,5420,662.0,-228.0,37948,657.0,20602,890.0
PLATINUM - NEW YORK MERCANTILE EXCHANGE,2011-11-08,26788,5186,766.0,-234.0,38852,904.0,21602,1000.0
PLATINUM - NEW YORK MERCANTILE EXCHANGE,2011-11-15,26771,5022,-17.0,-164.0,38552,-300.0,21749,147.0
PLATINUM - NEW YORK MERCANTILE EXCHANGE,2011-11-22,27062,6259,291.0,1237.0,38807,255.0,20803,-946.0
PLATINUM - NEW YORK MERCANTILE EXCHANGE,2011-11-29,26680,6412,-382.0,153.0,38820,13.0,20268,-535.0
PLATINUM - NEW YORK MERCANTILE EXCHANGE,2011-12-06,28967,8221,2287.0,1809.0,41893,3073.0,20746,478.0
PLATINUM - NEW YORK MERCANTILE EXCHANGE,2011-12-13,29144,9409,177.0,1188.0,43600,1707.0,19735,-1011.0
PLATINUM - NEW YORK MERCANTILE EXCHANGE,2011-12-20,29199,10078,55.0,669.0,43456,-144.0,19121,-614.0
PLATINUM - NEW YORK MERCANTILE EXCHANGE,2011-12-27,28902,10343,-297.0,265.0,42938,-518.0,18559,-562.0
PLATINUM - NEW YORK MERCANTILE EXCHANGE,2012-01-03,29451,9965,549.0,-378.0,42476,-462.0,19486,927.0
PLATINUM - NEW YORK MERCANTILE EXCHANGE,2012-01-10,30032,9995,581.0,30.0,43692,1216.0,20037,551.0
PLATINUM - NEW YORK MERCANTILE EXCHANGE,2012-01-17,30528,9467,496.0,-528.0,43849,157.0,21061,1024.0
PLATINUM - NEW YORK MERCANTILE EXCHANGE,2012-01-24,30331,8247,-197.0,-1220.0,44105,256.0,22084,1023.0
PLATINUM - NEW YORK MERCANTILE EXCHANGE,2012-01-31,30967,5991,636.0,-2256.0,45030,925.0,24976,2892.0
PLATINUM - NEW YORK MERCANTILE EXCHANGE,2012-02-07,31140,5501,173.0,-490.0,44584,-446.0,25639,663.0
PLATINUM - NEW YORK MERCANTILE EXCHANGE,2012-02-14,31121,3046,-19.0,-2455.0,44020,-564.0,28075,2436.0
PLATINUM - NEW YORK MERCANTILE EXCHANGE,2012-02-21,31301,2953,180.0,-93.0,44580,560.0,28348,273.0
PLATINUM - NEW YORK MERCANTILE EXCHANGE,2012-02-28,30248,2487,-1053.0,-466.0,45337,757.0,27761,-587.0
PLATINUM - NEW YORK MERCANTILE EXCHANGE,2012-03-06,29323,2583,-925.0,96.0,42850,-2487.0,26740,-1021.0
PLATINUM - NEW YORK MERCANTILE EXCHANGE,2012-03-13,29067,3100,-256.0,517.0,43268,418.0,25967,-773.0
PLATINUM - NEW YORK MERCANTILE EXCHANGE,2012-03-20,28851,3193,-216.0,93.0,43502,234.0,25658,-309.0
PLATINUM - NEW YORK MERCANTILE EXCHANGE,2012-03-27,27382,3862,-1469.0,669.0,41855,-1647.0,23520,-2138.0
PLATINUM - NEW YORK MERCANTILE EXCHANGE,2012-04-03,27201,3246,-181.0,-616.0,40490,-1365.0,23955,435.0
PLATINUM - NEW YORK MERCANTILE EXCHANGE,2012-04-10,25888,5100,-1313.0,1854.0,39814,-676.0,20788,-3167.0
PLATINUM - NEW YORK MERCANTILE EXCHANGE,2012-04-17,25681,6679,-207.0,1579.0,40585,771.0,19002,-1786.0
PLATINUM - NEW YORK MERCANTILE EXCHANGE,2012-04-24,25086,10163,-595.0,3484.0,40823,238.0,14923,-4079.0
PLATINUM - NEW YORK MERCANTILE EXCHANGE,2012-05-01,26754,10153,1668.0,-10.0,41810,987.0,16601,1678.0
PLATINUM - NEW YORK MERCANTILE EXCHANGE,2012-05-08,27605,11877,851.0,1724.0,43091,1281.0,15728,-873.0
PLATINUM - NEW YORK MERCANTILE EXCHANGE,2012-05-15,28494,14124,889.0,2247.0,45020,1929.0,14370,-1358.0
PLATINUM - NEW YORK MERCANTILE EXCHANGE,2012-05-22,29456,16359,962.0,2235.0,47012,1992.0,13097,-1273.0
PLATINUM - NEW YORK MERCANTILE EXCHANGE,2012-05-29,31080,16993,1624.0,634.0,48449,1437.0,14087,990.0
PLATINUM - NEW YORK MERCANTILE EXCHANGE,2012-06-05,32229,17495,1149.0,502.0,49838,1389.0,14734,647.0
PLATINUM - NEW YORK MERCANTILE EXCHANGE,2012-06-12,32927,16734,698.0,-761.0,50036,198.0,16193,1459.0
PLATINUM - NEW YORK MERCANTILE EXCHANGE,2012-06-19,34570,15318,1643.0,-1416.0,51831,1795.0,19252,3059.0
PLATINUM - NEW YORK MERCANTILE EXCHANGE,2012-06-26,34754,15957,184.0,639.0,50349,-1482.0,18797,-455.0
PLATINUM - NEW YORK MERCANTILE EXCHANGE,2012-07-03,34947,14919,193.0,-1038.0,49442,-907.0,20028,1231.0
PLATINUM - NEW YORK MERCANTILE EXCHANGE,2012-07-10,34452,14755,-495.0,-164.0,48715,-727.0,19697,-331.0
PLATINUM - NEW YORK MERCANTILE EXCHANGE,2012-07-17,35213,15857,761.0,1102.0,49929,1214.0,19356,-341.0
PLATINUM - NEW YORK MERCANTILE EXCHANGE,2012-07-24,35936,17372,723.0,1515.0,51043,1114.0,18564,-792.0
PLATINUM - NEW YORK MERCANTILE EXCHANGE,2012-07-31,35886,17605,-50.0,233.0,52220,1177.0,18281,-283.0
PLATINUM - NEW YORK MERCANTILE EXCHANGE,2012-08-07,36520,17565,634.0,-40.0,53246,1026.0,18955,674.0
PLATINUM - NEW YORK MERCANTILE EXCHANGE,2012-08-14,37101,18574,581.0,1009.0,54074,828.0,18527,-428.0
PLATINUM - NEW YORK MERCANTILE EXCHANGE,2012-08-21,39578,14691,2477.0,-3883.0,54526,452.0,24887,6360.0
PLATINUM - NEW YORK MERCANTILE EXCHANGE,2012-08-28,40070,11407,492.0,-3284.0,54458,-68.0,28663,3776.0
PLATINUM - NEW YORK MERCANTILE EXCHANGE,2012-09-04,40880,10397,810.0,-1010.0,54977,519.0,30483,1820.0
PLATINUM - NEW YORK MERCANTILE EXCHANGE,2012-09-11,41708,7956,828.0,-2441.0,56375,1398.0,33752,3269.0
PLATINUM - NEW YORK MERCANTILE EXCHANGE,2012-09-18,42935,6801,1227.0,-1155.0,57118,743.0,36134,2382.0
PLATINUM - NEW YORK MERCANTILE EXCHANGE,2012-09-25,44773,6050,1838.0,-751.0,58824,1706.0,38723,2589.0
PLATINUM - NEW YORK MERCANTILE EXCHANGE,2012-10-02,48002,5882,3229.0,-168.0,60889,2065.0,42120,3397.0
PLATINUM - NEW YORK MERCANTILE EXCHANGE,2012-10-09,52576,5751,4574.0,-131.0,64674,3785.0,46825,4705.0
PLATINUM - NEW YORK MERCANTILE EXCHANGE,2012-10-16,53007,5331,431.0,-420.0,64707,33.0,47676,851.0
PLATINUM - NEW YORK MERCANTILE EXCHANGE,2012-10-23,49639,6038,-3368.0,707.0,62200,-2507.0,43601,-4075.0
PLATINUM - NEW YORK MERCANTILE EXCHANGE,2012-10-30,48233,7227,-1406.0,1189.0,61449,-751.0,41006,-2595.0
PLATINUM - NEW YORK MERCANTILE EXCHANGE,2012-11-06,44567,6892,-3666.0,-335.0,60132,-1317.0,37675,-3331.0
PLATINUM - NEW YORK MERCANTILE EXCHANGE,2012-11-13,43331,7376,-1236.0,484.0,60470,338.0,35955,-1720.0
PLATINUM - NEW YORK MERCANTILE EXCHANGE,2012-11-20,41353,6935,-1978.0,-441.0,59533,-937.0,34418,-1537.0
PLATINUM - NEW YORK MERCANTILE EXCHANGE,2012-11-27,43751,6890,2398.0,-45.0,61261,1728.0,36861,2443.0
PLATINUM - NEW YORK MERCANTILE EXCHANGE,2012-12-04,44789,6319,1038.0,-571.0,61309,48.0,38470,1609.0
PLATINUM - NEW YORK MERCANTILE EXCHANGE,2012-12-11,46699,6089,1910.0,-230.0,63805,2496.0,40610,2140.0
PLATINUM - NEW YORK MERCANTILE EXCHANGE,2012-12-18,47633,4658,934.0,-1431.0,64501,696.0,42975,2365.0
PLATINUM - NEW YORK MERCANTILE EXCHANGE,2012-12-24,43696,5332,-3937.0,674.0,62466,-2035.0,38364,-4611.0
PLATINUM - NEW YORK MERCANTILE EXCHANGE,2012-12-31,43479,7423,-217.0,2091.0,59593,-2873.0,36056,-2308.0
PLATINUM - NEW YORK MERCANTILE EXCHANGE,2013-01-08,45267,7394,1788.0,-29.0,62313,2720.0,37873,1817.0
PLATINUM - NEW YORK MERCANTILE EXCHANGE,2013-01-15,46547,3628,1280.0,-3766.0,63266,953.0,42919,5046.0
PLATINUM - NEW YORK MERCANTILE EXCHANGE,2013-01-22,49440,3980,2893.0,352.0,64784,1518.0,45460,2541.0
PLATINUM - NEW YORK MERCANTILE EXCHANGE,2013-01-29,52738,4234,3298.0,254.0,68157,3373.0,48504,3044.0
PLATINUM - NEW YORK MERCANTILE EXCHANGE,2013-02-05,54685,5219,1947.0,985.0,71955,3798.0,49466,962.0
PLATINUM - NEW YORK MERCANTILE EXCHANGE,2013-02-12,55027,4889,342.0,-330.0,73657,1702.0,50138,672.0
PLATINUM - NEW YORK MERCANTILE EXCHANGE,2013-02-19,52756,4008,-2271.0,-881.0,72215,-1442.0,48748,-1390.0
PLATINUM - NEW YORK MERCANTILE EXCHANGE,2013-02-26,45121,3717,-7635.0,-291.0,66162,-6053.0,41404,-7344.0
PLATINUM - NEW YORK MERCANTILE EXCHANGE,2013-03-05,43529,4371,-1592.0,654.0,64689,-1473.0,39158,-2246.0
PLATINUM - NEW YORK MERCANTILE EXCHANGE,2013-03-12,43580,5467,51.0,1096.0,65079,390.0,38113,-1045.0
PLATINUM - NEW YORK MERCANTILE EXCHANGE,2013-03-19,42095,7832,-1485.0,2365.0,64670,-409.0,34263,-3850.0
PLATINUM - NEW YORK MERCANTILE EXCHANGE,2013-03-26,44013,8520,1918.0,688.0,65542,872.0,35493,1230.0
PLATINUM - NEW YORK MERCANTILE EXCHANGE,2013-04-02,45573,8578,1560.0,58.0,63829,-1713.0,36995,1502.0
PLATINUM - NEW YORK MERCANTILE EXCHANGE,2013-04-09,45210,11967,-363.0,3389.0,64905,1076.0,33243,-3752.0
PLATINUM - NEW YORK MERCANTILE EXCHANGE,2013-04-16,41910,12706,-3300.0,739.0,61946,-2959.0,29204,-4039.0
PLATINUM - NEW YORK MERCANTILE EXCHANGE,2013-04-23,43242,13593,1332.0,887.0,62976,1030.0,29649,445.0
PLATINUM - NEW YORK MERCANTILE EXCHANGE,2013-04-30,43537,11693,295.0,-1900.0,62692,-284.0,31844,2195.0
PLATINUM - NEW YORK MERCANTILE EXCHANGE,2013-05-07,43623,12144,86.0,451.0,63701,1009.0,31479,-365.0
PLATINUM - NEW YORK MERCANTILE EXCHANGE,2013-05-14,44018,11320,395.0,-824.0,63509,-192.0,32698,1219.0
PLATINUM - NEW YORK MERCANTILE EXCHANGE,2013-05-21,41903,13268,-2115.0,1948.0,63518,9.0,28635,-4063.0
PLATINUM - NEW YORK MERCANTILE EXCHANGE,2013-05-28,41812,16950,-91.0,3682.0,63619,101.0,24862,-3773.0
PLATINUM - NEW YORK MERCANTILE EXCHANGE,2013-06-04,42245,15256,433.0,-1694.0,61991,-1628.0,26989,2127.0
PLATINUM - NEW YORK MERCANTILE EXCHANGE,2013-06-11,43187,13651,942.0,-1605.0,62964,973.0,29536,2547.0
PLATINUM - NEW YORK MERCANTILE EXCHANGE,2013-06-18,42769,17067,-418.0,3416.0,62677,-287.0,25702,-3834.0
PLATINUM - NEW YORK MERCANTILE EXCHANGE,2013-06-25,41015,19142,-1754.0,2075.0,63824,1147.0,21873,-3829.0
PLATINUM - NEW YORK MERCANTILE EXCHANGE,2013-07-02,41654,20672,639.0,1530.0,61248,-2576.0,20982,-891.0
PLATINUM - NEW YORK MERCANTILE EXCHANGE,2013-07-09,41808,19555,154.0,-1117.0,61593,345.0,22253,1271.0
PLATINUM - NEW YORK MERCANTILE EXCHANGE,2013-07-16,41792,17915,-16.0,-1640.0,60670,-923.0,23877,1624.0
PLATINUM - NEW YORK MERCANTILE EXCHANGE,2013-07-23,41789,17438,-3.0,-477.0,62923,2253.0,24351,474.0
PLATINUM - NEW YORK MERCANTILE EXCHANGE,2013-07-30,43755,15809,1966.0,-1629.0,63811,888.0,27946,3595.0
PLATINUM - NEW YORK MERCANTILE EXCHANGE,2013-08-06,43440,11914,-315.0,-3895.0,64066,255.0,31526,3580.0
PLATINUM - NEW YORK MERCANTILE EXCHANGE,2013-08-13,42810,9135,-630.0,-2779.0,64953,887.0,33675,2149.0
PLATINUM - NEW YORK MERCANTILE EXCHANGE,2013-08-20,44095,8149,1285.0,-986.0,65710,757.0,35946,2271.0
PLATINUM - NEW YORK MERCANTILE EXCHANGE,2013-08-27,44432,6701,337.0,-1448.0,66996,1286.0,37731,1785.0
PLATINUM - NEW YORK MERCANTILE EXCHANGE,2013-09-03,44216,6432,-216.0,-269.0,66585,-411.0,37784,53.0
PLATINUM - NEW YORK MERCANTILE EXCHANGE,2013-09-10,42979,6046,-1237.0,-386.0,63223,-3362.0,36933,-851.0
PLATINUM - NEW YORK MERCANTILE EXCHANGE,2013-09-17,40094,7158,-2885.0,1112.0,61006,-2217.0,32936,-3997.0
PLATINUM - NEW YORK MERCANTILE EXCHANGE,2013-09-24,40900,7656,806.0,498.0,59279,-1727.0,33244,308.0
PLATINUM - NEW YORK MERCANTILE EXCHANGE,2013-10-01,42351,11164,1451.0,3508.0,59708,429.0,31187,-2057.0
PLATINUM - NEW YORK MERCANTILE EXCHANGE,2013-10-08,42339,13955,-12.0,2791.0,60888,1180.0,28384,-2803.0
PLATINUM - NEW YORK MERCANTILE EXCHANGE,2013-10-15,41371,13437,-968.0,-518.0,60716,-172.0,27934,-450.0
PLATINUM - NEW YORK MERCANTILE EXCHANGE,2013-10-22,40325,11113,-1046.0,-2324.0,58993,-1723.0,29212,1278.0
PLATINUM - NEW YORK MERCANTILE EXCHANGE,2013-10-29,39995,7908,-330.0,-3205.0,57827,-1166.0,32087,2875.0
PLATINUM - NEW YORK MERCANTILE EXCHANGE,2013-11-05,41078,5989,1083.0,-1919.0,58319,492.0,35089,3002.0
PLATINUM - NEW YORK MERCANTILE EXCHANGE,2013-11-12,42455,6198,1377.0,209.0,59048,729.0,36257,1168.0
PLATINUM - NEW YORK MERCANTILE EXCHANGE,2013-11-19,41512,8926,-943.0,2728.0,58571,-477.0,32586,-3671.0
PLATINUM - NEW YORK MERCANTILE EXCHANGE,2013-11-26,41072,14353,-440.0,5427.0,61034,2463.0,26719,-5867.0
PLATINUM - NEW YORK MERCANTILE EXCHANGE,2013-12-03,41375,17938,303.0,3585.0,61351,317.0,23437,-3282.0
PLATINUM - NEW YORK MERCANTILE EXCHANGE,2013-12-10,41918,18297,543.0,359.0,62152,801.0,23621,184.0
PLATINUM - NEW YORK MERCANTILE EXCHANGE,2013-12-17,42839,19383,921.0,1086.0,64211,2059.0,23456,-165.0
PLATINUM - NEW YORK MERCANTILE EXCHANGE,2013-12-24,41667,20512,-1172.0,1129.0,64199,-12.0,21155,-2301.0
PLATINUM - NEW YORK MERCANTILE EXCHANGE,2013-12-31,41185,18338,-482.0,-2174.0,62037,-2162.0,22847,1692.0
PLATINUM - NEW YORK MERCANTILE EXCHANGE,2014-01-07,39961,12766,-1224.0,-5572.0,59561,-2476.0,27195,4348.0
PLATINUM - NEW YORK MERCANTILE EXCHANGE,2014-01-14,40851,8471,890.0,-4295.0,58636,-925.0,32380,5185.0
PLATINUM - NEW YORK MERCANTILE EXCHANGE,2014-01-21,42557,7560,1706.0,-911.0,60358,1722.0,34997,2617.0
PLATINUM - NEW YORK MERCANTILE EXCHANGE,2014-01-28,43110,6221,553.0,-1339.0,60923,565.0,36889,1892.0
PLATINUM - NEW YORK MERCANTILE EXCHANGE,2014-02-04,41751,8435,-1359.0,2214.0,61388,465.0,33316,-3573.0
PLATINUM - NEW YORK MERCANTILE EXCHANGE,2014-02-11,43186,10788,1435.0,2353.0,63300,1912.0,32398,-918.0
PLATINUM - NEW YORK MERCANTILE EXCHANGE,2014-02-18,43167,9709,-19.0,-1079.0,63376,76.0,33458,1060.0
PLATINUM - NEW YORK MERCANTILE EXCHANGE,2014-02-25,44577,9501,1410.0,-208.0,64653,1277.0,35076,1618.0
PLATINUM - NEW YORK MERCANTILE EXCHANGE,2014-03-04,46946,7299,2369.0,-2202.0,66158,1505.0,39647,4571.0
PLATINUM - NEW YORK MERCANTILE EXCHANGE,2014-03-11,50564,5844,3618.0,-1455.0,69748,3590.0,44720,5073.0
PLATINUM - NEW YORK MERCANTILE EXCHANGE,2014-03-18,52090,7257,1526.0,1413.0,71251,1503.0,44833,113.0
PLATINUM - NEW YORK MERCANTILE EXCHANGE,2014-03-25,50720,6326,-1370.0,-931.0,69810,-1441.0,44394,-439.0
PLATINUM - NEW YORK MERCANTILE EXCHANGE,2014-04-01,49474,8626,-1246.0,2300.0,66562,-3248.0,40848,-3546.0
PLATINUM - NEW YORK MERCANTILE EXCHANGE,2014-04-08,50572,7312,1098.0,-1314.0,66928,366.0,43260,2412.0
PLATINUM - NEW YORK MERCANTILE EXCHANGE,2014-04-15,51034,6787,462.0,-525.0,67064,136.0,44247,987.0
PLATINUM - NEW YORK MERCANTILE EXCHANGE,2014-04-22,47861,5510,-3173.0,-1277.0,63645,-3419.0,42351,-1896.0
PLATINUM - NEW YORK MERCANTILE EXCHANGE,2014-04-29,47024,6881,-837.0,1371.0,63427,-218.0,40143,-2208.0
PLATINUM - NEW YORK MERCANTILE EXCHANGE,2014-05-06,49285,6478,2261.0,-403.0,64939,1512.0,42807,2664.0
PLATINUM - NEW YORK MERCANTILE EXCHANGE,2014-05-13,51861,5656,2576.0,-822.0,67432,2493.0,46205,3398.0
PLATINUM - NEW YORK MERCANTILE EXCHANGE,2014-05-20,53957,7132,2096.0,1476.0,70109,2677.0,46825,620.0
PLATINUM - NEW YORK MERCANTILE EXCHANGE,2014-05-27,52924,7237,-1033.0,105.0,70304,195.0,45687,-1138.0
PLATINUM - NEW YORK MERCANTILE EXCHANGE,2014-06-03,52226,6420,-698.0,-817.0,69875,-429.0,45806,119.0
PLATINUM - NEW YORK MERCANTILE EXCHANGE,2014-06-10,50854,8810,-1372.0,2390.0,69756,-119.0,42044,-3762.0
PLATINUM - NEW YORK MERCANTILE EXCHANGE,2014-06-17,48502,7224,-2352.0,-1586.0,67854,-1902.0,41278,-766.0
PLATINUM - NEW YORK MERCANTILE EXCHANGE,2014-06-24,48282,4847,-220.0,-2377.0,65525,-2329.0,43435,2157.0
PLATINUM - NEW YORK MERCANTILE EXCHANGE,2014-07-01,53078,6824,4796.0,1977.0,69466,3941.0,46254,2819.0
PLATINUM - NEW YORK MERCANTILE EXCHANGE,2014-07-08,55887,5735,2809.0,-1089.0,72928,3462.0,50152,3898.0
PLATINUM - NEW YORK MERCANTILE EXCHANGE,2014-07-15,56238,7588,351.0,1853.0,72433,-495.0,48650,-1502.0
PLATINUM - NEW YORK MERCANTILE EXCHANGE,2014-07-22,55037,7027,-1201.0,-561.0,70716,-1717.0,48010,-640.0
PLATINUM - NEW YORK MERCANTILE EXCHANGE,2014-07-29,53827,6234,-1210.0,-793.0,69593,-1123.0,47593,-417.0
PLATINUM - NEW YORK MERCANTILE EXCHANGE,2014-08-05,51745,5252,-2082.0,-982.0,66836,-2757.0,46493,-1100.0
PLATINUM - NEW YORK MERCANTILE EXCHANGE,2014-08-12,51026,4092,-719.0,-1160.0,64763,-2073.0,46934,441.0
PLATINUM - NEW YORK MERCANTILE EXCHANGE,2014-08-19,49615,4022,-1411.0,-70.0,63846,-917.0,45593,-1341.0
PLATINUM - NEW YORK MERCANTILE EXCHANGE,2014-08-26,48593,8021,-1022.0,3999.0,63225,-621.0,40572,-5021.0
PLATINUM - NEW YORK MERCANTILE EXCHANGE,2014-09-02,50640,10093,2047.0,2072.0,65015,1790.0,40547,-25.0
PLATINUM - NEW YORK MERCANTILE EXCHANGE,2014-09-09,49540,11916,-1100.0,1823.0,66449,1434.0,37624,-2923.0
PLATINUM - NEW YORK MERCANTILE EXCHANGE,2014-09-16,46415,13099,-3125.0,1183.0,64542,-1907.0,33316,-4308.0
PLATINUM - NEW YORK MERCANTILE EXCHANGE,2014-09-23,43553,15712,-2862.0,2613.0,64712,170.0,27841,-5475.0
PLATINUM - NEW YORK MERCANTILE EXCHANGE,2014-09-30,41052,17385,-2501.0,1673.0,59192,-5520.0,23667,-4174.0
PLATINUM - NEW YORK MERCANTILE EXCHANGE,2014-10-07,40484,16105,-568.0,-1280.0,59560,368.0,24379,712.0
PLATINUM - NEW YORK MERCANTILE EXCHANGE,2014-10-14,40324,15777,-160.0,-328.0,58569,-991.0,24547,168.0
PLATINUM - NEW YORK MERCANTILE EXCHANGE,2014-10-21,40534,18038,210.0,2261.0,59865,1296.0,22496,-2051.0
PLATINUM - NEW YORK MERCANTILE EXCHANGE,2014-10-28,39900,18950,-634.0,912.0,60695,830.0,20950,-1546.0
PLATINUM - NEW YORK MERCANTILE EXCHANGE,2014-11-04,40325,19005,425.0,55.0,60012,-683.0,21320,370.0
PLATINUM - NEW YORK MERCANTILE EXCHANGE,2014-11-11,40883,18750,558.0,-255.0,60167,155.0,22133,813.0
PLATINUM - NEW YORK MERCANTILE EXCHANGE,2014-11-18,41044,20747,161.0,1997.0,62442,2275.0,20297,-1836.0
PLATINUM - NEW YORK MERCANTILE EXCHANGE,2014-11-25,42587,20265,1543.0,-482.0,64042,1600.0,22322,2025.0
PLATINUM - NEW YORK MERCANTILE EXCHANGE,2014-12-02,42586,16760,-1.0,-3505.0,63522,-520.0,25826,3504.0
PLATINUM - NEW YORK MERCANTILE EXCHANGE,2014-12-09,42898,15495,312.0,-1265.0,65138,1616.0,27403,1577.0
PLATINUM - NEW YORK MERCANTILE EXCHANGE,2014-12-16,43395,16654,497.0,1159.0,66810,1672.0,26741,-662.0
PLATINUM - NEW YORK MERCANTILE EXCHANGE,2014-12-23,43202,16911,-193.0,257.0,66799,-11.0,26291,-450.0
PLATINUM - NEW YORK MERCANTILE EXCHANGE,2014-12-30,43697,16553,495.0,-358.0,64175,-2624.0,27144,853.0
PLATINUM - NEW YORK MERCANTILE EXCHANGE,2015-01-06,45565,18265,1868.0,1712.0,66275,2100.0,27300,156.0
PLATINUM - NEW YORK MERCANTILE EXCHANGE,2015-01-13,46360,17828,795.0,-437.0,66358,83.0,28532,1232.0
PLATINUM - NEW YORK MERCANTILE EXCHANGE,2015-01-20,49136,16064,2776.0,-1764.0,67945,1587.0,33072,4540.0
PLATINUM - NEW YORK MERCANTILE EXCHANGE,2015-01-27,47515,12672,-1621.0,-3392.0,65908,-2037.0,34843,1771.0
PLATINUM - NEW YORK MERCANTILE EXCHANGE,2015-02-03,46193,13797,-1322.0,1125.0,64831,-1077.0,32396,-2447.0
PLATINUM - NEW YORK MERCANTILE EXCHANGE,2015-02-10,45418,16091,-775.0,2294.0,64849,18.0,29327,-3069.0
PLATINUM - NEW YORK MERCANTILE EXCHANGE,2015-02-17,46690,19530,1272.0,3439.0,67715,2866.0,27160,-2167.0
PLATINUM - NEW YORK MERCANTILE EXCHANGE,2015-02-24,47127,22945,437.0,3415.0,69019,1304.0,24182,-2978.0
PLATINUM - NEW YORK MERCANTILE EXCHANGE,2015-03-03,47907,24366,780.0,1421.0,68794,-225.0,23541,-641.0
PLATINUM - NEW YORK MERCANTILE EXCHANGE,2015-03-10,48560,26542,653.0,2176.0,69341,547.0,22018,-1523.0
PLATINUM - NEW YORK MERCANTILE EXCHANGE,2015-03-17,50983,30049,2423.0,3507.0,72020,2679.0,20934,-1084.0
PLATINUM - NEW YORK MERCANTILE EXCHANGE,2015-03-24,51655,29495,672.0,-554.0,72949,929.0,22160,1226.0
PLATINUM - NEW YORK MERCANTILE EXCHANGE,2015-03-31,51053,26280,-602.0,-3215.0,68848,-4101.0,24773,2613.0
PLATINUM - NEW YORK MERCANTILE EXCHANGE,2015-04-07,50419,22025,-634.0,-4255.0,68260,-588.0,28394,3621.0
PLATINUM - NEW YORK MERCANTILE EXCHANGE,2015-04-14,50393,21026,-26.0,-999.0,68699,439.0,29367,973.0
PLATINUM - NEW YORK MERCANTILE EXCHANGE,2015-04-21,50733,23354,340.0,2328.0,68668,-31.0,27379,-1988.0
PLATINUM - NEW YORK MERCANTILE EXCHANGE,2015-04-28,51324,26089,591.0,2735.0,70799,2131.0,25235,-2144.0
PLATINUM - NEW YORK MERCANTILE EXCHANGE,2015-05-05,50930,25614,-394.0,-475.0,70063,-736.0,25316,81.0
PLATINUM - NEW YORK MERCANTILE EXCHANGE,2015-05-12,52853,27770,1923.0,2156.0,71688,1625.0,25083,-233.0
PLATINUM - NEW YORK MERCANTILE EXCHANGE,2015-05-19,53101,23442,248.0,-4328.0,70841,-847.0,29659,4576.0
PLATINUM - NEW YORK MERCANTILE EXCHANGE,2015-05-26,53503,24327,402.0,885.0,72424,1583.0,29176,-483.0
PLATINUM - NEW YORK MERCANTILE EXCHANGE,2015-06-02,55445,30528,1942.0,6201.0,76650,4226.0,24917,-4259.0
PLATINUM - NEW YORK MERCANTILE EXCHANGE,2015-06-09,56068,33019,623.0,2491.0,77304,654.0,23049,-1868.0
PLATINUM - NEW YORK MERCANTILE EXCHANGE,2015-06-16,59094,35778,3026.0,2759.0,82478,5174.0,23316,267.0
PLATINUM - NEW YORK MERCANTILE EXCHANGE,2015-06-23,57276,37794,-1818.0,2016.0,84121,1643.0,19482,-3834.0
PLATINUM - NEW YORK MERCANTILE EXCHANGE,2015-06-30,56014,34719,-1262.0,-3075.0,77670,-6451.0,21295,1813.0
PLATINUM - NEW YORK MERCANTILE EXCHANGE,2015-07-07,56446,34929,432.0,210.0,78321,651.0,21517,222.0
PLATINUM - NEW YORK MERCANTILE EXCHANGE,2015-07-14,56809,36383,363.0,1454.0,79889,1568.0,20426,-1091.0
PLATINUM - NEW YORK MERCANTILE EXCHANGE,2015-07-21,57445,37306,636.0,923.0,80783,894.0,20139,-287.0
PLATINUM - NEW YORK MERCANTILE EXCHANGE,2015-07-28,56320,37237,-1125.0,-69.0,79079,-1704.0,19083,-1056.0
PLATINUM - NEW YORK MERCANTILE EXCHANGE,2015-08-04,55786,37240,-534.0,3.0,79763,684.0,18546,-537.0
PLATINUM - NEW YORK MERCANTILE EXCHANGE,2015-08-11,55015,35472,-771.0,-1768.0,78884,-879.0,19543,997.0
PLATINUM - NEW YORK MERCANTILE EXCHANGE,2015-08-18,55833,33754,818.0,-1718.0,78564,-320.0,22079,2536.0
PLATINUM - NEW YORK MERCANTILE EXCHANGE,2015-08-25,51798,28507,-4035.0,-5247.0,74149,-4415.0,23291,1212.0
PLATINUM - NEW YORK MERCANTILE EXCHANGE,2015-09-01,49080,24497,-2718.0,-4010.0,69973,-4176.0,24583,1292.0
PLATINUM - NEW YORK MERCANTILE EXCHANGE,2015-09-08,49031,23665,-49.0,-832.0,70035,62.0,25366,783.0
PLATINUM - NEW YORK MERCANTILE EXCHANGE,2015-09-15,50833,27801,1802.0,4136.0,73784,3749.0,23032,-2334.0
PLATINUM - NEW YORK MERCANTILE EXCHANGE,2015-09-22,54537,31695,3704.0,3894.0,79193,5409.0,22842,-190.0
PLATINUM - NEW YORK MERCANTILE EXCHANGE,2015-09-29,52667,32771,-1870.0,1076.0,75469,-3724.0,19896,-2946.0
PLATINUM - NEW YORK MERCANTILE EXCHANGE,2015-10-06,51401,31210,-1266.0,-1561.0,74919,-550.0,20191,295.0
PLATINUM - NEW YORK MERCANTILE EXCHANGE,2015-10-13,51130,24758,-271.0,-6452.0,71682,-3237.0,26372,6181.0
PLATINUM - NEW YORK MERCANTILE EXCHANGE,2015-10-20,50312,20493,-818.0,-4265.0,70469,-1213.0,29819,3447.0
PLATINUM - NEW YORK MERCANTILE EXCHANGE,2015-10-27,51736,18220,1424.0,-2273.0,71052,583.0,33516,3697.0
PLATINUM - NEW YORK MERCANTILE EXCHANGE,2015-11-03,51302,16039,-434.0,-2181.0,70053,-999.0,35263,1747.0
PLATINUM - NEW YORK MERCANTILE EXCHANGE,2015-11-10,49986,20108,-1316.0,4069.0,71115,1062.0,29878,-5385.0
PLATINUM - NEW YORK MERCANTILE EXCHANGE,2015-11-17,51143,28387,1157.0,8279.0,74144,3029.0,22756,-7122.0
PLATINUM - NEW YORK MERCANTILE EXCHANGE,2015-11-24,50943,32517,-200.0,4130.0,75570,1426.0,18426,-4330.0
PLATINUM - NEW YORK MERCANTILE EXCHANGE,2015-12-01,51856,33111,913.0,594.0,76282,712.0,18745,319.0
PLATINUM - NEW YORK MERCANTILE EXCHANGE,2015-12-08,52171,30700,315.0,-2411.0,76192,-90.0,21471,2726.0
PLATINUM - NEW YORK MERCANTILE EXCHANGE,2015-12-15,50832,29612,-1339.0,-1088.0,76027,-165.0,21220,-251.0
PLATINUM - NEW YORK MERCANTILE EXCHANGE,2015-12-22,47679,24753,-3153.0,-4859.0,69653,-6374.0,22926,1706.0
PLATINUM - NEW YORK MERCANTILE EXCHANGE,2015-12-29,46716,23373,-963.0,-1380.0,66584,-3069.0,23343,417.0
PLATINUM - NEW YORK MERCANTILE EXCHANGE,2016-01-05,46112,22255,-604.0,-1118.0,65506,-1078.0,23857,514.0
PLATINUM - NEW YORK MERCANTILE EXCHANGE,2016-01-12,46953,24389,841.0,2134.0,69088,3582.0,22564,-1293.0
PLATINUM - NEW YORK MERCANTILE EXCHANGE,2016-01-19,48064,27781,1111.0,3392.0,70000,912.0,20283,-2281.0
PLATINUM - NEW YORK MERCANTILE EXCHANGE,2016-01-26,47787,26287,-277.0,-1494.0,67395,-2605.0,21500,1217.0
PLATINUM - NEW YORK MERCANTILE EXCHANGE,2016-02-02,46451,24797,-1336.0,-1490.0,66265,-1130.0,21654,154.0
PLATINUM - NEW YORK MERCANTILE EXCHANGE,2016-02-09,47497,18995,1046.0,-5802.0,65426,-839.0,28502,6848.0
PLATINUM - NEW YORK MERCANTILE EXCHANGE,2016-02-16,47719,15625,222.0,-3370.0,64876,-550.0,32094,3592.0
PLATINUM - NEW YORK MERCANTILE EXCHANGE,2016-02-23,46701,13194,-1018.0,-2431.0,64316,-560.0,33507,1413.0
PLATINUM - NEW YORK MERCANTILE EXCHANGE,2016-03-01,47357,15838,656.0,2644.0,66211,1895.0,31519,-1988.0
PLATINUM - NEW YORK MERCANTILE EXCHANGE,2016-03-08,45193,11669,-2164.0,-4169.0,64142,-2069.0,33524,2005.0
PLATINUM - NEW YORK MERCANTILE EXCHANGE,2016-03-15,44496,12631,-697.0,962.0,63234,-908.0,31865,-1659.0
PLATINUM - NEW YORK MERCANTILE EXCHANGE,2016-03-22,44295,11931,-201.0,-700.0,62649,-585.0,32364,499.0
PLATINUM - NEW YORK MERCANTILE EXCHANGE,2016-03-29,41766,11760,-2529.0,-171.0,58313,-4336.0,30006,-2358.0
PLATINUM - NEW YORK MERCANTILE EXCHANGE,2016-04-05,40313,11690,-1453.0,-70.0,55898,-2415.0,28623,-1383.0
PLATINUM - NEW YORK MERCANTILE EXCHANGE,2016-04-12,41109,12267,796.0,577.0,56899,1001.0,28842,219.0
PLATINUM - NEW YORK MERCANTILE EXCHANGE,2016-04-19,44464,12525,3355.0,258.0,60387,3488.0,31939,3097.0
PLATINUM - NEW YORK MERCANTILE EXCHANGE,2016-04-26,46552,11699,2088.0,-826.0,62482,2095.0,34853,2914.0
PLATINUM - NEW YORK MERCANTILE EXCHANGE,2016-05-03,48276,11398,1724.0,-301.0,64158,1676.0,36878,2025.0
PLATINUM - NEW YORK MERCANTILE EXCHANGE,2016-05-10,50094,11717,1818.0,319.0,65493,1335.0,38377,1499.0
PLATINUM - NEW YORK MERCANTILE EXCHANGE,2016-05-17,51796,12392,1702.0,675.0,66689,1196.0,39404,1027.0
PLATINUM - NEW YORK MERCANTILE EXCHANGE,2016-05-24,48455,11959,-3341.0,-433.0,64186,-2503.0,36496,-2908.0
PLATINUM - NEW YORK MERCANTILE EXCHANGE,2016-05-31,45266,13006,-3189.0,1047.0,61795,-2391.0,32260,-4236.0
PLATINUM - NEW YORK MERCANTILE EXCHANGE,2016-06-07,45688,14587,422.0,1581.0,63185,1390.0,31101,-1159.0
PLATINUM - NEW YORK MERCANTILE EXCHANGE,2016-06-14,46573,16197,885.0,1610.0,66103,2918.0,30376,-725.0
PLATINUM - NEW YORK MERCANTILE EXCHANGE,2016-06-21,45372,16073,-1201.0,-124.0,64950,-1153.0,29299,-1077.0
PLATINUM - NEW YORK MERCANTILE EXCHANGE,2016-06-28,44366,14549,-1006.0,-1524.0,62873,-2077.0,29817,518.0
PLATINUM - NEW YORK MERCANTILE EXCHANGE,2016-07-05,47208,10839,2842.0,-3710.0,63840,967.0,36369,6552.0
PLATINUM - NEW YORK MERCANTILE EXCHANGE,2016-07-12,54237,11834,7029.0,995.0,70300,6460.0,42403,6034.0
PLATINUM - NEW YORK MERCANTILE EXCHANGE,2016-07-19,59008,11615,4771.0,-219.0,74782,4482.0,47393,4990.0
PLATINUM - NEW YORK MERCANTILE EXCHANGE,2016-07-26,61346,10424,2338.0,-1191.0,77014,2232.0,50922,3529.0
PLATINUM - NEW YORK MERCANTILE EXCHANGE,2016-08-02,63929,10158,2583.0,-266.0,79541,2527.0,53771,2849.0
PLATINUM - NEW YORK MERCANTILE EXCHANGE,2016-08-09,65259,9310,1330.0,-848.0,80645,1104.0,55949,2178.0
PLATINUM - NEW YORK MERCANTILE EXCHANGE,2016-08-16,64787,10450,-472.0,1140.0,80960,315.0,54337,-1612.0
PLATINUM - NEW YORK MERCANTILE EXCHANGE,2016-08-23,65203,10934,416.0,484.0,81801,841.0,54269,-68.0
PLATINUM - NEW YORK MERCANTILE EXCHANGE,2016-08-30,60231,11619,-4972.0,685.0,79543,-2258.0,48612,-5657.0
PLATINUM - NEW YORK MERCANTILE EXCHANGE,2016-09-06,56363,11302,-3868.0,-317.0,77629,-1914.0,45061,-3551.0
PLATINUM - NEW YORK MERCANTILE EXCHANGE,2016-09-13,54288,13233,-2075.0,1931.0,76199,-1430.0,41055,-4006.0
PLATINUM - NEW YORK MERCANTILE EXCHANGE,2016-09-20,52330,14028,-1958.0,795.0,74671,-1528.0,38302,-2753.0
PLATINUM - NEW YORK MERCANTILE EXCHANGE,2016-09-27,51154,13897,-1176.0,-131.0,70394,-4277.0,37257,-1045.0
PLATINUM - NEW YORK MERCANTILE EXCHANGE,2016-10-04,50973,17909,-181.0,4012.0,69695,-699.0,33064,-4193.0
PLATINUM - NEW YORK MERCANTILE EXCHANGE,2016-10-11,48923,22645,-2050.0,4736.0,69710,15.0,26278,-6786.0
PLATINUM - NEW YORK MERCANTILE EXCHANGE,2016-10-18,48218,26781,-705.0,4136.0,69494,-216.0,21437,-4841.0
PLATINUM - NEW YORK MERCANTILE EXCHANGE,2016-10-25,49339,29241,1121.0,2460.0,70383,889.0,20098,-1339.0
PLATINUM - NEW YORK MERCANTILE EXCHANGE,2016-11-01,51047,27907,1708.0,-1334.0,71112,729.0,23140,3042.0
PLATINUM - NEW YORK MERCANTILE EXCHANGE,2016-11-08,49046,19427,-2001.0,-8480.0,66469,-4643.0,29619,6479.0
PLATINUM - NEW YORK MERCANTILE EXCHANGE,2016-11-15,45085,20394,-3961.0,967.0,63255,-3214.0,24691,-4928.0
PLATINUM - NEW YORK MERCANTILE EXCHANGE,2016-11-22,46472,21663,1387.0,1269.0,65403,2148.0,24809,118.0
PLATINUM - NEW YORK MERCANTILE EXCHANGE,2016-11-29,48487,24319,2015.0,2656.0,69551,4148.0,24168,-641.0
PLATINUM - NEW YORK MERCANTILE EXCHANGE,2016-12-06,47047,22790,-1440.0,-1529.0,67342,-2209.0,24257,89.0
PLATINUM - NEW YORK MERCANTILE EXCHANGE,2016-12-13,45096,19480,-1951.0,-3310.0,66814,-528.0,25616,1359.0
PLATINUM - NEW YORK MERCANTILE EXCHANGE,2016-12-20,42437,16169,-2659.0,-3311.0,64352,-2462.0,26268,652.0
PLATINUM - NEW YORK MERCANTILE EXCHANGE,2016-12-27,42038,16624,-399.0,455.0,63714,-638.0,25414,-854.0
PLATINUM - NEW YORK MERCANTILE EXCHANGE,2017-01-03,42925,18171,887.0,1547.0,64102,388.0,24754,-660.0
PLATINUM - NEW YORK MERCANTILE EXCHANGE,2017-01-10,42669,12498,-256.0,-5673.0,62061,-2041.0,30171,5417.0
PLATINUM - NEW YORK MERCANTILE EXCHANGE,2017-01-17,43522,10490,853.0,-2008.0,63219,1158.0,33032,2861.0
PLATINUM - NEW YORK MERCANTILE EXCHANGE,2017-01-24,44751,8262,1229.0,-2228.0,62823,-396.0,36489,3457.0
PLATINUM - NEW YORK MERCANTILE EXCHANGE,2017-01-31,46217,7244,1466.0,-1018.0,64552,1729.0,38973,2484.0
PLATINUM - NEW YORK MERCANTILE EXCHANGE,2017-02-07,45723,5591,-494.0,-1653.0,64811,259.0,40132,1159.0
PLATINUM - NEW YORK MERCANTILE EXCHANGE,2017-02-14,45781,6133,58.0,542.0,65179,368.0,39648,-484.0
PLATINUM - NEW YORK MERCANTILE EXCHANGE,2017-02-21,45538,5896,-243.0,-237.0,65938,759.0,39642,-6.0
PLATINUM - NEW YORK MERCANTILE EXCHANGE,2017-02-28,49818,5208,4280.0,-688.0,71200,5262.0,44610,4968.0
PLATINUM - NEW YORK MERCANTILE EXCHANGE,2017-03-07,44136,5509,-5682.0,301.0,68200,-3000.0,38627,-5983.0
PLATINUM - NEW YORK MERCANTILE EXCHANGE,2017-03-14,40641,10466,-3495.0,4957.0,66039,-2161.0,30175,-8452.0
PLATINUM - NEW YORK MERCANTILE EXCHANGE,2017-03-21,41071,12116,430.0,1650.0,67455,1416.0,28955,-1220.0
PLATINUM - NEW YORK MERCANTILE EXCHANGE,2017-03-28,40434,12805,-637.0,689.0,66094,-1361.0,27629,-1326.0
PLATINUM - NEW YORK MERCANTILE EXCHANGE,2017-04-04,42291,15578,1857.0,2773.0,63741,-2353.0,26713,-916.0
PLATINUM - NEW YORK MERCANTILE EXCHANGE,2017-04-11,43312,17153,1021.0,1575.0,64829,1088.0,26159,-554.0
PLATINUM - NEW YORK MERCANTILE EXCHANGE,2017-04-18,44899,15672,1587.0,-1481.0,66022,1193.0,29227,3068.0
PLATINUM - NEW YORK MERCANTILE EXCHANGE,2017-04-25,43395,16157,-1504.0,485.0,65327,-695.0,27238,-1989.0
PLATINUM - NEW YORK MERCANTILE EXCHANGE,2017-05-02,44778,27237,1383.0,11080.0,71757,6430.0,17541,-9697.0
PLATINUM - NEW YORK MERCANTILE EXCHANGE,2017-05-09,46798,36558,2020.0,9321.0,76104,4347.0,10240,-7301.0
PLATINUM - NEW YORK MERCANTILE EXCHANGE,2017-05-16,46746,34577,-52.0,-1981.0,74421,-1683.0,12169,1929.0
PLATINUM - NEW YORK MERCANTILE EXCHANGE,2017-05-23,45412,29125,-1334.0,-5452.0,70625,-3796.0,16287,4118.0
PLATINUM - NEW YORK MERCANTILE EXCHANGE,2017-05-30,43637,26591,-1775.0,-2534.0,69380,-1245.0,17046,759.0
PLATINUM - NEW YORK MERCANTILE EXCHANGE,2017-06-06,44817,25134,1180.0,-1457.0,69495,115.0,19683,2637.0
PLATINUM - NEW YORK MERCANTILE EXCHANGE,2017-06-13,46295,31059,1478.0,5925.0,76040,6545.0,15236,-4447.0
PLATINUM - NEW YORK MERCANTILE EXCHANGE,2017-06-20,44843,32032,-1452.0,973.0,75380,-660.0,12811,-2425.0
PLATINUM - NEW YORK MERCANTILE EXCHANGE,2017-06-27,45343,34810,500.0,2778.0,76578,1198.0,10533,-2278.0
PLATINUM - NEW YORK MERCANTILE EXCHANGE,2017-07-03,44318,36108,-1025.0,1298.0,72797,-3781.0,8210,-2323.0
PLATINUM - NEW YORK MERCANTILE EXCHANGE,2017-07-11,45904,40507,1586.0,4399.0,74471,1674.0,5397,-2813.0
PLATINUM - NEW YORK MERCANTILE EXCHANGE,2017-07-18,43871,35330,-2033.0,-5177.0,72456,-2015.0,8541,3144.0
PLATINUM - NEW YORK MERCANTILE EXCHANGE,2017-07-25,43574,33391,-297.0,-1939.0,71062,-1394.0,10183,1642.0
PLATINUM - NEW YORK MERCANTILE EXCHANGE,2017-08-01,45276,32464,1702.0,-927.0,72421,1359.0,12812,2629.0
PLATINUM - NEW YORK MERCANTILE EXCHANGE,2017-08-08,47348,22847,2072.0,-9617.0,70550,-1871.0,24501,11689.0
PLATINUM - NEW YORK MERCANTILE EXCHANGE,2017-08-15,46810,19629,-538.0,-3218.0,70177,-373.0,27181,2680.0
PLATINUM - NEW YORK MERCANTILE EXCHANGE,2017-08-22,48601,16777,1791.0,-2852.0,71946,1769.0,31824,4643.0
PLATINUM - NEW YORK MERCANTILE EXCHANGE,2017-08-29,52549,16719,3948.0,-58.0,75270,3324.0,35830,4006.0
PLATINUM - NEW YORK MERCANTILE EXCHANGE,2017-09-05,55834,17861,3285.0,1142.0,79308,4038.0,37973,2143.0
PLATINUM - NEW YORK MERCANTILE EXCHANGE,2017-09-12,57375,19378,1541.0,1517.0,80477,1169.0,37997,24.0
PLATINUM - NEW YORK MERCANTILE EXCHANGE,2017-09-19,50525,18877,-6850.0,-501.0,76633,-3844.0,31648,-6349.0
PLATINUM - NEW YORK MERCANTILE EXCHANGE,2017-09-26,44411,19048,-6114.0,171.0,70987,-5646.0,25363,-6285.0
PLATINUM - NEW YORK MERCANTILE EXCHANGE,2017-10-03,46066,24137,1655.0,5089.0,71860,873.0,21929,-3434.0
PLATINUM - NEW YORK MERCANTILE EXCHANGE,2017-10-10,50395,28380,4329.0,4243.0,75931,4071.0,22015,86.0
PLATINUM - NEW YORK MERCANTILE EXCHANGE,2017-10-17,50697,26612,302.0,-1768.0,75448,-483.0,24085,2070.0
PLATINUM - NEW YORK MERCANTILE EXCHANGE,2017-10-24,48495,27547,-2202.0,935.0,75692,244.0,20948,-3137.0
PLATINUM - NEW YORK MERCANTILE EXCHANGE,2017-10-31,49582,29970,1087.0,2423.0,77828,2136.0,19612,-1336.0
PLATINUM - NEW YORK MERCANTILE EXCHANGE,2017-11-07,51591,29387,2009.0,-583.0,78380,552.0,22204,2592.0
PLATINUM - NEW YORK MERCANTILE EXCHANGE,2017-11-14,53160,27684,1569.0,-1703.0,78974,594.0,25476,3272.0
PLATINUM - NEW YORK MERCANTILE EXCHANGE,2017-11-21,52141,25620,-1019.0,-2064.0,77941,-1033.0,26521,1045.0
PLATINUM - NEW YORK MERCANTILE EXCHANGE,2017-11-28,53463,21417,1322.0,-4203.0,78435,494.0,32046,5525.0
PLATINUM - NEW YORK MERCANTILE EXCHANGE,2017-12-05,52409,25381,-1054.0,3964.0,78993,558.0,27028,-5018.0
PLATINUM - NEW YORK MERCANTILE EXCHANGE,2017-12-12,54178,41354,1769.0,15973.0,88076,9083.0,12824,-14204.0
PLATINUM - NEW YORK MERCANTILE EXCHANGE,2017-12-19,52676,39836,-1502.0,-1518.0,87329,-747.0,12840,16.0
PLATINUM - NEW YORK MERCANTILE EXCHANGE,2017-12-26,53720,37407,1044.0,-2429.0,85616,-1713.0,16313,3473.0
PLATINUM - NEW YORK MERCANTILE EXCHANGE,2018-01-02,51242,33827,-2478.0,-3580.0,81677,-3939.0,17415,1102.0
PLATINUM - NEW YORK MERCANTILE EXCHANGE,2018-01-09,52710,24056,1468.0,-9771.0,80569,-1108.0,28654,11239.0
PLATINUM - NEW YORK MERCANTILE EXCHANGE,2018-01-16,58368,23670,5658.0,-386.0,85179,4610.0,34698,6044.0
PLATINUM - NEW YORK MERCANTILE EXCHANGE,2018-01-23,65290,22374,6922.0,-1296.0,90494,5315.0,42916,8218.0
PLATINUM - NEW YORK MERCANTILE EXCHANGE,2018-01-30,65589,22196,299.0,-178.0,92167,1673.0,43393,477.0
PLATINUM - NEW YORK MERCANTILE EXCHANGE,2018-02-06,64188,22369,-1401.0,173.0,90932,-1235.0,41819,-1574.0
PLATINUM - NEW YORK MERCANTILE EXCHANGE,2018-02-13,58265,19894,-5923.0,-2475.0,84126,-6806.0,38371,-3448.0
PLATINUM - NEW YORK MERCANTILE EXCHANGE,2018-02-20,61146,19393,2881.0,-501.0,85249,1123.0,41753,3382.0
PLATINUM - NEW YORK MERCANTILE EXCHANGE,2018-02-27,61495,19744,349.0,351.0,85924,675.0,41751,-2.0
PLATINUM - NEW YORK MERCANTILE EXCHANGE,2018-03-06,53477,17836,-8018.0,-1908.0,80653,-5271.0,35641,-6110.0
PLATINUM - NEW YORK MERCANTILE EXCHANGE,2018-03-13,49702,16269,-3775.0,-1567.0,79225,-1428.0,33433,-2208.0
PLATINUM - NEW YORK MERCANTILE EXCHANGE,2018-03-20,47599,18528,-2103.0,2259.0,78021,-1204.0,29071,-4362.0
PLATINUM - NEW YORK MERCANTILE EXCHANGE,2018-03-27,47255,19216,-344.0,688.0,76610,-1411.0,28039,-1032.0
PLATINUM - NEW YORK MERCANTILE EXCHANGE,2018-04-03,47033,23290,-222.0,4074.0,75757,-853.0,23743,-4296.0
PLATINUM - NEW YORK MERCANTILE EXCHANGE,2018-04-10,46435,27435,-598.0,4145.0,76230,473.0,19000,-4743.0
PLATINUM - NEW YORK MERCANTILE EXCHANGE,2018-04-17,45236,27589,-1199.0,154.0,76193,-37.0,17647,-1353.0
PLATINUM - NEW YORK MERCANTILE EXCHANGE,2018-04-24,46015,28183,779.0,594.0,76044,-149.0,17832,185.0
PLATINUM - NEW YORK MERCANTILE EXCHANGE,2018-05-01,47582,36818,1567.0,8635.0,80633,4589.0,10764,-7068.0
PLATINUM - NEW YORK MERCANTILE EXCHANGE,2018-05-08,48191,37803,609.0,985.0,80411,-222.0,10388,-376.0
PLATINUM - NEW YORK MERCANTILE EXCHANGE,2018-05-15,46699,38503,-1492.0,700.0,80140,-271.0,8196,-2192.0
PLATINUM - NEW YORK MERCANTILE EXCHANGE,2018-05-22,43085,41623,-3614.0,3120.0,80393,253.0,1462,-6734.0
PLATINUM - NEW YORK MERCANTILE EXCHANGE,2018-05-29,45823,41807,2738.0,184.0,81357,964.0,4016,2554.0
PLATINUM - NEW YORK MERCANTILE EXCHANGE,2018-06-05,45239,43093,-584.0,1286.0,84484,3127.0,2146,-1870.0
PLATINUM - NEW YORK MERCANTILE EXCHANGE,2018-06-12,45489,41928,250.0,-1165.0,85886,1402.0,3561,1415.0
PLATINUM - NEW YORK MERCANTILE EXCHANGE,2018-06-19,42868,48029,-2621.0,6101.0,88852,2966.0,-5161,-8722.0
PLATINUM - NEW YORK MERCANTILE EXCHANGE,2018-06-26,41335,47450,-1533.0,-579.0,86452,-2400.0,-6115,-954.0
PLATINUM - NEW YORK MERCANTILE EXCHANGE,2018-07-03,41521,48423,186.0,973.0,83561,-2891.0,-6902,-787.0
PLATINUM - NEW YORK MERCANTILE EXCHANGE,2018-07-10,41134,48001,-387.0,-422.0,81535,-2026.0,-6867,35.0
PLATINUM - NEW YORK MERCANTILE EXCHANGE,2018-07-17,39854,49498,-1280.0,1497.0,80785,-750.0,-9644,-2777.0
PLATINUM - NEW YORK MERCANTILE EXCHANGE,2018-07-24,41163,49279,1309.0,-219.0,80021,-764.0,-8116,1528.0
PLATINUM - NEW YORK MERCANTILE EXCHANGE,2018-07-31,41416,49599,253.0,320.0,82139,2118.0,-8183,-67.0
PLATINUM - NEW YORK MERCANTILE EXCHANGE,2018-08-07,38756,46899,-2660.0,-2700.0,79082,-3057.0,-8143,40.0
PLATINUM - NEW YORK MERCANTILE EXCHANGE,2018-08-14,40847,51029,2091.0,4130.0,83991,4909.0,-10182,-2039.0
PLATINUM - NEW YORK MERCANTILE EXCHANGE,2018-08-21,38787,49779,-2060.0,-1250.0,84057,66.0,-10992,-810.0
PLATINUM - NEW YORK MERCANTILE EXCHANGE,2018-08-28,38249,49225,-538.0,-554.0,85221,1164.0,-10976,16.0
PLATINUM - NEW YORK MERCANTILE EXCHANGE,2018-09-04,39446,51362,1197.0,2137.0,89546,4325.0,-11916,-940.0
PLATINUM - NEW YORK MERCANTILE EXCHANGE,2018-09-11,41152,48720,1706.0,-2642.0,93273,3727.0,-7568,4348.0
PLATINUM - NEW YORK MERCANTILE EXCHANGE,2018-09-18,41947,44157,795.0,-4563.0,88533,-4740.0,-2210,5358.0
PLATINUM - NEW YORK MERCANTILE EXCHANGE,2018-09-25,39027,36337,-2920.0,-7820.0,75991,-12542.0,2690,4900.0
PLATINUM - NEW YORK MERCANTILE EXCHANGE,2018-10-02,40869,33820,1842.0,-2517.0,73139,-2852.0,7049,4359.0
PLATINUM - NEW YORK MERCANTILE EXCHANGE,2018-10-09,40938,32712,69.0,-1108.0,74067,928.0,8226,1177.0
PLATINUM - NEW YORK MERCANTILE EXCHANGE,2018-10-16,43130,30050,2192.0,-2662.0,75547,1480.0,13080,4854.0
PLATINUM - NEW YORK MERCANTILE EXCHANGE,2018-10-23,41498,29836,-1632.0,-214.0,74436,-1111.0,11662,-1418.0
PLATINUM - NEW YORK MERCANTILE EXCHANGE,2018-10-30,43509,28786,2011.0,-1050.0,75001,565.0,14723,3061.0
PLATINUM - NEW YORK MERCANTILE EXCHANGE,2018-11-06,46037,22113,2528.0,-6673.0,74364,-637.0,23924,9201.0
PLATINUM - NEW YORK MERCANTILE EXCHANGE,2018-11-13,43232,21241,-2805.0,-872.0,70152,-4212.0,21991,-1933.0
PLATINUM - NEW YORK MERCANTILE EXCHANGE,2018-11-20,42994,21209,-238.0,-32.0,69800,-352.0,21785,-206.0
PLATINUM - NEW YORK MERCANTILE EXCHANGE,2018-11-27,44969,22154,1975.0,945.0,72373,2573.0,22815,1030.0
PLATINUM - NEW YORK MERCANTILE EXCHANGE,2018-12-04,46010,31384,1041.0,9230.0,76828,4455.0,14626,-8189.0
PLATINUM - NEW YORK MERCANTILE EXCHANGE,2018-12-11,48259,37268,2249.0,5884.0,82550,5722.0,10991,-3635.0
PLATINUM - NEW YORK MERCANTILE EXCHANGE,2018-12-18,46981,35594,-1278.0,-1674.0,82939,389.0,11387,396.0
PLATINUM - NEW YORK MERCANTILE EXCHANGE,2018-12-24,47335,35665,354.0,71.0,81640,-1299.0,11670,283.0
PLATINUM - NEW YORK MERCANTILE EXCHANGE,2018-12-31,50269,37812,2934.0,2147.0,82828,1188.0,12457,787.0
PLATINUM - NEW YORK MERCANTILE EXCHANGE,2019-01-08,51997,40011,1728.0,2199.0,86645,3817.0,11986,-471.0
PLATINUM - NEW YORK MERCANTILE EXCHANGE,2019-01-15,48166,40437,-3831.0,426.0,83822,-2823.0,7729,-4257.0
PLATINUM - NEW YORK MERCANTILE EXCHANGE,2019-01-22,47851,45416,-315.0,4979.0,85889,2067.0,2435,-5294.0
PLATINUM - NEW YORK MERCANTILE EXCHANGE,2019-01-29,46316,41699,-1535.0,-3717.0,82259,-3630.0,4617,2182.0
PLATINUM - NEW YORK MERCANTILE EXCHANGE,2019-02-05,44920,38926,-1396.0,-2773.0,80894,-1365.0,5994,1377.0
PLATINUM - NEW YORK MERCANTILE EXCHANGE,2019-02-12,45414,47020,494.0,8094.0,85394,4500.0,-1606,-7600.0
PLATINUM - NEW YORK MERCANTILE EXCHANGE,2019-02-19,47888,46341,2474.0,-679.0,83413,-1981.0,1547,3153.0
PLATINUM - NEW YORK MERCANTILE EXCHANGE,2019-02-26,47645,31900,-243.0,-14441.0,79606,-3807.0,15745,14198.0
PLATINUM - NEW YORK MERCANTILE EXCHANGE,2019-03-05,43779,22316,-3866.0,-9584.0,77483,-2123.0,21463,5718.0
PLATINUM - NEW YORK MERCANTILE EXCHANGE,2019-03-12,42555,26207,-1224.0,3891.0,77461,-22.0,16348,-5115.0
PLATINUM - NEW YORK MERCANTILE EXCHANGE,2019-03-19,43204,25623,649.0,-584.0,75915,-1546.0,17581,1233.0
PLATINUM - NEW YORK MERCANTILE EXCHANGE,2019-03-26,43351,19144,147.0,-6479.0,72073,-3842.0,24207,6626.0
PLATINUM - NEW YORK MERCANTILE EXCHANGE,2019-04-02,41464,18109,-1887.0,-1035.0,68064,-4009.0,23355,-852.0
PLATINUM - NEW YORK MERCANTILE EXCHANGE,2019-04-09,47148,15304,5684.0,-2805.0,74605,6541.0,31844,8489.0
PLATINUM - NEW YORK MERCANTILE EXCHANGE,2019-04-16,46340,15229,-808.0,-75.0,73727,-878.0,31111,-733.0
PLATINUM - NEW YORK MERCANTILE EXCHANGE,2019-04-23,47143,16063,803.0,834.0,75277,1550.0,31080,-31.0
PLATINUM - NEW YORK MERCANTILE EXCHANGE,2019-04-30,48188,14866,1045.0,-1197.0,75798,521.0,33322,2242.0
PLATINUM - NEW YORK MERCANTILE EXCHANGE,2019-05-07,45857,17164,-2331.0,2298.0,74901,-897.0,28693,-4629.0
PLATINUM - NEW YORK MERCANTILE EXCHANGE,2019-05-14,44737,18987,-1120.0,1823.0,75331,430.0,25750,-2943.0
PLATINUM - NEW YORK MERCANTILE EXCHANGE,2019-05-21,46174,30684,1437.0,11697.0,78838,3507.0,15490,-10260.0
PLATINUM - NEW YORK MERCANTILE EXCHANGE,2019-05-28,47601,39710,1427.0,9026.0,83398,4560.0,7891,-7599.0
PLATINUM - NEW YORK MERCANTILE EXCHANGE,2019-06-04,48117,41048,516.0,1338.0,83492,94.0,7069,-822.0
PLATINUM - NEW YORK MERCANTILE EXCHANGE,2019-06-11,47336,40384,-781.0,-664.0,86371,2879.0,6952,-117.0
PLATINUM - NEW YORK MERCANTILE EXCHANGE,2019-06-18,46797,44827,-539.0,4443.0,90782,4411.0,1970,-4982.0
PLATINUM - NEW YORK MERCANTILE EXCHANGE,2019-06-25,48631,46645,1834.0,1818.0,88101,-2681.0,1986,16.0
PLATINUM - NEW YORK MERCANTILE EXCHANGE,2019-07-02,47841,38544,-790.0,-8101.0,80391,-7710.0,9297,7311.0
PLATINUM - NEW YORK MERCANTILE EXCHANGE,2019-07-09,45166,38473,-2675.0,-71.0,78771,-1620.0,6693,-2604.0
PLATINUM - NEW YORK MERCANTILE EXCHANGE,2019-07-16,45373,29781,207.0,-8692.0,76824,-1947.0,15592,8899.0
PLATINUM - NEW YORK MERCANTILE EXCHANGE,2019-07-23,47679,26789,2306.0,-2992.0,77025,201.0,20890,5298.0
PLATINUM - NEW YORK MERCANTILE EXCHANGE,2019-07-30,46584,20816,-1095.0,-5973.0,76346,-679.0,25768,4878.0
PLATINUM - NEW YORK MERCANTILE EXCHANGE,2019-08-06,44211,22267,-2373.0,1451.0,75607,-739.0,21944,-3824.0
PLATINUM - NEW YORK MERCANTILE EXCHANGE,2019-08-13,46105,24429,1894.0,2162.0,77101,1494.0,21676,-268.0
PLATINUM - NEW YORK MERCANTILE EXCHANGE,2019-08-20,45654,26039,-451.0,1610.0,77468,367.0,19615,-2061.0
PLATINUM - NEW YORK MERCANTILE EXCHANGE,2019-08-27,46983,23996,1329.0,-2043.0,78397,929.0,22987,3372.0
PLATINUM - NEW YORK MERCANTILE EXCHANGE,2019-09-03,57877,24718,10894.0,722.0,88697,10300.0,33159,10172.0
PLATINUM - NEW YORK MERCANTILE EXCHANGE,2019-09-10,58545,23626,668.0,-1092.0,94478,5781.0,34919,1760.0
PLATINUM - NEW YORK MERCANTILE EXCHANGE,2019-09-17,58540,24892,-5.0,1266.0,98283,3805.0,33648,-1271.0
PLATINUM - NEW YORK MERCANTILE EXCHANGE,2019-09-24,59353,24374,813.0,-518.0,91821,-6462.0,34979,1331.0
PLATINUM - NEW YORK MERCANTILE EXCHANGE,2019-10-01,53367,26769,-5986.0,2395.0,85115,-6706.0,26598,-8381.0
PLATINUM - NEW YORK MERCANTILE EXCHANGE,2019-10-08,52217,25403,-1150.0,-1366.0,84222,-893.0,26814,216.0
PLATINUM - NEW YORK MERCANTILE EXCHANGE,2019-10-15,53943,20342,1726.0,-5061.0,85759,1537.0,33601,6787.0
PLATINUM - NEW YORK MERCANTILE EXCHANGE,2019-10-22,55342,19626,1399.0,-716.0,86338,579.0,35716,2115.0
PLATINUM - NEW YORK MERCANTILE EXCHANGE,2019-10-29,56725,14428,1383.0,-5198.0,88022,1684.0,42297,6581.0
PLATINUM - NEW YORK MERCANTILE EXCHANGE,2019-11-05,60204,14509,3479.0,81.0,91799,3777.0,45695,3398.0
PLATINUM - NEW YORK MERCANTILE EXCHANGE,2019-11-12,56377,17918,-3827.0,3409.0,90681,-1118.0,38459,-7236.0
PLATINUM - NEW YORK MERCANTILE EXCHANGE,2019-11-19,55333,13248,-1044.0,-4670.0,88395,-2286.0,42085,3626.0
PLATINUM - NEW YORK MERCANTILE EXCHANGE,2019-11-26,55843,10774,510.0,-2474.0,90498,2103.0,45069,2984.0
PLATINUM - NEW YORK MERCANTILE EXCHANGE,2019-12-03,56747,11218,904.0,444.0,90939,441.0,45529,460.0
PLATINUM - NEW YORK MERCANTILE EXCHANGE,2019-12-10,60246,10669,3499.0,-549.0,94869,3930.0,49577,4048.0
PLATINUM - NEW YORK MERCANTILE EXCHANGE,2019-12-17,65173,10897,4927.0,228.0,98962,4093.0,54276,4699.0
PLATINUM - NEW YORK MERCANTILE EXCHANGE,2019-12-24,67048,10556,1875.0,-341.0,98176,-786.0,56492,2216.0
PLATINUM - NEW YORK MERCANTILE EXCHANGE,2019-12-31,71575,9412,4527.0,-1144.0,99045,869.0,62163,5671.0
PLATINUM - NEW YORK MERCANTILE EXCHANGE,2020-01-07,73584,11303,2009.0,1891.0,102495,3450.0,62281,118.0
PLATINUM - NEW YORK MERCANTILE EXCHANGE,2020-01-14,76467,11942,2883.0,639.0,104943,2448.0,64525,2244.0
PLATINUM - NEW YORK MERCANTILE EXCHANGE,2020-01-21,77952,10561,1485.0,-1381.0,105936,993.0,67391,2866.0
PLATINUM - NEW YORK MERCANTILE EXCHANGE,2020-01-28,77440,9844,-512.0,-717.0,105456,-480.0,67596,205.0
PLATINUM - NEW YORK MERCANTILE EXCHANGE,2020-02-04,72980,10200,-4460.0,356.0,101276,-4180.0,62780,-4816.0
PLATINUM - NEW YORK MERCANTILE EXCHANGE,2020-02-11,71738,9898,-1242.0,-302.0,100624,-652.0,61840,-940.0
PLATINUM - NEW YORK MERCANTILE EXCHANGE,2020-02-18,72059,10444,321.0,546.0,102384,1760.0,61615,-225.0
PLATINUM - NEW YORK MERCANTILE EXCHANGE,2020-02-25,63973,13772,-8086.0,3328.0,97626,-4758.0,50201,-11414.0
PLATINUM - NEW YORK MERCANTILE EXCHANGE,2020-03-03,49931,15894,-14042.0,2122.0,82051,-15575.0,34037,-16164.0
PLATINUM - NEW YORK MERCANTILE EXCHANGE,2020-03-10,46268,13021,-3663.0,-2873.0,76017,-6034.0,33247,-790.0
PLATINUM - NEW YORK MERCANTILE EXCHANGE,2020-03-17,37818,10171,-8450.0,-2850.0,66275,-9742.0,27647,-5600.0
PLATINUM - NEW YORK MERCANTILE EXCHANGE,2020-03-24,33207,10911,-4611.0,740.0,63571,-2704.0,22296,-5351.0
PLATINUM - NEW YORK MERCANTILE EXCHANGE,2020-03-31,31051,11203,-2156.0,292.0,54148,-9423.0,19848,-2448.0
PLATINUM - NEW YORK MERCANTILE EXCHANGE,2020-04-07,30559,11538,-492.0,335.0,54044,-104.0,19021,-827.0
PLATINUM - NEW YORK MERCANTILE EXCHANGE,2020-04-14,29126,11330,-1433.0,-208.0,53142,-902.0,17796,-1225.0
PLATINUM - NEW YORK MERCANTILE EXCHANGE,2020-04-21,26475,11188,-2651.0,-142.0,49300,-3842.0,15287,-2509.0
PLATINUM - NEW YORK MERCANTILE EXCHANGE,2020-04-28,28667,11333,2192.0,145.0,50982,1682.0,17334,2047.0
PLATINUM - NEW YORK MERCANTILE EXCHANGE,2020-05-05,28639,10393,-28.0,-940.0,50327,-655.0,18246,912.0
PLATINUM - NEW YORK MERCANTILE EXCHANGE,2020-05-12,28253,10098,-386.0,-295.0,49942,-385.0,18155,-91.0
PLATINUM - NEW YORK MERCANTILE EXCHANGE,2020-05-19,30671,8658,2418.0,-1440.0,51652,1710.0,22013,3858.0
PLATINUM - NEW YORK MERCANTILE EXCHANGE,2020-05-26,29924,6901,-747.0,-1757.0,51559,-93.0,23023,1010.0
PLATINUM - NEW YORK MERCANTILE EXCHANGE,2020-06-02,28645,7053,-1279.0,152.0,52788,1229.0,21592,-1431.0
PLATINUM - NEW YORK MERCANTILE EXCHANGE,2020-06-09,27370,7655,-1275.0,602.0,50811,-1977.0,19715,-1877.0
PLATINUM - NEW YORK MERCANTILE EXCHANGE,2020-06-16,26368,7257,-1002.0,-398.0,49916,-895.0,19111,-604.0
PLATINUM - NEW YORK MERCANTILE EXCHANGE,2020-06-23,25774,8011,-594.0,754.0,47275,-2641.0,17763,-1348.0
PLATINUM - NEW YORK MERCANTILE EXCHANGE,2020-06-30,26725,10877,951.0,2866.0,47837,562.0,15848,-1915.0
PLATINUM - NEW YORK MERCANTILE EXCHANGE,2020-07-07,27680,10365,955.0,-512.0,49143,1306.0,17315,1467.0
PLATINUM - NEW YORK MERCANTILE EXCHANGE,2020-07-14,27111,10807,-569.0,442.0,48016,-1127.0,16304,-1011.0
PLATINUM - NEW YORK MERCANTILE EXCHANGE,2020-07-21,31254,10842,4143.0,35.0,52071,4055.0,20412,4108.0
PLATINUM - NEW YORK MERCANTILE EXCHANGE,2020-07-28,33342,10930,2088.0,88.0,54525,2454.0,22412,2000.0
PLATINUM - NEW YORK MERCANTILE EXCHANGE,2020-08-04,33404,13898,62.0,2968.0,55647,1122.0,19506,-2906.0
PLATINUM - NEW YORK MERCANTILE EXCHANGE,2020-08-11,34811,12539,1407.0,-1359.0,56900,1253.0,22272,2766.0
PLATINUM - NEW YORK MERCANTILE EXCHANGE,2020-08-18,35658,13846,847.0,1307.0,58525,1625.0,21812,-460.0
PLATINUM - NEW YORK MERCANTILE EXCHANGE,2020-08-25,34794,14881,-864.0,1035.0,57831,-694.0,19913,-1899.0
PLATINUM - NEW YORK MERCANTILE EXCHANGE,2020-09-01,35060,15605,266.0,724.0,60538,2707.0,19455,-458.0
PLATINUM - NEW YORK MERCANTILE EXCHANGE,2020-09-08,32560,17289,-2500.0,1684.0,59711,-827.0,15271,-4184.0
PLATINUM - NEW YORK MERCANTILE EXCHANGE,2020-09-15,35167,15730,2607.0,-1559.0,61778,2067.0,19437,4166.0
PLATINUM - NEW YORK MERCANTILE EXCHANGE,2020-09-22,30418,20158,-4749.0,4428.0,60004,-1774.0,10260,-9177.0
PLATINUM - NEW YORK MERCANTILE EXCHANGE,2020-09-29,27054,17230,-3364.0,-2928.0,55680,-4324.0,9824,-436.0
PLATINUM - NEW YORK MERCANTILE EXCHANGE,2020-10-06,27125,18530,71.0,1300.0,51995,-3685.0,8595,-1229.0
PLATINUM - NEW YORK MERCANTILE EXCHANGE,2020-10-13,26119,17208,-1006.0,-1322.0,51258,-737.0,8911,316.0
PLATINUM - NEW YORK MERCANTILE EXCHANGE,2020-10-20,26595,18770,476.0,1562.0,52199,941.0,7825,-1086.0
PLATINUM - NEW YORK MERCANTILE EXCHANGE,2020-10-27,27647,17596,1052.0,-1174.0,52138,-61.0,10051,2226.0
PLATINUM - NEW YORK MERCANTILE EXCHANGE,2020-11-03,26465,16702,-1182.0,-894.0,51034,-1104.0,9763,-288.0
PLATINUM - NEW YORK MERCANTILE EXCHANGE,2020-11-10,26978,15379,513.0,-1323.0,51624,590.0,11599,1836.0
PLATINUM - NEW YORK MERCANTILE EXCHANGE,2020-11-17,29495,13323,2517.0,-2056.0,54077,2453.0,16172,4573.0
PLATINUM - NEW YORK MERCANTILE EXCHANGE,2020-11-24,30036,11271,541.0,-2052.0,54647,570.0,18765,2593.0
PLATINUM - NEW YORK MERCANTILE EXCHANGE,2020-12-01,33053,11027,3017.0,-244.0,57970,3323.0,22026,3261.0
PLATINUM - NEW YORK MERCANTILE EXCHANGE,2020-12-08,36299,11797,3246.0,770.0,63572,5602.0,24502,2476.0
PLATINUM - NEW YORK MERCANTILE EXCHANGE,2020-12-15,36924,11848,625.0,51.0,65881,2309.0,25076,574.0
PLATINUM - NEW YORK MERCANTILE EXCHANGE,2020-12-21,35791,11086,-1133.0,-762.0,65012,-869.0,24705,-371.0
PLATINUM - NEW YORK MERCANTILE EXCHANGE,2020-12-29,35228,9399,-563.0,-1687.0,59399,-5613.0,25829,1124.0
PLATINUM - NEW YORK MERCANTILE EXCHANGE,2021-01-05,37312,9690,2084.0,291.0,61185,1786.0,27622,1793.0
PLATINUM - NEW YORK MERCANTILE EXCHANGE,2021-01-12,36718,9259,-594.0,-431.0,59893,-1292.0,27459,-163.0
PLATINUM - NEW YORK MERCANTILE EXCHANGE,2021-01-19,35835,7949,-883.0,-1310.0,59812,-81.0,27886,427.0
PLATINUM - NEW YORK MERCANTILE EXCHANGE,2021-01-26,38187,8649,2352.0,700.0,62530,2718.0,29538,1652.0
PLATINUM - NEW YORK MERCANTILE EXCHANGE,2021-02-02,40252,10042,2065.0,1393.0,64701,2171.0,30210,672.0
PLATINUM - NEW YORK MERCANTILE EXCHANGE,2021-02-09,47530,11330,7278.0,1288.0,72051,7350.0,36200,5990.0
PLATINUM - NEW YORK MERCANTILE EXCHANGE,2021-02-16,48237,11660,707.0,330.0,74780,2729.0,36577,377.0
PLATINUM - NEW YORK MERCANTILE EXCHANGE,2021-02-23,46903,11936,-1334.0,276.0,73964,-816.0,34967,-1610.0
PLATINUM - NEW YORK MERCANTILE EXCHANGE,2021-03-02,42760,12227,-4143.0,291.0,72681,-1283.0,30533,-4434.0
PLATINUM - NEW YORK MERCANTILE EXCHANGE,2021-03-09,40796,12759,-1964.0,532.0,71411,-1270.0,28037,-2496.0
PLATINUM - NEW YORK MERCANTILE EXCHANGE,2021-03-16,42685,11242,1889.0,-1517.0,74810,3399.0,31443,3406.0
PLATINUM - NEW YORK MERCANTILE EXCHANGE,2021-03-23,40914,10688,-1771.0,-554.0,73324,-1486.0,30226,-1217.0
PLATINUM - NEW YORK MERCANTILE EXCHANGE,2021-03-30,41017,10411,103.0,-277.0,67480,-5844.0,30606,380.0
PLATINUM - NEW YORK MERCANTILE EXCHANGE,2021-04-06,43621,10873,2604.0,462.0,68108,628.0,32748,2142.0
PLATINUM - NEW YORK MERCANTILE EXCHANGE,2021-04-13,37890,13258,-5731.0,2385.0,65661,-2447.0,24632,-8116.0
PLATINUM - NEW YORK MERCANTILE EXCHANGE,2021-04-20,37215,11530,-675.0,-1728.0,63613,-2048.0,25685,1053.0
PLATINUM - NEW YORK MERCANTILE EXCHANGE,2021-04-27,40496,11200,3281.0,-330.0,65211,1598.0,29296,3611.0
PLATINUM - NEW YORK MERCANTILE EXCHANGE,2021-05-04,39894,11663,-602.0,463.0,64855,-356.0,28231,-1065.0
PLATINUM - NEW YORK MERCANTILE EXCHANGE,2021-05-11,39738,12471,-156.0,808.0,66115,1260.0,27267,-964.0
PLATINUM - NEW YORK MERCANTILE EXCHANGE,2021-05-18,38874,13060,-864.0,589.0,66761,646.0,25814,-1453.0
PLATINUM - NEW YORK MERCANTILE EXCHANGE,2021-05-25,38188,15201,-686.0,2141.0,67247,486.0,22987,-2827.0
PLATINUM - NEW YORK MERCANTILE EXCHANGE,2021-06-01,39063,15018,875.0,-183.0,67551,304.0,24045,1058.0
PLATINUM - NEW YORK MERCANTILE EXCHANGE,2021-06-08,37717,17553,-1346.0,2535.0,66649,-902.0,20164,-3881.0
PLATINUM - NEW YORK MERCANTILE EXCHANGE,2021-06-15,36745,16688,-972.0,-865.0,64994,-1655.0,20057,-107.0
PLATINUM - NEW YORK MERCANTILE EXCHANGE,2021-06-22,31830,18890,-4915.0,2202.0,63276,-1718.0,12940,-7117.0
PLATINUM - NEW YORK MERCANTILE EXCHANGE,2021-06-29,30141,15397,-1689.0,-3493.0,58265,-5011.0,14744,1804.0
PLATINUM - NEW YORK MERCANTILE EXCHANGE,2021-07-06,28390,14814,-1751.0,-583.0,55441,-2824.0,13576,-1168.0
PLATINUM - NEW YORK MERCANTILE EXCHANGE,2021-07-13,28994,13633,604.0,-1181.0,56142,701.0,15361,1785.0
PLATINUM - NEW YORK MERCANTILE EXCHANGE,2021-07-20,28529,16416,-465.0,2783.0,57661,1519.0,12113,-3248.0
PLATINUM - NEW YORK MERCANTILE EXCHANGE,2021-07-27,30519,18724,1990.0,2308.0,59378,1717.0,11795,-318.0
PLATINUM - NEW YORK MERCANTILE EXCHANGE,2021-08-03,30735,21931,216.0,3207.0,61085,1707.0,8804,-2991.0
PLATINUM - NEW YORK MERCANTILE EXCHANGE,2021-08-10,31567,25748,832.0,3817.0,64271,3186.0,5819,-2985.0
PLATINUM - NEW YORK MERCANTILE EXCHANGE,2021-08-17,32124,23766,557.0,-1982.0,62569,-1702.0,8358,2539.0
PLATINUM - NEW YORK MERCANTILE EXCHANGE,2021-08-24,33042,23899,918.0,133.0,63828,1259.0,9143,785.0
PLATINUM - NEW YORK MERCANTILE EXCHANGE,2021-08-31,33413,25356,371.0,1457.0,67072,3244.0,8057,-1086.0
PLATINUM - NEW YORK MERCANTILE EXCHANGE,2021-09-07,32183,25834,-1230.0,478.0,69024,1952.0,6349,-1708.0
PLATINUM - NEW YORK MERCANTILE EXCHANGE,2021-09-14,33649,34716,1466.0,8882.0,75870,6846.0,-1067,-7416.0
PLATINUM - NEW YORK MERCANTILE EXCHANGE,2021-09-21,33230,32012,-419.0,-2704.0,73415,-2455.0,1218,2285.0
PLATINUM - NEW YORK MERCANTILE EXCHANGE,2021-09-28,31908,26255,-1322.0,-5757.0,62551,-10864.0,5653,4435.0
PLATINUM - NEW YORK MERCANTILE EXCHANGE,2021-10-05,32414,26899,506.0,644.0,62109,-442.0,5515,-138.0
PLATINUM - NEW YORK MERCANTILE EXCHANGE,2021-10-12,31711,20792,-703.0,-6107.0,59344,-2765.0,10919,5404.0
PLATINUM - NEW YORK MERCANTILE EXCHANGE,2021-10-19,30917,16073,-794.0,-4719.0,58570,-774.0,14844,3925.0
PLATINUM - NEW YORK MERCANTILE EXCHANGE,2021-10-26,29445,14543,-1472.0,-1530.0,58161,-409.0,14902,58.0
PLATINUM - NEW YORK MERCANTILE EXCHANGE,2021-11-02,28870,13506,-575.0,-1037.0,56508,-1653.0,15364,462.0
PLATINUM - NEW YORK MERCANTILE EXCHANGE,2021-11-09,30260,12630,1390.0,-876.0,57866,1358.0,17630,2266.0
PLATINUM - NEW YORK MERCANTILE EXCHANGE,2021-11-16,33266,12253,3006.0,-377.0,62284,4418.0,21013,3383.0
PLATINUM - NEW YORK MERCANTILE EXCHANGE,2021-11-23,30454,17319,-2812.0,5066.0,61553,-731.0,13135,-7878.0
PLATINUM - NEW YORK MERCANTILE EXCHANGE,2021-11-30,28408,19460,-2046.0,2141.0,62385,832.0,8948,-4187.0
PLATINUM - NEW YORK MERCANTILE EXCHANGE,2021-12-07,27056,20994,-1352.0,1534.0,65134,2749.0,6062,-2886.0
PLATINUM - NEW YORK MERCANTILE EXCHANGE,2021-12-14,27853,24122,797.0,3128.0,66300,1166.0,3731,-2331.0
PLATINUM - NEW YORK MERCANTILE EXCHANGE,2021-12-21,28302,27034,449.0,2912.0,64732,-1568.0,1268,-2463.0
PLATINUM - NEW YORK MERCANTILE EXCHANGE,2021-12-28,27133,22664,-1169.0,-4370.0,60353,-4379.0,4469,3201.0
PLATINUM - NEW YORK MERCANTILE EXCHANGE,2022-01-04,27680,20918,547.0,-1746.0,58275,-2078.0,6762,2293.0
PLATINUM - NEW YORK MERCANTILE EXCHANGE,2022-01-11,27751,22462,71.0,1544.0,59061,786.0,5289,-1473.0
PLATINUM - NEW YORK MERCANTILE EXCHANGE,2022-01-18,27304,20075,-447.0,-2387.0,57321,-1740.0,7229,1940.0
PLATINUM - NEW YORK MERCANTILE EXCHANGE,2022-01-25,27429,13637,125.0,-6438.0,53390,-3931.0,13792,6563.0
PLATINUM - NEW YORK MERCANTILE EXCHANGE,2022-02-01,28171,13590,742.0,-47.0,53898,508.0,14581,789.0
PLATINUM - NEW YORK MERCANTILE EXCHANGE,2022-02-08,28134,16375,-37.0,2785.0,58766,4868.0,11759,-2822.0
PLATINUM - NEW YORK MERCANTILE EXCHANGE,2022-02-15,28217,18085,83.0,1710.0,59897,1131.0,10132,-1627.0
PLATINUM - NEW YORK MERCANTILE EXCHANGE,2022-02-22,32462,14922,4245.0,-3163.0,62274,2377.0,17540,7408.0
PLATINUM - NEW YORK MERCANTILE EXCHANGE,2022-03-01,33902,17012,1440.0,2090.0,65383,3109.0,16890,-650.0
PLATINUM - NEW YORK MERCANTILE EXCHANGE,2022-03-08,41758,15925,7856.0,-1087.0,72496,7113.0,25833,8943.0
PLATINUM - NEW YORK MERCANTILE EXCHANGE,2022-03-15,33833,15901,-7925.0,-24.0,67727,-4769.0,17932,-7901.0
PLATINUM - NEW YORK MERCANTILE EXCHANGE,2022-03-22,32184,12369,-1649.0,-3532.0,64000,-3727.0,19815,1883.0
PLATINUM - NEW YORK MERCANTILE EXCHANGE,2022-03-29,29585,15584,-2599.0,3215.0,61807,-2193.0,14001,-5814.0
PLATINUM - NEW YORK MERCANTILE EXCHANGE,2022-04-05,28827,17537,-758.0,1953.0,60983,-824.0,11290,-2711.0
PLATINUM - NEW YORK MERCANTILE EXCHANGE,2022-04-12,28544,22129,-283.0,4592.0,63363,2380.0,6415,-4875.0
PLATINUM - NEW YORK MERCANTILE EXCHANGE,2022-04-19,28293,20756,-251.0,-1373.0,61603,-1760.0,7537,1122.0
PLATINUM - NEW YORK MERCANTILE EXCHANGE,2022-04-26,28121,30478,-172.0,9722.0,67591,5988.0,-2357,-9894.0
PLATINUM - NEW YORK MERCANTILE EXCHANGE,2022-05-03,29516,31057,1395.0,579.0,66545,-1046.0,-1541,816.0
PLATINUM - NEW YORK MERCANTILE EXCHANGE,2022-05-10,28774,27411,-742.0,-3646.0,66064,-481.0,1363,2904.0
PLATINUM - NEW YORK MERCANTILE EXCHANGE,2022-05-17,28253,26050,-521.0,-1361.0,65926,-138.0,2203,840.0
PLATINUM - NEW YORK MERCANTILE EXCHANGE,2022-05-24,26052,24567,-2201.0,-1483.0,65824,-102.0,1485,-718.0
PLATINUM - NEW YORK MERCANTILE EXCHANGE,2022-05-31,27226,24863,1174.0,296.0,67964,2140.0,2363,878.0
PLATINUM - NEW YORK MERCANTILE EXCHANGE,2022-06-07,27004,21071,-222.0,-3792.0,65295,-2669.0,5933,3570.0
PLATINUM - NEW YORK MERCANTILE EXCHANGE,2022-06-14,25085,22871,-1919.0,1800.0,66613,1318.0,2214,-3719.0
PLATINUM - NEW YORK MERCANTILE EXCHANGE,2022-06-21,25676,24185,591.0,1314.0,64946,-1667.0,1491,-723.0
PLATINUM - NEW YORK MERCANTILE EXCHANGE,2022-06-28,28451,29757,2775.0,5572.0,68232,3286.0,-1306,-2797.0
PLATINUM - NEW YORK MERCANTILE EXCHANGE,2022-07-05,31920,34654,3469.0,4897.0,72895,4663.0,-2734,-1428.0
PLATINUM - NEW YORK MERCANTILE EXCHANGE,2022-07-12,32580,38491,660.0,3837.0,75615,2720.0,-5911,-3177.0
PLATINUM - NEW YORK MERCANTILE EXCHANGE,2022-07-19,32960,37242,380.0,-1249.0,75069,-546.0,-4282,1629.0
PLATINUM - NEW YORK MERCANTILE EXCHANGE,2022-07-26,31027,35495,-1933.0,-1747.0,73423,-1646.0,-4468,-186.0
PLATINUM - NEW YORK MERCANTILE EXCHANGE,2022-08-02,28648,31189,-2379.0,-4306.0,68266,-5157.0,-2541,1927.0
PLATINUM - NEW YORK MERCANTILE EXCHANGE,2022-08-09,27754,26908,-894.0,-4281.0,62782,-5484.0,846,3387.0
PLATINUM - NEW YORK MERCANTILE EXCHANGE,2022-08-16,26218,23278,-1536.0,-3630.0,57254,-5528.0,2940,2094.0
PLATINUM - NEW YORK MERCANTILE EXCHANGE,2022-08-23,26970,27546,752.0,4268.0,62329,5075.0,-576,-3516.0
PLATINUM - NEW YORK MERCANTILE EXCHANGE,2022-08-30,29635,35013,2665.0,7467.0,70747,8418.0,-5378,-4802.0
PLATINUM - NEW YORK MERCANTILE EXCHANGE,2022-09-06,33598,40349,3963.0,5336.0,78610,7863.0,-6751,-1373.0
PLATINUM - NEW YORK MERCANTILE EXCHANGE,2022-09-13,30552,32431,-3046.0,-7918.0,68574,-10036.0,-1879,4872.0
PLATINUM - NEW YORK MERCANTILE EXCHANGE,2022-09-20,27756,25366,-2796.0,-7065.0,62900,-5674.0,2390,4269.0
PLATINUM - NEW YORK MERCANTILE EXCHANGE,2022-09-27,23944,23783,-3812.0,-1583.0,58994,-3906.0,161,-2229.0
PLATINUM - NEW YORK MERCANTILE EXCHANGE,2022-10-04,25610,22329,1666.0,-1454.0,55682,-3312.0,3281,3120.0
PLATINUM - NEW YORK MERCANTILE EXCHANGE,2022-10-11,24306,18378,-1304.0,-3951.0,52435,-3247.0,5928,2647.0
PLATINUM - NEW YORK MERCANTILE EXCHANGE,2022-10-18,26385,17891,2079.0,-487.0,53728,1293.0,8494,2566.0
PLATINUM - NEW YORK MERCANTILE EXCHANGE,2022-10-25,28471,17090,2086.0,-801.0,56117,2389.0,11381,2887.0
PLATINUM - NEW YORK MERCANTILE EXCHANGE,2022-11-01,28611,12624,140.0,-4466.0,56534,417.0,15987,4606.0
PLATINUM - NEW YORK MERCANTILE EXCHANGE,2022-11-08,31065,11616,2454.0,-1008.0,60301,3767.0,19449,3462.0
PLATINUM - NEW YORK MERCANTILE EXCHANGE,2022-11-15,33079,10535,2014.0,-1081.0,63391,3090.0,22544,3095.0
PLATINUM - NEW YORK MERCANTILE EXCHANGE,2022-11-22,33832,11342,753.0,807.0,63704,313.0,22490,-54.0
PLATINUM - NEW YORK MERCANTILE EXCHANGE,2022-11-29,35268,11009,1436.0,-333.0,66468,2764.0,24259,1769.0
PLATINUM - NEW YORK MERCANTILE EXCHANGE,2022-12-06,36693,11057,1425.0,48.0,68821,2353.0,25636,1377.0
PLATINUM - NEW YORK MERCANTILE EXCHANGE,2022-12-13,39112,10667,2419.0,-390.0,72416,3595.0,28445,2809.0
PLATINUM - NEW YORK MERCANTILE EXCHANGE,2022-12-20,37373,13321,-1739.0,2654.0,70021,-2395.0,24052,-4393.0
PLATINUM - NEW YORK MERCANTILE EXCHANGE,2022-12-27,36326,11660,-1047.0,-1661.0,66817,-3204.0,24666,614.0
PLATINUM - NEW YORK MERCANTILE EXCHANGE,2023-01-03,41555,11052,5229.0,-608.0,69687,2870.0,30503,5837.0
PLATINUM - NEW YORK MERCANTILE EXCHANGE,2023-01-10,43745,13043,2190.0,1991.0,72216,2529.0,30702,199.0
PLATINUM - NEW YORK MERCANTILE EXCHANGE,2023-01-17,40387,16843,-3358.0,3800.0,71144,-1072.0,23544,-7158.0
PLATINUM - NEW YORK MERCANTILE EXCHANGE,2023-01-24,39279,19018,-1108.0,2175.0,72613,1469.0,20261,-3283.0
PLATINUM - NEW YORK MERCANTILE EXCHANGE,2023-01-31,35098,18961,-4181.0,-57.0,69121,-3492.0,16137,-4124.0
PLATINUM - NEW YORK MERCANTILE EXCHANGE,2023-02-07,30862,20242,-4236.0,1281.0,65469,-3652.0,10620,-5517.0
PLATINUM - NEW YORK MERCANTILE EXCHANGE,2023-02-14,28560,22562,-2302.0,2320.0,66197,728.0,5998,-4622.0
PLATINUM - NEW YORK MERCANTILE EXCHANGE,2023-02-21,28058,25153,-502.0,2591.0,67499,1302.0,2905,-3093.0
PLATINUM - NEW YORK MERCANTILE EXCHANGE,2023-02-28,27713,22416,-345.0,-2737.0,68075,576.0,5297,2392.0
PLATINUM - NEW YORK MERCANTILE EXCHANGE,2023-03-07,28988,23843,1275.0,1427.0,69721,1646.0,5145,-152.0
PLATINUM - NEW YORK MERCANTILE EXCHANGE,2023-03-14,27423,16850,-1565.0,-6993.0,66817,-2904.0,10573,5428.0
PLATINUM - NEW YORK MERCANTILE EXCHANGE,2023-03-21,25199,15673,-2224.0,-1177.0,61416,-5401.0,9526,-1047.0
PLATINUM - NEW YORK MERCANTILE EXCHANGE,2023-03-28,24247,13873,-952.0,-1800.0,57244,-4172.0,10374,848.0
PLATINUM - NEW YORK MERCANTILE EXCHANGE,2023-04-04,29841,14418,5594.0,545.0,59156,1912.0,15423,5049.0
PLATINUM - NEW YORK MERCANTILE EXCHANGE,2023-04-11,29570,16237,-271.0,1819.0,60115,959.0,13333,-2090.0
PLATINUM - NEW YORK MERCANTILE EXCHANGE,2023-04-18,35028,10709,5458.0,-5528.0,63794,3679.0,24319,10986.0
PLATINUM - NEW YORK MERCANTILE EXCHANGE,2023-04-25,41240,11623,6212.0,914.0,72125,8331.0,29617,5298.0
PLATINUM - NEW YORK MERCANTILE EXCHANGE,2023-05-02,41109,14422,-131.0,2799.0,73591,1466.0,26687,-2930.0
PLATINUM - NEW YORK MERCANTILE EXCHANGE,2023-05-09,41712,13628,603.0,-794.0,74125,534.0,28084,1397.0
PLATINUM - NEW YORK MERCANTILE EXCHANGE,2023-05-16,39962,14139,-1750.0,511.0,73410,-715.0,25823,-2261.0
PLATINUM - NEW YORK MERCANTILE EXCHANGE,2023-05-23,41246,13767,1284.0,-372.0,73079,-331.0,27479,1656.0
PLATINUM - NEW YORK MERCANTILE EXCHANGE,2023-05-30,37534,14128,-3712.0,361.0,69929,-3150.0,23406,-4073.0
PLATINUM - NEW YORK MERCANTILE EXCHANGE,2023-06-06,35201,10588,-2333.0,-3540.0,67537,-2392.0,24613,1207.0
PLATINUM - NEW YORK MERCANTILE EXCHANGE,2023-06-13,34328,12356,-873.0,1768.0,69851,2314.0,21972,-2641.0
PLATINUM - NEW YORK MERCANTILE EXCHANGE,2023-06-20,34059,14587,-269.0,2231.0,69436,-415.0,19472,-2500.0
PLATINUM - NEW YORK MERCANTILE EXCHANGE,2023-06-27,34048,21888,-11.0,7301.0,68517,-919.0,12160,-7312.0
PLATINUM - NEW YORK MERCANTILE EXCHANGE,2023-07-03,36443,28376,2395.0,6488.0,69383,866.0,8067,-4093.0
PLATINUM - NEW YORK MERCANTILE EXCHANGE,2023-07-11,38590,30803,2147.0,2427.0,71007,1624.0,7787,-280.0
PLATINUM - NEW YORK MERCANTILE EXCHANGE,2023-07-18,38256,22520,-334.0,-8283.0,65834,-5173.0,15736,7949.0
PLATINUM - NEW YORK MERCANTILE EXCHANGE,2023-07-25,36489,21002,-1767.0,-1518.0,64197,-1637.0,15487,-249.0
PLATINUM - NEW YORK MERCANTILE EXCHANGE,2023-08-01,38036,25746,1547.0,4744.0,68875,4678.0,12290,-3197.0
PLATINUM - NEW YORK MERCANTILE EXCHANGE,2023-08-08,42007,39015,3971.0,13269.0,79989,11114.0,2992,-9298.0
PLATINUM - NEW YORK MERCANTILE EXCHANGE,2023-08-15,44233,44232,2226.0,5217.0,84557,4568.0,1,-2991.0
PLATINUM - NEW YORK MERCANTILE EXCHANGE,2023-08-22,44584,43750,351.0,-482.0,82331,-2226.0,834,833.0
PLATINUM - NEW YORK MERCANTILE EXCHANGE,2023-08-29,43557,28519,-1027.0,-15231.0,75619,-6712.0,15038,14204.0
PLATINUM - NEW YORK MERCANTILE EXCHANGE,2023-09-05,36991,22389,-6566.0,-6130.0,68721,-6898.0,14602,-436.0
PLATINUM - NEW YORK MERCANTILE EXCHANGE,2023-09-12,43619,36898,6628.0,14509.0,87021,18300.0,6721,-7881.0
PLATINUM - NEW YORK MERCANTILE EXCHANGE,2023-09-19,42158,32164,-1461.0,-4734.0,82379,-4642.0,9994,3273.0
PLATINUM - NEW YORK MERCANTILE EXCHANGE,2023-09-26,40305,32979,-1853.0,815.0,72957,-9422.0,7326,-2668.0
PLATINUM - NEW YORK MERCANTILE EXCHANGE,2023-10-03,45496,42880,5191.0,9901.0,81529,8572.0,2616,-4710.0
PLATINUM - NEW YORK MERCANTILE EXCHANGE,2023-10-10,45969,46005,473.0,3125.0,82751,1222.0,-36,-2652.0
PLATINUM - NEW YORK MERCANTILE EXCHANGE,2023-10-17,46746,46397,777.0,392.0,84292,1541.0,349,385.0
PLATINUM - NEW YORK MERCANTILE EXCHANGE,2023-10-24,46048,46528,-698.0,131.0,84610,318.0,-480,-829.0
PLATINUM - NEW YORK MERCANTILE EXCHANGE,2023-10-31,44291,33465,-1757.0,-13063.0,74768,-9842.0,10826,11306.0
PLATINUM - NEW YORK MERCANTILE EXCHANGE,2023-11-07,40752,33794,-3539.0,329.0,73613,-1155.0,6958,-3868.0
PLATINUM - NEW YORK MERCANTILE EXCHANGE,2023-11-14,44969,48965,4217.0,15171.0,85870,12257.0,-3996,-10954.0
PLATINUM - NEW YORK MERCANTILE EXCHANGE,2023-11-21,40276,33140,-4693.0,-15825.0,73431,-12439.0,7136,11132.0
PLATINUM - NEW YORK MERCANTILE EXCHANGE,2023-11-28,38438,28404,-1838.0,-4736.0,70437,-2994.0,10034,2898.0
PLATINUM - NEW YORK MERCANTILE EXCHANGE,2023-12-05,37395,32262,-1043.0,3858.0,75508,5071.0,5133,-4901.0
PLATINUM - NEW YORK MERCANTILE EXCHANGE,2023-12-12,36789,29080,-606.0,-3182.0,74004,-1504.0,7709,2576.0
PLATINUM - NEW YORK MERCANTILE EXCHANGE,2023-12-19,40385,23387,3596.0,-5693.0,72263,-1741.0,16998,9289.0
PLATINUM - NEW YORK MERCANTILE EXCHANGE,2023-12-26,44404,20742,4019.0,-2645.0,70953,-1310.0,23662,6664.0
PLATINUM - NEW YORK MERCANTILE EXCHANGE,2024-01-02,49960,20921,5556.0,179.0,73883,2930.0,29039,5377.0
PLATINUM - NEW YORK MERCANTILE EXCHANGE,2024-01-09,47209,23668,-2751.0,2747.0,71940,-1943.0,23541,-5498.0
PLATINUM - NEW YORK MERCANTILE EXCHANGE,2024-01-16,43243,30686,-3966.0,7018.0,75103,3163.0,12557,-10984.0
PLATINUM - NEW YORK MERCANTILE EXCHANGE,2024-01-23,45895,37554,2652.0,6868.0,79394,4291.0,8341,-4216.0
PLATINUM - NEW YORK MERCANTILE EXCHANGE,2024-01-30,43818,32269,-2077.0,-5285.0,74321,-5073.0,11549,3208.0
PLATINUM - NEW YORK MERCANTILE EXCHANGE,2024-02-06,44878,35344,1060.0,3075.0,77077,2756.0,9534,-2015.0
PLATINUM - NEW YORK MERCANTILE EXCHANGE,2024-02-13,50318,48380,5440.0,13036.0,93019,15942.0,1938,-7596.0
PLATINUM - NEW YORK MERCANTILE EXCHANGE,2024-02-20,52505,44010,2187.0,-4370.0,87861,-5158.0,8495,6557.0
PLATINUM - NEW YORK MERCANTILE EXCHANGE,2024-02-27,49898,46297,-2607.0,2287.0,87889,28.0,3601,-4894.0
PLATINUM - NEW YORK MERCANTILE EXCHANGE,2024-03-05,49391,53755,-507.0,7458.0,96814,8925.0,-4364,-7965.0
PLATINUM - NEW YORK MERCANTILE EXCHANGE,2024-03-12,44716,37297,-4675.0,-16458.0,86082,-10732.0,7419,11783.0
PLATINUM - NEW YORK MERCANTILE EXCHANGE,2024-03-19,42540,36260,-2176.0,-1037.0,86155,73.0,6280,-1139.0
PLATINUM - NEW YORK MERCANTILE EXCHANGE,2024-03-26,43006,35811,466.0,-449.0,80677,-5478.0,7195,915.0
PLATINUM - NEW YORK MERCANTILE EXCHANGE,2024-04-02,45845,37256,2839.0,1445.0,80099,-578.0,8589,1394.0
PLATINUM - NEW YORK MERCANTILE EXCHANGE,2024-04-09,51330,32323,5485.0,-4933.0,81425,1326.0,19007,10418.0
PLATINUM - NEW YORK MERCANTILE EXCHANGE,2024-04-16,52430,34189,1100.0,1866.0,81834,409.0,18241,-766.0
PLATINUM - NEW YORK MERCANTILE EXCHANGE,2024-04-23,46596,39132,-5834.0,4943.0,83696,1862.0,7464,-10777.0
PLATINUM - NEW YORK MERCANTILE EXCHANGE,2024-04-30,42532,35735,-4064.0,-3397.0,80142,-3554.0,6797,-667.0
PLATINUM - NEW YORK MERCANTILE EXCHANGE,2024-05-07,45232,31572,2700.0,-4163.0,80677,535.0,13660,6863.0
PLATINUM - NEW YORK MERCANTILE EXCHANGE,2024-05-14,53314,28867,8082.0,-2705.0,87175,6498.0,24447,10787.0
PLATINUM - NEW YORK MERCANTILE EXCHANGE,2024-05-21,58479,30830,5165.0,1963.0,92741,5566.0,27649,3202.0
PLATINUM - NEW YORK MERCANTILE EXCHANGE,2024-05-28,58272,30705,-207.0,-125.0,93588,847.0,27567,-82.0
PLATINUM - NEW YORK MERCANTILE EXCHANGE,2024-06-04,56389,33823,-1883.0,3118.0,96267,2679.0,22566,-5001.0
PLATINUM - NEW YORK MERCANTILE EXCHANGE,2024-06-11,47463,31765,-8926.0,-2058.0,89976,-6291.0,15698,-6868.0
PLATINUM - NEW YORK MERCANTILE EXCHANGE,2024-06-18,43302,27438,-4161.0,-4327.0,87632,-2344.0,15864,166.0
PLATINUM - NEW YORK MERCANTILE EXCHANGE,2024-06-25,43196,22593,-106.0,-4845.0,76816,-10816.0,20603,4739.0
PLATINUM - NEW YORK MERCANTILE EXCHANGE,2024-07-02,45032,21076,1836.0,-1517.0,76572,-244.0,23956,3353.0
PLATINUM - NEW YORK MERCANTILE EXCHANGE,2024-07-09,47350,24684,2318.0,3608.0,81837,5265.0,22666,-1290.0
PLATINUM - NEW YORK MERCANTILE EXCHANGE,2024-07-16,48962,27014,1612.0,2330.0,83416,1579.0,21948,-718.0
PLATINUM - NEW YORK MERCANTILE EXCHANGE,2024-07-23,40902,28694,-8060.0,1680.0,80402,-3014.0,12208,-9740.0
PLATINUM - NEW YORK MERCANTILE EXCHANGE,2024-07-30,42595,28281,1693.0,-413.0,78760,-1642.0,14314,2106.0
PLATINUM - NEW YORK MERCANTILE EXCHANGE,2024-08-06,44391,34100,1796.0,5819.0,81153,2393.0,10291,-4023.0
PLATINUM - NEW YORK MERCANTILE EXCHANGE,2024-08-13,46287,34348,1896.0,248.0,81605,452.0,11939,1648.0
PLATINUM - NEW YORK MERCANTILE EXCHANGE,2024-08-20,45980,31154,-307.0,-3194.0,81395,-210.0,14826,2887.0
PLATINUM - NEW YORK MERCANTILE EXCHANGE,2024-08-27,42951,27218,-3029.0,-3936.0,77082,-4313.0,15733,907.0
PLATINUM - NEW YORK MERCANTILE EXCHANGE,2024-09-03,41924,40536,-1027.0,13318.0,87185,10103.0,1388,-14345.0
PLATINUM - NEW YORK MERCANTILE EXCHANGE,2024-09-10,45427,35424,3503.0,-5112.0,84729,-2456.0,10003,8615.0
PLATINUM - NEW YORK MERCANTILE EXCHANGE,2024-09-17,42679,20701,-2748.0,-14723.0,79134,-5595.0,21978,11975.0
PLATINUM - NEW YORK MERCANTILE EXCHANGE,2024-09-24,46103,21702,3424.0,1001.0,75168,-3966.0,24401,2423.0
PLATINUM - NEW YORK MERCANTILE EXCHANGE,2024-10-01,46316,18184,213.0,-3518.0,72633,-2535.0,28132,3731.0
PLATINUM - NEW YORK MERCANTILE EXCHANGE,2024-10-08,46339,22682,23.0,4498.0,76979,4346.0,23657,-4475.0
PLATINUM - NEW YORK MERCANTILE EXCHANGE,2024-10-15,46523,18136,184.0,-4546.0,72967,-4012.0,28387,4730.0
PLATINUM - NEW YORK MERCANTILE EXCHANGE,2024-10-22,53816,18940,7293.0,804.0,81497,8530.0,34876,6489.0
PLATINUM - NEW YORK MERCANTILE EXCHANGE,2024-10-29,57500,21957,3684.0,3017.0,86344,4847.0,35543,667.0
PLATINUM - NEW YORK MERCANTILE EXCHANGE,2024-11-05,55780,26739,-1720.0,4782.0,85562,-782.0,29041,-6502.0
PLATINUM - NEW YORK MERCANTILE EXCHANGE,2024-11-12,53283,33050,-2497.0,6311.0,88887,3325.0,20233,-8808.0
PLATINUM - NEW YORK MERCANTILE EXCHANGE,2024-11-19,55437,32761,2154.0,-289.0,88953,66.0,22676,2443.0
PLATINUM - NEW YORK MERCANTILE EXCHANGE,2024-11-26,54467,35807,-970.0,3046.0,92361,3408.0,18660,-4016.0
PLATINUM - NEW YORK MERCANTILE EXCHANGE,2024-12-03,55415,34929,948.0,-878.0,94662,2301.0,20486,1826.0
PLATINUM - NEW YORK MERCANTILE EXCHANGE,2024-12-10,54105,39276,-1310.0,4347.0,97656,2994.0,14829,-5657.0
PLATINUM - NEW YORK MERCANTILE EXCHANGE,2024-12-17,56233,42489,2128.0,3213.0,97942,286.0,13744,-1085.0
PLATINUM - NEW YORK MERCANTILE EXCHANGE,2024-12-24,57368,41720,1135.0,-769.0,91990,-5952.0,15648,1904.0
PLATINUM - NEW YORK MERCANTILE EXCHANGE,2024-12-31,52623,46967,-4745.0,5247.0,89197,-2793.0,5656,-9992.0
PLATINUM - NEW YORK MERCANTILE EXCHANGE,2025-01-07,56439,38592,3816.0,-8375.0,84617,-4580.0,17847,12191.0
PLATINUM - NEW YORK MERCANTILE EXCHANGE,2025-01-14,47098,31538,-9341.0,-7054.0,75049,-9568.0,15560,-2287.0
PLATINUM - NEW YORK MERCANTILE EXCHANGE,2025-01-21,48605,33997,1507.0,2459.0,75574,525.0,14608,-952.0
PLATINUM - NEW YORK MERCANTILE EXCHANGE,2025-01-28,46600,33227,-2005.0,-770.0,76105,531.0,13373,-1235.0
PLATINUM - NEW YORK MERCANTILE EXCHANGE,2025-02-04,45676,26701,-924.0,-6526.0,73237,-2868.0,18975,5602.0
PLATINUM - NEW YORK MERCANTILE EXCHANGE,2025-02-11,54600,28870,8924.0,2169.0,82571,9334.0,25730,6755.0
PLATINUM - NEW YORK MERCANTILE EXCHANGE,2025-02-18,58829,35292,4229.0,6422.0,88270,5699.0,23537,-2193.0
PLATINUM - NEW YORK MERCANTILE EXCHANGE,2025-02-25,52850,36674,-5979.0,1382.0,84790,-3480.0,16176,-7361.0
PLATINUM - NEW YORK MERCANTILE EXCHANGE,2025-03-04,48163,34311,-4687.0,-2363.0,79207,-5583.0,13852,-2324.0
PLATINUM - NEW YORK MERCANTILE EXCHANGE,2025-03-11,46531,30783,-1632.0,-3528.0,79390,183.0,15748,1896.0
PLATINUM - NEW YORK MERCANTILE EXCHANGE,2025-03-18,49545,29038,3014.0,-1745.0,80614,1224.0,20507,4759.0
PLATINUM - NEW YORK MERCANTILE EXCHANGE,2025-03-25,48416,34858,-1129.0,5820.0,80688,74.0,13558,-6949.0
PLATINUM - NEW YORK MERCANTILE EXCHANGE,2025-04-01,49449,34474,1033.0,-384.0,78874,-1814.0,14975,1417.0
PLATINUM - NEW YORK MERCANTILE EXCHANGE,2025-04-08,43763,44557,-5686.0,10083.0,81948,3074.0,-794,-15769.0
PLATINUM - NEW YORK MERCANTILE EXCHANGE,2025-04-15,44827,38793,1064.0,-5764.0,76375,-5573.0,6034,6828.0
PLATINUM - NEW YORK MERCANTILE EXCHANGE,2025-04-22,45094,39417,267.0,624.0,77885,1510.0,5677,-357.0
PLATINUM - NEW YORK MERCANTILE EXCHANGE,2025-04-29,45794,35832,700.0,-3585.0,76812,-1073.0,9962,4285.0
PLATINUM - NEW YORK MERCANTILE EXCHANGE,2025-05-06,44605,35095,-1189.0,-737.0,77994,1182.0,9510,-452.0
PLATINUM - NEW YORK MERCANTILE EXCHANGE,2025-05-13,42968,33652,-1637.0,-1443.0,75977,-2017.0,9316,-194.0
PLATINUM - NEW YORK MERCANTILE EXCHANGE,2025-05-20,50293,32897,7325.0,-755.0,82058,6081.0,17396,8080.0
PLATINUM - NEW YORK MERCANTILE EXCHANGE,2025-05-27,59282,33939,8989.0,1042.0,91884,9826.0,25343,7947.0
PLATINUM - NEW YORK MERCANTILE EXCHANGE,2025-06-03,59019,38970,-263.0,5031.0,95262,3378.0,20049,-5294.0
PLATINUM - NEW YORK MERCANTILE EXCHANGE,2025-06-10,62728,35749,3709.0,-3221.0,99722,4460.0,26979,6930.0
PLATINUM - NEW YORK MERCANTILE EXCHANGE,2025-06-17,62078,38851,-650.0,3102.0,105866,6144.0,23227,-3752.0
PLATINUM - NEW YORK MERCANTILE EXCHANGE,2025-06-24,60143,34931,-1935.0,-3920.0,100778,-5088.0,25212,1985.0
PLATINUM - NEW YORK MERCANTILE EXCHANGE,2025-07-01,57559,34917,-2584.0,-14.0,91281,-9497.0,22642,-2570.0
PLATINUM - NEW YORK MERCANTILE EXCHANGE,2025-07-08,56239,35465,-1320.0,548.0,91757,476.0,20774,-1868.0
PLATINUM - NEW YORK MERCANTILE EXCHANGE,2025-07-15,55186,35884,-1053.0,419.0,91718,-39.0,19302,-1472.0
PLATINUM - NEW YORK MERCANTILE EXCHANGE,2025-07-22,55180,34505,-6.0,-1379.0,90701,-1017.0,20675,1373.0
PLATINUM - NEW YORK MERCANTILE EXCHANGE,2025-07-29,52572,32004,-2608.0,-2501.0,88178,-2523.0,20568,-107.0
PLATINUM - NEW YORK MERCANTILE EXCHANGE,2025-08-05,46067,29405,-6505.0,-2599.0,80547,-7631.0,16662,-3906.0
PLATINUM - NEW YORK MERCANTILE EXCHANGE,2025-08-12,47458,29670,1391.0,265.0,81726,1179.0,17788,1126.0
PLATINUM - NEW YORK MERCANTILE EXCHANGE,2025-08-19,49269,34219,1811.0,4549.0,86155,4429.0,15050,-2738.0
PLATINUM - NEW YORK MERCANTILE EXCHANGE,2025-08-26,49314,33528,45.0,-691.0,85575,-580.0,15786,736.0
PLATINUM - NEW YORK MERCANTILE EXCHANGE,2025-09-02,52156,35158,2842.0,1630.0,88805,3230.0,16998,1212.0
PLATINUM - NEW YORK MERCANTILE EXCHANGE,2025-09-09,53057,38701,901.0,3543.0,94804,5999.0,14356,-2642.0
PLATINUM - NEW YORK MERCANTILE EXCHANGE,2025-09-16,54061,38858,1004.0,157.0,100289,5485.0,15203,847.0
PLATINUM - NEW YORK MERCANTILE EXCHANGE,2025-09-23,56669,34627,2608.0,-4231.0,97978,-2311.0,22042,6839.0
PLATINUM - NEW YORK MERCANTILE EXCHANGE,2025-09-30,56227,34462,-442.0,-165.0,91091,-6887.0,21765,-277.0
PLATINUM - NEW YORK MERCANTILE EXCHANGE,2025-10-07,56442,38101,215.0,3639.0,90867,-224.0,18341,-3424.0
PLATINUM - NEW YORK MERCANTILE EXCHANGE,2025-10-14,54669,35716,-1773.0,-2385.0,88642,-2225.0,18953,612.0
PLATINUM - NEW YORK MERCANTILE EXCHANGE,2025-10-21,48237,31363,-6432.0,-4353.0,81364,-7278.0,16874,-2079.0
PLATINUM - NEW YORK MERCANTILE EXCHANGE,2025-10-28,46612,27062,-1625.0,-4301.0,78306,-3058.0,19550,2676.0
PLATINUM - NEW YORK MERCANTILE EXCHANGE,2025-11-04,46811,28117,199.0,1055.0,78849,543.0,18694,-856.0
PLATINUM - NEW YORK MERCANTILE EXCHANGE,2025-11-10,47415,28530,604.0,413.0,80545,1696.0,18885,191.0
PLATINUM - NEW YORK MERCANTILE EXCHANGE,2025-11-18,48000,31427,585.0,2897.0,83408,2863.0,16573,-2312.0
PLATINUM - NEW YORK MERCANTILE EXCHANGE,2025-11-25,48005,32026,5.0,599.0,83676,268.0,15979,-594.0
PLATINUM - NEW YORK MERCANTILE EXCHANGE,2025-12-02,50630,34650,2625.0,2624.0,87659,3983.0,15980,1.0
PLATINUM - NEW YORK MERCANTILE EXCHANGE,2025-12-09,53632,33742,3002.0,-908.0,90356,2697.0,19890,3910.0
PLATINUM - NEW YORK MERCANTILE EXCHANGE,2025-12-16,57731,34438,4099.0,696.0,97095,6739.0,23293,3403.0
PLATINUM - NEW YORK MERCANTILE EXCHANGE,2025-12-23,48138,28795,-9593.0,-5643.0,90330,-6765.0,19343,-3950.0
PLATINUM - NEW YORK MERCANTILE EXCHANGE,2025-12-30,44667,26625,-3471.0,-2170.0,82836,-7494.0,18042,-1301.0
PLATINUM - NEW YORK MERCANTILE EXCHANGE,2026-01-06,42589,24479,-2078.0,-2146.0,79050,-3786.0,18110,68.0
PLATINUM - NEW YORK MERCANTILE EXCHANGE,2026-01-13,40741,23147,-1848.0,-1332.0,78337,-713.0,17594,-516.0
PLATINUM - NEW YORK MERCANTILE EXCHANGE,2026-01-20,39709,24585,-1032.0,1438.0,79009,672.0,15124,-2470.0
PLATINUM - NEW YORK MERCANTILE EXCHANGE,2026-01-27,36419,22497,-3290.0,-2088.0,79441,432.0,13922,-1202.0
PLATINUM - NEW YORK MERCANTILE EXCHANGE,2026-02-03,31468,18362,-4951.0,-4135.0,73590,-5851.0,13106,-816.0
PLATINUM - NEW YORK MERCANTILE EXCHANGE,2026-02-10,28340,16256,-3128.0,-2106.0,69061,-4529.0,12084,-1022.0
PLATINUM - NEW YORK MERCANTILE EXCHANGE,2026-02-17,28826,16479,486.0,223.0,69291,230.0,12347,263.0
PLATINUM - NEW YORK MERCANTILE EXCHANGE,2026-02-24,29669,16429,843.0,-50.0,72351,3060.0,13240,893.0
PLATINUM - NEW YORK MERCANTILE EXCHANGE,2026-03-03,31579,17747,1910.0,1318.0,70154,-2197.0,13832,592.0
PLATINUM - NEW YORK MERCANTILE EXCHANGE,2026-03-10,30396,15706,-1183.0,-2041.0,68758,-1396.0,14690,858.0
PLATINUM - NEW YORK MERCANTILE EXCHANGE,2026-03-17,30172,13274,-224.0,-2432.0,67292,-1466.0,16898,2208.0
PLATINUM - NEW YORK MERCANTILE EXCHANGE,2026-03-24,26146,9948,-4026.0,-3326.0,61473,-5819.0,16198,-700.0
PLATINUM - NEW YORK MERCANTILE EXCHANGE,2026-03-31,26303,9966,157.0,18.0,60515,-958.0,16337,139.0
PLATINUM - NEW YORK MERCANTILE EXCHANGE,2026-04-07,27259,9221,956.0,-745.0,59884,-631.0,18038,1701.0
PLATINUM - NEW YORK MERCANTILE EXCHANGE,2026-04-14,29215,8612,1956.0,-609.0,62452,2568.0,20603,2565.0
PLATINUM - NEW YORK MERCANTILE EXCHANGE,2026-04-21,28940,8404,-275.0,-208.0,61997,-455.0,20536,-67.0
PLATINUM - NEW YORK MERCANTILE EXCHANGE,2026-04-28,27632,9082,-1308.0,678.0,61055,-942.0,18550,-1986.0
PLATINUM - NEW YORK MERCANTILE EXCHANGE,2026-05-05,26668,8883,-964.0,-199.0,60646,-409.0,17785,-765.0
PLATINUM - NEW YORK MERCANTILE EXCHANGE,2026-05-12,28266,7554,1598.0,-1329.0,63375,2729.0,20712,2927.0
PLATINUM - NEW YORK MERCANTILE EXCHANGE,2026-05-19,26148,8240,-2118.0,686.0,62782,-593.0,17908,-2804.0
PLATINUM - NEW YORK MERCANTILE EXCHANGE,2026-05-26,25998,8340,-150.0,100.0,62711,-71.0,17658,-250.0
PLATINUM - NEW YORK MERCANTILE EXCHANGE,2026-06-02,25527,8315,-471.0,-25.0,65697,2986.0,17212,-446.0
PLATINUM - NEW YORK MERCANTILE EXCHANGE,2026-06-09,24826,9814,-701.0,1499.0,62457,-3240.0,15012,-2200.0
PLATINUM - NEW YORK MERCANTILE EXCHANGE,2026-06-16,23745,9137,-1081.0,-677.0,62420,-37.0,14608,-404.0
PLATINUM - NEW YORK MERCANTILE EXCHANGE,2026-06-23,23376,8281,-369.0,-856.0,57738,-4682.0,15095,487.0
PLATINUM - NEW YORK MERCANTILE EXCHANGE,2026-06-30,24830,9829,1454.0,1548.0,53719,-4019.0,15001,-94.0
PLATINUM - NEW YORK MERCANTILE EXCHANGE,2026-07-07,22825,8953,-2005.0,-876.0,53645,-74.0,13872,-1129.0
PLATINUM - NEW YORK MERCANTILE EXCHANGE,2026-07-14,22461,8713,-364.0,-240.0,53837,192.0,13748,-124.0
PLATINUM - NEW YORK MERCANTILE EXCHANGE,2026-07-21,21807,9323,-654.0,610.0,53721,-116.0,12484,-1264.0
PLATINUM - NEW YORK MERCANTILE EXCHANGE,2026-07-28,21071,9436,-736.0,113.0,53658,-63.0,11635,-849.0
PLATINUM - NEW YORK MERCANTILE EXCHANGE,2026-08-04,23151,8390,2080.0,-1046.0,55848,2190.0,14761,3126.0
PLATINUM - NEW YORK MERCANTILE EXCHANGE,2026-08-11,23292,9752,141.0,1362.0,56771,923.0,13540,-1221.0
PLATINUM - NEW YORK MERCANTILE EXCHANGE,2026-08-18,23514,10475,222.0,723.0,60129,3358.0,13039,-501.0
PLATINUM - NEW YORK MERCANTILE EXCHANGE,2026-08-25,26947,11561,3433.0,1086.0,64648,4519.0,15386,2347.0
PLATINUM - NEW YORK MERCANTILE EXCHANGE,2026-09-01,25692,10692,-1255.0,-869.0,68059,3411.0,15000,-386.0
PLATINUM - NEW YORK MERCANTILE EXCHANGE,2026-09-08,26775,10799,1083.0,107.0,67810,-249.0,15976,976.0
PLATINUM - NEW YORK MERCANTILE EXCHANGE,2026-09-15,26250,11030,-525.0,231.0,65478,-2332.0,15220,-756.0
PLATINUM - NEW YORK MERCANTILE EXCHANGE,2026-09-22,27006,11640,756.0,610.0,65373,-105.0,15366,146.0
