Market and Exchange Names,As of Date in Form YYYY-MM-DD,Noncommercial Positions-Long (All),Noncommercial Positions-Short (All),Change in Noncommercial-Long (All),Change in Noncommercial-Short (All),Open Interest (All),Change in Open Interest (All),Net Positions,Change Net Positions
SILVER - COMMODITY EXCHANGE INC.,1986-01-15,11687,7480,,,82722,,4207,
SILVER - CHICAGO BOARD OF TRADE,1986-01-15,554,3170,,,18883,,-2616,-6823.0
SILVER - COMMODITY EXCHANGE INC.,1986-01-31,10702,5664,-985.0,-1816.0,81949,-773.0,5038,7654.0
SILVER - CHICAGO BOARD OF TRADE,1986-01-31,1658,1749,1104.0,-1421.0,20079,1196.0,-91,-5129.0
SILVER - COMMODITY EXCHANGE INC.,1986-02-14,9113,7091,-1589.0,1427.0,82008,59.0,2022,2113.0
SILVER - CHICAGO BOARD OF TRADE,1986-02-14,943,2137,-715.0,388.0,18065,-2014.0,-1194,-3216.0
SILVER - COMMODITY EXCHANGE INC.,1986-02-28,10355,10555,1242.0,3464.0,79008,-3000.0,-200,994.0
SILVER - CHICAGO BOARD OF TRADE,1986-02-28,1132,3387,189.0,1250.0,19636,1571.0,-2255,-2055.0
SILVER - COMMODITY EXCHANGE INC.,1986-03-14,8740,7771,-1615.0,-2784.0,74066,-4942.0,969,3224.0
SILVER - CHICAGO BOARD OF TRADE,1986-03-14,530,2546,-602.0,-841.0,16330,-3306.0,-2016,-2985.0
SILVER - COMMODITY EXCHANGE INC.,1986-03-31,8990,10443,250.0,2672.0,78406,4340.0,-1453,563.0
SILVER - CHICAGO BOARD OF TRADE,1986-03-31,600,3223,70.0,677.0,17395,1065.0,-2623,-1170.0
SILVER - COMMODITY EXCHANGE INC.,1986-04-15,12005,8955,3015.0,-1488.0,79567,1161.0,3050,5673.0
SILVER - CHICAGO BOARD OF TRADE,1986-04-15,950,2798,350.0,-425.0,16808,-587.0,-1848,-4898.0
SILVER - COMMODITY EXCHANGE INC.,1986-04-30,7526,7486,-4479.0,-1469.0,73868,-5699.0,40,1888.0
SILVER - CHICAGO BOARD OF TRADE,1986-04-30,620,4166,-330.0,1368.0,15511,-1297.0,-3546,-3586.0
SILVER - COMMODITY EXCHANGE INC.,1986-05-15,7598,8493,72.0,1007.0,73890,22.0,-895,2651.0
SILVER - CHICAGO BOARD OF TRADE,1986-05-15,693,5174,73.0,1008.0,16630,1119.0,-4481,-3586.0
SILVER - COMMODITY EXCHANGE INC.,1986-05-30,10377,7920,2779.0,-573.0,75216,1326.0,2457,6938.0
SILVER - CHICAGO BOARD OF TRADE,1986-05-30,391,2843,-302.0,-2331.0,13562,-3068.0,-2452,-4909.0
SILVER - COMMODITY EXCHANGE INC.,1986-06-13,12768,7637,2391.0,-283.0,74855,-361.0,5131,7583.0
SILVER - CHICAGO BOARD OF TRADE,1986-06-13,677,2667,286.0,-176.0,12860,-702.0,-1990,-7121.0
SILVER - COMMODITY EXCHANGE INC.,1986-06-30,5425,6399,-7343.0,-1238.0,64478,-10377.0,-974,1016.0
SILVER - CHICAGO BOARD OF TRADE,1986-06-30,865,2825,188.0,158.0,12800,-60.0,-1960,-986.0
SILVER - COMMODITY EXCHANGE INC.,1986-07-15,4965,7341,-460.0,942.0,65294,816.0,-2376,-416.0
SILVER - CHICAGO BOARD OF TRADE,1986-07-15,851,2566,-14.0,-259.0,13399,599.0,-1715,661.0
SILVER - COMMODITY EXCHANGE INC.,1986-07-31,7086,6131,2121.0,-1210.0,71238,5944.0,955,2670.0
SILVER - CHICAGO BOARD OF TRADE,1986-07-31,664,1892,-187.0,-674.0,12470,-929.0,-1228,-2183.0
SILVER - COMMODITY EXCHANGE INC.,1986-08-15,11302,3289,4216.0,-2842.0,77588,6350.0,8013,9241.0
SILVER - CHICAGO BOARD OF TRADE,1986-08-15,445,2383,-219.0,491.0,12652,182.0,-1938,-9951.0
SILVER - COMMODITY EXCHANGE INC.,1986-08-29,9953,3424,-1349.0,135.0,67835,-9753.0,6529,8467.0
SILVER - CHICAGO BOARD OF TRADE,1986-08-29,335,1600,-110.0,-783.0,12530,-122.0,-1265,-7794.0
SILVER - COMMODITY EXCHANGE INC.,1986-09-15,16365,4913,6412.0,1489.0,87271,19436.0,11452,12717.0
SILVER - CHICAGO BOARD OF TRADE,1986-09-15,992,1901,657.0,301.0,13684,1154.0,-909,-12361.0
SILVER - COMMODITY EXCHANGE INC.,1986-09-30,12097,4808,-4268.0,-105.0,73895,-13376.0,7289,8198.0
SILVER - CHICAGO BOARD OF TRADE,1986-09-30,1450,846,458.0,-1055.0,13041,-643.0,604,-6685.0
SILVER - COMMODITY EXCHANGE INC.,1986-10-15,12235,4559,138.0,-249.0,84548,10653.0,7676,7072.0
SILVER - CHICAGO BOARD OF TRADE,1986-10-15,898,790,-552.0,-56.0,13101,60.0,108,-7568.0
SILVER - COMMODITY EXCHANGE INC.,1986-10-31,13490,4438,1255.0,-121.0,89998,5450.0,9052,8944.0
SILVER - CHICAGO BOARD OF TRADE,1986-10-31,67,950,-831.0,160.0,13035,-66.0,-883,-9935.0
SILVER - COMMODITY EXCHANGE INC.,1986-11-14,13833,5501,343.0,1063.0,98214,8216.0,8332,9215.0
SILVER - CHICAGO BOARD OF TRADE,1986-11-14,376,1280,309.0,330.0,13535,500.0,-904,-9236.0
SILVER - COMMODITY EXCHANGE INC.,1986-11-28,8485,3951,-5348.0,-1550.0,90952,-7262.0,4534,5438.0
SILVER - CHICAGO BOARD OF TRADE,1986-11-28,1931,719,1555.0,-561.0,14427,892.0,1212,-3322.0
SILVER - COMMODITY EXCHANGE INC.,1986-12-15,8741,3326,256.0,-625.0,89252,-1700.0,5415,4203.0
SILVER - CHICAGO BOARD OF TRADE,1986-12-15,1033,856,-898.0,137.0,12746,-1681.0,177,-5238.0
SILVER - COMMODITY EXCHANGE INC.,1986-12-31,8638,4693,-103.0,1367.0,89822,570.0,3945,3768.0
SILVER - CHICAGO BOARD OF TRADE,1986-12-31,1658,790,625.0,-66.0,12748,2.0,868,-3077.0
SILVER - COMMODITY EXCHANGE INC.,1987-01-15,9986,3672,1348.0,-1021.0,93470,3648.0,6314,5446.0
SILVER - CHICAGO BOARD OF TRADE,1987-01-15,942,651,-716.0,-139.0,12822,74.0,291,-6023.0
SILVER - COMMODITY EXCHANGE INC.,1987-01-30,10122,3729,136.0,57.0,95672,2202.0,6393,6102.0
SILVER - CHICAGO BOARD OF TRADE,1987-01-30,1841,490,899.0,-161.0,12937,115.0,1351,-5042.0
SILVER - COMMODITY EXCHANGE INC.,1987-02-13,8984,4243,-1138.0,514.0,94609,-1063.0,4741,3390.0
SILVER - CHICAGO BOARD OF TRADE,1987-02-13,2026,490,185.0,0.0,12135,-802.0,1536,-3205.0
SILVER - COMMODITY EXCHANGE INC.,1987-02-27,9873,6561,889.0,2318.0,89438,-5171.0,3312,1776.0
SILVER - CHICAGO BOARD OF TRADE,1987-02-27,1672,490,-354.0,0.0,11972,-163.0,1182,-2130.0
SILVER - COMMODITY EXCHANGE INC.,1987-03-13,12775,5539,2902.0,-1022.0,92735,3297.0,7236,6054.0
SILVER - CHICAGO BOARD OF TRADE,1987-03-13,585,490,-1087.0,0.0,12536,564.0,95,-7141.0
SILVER - COMMODITY EXCHANGE INC.,1987-03-31,19625,6973,6850.0,1434.0,100751,8016.0,12652,12557.0
SILVER - CHICAGO BOARD OF TRADE,1987-03-31,2210,841,1625.0,351.0,13718,1182.0,1369,-11283.0
SILVER - COMMODITY EXCHANGE INC.,1987-04-15,20923,8692,1298.0,1719.0,111131,10380.0,12231,10862.0
SILVER - CHICAGO BOARD OF TRADE,1987-04-15,2725,1064,515.0,223.0,15338,1620.0,1661,-10570.0
SILVER - COMMODITY EXCHANGE INC.,1987-04-30,15262,6519,-5661.0,-2173.0,108882,-2249.0,8743,7082.0
SILVER - CHICAGO BOARD OF TRADE,1987-04-30,1523,479,-1202.0,-585.0,14861,-477.0,1044,-7699.0
SILVER - COMMODITY EXCHANGE INC.,1987-05-15,19916,6627,4654.0,108.0,99902,-8980.0,13289,12245.0
SILVER - CHICAGO BOARD OF TRADE,1987-05-15,2401,3018,878.0,2539.0,17922,3061.0,-617,-13906.0
SILVER - COMMODITY EXCHANGE INC.,1987-05-29,11438,6578,-8478.0,-49.0,93803,-6099.0,4860,5477.0
SILVER - CHICAGO BOARD OF TRADE,1987-05-29,513,2469,-1888.0,-549.0,15152,-2770.0,-1956,-6816.0
SILVER - COMMODITY EXCHANGE INC.,1987-06-15,13384,3864,1946.0,-2714.0,92473,-1330.0,9520,11476.0
SILVER - CHICAGO BOARD OF TRADE,1987-06-15,388,2740,-125.0,271.0,15032,-120.0,-2352,-11872.0
SILVER - COMMODITY EXCHANGE INC.,1987-06-30,13283,4697,-101.0,833.0,80745,-11728.0,8586,10938.0
SILVER - CHICAGO BOARD OF TRADE,1987-06-30,500,2815,112.0,75.0,15239,207.0,-2315,-10901.0
SILVER - COMMODITY EXCHANGE INC.,1987-07-15,15011,5487,1728.0,790.0,83105,2360.0,9524,11839.0
SILVER - CHICAGO BOARD OF TRADE,1987-07-15,445,3060,-55.0,245.0,15888,649.0,-2615,-12139.0
SILVER - COMMODITY EXCHANGE INC.,1987-07-31,17923,5983,2912.0,496.0,88277,5172.0,11940,14555.0
SILVER - CHICAGO BOARD OF TRADE,1987-07-31,1145,2453,700.0,-607.0,14492,-1396.0,-1308,-13248.0
SILVER - COMMODITY EXCHANGE INC.,1987-08-14,12014,5684,-5909.0,-299.0,86311,-1966.0,6330,7638.0
SILVER - CHICAGO BOARD OF TRADE,1987-08-14,894,1846,-251.0,-607.0,13761,-731.0,-952,-7282.0
SILVER - COMMODITY EXCHANGE INC.,1987-08-31,9894,8965,-2120.0,3281.0,82360,-3951.0,929,1881.0
SILVER - CHICAGO BOARD OF TRADE,1987-08-31,150,746,-744.0,-1100.0,13484,-277.0,-596,-1525.0
SILVER - COMMODITY EXCHANGE INC.,1987-09-15,12743,7153,2849.0,-1812.0,80424,-1936.0,5590,6186.0
SILVER - CHICAGO BOARD OF TRADE,1987-09-15,200,1726,50.0,980.0,13591,107.0,-1526,-7116.0
SILVER - COMMODITY EXCHANGE INC.,1987-09-30,9740,5956,-3003.0,-1197.0,78573,-1851.0,3784,5310.0
SILVER - CHICAGO BOARD OF TRADE,1987-09-30,227,865,27.0,-861.0,13504,-87.0,-638,-4422.0
SILVER - COMMODITY EXCHANGE INC.,1987-10-15,10543,5206,803.0,-750.0,86803,8230.0,5337,5975.0
SILVER - CHICAGO BOARD OF TRADE,1987-10-15,0,1815,-227.0,950.0,13951,447.0,-1815,-7152.0
SILVER - COMMODITY EXCHANGE INC.,1987-10-30,9794,6055,-749.0,849.0,82890,-3913.0,3739,5554.0
SILVER - CHICAGO BOARD OF TRADE,1987-10-30,480,829,480.0,-986.0,13062,-889.0,-349,-4088.0
SILVER - COMMODITY EXCHANGE INC.,1987-11-13,8154,5029,-1640.0,-1026.0,78897,-3993.0,3125,3474.0
SILVER - CHICAGO BOARD OF TRADE,1987-11-13,672,1225,192.0,396.0,12601,-461.0,-553,-3678.0
SILVER - COMMODITY EXCHANGE INC.,1987-11-30,7029,4308,-1125.0,-721.0,71169,-7728.0,2721,3274.0
SILVER - CHICAGO BOARD OF TRADE,1987-11-30,309,1451,-363.0,226.0,11185,-1416.0,-1142,-3863.0
SILVER - COMMODITY EXCHANGE INC.,1987-12-15,8767,4567,1738.0,259.0,71447,278.0,4200,5342.0
SILVER - CHICAGO BOARD OF TRADE,1987-12-15,410,1219,101.0,-232.0,10482,-703.0,-809,-5009.0
SILVER - COMMODITY EXCHANGE INC.,1987-12-31,7244,4499,-1523.0,-68.0,74233,2786.0,2745,3554.0
SILVER - CHICAGO BOARD OF TRADE,1987-12-31,265,1444,-145.0,225.0,10167,-315.0,-1179,-3924.0
SILVER - COMMODITY EXCHANGE INC.,1988-01-15,8337,4852,1093.0,353.0,77166,2933.0,3485,4664.0
SILVER - CHICAGO BOARD OF TRADE,1988-01-15,0,2571,-265.0,1127.0,11108,941.0,-2571,-6056.0
SILVER - COMMODITY EXCHANGE INC.,1988-01-29,7767,6428,-570.0,1576.0,79470,2304.0,1339,3910.0
SILVER - CHICAGO BOARD OF TRADE,1988-01-29,700,1486,700.0,-1085.0,11889,781.0,-786,-2125.0
SILVER - COMMODITY EXCHANGE INC.,1988-02-12,6719,7385,-1048.0,957.0,80621,1151.0,-666,120.0
SILVER - CHICAGO BOARD OF TRADE,1988-02-12,702,1427,2.0,-59.0,11288,-601.0,-725,-59.0
SILVER - COMMODITY EXCHANGE INC.,1988-02-29,9124,6019,2405.0,-1366.0,71002,-9619.0,3105,3830.0
SILVER - CHICAGO BOARD OF TRADE,1988-02-29,287,1500,-415.0,73.0,11055,-233.0,-1213,-4318.0
SILVER - COMMODITY EXCHANGE INC.,1988-03-15,8042,4761,-1082.0,-1258.0,67760,-3242.0,3281,4494.0
SILVER - CHICAGO BOARD OF TRADE,1988-03-15,306,1704,19.0,204.0,10664,-391.0,-1398,-4679.0
SILVER - COMMODITY EXCHANGE INC.,1988-03-31,14472,4154,6430.0,-607.0,68708,948.0,10318,11716.0
SILVER - CHICAGO BOARD OF TRADE,1988-03-31,508,2218,202.0,514.0,10299,-365.0,-1710,-12028.0
SILVER - COMMODITY EXCHANGE INC.,1988-04-15,8005,5184,-6467.0,1030.0,65254,-3454.0,2821,4531.0
SILVER - CHICAGO BOARD OF TRADE,1988-04-15,622,1526,114.0,-692.0,10365,66.0,-904,-3725.0
SILVER - COMMODITY EXCHANGE INC.,1988-04-29,8187,4149,182.0,-1035.0,62356,-2898.0,4038,4942.0
SILVER - CHICAGO BOARD OF TRADE,1988-04-29,455,1807,-167.0,281.0,10581,216.0,-1352,-5390.0
SILVER - COMMODITY EXCHANGE INC.,1988-05-13,9568,4984,1381.0,835.0,69826,7470.0,4584,5936.0
SILVER - CHICAGO BOARD OF TRADE,1988-05-13,1700,4037,1245.0,2230.0,12147,1566.0,-2337,-6921.0
SILVER - COMMODITY EXCHANGE INC.,1988-05-31,11371,4968,1803.0,-16.0,71083,1257.0,6403,8740.0
SILVER - CHICAGO BOARD OF TRADE,1988-05-31,1226,2673,-474.0,-1364.0,12023,-124.0,-1447,-7850.0
SILVER - COMMODITY EXCHANGE INC.,1988-06-15,15304,5065,3933.0,97.0,81946,10863.0,10239,11686.0
SILVER - CHICAGO BOARD OF TRADE,1988-06-15,2580,4294,1354.0,1621.0,13052,1029.0,-1714,-11953.0
SILVER - COMMODITY EXCHANGE INC.,1988-06-30,12945,4251,-2359.0,-814.0,79431,-2515.0,8694,10408.0
SILVER - CHICAGO BOARD OF TRADE,1988-06-30,818,2115,-1762.0,-2179.0,10974,-2078.0,-1297,-9991.0
SILVER - COMMODITY EXCHANGE INC.,1988-07-15,21107,5705,8162.0,1454.0,86951,7520.0,15402,16699.0
SILVER - CHICAGO BOARD OF TRADE,1988-07-15,2650,4051,1832.0,1936.0,14171,3197.0,-1401,-16803.0
SILVER - COMMODITY EXCHANGE INC.,1988-07-29,13803,5459,-7304.0,-246.0,83956,-2995.0,8344,9745.0
SILVER - CHICAGO BOARD OF TRADE,1988-07-29,2716,1762,66.0,-2289.0,12710,-1461.0,954,-7390.0
SILVER - COMMODITY EXCHANGE INC.,1988-08-15,9494,5956,-4309.0,497.0,81975,-1981.0,3538,2584.0
SILVER - CHICAGO BOARD OF TRADE,1988-08-15,2608,2385,-108.0,623.0,12856,146.0,223,-3315.0
SILVER - COMMODITY EXCHANGE INC.,1988-08-31,7866,5179,-1628.0,-777.0,76870,-5105.0,2687,2464.0
SILVER - CHICAGO BOARD OF TRADE,1988-08-31,2231,2878,-377.0,493.0,12933,77.0,-647,-3334.0
SILVER - COMMODITY EXCHANGE INC.,1988-09-15,8573,5296,707.0,117.0,84791,7921.0,3277,3924.0
SILVER - CHICAGO BOARD OF TRADE,1988-09-15,1684,2558,-547.0,-320.0,12474,-459.0,-874,-4151.0
SILVER - COMMODITY EXCHANGE INC.,1988-09-30,7371,5538,-1202.0,242.0,81903,-2888.0,1833,2707.0
SILVER - CHICAGO BOARD OF TRADE,1988-09-30,1909,2941,225.0,383.0,11801,-673.0,-1032,-2865.0
SILVER - COMMODITY EXCHANGE INC.,1988-10-14,10886,5651,3515.0,113.0,86088,4185.0,5235,6267.0
SILVER - CHICAGO BOARD OF TRADE,1988-10-14,2836,3923,927.0,982.0,12983,1182.0,-1087,-6322.0
SILVER - COMMODITY EXCHANGE INC.,1988-10-31,9320,4116,-1566.0,-1535.0,86090,2.0,5204,6291.0
SILVER - CHICAGO BOARD OF TRADE,1988-10-31,150,2083,-2686.0,-1840.0,9852,-3131.0,-1933,-7137.0
SILVER - COMMODITY EXCHANGE INC.,1988-11-15,10628,4505,1308.0,389.0,89952,3862.0,6123,8056.0
SILVER - CHICAGO BOARD OF TRADE,1988-11-15,1266,4320,1116.0,2237.0,11519,1667.0,-3054,-9177.0
SILVER - COMMODITY EXCHANGE INC.,1988-11-30,10572,11505,-56.0,7000.0,91104,1152.0,-933,2121.0
SILVER - CHICAGO BOARD OF TRADE,1988-11-30,1469,2887,203.0,-1433.0,12893,1374.0,-1418,-485.0
SILVER - COMMODITY EXCHANGE INC.,1988-12-15,12242,10341,1670.0,-1164.0,90557,-547.0,1901,3319.0
SILVER - CHICAGO BOARD OF TRADE,1988-12-15,1042,2464,-427.0,-423.0,9700,-3193.0,-1422,-3323.0
SILVER - COMMODITY EXCHANGE INC.,1988-12-30,12815,11186,573.0,845.0,93990,3433.0,1629,3051.0
SILVER - CHICAGO BOARD OF TRADE,1988-12-30,3047,3135,2005.0,671.0,11787,2087.0,-88,-1717.0
SILVER - COMMODITY EXCHANGE INC.,1989-01-13,11392,12664,-1423.0,1478.0,92768,-1222.0,-1272,-1184.0
SILVER - CHICAGO BOARD OF TRADE,1989-01-13,250,2495,-2797.0,-640.0,10653,-1134.0,-2245,-973.0
SILVER - COMMODITY EXCHANGE INC.,1989-01-31,13385,10332,1993.0,-2332.0,94178,1410.0,3053,5298.0
SILVER - CHICAGO BOARD OF TRADE,1989-01-31,250,2180,0.0,-315.0,9584,-1069.0,-1930,-4983.0
SILVER - COMMODITY EXCHANGE INC.,1989-02-15,13333,9376,-52.0,-956.0,96665,2487.0,3957,5887.0
SILVER - CHICAGO BOARD OF TRADE,1989-02-15,650,1952,400.0,-228.0,9692,108.0,-1302,-5259.0
SILVER - COMMODITY EXCHANGE INC.,1989-02-28,14201,8555,868.0,-821.0,91910,-4755.0,5646,6948.0
SILVER - CHICAGO BOARD OF TRADE,1989-02-28,250,2578,-400.0,626.0,9809,117.0,-2328,-7974.0
SILVER - COMMODITY EXCHANGE INC.,1989-03-15,20438,4602,6237.0,-3953.0,91484,-426.0,15836,18164.0
SILVER - CHICAGO BOARD OF TRADE,1989-03-15,408,2669,158.0,91.0,9911,102.0,-2261,-18097.0
SILVER - COMMODITY EXCHANGE INC.,1989-03-31,19375,11191,-1063.0,6589.0,97317,5833.0,8184,10445.0
SILVER - CHICAGO BOARD OF TRADE,1989-03-31,756,2444,348.0,-225.0,9001,-910.0,-1688,-9872.0
SILVER - COMMODITY EXCHANGE INC.,1989-04-14,19359,10651,-16.0,-540.0,101606,4289.0,8708,10396.0
SILVER - CHICAGO BOARD OF TRADE,1989-04-14,430,2640,-326.0,196.0,8802,-199.0,-2210,-10918.0
SILVER - COMMODITY EXCHANGE INC.,1989-04-28,17135,11074,-2224.0,423.0,93849,-7757.0,6061,8271.0
SILVER - CHICAGO BOARD OF TRADE,1989-04-28,795,2477,365.0,-163.0,9002,200.0,-1682,-7743.0
SILVER - COMMODITY EXCHANGE INC.,1989-05-15,17893,13792,758.0,2718.0,93496,-353.0,4101,5783.0
SILVER - CHICAGO BOARD OF TRADE,1989-05-15,787,2370,-8.0,-107.0,8936,-66.0,-1583,-5684.0
SILVER - COMMODITY EXCHANGE INC.,1989-05-31,15244,9429,-2649.0,-4363.0,87166,-6330.0,5815,7398.0
SILVER - CHICAGO BOARD OF TRADE,1989-05-31,1200,1568,413.0,-802.0,9356,420.0,-368,-6183.0
SILVER - COMMODITY EXCHANGE INC.,1989-06-15,12541,7496,-2703.0,-1933.0,87582,416.0,5045,5413.0
SILVER - CHICAGO BOARD OF TRADE,1989-06-15,2105,1732,905.0,164.0,10509,1153.0,373,-4672.0
SILVER - COMMODITY EXCHANGE INC.,1989-06-30,11267,9083,-1274.0,1587.0,85789,-1793.0,2184,1811.0
SILVER - CHICAGO BOARD OF TRADE,1989-06-30,1849,2315,-256.0,583.0,10456,-53.0,-466,-2650.0
SILVER - COMMODITY EXCHANGE INC.,1989-07-14,10808,7778,-459.0,-1305.0,82030,-3759.0,3030,3496.0
SILVER - CHICAGO BOARD OF TRADE,1989-07-14,1981,2407,132.0,92.0,10510,54.0,-426,-3456.0
SILVER - COMMODITY EXCHANGE INC.,1989-07-31,12565,12069,1757.0,4291.0,88352,6322.0,496,922.0
SILVER - CHICAGO BOARD OF TRADE,1989-07-31,2992,3245,1011.0,838.0,9378,-1132.0,-253,-749.0
SILVER - COMMODITY EXCHANGE INC.,1989-08-15,12261,10879,-304.0,-1190.0,87521,-831.0,1382,1635.0
SILVER - CHICAGO BOARD OF TRADE,1989-08-15,3536,3388,544.0,143.0,9907,529.0,148,-1234.0
SILVER - COMMODITY EXCHANGE INC.,1989-08-31,13863,13822,1602.0,2943.0,84012,-3509.0,41,-107.0
SILVER - CHICAGO BOARD OF TRADE,1989-08-31,3193,3507,-343.0,119.0,10038,131.0,-314,-355.0
SILVER - COMMODITY EXCHANGE INC.,1989-09-15,15299,14669,1436.0,847.0,84173,161.0,630,944.0
SILVER - CHICAGO BOARD OF TRADE,1989-09-15,3266,3737,73.0,230.0,10260,222.0,-471,-1101.0
SILVER - COMMODITY EXCHANGE INC.,1989-09-29,17540,7600,2241.0,-7069.0,88111,3938.0,9940,10411.0
SILVER - CHICAGO BOARD OF TRADE,1989-09-29,2825,4291,-441.0,554.0,10126,-134.0,-1466,-11406.0
SILVER - COMMODITY EXCHANGE INC.,1989-10-13,16530,12773,-1010.0,5173.0,87867,-244.0,3757,5223.0
SILVER - CHICAGO BOARD OF TRADE,1989-10-13,1547,3946,-1278.0,-345.0,9255,-871.0,-2399,-6156.0
SILVER - COMMODITY EXCHANGE INC.,1989-10-31,16866,8308,336.0,-4465.0,88762,895.0,8558,10957.0
SILVER - CHICAGO BOARD OF TRADE,1989-10-31,972,3863,-575.0,-83.0,8614,-641.0,-2891,-11449.0
SILVER - COMMODITY EXCHANGE INC.,1989-11-15,20754,2214,3888.0,-6094.0,89216,454.0,18540,21431.0
SILVER - CHICAGO BOARD OF TRADE,1989-11-15,4380,6493,3408.0,2630.0,13210,4596.0,-2113,-20653.0
SILVER - COMMODITY EXCHANGE INC.,1989-11-30,27449,2564,6695.0,350.0,90479,1263.0,24885,26998.0
SILVER - CHICAGO BOARD OF TRADE,1989-11-30,2650,4847,-1730.0,-1646.0,10574,-2636.0,-2197,-27082.0
SILVER - COMMODITY EXCHANGE INC.,1989-12-15,26513,3309,-936.0,745.0,94383,3904.0,23204,25401.0
SILVER - CHICAGO BOARD OF TRADE,1989-12-15,970,3825,-1680.0,-1022.0,8921,-1653.0,-2855,-26059.0
SILVER - COMMODITY EXCHANGE INC.,1989-12-29,17180,4373,-9333.0,1064.0,94843,460.0,12807,15662.0
SILVER - CHICAGO BOARD OF TRADE,1989-12-29,1163,3354,193.0,-471.0,8535,-386.0,-2191,-14998.0
SILVER - COMMODITY EXCHANGE INC.,1990-01-15,17366,6257,186.0,1884.0,95260,417.0,11109,13300.0
SILVER - CHICAGO BOARD OF TRADE,1990-01-15,1970,4513,807.0,1159.0,10086,1551.0,-2543,-13652.0
SILVER - COMMODITY EXCHANGE INC.,1990-01-31,16038,7111,-1328.0,854.0,92892,-2368.0,8927,11470.0
SILVER - CHICAGO BOARD OF TRADE,1990-01-31,1970,4214,0.0,-299.0,9535,-551.0,-2244,-11171.0
SILVER - COMMODITY EXCHANGE INC.,1990-02-15,19825,4687,3787.0,-2424.0,91942,-950.0,15138,17382.0
SILVER - CHICAGO BOARD OF TRADE,1990-02-15,3970,5363,2000.0,1149.0,11244,1709.0,-1393,-16531.0
SILVER - COMMODITY EXCHANGE INC.,1990-02-28,19165,10279,-660.0,5592.0,95314,3372.0,8886,10279.0
SILVER - CHICAGO BOARD OF TRADE,1990-02-28,2970,4781,-1000.0,-582.0,9591,-1653.0,-1811,-10697.0
SILVER - COMMODITY EXCHANGE INC.,1990-03-15,20497,13001,1332.0,2722.0,96786,1472.0,7496,9307.0
SILVER - CHICAGO BOARD OF TRADE,1990-03-15,3170,4297,200.0,-484.0,9987,396.0,-1127,-8623.0
SILVER - COMMODITY EXCHANGE INC.,1990-03-30,19698,12453,-799.0,-548.0,98752,1966.0,7245,8372.0
SILVER - CHICAGO BOARD OF TRADE,1990-03-30,3170,4272,0.0,-25.0,10371,384.0,-1102,-8347.0
SILVER - COMMODITY EXCHANGE INC.,1990-04-12,20310,8016,612.0,-4437.0,92661,-6091.0,12294,13396.0
SILVER - CHICAGO BOARD OF TRADE,1990-04-12,4170,4659,1000.0,387.0,10734,363.0,-489,-12783.0
SILVER - COMMODITY EXCHANGE INC.,1990-04-30,19264,12738,-1046.0,4722.0,96543,3882.0,6526,7015.0
SILVER - CHICAGO BOARD OF TRADE,1990-04-30,4870,4192,700.0,-467.0,11985,1251.0,678,-5848.0
SILVER - COMMODITY EXCHANGE INC.,1990-05-15,20451,11678,1187.0,-1060.0,94790,-1753.0,8773,8095.0
SILVER - CHICAGO BOARD OF TRADE,1990-05-15,6001,4001,1131.0,-191.0,13375,1390.0,2000,-6773.0
SILVER - COMMODITY EXCHANGE INC.,1990-05-31,25058,2232,4607.0,-9446.0,97589,2799.0,22826,20826.0
SILVER - CHICAGO BOARD OF TRADE,1990-05-31,4382,2448,-1619.0,-1553.0,11042,-2333.0,1934,-20892.0
SILVER - COMMODITY EXCHANGE INC.,1990-06-15,19336,12995,-5722.0,10763.0,110675,13086.0,6341,4407.0
SILVER - CHICAGO BOARD OF TRADE,1990-06-15,1812,2472,-2570.0,24.0,8550,-2492.0,-660,-7001.0
SILVER - COMMODITY EXCHANGE INC.,1990-06-29,23020,13259,3684.0,264.0,102356,-8319.0,9761,10421.0
SILVER - CHICAGO BOARD OF TRADE,1990-06-29,2836,3126,1024.0,654.0,9855,1305.0,-290,-10051.0
SILVER - COMMODITY EXCHANGE INC.,1990-07-13,22927,11689,-93.0,-1570.0,98270,-4086.0,11238,11528.0
SILVER - CHICAGO BOARD OF TRADE,1990-07-13,1584,2281,-1252.0,-845.0,8621,-1234.0,-697,-11935.0
SILVER - COMMODITY EXCHANGE INC.,1990-07-31,19957,14596,-2970.0,2907.0,100192,1922.0,5361,6058.0
SILVER - CHICAGO BOARD OF TRADE,1990-07-31,3590,1874,2006.0,-407.0,9755,1134.0,1716,-3645.0
SILVER - COMMODITY EXCHANGE INC.,1990-08-15,20153,3391,196.0,-11205.0,101135,943.0,16762,15046.0
SILVER - CHICAGO BOARD OF TRADE,1990-08-15,3552,1729,-38.0,-145.0,9775,20.0,1823,-14939.0
SILVER - COMMODITY EXCHANGE INC.,1990-08-31,16602,8976,-3551.0,5585.0,93504,-7631.0,7626,5803.0
SILVER - CHICAGO BOARD OF TRADE,1990-08-31,4546,2467,994.0,738.0,11249,1474.0,2079,-5547.0
SILVER - COMMODITY EXCHANGE INC.,1990-09-14,16862,10086,260.0,1110.0,91407,-2097.0,6776,4697.0
SILVER - CHICAGO BOARD OF TRADE,1990-09-14,4546,2621,0.0,154.0,11950,701.0,1925,-4851.0
SILVER - COMMODITY EXCHANGE INC.,1990-09-28,17221,8559,359.0,-1527.0,91807,400.0,8662,6737.0
SILVER - CHICAGO BOARD OF TRADE,1990-09-28,4795,1955,249.0,-666.0,11379,-571.0,2840,-5822.0
SILVER - COMMODITY EXCHANGE INC.,1990-10-15,18328,9178,1107.0,619.0,91155,-652.0,9150,6310.0
SILVER - CHICAGO BOARD OF TRADE,1990-10-15,4546,1973,-249.0,18.0,10918,-461.0,2573,-6577.0
SILVER - COMMODITY EXCHANGE INC.,1990-10-31,19860,9393,1532.0,215.0,89414,-1741.0,10467,7894.0
SILVER - CHICAGO BOARD OF TRADE,1990-10-31,5531,2729,985.0,756.0,11774,856.0,2802,-7665.0
SILVER - COMMODITY EXCHANGE INC.,1990-11-15,15257,6741,-4603.0,-2652.0,84858,-4556.0,8516,5714.0
SILVER - CHICAGO BOARD OF TRADE,1990-11-15,5656,2743,125.0,14.0,11660,-114.0,2913,-5603.0
SILVER - COMMODITY EXCHANGE INC.,1990-11-30,16617,6680,1542.0,-61.0,73707,-11151.0,9937,7024.0
SILVER - CHICAGO BOARD OF TRADE,1990-11-30,5546,1488,-110.0,-1255.0,10165,-1495.0,4058,-5879.0
SILVER - COMMODITY EXCHANGE INC.,1990-12-14,17426,9879,809.0,3199.0,82613,8906.0,7547,3489.0
SILVER - CHICAGO BOARD OF TRADE,1990-12-14,5546,1662,0.0,174.0,9875,-290.0,3884,-3663.0
SILVER - COMMODITY EXCHANGE INC.,1990-12-31,17508,4098,82.0,-5781.0,84343,1730.0,13410,9526.0
SILVER - CHICAGO BOARD OF TRADE,1990-12-31,5826,2141,280.0,479.0,10289,414.0,3685,-9725.0
SILVER - COMMODITY EXCHANGE INC.,1991-01-15,19645,6592,2137.0,2494.0,92239,7896.0,13053,9368.0
SILVER - CHICAGO BOARD OF TRADE,1991-01-15,5326,2305,-500.0,164.0,10333,44.0,3021,-10032.0
SILVER - COMMODITY EXCHANGE INC.,1991-01-31,17231,9362,-2414.0,2770.0,89726,-2513.0,7869,4848.0
SILVER - CHICAGO BOARD OF TRADE,1991-01-31,1409,692,-3917.0,-1613.0,6409,-3924.0,717,-7152.0
SILVER - COMMODITY EXCHANGE INC.,1991-02-15,21931,8736,4700.0,-626.0,102137,12411.0,13195,12478.0
SILVER - CHICAGO BOARD OF TRADE,1991-02-15,5496,1479,4087.0,787.0,10560,4151.0,4017,-9178.0
SILVER - COMMODITY EXCHANGE INC.,1991-02-28,21650,8553,-281.0,-183.0,96613,-5524.0,13097,9080.0
SILVER - CHICAGO BOARD OF TRADE,1991-02-28,3460,682,-2036.0,-797.0,8754,-1806.0,2778,-10319.0
SILVER - COMMODITY EXCHANGE INC.,1991-03-15,29042,2880,7392.0,-5673.0,99760,3147.0,26162,23384.0
SILVER - CHICAGO BOARD OF TRADE,1991-03-15,2212,889,-1248.0,207.0,7919,-835.0,1323,-24839.0
SILVER - COMMODITY EXCHANGE INC.,1991-03-28,27461,4248,-1581.0,1368.0,105335,5575.0,23213,21890.0
SILVER - CHICAGO BOARD OF TRADE,1991-03-28,2171,1034,-41.0,145.0,7255,-664.0,1137,-22076.0
SILVER - COMMODITY EXCHANGE INC.,1991-04-15,22744,3183,-4717.0,-1065.0,98063,-7272.0,19561,18424.0
SILVER - CHICAGO BOARD OF TRADE,1991-04-15,1007,934,-1164.0,-100.0,6483,-772.0,73,-19488.0
SILVER - COMMODITY EXCHANGE INC.,1991-04-30,23134,4830,390.0,1647.0,95163,-2900.0,18304,18231.0
SILVER - CHICAGO BOARD OF TRADE,1991-04-30,731,917,-276.0,-17.0,6088,-395.0,-186,-18490.0
SILVER - COMMODITY EXCHANGE INC.,1991-05-15,24657,3851,1523.0,-979.0,95414,251.0,20806,20992.0
SILVER - CHICAGO BOARD OF TRADE,1991-05-15,903,925,172.0,8.0,6150,62.0,-22,-20828.0
SILVER - COMMODITY EXCHANGE INC.,1991-05-31,24583,7249,-74.0,3398.0,98889,3475.0,17334,17356.0
SILVER - CHICAGO BOARD OF TRADE,1991-05-31,1048,662,145.0,-263.0,6001,-149.0,386,-16948.0
SILVER - COMMODITY EXCHANGE INC.,1991-06-14,29982,2224,5399.0,-5025.0,108901,10012.0,27758,27372.0
SILVER - CHICAGO BOARD OF TRADE,1991-06-14,1896,1396,848.0,734.0,6851,850.0,500,-27258.0
SILVER - COMMODITY EXCHANGE INC.,1991-06-28,29693,1823,-289.0,-401.0,97162,-11739.0,27870,27370.0
SILVER - CHICAGO BOARD OF TRADE,1991-06-28,2171,1847,275.0,451.0,7123,272.0,324,-27546.0
SILVER - COMMODITY EXCHANGE INC.,1991-07-15,27926,4474,-1767.0,2651.0,97616,454.0,23452,23128.0
SILVER - CHICAGO BOARD OF TRADE,1991-07-15,4471,3638,2300.0,1791.0,9547,2424.0,833,-22619.0
SILVER - COMMODITY EXCHANGE INC.,1991-07-31,20487,12187,-7439.0,7713.0,96529,-1087.0,8300,7467.0
SILVER - CHICAGO BOARD OF TRADE,1991-07-31,1014,1150,-3457.0,-2488.0,5628,-3919.0,-136,-8436.0
SILVER - COMMODITY EXCHANGE INC.,1991-08-15,18460,17010,-2027.0,4823.0,96182,-347.0,1450,1586.0
SILVER - CHICAGO BOARD OF TRADE,1991-08-15,1014,1379,0.0,229.0,5703,75.0,-365,-1815.0
SILVER - COMMODITY EXCHANGE INC.,1991-08-30,19447,18416,987.0,1406.0,87980,-8202.0,1031,1396.0
SILVER - CHICAGO BOARD OF TRADE,1991-08-30,1020,1427,6.0,48.0,5648,-55.0,-407,-1438.0
SILVER - COMMODITY EXCHANGE INC.,1991-09-16,24077,14322,4630.0,-4094.0,86917,-1063.0,9755,10162.0
SILVER - CHICAGO BOARD OF TRADE,1991-09-16,979,1498,-41.0,71.0,5684,36.0,-519,-10274.0
SILVER - COMMODITY EXCHANGE INC.,1991-09-30,24676,5901,599.0,-8421.0,86818,-99.0,18775,19294.0
SILVER - CHICAGO BOARD OF TRADE,1991-09-30,938,1378,-41.0,-120.0,5448,-236.0,-440,-19215.0
SILVER - COMMODITY EXCHANGE INC.,1991-10-15,23108,7294,-1568.0,1393.0,90476,3658.0,15814,16254.0
SILVER - CHICAGO BOARD OF TRADE,1991-10-15,1081,972,143.0,-406.0,5396,-52.0,109,-15705.0
SILVER - COMMODITY EXCHANGE INC.,1991-10-31,23464,5719,356.0,-1575.0,93747,3271.0,17745,17636.0
SILVER - CHICAGO BOARD OF TRADE,1991-10-31,1593,1022,512.0,50.0,5601,205.0,571,-17174.0
SILVER - COMMODITY EXCHANGE INC.,1991-11-15,19832,10699,-3632.0,4980.0,89210,-4537.0,9133,8562.0
SILVER - CHICAGO BOARD OF TRADE,1991-11-15,2146,1657,553.0,635.0,6159,558.0,489,-8644.0
SILVER - COMMODITY EXCHANGE INC.,1991-11-29,18943,7906,-889.0,-2793.0,81040,-8170.0,11037,10548.0
SILVER - CHICAGO BOARD OF TRADE,1991-11-29,2246,1219,100.0,-438.0,5780,-379.0,1027,-10010.0
SILVER - COMMODITY EXCHANGE INC.,1991-12-13,17215,23459,-1728.0,15553.0,96584,15544.0,-6244,-7271.0
SILVER - CHICAGO BOARD OF TRADE,1991-12-13,1916,713,-330.0,-506.0,5520,-260.0,1203,7447.0
SILVER - COMMODITY EXCHANGE INC.,1991-12-31,18786,19802,1571.0,-3657.0,96843,259.0,-1016,-2219.0
SILVER - CHICAGO BOARD OF TRADE,1991-12-31,2146,1230,230.0,517.0,5673,153.0,916,1932.0
SILVER - COMMODITY EXCHANGE INC.,1992-01-15,24533,10827,5747.0,-8975.0,98251,1408.0,13706,12790.0
SILVER - CHICAGO BOARD OF TRADE,1992-01-15,2446,1718,300.0,488.0,5906,233.0,728,-12978.0
SILVER - COMMODITY EXCHANGE INC.,1992-01-31,27954,5828,3421.0,-4999.0,96343,-1908.0,22126,21398.0
SILVER - CHICAGO BOARD OF TRADE,1992-01-31,2866,1987,420.0,269.0,6014,108.0,879,-21247.0
SILVER - COMMODITY EXCHANGE INC.,1992-02-14,27420,5890,-534.0,62.0,94260,-2083.0,21530,20651.0
SILVER - CHICAGO BOARD OF TRADE,1992-02-14,2866,2022,0.0,35.0,5965,-49.0,844,-20686.0
SILVER - COMMODITY EXCHANGE INC.,1992-02-28,25195,5989,-2225.0,99.0,87607,-6653.0,19206,18362.0
SILVER - CHICAGO BOARD OF TRADE,1992-02-28,546,1669,-2320.0,-353.0,5192,-773.0,-1123,-20329.0
SILVER - COMMODITY EXCHANGE INC.,1992-03-13,24606,6020,-589.0,31.0,87719,112.0,18586,19709.0
SILVER - CHICAGO BOARD OF TRADE,1992-03-13,546,1942,0.0,273.0,5286,94.0,-1396,-19982.0
SILVER - COMMODITY EXCHANGE INC.,1992-03-31,27195,4661,2589.0,-1359.0,90245,2526.0,22534,23930.0
SILVER - CHICAGO BOARD OF TRADE,1992-03-31,546,1962,0.0,20.0,4998,-288.0,-1416,-23950.0
SILVER - COMMODITY EXCHANGE INC.,1992-04-15,21324,10549,-5871.0,5888.0,96449,6204.0,10775,12191.0
SILVER - CHICAGO BOARD OF TRADE,1992-04-15,546,2000,0.0,38.0,5163,165.0,-1454,-12229.0
SILVER - COMMODITY EXCHANGE INC.,1992-04-30,23837,16537,2513.0,5988.0,94565,-1884.0,7300,8754.0
SILVER - CHICAGO BOARD OF TRADE,1992-04-30,546,1989,,,5253,,-1443,-8743.0
SILVER - COMMODITY EXCHANGE INC.,1992-05-15,22686,7604,-1151.0,-8933.0,85822,-8743.0,15082,16525.0
SILVER - CHICAGO BOARD OF TRADE,1992-05-15,546,1754,0.0,-235.0,5082,-171.0,-1208,-16290.0
SILVER - COMMODITY EXCHANGE INC.,1992-05-29,22062,8321,-624.0,717.0,86029,207.0,13741,14949.0
SILVER - CHICAGO BOARD OF TRADE,1992-05-29,546,1502,0.0,-252.0,4793,-289.0,-956,-14697.0
SILVER - COMMODITY EXCHANGE INC.,1992-06-15,22793,5381,731.0,-2940.0,84018,-2011.0,17412,18368.0
SILVER - CHICAGO BOARD OF TRADE,1992-06-15,749,1892,203.0,390.0,5067,274.0,-1143,-18555.0
SILVER - COMMODITY EXCHANGE INC.,1992-06-30,20216,14043,-2577.0,8662.0,80383,-3635.0,6173,7316.0
SILVER - CHICAGO BOARD OF TRADE,1992-06-30,769,1927,20.0,35.0,5181,114.0,-1158,-7331.0
SILVER - COMMODITY EXCHANGE INC.,1992-07-15,20994,13432,778.0,-611.0,81509,1126.0,7562,8720.0
SILVER - CHICAGO BOARD OF TRADE,1992-07-15,769,2140,0.0,213.0,5479,298.0,-1371,-8933.0
SILVER - COMMODITY EXCHANGE INC.,1992-07-31,20609,11364,-385.0,-2068.0,80767,-742.0,9245,10616.0
SILVER - CHICAGO BOARD OF TRADE,1992-07-31,769,2250,0.0,110.0,5464,-15.0,-1481,-10726.0
SILVER - COMMODITY EXCHANGE INC.,1992-08-14,18372,15123,-2237.0,3759.0,83052,2285.0,3249,4730.0
SILVER - CHICAGO BOARD OF TRADE,1992-08-14,769,2270,0.0,20.0,5547,83.0,-1501,-4750.0
SILVER - COMMODITY EXCHANGE INC.,1992-08-31,20183,12992,1811.0,-2131.0,79526,-3526.0,7191,8692.0
SILVER - CHICAGO BOARD OF TRADE,1992-08-31,769,2178,0.0,-92.0,5525,-22.0,-1409,-8600.0
SILVER - COMMODITY EXCHANGE INC.,1992-09-15,17395,6254,-2788.0,-6738.0,72642,-6884.0,11141,12550.0
SILVER - CHICAGO BOARD OF TRADE,1992-09-15,769,2287,0.0,109.0,5606,81.0,-1518,-12659.0
SILVER - COMMODITY EXCHANGE INC.,1992-09-30,18449,6896,1054.0,642.0,71889,-753.0,11553,13071.0
SILVER - CHICAGO BOARD OF TRADE,1992-09-30,769,2353,0.0,66.0,5656,50.0,-1584,-13137.0
SILVER - COMMODITY EXCHANGE INC.,1992-10-06,18538,7333,89.0,437.0,71249,-640.0,11205,12789.0
SILVER - CHICAGO BOARD OF TRADE,1992-10-06,759,2399,-10.0,46.0,5703,47.0,-1640,-12845.0
SILVER - COMMODITY EXCHANGE INC.,1992-10-13,18799,7304,261.0,-29.0,70054,-1195.0,11495,13135.0
SILVER - CHICAGO BOARD OF TRADE,1992-10-13,759,2829,0.0,430.0,5811,108.0,-2070,-13565.0
SILVER - COMMODITY EXCHANGE INC.,1992-10-20,19438,6818,639.0,-486.0,73618,3564.0,12620,14690.0
SILVER - CHICAGO BOARD OF TRADE,1992-10-20,759,3336,0.0,507.0,5889,78.0,-2577,-15197.0
SILVER - COMMODITY EXCHANGE INC.,1992-10-27,20059,5916,621.0,-902.0,73045,-573.0,14143,16720.0
SILVER - CHICAGO BOARD OF TRADE,1992-10-27,759,3356,0.0,20.0,5935,46.0,-2597,-16740.0
SILVER - COMMODITY EXCHANGE INC.,1992-11-03,20605,5363,546.0,-553.0,73513,468.0,15242,17839.0
SILVER - CHICAGO BOARD OF TRADE,1992-11-03,759,3390,0.0,34.0,6022,87.0,-2631,-17873.0
SILVER - COMMODITY EXCHANGE INC.,1992-11-10,22417,5220,1812.0,-143.0,80667,7154.0,17197,19828.0
SILVER - CHICAGO BOARD OF TRADE,1992-11-10,759,3341,0.0,-49.0,6217,195.0,-2582,-19779.0
SILVER - COMMODITY EXCHANGE INC.,1992-11-17,19292,4273,-3125.0,-947.0,76501,-4166.0,15019,17601.0
SILVER - CHICAGO BOARD OF TRADE,1992-11-17,759,3614,0.0,273.0,6134,-83.0,-2855,-17874.0
SILVER - COMMODITY EXCHANGE INC.,1992-11-24,19597,4547,305.0,274.0,75530,-971.0,15050,17905.0
SILVER - CHICAGO BOARD OF TRADE,1992-11-24,759,3342,0.0,-272.0,6164,30.0,-2583,-17633.0
SILVER - COMMODITY EXCHANGE INC.,1992-12-01,19225,3947,-372.0,-600.0,71438,-4092.0,15278,17861.0
SILVER - CHICAGO BOARD OF TRADE,1992-12-01,536,2844,-223.0,-498.0,5058,-1106.0,-2308,-17586.0
SILVER - COMMODITY EXCHANGE INC.,1992-12-08,18530,3947,-695.0,0.0,70866,-572.0,14583,16891.0
SILVER - CHICAGO BOARD OF TRADE,1992-12-08,536,2825,0.0,-19.0,5018,-40.0,-2289,-16872.0
SILVER - COMMODITY EXCHANGE INC.,1992-12-15,18533,5410,3.0,1463.0,71331,465.0,13123,15412.0
SILVER - CHICAGO BOARD OF TRADE,1992-12-15,536,3026,0.0,201.0,5065,47.0,-2490,-15613.0
SILVER - COMMODITY EXCHANGE INC.,1992-12-22,19206,4756,673.0,-654.0,71986,655.0,14450,16940.0
SILVER - CHICAGO BOARD OF TRADE,1992-12-22,536,3017,0.0,-9.0,5033,-32.0,-2481,-16931.0
SILVER - COMMODITY EXCHANGE INC.,1992-12-29,17683,7492,-1523.0,2736.0,75202,3216.0,10191,12672.0
SILVER - CHICAGO BOARD OF TRADE,1992-12-29,536,3094,0.0,77.0,5121,88.0,-2558,-12749.0
SILVER - COMMODITY EXCHANGE INC.,1993-01-05,17494,9198,-189.0,1706.0,77640,2438.0,8296,10854.0
SILVER - CHICAGO BOARD OF TRADE,1993-01-05,536,3098,0.0,4.0,5139,18.0,-2562,-10858.0
SILVER - COMMODITY EXCHANGE INC.,1993-01-12,16665,6629,-829.0,-2569.0,79540,1900.0,10036,12598.0
SILVER - CHICAGO BOARD OF TRADE,1993-01-12,536,3086,0.0,-12.0,5183,44.0,-2550,-12586.0
SILVER - COMMODITY EXCHANGE INC.,1993-01-19,17367,5350,702.0,-1279.0,81358,1818.0,12017,14567.0
SILVER - CHICAGO BOARD OF TRADE,1993-01-19,536,2857,0.0,-229.0,6268,1085.0,-2321,-14338.0
SILVER - COMMODITY EXCHANGE INC.,1993-01-26,19557,3412,2190.0,-1938.0,80602,-756.0,16145,18466.0
SILVER - CHICAGO BOARD OF TRADE,1993-01-26,536,3048,0.0,191.0,5331,-937.0,-2512,-18657.0
SILVER - COMMODITY EXCHANGE INC.,1993-02-02,18064,5225,-1493.0,1813.0,79200,-1402.0,12839,15351.0
SILVER - CHICAGO BOARD OF TRADE,1993-02-02,536,2932,0.0,-116.0,5233,-98.0,-2396,-15235.0
SILVER - COMMODITY EXCHANGE INC.,1993-02-09,18480,5406,416.0,181.0,80481,1281.0,13074,15470.0
1000 TROY OUNCE SILVER - CHICAGO BOARD OF TRADE,1993-02-09,536,2943,0.0,11.0,5224,-9.0,-2407,-15481.0
SILVER - COMMODITY EXCHANGE INC.,1993-02-16,17855,2831,-625.0,-2575.0,83013,2532.0,15024,17431.0
1000 TROY OUNCE SILVER - CHICAGO BOARD OF TRADE,1993-02-16,536,2947,0.0,4.0,5296,72.0,-2411,-17435.0
SILVER - COMMODITY EXCHANGE INC.,1993-02-23,17134,15863,-721.0,13032.0,96768,13755.0,1271,3682.0
1000 TROY OUNCE SILVER - CHICAGO BOARD OF TRADE,1993-02-23,536,3334,0.0,387.0,5452,156.0,-2798,-4069.0
SILVER - COMMODITY EXCHANGE INC.,1993-03-02,18468,15709,1334.0,-154.0,88353,-8415.0,2759,5557.0
1000 TROY OUNCE SILVER - CHICAGO BOARD OF TRADE,1993-03-02,536,3408,0.0,74.0,5613,161.0,-2872,-5631.0
SILVER - COMMODITY EXCHANGE INC.,1993-03-09,17497,15289,-971.0,-420.0,88224,-129.0,2208,5080.0
1000 TROY OUNCE SILVER - CHICAGO BOARD OF TRADE,1993-03-09,571,3522,35.0,114.0,5694,81.0,-2951,-5159.0
SILVER - COMMODITY EXCHANGE INC.,1993-03-16,18086,7529,589.0,-7760.0,82860,-5364.0,10557,13508.0
1000 TROY OUNCE SILVER - CHICAGO BOARD OF TRADE,1993-03-16,571,3590,0.0,68.0,5356,-338.0,-3019,-13576.0
SILVER - COMMODITY EXCHANGE INC.,1993-03-23,19933,7697,1847.0,168.0,84475,1615.0,12236,15255.0
1000 TROY OUNCE SILVER - CHICAGO BOARD OF TRADE,1993-03-23,571,3603,0.0,13.0,5433,77.0,-3032,-15268.0
SILVER - COMMODITY EXCHANGE INC.,1993-03-30,30367,3111,10434.0,-4586.0,92679,8204.0,27256,30288.0
1000 TROY OUNCE SILVER - CHICAGO BOARD OF TRADE,1993-03-30,571,3323,0.0,-280.0,5416,-17.0,-2752,-30008.0
SILVER - COMMODITY EXCHANGE INC.,1993-04-06,37132,2905,6765.0,-206.0,96947,4268.0,34227,36979.0
1000 TROY OUNCE SILVER - CHICAGO BOARD OF TRADE,1993-04-06,901,3851,330.0,528.0,5473,57.0,-2950,-37177.0
SILVER - COMMODITY EXCHANGE INC.,1993-04-13,34734,1562,-2398.0,-1343.0,95518,-1429.0,33172,36122.0
1000 TROY OUNCE SILVER - CHICAGO BOARD OF TRADE,1993-04-13,901,4063,0.0,212.0,5544,71.0,-3162,-36334.0
SILVER - COMMODITY EXCHANGE INC.,1993-04-20,34580,2218,-154.0,656.0,98978,3460.0,32362,35524.0
1000 TROY OUNCE SILVER - CHICAGO BOARD OF TRADE,1993-04-20,751,3957,-150.0,-106.0,5475,-69.0,-3206,-35568.0
SILVER - COMMODITY EXCHANGE INC.,1993-04-27,36714,2676,2134.0,458.0,109531,10553.0,34038,37244.0
1000 TROY OUNCE SILVER - CHICAGO BOARD OF TRADE,1993-04-27,751,4163,0.0,206.0,5577,102.0,-3412,-37450.0
SILVER - COMMODITY EXCHANGE INC.,1993-05-04,34985,5091,-1729.0,2415.0,104252,-5279.0,29894,33306.0
1000 TROY OUNCE SILVER - CHICAGO BOARD OF TRADE,1993-05-04,711,4260,-40.0,97.0,5676,99.0,-3549,-33443.0
SILVER - COMMODITY EXCHANGE INC.,1993-05-11,34921,5249,-64.0,158.0,104248,-4.0,29672,33221.0
1000 TROY OUNCE SILVER - CHICAGO BOARD OF TRADE,1993-05-11,489,4365,-222.0,105.0,6077,401.0,-3876,-33548.0
SILVER - COMMODITY EXCHANGE INC.,1993-05-18,33558,4895,-1363.0,-354.0,107217,2969.0,28663,32539.0
1000 TROY OUNCE SILVER - CHICAGO BOARD OF TRADE,1993-05-18,215,4419,-274.0,54.0,6546,469.0,-4204,-32867.0
SILVER - COMMODITY EXCHANGE INC.,1993-05-25,32697,5429,-861.0,534.0,107080,-137.0,27268,31472.0
1000 TROY OUNCE SILVER - CHICAGO BOARD OF TRADE,1993-05-25,414,4431,199.0,12.0,6842,296.0,-4017,-31285.0
SILVER - COMMODITY EXCHANGE INC.,1993-06-01,30799,6808,-1898.0,1379.0,107638,558.0,23991,28008.0
1000 TROY OUNCE SILVER - CHICAGO BOARD OF TRADE,1993-06-01,406,3178,-8.0,-1253.0,5850,-992.0,-2772,-26763.0
SILVER - COMMODITY EXCHANGE INC.,1993-06-08,27774,5478,-3025.0,-1330.0,103993,-3645.0,22296,25068.0
1000 TROY OUNCE SILVER - CHICAGO BOARD OF TRADE,1993-06-08,420,3342,14.0,164.0,5944,94.0,-2922,-25218.0
SILVER - COMMODITY EXCHANGE INC.,1993-06-15,23262,4439,-4512.0,-1039.0,99004,-4989.0,18823,21745.0
1000 TROY OUNCE SILVER - CHICAGO BOARD OF TRADE,1993-06-15,408,3298,-12.0,-44.0,5824,-120.0,-2890,-21713.0
SILVER - COMMODITY EXCHANGE INC.,1993-06-22,25541,7540,2279.0,3101.0,101769,2765.0,18001,20891.0
1000 TROY OUNCE SILVER - CHICAGO BOARD OF TRADE,1993-06-22,413,3313,5.0,15.0,5826,2.0,-2900,-20901.0
SILVER - COMMODITY EXCHANGE INC.,1993-06-29,26676,1925,1135.0,-5615.0,102978,1209.0,24751,27651.0
1000 TROY OUNCE SILVER - CHICAGO BOARD OF TRADE,1993-06-29,405,3369,-8.0,56.0,5988,162.0,-2964,-27715.0
SILVER - COMMODITY EXCHANGE INC.,1993-07-06,31980,5071,5304.0,3146.0,103506,528.0,26909,29873.0
1000 TROY OUNCE SILVER - CHICAGO BOARD OF TRADE,1993-07-06,548,3638,143.0,269.0,6274,286.0,-3090,-29999.0
SILVER - COMMODITY EXCHANGE INC.,1993-07-13,35703,5491,3723.0,420.0,108242,4736.0,30212,33302.0
1000 TROY OUNCE SILVER - CHICAGO BOARD OF TRADE,1993-07-13,618,3392,70.0,-246.0,6049,-225.0,-2774,-32986.0
SILVER - COMMODITY EXCHANGE INC.,1993-07-20,34079,6452,-1624.0,961.0,108548,306.0,27627,30401.0
1000 TROY OUNCE SILVER - CHICAGO BOARD OF TRADE,1993-07-20,584,3383,-34.0,-9.0,6080,31.0,-2799,-30426.0
SILVER - COMMODITY EXCHANGE INC.,1993-07-27,34677,6753,598.0,301.0,106962,-1586.0,27924,30723.0
1000 TROY OUNCE SILVER - CHICAGO BOARD OF TRADE,1993-07-27,488,3208,-96.0,-175.0,5900,-180.0,-2720,-30644.0
SILVER - COMMODITY EXCHANGE INC.,1993-08-03,37152,7940,2475.0,1187.0,114900,7938.0,29212,31932.0
1000 TROY OUNCE SILVER - CHICAGO BOARD OF TRADE,1993-08-03,372,3417,-116.0,209.0,6057,157.0,-3045,-32257.0
SILVER - COMMODITY EXCHANGE INC.,1993-08-10,31158,7567,-5994.0,-373.0,107703,-7197.0,23591,26636.0
1000 TROY OUNCE SILVER - CHICAGO BOARD OF TRADE,1993-08-10,646,3163,274.0,-254.0,5722,-335.0,-2517,-26108.0
SILVER - COMMODITY EXCHANGE INC.,1993-08-17,29503,4240,-1655.0,-3327.0,106813,-890.0,25263,27780.0
1000 TROY OUNCE SILVER - CHICAGO BOARD OF TRADE,1993-08-17,675,3099,29.0,-64.0,5635,-87.0,-2424,-27687.0
SILVER - COMMODITY EXCHANGE INC.,1993-08-24,29165,4264,-338.0,24.0,108322,1509.0,24901,27325.0
1000 TROY OUNCE SILVER - CHICAGO BOARD OF TRADE,1993-08-24,552,3086,-123.0,-13.0,5655,20.0,-2534,-27435.0
SILVER - COMMODITY EXCHANGE INC.,1993-08-31,33702,3872,4537.0,-392.0,99584,-8738.0,29830,32364.0
1000 TROY OUNCE SILVER - CHICAGO BOARD OF TRADE,1993-08-31,413,3120,-139.0,34.0,5673,18.0,-2707,-32537.0
SILVER - COMMODITY EXCHANGE INC.,1993-09-07,30745,4966,-2957.0,1094.0,96390,-3194.0,25779,28486.0
1000 TROY OUNCE SILVER - CHICAGO BOARD OF TRADE,1993-09-07,438,2982,25.0,-138.0,5534,-139.0,-2544,-28323.0
SILVER - COMMODITY EXCHANGE INC.,1993-09-14,31405,6014,660.0,1048.0,95741,-649.0,25391,27935.0
1000 TROY OUNCE SILVER - CHICAGO BOARD OF TRADE,1993-09-14,215,2829,-223.0,-153.0,5270,-264.0,-2614,-28005.0
SILVER - COMMODITY EXCHANGE INC.,1993-09-21,29242,6270,-2163.0,256.0,92402,-3339.0,22972,25586.0
1000 TROY OUNCE SILVER - CHICAGO BOARD OF TRADE,1993-09-21,215,2809,0.0,-20.0,5265,-5.0,-2594,-25566.0
SILVER - COMMODITY EXCHANGE INC.,1993-09-28,29077,5366,-165.0,-904.0,91233,-1169.0,23711,26305.0
1000 TROY OUNCE SILVER - CHICAGO BOARD OF TRADE,1993-09-28,215,2784,0.0,-25.0,5355,90.0,-2569,-26280.0
SILVER - COMMODITY EXCHANGE INC.,1993-10-05,28839,5123,-238.0,-243.0,90461,-772.0,23716,26285.0
1000 TROY OUNCE SILVER - CHICAGO BOARD OF TRADE,1993-10-05,215,2740,0.0,-44.0,5339,-16.0,-2525,-26241.0
SILVER - COMMODITY EXCHANGE INC.,1993-10-12,29107,3224,268.0,-1899.0,93580,3119.0,25883,28408.0
1000 TROY OUNCE SILVER - CHICAGO BOARD OF TRADE,1993-10-12,195,2745,-20.0,5.0,5292,-47.0,-2550,-28433.0
SILVER - COMMODITY EXCHANGE INC.,1993-10-19,27441,3737,-1666.0,513.0,92657,-923.0,23704,26254.0
1000 TROY OUNCE SILVER - CHICAGO BOARD OF TRADE,1993-10-19,195,2711,0.0,-34.0,5255,-37.0,-2516,-26220.0
SILVER - COMMODITY EXCHANGE INC.,1993-10-26,27361,3303,-80.0,-434.0,96200,3543.0,24058,26574.0
1000 TROY OUNCE SILVER - CHICAGO BOARD OF TRADE,1993-10-26,195,2641,0.0,-70.0,5178,-77.0,-2446,-26504.0
SILVER - COMMODITY EXCHANGE INC.,1993-11-02,28063,6697,702.0,3394.0,101263,5063.0,21366,23812.0
1000 TROY OUNCE SILVER - CHICAGO BOARD OF TRADE,1993-11-02,195,2579,0.0,-62.0,5127,-51.0,-2384,-23750.0
SILVER - COMMODITY EXCHANGE INC.,1993-11-09,27749,5774,-314.0,-923.0,102013,750.0,21975,24359.0
1000 TROY OUNCE SILVER - CHICAGO BOARD OF TRADE,1993-11-09,195,2586,0.0,7.0,4990,-137.0,-2391,-24366.0
SILVER - COMMODITY EXCHANGE INC.,1993-11-16,28473,3788,724.0,-1986.0,101279,-734.0,24685,27076.0
1000 TROY OUNCE SILVER - CHICAGO BOARD OF TRADE,1993-11-16,195,2084,0.0,-502.0,4870,-120.0,-1889,-26574.0
SILVER - COMMODITY EXCHANGE INC.,1993-11-23,25180,4704,-3293.0,916.0,103903,2624.0,20476,22365.0
1000 TROY OUNCE SILVER - CHICAGO BOARD OF TRADE,1993-11-23,581,2218,386.0,134.0,5458,588.0,-1637,-22113.0
SILVER - COMMODITY EXCHANGE INC.,1993-11-30,25243,4671,63.0,-33.0,92806,-11097.0,20572,22209.0
1000 TROY OUNCE SILVER - CHICAGO BOARD OF TRADE,1993-11-30,678,1783,97.0,-435.0,4672,-786.0,-1105,-21677.0
SILVER - COMMODITY EXCHANGE INC.,1993-12-07,31395,5086,6152.0,415.0,107222,14416.0,26309,27414.0
1000 TROY OUNCE SILVER - CHICAGO BOARD OF TRADE,1993-12-07,686,2268,8.0,485.0,4846,174.0,-1582,-27891.0
SILVER - COMMODITY EXCHANGE INC.,1993-12-14,33858,3732,2463.0,-1354.0,110272,3050.0,30126,31708.0
1000 TROY OUNCE SILVER - CHICAGO BOARD OF TRADE,1993-12-14,655,2285,-31.0,17.0,4972,126.0,-1630,-31756.0
SILVER - COMMODITY EXCHANGE INC.,1993-12-21,33953,3020,95.0,-712.0,112332,2060.0,30933,32563.0
1000 TROY OUNCE SILVER - CHICAGO BOARD OF TRADE,1993-12-21,834,2433,179.0,148.0,4983,11.0,-1599,-32532.0
SILVER - COMMODITY EXCHANGE INC.,1993-12-28,35169,3049,1216.0,29.0,114054,1722.0,32120,33719.0
1000 TROY OUNCE SILVER - CHICAGO BOARD OF TRADE,1993-12-28,836,2431,2.0,-2.0,5013,30.0,-1595,-33715.0
SILVER - COMMODITY EXCHANGE INC.,1994-01-04,37925,3881,2756.0,832.0,118041,3987.0,34044,35639.0
1000 TROY OUNCE SILVER - CHICAGO BOARD OF TRADE,1994-01-04,823,2447,-13.0,16.0,5166,153.0,-1624,-35668.0
SILVER - COMMODITY EXCHANGE INC.,1994-01-11,35230,4026,-2695.0,145.0,106964,-11077.0,31204,32828.0
1000 TROY OUNCE SILVER - CHICAGO BOARD OF TRADE,1994-01-11,806,2422,-17.0,-25.0,5173,7.0,-1616,-32820.0
SILVER - COMMODITY EXCHANGE INC.,1994-01-18,39290,4160,4060.0,134.0,111477,4513.0,35130,36746.0
1000 TROY OUNCE SILVER - CHICAGO BOARD OF TRADE,1994-01-18,777,2374,-29.0,-48.0,5142,-31.0,-1597,-36727.0
SILVER - COMMODITY EXCHANGE INC.,1994-01-25,39111,4191,-179.0,31.0,110651,-826.0,34920,36517.0
1000 TROY OUNCE SILVER - CHICAGO BOARD OF TRADE,1994-01-25,754,2319,-23.0,-55.0,5248,106.0,-1565,-36485.0
SILVER - COMMODITY EXCHANGE INC.,1994-02-01,39786,4016,675.0,-175.0,114278,3627.0,35770,37335.0
1000 TROY OUNCE SILVER - CHICAGO BOARD OF TRADE,1994-02-01,884,2315,130.0,-4.0,5201,-47.0,-1431,-37201.0
SILVER - COMMODITY EXCHANGE INC.,1994-02-08,43110,4361,3324.0,345.0,119135,4857.0,38749,40180.0
1000 TROY OUNCE SILVER - CHICAGO BOARD OF TRADE,1994-02-08,1148,2558,264.0,243.0,5337,136.0,-1410,-40159.0
SILVER - COMMODITY EXCHANGE INC.,1994-02-15,37768,3354,-5342.0,-1007.0,117655,-1480.0,34414,35824.0
1000 TROY OUNCE SILVER - CHICAGO BOARD OF TRADE,1994-02-15,1109,2609,-39.0,51.0,5594,257.0,-1500,-35914.0
SILVER - COMMODITY EXCHANGE INC.,1994-02-22,37996,3758,228.0,404.0,115482,-2173.0,34238,35738.0
1000 TROY OUNCE SILVER - CHICAGO BOARD OF TRADE,1994-02-22,1183,2907,74.0,298.0,5630,36.0,-1724,-35962.0
SILVER - COMMODITY EXCHANGE INC.,1994-03-01,40447,3427,2451.0,-331.0,107929,-7553.0,37020,38744.0
1000 TROY OUNCE SILVER - CHICAGO BOARD OF TRADE,1994-03-01,1185,2902,2.0,-5.0,5661,31.0,-1717,-38737.0
SILVER - COMMODITY EXCHANGE INC.,1994-03-08,38995,3749,-1452.0,322.0,107057,-872.0,35246,36963.0
1000 TROY OUNCE SILVER - CHICAGO BOARD OF TRADE,1994-03-08,1334,2966,149.0,64.0,5727,66.0,-1632,-36878.0
SILVER - COMMODITY EXCHANGE INC.,1994-03-15,46211,3562,7216.0,-187.0,113823,6766.0,42649,44281.0
1000 TROY OUNCE SILVER - CHICAGO BOARD OF TRADE,1994-03-15,1178,2858,-156.0,-108.0,5636,-91.0,-1680,-44329.0
SILVER - COMMODITY EXCHANGE INC.,1994-03-22,48168,4415,1957.0,853.0,116536,2713.0,43753,45433.0
1000 TROY OUNCE SILVER - CHICAGO BOARD OF TRADE,1994-03-22,1453,2849,275.0,-9.0,5774,138.0,-1396,-45149.0
SILVER - COMMODITY EXCHANGE INC.,1994-03-29,49430,5243,1262.0,828.0,116902,366.0,44187,45583.0
1000 TROY OUNCE SILVER - CHICAGO BOARD OF TRADE,1994-03-29,1549,3055,96.0,206.0,5805,31.0,-1506,-45693.0
SILVER - COMMODITY EXCHANGE INC.,1994-04-05,45371,5530,-4059.0,287.0,117410,508.0,39841,41347.0
1000 TROY OUNCE SILVER - CHICAGO BOARD OF TRADE,1994-04-05,1555,3031,6.0,-24.0,5893,88.0,-1476,-41317.0
SILVER - COMMODITY EXCHANGE INC.,1994-04-12,40308,5155,-5063.0,-375.0,113560,-3850.0,35153,36629.0
1000 TROY OUNCE SILVER - CHICAGO BOARD OF TRADE,1994-04-12,1674,2756,119.0,-275.0,5728,-165.0,-1082,-36235.0
SILVER - COMMODITY EXCHANGE INC.,1994-04-19,43553,6331,3245.0,1176.0,114547,987.0,37222,38304.0
1000 TROY OUNCE SILVER - CHICAGO BOARD OF TRADE,1994-04-19,1178,2410,-496.0,-346.0,5381,-347.0,-1232,-38454.0
SILVER - COMMODITY EXCHANGE INC.,1994-04-26,45671,7572,2118.0,1241.0,127858,13311.0,38099,39331.0
1000 TROY OUNCE SILVER - CHICAGO BOARD OF TRADE,1994-04-26,794,2392,-384.0,-18.0,5228,-153.0,-1598,-39697.0
SILVER - COMMODITY EXCHANGE INC.,1994-05-03,49092,7009,3421.0,-563.0,120110,-7748.0,42083,43681.0
1000 TROY OUNCE SILVER - CHICAGO BOARD OF TRADE,1994-05-03,663,2291,-131.0,-101.0,5125,-103.0,-1628,-43711.0
SILVER - COMMODITY EXCHANGE INC.,1994-05-10,47958,5880,-1134.0,-1129.0,114017,-6093.0,42078,43706.0
1000 TROY OUNCE SILVER - CHICAGO BOARD OF TRADE,1994-05-10,712,2212,49.0,-79.0,5096,-29.0,-1500,-43578.0
SILVER - COMMODITY EXCHANGE INC.,1994-05-17,53632,5035,5674.0,-845.0,119947,5930.0,48597,50097.0
1000 TROY OUNCE SILVER - CHICAGO BOARD OF TRADE,1994-05-17,468,1928,-244.0,-284.0,5050,-46.0,-1460,-50057.0
SILVER - COMMODITY EXCHANGE INC.,1994-05-24,61290,5958,7658.0,923.0,130249,10302.0,55332,56792.0
1000 TROY OUNCE SILVER - CHICAGO BOARD OF TRADE,1994-05-24,442,1981,-26.0,53.0,5106,56.0,-1539,-56871.0
SILVER - COMMODITY EXCHANGE INC.,1994-05-31,60055,4890,-1235.0,-1068.0,128229,-2020.0,55165,56704.0
1000 TROY OUNCE SILVER - CHICAGO BOARD OF TRADE,1994-05-31,461,1825,19.0,-156.0,4732,-374.0,-1364,-56529.0
SILVER - COMMODITY EXCHANGE INC.,1994-06-07,51936,4877,-8119.0,-13.0,124445,-3784.0,47059,48423.0
1000 TROY OUNCE SILVER - CHICAGO BOARD OF TRADE,1994-06-07,1782,2246,1321.0,421.0,5094,362.0,-464,-47523.0
SILVER - COMMODITY EXCHANGE INC.,1994-06-14,51862,4722,-74.0,-155.0,124907,462.0,47140,47604.0
1000 TROY OUNCE SILVER - CHICAGO BOARD OF TRADE,1994-06-14,1821,2447,39.0,201.0,5177,83.0,-626,-47766.0
SILVER - COMMODITY EXCHANGE INC.,1994-06-21,55431,4867,3569.0,145.0,124718,-189.0,50564,51190.0
1000 TROY OUNCE SILVER - CHICAGO BOARD OF TRADE,1994-06-21,2016,2190,195.0,-257.0,5241,64.0,-174,-50738.0
SILVER - COMMODITY EXCHANGE INC.,1994-06-28,56156,6339,725.0,1472.0,126877,2159.0,49817,49991.0
1000 TROY OUNCE SILVER - CHICAGO BOARD OF TRADE,1994-06-28,1732,2113,-284.0,-77.0,5125,-116.0,-381,-50198.0
SILVER - COMMODITY EXCHANGE INC.,1994-07-05,58755,5604,2599.0,-735.0,121780,-5097.0,53151,53532.0
1000 TROY OUNCE SILVER - CHICAGO BOARD OF TRADE,1994-07-05,1530,2111,-202.0,-2.0,5104,-21.0,-581,-53732.0
SILVER - COMMODITY EXCHANGE INC.,1994-07-12,55479,5923,-3276.0,319.0,122756,976.0,49556,50137.0
1000 TROY OUNCE SILVER - CHICAGO BOARD OF TRADE,1994-07-12,1696,2151,166.0,40.0,5177,73.0,-455,-50011.0
SILVER - COMMODITY EXCHANGE INC.,1994-07-19,55265,7738,-214.0,1815.0,123282,526.0,47527,47982.0
1000 TROY OUNCE SILVER - CHICAGO BOARD OF TRADE,1994-07-19,1311,1841,-385.0,-310.0,5488,311.0,-530,-48057.0
SILVER - COMMODITY EXCHANGE INC.,1994-07-26,54753,7908,-512.0,170.0,119638,-3644.0,46845,47375.0
1000 TROY OUNCE SILVER - CHICAGO BOARD OF TRADE,1994-07-26,1309,1909,-2.0,68.0,5518,30.0,-600,-47445.0
SILVER - COMMODITY EXCHANGE INC.,1994-08-02,53320,8818,-1433.0,910.0,120551,913.0,44502,45102.0
1000 TROY OUNCE SILVER - CHICAGO BOARD OF TRADE,1994-08-02,1379,2271,70.0,362.0,5528,10.0,-892,-45394.0
SILVER - COMMODITY EXCHANGE INC.,1994-08-09,50963,11093,-2357.0,2275.0,122383,1832.0,39870,40762.0
1000 TROY OUNCE SILVER - CHICAGO BOARD OF TRADE,1994-08-09,1362,2439,-17.0,168.0,5725,197.0,-1077,-40947.0
SILVER - COMMODITY EXCHANGE INC.,1994-08-16,45457,10803,-5506.0,-290.0,121690,-693.0,34654,35731.0
1000 TROY OUNCE SILVER - CHICAGO BOARD OF TRADE,1994-08-16,1350,2659,-12.0,220.0,5826,101.0,-1309,-35963.0
SILVER - COMMODITY EXCHANGE INC.,1994-08-23,40921,8875,-4536.0,-1928.0,110711,-10979.0,32046,33355.0
1000 TROY OUNCE SILVER - CHICAGO BOARD OF TRADE,1994-08-23,1347,2631,-3.0,-28.0,5801,-25.0,-1284,-33330.0
SILVER - COMMODITY EXCHANGE INC.,1994-08-30,47535,3896,6614.0,-4979.0,111767,1056.0,43639,44923.0
1000 TROY OUNCE SILVER - CHICAGO BOARD OF TRADE,1994-08-30,1168,2476,-179.0,-155.0,5620,-181.0,-1308,-44947.0
SILVER - COMMODITY EXCHANGE INC.,1994-09-06,50445,1828,2910.0,-2068.0,108333,-3434.0,48617,49925.0
1000 TROY OUNCE SILVER - CHICAGO BOARD OF TRADE,1994-09-06,1318,2546,150.0,70.0,5707,87.0,-1228,-49845.0
SILVER - COMMODITY EXCHANGE INC.,1994-09-13,44123,3846,-6322.0,2018.0,107876,-457.0,40277,41505.0
1000 TROY OUNCE SILVER - CHICAGO BOARD OF TRADE,1994-09-13,1168,2675,-150.0,129.0,5819,112.0,-1507,-41784.0
SILVER - COMMODITY EXCHANGE INC.,1994-09-20,52246,3465,8123.0,-381.0,115191,7315.0,48781,50288.0
1000 TROY OUNCE SILVER - CHICAGO BOARD OF TRADE,1994-09-20,1051,2506,-117.0,-169.0,5678,-141.0,-1455,-50236.0
SILVER - COMMODITY EXCHANGE INC.,1994-09-27,55832,4083,3586.0,618.0,119912,4721.0,51749,53204.0
1000 TROY OUNCE SILVER - CHICAGO BOARD OF TRADE,1994-09-27,1687,2750,636.0,244.0,5985,307.0,-1063,-52812.0
SILVER - COMMODITY EXCHANGE INC.,1994-10-04,57779,3045,1947.0,-1038.0,125315,5403.0,54734,55797.0
1000 TROY OUNCE SILVER - CHICAGO BOARD OF TRADE,1994-10-04,1936,3006,249.0,256.0,5343,-642.0,-1070,-55804.0
SILVER - COMMODITY EXCHANGE INC.,1994-10-11,51859,3427,-5920.0,382.0,121787,-3528.0,48432,49502.0
1000 TROY OUNCE SILVER - CHICAGO BOARD OF TRADE,1994-10-11,1517,2812,-419.0,-194.0,5147,-196.0,-1295,-49727.0
SILVER - COMMODITY EXCHANGE INC.,1994-10-18,41180,3886,-10679.0,459.0,113406,-8381.0,37294,38589.0
1000 TROY OUNCE SILVER - CHICAGO BOARD OF TRADE,1994-10-18,1784,3049,267.0,237.0,5309,162.0,-1265,-38559.0
SILVER - COMMODITY EXCHANGE INC.,1994-10-25,34998,3982,-6182.0,96.0,111247,-2159.0,31016,32281.0
1000 TROY OUNCE SILVER - CHICAGO BOARD OF TRADE,1994-10-25,1581,2847,-203.0,-202.0,5377,68.0,-1266,-32282.0
SILVER - COMMODITY EXCHANGE INC.,1994-11-01,36075,5743,1077.0,1761.0,113989,2742.0,30332,31598.0
1000 TROY OUNCE SILVER - CHICAGO BOARD OF TRADE,1994-11-01,1858,3356,277.0,509.0,5701,324.0,-1498,-31830.0
SILVER - COMMODITY EXCHANGE INC.,1994-11-08,36072,7915,-3.0,2172.0,115777,1788.0,28157,29655.0
1000 TROY OUNCE SILVER - CHICAGO BOARD OF TRADE,1994-11-08,1882,3250,24.0,-106.0,5722,21.0,-1368,-29525.0
SILVER - COMMODITY EXCHANGE INC.,1994-11-15,31044,14835,-5028.0,6920.0,131753,15976.0,16209,17577.0
1000 TROY OUNCE SILVER - CHICAGO BOARD OF TRADE,1994-11-15,2009,3282,127.0,32.0,5867,145.0,-1273,-17482.0
SILVER - COMMODITY EXCHANGE INC.,1994-11-22,29997,14895,-1047.0,60.0,137656,5903.0,15102,16375.0
1000 TROY OUNCE SILVER - CHICAGO BOARD OF TRADE,1994-11-22,1234,2532,-775.0,-750.0,5628,-239.0,-1298,-16400.0
SILVER - COMMODITY EXCHANGE INC.,1994-11-29,28541,16176,-1456.0,1281.0,140148,2492.0,12365,13663.0
1000 TROY OUNCE SILVER - CHICAGO BOARD OF TRADE,1994-11-29,1523,1953,289.0,-579.0,5669,41.0,-430,-12795.0
SILVER - COMMODITY EXCHANGE INC.,1994-12-06,27529,19490,-1012.0,3314.0,137536,-2612.0,8039,8469.0
1000 TROY OUNCE SILVER - CHICAGO BOARD OF TRADE,1994-12-06,997,2028,-526.0,75.0,4243,-1426.0,-1031,-9070.0
SILVER - COMMODITY EXCHANGE INC.,1994-12-13,25278,20077,-2251.0,587.0,135027,-2509.0,5201,6232.0
1000 TROY OUNCE SILVER - CHICAGO BOARD OF TRADE,1994-12-13,1405,2694,408.0,666.0,4739,496.0,-1289,-6490.0
SILVER - COMMODITY EXCHANGE INC.,1994-12-20,26418,18461,1140.0,-1616.0,131634,-3393.0,7957,9246.0
1000 TROY OUNCE SILVER - CHICAGO BOARD OF TRADE,1994-12-20,1592,2911,187.0,217.0,4955,216.0,-1319,-9276.0
SILVER - COMMODITY EXCHANGE INC.,1994-12-27,27194,19799,776.0,1338.0,133327,1693.0,7395,8714.0
1000 TROY OUNCE SILVER - CHICAGO BOARD OF TRADE,1994-12-27,1663,3015,71.0,104.0,5062,107.0,-1352,-8747.0
SILVER - COMMODITY EXCHANGE INC.,1995-01-03,26028,18165,-1166.0,-1634.0,131937,-1390.0,7863,9215.0
1000 TROY OUNCE SILVER - CHICAGO BOARD OF TRADE,1995-01-03,1670,3160,7.0,145.0,5152,90.0,-1490,-9353.0
SILVER - COMMODITY EXCHANGE INC.,1995-01-10,25475,19120,-553.0,955.0,133353,1416.0,6355,7845.0
1000 TROY OUNCE SILVER - CHICAGO BOARD OF TRADE,1995-01-10,2017,3406,347.0,246.0,5491,339.0,-1389,-7744.0
SILVER - COMMODITY EXCHANGE INC.,1995-01-17,23463,15829,-2012.0,-3291.0,132566,-787.0,7634,9023.0
1000 TROY OUNCE SILVER - CHICAGO BOARD OF TRADE,1995-01-17,2190,3347,173.0,-59.0,5477,-14.0,-1157,-8791.0
SILVER - COMMODITY EXCHANGE INC.,1995-01-24,22623,13578,-840.0,-2251.0,131736,-830.0,9045,10202.0
1000 TROY OUNCE SILVER - CHICAGO BOARD OF TRADE,1995-01-24,2352,3387,162.0,40.0,5440,-37.0,-1035,-10080.0
SILVER - COMMODITY EXCHANGE INC.,1995-01-31,22770,16430,147.0,2852.0,135922,4186.0,6340,7375.0
1000 TROY OUNCE SILVER - CHICAGO BOARD OF TRADE,1995-01-31,1914,3090,-438.0,-297.0,5158,-282.0,-1176,-7516.0
SILVER - COMMODITY EXCHANGE INC.,1995-02-07,22263,16355,-507.0,-75.0,138558,2636.0,5908,7084.0
1000 TROY OUNCE SILVER - CHICAGO BOARD OF TRADE,1995-02-07,1878,2977,-36.0,-113.0,5071,-87.0,-1099,-7007.0
SILVER - COMMODITY EXCHANGE INC.,1995-02-14,20422,13115,-1841.0,-3240.0,140848,2290.0,7307,8406.0
1000 TROY OUNCE SILVER - CHICAGO BOARD OF TRADE,1995-02-14,1859,2940,-19.0,-37.0,5128,57.0,-1081,-8388.0
SILVER - COMMODITY EXCHANGE INC.,1995-02-21,20145,12782,-277.0,-333.0,140784,-64.0,7363,8444.0
1000 TROY OUNCE SILVER - CHICAGO BOARD OF TRADE,1995-02-21,1844,2930,-15.0,-10.0,5140,12.0,-1086,-8449.0
SILVER - COMMODITY EXCHANGE INC.,1995-02-28,24229,15391,4084.0,2609.0,138076,-2708.0,8838,9924.0
1000 TROY OUNCE SILVER - CHICAGO BOARD OF TRADE,1995-02-28,1816,2852,-28.0,-78.0,5162,22.0,-1036,-9874.0
SILVER - COMMODITY EXCHANGE INC.,1995-03-07,20315,15669,-3914.0,278.0,134360,-3716.0,4646,5682.0
1000 TROY OUNCE SILVER - CHICAGO BOARD OF TRADE,1995-03-07,1759,2841,-57.0,-11.0,5152,-10.0,-1082,-5728.0
SILVER - COMMODITY EXCHANGE INC.,1995-03-14,19008,12019,-1307.0,-3650.0,131101,-3259.0,6989,8071.0
1000 TROY OUNCE SILVER - CHICAGO BOARD OF TRADE,1995-03-14,1739,2702,-20.0,-139.0,5030,-122.0,-963,-7952.0
SILVER - COMMODITY EXCHANGE INC.,1995-03-21,19093,11532,85.0,-487.0,131372,271.0,7561,8524.0
1000 TROY OUNCE SILVER - CHICAGO BOARD OF TRADE,1995-03-21,1932,2771,193.0,69.0,5001,-29.0,-839,-8400.0
SILVER - COMMODITY EXCHANGE INC.,1995-03-28,20341,11413,1248.0,-119.0,134153,2781.0,8928,9767.0
1000 TROY OUNCE SILVER - CHICAGO BOARD OF TRADE,1995-03-28,1941,2796,9.0,25.0,5118,117.0,-855,-9783.0
SILVER - COMMODITY EXCHANGE INC.,1995-04-04,21123,5817,782.0,-5596.0,130183,-3970.0,15306,16161.0
1000 TROY OUNCE SILVER - CHICAGO BOARD OF TRADE,1995-04-04,2001,2597,60.0,-199.0,4651,-467.0,-596,-15902.0
SILVER - COMMODITY EXCHANGE INC.,1995-04-11,25463,6221,4340.0,404.0,129877,-306.0,19242,19838.0
1000 TROY OUNCE SILVER - CHICAGO BOARD OF TRADE,1995-04-11,2170,3005,169.0,408.0,4804,153.0,-835,-20077.0
SILVER - COMMODITY EXCHANGE INC.,1995-04-18,26492,3469,1029.0,-2752.0,132264,2387.0,23023,23858.0
1000 TROY OUNCE SILVER - CHICAGO BOARD OF TRADE,1995-04-18,1630,2767,-540.0,-238.0,4617,-187.0,-1137,-24160.0
SILVER - COMMODITY EXCHANGE INC.,1995-04-25,27080,2946,588.0,-523.0,125453,-6811.0,24134,25271.0
1000 TROY OUNCE SILVER - CHICAGO BOARD OF TRADE,1995-04-25,2472,3518,842.0,751.0,5373,756.0,-1046,-25180.0
SILVER - COMMODITY EXCHANGE INC.,1995-05-02,28960,3395,1880.0,449.0,117477,-7976.0,25565,26611.0
1000 TROY OUNCE SILVER - CHICAGO BOARD OF TRADE,1995-05-02,1788,3451,-684.0,-67.0,5474,101.0,-1663,-27228.0
SILVER - COMMODITY EXCHANGE INC.,1995-05-09,28429,4035,-531.0,640.0,117829,352.0,24394,26057.0
1000 TROY OUNCE SILVER - CHICAGO BOARD OF TRADE,1995-05-09,1771,3037,-17.0,-414.0,5088,-386.0,-1266,-25660.0
SILVER - COMMODITY EXCHANGE INC.,1995-05-16,20122,2965,-8307.0,-1070.0,109851,-7978.0,17157,18423.0
1000 TROY OUNCE SILVER - CHICAGO BOARD OF TRADE,1995-05-16,1751,3188,-20.0,151.0,5146,58.0,-1437,-18594.0
SILVER - COMMODITY EXCHANGE INC.,1995-05-23,18076,4011,-2046.0,1046.0,107691,-2160.0,14065,15502.0
1000 TROY OUNCE SILVER - CHICAGO BOARD OF TRADE,1995-05-23,1739,3199,-12.0,11.0,5319,173.0,-1460,-15525.0
SILVER - COMMODITY EXCHANGE INC.,1995-05-30,17557,6573,-519.0,2562.0,107938,247.0,10984,12444.0
1000 TROY OUNCE SILVER - CHICAGO BOARD OF TRADE,1995-05-30,1753,3450,14.0,251.0,5367,48.0,-1697,-12681.0
SILVER - COMMODITY EXCHANGE INC.,1995-06-06,16510,7857,-1047.0,1284.0,108529,591.0,8653,10350.0
1000 TROY OUNCE SILVER - CHICAGO BOARD OF TRADE,1995-06-06,1743,2820,-10.0,-630.0,4319,-1048.0,-1077,-9730.0
SILVER - COMMODITY EXCHANGE INC.,1995-06-13,16344,4824,-166.0,-3033.0,108288,-241.0,11520,12597.0
1000 TROY OUNCE SILVER - CHICAGO BOARD OF TRADE,1995-06-13,1707,2945,-36.0,125.0,4416,97.0,-1238,-12758.0
SILVER - COMMODITY EXCHANGE INC.,1995-06-20,17296,4719,952.0,-105.0,112393,4105.0,12577,13815.0
1000 TROY OUNCE SILVER - CHICAGO BOARD OF TRADE,1995-06-20,1689,2957,-18.0,12.0,4451,35.0,-1268,-13845.0
SILVER - COMMODITY EXCHANGE INC.,1995-06-27,18856,5265,1560.0,546.0,105404,-6989.0,13591,14859.0
1000 TROY OUNCE SILVER - CHICAGO BOARD OF TRADE,1995-06-27,1666,2908,-23.0,-49.0,4387,-64.0,-1242,-14833.0
SILVER - COMMODITY EXCHANGE INC.,1995-07-03,17271,10727,-1585.0,5462.0,106230,826.0,6544,7786.0
1000 TROY OUNCE SILVER - CHICAGO BOARD OF TRADE,1995-07-03,1393,2754,-273.0,-154.0,4493,106.0,-1361,-7905.0
SILVER - COMMODITY EXCHANGE INC.,1995-07-11,17207,11100,-64.0,373.0,102370,-3860.0,6107,7468.0
1000 TROY OUNCE SILVER - CHICAGO BOARD OF TRADE,1995-07-11,1358,2839,-35.0,85.0,4315,-178.0,-1481,-7588.0
SILVER - COMMODITY EXCHANGE INC.,1995-07-18,16938,7711,-269.0,-3389.0,99852,-2518.0,9227,10708.0
1000 TROY OUNCE SILVER - CHICAGO BOARD OF TRADE,1995-07-18,1200,2951,-158.0,112.0,4409,94.0,-1751,-10978.0
SILVER - COMMODITY EXCHANGE INC.,1995-07-25,18503,7991,1565.0,280.0,99729,-123.0,10512,12263.0
1000 TROY OUNCE SILVER - CHICAGO BOARD OF TRADE,1995-07-25,1200,2846,0.0,-105.0,4300,-109.0,-1646,-12158.0
SILVER - COMMODITY EXCHANGE INC.,1995-08-01,19207,9724,704.0,1733.0,102987,3258.0,9483,11129.0
1000 TROY OUNCE SILVER - CHICAGO BOARD OF TRADE,1995-08-01,200,1776,-1000.0,-1070.0,3134,-1166.0,-1576,-11059.0
SILVER - COMMODITY EXCHANGE INC.,1995-08-08,18984,8931,-223.0,-793.0,108222,5235.0,10053,11629.0
1000 TROY OUNCE SILVER - CHICAGO BOARD OF TRADE,1995-08-08,200,1813,0.0,37.0,3158,24.0,-1613,-11666.0
SILVER - COMMODITY EXCHANGE INC.,1995-08-15,21179,8213,2195.0,-718.0,113220,4998.0,12966,14579.0
1000 TROY OUNCE SILVER - CHICAGO BOARD OF TRADE,1995-08-15,200,1766,0.0,-47.0,3099,-59.0,-1566,-14532.0
SILVER - COMMODITY EXCHANGE INC.,1995-08-22,30647,4422,9468.0,-3791.0,116078,2858.0,26225,27791.0
1000 TROY OUNCE SILVER - CHICAGO BOARD OF TRADE,1995-08-22,200,1622,0.0,-144.0,2957,-142.0,-1422,-27647.0
SILVER - COMMODITY EXCHANGE INC.,1995-08-29,31212,4142,565.0,-280.0,115300,-778.0,27070,28492.0
1000 TROY OUNCE SILVER - CHICAGO BOARD OF TRADE,1995-08-29,200,1671,0.0,49.0,2998,41.0,-1471,-28541.0
SILVER - COMMODITY EXCHANGE INC.,1995-09-05,24241,3132,-6971.0,-1010.0,99553,-15747.0,21109,22580.0
1000 TROY OUNCE SILVER - CHICAGO BOARD OF TRADE,1995-09-05,200,1741,0.0,70.0,3022,24.0,-1541,-22650.0
SILVER - COMMODITY EXCHANGE INC.,1995-09-12,25589,2799,1348.0,-333.0,93479,-6074.0,22790,24331.0
SILVER - COMMODITY EXCHANGE INC.,1995-09-19,28831,3462,3242.0,663.0,96393,2914.0,25369,2579.0
1000 TROY OUNCE SILVER - CHICAGO BOARD OF TRADE,1995-09-19,185,1733,185.0,63.0,3035,92.0,-1548,-26917.0
SILVER - COMMODITY EXCHANGE INC.,1995-09-26,29796,1654,965.0,-1808.0,95062,-1331.0,28142,29690.0
SILVER - COMMODITY EXCHANGE INC.,1995-10-03,26334,3330,-3462.0,1676.0,96978,1916.0,23004,-5138.0
SILVER - COMMODITY EXCHANGE INC.,1995-10-10,25153,4155,-1181.0,825.0,98775,1797.0,20998,-2006.0
SILVER - COMMODITY EXCHANGE INC.,1995-10-17,25032,5577,-121.0,1422.0,103036,4261.0,19455,-1543.0
SILVER - COMMODITY EXCHANGE INC.,1995-10-24,25162,5732,130.0,155.0,104749,1713.0,19430,-25.0
SILVER - COMMODITY EXCHANGE INC.,1995-10-31,25809,4462,647.0,-1270.0,106062,1313.0,21347,1917.0
SILVER - COMMODITY EXCHANGE INC.,1995-11-07,25210,5685,-599.0,1223.0,107649,1587.0,19525,-1822.0
1000 TROY OUNCE SILVER - CHICAGO BOARD OF TRADE,1995-11-07,209,1230,209.0,-93.0,2889,28.0,-1021,-20546.0
SILVER - COMMODITY EXCHANGE INC.,1995-11-14,24223,5524,-987.0,-161.0,106133,-1516.0,18699,19720.0
SILVER - COMMODITY EXCHANGE INC.,1995-11-21,23712,6100,-511.0,576.0,103562,-2571.0,17612,-1087.0
SILVER - COMMODITY EXCHANGE INC.,1995-11-28,25693,13581,1981.0,7481.0,105592,2030.0,12112,-5500.0
SILVER - COMMODITY EXCHANGE INC.,1995-12-05,27207,14372,1514.0,791.0,96034,-9558.0,12835,723.0
SILVER - COMMODITY EXCHANGE INC.,1995-12-12,27209,15421,2.0,1049.0,95363,-671.0,11788,-1047.0
SILVER - COMMODITY EXCHANGE INC.,1995-12-19,25507,14930,-1702.0,-491.0,94931,-432.0,10577,-1211.0
SILVER - COMMODITY EXCHANGE INC.,1995-12-26,25056,14560,-451.0,-370.0,95095,164.0,10496,-81.0
SILVER - COMMODITY EXCHANGE INC.,1996-01-02,24745,10881,-311.0,-3679.0,96849,1754.0,13864,3368.0
SILVER - COMMODITY EXCHANGE INC.,1996-01-09,30385,4848,5640.0,-6033.0,97404,555.0,25537,11673.0
SILVER - COMMODITY EXCHANGE INC.,1996-01-16,32524,4572,2139.0,-276.0,98602,1198.0,27952,2415.0
SILVER - COMMODITY EXCHANGE INC.,1996-01-23,31827,3529,-697.0,-1043.0,100483,1881.0,28298,346.0
SILVER - COMMODITY EXCHANGE INC.,1996-01-30,31211,3981,-616.0,452.0,103186,2703.0,27230,-1068.0
SILVER - COMMODITY EXCHANGE INC.,1996-02-06,36147,3953,4936.0,-28.0,111001,7815.0,32194,4964.0
1000 TROY OUNCE SILVER - CHICAGO BOARD OF TRADE,1996-02-06,200,1314,200.0,333.0,2721,140.0,-1114,-33308.0
SILVER - COMMODITY EXCHANGE INC.,1996-02-13,34501,3638,-1646.0,-315.0,114098,3097.0,30863,31977.0
SILVER - COMMODITY EXCHANGE INC.,1996-02-20,30857,3701,-3644.0,63.0,108505,-5593.0,27156,-3707.0
SILVER - COMMODITY EXCHANGE INC.,1996-02-27,26648,2538,-4209.0,-1163.0,97767,-10738.0,24110,-3046.0
SILVER - COMMODITY EXCHANGE INC.,1996-03-05,22283,3216,-4365.0,678.0,87724,-10043.0,19067,-5043.0
SILVER - COMMODITY EXCHANGE INC.,1996-03-12,24166,1329,1883.0,-1887.0,89503,1779.0,22837,3770.0
SILVER - COMMODITY EXCHANGE INC.,1996-03-19,28102,1739,3936.0,410.0,91666,2163.0,26363,3526.0
SILVER - COMMODITY EXCHANGE INC.,1996-03-26,34594,1613,6492.0,-126.0,98108,6442.0,32981,6618.0
SILVER - COMMODITY EXCHANGE INC.,1996-04-02,30800,3477,-3794.0,1864.0,97836,-272.0,27323,-5658.0
SILVER - COMMODITY EXCHANGE INC.,1996-04-09,30441,8558,-359.0,5081.0,102885,5049.0,21883,-5440.0
SILVER - COMMODITY EXCHANGE INC.,1996-04-16,25763,13261,-4678.0,4703.0,105657,2772.0,12502,-9381.0
SILVER - COMMODITY EXCHANGE INC.,1996-04-23,22668,15245,-3095.0,1984.0,98307,-7350.0,7423,-5079.0
SILVER - COMMODITY EXCHANGE INC.,1996-04-30,25210,16032,2542.0,787.0,98613,306.0,9178,1755.0
SILVER - COMMODITY EXCHANGE INC.,1996-05-07,27002,13438,1792.0,-2594.0,97372,-1241.0,13564,4386.0
SILVER - COMMODITY EXCHANGE INC.,1996-05-14,26582,13320,-420.0,-118.0,99017,1645.0,13262,-302.0
SILVER - COMMODITY EXCHANGE INC.,1996-05-21,21543,17736,-5039.0,4416.0,101303,2286.0,3807,-9455.0
SILVER - COMMODITY EXCHANGE INC.,1996-05-28,21454,16939,-89.0,-797.0,100879,-424.0,4515,708.0
SILVER - COMMODITY EXCHANGE INC.,1996-06-04,22311,16609,857.0,-330.0,103265,2386.0,5702,1187.0
SILVER - COMMODITY EXCHANGE INC.,1996-06-11,22340,20372,29.0,3763.0,110039,6774.0,1968,-3734.0
SILVER - COMMODITY EXCHANGE INC.,1996-06-18,20693,20506,-1647.0,134.0,114585,4546.0,187,-1781.0
SILVER - COMMODITY EXCHANGE INC.,1996-06-25,20626,18519,-67.0,-1987.0,111021,-3564.0,2107,1920.0
SILVER - COMMODITY EXCHANGE INC.,1996-07-02,19421,18477,-1205.0,-42.0,99240,-11781.0,944,-1163.0
SILVER - COMMODITY EXCHANGE INC.,1996-07-09,19752,16867,331.0,-1610.0,98079,-1161.0,2885,1941.0
SILVER - COMMODITY EXCHANGE INC.,1996-07-16,21533,22302,1781.0,5435.0,107865,9786.0,-769,-3654.0
SILVER - COMMODITY EXCHANGE INC.,1996-07-23,20902,26950,-631.0,4648.0,112387,4522.0,-6048,-5279.0
SILVER - COMMODITY EXCHANGE INC.,1996-07-30,19281,21593,-1621.0,-5357.0,106664,-5723.0,-2312,3736.0
SILVER - COMMODITY EXCHANGE INC.,1996-08-06,20130,22593,849.0,1000.0,111123,4459.0,-2463,-151.0
SILVER - COMMODITY EXCHANGE INC.,1996-08-13,19579,20377,-551.0,-2216.0,109171,-1952.0,-798,1665.0
SILVER - COMMODITY EXCHANGE INC.,1996-08-20,20568,9459,989.0,-10918.0,100042,-9129.0,11109,11907.0
SILVER - COMMODITY EXCHANGE INC.,1996-08-27,21258,5328,690.0,-4131.0,92819,-7223.0,15930,4821.0
1000 TROY OUNCE SILVER - CHICAGO BOARD OF TRADE,1996-08-27,0,1573,0.0,210.0,2570,0.0,-1573,-17503.0
SILVER - COMMODITY EXCHANGE INC.,1996-09-03,21775,5207,517.0,-121.0,88829,-3990.0,16568,18141.0
1000 TROY OUNCE SILVER - CHICAGO BOARD OF TRADE,1996-09-03,0,1629,0.0,56.0,2637,67.0,-1629,-18197.0
SILVER - COMMODITY EXCHANGE INC.,1996-09-10,19838,7057,-1937.0,1850.0,87994,-835.0,12781,14410.0
1000 TROY OUNCE SILVER - CHICAGO BOARD OF TRADE,1996-09-10,0,1674,0.0,45.0,2712,75.0,-1674,-14455.0
SILVER - COMMODITY EXCHANGE INC.,1996-09-17,18288,12377,-1550.0,5320.0,92555,4561.0,5911,7585.0
1000 TROY OUNCE SILVER - CHICAGO BOARD OF TRADE,1996-09-17,0,1654,0.0,-20.0,2693,-19.0,-1654,-7565.0
SILVER - COMMODITY EXCHANGE INC.,1996-09-24,18566,22345,278.0,9968.0,98308,5753.0,-3779,-2125.0
1000 TROY OUNCE SILVER - CHICAGO BOARD OF TRADE,1996-09-24,0,1652,0.0,-2.0,2665,-28.0,-1652,2127.0
SILVER - COMMODITY EXCHANGE INC.,1996-10-01,19026,19490,460.0,-2855.0,97749,-559.0,-464,1188.0
1000 TROY OUNCE SILVER - CHICAGO BOARD OF TRADE,1996-10-01,0,1670,0.0,18.0,2675,10.0,-1670,-1206.0
SILVER - COMMODITY EXCHANGE INC.,1996-10-08,19085,19280,59.0,-210.0,97644,-105.0,-195,1475.0
1000 TROY OUNCE SILVER - CHICAGO BOARD OF TRADE,1996-10-08,0,1704,0.0,34.0,2707,32.0,-1704,-1509.0
SILVER - COMMODITY EXCHANGE INC.,1996-10-15,21705,15432,2620.0,-3848.0,92944,-4700.0,6273,7977.0
1000 TROY OUNCE SILVER - CHICAGO BOARD OF TRADE,1996-10-15,0,1699,0.0,-5.0,2693,-14.0,-1699,-7972.0
SILVER - COMMODITY EXCHANGE INC.,1996-10-22,18496,15997,-3209.0,565.0,94098,1154.0,2499,4198.0
1000 TROY OUNCE SILVER - CHICAGO BOARD OF TRADE,1996-10-22,0,1663,0.0,-36.0,2689,-4.0,-1663,-4162.0
SILVER - COMMODITY EXCHANGE INC.,1996-10-29,18772,18292,276.0,2295.0,97500,3402.0,480,2143.0
1000 TROY OUNCE SILVER - CHICAGO BOARD OF TRADE,1996-10-29,0,1628,0.0,-35.0,2736,47.0,-1628,-2108.0
SILVER - COMMODITY EXCHANGE INC.,1996-11-05,18434,19766,-338.0,1474.0,96727,-773.0,-1332,296.0
1000 TROY OUNCE SILVER - CHICAGO BOARD OF TRADE,1996-11-05,0,1591,0.0,-37.0,2659,-77.0,-1591,-259.0
SILVER - COMMODITY EXCHANGE INC.,1996-11-12,17465,18529,-969.0,-1237.0,94736,-1991.0,-1064,527.0
1000 TROY OUNCE SILVER - CHICAGO BOARD OF TRADE,1996-11-12,0,1377,0.0,-214.0,2570,-89.0,-1377,-313.0
SILVER - COMMODITY EXCHANGE INC.,1996-11-19,16506,16578,-959.0,-1951.0,91682,-3054.0,-72,1305.0
1000 TROY OUNCE SILVER - CHICAGO BOARD OF TRADE,1996-11-19,0,1175,0.0,-202.0,2470,-100.0,-1175,-1103.0
SILVER - COMMODITY EXCHANGE INC.,1996-11-26,16902,18536,396.0,1958.0,89184,-2498.0,-1634,-459.0
SILVER - COMMODITY EXCHANGE INC.,1996-12-03,16738,18011,-164.0,-525.0,86368,-2816.0,-1273,361.0
SILVER - COMMODITY EXCHANGE INC.,1996-12-10,16095,14645,-643.0,-3366.0,84492,-1876.0,1450,2723.0
SILVER - COMMODITY EXCHANGE INC.,1996-12-17,16659,10522,564.0,-4123.0,83189,-1303.0,6137,4687.0
SILVER - COMMODITY EXCHANGE INC.,1996-12-24,15569,11264,-1090.0,742.0,81991,-1198.0,4305,-1832.0
SILVER - COMMODITY EXCHANGE INC.,1996-12-31,16155,15845,586.0,4581.0,84693,2702.0,310,-3995.0
SILVER - COMMODITY EXCHANGE INC.,1997-01-07,18288,20767,2133.0,4922.0,89321,4628.0,-2479,-2789.0
SILVER - COMMODITY EXCHANGE INC.,1997-01-14,22560,24449,4272.0,3682.0,94028,4707.0,-1889,590.0
SILVER - COMMODITY EXCHANGE INC.,1997-01-21,21176,23421,-1384.0,-1028.0,93223,-805.0,-2245,-356.0
SILVER - COMMODITY EXCHANGE INC.,1997-01-28,21369,10856,193.0,-12565.0,89571,-3652.0,10513,12758.0
SILVER - COMMODITY EXCHANGE INC.,1997-02-04,20788,12154,-581.0,1298.0,90098,527.0,8634,-1879.0
SILVER - COMMODITY EXCHANGE INC.,1997-02-11,19074,11833,-1714.0,-321.0,91079,981.0,7241,-1393.0
SILVER - COMMODITY EXCHANGE INC.,1997-02-18,29180,4300,10106.0,-7533.0,99563,8484.0,24880,17639.0
SILVER - COMMODITY EXCHANGE INC.,1997-02-25,30374,4026,1194.0,-274.0,93596,-5967.0,26348,1468.0
SILVER - COMMODITY EXCHANGE INC.,1997-03-04,33000,1602,2626.0,-2424.0,90813,-2783.0,31398,5050.0
SILVER - COMMODITY EXCHANGE INC.,1997-03-11,32071,2576,-929.0,974.0,89019,-1794.0,29495,-1903.0
SILVER - COMMODITY EXCHANGE INC.,1997-03-18,30866,3122,-1205.0,546.0,89969,950.0,27744,-1751.0
SILVER - COMMODITY EXCHANGE INC.,1997-03-25,28240,3784,-2626.0,662.0,88713,-1256.0,24456,-3288.0
SILVER - COMMODITY EXCHANGE INC.,1997-04-01,25177,6952,-3063.0,3168.0,93926,5213.0,18225,-6231.0
SILVER - COMMODITY EXCHANGE INC.,1997-04-08,20575,17317,-4602.0,10365.0,99130,5204.0,3258,-14967.0
SILVER - COMMODITY EXCHANGE INC.,1997-04-15,20684,19120,109.0,1803.0,101823,2693.0,1564,-1694.0
SILVER - COMMODITY EXCHANGE INC.,1997-04-22,18051,18435,-2633.0,-685.0,98005,-3818.0,-384,-1948.0
SILVER - COMMODITY EXCHANGE INC.,1997-04-29,18139,19867,88.0,1432.0,91260,-6745.0,-1728,-1344.0
SILVER - COMMODITY EXCHANGE INC.,1997-05-06,18018,17869,-121.0,-1998.0,86192,-5068.0,149,1877.0
SILVER - COMMODITY EXCHANGE INC.,1997-05-13,18927,15333,909.0,-2536.0,85327,-865.0,3594,3445.0
SILVER - COMMODITY EXCHANGE INC.,1997-05-20,18499,22254,-428.0,6921.0,90268,4941.0,-3755,-7349.0
SILVER - COMMODITY EXCHANGE INC.,1997-05-27,19974,22193,1475.0,-61.0,89477,-791.0,-2219,1536.0
SILVER - COMMODITY EXCHANGE INC.,1997-06-03,20265,22602,291.0,409.0,91915,2438.0,-2337,-118.0
SILVER - COMMODITY EXCHANGE INC.,1997-06-10,19340,18647,-925.0,-3955.0,88045,-3870.0,693,3030.0
SILVER - COMMODITY EXCHANGE INC.,1997-06-17,19667,20135,327.0,1488.0,90655,2610.0,-468,-1161.0
SILVER - COMMODITY EXCHANGE INC.,1997-06-24,19132,13632,-535.0,-6503.0,88950,-1705.0,5500,5968.0
SILVER - COMMODITY EXCHANGE INC.,1997-07-01,19203,21457,71.0,7825.0,93480,4530.0,-2254,-7754.0
SILVER - COMMODITY EXCHANGE INC.,1997-07-08,17651,25419,-1552.0,3962.0,99053,5573.0,-7768,-5514.0
SILVER - COMMODITY EXCHANGE INC.,1997-07-15,17693,25080,42.0,-339.0,99155,102.0,-7387,381.0
SILVER - COMMODITY EXCHANGE INC.,1997-07-22,18583,27561,890.0,2481.0,94829,-4326.0,-8978,-1591.0
SILVER - COMMODITY EXCHANGE INC.,1997-07-29,19062,29441,479.0,1880.0,97777,2948.0,-10379,-1401.0
SILVER - COMMODITY EXCHANGE INC.,1997-08-05,19153,25851,91.0,-3590.0,94293,-3484.0,-6698,3681.0
SILVER - COMMODITY EXCHANGE INC.,1997-08-12,18988,24558,-165.0,-1293.0,92228,-2065.0,-5570,1128.0
SILVER - COMMODITY EXCHANGE INC.,1997-08-19,17857,20044,-1131.0,-4514.0,88932,-3296.0,-2187,3383.0
SILVER - COMMODITY EXCHANGE INC.,1997-08-26,16539,10782,-1318.0,-9262.0,82848,-6084.0,5757,7944.0
SILVER - COMMODITY EXCHANGE INC.,1997-09-02,16399,10946,-140.0,164.0,77184,-5664.0,5453,-304.0
SILVER - COMMODITY EXCHANGE INC.,1997-09-09,18542,10576,2143.0,-370.0,77878,694.0,7966,2513.0
SILVER - COMMODITY EXCHANGE INC.,1997-09-16,18546,13451,4.0,2875.0,78406,528.0,5095,-2871.0
SILVER - COMMODITY EXCHANGE INC.,1997-09-23,17738,11781,-808.0,-1670.0,78039,-367.0,5957,862.0
SILVER - COMMODITY EXCHANGE INC.,1997-09-30,40463,8321,22725.0,-3460.0,95589,17550.0,32142,26185.0
SILVER - COMMODITY EXCHANGE INC.,1997-10-07,43323,8629,2860.0,308.0,104480,8891.0,34694,2552.0
SILVER - COMMODITY EXCHANGE INC.,1997-10-14,41833,10197,-1490.0,1568.0,103011,-1469.0,31636,-3058.0
SILVER - COMMODITY EXCHANGE INC.,1997-10-21,39795,13055,-2038.0,2858.0,99037,-3974.0,26740,-4896.0
SILVER - COMMODITY EXCHANGE INC.,1997-10-28,29786,15073,-10009.0,2018.0,92847,-6190.0,14713,-12027.0
SILVER - COMMODITY EXCHANGE INC.,1997-11-04,31952,16542,2166.0,1469.0,95965,3118.0,15410,697.0
SILVER - COMMODITY EXCHANGE INC.,1997-11-11,34651,17025,2699.0,483.0,94993,-972.0,17626,2216.0
SILVER - COMMODITY EXCHANGE INC.,1997-11-18,39799,15195,5148.0,-1830.0,98554,3561.0,24604,6978.0
SILVER - COMMODITY EXCHANGE INC.,1997-11-25,48407,7964,8608.0,-7231.0,94257,-4297.0,40443,15839.0
SILVER - COMMODITY EXCHANGE INC.,1997-12-02,48359,7858,-48.0,-106.0,89243,-5014.0,40501,58.0
SILVER - COMMODITY EXCHANGE INC.,1997-12-09,45081,7661,-3278.0,-197.0,89550,307.0,37420,-3081.0
SILVER - COMMODITY EXCHANGE INC.,1997-12-16,49495,7764,4414.0,103.0,94552,5002.0,41731,4311.0
SILVER - COMMODITY EXCHANGE INC.,1997-12-23,51855,8919,2360.0,1155.0,98820,4268.0,42936,1205.0
SILVER - COMMODITY EXCHANGE INC.,1997-12-30,52149,10022,294.0,1103.0,98558,-262.0,42127,-809.0
SILVER - COMMODITY EXCHANGE INC.,1998-01-06,51594,10113,-555.0,91.0,97490,-1068.0,41481,-646.0
SILVER - COMMODITY EXCHANGE INC.,1998-01-13,44921,7221,-6673.0,-2892.0,92507,-4983.0,37700,-3781.0
SILVER - COMMODITY EXCHANGE INC.,1998-01-20,43479,7280,-1442.0,59.0,92731,224.0,36199,-1501.0
SILVER - COMMODITY EXCHANGE INC.,1998-01-27,45771,5472,2292.0,-1808.0,97404,4673.0,40299,4100.0
SILVER - COMMODITY EXCHANGE INC.,1998-02-03,52932,6033,7161.0,561.0,106274,8870.0,46899,6600.0
SILVER - COMMODITY EXCHANGE INC.,1998-02-10,53144,5186,212.0,-847.0,111633,5359.0,47958,1059.0
SILVER - COMMODITY EXCHANGE INC.,1998-02-17,53813,4617,669.0,-569.0,113004,1371.0,49196,1238.0
SILVER - COMMODITY EXCHANGE INC.,1998-02-24,51662,5541,-2151.0,924.0,102156,-10848.0,46121,-3075.0
SILVER - COMMODITY EXCHANGE INC.,1998-03-03,49878,4183,-1784.0,-1358.0,97626,-4530.0,45695,-426.0
SILVER - COMMODITY EXCHANGE INC.,1998-03-10,49305,4437,-573.0,254.0,97317,-309.0,44868,-827.0
SILVER - COMMODITY EXCHANGE INC.,1998-03-17,40039,5057,-9266.0,620.0,90971,-6346.0,34982,-9886.0
SILVER - COMMODITY EXCHANGE INC.,1998-03-24,35861,3768,-4178.0,-1289.0,85814,-5157.0,32093,-2889.0
SILVER - COMMODITY EXCHANGE INC.,1998-03-31,37432,3525,1571.0,-243.0,85986,172.0,33907,1814.0
SILVER - COMMODITY EXCHANGE INC.,1998-04-07,38793,2530,1361.0,-995.0,87773,1787.0,36263,2356.0
SILVER - COMMODITY EXCHANGE INC.,1998-04-14,38606,3024,-187.0,494.0,86079,-1694.0,35582,-681.0
SILVER - COMMODITY EXCHANGE INC.,1998-04-21,37320,3764,-1286.0,740.0,81336,-4743.0,33556,-2026.0
SILVER - COMMODITY EXCHANGE INC.,1998-04-28,37218,3608,-102.0,-156.0,77206,-4130.0,33610,54.0
SILVER - COMMODITY EXCHANGE INC.,1998-05-05,36486,4082,-732.0,474.0,74273,-2933.0,32404,-1206.0
SILVER - COMMODITY EXCHANGE INC.,1998-05-12,33068,6532,-3418.0,2450.0,76225,1952.0,26536,-5868.0
SILVER - COMMODITY EXCHANGE INC.,1998-05-19,30551,13975,-2517.0,7443.0,82076,5851.0,16576,-9960.0
SILVER - COMMODITY EXCHANGE INC.,1998-05-26,29236,14572,-1315.0,597.0,84069,1993.0,14664,-1912.0
SILVER - COMMODITY EXCHANGE INC.,1998-06-02,32212,19771,2976.0,5199.0,93121,9052.0,12441,-2223.0
SILVER - COMMODITY EXCHANGE INC.,1998-06-09,33273,18868,1061.0,-903.0,94321,1200.0,14405,1964.0
SILVER - COMMODITY EXCHANGE INC.,1998-06-16,29280,15286,-3993.0,-3582.0,92339,-1982.0,13994,-411.0
SILVER - COMMODITY EXCHANGE INC.,1998-06-23,29370,11868,90.0,-3418.0,91947,-392.0,17502,3508.0
SILVER - COMMODITY EXCHANGE INC.,1998-06-30,30414,11433,1044.0,-435.0,79898,-12049.0,18981,1479.0
SILVER - COMMODITY EXCHANGE INC.,1998-07-07,29066,11041,-1348.0,-392.0,75445,-4453.0,18025,-956.0
SILVER - COMMODITY EXCHANGE INC.,1998-07-14,29569,10769,503.0,-272.0,76839,1394.0,18800,775.0
SILVER - COMMODITY EXCHANGE INC.,1998-07-21,32248,9965,2679.0,-804.0,81787,4948.0,22283,3483.0
SILVER - COMMODITY EXCHANGE INC.,1998-07-28,32914,2247,666.0,-7718.0,80261,-1526.0,30667,8384.0
SILVER - COMMODITY EXCHANGE INC.,1998-08-04,33391,3512,477.0,1265.0,81012,751.0,29879,-788.0
SILVER - COMMODITY EXCHANGE INC.,1998-08-11,32264,6483,-1127.0,2971.0,82378,1366.0,25781,-4098.0
SILVER - COMMODITY EXCHANGE INC.,1998-08-18,31039,12433,-1225.0,5950.0,83930,1552.0,18606,-7175.0
SILVER - COMMODITY EXCHANGE INC.,1998-08-25,31874,14672,835.0,2239.0,83468,-462.0,17202,-1404.0
SILVER - COMMODITY EXCHANGE INC.,1998-09-01,30157,21464,-1717.0,6792.0,79403,-4065.0,8693,-8509.0
SILVER - COMMODITY EXCHANGE INC.,1998-09-08,30026,20847,-131.0,-617.0,76854,-2549.0,9179,486.0
SILVER - COMMODITY EXCHANGE INC.,1998-09-15,29339,18476,-687.0,-2371.0,72989,-3865.0,10863,1684.0
SILVER - COMMODITY EXCHANGE INC.,1998-09-22,30608,18436,1269.0,-40.0,74894,1905.0,12172,1309.0
SILVER - COMMODITY EXCHANGE INC.,1998-09-29,31316,7307,708.0,-11129.0,72508,-2386.0,24009,11837.0
SILVER - COMMODITY EXCHANGE INC.,1998-10-06,29448,6245,-1868.0,-1062.0,72198,-310.0,23203,-806.0
SILVER - COMMODITY EXCHANGE INC.,1998-10-13,28426,10540,-1022.0,4295.0,74184,1986.0,17886,-5317.0
SILVER - COMMODITY EXCHANGE INC.,1998-10-20,28789,10973,363.0,433.0,74847,663.0,17816,-70.0
SILVER - COMMODITY EXCHANGE INC.,1998-10-27,28808,11440,19.0,467.0,76173,1326.0,17368,-448.0
SILVER - COMMODITY EXCHANGE INC.,1998-11-03,28055,9397,-753.0,-2043.0,74429,-1744.0,18658,1290.0
SILVER - COMMODITY EXCHANGE INC.,1998-11-10,28143,7831,88.0,-1566.0,75074,645.0,20312,1654.0
SILVER - COMMODITY EXCHANGE INC.,1998-11-17,27325,8319,-818.0,488.0,77804,2730.0,19006,-1306.0
SILVER - COMMODITY EXCHANGE INC.,1998-11-24,26256,11885,-1069.0,3566.0,76932,-872.0,14371,-4635.0
SILVER - COMMODITY EXCHANGE INC.,1998-12-01,28329,12850,2073.0,965.0,74764,-2168.0,15479,1108.0
SILVER - COMMODITY EXCHANGE INC.,1998-12-08,28158,21298,-171.0,8448.0,82305,7541.0,6860,-8619.0
SILVER - COMMODITY EXCHANGE INC.,1998-12-15,27150,19953,-1008.0,-1345.0,80768,-1537.0,7197,337.0
SILVER - COMMODITY EXCHANGE INC.,1998-12-22,27868,14689,718.0,-5264.0,76273,-4495.0,13179,5982.0
SILVER - COMMODITY EXCHANGE INC.,1998-12-29,28994,14744,1126.0,55.0,75987,-286.0,14250,1071.0
SILVER - COMMODITY EXCHANGE INC.,1999-01-05,29939,13288,945.0,-1456.0,76063,76.0,16651,2401.0
SILVER - COMMODITY EXCHANGE INC.,1999-01-12,37222,4415,7283.0,-8873.0,80352,4289.0,32807,16156.0
SILVER - COMMODITY EXCHANGE INC.,1999-01-19,34777,4701,-2445.0,286.0,76822,-3530.0,30076,-2731.0
SILVER - COMMODITY EXCHANGE INC.,1999-01-26,34715,4594,-62.0,-107.0,76505,-317.0,30121,45.0
SILVER - COMMODITY EXCHANGE INC.,1999-02-02,44079,3962,9364.0,-632.0,89734,13229.0,40117,9996.0
SILVER - COMMODITY EXCHANGE INC.,1999-02-09,56505,2869,12426.0,-1093.0,100332,10598.0,53636,13519.0
SILVER - COMMODITY EXCHANGE INC.,1999-02-16,55186,3405,-1319.0,536.0,98123,-2209.0,51781,-1855.0
SILVER - COMMODITY EXCHANGE INC.,1999-02-23,54471,3587,-715.0,182.0,95748,-2375.0,50884,-897.0
SILVER - COMMODITY EXCHANGE INC.,1999-03-02,55330,3430,859.0,-157.0,97800,2052.0,51900,1016.0
SILVER - COMMODITY EXCHANGE INC.,1999-03-09,43428,1962,-11902.0,-1468.0,85178,-12622.0,41466,-10434.0
SILVER - COMMODITY EXCHANGE INC.,1999-03-16,33646,3932,-9782.0,1970.0,80622,-4556.0,29714,-11752.0
SILVER - COMMODITY EXCHANGE INC.,1999-03-23,29659,6404,-3987.0,2472.0,76062,-4560.0,23255,-6459.0
SILVER - COMMODITY EXCHANGE INC.,1999-03-30,32303,6971,2644.0,567.0,78567,2505.0,25332,2077.0
SILVER - COMMODITY EXCHANGE INC.,1999-04-06,33420,11537,1117.0,4566.0,79770,1203.0,21883,-3449.0
SILVER - COMMODITY EXCHANGE INC.,1999-04-13,31968,20163,-1452.0,8626.0,84956,5186.0,11805,-10078.0
SILVER - COMMODITY EXCHANGE INC.,1999-04-20,30840,9356,-1128.0,-10807.0,83096,-1860.0,21484,9679.0
SILVER - COMMODITY EXCHANGE INC.,1999-04-27,31972,8545,1132.0,-811.0,82409,-687.0,23427,1943.0
SILVER - COMMODITY EXCHANGE INC.,1999-05-04,35807,3425,3835.0,-5120.0,76614,-5795.0,32382,8955.0
SILVER - COMMODITY EXCHANGE INC.,1999-05-11,40591,2136,4784.0,-1289.0,82022,5408.0,38455,6073.0
SILVER - COMMODITY EXCHANGE INC.,1999-05-18,39323,1768,-1268.0,-368.0,81269,-753.0,37555,-900.0
SILVER - COMMODITY EXCHANGE INC.,1999-05-25,29275,2781,-10048.0,1013.0,74250,-7019.0,26494,-11061.0
SILVER - COMMODITY EXCHANGE INC.,1999-06-01,26831,8868,-2444.0,6087.0,76488,2238.0,17963,-8531.0
SILVER - COMMODITY EXCHANGE INC.,1999-06-08,26609,15520,-222.0,6652.0,82171,5683.0,11089,-6874.0
SILVER - COMMODITY EXCHANGE INC.,1999-06-15,27625,13138,1016.0,-2382.0,76482,-5689.0,14487,3398.0
SILVER - COMMODITY EXCHANGE INC.,1999-06-22,27561,15528,-64.0,2390.0,79866,3384.0,12033,-2454.0
SILVER - COMMODITY EXCHANGE INC.,1999-06-29,29679,9507,2118.0,-6021.0,78443,-1423.0,20172,8139.0
SILVER - COMMODITY EXCHANGE INC.,1999-07-06,35687,3343,6008.0,-6164.0,81775,3332.0,32344,12172.0
SILVER - COMMODITY EXCHANGE INC.,1999-07-13,35368,3193,-319.0,-150.0,81007,-768.0,32175,-169.0
SILVER - COMMODITY EXCHANGE INC.,1999-07-20,29595,6865,-5773.0,3672.0,74994,-6013.0,22730,-9445.0
SILVER - COMMODITY EXCHANGE INC.,1999-07-27,30824,5174,1229.0,-1691.0,74673,-321.0,25650,2920.0
SILVER - COMMODITY EXCHANGE INC.,1999-08-03,44995,3035,14171.0,-2139.0,86060,11387.0,41960,16310.0
SILVER - COMMODITY EXCHANGE INC.,1999-08-10,51159,2721,6164.0,-314.0,94386,8326.0,48438,6478.0
SILVER - COMMODITY EXCHANGE INC.,1999-08-17,44582,2666,-6577.0,-55.0,86799,-7587.0,41916,-6522.0
SILVER - COMMODITY EXCHANGE INC.,1999-08-24,38351,3888,-6231.0,1222.0,83534,-3265.0,34463,-7453.0
SILVER - COMMODITY EXCHANGE INC.,1999-08-31,34083,7463,-4268.0,3575.0,73844,-9690.0,26620,-7843.0
SILVER - COMMODITY EXCHANGE INC.,1999-09-07,33765,8430,-318.0,967.0,72739,-1105.0,25335,-1285.0
SILVER - COMMODITY EXCHANGE INC.,1999-09-14,34187,9341,422.0,911.0,74979,2240.0,24846,-489.0
SILVER - COMMODITY EXCHANGE INC.,1999-09-21,39471,8370,5284.0,-971.0,79137,4158.0,31101,6255.0
SILVER - COMMODITY EXCHANGE INC.,1999-09-28,49826,5020,10355.0,-3350.0,89783,10646.0,44806,13705.0
SILVER - COMMODITY EXCHANGE INC.,1999-10-05,49990,4758,164.0,-262.0,92737,2954.0,45232,426.0
SILVER - COMMODITY EXCHANGE INC.,1999-10-12,53320,3134,3330.0,-1624.0,95551,2814.0,50186,4954.0
SILVER - COMMODITY EXCHANGE INC.,1999-10-19,37266,2571,-16054.0,-563.0,80320,-15231.0,34695,-15491.0
SILVER - COMMODITY EXCHANGE INC.,1999-10-26,33033,4787,-4233.0,2216.0,77899,-2421.0,28246,-6449.0
SILVER - COMMODITY EXCHANGE INC.,1999-11-02,34051,6711,1018.0,1924.0,79536,1637.0,27340,-906.0
SILVER - COMMODITY EXCHANGE INC.,1999-11-09,32436,16595,-1615.0,9884.0,86458,6922.0,15841,-11499.0
SILVER - COMMODITY EXCHANGE INC.,1999-11-16,32714,14121,278.0,-2474.0,81061,-5397.0,18593,2752.0
SILVER - COMMODITY EXCHANGE INC.,1999-11-23,33429,7137,715.0,-6984.0,76209,-4852.0,26292,7699.0
SILVER - COMMODITY EXCHANGE INC.,1999-11-30,32267,7834,-1162.0,697.0,71574,-4635.0,24433,-1859.0
SILVER - COMMODITY EXCHANGE INC.,1999-12-07,31749,8771,-518.0,937.0,69769,-1805.0,22978,-1455.0
SILVER - COMMODITY EXCHANGE INC.,1999-12-14,30943,8514,-806.0,-257.0,69789,20.0,22429,-549.0
SILVER - COMMODITY EXCHANGE INC.,1999-12-21,32542,6574,1599.0,-1940.0,69062,-727.0,25968,3539.0
SILVER - COMMODITY EXCHANGE INC.,1999-12-28,32641,6583,99.0,9.0,70000,938.0,26058,90.0
SILVER - COMMODITY EXCHANGE INC.,2000-01-04,39893,5045,7252.0,-1538.0,76093,6093.0,34848,8790.0
SILVER - COMMODITY EXCHANGE INC.,2000-01-11,35479,5710,-4414.0,665.0,73157,-2936.0,29769,-5079.0
SILVER - COMMODITY EXCHANGE INC.,2000-01-18,35224,11157,-255.0,5447.0,76432,3275.0,24067,-5702.0
SILVER - COMMODITY EXCHANGE INC.,2000-01-25,39143,6602,3919.0,-4555.0,76786,354.0,32541,8474.0
SILVER - COMMODITY EXCHANGE INC.,2000-02-01,43190,4252,4047.0,-2350.0,80659,3873.0,38938,6397.0
SILVER - COMMODITY EXCHANGE INC.,2000-02-08,47362,3169,4172.0,-1083.0,85895,5236.0,44193,5255.0
SILVER - COMMODITY EXCHANGE INC.,2000-02-15,42619,1977,-4743.0,-1192.0,81169,-4726.0,40642,-3551.0
SILVER - COMMODITY EXCHANGE INC.,2000-02-22,42051,1647,-568.0,-330.0,79929,-1240.0,40404,-238.0
SILVER - COMMODITY EXCHANGE INC.,2000-02-29,34389,10480,-7662.0,8833.0,74070,-5859.0,23909,-16495.0
SILVER - COMMODITY EXCHANGE INC.,2000-03-07,33524,15727,-865.0,5247.0,74416,346.0,17797,-6112.0
SILVER - COMMODITY EXCHANGE INC.,2000-03-14,34517,17849,993.0,2122.0,74268,-148.0,16668,-1129.0
SILVER - COMMODITY EXCHANGE INC.,2000-03-21,33727,16256,-790.0,-1593.0,74137,-131.0,17471,803.0
SILVER - COMMODITY EXCHANGE INC.,2000-03-28,34467,18283,740.0,2027.0,78683,4546.0,16184,-1287.0
SILVER - COMMODITY EXCHANGE INC.,2000-04-04,30926,16585,-3541.0,-1698.0,73613,-5070.0,14341,-1843.0
SILVER - COMMODITY EXCHANGE INC.,2000-04-11,30727,12629,-199.0,-3956.0,71464,-2149.0,18098,3757.0
SILVER - COMMODITY EXCHANGE INC.,2000-04-18,31313,11727,586.0,-902.0,76728,5264.0,19586,1488.0
SILVER - COMMODITY EXCHANGE INC.,2000-04-25,31410,20141,97.0,8414.0,82551,5823.0,11269,-8317.0
SILVER - COMMODITY EXCHANGE INC.,2000-05-02,32221,20428,811.0,287.0,72673,-9878.0,11793,524.0
SILVER - COMMODITY EXCHANGE INC.,2000-05-09,32293,16209,72.0,-4219.0,73478,805.0,16084,4291.0
SILVER - COMMODITY EXCHANGE INC.,2000-05-16,31607,15284,-686.0,-925.0,72016,-1462.0,16323,239.0
SILVER - COMMODITY EXCHANGE INC.,2000-05-23,32657,20124,1050.0,4840.0,75631,3615.0,12533,-3790.0
SILVER - COMMODITY EXCHANGE INC.,2000-05-30,34271,29087,1614.0,8963.0,81362,5731.0,5184,-7349.0
SILVER - COMMODITY EXCHANGE INC.,2000-06-06,31425,15286,-2846.0,-13801.0,76294,-5068.0,16139,10955.0
SILVER - COMMODITY EXCHANGE INC.,2000-06-13,29290,14351,-2135.0,-935.0,75159,-1135.0,14939,-1200.0
SILVER - COMMODITY EXCHANGE INC.,2000-06-20,30096,13305,806.0,-1046.0,72499,-2660.0,16791,1852.0
SILVER - COMMODITY EXCHANGE INC.,2000-06-27,29502,20721,-594.0,7416.0,78737,6238.0,8781,-8010.0
SILVER - COMMODITY EXCHANGE INC.,2000-07-05,30461,17104,959.0,-3617.0,74024,-4713.0,13357,4576.0
SILVER - COMMODITY EXCHANGE INC.,2000-07-11,31211,19423,750.0,2319.0,74345,321.0,11788,-1569.0
SILVER - COMMODITY EXCHANGE INC.,2000-07-18,29087,17737,-2124.0,-1686.0,72072,-2273.0,11350,-438.0
SILVER - COMMODITY EXCHANGE INC.,2000-07-25,30622,21725,1535.0,3988.0,76902,4830.0,8897,-2453.0
SILVER - COMMODITY EXCHANGE INC.,2000-08-01,29482,19767,-1140.0,-1958.0,78268,1366.0,9715,818.0
SILVER - COMMODITY EXCHANGE INC.,2000-08-08,31969,25104,2487.0,5337.0,89533,11265.0,6865,-2850.0
SILVER - COMMODITY EXCHANGE INC.,2000-08-15,33832,30884,1863.0,5780.0,96284,6751.0,2948,-3917.0
SILVER - COMMODITY EXCHANGE INC.,2000-08-22,34195,32983,363.0,2099.0,98698,2414.0,1212,-1736.0
SILVER - COMMODITY EXCHANGE INC.,2000-08-29,33377,30678,-818.0,-2305.0,87766,-10932.0,2699,1487.0
SILVER - COMMODITY EXCHANGE INC.,2000-09-05,32041,24432,-1336.0,-6246.0,74290,-13476.0,7609,4910.0
SILVER - COMMODITY EXCHANGE INC.,2000-09-12,33240,23985,1199.0,-447.0,72522,-1768.0,9255,1646.0
SILVER - COMMODITY EXCHANGE INC.,2000-09-19,32520,25741,-720.0,1756.0,73625,1103.0,6779,-2476.0
SILVER - COMMODITY EXCHANGE INC.,2000-09-26,32378,25470,-142.0,-271.0,73351,-274.0,6908,129.0
SILVER - COMMODITY EXCHANGE INC.,2000-10-03,31772,23114,-606.0,-2356.0,72365,-986.0,8658,1750.0
SILVER - COMMODITY EXCHANGE INC.,2000-10-10,32440,23592,668.0,478.0,74915,2550.0,8848,190.0
SILVER - COMMODITY EXCHANGE INC.,2000-10-17,34715,26971,2275.0,3379.0,78490,3575.0,7744,-1104.0
SILVER - COMMODITY EXCHANGE INC.,2000-10-24,35485,32451,770.0,5480.0,82093,3603.0,3034,-4710.0
SILVER - COMMODITY EXCHANGE INC.,2000-10-31,34460,34750,-1025.0,2299.0,84841,2748.0,-290,-3324.0
SILVER - COMMODITY EXCHANGE INC.,2000-11-07,35551,35563,1091.0,813.0,86546,1705.0,-12,278.0
SILVER - COMMODITY EXCHANGE INC.,2000-11-14,30920,34630,-4631.0,-933.0,84208,-2338.0,-3710,-3698.0
SILVER - COMMODITY EXCHANGE INC.,2000-11-21,30617,32437,-303.0,-2193.0,81382,-2826.0,-1820,1890.0
SILVER - COMMODITY EXCHANGE INC.,2000-11-28,33049,31370,2432.0,-1067.0,79683,-1699.0,1679,3499.0
SILVER - COMMODITY EXCHANGE INC.,2000-12-05,33964,32716,915.0,1346.0,73515,-6168.0,1248,-431.0
SILVER - COMMODITY EXCHANGE INC.,2000-12-12,34400,32456,436.0,-260.0,75097,1582.0,1944,696.0
SILVER - COMMODITY EXCHANGE INC.,2000-12-19,32047,32841,-2353.0,385.0,73261,-1836.0,-794,-2738.0
SILVER - COMMODITY EXCHANGE INC.,2000-12-26,32052,32812,5.0,-29.0,72291,-970.0,-760,34.0
SILVER - COMMODITY EXCHANGE INC.,2001-01-02,31882,34097,-170.0,1285.0,73255,964.0,-2215,-1455.0
SILVER - COMMODITY EXCHANGE INC.,2001-01-09,32187,32916,305.0,-1181.0,72565,-690.0,-729,1486.0
SILVER - COMMODITY EXCHANGE INC.,2001-01-16,30853,29244,-1334.0,-3672.0,69210,-3355.0,1609,2338.0
SILVER - COMMODITY EXCHANGE INC.,2001-01-23,30964,19164,111.0,-10080.0,66720,-2490.0,11800,10191.0
SILVER - COMMODITY EXCHANGE INC.,2001-01-30,31132,15969,168.0,-3195.0,66478,-242.0,15163,3363.0
SILVER - COMMODITY EXCHANGE INC.,2001-02-06,32995,15848,1863.0,-121.0,66339,-139.0,17147,1984.0
SILVER - COMMODITY EXCHANGE INC.,2001-02-13,29528,23093,-3467.0,7245.0,72095,5756.0,6435,-10712.0
SILVER - COMMODITY EXCHANGE INC.,2001-02-20,29426,28215,-102.0,5122.0,76826,4731.0,1211,-5224.0
SILVER - COMMODITY EXCHANGE INC.,2001-02-27,29767,29560,341.0,1345.0,83021,6195.0,207,-1004.0
SILVER - COMMODITY EXCHANGE INC.,2001-03-06,29431,31729,-336.0,2169.0,74339,-8682.0,-2298,-2505.0
SILVER - COMMODITY EXCHANGE INC.,2001-03-13,29642,30709,211.0,-1020.0,73038,-1301.0,-1067,1231.0
SILVER - COMMODITY EXCHANGE INC.,2001-03-20,29711,31153,69.0,444.0,75015,1977.0,-1442,-375.0
SILVER - COMMODITY EXCHANGE INC.,2001-03-27,30362,27852,651.0,-3301.0,73258,-1757.0,2510,3952.0
SILVER - COMMODITY EXCHANGE INC.,2001-04-03,30745,29593,383.0,1741.0,75281,2023.0,1152,-1358.0
SILVER - COMMODITY EXCHANGE INC.,2001-04-10,30576,28350,-169.0,-1243.0,75305,24.0,2226,1074.0
SILVER - COMMODITY EXCHANGE INC.,2001-04-17,28102,25483,-2474.0,-2867.0,70392,-4913.0,2619,393.0
SILVER - COMMODITY EXCHANGE INC.,2001-04-24,28649,22094,547.0,-3389.0,67640,-2752.0,6555,3936.0
SILVER - COMMODITY EXCHANGE INC.,2001-05-01,28896,24793,247.0,2699.0,64781,-2859.0,4103,-2452.0
SILVER - COMMODITY EXCHANGE INC.,2001-05-08,29074,28452,178.0,3659.0,66853,2072.0,622,-3481.0
SILVER - COMMODITY EXCHANGE INC.,2001-05-15,29584,31045,510.0,2593.0,69410,2557.0,-1461,-2083.0
SILVER - COMMODITY EXCHANGE INC.,2001-05-22,32379,21052,2795.0,-9993.0,67973,-1437.0,11327,12788.0
SILVER - COMMODITY EXCHANGE INC.,2001-05-29,32809,17202,430.0,-3850.0,68464,491.0,15607,4280.0
SILVER - COMMODITY EXCHANGE INC.,2001-06-05,30503,19097,-2306.0,1895.0,66439,-2025.0,11406,-4201.0
SILVER - COMMODITY EXCHANGE INC.,2001-06-12,29066,21891,-1437.0,2794.0,68826,2387.0,7175,-4231.0
SILVER - COMMODITY EXCHANGE INC.,2001-06-19,28507,18974,-559.0,-2917.0,65308,-3518.0,9533,2358.0
SILVER - COMMODITY EXCHANGE INC.,2001-06-26,29153,23029,646.0,4055.0,70494,5186.0,6124,-3409.0
SILVER - COMMODITY EXCHANGE INC.,2001-07-03,31180,27618,2027.0,4589.0,69074,-1420.0,3562,-2562.0
SILVER - COMMODITY EXCHANGE INC.,2001-07-10,31663,31096,483.0,3478.0,73531,4457.0,567,-2995.0
SILVER - COMMODITY EXCHANGE INC.,2001-07-17,31520,34106,-143.0,3010.0,77428,3897.0,-2586,-3153.0
SILVER - COMMODITY EXCHANGE INC.,2001-07-24,31863,33840,343.0,-266.0,76722,-706.0,-1977,609.0
SILVER - COMMODITY EXCHANGE INC.,2001-07-31,32373,34126,510.0,286.0,77616,894.0,-1753,224.0
SILVER - COMMODITY EXCHANGE INC.,2001-08-07,32451,33801,78.0,-325.0,78056,440.0,-1350,403.0
SILVER - COMMODITY EXCHANGE INC.,2001-08-14,31157,31783,-1294.0,-2018.0,75207,-2849.0,-626,724.0
SILVER - COMMODITY EXCHANGE INC.,2001-08-21,32955,29985,1798.0,-1798.0,74613,-594.0,2970,3596.0
SILVER - COMMODITY EXCHANGE INC.,2001-08-28,33344,29872,389.0,-113.0,73714,-899.0,3472,502.0
SILVER - COMMODITY EXCHANGE INC.,2001-09-04,32968,31365,-376.0,1493.0,72547,-1167.0,1603,-1869.0
SILVER - COMMODITY EXCHANGE INC.,2001-09-10,32728,31498,-240.0,133.0,70825,-1722.0,1230,-373.0
SILVER - COMMODITY EXCHANGE INC.,2001-09-18,34064,25205,1336.0,-6293.0,63592,-7233.0,8859,7629.0
SILVER - COMMODITY EXCHANGE INC.,2001-09-25,33697,9577,-367.0,-15628.0,63127,-465.0,24120,15261.0
SILVER - COMMODITY EXCHANGE INC.,2001-10-02,37429,7436,3732.0,-2141.0,65473,2346.0,29993,5873.0
SILVER - COMMODITY EXCHANGE INC.,2001-10-09,43743,9004,6314.0,1568.0,71215,5742.0,34739,4746.0
SILVER - COMMODITY EXCHANGE INC.,2001-10-16,37952,6696,-5791.0,-2308.0,65557,-5658.0,31256,-3483.0
SILVER - COMMODITY EXCHANGE INC.,2001-10-23,31598,8503,-6354.0,1807.0,65520,-37.0,23095,-8161.0
SILVER - COMMODITY EXCHANGE INC.,2001-10-30,30473,11847,-1125.0,3344.0,67416,1896.0,18626,-4469.0
SILVER - COMMODITY EXCHANGE INC.,2001-11-06,31175,21983,702.0,10136.0,73175,5759.0,9192,-9434.0
SILVER - COMMODITY EXCHANGE INC.,2001-11-13,31920,25081,745.0,3098.0,73671,496.0,6839,-2353.0
SILVER - COMMODITY EXCHANGE INC.,2001-11-20,31532,27499,-388.0,2418.0,75468,1797.0,4033,-2806.0
SILVER - COMMODITY EXCHANGE INC.,2001-11-27,31589,30166,57.0,2667.0,72849,-2619.0,1423,-2610.0
SILVER - COMMODITY EXCHANGE INC.,2001-12-04,32356,29303,767.0,-863.0,71351,-1498.0,3053,1630.0
SILVER - COMMODITY EXCHANGE INC.,2001-12-11,32823,24919,467.0,-4384.0,67829,-3522.0,7904,4851.0
SILVER - COMMODITY EXCHANGE INC.,2001-12-18,32107,19016,-716.0,-5903.0,65704,-2125.0,13091,5187.0
SILVER - COMMODITY EXCHANGE INC.,2001-12-21,31808,13840,-299.0,-5176.0,63848,-1856.0,17968,4877.0
SILVER - COMMODITY EXCHANGE INC.,2001-12-28,32058,8990,250.0,-4850.0,63260,-588.0,23068,5100.0
SILVER - COMMODITY EXCHANGE INC.,2002-01-08,37728,5115,5670.0,-3875.0,67412,4152.0,32613,9545.0
SILVER - COMMODITY EXCHANGE INC.,2002-01-15,40882,4674,3154.0,-441.0,71748,4336.0,36208,3595.0
SILVER - COMMODITY EXCHANGE INC.,2002-01-22,36636,3600,-4246.0,-1074.0,67577,-4171.0,33036,-3172.0
SILVER - COMMODITY EXCHANGE INC.,2002-01-29,32428,3833,-4208.0,233.0,65182,-2395.0,28595,-4441.0
SILVER - COMMODITY EXCHANGE INC.,2002-02-05,30712,5491,-1716.0,1658.0,66014,832.0,25221,-3374.0
SILVER - COMMODITY EXCHANGE INC.,2002-02-12,30777,4253,65.0,-1238.0,64702,-1312.0,26524,1303.0
SILVER - COMMODITY EXCHANGE INC.,2002-02-19,32533,4405,1756.0,152.0,68018,3316.0,28128,1604.0
SILVER - COMMODITY EXCHANGE INC.,2002-02-26,32327,5217,-206.0,812.0,65009,-3009.0,27110,-1018.0
SILVER - COMMODITY EXCHANGE INC.,2002-03-05,35995,3958,3668.0,-1259.0,66893,1884.0,32037,4927.0
SILVER - COMMODITY EXCHANGE INC.,2002-03-12,36515,3882,520.0,-76.0,69921,3028.0,32633,596.0
SILVER - COMMODITY EXCHANGE INC.,2002-03-19,36681,3600,166.0,-282.0,71778,1857.0,33081,448.0
SILVER - COMMODITY EXCHANGE INC.,2002-03-26,38820,4017,2139.0,417.0,74477,2699.0,34803,1722.0
SILVER - COMMODITY EXCHANGE INC.,2002-04-02,45615,3686,6795.0,-331.0,80061,5584.0,41929,7126.0
SILVER - COMMODITY EXCHANGE INC.,2002-04-09,43572,4532,-2043.0,846.0,79026,-1035.0,39040,-2889.0
SILVER - COMMODITY EXCHANGE INC.,2002-04-16,34125,5958,-9447.0,1426.0,73774,-5252.0,28167,-10873.0
SILVER - COMMODITY EXCHANGE INC.,2002-04-23,32350,3698,-1775.0,-2260.0,71283,-2491.0,28652,485.0
SILVER - COMMODITY EXCHANGE INC.,2002-04-30,32661,3686,311.0,-12.0,73618,2335.0,28975,323.0
SILVER - COMMODITY EXCHANGE INC.,2002-05-07,33697,3761,1036.0,75.0,73729,111.0,29936,961.0
SILVER - COMMODITY EXCHANGE INC.,2002-05-14,34377,3413,680.0,-348.0,74887,1158.0,30964,1028.0
SILVER - COMMODITY EXCHANGE INC.,2002-05-21,49038,3708,14661.0,295.0,85666,10779.0,45330,14366.0
SILVER - COMMODITY EXCHANGE INC.,2002-05-28,56092,6586,7054.0,2878.0,98766,13100.0,49506,4176.0
SILVER - COMMODITY EXCHANGE INC.,2002-06-04,58184,6012,2092.0,-574.0,101403,2637.0,52172,2666.0
SILVER - COMMODITY EXCHANGE INC.,2002-06-11,54720,4528,-3464.0,-1484.0,101564,161.0,50192,-1980.0
SILVER - COMMODITY EXCHANGE INC.,2002-06-18,49496,4841,-5224.0,313.0,102608,1044.0,44655,-5537.0
SILVER - COMMODITY EXCHANGE INC.,2002-06-25,44821,5657,-4675.0,816.0,98927,-3681.0,39164,-5491.0
SILVER - COMMODITY EXCHANGE INC.,2002-07-02,47016,4763,2195.0,-894.0,93941,-4986.0,42253,3089.0
SILVER - COMMODITY EXCHANGE INC.,2002-07-09,50066,5742,3050.0,979.0,97169,3228.0,44324,2071.0
SILVER - COMMODITY EXCHANGE INC.,2002-07-16,52634,4089,2568.0,-1653.0,100428,3259.0,48545,4221.0
SILVER - COMMODITY EXCHANGE INC.,2002-07-23,47110,3835,-5524.0,-254.0,95317,-5111.0,43275,-5270.0
SILVER - COMMODITY EXCHANGE INC.,2002-07-30,32082,3708,-15028.0,-127.0,83102,-12215.0,28374,-14901.0
SILVER - COMMODITY EXCHANGE INC.,2002-08-06,29692,4766,-2390.0,1058.0,83630,528.0,24926,-3448.0
SILVER - COMMODITY EXCHANGE INC.,2002-08-13,28981,6244,-711.0,1478.0,82391,-1239.0,22737,-2189.0
SILVER - COMMODITY EXCHANGE INC.,2002-08-20,26231,9787,-2750.0,3543.0,83430,1039.0,16444,-6293.0
SILVER - COMMODITY EXCHANGE INC.,2002-08-27,26550,13424,319.0,3637.0,79468,-3962.0,13126,-3318.0
SILVER - COMMODITY EXCHANGE INC.,2002-09-03,26210,14855,-340.0,1431.0,77879,-1589.0,11355,-1771.0
SILVER - COMMODITY EXCHANGE INC.,2002-09-10,26612,15038,402.0,183.0,80009,2130.0,11574,219.0
SILVER - COMMODITY EXCHANGE INC.,2002-09-17,28406,14087,1794.0,-951.0,81185,1176.0,14319,2745.0
SILVER - COMMODITY EXCHANGE INC.,2002-09-24,32953,10747,4547.0,-3340.0,81663,478.0,22206,7887.0
SILVER - COMMODITY EXCHANGE INC.,2002-10-01,30840,12792,-2113.0,2045.0,81743,80.0,18048,-4158.0
SILVER - COMMODITY EXCHANGE INC.,2002-10-08,29252,20882,-1588.0,8090.0,86501,4758.0,8370,-9678.0
SILVER - COMMODITY EXCHANGE INC.,2002-10-15,28629,29002,-623.0,8120.0,90648,4147.0,-373,-8743.0
SILVER - COMMODITY EXCHANGE INC.,2002-10-22,30128,30917,1499.0,1915.0,92676,2028.0,-789,-416.0
SILVER - COMMODITY EXCHANGE INC.,2002-10-29,29937,27401,-191.0,-3516.0,89063,-3613.0,2536,3325.0
SILVER - COMMODITY EXCHANGE INC.,2002-11-05,28414,22234,-1523.0,-5167.0,85603,-3460.0,6180,3644.0
SILVER - COMMODITY EXCHANGE INC.,2002-11-12,30745,15936,2331.0,-6298.0,84103,-1500.0,14809,8629.0
SILVER - COMMODITY EXCHANGE INC.,2002-11-19,32339,14484,1594.0,-1452.0,86256,2153.0,17855,3046.0
SILVER - COMMODITY EXCHANGE INC.,2002-11-26,28788,16324,-3551.0,1840.0,83456,-2800.0,12464,-5391.0
SILVER - COMMODITY EXCHANGE INC.,2002-12-03,29315,16765,527.0,441.0,79183,-4273.0,12550,86.0
SILVER - COMMODITY EXCHANGE INC.,2002-12-10,31288,10149,1973.0,-6616.0,76695,-2488.0,21139,8589.0
SILVER - COMMODITY EXCHANGE INC.,2002-12-17,33764,6138,2476.0,-4011.0,78899,2204.0,27626,6487.0
SILVER - COMMODITY EXCHANGE INC.,2002-12-23,34246,5314,482.0,-824.0,76932,-1967.0,28932,1306.0
SILVER - COMMODITY EXCHANGE INC.,2002-12-31,36652,4772,2406.0,-542.0,80920,3988.0,31880,2948.0
SILVER - COMMODITY EXCHANGE INC.,2003-01-07,45993,7406,9341.0,2634.0,95739,14819.0,38587,6707.0
SILVER - COMMODITY EXCHANGE INC.,2003-01-14,45901,8658,-92.0,1252.0,98600,2861.0,37243,-1344.0
SILVER - COMMODITY EXCHANGE INC.,2003-01-21,47016,8616,1115.0,-42.0,99420,820.0,38400,1157.0
SILVER - COMMODITY EXCHANGE INC.,2003-01-28,47139,7167,123.0,-1449.0,102214,2794.0,39972,1572.0
SILVER - COMMODITY EXCHANGE INC.,2003-02-04,49110,6582,1971.0,-585.0,103514,1300.0,42528,2556.0
SILVER - COMMODITY EXCHANGE INC.,2003-02-11,36461,7324,-12649.0,742.0,95036,-8478.0,29137,-13391.0
SILVER - COMMODITY EXCHANGE INC.,2003-02-14,30821,10643,-5640.0,3319.0,92139,-2897.0,20178,-8959.0
SILVER - COMMODITY EXCHANGE INC.,2003-02-25,30629,9723,-192.0,-920.0,90955,-1184.0,20906,728.0
SILVER - COMMODITY EXCHANGE INC.,2003-03-04,27509,9499,-3120.0,-224.0,81825,-9130.0,18010,-2896.0
SILVER - COMMODITY EXCHANGE INC.,2003-03-11,28597,6577,1088.0,-2922.0,81943,118.0,22020,4010.0
SILVER - COMMODITY EXCHANGE INC.,2003-03-18,27518,14759,-1079.0,8182.0,83928,1985.0,12759,-9261.0
SILVER - COMMODITY EXCHANGE INC.,2003-03-25,25093,25714,-2425.0,10955.0,88189,4261.0,-621,-13380.0
SILVER - COMMODITY EXCHANGE INC.,2003-04-01,25268,28948,175.0,3234.0,89047,858.0,-3680,-3059.0
SILVER - COMMODITY EXCHANGE INC.,2003-04-08,27512,28192,2244.0,-756.0,90692,1645.0,-680,3000.0
SILVER - COMMODITY EXCHANGE INC.,2003-04-15,26854,27201,-658.0,-991.0,88705,-1987.0,-347,333.0
SILVER - COMMODITY EXCHANGE INC.,2003-04-22,26792,22701,-62.0,-4500.0,87564,-1141.0,4091,4438.0
SILVER - COMMODITY EXCHANGE INC.,2003-04-29,24615,15398,-2177.0,-7303.0,81957,-5607.0,9217,5126.0
SILVER - COMMODITY EXCHANGE INC.,2003-05-06,34169,8581,9554.0,-6817.0,84773,2816.0,25588,16371.0
SILVER - COMMODITY EXCHANGE INC.,2003-05-13,39038,6805,4869.0,-1776.0,89108,4335.0,32233,6645.0
SILVER - COMMODITY EXCHANGE INC.,2003-05-20,40340,8176,1302.0,1371.0,89363,255.0,32164,-69.0
SILVER - COMMODITY EXCHANGE INC.,2003-05-27,36415,6110,-3925.0,-2066.0,82547,-6816.0,30305,-1859.0
SILVER - COMMODITY EXCHANGE INC.,2003-06-03,26998,6250,-9417.0,140.0,75912,-6635.0,20748,-9557.0
SILVER - COMMODITY EXCHANGE INC.,2003-06-10,26604,11940,-394.0,5690.0,78684,2772.0,14664,-6084.0
SILVER - COMMODITY EXCHANGE INC.,2003-06-17,27358,13676,754.0,1736.0,79428,744.0,13682,-982.0
SILVER - COMMODITY EXCHANGE INC.,2003-06-24,27154,17398,-204.0,3722.0,83905,4477.0,9756,-3926.0
SILVER - COMMODITY EXCHANGE INC.,2003-07-01,26686,17810,-468.0,412.0,79972,-3933.0,8876,-880.0
SILVER - COMMODITY EXCHANGE INC.,2003-07-08,31125,10210,4439.0,-7600.0,81775,1803.0,20915,12039.0
SILVER - COMMODITY EXCHANGE INC.,2003-07-15,38637,8294,7512.0,-1916.0,87872,6097.0,30343,9428.0
SILVER - COMMODITY EXCHANGE INC.,2003-07-22,39330,9419,693.0,1125.0,89035,1163.0,29911,-432.0
SILVER - COMMODITY EXCHANGE INC.,2003-07-29,56004,7572,16674.0,-1847.0,108811,19776.0,48432,18521.0
SILVER - COMMODITY EXCHANGE INC.,2003-08-05,53066,5353,-2938.0,-2219.0,110005,1194.0,47713,-719.0
SILVER - COMMODITY EXCHANGE INC.,2003-08-12,48346,6163,-4720.0,810.0,107445,-2560.0,42183,-5530.0
SILVER - COMMODITY EXCHANGE INC.,2003-08-19,45072,5482,-3274.0,-681.0,107708,263.0,39590,-2593.0
SILVER - COMMODITY EXCHANGE INC.,2003-08-26,46748,4403,1676.0,-1079.0,103343,-4365.0,42345,2755.0
SILVER - COMMODITY EXCHANGE INC.,2003-09-02,47810,6073,1062.0,1670.0,103311,-32.0,41737,-608.0
SILVER - COMMODITY EXCHANGE INC.,2003-09-09,57490,4680,9680.0,-1393.0,109498,6187.0,52810,11073.0
SILVER - COMMODITY EXCHANGE INC.,2003-09-16,56129,5118,-1361.0,438.0,115510,6012.0,51011,-1799.0
SILVER - COMMODITY EXCHANGE INC.,2003-09-23,54399,5742,-1730.0,624.0,114578,-932.0,48657,-2354.0
SILVER - COMMODITY EXCHANGE INC.,2003-09-30,50958,6033,-3441.0,291.0,105542,-9036.0,44925,-3732.0
SILVER - COMMODITY EXCHANGE INC.,2003-10-07,29732,6991,-21226.0,958.0,89786,-15756.0,22741,-22184.0
SILVER - COMMODITY EXCHANGE INC.,2003-10-14,28179,9693,-1553.0,2702.0,86995,-2791.0,18486,-4255.0
SILVER - COMMODITY EXCHANGE INC.,2003-10-21,30156,8228,1977.0,-1465.0,90599,3604.0,21928,3442.0
SILVER - COMMODITY EXCHANGE INC.,2003-10-28,33068,5011,2912.0,-3217.0,93409,2810.0,28057,6129.0
SILVER - COMMODITY EXCHANGE INC.,2003-11-04,30227,5156,-2841.0,145.0,92256,-1153.0,25071,-2986.0
SILVER - COMMODITY EXCHANGE INC.,2003-11-11,29492,5377,-735.0,221.0,91880,-376.0,24115,-956.0
SILVER - COMMODITY EXCHANGE INC.,2003-11-18,42567,5213,13075.0,-164.0,109720,17840.0,37354,13239.0
SILVER - COMMODITY EXCHANGE INC.,2003-11-25,41236,1659,-1331.0,-3554.0,107762,-1958.0,39577,2223.0
SILVER - COMMODITY EXCHANGE INC.,2003-12-02,47798,2656,6562.0,997.0,104077,-3685.0,45142,5565.0
SILVER - COMMODITY EXCHANGE INC.,2003-12-09,50808,3595,3010.0,939.0,103100,-977.0,47213,2071.0
SILVER - COMMODITY EXCHANGE INC.,2003-12-16,53237,3769,2429.0,174.0,104093,993.0,49468,2255.0
SILVER - COMMODITY EXCHANGE INC.,2003-12-22,52468,3498,-769.0,-271.0,102585,-1508.0,48970,-498.0
SILVER - COMMODITY EXCHANGE INC.,2003-12-30,54889,3364,2421.0,-134.0,102784,199.0,51525,2555.0
SILVER - COMMODITY EXCHANGE INC.,2004-01-06,59543,4042,4654.0,678.0,107665,4881.0,55501,3976.0
SILVER - COMMODITY EXCHANGE INC.,2004-01-13,57364,4752,-2179.0,710.0,108724,1059.0,52612,-2889.0
SILVER - COMMODITY EXCHANGE INC.,2004-01-20,54925,7743,-2439.0,2991.0,107814,-910.0,47182,-5430.0
SILVER - COMMODITY EXCHANGE INC.,2004-01-27,61066,4621,6141.0,-3122.0,114036,6222.0,56445,9263.0
SILVER - COMMODITY EXCHANGE INC.,2004-02-03,53206,2650,-7860.0,-1971.0,107432,-6604.0,50556,-5889.0
SILVER - COMMODITY EXCHANGE INC.,2004-02-10,54115,3983,909.0,1333.0,112587,5155.0,50132,-424.0
SILVER - COMMODITY EXCHANGE INC.,2004-02-17,57144,3969,3029.0,-14.0,119070,6483.0,53175,3043.0
SILVER - COMMODITY EXCHANGE INC.,2004-02-24,56131,2432,-1013.0,-1537.0,118149,-921.0,53699,524.0
SILVER - COMMODITY EXCHANGE INC.,2004-03-02,58087,3783,1956.0,1351.0,113485,-4664.0,54304,605.0
SILVER - COMMODITY EXCHANGE INC.,2004-03-09,63135,4449,5048.0,666.0,116299,2814.0,58686,4382.0
SILVER - COMMODITY EXCHANGE INC.,2004-03-16,61444,5183,-1691.0,734.0,117659,1360.0,56261,-2425.0
SILVER - COMMODITY EXCHANGE INC.,2004-03-23,61720,5373,276.0,190.0,119976,2317.0,56347,86.0
SILVER - COMMODITY EXCHANGE INC.,2004-03-30,59587,3496,-2133.0,-1877.0,119147,-829.0,56091,-256.0
SILVER - COMMODITY EXCHANGE INC.,2004-04-06,57433,5696,-2154.0,2200.0,120507,1360.0,51737,-4354.0
SILVER - COMMODITY EXCHANGE INC.,2004-04-12,55444,3728,-1989.0,-1968.0,119901,-606.0,51716,-21.0
SILVER - COMMODITY EXCHANGE INC.,2004-04-20,46589,3286,-8855.0,-442.0,110293,-9608.0,43303,-8413.0
SILVER - COMMODITY EXCHANGE INC.,2004-04-27,39078,4447,-7511.0,1161.0,106516,-3777.0,34631,-8672.0
SILVER - COMMODITY EXCHANGE INC.,2004-05-04,37178,4130,-1900.0,-317.0,93166,-13350.0,33048,-1583.0
SILVER - COMMODITY EXCHANGE INC.,2004-05-11,33653,5389,-3525.0,1259.0,91879,-1287.0,28264,-4784.0
SILVER - COMMODITY EXCHANGE INC.,2004-05-18,32998,6815,-655.0,1426.0,89376,-2503.0,26183,-2081.0
SILVER - COMMODITY EXCHANGE INC.,2004-05-25,30587,7247,-2411.0,432.0,88330,-1046.0,23340,-2843.0
SILVER - COMMODITY EXCHANGE INC.,2004-06-01,30077,7209,-510.0,-38.0,85891,-2439.0,22868,-472.0
SILVER - COMMODITY EXCHANGE INC.,2004-06-08,29672,9397,-405.0,2188.0,83809,-2082.0,20275,-2593.0
SILVER - COMMODITY EXCHANGE INC.,2004-06-15,29651,8623,-21.0,-774.0,85796,1987.0,21028,753.0
SILVER - COMMODITY EXCHANGE INC.,2004-06-22,29109,8260,-542.0,-363.0,90502,4706.0,20849,-179.0
SILVER - COMMODITY EXCHANGE INC.,2004-06-29,30613,5165,1504.0,-3095.0,90221,-281.0,25448,4599.0
SILVER - COMMODITY EXCHANGE INC.,2004-07-06,30389,6413,-224.0,1248.0,82761,-7460.0,23976,-1472.0
SILVER - COMMODITY EXCHANGE INC.,2004-07-13,36761,2825,6372.0,-3588.0,87162,4401.0,33936,9960.0
SILVER - COMMODITY EXCHANGE INC.,2004-07-20,43271,3272,6510.0,447.0,92456,5294.0,39999,6063.0
SILVER - COMMODITY EXCHANGE INC.,2004-07-27,40184,4728,-3087.0,1456.0,91991,-465.0,35456,-4543.0
SILVER - COMMODITY EXCHANGE INC.,2004-08-03,44765,4256,4581.0,-472.0,94715,2724.0,40509,5053.0
SILVER - COMMODITY EXCHANGE INC.,2004-08-10,48019,3675,3254.0,-581.0,97251,2536.0,44344,3835.0
SILVER - COMMODITY EXCHANGE INC.,2004-08-17,46370,2830,-1649.0,-845.0,96119,-1132.0,43540,-804.0
SILVER - COMMODITY EXCHANGE INC.,2004-08-24,48506,2074,2136.0,-756.0,102711,6592.0,46432,2892.0
SILVER - COMMODITY EXCHANGE INC.,2004-08-31,48118,2547,-388.0,473.0,95230,-7481.0,45571,-861.0
SILVER - COMMODITY EXCHANGE INC.,2004-09-07,38898,4221,-9220.0,1674.0,87139,-8091.0,34677,-10894.0
SILVER - COMMODITY EXCHANGE INC.,2004-09-14,30554,7365,-8344.0,3144.0,82028,-5111.0,23189,-11488.0
SILVER - COMMODITY EXCHANGE INC.,2004-09-21,30798,6958,244.0,-407.0,82327,299.0,23840,651.0
SILVER - COMMODITY EXCHANGE INC.,2004-09-28,32046,4831,1248.0,-2127.0,83896,1569.0,27215,3375.0
SILVER - COMMODITY EXCHANGE INC.,2004-10-05,50369,4088,18323.0,-743.0,99518,15622.0,46281,19066.0
SILVER - COMMODITY EXCHANGE INC.,2004-10-12,58594,5141,8225.0,1053.0,107869,8351.0,53453,7172.0
SILVER - COMMODITY EXCHANGE INC.,2004-10-19,60545,5058,1951.0,-83.0,111307,3438.0,55487,2034.0
SILVER - COMMODITY EXCHANGE INC.,2004-10-26,62746,6653,2201.0,1595.0,116815,5508.0,56093,606.0
SILVER - COMMODITY EXCHANGE INC.,2004-11-02,58504,4172,-4242.0,-2481.0,114494,-2321.0,54332,-1761.0
SILVER - COMMODITY EXCHANGE INC.,2004-11-09,64181,6960,5677.0,2788.0,123564,9070.0,57221,2889.0
SILVER - COMMODITY EXCHANGE INC.,2004-11-16,64251,7074,70.0,114.0,124272,708.0,57177,-44.0
SILVER - COMMODITY EXCHANGE INC.,2004-11-23,69820,4062,5569.0,-3012.0,121720,-2552.0,65758,8581.0
SILVER - COMMODITY EXCHANGE INC.,2004-11-30,70987,3763,1167.0,-299.0,116958,-4762.0,67224,1466.0
SILVER - COMMODITY EXCHANGE INC.,2004-12-07,73786,3668,2799.0,-95.0,125722,8764.0,70118,2894.0
SILVER - COMMODITY EXCHANGE INC.,2004-12-14,46556,3331,-27230.0,-337.0,101771,-23951.0,43225,-26893.0
SILVER - COMMODITY EXCHANGE INC.,2004-12-21,42217,4553,-4339.0,1222.0,98426,-3345.0,37664,-5561.0
SILVER - COMMODITY EXCHANGE INC.,2004-12-28,42318,4612,101.0,59.0,99266,840.0,37706,42.0
SILVER - COMMODITY EXCHANGE INC.,2005-01-04,43147,4797,829.0,185.0,96882,-2384.0,38350,644.0
SILVER - COMMODITY EXCHANGE INC.,2005-01-11,42170,9052,-977.0,4255.0,98189,1307.0,33118,-5232.0
SILVER - COMMODITY EXCHANGE INC.,2005-01-18,42288,9642,118.0,590.0,98962,773.0,32646,-472.0
SILVER - COMMODITY EXCHANGE INC.,2005-01-25,40809,10583,-1479.0,941.0,96891,-2071.0,30226,-2420.0
SILVER - COMMODITY EXCHANGE INC.,2005-02-01,40985,10753,176.0,170.0,95173,-1718.0,30232,6.0
SILVER - COMMODITY EXCHANGE INC.,2005-02-08,39463,11700,-1522.0,947.0,95344,171.0,27763,-2469.0
SILVER - COMMODITY EXCHANGE INC.,2005-02-15,43664,6690,4201.0,-5010.0,96899,1555.0,36974,9211.0
SILVER - COMMODITY EXCHANGE INC.,2005-02-22,47471,5157,3807.0,-1533.0,102103,5204.0,42314,5340.0
SILVER - COMMODITY EXCHANGE INC.,2005-03-01,47371,4887,-100.0,-270.0,99341,-2762.0,42484,170.0
SILVER - COMMODITY EXCHANGE INC.,2005-03-08,49415,4676,2044.0,-211.0,101960,2619.0,44739,2255.0
SILVER - COMMODITY EXCHANGE INC.,2005-03-15,47955,3510,-1460.0,-1166.0,102305,345.0,44445,-294.0
SILVER - COMMODITY EXCHANGE INC.,2005-03-22,45798,6246,-2157.0,2736.0,103328,1023.0,39552,-4893.0
SILVER - COMMODITY EXCHANGE INC.,2005-03-29,37645,4674,-8153.0,-1572.0,96568,-6760.0,32971,-6581.0
SILVER - COMMODITY EXCHANGE INC.,2005-04-05,39261,4663,1616.0,-11.0,98663,2095.0,34598,1627.0
SILVER - COMMODITY EXCHANGE INC.,2005-04-12,40952,4268,1691.0,-395.0,102168,3505.0,36684,2086.0
SILVER - COMMODITY EXCHANGE INC.,2005-04-19,40909,3273,-43.0,-995.0,104305,2137.0,37636,952.0
SILVER - COMMODITY EXCHANGE INC.,2005-04-26,44601,4236,3692.0,963.0,111987,7682.0,40365,2729.0
SILVER - COMMODITY EXCHANGE INC.,2005-05-03,37887,18029,-6714.0,13793.0,105261,-6726.0,19858,-20507.0
SILVER - COMMODITY EXCHANGE INC.,2005-05-10,37632,15121,-255.0,-2908.0,104114,-1147.0,22511,2653.0
SILVER - COMMODITY EXCHANGE INC.,2005-05-17,38777,14087,1145.0,-1034.0,102869,-1245.0,24690,2179.0
SILVER - COMMODITY EXCHANGE INC.,2005-05-24,38526,13572,-251.0,-515.0,105219,2350.0,24954,264.0
SILVER - COMMODITY EXCHANGE INC.,2005-05-31,52757,9956,14231.0,-3616.0,113358,8139.0,42801,17847.0
SILVER - COMMODITY EXCHANGE INC.,2005-06-07,64948,7479,12191.0,-2477.0,121857,8499.0,57469,14668.0
SILVER - COMMODITY EXCHANGE INC.,2005-06-14,59725,5778,-5223.0,-1701.0,128442,6585.0,53947,-3522.0
SILVER - COMMODITY EXCHANGE INC.,2005-06-21,57072,5781,-2653.0,3.0,130474,2032.0,51291,-2656.0
SILVER - COMMODITY EXCHANGE INC.,2005-06-28,52982,6335,-4090.0,554.0,124362,-6112.0,46647,-4644.0
SILVER - COMMODITY EXCHANGE INC.,2005-07-05,42886,18329,-10096.0,11994.0,122624,-1738.0,24557,-22090.0
SILVER - COMMODITY EXCHANGE INC.,2005-07-12,41751,18891,-1135.0,562.0,123279,655.0,22860,-1697.0
SILVER - COMMODITY EXCHANGE INC.,2005-07-19,43198,21296,1447.0,2405.0,128213,4934.0,21902,-958.0
SILVER - COMMODITY EXCHANGE INC.,2005-07-26,41302,19384,-1896.0,-1912.0,123485,-4728.0,21918,16.0
SILVER - COMMODITY EXCHANGE INC.,2005-08-02,43043,9640,1741.0,-9744.0,122020,-1465.0,33403,11485.0
SILVER - COMMODITY EXCHANGE INC.,2005-08-09,41925,12687,-1118.0,3047.0,123818,1798.0,29238,-4165.0
SILVER - COMMODITY EXCHANGE INC.,2005-08-16,40199,15861,-1726.0,3174.0,121306,-2512.0,24338,-4900.0
SILVER - COMMODITY EXCHANGE INC.,2005-08-23,40167,15490,-32.0,-371.0,116131,-5175.0,24677,339.0
SILVER - COMMODITY EXCHANGE INC.,2005-08-30,43817,32167,3650.0,16677.0,120303,4172.0,11650,-13027.0
SILVER - COMMODITY EXCHANGE INC.,2005-09-06,39225,24659,-4592.0,-7508.0,112175,-8128.0,14566,2916.0
SILVER - COMMODITY EXCHANGE INC.,2005-09-13,42004,26495,2779.0,1836.0,115435,3260.0,15509,943.0
SILVER - COMMODITY EXCHANGE INC.,2005-09-20,49008,15548,7004.0,-10947.0,117718,2283.0,33460,17951.0
SILVER - COMMODITY EXCHANGE INC.,2005-09-27,50616,13317,1608.0,-2231.0,118954,1236.0,37299,3839.0
SILVER - COMMODITY EXCHANGE INC.,2005-10-04,55195,12413,4579.0,-904.0,125742,6788.0,42782,5483.0
SILVER - COMMODITY EXCHANGE INC.,2005-10-11,62883,11516,7688.0,-897.0,134435,8693.0,51367,8585.0
SILVER - COMMODITY EXCHANGE INC.,2005-10-18,66282,12036,3399.0,520.0,142530,8095.0,54246,2879.0
SILVER - COMMODITY EXCHANGE INC.,2005-10-25,66256,12135,-26.0,99.0,138960,-3570.0,54121,-125.0
SILVER - COMMODITY EXCHANGE INC.,2005-11-01,60685,9137,-5571.0,-2998.0,137967,-993.0,51548,-2573.0
SILVER - COMMODITY EXCHANGE INC.,2005-11-08,62257,11181,1572.0,2044.0,143966,5999.0,51076,-472.0
SILVER - COMMODITY EXCHANGE INC.,2005-11-15,65215,13493,2958.0,2312.0,150342,6376.0,51722,646.0
SILVER - COMMODITY EXCHANGE INC.,2005-11-22,73548,12988,8333.0,-505.0,149698,-644.0,60560,8838.0
SILVER - COMMODITY EXCHANGE INC.,2005-11-29,75230,12079,1682.0,-909.0,145136,-4562.0,63151,2591.0
SILVER - COMMODITY EXCHANGE INC.,2005-12-06,79031,12301,3801.0,222.0,141571,-3565.0,66730,3579.0
SILVER - COMMODITY EXCHANGE INC.,2005-12-13,72934,10147,-6097.0,-2154.0,137249,-4322.0,62787,-3943.0
SILVER - COMMODITY EXCHANGE INC.,2005-12-20,68903,7927,-4031.0,-2220.0,133600,-3649.0,60976,-1811.0
SILVER - COMMODITY EXCHANGE INC.,2005-12-27,69081,7888,178.0,-39.0,135028,1428.0,61193,217.0
SILVER - COMMODITY EXCHANGE INC.,2006-01-03,66488,7108,-2593.0,-780.0,131555,-3473.0,59380,-1813.0
SILVER - COMMODITY EXCHANGE INC.,2006-01-10,64551,5580,-1937.0,-1528.0,130725,-830.0,58971,-409.0
SILVER - COMMODITY EXCHANGE INC.,2006-01-17,64299,5452,-252.0,-128.0,131701,976.0,58847,-124.0
SILVER - COMMODITY EXCHANGE INC.,2006-01-24,66946,7114,2647.0,1662.0,131185,-516.0,59832,985.0
SILVER - COMMODITY EXCHANGE INC.,2006-01-31,66502,10246,-444.0,3132.0,133259,2074.0,56256,-3576.0
SILVER - COMMODITY EXCHANGE INC.,2006-02-07,62794,10006,-3708.0,-240.0,130754,-2505.0,52788,-3468.0
SILVER - COMMODITY EXCHANGE INC.,2006-02-14,59275,8687,-3519.0,-1319.0,127737,-3017.0,50588,-2200.0
SILVER - COMMODITY EXCHANGE INC.,2006-02-21,59943,8096,668.0,-591.0,132532,4795.0,51847,1259.0
SILVER - COMMODITY EXCHANGE INC.,2006-02-28,56871,12249,-3072.0,4153.0,127839,-4693.0,44622,-7225.0
SILVER - COMMODITY EXCHANGE INC.,2006-03-07,61688,9732,4817.0,-2517.0,132341,4502.0,51956,7334.0
SILVER - COMMODITY EXCHANGE INC.,2006-03-14,59251,8062,-2437.0,-1670.0,127834,-4507.0,51189,-767.0
SILVER - COMMODITY EXCHANGE INC.,2006-03-21,62687,8786,3436.0,724.0,132347,4513.0,53901,2712.0
SILVER - COMMODITY EXCHANGE INC.,2006-03-28,63054,10691,367.0,1905.0,134579,2232.0,52363,-1538.0
SILVER - COMMODITY EXCHANGE INC.,2006-04-04,62676,10830,-378.0,139.0,140419,5840.0,51846,-517.0
SILVER - COMMODITY EXCHANGE INC.,2006-04-11,60028,13889,-2648.0,3059.0,141906,1487.0,46139,-5707.0
SILVER - COMMODITY EXCHANGE INC.,2006-04-18,56968,14792,-3060.0,903.0,140408,-1498.0,42176,-3963.0
SILVER - COMMODITY EXCHANGE INC.,2006-04-25,43242,7187,-13726.0,-7605.0,127250,-13158.0,36055,-6121.0
SILVER - COMMODITY EXCHANGE INC.,2006-05-02,41659,10448,-1583.0,3261.0,112421,-14829.0,31211,-4844.0
SILVER - COMMODITY EXCHANGE INC.,2006-05-09,38664,8838,-2995.0,-1610.0,110968,-1453.0,29826,-1385.0
SILVER - COMMODITY EXCHANGE INC.,2006-05-16,35419,9349,-3245.0,511.0,110184,-784.0,26070,-3756.0
SILVER - COMMODITY EXCHANGE INC.,2006-05-23,34795,8554,-624.0,-795.0,110443,259.0,26241,171.0
SILVER - COMMODITY EXCHANGE INC.,2006-05-30,35169,8797,374.0,243.0,109388,-1055.0,26372,131.0
SILVER - COMMODITY EXCHANGE INC.,2006-06-06,32662,9728,-2507.0,931.0,112351,2963.0,22934,-3438.0
SILVER - COMMODITY EXCHANGE INC.,2006-06-13,33080,8612,418.0,-1116.0,112993,642.0,24468,1534.0
SILVER - COMMODITY EXCHANGE INC.,2006-06-20,32276,9803,-804.0,1191.0,112485,-508.0,22473,-1995.0
SILVER - COMMODITY EXCHANGE INC.,2006-06-27,30746,10906,-1530.0,1103.0,109024,-3461.0,19840,-2633.0
SILVER - COMMODITY EXCHANGE INC.,2006-07-03,31220,7219,474.0,-3687.0,97874,-11150.0,24001,4161.0
SILVER - COMMODITY EXCHANGE INC.,2006-07-11,31855,7464,635.0,245.0,99551,1677.0,24391,390.0
SILVER - COMMODITY EXCHANGE INC.,2006-07-18,31264,8077,-591.0,613.0,99954,403.0,23187,-1204.0
SILVER - COMMODITY EXCHANGE INC.,2006-07-25,31142,7320,-122.0,-757.0,97539,-2415.0,23822,635.0
SILVER - COMMODITY EXCHANGE INC.,2006-08-01,32228,7889,1086.0,569.0,98685,1146.0,24339,517.0
SILVER - COMMODITY EXCHANGE INC.,2006-08-08,37564,8994,5336.0,1105.0,108463,9778.0,28570,4231.0
SILVER - COMMODITY EXCHANGE INC.,2006-08-15,36719,8978,-845.0,-16.0,111358,2895.0,27741,-829.0
SILVER - COMMODITY EXCHANGE INC.,2006-08-22,38914,9361,2195.0,383.0,114877,3519.0,29553,1812.0
SILVER - COMMODITY EXCHANGE INC.,2006-08-29,38861,9400,-53.0,39.0,112346,-2531.0,29461,-92.0
SILVER - COMMODITY EXCHANGE INC.,2006-09-05,40920,11100,2059.0,1700.0,108132,-4214.0,29820,359.0
SILVER - COMMODITY EXCHANGE INC.,2006-09-12,32926,10553,-7994.0,-547.0,101450,-6682.0,22373,-7447.0
SILVER - COMMODITY EXCHANGE INC.,2006-09-19,29367,10286,-3559.0,-267.0,100314,-1136.0,19081,-3292.0
"SILVER, 5000 TROY OZ - CHICAGO BOARD OF TRADE",2006-09-19,1450,2276,,,9607,,-826,-19907.0
SILVER - COMMODITY EXCHANGE INC.,2006-09-26,28267,9800,-1100.0,-486.0,100272,-42.0,18467,19293.0
"SILVER, 5000 TROY OZ - CHICAGO BOARD OF TRADE",2006-09-26,1685,942,235.0,-1334.0,9134,-473.0,743,-17724.0
SILVER - COMMODITY EXCHANGE INC.,2006-10-03,27302,8089,-965.0,-1711.0,98967,-1305.0,19213,18470.0
"SILVER, 5000 TROY OZ - CHICAGO BOARD OF TRADE",2006-10-03,1729,1887,44.0,945.0,10180,1046.0,-158,-19371.0
SILVER - COMMODITY EXCHANGE INC.,2006-10-10,27850,8370,548.0,281.0,100304,1337.0,19480,19638.0
SILVER - COMMODITY EXCHANGE INC.,2006-10-17,31433,9026,3583.0,656.0,106890,6586.0,22407,2927.0
SILVER - COMMODITY EXCHANGE INC.,2006-10-24,34851,8496,3418.0,-530.0,109100,2210.0,26355,3948.0
"SILVER, 5000 TROY OZ - CHICAGO BOARD OF TRADE",2006-10-24,2525,551,,,9525,,1974,-24381.0
SILVER - COMMODITY EXCHANGE INC.,2006-10-31,36672,8570,1821.0,74.0,110237,1137.0,28102,26128.0
SILVER - COMMODITY EXCHANGE INC.,2006-11-07,38784,8467,2112.0,-103.0,113697,3460.0,30317,2215.0
SILVER - COMMODITY EXCHANGE INC.,2006-11-14,43634,8540,4850.0,73.0,117486,3789.0,35094,4777.0
"SILVER, 5000 TROY OZ - CHICAGO BOARD OF TRADE",2006-11-14,4301,0,,,10681,,4301,-30793.0
SILVER - COMMODITY EXCHANGE INC.,2006-11-21,44371,6905,737.0,-1635.0,116375,-1111.0,37466,33165.0
"SILVER, 5000 TROY OZ - CHICAGO BOARD OF TRADE",2006-11-21,4448,195,147.0,195.0,11009,328.0,4253,-33213.0
SILVER - COMMODITY EXCHANGE INC.,2006-11-28,46095,7051,1724.0,146.0,109864,-6511.0,39044,34791.0
"SILVER, 5000 TROY OZ - CHICAGO BOARD OF TRADE",2006-11-28,4545,0,97.0,-195.0,11832,823.0,4545,-34499.0
SILVER - COMMODITY EXCHANGE INC.,2006-12-05,49012,7352,2917.0,301.0,106839,-3025.0,41660,37115.0
"SILVER, 5000 TROY OZ - CHICAGO BOARD OF TRADE",2006-12-05,4026,186,-519.0,186.0,11327,-505.0,3840,-37820.0
SILVER - COMMODITY EXCHANGE INC.,2006-12-12,51968,8364,2956.0,1012.0,110084,3245.0,43604,39764.0
"SILVER, 5000 TROY OZ - CHICAGO BOARD OF TRADE",2006-12-12,4814,0,788.0,-186.0,10922,-405.0,4814,-38790.0
SILVER - COMMODITY EXCHANGE INC.,2006-12-19,43218,6432,-8750.0,-1932.0,103358,-6726.0,36786,31972.0
"SILVER, 5000 TROY OZ - CHICAGO BOARD OF TRADE",2006-12-19,3137,2127,-1677.0,2127.0,10985,63.0,1010,-35776.0
SILVER - COMMODITY EXCHANGE INC.,2006-12-26,41044,6541,-2174.0,109.0,101141,-2217.0,34503,33493.0
"SILVER, 5000 TROY OZ - CHICAGO BOARD OF TRADE",2006-12-26,2271,1467,-866.0,-660.0,9848,-1137.0,804,-33699.0
SILVER - COMMODITY EXCHANGE INC.,2007-01-03,40337,8056,-707.0,1515.0,103703,2562.0,32281,31477.0
"SILVER, 5000 TROY OZ - CHICAGO BOARD OF TRADE",2007-01-03,2294,1065,23.0,-402.0,10978,1130.0,1229,-31052.0
SILVER - COMMODITY EXCHANGE INC.,2007-01-09,40894,7262,557.0,-794.0,101420,-2283.0,33632,32403.0
"SILVER, 5000 TROY OZ - CHICAGO BOARD OF TRADE",2007-01-09,2397,716,103.0,-349.0,9537,-1441.0,1681,-31951.0
SILVER - COMMODITY EXCHANGE INC.,2007-01-16,39984,7212,-910.0,-50.0,101830,410.0,32772,31091.0
"SILVER, 5000 TROY OZ - CHICAGO BOARD OF TRADE",2007-01-16,2804,531,407.0,-185.0,9833,296.0,2273,-30499.0
SILVER - COMMODITY EXCHANGE INC.,2007-01-23,43051,7398,3067.0,186.0,108484,6654.0,35653,33380.0
"SILVER, 5000 TROY OZ - CHICAGO BOARD OF TRADE",2007-01-23,3335,672,531.0,141.0,9726,-107.0,2663,-32990.0
SILVER - COMMODITY EXCHANGE INC.,2007-01-30,47120,8123,4069.0,725.0,112320,3836.0,38997,36334.0
"SILVER, 5000 TROY OZ - CHICAGO BOARD OF TRADE",2007-01-30,2953,668,-382.0,-4.0,9989,263.0,2285,-36712.0
SILVER - COMMODITY EXCHANGE INC.,2007-02-06,49943,8816,2823.0,693.0,116607,4287.0,41127,38842.0
SILVER - COMMODITY EXCHANGE INC.,2007-02-13,53943,10381,4000.0,1565.0,123596,6989.0,43562,2435.0
"SILVER, 5000 TROY OZ - CHICAGO BOARD OF TRADE",2007-02-13,3186,0,233.0,-668.0,10631,642.0,3186,-40376.0
SILVER - COMMODITY EXCHANGE INC.,2007-02-20,56923,10495,2980.0,114.0,127032,3436.0,46428,43242.0
"SILVER, 5000 TROY OZ - CHICAGO BOARD OF TRADE",2007-02-20,2875,229,-311.0,229.0,10847,216.0,2646,-43782.0
SILVER - COMMODITY EXCHANGE INC.,2007-02-27,63891,9502,6968.0,-993.0,125249,-1783.0,54389,51743.0
"SILVER, 5000 TROY OZ - CHICAGO BOARD OF TRADE",2007-02-27,3868,307,993.0,78.0,12102,1255.0,3561,-50828.0
SILVER - COMMODITY EXCHANGE INC.,2007-03-06,44348,7308,-19543.0,-2194.0,115412,-9837.0,37040,33479.0
"SILVER, 5000 TROY OZ - CHICAGO BOARD OF TRADE",2007-03-06,2225,1258,-1643.0,951.0,10192,-1910.0,967,-36073.0
SILVER - COMMODITY EXCHANGE INC.,2007-03-13,40204,6920,-4144.0,-388.0,112728,-2684.0,33284,32317.0
SILVER - COMMODITY EXCHANGE INC.,2007-03-20,38039,6475,-2165.0,-445.0,113072,344.0,31564,-1720.0
SILVER - COMMODITY EXCHANGE INC.,2007-03-27,38443,6365,404.0,-110.0,111348,-1724.0,32078,514.0
SILVER - COMMODITY EXCHANGE INC.,2007-04-03,39399,7739,956.0,1374.0,112120,772.0,31660,-418.0
SILVER - COMMODITY EXCHANGE INC.,2007-04-10,43105,9375,3706.0,1636.0,118004,5884.0,33730,2070.0
SILVER - COMMODITY EXCHANGE INC.,2007-04-17,47030,9997,3925.0,622.0,122313,4309.0,37033,3303.0
"SILVER, 5000 TROY OZ - CHICAGO BOARD OF TRADE",2007-04-17,2101,1779,,,10783,,322,-36711.0
SILVER - COMMODITY EXCHANGE INC.,2007-04-24,48794,10378,1764.0,381.0,123627,1314.0,38416,38094.0
SILVER - COMMODITY EXCHANGE INC.,2007-05-01,43129,11404,-5665.0,1026.0,109108,-14519.0,31725,-6691.0
SILVER - COMMODITY EXCHANGE INC.,2007-05-08,41590,11929,-1539.0,525.0,108852,-256.0,29661,-2064.0
SILVER - COMMODITY EXCHANGE INC.,2007-05-15,41376,11620,-214.0,-309.0,108698,-154.0,29756,95.0
SILVER - COMMODITY EXCHANGE INC.,2007-05-22,39806,14479,-1570.0,2859.0,108612,-86.0,25327,-4429.0
SILVER - COMMODITY EXCHANGE INC.,2007-05-29,41409,13717,1603.0,-762.0,111742,3130.0,27692,2365.0
SILVER - COMMODITY EXCHANGE INC.,2007-06-05,44461,11980,3052.0,-1737.0,115097,3355.0,32481,4789.0
SILVER - COMMODITY EXCHANGE INC.,2007-06-12,44174,12494,-287.0,514.0,119583,4486.0,31680,-801.0
"SILVER, 5000 TROY OZ - CHICAGO BOARD OF TRADE",2007-06-12,1727,1534,,,8458,,193,-31487.0
SILVER - COMMODITY EXCHANGE INC.,2007-06-19,44649,9953,475.0,-2541.0,124252,4669.0,34696,34503.0
SILVER - COMMODITY EXCHANGE INC.,2007-06-26,40565,12713,-4084.0,2760.0,120288,-3964.0,27852,-6844.0
"SILVER, 5000 TROY OZ - CHICAGO BOARD OF TRADE",2007-06-26,1613,2846,-114.0,1312.0,9002,544.0,-1233,-29085.0
SILVER - COMMODITY EXCHANGE INC.,2007-07-03,40070,16067,-495.0,3354.0,117290,-2998.0,24003,25236.0
SILVER - COMMODITY EXCHANGE INC.,2007-07-10,40880,14402,810.0,-1665.0,116724,-566.0,26478,2475.0
SILVER - COMMODITY EXCHANGE INC.,2007-07-17,39986,12046,-894.0,-2356.0,115546,-1178.0,27940,1462.0
SILVER - COMMODITY EXCHANGE INC.,2007-07-24,42754,10411,2768.0,-1635.0,119064,3518.0,32343,4403.0
SILVER - COMMODITY EXCHANGE INC.,2007-07-31,38580,11211,-4174.0,800.0,118550,-514.0,27369,-4974.0
SILVER - COMMODITY EXCHANGE INC.,2007-08-07,39317,10377,737.0,-834.0,122787,4237.0,28940,1571.0
SILVER - COMMODITY EXCHANGE INC.,2007-08-14,36203,9256,-3114.0,-1121.0,122912,125.0,26947,-1993.0
SILVER - COMMODITY EXCHANGE INC.,2007-08-21,32607,12809,-3596.0,3553.0,117914,-4998.0,19798,-7149.0
SILVER - COMMODITY EXCHANGE INC.,2007-08-28,25712,16050,-6895.0,3241.0,111791,-6123.0,9662,-10136.0
SILVER - COMMODITY EXCHANGE INC.,2007-09-04,25965,16688,253.0,638.0,107814,-3977.0,9277,-385.0
SILVER - COMMODITY EXCHANGE INC.,2007-09-11,27426,16582,1461.0,-106.0,108199,385.0,10844,1567.0
SILVER - COMMODITY EXCHANGE INC.,2007-09-18,28450,15241,1024.0,-1341.0,109750,1551.0,13209,2365.0
SILVER - COMMODITY EXCHANGE INC.,2007-09-25,37848,13085,9398.0,-2156.0,116537,6787.0,24763,11554.0
SILVER - COMMODITY EXCHANGE INC.,2007-10-02,39347,12749,1499.0,-336.0,117498,961.0,26598,1835.0
SILVER - COMMODITY EXCHANGE INC.,2007-10-09,41278,13029,1931.0,280.0,120478,2980.0,28249,1651.0
SILVER - COMMODITY EXCHANGE INC.,2007-10-16,41936,13040,658.0,11.0,124780,4302.0,28896,647.0
SILVER - COMMODITY EXCHANGE INC.,2007-10-23,40818,12298,-1118.0,-742.0,122842,-1938.0,28520,-376.0
SILVER - COMMODITY EXCHANGE INC.,2007-10-30,44222,13733,3404.0,1435.0,133518,10676.0,30489,1969.0
SILVER - COMMODITY EXCHANGE INC.,2007-11-06,48322,14245,4100.0,512.0,150120,16602.0,34077,3588.0
SILVER - COMMODITY EXCHANGE INC.,2007-11-13,45951,14724,-2371.0,479.0,146205,-3915.0,31227,-2850.0
SILVER - COMMODITY EXCHANGE INC.,2007-11-20,44350,14802,-1601.0,78.0,146852,647.0,29548,-1679.0
SILVER - COMMODITY EXCHANGE INC.,2007-11-27,42438,11564,-1912.0,-3238.0,144601,-2251.0,30874,1326.0
SILVER - COMMODITY EXCHANGE INC.,2007-12-04,39409,11041,-3029.0,-523.0,138128,-6473.0,28368,-2506.0
SILVER - COMMODITY EXCHANGE INC.,2007-12-11,42254,11234,2845.0,193.0,147922,9794.0,31020,2652.0
SILVER - COMMODITY EXCHANGE INC.,2007-12-18,38234,12111,-4020.0,877.0,148157,235.0,26123,-4897.0
SILVER - COMMODITY EXCHANGE INC.,2007-12-24,40310,8820,2076.0,-3291.0,150953,2796.0,31490,5367.0
SILVER - COMMODITY EXCHANGE INC.,2007-12-31,43450,8322,3140.0,-498.0,152888,1935.0,35128,3638.0
SILVER - COMMODITY EXCHANGE INC.,2008-01-08,51774,10691,8324.0,2369.0,168508,15620.0,41083,5955.0
SILVER - COMMODITY EXCHANGE INC.,2008-01-15,55869,12852,4095.0,2161.0,177544,9036.0,43017,1934.0
SILVER - COMMODITY EXCHANGE INC.,2008-01-22,58504,11916,2635.0,-936.0,179362,1818.0,46588,3571.0
SILVER - COMMODITY EXCHANGE INC.,2008-01-29,57683,11571,-821.0,-345.0,183056,3694.0,46112,-476.0
SILVER - COMMODITY EXCHANGE INC.,2008-02-05,58807,9057,1124.0,-2514.0,184677,1621.0,49750,3638.0
SILVER - COMMODITY EXCHANGE INC.,2008-02-12,62875,10885,4068.0,1828.0,187309,2632.0,51990,2240.0
SILVER - COMMODITY EXCHANGE INC.,2008-02-19,63733,10595,858.0,-290.0,189151,1842.0,53138,1148.0
SILVER - COMMODITY EXCHANGE INC.,2008-02-26,63537,9620,-196.0,-975.0,173340,-15811.0,53917,779.0
SILVER - COMMODITY EXCHANGE INC.,2008-03-04,62211,11594,-1326.0,1974.0,166625,-6715.0,50617,-3300.0
SILVER - COMMODITY EXCHANGE INC.,2008-03-11,59926,8916,-2285.0,-2678.0,162481,-4144.0,51010,393.0
SILVER - COMMODITY EXCHANGE INC.,2008-03-18,59944,9489,18.0,573.0,160860,-1621.0,50455,-555.0
SILVER - COMMODITY EXCHANGE INC.,2008-03-25,48579,8541,-11365.0,-948.0,148918,-11942.0,40038,-10417.0
SILVER - COMMODITY EXCHANGE INC.,2008-04-01,47457,6193,-1122.0,-2348.0,145358,-3560.0,41264,1226.0
SILVER - COMMODITY EXCHANGE INC.,2008-04-08,47194,7258,-263.0,1065.0,145698,340.0,39936,-1328.0
SILVER - COMMODITY EXCHANGE INC.,2008-04-15,46916,6379,-278.0,-879.0,149199,3501.0,40537,601.0
SILVER - COMMODITY EXCHANGE INC.,2008-04-22,47548,6226,632.0,-153.0,153234,4035.0,41322,785.0
SILVER - COMMODITY EXCHANGE INC.,2008-04-29,48978,6421,1430.0,195.0,126504,-26730.0,42557,1235.0
SILVER - COMMODITY EXCHANGE INC.,2008-05-06,48779,7600,-199.0,1179.0,121057,-5447.0,41179,-1378.0
SILVER - COMMODITY EXCHANGE INC.,2008-05-13,49456,9415,677.0,1815.0,122802,1745.0,40041,-1138.0
SILVER - COMMODITY EXCHANGE INC.,2008-05-20,54227,11158,4771.0,1743.0,125838,3036.0,43069,3028.0
SILVER - COMMODITY EXCHANGE INC.,2008-05-27,55747,10909,1520.0,-249.0,126583,745.0,44838,1769.0
SILVER - COMMODITY EXCHANGE INC.,2008-06-03,51098,9145,-4649.0,-1764.0,123200,-3383.0,41953,-2885.0
SILVER - COMMODITY EXCHANGE INC.,2008-06-10,51259,10338,161.0,1193.0,128241,5041.0,40921,-1032.0
SILVER - COMMODITY EXCHANGE INC.,2008-06-17,49452,9430,-1807.0,-908.0,130931,2690.0,40022,-899.0
SILVER - COMMODITY EXCHANGE INC.,2008-06-24,49195,10195,-257.0,765.0,128720,-2211.0,39000,-1022.0
SILVER - COMMODITY EXCHANGE INC.,2008-07-01,56414,9925,7219.0,-270.0,130495,1775.0,46489,7489.0
SILVER - COMMODITY EXCHANGE INC.,2008-07-08,59095,10957,2681.0,1032.0,135835,5340.0,48138,1649.0
SILVER - COMMODITY EXCHANGE INC.,2008-07-15,60062,10777,967.0,-180.0,143386,7551.0,49285,1147.0
SILVER - COMMODITY EXCHANGE INC.,2008-07-22,57762,10802,-2300.0,25.0,140089,-3297.0,46960,-2325.0
SILVER - COMMODITY EXCHANGE INC.,2008-07-29,50265,10421,-7497.0,-381.0,132854,-7235.0,39844,-7116.0
SILVER - COMMODITY EXCHANGE INC.,2008-08-05,46849,9649,-3416.0,-772.0,133255,401.0,37200,-2644.0
SILVER - COMMODITY EXCHANGE INC.,2008-08-12,45941,9915,-908.0,266.0,140094,6839.0,36026,-1174.0
SILVER - COMMODITY EXCHANGE INC.,2008-08-19,42525,10961,-3416.0,1046.0,135028,-5066.0,31564,-4462.0
SILVER - COMMODITY EXCHANGE INC.,2008-08-26,39453,11869,-3072.0,908.0,125075,-9953.0,27584,-3980.0
SILVER - COMMODITY EXCHANGE INC.,2008-09-02,40310,13301,857.0,1432.0,116628,-8447.0,27009,-575.0
SILVER - COMMODITY EXCHANGE INC.,2008-09-09,38840,14090,-1470.0,789.0,116403,-225.0,24750,-2259.0
SILVER - COMMODITY EXCHANGE INC.,2008-09-16,38161,14660,-679.0,570.0,112340,-4063.0,23501,-1249.0
SILVER - COMMODITY EXCHANGE INC.,2008-09-23,34169,13012,-3992.0,-1648.0,104403,-7937.0,21157,-2344.0
SILVER - COMMODITY EXCHANGE INC.,2008-09-30,30405,12069,-3764.0,-943.0,103812,-591.0,18336,-2821.0
SILVER - COMMODITY EXCHANGE INC.,2008-10-07,28882,11783,-1523.0,-286.0,99883,-3929.0,17099,-1237.0
SILVER - COMMODITY EXCHANGE INC.,2008-10-14,28140,11218,-742.0,-565.0,98596,-1287.0,16922,-177.0
SILVER - COMMODITY EXCHANGE INC.,2008-10-21,27104,13463,-1036.0,2245.0,95873,-2723.0,13641,-3281.0
SILVER - COMMODITY EXCHANGE INC.,2008-10-28,27822,12754,718.0,-709.0,95716,-157.0,15068,1427.0
SILVER - COMMODITY EXCHANGE INC.,2008-11-04,29015,11508,1193.0,-1246.0,94365,-1351.0,17507,2439.0
SILVER - COMMODITY EXCHANGE INC.,2008-11-11,30913,11287,1898.0,-221.0,94494,129.0,19626,2119.0
SILVER - COMMODITY EXCHANGE INC.,2008-11-18,29678,10603,-1235.0,-684.0,91853,-2641.0,19075,-551.0
SILVER - COMMODITY EXCHANGE INC.,2008-11-25,24915,10756,-4763.0,153.0,86878,-4975.0,14159,-4916.0
SILVER - COMMODITY EXCHANGE INC.,2008-12-02,24263,8210,-652.0,-2546.0,82434,-4444.0,16053,1894.0
SILVER - COMMODITY EXCHANGE INC.,2008-12-09,24501,7618,238.0,-592.0,83476,1042.0,16883,830.0
SILVER - COMMODITY EXCHANGE INC.,2008-12-16,26737,7416,2236.0,-202.0,87384,3908.0,19321,2438.0
SILVER - COMMODITY EXCHANGE INC.,2008-12-22,26817,6577,80.0,-839.0,85219,-2165.0,20240,919.0
SILVER - COMMODITY EXCHANGE INC.,2008-12-30,27106,7311,289.0,734.0,85312,93.0,19795,-445.0
SILVER - COMMODITY EXCHANGE INC.,2009-01-06,26767,6578,-339.0,-733.0,86788,1476.0,20189,394.0
SILVER - COMMODITY EXCHANGE INC.,2009-01-13,25899,7543,-868.0,965.0,85916,-872.0,18356,-1833.0
SILVER - COMMODITY EXCHANGE INC.,2009-01-20,26663,7597,764.0,54.0,86349,433.0,19066,710.0
SILVER - COMMODITY EXCHANGE INC.,2009-01-27,28760,7802,2097.0,205.0,89185,2836.0,20958,1892.0
SILVER - COMMODITY EXCHANGE INC.,2009-02-03,29430,7015,670.0,-787.0,93813,4628.0,22415,1457.0
SILVER - COMMODITY EXCHANGE INC.,2009-02-10,30842,6720,1412.0,-295.0,96019,2206.0,24122,1707.0
SILVER - COMMODITY EXCHANGE INC.,2009-02-17,30954,6237,112.0,-483.0,99325,3306.0,24717,595.0
SILVER - COMMODITY EXCHANGE INC.,2009-02-24,30975,5768,21.0,-469.0,101629,2304.0,25207,490.0
SILVER - COMMODITY EXCHANGE INC.,2009-03-03,32391,5706,1416.0,-62.0,93051,-8578.0,26685,1478.0
SILVER - COMMODITY EXCHANGE INC.,2009-03-10,30549,5267,-1842.0,-439.0,92260,-791.0,25282,-1403.0
SILVER - COMMODITY EXCHANGE INC.,2009-03-17,29437,5022,-1112.0,-245.0,92796,536.0,24415,-867.0
SILVER - COMMODITY EXCHANGE INC.,2009-03-24,27711,4980,-1726.0,-42.0,93147,351.0,22731,-1684.0
SILVER - COMMODITY EXCHANGE INC.,2009-03-31,27232,6645,-479.0,1665.0,94506,1359.0,20587,-2144.0
SILVER - COMMODITY EXCHANGE INC.,2009-04-07,26198,8557,-1034.0,1912.0,93101,-1405.0,17641,-2946.0
SILVER - COMMODITY EXCHANGE INC.,2009-04-14,24462,7656,-1736.0,-901.0,94568,1467.0,16806,-835.0
SILVER - COMMODITY EXCHANGE INC.,2009-04-21,24516,10518,54.0,2862.0,96277,1709.0,13998,-2808.0
SILVER - COMMODITY EXCHANGE INC.,2009-04-28,24121,8402,-395.0,-2116.0,90687,-5590.0,15719,1721.0
SILVER - COMMODITY EXCHANGE INC.,2009-05-05,27385,6581,3264.0,-1821.0,89477,-1210.0,20804,5085.0
SILVER - COMMODITY EXCHANGE INC.,2009-05-12,32432,7932,5047.0,1351.0,96546,7069.0,24500,3696.0
SILVER - COMMODITY EXCHANGE INC.,2009-05-19,34189,5964,1757.0,-1968.0,96079,-467.0,28225,3725.0
SILVER - COMMODITY EXCHANGE INC.,2009-05-26,33982,5948,-207.0,-16.0,98120,2041.0,28034,-191.0
SILVER - COMMODITY EXCHANGE INC.,2009-06-02,35789,7121,1807.0,1173.0,104986,6866.0,28668,634.0
SILVER - COMMODITY EXCHANGE INC.,2009-06-09,36330,5446,541.0,-1675.0,106447,1461.0,30884,2216.0
SILVER - COMMODITY EXCHANGE INC.,2009-06-16,33876,4481,-2454.0,-965.0,103981,-2466.0,29395,-1489.0
SILVER - COMMODITY EXCHANGE INC.,2009-06-23,30838,4633,-3038.0,152.0,105699,1718.0,26205,-3190.0
SILVER - COMMODITY EXCHANGE INC.,2009-06-30,30233,5455,-605.0,822.0,104594,-1105.0,24778,-1427.0
SILVER - COMMODITY EXCHANGE INC.,2009-07-07,29641,5515,-592.0,60.0,100376,-4218.0,24126,-652.0
SILVER - COMMODITY EXCHANGE INC.,2009-07-14,28690,7605,-951.0,2090.0,99662,-714.0,21085,-3041.0
SILVER - COMMODITY EXCHANGE INC.,2009-07-21,28351,9811,-339.0,2206.0,98269,-1393.0,18540,-2545.0
SILVER - COMMODITY EXCHANGE INC.,2009-07-28,30181,8855,1830.0,-956.0,97761,-508.0,21326,2786.0
SILVER - COMMODITY EXCHANGE INC.,2009-08-04,32434,8585,2253.0,-270.0,99477,1716.0,23849,2523.0
SILVER - COMMODITY EXCHANGE INC.,2009-08-11,36581,8771,4147.0,186.0,104790,5313.0,27810,3961.0
SILVER - COMMODITY EXCHANGE INC.,2009-08-18,35138,7287,-1443.0,-1484.0,103527,-1263.0,27851,41.0
SILVER - COMMODITY EXCHANGE INC.,2009-08-25,35667,6537,529.0,-750.0,101539,-1988.0,29130,1279.0
SILVER - COMMODITY EXCHANGE INC.,2009-09-01,42244,7815,6577.0,1278.0,106671,5132.0,34429,5299.0
SILVER - COMMODITY EXCHANGE INC.,2009-09-08,48685,7783,6441.0,-32.0,116421,9750.0,40902,6473.0
SILVER - COMMODITY EXCHANGE INC.,2009-09-15,54995,8526,6310.0,743.0,123873,7452.0,46469,5567.0
SILVER - COMMODITY EXCHANGE INC.,2009-09-22,56756,9522,1761.0,996.0,128184,4311.0,47234,765.0
SILVER - COMMODITY EXCHANGE INC.,2009-09-29,54966,7556,-1790.0,-1966.0,128695,511.0,47410,176.0
SILVER - COMMODITY EXCHANGE INC.,2009-10-06,54614,7314,-352.0,-242.0,131801,3106.0,47300,-110.0
SILVER - COMMODITY EXCHANGE INC.,2009-10-13,55532,7257,918.0,-57.0,136015,4214.0,48275,975.0
SILVER - COMMODITY EXCHANGE INC.,2009-10-20,55740,7602,208.0,345.0,135456,-559.0,48138,-137.0
SILVER - COMMODITY EXCHANGE INC.,2009-10-27,51014,6874,-4726.0,-728.0,132843,-2613.0,44140,-3998.0
SILVER - COMMODITY EXCHANGE INC.,2009-11-03,45742,5944,-5272.0,-930.0,129240,-3603.0,39798,-4342.0
SILVER - COMMODITY EXCHANGE INC.,2009-11-09,43862,5908,-1880.0,-36.0,141794,12554.0,37954,-1844.0
SILVER - COMMODITY EXCHANGE INC.,2009-11-17,47597,7117,3735.0,1209.0,142200,406.0,40480,2526.0
SILVER - COMMODITY EXCHANGE INC.,2009-11-24,48870,3222,1273.0,-3895.0,136162,-6038.0,45648,5168.0
SILVER - COMMODITY EXCHANGE INC.,2009-12-01,49798,4599,928.0,1377.0,131899,-4263.0,45199,-449.0
SILVER - COMMODITY EXCHANGE INC.,2009-12-08,46575,4039,-3223.0,-560.0,125999,-5900.0,42536,-2663.0
SILVER - COMMODITY EXCHANGE INC.,2009-12-15,42440,3763,-4135.0,-276.0,121787,-4212.0,38677,-3859.0
SILVER - COMMODITY EXCHANGE INC.,2009-12-22,42528,2850,88.0,-913.0,122294,507.0,39678,1001.0
SILVER - COMMODITY EXCHANGE INC.,2009-12-29,41886,3165,-642.0,315.0,124334,2040.0,38721,-957.0
SILVER - COMMODITY EXCHANGE INC.,2010-01-05,44312,4813,2426.0,1648.0,125391,1057.0,39499,778.0
SILVER - COMMODITY EXCHANGE INC.,2010-01-12,48703,4175,4391.0,-638.0,128675,3284.0,44528,5029.0
SILVER - COMMODITY EXCHANGE INC.,2010-01-19,49357,5056,654.0,881.0,131385,2710.0,44301,-227.0
SILVER - COMMODITY EXCHANGE INC.,2010-01-26,41473,4404,-7884.0,-652.0,124895,-6490.0,37069,-7232.0
SILVER - COMMODITY EXCHANGE INC.,2010-02-02,36924,6047,-4549.0,1643.0,122261,-2634.0,30877,-6192.0
SILVER - COMMODITY EXCHANGE INC.,2010-02-09,32438,9073,-4486.0,3026.0,118593,-3668.0,23365,-7512.0
SILVER - COMMODITY EXCHANGE INC.,2010-02-16,34615,9237,2177.0,164.0,120166,1573.0,25378,2013.0
SILVER - COMMODITY EXCHANGE INC.,2010-02-23,35495,7679,880.0,-1558.0,117376,-2790.0,27816,2438.0
SILVER - COMMODITY EXCHANGE INC.,2010-03-02,36721,5663,1226.0,-2016.0,108248,-9128.0,31058,3242.0
SILVER - COMMODITY EXCHANGE INC.,2010-03-09,40051,4886,3330.0,-777.0,112130,3882.0,35165,4107.0
SILVER - COMMODITY EXCHANGE INC.,2010-03-16,40126,5270,75.0,384.0,114192,2062.0,34856,-309.0
SILVER - COMMODITY EXCHANGE INC.,2010-03-23,38105,5804,-2021.0,534.0,112520,-1672.0,32301,-2555.0
SILVER - COMMODITY EXCHANGE INC.,2010-03-30,38734,5753,629.0,-51.0,113405,885.0,32981,680.0
SILVER - COMMODITY EXCHANGE INC.,2010-04-06,44052,6529,5318.0,776.0,118712,5307.0,37523,4542.0
SILVER - COMMODITY EXCHANGE INC.,2010-04-13,47495,7890,3443.0,1361.0,123661,4949.0,39605,2082.0
SILVER - COMMODITY EXCHANGE INC.,2010-04-20,46960,8098,-535.0,208.0,126679,3018.0,38862,-743.0
SILVER - COMMODITY EXCHANGE INC.,2010-04-27,48462,7895,1502.0,-203.0,124157,-2522.0,40567,1705.0
SILVER - COMMODITY EXCHANGE INC.,2010-05-04,47287,8627,-1175.0,732.0,123448,-709.0,38660,-1907.0
SILVER - COMMODITY EXCHANGE INC.,2010-05-11,47848,10258,561.0,1631.0,122669,-779.0,37590,-1070.0
SILVER - COMMODITY EXCHANGE INC.,2010-05-18,51664,8874,3816.0,-1384.0,125228,2559.0,42790,5200.0
SILVER - COMMODITY EXCHANGE INC.,2010-05-25,42146,7314,-9518.0,-1560.0,120120,-5108.0,34832,-7958.0
SILVER - COMMODITY EXCHANGE INC.,2010-06-01,41797,5912,-349.0,-1402.0,122368,2248.0,35885,1053.0
SILVER - COMMODITY EXCHANGE INC.,2010-06-08,40478,5475,-1319.0,-437.0,122536,168.0,35003,-882.0
SILVER - COMMODITY EXCHANGE INC.,2010-06-15,43464,5948,2986.0,473.0,131070,8534.0,37516,2513.0
SILVER - COMMODITY EXCHANGE INC.,2010-06-22,46666,6615,3202.0,667.0,139019,7949.0,40051,2535.0
SILVER - COMMODITY EXCHANGE INC.,2010-06-29,47455,5545,789.0,-1070.0,128065,-10954.0,41910,1859.0
SILVER - COMMODITY EXCHANGE INC.,2010-07-06,39876,4832,-7579.0,-713.0,118962,-9103.0,35044,-6866.0
SILVER - COMMODITY EXCHANGE INC.,2010-07-13,39176,3994,-700.0,-838.0,117959,-1003.0,35182,138.0
SILVER - COMMODITY EXCHANGE INC.,2010-07-20,37827,6193,-1349.0,2199.0,117531,-428.0,31634,-3548.0
SILVER - COMMODITY EXCHANGE INC.,2010-07-27,38480,8143,653.0,1950.0,117370,-161.0,30337,-1297.0
SILVER - COMMODITY EXCHANGE INC.,2010-08-03,43185,6730,4705.0,-1413.0,123464,6094.0,36455,6118.0
SILVER - COMMODITY EXCHANGE INC.,2010-08-10,42597,6863,-588.0,133.0,123370,-94.0,35734,-721.0
SILVER - COMMODITY EXCHANGE INC.,2010-08-17,43251,7679,654.0,816.0,128848,5478.0,35572,-162.0
SILVER - COMMODITY EXCHANGE INC.,2010-08-24,42255,7448,-996.0,-231.0,124185,-4663.0,34807,-765.0
SILVER - COMMODITY EXCHANGE INC.,2010-08-31,54472,9659,12217.0,2211.0,130813,6628.0,44813,10006.0
SILVER - COMMODITY EXCHANGE INC.,2010-09-07,59112,11909,4640.0,2250.0,139522,8709.0,47203,2390.0
SILVER - COMMODITY EXCHANGE INC.,2010-09-14,60696,11905,1584.0,-4.0,144798,5276.0,48791,1588.0
SILVER - COMMODITY EXCHANGE INC.,2010-09-21,62013,12642,1317.0,737.0,146767,1969.0,49371,580.0
SILVER - COMMODITY EXCHANGE INC.,2010-09-28,66066,14585,4053.0,1943.0,154219,7452.0,51481,2110.0
SILVER - COMMODITY EXCHANGE INC.,2010-10-05,63681,15198,-2385.0,613.0,156096,1877.0,48483,-2998.0
SILVER - COMMODITY EXCHANGE INC.,2010-10-12,59615,14263,-4066.0,-935.0,153970,-2126.0,45352,-3131.0
SILVER - COMMODITY EXCHANGE INC.,2010-10-19,56278,12981,-3337.0,-1282.0,151104,-2866.0,43297,-2055.0
SILVER - COMMODITY EXCHANGE INC.,2010-10-26,53018,12509,-3260.0,-472.0,152980,1876.0,40509,-2788.0
SILVER - COMMODITY EXCHANGE INC.,2010-11-02,52625,12834,-393.0,325.0,158633,5653.0,39791,-718.0
SILVER - COMMODITY EXCHANGE INC.,2010-11-09,46004,13421,-6621.0,587.0,156418,-2215.0,32583,-7208.0
SILVER - COMMODITY EXCHANGE INC.,2010-11-16,40243,12139,-5761.0,-1282.0,146693,-9725.0,28104,-4479.0
SILVER - COMMODITY EXCHANGE INC.,2010-11-23,40307,9881,64.0,-2258.0,147685,992.0,30426,2322.0
SILVER - COMMODITY EXCHANGE INC.,2010-11-30,40818,6784,511.0,-3097.0,133139,-14546.0,34034,3608.0
SILVER - COMMODITY EXCHANGE INC.,2010-12-07,42606,9637,1788.0,2853.0,137675,4536.0,32969,-1065.0
SILVER - COMMODITY EXCHANGE INC.,2010-12-14,39450,9218,-3156.0,-419.0,130145,-7530.0,30232,-2737.0
SILVER - COMMODITY EXCHANGE INC.,2010-12-21,39180,8885,-270.0,-333.0,133135,2990.0,30295,63.0
SILVER - COMMODITY EXCHANGE INC.,2010-12-28,41539,9420,2359.0,535.0,137918,4783.0,32119,1824.0
SILVER - COMMODITY EXCHANGE INC.,2011-01-04,40483,10448,-1056.0,1028.0,136931,-987.0,30035,-2084.0
SILVER - COMMODITY EXCHANGE INC.,2011-01-11,38570,9301,-1913.0,-1147.0,136331,-600.0,29269,-766.0
SILVER - COMMODITY EXCHANGE INC.,2011-01-18,40010,10357,1440.0,1056.0,135675,-656.0,29653,384.0
SILVER - COMMODITY EXCHANGE INC.,2011-01-25,38699,10473,-1311.0,116.0,125229,-10446.0,28226,-1427.0
SILVER - COMMODITY EXCHANGE INC.,2011-02-01,37883,7203,-816.0,-3270.0,125287,58.0,30680,2454.0
SILVER - COMMODITY EXCHANGE INC.,2011-02-08,44915,7852,7032.0,649.0,135797,10510.0,37063,6383.0
SILVER - COMMODITY EXCHANGE INC.,2011-02-15,50718,9781,5803.0,1929.0,147113,11316.0,40937,3874.0
SILVER - COMMODITY EXCHANGE INC.,2011-02-22,50937,11714,219.0,1933.0,145070,-2043.0,39223,-1714.0
SILVER - COMMODITY EXCHANGE INC.,2011-03-01,49750,11848,-1187.0,134.0,135802,-9268.0,37902,-1321.0
SILVER - COMMODITY EXCHANGE INC.,2011-03-08,50394,11900,644.0,52.0,133485,-2317.0,38494,592.0
SILVER - COMMODITY EXCHANGE INC.,2011-03-15,47290,12336,-3104.0,436.0,134914,1429.0,34954,-3540.0
SILVER - COMMODITY EXCHANGE INC.,2011-03-22,47552,10777,262.0,-1559.0,135988,1074.0,36775,1821.0
SILVER - COMMODITY EXCHANGE INC.,2011-03-29,47764,10625,212.0,-152.0,138486,2498.0,37139,364.0
SILVER - COMMODITY EXCHANGE INC.,2011-04-05,48890,12105,1126.0,1480.0,143013,4527.0,36785,-354.0
SILVER - COMMODITY EXCHANGE INC.,2011-04-12,46305,13583,-2585.0,1478.0,144670,1657.0,32722,-4063.0
SILVER - COMMODITY EXCHANGE INC.,2011-04-19,48325,14559,2020.0,976.0,144981,311.0,33766,1044.0
SILVER - COMMODITY EXCHANGE INC.,2011-04-26,43078,18083,-5247.0,3524.0,143341,-1640.0,24995,-8771.0
SILVER - COMMODITY EXCHANGE INC.,2011-05-03,42751,19397,-327.0,1314.0,131907,-11434.0,23354,-1641.0
SILVER - COMMODITY EXCHANGE INC.,2011-05-10,34239,10753,-8512.0,-8644.0,123537,-8370.0,23486,132.0
SILVER - COMMODITY EXCHANGE INC.,2011-05-17,30936,13501,-3303.0,2748.0,120227,-3310.0,17435,-6051.0
SILVER - COMMODITY EXCHANGE INC.,2011-05-24,31754,14171,818.0,670.0,121395,1168.0,17583,148.0
SILVER - COMMODITY EXCHANGE INC.,2011-05-31,28870,11288,-2884.0,-2883.0,120853,-542.0,17582,-1.0
SILVER - COMMODITY EXCHANGE INC.,2011-06-07,28761,11762,-109.0,474.0,121191,338.0,16999,-583.0
SILVER - COMMODITY EXCHANGE INC.,2011-06-14,29261,12674,500.0,912.0,118846,-2345.0,16587,-412.0
SILVER - COMMODITY EXCHANGE INC.,2011-06-21,30454,11131,1193.0,-1543.0,120238,1392.0,19323,2736.0
SILVER - COMMODITY EXCHANGE INC.,2011-06-28,27439,11441,-3015.0,310.0,114330,-5908.0,15998,-3325.0
SILVER - COMMODITY EXCHANGE INC.,2011-07-05,28131,9296,692.0,-2145.0,111251,-3079.0,18835,2837.0
SILVER - COMMODITY EXCHANGE INC.,2011-07-12,29967,9464,1836.0,168.0,112795,1544.0,20503,1668.0
SILVER - COMMODITY EXCHANGE INC.,2011-07-19,34248,13499,4281.0,4035.0,115999,3204.0,20749,246.0
SILVER - COMMODITY EXCHANGE INC.,2011-07-26,37358,13445,3110.0,-54.0,119563,3564.0,23913,3164.0
SILVER - COMMODITY EXCHANGE INC.,2011-08-02,38265,13414,907.0,-31.0,120385,822.0,24851,938.0
SILVER - COMMODITY EXCHANGE INC.,2011-08-09,32101,13713,-6164.0,299.0,115939,-4446.0,18388,-6463.0
SILVER - COMMODITY EXCHANGE INC.,2011-08-16,32697,10769,596.0,-2944.0,116007,68.0,21928,3540.0
SILVER - COMMODITY EXCHANGE INC.,2011-08-23,38756,11745,6059.0,976.0,122543,6536.0,27011,5083.0
SILVER - COMMODITY EXCHANGE INC.,2011-08-30,36537,9694,-2219.0,-2051.0,112375,-10168.0,26843,-168.0
SILVER - COMMODITY EXCHANGE INC.,2011-09-06,37185,9978,648.0,284.0,113449,1074.0,27207,364.0
SILVER - COMMODITY EXCHANGE INC.,2011-09-13,36588,10301,-597.0,323.0,112726,-723.0,26287,-920.0
SILVER - COMMODITY EXCHANGE INC.,2011-09-20,33947,11409,-2641.0,1108.0,112103,-623.0,22538,-3749.0
SILVER - COMMODITY EXCHANGE INC.,2011-09-27,25153,9728,-8794.0,-1681.0,102014,-10089.0,15425,-7113.0
SILVER - COMMODITY EXCHANGE INC.,2011-10-04,23859,11959,-1294.0,2231.0,101102,-912.0,11900,-3525.0
SILVER - COMMODITY EXCHANGE INC.,2011-10-11,23571,11623,-288.0,-336.0,99698,-1404.0,11948,48.0
SILVER - COMMODITY EXCHANGE INC.,2011-10-18,23005,12653,-566.0,1030.0,103357,3659.0,10352,-1596.0
SILVER - COMMODITY EXCHANGE INC.,2011-10-25,23660,12638,655.0,-15.0,107066,3709.0,11022,670.0
SILVER - COMMODITY EXCHANGE INC.,2011-11-01,24084,11910,424.0,-728.0,108675,1609.0,12174,1152.0
SILVER - COMMODITY EXCHANGE INC.,2011-11-08,24414,11474,330.0,-436.0,111841,3166.0,12940,766.0
SILVER - COMMODITY EXCHANGE INC.,2011-11-15,25822,11375,1408.0,-99.0,110513,-1328.0,14447,1507.0
SILVER - COMMODITY EXCHANGE INC.,2011-11-22,23577,10953,-2245.0,-422.0,108548,-1965.0,12624,-1823.0
SILVER - COMMODITY EXCHANGE INC.,2011-11-29,23816,11722,239.0,769.0,98959,-9589.0,12094,-530.0
SILVER - COMMODITY EXCHANGE INC.,2011-12-06,23211,10581,-605.0,-1141.0,95684,-3275.0,12630,536.0
SILVER - COMMODITY EXCHANGE INC.,2011-12-13,25572,11905,2361.0,1324.0,98311,2627.0,13667,1037.0
SILVER - COMMODITY EXCHANGE INC.,2011-12-20,24302,16874,-1270.0,4969.0,101165,2854.0,7428,-6239.0
SILVER - COMMODITY EXCHANGE INC.,2011-12-27,24026,17171,-276.0,297.0,103993,2828.0,6855,-573.0
SILVER - COMMODITY EXCHANGE INC.,2012-01-03,26629,16991,2603.0,-180.0,107101,3108.0,9638,2783.0
SILVER - COMMODITY EXCHANGE INC.,2012-01-10,26208,15137,-421.0,-1854.0,104345,-2756.0,11071,1433.0
SILVER - COMMODITY EXCHANGE INC.,2012-01-17,26209,12816,1.0,-2321.0,103668,-677.0,13393,2322.0
SILVER - COMMODITY EXCHANGE INC.,2012-01-24,27051,10934,842.0,-1882.0,103025,-643.0,16117,2724.0
SILVER - COMMODITY EXCHANGE INC.,2012-01-31,28465,9374,1414.0,-1560.0,101747,-1278.0,19091,2974.0
SILVER - COMMODITY EXCHANGE INC.,2012-02-07,32239,8652,3774.0,-722.0,106008,4261.0,23587,4496.0
SILVER - COMMODITY EXCHANGE INC.,2012-02-14,32860,7192,621.0,-1460.0,104872,-1136.0,25668,2081.0
SILVER - COMMODITY EXCHANGE INC.,2012-02-21,34819,8154,1959.0,962.0,110583,5711.0,26665,997.0
SILVER - COMMODITY EXCHANGE INC.,2012-02-28,38012,8009,3193.0,-145.0,115866,5283.0,30003,3338.0
SILVER - COMMODITY EXCHANGE INC.,2012-03-06,30635,7443,-7377.0,-566.0,111023,-4843.0,23192,-6811.0
SILVER - COMMODITY EXCHANGE INC.,2012-03-13,28459,6643,-2176.0,-800.0,111730,707.0,21816,-1376.0
SILVER - COMMODITY EXCHANGE INC.,2012-03-20,28489,7320,30.0,677.0,111422,-308.0,21169,-647.0
SILVER - COMMODITY EXCHANGE INC.,2012-03-27,26897,8242,-1592.0,922.0,109859,-1563.0,18655,-2514.0
SILVER - COMMODITY EXCHANGE INC.,2012-04-03,29242,9187,2345.0,945.0,116434,6575.0,20055,1400.0
SILVER - COMMODITY EXCHANGE INC.,2012-04-10,28154,9968,-1088.0,781.0,114469,-1965.0,18186,-1869.0
SILVER - COMMODITY EXCHANGE INC.,2012-04-17,28051,9644,-103.0,-324.0,121448,6979.0,18407,221.0
SILVER - COMMODITY EXCHANGE INC.,2012-04-24,28913,12442,862.0,2798.0,122325,877.0,16471,-1936.0
SILVER - COMMODITY EXCHANGE INC.,2012-05-01,26855,11271,-2058.0,-1171.0,110862,-11463.0,15584,-887.0
SILVER - COMMODITY EXCHANGE INC.,2012-05-08,28008,15445,1153.0,4174.0,113549,2687.0,12563,-3021.0
SILVER - COMMODITY EXCHANGE INC.,2012-05-15,27251,15777,-757.0,332.0,114208,659.0,11474,-1089.0
SILVER - COMMODITY EXCHANGE INC.,2012-05-22,28018,17221,767.0,1444.0,113647,-561.0,10797,-677.0
SILVER - COMMODITY EXCHANGE INC.,2012-05-29,26499,17941,-1519.0,720.0,113961,314.0,8558,-2239.0
SILVER - COMMODITY EXCHANGE INC.,2012-06-05,27809,18015,1310.0,74.0,116809,2848.0,9794,1236.0
SILVER - COMMODITY EXCHANGE INC.,2012-06-12,26716,17107,-1093.0,-908.0,122080,5271.0,9609,-185.0
SILVER - COMMODITY EXCHANGE INC.,2012-06-19,27767,17665,1051.0,558.0,122508,428.0,10102,493.0
SILVER - COMMODITY EXCHANGE INC.,2012-06-26,28362,22140,595.0,4475.0,126164,3656.0,6222,-3880.0
SILVER - COMMODITY EXCHANGE INC.,2012-07-03,28662,18956,300.0,-3184.0,122128,-4036.0,9706,3484.0
SILVER - COMMODITY EXCHANGE INC.,2012-07-10,28434,19652,-228.0,696.0,124109,1981.0,8782,-924.0
SILVER - COMMODITY EXCHANGE INC.,2012-07-17,28431,20775,-3.0,1123.0,121819,-2290.0,7656,-1126.0
SILVER - COMMODITY EXCHANGE INC.,2012-07-24,30291,22132,1860.0,1357.0,123661,1842.0,8159,503.0
SILVER - COMMODITY EXCHANGE INC.,2012-07-31,31394,18358,1103.0,-3774.0,121809,-1852.0,13036,4877.0
SILVER - COMMODITY EXCHANGE INC.,2012-08-07,31421,17741,27.0,-617.0,124276,2467.0,13680,644.0
SILVER - COMMODITY EXCHANGE INC.,2012-08-14,32317,16730,896.0,-1011.0,128993,4717.0,15587,1907.0
SILVER - COMMODITY EXCHANGE INC.,2012-08-21,35646,14446,3329.0,-2284.0,127776,-1217.0,21200,5613.0
SILVER - COMMODITY EXCHANGE INC.,2012-08-28,39708,11070,4062.0,-3376.0,121777,-5999.0,28638,7438.0
SILVER - COMMODITY EXCHANGE INC.,2012-09-04,42283,9853,2575.0,-1217.0,119504,-2273.0,32430,3792.0
SILVER - COMMODITY EXCHANGE INC.,2012-09-11,41371,9889,-912.0,36.0,121050,1546.0,31482,-948.0
SILVER - COMMODITY EXCHANGE INC.,2012-09-18,43205,10650,1834.0,761.0,127032,5982.0,32555,1073.0
SILVER - COMMODITY EXCHANGE INC.,2012-09-25,44778,10768,1573.0,118.0,133163,6131.0,34010,1455.0
SILVER - COMMODITY EXCHANGE INC.,2012-10-02,47236,9118,2458.0,-1650.0,139117,5954.0,38118,4108.0
SILVER - COMMODITY EXCHANGE INC.,2012-10-09,49398,9573,2162.0,455.0,140426,1309.0,39825,1707.0
SILVER - COMMODITY EXCHANGE INC.,2012-10-16,49041,8913,-357.0,-660.0,141405,979.0,40128,303.0
SILVER - COMMODITY EXCHANGE INC.,2012-10-23,47463,9327,-1578.0,414.0,140643,-762.0,38136,-1992.0
SILVER - COMMODITY EXCHANGE INC.,2012-10-30,46782,10565,-681.0,1238.0,137585,-3058.0,36217,-1919.0
SILVER - COMMODITY EXCHANGE INC.,2012-11-06,44230,10111,-2552.0,-454.0,139313,1728.0,34119,-2098.0
SILVER - COMMODITY EXCHANGE INC.,2012-11-13,45185,10775,955.0,664.0,144567,5254.0,34410,291.0
SILVER - COMMODITY EXCHANGE INC.,2012-11-20,47308,9347,2123.0,-1428.0,150335,5768.0,37961,3551.0
SILVER - COMMODITY EXCHANGE INC.,2012-11-27,51084,9809,3776.0,462.0,150727,392.0,41275,3314.0
SILVER - COMMODITY EXCHANGE INC.,2012-12-04,50204,8932,-880.0,-877.0,141738,-8989.0,41272,-3.0
SILVER - COMMODITY EXCHANGE INC.,2012-12-11,48548,9048,-1656.0,116.0,142085,347.0,39500,-1772.0
SILVER - COMMODITY EXCHANGE INC.,2012-12-18,44889,8900,-3659.0,-148.0,141423,-662.0,35989,-3511.0
SILVER - COMMODITY EXCHANGE INC.,2012-12-24,39620,8977,-5269.0,77.0,140751,-672.0,30643,-5346.0
SILVER - COMMODITY EXCHANGE INC.,2012-12-31,38291,9104,-1329.0,127.0,141489,738.0,29187,-1456.0
SILVER - COMMODITY EXCHANGE INC.,2013-01-08,37257,9163,-1034.0,59.0,137542,-3947.0,28094,-1093.0
SILVER - COMMODITY EXCHANGE INC.,2013-01-15,38382,9810,1125.0,647.0,140433,2891.0,28572,478.0
SILVER - COMMODITY EXCHANGE INC.,2013-01-22,41282,10189,2900.0,379.0,142279,1846.0,31093,2521.0
SILVER - COMMODITY EXCHANGE INC.,2013-01-29,43089,8285,1807.0,-1904.0,148532,6253.0,34804,3711.0
SILVER - COMMODITY EXCHANGE INC.,2013-02-05,42449,6588,-640.0,-1697.0,151512,2980.0,35861,1057.0
SILVER - COMMODITY EXCHANGE INC.,2013-02-12,40205,8133,-2244.0,1545.0,152817,1305.0,32072,-3789.0
SILVER - COMMODITY EXCHANGE INC.,2013-02-19,39057,12601,-1148.0,4468.0,155353,2536.0,26456,-5616.0
SILVER - COMMODITY EXCHANGE INC.,2013-02-26,37753,16016,-1304.0,3415.0,145625,-9728.0,21737,-4719.0
SILVER - COMMODITY EXCHANGE INC.,2013-03-05,38449,19846,696.0,3830.0,147100,1475.0,18603,-3134.0
SILVER - COMMODITY EXCHANGE INC.,2013-03-12,38637,20529,188.0,683.0,148283,1183.0,18108,-495.0
SILVER - COMMODITY EXCHANGE INC.,2013-03-19,38707,23656,70.0,3127.0,151521,3238.0,15051,-3057.0
SILVER - COMMODITY EXCHANGE INC.,2013-03-26,37548,26144,-1159.0,2488.0,151568,47.0,11404,-3647.0
SILVER - COMMODITY EXCHANGE INC.,2013-04-02,38201,30055,653.0,3911.0,155755,4187.0,8146,-3258.0
SILVER - COMMODITY EXCHANGE INC.,2013-04-09,38492,30577,291.0,522.0,162241,6486.0,7915,-231.0
SILVER - COMMODITY EXCHANGE INC.,2013-04-16,39701,22103,1209.0,-8474.0,157302,-4939.0,17598,9683.0
SILVER - COMMODITY EXCHANGE INC.,2013-04-23,38817,23816,-884.0,1713.0,158970,1668.0,15001,-2597.0
SILVER - COMMODITY EXCHANGE INC.,2013-04-30,35720,23530,-3097.0,-286.0,143477,-15493.0,12190,-2811.0
SILVER - COMMODITY EXCHANGE INC.,2013-05-07,35834,22183,114.0,-1347.0,144156,679.0,13651,1461.0
SILVER - COMMODITY EXCHANGE INC.,2013-05-14,35690,24896,-144.0,2713.0,144666,510.0,10794,-2857.0
SILVER - COMMODITY EXCHANGE INC.,2013-05-21,35533,26718,-157.0,1822.0,148619,3953.0,8815,-1979.0
SILVER - COMMODITY EXCHANGE INC.,2013-05-28,34059,29468,-1474.0,2750.0,145299,-3320.0,4591,-4224.0
SILVER - COMMODITY EXCHANGE INC.,2013-06-04,35051,29695,992.0,227.0,145734,435.0,5356,765.0
SILVER - COMMODITY EXCHANGE INC.,2013-06-11,35509,31806,458.0,2111.0,147175,1441.0,3703,-1653.0
SILVER - COMMODITY EXCHANGE INC.,2013-06-18,35474,31570,-35.0,-236.0,149891,2716.0,3904,201.0
SILVER - COMMODITY EXCHANGE INC.,2013-06-25,34505,33668,-969.0,2098.0,140639,-9252.0,837,-3067.0
SILVER - COMMODITY EXCHANGE INC.,2013-07-02,36175,31528,1670.0,-2140.0,136146,-4493.0,4647,3810.0
SILVER - COMMODITY EXCHANGE INC.,2013-07-09,36560,31539,385.0,11.0,133851,-2295.0,5021,374.0
SILVER - COMMODITY EXCHANGE INC.,2013-07-16,36775,30140,215.0,-1399.0,133445,-406.0,6635,1614.0
SILVER - COMMODITY EXCHANGE INC.,2013-07-23,35440,29759,-1335.0,-381.0,131748,-1697.0,5681,-954.0
SILVER - COMMODITY EXCHANGE INC.,2013-07-30,35628,30653,188.0,894.0,132831,1083.0,4975,-706.0
SILVER - COMMODITY EXCHANGE INC.,2013-08-06,34627,29160,-1001.0,-1493.0,132053,-778.0,5467,492.0
SILVER - COMMODITY EXCHANGE INC.,2013-08-13,36945,24236,2318.0,-4924.0,135226,3173.0,12709,7242.0
SILVER - COMMODITY EXCHANGE INC.,2013-08-20,37308,18800,363.0,-5436.0,131076,-4150.0,18508,5799.0
SILVER - COMMODITY EXCHANGE INC.,2013-08-27,33147,16767,-4161.0,-2033.0,122271,-8805.0,16380,-2128.0
SILVER - COMMODITY EXCHANGE INC.,2013-09-03,34616,15769,1469.0,-998.0,115644,-6627.0,18847,2467.0
SILVER - COMMODITY EXCHANGE INC.,2013-09-10,32644,16810,-1972.0,1041.0,112276,-3368.0,15834,-3013.0
SILVER - COMMODITY EXCHANGE INC.,2013-09-17,30889,17083,-1755.0,273.0,112757,481.0,13806,-2028.0
SILVER - COMMODITY EXCHANGE INC.,2013-09-24,29357,16705,-1532.0,-378.0,112317,-440.0,12652,-1154.0
SILVER - COMMODITY EXCHANGE INC.,2013-10-01,31235,18460,1878.0,1755.0,115238,2921.0,12775,123.0
SILVER - COMMODITY EXCHANGE INC.,2013-10-08,31887,16881,652.0,-1579.0,116098,860.0,15006,2231.0
SILVER - COMMODITY EXCHANGE INC.,2013-10-15,33368,18600,1481.0,1719.0,116207,109.0,14768,-238.0
SILVER - COMMODITY EXCHANGE INC.,2013-10-22,35706,17498,2338.0,-1102.0,116767,560.0,18208,3440.0
SILVER - COMMODITY EXCHANGE INC.,2013-10-29,36674,18225,968.0,727.0,117934,1167.0,18449,241.0
SILVER - COMMODITY EXCHANGE INC.,2013-11-05,36134,17231,-540.0,-994.0,118718,784.0,18903,454.0
SILVER - COMMODITY EXCHANGE INC.,2013-11-12,37380,24344,1246.0,7113.0,129525,10807.0,13036,-5867.0
SILVER - COMMODITY EXCHANGE INC.,2013-11-19,38586,28555,1206.0,4211.0,138809,9284.0,10031,-3005.0
SILVER - COMMODITY EXCHANGE INC.,2013-11-26,39270,32648,684.0,4093.0,133287,-5522.0,6622,-3409.0
SILVER - COMMODITY EXCHANGE INC.,2013-12-03,40438,37537,1168.0,4889.0,133109,-178.0,2901,-3721.0
SILVER - COMMODITY EXCHANGE INC.,2013-12-10,42551,32598,2113.0,-4939.0,133086,-23.0,9953,7052.0
SILVER - COMMODITY EXCHANGE INC.,2013-12-17,41916,30368,-635.0,-2230.0,133306,220.0,11548,1595.0
SILVER - COMMODITY EXCHANGE INC.,2013-12-24,42097,29999,181.0,-369.0,132501,-805.0,12098,550.0
SILVER - COMMODITY EXCHANGE INC.,2013-12-31,42083,27402,-14.0,-2597.0,132475,-26.0,14681,2583.0
SILVER - COMMODITY EXCHANGE INC.,2014-01-07,41285,23950,-798.0,-3452.0,131294,-1181.0,17335,2654.0
SILVER - COMMODITY EXCHANGE INC.,2014-01-14,41287,24798,2.0,848.0,136158,4864.0,16489,-846.0
SILVER - COMMODITY EXCHANGE INC.,2014-01-21,42334,26466,1047.0,1668.0,139468,3310.0,15868,-621.0
SILVER - COMMODITY EXCHANGE INC.,2014-01-28,40816,30324,-1518.0,3858.0,144244,4776.0,10492,-5376.0
SILVER - COMMODITY EXCHANGE INC.,2014-02-04,41321,34333,505.0,4009.0,149163,4919.0,6988,-3504.0
SILVER - COMMODITY EXCHANGE INC.,2014-02-11,41279,28645,-42.0,-5688.0,147988,-1175.0,12634,5646.0
SILVER - COMMODITY EXCHANGE INC.,2014-02-18,40506,16971,-773.0,-11674.0,147035,-953.0,23535,10901.0
SILVER - COMMODITY EXCHANGE INC.,2014-02-25,44848,15911,4342.0,-1060.0,144305,-2730.0,28937,5402.0
SILVER - COMMODITY EXCHANGE INC.,2014-03-04,44297,16388,-551.0,477.0,133550,-10755.0,27909,-1028.0
SILVER - COMMODITY EXCHANGE INC.,2014-03-11,43886,17222,-411.0,834.0,136625,3075.0,26664,-1245.0
SILVER - COMMODITY EXCHANGE INC.,2014-03-18,44744,20372,858.0,3150.0,144578,7953.0,24372,-2292.0
SILVER - COMMODITY EXCHANGE INC.,2014-03-25,45500,26487,756.0,6115.0,147597,3019.0,19013,-5359.0
SILVER - COMMODITY EXCHANGE INC.,2014-04-01,44145,29641,-1355.0,3154.0,150361,2764.0,14504,-4509.0
SILVER - COMMODITY EXCHANGE INC.,2014-04-08,45042,28780,897.0,-861.0,159316,8955.0,16262,1758.0
SILVER - COMMODITY EXCHANGE INC.,2014-04-15,45957,32858,915.0,4078.0,164158,4842.0,13099,-3163.0
SILVER - COMMODITY EXCHANGE INC.,2014-04-22,45868,31751,-89.0,-1107.0,157687,-6471.0,14117,1018.0
SILVER - COMMODITY EXCHANGE INC.,2014-04-29,46103,34052,235.0,2301.0,149341,-8346.0,12051,-2066.0
SILVER - COMMODITY EXCHANGE INC.,2014-05-06,45772,35393,-331.0,1341.0,149495,154.0,10379,-1672.0
SILVER - COMMODITY EXCHANGE INC.,2014-05-13,46625,35088,853.0,-305.0,149922,427.0,11537,1158.0
SILVER - COMMODITY EXCHANGE INC.,2014-05-20,45967,37891,-658.0,2803.0,150164,242.0,8076,-3461.0
SILVER - COMMODITY EXCHANGE INC.,2014-05-27,48126,43038,2159.0,5147.0,156319,6155.0,5088,-2988.0
SILVER - COMMODITY EXCHANGE INC.,2014-06-03,49778,49012,1652.0,5974.0,161062,4743.0,766,-4322.0
SILVER - COMMODITY EXCHANGE INC.,2014-06-10,48592,44486,-1186.0,-4526.0,161532,470.0,4106,3340.0
SILVER - COMMODITY EXCHANGE INC.,2014-06-17,48333,34996,-259.0,-9490.0,164576,3044.0,13337,9231.0
SILVER - COMMODITY EXCHANGE INC.,2014-06-24,54160,24830,5827.0,-10166.0,158093,-6483.0,29330,15993.0
SILVER - COMMODITY EXCHANGE INC.,2014-07-01,60392,20093,6232.0,-4737.0,156698,-1395.0,40299,10969.0
SILVER - COMMODITY EXCHANGE INC.,2014-07-08,67029,19148,6637.0,-945.0,162879,6181.0,47881,7582.0
SILVER - COMMODITY EXCHANGE INC.,2014-07-15,65907,16629,-1122.0,-2519.0,162447,-432.0,49278,1397.0
SILVER - COMMODITY EXCHANGE INC.,2014-07-22,64277,16752,-1630.0,123.0,162485,38.0,47525,-1753.0
SILVER - COMMODITY EXCHANGE INC.,2014-07-29,59030,14918,-5247.0,-1834.0,158558,-3927.0,44112,-3413.0
SILVER - COMMODITY EXCHANGE INC.,2014-08-05,54165,19802,-4865.0,4884.0,157578,-980.0,34363,-9749.0
SILVER - COMMODITY EXCHANGE INC.,2014-08-12,53942,24245,-223.0,4443.0,158219,641.0,29697,-4666.0
SILVER - COMMODITY EXCHANGE INC.,2014-08-19,53677,29526,-265.0,5281.0,164893,6674.0,24151,-5546.0
SILVER - COMMODITY EXCHANGE INC.,2014-08-26,55545,33021,1868.0,3495.0,164262,-631.0,22524,-1627.0
SILVER - COMMODITY EXCHANGE INC.,2014-09-02,59472,39917,3927.0,6896.0,162307,-1955.0,19555,-2969.0
SILVER - COMMODITY EXCHANGE INC.,2014-09-09,58910,42373,-562.0,2456.0,165281,2974.0,16537,-3018.0
SILVER - COMMODITY EXCHANGE INC.,2014-09-16,58536,47624,-374.0,5251.0,171260,5979.0,10912,-5625.0
SILVER - COMMODITY EXCHANGE INC.,2014-09-23,55602,46780,-2934.0,-844.0,170393,-867.0,8822,-2090.0
SILVER - COMMODITY EXCHANGE INC.,2014-09-30,58730,52104,3128.0,5324.0,173222,2829.0,6626,-2196.0
SILVER - COMMODITY EXCHANGE INC.,2014-10-07,58526,49584,-204.0,-2520.0,171283,-1939.0,8942,2316.0
SILVER - COMMODITY EXCHANGE INC.,2014-10-14,58188,50451,-338.0,867.0,169329,-1954.0,7737,-1205.0
SILVER - COMMODITY EXCHANGE INC.,2014-10-21,57236,50405,-952.0,-46.0,170192,863.0,6831,-906.0
SILVER - COMMODITY EXCHANGE INC.,2014-10-28,57469,51537,233.0,1132.0,173733,3541.0,5932,-899.0
SILVER - COMMODITY EXCHANGE INC.,2014-11-04,58088,51146,619.0,-391.0,176463,2730.0,6942,1010.0
SILVER - COMMODITY EXCHANGE INC.,2014-11-11,57465,47033,-623.0,-4113.0,170684,-5779.0,10432,3490.0
SILVER - COMMODITY EXCHANGE INC.,2014-11-18,56831,45077,-634.0,-1956.0,173075,2391.0,11754,1322.0
SILVER - COMMODITY EXCHANGE INC.,2014-11-25,52883,37427,-3948.0,-7650.0,156984,-16091.0,15456,3702.0
SILVER - COMMODITY EXCHANGE INC.,2014-12-02,50686,29095,-2197.0,-8332.0,148422,-8562.0,21591,6135.0
SILVER - COMMODITY EXCHANGE INC.,2014-12-09,52129,23670,1443.0,-5425.0,148195,-227.0,28459,6868.0
SILVER - COMMODITY EXCHANGE INC.,2014-12-16,52921,26432,792.0,2762.0,150199,2004.0,26489,-1970.0
SILVER - COMMODITY EXCHANGE INC.,2014-12-23,52057,25744,-864.0,-688.0,149149,-1050.0,26313,-176.0
SILVER - COMMODITY EXCHANGE INC.,2014-12-30,54126,24104,2069.0,-1640.0,149594,445.0,30022,3709.0
SILVER - COMMODITY EXCHANGE INC.,2015-01-06,54911,22872,785.0,-1232.0,152879,3285.0,32039,2017.0
SILVER - COMMODITY EXCHANGE INC.,2015-01-13,59808,19869,4897.0,-3003.0,157282,4403.0,39939,7900.0
SILVER - COMMODITY EXCHANGE INC.,2015-01-20,62203,15929,2395.0,-3940.0,159904,2622.0,46274,6335.0
SILVER - COMMODITY EXCHANGE INC.,2015-01-27,65722,12375,3519.0,-3554.0,162440,2536.0,53347,7073.0
SILVER - COMMODITY EXCHANGE INC.,2015-02-03,64166,13593,-1556.0,1218.0,168486,6046.0,50573,-2774.0
SILVER - COMMODITY EXCHANGE INC.,2015-02-10,62034,15170,-2132.0,1577.0,168146,-340.0,46864,-3709.0
SILVER - COMMODITY EXCHANGE INC.,2015-02-17,61145,19822,-889.0,4652.0,175193,7047.0,41323,-5541.0
SILVER - COMMODITY EXCHANGE INC.,2015-02-24,57348,20009,-3797.0,187.0,166676,-8517.0,37339,-3984.0
SILVER - COMMODITY EXCHANGE INC.,2015-03-03,56342,25135,-1006.0,5126.0,164018,-2658.0,31207,-6132.0
SILVER - COMMODITY EXCHANGE INC.,2015-03-10,57966,31994,1624.0,6859.0,169125,5107.0,25972,-5235.0
SILVER - COMMODITY EXCHANGE INC.,2015-03-17,61649,37238,3683.0,5244.0,178524,9399.0,24411,-1561.0
SILVER - COMMODITY EXCHANGE INC.,2015-03-24,62332,30209,683.0,-7029.0,172659,-5865.0,32123,7712.0
SILVER - COMMODITY EXCHANGE INC.,2015-03-31,65426,22314,3094.0,-7895.0,170105,-2554.0,43112,10989.0
SILVER - COMMODITY EXCHANGE INC.,2015-04-07,63241,21160,-2185.0,-1154.0,169700,-405.0,42081,-1031.0
SILVER - COMMODITY EXCHANGE INC.,2015-04-14,61417,26872,-1824.0,5712.0,177877,8177.0,34545,-7536.0
SILVER - COMMODITY EXCHANGE INC.,2015-04-21,60848,36523,-569.0,9651.0,182633,4756.0,24325,-10220.0
SILVER - COMMODITY EXCHANGE INC.,2015-04-28,64340,41410,3492.0,4887.0,179461,-3172.0,22930,-1395.0
SILVER - COMMODITY EXCHANGE INC.,2015-05-05,65383,37760,1043.0,-3650.0,175694,-3767.0,27623,4693.0
SILVER - COMMODITY EXCHANGE INC.,2015-05-12,65302,35964,-81.0,-1796.0,174919,-775.0,29338,1715.0
SILVER - COMMODITY EXCHANGE INC.,2015-05-19,68171,16891,2869.0,-19073.0,174337,-582.0,51280,21942.0
SILVER - COMMODITY EXCHANGE INC.,2015-05-26,66592,15611,-1579.0,-1280.0,173629,-708.0,50981,-299.0
SILVER - COMMODITY EXCHANGE INC.,2015-06-02,63573,16728,-3019.0,1117.0,178343,4714.0,46845,-4136.0
SILVER - COMMODITY EXCHANGE INC.,2015-06-09,65881,43335,2308.0,26607.0,189524,11181.0,22546,-24299.0
SILVER - COMMODITY EXCHANGE INC.,2015-06-16,67315,51643,1434.0,8308.0,191774,2250.0,15672,-6874.0
SILVER - COMMODITY EXCHANGE INC.,2015-06-23,74254,58697,6939.0,7054.0,200273,8499.0,15557,-115.0
SILVER - COMMODITY EXCHANGE INC.,2015-06-30,71886,62005,-2368.0,3308.0,196724,-3549.0,9881,-5676.0
SILVER - COMMODITY EXCHANGE INC.,2015-07-07,70786,63993,-1100.0,1988.0,197092,368.0,6793,-3088.0
SILVER - COMMODITY EXCHANGE INC.,2015-07-14,66392,56839,-4394.0,-7154.0,185716,-11376.0,9553,2760.0
SILVER - COMMODITY EXCHANGE INC.,2015-07-21,66576,62331,184.0,5492.0,190226,4510.0,4245,-5308.0
SILVER - COMMODITY EXCHANGE INC.,2015-07-28,67125,60829,549.0,-1502.0,190322,96.0,6296,2051.0
SILVER - COMMODITY EXCHANGE INC.,2015-08-04,66772,58367,-353.0,-2462.0,185848,-4474.0,8405,2109.0
SILVER - COMMODITY EXCHANGE INC.,2015-08-11,65566,48729,-1206.0,-9638.0,177902,-7946.0,16837,8432.0
SILVER - COMMODITY EXCHANGE INC.,2015-08-18,59535,45501,-6031.0,-3228.0,173545,-4357.0,14034,-2803.0
SILVER - COMMODITY EXCHANGE INC.,2015-08-25,58687,43129,-848.0,-2372.0,167243,-6302.0,15558,1524.0
SILVER - COMMODITY EXCHANGE INC.,2015-09-01,57866,40394,-821.0,-2735.0,157013,-10230.0,17472,1914.0
SILVER - COMMODITY EXCHANGE INC.,2015-09-08,58761,40020,895.0,-374.0,155615,-1398.0,18741,1269.0
SILVER - COMMODITY EXCHANGE INC.,2015-09-15,60443,46180,1682.0,6160.0,158007,2392.0,14263,-4478.0
SILVER - COMMODITY EXCHANGE INC.,2015-09-22,60413,35554,-30.0,-10626.0,152140,-5867.0,24859,10596.0
SILVER - COMMODITY EXCHANGE INC.,2015-09-29,61556,38453,1143.0,2899.0,156905,4765.0,23103,-1756.0
SILVER - COMMODITY EXCHANGE INC.,2015-10-06,68838,28052,7282.0,-10401.0,156226,-679.0,40786,17683.0
SILVER - COMMODITY EXCHANGE INC.,2015-10-13,74575,22865,5737.0,-5187.0,161346,5120.0,51710,10924.0
SILVER - COMMODITY EXCHANGE INC.,2015-10-20,79449,22151,4874.0,-714.0,167574,6228.0,57298,5588.0
SILVER - COMMODITY EXCHANGE INC.,2015-10-27,82023,19578,2574.0,-2573.0,169757,2183.0,62445,5147.0
SILVER - COMMODITY EXCHANGE INC.,2015-11-03,77220,18843,-4803.0,-735.0,166942,-2815.0,58377,-4068.0
SILVER - COMMODITY EXCHANGE INC.,2015-11-10,72304,33314,-4916.0,14471.0,162435,-4507.0,38990,-19387.0
SILVER - COMMODITY EXCHANGE INC.,2015-11-17,72282,47028,-22.0,13714.0,170721,8286.0,25254,-13736.0
SILVER - COMMODITY EXCHANGE INC.,2015-11-24,70210,50817,-2072.0,3789.0,170092,-629.0,19393,-5861.0
SILVER - COMMODITY EXCHANGE INC.,2015-12-01,72909,51019,2699.0,202.0,163286,-6806.0,21890,2497.0
SILVER - COMMODITY EXCHANGE INC.,2015-12-08,70591,49331,-2318.0,-1688.0,162758,-528.0,21260,-630.0
SILVER - COMMODITY EXCHANGE INC.,2015-12-15,71479,55902,888.0,6571.0,166864,4106.0,15577,-5683.0
SILVER - COMMODITY EXCHANGE INC.,2015-12-22,68584,45193,-2895.0,-10709.0,161116,-5748.0,23391,7814.0
SILVER - COMMODITY EXCHANGE INC.,2015-12-29,68450,47746,-134.0,2553.0,165006,3890.0,20704,-2687.0
SILVER - COMMODITY EXCHANGE INC.,2016-01-05,69779,48153,1329.0,407.0,167520,2514.0,21626,922.0
SILVER - COMMODITY EXCHANGE INC.,2016-01-12,71255,48772,1476.0,619.0,166172,-1348.0,22483,857.0
SILVER - COMMODITY EXCHANGE INC.,2016-01-19,68196,39238,-3059.0,-9534.0,159521,-6651.0,28958,6475.0
SILVER - COMMODITY EXCHANGE INC.,2016-01-26,68920,31334,724.0,-7904.0,154734,-4787.0,37586,8628.0
SILVER - COMMODITY EXCHANGE INC.,2016-02-02,70685,32097,1765.0,763.0,157934,3200.0,38588,1002.0
SILVER - COMMODITY EXCHANGE INC.,2016-02-09,78108,25426,7423.0,-6671.0,164664,6730.0,52682,14094.0
SILVER - COMMODITY EXCHANGE INC.,2016-02-16,80249,21532,2141.0,-3894.0,166645,1981.0,58717,6035.0
SILVER - COMMODITY EXCHANGE INC.,2016-02-23,83189,21262,2940.0,-270.0,174697,8052.0,61927,3210.0
SILVER - COMMODITY EXCHANGE INC.,2016-03-01,78607,23127,-4582.0,1865.0,162293,-12404.0,55480,-6447.0
SILVER - COMMODITY EXCHANGE INC.,2016-03-08,79879,19995,1272.0,-3132.0,169875,7582.0,59884,4404.0
SILVER - COMMODITY EXCHANGE INC.,2016-03-15,76606,18533,-3273.0,-1462.0,166180,-3695.0,58073,-1811.0
SILVER - COMMODITY EXCHANGE INC.,2016-03-22,82933,19504,6327.0,971.0,175775,9595.0,63429,5356.0
SILVER - COMMODITY EXCHANGE INC.,2016-03-29,79493,24986,-3440.0,5482.0,175255,-520.0,54507,-8922.0
SILVER - COMMODITY EXCHANGE INC.,2016-04-05,79942,27931,449.0,2945.0,179913,4658.0,52011,-2496.0
SILVER - COMMODITY EXCHANGE INC.,2016-04-12,87892,25424,7950.0,-2507.0,184800,4887.0,62468,10457.0
SILVER - COMMODITY EXCHANGE INC.,2016-04-19,94988,23560,7096.0,-1864.0,194510,9710.0,71428,8960.0
SILVER - COMMODITY EXCHANGE INC.,2016-04-26,99774,21001,4786.0,-2559.0,206748,12238.0,78773,7345.0
SILVER - COMMODITY EXCHANGE INC.,2016-05-03,100401,24526,627.0,3525.0,198237,-8511.0,75875,-2898.0
SILVER - COMMODITY EXCHANGE INC.,2016-05-10,107844,27573,7443.0,3047.0,205391,7154.0,80271,4396.0
SILVER - COMMODITY EXCHANGE INC.,2016-05-17,105988,28786,-1856.0,1213.0,207394,2003.0,77202,-3069.0
SILVER - COMMODITY EXCHANGE INC.,2016-05-24,97242,31358,-8746.0,2572.0,203682,-3712.0,65884,-11318.0
SILVER - COMMODITY EXCHANGE INC.,2016-05-31,89815,28184,-7427.0,-3174.0,198118,-5564.0,61631,-4253.0
SILVER - COMMODITY EXCHANGE INC.,2016-06-07,86676,29635,-3139.0,1451.0,192376,-5742.0,57041,-4590.0
SILVER - COMMODITY EXCHANGE INC.,2016-06-14,97370,27731,10694.0,-1904.0,199111,6735.0,69639,12598.0
SILVER - COMMODITY EXCHANGE INC.,2016-06-21,106942,26699,9572.0,-1032.0,205618,6507.0,80243,10604.0
SILVER - COMMODITY EXCHANGE INC.,2016-06-28,107555,23894,613.0,-2805.0,211396,5778.0,83661,3418.0
SILVER - COMMODITY EXCHANGE INC.,2016-07-05,111348,25594,3793.0,1700.0,211347,-49.0,85754,2093.0
SILVER - COMMODITY EXCHANGE INC.,2016-07-12,114376,26724,3028.0,1130.0,214617,3270.0,87652,1898.0
SILVER - COMMODITY EXCHANGE INC.,2016-07-19,120839,26449,6463.0,-275.0,219206,4589.0,94390,6738.0
SILVER - COMMODITY EXCHANGE INC.,2016-07-26,123737,27660,2898.0,1211.0,218299,-907.0,96077,1687.0
SILVER - COMMODITY EXCHANGE INC.,2016-08-02,122676,29242,-1061.0,1582.0,224540,6241.0,93434,-2643.0
SILVER - COMMODITY EXCHANGE INC.,2016-08-09,122165,31101,-511.0,1859.0,210647,-13893.0,91064,-2370.0
SILVER - COMMODITY EXCHANGE INC.,2016-08-16,118988,33999,-3177.0,2898.0,205905,-4742.0,84989,-6075.0
SILVER - COMMODITY EXCHANGE INC.,2016-08-23,118356,35153,-632.0,1154.0,206264,359.0,83203,-1786.0
SILVER - COMMODITY EXCHANGE INC.,2016-08-30,114230,29876,-4126.0,-5277.0,189416,-16848.0,84354,1151.0
SILVER - COMMODITY EXCHANGE INC.,2016-09-06,118059,30031,3829.0,155.0,199197,9781.0,88028,3674.0
SILVER - COMMODITY EXCHANGE INC.,2016-09-13,113792,32224,-4267.0,2193.0,193953,-5244.0,81568,-6460.0
SILVER - COMMODITY EXCHANGE INC.,2016-09-20,113567,30932,-225.0,-1292.0,193501,-452.0,82635,1067.0
SILVER - COMMODITY EXCHANGE INC.,2016-09-27,116948,32086,3381.0,1154.0,201486,7985.0,84862,2227.0
SILVER - COMMODITY EXCHANGE INC.,2016-10-04,110764,34961,-6184.0,2875.0,198747,-2739.0,75803,-9059.0
SILVER - COMMODITY EXCHANGE INC.,2016-10-11,97527,34634,-13237.0,-327.0,187469,-11278.0,62893,-12910.0
SILVER - COMMODITY EXCHANGE INC.,2016-10-18,94230,34944,-3297.0,310.0,189229,1760.0,59286,-3607.0
SILVER - COMMODITY EXCHANGE INC.,2016-10-25,92213,35140,-2017.0,196.0,196311,7082.0,57073,-2213.0
SILVER - COMMODITY EXCHANGE INC.,2016-11-01,89233,27097,-2980.0,-8043.0,196912,601.0,62136,5063.0
SILVER - COMMODITY EXCHANGE INC.,2016-11-08,89360,24091,127.0,-3006.0,188265,-8647.0,65269,3133.0
SILVER - COMMODITY EXCHANGE INC.,2016-11-15,85575,22969,-3785.0,-1122.0,174831,-13434.0,62606,-2663.0
SILVER - COMMODITY EXCHANGE INC.,2016-11-22,81835,21668,-3740.0,-1301.0,169661,-5170.0,60167,-2439.0
SILVER - COMMODITY EXCHANGE INC.,2016-11-29,79485,20445,-2350.0,-1223.0,156626,-13035.0,59040,-1127.0
SILVER - COMMODITY EXCHANGE INC.,2016-12-06,81495,22130,2010.0,1685.0,159337,2711.0,59365,325.0
SILVER - COMMODITY EXCHANGE INC.,2016-12-13,87040,20107,5545.0,-2023.0,163556,4219.0,66933,7568.0
SILVER - COMMODITY EXCHANGE INC.,2016-12-20,83529,22635,-3511.0,2528.0,159697,-3859.0,60894,-6039.0
SILVER - COMMODITY EXCHANGE INC.,2016-12-27,84330,25419,801.0,2784.0,163097,3400.0,58911,-1983.0
SILVER - COMMODITY EXCHANGE INC.,2017-01-03,86821,25530,2491.0,111.0,163812,715.0,61291,2380.0
SILVER - COMMODITY EXCHANGE INC.,2017-01-10,88430,23829,1609.0,-1701.0,165040,1228.0,64601,3310.0
SILVER - COMMODITY EXCHANGE INC.,2017-01-17,90838,21356,2408.0,-2473.0,172056,7016.0,69482,4881.0
SILVER - COMMODITY EXCHANGE INC.,2017-01-24,92319,21298,1481.0,-58.0,177601,5545.0,71021,1539.0
SILVER - COMMODITY EXCHANGE INC.,2017-01-31,96909,20935,4590.0,-363.0,186839,9238.0,75974,4953.0
SILVER - COMMODITY EXCHANGE INC.,2017-02-07,98560,20283,1651.0,-652.0,193936,7097.0,78277,2303.0
SILVER - COMMODITY EXCHANGE INC.,2017-02-14,104765,19953,6205.0,-330.0,195338,1402.0,84812,6535.0
SILVER - COMMODITY EXCHANGE INC.,2017-02-21,108848,20831,4083.0,878.0,208147,12809.0,88017,3205.0
SILVER - COMMODITY EXCHANGE INC.,2017-02-28,115229,19806,6381.0,-1025.0,197629,-10518.0,95423,7406.0
SILVER - COMMODITY EXCHANGE INC.,2017-03-07,113437,19984,-1792.0,178.0,192398,-5231.0,93453,-1970.0
SILVER - COMMODITY EXCHANGE INC.,2017-03-14,102675,19797,-10762.0,-187.0,186936,-5462.0,82878,-10575.0
SILVER - COMMODITY EXCHANGE INC.,2017-03-21,100337,21225,-2338.0,1428.0,190819,3883.0,79112,-3766.0
SILVER - COMMODITY EXCHANGE INC.,2017-03-28,112197,21509,11860.0,284.0,201829,11010.0,90688,11576.0
SILVER - COMMODITY EXCHANGE INC.,2017-04-04,126524,25142,14327.0,3633.0,219160,17331.0,101382,10694.0
SILVER - COMMODITY EXCHANGE INC.,2017-04-11,131969,26454,5445.0,1312.0,220172,1012.0,105515,4133.0
SILVER - COMMODITY EXCHANGE INC.,2017-04-18,128378,24491,-3591.0,-1963.0,227984,7812.0,103887,-1628.0
SILVER - COMMODITY EXCHANGE INC.,2017-04-25,121018,27405,-7360.0,2914.0,214782,-13202.0,93613,-10274.0
SILVER - COMMODITY EXCHANGE INC.,2017-05-02,101538,30171,-19480.0,2766.0,189240,-25542.0,71367,-22246.0
SILVER - COMMODITY EXCHANGE INC.,2017-05-09,94982,41327,-6556.0,11156.0,196083,6843.0,53655,-17712.0
SILVER - COMMODITY EXCHANGE INC.,2017-05-16,100142,57138,5160.0,15811.0,215127,19044.0,43004,-10651.0
SILVER - COMMODITY EXCHANGE INC.,2017-05-23,96531,45358,-3611.0,-11780.0,203459,-11668.0,51173,8169.0
SILVER - COMMODITY EXCHANGE INC.,2017-05-30,96568,35154,37.0,-10204.0,205235,1776.0,61414,10241.0
SILVER - COMMODITY EXCHANGE INC.,2017-06-06,101713,35772,5145.0,618.0,208967,3732.0,65941,4527.0
SILVER - COMMODITY EXCHANGE INC.,2017-06-13,102702,42044,989.0,6272.0,201214,-7753.0,60658,-5283.0
SILVER - COMMODITY EXCHANGE INC.,2017-06-20,96000,49319,-6702.0,7275.0,199929,-1285.0,46681,-13977.0
SILVER - COMMODITY EXCHANGE INC.,2017-06-27,93869,58337,-2131.0,9018.0,204637,4708.0,35532,-11149.0
SILVER - COMMODITY EXCHANGE INC.,2017-07-03,91996,65721,-1873.0,7384.0,203541,-1096.0,26275,-9257.0
SILVER - COMMODITY EXCHANGE INC.,2017-07-11,91174,77169,-822.0,11448.0,207592,4051.0,14005,-12270.0
SILVER - COMMODITY EXCHANGE INC.,2017-07-18,90776,81400,-398.0,4231.0,209689,2097.0,9376,-4629.0
SILVER - COMMODITY EXCHANGE INC.,2017-07-25,90865,71448,89.0,-9952.0,206347,-3342.0,19417,10041.0
SILVER - COMMODITY EXCHANGE INC.,2017-08-01,92259,61500,1394.0,-9948.0,207258,911.0,30759,11342.0
SILVER - COMMODITY EXCHANGE INC.,2017-08-08,91345,57481,-914.0,-4019.0,195163,-12095.0,33864,3105.0
SILVER - COMMODITY EXCHANGE INC.,2017-08-15,91596,52745,251.0,-4736.0,187955,-7208.0,38851,4987.0
SILVER - COMMODITY EXCHANGE INC.,2017-08-22,91305,46759,-291.0,-5986.0,187227,-728.0,44546,5695.0
SILVER - COMMODITY EXCHANGE INC.,2017-08-29,92930,39285,1625.0,-7474.0,182823,-4404.0,53645,9099.0
SILVER - COMMODITY EXCHANGE INC.,2017-09-05,96374,32203,3444.0,-7082.0,183276,453.0,64171,10526.0
SILVER - COMMODITY EXCHANGE INC.,2017-09-12,102243,27256,5869.0,-4947.0,188207,4931.0,74987,10816.0
SILVER - COMMODITY EXCHANGE INC.,2017-09-19,99687,31884,-2556.0,4628.0,192994,4787.0,67803,-7184.0
SILVER - COMMODITY EXCHANGE INC.,2017-09-26,91812,31552,-7875.0,-332.0,186906,-6088.0,60260,-7543.0
SILVER - COMMODITY EXCHANGE INC.,2017-10-03,91097,31918,-715.0,366.0,183494,-3412.0,59179,-1081.0
SILVER - COMMODITY EXCHANGE INC.,2017-10-10,92195,33087,1098.0,1169.0,188258,4764.0,59108,-71.0
SILVER - COMMODITY EXCHANGE INC.,2017-10-17,94825,30910,2630.0,-2177.0,191928,3670.0,63915,4807.0
SILVER - COMMODITY EXCHANGE INC.,2017-10-24,95413,30293,588.0,-617.0,193899,1971.0,65120,1205.0
SILVER - COMMODITY EXCHANGE INC.,2017-10-31,95382,35230,-31.0,4937.0,198853,4954.0,60152,-4968.0
SILVER - COMMODITY EXCHANGE INC.,2017-11-07,99872,30970,4490.0,-4260.0,203330,4477.0,68902,8750.0
SILVER - COMMODITY EXCHANGE INC.,2017-11-14,98070,28897,-1802.0,-2073.0,199899,-3431.0,69173,271.0
SILVER - COMMODITY EXCHANGE INC.,2017-11-21,98144,30503,74.0,1606.0,199402,-497.0,67641,-1532.0
SILVER - COMMODITY EXCHANGE INC.,2017-11-28,90138,31356,-8006.0,853.0,186272,-13130.0,58782,-8859.0
SILVER - COMMODITY EXCHANGE INC.,2017-12-05,84905,53479,-5233.0,22123.0,192970,6698.0,31426,-27356.0
SILVER - COMMODITY EXCHANGE INC.,2017-12-12,77169,67255,-7736.0,13776.0,202797,9827.0,9914,-21512.0
SILVER - COMMODITY EXCHANGE INC.,2017-12-19,77575,75106,406.0,7851.0,203703,906.0,2469,-7445.0
SILVER - COMMODITY EXCHANGE INC.,2017-12-26,74013,69365,-3562.0,-5741.0,200321,-3382.0,4648,2179.0
SILVER - COMMODITY EXCHANGE INC.,2018-01-02,75127,52377,1114.0,-16988.0,192423,-7898.0,22750,18102.0
SILVER - COMMODITY EXCHANGE INC.,2018-01-09,84313,46278,9186.0,-6099.0,195009,2586.0,38035,15285.0
SILVER - COMMODITY EXCHANGE INC.,2018-01-16,79866,42654,-4447.0,-3624.0,196511,1502.0,37212,-823.0
SILVER - COMMODITY EXCHANGE INC.,2018-01-23,76193,47112,-3673.0,4458.0,199985,3474.0,29081,-8131.0
SILVER - COMMODITY EXCHANGE INC.,2018-01-30,72145,39723,-4048.0,-7389.0,198358,-1627.0,32422,3341.0
SILVER - COMMODITY EXCHANGE INC.,2018-02-06,63729,47189,-8416.0,7466.0,205470,7112.0,16540,-15882.0
SILVER - COMMODITY EXCHANGE INC.,2018-02-13,64816,56105,1087.0,8916.0,194056,-11414.0,8711,-7829.0
SILVER - COMMODITY EXCHANGE INC.,2018-02-20,63200,57880,-1616.0,1775.0,203629,9573.0,5320,-3391.0
SILVER - COMMODITY EXCHANGE INC.,2018-02-27,63023,64531,-177.0,6651.0,193343,-10286.0,-1508,-6828.0
SILVER - COMMODITY EXCHANGE INC.,2018-03-06,68686,62500,5663.0,-2031.0,196590,3247.0,6186,7694.0
SILVER - COMMODITY EXCHANGE INC.,2018-03-13,66707,63760,-1979.0,1260.0,200094,3504.0,2947,-3239.0
SILVER - COMMODITY EXCHANGE INC.,2018-03-20,63813,76329,-2894.0,12569.0,216042,15948.0,-12516,-15463.0
SILVER - COMMODITY EXCHANGE INC.,2018-03-27,60786,74443,-3027.0,-1886.0,219518,3476.0,-13657,-1141.0
SILVER - COMMODITY EXCHANGE INC.,2018-04-03,65969,82934,5183.0,8491.0,232682,13164.0,-16965,-3308.0
SILVER - COMMODITY EXCHANGE INC.,2018-04-10,65033,79866,-936.0,-3068.0,227175,-5507.0,-14833,2132.0
SILVER - COMMODITY EXCHANGE INC.,2018-04-17,66609,66696,1576.0,-13170.0,214297,-12878.0,-87,14746.0
SILVER - COMMODITY EXCHANGE INC.,2018-04-24,67802,55835,1193.0,-10861.0,201707,-12590.0,11967,12054.0
SILVER - COMMODITY EXCHANGE INC.,2018-05-01,68528,75724,726.0,19889.0,194685,-7022.0,-7196,-19163.0
SILVER - COMMODITY EXCHANGE INC.,2018-05-08,72713,72834,4185.0,-2890.0,195865,1180.0,-121,7075.0
SILVER - COMMODITY EXCHANGE INC.,2018-05-15,72663,72005,-50.0,-829.0,198065,2200.0,658,779.0
SILVER - COMMODITY EXCHANGE INC.,2018-05-22,78007,62782,5344.0,-9223.0,198248,183.0,15225,14567.0
SILVER - COMMODITY EXCHANGE INC.,2018-05-29,83066,65613,5059.0,2831.0,207610,9362.0,17453,2228.0
SILVER - COMMODITY EXCHANGE INC.,2018-06-05,85070,65636,2004.0,23.0,211605,3995.0,19434,1981.0
SILVER - COMMODITY EXCHANGE INC.,2018-06-12,101133,51403,16063.0,-14233.0,230163,18558.0,49730,30296.0
SILVER - COMMODITY EXCHANGE INC.,2018-06-19,95323,54421,-5810.0,3018.0,218814,-11349.0,40902,-8828.0
SILVER - COMMODITY EXCHANGE INC.,2018-06-26,93565,59344,-1758.0,4923.0,218492,-322.0,34221,-6681.0
SILVER - COMMODITY EXCHANGE INC.,2018-07-03,92678,67996,-887.0,8652.0,205622,-12870.0,24682,-9539.0
SILVER - COMMODITY EXCHANGE INC.,2018-07-10,90598,66899,-2080.0,-1097.0,207701,2079.0,23699,-983.0
SILVER - COMMODITY EXCHANGE INC.,2018-07-17,87176,78294,-3422.0,11395.0,212527,4826.0,8882,-14817.0
SILVER - COMMODITY EXCHANGE INC.,2018-07-24,88025,84487,849.0,6193.0,214596,2069.0,3538,-5344.0
SILVER - COMMODITY EXCHANGE INC.,2018-07-31,89616,83752,1591.0,-735.0,226512,11916.0,5864,2326.0
SILVER - COMMODITY EXCHANGE INC.,2018-08-07,93016,88675,3400.0,4923.0,235440,8928.0,4341,-1523.0
SILVER - COMMODITY EXCHANGE INC.,2018-08-14,93346,96182,330.0,7507.0,240038,4598.0,-2836,-7177.0
SILVER - COMMODITY EXCHANGE INC.,2018-08-21,91428,98586,-1918.0,2404.0,244196,4158.0,-7158,-4322.0
SILVER - COMMODITY EXCHANGE INC.,2018-08-28,86540,103138,-4888.0,4552.0,227329,-16867.0,-16598,-9440.0
SILVER - COMMODITY EXCHANGE INC.,2018-09-04,83061,112035,-3479.0,8897.0,212391,-14938.0,-28974,-12376.0
SILVER - COMMODITY EXCHANGE INC.,2018-09-11,81095,108498,-1966.0,-3537.0,208969,-3422.0,-27403,1571.0
SILVER - COMMODITY EXCHANGE INC.,2018-09-18,80024,105540,-1071.0,-2958.0,205469,-3500.0,-25516,1887.0
SILVER - COMMODITY EXCHANGE INC.,2018-09-25,79198,102453,-826.0,-3087.0,204508,-961.0,-23255,2261.0
SILVER - COMMODITY EXCHANGE INC.,2018-10-02,75937,93435,-3261.0,-9018.0,200173,-4335.0,-17498,5757.0
SILVER - COMMODITY EXCHANGE INC.,2018-10-09,72135,94385,-3802.0,950.0,199853,-320.0,-22250,-4752.0
SILVER - COMMODITY EXCHANGE INC.,2018-10-16,72203,87030,68.0,-7355.0,199398,-455.0,-14827,7423.0
SILVER - COMMODITY EXCHANGE INC.,2018-10-23,75016,80195,2813.0,-6835.0,199746,348.0,-5179,9648.0
SILVER - COMMODITY EXCHANGE INC.,2018-10-30,76053,84523,1037.0,4328.0,208976,9230.0,-8470,-3291.0
SILVER - COMMODITY EXCHANGE INC.,2018-11-06,73117,75587,-2936.0,-8936.0,213566,4590.0,-2470,6000.0
SILVER - COMMODITY EXCHANGE INC.,2018-11-13,74618,91763,1501.0,16176.0,224346,10780.0,-17145,-14675.0
SILVER - COMMODITY EXCHANGE INC.,2018-11-20,71646,82374,-2972.0,-9389.0,223049,-1297.0,-10728,6417.0
SILVER - COMMODITY EXCHANGE INC.,2018-11-27,67813,78779,-3833.0,-3595.0,199783,-23266.0,-10966,-238.0
SILVER - COMMODITY EXCHANGE INC.,2018-12-04,69314,69949,1501.0,-8830.0,179909,-19874.0,-635,10331.0
SILVER - COMMODITY EXCHANGE INC.,2018-12-11,71136,59880,1822.0,-10069.0,174071,-5838.0,11256,11891.0
SILVER - COMMODITY EXCHANGE INC.,2018-12-18,74023,54192,2887.0,-5688.0,172860,-1211.0,19831,8575.0
SILVER - COMMODITY EXCHANGE INC.,2018-12-24,77314,51764,3291.0,-2428.0,173685,825.0,25550,5719.0
SILVER - COMMODITY EXCHANGE INC.,2018-12-31,83022,38063,5708.0,-13701.0,176159,2474.0,44959,19409.0
SILVER - COMMODITY EXCHANGE INC.,2019-01-08,86786,32763,3764.0,-5300.0,186506,10347.0,54023,9064.0
SILVER - COMMODITY EXCHANGE INC.,2019-01-15,85959,33784,-827.0,1021.0,191922,5416.0,52175,-1848.0
SILVER - COMMODITY EXCHANGE INC.,2019-01-22,83303,35147,-2656.0,1363.0,188674,-3248.0,48156,-4019.0
SILVER - COMMODITY EXCHANGE INC.,2019-01-29,86074,31791,2771.0,-3356.0,194895,6221.0,54283,6127.0
SILVER - COMMODITY EXCHANGE INC.,2019-02-05,89868,32773,3794.0,982.0,207101,12206.0,57095,2812.0
SILVER - COMMODITY EXCHANGE INC.,2019-02-12,89722,36519,-146.0,3746.0,217925,10824.0,53203,-3892.0
SILVER - COMMODITY EXCHANGE INC.,2019-02-19,89135,38866,-587.0,2347.0,220822,2897.0,50269,-2934.0
SILVER - COMMODITY EXCHANGE INC.,2019-02-26,90971,32658,1836.0,-6208.0,206447,-14375.0,58313,8044.0
SILVER - COMMODITY EXCHANGE INC.,2019-03-05,76954,44433,-14017.0,11775.0,190024,-16423.0,32521,-25792.0
SILVER - COMMODITY EXCHANGE INC.,2019-03-12,76183,49101,-771.0,4668.0,189768,-256.0,27082,-5439.0
SILVER - COMMODITY EXCHANGE INC.,2019-03-19,75196,51886,-987.0,2785.0,189124,-644.0,23310,-3772.0
SILVER - COMMODITY EXCHANGE INC.,2019-03-26,76541,49864,1345.0,-2022.0,192676,3552.0,26677,3367.0
SILVER - COMMODITY EXCHANGE INC.,2019-04-02,78993,62210,2452.0,12346.0,199592,6916.0,16783,-9894.0
SILVER - COMMODITY EXCHANGE INC.,2019-04-09,76410,59992,-2583.0,-2218.0,208784,9192.0,16418,-365.0
SILVER - COMMODITY EXCHANGE INC.,2019-04-16,76033,70148,-377.0,10156.0,224783,15999.0,5885,-10533.0
SILVER - COMMODITY EXCHANGE INC.,2019-04-23,75889,75999,-144.0,5851.0,219113,-5670.0,-110,-5995.0
SILVER - COMMODITY EXCHANGE INC.,2019-04-30,77120,74984,1231.0,-1015.0,196610,-22503.0,2136,2246.0
SILVER - COMMODITY EXCHANGE INC.,2019-05-07,77346,78303,226.0,3319.0,199467,2857.0,-957,-3093.0
SILVER - COMMODITY EXCHANGE INC.,2019-05-14,77542,79751,196.0,1448.0,203788,4321.0,-2209,-1252.0
SILVER - COMMODITY EXCHANGE INC.,2019-05-21,75482,90144,-2060.0,10393.0,210356,6568.0,-14662,-12453.0
SILVER - COMMODITY EXCHANGE INC.,2019-05-28,73663,96072,-1819.0,5928.0,217605,7249.0,-22409,-7747.0
SILVER - COMMODITY EXCHANGE INC.,2019-06-04,76653,85096,2990.0,-10976.0,216145,-1460.0,-8443,13966.0
SILVER - COMMODITY EXCHANGE INC.,2019-06-11,85225,82565,8572.0,-2531.0,226513,10368.0,2660,11103.0
SILVER - COMMODITY EXCHANGE INC.,2019-06-18,93275,78759,8050.0,-3806.0,239466,12953.0,14516,11856.0
SILVER - COMMODITY EXCHANGE INC.,2019-06-25,97573,67008,4298.0,-11751.0,229007,-10459.0,30565,16049.0
SILVER - COMMODITY EXCHANGE INC.,2019-07-02,99739,69284,2166.0,2276.0,221224,-7783.0,30455,-110.0
SILVER - COMMODITY EXCHANGE INC.,2019-07-09,96080,70929,-3659.0,1645.0,218493,-2731.0,25151,-5304.0
SILVER - COMMODITY EXCHANGE INC.,2019-07-16,100449,63024,4369.0,-7905.0,229465,10972.0,37425,12274.0
SILVER - COMMODITY EXCHANGE INC.,2019-07-23,110129,55368,9680.0,-7656.0,234735,5270.0,54761,17336.0
SILVER - COMMODITY EXCHANGE INC.,2019-07-30,111282,46985,1153.0,-8383.0,239059,4324.0,64297,9536.0
SILVER - COMMODITY EXCHANGE INC.,2019-08-06,106034,56202,-5248.0,9217.0,239290,231.0,49832,-14465.0
SILVER - COMMODITY EXCHANGE INC.,2019-08-13,97520,58251,-8514.0,2049.0,233839,-5451.0,39269,-10563.0
SILVER - COMMODITY EXCHANGE INC.,2019-08-20,95987,49273,-1533.0,-8978.0,238086,4247.0,46714,7445.0
SILVER - COMMODITY EXCHANGE INC.,2019-08-27,103488,43636,7501.0,-5637.0,239970,1884.0,59852,13138.0
SILVER - COMMODITY EXCHANGE INC.,2019-09-03,104977,42852,1489.0,-784.0,225688,-14282.0,62125,2273.0
SILVER - COMMODITY EXCHANGE INC.,2019-09-10,100413,40182,-4564.0,-2670.0,217433,-8255.0,60231,-1894.0
SILVER - COMMODITY EXCHANGE INC.,2019-09-17,94625,38647,-5788.0,-1535.0,212514,-4919.0,55978,-4253.0
SILVER - COMMODITY EXCHANGE INC.,2019-09-24,94002,43273,-623.0,4626.0,215217,2703.0,50729,-5249.0
SILVER - COMMODITY EXCHANGE INC.,2019-10-01,89967,40152,-4035.0,-3121.0,212266,-2951.0,49815,-914.0
SILVER - COMMODITY EXCHANGE INC.,2019-10-08,90092,39338,125.0,-814.0,213968,1702.0,50754,939.0
SILVER - COMMODITY EXCHANGE INC.,2019-10-15,85088,41099,-5004.0,1761.0,210916,-3052.0,43989,-6765.0
SILVER - COMMODITY EXCHANGE INC.,2019-10-22,89747,43004,4659.0,1905.0,214529,3613.0,46743,2754.0
SILVER - COMMODITY EXCHANGE INC.,2019-10-29,95368,41690,5621.0,-1314.0,221384,6855.0,53678,6935.0
SILVER - COMMODITY EXCHANGE INC.,2019-11-05,97174,49177,1806.0,7487.0,227509,6125.0,47997,-5681.0
SILVER - COMMODITY EXCHANGE INC.,2019-11-12,89327,51963,-7847.0,2786.0,222122,-5387.0,37364,-10633.0
SILVER - COMMODITY EXCHANGE INC.,2019-11-19,89898,45182,571.0,-6781.0,221707,-415.0,44716,7352.0
SILVER - COMMODITY EXCHANGE INC.,2019-11-26,90895,38385,997.0,-6797.0,209603,-12104.0,52510,7794.0
SILVER - COMMODITY EXCHANGE INC.,2019-12-03,89241,39014,-1654.0,629.0,205807,-3796.0,50227,-2283.0
SILVER - COMMODITY EXCHANGE INC.,2019-12-10,85617,44875,-3624.0,5861.0,202258,-3549.0,40742,-9485.0
SILVER - COMMODITY EXCHANGE INC.,2019-12-17,88215,42434,2598.0,-2441.0,206302,4044.0,45781,5039.0
SILVER - COMMODITY EXCHANGE INC.,2019-12-24,101030,38608,12815.0,-3826.0,223046,16744.0,62422,16641.0
SILVER - COMMODITY EXCHANGE INC.,2019-12-31,106310,36582,5280.0,-2026.0,229680,6634.0,69728,7306.0
SILVER - COMMODITY EXCHANGE INC.,2020-01-07,109224,41971,2914.0,5389.0,234324,4644.0,67253,-2475.0
SILVER - COMMODITY EXCHANGE INC.,2020-01-14,110762,43389,1538.0,1418.0,234639,315.0,67373,120.0
SILVER - COMMODITY EXCHANGE INC.,2020-01-21,109144,40269,-1618.0,-3120.0,233858,-781.0,68875,1502.0
SILVER - COMMODITY EXCHANGE INC.,2020-01-28,105637,42220,-3507.0,1951.0,231933,-1925.0,63417,-5458.0
SILVER - COMMODITY EXCHANGE INC.,2020-02-04,97078,29275,-8559.0,-12945.0,224936,-6997.0,67803,4386.0
SILVER - COMMODITY EXCHANGE INC.,2020-02-11,96395,28758,-683.0,-517.0,221858,-3078.0,67637,-166.0
SILVER - COMMODITY EXCHANGE INC.,2020-02-18,107940,30063,11545.0,1305.0,238077,16219.0,77877,10240.0
SILVER - COMMODITY EXCHANGE INC.,2020-02-25,107490,32697,-450.0,2634.0,238970,893.0,74793,-3084.0
SILVER - COMMODITY EXCHANGE INC.,2020-03-03,82570,34267,-24920.0,1570.0,196909,-42061.0,48303,-26490.0
SILVER - COMMODITY EXCHANGE INC.,2020-03-10,75117,30170,-7453.0,-4097.0,187060,-9849.0,44947,-3356.0
SILVER - COMMODITY EXCHANGE INC.,2020-03-17,61215,19247,-13902.0,-10923.0,166682,-20378.0,41968,-2979.0
SILVER - COMMODITY EXCHANGE INC.,2020-03-24,53077,19390,-8138.0,143.0,150700,-15982.0,33687,-8281.0
SILVER - COMMODITY EXCHANGE INC.,2020-03-31,47050,16172,-6027.0,-3218.0,139256,-11444.0,30878,-2809.0
SILVER - COMMODITY EXCHANGE INC.,2020-04-07,46471,16754,-579.0,582.0,138974,-282.0,29717,-1161.0
SILVER - COMMODITY EXCHANGE INC.,2020-04-14,48003,17449,1532.0,695.0,143477,4503.0,30554,837.0
SILVER - COMMODITY EXCHANGE INC.,2020-04-21,46688,18180,-1315.0,731.0,139607,-3870.0,28508,-2046.0
SILVER - COMMODITY EXCHANGE INC.,2020-04-28,45020,19515,-1668.0,1335.0,138349,-1258.0,25505,-3003.0
SILVER - COMMODITY EXCHANGE INC.,2020-05-05,44052,21137,-968.0,1622.0,132573,-5776.0,22915,-2590.0
SILVER - COMMODITY EXCHANGE INC.,2020-05-12,44757,18984,705.0,-2153.0,135987,3414.0,25773,2858.0
SILVER - COMMODITY EXCHANGE INC.,2020-05-19,54391,23463,9634.0,4479.0,151890,15903.0,30928,5155.0
SILVER - COMMODITY EXCHANGE INC.,2020-05-26,61525,24336,7134.0,873.0,158185,6295.0,37189,6261.0
SILVER - COMMODITY EXCHANGE INC.,2020-06-02,64997,27773,3472.0,3437.0,169670,11485.0,37224,35.0
SILVER - COMMODITY EXCHANGE INC.,2020-06-09,65660,32295,663.0,4522.0,175240,5570.0,33365,-3859.0
SILVER - COMMODITY EXCHANGE INC.,2020-06-16,66664,30042,1004.0,-2253.0,174386,-854.0,36622,3257.0
SILVER - COMMODITY EXCHANGE INC.,2020-06-23,71859,33936,5195.0,3894.0,183444,9058.0,37923,1301.0
SILVER - COMMODITY EXCHANGE INC.,2020-06-30,78746,41145,6887.0,7209.0,169418,-14026.0,37601,-322.0
SILVER - COMMODITY EXCHANGE INC.,2020-07-07,80741,42916,1995.0,1771.0,169513,95.0,37825,224.0
SILVER - COMMODITY EXCHANGE INC.,2020-07-14,85679,41810,4938.0,-1106.0,178367,8854.0,43869,6044.0
SILVER - COMMODITY EXCHANGE INC.,2020-07-21,90010,43255,4331.0,1445.0,185745,7378.0,46755,2886.0
SILVER - COMMODITY EXCHANGE INC.,2020-07-28,74401,47093,-15609.0,3838.0,184020,-1725.0,27308,-19447.0
SILVER - COMMODITY EXCHANGE INC.,2020-08-04,75498,45609,1097.0,-1484.0,205527,21507.0,29889,2581.0
SILVER - COMMODITY EXCHANGE INC.,2020-08-11,67428,43860,-8070.0,-1749.0,198069,-7458.0,23568,-6321.0
SILVER - COMMODITY EXCHANGE INC.,2020-08-18,71283,44727,3855.0,867.0,194897,-3172.0,26556,2988.0
SILVER - COMMODITY EXCHANGE INC.,2020-08-25,74311,42974,3028.0,-1753.0,187631,-7266.0,31337,4781.0
SILVER - COMMODITY EXCHANGE INC.,2020-09-01,76346,42874,2035.0,-100.0,166449,-21182.0,33472,2135.0
SILVER - COMMODITY EXCHANGE INC.,2020-09-08,73019,39539,-3327.0,-3335.0,158991,-7458.0,33480,8.0
SILVER - COMMODITY EXCHANGE INC.,2020-09-15,77004,38655,3985.0,-884.0,162397,3406.0,38349,4869.0
SILVER - COMMODITY EXCHANGE INC.,2020-09-22,75009,36062,-1995.0,-2593.0,157908,-4489.0,38947,598.0
SILVER - COMMODITY EXCHANGE INC.,2020-09-29,74631,33901,-378.0,-2161.0,157308,-600.0,40730,1783.0
SILVER - COMMODITY EXCHANGE INC.,2020-10-06,75358,34101,727.0,200.0,155484,-1824.0,41257,527.0
SILVER - COMMODITY EXCHANGE INC.,2020-10-13,76920,36132,1562.0,2031.0,158203,2719.0,40788,-469.0
SILVER - COMMODITY EXCHANGE INC.,2020-10-20,76946,32220,26.0,-3912.0,157845,-358.0,44726,3938.0
SILVER - COMMODITY EXCHANGE INC.,2020-10-27,76652,32021,-294.0,-199.0,160550,2705.0,44631,-95.0
SILVER - COMMODITY EXCHANGE INC.,2020-11-03,72516,27175,-4136.0,-4846.0,153267,-7283.0,45341,710.0
SILVER - COMMODITY EXCHANGE INC.,2020-11-10,72544,26716,28.0,-459.0,155011,1744.0,45828,487.0
SILVER - COMMODITY EXCHANGE INC.,2020-11-17,75632,30018,3088.0,3302.0,160972,5961.0,45614,-214.0
SILVER - COMMODITY EXCHANGE INC.,2020-11-24,74771,29091,-861.0,-927.0,162092,1120.0,45680,66.0
SILVER - COMMODITY EXCHANGE INC.,2020-12-01,77023,29131,2252.0,40.0,152372,-9720.0,47892,2212.0
SILVER - COMMODITY EXCHANGE INC.,2020-12-08,79310,30934,2287.0,1803.0,154821,2449.0,48376,484.0
SILVER - COMMODITY EXCHANGE INC.,2020-12-15,80689,31177,1379.0,243.0,158268,3447.0,49512,1136.0
SILVER - COMMODITY EXCHANGE INC.,2020-12-21,90473,33184,9784.0,2007.0,171398,13130.0,57289,7777.0
SILVER - COMMODITY EXCHANGE INC.,2020-12-29,88868,34089,-1605.0,905.0,170057,-1341.0,54779,-2510.0
SILVER - COMMODITY EXCHANGE INC.,2021-01-05,90777,35226,1909.0,1137.0,176005,5948.0,55551,772.0
SILVER - COMMODITY EXCHANGE INC.,2021-01-12,87905,35113,-2872.0,-113.0,170033,-5972.0,52792,-2759.0
SILVER - COMMODITY EXCHANGE INC.,2021-01-19,84009,32007,-3896.0,-3106.0,166896,-3137.0,52002,-790.0
SILVER - COMMODITY EXCHANGE INC.,2021-01-26,84444,29984,435.0,-2023.0,167880,984.0,54460,2458.0
SILVER - COMMODITY EXCHANGE INC.,2021-02-02,80634,29225,-3810.0,-759.0,179786,11906.0,51409,-3051.0
SILVER - COMMODITY EXCHANGE INC.,2021-02-09,80133,30590,-501.0,1365.0,179288,-498.0,49543,-1866.0
SILVER - COMMODITY EXCHANGE INC.,2021-02-16,81648,31824,1515.0,1234.0,183544,4256.0,49824,281.0
SILVER - COMMODITY EXCHANGE INC.,2021-02-23,78710,31067,-2938.0,-757.0,172392,-11152.0,47643,-2181.0
SILVER - COMMODITY EXCHANGE INC.,2021-03-02,74925,35309,-3785.0,4242.0,158349,-14043.0,39616,-8027.0
SILVER - COMMODITY EXCHANGE INC.,2021-03-09,71445,35296,-3480.0,-13.0,155425,-2924.0,36149,-3467.0
SILVER - COMMODITY EXCHANGE INC.,2021-03-16,70658,37049,-787.0,1753.0,159092,3667.0,33609,-2540.0
SILVER - COMMODITY EXCHANGE INC.,2021-03-23,70257,39178,-401.0,2129.0,160437,1345.0,31079,-2530.0
SILVER - COMMODITY EXCHANGE INC.,2021-03-30,66502,37532,-3755.0,-1646.0,154987,-5450.0,28970,-2109.0
SILVER - COMMODITY EXCHANGE INC.,2021-04-06,67245,34930,743.0,-2602.0,154593,-394.0,32315,3345.0
SILVER - COMMODITY EXCHANGE INC.,2021-04-13,69429,33005,2184.0,-1925.0,164066,9473.0,36424,4109.0
SILVER - COMMODITY EXCHANGE INC.,2021-04-20,75167,33486,5738.0,481.0,169420,5354.0,41681,5257.0
SILVER - COMMODITY EXCHANGE INC.,2021-04-27,76380,33539,1213.0,53.0,172470,3050.0,42841,1160.0
SILVER - COMMODITY EXCHANGE INC.,2021-05-04,78858,30991,2478.0,-2548.0,167073,-5397.0,47867,5026.0
SILVER - COMMODITY EXCHANGE INC.,2021-05-11,86397,33554,7539.0,2563.0,178250,11177.0,52843,4976.0
SILVER - COMMODITY EXCHANGE INC.,2021-05-18,86640,35659,243.0,2105.0,181606,3356.0,50981,-1862.0
SILVER - COMMODITY EXCHANGE INC.,2021-05-25,86013,35531,-627.0,-128.0,180830,-776.0,50482,-499.0
SILVER - COMMODITY EXCHANGE INC.,2021-06-01,84400,36883,-1613.0,1352.0,182312,1482.0,47517,-2965.0
SILVER - COMMODITY EXCHANGE INC.,2021-06-08,83378,33572,-1022.0,-3311.0,184841,2529.0,49806,2289.0
SILVER - COMMODITY EXCHANGE INC.,2021-06-15,88591,36527,5213.0,2955.0,194268,9427.0,52064,2258.0
SILVER - COMMODITY EXCHANGE INC.,2021-06-22,73841,33970,-14750.0,-2557.0,175703,-18565.0,39871,-12193.0
SILVER - COMMODITY EXCHANGE INC.,2021-06-29,71855,30378,-1986.0,-3592.0,157119,-18584.0,41477,1606.0
SILVER - COMMODITY EXCHANGE INC.,2021-07-06,76790,32302,4935.0,1924.0,157216,97.0,44488,3011.0
SILVER - COMMODITY EXCHANGE INC.,2021-07-13,74247,30558,-2543.0,-1744.0,154699,-2517.0,43689,-799.0
SILVER - COMMODITY EXCHANGE INC.,2021-07-20,70286,32811,-3961.0,2253.0,151763,-2936.0,37475,-6214.0
SILVER - COMMODITY EXCHANGE INC.,2021-07-27,66733,35516,-3553.0,2705.0,150814,-949.0,31217,-6258.0
SILVER - COMMODITY EXCHANGE INC.,2021-08-03,66192,30053,-541.0,-5463.0,146196,-4618.0,36139,4922.0
SILVER - COMMODITY EXCHANGE INC.,2021-08-10,64379,39905,-1813.0,9852.0,154491,8295.0,24474,-11665.0
SILVER - COMMODITY EXCHANGE INC.,2021-08-17,63390,42170,-989.0,2265.0,153825,-666.0,21220,-3254.0
SILVER - COMMODITY EXCHANGE INC.,2021-08-24,63311,41450,-79.0,-720.0,149847,-3978.0,21861,641.0
SILVER - COMMODITY EXCHANGE INC.,2021-08-31,62935,40604,-376.0,-846.0,140937,-8910.0,22331,470.0
SILVER - COMMODITY EXCHANGE INC.,2021-09-07,63879,35323,944.0,-5281.0,139187,-1750.0,28556,6225.0
SILVER - COMMODITY EXCHANGE INC.,2021-09-14,64827,38151,948.0,2828.0,140540,1353.0,26676,-1880.0
SILVER - COMMODITY EXCHANGE INC.,2021-09-21,66708,51073,1881.0,12922.0,145537,4997.0,15635,-11041.0
SILVER - COMMODITY EXCHANGE INC.,2021-09-28,64490,47785,-2218.0,-3288.0,142163,-3374.0,16705,1070.0
SILVER - COMMODITY EXCHANGE INC.,2021-10-05,63957,47578,-533.0,-207.0,139763,-2400.0,16379,-326.0
SILVER - COMMODITY EXCHANGE INC.,2021-10-12,63488,45501,-469.0,-2077.0,139403,-360.0,17987,1608.0
SILVER - COMMODITY EXCHANGE INC.,2021-10-19,66572,36216,3084.0,-9285.0,143664,4261.0,30356,12369.0
SILVER - COMMODITY EXCHANGE INC.,2021-10-26,66677,29145,105.0,-7071.0,141581,-2083.0,37532,7176.0
SILVER - COMMODITY EXCHANGE INC.,2021-11-02,64502,31387,-2175.0,2242.0,141394,-187.0,33115,-4417.0
SILVER - COMMODITY EXCHANGE INC.,2021-11-09,65013,28098,511.0,-3289.0,144370,2976.0,36915,3800.0
SILVER - COMMODITY EXCHANGE INC.,2021-11-16,73944,28319,8931.0,221.0,152404,8034.0,45625,8710.0
SILVER - COMMODITY EXCHANGE INC.,2021-11-23,68478,28373,-5466.0,54.0,149642,-2762.0,40105,-5520.0
SILVER - COMMODITY EXCHANGE INC.,2021-11-30,62678,24244,-5800.0,-4129.0,138003,-11639.0,38434,-1671.0
SILVER - COMMODITY EXCHANGE INC.,2021-12-07,62930,33097,252.0,8853.0,136572,-1431.0,29833,-8601.0
SILVER - COMMODITY EXCHANGE INC.,2021-12-14,63669,41685,739.0,8588.0,142384,5812.0,21984,-7849.0
SILVER - COMMODITY EXCHANGE INC.,2021-12-21,62070,41144,-1599.0,-541.0,141119,-1265.0,20926,-1058.0
SILVER - COMMODITY EXCHANGE INC.,2021-12-28,63873,37415,1803.0,-3729.0,141246,127.0,26458,5532.0
SILVER - COMMODITY EXCHANGE INC.,2022-01-04,65108,34189,1235.0,-3226.0,139521,-1725.0,30919,4461.0
SILVER - COMMODITY EXCHANGE INC.,2022-01-11,66193,38645,1085.0,4456.0,144442,4921.0,27548,-3371.0
SILVER - COMMODITY EXCHANGE INC.,2022-01-18,65985,36285,-208.0,-2360.0,148737,4295.0,29700,2152.0
SILVER - COMMODITY EXCHANGE INC.,2022-01-25,63923,31782,-2062.0,-4503.0,151779,3042.0,32141,2441.0
SILVER - COMMODITY EXCHANGE INC.,2022-02-01,60723,38605,-3200.0,6823.0,149136,-2643.0,22118,-10023.0
SILVER - COMMODITY EXCHANGE INC.,2022-02-08,56905,37606,-3818.0,-999.0,147379,-1757.0,19299,-2819.0
SILVER - COMMODITY EXCHANGE INC.,2022-02-15,56911,33355,6.0,-4251.0,156968,9589.0,23556,4257.0
SILVER - COMMODITY EXCHANGE INC.,2022-02-22,58830,28528,1919.0,-4827.0,163745,6777.0,30302,6746.0
SILVER - COMMODITY EXCHANGE INC.,2022-03-01,71235,26287,12405.0,-2241.0,157391,-6354.0,44948,14646.0
SILVER - COMMODITY EXCHANGE INC.,2022-03-08,76565,24268,5330.0,-2019.0,168283,10892.0,52297,7349.0
SILVER - COMMODITY EXCHANGE INC.,2022-03-15,74044,22490,-2521.0,-1778.0,159571,-8712.0,51554,-743.0
SILVER - COMMODITY EXCHANGE INC.,2022-03-22,69279,21332,-4765.0,-1158.0,155456,-4115.0,47947,-3607.0
SILVER - COMMODITY EXCHANGE INC.,2022-03-29,65917,17677,-3362.0,-3655.0,147370,-8086.0,48240,293.0
SILVER - COMMODITY EXCHANGE INC.,2022-04-05,64936,19902,-981.0,2225.0,148526,1156.0,45034,-3206.0
SILVER - COMMODITY EXCHANGE INC.,2022-04-12,66356,20370,1420.0,468.0,158813,10287.0,45986,952.0
SILVER - COMMODITY EXCHANGE INC.,2022-04-19,69088,22659,2732.0,2289.0,170577,11764.0,46429,443.0
SILVER - COMMODITY EXCHANGE INC.,2022-04-26,56782,21376,-12306.0,-1283.0,145538,-25039.0,35406,-11023.0
SILVER - COMMODITY EXCHANGE INC.,2022-05-03,56764,28696,-18.0,7320.0,137692,-7846.0,28068,-7338.0
SILVER - COMMODITY EXCHANGE INC.,2022-05-10,59829,40747,3065.0,12051.0,142752,5060.0,19082,-8986.0
SILVER - COMMODITY EXCHANGE INC.,2022-05-17,59857,43743,28.0,2996.0,144534,1782.0,16114,-2968.0
SILVER - COMMODITY EXCHANGE INC.,2022-05-24,58748,44645,-1109.0,902.0,146456,1922.0,14103,-2011.0
SILVER - COMMODITY EXCHANGE INC.,2022-05-31,55545,41548,-3203.0,-3097.0,147301,845.0,13997,-106.0
SILVER - COMMODITY EXCHANGE INC.,2022-06-07,54899,37495,-646.0,-4053.0,148294,993.0,17404,3407.0
SILVER - COMMODITY EXCHANGE INC.,2022-06-14,57216,43211,2317.0,5716.0,151978,3684.0,14005,-3399.0
SILVER - COMMODITY EXCHANGE INC.,2022-06-21,54451,36032,-2765.0,-7179.0,145356,-6622.0,18419,4414.0
SILVER - COMMODITY EXCHANGE INC.,2022-06-28,52932,42041,-1519.0,6009.0,135775,-9581.0,10891,-7528.0
SILVER - COMMODITY EXCHANGE INC.,2022-07-05,54841,49702,1909.0,7661.0,140463,4688.0,5139,-5752.0
SILVER - COMMODITY EXCHANGE INC.,2022-07-12,54744,51540,-97.0,1838.0,142259,1796.0,3204,-1935.0
SILVER - COMMODITY EXCHANGE INC.,2022-07-19,56187,54827,1443.0,3287.0,145247,2988.0,1360,-1844.0
SILVER - COMMODITY EXCHANGE INC.,2022-07-26,54671,59171,-1516.0,4344.0,147784,2537.0,-4500,-5860.0
SILVER - COMMODITY EXCHANGE INC.,2022-08-02,49220,48246,-5451.0,-10925.0,136267,-11517.0,974,5474.0
SILVER - COMMODITY EXCHANGE INC.,2022-08-09,48864,45985,-356.0,-2261.0,141093,4826.0,2879,1905.0
SILVER - COMMODITY EXCHANGE INC.,2022-08-16,47851,44343,-1013.0,-1642.0,144314,3221.0,3508,629.0
SILVER - COMMODITY EXCHANGE INC.,2022-08-23,49151,53651,1300.0,9308.0,144357,43.0,-4500,-8008.0
SILVER - COMMODITY EXCHANGE INC.,2022-08-30,49468,57739,317.0,4088.0,138714,-5643.0,-8271,-3771.0
SILVER - COMMODITY EXCHANGE INC.,2022-09-06,51714,64498,2246.0,6759.0,138300,-414.0,-12784,-4513.0
SILVER - COMMODITY EXCHANGE INC.,2022-09-13,53373,58013,1659.0,-6485.0,135530,-2770.0,-4640,8144.0
SILVER - COMMODITY EXCHANGE INC.,2022-09-20,52323,53963,-1050.0,-4050.0,132107,-3423.0,-1640,3000.0
SILVER - COMMODITY EXCHANGE INC.,2022-09-27,49984,49226,-2339.0,-4737.0,129000,-3107.0,758,2398.0
SILVER - COMMODITY EXCHANGE INC.,2022-10-04,51926,43218,1942.0,-6008.0,129524,524.0,8708,7950.0
SILVER - COMMODITY EXCHANGE INC.,2022-10-11,47939,40550,-3987.0,-2668.0,125623,-3901.0,7389,-1319.0
SILVER - COMMODITY EXCHANGE INC.,2022-10-18,51541,50274,3602.0,9724.0,136055,10432.0,1267,-6122.0
SILVER - COMMODITY EXCHANGE INC.,2022-10-25,51163,51264,-378.0,990.0,139085,3030.0,-101,-1368.0
SILVER - COMMODITY EXCHANGE INC.,2022-11-01,51286,49762,123.0,-1502.0,138875,-210.0,1524,1625.0
SILVER - COMMODITY EXCHANGE INC.,2022-11-08,53651,40648,2365.0,-9114.0,140437,1562.0,13003,11479.0
SILVER - COMMODITY EXCHANGE INC.,2022-11-15,52692,35085,-959.0,-5563.0,141623,1186.0,17607,4604.0
SILVER - COMMODITY EXCHANGE INC.,2022-11-22,50540,33774,-2152.0,-1311.0,128907,-12716.0,16766,-841.0
SILVER - COMMODITY EXCHANGE INC.,2022-11-29,48441,30958,-2099.0,-2816.0,121258,-7649.0,17483,717.0
SILVER - COMMODITY EXCHANGE INC.,2022-12-06,48954,29746,513.0,-1212.0,122558,1300.0,19208,1725.0
SILVER - COMMODITY EXCHANGE INC.,2022-12-13,51405,28586,2451.0,-1160.0,125555,2997.0,22819,3611.0
SILVER - COMMODITY EXCHANGE INC.,2022-12-20,56164,26402,4759.0,-2184.0,129278,3723.0,29762,6943.0
SILVER - COMMODITY EXCHANGE INC.,2022-12-27,55870,24843,-294.0,-1559.0,128467,-811.0,31027,1265.0
SILVER - COMMODITY EXCHANGE INC.,2023-01-03,57801,26867,1931.0,2024.0,131990,3523.0,30934,-93.0
SILVER - COMMODITY EXCHANGE INC.,2023-01-10,56770,27757,-1031.0,890.0,129961,-2029.0,29013,-1921.0
SILVER - COMMODITY EXCHANGE INC.,2023-01-17,57439,25971,669.0,-1786.0,131862,1901.0,31468,2455.0
SILVER - COMMODITY EXCHANGE INC.,2023-01-24,55595,29911,-1844.0,3940.0,134922,3060.0,25684,-5784.0
SILVER - COMMODITY EXCHANGE INC.,2023-01-31,54867,27551,-728.0,-2360.0,138263,3341.0,27316,1632.0
SILVER - COMMODITY EXCHANGE INC.,2023-02-07,48121,34590,-6746.0,7039.0,133601,-4662.0,13531,-13785.0
SILVER - COMMODITY EXCHANGE INC.,2023-02-14,46028,34522,-2093.0,-68.0,132132,-1469.0,11506,-2025.0
SILVER - COMMODITY EXCHANGE INC.,2023-02-21,44985,35083,-1043.0,561.0,123906,-8226.0,9902,-1604.0
SILVER - COMMODITY EXCHANGE INC.,2023-02-28,44202,44256,-783.0,9173.0,123900,-6.0,-54,-9956.0
SILVER - COMMODITY EXCHANGE INC.,2023-03-07,42903,50685,-1299.0,6429.0,127503,3603.0,-7782,-7728.0
SILVER - COMMODITY EXCHANGE INC.,2023-03-14,42227,43446,-676.0,-7239.0,121772,-5731.0,-1219,6563.0
SILVER - COMMODITY EXCHANGE INC.,2023-03-21,41325,37863,-902.0,-5583.0,119082,-2690.0,3462,4681.0
SILVER - COMMODITY EXCHANGE INC.,2023-03-28,42254,28893,929.0,-8970.0,117395,-1687.0,13361,9899.0
SILVER - COMMODITY EXCHANGE INC.,2023-04-04,50327,29044,8073.0,151.0,131210,13815.0,21283,7922.0
SILVER - COMMODITY EXCHANGE INC.,2023-04-11,55583,31865,5256.0,2821.0,142699,11489.0,23718,2435.0
SILVER - COMMODITY EXCHANGE INC.,2023-04-18,62968,36373,7385.0,4508.0,158371,15672.0,26595,2877.0
SILVER - COMMODITY EXCHANGE INC.,2023-04-25,66145,35542,3177.0,-831.0,149692,-8679.0,30603,4008.0
SILVER - COMMODITY EXCHANGE INC.,2023-05-02,68219,36267,2074.0,725.0,142538,-7154.0,31952,1349.0
SILVER - COMMODITY EXCHANGE INC.,2023-05-09,69166,36806,947.0,539.0,145445,2907.0,32360,408.0
SILVER - COMMODITY EXCHANGE INC.,2023-05-16,60440,36625,-8726.0,-181.0,140139,-5306.0,23815,-8545.0
SILVER - COMMODITY EXCHANGE INC.,2023-05-23,56686,34728,-3754.0,-1897.0,135740,-4399.0,21958,-1857.0
SILVER - COMMODITY EXCHANGE INC.,2023-05-30,54837,33713,-1849.0,-1015.0,133619,-2121.0,21124,-834.0
SILVER - COMMODITY EXCHANGE INC.,2023-06-06,53149,31674,-1688.0,-2039.0,137871,4252.0,21475,351.0
SILVER - COMMODITY EXCHANGE INC.,2023-06-13,55054,31318,1905.0,-356.0,153853,15982.0,23736,2261.0
SILVER - COMMODITY EXCHANGE INC.,2023-06-20,52547,32489,-2507.0,1171.0,152633,-1220.0,20058,-3678.0
SILVER - COMMODITY EXCHANGE INC.,2023-06-27,45983,26931,-6564.0,-5558.0,123491,-29142.0,19052,-1006.0
SILVER - COMMODITY EXCHANGE INC.,2023-07-03,46433,28443,450.0,1512.0,114421,-9070.0,17990,-1062.0
SILVER - COMMODITY EXCHANGE INC.,2023-07-11,51305,31013,4872.0,2570.0,120282,5861.0,20292,2302.0
SILVER - COMMODITY EXCHANGE INC.,2023-07-18,76420,32558,25115.0,1545.0,146863,26581.0,43862,23570.0
SILVER - COMMODITY EXCHANGE INC.,2023-07-25,72786,35861,-3634.0,3303.0,146898,35.0,36925,-6937.0
SILVER - COMMODITY EXCHANGE INC.,2023-08-01,68463,37632,-4323.0,1771.0,144138,-2760.0,30831,-6094.0
SILVER - COMMODITY EXCHANGE INC.,2023-08-08,53781,40457,-14682.0,2825.0,137631,-6507.0,13324,-17507.0
SILVER - COMMODITY EXCHANGE INC.,2023-08-15,50692,42831,-3089.0,2374.0,138215,584.0,7861,-5463.0
SILVER - COMMODITY EXCHANGE INC.,2023-08-22,52967,40090,2275.0,-2741.0,136680,-1535.0,12877,5016.0
SILVER - COMMODITY EXCHANGE INC.,2023-08-29,61744,34611,8777.0,-5479.0,134993,-1687.0,27133,14256.0
SILVER - COMMODITY EXCHANGE INC.,2023-09-05,57558,30754,-4186.0,-3857.0,128279,-6714.0,26804,-329.0
SILVER - COMMODITY EXCHANGE INC.,2023-09-12,52963,34930,-4595.0,4176.0,125292,-2987.0,18033,-8771.0
SILVER - COMMODITY EXCHANGE INC.,2023-09-19,50699,35468,-2264.0,538.0,125749,457.0,15231,-2802.0
SILVER - COMMODITY EXCHANGE INC.,2023-09-26,51539,31434,840.0,-4034.0,126206,457.0,20105,4874.0
SILVER - COMMODITY EXCHANGE INC.,2023-10-03,51405,36061,-134.0,4627.0,125847,-359.0,15344,-4761.0
SILVER - COMMODITY EXCHANGE INC.,2023-10-10,50337,38038,-1068.0,1977.0,126971,1124.0,12299,-3045.0
SILVER - COMMODITY EXCHANGE INC.,2023-10-17,50749,31003,412.0,-7035.0,123640,-3331.0,19746,7447.0
SILVER - COMMODITY EXCHANGE INC.,2023-10-24,51860,27528,1111.0,-3475.0,123980,340.0,24332,4586.0
SILVER - COMMODITY EXCHANGE INC.,2023-10-31,48025,27814,-3835.0,286.0,126549,2569.0,20211,-4121.0
SILVER - COMMODITY EXCHANGE INC.,2023-11-07,47196,28943,-829.0,1129.0,131073,4524.0,18253,-1958.0
SILVER - COMMODITY EXCHANGE INC.,2023-11-14,50291,27893,3095.0,-1050.0,134826,3753.0,22398,4145.0
SILVER - COMMODITY EXCHANGE INC.,2023-11-21,53372,25920,3081.0,-1973.0,134333,-493.0,27452,5054.0
SILVER - COMMODITY EXCHANGE INC.,2023-11-28,62880,28600,9508.0,2680.0,139144,4811.0,34280,6828.0
SILVER - COMMODITY EXCHANGE INC.,2023-12-05,63241,26938,361.0,-1662.0,139753,609.0,36303,2023.0
SILVER - COMMODITY EXCHANGE INC.,2023-12-12,55684,27226,-7557.0,288.0,134281,-5472.0,28458,-7845.0
SILVER - COMMODITY EXCHANGE INC.,2023-12-19,52631,22880,-3053.0,-4346.0,127549,-6732.0,29751,1293.0
SILVER - COMMODITY EXCHANGE INC.,2023-12-26,54559,22696,1928.0,-184.0,131408,3859.0,31863,2112.0
SILVER - COMMODITY EXCHANGE INC.,2024-01-02,57634,25064,3075.0,2368.0,134725,3317.0,32570,707.0
SILVER - COMMODITY EXCHANGE INC.,2024-01-09,52886,26524,-4748.0,1460.0,131992,-2733.0,26362,-6208.0
SILVER - COMMODITY EXCHANGE INC.,2024-01-16,54001,28408,1115.0,1884.0,131956,-36.0,25593,-769.0
SILVER - COMMODITY EXCHANGE INC.,2024-01-23,53121,35384,-880.0,6976.0,138617,6661.0,17737,-7856.0
SILVER - COMMODITY EXCHANGE INC.,2024-01-30,52778,31352,-343.0,-4032.0,136544,-2073.0,21426,3689.0
SILVER - COMMODITY EXCHANGE INC.,2024-02-06,55335,38455,2557.0,7103.0,147333,10789.0,16880,-4546.0
SILVER - COMMODITY EXCHANGE INC.,2024-02-13,56785,44360,1450.0,5905.0,152544,5211.0,12425,-4455.0
SILVER - COMMODITY EXCHANGE INC.,2024-02-20,57582,35205,797.0,-9155.0,146584,-5960.0,22377,9952.0
SILVER - COMMODITY EXCHANGE INC.,2024-02-27,54546,40047,-3036.0,4842.0,144382,-2202.0,14499,-7878.0
SILVER - COMMODITY EXCHANGE INC.,2024-03-05,58885,30570,4339.0,-9477.0,141026,-3356.0,28315,13816.0
SILVER - COMMODITY EXCHANGE INC.,2024-03-12,67094,26116,8209.0,-4454.0,144534,3508.0,40978,12663.0
SILVER - COMMODITY EXCHANGE INC.,2024-03-19,77632,25197,10538.0,-919.0,153154,8620.0,52435,11457.0
SILVER - COMMODITY EXCHANGE INC.,2024-03-26,80721,29885,3089.0,4688.0,160327,7173.0,50836,-1599.0
SILVER - COMMODITY EXCHANGE INC.,2024-04-02,83565,30418,2844.0,533.0,166823,6496.0,53147,2311.0
SILVER - COMMODITY EXCHANGE INC.,2024-04-09,84826,31614,1261.0,1196.0,174397,7574.0,53212,65.0
SILVER - COMMODITY EXCHANGE INC.,2024-04-16,82415,29056,-2411.0,-2558.0,175784,1387.0,53359,147.0
SILVER - COMMODITY EXCHANGE INC.,2024-04-23,86178,26838,3763.0,-2218.0,175740,-44.0,59340,5981.0
SILVER - COMMODITY EXCHANGE INC.,2024-04-30,83094,28600,-3084.0,1762.0,166315,-9425.0,54494,-4846.0
SILVER - COMMODITY EXCHANGE INC.,2024-05-07,81650,27998,-1444.0,-602.0,161868,-4447.0,53652,-842.0
SILVER - COMMODITY EXCHANGE INC.,2024-05-14,87936,28475,6286.0,477.0,171371,9503.0,59461,5809.0
SILVER - COMMODITY EXCHANGE INC.,2024-05-21,94141,34497,6205.0,6022.0,186945,15574.0,59644,183.0
SILVER - COMMODITY EXCHANGE INC.,2024-05-28,91730,34547,-2411.0,50.0,184846,-2099.0,57183,-2461.0
SILVER - COMMODITY EXCHANGE INC.,2024-06-04,88604,32201,-3126.0,-2346.0,179854,-4992.0,56403,-780.0
SILVER - COMMODITY EXCHANGE INC.,2024-06-11,84193,32501,-4411.0,300.0,176036,-3818.0,51692,-4711.0
SILVER - COMMODITY EXCHANGE INC.,2024-06-18,81859,29958,-2334.0,-2543.0,176605,569.0,51901,209.0
SILVER - COMMODITY EXCHANGE INC.,2024-06-25,81366,25388,-493.0,-4570.0,166470,-10135.0,55978,4077.0
SILVER - COMMODITY EXCHANGE INC.,2024-07-02,79771,23937,-1595.0,-1451.0,154724,-11746.0,55834,-144.0
SILVER - COMMODITY EXCHANGE INC.,2024-07-09,84351,23295,4580.0,-642.0,163245,8521.0,61056,5222.0
SILVER - COMMODITY EXCHANGE INC.,2024-07-16,85005,24840,654.0,1545.0,166641,3396.0,60165,-891.0
SILVER - COMMODITY EXCHANGE INC.,2024-07-23,75473,24093,-9532.0,-747.0,157106,-9535.0,51380,-8785.0
SILVER - COMMODITY EXCHANGE INC.,2024-07-30,67416,18355,-8057.0,-5738.0,151437,-5669.0,49061,-2319.0
SILVER - COMMODITY EXCHANGE INC.,2024-08-06,64574,15493,-2842.0,-2862.0,147537,-3900.0,49081,20.0
SILVER - COMMODITY EXCHANGE INC.,2024-08-13,61458,16169,-3116.0,676.0,147859,322.0,45289,-3792.0
SILVER - COMMODITY EXCHANGE INC.,2024-08-20,63930,14606,2472.0,-1563.0,146986,-873.0,49324,4035.0
SILVER - COMMODITY EXCHANGE INC.,2024-08-27,65715,13529,1785.0,-1077.0,141613,-5373.0,52186,2862.0
SILVER - COMMODITY EXCHANGE INC.,2024-09-03,64099,18040,-1616.0,4511.0,130928,-10685.0,46059,-6127.0
SILVER - COMMODITY EXCHANGE INC.,2024-09-10,61649,16907,-2450.0,-1133.0,128959,-1969.0,44742,-1317.0
SILVER - COMMODITY EXCHANGE INC.,2024-09-17,74978,16680,13329.0,-227.0,140605,11646.0,58298,13556.0
SILVER - COMMODITY EXCHANGE INC.,2024-09-24,81029,18831,6051.0,2151.0,150071,9466.0,62198,3900.0
SILVER - COMMODITY EXCHANGE INC.,2024-10-01,75588,18664,-5441.0,-167.0,144757,-5314.0,56924,-5274.0
SILVER - COMMODITY EXCHANGE INC.,2024-10-08,72113,17398,-3475.0,-1266.0,142839,-1918.0,54715,-2209.0
SILVER - COMMODITY EXCHANGE INC.,2024-10-15,70024,15992,-2089.0,-1406.0,141898,-941.0,54032,-683.0
SILVER - COMMODITY EXCHANGE INC.,2024-10-22,82139,15784,12115.0,-208.0,157264,15366.0,66355,12323.0
SILVER - COMMODITY EXCHANGE INC.,2024-10-29,79649,19218,-2490.0,3434.0,156320,-944.0,60431,-5924.0
SILVER - COMMODITY EXCHANGE INC.,2024-11-05,73980,20634,-5669.0,1416.0,151126,-5194.0,53346,-7085.0
SILVER - COMMODITY EXCHANGE INC.,2024-11-12,68951,21309,-5029.0,675.0,147526,-3600.0,47642,-5704.0
SILVER - COMMODITY EXCHANGE INC.,2024-11-19,65939,19616,-3012.0,-1693.0,141287,-6239.0,46323,-1319.0
SILVER - COMMODITY EXCHANGE INC.,2024-11-26,63076,20293,-2863.0,677.0,134590,-6697.0,42783,-3540.0
SILVER - COMMODITY EXCHANGE INC.,2024-12-03,64285,21025,1209.0,732.0,134074,-516.0,43260,477.0
SILVER - COMMODITY EXCHANGE INC.,2024-12-10,72515,31350,8230.0,10325.0,151096,17022.0,41165,-2095.0
SILVER - COMMODITY EXCHANGE INC.,2024-12-17,68183,27919,-4332.0,-3431.0,146938,-4158.0,40264,-901.0
SILVER - COMMODITY EXCHANGE INC.,2024-12-24,67851,27688,-332.0,-231.0,145618,-1320.0,40163,-101.0
SILVER - COMMODITY EXCHANGE INC.,2024-12-31,67007,29118,-844.0,1430.0,151013,5395.0,37889,-2274.0
SILVER - COMMODITY EXCHANGE INC.,2025-01-07,68892,27944,1885.0,-1174.0,151590,577.0,40948,3059.0
SILVER - COMMODITY EXCHANGE INC.,2025-01-14,71511,25431,2619.0,-2513.0,150364,-1226.0,46080,5132.0
SILVER - COMMODITY EXCHANGE INC.,2025-01-21,75660,28180,4149.0,2749.0,159899,9535.0,47480,1400.0
SILVER - COMMODITY EXCHANGE INC.,2025-01-28,74656,30288,-1004.0,2108.0,165135,5236.0,44368,-3112.0
SILVER - COMMODITY EXCHANGE INC.,2025-02-04,83120,32759,8464.0,2471.0,170726,5591.0,50361,5993.0
SILVER - COMMODITY EXCHANGE INC.,2025-02-11,79112,29402,-4008.0,-3357.0,164251,-6475.0,49710,-651.0
SILVER - COMMODITY EXCHANGE INC.,2025-02-18,84814,30360,5702.0,958.0,170107,5856.0,54454,4744.0
SILVER - COMMODITY EXCHANGE INC.,2025-02-25,78469,25607,-6345.0,-4753.0,163681,-6426.0,52862,-1592.0
SILVER - COMMODITY EXCHANGE INC.,2025-03-04,73315,19999,-5154.0,-5608.0,145935,-17746.0,53316,454.0
SILVER - COMMODITY EXCHANGE INC.,2025-03-11,79965,20439,6650.0,440.0,155263,9328.0,59526,6210.0
SILVER - COMMODITY EXCHANGE INC.,2025-03-18,87601,25303,7636.0,4864.0,170566,15303.0,62298,2772.0
SILVER - COMMODITY EXCHANGE INC.,2025-03-25,85712,24762,-1889.0,-541.0,169628,-938.0,60950,-1348.0
SILVER - COMMODITY EXCHANGE INC.,2025-04-01,85609,28351,-103.0,3589.0,170197,569.0,57258,-3692.0
SILVER - COMMODITY EXCHANGE INC.,2025-04-08,68426,21910,-17183.0,-6441.0,154289,-15908.0,46516,-10742.0
SILVER - COMMODITY EXCHANGE INC.,2025-04-15,65068,21119,-3358.0,-791.0,144400,-9889.0,43949,-2567.0
SILVER - COMMODITY EXCHANGE INC.,2025-04-22,64693,19967,-375.0,-1152.0,146923,2523.0,44726,777.0
SILVER - COMMODITY EXCHANGE INC.,2025-04-29,70299,20356,5606.0,389.0,152669,5746.0,49943,5217.0
SILVER - COMMODITY EXCHANGE INC.,2025-05-06,70335,21083,36.0,727.0,140261,-12408.0,49252,-691.0
SILVER - COMMODITY EXCHANGE INC.,2025-05-13,67944,20190,-2391.0,-893.0,138262,-1999.0,47754,-1498.0
SILVER - COMMODITY EXCHANGE INC.,2025-05-20,70891,20849,2947.0,659.0,141451,3189.0,50042,2288.0
SILVER - COMMODITY EXCHANGE INC.,2025-05-27,73240,20228,2349.0,-621.0,147555,6104.0,53012,2970.0
SILVER - COMMODITY EXCHANGE INC.,2025-06-03,81981,21211,8741.0,983.0,163347,15792.0,60770,7758.0
SILVER - COMMODITY EXCHANGE INC.,2025-06-10,85192,18542,3211.0,-2669.0,174281,10934.0,66650,5880.0
SILVER - COMMODITY EXCHANGE INC.,2025-06-17,88994,21820,3802.0,3278.0,184831,10550.0,67174,524.0
SILVER - COMMODITY EXCHANGE INC.,2025-06-24,84491,21544,-4503.0,-276.0,174613,-10218.0,62947,-4227.0
SILVER - COMMODITY EXCHANGE INC.,2025-07-01,82747,19347,-1744.0,-2197.0,163567,-11046.0,63400,453.0
SILVER - COMMODITY EXCHANGE INC.,2025-07-08,80779,22258,-1968.0,2911.0,162803,-764.0,58521,-4879.0
SILVER - COMMODITY EXCHANGE INC.,2025-07-15,85022,25574,4243.0,3316.0,171474,8671.0,59448,927.0
SILVER - COMMODITY EXCHANGE INC.,2025-07-22,85678,25058,656.0,-516.0,173679,2205.0,60620,1172.0
SILVER - COMMODITY EXCHANGE INC.,2025-07-29,80493,21086,-5185.0,-3972.0,170329,-3350.0,59407,-1213.0
SILVER - COMMODITY EXCHANGE INC.,2025-08-05,71234,20576,-9259.0,-510.0,161262,-9067.0,50658,-8749.0
SILVER - COMMODITY EXCHANGE INC.,2025-08-12,66252,21984,-4982.0,1408.0,156432,-4830.0,44268,-6390.0
SILVER - COMMODITY EXCHANGE INC.,2025-08-19,68102,21553,1850.0,-431.0,158477,2045.0,46549,2281.0
SILVER - COMMODITY EXCHANGE INC.,2025-08-26,68227,21761,125.0,208.0,158630,153.0,46466,-83.0
SILVER - COMMODITY EXCHANGE INC.,2025-09-02,74466,18543,6239.0,-3218.0,158368,-262.0,55923,9457.0
SILVER - COMMODITY EXCHANGE INC.,2025-09-09,72450,18513,-2016.0,-30.0,156703,-1665.0,53937,-1986.0
SILVER - COMMODITY EXCHANGE INC.,2025-09-16,71623,20085,-827.0,1572.0,162954,6251.0,51538,-2399.0
SILVER - COMMODITY EXCHANGE INC.,2025-09-23,72318,20042,695.0,-43.0,165805,2851.0,52276,738.0
SILVER - COMMODITY EXCHANGE INC.,2025-09-30,70062,20323,-2256.0,281.0,163837,-1968.0,49739,-2537.0
SILVER - COMMODITY EXCHANGE INC.,2025-10-07,67668,21451,-2394.0,1128.0,166474,2637.0,46217,-3522.0
SILVER - COMMODITY EXCHANGE INC.,2025-10-14,67041,23860,-627.0,2409.0,172415,5941.0,43181,-3036.0
SILVER - COMMODITY EXCHANGE INC.,2025-10-21,60904,23645,-6137.0,-215.0,169418,-2997.0,37259,-5922.0
SILVER - COMMODITY EXCHANGE INC.,2025-10-28,55959,18840,-4945.0,-4805.0,158187,-11231.0,37119,-140.0
SILVER - COMMODITY EXCHANGE INC.,2025-11-04,54166,20945,-1793.0,2105.0,155257,-2930.0,33221,-3898.0
SILVER - COMMODITY EXCHANGE INC.,2025-11-10,55038,22052,872.0,1107.0,159649,4392.0,32986,-235.0
SILVER - COMMODITY EXCHANGE INC.,2025-11-18,54535,20519,-503.0,-1533.0,153295,-6354.0,34016,1030.0
SILVER - COMMODITY EXCHANGE INC.,2025-11-25,52002,19814,-2533.0,-705.0,144541,-8754.0,32188,-1828.0
SILVER - COMMODITY EXCHANGE INC.,2025-12-02,59575,21056,7573.0,1242.0,150832,6291.0,38519,6331.0
SILVER - COMMODITY EXCHANGE INC.,2025-12-09,65958,21249,6383.0,193.0,154762,3930.0,44709,6190.0
SILVER - COMMODITY EXCHANGE INC.,2025-12-16,56034,19682,-9924.0,-1567.0,152921,-1841.0,36352,-8357.0
SILVER - COMMODITY EXCHANGE INC.,2025-12-23,55243,19359,-791.0,-323.0,155710,2789.0,35884,-468.0
SILVER - COMMODITY EXCHANGE INC.,2025-12-30,50506,20443,-4737.0,1084.0,157391,1681.0,30063,-5821.0
SILVER - COMMODITY EXCHANGE INC.,2026-01-06,47384,18113,-3122.0,-2330.0,153240,-4151.0,29271,-792.0
SILVER - COMMODITY EXCHANGE INC.,2026-01-13,47337,15277,-47.0,-2836.0,151513,-1727.0,32060,2789.0
SILVER - COMMODITY EXCHANGE INC.,2026-01-20,42965,17751,-4372.0,2474.0,152020,507.0,25214,-6846.0
SILVER - COMMODITY EXCHANGE INC.,2026-01-27,43475,19772,510.0,2021.0,156637,4617.0,23703,-1511.0
SILVER - COMMODITY EXCHANGE INC.,2026-02-03,38883,13006,-4592.0,-6766.0,143180,-13457.0,25877,2174.0
SILVER - COMMODITY EXCHANGE INC.,2026-02-10,36660,13705,-2223.0,699.0,133641,-9539.0,22955,-2922.0
SILVER - COMMODITY EXCHANGE INC.,2026-02-17,36626,12623,-34.0,-1082.0,131496,-2145.0,24003,1048.0
SILVER - COMMODITY EXCHANGE INC.,2026-02-24,32500,10240,-4126.0,-2383.0,125454,-6042.0,22260,-1743.0
SILVER - COMMODITY EXCHANGE INC.,2026-03-03,34226,10888,1726.0,648.0,113326,-12128.0,23338,1078.0
SILVER - COMMODITY EXCHANGE INC.,2026-03-10,33306,8728,-920.0,-2160.0,115458,2132.0,24578,1240.0
SILVER - COMMODITY EXCHANGE INC.,2026-03-17,31125,9244,-2181.0,516.0,114758,-700.0,21881,-2697.0
SILVER - COMMODITY EXCHANGE INC.,2026-03-24,33938,9265,2813.0,21.0,113164,-1594.0,24673,2792.0
SILVER - COMMODITY EXCHANGE INC.,2026-03-31,33463,9559,-475.0,294.0,115169,2005.0,23904,-769.0
SILVER - COMMODITY EXCHANGE INC.,2026-04-07,32810,9393,-653.0,-166.0,115138,-31.0,23417,-487.0
SILVER - COMMODITY EXCHANGE INC.,2026-04-14,32391,8829,-419.0,-564.0,116983,1845.0,23562,145.0
SILVER - COMMODITY EXCHANGE INC.,2026-04-21,33233,9513,842.0,684.0,115462,-1521.0,23720,158.0
SILVER - COMMODITY EXCHANGE INC.,2026-04-28,31314,7154,-1919.0,-2359.0,101275,-14187.0,24160,440.0
SILVER - COMMODITY EXCHANGE INC.,2026-05-05,32965,9073,1651.0,1919.0,96932,-4343.0,23892,-268.0
SILVER - COMMODITY EXCHANGE INC.,2026-05-12,36569,10458,3604.0,1385.0,103800,6868.0,26111,2219.0
SILVER - COMMODITY EXCHANGE INC.,2026-05-19,34591,9920,-1978.0,-538.0,100751,-3049.0,24671,-1440.0
SILVER - COMMODITY EXCHANGE INC.,2026-05-26,32758,10535,-1833.0,615.0,101744,993.0,22223,-2448.0
SILVER - COMMODITY EXCHANGE INC.,2026-06-02,33933,10007,1175.0,-528.0,102809,1065.0,23926,1703.0
SILVER - COMMODITY EXCHANGE INC.,2026-06-09,32487,10273,-1446.0,266.0,103440,631.0,22214,-1712.0
SILVER - COMMODITY EXCHANGE INC.,2026-06-16,35611,11067,3124.0,794.0,107721,4281.0,24544,2330.0
SILVER - COMMODITY EXCHANGE INC.,2026-06-23,35139,11388,-472.0,321.0,108944,1223.0,23751,-793.0
SILVER - COMMODITY EXCHANGE INC.,2026-06-30,37805,10437,2666.0,-951.0,108964,20.0,27368,3617.0
SILVER - COMMODITY EXCHANGE INC.,2026-07-07,39446,11431,1641.0,994.0,104859,-4105.0,28015,647.0
SILVER - COMMODITY EXCHANGE INC.,2026-07-14,36246,11172,-3200.0,-259.0,105023,164.0,25074,-2941.0
SILVER - COMMODITY EXCHANGE INC.,2026-07-21,36741,13276,495.0,2104.0,106410,1387.0,23465,-1609.0
SILVER - COMMODITY EXCHANGE INC.,2026-07-28,35314,13097,-1427.0,-179.0,106719,309.0,22217,-1248.0
SILVER - COMMODITY EXCHANGE INC.,2026-08-04,36454,14174,1140.0,1077.0,111999,5280.0,22280,63.0
SILVER - COMMODITY EXCHANGE INC.,2026-08-11,39275,15629,2821.0,1455.0,115127,3128.0,23646,1366.0
SILVER - COMMODITY EXCHANGE INC.,2026-08-18,38353,14728,-922.0,-901.0,120117,4990.0,23625,-21.0
SILVER - COMMODITY EXCHANGE INC.,2026-08-25,37871,12610,-482.0,-2118.0,113801,-6316.0,25261,1636.0
SILVER - COMMODITY EXCHANGE INC.,2026-09-01,35403,8664,-2468.0,-3946.0,104362,-9439.0,26739,1478.0
SILVER - COMMODITY EXCHANGE INC.,2026-09-08,36245,10196,842.0,1532.0,103250,-1112.0,26049,-690.0
SILVER - COMMODITY EXCHANGE INC.,2026-09-15,35395,10069,-850.0,-127.0,103745,495.0,25326,-723.0
SILVER - COMMODITY EXCHANGE INC.,2026-09-22,34701,9257,-694.0,-812.0,106474,2729.0,25444,118.0
