Market and Exchange Names,As of Date in Form YYYY-MM-DD,Noncommercial Positions-Long (All),Noncommercial Positions-Short (All),Change in Noncommercial-Long (All),Change in Noncommercial-Short (All),Open Interest (All),Change in Open Interest (All),Net Positions,Change Net Positions
SWISS FRANC - INTERNATIONAL MONETARY MARKET,1986-01-15,8461,1316,,,25278,,7145,
SWISS FRANC - INTERNATIONAL MONETARY MARKET,1986-01-31,11679,1975,3218.0,659.0,29412,4134.0,9704,2559.0
SWISS FRANC - INTERNATIONAL MONETARY MARKET,1986-02-14,11444,2044,-235.0,69.0,33894,4482.0,9400,-304.0
SWISS FRANC - INTERNATIONAL MONETARY MARKET,1986-02-28,10931,6459,-513.0,4415.0,39151,5257.0,4472,-4928.0
SWISS FRANC - INTERNATIONAL MONETARY MARKET,1986-03-14,8159,2063,-2772.0,-4396.0,31902,-7249.0,6096,1624.0
SWISS FRANC - INTERNATIONAL MONETARY MARKET,1986-03-31,7741,4009,-418.0,1946.0,28521,-3381.0,3732,-2364.0
SWISS FRANC - INTERNATIONAL MONETARY MARKET,1986-04-15,5104,5268,-2637.0,1259.0,28886,365.0,-164,-3896.0
SWISS FRANC - INTERNATIONAL MONETARY MARKET,1986-04-30,12412,4465,7308.0,-803.0,34855,5969.0,7947,8111.0
SWISS FRANC - INTERNATIONAL MONETARY MARKET,1986-05-15,10454,6448,-1958.0,1983.0,34137,-718.0,4006,-3941.0
SWISS FRANC - INTERNATIONAL MONETARY MARKET,1986-05-30,3248,7550,-7206.0,1102.0,30766,-3371.0,-4302,-8308.0
SWISS FRANC - INTERNATIONAL MONETARY MARKET,1986-06-13,5406,2981,2158.0,-4569.0,28002,-2764.0,2425,6727.0
SWISS FRANC - INTERNATIONAL MONETARY MARKET,1986-06-30,12068,3463,6662.0,482.0,32254,4252.0,8605,6180.0
SWISS FRANC - INTERNATIONAL MONETARY MARKET,1986-07-15,10081,2638,-1987.0,-825.0,32598,344.0,7443,-1162.0
SWISS FRANC - INTERNATIONAL MONETARY MARKET,1986-07-31,12719,1009,2638.0,-1629.0,35466,2868.0,11710,4267.0
SWISS FRANC - INTERNATIONAL MONETARY MARKET,1986-08-15,10118,3155,-2601.0,2146.0,36666,1200.0,6963,-4747.0
SWISS FRANC - INTERNATIONAL MONETARY MARKET,1986-08-29,7604,9845,-2514.0,6690.0,44717,8051.0,-2241,-9204.0
SWISS FRANC - INTERNATIONAL MONETARY MARKET,1986-09-15,6970,3972,-634.0,-5873.0,36557,-8160.0,2998,5239.0
SWISS FRANC - INTERNATIONAL MONETARY MARKET,1986-09-30,8975,3439,2005.0,-533.0,26619,-9938.0,5536,2538.0
SWISS FRANC - INTERNATIONAL MONETARY MARKET,1986-10-15,14599,4222,5624.0,783.0,33920,7301.0,10377,4841.0
SWISS FRANC - INTERNATIONAL MONETARY MARKET,1986-10-31,4697,8971,-9902.0,4749.0,32621,-1299.0,-4274,-14651.0
SWISS FRANC - INTERNATIONAL MONETARY MARKET,1986-11-14,4099,3116,-598.0,-5855.0,33294,673.0,983,5257.0
SWISS FRANC - INTERNATIONAL MONETARY MARKET,1986-11-28,4507,2964,408.0,-152.0,34495,1201.0,1543,560.0
SWISS FRANC - INTERNATIONAL MONETARY MARKET,1986-12-15,5274,4838,767.0,1874.0,29054,-5441.0,436,-1107.0
SWISS FRANC - INTERNATIONAL MONETARY MARKET,1986-12-31,6487,4235,1213.0,-603.0,23138,-5916.0,2252,1816.0
SWISS FRANC - INTERNATIONAL MONETARY MARKET,1987-01-15,8914,5204,2427.0,969.0,31252,8114.0,3710,1458.0
SWISS FRANC - INTERNATIONAL MONETARY MARKET,1987-01-30,8174,5950,-740.0,746.0,33581,2329.0,2224,-1486.0
SWISS FRANC - INTERNATIONAL MONETARY MARKET,1987-02-13,6516,9896,-1658.0,3946.0,34833,1252.0,-3380,-5604.0
SWISS FRANC - INTERNATIONAL MONETARY MARKET,1987-02-27,7372,8874,856.0,-1022.0,36210,1377.0,-1502,1878.0
SWISS FRANC - INTERNATIONAL MONETARY MARKET,1987-03-13,5130,7901,-2242.0,-973.0,31397,-4813.0,-2771,-1269.0
SWISS FRANC - INTERNATIONAL MONETARY MARKET,1987-03-31,7277,8286,2147.0,385.0,29102,-2295.0,-1009,1762.0
SWISS FRANC - INTERNATIONAL MONETARY MARKET,1987-04-15,6391,5998,-886.0,-2288.0,31042,1940.0,393,1402.0
SWISS FRANC - INTERNATIONAL MONETARY MARKET,1987-04-30,6116,5925,-275.0,-73.0,31854,812.0,191,-202.0
SWISS FRANC - INTERNATIONAL MONETARY MARKET,1987-05-15,8789,5069,2673.0,-856.0,34132,2278.0,3720,3529.0
SWISS FRANC - INTERNATIONAL MONETARY MARKET,1987-05-29,7134,4526,-1655.0,-543.0,33551,-581.0,2608,-1112.0
SWISS FRANC - INTERNATIONAL MONETARY MARKET,1987-06-15,6505,4498,-629.0,-28.0,31521,-2030.0,2007,-601.0
SWISS FRANC - INTERNATIONAL MONETARY MARKET,1987-06-30,4894,5631,-1611.0,1133.0,24351,-7170.0,-737,-2744.0
SWISS FRANC - INTERNATIONAL MONETARY MARKET,1987-07-15,3874,5041,-1020.0,-590.0,27142,2791.0,-1167,-430.0
SWISS FRANC - INTERNATIONAL MONETARY MARKET,1987-07-31,6932,5488,3058.0,447.0,29387,2245.0,1444,2611.0
SWISS FRANC - INTERNATIONAL MONETARY MARKET,1987-08-14,5112,6499,-1820.0,1011.0,31829,2442.0,-1387,-2831.0
SWISS FRANC - INTERNATIONAL MONETARY MARKET,1987-08-31,6663,3683,1551.0,-2816.0,31898,69.0,2980,4367.0
SWISS FRANC - INTERNATIONAL MONETARY MARKET,1987-09-15,3806,3445,-2857.0,-238.0,20326,-11572.0,361,-2619.0
SWISS FRANC - INTERNATIONAL MONETARY MARKET,1987-09-30,3570,5227,-236.0,1782.0,23328,3002.0,-1657,-2018.0
SWISS FRANC - INTERNATIONAL MONETARY MARKET,1987-10-15,5659,1445,2089.0,-3782.0,24020,692.0,4214,5871.0
SWISS FRANC - INTERNATIONAL MONETARY MARKET,1987-10-30,5759,1745,100.0,300.0,29809,5789.0,4014,-200.0
SWISS FRANC - INTERNATIONAL MONETARY MARKET,1987-11-13,6837,4132,1078.0,2387.0,34579,4770.0,2705,-1309.0
SWISS FRANC - INTERNATIONAL MONETARY MARKET,1987-11-30,6900,1359,63.0,-2773.0,40772,6193.0,5541,2836.0
SWISS FRANC - INTERNATIONAL MONETARY MARKET,1987-12-15,5144,769,-1756.0,-590.0,20484,-20288.0,4375,-1166.0
SWISS FRANC - INTERNATIONAL MONETARY MARKET,1987-12-31,4528,2958,-616.0,2189.0,24298,3814.0,1570,-2805.0
SWISS FRANC - INTERNATIONAL MONETARY MARKET,1988-01-15,5797,2434,1269.0,-524.0,25218,920.0,3363,1793.0
SWISS FRANC - INTERNATIONAL MONETARY MARKET,1988-01-29,4516,2925,-1281.0,491.0,28279,3061.0,1591,-1772.0
SWISS FRANC - INTERNATIONAL MONETARY MARKET,1988-02-12,4285,4073,-231.0,1148.0,32857,4578.0,212,-1379.0
SWISS FRANC - INTERNATIONAL MONETARY MARKET,1988-02-29,6183,3898,1898.0,-175.0,32494,-363.0,2285,2073.0
SWISS FRANC - INTERNATIONAL MONETARY MARKET,1988-03-15,6061,2509,-122.0,-1389.0,19690,-12804.0,3552,1267.0
SWISS FRANC - INTERNATIONAL MONETARY MARKET,1988-03-31,6441,1776,380.0,-733.0,24835,5145.0,4665,1113.0
SWISS FRANC - INTERNATIONAL MONETARY MARKET,1988-04-15,6080,2867,-361.0,1091.0,27477,2642.0,3213,-1452.0
SWISS FRANC - INTERNATIONAL MONETARY MARKET,1988-04-29,4058,4273,-2022.0,1406.0,27511,34.0,-215,-3428.0
SWISS FRANC - INTERNATIONAL MONETARY MARKET,1988-05-13,5182,7103,1124.0,2830.0,34875,7364.0,-1921,-1706.0
SWISS FRANC - INTERNATIONAL MONETARY MARKET,1988-05-31,4270,10109,-912.0,3006.0,41433,6558.0,-5839,-3918.0
SWISS FRANC - INTERNATIONAL MONETARY MARKET,1988-06-15,4549,7840,279.0,-2269.0,27045,-14388.0,-3291,2548.0
SWISS FRANC - INTERNATIONAL MONETARY MARKET,1988-06-30,5384,4468,835.0,-3372.0,25519,-1526.0,916,4207.0
SWISS FRANC - INTERNATIONAL MONETARY MARKET,1988-07-15,6252,5498,868.0,1030.0,31989,6470.0,754,-162.0
SWISS FRANC - INTERNATIONAL MONETARY MARKET,1988-07-29,3460,3349,-2792.0,-2149.0,29120,-2869.0,111,-643.0
SWISS FRANC - INTERNATIONAL MONETARY MARKET,1988-08-15,5111,2918,1651.0,-431.0,33668,4548.0,2193,2082.0
SWISS FRANC - INTERNATIONAL MONETARY MARKET,1988-08-31,5647,2446,536.0,-472.0,35500,1832.0,3201,1008.0
SWISS FRANC - INTERNATIONAL MONETARY MARKET,1988-09-15,3439,3301,-2208.0,855.0,37358,1858.0,138,-3063.0
SWISS FRANC - INTERNATIONAL MONETARY MARKET,1988-09-30,3940,4342,501.0,1041.0,20240,-17118.0,-402,-540.0
SWISS FRANC - INTERNATIONAL MONETARY MARKET,1988-10-14,6850,1875,2910.0,-2467.0,25886,5646.0,4975,5377.0
SWISS FRANC - INTERNATIONAL MONETARY MARKET,1988-10-31,10438,633,3588.0,-1242.0,34238,8352.0,9805,4830.0
SWISS FRANC - INTERNATIONAL MONETARY MARKET,1988-11-15,10839,1623,401.0,990.0,36751,2513.0,9216,-589.0
SWISS FRANC - INTERNATIONAL MONETARY MARKET,1988-11-30,11514,1661,675.0,38.0,37544,793.0,9853,637.0
SWISS FRANC - INTERNATIONAL MONETARY MARKET,1988-12-15,7021,5729,-4493.0,4068.0,34907,-2637.0,1292,-8561.0
SWISS FRANC - INTERNATIONAL MONETARY MARKET,1988-12-30,5756,4396,-1265.0,-1333.0,21478,-13429.0,1360,68.0
SWISS FRANC - INTERNATIONAL MONETARY MARKET,1989-01-13,4383,6322,-1373.0,1926.0,27648,6170.0,-1939,-3299.0
SWISS FRANC - INTERNATIONAL MONETARY MARKET,1989-01-31,3612,12424,-771.0,6102.0,30853,3205.0,-8812,-6873.0
SWISS FRANC - INTERNATIONAL MONETARY MARKET,1989-02-15,6593,4986,2981.0,-7438.0,30209,-644.0,1607,10419.0
SWISS FRANC - INTERNATIONAL MONETARY MARKET,1989-02-28,5474,3982,-1119.0,-1004.0,31709,1500.0,1492,-115.0
SWISS FRANC - INTERNATIONAL MONETARY MARKET,1989-03-15,2902,10017,-2572.0,6035.0,30339,-1370.0,-7115,-8607.0
SWISS FRANC - INTERNATIONAL MONETARY MARKET,1989-03-31,5796,14133,2894.0,4116.0,36992,6653.0,-8337,-1222.0
SWISS FRANC - INTERNATIONAL MONETARY MARKET,1989-04-14,8631,9864,2835.0,-4269.0,34669,-2323.0,-1233,7104.0
SWISS FRANC - INTERNATIONAL MONETARY MARKET,1989-04-28,4020,9172,-4611.0,-692.0,34448,-221.0,-5152,-3919.0
SWISS FRANC - INTERNATIONAL MONETARY MARKET,1989-05-15,6868,12904,2848.0,3732.0,43909,9461.0,-6036,-884.0
SWISS FRANC - INTERNATIONAL MONETARY MARKET,1989-05-31,8264,5644,1396.0,-7260.0,43712,-197.0,2620,8656.0
SWISS FRANC - INTERNATIONAL MONETARY MARKET,1989-06-15,9046,3726,782.0,-1918.0,43880,168.0,5320,2700.0
SWISS FRANC - INTERNATIONAL MONETARY MARKET,1989-06-30,9325,3860,279.0,134.0,26467,-17413.0,5465,145.0
SWISS FRANC - INTERNATIONAL MONETARY MARKET,1989-07-14,9765,5900,440.0,2040.0,37038,10571.0,3865,-1600.0
SWISS FRANC - INTERNATIONAL MONETARY MARKET,1989-07-31,13819,3955,4054.0,-1945.0,39847,2809.0,9864,5999.0
SWISS FRANC - INTERNATIONAL MONETARY MARKET,1989-08-15,8245,5759,-5574.0,1804.0,39648,-199.0,2486,-7378.0
SWISS FRANC - INTERNATIONAL MONETARY MARKET,1989-08-31,7245,11381,-1000.0,5622.0,45426,5778.0,-4136,-6622.0
SWISS FRANC - INTERNATIONAL MONETARY MARKET,1989-09-15,4301,13360,-2944.0,1979.0,48996,3570.0,-9059,-4923.0
SWISS FRANC - INTERNATIONAL MONETARY MARKET,1989-09-29,6553,6405,2252.0,-6955.0,29473,-19523.0,148,9207.0
SWISS FRANC - INTERNATIONAL MONETARY MARKET,1989-10-13,3087,5189,-3466.0,-1216.0,26436,-3037.0,-2102,-2250.0
SWISS FRANC - INTERNATIONAL MONETARY MARKET,1989-10-31,9777,6472,6690.0,1283.0,39110,12674.0,3305,5407.0
SWISS FRANC - INTERNATIONAL MONETARY MARKET,1989-11-15,6366,6816,-3411.0,344.0,37475,-1635.0,-450,-3755.0
SWISS FRANC - INTERNATIONAL MONETARY MARKET,1989-11-30,13973,4493,7607.0,-2323.0,50125,12650.0,9480,9930.0
SWISS FRANC - INTERNATIONAL MONETARY MARKET,1989-12-15,18165,1749,4192.0,-2744.0,60577,10452.0,16416,6936.0
SWISS FRANC - INTERNATIONAL MONETARY MARKET,1989-12-29,12024,1273,-6141.0,-476.0,32418,-28159.0,10751,-5665.0
SWISS FRANC - INTERNATIONAL MONETARY MARKET,1990-01-15,11809,937,-215.0,-336.0,36729,4311.0,10872,121.0
SWISS FRANC - INTERNATIONAL MONETARY MARKET,1990-01-31,11669,1795,-140.0,858.0,39066,2337.0,9874,-998.0
SWISS FRANC - INTERNATIONAL MONETARY MARKET,1990-02-15,9248,4538,-2421.0,2743.0,38443,-623.0,4710,-5164.0
SWISS FRANC - INTERNATIONAL MONETARY MARKET,1990-02-28,9282,6122,34.0,1584.0,41188,2745.0,3160,-1550.0
SWISS FRANC - INTERNATIONAL MONETARY MARKET,1990-03-15,4141,5420,-5141.0,-702.0,36254,-4934.0,-1279,-4439.0
SWISS FRANC - INTERNATIONAL MONETARY MARKET,1990-03-30,5299,6593,1158.0,1173.0,32693,-3561.0,-1294,-15.0
SWISS FRANC - INTERNATIONAL MONETARY MARKET,1990-04-12,11137,3589,5838.0,-3004.0,32616,-77.0,7548,8842.0
SWISS FRANC - INTERNATIONAL MONETARY MARKET,1990-04-30,15236,5015,4099.0,1426.0,42625,10009.0,10221,2673.0
SWISS FRANC - INTERNATIONAL MONETARY MARKET,1990-05-15,20690,6194,5454.0,1179.0,48503,5878.0,14496,4275.0
SWISS FRANC - INTERNATIONAL MONETARY MARKET,1990-05-31,9518,9352,-11172.0,3158.0,44028,-4475.0,166,-14330.0
SWISS FRANC - INTERNATIONAL MONETARY MARKET,1990-06-15,9740,6390,222.0,-2962.0,47049,3021.0,3350,3184.0
SWISS FRANC - INTERNATIONAL MONETARY MARKET,1990-06-29,10107,6121,367.0,-269.0,38348,-8701.0,3986,636.0
SWISS FRANC - INTERNATIONAL MONETARY MARKET,1990-07-13,15696,4654,5589.0,-1467.0,40495,2147.0,11042,7056.0
SWISS FRANC - INTERNATIONAL MONETARY MARKET,1990-07-31,12461,5444,-3235.0,790.0,40607,112.0,7017,-4025.0
SWISS FRANC - INTERNATIONAL MONETARY MARKET,1990-08-15,18366,7027,5905.0,1583.0,51520,10913.0,11339,4322.0
SWISS FRANC - INTERNATIONAL MONETARY MARKET,1990-08-31,9899,5759,-8467.0,-1268.0,45276,-6244.0,4140,-7199.0
SWISS FRANC - INTERNATIONAL MONETARY MARKET,1990-09-14,8295,6054,-1604.0,295.0,49826,4550.0,2241,-1899.0
SWISS FRANC - INTERNATIONAL MONETARY MARKET,1990-09-28,10330,8403,2035.0,2349.0,30855,-18971.0,1927,-314.0
SWISS FRANC - INTERNATIONAL MONETARY MARKET,1990-10-15,8917,6042,-1413.0,-2361.0,36470,5615.0,2875,948.0
SWISS FRANC - INTERNATIONAL MONETARY MARKET,1990-10-31,9112,9489,195.0,3447.0,41346,4876.0,-377,-3252.0
SWISS FRANC - INTERNATIONAL MONETARY MARKET,1990-11-15,12351,8189,3239.0,-1300.0,44835,3489.0,4162,4539.0
SWISS FRANC - INTERNATIONAL MONETARY MARKET,1990-11-30,6629,7506,-5722.0,-683.0,39289,-5546.0,-877,-5039.0
SWISS FRANC - INTERNATIONAL MONETARY MARKET,1990-12-14,3237,7278,-3392.0,-228.0,40928,1639.0,-4041,-3164.0
SWISS FRANC - INTERNATIONAL MONETARY MARKET,1990-12-31,750,14485,-2487.0,7207.0,33971,-6957.0,-13735,-9694.0
SWISS FRANC - INTERNATIONAL MONETARY MARKET,1991-01-15,2072,10342,1322.0,-4143.0,29728,-4243.0,-8270,5465.0
SWISS FRANC - INTERNATIONAL MONETARY MARKET,1991-01-31,3358,9105,1286.0,-1237.0,31707,1979.0,-5747,2523.0
SWISS FRANC - INTERNATIONAL MONETARY MARKET,1991-02-15,5136,11954,1778.0,2849.0,36166,4459.0,-6818,-1071.0
SWISS FRANC - INTERNATIONAL MONETARY MARKET,1991-02-28,960,15019,-4176.0,3065.0,44541,8375.0,-14059,-7241.0
SWISS FRANC - INTERNATIONAL MONETARY MARKET,1991-03-15,610,17150,-350.0,2131.0,62497,17956.0,-16540,-2481.0
SWISS FRANC - INTERNATIONAL MONETARY MARKET,1991-03-28,1618,16388,1008.0,-762.0,38107,-24390.0,-14770,1770.0
SWISS FRANC - INTERNATIONAL MONETARY MARKET,1991-04-15,2565,13939,947.0,-2449.0,39547,1440.0,-11374,3396.0
SWISS FRANC - INTERNATIONAL MONETARY MARKET,1991-04-30,2691,12161,126.0,-1778.0,42202,2655.0,-9470,1904.0
SWISS FRANC - INTERNATIONAL MONETARY MARKET,1991-05-15,4551,7164,1860.0,-4997.0,41125,-1077.0,-2613,6857.0
SWISS FRANC - INTERNATIONAL MONETARY MARKET,1991-05-31,1403,9381,-3148.0,2217.0,39118,-2007.0,-7978,-5365.0
SWISS FRANC - INTERNATIONAL MONETARY MARKET,1991-06-14,750,11316,-653.0,1935.0,53863,14745.0,-10566,-2588.0
SWISS FRANC - INTERNATIONAL MONETARY MARKET,1991-06-28,2530,12130,1780.0,814.0,34897,-18966.0,-9600,966.0
SWISS FRANC - INTERNATIONAL MONETARY MARKET,1991-07-15,2571,11298,41.0,-832.0,37329,2432.0,-8727,873.0
SWISS FRANC - INTERNATIONAL MONETARY MARKET,1991-07-31,3174,6199,603.0,-5099.0,33225,-4104.0,-3025,5702.0
SWISS FRANC - INTERNATIONAL MONETARY MARKET,1991-08-15,3912,5330,738.0,-869.0,35510,2285.0,-1418,1607.0
SWISS FRANC - INTERNATIONAL MONETARY MARKET,1991-08-30,1246,7408,-2666.0,2078.0,34775,-735.0,-6162,-4744.0
SWISS FRANC - INTERNATIONAL MONETARY MARKET,1991-09-16,5189,3034,3943.0,-4374.0,33486,-1289.0,2155,8317.0
SWISS FRANC - INTERNATIONAL MONETARY MARKET,1991-09-30,5832,3598,643.0,564.0,24001,-9485.0,2234,79.0
SWISS FRANC - INTERNATIONAL MONETARY MARKET,1991-10-15,4081,3068,-1751.0,-530.0,24703,702.0,1013,-1221.0
SWISS FRANC - INTERNATIONAL MONETARY MARKET,1991-10-31,3489,2560,-592.0,-508.0,24351,-352.0,929,-84.0
SWISS FRANC - INTERNATIONAL MONETARY MARKET,1991-11-15,10272,3094,6783.0,534.0,32449,8098.0,7178,6249.0
SWISS FRANC - INTERNATIONAL MONETARY MARKET,1991-11-29,9853,3360,-419.0,266.0,31745,-704.0,6493,-685.0
SWISS FRANC - INTERNATIONAL MONETARY MARKET,1991-12-13,9094,1553,-759.0,-1807.0,38290,6545.0,7541,1048.0
SWISS FRANC - INTERNATIONAL MONETARY MARKET,1991-12-31,8579,2572,-515.0,1019.0,26301,-11989.0,6007,-1534.0
SWISS FRANC - INTERNATIONAL MONETARY MARKET,1992-01-15,4046,1157,-4533.0,-1415.0,22579,-3722.0,2889,-3118.0
SWISS FRANC - INTERNATIONAL MONETARY MARKET,1992-01-31,3037,6479,-1009.0,5322.0,27779,5200.0,-3442,-6331.0
SWISS FRANC - INTERNATIONAL MONETARY MARKET,1992-02-14,1559,8119,-1478.0,1640.0,34455,6676.0,-6560,-3118.0
SWISS FRANC - INTERNATIONAL MONETARY MARKET,1992-02-28,1136,10823,-423.0,2704.0,40410,5955.0,-9687,-3127.0
SWISS FRANC - INTERNATIONAL MONETARY MARKET,1992-03-13,319,10272,-817.0,-551.0,57963,17553.0,-9953,-266.0
SWISS FRANC - INTERNATIONAL MONETARY MARKET,1992-03-31,798,8026,479.0,-2246.0,31370,-26593.0,-7228,2725.0
SWISS FRANC - INTERNATIONAL MONETARY MARKET,1992-04-15,246,11461,-552.0,3435.0,38541,7171.0,-11215,-3987.0
SWISS FRANC - INTERNATIONAL MONETARY MARKET,1992-04-30,866,8395,,,37659,,-7529,3686.0
SWISS FRANC - INTERNATIONAL MONETARY MARKET,1992-05-15,3762,4270,2896.0,-4125.0,38418,759.0,-508,7021.0
SWISS FRANC - INTERNATIONAL MONETARY MARKET,1992-05-29,5173,2496,1411.0,-1774.0,39507,1089.0,2677,3185.0
SWISS FRANC - INTERNATIONAL MONETARY MARKET,1992-06-15,7239,1468,2066.0,-1028.0,42315,2808.0,5771,3094.0
SWISS FRANC - INTERNATIONAL MONETARY MARKET,1992-06-30,11061,702,3822.0,-766.0,30879,-11436.0,10359,4588.0
SWISS FRANC - INTERNATIONAL MONETARY MARKET,1992-07-15,9821,920,-1240.0,218.0,29534,-1345.0,8901,-1458.0
SWISS FRANC - INTERNATIONAL MONETARY MARKET,1992-07-31,6319,3819,-3502.0,2899.0,31667,2133.0,2500,-6401.0
SWISS FRANC - INTERNATIONAL MONETARY MARKET,1992-08-14,7615,2372,1296.0,-1447.0,33352,1685.0,5243,2743.0
SWISS FRANC - INTERNATIONAL MONETARY MARKET,1992-08-31,8796,3601,1181.0,1229.0,39307,5955.0,5195,-48.0
SWISS FRANC - INTERNATIONAL MONETARY MARKET,1992-09-15,6666,2217,-2130.0,-1384.0,35061,-4246.0,4449,-746.0
SWISS FRANC - INTERNATIONAL MONETARY MARKET,1992-09-30,6530,6490,-136.0,4273.0,29557,-5504.0,40,-4409.0
SWISS FRANC - INTERNATIONAL MONETARY MARKET,1992-10-06,7287,7359,757.0,869.0,32311,2754.0,-72,-112.0
SWISS FRANC - INTERNATIONAL MONETARY MARKET,1992-10-13,6725,13029,-562.0,5670.0,32660,349.0,-6304,-6232.0
SWISS FRANC - INTERNATIONAL MONETARY MARKET,1992-10-20,2377,15033,-4348.0,2004.0,39292,6632.0,-12656,-6352.0
SWISS FRANC - INTERNATIONAL MONETARY MARKET,1992-10-27,902,10150,-1475.0,-4883.0,36367,-2925.0,-9248,3408.0
SWISS FRANC - INTERNATIONAL MONETARY MARKET,1992-11-03,1767,11015,865.0,865.0,38934,2567.0,-9248,0.0
SWISS FRANC - INTERNATIONAL MONETARY MARKET,1992-11-10,2270,11486,503.0,471.0,44031,5097.0,-9216,32.0
SWISS FRANC - INTERNATIONAL MONETARY MARKET,1992-11-17,2016,13032,-254.0,1546.0,46606,2575.0,-11016,-1800.0
SWISS FRANC - INTERNATIONAL MONETARY MARKET,1992-11-24,3170,14523,1154.0,1491.0,48957,2351.0,-11353,-337.0
SWISS FRANC - INTERNATIONAL MONETARY MARKET,1992-12-01,2744,14208,-426.0,-315.0,46638,-2319.0,-11464,-111.0
SWISS FRANC - INTERNATIONAL MONETARY MARKET,1992-12-08,853,12347,-1891.0,-1861.0,49058,2420.0,-11494,-30.0
SWISS FRANC - INTERNATIONAL MONETARY MARKET,1992-12-15,2238,12914,1385.0,567.0,50400,1342.0,-10676,818.0
SWISS FRANC - INTERNATIONAL MONETARY MARKET,1992-12-22,3410,14726,1172.0,1812.0,36979,-13421.0,-11316,-640.0
SWISS FRANC - INTERNATIONAL MONETARY MARKET,1992-12-29,3978,20627,568.0,5901.0,48548,11569.0,-16649,-5333.0
SWISS FRANC - INTERNATIONAL MONETARY MARKET,1993-01-05,4563,21693,585.0,1066.0,51762,3214.0,-17130,-481.0
SWISS FRANC - INTERNATIONAL MONETARY MARKET,1993-01-12,3260,25864,-1303.0,4171.0,58287,6525.0,-22604,-5474.0
SWISS FRANC - INTERNATIONAL MONETARY MARKET,1993-01-19,2912,21422,-348.0,-4442.0,53749,-4538.0,-18510,4094.0
SWISS FRANC - INTERNATIONAL MONETARY MARKET,1993-01-26,1757,14470,-1155.0,-6952.0,45076,-8673.0,-12713,5797.0
SWISS FRANC - INTERNATIONAL MONETARY MARKET,1993-02-02,2374,19101,617.0,4631.0,53145,8069.0,-16727,-4014.0
SWISS FRANC - INTERNATIONAL MONETARY MARKET,1993-02-09,1879,15013,-495.0,-4088.0,48683,-4462.0,-13134,3593.0
SWISS FRANC - INTERNATIONAL MONETARY MARKET,1993-02-16,2262,15972,383.0,959.0,48845,162.0,-13710,-576.0
SWISS FRANC - INTERNATIONAL MONETARY MARKET,1993-02-23,4393,14904,2131.0,-1068.0,47688,-1157.0,-10511,3199.0
SWISS FRANC - INTERNATIONAL MONETARY MARKET,1993-03-02,2136,16567,-2257.0,1663.0,49032,1344.0,-14431,-3920.0
SWISS FRANC - INTERNATIONAL MONETARY MARKET,1993-03-09,2553,15532,417.0,-1035.0,57029,7997.0,-12979,1452.0
SWISS FRANC - INTERNATIONAL MONETARY MARKET,1993-03-16,3226,10612,673.0,-4920.0,54804,-2225.0,-7386,5593.0
SWISS FRANC - INTERNATIONAL MONETARY MARKET,1993-03-23,1914,14678,-1312.0,4066.0,43556,-11248.0,-12764,-5378.0
SWISS FRANC - INTERNATIONAL MONETARY MARKET,1993-03-30,2652,14130,738.0,-548.0,42624,-932.0,-11478,1286.0
SWISS FRANC - INTERNATIONAL MONETARY MARKET,1993-04-06,3056,8083,404.0,-6047.0,38232,-4392.0,-5027,6451.0
SWISS FRANC - INTERNATIONAL MONETARY MARKET,1993-04-13,7744,4721,4688.0,-3362.0,43856,5624.0,3023,8050.0
SWISS FRANC - INTERNATIONAL MONETARY MARKET,1993-04-20,7382,5750,-362.0,1029.0,44043,187.0,1632,-1391.0
SWISS FRANC - INTERNATIONAL MONETARY MARKET,1993-04-27,10845,6008,3463.0,258.0,47873,3830.0,4837,3205.0
SWISS FRANC - INTERNATIONAL MONETARY MARKET,1993-05-04,11090,2060,245.0,-3948.0,49940,2067.0,9030,4193.0
SWISS FRANC - INTERNATIONAL MONETARY MARKET,1993-05-11,7113,2237,-3977.0,177.0,45076,-4864.0,4876,-4154.0
SWISS FRANC - INTERNATIONAL MONETARY MARKET,1993-05-18,3182,2823,-3931.0,586.0,46199,1123.0,359,-4517.0
SWISS FRANC - INTERNATIONAL MONETARY MARKET,1993-05-25,4788,2387,1606.0,-436.0,46509,310.0,2401,2042.0
SWISS FRANC - INTERNATIONAL MONETARY MARKET,1993-06-01,6938,2848,2150.0,461.0,51931,5422.0,4090,1689.0
SWISS FRANC - INTERNATIONAL MONETARY MARKET,1993-06-08,3595,2763,-3343.0,-85.0,51248,-683.0,832,-3258.0
SWISS FRANC - INTERNATIONAL MONETARY MARKET,1993-06-15,3907,5002,312.0,2239.0,48267,-2981.0,-1095,-1927.0
SWISS FRANC - INTERNATIONAL MONETARY MARKET,1993-06-22,3146,10974,-761.0,5972.0,36595,-11672.0,-7828,-6733.0
SWISS FRANC - INTERNATIONAL MONETARY MARKET,1993-06-29,1890,10570,-1256.0,-404.0,34494,-2101.0,-8680,-852.0
SWISS FRANC - INTERNATIONAL MONETARY MARKET,1993-07-06,2546,10678,656.0,108.0,36466,1972.0,-8132,548.0
SWISS FRANC - INTERNATIONAL MONETARY MARKET,1993-07-13,725,14038,-1821.0,3360.0,42581,6115.0,-13313,-5181.0
SWISS FRANC - INTERNATIONAL MONETARY MARKET,1993-07-20,850,9189,125.0,-4849.0,39824,-2757.0,-8339,4974.0
SWISS FRANC - INTERNATIONAL MONETARY MARKET,1993-07-27,822,11517,-28.0,2328.0,42385,2561.0,-10695,-2356.0
SWISS FRANC - INTERNATIONAL MONETARY MARKET,1993-08-03,1611,8609,789.0,-2908.0,42625,240.0,-6998,3697.0
SWISS FRANC - INTERNATIONAL MONETARY MARKET,1993-08-10,884,10269,-727.0,1660.0,42524,-101.0,-9385,-2387.0
SWISS FRANC - INTERNATIONAL MONETARY MARKET,1993-08-17,1328,10671,444.0,402.0,45718,3194.0,-9343,42.0
SWISS FRANC - INTERNATIONAL MONETARY MARKET,1993-08-24,5159,5075,3831.0,-5596.0,43481,-2237.0,84,9427.0
SWISS FRANC - INTERNATIONAL MONETARY MARKET,1993-08-31,7811,4887,2652.0,-188.0,45524,2043.0,2924,2840.0
SWISS FRANC - INTERNATIONAL MONETARY MARKET,1993-09-07,17389,3817,9578.0,-1070.0,67712,22188.0,13572,10648.0
SWISS FRANC - INTERNATIONAL MONETARY MARKET,1993-09-14,27632,5186,10243.0,1369.0,77997,10285.0,22446,8874.0
SWISS FRANC - INTERNATIONAL MONETARY MARKET,1993-09-21,26831,3572,-801.0,-1614.0,54095,-23902.0,23259,813.0
SWISS FRANC - INTERNATIONAL MONETARY MARKET,1993-09-28,27160,2795,329.0,-777.0,53515,-580.0,24365,1106.0
SWISS FRANC - INTERNATIONAL MONETARY MARKET,1993-10-05,27383,2612,223.0,-183.0,52744,-771.0,24771,406.0
SWISS FRANC - INTERNATIONAL MONETARY MARKET,1993-10-12,32713,3152,5330.0,540.0,62395,9651.0,29561,4790.0
SWISS FRANC - INTERNATIONAL MONETARY MARKET,1993-10-19,18596,4389,-14117.0,1237.0,50200,-12195.0,14207,-15354.0
SWISS FRANC - INTERNATIONAL MONETARY MARKET,1993-10-26,3342,4550,-15254.0,161.0,38619,-11581.0,-1208,-15415.0
SWISS FRANC - INTERNATIONAL MONETARY MARKET,1993-11-02,2461,15629,-881.0,11079.0,50833,12214.0,-13168,-11960.0
SWISS FRANC - INTERNATIONAL MONETARY MARKET,1993-11-09,2403,15737,-58.0,108.0,53068,2235.0,-13334,-166.0
SWISS FRANC - INTERNATIONAL MONETARY MARKET,1993-11-16,2170,28623,-233.0,12886.0,63853,10785.0,-26453,-13119.0
SWISS FRANC - INTERNATIONAL MONETARY MARKET,1993-11-23,3720,26092,1550.0,-2531.0,62440,-1413.0,-22372,4081.0
SWISS FRANC - INTERNATIONAL MONETARY MARKET,1993-11-30,2631,21085,-1089.0,-5007.0,60306,-2134.0,-18454,3918.0
SWISS FRANC - INTERNATIONAL MONETARY MARKET,1993-12-07,3955,7866,1324.0,-13219.0,55905,-4401.0,-3911,14543.0
SWISS FRANC - INTERNATIONAL MONETARY MARKET,1993-12-14,4511,7851,556.0,-15.0,57749,1844.0,-3340,571.0
SWISS FRANC - INTERNATIONAL MONETARY MARKET,1993-12-21,9111,8296,4600.0,445.0,36597,-21152.0,815,4155.0
SWISS FRANC - INTERNATIONAL MONETARY MARKET,1993-12-28,21824,7636,12713.0,-660.0,51615,15018.0,14188,13373.0
SWISS FRANC - INTERNATIONAL MONETARY MARKET,1994-01-04,18824,9384,-3000.0,1748.0,45960,-5655.0,9440,-4748.0
SWISS FRANC - INTERNATIONAL MONETARY MARKET,1994-01-11,19198,9604,374.0,220.0,47632,1672.0,9594,154.0
SWISS FRANC - INTERNATIONAL MONETARY MARKET,1994-01-18,5351,7281,-13847.0,-2323.0,37906,-9726.0,-1930,-11524.0
SWISS FRANC - INTERNATIONAL MONETARY MARKET,1994-01-25,2709,8450,-2642.0,1169.0,39015,1109.0,-5741,-3811.0
SWISS FRANC - INTERNATIONAL MONETARY MARKET,1994-02-01,7529,7102,4820.0,-1348.0,42329,3314.0,427,6168.0
SWISS FRANC - INTERNATIONAL MONETARY MARKET,1994-02-08,13932,9287,6403.0,2185.0,51197,8868.0,4645,4218.0
SWISS FRANC - INTERNATIONAL MONETARY MARKET,1994-02-15,5969,4754,-7963.0,-4533.0,41673,-9524.0,1215,-3430.0
SWISS FRANC - INTERNATIONAL MONETARY MARKET,1994-02-22,8273,4672,2304.0,-82.0,42850,1177.0,3601,2386.0
SWISS FRANC - INTERNATIONAL MONETARY MARKET,1994-03-01,12666,7257,4393.0,2585.0,52460,9610.0,5409,1808.0
SWISS FRANC - INTERNATIONAL MONETARY MARKET,1994-03-08,10035,4700,-2631.0,-2557.0,53479,1019.0,5335,-74.0
SWISS FRANC - INTERNATIONAL MONETARY MARKET,1994-03-15,9927,5449,-108.0,749.0,53323,-156.0,4478,-857.0
SWISS FRANC - INTERNATIONAL MONETARY MARKET,1994-03-22,11378,6009,1451.0,560.0,33164,-20159.0,5369,891.0
SWISS FRANC - INTERNATIONAL MONETARY MARKET,1994-03-29,12703,6838,1325.0,829.0,36078,2914.0,5865,496.0
SWISS FRANC - INTERNATIONAL MONETARY MARKET,1994-04-05,9651,8268,-3052.0,1430.0,34614,-1464.0,1383,-4482.0
SWISS FRANC - INTERNATIONAL MONETARY MARKET,1994-04-12,7104,6733,-2547.0,-1535.0,34996,382.0,371,-1012.0
SWISS FRANC - INTERNATIONAL MONETARY MARKET,1994-04-19,6039,11619,-1065.0,4886.0,40579,5583.0,-5580,-5951.0
SWISS FRANC - INTERNATIONAL MONETARY MARKET,1994-04-26,8897,9291,2858.0,-2328.0,39486,-1093.0,-394,5186.0
SWISS FRANC - INTERNATIONAL MONETARY MARKET,1994-05-03,16839,4522,7942.0,-4769.0,42704,3218.0,12317,12711.0
SWISS FRANC - INTERNATIONAL MONETARY MARKET,1994-05-10,11082,4842,-5757.0,320.0,38163,-4541.0,6240,-6077.0
SWISS FRANC - INTERNATIONAL MONETARY MARKET,1994-05-17,12624,4082,1542.0,-760.0,39475,1312.0,8542,2302.0
SWISS FRANC - INTERNATIONAL MONETARY MARKET,1994-05-24,12616,4764,-8.0,682.0,44280,4805.0,7852,-690.0
SWISS FRANC - INTERNATIONAL MONETARY MARKET,1994-05-31,13175,4697,559.0,-67.0,47435,3155.0,8478,626.0
SWISS FRANC - INTERNATIONAL MONETARY MARKET,1994-06-07,10324,4351,-2851.0,-346.0,47643,208.0,5973,-2505.0
SWISS FRANC - INTERNATIONAL MONETARY MARKET,1994-06-14,18297,2839,7973.0,-1512.0,55025,7382.0,15458,9485.0
SWISS FRANC - INTERNATIONAL MONETARY MARKET,1994-06-21,23385,2311,5088.0,-528.0,49148,-5877.0,21074,5616.0
SWISS FRANC - INTERNATIONAL MONETARY MARKET,1994-06-28,23916,3067,531.0,756.0,51837,2689.0,20849,-225.0
SWISS FRANC - INTERNATIONAL MONETARY MARKET,1994-07-05,23217,1583,-699.0,-1484.0,49622,-2215.0,21634,785.0
SWISS FRANC - INTERNATIONAL MONETARY MARKET,1994-07-12,21423,921,-1794.0,-662.0,48176,-1446.0,20502,-1132.0
SWISS FRANC - INTERNATIONAL MONETARY MARKET,1994-07-19,18295,3401,-3128.0,2480.0,44560,-3616.0,14894,-5608.0
SWISS FRANC - INTERNATIONAL MONETARY MARKET,1994-07-26,12911,1427,-5384.0,-1974.0,38445,-6115.0,11484,-3410.0
SWISS FRANC - INTERNATIONAL MONETARY MARKET,1994-08-02,13238,1284,327.0,-143.0,40035,1590.0,11954,470.0
SWISS FRANC - INTERNATIONAL MONETARY MARKET,1994-08-09,15910,805,2672.0,-479.0,41060,1025.0,15105,3151.0
SWISS FRANC - INTERNATIONAL MONETARY MARKET,1994-08-16,19746,707,3836.0,-98.0,47245,6185.0,19039,3934.0
SWISS FRANC - INTERNATIONAL MONETARY MARKET,1994-08-23,20953,588,1207.0,-119.0,46475,-770.0,20365,1326.0
SWISS FRANC - INTERNATIONAL MONETARY MARKET,1994-08-30,12030,2228,-8923.0,1640.0,42930,-3545.0,9802,-10563.0
SWISS FRANC - INTERNATIONAL MONETARY MARKET,1994-09-06,14985,588,2955.0,-1640.0,45660,2730.0,14397,4595.0
SWISS FRANC - INTERNATIONAL MONETARY MARKET,1994-09-13,15309,1679,324.0,1091.0,54183,8523.0,13630,-767.0
SWISS FRANC - INTERNATIONAL MONETARY MARKET,1994-09-20,14139,853,-1170.0,-826.0,50723,-3460.0,13286,-344.0
SWISS FRANC - INTERNATIONAL MONETARY MARKET,1994-09-27,13605,1455,-534.0,602.0,36750,-13973.0,12150,-1136.0
SWISS FRANC - INTERNATIONAL MONETARY MARKET,1994-10-04,11462,2249,-2143.0,794.0,34270,-2480.0,9213,-2937.0
SWISS FRANC - INTERNATIONAL MONETARY MARKET,1994-10-11,11202,2122,-260.0,-127.0,35412,1142.0,9080,-133.0
SWISS FRANC - INTERNATIONAL MONETARY MARKET,1994-10-18,17105,1255,5903.0,-867.0,43199,7787.0,15850,6770.0
SWISS FRANC - INTERNATIONAL MONETARY MARKET,1994-10-25,16267,1972,-838.0,717.0,42328,-871.0,14295,-1555.0
SWISS FRANC - INTERNATIONAL MONETARY MARKET,1994-11-01,14811,3420,-1456.0,1448.0,43625,1297.0,11391,-2904.0
SWISS FRANC - INTERNATIONAL MONETARY MARKET,1994-11-08,12507,8698,-2304.0,5278.0,44280,655.0,3809,-7582.0
SWISS FRANC - INTERNATIONAL MONETARY MARKET,1994-11-15,3565,19097,-8942.0,10399.0,51985,7705.0,-15532,-19341.0
SWISS FRANC - INTERNATIONAL MONETARY MARKET,1994-11-22,2997,25151,-568.0,6054.0,60065,8080.0,-22154,-6622.0
SWISS FRANC - INTERNATIONAL MONETARY MARKET,1994-11-29,2756,25746,-241.0,595.0,61211,1146.0,-22990,-836.0
SWISS FRANC - INTERNATIONAL MONETARY MARKET,1994-12-06,1981,26451,-775.0,705.0,63355,2144.0,-24470,-1480.0
SWISS FRANC - INTERNATIONAL MONETARY MARKET,1994-12-13,2413,25701,432.0,-750.0,66463,3108.0,-23288,1182.0
SWISS FRANC - INTERNATIONAL MONETARY MARKET,1994-12-20,2242,17657,-171.0,-8044.0,64552,-1911.0,-15415,7873.0
SWISS FRANC - INTERNATIONAL MONETARY MARKET,1994-12-27,2347,18418,105.0,761.0,38448,-26104.0,-16071,-656.0
SWISS FRANC - INTERNATIONAL MONETARY MARKET,1995-01-03,2474,12811,127.0,-5607.0,35389,-3059.0,-10337,5734.0
SWISS FRANC - INTERNATIONAL MONETARY MARKET,1995-01-10,8243,11662,5769.0,-1149.0,39893,4504.0,-3419,6918.0
SWISS FRANC - INTERNATIONAL MONETARY MARKET,1995-01-17,8280,11188,37.0,-474.0,39313,-580.0,-2908,511.0
SWISS FRANC - INTERNATIONAL MONETARY MARKET,1995-01-24,9294,10983,1014.0,-205.0,40894,1581.0,-1689,1219.0
SWISS FRANC - INTERNATIONAL MONETARY MARKET,1995-01-31,7250,11540,-2044.0,557.0,39957,-937.0,-4290,-2601.0
SWISS FRANC - INTERNATIONAL MONETARY MARKET,1995-02-07,4902,13675,-2348.0,2135.0,41778,1821.0,-8773,-4483.0
SWISS FRANC - INTERNATIONAL MONETARY MARKET,1995-02-14,4936,13962,34.0,287.0,41310,-468.0,-9026,-253.0
SWISS FRANC - INTERNATIONAL MONETARY MARKET,1995-02-21,8951,15255,4015.0,1293.0,47637,6327.0,-6304,2722.0
SWISS FRANC - INTERNATIONAL MONETARY MARKET,1995-02-28,9524,16271,573.0,1016.0,52017,4380.0,-6747,-443.0
SWISS FRANC - INTERNATIONAL MONETARY MARKET,1995-03-07,9649,3661,125.0,-12610.0,53114,1097.0,5988,12735.0
SWISS FRANC - INTERNATIONAL MONETARY MARKET,1995-03-14,9843,1383,194.0,-2278.0,48352,-4762.0,8460,2472.0
SWISS FRANC - INTERNATIONAL MONETARY MARKET,1995-03-21,9156,1069,-687.0,-314.0,28744,-19608.0,8087,-373.0
SWISS FRANC - INTERNATIONAL MONETARY MARKET,1995-03-28,8511,662,-645.0,-407.0,31523,2779.0,7849,-238.0
SWISS FRANC - INTERNATIONAL MONETARY MARKET,1995-04-04,8412,1481,-99.0,819.0,30533,-990.0,6931,-918.0
SWISS FRANC - INTERNATIONAL MONETARY MARKET,1995-04-11,7712,1298,-700.0,-183.0,30048,-485.0,6414,-517.0
SWISS FRANC - INTERNATIONAL MONETARY MARKET,1995-04-18,7982,1474,270.0,176.0,30330,282.0,6508,94.0
SWISS FRANC - INTERNATIONAL MONETARY MARKET,1995-04-25,7106,954,-876.0,-520.0,30557,227.0,6152,-356.0
SWISS FRANC - INTERNATIONAL MONETARY MARKET,1995-05-02,7110,1230,4.0,276.0,30121,-436.0,5880,-272.0
SWISS FRANC - INTERNATIONAL MONETARY MARKET,1995-05-09,6747,860,-363.0,-370.0,30295,174.0,5887,7.0
SWISS FRANC - INTERNATIONAL MONETARY MARKET,1995-05-16,1378,6483,-5369.0,5623.0,30369,74.0,-5105,-10992.0
SWISS FRANC - INTERNATIONAL MONETARY MARKET,1995-05-23,1440,7818,62.0,1335.0,32209,1840.0,-6378,-1273.0
SWISS FRANC - INTERNATIONAL MONETARY MARKET,1995-05-30,1713,4534,273.0,-3284.0,28826,-3383.0,-2821,3557.0
SWISS FRANC - INTERNATIONAL MONETARY MARKET,1995-06-06,1230,4311,-483.0,-223.0,28268,-558.0,-3081,-260.0
SWISS FRANC - INTERNATIONAL MONETARY MARKET,1995-06-13,993,4056,-237.0,-255.0,31048,2780.0,-3063,18.0
SWISS FRANC - INTERNATIONAL MONETARY MARKET,1995-06-20,886,4202,-107.0,146.0,20066,-10982.0,-3316,-253.0
SWISS FRANC - INTERNATIONAL MONETARY MARKET,1995-06-27,1063,3208,177.0,-994.0,20581,515.0,-2145,1171.0
SWISS FRANC - INTERNATIONAL MONETARY MARKET,1995-07-03,595,3395,-468.0,187.0,19783,-798.0,-2800,-655.0
SWISS FRANC - INTERNATIONAL MONETARY MARKET,1995-07-11,595,4322,0.0,927.0,21877,2094.0,-3727,-927.0
SWISS FRANC - INTERNATIONAL MONETARY MARKET,1995-07-18,843,5650,248.0,1328.0,23963,2086.0,-4807,-1080.0
SWISS FRANC - INTERNATIONAL MONETARY MARKET,1995-07-25,623,4700,-220.0,-950.0,24511,548.0,-4077,730.0
SWISS FRANC - INTERNATIONAL MONETARY MARKET,1995-08-01,3691,3843,3068.0,-857.0,28357,3846.0,-152,3925.0
SWISS FRANC - INTERNATIONAL MONETARY MARKET,1995-08-08,1433,4113,-2258.0,270.0,27966,-391.0,-2680,-2528.0
SWISS FRANC - INTERNATIONAL MONETARY MARKET,1995-08-15,345,7118,-1088.0,3005.0,30609,2643.0,-6773,-4093.0
SWISS FRANC - INTERNATIONAL MONETARY MARKET,1995-08-22,333,7207,-12.0,89.0,30931,322.0,-6874,-101.0
SWISS FRANC - INTERNATIONAL MONETARY MARKET,1995-08-29,373,7230,40.0,23.0,32786,1855.0,-6857,17.0
SWISS FRANC - INTERNATIONAL MONETARY MARKET,1995-09-05,537,6501,164.0,-729.0,32725,-61.0,-5964,893.0
SWISS FRANC - INTERNATIONAL MONETARY MARKET,1995-09-12,412,8865,-125.0,2364.0,37482,4757.0,-8453,-2489.0
SWISS FRANC - INTERNATIONAL MONETARY MARKET,1995-09-19,575,8623,163.0,-242.0,30280,-7202.0,-8048,405.0
SWISS FRANC - INTERNATIONAL MONETARY MARKET,1995-09-26,5473,1887,4898.0,-6736.0,30378,98.0,3586,11634.0
SWISS FRANC - INTERNATIONAL MONETARY MARKET,1995-10-03,5518,2268,45.0,381.0,32377,1999.0,3250,-336.0
SWISS FRANC - INTERNATIONAL MONETARY MARKET,1995-10-10,5801,2536,283.0,268.0,35256,2879.0,3265,15.0
SWISS FRANC - INTERNATIONAL MONETARY MARKET,1995-10-17,5515,2525,-286.0,-11.0,33947,-1309.0,2990,-275.0
SWISS FRANC - INTERNATIONAL MONETARY MARKET,1995-10-24,5817,1727,302.0,-798.0,36765,2818.0,4090,1100.0
SWISS FRANC - INTERNATIONAL MONETARY MARKET,1995-10-31,5129,1707,-688.0,-20.0,36923,158.0,3422,-668.0
SWISS FRANC - INTERNATIONAL MONETARY MARKET,1995-11-07,4849,2044,-280.0,337.0,36385,-538.0,2805,-617.0
SWISS FRANC - INTERNATIONAL MONETARY MARKET,1995-11-14,4144,1832,-705.0,-212.0,37373,988.0,2312,-493.0
SWISS FRANC - INTERNATIONAL MONETARY MARKET,1995-11-21,4374,1612,230.0,-220.0,38199,826.0,2762,450.0
SWISS FRANC - INTERNATIONAL MONETARY MARKET,1995-11-28,4437,2655,63.0,1043.0,38138,-61.0,1782,-980.0
SWISS FRANC - INTERNATIONAL MONETARY MARKET,1995-12-05,297,12156,-4140.0,9501.0,46387,8249.0,-11859,-13641.0
SWISS FRANC - INTERNATIONAL MONETARY MARKET,1995-12-12,812,12625,515.0,469.0,54754,8367.0,-11813,46.0
SWISS FRANC - INTERNATIONAL MONETARY MARKET,1995-12-19,638,11523,-174.0,-1102.0,35059,-19695.0,-10885,928.0
SWISS FRANC - INTERNATIONAL MONETARY MARKET,1995-12-26,561,11128,-77.0,-395.0,33670,-1389.0,-10567,318.0
SWISS FRANC - INTERNATIONAL MONETARY MARKET,1996-01-02,1922,11150,1361.0,22.0,36133,2463.0,-9228,1339.0
SWISS FRANC - INTERNATIONAL MONETARY MARKET,1996-01-09,1806,12940,-116.0,1790.0,40162,4029.0,-11134,-1906.0
SWISS FRANC - INTERNATIONAL MONETARY MARKET,1996-01-16,757,12264,-1049.0,-676.0,42831,2669.0,-11507,-373.0
SWISS FRANC - INTERNATIONAL MONETARY MARKET,1996-01-23,422,14113,-335.0,1849.0,44242,1411.0,-13691,-2184.0
SWISS FRANC - INTERNATIONAL MONETARY MARKET,1996-01-30,364,14572,-58.0,459.0,45089,847.0,-14208,-517.0
SWISS FRANC - INTERNATIONAL MONETARY MARKET,1996-02-06,611,14872,247.0,300.0,44430,-659.0,-14261,-53.0
SWISS FRANC - INTERNATIONAL MONETARY MARKET,1996-02-13,852,14587,241.0,-285.0,44639,209.0,-13735,526.0
SWISS FRANC - INTERNATIONAL MONETARY MARKET,1996-02-20,1238,11405,386.0,-3182.0,42777,-1862.0,-10167,3568.0
SWISS FRANC - INTERNATIONAL MONETARY MARKET,1996-02-27,432,8938,-806.0,-2467.0,38358,-4419.0,-8506,1661.0
SWISS FRANC - INTERNATIONAL MONETARY MARKET,1996-03-05,265,7052,-167.0,-1886.0,40718,2360.0,-6787,1719.0
SWISS FRANC - INTERNATIONAL MONETARY MARKET,1996-03-12,1245,7880,980.0,828.0,44072,3354.0,-6635,152.0
SWISS FRANC - INTERNATIONAL MONETARY MARKET,1996-03-19,464,7241,-781.0,-639.0,27331,-16741.0,-6777,-142.0
SWISS FRANC - INTERNATIONAL MONETARY MARKET,1996-03-26,763,7302,299.0,61.0,28394,1063.0,-6539,238.0
SWISS FRANC - INTERNATIONAL MONETARY MARKET,1996-04-02,1343,6832,580.0,-470.0,29759,1365.0,-5489,1050.0
SWISS FRANC - INTERNATIONAL MONETARY MARKET,1996-04-09,1278,9305,-65.0,2473.0,36186,6427.0,-8027,-2538.0
SWISS FRANC - INTERNATIONAL MONETARY MARKET,1996-04-16,1477,14789,199.0,5484.0,43303,7117.0,-13312,-5285.0
SWISS FRANC - INTERNATIONAL MONETARY MARKET,1996-04-23,2319,15063,842.0,274.0,43350,47.0,-12744,568.0
SWISS FRANC - INTERNATIONAL MONETARY MARKET,1996-04-30,1591,16543,-728.0,1480.0,45847,2497.0,-14952,-2208.0
SWISS FRANC - INTERNATIONAL MONETARY MARKET,1996-05-07,1770,16853,179.0,310.0,46306,459.0,-15083,-131.0
SWISS FRANC - INTERNATIONAL MONETARY MARKET,1996-05-14,1916,16520,146.0,-333.0,46693,387.0,-14604,479.0
SWISS FRANC - INTERNATIONAL MONETARY MARKET,1996-05-21,1387,16518,-529.0,-2.0,48697,2004.0,-15131,-527.0
SWISS FRANC - INTERNATIONAL MONETARY MARKET,1996-05-28,1482,17027,95.0,509.0,48045,-652.0,-15545,-414.0
SWISS FRANC - INTERNATIONAL MONETARY MARKET,1996-06-04,306,13959,-1176.0,-3068.0,45873,-2172.0,-13653,1892.0
SWISS FRANC - INTERNATIONAL MONETARY MARKET,1996-06-11,432,15009,126.0,1050.0,53717,7844.0,-14577,-924.0
SWISS FRANC - INTERNATIONAL MONETARY MARKET,1996-06-18,800,11859,368.0,-3150.0,35968,-17749.0,-11059,3518.0
SWISS FRANC - INTERNATIONAL MONETARY MARKET,1996-06-25,0,12876,-800.0,1017.0,37605,1637.0,-12876,-1817.0
SWISS FRANC - INTERNATIONAL MONETARY MARKET,1996-07-02,108,13252,108.0,376.0,37132,-473.0,-13144,-268.0
SWISS FRANC - INTERNATIONAL MONETARY MARKET,1996-07-09,702,12876,594.0,-376.0,38121,989.0,-12174,970.0
SWISS FRANC - INTERNATIONAL MONETARY MARKET,1996-07-16,5634,3680,4932.0,-9196.0,38421,300.0,1954,14128.0
SWISS FRANC - INTERNATIONAL MONETARY MARKET,1996-07-23,8516,2830,2882.0,-850.0,37846,-575.0,5686,3732.0
SWISS FRANC - INTERNATIONAL MONETARY MARKET,1996-07-30,8620,2668,104.0,-162.0,39471,1625.0,5952,266.0
SWISS FRANC - INTERNATIONAL MONETARY MARKET,1996-08-06,9557,1813,937.0,-855.0,40775,1304.0,7744,1792.0
SWISS FRANC - INTERNATIONAL MONETARY MARKET,1996-08-13,8909,2056,-648.0,243.0,39211,-1564.0,6853,-891.0
SWISS FRANC - INTERNATIONAL MONETARY MARKET,1996-08-20,9258,1906,349.0,-150.0,39413,202.0,7352,499.0
SWISS FRANC - INTERNATIONAL MONETARY MARKET,1996-08-27,10575,2299,1317.0,393.0,42079,2666.0,8276,924.0
SWISS FRANC - INTERNATIONAL MONETARY MARKET,1996-09-03,8439,1423,-2136.0,-876.0,40301,-1778.0,7016,-1260.0
SWISS FRANC - INTERNATIONAL MONETARY MARKET,1996-09-10,1908,9043,-6531.0,7620.0,50231,9930.0,-7135,-14151.0
SWISS FRANC - INTERNATIONAL MONETARY MARKET,1996-09-17,200,12374,-1708.0,3331.0,35888,-14343.0,-12174,-5039.0
SWISS FRANC - INTERNATIONAL MONETARY MARKET,1996-09-24,230,13003,30.0,629.0,38997,3109.0,-12773,-599.0
SWISS FRANC - INTERNATIONAL MONETARY MARKET,1996-10-01,454,13484,224.0,481.0,41837,2840.0,-13030,-257.0
SWISS FRANC - INTERNATIONAL MONETARY MARKET,1996-10-08,1373,13995,919.0,511.0,47903,6066.0,-12622,408.0
SWISS FRANC - INTERNATIONAL MONETARY MARKET,1996-10-15,1113,15542,-260.0,1547.0,48939,1036.0,-14429,-1807.0
SWISS FRANC - INTERNATIONAL MONETARY MARKET,1996-10-22,295,16092,-818.0,550.0,51411,2472.0,-15797,-1368.0
SWISS FRANC - INTERNATIONAL MONETARY MARKET,1996-10-29,220,13627,-75.0,-2465.0,45897,-5514.0,-13407,2390.0
SWISS FRANC - INTERNATIONAL MONETARY MARKET,1996-11-05,2,15610,-218.0,1983.0,49394,3497.0,-15608,-2201.0
SWISS FRANC - INTERNATIONAL MONETARY MARKET,1996-11-12,8,14688,6.0,-922.0,52267,2873.0,-14680,928.0
SWISS FRANC - INTERNATIONAL MONETARY MARKET,1996-11-19,8,15846,0.0,1158.0,53953,1686.0,-15838,-1158.0
SWISS FRANC - INTERNATIONAL MONETARY MARKET,1996-11-26,500,17733,492.0,1887.0,60096,6143.0,-17233,-1395.0
SWISS FRANC - INTERNATIONAL MONETARY MARKET,1996-12-03,456,16116,-44.0,-1617.0,61545,1449.0,-15660,1573.0
SWISS FRANC - INTERNATIONAL MONETARY MARKET,1996-12-10,663,17485,207.0,1369.0,73935,12390.0,-16822,-1162.0
SWISS FRANC - INTERNATIONAL MONETARY MARKET,1996-12-17,700,16264,37.0,-1221.0,44882,-29053.0,-15564,1258.0
SWISS FRANC - INTERNATIONAL MONETARY MARKET,1996-12-24,300,18214,-400.0,1950.0,47461,2579.0,-17914,-2350.0
SWISS FRANC - INTERNATIONAL MONETARY MARKET,1996-12-31,300,16332,0.0,-1882.0,45105,-2356.0,-16032,1882.0
SWISS FRANC - INTERNATIONAL MONETARY MARKET,1997-01-07,700,17954,400.0,1622.0,50060,4955.0,-17254,-1222.0
SWISS FRANC - INTERNATIONAL MONETARY MARKET,1997-01-14,200,20290,-500.0,2336.0,55678,5618.0,-20090,-2836.0
SWISS FRANC - INTERNATIONAL MONETARY MARKET,1997-01-21,200,19664,0.0,-626.0,51415,-4263.0,-19464,626.0
SWISS FRANC - INTERNATIONAL MONETARY MARKET,1997-01-28,241,18728,41.0,-936.0,53727,2312.0,-18487,977.0
SWISS FRANC - INTERNATIONAL MONETARY MARKET,1997-02-04,657,19019,416.0,291.0,51787,-1940.0,-18362,125.0
SWISS FRANC - INTERNATIONAL MONETARY MARKET,1997-02-11,795,18754,138.0,-265.0,52976,1189.0,-17959,403.0
SWISS FRANC - INTERNATIONAL MONETARY MARKET,1997-02-18,400,19269,-395.0,515.0,55515,2539.0,-18869,-910.0
SWISS FRANC - INTERNATIONAL MONETARY MARKET,1997-02-25,400,19691,0.0,422.0,56211,696.0,-19291,-422.0
SWISS FRANC - INTERNATIONAL MONETARY MARKET,1997-03-04,850,19645,450.0,-46.0,57904,1693.0,-18795,496.0
SWISS FRANC - INTERNATIONAL MONETARY MARKET,1997-03-11,956,18034,106.0,-1611.0,59695,1791.0,-17078,1717.0
SWISS FRANC - INTERNATIONAL MONETARY MARKET,1997-03-18,903,15837,-53.0,-2197.0,41033,-18662.0,-14934,2144.0
SWISS FRANC - INTERNATIONAL MONETARY MARKET,1997-03-25,200,14938,-703.0,-899.0,40567,-466.0,-14738,196.0
SWISS FRANC - INTERNATIONAL MONETARY MARKET,1997-04-01,746,15872,546.0,934.0,43347,2780.0,-15126,-388.0
SWISS FRANC - INTERNATIONAL MONETARY MARKET,1997-04-08,274,16938,-472.0,1066.0,46392,3045.0,-16664,-1538.0
SWISS FRANC - INTERNATIONAL MONETARY MARKET,1997-04-15,286,17077,12.0,139.0,45313,-1079.0,-16791,-127.0
SWISS FRANC - INTERNATIONAL MONETARY MARKET,1997-04-22,550,17129,264.0,52.0,47526,2213.0,-16579,212.0
SWISS FRANC - INTERNATIONAL MONETARY MARKET,1997-04-29,250,17173,-300.0,44.0,47384,-142.0,-16923,-344.0
SWISS FRANC - INTERNATIONAL MONETARY MARKET,1997-05-06,1394,13674,1144.0,-3499.0,47165,-219.0,-12280,4643.0
SWISS FRANC - INTERNATIONAL MONETARY MARKET,1997-05-13,14002,4053,12608.0,-9621.0,44657,-2508.0,9949,22229.0
SWISS FRANC - INTERNATIONAL MONETARY MARKET,1997-05-20,17905,3526,3903.0,-527.0,50826,6169.0,14379,4430.0
SWISS FRANC - INTERNATIONAL MONETARY MARKET,1997-05-27,18603,3285,698.0,-241.0,52533,1707.0,15318,939.0
SWISS FRANC - INTERNATIONAL MONETARY MARKET,1997-06-03,14180,2655,-4423.0,-630.0,45882,-6651.0,11525,-3793.0
SWISS FRANC - INTERNATIONAL MONETARY MARKET,1997-06-10,1740,11686,-12440.0,9031.0,51562,5680.0,-9946,-21471.0
SWISS FRANC - INTERNATIONAL MONETARY MARKET,1997-06-17,1731,11476,-9.0,-210.0,32237,-19325.0,-9745,201.0
SWISS FRANC - INTERNATIONAL MONETARY MARKET,1997-06-24,3964,8934,2233.0,-2542.0,33268,1031.0,-4970,4775.0
SWISS FRANC - INTERNATIONAL MONETARY MARKET,1997-07-01,2211,15066,-1753.0,6132.0,42570,9302.0,-12855,-7885.0
SWISS FRANC - INTERNATIONAL MONETARY MARKET,1997-07-08,1448,21741,-763.0,6675.0,53110,10540.0,-20293,-7438.0
SWISS FRANC - INTERNATIONAL MONETARY MARKET,1997-07-15,2091,18819,643.0,-2922.0,54829,1719.0,-16728,3565.0
SWISS FRANC - INTERNATIONAL MONETARY MARKET,1997-07-22,2781,20536,690.0,1717.0,56391,1562.0,-17755,-1027.0
SWISS FRANC - INTERNATIONAL MONETARY MARKET,1997-07-29,2542,23776,-239.0,3240.0,64402,8011.0,-21234,-3479.0
SWISS FRANC - INTERNATIONAL MONETARY MARKET,1997-08-05,1915,24137,-627.0,361.0,65465,1063.0,-22222,-988.0
SWISS FRANC - INTERNATIONAL MONETARY MARKET,1997-08-12,2481,19682,566.0,-4455.0,56799,-8666.0,-17201,5021.0
SWISS FRANC - INTERNATIONAL MONETARY MARKET,1997-08-19,3503,18671,1022.0,-1011.0,54892,-1907.0,-15168,2033.0
SWISS FRANC - INTERNATIONAL MONETARY MARKET,1997-08-26,4724,15279,1221.0,-3392.0,56028,1136.0,-10555,4613.0
SWISS FRANC - INTERNATIONAL MONETARY MARKET,1997-09-02,4343,15397,-381.0,118.0,55135,-893.0,-11054,-499.0
SWISS FRANC - INTERNATIONAL MONETARY MARKET,1997-09-09,5796,14563,1453.0,-834.0,59626,4491.0,-8767,2287.0
SWISS FRANC - INTERNATIONAL MONETARY MARKET,1997-09-16,12724,4485,6928.0,-10078.0,39128,-20498.0,8239,17006.0
SWISS FRANC - INTERNATIONAL MONETARY MARKET,1997-09-23,13477,5006,753.0,521.0,38341,-787.0,8471,232.0
SWISS FRANC - INTERNATIONAL MONETARY MARKET,1997-09-30,14184,3393,707.0,-1613.0,37371,-970.0,10791,2320.0
SWISS FRANC - INTERNATIONAL MONETARY MARKET,1997-10-07,19328,3341,5144.0,-52.0,44432,7061.0,15987,5196.0
SWISS FRANC - INTERNATIONAL MONETARY MARKET,1997-10-14,17338,3755,-1990.0,414.0,40797,-3635.0,13583,-2404.0
SWISS FRANC - INTERNATIONAL MONETARY MARKET,1997-10-21,8592,6946,-8746.0,3191.0,44265,3468.0,1646,-11937.0
SWISS FRANC - INTERNATIONAL MONETARY MARKET,1997-10-28,12446,2270,3854.0,-4676.0,49413,5148.0,10176,8530.0
SWISS FRANC - INTERNATIONAL MONETARY MARKET,1997-11-04,14439,2326,1993.0,56.0,49711,298.0,12113,1937.0
SWISS FRANC - INTERNATIONAL MONETARY MARKET,1997-11-11,19559,3391,5120.0,1065.0,54686,4975.0,16168,4055.0
SWISS FRANC - INTERNATIONAL MONETARY MARKET,1997-11-18,19845,2607,286.0,-784.0,52691,-1995.0,17238,1070.0
SWISS FRANC - INTERNATIONAL MONETARY MARKET,1997-11-25,18926,1942,-919.0,-665.0,50947,-1744.0,16984,-254.0
SWISS FRANC - INTERNATIONAL MONETARY MARKET,1997-12-02,15325,4202,-3601.0,2260.0,52555,1608.0,11123,-5861.0
SWISS FRANC - INTERNATIONAL MONETARY MARKET,1997-12-09,768,18599,-14557.0,14397.0,64895,12340.0,-17831,-28954.0
SWISS FRANC - INTERNATIONAL MONETARY MARKET,1997-12-16,599,14036,-169.0,-4563.0,37024,-27871.0,-13437,4394.0
SWISS FRANC - INTERNATIONAL MONETARY MARKET,1997-12-19,609,13375,10.0,-661.0,38931,1907.0,-12766,671.0
SWISS FRANC - INTERNATIONAL MONETARY MARKET,1997-12-23,609,13171,10.0,-865.0,37379,355.0,-12562,204.0
SWISS FRANC - INTERNATIONAL MONETARY MARKET,1997-12-30,585,16468,-24.0,3297.0,43497,6118.0,-15883,-3321.0
SWISS FRANC - INTERNATIONAL MONETARY MARKET,1998-01-06,978,21761,393.0,5293.0,59190,15693.0,-20783,-4900.0
SWISS FRANC - INTERNATIONAL MONETARY MARKET,1998-01-13,565,22840,-413.0,1079.0,57346,-1844.0,-22275,-1492.0
SWISS FRANC - INTERNATIONAL MONETARY MARKET,1998-01-20,570,29028,5.0,6188.0,68283,10937.0,-28458,-6183.0
SWISS FRANC - INTERNATIONAL MONETARY MARKET,1998-01-27,525,15047,-45.0,-13981.0,50597,-17686.0,-14522,13936.0
SWISS FRANC - INTERNATIONAL MONETARY MARKET,1998-02-03,859,13668,334.0,-1379.0,48339,-2258.0,-12809,1713.0
SWISS FRANC - INTERNATIONAL MONETARY MARKET,1998-02-10,263,13606,-596.0,-62.0,44914,-3425.0,-13343,-534.0
SWISS FRANC - INTERNATIONAL MONETARY MARKET,1998-02-17,263,14485,0.0,879.0,46246,1332.0,-14222,-879.0
SWISS FRANC - INTERNATIONAL MONETARY MARKET,1998-02-24,1191,13446,928.0,-1039.0,46437,191.0,-12255,1967.0
SWISS FRANC - INTERNATIONAL MONETARY MARKET,1998-03-03,1128,14445,-63.0,999.0,47038,601.0,-13317,-1062.0
SWISS FRANC - INTERNATIONAL MONETARY MARKET,1998-03-10,692,23297,-436.0,8852.0,82166,35128.0,-22605,-9288.0
SWISS FRANC - INTERNATIONAL MONETARY MARKET,1998-03-17,1139,19164,447.0,-4133.0,54332,-27834.0,-18025,4580.0
SWISS FRANC - INTERNATIONAL MONETARY MARKET,1998-03-24,2313,26044,1174.0,6880.0,63405,9073.0,-23731,-5706.0
SWISS FRANC - INTERNATIONAL MONETARY MARKET,1998-03-31,2830,29834,517.0,3790.0,74057,10652.0,-27004,-3273.0
SWISS FRANC - INTERNATIONAL MONETARY MARKET,1998-04-07,1037,31051,-1793.0,1217.0,72115,-1942.0,-30014,-3010.0
SWISS FRANC - INTERNATIONAL MONETARY MARKET,1998-04-14,1996,21233,959.0,-9818.0,63175,-8940.0,-19237,10777.0
SWISS FRANC - INTERNATIONAL MONETARY MARKET,1998-04-21,1533,16399,-463.0,-4834.0,64856,1681.0,-14866,4371.0
SWISS FRANC - INTERNATIONAL MONETARY MARKET,1998-04-28,912,15234,-621.0,-1165.0,66632,1776.0,-14322,544.0
SWISS FRANC - INTERNATIONAL MONETARY MARKET,1998-05-05,3184,15856,2272.0,622.0,58017,-8615.0,-12672,1650.0
SWISS FRANC - INTERNATIONAL MONETARY MARKET,1998-05-12,4650,11941,1466.0,-3915.0,60383,2366.0,-7291,5381.0
SWISS FRANC - INTERNATIONAL MONETARY MARKET,1998-05-19,3952,12446,-698.0,505.0,58490,-1893.0,-8494,-1203.0
SWISS FRANC - INTERNATIONAL MONETARY MARKET,1998-05-26,18612,7505,14660.0,-4941.0,72306,13816.0,11107,19601.0
SWISS FRANC - INTERNATIONAL MONETARY MARKET,1998-06-02,13718,7445,-4894.0,-60.0,71639,-667.0,6273,-4834.0
SWISS FRANC - INTERNATIONAL MONETARY MARKET,1998-06-09,14228,7697,510.0,252.0,74877,3238.0,6531,258.0
SWISS FRANC - INTERNATIONAL MONETARY MARKET,1998-06-16,489,23470,-13739.0,15773.0,67989,-6888.0,-22981,-29512.0
SWISS FRANC - INTERNATIONAL MONETARY MARKET,1998-06-23,0,25380,-489.0,1910.0,72377,4388.0,-25380,-2399.0
SWISS FRANC - INTERNATIONAL MONETARY MARKET,1998-06-30,0,34301,0.0,8921.0,84479,12102.0,-34301,-8921.0
SWISS FRANC - INTERNATIONAL MONETARY MARKET,1998-07-07,667,37105,667.0,2804.0,91984,7505.0,-36438,-2137.0
SWISS FRANC - INTERNATIONAL MONETARY MARKET,1998-07-14,1866,34717,1199.0,-2388.0,94364,2380.0,-32851,3587.0
SWISS FRANC - INTERNATIONAL MONETARY MARKET,1998-07-21,1419,30479,-447.0,-4238.0,89621,-4743.0,-29060,3791.0
SWISS FRANC - INTERNATIONAL MONETARY MARKET,1998-07-28,1969,21997,550.0,-8482.0,71653,-17968.0,-20028,9032.0
SWISS FRANC - INTERNATIONAL MONETARY MARKET,1998-08-04,1633,10274,-336.0,-11723.0,69201,-2452.0,-8641,11387.0
SWISS FRANC - INTERNATIONAL MONETARY MARKET,1998-08-11,3636,9825,2003.0,-449.0,63325,-5876.0,-6189,2452.0
SWISS FRANC - INTERNATIONAL MONETARY MARKET,1998-08-18,6800,12946,3164.0,3121.0,71898,8573.0,-6146,43.0
SWISS FRANC - INTERNATIONAL MONETARY MARKET,1998-08-25,6626,11476,-174.0,-1470.0,71062,-836.0,-4850,1296.0
SWISS FRANC - INTERNATIONAL MONETARY MARKET,1998-09-01,29181,2577,22555.0,-8899.0,94728,23666.0,26604,31454.0
SWISS FRANC - INTERNATIONAL MONETARY MARKET,1998-09-08,30246,2568,1065.0,-9.0,107698,12970.0,27678,1074.0
SWISS FRANC - INTERNATIONAL MONETARY MARKET,1998-09-15,29363,4162,-883.0,1594.0,62729,-44969.0,25201,-2477.0
SWISS FRANC - INTERNATIONAL MONETARY MARKET,1998-09-22,31485,4176,2122.0,14.0,60636,-2093.0,27309,2108.0
SWISS FRANC - INTERNATIONAL MONETARY MARKET,1998-09-29,29785,3716,-1700.0,-460.0,61231,595.0,26069,-1240.0
SWISS FRANC - INTERNATIONAL MONETARY MARKET,1998-10-06,31097,4472,1312.0,756.0,65316,4085.0,26625,556.0
SWISS FRANC - INTERNATIONAL MONETARY MARKET,1998-10-13,27815,1938,-3282.0,-2534.0,57595,-7721.0,25877,-748.0
SWISS FRANC - INTERNATIONAL MONETARY MARKET,1998-10-20,27237,2778,-578.0,840.0,55397,-2198.0,24459,-1418.0
SWISS FRANC - INTERNATIONAL MONETARY MARKET,1998-10-27,25213,2377,-2024.0,-401.0,53439,-1958.0,22836,-1623.0
SWISS FRANC - INTERNATIONAL MONETARY MARKET,1998-11-03,20220,2894,-4993.0,517.0,47107,-6332.0,17326,-5510.0
SWISS FRANC - INTERNATIONAL MONETARY MARKET,1998-11-10,6102,9056,-14118.0,6162.0,43526,-3581.0,-2954,-20280.0
SWISS FRANC - INTERNATIONAL MONETARY MARKET,1998-11-17,6114,5176,12.0,-3880.0,37992,-5534.0,938,3892.0
SWISS FRANC - INTERNATIONAL MONETARY MARKET,1998-11-24,6472,10750,358.0,5574.0,48642,10650.0,-4278,-5216.0
SWISS FRANC - INTERNATIONAL MONETARY MARKET,1998-12-01,1250,13396,-5222.0,2646.0,53014,4372.0,-12146,-7868.0
SWISS FRANC - INTERNATIONAL MONETARY MARKET,1998-12-08,4207,11573,2957.0,-1823.0,56017,3003.0,-7366,4780.0
SWISS FRANC - INTERNATIONAL MONETARY MARKET,1998-12-15,14153,2922,9946.0,-8651.0,35533,-20484.0,11231,18597.0
SWISS FRANC - INTERNATIONAL MONETARY MARKET,1998-12-22,10816,2472,-3337.0,-450.0,34227,-1306.0,8344,-2887.0
SWISS FRANC - INTERNATIONAL MONETARY MARKET,1998-12-29,9645,2526,-1171.0,54.0,27894,-6333.0,7119,-1225.0
SWISS FRANC - INTERNATIONAL MONETARY MARKET,1999-01-05,6156,2865,-3489.0,339.0,28162,268.0,3291,-3828.0
SWISS FRANC - INTERNATIONAL MONETARY MARKET,1999-01-12,5154,5639,-1002.0,2774.0,34499,6337.0,-485,-3776.0
SWISS FRANC - INTERNATIONAL MONETARY MARKET,1999-01-19,9619,4776,4465.0,-863.0,39551,5052.0,4843,5328.0
SWISS FRANC - INTERNATIONAL MONETARY MARKET,1999-01-26,9612,7493,-7.0,2717.0,39925,374.0,2119,-2724.0
SWISS FRANC - INTERNATIONAL MONETARY MARKET,1999-02-02,1856,17649,-7756.0,10156.0,55423,15498.0,-15793,-17912.0
SWISS FRANC - INTERNATIONAL MONETARY MARKET,1999-02-09,2049,19588,193.0,1939.0,57841,2418.0,-17539,-1746.0
SWISS FRANC - INTERNATIONAL MONETARY MARKET,1999-02-16,2360,20588,311.0,1000.0,58906,1065.0,-18228,-689.0
SWISS FRANC - INTERNATIONAL MONETARY MARKET,1999-02-23,4265,27807,1905.0,7219.0,58818,-88.0,-23542,-5314.0
SWISS FRANC - INTERNATIONAL MONETARY MARKET,1999-03-02,2252,29841,-2013.0,2034.0,62783,3965.0,-27589,-4047.0
SWISS FRANC - INTERNATIONAL MONETARY MARKET,1999-03-09,3058,32031,806.0,2190.0,77118,14335.0,-28973,-1384.0
SWISS FRANC - INTERNATIONAL MONETARY MARKET,1999-03-16,653,32740,-2405.0,709.0,58225,-18893.0,-32087,-3114.0
SWISS FRANC - INTERNATIONAL MONETARY MARKET,1999-03-23,1580,33725,927.0,985.0,59773,1548.0,-32145,-58.0
SWISS FRANC - INTERNATIONAL MONETARY MARKET,1999-03-30,848,37178,-732.0,3453.0,65132,5359.0,-36330,-4185.0
SWISS FRANC - INTERNATIONAL MONETARY MARKET,1999-04-06,250,34356,-598.0,-2822.0,60305,-4827.0,-34106,2224.0
SWISS FRANC - INTERNATIONAL MONETARY MARKET,1999-04-13,400,34887,150.0,531.0,61762,1457.0,-34487,-381.0
SWISS FRANC - INTERNATIONAL MONETARY MARKET,1999-04-20,920,40832,520.0,5945.0,69739,7977.0,-39912,-5425.0
SWISS FRANC - INTERNATIONAL MONETARY MARKET,1999-04-27,1308,46645,388.0,5813.0,72793,3054.0,-45337,-5425.0
SWISS FRANC - INTERNATIONAL MONETARY MARKET,1999-05-04,2081,54553,773.0,7908.0,79764,6971.0,-52472,-7135.0
SWISS FRANC - INTERNATIONAL MONETARY MARKET,1999-05-11,2026,40213,-55.0,-14340.0,69202,-10562.0,-38187,14285.0
SWISS FRANC - INTERNATIONAL MONETARY MARKET,1999-05-18,1137,44487,-889.0,4274.0,72148,2946.0,-43350,-5163.0
SWISS FRANC - INTERNATIONAL MONETARY MARKET,1999-05-25,1730,32345,593.0,-12142.0,72256,108.0,-30615,12735.0
SWISS FRANC - INTERNATIONAL MONETARY MARKET,1999-06-01,820,34555,-910.0,2210.0,78503,6247.0,-33735,-3120.0
SWISS FRANC - INTERNATIONAL MONETARY MARKET,1999-06-08,1400,36991,580.0,2436.0,93143,14640.0,-35591,-1856.0
SWISS FRANC - INTERNATIONAL MONETARY MARKET,1999-06-15,1560,35052,160.0,-1939.0,60005,-33138.0,-33492,2099.0
SWISS FRANC - INTERNATIONAL MONETARY MARKET,1999-06-22,1754,36481,194.0,1429.0,61728,1723.0,-34727,-1235.0
SWISS FRANC - INTERNATIONAL MONETARY MARKET,1999-06-29,1091,37974,-663.0,1493.0,62864,1136.0,-36883,-2156.0
SWISS FRANC - INTERNATIONAL MONETARY MARKET,1999-07-06,2595,42832,1504.0,4858.0,70429,7565.0,-40237,-3354.0
SWISS FRANC - INTERNATIONAL MONETARY MARKET,1999-07-13,3081,39765,486.0,-3067.0,68746,-1683.0,-36684,3553.0
SWISS FRANC - INTERNATIONAL MONETARY MARKET,1999-07-20,4720,38121,1639.0,-1644.0,64112,-4634.0,-33401,3283.0
SWISS FRANC - INTERNATIONAL MONETARY MARKET,1999-07-27,16415,8919,11695.0,-29202.0,62785,-1327.0,7496,40897.0
SWISS FRANC - INTERNATIONAL MONETARY MARKET,1999-08-03,23162,8024,6747.0,-895.0,68452,5667.0,15138,7642.0
SWISS FRANC - INTERNATIONAL MONETARY MARKET,1999-08-10,25467,8372,2305.0,348.0,71229,2777.0,17095,1957.0
SWISS FRANC - INTERNATIONAL MONETARY MARKET,1999-08-17,21493,9938,-3974.0,1566.0,70619,-610.0,11555,-5540.0
SWISS FRANC - INTERNATIONAL MONETARY MARKET,1999-08-24,21155,11694,-338.0,1756.0,74192,3573.0,9461,-2094.0
SWISS FRANC - INTERNATIONAL MONETARY MARKET,1999-08-31,17718,10376,-3437.0,-1318.0,75421,1229.0,7342,-2119.0
SWISS FRANC - INTERNATIONAL MONETARY MARKET,1999-09-07,21796,8734,4078.0,-1642.0,83443,8022.0,13062,5720.0
SWISS FRANC - INTERNATIONAL MONETARY MARKET,1999-09-14,6552,10146,-15244.0,1412.0,39524,-43919.0,-3594,-16656.0
SWISS FRANC - INTERNATIONAL MONETARY MARKET,1999-09-21,5941,16362,-611.0,6216.0,42875,3351.0,-10421,-6827.0
SWISS FRANC - INTERNATIONAL MONETARY MARKET,1999-09-28,6355,13939,414.0,-2423.0,46310,3435.0,-7584,2837.0
SWISS FRANC - INTERNATIONAL MONETARY MARKET,1999-10-05,17308,6614,10953.0,-7325.0,52712,6402.0,10694,18278.0
SWISS FRANC - INTERNATIONAL MONETARY MARKET,1999-10-12,31090,5759,13782.0,-855.0,61768,9056.0,25331,14637.0
SWISS FRANC - INTERNATIONAL MONETARY MARKET,1999-10-19,48332,3688,17242.0,-2071.0,77098,15330.0,44644,19313.0
SWISS FRANC - INTERNATIONAL MONETARY MARKET,1999-10-26,34793,1214,-13539.0,-2474.0,66055,-11043.0,33579,-11065.0
SWISS FRANC - INTERNATIONAL MONETARY MARKET,1999-11-02,16429,5236,-18364.0,4022.0,57593,-8462.0,11193,-22386.0
SWISS FRANC - INTERNATIONAL MONETARY MARKET,1999-11-09,7878,24497,-8551.0,19261.0,66209,8616.0,-16619,-27812.0
SWISS FRANC - INTERNATIONAL MONETARY MARKET,1999-11-16,6425,25822,-1453.0,1325.0,70282,4073.0,-19397,-2778.0
SWISS FRANC - INTERNATIONAL MONETARY MARKET,1999-11-23,6986,27940,561.0,2118.0,70368,86.0,-20954,-1557.0
SWISS FRANC - INTERNATIONAL MONETARY MARKET,1999-11-30,9811,32543,2825.0,4603.0,73971,3603.0,-22732,-1778.0
SWISS FRANC - INTERNATIONAL MONETARY MARKET,1999-12-07,4902,23083,-4909.0,-9460.0,88422,14451.0,-18181,4551.0
SWISS FRANC - INTERNATIONAL MONETARY MARKET,1999-12-14,3187,15913,-1715.0,-7170.0,46156,-42266.0,-12726,5455.0
SWISS FRANC - INTERNATIONAL MONETARY MARKET,1999-12-21,3574,15360,387.0,-553.0,43769,-2387.0,-11786,940.0
SWISS FRANC - INTERNATIONAL MONETARY MARKET,1999-12-28,3680,17035,106.0,1675.0,44834,1065.0,-13355,-1569.0
SWISS FRANC - INTERNATIONAL MONETARY MARKET,2000-01-04,3924,13839,244.0,-3196.0,43280,-1554.0,-9915,3440.0
SWISS FRANC - INTERNATIONAL MONETARY MARKET,2000-01-11,10610,10664,6686.0,-3175.0,49828,6548.0,-54,9861.0
SWISS FRANC - INTERNATIONAL MONETARY MARKET,2000-01-18,9553,19560,-1057.0,8896.0,57549,7721.0,-10007,-9953.0
SWISS FRANC - INTERNATIONAL MONETARY MARKET,2000-01-25,3530,24041,-6023.0,4481.0,60956,3407.0,-20511,-10504.0
SWISS FRANC - INTERNATIONAL MONETARY MARKET,2000-02-01,981,33394,-2549.0,9353.0,68474,7518.0,-32413,-11902.0
SWISS FRANC - INTERNATIONAL MONETARY MARKET,2000-02-08,1905,33431,924.0,37.0,70946,2472.0,-31526,887.0
SWISS FRANC - INTERNATIONAL MONETARY MARKET,2000-02-15,2726,30313,821.0,-3118.0,69682,-1264.0,-27587,3939.0
SWISS FRANC - INTERNATIONAL MONETARY MARKET,2000-02-22,5776,24513,3050.0,-5800.0,68268,-1414.0,-18737,8850.0
SWISS FRANC - INTERNATIONAL MONETARY MARKET,2000-02-29,1703,28415,-4073.0,3902.0,69567,1299.0,-26712,-7975.0
SWISS FRANC - INTERNATIONAL MONETARY MARKET,2000-03-07,1798,28066,95.0,-349.0,73487,3920.0,-26268,444.0
SWISS FRANC - INTERNATIONAL MONETARY MARKET,2000-03-14,869,25943,-929.0,-2123.0,46462,-27025.0,-25074,1194.0
SWISS FRANC - INTERNATIONAL MONETARY MARKET,2000-03-21,895,28498,26.0,2555.0,48014,1552.0,-27603,-2529.0
SWISS FRANC - INTERNATIONAL MONETARY MARKET,2000-03-28,3079,14645,2184.0,-13853.0,39624,-8390.0,-11566,16037.0
SWISS FRANC - INTERNATIONAL MONETARY MARKET,2000-04-04,3885,13560,806.0,-1085.0,39166,-458.0,-9675,1891.0
SWISS FRANC - INTERNATIONAL MONETARY MARKET,2000-04-11,3735,13363,-150.0,-197.0,40415,1249.0,-9628,47.0
SWISS FRANC - INTERNATIONAL MONETARY MARKET,2000-04-18,2771,16245,-964.0,2882.0,41355,940.0,-13474,-3846.0
SWISS FRANC - INTERNATIONAL MONETARY MARKET,2000-04-25,1775,19394,-996.0,3149.0,44731,3376.0,-17619,-4145.0
SWISS FRANC - INTERNATIONAL MONETARY MARKET,2000-05-02,1491,20164,-284.0,770.0,44747,16.0,-18673,-1054.0
SWISS FRANC - INTERNATIONAL MONETARY MARKET,2000-05-09,1827,22566,336.0,2402.0,46044,1297.0,-20739,-2066.0
SWISS FRANC - INTERNATIONAL MONETARY MARKET,2000-05-16,513,19745,-1314.0,-2821.0,44802,-1242.0,-19232,1507.0
SWISS FRANC - INTERNATIONAL MONETARY MARKET,2000-05-23,1061,19046,548.0,-699.0,47495,2693.0,-17985,1247.0
SWISS FRANC - INTERNATIONAL MONETARY MARKET,2000-05-30,1659,11935,598.0,-7111.0,43436,-4059.0,-10276,7709.0
SWISS FRANC - INTERNATIONAL MONETARY MARKET,2000-06-06,2740,5164,1081.0,-6771.0,40281,-3155.0,-2424,7852.0
SWISS FRANC - INTERNATIONAL MONETARY MARKET,2000-06-13,10451,1506,7711.0,-3658.0,48130,7849.0,8945,11369.0
SWISS FRANC - INTERNATIONAL MONETARY MARKET,2000-06-20,10376,0,-75.0,-1506.0,35076,-13054.0,10376,1431.0
SWISS FRANC - INTERNATIONAL MONETARY MARKET,2000-06-27,8015,0,-2361.0,0.0,32663,-2413.0,8015,-2361.0
SWISS FRANC - INTERNATIONAL MONETARY MARKET,2000-07-05,8702,0,687.0,0.0,36413,3750.0,8702,687.0
SWISS FRANC - INTERNATIONAL MONETARY MARKET,2000-07-11,10607,1147,1905.0,1147.0,35282,-1131.0,9460,758.0
SWISS FRANC - INTERNATIONAL MONETARY MARKET,2000-07-18,6858,5472,-3749.0,4325.0,39293,4011.0,1386,-8074.0
SWISS FRANC - INTERNATIONAL MONETARY MARKET,2000-07-25,1956,4316,-4902.0,-1156.0,38246,-1047.0,-2360,-3746.0
SWISS FRANC - INTERNATIONAL MONETARY MARKET,2000-08-01,2059,4966,103.0,650.0,37775,-471.0,-2907,-547.0
SWISS FRANC - INTERNATIONAL MONETARY MARKET,2000-08-08,456,17451,-1603.0,12485.0,49510,11735.0,-16995,-14088.0
SWISS FRANC - INTERNATIONAL MONETARY MARKET,2000-08-15,465,17384,9.0,-67.0,51065,1555.0,-16919,76.0
SWISS FRANC - INTERNATIONAL MONETARY MARKET,2000-08-22,17,21507,-448.0,4123.0,55008,3943.0,-21490,-4571.0
SWISS FRANC - CHICAGO MERCANTILE EXCHANGE,2000-08-29,0,21678,-17.0,171.0,54174,-834.0,-21678,-188.0
SWISS FRANC - CHICAGO MERCANTILE EXCHANGE,2000-09-05,35,21899,35.0,221.0,60790,6616.0,-21864,-186.0
SWISS FRANC - CHICAGO MERCANTILE EXCHANGE,2000-09-12,0,22852,-35.0,953.0,67266,6476.0,-22852,-988.0
SWISS FRANC - CHICAGO MERCANTILE EXCHANGE,2000-09-19,710,23091,710.0,239.0,47704,-19562.0,-22381,471.0
SWISS FRANC - CHICAGO MERCANTILE EXCHANGE,2000-09-26,1211,16988,501.0,-6103.0,43443,-4261.0,-15777,6604.0
SWISS FRANC - CHICAGO MERCANTILE EXCHANGE,2000-10-03,1611,16943,400.0,-45.0,42626,-817.0,-15332,445.0
SWISS FRANC - CHICAGO MERCANTILE EXCHANGE,2000-10-10,1924,15817,313.0,-1126.0,44566,1940.0,-13893,1439.0
SWISS FRANC - CHICAGO MERCANTILE EXCHANGE,2000-10-17,181,17693,-1743.0,1876.0,48582,4016.0,-17512,-3619.0
SWISS FRANC - CHICAGO MERCANTILE EXCHANGE,2000-10-24,181,18186,0.0,493.0,49114,532.0,-18005,-493.0
SWISS FRANC - CHICAGO MERCANTILE EXCHANGE,2000-10-31,524,17817,343.0,-369.0,51334,2220.0,-17293,712.0
SWISS FRANC - CHICAGO MERCANTILE EXCHANGE,2000-11-07,1000,14199,476.0,-3618.0,48949,-2385.0,-13199,4094.0
SWISS FRANC - CHICAGO MERCANTILE EXCHANGE,2000-11-14,1684,14101,684.0,-98.0,48360,-589.0,-12417,782.0
SWISS FRANC - CHICAGO MERCANTILE EXCHANGE,2000-11-21,1236,15936,-448.0,1835.0,49098,738.0,-14700,-2283.0
SWISS FRANC - CHICAGO MERCANTILE EXCHANGE,2000-11-28,1275,12438,39.0,-3498.0,49675,577.0,-11163,3537.0
SWISS FRANC - CHICAGO MERCANTILE EXCHANGE,2000-12-05,8363,3238,7088.0,-9200.0,55840,6165.0,5125,16288.0
SWISS FRANC - CHICAGO MERCANTILE EXCHANGE,2000-12-12,12326,3237,3963.0,-1.0,64186,8346.0,9089,3964.0
SWISS FRANC - CHICAGO MERCANTILE EXCHANGE,2000-12-19,12627,3787,301.0,550.0,40067,-24119.0,8840,-249.0
SWISS FRANC - CHICAGO MERCANTILE EXCHANGE,2000-12-26,13366,2212,739.0,-1575.0,43449,3382.0,11154,2314.0
SWISS FRANC - CHICAGO MERCANTILE EXCHANGE,2001-01-02,13683,2197,317.0,-15.0,47926,4477.0,11486,332.0
SWISS FRANC - CHICAGO MERCANTILE EXCHANGE,2001-01-09,14003,2044,320.0,-153.0,48022,96.0,11959,473.0
SWISS FRANC - CHICAGO MERCANTILE EXCHANGE,2001-01-16,15468,2155,1465.0,111.0,49883,1861.0,13313,1354.0
SWISS FRANC - CHICAGO MERCANTILE EXCHANGE,2001-01-23,15721,2053,253.0,-102.0,52944,3061.0,13668,355.0
SWISS FRANC - CHICAGO MERCANTILE EXCHANGE,2001-01-30,13453,2616,-2268.0,563.0,51103,-1841.0,10837,-2831.0
SWISS FRANC - CHICAGO MERCANTILE EXCHANGE,2001-02-06,11447,3022,-2006.0,406.0,46904,-4199.0,8425,-2412.0
SWISS FRANC - CHICAGO MERCANTILE EXCHANGE,2001-02-13,10124,2537,-1323.0,-485.0,45106,-1798.0,7587,-838.0
SWISS FRANC - CHICAGO MERCANTILE EXCHANGE,2001-02-20,2548,3881,-7576.0,1344.0,41578,-3528.0,-1333,-8920.0
SWISS FRANC - CHICAGO MERCANTILE EXCHANGE,2001-02-27,3293,5385,745.0,1504.0,41691,113.0,-2092,-759.0
SWISS FRANC - CHICAGO MERCANTILE EXCHANGE,2001-03-06,5879,5683,2586.0,298.0,44450,2759.0,196,2288.0
SWISS FRANC - CHICAGO MERCANTILE EXCHANGE,2001-03-13,6135,8053,256.0,2370.0,48823,4373.0,-1918,-2114.0
SWISS FRANC - CHICAGO MERCANTILE EXCHANGE,2001-03-20,1352,15982,-4783.0,7929.0,38504,-10319.0,-14630,-12712.0
SWISS FRANC - CHICAGO MERCANTILE EXCHANGE,2001-03-27,900,15931,-452.0,-51.0,42018,3514.0,-15031,-401.0
SWISS FRANC - CHICAGO MERCANTILE EXCHANGE,2001-04-03,860,16176,-40.0,245.0,40219,-1799.0,-15316,-285.0
SWISS FRANC - CHICAGO MERCANTILE EXCHANGE,2001-04-10,752,16313,-108.0,137.0,40762,543.0,-15561,-245.0
SWISS FRANC - CHICAGO MERCANTILE EXCHANGE,2001-04-17,257,17002,-495.0,689.0,41101,339.0,-16745,-1184.0
SWISS FRANC - CHICAGO MERCANTILE EXCHANGE,2001-04-24,274,18296,17.0,1294.0,43310,2209.0,-18022,-1277.0
SWISS FRANC - CHICAGO MERCANTILE EXCHANGE,2001-05-01,457,21145,183.0,2849.0,46595,3285.0,-20688,-2666.0
SWISS FRANC - CHICAGO MERCANTILE EXCHANGE,2001-05-08,1674,22098,1217.0,953.0,51497,4902.0,-20424,264.0
SWISS FRANC - CHICAGO MERCANTILE EXCHANGE,2001-05-15,3493,25490,1819.0,3392.0,55039,3542.0,-21997,-1573.0
SWISS FRANC - CHICAGO MERCANTILE EXCHANGE,2001-05-22,3002,27345,-491.0,1855.0,57644,2605.0,-24343,-2346.0
SWISS FRANC - CHICAGO MERCANTILE EXCHANGE,2001-05-29,2901,26605,-101.0,-740.0,57880,236.0,-23704,639.0
SWISS FRANC - CHICAGO MERCANTILE EXCHANGE,2001-06-05,3395,26737,494.0,132.0,59218,1338.0,-23342,362.0
SWISS FRANC - CHICAGO MERCANTILE EXCHANGE,2001-06-12,3713,25482,318.0,-1255.0,78819,19601.0,-21769,1573.0
SWISS FRANC - CHICAGO MERCANTILE EXCHANGE,2001-06-19,2256,20748,-1457.0,-4734.0,44886,-33933.0,-18492,3277.0
SWISS FRANC - CHICAGO MERCANTILE EXCHANGE,2001-06-26,1837,19198,-419.0,-1550.0,45280,394.0,-17361,1131.0
SWISS FRANC - CHICAGO MERCANTILE EXCHANGE,2001-07-03,2215,30630,378.0,11432.0,59127,13847.0,-28415,-11054.0
SWISS FRANC - CHICAGO MERCANTILE EXCHANGE,2001-07-10,2254,28572,39.0,-2058.0,57247,-1880.0,-26318,2097.0
SWISS FRANC - CHICAGO MERCANTILE EXCHANGE,2001-07-17,2508,20626,254.0,-7946.0,49243,-8004.0,-18118,8200.0
SWISS FRANC - CHICAGO MERCANTILE EXCHANGE,2001-07-24,11660,6833,9152.0,-13793.0,52242,2999.0,4827,22945.0
SWISS FRANC - CHICAGO MERCANTILE EXCHANGE,2001-07-31,12633,5964,973.0,-869.0,51045,-1197.0,6669,1842.0
SWISS FRANC - CHICAGO MERCANTILE EXCHANGE,2001-08-07,16351,5352,3718.0,-612.0,55078,4033.0,10999,4330.0
SWISS FRANC - CHICAGO MERCANTILE EXCHANGE,2001-08-14,20155,3024,3804.0,-2328.0,60467,5389.0,17131,6132.0
SWISS FRANC - CHICAGO MERCANTILE EXCHANGE,2001-08-21,21545,842,1390.0,-2182.0,63620,3153.0,20703,3572.0
SWISS FRANC - CHICAGO MERCANTILE EXCHANGE,2001-08-28,21578,1399,33.0,557.0,64979,1359.0,20179,-524.0
SWISS FRANC - CHICAGO MERCANTILE EXCHANGE,2001-09-04,18879,3517,-2699.0,2118.0,63213,-1766.0,15362,-4817.0
SWISS FRANC - CHICAGO MERCANTILE EXCHANGE,2001-09-10,17375,2609,-1504.0,-908.0,67436,4223.0,14766,-596.0
SWISS FRANC - CHICAGO MERCANTILE EXCHANGE,2001-09-18,22112,444,4737.0,-2165.0,49670,-17766.0,21668,6902.0
SWISS FRANC - CHICAGO MERCANTILE EXCHANGE,2001-09-25,19377,1038,-2735.0,594.0,48890,-780.0,18339,-3329.0
SWISS FRANC - CHICAGO MERCANTILE EXCHANGE,2001-10-02,18013,855,-1364.0,-183.0,48429,-461.0,17158,-1181.0
SWISS FRANC - CHICAGO MERCANTILE EXCHANGE,2001-10-09,18420,1338,407.0,483.0,48135,-294.0,17082,-76.0
SWISS FRANC - CHICAGO MERCANTILE EXCHANGE,2001-10-16,17914,953,-506.0,-385.0,47839,-296.0,16961,-121.0
SWISS FRANC - CHICAGO MERCANTILE EXCHANGE,2001-10-23,14717,5274,-3197.0,4321.0,49156,1317.0,9443,-7518.0
SWISS FRANC - CHICAGO MERCANTILE EXCHANGE,2001-10-30,16826,4397,2109.0,-877.0,52732,3576.0,12429,2986.0
SWISS FRANC - CHICAGO MERCANTILE EXCHANGE,2001-11-06,15330,3294,-1496.0,-1103.0,53393,661.0,12036,-393.0
SWISS FRANC - CHICAGO MERCANTILE EXCHANGE,2001-11-13,12389,7170,-2941.0,3876.0,55854,2461.0,5219,-6817.0
SWISS FRANC - CHICAGO MERCANTILE EXCHANGE,2001-11-20,8473,8234,-3916.0,1064.0,51800,-4054.0,239,-4980.0
SWISS FRANC - CHICAGO MERCANTILE EXCHANGE,2001-11-27,6369,10953,-2104.0,2719.0,53351,1551.0,-4584,-4823.0
SWISS FRANC - CHICAGO MERCANTILE EXCHANGE,2001-12-04,6330,6535,-39.0,-4418.0,51077,-2274.0,-205,4379.0
SWISS FRANC - CHICAGO MERCANTILE EXCHANGE,2001-12-11,4786,5252,-1544.0,-1283.0,56869,5792.0,-466,-261.0
SWISS FRANC - CHICAGO MERCANTILE EXCHANGE,2001-12-18,10882,3749,6096.0,-1503.0,34232,-22637.0,7133,7599.0
SWISS FRANC - CHICAGO MERCANTILE EXCHANGE,2001-12-21,7322,5072,-3560.0,1323.0,31069,-3163.0,2250,-4883.0
SWISS FRANC - CHICAGO MERCANTILE EXCHANGE,2001-12-28,2139,11578,-5183.0,6506.0,34855,3786.0,-9439,-11689.0
SWISS FRANC - CHICAGO MERCANTILE EXCHANGE,2002-01-08,2120,7985,-19.0,-3593.0,27704,-7151.0,-5865,3574.0
SWISS FRANC - CHICAGO MERCANTILE EXCHANGE,2002-01-15,2837,11857,717.0,3872.0,35162,7458.0,-9020,-3155.0
SWISS FRANC - CHICAGO MERCANTILE EXCHANGE,2002-01-22,4710,8656,1873.0,-3201.0,33536,-1626.0,-3946,5074.0
SWISS FRANC - CHICAGO MERCANTILE EXCHANGE,2002-01-29,1943,20313,-2767.0,11657.0,46672,13136.0,-18370,-14424.0
SWISS FRANC - CHICAGO MERCANTILE EXCHANGE,2002-02-05,2042,15999,99.0,-4314.0,44628,-2044.0,-13957,4413.0
SWISS FRANC - CHICAGO MERCANTILE EXCHANGE,2002-02-12,2406,16732,364.0,733.0,42496,-2132.0,-14326,-369.0
SWISS FRANC - CHICAGO MERCANTILE EXCHANGE,2002-02-19,4406,16636,2000.0,-96.0,43256,760.0,-12230,2096.0
SWISS FRANC - CHICAGO MERCANTILE EXCHANGE,2002-02-26,3343,18242,-1063.0,1606.0,44593,1337.0,-14899,-2669.0
SWISS FRANC - CHICAGO MERCANTILE EXCHANGE,2002-03-05,1825,14770,-1518.0,-3472.0,45641,1048.0,-12945,1954.0
SWISS FRANC - CHICAGO MERCANTILE EXCHANGE,2002-03-12,3056,11092,1231.0,-3678.0,54877,9236.0,-8036,4909.0
SWISS FRANC - CHICAGO MERCANTILE EXCHANGE,2002-03-19,3593,10148,537.0,-944.0,31147,-23730.0,-6555,1481.0
SWISS FRANC - CHICAGO MERCANTILE EXCHANGE,2002-03-26,6042,10299,2449.0,151.0,33558,2411.0,-4257,2298.0
SWISS FRANC - CHICAGO MERCANTILE EXCHANGE,2002-04-02,8992,10733,2950.0,434.0,34709,1151.0,-1741,2516.0
SWISS FRANC - CHICAGO MERCANTILE EXCHANGE,2002-04-09,4164,10704,-4828.0,-29.0,30241,-4468.0,-6540,-4799.0
SWISS FRANC - CHICAGO MERCANTILE EXCHANGE,2002-04-16,6948,10465,2784.0,-239.0,32812,2571.0,-3517,3023.0
SWISS FRANC - CHICAGO MERCANTILE EXCHANGE,2002-04-23,13604,6834,6656.0,-3631.0,43483,10671.0,6770,10287.0
SWISS FRANC - CHICAGO MERCANTILE EXCHANGE,2002-04-30,19662,4555,6058.0,-2279.0,53449,9966.0,15107,8337.0
SWISS FRANC - CHICAGO MERCANTILE EXCHANGE,2002-05-07,19765,4091,103.0,-464.0,55906,2457.0,15674,567.0
SWISS FRANC - CHICAGO MERCANTILE EXCHANGE,2002-05-14,16917,3602,-2848.0,-489.0,53559,-2347.0,13315,-2359.0
SWISS FRANC - CHICAGO MERCANTILE EXCHANGE,2002-05-21,17652,3831,735.0,229.0,54273,714.0,13821,506.0
SWISS FRANC - CHICAGO MERCANTILE EXCHANGE,2002-05-28,15620,3632,-2032.0,-199.0,55255,982.0,11988,-1833.0
SWISS FRANC - CHICAGO MERCANTILE EXCHANGE,2002-06-04,14226,4204,-1394.0,572.0,54699,-556.0,10022,-1966.0
SWISS FRANC - CHICAGO MERCANTILE EXCHANGE,2002-06-11,15115,2640,889.0,-1564.0,61771,7072.0,12475,2453.0
SWISS FRANC - CHICAGO MERCANTILE EXCHANGE,2002-06-18,16830,2430,1715.0,-210.0,41808,-19963.0,14400,1925.0
SWISS FRANC - CHICAGO MERCANTILE EXCHANGE,2002-06-25,16138,1618,-692.0,-812.0,42093,285.0,14520,120.0
SWISS FRANC - CHICAGO MERCANTILE EXCHANGE,2002-07-02,14447,1274,-1691.0,-344.0,41514,-579.0,13173,-1347.0
SWISS FRANC - CHICAGO MERCANTILE EXCHANGE,2002-07-09,13414,1016,-1033.0,-258.0,40306,-1208.0,12398,-775.0
SWISS FRANC - CHICAGO MERCANTILE EXCHANGE,2002-07-16,14649,564,1235.0,-452.0,43504,3198.0,14085,1687.0
SWISS FRANC - CHICAGO MERCANTILE EXCHANGE,2002-07-23,13114,0,-1535.0,-564.0,43471,-33.0,13114,-971.0
SWISS FRANC - CHICAGO MERCANTILE EXCHANGE,2002-07-30,8888,729,-4226.0,729.0,38202,-5269.0,8159,-4955.0
SWISS FRANC - CHICAGO MERCANTILE EXCHANGE,2002-08-06,8571,2084,-317.0,1355.0,40136,1934.0,6487,-1672.0
SWISS FRANC - CHICAGO MERCANTILE EXCHANGE,2002-08-13,8339,787,-232.0,-1297.0,36637,-3499.0,7552,1065.0
SWISS FRANC - CHICAGO MERCANTILE EXCHANGE,2002-08-20,8139,1916,-200.0,1129.0,37675,1038.0,6223,-1329.0
SWISS FRANC - CHICAGO MERCANTILE EXCHANGE,2002-08-27,10848,909,2709.0,-1007.0,41038,3363.0,9939,3716.0
SWISS FRANC - CHICAGO MERCANTILE EXCHANGE,2002-09-03,12597,1666,1749.0,757.0,43187,2149.0,10931,992.0
SWISS FRANC - CHICAGO MERCANTILE EXCHANGE,2002-09-10,12296,2062,-301.0,396.0,45547,2360.0,10234,-697.0
SWISS FRANC - CHICAGO MERCANTILE EXCHANGE,2002-09-17,1841,7745,-10455.0,5683.0,31372,-14175.0,-5904,-16138.0
SWISS FRANC - CHICAGO MERCANTILE EXCHANGE,2002-09-24,3208,6282,1367.0,-1463.0,29978,-1394.0,-3074,2830.0
SWISS FRANC - CHICAGO MERCANTILE EXCHANGE,2002-10-01,7551,5446,4343.0,-836.0,34820,4842.0,2105,5179.0
SWISS FRANC - CHICAGO MERCANTILE EXCHANGE,2002-10-08,2931,6525,-4620.0,1079.0,32344,-2476.0,-3594,-5699.0
SWISS FRANC - CHICAGO MERCANTILE EXCHANGE,2002-10-15,3441,6439,510.0,-86.0,34794,2450.0,-2998,596.0
SWISS FRANC - CHICAGO MERCANTILE EXCHANGE,2002-10-22,1589,7744,-1852.0,1305.0,34064,-730.0,-6155,-3157.0
SWISS FRANC - CHICAGO MERCANTILE EXCHANGE,2002-10-29,7172,5495,5583.0,-2249.0,39726,5662.0,1677,7832.0
SWISS FRANC - CHICAGO MERCANTILE EXCHANGE,2002-11-05,15086,4536,7914.0,-959.0,46457,6731.0,10550,8873.0
SWISS FRANC - CHICAGO MERCANTILE EXCHANGE,2002-11-12,20436,3195,5350.0,-1341.0,54699,8242.0,17241,6691.0
SWISS FRANC - CHICAGO MERCANTILE EXCHANGE,2002-11-19,18695,3568,-1741.0,373.0,51854,-2845.0,15127,-2114.0
SWISS FRANC - CHICAGO MERCANTILE EXCHANGE,2002-11-26,9482,3475,-9213.0,-93.0,39113,-12741.0,6007,-9120.0
SWISS FRANC - CHICAGO MERCANTILE EXCHANGE,2002-12-03,8857,3549,-625.0,74.0,41297,2184.0,5308,-699.0
SWISS FRANC - CHICAGO MERCANTILE EXCHANGE,2002-12-10,12617,3584,3760.0,35.0,56438,15141.0,9033,3725.0
SWISS FRANC - CHICAGO MERCANTILE EXCHANGE,2002-12-17,21932,2737,9315.0,-847.0,45822,-10616.0,19195,10162.0
SWISS FRANC - CHICAGO MERCANTILE EXCHANGE,2002-12-23,23980,2157,2048.0,-580.0,48996,3174.0,21823,2628.0
SWISS FRANC - CHICAGO MERCANTILE EXCHANGE,2002-12-31,24829,1576,849.0,-581.0,50293,1297.0,23253,1430.0
SWISS FRANC - CHICAGO MERCANTILE EXCHANGE,2003-01-07,24392,1342,-437.0,-234.0,51474,1181.0,23050,-203.0
SWISS FRANC - CHICAGO MERCANTILE EXCHANGE,2003-01-14,26106,3076,1714.0,1734.0,54413,2939.0,23030,-20.0
SWISS FRANC - CHICAGO MERCANTILE EXCHANGE,2003-01-21,29457,2778,3351.0,-298.0,60220,5807.0,26679,3649.0
SWISS FRANC - CHICAGO MERCANTILE EXCHANGE,2003-01-28,27506,2042,-1951.0,-736.0,57912,-2308.0,25464,-1215.0
SWISS FRANC - CHICAGO MERCANTILE EXCHANGE,2003-02-04,29146,3400,1640.0,1358.0,62069,4157.0,25746,282.0
SWISS FRANC - CHICAGO MERCANTILE EXCHANGE,2003-02-11,21871,1584,-7275.0,-1816.0,57566,-4503.0,20287,-5459.0
SWISS FRANC - CHICAGO MERCANTILE EXCHANGE,2003-02-18,17243,2737,-4628.0,1153.0,55430,-2136.0,14506,-5781.0
SWISS FRANC - CHICAGO MERCANTILE EXCHANGE,2003-02-25,18644,2801,1401.0,64.0,56247,817.0,15843,1337.0
SWISS FRANC - CHICAGO MERCANTILE EXCHANGE,2003-03-04,21912,1684,3268.0,-1117.0,65297,9050.0,20228,4385.0
SWISS FRANC - CHICAGO MERCANTILE EXCHANGE,2003-03-11,22469,1650,557.0,-34.0,76795,11498.0,20819,591.0
SWISS FRANC - CHICAGO MERCANTILE EXCHANGE,2003-03-18,7649,2617,-14820.0,967.0,32564,-44231.0,5032,-15787.0
SWISS FRANC - CHICAGO MERCANTILE EXCHANGE,2003-03-25,5094,5537,-2555.0,2920.0,32336,-228.0,-443,-5475.0
SWISS FRANC - CHICAGO MERCANTILE EXCHANGE,2003-04-01,5945,3957,851.0,-1580.0,33917,1581.0,1988,2431.0
SWISS FRANC - CHICAGO MERCANTILE EXCHANGE,2003-04-08,3574,4794,-2371.0,837.0,36072,2155.0,-1220,-3208.0
SWISS FRANC - CHICAGO MERCANTILE EXCHANGE,2003-04-15,3703,5132,129.0,338.0,37084,1012.0,-1429,-209.0
SWISS FRANC - CHICAGO MERCANTILE EXCHANGE,2003-04-22,6280,8333,2577.0,3201.0,38778,1694.0,-2053,-624.0
SWISS FRANC - CHICAGO MERCANTILE EXCHANGE,2003-04-29,6251,6577,-29.0,-1756.0,39583,805.0,-326,1727.0
SWISS FRANC - CHICAGO MERCANTILE EXCHANGE,2003-05-06,19122,5631,12871.0,-946.0,48748,9165.0,13491,13817.0
SWISS FRANC - CHICAGO MERCANTILE EXCHANGE,2003-05-13,19927,4301,805.0,-1330.0,53657,4909.0,15626,2135.0
SWISS FRANC - CHICAGO MERCANTILE EXCHANGE,2003-05-20,22261,4272,2334.0,-29.0,56731,3074.0,17989,2363.0
SWISS FRANC - CHICAGO MERCANTILE EXCHANGE,2003-05-27,22826,2039,565.0,-2233.0,57565,834.0,20787,2798.0
SWISS FRANC - CHICAGO MERCANTILE EXCHANGE,2003-06-03,20431,4382,-2395.0,2343.0,56747,-818.0,16049,-4738.0
SWISS FRANC - CHICAGO MERCANTILE EXCHANGE,2003-06-10,19468,3328,-963.0,-1054.0,66764,10017.0,16140,91.0
SWISS FRANC - CHICAGO MERCANTILE EXCHANGE,2003-06-17,20750,2971,1282.0,-357.0,43746,-23018.0,17779,1639.0
SWISS FRANC - CHICAGO MERCANTILE EXCHANGE,2003-06-24,12193,3698,-8557.0,727.0,38511,-5235.0,8495,-9284.0
SWISS FRANC - CHICAGO MERCANTILE EXCHANGE,2003-07-01,6909,6530,-5284.0,2832.0,38413,-98.0,379,-8116.0
SWISS FRANC - CHICAGO MERCANTILE EXCHANGE,2003-07-08,3140,9239,-3769.0,2709.0,38622,209.0,-6099,-6478.0
SWISS FRANC - CHICAGO MERCANTILE EXCHANGE,2003-07-15,3194,12046,54.0,2807.0,41283,2661.0,-8852,-2753.0
SWISS FRANC - CHICAGO MERCANTILE EXCHANGE,2003-07-22,1855,10880,-1339.0,-1166.0,42920,1637.0,-9025,-173.0
SWISS FRANC - CHICAGO MERCANTILE EXCHANGE,2003-07-29,1984,10124,129.0,-756.0,44007,1087.0,-8140,885.0
SWISS FRANC - CHICAGO MERCANTILE EXCHANGE,2003-08-05,1082,9538,-902.0,-586.0,43306,-701.0,-8456,-316.0
SWISS FRANC - CHICAGO MERCANTILE EXCHANGE,2003-08-12,1556,11558,474.0,2020.0,43172,-134.0,-10002,-1546.0
SWISS FRANC - CHICAGO MERCANTILE EXCHANGE,2003-08-19,2032,21829,476.0,10271.0,55803,12631.0,-19797,-9795.0
SWISS FRANC - CHICAGO MERCANTILE EXCHANGE,2003-08-26,2669,22045,637.0,216.0,59642,3839.0,-19376,421.0
SWISS FRANC - CHICAGO MERCANTILE EXCHANGE,2003-09-02,2179,22268,-490.0,223.0,62339,2697.0,-20089,-713.0
SWISS FRANC - CHICAGO MERCANTILE EXCHANGE,2003-09-09,2134,18238,-45.0,-4030.0,69919,7580.0,-16104,3985.0
SWISS FRANC - CHICAGO MERCANTILE EXCHANGE,2003-09-16,600,20534,-1534.0,2296.0,43853,-26066.0,-19934,-3830.0
SWISS FRANC - CHICAGO MERCANTILE EXCHANGE,2003-09-23,3883,13386,3283.0,-7148.0,39097,-4756.0,-9503,10431.0
SWISS FRANC - CHICAGO MERCANTILE EXCHANGE,2003-09-30,10464,8877,6581.0,-4509.0,43199,4102.0,1587,11090.0
SWISS FRANC - CHICAGO MERCANTILE EXCHANGE,2003-10-07,14236,7170,3772.0,-1707.0,47583,4384.0,7066,5479.0
SWISS FRANC - CHICAGO MERCANTILE EXCHANGE,2003-10-14,21627,6729,7391.0,-441.0,54575,6992.0,14898,7832.0
SWISS FRANC - CHICAGO MERCANTILE EXCHANGE,2003-10-21,20045,8652,-1582.0,1923.0,56476,1901.0,11393,-3505.0
SWISS FRANC - CHICAGO MERCANTILE EXCHANGE,2003-10-28,20403,7304,358.0,-1348.0,58372,1896.0,13099,1706.0
SWISS FRANC - CHICAGO MERCANTILE EXCHANGE,2003-11-04,8075,10369,-12328.0,3065.0,55727,-2645.0,-2294,-15393.0
SWISS FRANC - CHICAGO MERCANTILE EXCHANGE,2003-11-11,2352,18074,-5723.0,7705.0,61432,5705.0,-15722,-13428.0
SWISS FRANC - CHICAGO MERCANTILE EXCHANGE,2003-11-18,11879,8928,9527.0,-9146.0,65394,3962.0,2951,18673.0
SWISS FRANC - CHICAGO MERCANTILE EXCHANGE,2003-11-25,10303,5422,-1576.0,-3506.0,66856,1462.0,4881,1930.0
SWISS FRANC - CHICAGO MERCANTILE EXCHANGE,2003-12-02,13276,4818,2973.0,-604.0,71273,4417.0,8458,3577.0
SWISS FRANC - CHICAGO MERCANTILE EXCHANGE,2003-12-09,16850,4499,3574.0,-319.0,84218,12945.0,12351,3893.0
SWISS FRANC - CHICAGO MERCANTILE EXCHANGE,2003-12-16,17217,3963,367.0,-536.0,43835,-40383.0,13254,903.0
SWISS FRANC - CHICAGO MERCANTILE EXCHANGE,2003-12-22,16287,4655,-930.0,692.0,44642,807.0,11632,-1622.0
SWISS FRANC - CHICAGO MERCANTILE EXCHANGE,2003-12-30,21637,4854,5350.0,199.0,48615,3973.0,16783,5151.0
SWISS FRANC - CHICAGO MERCANTILE EXCHANGE,2004-01-06,21198,4993,-439.0,139.0,50231,1616.0,16205,-578.0
SWISS FRANC - CHICAGO MERCANTILE EXCHANGE,2004-01-13,19826,4553,-1372.0,-440.0,48588,-1643.0,15273,-932.0
SWISS FRANC - CHICAGO MERCANTILE EXCHANGE,2004-01-20,13858,4826,-5968.0,273.0,41755,-6833.0,9032,-6241.0
SWISS FRANC - CHICAGO MERCANTILE EXCHANGE,2004-01-27,18388,5409,4530.0,583.0,41836,81.0,12979,3947.0
SWISS FRANC - CHICAGO MERCANTILE EXCHANGE,2004-02-03,15234,5791,-3154.0,382.0,40899,-937.0,9443,-3536.0
SWISS FRANC - CHICAGO MERCANTILE EXCHANGE,2004-02-10,18974,7971,3740.0,2180.0,43840,2941.0,11003,1560.0
SWISS FRANC - CHICAGO MERCANTILE EXCHANGE,2004-02-17,19558,8079,584.0,108.0,46002,2162.0,11479,476.0
SWISS FRANC - CHICAGO MERCANTILE EXCHANGE,2004-02-24,12608,7234,-6950.0,-845.0,41521,-4481.0,5374,-6105.0
SWISS FRANC - CHICAGO MERCANTILE EXCHANGE,2004-03-02,5518,16298,-7090.0,9064.0,47795,6274.0,-10780,-16154.0
SWISS FRANC - CHICAGO MERCANTILE EXCHANGE,2004-03-09,3624,18397,-1894.0,2099.0,52178,4383.0,-14773,-3993.0
SWISS FRANC - CHICAGO MERCANTILE EXCHANGE,2004-03-16,3351,12674,-273.0,-5723.0,36981,-15197.0,-9323,5450.0
SWISS FRANC - CHICAGO MERCANTILE EXCHANGE,2004-03-23,4130,6992,779.0,-5682.0,32617,-4364.0,-2862,6461.0
SWISS FRANC - CHICAGO MERCANTILE EXCHANGE,2004-03-30,3894,8514,-236.0,1522.0,34701,2084.0,-4620,-1758.0
SWISS FRANC - CHICAGO MERCANTILE EXCHANGE,2004-04-06,4369,17197,475.0,8683.0,44331,9630.0,-12828,-8208.0
SWISS FRANC - CHICAGO MERCANTILE EXCHANGE,2004-04-12,3865,9806,-504.0,-7391.0,36138,-8193.0,-5941,6887.0
SWISS FRANC - CHICAGO MERCANTILE EXCHANGE,2004-04-20,3757,12060,-108.0,2254.0,38936,2798.0,-8303,-2362.0
SWISS FRANC - CHICAGO MERCANTILE EXCHANGE,2004-04-27,1374,12466,-2383.0,406.0,37889,-1047.0,-11092,-2789.0
SWISS FRANC - CHICAGO MERCANTILE EXCHANGE,2004-05-04,1717,8806,343.0,-3660.0,36901,-988.0,-7089,4003.0
SWISS FRANC - CHICAGO MERCANTILE EXCHANGE,2004-05-11,1244,8139,-473.0,-667.0,38467,1566.0,-6895,194.0
SWISS FRANC - CHICAGO MERCANTILE EXCHANGE,2004-05-18,4633,7231,3389.0,-908.0,34868,-3599.0,-2598,4297.0
SWISS FRANC - CHICAGO MERCANTILE EXCHANGE,2004-05-25,4367,7907,-266.0,676.0,36529,1661.0,-3540,-942.0
SWISS FRANC - CHICAGO MERCANTILE EXCHANGE,2004-06-01,12108,6786,7741.0,-1121.0,45970,9441.0,5322,8862.0
SWISS FRANC - CHICAGO MERCANTILE EXCHANGE,2004-06-08,22670,6408,10562.0,-378.0,69978,24008.0,16262,10940.0
SWISS FRANC - CHICAGO MERCANTILE EXCHANGE,2004-06-15,21099,4354,-1571.0,-2054.0,43388,-26590.0,16745,483.0
SWISS FRANC - CHICAGO MERCANTILE EXCHANGE,2004-06-22,18499,1061,-2600.0,-3293.0,42778,-610.0,17438,693.0
SWISS FRANC - CHICAGO MERCANTILE EXCHANGE,2004-06-29,16232,3883,-2267.0,2822.0,39116,-3662.0,12349,-5089.0
SWISS FRANC - CHICAGO MERCANTILE EXCHANGE,2004-07-06,25146,2970,8914.0,-913.0,53561,14445.0,22176,9827.0
SWISS FRANC - CHICAGO MERCANTILE EXCHANGE,2004-07-13,29193,2352,4047.0,-618.0,60091,6530.0,26841,4665.0
SWISS FRANC - CHICAGO MERCANTILE EXCHANGE,2004-07-20,23981,2818,-5212.0,466.0,55778,-4313.0,21163,-5678.0
SWISS FRANC - CHICAGO MERCANTILE EXCHANGE,2004-07-27,8327,9153,-15654.0,6335.0,40111,-15667.0,-826,-21989.0
SWISS FRANC - CHICAGO MERCANTILE EXCHANGE,2004-08-03,3140,15967,-5187.0,6814.0,42332,2221.0,-12827,-12001.0
SWISS FRANC - CHICAGO MERCANTILE EXCHANGE,2004-08-10,4420,10849,1280.0,-5118.0,36349,-5983.0,-6429,6398.0
SWISS FRANC - CHICAGO MERCANTILE EXCHANGE,2004-08-17,6852,9354,2432.0,-1495.0,40867,4518.0,-2502,3927.0
SWISS FRANC - CHICAGO MERCANTILE EXCHANGE,2004-08-24,4152,10688,-2700.0,1334.0,40437,-430.0,-6536,-4034.0
SWISS FRANC - CHICAGO MERCANTILE EXCHANGE,2004-08-31,3707,11890,-445.0,1202.0,41657,1220.0,-8183,-1647.0
SWISS FRANC - CHICAGO MERCANTILE EXCHANGE,2004-09-07,3488,11148,-219.0,-742.0,41687,30.0,-7660,523.0
SWISS FRANC - CHICAGO MERCANTILE EXCHANGE,2004-09-28,5092,10638,,,29774,,-5546,2114.0
SWISS FRANC - CHICAGO MERCANTILE EXCHANGE,2004-10-05,5092,9852,0.0,-786.0,31092,1318.0,-4760,786.0
SWISS FRANC - CHICAGO MERCANTILE EXCHANGE,2004-10-12,8167,12805,3075.0,2953.0,35432,4340.0,-4638,122.0
SWISS FRANC - CHICAGO MERCANTILE EXCHANGE,2004-10-19,22288,10490,14121.0,-2315.0,49694,14262.0,11798,16436.0
SWISS FRANC - CHICAGO MERCANTILE EXCHANGE,2004-10-26,35403,8072,13115.0,-2418.0,63595,13901.0,27331,15533.0
SWISS FRANC - CHICAGO MERCANTILE EXCHANGE,2004-11-02,39924,8132,4521.0,60.0,68098,4503.0,31792,4461.0
SWISS FRANC - CHICAGO MERCANTILE EXCHANGE,2004-11-09,46258,5891,6334.0,-2241.0,77168,9070.0,40367,8575.0
SWISS FRANC - CHICAGO MERCANTILE EXCHANGE,2004-11-16,46659,5654,401.0,-237.0,75763,-1405.0,41005,638.0
SWISS FRANC - CHICAGO MERCANTILE EXCHANGE,2004-11-23,44391,5605,-2268.0,-49.0,77383,1620.0,38786,-2219.0
SWISS FRANC - CHICAGO MERCANTILE EXCHANGE,2004-11-30,42761,3823,-1630.0,-1782.0,75035,-2348.0,38938,152.0
SWISS FRANC - CHICAGO MERCANTILE EXCHANGE,2004-12-07,40393,4345,-2368.0,522.0,100269,25234.0,36048,-2890.0
SWISS FRANC - CHICAGO MERCANTILE EXCHANGE,2004-12-14,34319,16759,-6074.0,12414.0,56671,-43598.0,17560,-18488.0
SWISS FRANC - CHICAGO MERCANTILE EXCHANGE,2004-12-21,30105,18553,-4214.0,1794.0,56834,163.0,11552,-6008.0
SWISS FRANC - CHICAGO MERCANTILE EXCHANGE,2004-12-28,33728,8739,3623.0,-9814.0,60282,3448.0,24989,13437.0
SWISS FRANC - CHICAGO MERCANTILE EXCHANGE,2005-01-04,19388,7893,-14340.0,-846.0,50988,-9294.0,11495,-13494.0
SWISS FRANC - CHICAGO MERCANTILE EXCHANGE,2005-01-11,11883,11823,-7505.0,3930.0,53634,2646.0,60,-11435.0
SWISS FRANC - CHICAGO MERCANTILE EXCHANGE,2005-01-18,11217,12317,-666.0,494.0,52151,-1483.0,-1100,-1160.0
SWISS FRANC - CHICAGO MERCANTILE EXCHANGE,2005-01-25,8043,13224,-3174.0,907.0,51069,-1082.0,-5181,-4081.0
SWISS FRANC - CHICAGO MERCANTILE EXCHANGE,2005-02-01,6322,13722,-1721.0,498.0,51859,790.0,-7400,-2219.0
SWISS FRANC - CHICAGO MERCANTILE EXCHANGE,2005-02-08,3371,20545,-2951.0,6823.0,56861,5002.0,-17174,-9774.0
SWISS FRANC - CHICAGO MERCANTILE EXCHANGE,2005-02-15,3837,15106,466.0,-5439.0,52852,-4009.0,-11269,5905.0
SWISS FRANC - CHICAGO MERCANTILE EXCHANGE,2005-02-22,4790,8240,953.0,-6866.0,54437,1585.0,-3450,7819.0
SWISS FRANC - CHICAGO MERCANTILE EXCHANGE,2005-03-01,7313,9216,2523.0,976.0,61956,7519.0,-1903,1547.0
SWISS FRANC - CHICAGO MERCANTILE EXCHANGE,2005-03-08,7474,10501,161.0,1285.0,67512,5556.0,-3027,-1124.0
SWISS FRANC - CHICAGO MERCANTILE EXCHANGE,2005-03-15,10655,10495,3181.0,-6.0,41804,-25708.0,160,3187.0
SWISS FRANC - CHICAGO MERCANTILE EXCHANGE,2005-03-22,5242,16598,-5413.0,6103.0,38278,-3526.0,-11356,-11516.0
SWISS FRANC - CHICAGO MERCANTILE EXCHANGE,2005-03-29,2168,16210,-3074.0,-388.0,42256,3978.0,-14042,-2686.0
SWISS FRANC - CHICAGO MERCANTILE EXCHANGE,2005-04-05,1677,20456,-491.0,4246.0,47464,5208.0,-18779,-4737.0
SWISS FRANC - CHICAGO MERCANTILE EXCHANGE,2005-04-12,1677,24441,0.0,3985.0,45692,-1772.0,-22764,-3985.0
SWISS FRANC - CHICAGO MERCANTILE EXCHANGE,2005-04-19,3585,15306,1908.0,-9135.0,35822,-9870.0,-11721,11043.0
SWISS FRANC - CHICAGO MERCANTILE EXCHANGE,2005-04-26,3504,12129,-81.0,-3177.0,34396,-1426.0,-8625,3096.0
SWISS FRANC - CHICAGO MERCANTILE EXCHANGE,2005-05-03,4889,16219,1385.0,4090.0,38584,4188.0,-11330,-2705.0
SWISS FRANC - CHICAGO MERCANTILE EXCHANGE,2005-05-10,2214,19638,-2675.0,3419.0,43977,5393.0,-17424,-6094.0
SWISS FRANC - CHICAGO MERCANTILE EXCHANGE,2005-05-17,1942,30320,-272.0,10682.0,60958,16981.0,-28378,-10954.0
SWISS FRANC - CHICAGO MERCANTILE EXCHANGE,2005-05-24,1762,39433,-180.0,9113.0,69873,8915.0,-37671,-9293.0
SWISS FRANC - CHICAGO MERCANTILE EXCHANGE,2005-05-31,850,40249,-912.0,816.0,69037,-836.0,-39399,-1728.0
SWISS FRANC - CHICAGO MERCANTILE EXCHANGE,2005-06-07,1943,47255,1093.0,7006.0,90020,20983.0,-45312,-5913.0
SWISS FRANC - CHICAGO MERCANTILE EXCHANGE,2005-06-14,2905,46486,962.0,-769.0,73534,-16486.0,-43581,1731.0
SWISS FRANC - CHICAGO MERCANTILE EXCHANGE,2005-06-21,1579,43966,-1326.0,-2520.0,71529,-2005.0,-42387,1194.0
SWISS FRANC - CHICAGO MERCANTILE EXCHANGE,2005-06-28,1764,46185,185.0,2219.0,73119,1590.0,-44421,-2034.0
SWISS FRANC - CHICAGO MERCANTILE EXCHANGE,2005-07-05,1694,47234,-70.0,1049.0,73790,671.0,-45540,-1119.0
SWISS FRANC - CHICAGO MERCANTILE EXCHANGE,2005-07-12,2991,40939,1297.0,-6295.0,69525,-4265.0,-37948,7592.0
SWISS FRANC - CHICAGO MERCANTILE EXCHANGE,2005-07-19,6019,42511,3028.0,1572.0,72416,2891.0,-36492,1456.0
SWISS FRANC - CHICAGO MERCANTILE EXCHANGE,2005-07-26,4604,41033,-1415.0,-1478.0,73768,1352.0,-36429,63.0
SWISS FRANC - CHICAGO MERCANTILE EXCHANGE,2005-08-02,4633,35959,29.0,-5074.0,71327,-2441.0,-31326,5103.0
SWISS FRANC - CHICAGO MERCANTILE EXCHANGE,2005-08-09,6045,38256,1412.0,2297.0,71277,-50.0,-32211,-885.0
SWISS FRANC - CHICAGO MERCANTILE EXCHANGE,2005-08-16,6485,34107,440.0,-4149.0,66890,-4387.0,-27622,4589.0
SWISS FRANC - CHICAGO MERCANTILE EXCHANGE,2005-08-23,3165,40709,-3320.0,6602.0,67995,1105.0,-37544,-9922.0
SWISS FRANC - CHICAGO MERCANTILE EXCHANGE,2005-08-30,4008,35884,843.0,-4825.0,67721,-274.0,-31876,5668.0
SWISS FRANC - CHICAGO MERCANTILE EXCHANGE,2005-09-06,14944,15729,10936.0,-20155.0,61472,-6249.0,-785,31091.0
SWISS FRANC - CHICAGO MERCANTILE EXCHANGE,2005-09-13,4175,19141,-10769.0,3412.0,60845,-627.0,-14966,-14181.0
SWISS FRANC - CHICAGO MERCANTILE EXCHANGE,2005-09-20,2488,33398,-1687.0,14257.0,57198,-3647.0,-30910,-15944.0
SWISS FRANC - CHICAGO MERCANTILE EXCHANGE,2005-09-27,6138,49869,3650.0,16471.0,76757,19559.0,-43731,-12821.0
SWISS FRANC - CHICAGO MERCANTILE EXCHANGE,2005-10-04,9973,57099,3835.0,7230.0,87779,11022.0,-47126,-3395.0
SWISS FRANC - CHICAGO MERCANTILE EXCHANGE,2005-10-11,13572,38859,3599.0,-18240.0,72377,-15402.0,-25287,21839.0
SWISS FRANC - CHICAGO MERCANTILE EXCHANGE,2005-10-18,13958,44940,386.0,6081.0,80322,7945.0,-30982,-5695.0
SWISS FRANC - CHICAGO MERCANTILE EXCHANGE,2005-10-25,12814,33657,-1144.0,-11283.0,66764,-13558.0,-20843,10139.0
SWISS FRANC - CHICAGO MERCANTILE EXCHANGE,2005-11-01,13637,35416,823.0,1759.0,69574,2810.0,-21779,-936.0
SWISS FRANC - CHICAGO MERCANTILE EXCHANGE,2005-11-08,13830,48500,193.0,13084.0,84753,15179.0,-34670,-12891.0
SWISS FRANC - CHICAGO MERCANTILE EXCHANGE,2005-11-15,15132,60166,1302.0,11666.0,98446,13693.0,-45034,-10364.0
SWISS FRANC - CHICAGO MERCANTILE EXCHANGE,2005-11-22,15191,63398,59.0,3232.0,100881,2435.0,-48207,-3173.0
SWISS FRANC - CHICAGO MERCANTILE EXCHANGE,2005-11-29,14195,62611,-996.0,-787.0,99363,-1518.0,-48416,-209.0
SWISS FRANC - CHICAGO MERCANTILE EXCHANGE,2005-12-06,16550,65909,2355.0,3298.0,105413,6050.0,-49359,-943.0
SWISS FRANC - CHICAGO MERCANTILE EXCHANGE,2005-12-13,13937,53798,-2613.0,-12111.0,113909,8496.0,-39861,9498.0
SWISS FRANC - CHICAGO MERCANTILE EXCHANGE,2005-12-20,5247,39314,-8690.0,-14484.0,75904,-38005.0,-34067,5794.0
SWISS FRANC - CHICAGO MERCANTILE EXCHANGE,2005-12-27,9032,47358,3785.0,8044.0,86551,10647.0,-38326,-4259.0
SWISS FRANC - CHICAGO MERCANTILE EXCHANGE,2006-01-03,15002,31513,5970.0,-15845.0,77368,-9183.0,-16511,21815.0
SWISS FRANC - CHICAGO MERCANTILE EXCHANGE,2006-01-10,24138,24378,9136.0,-7135.0,79029,1661.0,-240,16271.0
SWISS FRANC - CHICAGO MERCANTILE EXCHANGE,2006-01-17,21356,19896,-2782.0,-4482.0,80480,1451.0,1460,1700.0
SWISS FRANC - CHICAGO MERCANTILE EXCHANGE,2006-01-24,24328,19965,2972.0,69.0,85876,5396.0,4363,2903.0
SWISS FRANC - CHICAGO MERCANTILE EXCHANGE,2006-01-31,26222,25239,1894.0,5274.0,84122,-1754.0,983,-3380.0
SWISS FRANC - CHICAGO MERCANTILE EXCHANGE,2006-02-07,23624,38314,-2598.0,13075.0,92132,8010.0,-14690,-15673.0
SWISS FRANC - CHICAGO MERCANTILE EXCHANGE,2006-02-14,21612,52800,-2012.0,14486.0,108343,16211.0,-31188,-16498.0
SWISS FRANC - CHICAGO MERCANTILE EXCHANGE,2006-02-21,23789,60764,2177.0,7964.0,112408,4065.0,-36975,-5787.0
SWISS FRANC - CHICAGO MERCANTILE EXCHANGE,2006-02-28,16309,84571,-7480.0,23807.0,134418,22010.0,-68262,-31287.0
SWISS FRANC - CHICAGO MERCANTILE EXCHANGE,2006-03-07,15975,62198,-334.0,-22373.0,127779,-6639.0,-46223,22039.0
SWISS FRANC - CHICAGO MERCANTILE EXCHANGE,2006-03-14,7429,55807,-8546.0,-6391.0,93713,-34066.0,-48378,-2155.0
SWISS FRANC - CHICAGO MERCANTILE EXCHANGE,2006-03-21,3462,50327,-3967.0,-5480.0,83307,-10406.0,-46865,1513.0
SWISS FRANC - CHICAGO MERCANTILE EXCHANGE,2006-03-28,5820,51155,2358.0,828.0,84695,1388.0,-45335,1530.0
SWISS FRANC - CHICAGO MERCANTILE EXCHANGE,2006-04-04,7412,45540,1592.0,-5615.0,79020,-5675.0,-38128,7207.0
SWISS FRANC - CHICAGO MERCANTILE EXCHANGE,2006-04-11,6470,35121,-942.0,-10419.0,78605,-415.0,-28651,9477.0
SWISS FRANC - CHICAGO MERCANTILE EXCHANGE,2006-04-18,10744,32912,4274.0,-2209.0,80925,2320.0,-22168,6483.0
SWISS FRANC - CHICAGO MERCANTILE EXCHANGE,2006-04-25,12113,36542,1369.0,3630.0,84075,3150.0,-24429,-2261.0
SWISS FRANC - CHICAGO MERCANTILE EXCHANGE,2006-05-02,17518,30147,5405.0,-6395.0,89956,5881.0,-12629,11800.0
SWISS FRANC - CHICAGO MERCANTILE EXCHANGE,2006-05-09,18306,29319,788.0,-828.0,94856,4900.0,-11013,1616.0
SWISS FRANC - CHICAGO MERCANTILE EXCHANGE,2006-05-16,23935,25516,5629.0,-3803.0,100736,5880.0,-1581,9432.0
SWISS FRANC - CHICAGO MERCANTILE EXCHANGE,2006-05-23,30138,21756,6203.0,-3760.0,101734,998.0,8382,9963.0
SWISS FRANC - CHICAGO MERCANTILE EXCHANGE,2006-05-30,30264,19733,126.0,-2023.0,100852,-882.0,10531,2149.0
SWISS FRANC - CHICAGO MERCANTILE EXCHANGE,2006-06-06,26639,17319,-3625.0,-2414.0,107626,6774.0,9320,-1211.0
SWISS FRANC - CHICAGO MERCANTILE EXCHANGE,2006-06-13,21176,24058,-5463.0,6739.0,122926,15300.0,-2882,-12202.0
SWISS FRANC - CHICAGO MERCANTILE EXCHANGE,2006-06-20,20297,25769,-879.0,1711.0,57617,-65309.0,-5472,-2590.0
SWISS FRANC - CHICAGO MERCANTILE EXCHANGE,2006-06-27,14509,30398,-5788.0,4629.0,63556,5939.0,-15889,-10417.0
SWISS FRANC - CHICAGO MERCANTILE EXCHANGE,2006-07-03,21327,25641,6818.0,-4757.0,58809,-4747.0,-4314,11575.0
SWISS FRANC - CHICAGO MERCANTILE EXCHANGE,2006-07-11,20120,27379,-1207.0,1738.0,62771,3962.0,-7259,-2945.0
SWISS FRANC - CHICAGO MERCANTILE EXCHANGE,2006-07-18,18116,33533,-2004.0,6154.0,69612,6841.0,-15417,-8158.0
SWISS FRANC - CHICAGO MERCANTILE EXCHANGE,2006-07-25,16611,37571,-1505.0,4038.0,73560,3948.0,-20960,-5543.0
SWISS FRANC - CHICAGO MERCANTILE EXCHANGE,2006-08-01,17487,26881,876.0,-10690.0,65105,-8455.0,-9394,11566.0
SWISS FRANC - CHICAGO MERCANTILE EXCHANGE,2006-08-08,21484,36337,3997.0,9456.0,72643,7538.0,-14853,-5459.0
SWISS FRANC - CHICAGO MERCANTILE EXCHANGE,2006-08-15,13082,28329,-8402.0,-8008.0,66021,-6622.0,-15247,-394.0
SWISS FRANC - CHICAGO MERCANTILE EXCHANGE,2006-08-22,16847,27312,3765.0,-1017.0,68484,2463.0,-10465,4782.0
SWISS FRANC - CHICAGO MERCANTILE EXCHANGE,2006-08-29,12618,25253,-4229.0,-2059.0,68787,303.0,-12635,-2170.0
SWISS FRANC - CHICAGO MERCANTILE EXCHANGE,2006-09-05,11221,30367,-1397.0,5114.0,70053,1266.0,-19146,-6511.0
SWISS FRANC - CHICAGO MERCANTILE EXCHANGE,2006-09-12,12013,45254,792.0,14887.0,98012,27959.0,-33241,-14095.0
SWISS FRANC - CHICAGO MERCANTILE EXCHANGE,2006-09-19,10111,54145,-1902.0,8891.0,76994,-21018.0,-44034,-10793.0
SWISS FRANC - CHICAGO MERCANTILE EXCHANGE,2006-09-26,10497,39517,386.0,-14628.0,69977,-7017.0,-29020,15014.0
SWISS FRANC - CHICAGO MERCANTILE EXCHANGE,2006-10-03,10759,40886,262.0,1369.0,72687,2710.0,-30127,-1107.0
SWISS FRANC - CHICAGO MERCANTILE EXCHANGE,2006-10-10,8870,69290,-1889.0,28404.0,95979,23292.0,-60420,-30293.0
SWISS FRANC - CHICAGO MERCANTILE EXCHANGE,2006-10-17,10504,77712,1634.0,8422.0,105046,9067.0,-67208,-6788.0
SWISS FRANC - CHICAGO MERCANTILE EXCHANGE,2006-10-24,9331,79554,-1173.0,1842.0,107816,2770.0,-70223,-3015.0
SWISS FRANC - CHICAGO MERCANTILE EXCHANGE,2006-10-31,11230,58299,1899.0,-21255.0,89968,-17848.0,-47069,23154.0
SWISS FRANC - CHICAGO MERCANTILE EXCHANGE,2006-11-07,14326,70027,3096.0,11728.0,103184,13216.0,-55701,-8632.0
SWISS FRANC - CHICAGO MERCANTILE EXCHANGE,2006-11-14,9883,52428,-4443.0,-17599.0,87935,-15249.0,-42545,13156.0
SWISS FRANC - CHICAGO MERCANTILE EXCHANGE,2006-11-21,10633,49430,750.0,-2998.0,84320,-3615.0,-38797,3748.0
SWISS FRANC - CHICAGO MERCANTILE EXCHANGE,2006-11-28,21961,35864,11328.0,-13566.0,78706,-5614.0,-13903,24894.0
SWISS FRANC - CHICAGO MERCANTILE EXCHANGE,2006-12-05,25835,32303,3874.0,-3561.0,80908,2202.0,-6468,7435.0
SWISS FRANC - CHICAGO MERCANTILE EXCHANGE,2006-12-12,24981,34753,-854.0,2450.0,92840,11932.0,-9772,-3304.0
SWISS FRANC - CHICAGO MERCANTILE EXCHANGE,2006-12-19,18315,29153,-6666.0,-5600.0,54652,-38188.0,-10838,-1066.0
SWISS FRANC - CHICAGO MERCANTILE EXCHANGE,2006-12-26,17614,29899,-701.0,746.0,57050,2398.0,-12285,-1447.0
SWISS FRANC - CHICAGO MERCANTILE EXCHANGE,2007-01-03,11280,34078,-6334.0,4179.0,64732,7682.0,-22798,-10513.0
SWISS FRANC - CHICAGO MERCANTILE EXCHANGE,2007-01-09,7698,48069,-3582.0,13991.0,80925,16193.0,-40371,-17573.0
SWISS FRANC - CHICAGO MERCANTILE EXCHANGE,2007-01-16,6476,48724,-1222.0,655.0,83803,2878.0,-42248,-1877.0
SWISS FRANC - CHICAGO MERCANTILE EXCHANGE,2007-01-23,5290,49371,-1186.0,647.0,83065,-738.0,-44081,-1833.0
SWISS FRANC - CHICAGO MERCANTILE EXCHANGE,2007-01-30,5819,65399,529.0,16028.0,99642,16577.0,-59580,-15499.0
SWISS FRANC - CHICAGO MERCANTILE EXCHANGE,2007-02-06,9393,52318,3574.0,-13081.0,93536,-6106.0,-42925,16655.0
SWISS FRANC - CHICAGO MERCANTILE EXCHANGE,2007-02-13,6693,70099,-2700.0,17781.0,107988,14452.0,-63406,-20481.0
SWISS FRANC - CHICAGO MERCANTILE EXCHANGE,2007-02-20,5525,61078,-1168.0,-9021.0,100274,-7714.0,-55553,7853.0
SWISS FRANC - CHICAGO MERCANTILE EXCHANGE,2007-02-27,15823,60508,10298.0,-570.0,103378,3104.0,-44685,10868.0
SWISS FRANC - CHICAGO MERCANTILE EXCHANGE,2007-03-06,16859,38726,1036.0,-21782.0,83320,-20058.0,-21867,22818.0
SWISS FRANC - CHICAGO MERCANTILE EXCHANGE,2007-03-13,15012,39903,-1847.0,1177.0,88190,4870.0,-24891,-3024.0
SWISS FRANC - CHICAGO MERCANTILE EXCHANGE,2007-03-20,16020,31022,1008.0,-8881.0,53302,-34888.0,-15002,9889.0
SWISS FRANC - CHICAGO MERCANTILE EXCHANGE,2007-03-27,18597,30156,2577.0,-866.0,52720,-582.0,-11559,3443.0
SWISS FRANC - CHICAGO MERCANTILE EXCHANGE,2007-04-03,10294,37559,-8303.0,7403.0,57666,4946.0,-27265,-15706.0
SWISS FRANC - CHICAGO MERCANTILE EXCHANGE,2007-04-10,13453,36659,3159.0,-900.0,58718,1052.0,-23206,4059.0
SWISS FRANC - CHICAGO MERCANTILE EXCHANGE,2007-04-17,17907,40279,4454.0,3620.0,67565,8847.0,-22372,834.0
SWISS FRANC - CHICAGO MERCANTILE EXCHANGE,2007-04-24,23229,40080,5322.0,-199.0,77956,10391.0,-16851,5521.0
SWISS FRANC - CHICAGO MERCANTILE EXCHANGE,2007-05-01,16669,47839,-6560.0,7759.0,79989,2033.0,-31170,-14319.0
SWISS FRANC - CHICAGO MERCANTILE EXCHANGE,2007-05-08,14860,49212,-1809.0,1373.0,81736,1747.0,-34352,-3182.0
SWISS FRANC - CHICAGO MERCANTILE EXCHANGE,2007-05-15,17093,51838,2233.0,2626.0,81328,-408.0,-34745,-393.0
SWISS FRANC - CHICAGO MERCANTILE EXCHANGE,2007-05-22,9372,75241,-7721.0,23403.0,100303,18975.0,-65869,-31124.0
SWISS FRANC - CHICAGO MERCANTILE EXCHANGE,2007-05-29,9644,68852,272.0,-6389.0,97517,-2786.0,-59208,6661.0
SWISS FRANC - CHICAGO MERCANTILE EXCHANGE,2007-06-05,11536,69788,1892.0,936.0,99547,2030.0,-58252,956.0
SWISS FRANC - CHICAGO MERCANTILE EXCHANGE,2007-06-12,10341,89522,-1195.0,19734.0,155140,55593.0,-79181,-20929.0
SWISS FRANC - CHICAGO MERCANTILE EXCHANGE,2007-06-19,6682,86013,-3659.0,-3509.0,110556,-44584.0,-79331,-150.0
SWISS FRANC - CHICAGO MERCANTILE EXCHANGE,2007-06-26,8303,67134,1621.0,-18879.0,101945,-8611.0,-58831,20500.0
SWISS FRANC - CHICAGO MERCANTILE EXCHANGE,2007-07-03,14876,48451,6573.0,-18683.0,95030,-6915.0,-33575,25256.0
SWISS FRANC - CHICAGO MERCANTILE EXCHANGE,2007-07-10,20339,58411,5463.0,9960.0,102992,7962.0,-38072,-4497.0
SWISS FRANC - CHICAGO MERCANTILE EXCHANGE,2007-07-17,24189,59743,3850.0,1332.0,110578,7586.0,-35554,2518.0
SWISS FRANC - CHICAGO MERCANTILE EXCHANGE,2007-07-24,21909,64786,-2280.0,5043.0,115383,4805.0,-42877,-7323.0
SWISS FRANC - CHICAGO MERCANTILE EXCHANGE,2007-07-31,28309,42942,6400.0,-21844.0,116838,1455.0,-14633,28244.0
SWISS FRANC - CHICAGO MERCANTILE EXCHANGE,2007-08-07,34401,36705,6092.0,-6237.0,121823,4985.0,-2304,12329.0
SWISS FRANC - CHICAGO MERCANTILE EXCHANGE,2007-08-14,26255,40245,-8146.0,3540.0,117264,-4559.0,-13990,-11686.0
SWISS FRANC - CHICAGO MERCANTILE EXCHANGE,2007-08-21,14642,31921,-11613.0,-8324.0,111735,-5529.0,-17279,-3289.0
SWISS FRANC - CHICAGO MERCANTILE EXCHANGE,2007-08-28,17923,36046,3281.0,4125.0,118870,7135.0,-18123,-844.0
SWISS FRANC - CHICAGO MERCANTILE EXCHANGE,2007-09-04,12078,46553,-5845.0,10507.0,131156,12286.0,-34475,-16352.0
SWISS FRANC - CHICAGO MERCANTILE EXCHANGE,2007-09-11,26527,23866,14449.0,-22687.0,136045,4889.0,2661,37136.0
SWISS FRANC - CHICAGO MERCANTILE EXCHANGE,2007-09-18,28647,23158,2120.0,-708.0,66122,-69923.0,5489,2828.0
SWISS FRANC - CHICAGO MERCANTILE EXCHANGE,2007-09-25,32958,26666,4311.0,3508.0,70582,4460.0,6292,803.0
SWISS FRANC - CHICAGO MERCANTILE EXCHANGE,2007-10-02,31596,34674,-1362.0,8008.0,75617,5035.0,-3078,-9370.0
SWISS FRANC - CHICAGO MERCANTILE EXCHANGE,2007-10-09,28185,32276,-3411.0,-2398.0,70197,-5420.0,-4091,-1013.0
SWISS FRANC - CHICAGO MERCANTILE EXCHANGE,2007-10-16,26550,34739,-1635.0,2463.0,76520,6323.0,-8189,-4098.0
SWISS FRANC - CHICAGO MERCANTILE EXCHANGE,2007-10-23,26611,24101,61.0,-10638.0,69629,-6891.0,2510,10699.0
SWISS FRANC - CHICAGO MERCANTILE EXCHANGE,2007-10-30,32274,21484,5663.0,-2617.0,72401,2772.0,10790,8280.0
SWISS FRANC - CHICAGO MERCANTILE EXCHANGE,2007-11-06,32575,30156,301.0,8672.0,86821,14420.0,2419,-8371.0
SWISS FRANC - CHICAGO MERCANTILE EXCHANGE,2007-11-13,33093,17590,518.0,-12566.0,77136,-9685.0,15503,13084.0
SWISS FRANC - CHICAGO MERCANTILE EXCHANGE,2007-11-20,37165,23433,4072.0,5843.0,83181,6045.0,13732,-1771.0
SWISS FRANC - CHICAGO MERCANTILE EXCHANGE,2007-11-27,37072,23870,-93.0,437.0,81879,-1302.0,13202,-530.0
SWISS FRANC - CHICAGO MERCANTILE EXCHANGE,2007-12-04,30533,23490,-6539.0,-380.0,77920,-3959.0,7043,-6159.0
SWISS FRANC - CHICAGO MERCANTILE EXCHANGE,2007-12-11,26684,24751,-3849.0,1261.0,86792,8872.0,1933,-5110.0
SWISS FRANC - CHICAGO MERCANTILE EXCHANGE,2007-12-18,14677,21661,-12007.0,-3090.0,60246,-26546.0,-6984,-8917.0
SWISS FRANC - CHICAGO MERCANTILE EXCHANGE,2007-12-24,12643,24140,-2034.0,2479.0,60681,435.0,-11497,-4513.0
SWISS FRANC - CHICAGO MERCANTILE EXCHANGE,2007-12-31,18502,23121,5859.0,-1019.0,61358,677.0,-4619,6878.0
SWISS FRANC - CHICAGO MERCANTILE EXCHANGE,2008-01-08,21345,23516,2843.0,395.0,62749,1391.0,-2171,2448.0
SWISS FRANC - CHICAGO MERCANTILE EXCHANGE,2008-01-15,25415,20253,4070.0,-3263.0,67556,4807.0,5162,7333.0
SWISS FRANC - CHICAGO MERCANTILE EXCHANGE,2008-01-22,28949,13573,3534.0,-6680.0,71705,4149.0,15376,10214.0
SWISS FRANC - CHICAGO MERCANTILE EXCHANGE,2008-01-29,28578,19345,-371.0,5772.0,70806,-899.0,9233,-6143.0
SWISS FRANC - CHICAGO MERCANTILE EXCHANGE,2008-02-05,22588,19802,-5990.0,457.0,64353,-6453.0,2786,-6447.0
SWISS FRANC - CHICAGO MERCANTILE EXCHANGE,2008-02-12,17550,14370,-5038.0,-5432.0,57989,-6364.0,3180,394.0
SWISS FRANC - CHICAGO MERCANTILE EXCHANGE,2008-02-19,23979,22992,6429.0,8622.0,68500,10511.0,987,-2193.0
SWISS FRANC - CHICAGO MERCANTILE EXCHANGE,2008-02-26,32085,23313,8106.0,321.0,78947,10447.0,8772,7785.0
SWISS FRANC - CHICAGO MERCANTILE EXCHANGE,2008-03-04,24647,24480,-7438.0,1167.0,81574,2627.0,167,-8605.0
SWISS FRANC - CHICAGO MERCANTILE EXCHANGE,2008-03-11,25646,29894,999.0,5414.0,90384,8810.0,-4248,-4415.0
SWISS FRANC - CHICAGO MERCANTILE EXCHANGE,2008-03-18,24560,13336,-1086.0,-16558.0,54366,-36018.0,11224,15472.0
SWISS FRANC - CHICAGO MERCANTILE EXCHANGE,2008-03-25,30768,19987,6208.0,6651.0,57488,3122.0,10781,-443.0
SWISS FRANC - CHICAGO MERCANTILE EXCHANGE,2008-04-01,30785,21904,17.0,1917.0,56967,-521.0,8881,-1900.0
SWISS FRANC - CHICAGO MERCANTILE EXCHANGE,2008-04-08,24145,23228,-6640.0,1324.0,57506,539.0,917,-7964.0
SWISS FRANC - CHICAGO MERCANTILE EXCHANGE,2008-04-15,27058,21824,2913.0,-1404.0,61278,3772.0,5234,4317.0
SWISS FRANC - CHICAGO MERCANTILE EXCHANGE,2008-04-22,24731,21722,-2327.0,-102.0,59593,-1685.0,3009,-2225.0
SWISS FRANC - CHICAGO MERCANTILE EXCHANGE,2008-04-29,26625,19624,1894.0,-2098.0,59678,85.0,7001,3992.0
SWISS FRANC - CHICAGO MERCANTILE EXCHANGE,2008-05-06,19125,23262,-7500.0,3638.0,63405,3727.0,-4137,-11138.0
SWISS FRANC - CHICAGO MERCANTILE EXCHANGE,2008-05-13,13758,31194,-5367.0,7932.0,69188,5783.0,-17436,-13299.0
SWISS FRANC - CHICAGO MERCANTILE EXCHANGE,2008-05-20,19037,23980,5279.0,-7214.0,62984,-6204.0,-4943,12493.0
SWISS FRANC - CHICAGO MERCANTILE EXCHANGE,2008-05-27,18907,28756,-130.0,4776.0,69571,6587.0,-9849,-4906.0
SWISS FRANC - CHICAGO MERCANTILE EXCHANGE,2008-06-03,14128,21399,-4779.0,-7357.0,65317,-4254.0,-7271,2578.0
SWISS FRANC - CHICAGO MERCANTILE EXCHANGE,2008-06-10,15820,19552,1692.0,-1847.0,68666,3349.0,-3732,3539.0
SWISS FRANC - CHICAGO MERCANTILE EXCHANGE,2008-06-17,10824,19738,-4996.0,186.0,44091,-24575.0,-8914,-5182.0
SWISS FRANC - CHICAGO MERCANTILE EXCHANGE,2008-06-24,14081,16482,3257.0,-3256.0,45574,1483.0,-2401,6513.0
SWISS FRANC - CHICAGO MERCANTILE EXCHANGE,2008-07-01,26040,19433,11959.0,2951.0,56638,11064.0,6607,9008.0
SWISS FRANC - CHICAGO MERCANTILE EXCHANGE,2008-07-08,18085,22782,-7955.0,3349.0,52188,-4450.0,-4697,-11304.0
SWISS FRANC - CHICAGO MERCANTILE EXCHANGE,2008-07-15,32874,17830,14789.0,-4952.0,63754,11566.0,15044,19741.0
SWISS FRANC - CHICAGO MERCANTILE EXCHANGE,2008-07-22,17900,19566,-14974.0,1736.0,51791,-11963.0,-1666,-16710.0
SWISS FRANC - CHICAGO MERCANTILE EXCHANGE,2008-07-29,17401,22056,-499.0,2490.0,56449,4658.0,-4655,-2989.0
SWISS FRANC - CHICAGO MERCANTILE EXCHANGE,2008-08-05,14986,23969,-2415.0,1913.0,59128,2679.0,-8983,-4328.0
SWISS FRANC - CHICAGO MERCANTILE EXCHANGE,2008-08-12,13555,21938,-1431.0,-2031.0,58312,-816.0,-8383,600.0
SWISS FRANC - CHICAGO MERCANTILE EXCHANGE,2008-08-19,9683,23085,-3872.0,1147.0,62081,3769.0,-13402,-5019.0
SWISS FRANC - CHICAGO MERCANTILE EXCHANGE,2008-08-26,12148,25477,2465.0,2392.0,65910,3829.0,-13329,73.0
SWISS FRANC - CHICAGO MERCANTILE EXCHANGE,2008-09-02,12059,25322,-89.0,-155.0,64084,-1826.0,-13263,66.0
SWISS FRANC - CHICAGO MERCANTILE EXCHANGE,2008-09-09,11076,25991,-983.0,669.0,70332,6248.0,-14915,-1652.0
SWISS FRANC - CHICAGO MERCANTILE EXCHANGE,2008-09-16,7451,20899,-3625.0,-5092.0,39036,-31296.0,-13448,1467.0
SWISS FRANC - CHICAGO MERCANTILE EXCHANGE,2008-09-23,8345,16452,894.0,-4447.0,42296,3260.0,-8107,5341.0
SWISS FRANC - CHICAGO MERCANTILE EXCHANGE,2008-09-30,5953,17402,-2392.0,950.0,39047,-3249.0,-11449,-3342.0
SWISS FRANC - CHICAGO MERCANTILE EXCHANGE,2008-10-07,8291,19820,2338.0,2418.0,39137,90.0,-11529,-80.0
SWISS FRANC - CHICAGO MERCANTILE EXCHANGE,2008-10-14,5222,18304,-3069.0,-1516.0,38302,-835.0,-13082,-1553.0
SWISS FRANC - CHICAGO MERCANTILE EXCHANGE,2008-10-21,3953,19875,-1269.0,1571.0,39838,1536.0,-15922,-2840.0
SWISS FRANC - CHICAGO MERCANTILE EXCHANGE,2008-10-28,5726,20042,1773.0,167.0,39184,-654.0,-14316,1606.0
SWISS FRANC - CHICAGO MERCANTILE EXCHANGE,2008-11-04,7416,14617,1690.0,-5425.0,41403,2219.0,-7201,7115.0
SWISS FRANC - CHICAGO MERCANTILE EXCHANGE,2008-11-11,4826,14982,-2590.0,365.0,39893,-1510.0,-10156,-2955.0
SWISS FRANC - CHICAGO MERCANTILE EXCHANGE,2008-11-18,5740,19329,914.0,4347.0,43937,4044.0,-13589,-3433.0
SWISS FRANC - CHICAGO MERCANTILE EXCHANGE,2008-11-25,3653,20066,-2087.0,737.0,42747,-1190.0,-16413,-2824.0
SWISS FRANC - CHICAGO MERCANTILE EXCHANGE,2008-12-02,2328,20568,-1325.0,502.0,42123,-624.0,-18240,-1827.0
SWISS FRANC - CHICAGO MERCANTILE EXCHANGE,2008-12-09,1620,15694,-708.0,-4874.0,38990,-3133.0,-14074,4166.0
SWISS FRANC - CHICAGO MERCANTILE EXCHANGE,2008-12-16,1826,7137,206.0,-8557.0,20142,-18848.0,-5311,8763.0
SWISS FRANC - CHICAGO MERCANTILE EXCHANGE,2008-12-22,4310,8466,2484.0,1329.0,24773,4631.0,-4156,1155.0
SWISS FRANC - CHICAGO MERCANTILE EXCHANGE,2008-12-30,4968,8815,658.0,349.0,25073,300.0,-3847,309.0
SWISS FRANC - CHICAGO MERCANTILE EXCHANGE,2009-01-06,5978,11845,1010.0,3030.0,25435,362.0,-5867,-2020.0
SWISS FRANC - CHICAGO MERCANTILE EXCHANGE,2009-01-13,4826,11060,-1152.0,-785.0,24703,-732.0,-6234,-367.0
SWISS FRANC - CHICAGO MERCANTILE EXCHANGE,2009-01-20,5135,11509,309.0,449.0,24527,-176.0,-6374,-140.0
SWISS FRANC - CHICAGO MERCANTILE EXCHANGE,2009-01-27,4319,14507,-816.0,2998.0,28119,3592.0,-10188,-3814.0
SWISS FRANC - CHICAGO MERCANTILE EXCHANGE,2009-02-03,3801,14941,-518.0,434.0,29006,887.0,-11140,-952.0
SWISS FRANC - CHICAGO MERCANTILE EXCHANGE,2009-02-10,3613,15134,-188.0,193.0,32070,3064.0,-11521,-381.0
SWISS FRANC - CHICAGO MERCANTILE EXCHANGE,2009-02-17,4848,15986,1235.0,852.0,34470,2400.0,-11138,383.0
SWISS FRANC - CHICAGO MERCANTILE EXCHANGE,2009-02-24,5137,16325,289.0,339.0,33873,-597.0,-11188,-50.0
SWISS FRANC - CHICAGO MERCANTILE EXCHANGE,2009-03-03,4253,17163,-884.0,838.0,36848,2975.0,-12910,-1722.0
SWISS FRANC - CHICAGO MERCANTILE EXCHANGE,2009-03-10,4784,16237,531.0,-926.0,39747,2899.0,-11453,1457.0
SWISS FRANC - CHICAGO MERCANTILE EXCHANGE,2009-03-17,5942,14380,1158.0,-1857.0,31126,-8621.0,-8438,3015.0
SWISS FRANC - CHICAGO MERCANTILE EXCHANGE,2009-03-24,6311,9459,369.0,-4921.0,27937,-3189.0,-3148,5290.0
SWISS FRANC - CHICAGO MERCANTILE EXCHANGE,2009-03-31,4068,8479,-2243.0,-980.0,27578,-359.0,-4411,-1263.0
SWISS FRANC - CHICAGO MERCANTILE EXCHANGE,2009-04-07,3895,7436,-173.0,-1043.0,25914,-1664.0,-3541,870.0
SWISS FRANC - CHICAGO MERCANTILE EXCHANGE,2009-04-14,3404,8459,-491.0,1023.0,27406,1492.0,-5055,-1514.0
SWISS FRANC - CHICAGO MERCANTILE EXCHANGE,2009-04-21,5718,17803,2314.0,9344.0,33601,6195.0,-12085,-7030.0
SWISS FRANC - CHICAGO MERCANTILE EXCHANGE,2009-04-28,4907,9829,-811.0,-7974.0,27107,-6494.0,-4922,7163.0
SWISS FRANC - CHICAGO MERCANTILE EXCHANGE,2009-05-05,4756,5499,-151.0,-4330.0,26366,-741.0,-743,4179.0
SWISS FRANC - CHICAGO MERCANTILE EXCHANGE,2009-05-12,8692,7073,3936.0,1574.0,32340,5974.0,1619,2362.0
SWISS FRANC - CHICAGO MERCANTILE EXCHANGE,2009-05-19,11497,6888,2805.0,-185.0,35951,3611.0,4609,2990.0
SWISS FRANC - CHICAGO MERCANTILE EXCHANGE,2009-05-26,13929,7255,2432.0,367.0,39627,3676.0,6674,2065.0
SWISS FRANC - CHICAGO MERCANTILE EXCHANGE,2009-06-02,15412,6813,1483.0,-442.0,42429,2802.0,8599,1925.0
SWISS FRANC - CHICAGO MERCANTILE EXCHANGE,2009-06-09,14879,6405,-533.0,-408.0,48715,6286.0,8474,-125.0
SWISS FRANC - CHICAGO MERCANTILE EXCHANGE,2009-06-16,16146,8244,1267.0,1839.0,30453,-18262.0,7902,-572.0
SWISS FRANC - CHICAGO MERCANTILE EXCHANGE,2009-06-23,22023,7615,5877.0,-629.0,39777,9324.0,14408,6506.0
SWISS FRANC - CHICAGO MERCANTILE EXCHANGE,2009-06-30,16623,5933,-5400.0,-1682.0,32774,-7003.0,10690,-3718.0
SWISS FRANC - CHICAGO MERCANTILE EXCHANGE,2009-07-07,16476,5422,-147.0,-511.0,33308,534.0,11054,364.0
SWISS FRANC - CHICAGO MERCANTILE EXCHANGE,2009-07-14,16950,6158,474.0,736.0,33833,525.0,10792,-262.0
SWISS FRANC - CHICAGO MERCANTILE EXCHANGE,2009-07-21,20182,6985,3232.0,827.0,39639,5806.0,13197,2405.0
SWISS FRANC - CHICAGO MERCANTILE EXCHANGE,2009-07-28,18808,4638,-1374.0,-2347.0,37313,-2326.0,14170,973.0
SWISS FRANC - CHICAGO MERCANTILE EXCHANGE,2009-08-04,21341,6829,2533.0,2191.0,42223,4910.0,14512,342.0
SWISS FRANC - CHICAGO MERCANTILE EXCHANGE,2009-08-11,10962,10999,-10379.0,4170.0,32801,-9422.0,-37,-14549.0
SWISS FRANC - CHICAGO MERCANTILE EXCHANGE,2009-08-18,12121,5366,1159.0,-5633.0,30291,-2510.0,6755,6792.0
SWISS FRANC - CHICAGO MERCANTILE EXCHANGE,2009-08-25,23649,6851,11528.0,1485.0,46196,15905.0,16798,10043.0
SWISS FRANC - CHICAGO MERCANTILE EXCHANGE,2009-09-01,19627,5375,-4022.0,-1476.0,44607,-1589.0,14252,-2546.0
SWISS FRANC - CHICAGO MERCANTILE EXCHANGE,2009-09-08,23371,5234,3744.0,-141.0,52293,7686.0,18137,3885.0
SWISS FRANC - CHICAGO MERCANTILE EXCHANGE,2009-09-15,24026,5835,655.0,601.0,45016,-7277.0,18191,54.0
SWISS FRANC - CHICAGO MERCANTILE EXCHANGE,2009-09-22,28968,5177,4942.0,-658.0,52087,7071.0,23791,5600.0
SWISS FRANC - CHICAGO MERCANTILE EXCHANGE,2009-09-29,22857,5264,-6111.0,87.0,45542,-6545.0,17593,-6198.0
SWISS FRANC - CHICAGO MERCANTILE EXCHANGE,2009-10-06,28261,4791,5404.0,-473.0,49587,4045.0,23470,5877.0
SWISS FRANC - CHICAGO MERCANTILE EXCHANGE,2009-10-13,27537,5258,-724.0,467.0,50413,826.0,22279,-1191.0
SWISS FRANC - CHICAGO MERCANTILE EXCHANGE,2009-10-20,30017,6164,2480.0,906.0,54748,4335.0,23853,1574.0
SWISS FRANC - CHICAGO MERCANTILE EXCHANGE,2009-10-27,24104,6259,-5913.0,95.0,50703,-4045.0,17845,-6008.0
SWISS FRANC - CHICAGO MERCANTILE EXCHANGE,2009-11-03,21171,2506,-2933.0,-3753.0,46414,-4289.0,18665,820.0
SWISS FRANC - CHICAGO MERCANTILE EXCHANGE,2009-11-09,25717,2419,4546.0,-87.0,53280,6866.0,23298,4633.0
SWISS FRANC - CHICAGO MERCANTILE EXCHANGE,2009-11-17,25311,3112,-406.0,693.0,54018,738.0,22199,-1099.0
SWISS FRANC - CHICAGO MERCANTILE EXCHANGE,2009-11-24,26136,4019,825.0,907.0,54159,141.0,22117,-82.0
SWISS FRANC - CHICAGO MERCANTILE EXCHANGE,2009-12-01,28904,4179,2768.0,160.0,56659,2500.0,24725,2608.0
SWISS FRANC - CHICAGO MERCANTILE EXCHANGE,2009-12-08,20177,6829,-8727.0,2650.0,49595,-7064.0,13348,-11377.0
SWISS FRANC - CHICAGO MERCANTILE EXCHANGE,2009-12-15,11305,10844,-8872.0,4015.0,33591,-16004.0,461,-12887.0
SWISS FRANC - CHICAGO MERCANTILE EXCHANGE,2009-12-22,9084,13652,-2221.0,2808.0,34198,607.0,-4568,-5029.0
SWISS FRANC - CHICAGO MERCANTILE EXCHANGE,2009-12-29,10334,17385,1250.0,3733.0,38033,3835.0,-7051,-2483.0
SWISS FRANC - CHICAGO MERCANTILE EXCHANGE,2010-01-05,12488,15268,2154.0,-2117.0,35161,-2872.0,-2780,4271.0
SWISS FRANC - CHICAGO MERCANTILE EXCHANGE,2010-01-12,17213,3287,4725.0,-11981.0,38204,3043.0,13926,16706.0
SWISS FRANC - CHICAGO MERCANTILE EXCHANGE,2010-01-19,17281,3310,68.0,23.0,37744,-460.0,13971,45.0
SWISS FRANC - CHICAGO MERCANTILE EXCHANGE,2010-01-26,12421,6716,-4860.0,3406.0,34075,-3669.0,5705,-8266.0
SWISS FRANC - CHICAGO MERCANTILE EXCHANGE,2010-02-02,10344,12119,-2077.0,5403.0,36263,2188.0,-1775,-7480.0
SWISS FRANC - CHICAGO MERCANTILE EXCHANGE,2010-02-09,9219,16115,-1125.0,3996.0,42359,6096.0,-6896,-5121.0
SWISS FRANC - CHICAGO MERCANTILE EXCHANGE,2010-02-16,10763,15430,1544.0,-685.0,40881,-1478.0,-4667,2229.0
SWISS FRANC - CHICAGO MERCANTILE EXCHANGE,2010-02-23,12119,20938,1356.0,5508.0,45407,4526.0,-8819,-4152.0
SWISS FRANC - CHICAGO MERCANTILE EXCHANGE,2010-03-02,11508,17818,-611.0,-3120.0,42147,-3260.0,-6310,2509.0
SWISS FRANC - CHICAGO MERCANTILE EXCHANGE,2010-03-09,10727,15872,-781.0,-1946.0,47810,5663.0,-5145,1165.0
SWISS FRANC - CHICAGO MERCANTILE EXCHANGE,2010-03-16,8977,14210,-1750.0,-1662.0,32157,-15653.0,-5233,-88.0
SWISS FRANC - CHICAGO MERCANTILE EXCHANGE,2010-03-23,9239,10327,262.0,-3883.0,30910,-1247.0,-1088,4145.0
SWISS FRANC - CHICAGO MERCANTILE EXCHANGE,2010-03-30,6735,13275,-2504.0,2948.0,28290,-2620.0,-6540,-5452.0
SWISS FRANC - CHICAGO MERCANTILE EXCHANGE,2010-04-06,9777,13929,3042.0,654.0,32272,3982.0,-4152,2388.0
SWISS FRANC - CHICAGO MERCANTILE EXCHANGE,2010-04-13,10417,15371,640.0,1442.0,33886,1614.0,-4954,-802.0
SWISS FRANC - CHICAGO MERCANTILE EXCHANGE,2010-04-20,9838,15220,-579.0,-151.0,33431,-455.0,-5382,-428.0
SWISS FRANC - CHICAGO MERCANTILE EXCHANGE,2010-04-27,13031,26644,3193.0,11424.0,49308,15877.0,-13613,-8231.0
SWISS FRANC - CHICAGO MERCANTILE EXCHANGE,2010-05-04,12665,29257,-366.0,2613.0,51339,2031.0,-16592,-2979.0
SWISS FRANC - CHICAGO MERCANTILE EXCHANGE,2010-05-11,10020,27547,-2645.0,-1710.0,50562,-777.0,-17527,-935.0
SWISS FRANC - CHICAGO MERCANTILE EXCHANGE,2010-05-18,10616,25174,596.0,-2373.0,48242,-2320.0,-14558,2969.0
SWISS FRANC - CHICAGO MERCANTILE EXCHANGE,2010-05-25,11489,24108,873.0,-1066.0,48163,-79.0,-12619,1939.0
SWISS FRANC - CHICAGO MERCANTILE EXCHANGE,2010-06-01,11139,25863,-350.0,1755.0,49959,1796.0,-14724,-2105.0
SWISS FRANC - CHICAGO MERCANTILE EXCHANGE,2010-06-08,14111,25526,2972.0,-337.0,59622,9663.0,-11415,3309.0
SWISS FRANC - CHICAGO MERCANTILE EXCHANGE,2010-06-15,8852,25328,-5259.0,-198.0,44092,-15530.0,-16476,-5061.0
SWISS FRANC - CHICAGO MERCANTILE EXCHANGE,2010-06-22,9620,19885,768.0,-5443.0,43561,-531.0,-10265,6211.0
SWISS FRANC - CHICAGO MERCANTILE EXCHANGE,2010-06-29,7647,20495,-1973.0,610.0,42840,-721.0,-12848,-2583.0
SWISS FRANC - CHICAGO MERCANTILE EXCHANGE,2010-07-06,7627,15082,-20.0,-5413.0,45002,2162.0,-7455,5393.0
SWISS FRANC - CHICAGO MERCANTILE EXCHANGE,2010-07-13,18237,3647,10610.0,-11435.0,53056,8054.0,14590,22045.0
SWISS FRANC - CHICAGO MERCANTILE EXCHANGE,2010-07-20,19977,4864,1740.0,1217.0,54918,1862.0,15113,523.0
SWISS FRANC - CHICAGO MERCANTILE EXCHANGE,2010-07-27,15283,9067,-4694.0,4203.0,55722,804.0,6216,-8897.0
SWISS FRANC - CHICAGO MERCANTILE EXCHANGE,2010-08-03,20302,4079,5019.0,-4988.0,57976,2254.0,16223,10007.0
SWISS FRANC - CHICAGO MERCANTILE EXCHANGE,2010-08-10,16775,5874,-3527.0,1795.0,52566,-5410.0,10901,-5322.0
SWISS FRANC - CHICAGO MERCANTILE EXCHANGE,2010-08-17,18041,6291,1266.0,417.0,54560,1994.0,11750,849.0
SWISS FRANC - CHICAGO MERCANTILE EXCHANGE,2010-08-24,20735,6867,2694.0,576.0,57316,2756.0,13868,2118.0
SWISS FRANC - CHICAGO MERCANTILE EXCHANGE,2010-08-31,21185,6904,450.0,37.0,60655,3339.0,14281,413.0
SWISS FRANC - CHICAGO MERCANTILE EXCHANGE,2010-09-07,25464,8837,4279.0,1933.0,74713,14058.0,16627,2346.0
SWISS FRANC - CHICAGO MERCANTILE EXCHANGE,2010-09-14,27800,13564,2336.0,4727.0,49352,-25361.0,14236,-2391.0
SWISS FRANC - CHICAGO MERCANTILE EXCHANGE,2010-09-21,26272,11810,-1528.0,-1754.0,49910,558.0,14462,226.0
SWISS FRANC - CHICAGO MERCANTILE EXCHANGE,2010-09-28,27655,7662,1383.0,-4148.0,53452,3542.0,19993,5531.0
SWISS FRANC - CHICAGO MERCANTILE EXCHANGE,2010-10-05,31693,9094,4038.0,1432.0,56636,3184.0,22599,2606.0
SWISS FRANC - CHICAGO MERCANTILE EXCHANGE,2010-10-12,31504,11557,-189.0,2463.0,57722,1086.0,19947,-2652.0
SWISS FRANC - CHICAGO MERCANTILE EXCHANGE,2010-10-19,24908,13673,-6596.0,2116.0,54022,-3700.0,11235,-8712.0
SWISS FRANC - CHICAGO MERCANTILE EXCHANGE,2010-10-26,24600,12081,-308.0,-1592.0,50068,-3954.0,12519,1284.0
SWISS FRANC - CHICAGO MERCANTILE EXCHANGE,2010-11-02,23363,10898,-1237.0,-1183.0,48129,-1939.0,12465,-54.0
SWISS FRANC - CHICAGO MERCANTILE EXCHANGE,2010-11-09,24911,12296,1548.0,1398.0,51000,2871.0,12615,150.0
SWISS FRANC - CHICAGO MERCANTILE EXCHANGE,2010-11-16,18005,10202,-6906.0,-2094.0,44579,-6421.0,7803,-4812.0
SWISS FRANC - CHICAGO MERCANTILE EXCHANGE,2010-11-23,14709,6198,-3296.0,-4004.0,40065,-4514.0,8511,708.0
SWISS FRANC - CHICAGO MERCANTILE EXCHANGE,2010-11-30,16240,8416,1531.0,2218.0,43600,3535.0,7824,-687.0
SWISS FRANC - CHICAGO MERCANTILE EXCHANGE,2010-12-07,18014,9027,1774.0,611.0,42914,-686.0,8987,1163.0
SWISS FRANC - CHICAGO MERCANTILE EXCHANGE,2010-12-14,20794,10078,2780.0,1051.0,39804,-3110.0,10716,1729.0
SWISS FRANC - CHICAGO MERCANTILE EXCHANGE,2010-12-21,25365,12838,4571.0,2760.0,44704,4900.0,12527,1811.0
SWISS FRANC - CHICAGO MERCANTILE EXCHANGE,2010-12-28,24349,10347,-1016.0,-2491.0,46356,1652.0,14002,1475.0
SWISS FRANC - CHICAGO MERCANTILE EXCHANGE,2011-01-04,24487,11455,138.0,1108.0,47484,1128.0,13032,-970.0
SWISS FRANC - CHICAGO MERCANTILE EXCHANGE,2011-01-11,20497,9679,-3990.0,-1776.0,42839,-4645.0,10818,-2214.0
SWISS FRANC - CHICAGO MERCANTILE EXCHANGE,2011-01-18,19711,12719,-786.0,3040.0,41839,-1000.0,6992,-3826.0
SWISS FRANC - CHICAGO MERCANTILE EXCHANGE,2011-01-25,17675,11081,-2036.0,-1638.0,40470,-1369.0,6594,-398.0
SWISS FRANC - CHICAGO MERCANTILE EXCHANGE,2011-02-01,22079,11638,4404.0,557.0,46750,6280.0,10441,3847.0
SWISS FRANC - CHICAGO MERCANTILE EXCHANGE,2011-02-08,22686,14505,607.0,2867.0,47876,1126.0,8181,-2260.0
SWISS FRANC - CHICAGO MERCANTILE EXCHANGE,2011-02-15,17467,6949,-5219.0,-7556.0,41934,-5942.0,10518,2337.0
SWISS FRANC - CHICAGO MERCANTILE EXCHANGE,2011-02-22,18326,6035,859.0,-914.0,43931,1997.0,12291,1773.0
SWISS FRANC - CHICAGO MERCANTILE EXCHANGE,2011-03-01,29218,11201,10892.0,5166.0,57360,13429.0,18017,5726.0
SWISS FRANC - CHICAGO MERCANTILE EXCHANGE,2011-03-08,30841,7180,1623.0,-4021.0,62936,5576.0,23661,5644.0
SWISS FRANC - CHICAGO MERCANTILE EXCHANGE,2011-03-15,32295,4655,1454.0,-2525.0,61506,-1430.0,27640,3979.0
SWISS FRANC - CHICAGO MERCANTILE EXCHANGE,2011-03-22,24883,3582,-7412.0,-1073.0,56786,-4720.0,21301,-6339.0
SWISS FRANC - CHICAGO MERCANTILE EXCHANGE,2011-03-29,24184,5227,-699.0,1645.0,56730,-56.0,18957,-2344.0
SWISS FRANC - CHICAGO MERCANTILE EXCHANGE,2011-04-05,21588,10745,-2596.0,5518.0,59954,3224.0,10843,-8114.0
SWISS FRANC - CHICAGO MERCANTILE EXCHANGE,2011-04-12,22272,7615,684.0,-3130.0,61505,1551.0,14657,3814.0
SWISS FRANC - CHICAGO MERCANTILE EXCHANGE,2011-04-19,27271,9897,4999.0,2282.0,69281,7776.0,17374,2717.0
SWISS FRANC - CHICAGO MERCANTILE EXCHANGE,2011-04-26,27549,9708,278.0,-189.0,71635,2354.0,17841,467.0
SWISS FRANC - CHICAGO MERCANTILE EXCHANGE,2011-05-03,28551,10170,1002.0,462.0,72778,1143.0,18381,540.0
SWISS FRANC - CHICAGO MERCANTILE EXCHANGE,2011-05-10,27905,11569,-646.0,1399.0,72312,-466.0,16336,-2045.0
SWISS FRANC - CHICAGO MERCANTILE EXCHANGE,2011-05-17,24409,8748,-3496.0,-2821.0,68304,-4008.0,15661,-675.0
SWISS FRANC - CHICAGO MERCANTILE EXCHANGE,2011-05-24,23088,8363,-1321.0,-385.0,66776,-1528.0,14725,-936.0
SWISS FRANC - CHICAGO MERCANTILE EXCHANGE,2011-05-31,27846,6727,4758.0,-1636.0,67713,937.0,21119,6394.0
SWISS FRANC - CHICAGO MERCANTILE EXCHANGE,2011-06-07,26290,9425,-1556.0,2698.0,74339,6626.0,16865,-4254.0
SWISS FRANC - CHICAGO MERCANTILE EXCHANGE,2011-06-14,25555,12268,-735.0,2843.0,54048,-20291.0,13287,-3578.0
SWISS FRANC - CHICAGO MERCANTILE EXCHANGE,2011-06-21,23700,11887,-1855.0,-381.0,51304,-2744.0,11813,-1474.0
SWISS FRANC - CHICAGO MERCANTILE EXCHANGE,2011-06-28,21412,11464,-2288.0,-423.0,51227,-77.0,9948,-1865.0
SWISS FRANC - CHICAGO MERCANTILE EXCHANGE,2011-07-05,15983,10692,-5429.0,-772.0,47566,-3661.0,5291,-4657.0
SWISS FRANC - CHICAGO MERCANTILE EXCHANGE,2011-07-12,18139,10058,2156.0,-634.0,48630,1064.0,8081,2790.0
SWISS FRANC - CHICAGO MERCANTILE EXCHANGE,2011-07-19,21159,9665,3020.0,-393.0,52133,3503.0,11494,3413.0
SWISS FRANC - CHICAGO MERCANTILE EXCHANGE,2011-07-26,21103,13226,-56.0,3561.0,53513,1380.0,7877,-3617.0
SWISS FRANC - CHICAGO MERCANTILE EXCHANGE,2011-08-02,25593,13252,4490.0,26.0,56911,3398.0,12341,4464.0
SWISS FRANC - CHICAGO MERCANTILE EXCHANGE,2011-08-09,14449,9794,-11144.0,-3458.0,53055,-3856.0,4655,-7686.0
SWISS FRANC - CHICAGO MERCANTILE EXCHANGE,2011-08-16,13330,4322,-1119.0,-5472.0,48498,-4557.0,9008,4353.0
SWISS FRANC - CHICAGO MERCANTILE EXCHANGE,2011-08-23,14889,5252,1559.0,930.0,48964,466.0,9637,629.0
SWISS FRANC - CHICAGO MERCANTILE EXCHANGE,2011-08-30,13347,4005,-1542.0,-1247.0,45566,-3398.0,9342,-295.0
SWISS FRANC - CHICAGO MERCANTILE EXCHANGE,2011-09-06,12589,5040,-758.0,1035.0,45785,219.0,7549,-1793.0
SWISS FRANC - CHICAGO MERCANTILE EXCHANGE,2011-09-13,10409,4916,-2180.0,-124.0,43828,-1957.0,5493,-2056.0
SWISS FRANC - CHICAGO MERCANTILE EXCHANGE,2011-09-20,7258,3037,-3151.0,-1879.0,21500,-22328.0,4221,-1272.0
SWISS FRANC - CHICAGO MERCANTILE EXCHANGE,2011-09-27,6618,4194,-640.0,1157.0,23123,1623.0,2424,-1797.0
SWISS FRANC - CHICAGO MERCANTILE EXCHANGE,2011-10-04,5110,6219,-1508.0,2025.0,24964,1841.0,-1109,-3533.0
SWISS FRANC - CHICAGO MERCANTILE EXCHANGE,2011-10-11,5233,5220,123.0,-999.0,24317,-647.0,13,1122.0
SWISS FRANC - CHICAGO MERCANTILE EXCHANGE,2011-10-18,3829,6072,-1404.0,852.0,26097,1780.0,-2243,-2256.0
SWISS FRANC - CHICAGO MERCANTILE EXCHANGE,2011-10-25,5077,6280,1248.0,208.0,27697,1600.0,-1203,1040.0
SWISS FRANC - CHICAGO MERCANTILE EXCHANGE,2011-11-01,3224,4970,-1853.0,-1310.0,23607,-4090.0,-1746,-543.0
SWISS FRANC - CHICAGO MERCANTILE EXCHANGE,2011-11-08,6928,4766,3704.0,-204.0,25539,1932.0,2162,3908.0
SWISS FRANC - CHICAGO MERCANTILE EXCHANGE,2011-11-15,5308,7212,-1620.0,2446.0,30206,4667.0,-1904,-4066.0
SWISS FRANC - CHICAGO MERCANTILE EXCHANGE,2011-11-22,4049,9919,-1259.0,2707.0,31022,816.0,-5870,-3966.0
SWISS FRANC - CHICAGO MERCANTILE EXCHANGE,2011-11-29,4950,14277,901.0,4358.0,37224,6202.0,-9327,-3457.0
SWISS FRANC - CHICAGO MERCANTILE EXCHANGE,2011-12-06,4358,15516,-592.0,1239.0,42548,5324.0,-11158,-1831.0
SWISS FRANC - CHICAGO MERCANTILE EXCHANGE,2011-12-13,5005,15486,647.0,-30.0,56102,13554.0,-10481,677.0
SWISS FRANC - CHICAGO MERCANTILE EXCHANGE,2011-12-20,10417,13553,5412.0,-1933.0,33020,-23082.0,-3136,7345.0
SWISS FRANC - CHICAGO MERCANTILE EXCHANGE,2011-12-27,3829,14627,-6588.0,1074.0,35741,2721.0,-10798,-7662.0
SWISS FRANC - CHICAGO MERCANTILE EXCHANGE,2012-01-03,3787,16142,-42.0,1515.0,37999,2258.0,-12355,-1557.0
SWISS FRANC - CHICAGO MERCANTILE EXCHANGE,2012-01-10,5112,17209,1325.0,1067.0,41869,3870.0,-12097,258.0
SWISS FRANC - CHICAGO MERCANTILE EXCHANGE,2012-01-17,4649,17471,-463.0,262.0,41577,-292.0,-12822,-725.0
SWISS FRANC - CHICAGO MERCANTILE EXCHANGE,2012-01-24,5172,17686,523.0,215.0,39314,-2263.0,-12514,308.0
SWISS FRANC - CHICAGO MERCANTILE EXCHANGE,2012-01-31,6477,17699,1305.0,13.0,40836,1522.0,-11222,1292.0
SWISS FRANC - CHICAGO MERCANTILE EXCHANGE,2012-02-07,8331,18126,1854.0,427.0,42826,1990.0,-9795,1427.0
SWISS FRANC - CHICAGO MERCANTILE EXCHANGE,2012-02-14,8663,24526,332.0,6400.0,48092,5266.0,-15863,-6068.0
SWISS FRANC - CHICAGO MERCANTILE EXCHANGE,2012-02-21,7900,27746,-763.0,3220.0,51197,3105.0,-19846,-3983.0
SWISS FRANC - CHICAGO MERCANTILE EXCHANGE,2012-02-28,9775,29166,1875.0,1420.0,52360,1163.0,-19391,455.0
SWISS FRANC - CHICAGO MERCANTILE EXCHANGE,2012-03-06,8114,27592,-1661.0,-1574.0,53649,1289.0,-19478,-87.0
SWISS FRANC - CHICAGO MERCANTILE EXCHANGE,2012-03-13,9351,24149,1237.0,-3443.0,56305,2656.0,-14798,4680.0
SWISS FRANC - CHICAGO MERCANTILE EXCHANGE,2012-03-20,11747,22938,2396.0,-1211.0,43616,-12689.0,-11191,3607.0
SWISS FRANC - CHICAGO MERCANTILE EXCHANGE,2012-03-27,6293,21389,-5454.0,-1549.0,42852,-764.0,-15096,-3905.0
SWISS FRANC - CHICAGO MERCANTILE EXCHANGE,2012-04-03,6615,21291,322.0,-98.0,43624,772.0,-14676,420.0
SWISS FRANC - CHICAGO MERCANTILE EXCHANGE,2012-04-10,6548,16467,-67.0,-4824.0,39995,-3629.0,-9919,4757.0
SWISS FRANC - CHICAGO MERCANTILE EXCHANGE,2012-04-17,6040,19802,-508.0,3335.0,41358,1363.0,-13762,-3843.0
SWISS FRANC - CHICAGO MERCANTILE EXCHANGE,2012-04-24,4312,20953,-1728.0,1151.0,40155,-1203.0,-16641,-2879.0
SWISS FRANC - CHICAGO MERCANTILE EXCHANGE,2012-05-01,5692,20003,1380.0,-950.0,41657,1502.0,-14311,2330.0
SWISS FRANC - CHICAGO MERCANTILE EXCHANGE,2012-05-08,4980,21474,-712.0,1471.0,45717,4060.0,-16494,-2183.0
SWISS FRANC - CHICAGO MERCANTILE EXCHANGE,2012-05-15,6127,32821,1147.0,11347.0,63543,17826.0,-26694,-10200.0
SWISS FRANC - CHICAGO MERCANTILE EXCHANGE,2012-05-22,4901,39752,-1226.0,6931.0,71832,8289.0,-34851,-8157.0
SWISS FRANC - CHICAGO MERCANTILE EXCHANGE,2012-05-29,6882,37478,1981.0,-2274.0,71895,63.0,-30596,4255.0
SWISS FRANC - CHICAGO MERCANTILE EXCHANGE,2012-06-05,5747,39395,-1135.0,1917.0,71967,72.0,-33648,-3052.0
SWISS FRANC - CHICAGO MERCANTILE EXCHANGE,2012-06-12,5220,38521,-527.0,-874.0,92023,20056.0,-33301,347.0
SWISS FRANC - CHICAGO MERCANTILE EXCHANGE,2012-06-19,24108,31115,18888.0,-7406.0,55756,-36267.0,-7007,26294.0
SWISS FRANC - CHICAGO MERCANTILE EXCHANGE,2012-06-26,4637,28473,-19471.0,-2642.0,52447,-3309.0,-23836,-16829.0
SWISS FRANC - CHICAGO MERCANTILE EXCHANGE,2012-07-03,5263,24323,626.0,-4150.0,53322,875.0,-19060,4776.0
SWISS FRANC - CHICAGO MERCANTILE EXCHANGE,2012-07-10,5815,23399,552.0,-924.0,58117,4795.0,-17584,1476.0
SWISS FRANC - CHICAGO MERCANTILE EXCHANGE,2012-07-17,6209,29299,394.0,5900.0,62836,4719.0,-23090,-5506.0
SWISS FRANC - CHICAGO MERCANTILE EXCHANGE,2012-07-24,5102,31047,-1107.0,1748.0,64375,1539.0,-25945,-2855.0
SWISS FRANC - CHICAGO MERCANTILE EXCHANGE,2012-07-31,5409,24217,307.0,-6830.0,59536,-4839.0,-18808,7137.0
SWISS FRANC - CHICAGO MERCANTILE EXCHANGE,2012-08-07,6771,24686,1362.0,469.0,56379,-3157.0,-17915,893.0
SWISS FRANC - CHICAGO MERCANTILE EXCHANGE,2012-08-14,6140,24994,-631.0,308.0,56773,394.0,-18854,-939.0
SWISS FRANC - CHICAGO MERCANTILE EXCHANGE,2012-08-21,5921,21583,-219.0,-3411.0,54619,-2154.0,-15662,3192.0
SWISS FRANC - CHICAGO MERCANTILE EXCHANGE,2012-08-28,10684,22145,4763.0,562.0,55426,807.0,-11461,4201.0
SWISS FRANC - CHICAGO MERCANTILE EXCHANGE,2012-09-04,9013,22125,-1671.0,-20.0,55949,523.0,-13112,-1651.0
SWISS FRANC - CHICAGO MERCANTILE EXCHANGE,2012-09-11,11648,20615,2635.0,-1510.0,58031,2082.0,-8967,4145.0
SWISS FRANC - CHICAGO MERCANTILE EXCHANGE,2012-09-18,13626,18153,1978.0,-2462.0,38449,-19582.0,-4527,4440.0
SWISS FRANC - CHICAGO MERCANTILE EXCHANGE,2012-09-25,13567,14471,-59.0,-3682.0,37328,-1121.0,-904,3623.0
SWISS FRANC - CHICAGO MERCANTILE EXCHANGE,2012-10-02,12641,13625,-926.0,-846.0,37313,-15.0,-984,-80.0
SWISS FRANC - CHICAGO MERCANTILE EXCHANGE,2012-10-09,11676,11982,-965.0,-1643.0,35264,-2049.0,-306,678.0
SWISS FRANC - CHICAGO MERCANTILE EXCHANGE,2012-10-16,10289,11481,-1387.0,-501.0,36487,1223.0,-1192,-886.0
SWISS FRANC - CHICAGO MERCANTILE EXCHANGE,2012-10-23,10756,8395,467.0,-3086.0,36769,282.0,2361,3553.0
SWISS FRANC - CHICAGO MERCANTILE EXCHANGE,2012-10-30,11785,9419,1029.0,1024.0,37591,822.0,2366,5.0
SWISS FRANC - CHICAGO MERCANTILE EXCHANGE,2012-11-06,13509,13812,1724.0,4393.0,40311,2720.0,-303,-2669.0
SWISS FRANC - CHICAGO MERCANTILE EXCHANGE,2012-11-13,11388,20276,-2121.0,6464.0,46940,6629.0,-8888,-8585.0
SWISS FRANC - CHICAGO MERCANTILE EXCHANGE,2012-11-20,7220,19708,-4168.0,-568.0,46210,-730.0,-12488,-3600.0
SWISS FRANC - CHICAGO MERCANTILE EXCHANGE,2012-11-27,9744,13111,2524.0,-6597.0,42767,-3443.0,-3367,9121.0
SWISS FRANC - CHICAGO MERCANTILE EXCHANGE,2012-12-04,11722,11086,1978.0,-2025.0,44798,2031.0,636,4003.0
SWISS FRANC - CHICAGO MERCANTILE EXCHANGE,2012-12-11,11243,8034,-479.0,-3052.0,48835,4037.0,3209,2573.0
SWISS FRANC - CHICAGO MERCANTILE EXCHANGE,2012-12-18,17361,13081,6118.0,5047.0,43412,-5423.0,4280,1071.0
SWISS FRANC - CHICAGO MERCANTILE EXCHANGE,2012-12-24,21897,10462,4536.0,-2619.0,48634,5222.0,11435,7155.0
SWISS FRANC - CHICAGO MERCANTILE EXCHANGE,2012-12-31,23800,12169,1903.0,1707.0,50182,1548.0,11631,196.0
SWISS FRANC - CHICAGO MERCANTILE EXCHANGE,2013-01-08,19604,9343,-4196.0,-2826.0,46716,-3466.0,10261,-1370.0
SWISS FRANC - CHICAGO MERCANTILE EXCHANGE,2013-01-15,19007,6237,-597.0,-3106.0,43176,-3540.0,12770,2509.0
SWISS FRANC - CHICAGO MERCANTILE EXCHANGE,2013-01-22,15232,8848,-3775.0,2611.0,39483,-3693.0,6384,-6386.0
SWISS FRANC - CHICAGO MERCANTILE EXCHANGE,2013-01-29,11994,7846,-3238.0,-1002.0,38618,-865.0,4148,-2236.0
SWISS FRANC - CHICAGO MERCANTILE EXCHANGE,2013-02-05,13091,9215,1097.0,1369.0,43585,4967.0,3876,-272.0
SWISS FRANC - CHICAGO MERCANTILE EXCHANGE,2013-02-12,12113,7561,-978.0,-1654.0,41850,-1735.0,4552,676.0
SWISS FRANC - CHICAGO MERCANTILE EXCHANGE,2013-02-19,11069,11744,-1044.0,4183.0,42833,983.0,-675,-5227.0
SWISS FRANC - CHICAGO MERCANTILE EXCHANGE,2013-02-26,8165,16356,-2904.0,4612.0,47602,4769.0,-8191,-7516.0
SWISS FRANC - CHICAGO MERCANTILE EXCHANGE,2013-03-05,7092,18542,-1073.0,2186.0,55311,7709.0,-11450,-3259.0
SWISS FRANC - CHICAGO MERCANTILE EXCHANGE,2013-03-12,6206,19694,-886.0,1152.0,69408,14097.0,-13488,-2038.0
SWISS FRANC - CHICAGO MERCANTILE EXCHANGE,2013-03-19,11143,22139,4937.0,2445.0,50580,-18828.0,-10996,2492.0
SWISS FRANC - CHICAGO MERCANTILE EXCHANGE,2013-03-26,8668,20866,-2475.0,-1273.0,49575,-1005.0,-12198,-1202.0
SWISS FRANC - CHICAGO MERCANTILE EXCHANGE,2013-04-02,9789,21804,1121.0,938.0,51473,1898.0,-12015,183.0
SWISS FRANC - CHICAGO MERCANTILE EXCHANGE,2013-04-09,6570,16584,-3219.0,-5220.0,42751,-8722.0,-10014,2001.0
SWISS FRANC - CHICAGO MERCANTILE EXCHANGE,2013-04-16,14954,18207,8384.0,1623.0,53769,11018.0,-3253,6761.0
SWISS FRANC - CHICAGO MERCANTILE EXCHANGE,2013-04-23,13249,12070,-1705.0,-6137.0,50101,-3668.0,1179,4432.0
SWISS FRANC - CHICAGO MERCANTILE EXCHANGE,2013-04-30,8132,16396,-5117.0,4326.0,50872,771.0,-8264,-9443.0
SWISS FRANC - CHICAGO MERCANTILE EXCHANGE,2013-05-07,7291,13526,-841.0,-2870.0,49245,-1627.0,-6235,2029.0
SWISS FRANC - CHICAGO MERCANTILE EXCHANGE,2013-05-14,9550,24960,2259.0,11434.0,58084,8839.0,-15410,-9175.0
SWISS FRANC - CHICAGO MERCANTILE EXCHANGE,2013-05-21,8814,28744,-736.0,3784.0,65146,7062.0,-19930,-4520.0
SWISS FRANC - CHICAGO MERCANTILE EXCHANGE,2013-05-28,7936,36908,-878.0,8164.0,70015,4869.0,-28972,-9042.0
SWISS FRANC - CHICAGO MERCANTILE EXCHANGE,2013-06-04,5871,31674,-2065.0,-5234.0,64552,-5463.0,-25803,3169.0
SWISS FRANC - CHICAGO MERCANTILE EXCHANGE,2013-06-11,6576,27314,705.0,-4360.0,65244,692.0,-20738,5065.0
SWISS FRANC - CHICAGO MERCANTILE EXCHANGE,2013-06-18,14977,9186,8401.0,-18128.0,33846,-31398.0,5791,26529.0
SWISS FRANC - CHICAGO MERCANTILE EXCHANGE,2013-06-25,9932,7468,-5045.0,-1718.0,31477,-2369.0,2464,-3327.0
SWISS FRANC - CHICAGO MERCANTILE EXCHANGE,2013-07-02,8919,9035,-1013.0,1567.0,31795,318.0,-116,-2580.0
SWISS FRANC - CHICAGO MERCANTILE EXCHANGE,2013-07-09,12307,14083,3388.0,5048.0,39437,7642.0,-1776,-1660.0
SWISS FRANC - CHICAGO MERCANTILE EXCHANGE,2013-07-16,10754,15723,-1553.0,1640.0,40258,821.0,-4969,-3193.0
SWISS FRANC - CHICAGO MERCANTILE EXCHANGE,2013-07-23,6339,11772,-4415.0,-3951.0,34906,-5352.0,-5433,-464.0
SWISS FRANC - CHICAGO MERCANTILE EXCHANGE,2013-07-30,9531,10792,3192.0,-980.0,34099,-807.0,-1261,4172.0
SWISS FRANC - CHICAGO MERCANTILE EXCHANGE,2013-08-06,8756,9081,-775.0,-1711.0,34942,843.0,-325,936.0
SWISS FRANC - CHICAGO MERCANTILE EXCHANGE,2013-08-13,10626,8490,1870.0,-591.0,37584,2642.0,2136,2461.0
SWISS FRANC - CHICAGO MERCANTILE EXCHANGE,2013-08-20,12061,11770,1435.0,3280.0,41138,3554.0,291,-1845.0
SWISS FRANC - CHICAGO MERCANTILE EXCHANGE,2013-08-27,11596,11194,-465.0,-576.0,41682,544.0,402,111.0
SWISS FRANC - CHICAGO MERCANTILE EXCHANGE,2013-09-03,10809,9750,-787.0,-1444.0,40091,-1591.0,1059,657.0
SWISS FRANC - CHICAGO MERCANTILE EXCHANGE,2013-09-10,10598,10178,-211.0,428.0,38760,-1331.0,420,-639.0
SWISS FRANC - CHICAGO MERCANTILE EXCHANGE,2013-09-17,9992,9376,-606.0,-802.0,29094,-9666.0,616,196.0
SWISS FRANC - CHICAGO MERCANTILE EXCHANGE,2013-09-24,15129,9384,5137.0,8.0,39512,10418.0,5745,5129.0
SWISS FRANC - CHICAGO MERCANTILE EXCHANGE,2013-10-01,17898,11262,2769.0,1878.0,45298,5786.0,6636,891.0
SWISS FRANC - CHICAGO MERCANTILE EXCHANGE,2013-10-08,20313,9898,2415.0,-1364.0,51017,5719.0,10415,3779.0
SWISS FRANC - CHICAGO MERCANTILE EXCHANGE,2013-10-15,21757,10990,1444.0,1092.0,50287,-730.0,10767,352.0
SWISS FRANC - CHICAGO MERCANTILE EXCHANGE,2013-10-22,22175,11244,418.0,254.0,52402,2115.0,10931,164.0
SWISS FRANC - CHICAGO MERCANTILE EXCHANGE,2013-10-29,22727,11276,552.0,32.0,54705,2303.0,11451,520.0
SWISS FRANC - CHICAGO MERCANTILE EXCHANGE,2013-11-05,20479,12384,-2248.0,1108.0,52752,-1953.0,8095,-3356.0
SWISS FRANC - CHICAGO MERCANTILE EXCHANGE,2013-11-12,14122,10933,-6357.0,-1451.0,44399,-8353.0,3189,-4906.0
SWISS FRANC - CHICAGO MERCANTILE EXCHANGE,2013-11-19,13098,9429,-1024.0,-1504.0,41770,-2629.0,3669,480.0
SWISS FRANC - CHICAGO MERCANTILE EXCHANGE,2013-11-26,13012,8360,-86.0,-1069.0,42421,651.0,4652,983.0
SWISS FRANC - CHICAGO MERCANTILE EXCHANGE,2013-12-03,14489,7942,1477.0,-418.0,45862,3441.0,6547,1895.0
SWISS FRANC - CHICAGO MERCANTILE EXCHANGE,2013-12-10,22213,10215,7724.0,2273.0,64506,18644.0,11998,5451.0
SWISS FRANC - CHICAGO MERCANTILE EXCHANGE,2013-12-17,25292,13337,3079.0,3122.0,47367,-17139.0,11955,-43.0
SWISS FRANC - CHICAGO MERCANTILE EXCHANGE,2013-12-24,26537,14617,1245.0,1280.0,51131,3764.0,11920,-35.0
SWISS FRANC - CHICAGO MERCANTILE EXCHANGE,2013-12-31,26507,15618,-30.0,1001.0,51139,8.0,10889,-1031.0
SWISS FRANC - CHICAGO MERCANTILE EXCHANGE,2014-01-07,18813,14086,-7694.0,-1532.0,42087,-9052.0,4727,-6162.0
SWISS FRANC - CHICAGO MERCANTILE EXCHANGE,2014-01-14,12601,15542,-6212.0,1456.0,42791,704.0,-2941,-7668.0
SWISS FRANC - CHICAGO MERCANTILE EXCHANGE,2014-01-21,11645,13566,-956.0,-1976.0,42110,-681.0,-1921,1020.0
SWISS FRANC - CHICAGO MERCANTILE EXCHANGE,2014-01-28,11389,11830,-256.0,-1736.0,40869,-1241.0,-441,1480.0
SWISS FRANC - CHICAGO MERCANTILE EXCHANGE,2014-02-04,13236,11016,1847.0,-814.0,41918,1049.0,2220,2661.0
SWISS FRANC - CHICAGO MERCANTILE EXCHANGE,2014-02-11,12166,11611,-1070.0,595.0,42433,515.0,555,-1665.0
SWISS FRANC - CHICAGO MERCANTILE EXCHANGE,2014-02-18,14188,17016,2022.0,5405.0,51003,8570.0,-2828,-3383.0
SWISS FRANC - CHICAGO MERCANTILE EXCHANGE,2014-02-25,19396,19038,5208.0,2022.0,55157,4154.0,358,3186.0
SWISS FRANC - CHICAGO MERCANTILE EXCHANGE,2014-03-04,21818,19650,2422.0,612.0,60532,5375.0,2168,1810.0
SWISS FRANC - CHICAGO MERCANTILE EXCHANGE,2014-03-11,23097,14140,1279.0,-5510.0,66889,6357.0,8957,6789.0
SWISS FRANC - CHICAGO MERCANTILE EXCHANGE,2014-03-18,25311,10195,2214.0,-3945.0,49391,-17498.0,15116,6159.0
SWISS FRANC - CHICAGO MERCANTILE EXCHANGE,2014-03-25,25037,10218,-274.0,23.0,47353,-2038.0,14819,-297.0
SWISS FRANC - CHICAGO MERCANTILE EXCHANGE,2014-04-01,24800,10569,-237.0,351.0,47228,-125.0,14231,-588.0
SWISS FRANC - CHICAGO MERCANTILE EXCHANGE,2014-04-08,19275,7940,-5525.0,-2629.0,44752,-2476.0,11335,-2896.0
SWISS FRANC - CHICAGO MERCANTILE EXCHANGE,2014-04-15,23905,9839,4630.0,1899.0,48976,4224.0,14066,2731.0
SWISS FRANC - CHICAGO MERCANTILE EXCHANGE,2014-04-22,21732,7709,-2173.0,-2130.0,46888,-2088.0,14023,-43.0
SWISS FRANC - CHICAGO MERCANTILE EXCHANGE,2014-04-29,21960,8257,228.0,548.0,47424,536.0,13703,-320.0
SWISS FRANC - CHICAGO MERCANTILE EXCHANGE,2014-05-06,25102,11918,3142.0,3661.0,55538,8114.0,13184,-519.0
SWISS FRANC - CHICAGO MERCANTILE EXCHANGE,2014-05-13,16951,10145,-8151.0,-1773.0,45282,-10256.0,6806,-6378.0
SWISS FRANC - CHICAGO MERCANTILE EXCHANGE,2014-05-20,17387,12368,436.0,2223.0,48803,3521.0,5019,-1787.0
SWISS FRANC - CHICAGO MERCANTILE EXCHANGE,2014-05-27,11559,15431,-5828.0,3063.0,48284,-519.0,-3872,-8891.0
SWISS FRANC - CHICAGO MERCANTILE EXCHANGE,2014-06-03,11907,13919,348.0,-1512.0,48936,652.0,-2012,1860.0
SWISS FRANC - CHICAGO MERCANTILE EXCHANGE,2014-06-10,9615,12645,-2292.0,-1274.0,52445,3509.0,-3030,-1018.0
SWISS FRANC - CHICAGO MERCANTILE EXCHANGE,2014-06-17,15296,11776,5681.0,-869.0,32259,-20186.0,3520,6550.0
SWISS FRANC - CHICAGO MERCANTILE EXCHANGE,2014-06-24,9069,14441,-6227.0,2665.0,33599,1340.0,-5372,-8892.0
SWISS FRANC - CHICAGO MERCANTILE EXCHANGE,2014-07-01,9731,16991,662.0,2550.0,35221,1622.0,-7260,-1888.0
SWISS FRANC - CHICAGO MERCANTILE EXCHANGE,2014-07-08,9136,15949,-595.0,-1042.0,35053,-168.0,-6813,447.0
SWISS FRANC - CHICAGO MERCANTILE EXCHANGE,2014-07-15,8799,15061,-337.0,-888.0,35007,-46.0,-6262,551.0
SWISS FRANC - CHICAGO MERCANTILE EXCHANGE,2014-07-22,9642,17022,843.0,1961.0,38359,3352.0,-7380,-1118.0
SWISS FRANC - CHICAGO MERCANTILE EXCHANGE,2014-07-29,8665,20429,-977.0,3407.0,44022,5663.0,-11764,-4384.0
SWISS FRANC - CHICAGO MERCANTILE EXCHANGE,2014-08-05,9247,28100,582.0,7671.0,57238,13216.0,-18853,-7089.0
SWISS FRANC - CHICAGO MERCANTILE EXCHANGE,2014-08-12,5247,22606,-4000.0,-5494.0,51981,-5257.0,-17359,1494.0
SWISS FRANC - CHICAGO MERCANTILE EXCHANGE,2014-08-19,6174,21666,927.0,-940.0,50414,-1567.0,-15492,1867.0
SWISS FRANC - CHICAGO MERCANTILE EXCHANGE,2014-08-26,7466,20505,1292.0,-1161.0,53761,3347.0,-13039,2453.0
SWISS FRANC - CHICAGO MERCANTILE EXCHANGE,2014-09-02,9166,22333,1700.0,1828.0,60436,6675.0,-13167,-128.0
SWISS FRANC - CHICAGO MERCANTILE EXCHANGE,2014-09-09,9856,23681,690.0,1348.0,77317,16881.0,-13825,-658.0
SWISS FRANC - CHICAGO MERCANTILE EXCHANGE,2014-09-16,12889,24285,3033.0,604.0,54929,-22388.0,-11396,2429.0
SWISS FRANC - CHICAGO MERCANTILE EXCHANGE,2014-09-23,8354,21729,-4535.0,-2556.0,52124,-2805.0,-13375,-1979.0
SWISS FRANC - CHICAGO MERCANTILE EXCHANGE,2014-09-30,11998,24555,3644.0,2826.0,57223,5099.0,-12557,818.0
SWISS FRANC - CHICAGO MERCANTILE EXCHANGE,2014-10-07,15509,27928,3511.0,3373.0,60516,3293.0,-12419,138.0
SWISS FRANC - CHICAGO MERCANTILE EXCHANGE,2014-10-14,11113,28666,-4396.0,738.0,60968,452.0,-17553,-5134.0
SWISS FRANC - CHICAGO MERCANTILE EXCHANGE,2014-10-21,7643,25505,-3470.0,-3161.0,55550,-5418.0,-17862,-309.0
SWISS FRANC - CHICAGO MERCANTILE EXCHANGE,2014-10-28,6887,27170,-756.0,1665.0,57006,1456.0,-20283,-2421.0
SWISS FRANC - CHICAGO MERCANTILE EXCHANGE,2014-11-04,7844,28065,957.0,895.0,59699,2693.0,-20221,62.0
SWISS FRANC - CHICAGO MERCANTILE EXCHANGE,2014-11-11,8752,31427,908.0,3362.0,61280,1581.0,-22675,-2454.0
SWISS FRANC - CHICAGO MERCANTILE EXCHANGE,2014-11-18,9142,31258,390.0,-169.0,60718,-562.0,-22116,559.0
SWISS FRANC - CHICAGO MERCANTILE EXCHANGE,2014-11-25,8153,31577,-989.0,319.0,61037,319.0,-23424,-1308.0
SWISS FRANC - CHICAGO MERCANTILE EXCHANGE,2014-12-02,8628,31550,475.0,-27.0,63659,2622.0,-22922,502.0
SWISS FRANC - CHICAGO MERCANTILE EXCHANGE,2014-12-09,8971,31068,343.0,-482.0,78496,14837.0,-22097,825.0
SWISS FRANC - CHICAGO MERCANTILE EXCHANGE,2014-12-16,18905,22560,9934.0,-8508.0,51377,-27119.0,-3655,18442.0
SWISS FRANC - CHICAGO MERCANTILE EXCHANGE,2014-12-23,6514,23360,-12391.0,800.0,55021,3644.0,-16846,-13191.0
SWISS FRANC - CHICAGO MERCANTILE EXCHANGE,2014-12-30,8851,25396,2337.0,2036.0,57951,2930.0,-16545,301.0
SWISS FRANC - CHICAGO MERCANTILE EXCHANGE,2015-01-06,5547,29718,-3304.0,4322.0,64427,6476.0,-24171,-7626.0
SWISS FRANC - CHICAGO MERCANTILE EXCHANGE,2015-01-13,4922,31366,-625.0,1648.0,66272,1845.0,-26444,-2273.0
SWISS FRANC - CHICAGO MERCANTILE EXCHANGE,2015-01-20,8226,18035,3304.0,-13331.0,47236,-19036.0,-9809,16635.0
SWISS FRANC - CHICAGO MERCANTILE EXCHANGE,2015-01-27,8841,16214,615.0,-1821.0,42956,-4280.0,-7373,2436.0
SWISS FRANC - CHICAGO MERCANTILE EXCHANGE,2015-02-03,8383,13733,-458.0,-2481.0,38421,-4535.0,-5350,2023.0
SWISS FRANC - CHICAGO MERCANTILE EXCHANGE,2015-02-10,5771,11257,-2612.0,-2476.0,34459,-3962.0,-5486,-136.0
SWISS FRANC - CHICAGO MERCANTILE EXCHANGE,2015-02-17,4740,10784,-1031.0,-473.0,34204,-255.0,-6044,-558.0
SWISS FRANC - CHICAGO MERCANTILE EXCHANGE,2015-02-24,5228,10313,488.0,-471.0,34765,561.0,-5085,959.0
SWISS FRANC - CHICAGO MERCANTILE EXCHANGE,2015-03-03,7027,13089,1799.0,2776.0,40861,6096.0,-6062,-977.0
SWISS FRANC - CHICAGO MERCANTILE EXCHANGE,2015-03-10,7217,15597,190.0,2508.0,52384,11523.0,-8380,-2318.0
SWISS FRANC - CHICAGO MERCANTILE EXCHANGE,2015-03-17,18129,15894,10912.0,297.0,38889,-13495.0,2235,10615.0
SWISS FRANC - CHICAGO MERCANTILE EXCHANGE,2015-03-24,12604,16559,-5525.0,665.0,36296,-2593.0,-3955,-6190.0
SWISS FRANC - CHICAGO MERCANTILE EXCHANGE,2015-03-31,13679,12973,1075.0,-3586.0,34149,-2147.0,706,4661.0
SWISS FRANC - CHICAGO MERCANTILE EXCHANGE,2015-04-07,12746,12626,-933.0,-347.0,33245,-904.0,120,-586.0
SWISS FRANC - CHICAGO MERCANTILE EXCHANGE,2015-04-14,12240,12070,-506.0,-556.0,33935,690.0,170,50.0
SWISS FRANC - CHICAGO MERCANTILE EXCHANGE,2015-04-21,11105,10770,-1135.0,-1300.0,31727,-2208.0,335,165.0
SWISS FRANC - CHICAGO MERCANTILE EXCHANGE,2015-04-28,11144,9809,39.0,-961.0,31585,-142.0,1335,1000.0
SWISS FRANC - CHICAGO MERCANTILE EXCHANGE,2015-05-05,14174,8843,3030.0,-966.0,34449,2864.0,5331,3996.0
SWISS FRANC - CHICAGO MERCANTILE EXCHANGE,2015-05-12,14778,4228,604.0,-4615.0,33465,-984.0,10550,5219.0
SWISS FRANC - CHICAGO MERCANTILE EXCHANGE,2015-05-19,12114,2709,-2664.0,-1519.0,31796,-1669.0,9405,-1145.0
SWISS FRANC - CHICAGO MERCANTILE EXCHANGE,2015-05-26,11202,2872,-912.0,163.0,30432,-1364.0,8330,-1075.0
SWISS FRANC - CHICAGO MERCANTILE EXCHANGE,2015-06-02,12514,4155,1312.0,1283.0,32449,2017.0,8359,29.0
SWISS FRANC - CHICAGO MERCANTILE EXCHANGE,2015-06-09,13515,3386,1001.0,-769.0,33813,1364.0,10129,1770.0
SWISS FRANC - CHICAGO MERCANTILE EXCHANGE,2015-06-16,8858,3500,-4657.0,114.0,19852,-13961.0,5358,-4771.0
SWISS FRANC - CHICAGO MERCANTILE EXCHANGE,2015-06-23,9910,2838,1052.0,-662.0,21869,2017.0,7072,1714.0
SWISS FRANC - CHICAGO MERCANTILE EXCHANGE,2015-06-30,9559,2704,-351.0,-134.0,21472,-397.0,6855,-217.0
SWISS FRANC - CHICAGO MERCANTILE EXCHANGE,2015-07-07,9225,3104,-334.0,400.0,23740,2268.0,6121,-734.0
SWISS FRANC - CHICAGO MERCANTILE EXCHANGE,2015-07-14,6498,3417,-2727.0,313.0,22390,-1350.0,3081,-3040.0
SWISS FRANC - CHICAGO MERCANTILE EXCHANGE,2015-07-21,9881,6464,3383.0,3047.0,28424,6034.0,3417,336.0
SWISS FRANC - CHICAGO MERCANTILE EXCHANGE,2015-07-28,9761,9637,-120.0,3173.0,32365,3941.0,124,-3293.0
SWISS FRANC - CHICAGO MERCANTILE EXCHANGE,2015-08-04,11364,12830,1603.0,3193.0,37399,5034.0,-1466,-1590.0
SWISS FRANC - CHICAGO MERCANTILE EXCHANGE,2015-08-11,9668,16680,-1696.0,3850.0,43677,6278.0,-7012,-5546.0
SWISS FRANC - CHICAGO MERCANTILE EXCHANGE,2015-08-18,8183,18051,-1485.0,1371.0,43588,-89.0,-9868,-2856.0
SWISS FRANC - CHICAGO MERCANTILE EXCHANGE,2015-08-25,4889,17486,-3294.0,-565.0,37901,-5687.0,-12597,-2729.0
SWISS FRANC - CHICAGO MERCANTILE EXCHANGE,2015-09-01,5442,13945,553.0,-3541.0,36203,-1698.0,-8503,4094.0
SWISS FRANC - CHICAGO MERCANTILE EXCHANGE,2015-09-08,5585,12481,143.0,-1464.0,40937,4734.0,-6896,1607.0
SWISS FRANC - CHICAGO MERCANTILE EXCHANGE,2015-09-15,19039,15257,13454.0,2776.0,37846,-3091.0,3782,10678.0
SWISS FRANC - CHICAGO MERCANTILE EXCHANGE,2015-09-22,13722,15598,-5317.0,341.0,36981,-865.0,-1876,-5658.0
SWISS FRANC - CHICAGO MERCANTILE EXCHANGE,2015-09-29,13266,15981,-456.0,383.0,38229,1248.0,-2715,-839.0
SWISS FRANC - CHICAGO MERCANTILE EXCHANGE,2015-10-06,12406,16376,-860.0,395.0,38826,597.0,-3970,-1255.0
SWISS FRANC - CHICAGO MERCANTILE EXCHANGE,2015-10-13,10863,13215,-1543.0,-3161.0,34934,-3892.0,-2352,1618.0
SWISS FRANC - CHICAGO MERCANTILE EXCHANGE,2015-10-20,11997,11372,1134.0,-1843.0,35628,694.0,625,2977.0
SWISS FRANC - CHICAGO MERCANTILE EXCHANGE,2015-10-27,13947,12448,1950.0,1076.0,38453,2825.0,1499,874.0
SWISS FRANC - CHICAGO MERCANTILE EXCHANGE,2015-11-03,17792,24827,3845.0,12379.0,51953,13500.0,-7035,-8534.0
SWISS FRANC - CHICAGO MERCANTILE EXCHANGE,2015-11-10,18945,28255,1153.0,3428.0,60031,8078.0,-9310,-2275.0
SWISS FRANC - CHICAGO MERCANTILE EXCHANGE,2015-11-17,19014,34343,69.0,6088.0,67119,7088.0,-15329,-6019.0
SWISS FRANC - CHICAGO MERCANTILE EXCHANGE,2015-11-24,18314,40523,-700.0,6180.0,72945,5826.0,-22209,-6880.0
SWISS FRANC - CHICAGO MERCANTILE EXCHANGE,2015-12-01,18313,43102,-1.0,2579.0,78546,5601.0,-24789,-2580.0
SWISS FRANC - CHICAGO MERCANTILE EXCHANGE,2015-12-08,11538,37078,-6775.0,-6024.0,77258,-1288.0,-25540,-751.0
SWISS FRANC - CHICAGO MERCANTILE EXCHANGE,2015-12-15,29710,27759,18172.0,-9319.0,52468,-24790.0,1951,27491.0
SWISS FRANC - CHICAGO MERCANTILE EXCHANGE,2015-12-22,27646,24894,-2064.0,-2865.0,50265,-2203.0,2752,801.0
SWISS FRANC - CHICAGO MERCANTILE EXCHANGE,2015-12-29,26836,23272,-810.0,-1622.0,49114,-1151.0,3564,812.0
SWISS FRANC - CHICAGO MERCANTILE EXCHANGE,2016-01-05,26419,22799,-417.0,-473.0,50276,1162.0,3620,56.0
SWISS FRANC - CHICAGO MERCANTILE EXCHANGE,2016-01-12,24484,21160,-1935.0,-1639.0,46428,-3848.0,3324,-296.0
SWISS FRANC - CHICAGO MERCANTILE EXCHANGE,2016-01-19,25191,24285,707.0,3125.0,49290,2862.0,906,-2418.0
SWISS FRANC - CHICAGO MERCANTILE EXCHANGE,2016-01-26,24932,29435,-259.0,5150.0,55694,6404.0,-4503,-5409.0
SWISS FRANC - CHICAGO MERCANTILE EXCHANGE,2016-02-02,25970,30665,1038.0,1230.0,59370,3676.0,-4695,-192.0
SWISS FRANC - CHICAGO MERCANTILE EXCHANGE,2016-02-09,20356,27624,-5614.0,-3041.0,52701,-6669.0,-7268,-2573.0
SWISS FRANC - CHICAGO MERCANTILE EXCHANGE,2016-02-16,20141,24507,-215.0,-3117.0,48564,-4137.0,-4366,2902.0
SWISS FRANC - CHICAGO MERCANTILE EXCHANGE,2016-02-23,20213,22534,72.0,-1973.0,47838,-726.0,-2321,2045.0
SWISS FRANC - CHICAGO MERCANTILE EXCHANGE,2016-03-01,19723,21230,-490.0,-1304.0,47634,-204.0,-1507,814.0
SWISS FRANC - CHICAGO MERCANTILE EXCHANGE,2016-03-08,19735,19864,12.0,-1366.0,49744,2110.0,-129,1378.0
SWISS FRANC - CHICAGO MERCANTILE EXCHANGE,2016-03-15,22619,17357,2884.0,-2507.0,40250,-9494.0,5262,5391.0
SWISS FRANC - CHICAGO MERCANTILE EXCHANGE,2016-03-22,19391,15205,-3228.0,-2152.0,37656,-2594.0,4186,-1076.0
SWISS FRANC - CHICAGO MERCANTILE EXCHANGE,2016-03-29,17932,13285,-1459.0,-1920.0,35601,-2055.0,4647,461.0
SWISS FRANC - CHICAGO MERCANTILE EXCHANGE,2016-04-05,16564,10915,-1368.0,-2370.0,36411,810.0,5649,1002.0
SWISS FRANC - CHICAGO MERCANTILE EXCHANGE,2016-04-12,17478,9240,914.0,-1675.0,39757,3346.0,8238,2589.0
SWISS FRANC - CHICAGO MERCANTILE EXCHANGE,2016-04-19,19859,10449,2381.0,1209.0,43212,3455.0,9410,1172.0
SWISS FRANC - CHICAGO MERCANTILE EXCHANGE,2016-04-26,23990,14725,4131.0,4276.0,42860,-352.0,9265,-145.0
SWISS FRANC - CHICAGO MERCANTILE EXCHANGE,2016-05-03,21297,14468,-2693.0,-257.0,41656,-1204.0,6829,-2436.0
SWISS FRANC - CHICAGO MERCANTILE EXCHANGE,2016-05-10,22674,15757,1377.0,1289.0,42701,1045.0,6917,88.0
SWISS FRANC - CHICAGO MERCANTILE EXCHANGE,2016-05-17,22463,18316,-211.0,2559.0,44754,2053.0,4147,-2770.0
SWISS FRANC - CHICAGO MERCANTILE EXCHANGE,2016-05-24,24884,20930,2421.0,2614.0,52142,7388.0,3954,-193.0
SWISS FRANC - CHICAGO MERCANTILE EXCHANGE,2016-05-31,24291,24162,-593.0,3232.0,57175,5033.0,129,-3825.0
SWISS FRANC - CHICAGO MERCANTILE EXCHANGE,2016-06-07,21644,31289,-2647.0,7127.0,62626,5451.0,-9645,-9774.0
SWISS FRANC - CHICAGO MERCANTILE EXCHANGE,2016-06-14,28492,21362,6848.0,-9927.0,43110,-19516.0,7130,16775.0
SWISS FRANC - CHICAGO MERCANTILE EXCHANGE,2016-06-21,24016,17635,-4476.0,-3727.0,38535,-4575.0,6381,-749.0
SWISS FRANC - CHICAGO MERCANTILE EXCHANGE,2016-06-28,22905,12038,-1111.0,-5597.0,35507,-3028.0,10867,4486.0
SWISS FRANC - CHICAGO MERCANTILE EXCHANGE,2016-07-05,22474,13796,-431.0,1758.0,34796,-711.0,8678,-2189.0
SWISS FRANC - CHICAGO MERCANTILE EXCHANGE,2016-07-12,23330,16612,856.0,2816.0,39010,4214.0,6718,-1960.0
SWISS FRANC - CHICAGO MERCANTILE EXCHANGE,2016-07-19,23191,18504,-139.0,1892.0,41766,2756.0,4687,-2031.0
SWISS FRANC - CHICAGO MERCANTILE EXCHANGE,2016-07-26,26807,25861,3616.0,7357.0,51507,9741.0,946,-3741.0
SWISS FRANC - CHICAGO MERCANTILE EXCHANGE,2016-08-02,21216,22931,-5591.0,-2930.0,44853,-6654.0,-1715,-2661.0
SWISS FRANC - CHICAGO MERCANTILE EXCHANGE,2016-08-09,20426,20319,-790.0,-2612.0,43405,-1448.0,107,1822.0
SWISS FRANC - CHICAGO MERCANTILE EXCHANGE,2016-08-16,19996,21541,-430.0,1222.0,42786,-619.0,-1545,-1652.0
SWISS FRANC - CHICAGO MERCANTILE EXCHANGE,2016-08-23,20921,19036,925.0,-2505.0,39554,-3232.0,1885,3430.0
SWISS FRANC - CHICAGO MERCANTILE EXCHANGE,2016-08-30,24557,16349,3636.0,-2687.0,42294,2740.0,8208,6323.0
SWISS FRANC - CHICAGO MERCANTILE EXCHANGE,2016-09-06,22819,21368,-1738.0,5019.0,45795,3501.0,1451,-6757.0
SWISS FRANC - CHICAGO MERCANTILE EXCHANGE,2016-09-13,20853,19505,-1966.0,-1863.0,44748,-1047.0,1348,-103.0
SWISS FRANC - CHICAGO MERCANTILE EXCHANGE,2016-09-20,27281,18868,6428.0,-637.0,40838,-3910.0,8413,7065.0
SWISS FRANC - CHICAGO MERCANTILE EXCHANGE,2016-09-27,12803,18759,-14478.0,-109.0,38969,-1869.0,-5956,-14369.0
SWISS FRANC - CHICAGO MERCANTILE EXCHANGE,2016-10-04,19293,22229,6490.0,3470.0,46330,7361.0,-2936,3020.0
SWISS FRANC - CHICAGO MERCANTILE EXCHANGE,2016-10-11,20146,29554,853.0,7325.0,55747,9417.0,-9408,-6472.0
SWISS FRANC - CHICAGO MERCANTILE EXCHANGE,2016-10-18,18329,34706,-1817.0,5152.0,63226,7479.0,-16377,-6969.0
SWISS FRANC - CHICAGO MERCANTILE EXCHANGE,2016-10-25,18828,37528,499.0,2822.0,67211,3985.0,-18700,-2323.0
SWISS FRANC - CHICAGO MERCANTILE EXCHANGE,2016-11-01,12744,32714,-6084.0,-4814.0,59698,-7513.0,-19970,-1270.0
SWISS FRANC - CHICAGO MERCANTILE EXCHANGE,2016-11-08,6806,30097,-5938.0,-2617.0,53632,-6066.0,-23291,-3321.0
SWISS FRANC - CHICAGO MERCANTILE EXCHANGE,2016-11-15,7005,29199,199.0,-898.0,54533,901.0,-22194,1097.0
SWISS FRANC - CHICAGO MERCANTILE EXCHANGE,2016-11-22,9515,32415,2510.0,3216.0,60191,5658.0,-22900,-706.0
SWISS FRANC - CHICAGO MERCANTILE EXCHANGE,2016-11-29,13027,37361,3512.0,4946.0,67062,6871.0,-24334,-1434.0
SWISS FRANC - CHICAGO MERCANTILE EXCHANGE,2016-12-06,9859,35256,-3168.0,-2105.0,65455,-1607.0,-25397,-1063.0
SWISS FRANC - CHICAGO MERCANTILE EXCHANGE,2016-12-13,5600,30888,-4259.0,-4368.0,64633,-822.0,-25288,109.0
SWISS FRANC - CHICAGO MERCANTILE EXCHANGE,2016-12-20,33476,26366,27876.0,-4522.0,55185,-9448.0,7110,32398.0
SWISS FRANC - CHICAGO MERCANTILE EXCHANGE,2016-12-27,14303,24394,-19173.0,-1972.0,54605,-580.0,-10091,-17201.0
SWISS FRANC - CHICAGO MERCANTILE EXCHANGE,2017-01-03,11813,25252,-2490.0,858.0,53455,-1150.0,-13439,-3348.0
SWISS FRANC - CHICAGO MERCANTILE EXCHANGE,2017-01-10,10012,24258,-1801.0,-994.0,50253,-3202.0,-14246,-807.0
SWISS FRANC - CHICAGO MERCANTILE EXCHANGE,2017-01-17,7166,20849,-2846.0,-3409.0,45713,-4540.0,-13683,563.0
SWISS FRANC - CHICAGO MERCANTILE EXCHANGE,2017-01-24,6198,19842,-968.0,-1007.0,45493,-220.0,-13644,39.0
SWISS FRANC - CHICAGO MERCANTILE EXCHANGE,2017-01-31,6812,23952,614.0,4110.0,49558,4065.0,-17140,-3496.0
SWISS FRANC - CHICAGO MERCANTILE EXCHANGE,2017-02-07,7059,21680,247.0,-2272.0,48883,-675.0,-14621,2519.0
SWISS FRANC - CHICAGO MERCANTILE EXCHANGE,2017-02-14,6608,18092,-451.0,-3588.0,47482,-1401.0,-11484,3137.0
SWISS FRANC - CHICAGO MERCANTILE EXCHANGE,2017-02-21,6945,15881,337.0,-2211.0,48398,916.0,-8936,2548.0
SWISS FRANC - CHICAGO MERCANTILE EXCHANGE,2017-02-28,3569,15383,-3376.0,-498.0,46601,-1797.0,-11814,-2878.0
SWISS FRANC - CHICAGO MERCANTILE EXCHANGE,2017-03-07,12718,22734,9149.0,7351.0,56508,9907.0,-10016,1798.0
SWISS FRANC - CHICAGO MERCANTILE EXCHANGE,2017-03-14,12950,21947,232.0,-787.0,45623,-10885.0,-8997,1019.0
SWISS FRANC - CHICAGO MERCANTILE EXCHANGE,2017-03-21,9089,21068,-3861.0,-879.0,42613,-3010.0,-11979,-2982.0
SWISS FRANC - CHICAGO MERCANTILE EXCHANGE,2017-03-28,6886,23278,-2203.0,2210.0,42124,-489.0,-16392,-4413.0
SWISS FRANC - CHICAGO MERCANTILE EXCHANGE,2017-04-04,5694,19519,-1192.0,-3759.0,39010,-3114.0,-13825,2567.0
SWISS FRANC - CHICAGO MERCANTILE EXCHANGE,2017-04-11,13107,23235,7413.0,3716.0,46768,7758.0,-10128,3697.0
SWISS FRANC - CHICAGO MERCANTILE EXCHANGE,2017-04-18,10830,24632,-2277.0,1397.0,48435,1667.0,-13802,-3674.0
SWISS FRANC - CHICAGO MERCANTILE EXCHANGE,2017-04-25,7654,24971,-3176.0,339.0,46882,-1553.0,-17317,-3515.0
SWISS FRANC - CHICAGO MERCANTILE EXCHANGE,2017-05-02,4448,22156,-3206.0,-2815.0,43343,-3539.0,-17708,-391.0
SWISS FRANC - CHICAGO MERCANTILE EXCHANGE,2017-05-09,8480,23676,4032.0,1520.0,48410,5067.0,-15196,2512.0
SWISS FRANC - CHICAGO MERCANTILE EXCHANGE,2017-05-16,3946,25108,-4534.0,1432.0,48928,518.0,-21162,-5966.0
SWISS FRANC - CHICAGO MERCANTILE EXCHANGE,2017-05-23,6118,25903,2172.0,795.0,51178,2250.0,-19785,1377.0
SWISS FRANC - CHICAGO MERCANTILE EXCHANGE,2017-05-30,8735,27247,2617.0,1344.0,54403,3225.0,-18512,1273.0
SWISS FRANC - CHICAGO MERCANTILE EXCHANGE,2017-06-06,6752,23307,-1983.0,-3940.0,51728,-2675.0,-16555,1957.0
SWISS FRANC - CHICAGO MERCANTILE EXCHANGE,2017-06-13,8518,22978,1766.0,-329.0,55138,3410.0,-14460,2095.0
SWISS FRANC - CHICAGO MERCANTILE EXCHANGE,2017-06-20,11275,14257,2757.0,-8721.0,35051,-20087.0,-2982,11478.0
SWISS FRANC - CHICAGO MERCANTILE EXCHANGE,2017-06-27,11218,15887,-57.0,1630.0,37364,2313.0,-4669,-1687.0
SWISS FRANC - CHICAGO MERCANTILE EXCHANGE,2017-07-03,10928,11041,-290.0,-4846.0,38491,1127.0,-113,4556.0
SWISS FRANC - CHICAGO MERCANTILE EXCHANGE,2017-07-11,10359,10151,-569.0,-890.0,37943,-548.0,208,321.0
SWISS FRANC - CHICAGO MERCANTILE EXCHANGE,2017-07-18,13832,17499,3473.0,7348.0,43183,5240.0,-3667,-3875.0
SWISS FRANC - CHICAGO MERCANTILE EXCHANGE,2017-07-25,14893,16443,1061.0,-1056.0,45005,1822.0,-1550,2117.0
SWISS FRANC - CHICAGO MERCANTILE EXCHANGE,2017-08-01,13536,12096,-1357.0,-4347.0,39812,-5193.0,1440,2990.0
SWISS FRANC - CHICAGO MERCANTILE EXCHANGE,2017-08-08,15268,16670,1732.0,4574.0,43122,3310.0,-1402,-2842.0
SWISS FRANC - CHICAGO MERCANTILE EXCHANGE,2017-08-15,12556,13737,-2712.0,-2933.0,39380,-3742.0,-1181,221.0
SWISS FRANC - CHICAGO MERCANTILE EXCHANGE,2017-08-22,12168,14155,-388.0,418.0,40420,1040.0,-1987,-806.0
SWISS FRANC - CHICAGO MERCANTILE EXCHANGE,2017-08-29,13209,14987,1041.0,832.0,42067,1647.0,-1778,209.0
SWISS FRANC - CHICAGO MERCANTILE EXCHANGE,2017-09-05,11892,14063,-1317.0,-924.0,42019,-48.0,-2171,-393.0
SWISS FRANC - CHICAGO MERCANTILE EXCHANGE,2017-09-12,13556,14870,1664.0,807.0,44076,2057.0,-1314,857.0
SWISS FRANC - CHICAGO MERCANTILE EXCHANGE,2017-09-19,13387,14956,-169.0,86.0,35451,-8625.0,-1569,-255.0
SWISS FRANC - CHICAGO MERCANTILE EXCHANGE,2017-09-26,14926,16788,1539.0,1832.0,39765,4314.0,-1862,-293.0
SWISS FRANC - CHICAGO MERCANTILE EXCHANGE,2017-10-03,17614,20907,2688.0,4119.0,44571,4806.0,-3293,-1431.0
SWISS FRANC - CHICAGO MERCANTILE EXCHANGE,2017-10-10,18211,22473,597.0,1566.0,49039,4468.0,-4262,-969.0
SWISS FRANC - CHICAGO MERCANTILE EXCHANGE,2017-10-17,22174,27105,3963.0,4632.0,55168,6129.0,-4931,-669.0
SWISS FRANC - CHICAGO MERCANTILE EXCHANGE,2017-10-24,22539,34136,365.0,7031.0,63892,8724.0,-11597,-6666.0
SWISS FRANC - CHICAGO MERCANTILE EXCHANGE,2017-10-31,21001,41672,-1538.0,7536.0,74717,10825.0,-20671,-9074.0
SWISS FRANC - CHICAGO MERCANTILE EXCHANGE,2017-11-07,19568,44678,-1433.0,3006.0,79116,4399.0,-25110,-4439.0
SWISS FRANC - CHICAGO MERCANTILE EXCHANGE,2017-11-14,19470,47453,-98.0,2775.0,81661,2545.0,-27983,-2873.0
SWISS FRANC - CHICAGO MERCANTILE EXCHANGE,2017-11-21,20821,50561,1351.0,3108.0,82906,1245.0,-29740,-1757.0
SWISS FRANC - CHICAGO MERCANTILE EXCHANGE,2017-11-28,17581,47765,-3240.0,-2796.0,79544,-3362.0,-30184,-444.0
SWISS FRANC - CHICAGO MERCANTILE EXCHANGE,2017-12-05,17891,47458,310.0,-307.0,80778,1234.0,-29567,617.0
SWISS FRANC - CHICAGO MERCANTILE EXCHANGE,2017-12-12,19349,48114,1458.0,656.0,95115,14337.0,-28765,802.0
SWISS FRANC - CHICAGO MERCANTILE EXCHANGE,2017-12-19,29875,47270,10526.0,-844.0,78872,-16243.0,-17395,11370.0
SWISS FRANC - CHICAGO MERCANTILE EXCHANGE,2017-12-26,31959,45861,2084.0,-1409.0,81655,2783.0,-13902,3493.0
SWISS FRANC - CHICAGO MERCANTILE EXCHANGE,2018-01-02,24984,41216,-6975.0,-4645.0,75662,-5993.0,-16232,-2330.0
SWISS FRANC - CHICAGO MERCANTILE EXCHANGE,2018-01-09,18523,40445,-6461.0,-771.0,77070,1408.0,-21922,-5690.0
SWISS FRANC - CHICAGO MERCANTILE EXCHANGE,2018-01-16,14233,35339,-4290.0,-5106.0,70214,-6856.0,-21106,816.0
SWISS FRANC - CHICAGO MERCANTILE EXCHANGE,2018-01-23,14245,36360,12.0,1021.0,71767,1553.0,-22115,-1009.0
SWISS FRANC - CHICAGO MERCANTILE EXCHANGE,2018-01-30,16673,37000,2428.0,640.0,72587,820.0,-20327,1788.0
SWISS FRANC - CHICAGO MERCANTILE EXCHANGE,2018-02-06,16898,37139,225.0,139.0,73968,1381.0,-20241,86.0
SWISS FRANC - CHICAGO MERCANTILE EXCHANGE,2018-02-13,17763,37688,865.0,549.0,74651,683.0,-19925,316.0
SWISS FRANC - CHICAGO MERCANTILE EXCHANGE,2018-02-20,17063,32851,-700.0,-4837.0,69137,-5514.0,-15788,4137.0
SWISS FRANC - CHICAGO MERCANTILE EXCHANGE,2018-02-27,15888,31887,-1175.0,-964.0,69018,-119.0,-15999,-211.0
SWISS FRANC - CHICAGO MERCANTILE EXCHANGE,2018-03-06,17945,26422,2057.0,-5465.0,62349,-6669.0,-8477,7522.0
SWISS FRANC - CHICAGO MERCANTILE EXCHANGE,2018-03-13,17190,23762,-755.0,-2660.0,63221,872.0,-6572,1905.0
SWISS FRANC - CHICAGO MERCANTILE EXCHANGE,2018-03-20,17431,25677,241.0,1915.0,44305,-18916.0,-8246,-1674.0
SWISS FRANC - CHICAGO MERCANTILE EXCHANGE,2018-03-27,15992,25437,-1439.0,-240.0,44649,344.0,-9445,-1199.0
SWISS FRANC - CHICAGO MERCANTILE EXCHANGE,2018-04-03,17908,27819,1916.0,2382.0,48734,4085.0,-9911,-466.0
SWISS FRANC - CHICAGO MERCANTILE EXCHANGE,2018-04-10,18370,29114,462.0,1295.0,51144,2410.0,-10744,-833.0
SWISS FRANC - CHICAGO MERCANTILE EXCHANGE,2018-04-17,24967,35488,6597.0,6374.0,59012,7868.0,-10521,223.0
SWISS FRANC - CHICAGO MERCANTILE EXCHANGE,2018-04-24,29376,39601,4409.0,4113.0,71004,11992.0,-10225,296.0
SWISS FRANC - CHICAGO MERCANTILE EXCHANGE,2018-05-01,28810,48266,-566.0,8665.0,84228,13224.0,-19456,-9231.0
SWISS FRANC - CHICAGO MERCANTILE EXCHANGE,2018-05-08,25690,58292,-3120.0,10026.0,97900,13672.0,-32602,-13146.0
SWISS FRANC - CHICAGO MERCANTILE EXCHANGE,2018-05-15,25724,62117,34.0,3825.0,103691,5791.0,-36393,-3791.0
SWISS FRANC - CHICAGO MERCANTILE EXCHANGE,2018-05-22,25386,62697,-338.0,580.0,104258,567.0,-37311,-918.0
SWISS FRANC - CHICAGO MERCANTILE EXCHANGE,2018-05-29,19744,63175,-5642.0,478.0,107190,2932.0,-43431,-6120.0
SWISS FRANC - CHICAGO MERCANTILE EXCHANGE,2018-06-05,16349,55565,-3395.0,-7610.0,100867,-6323.0,-39216,4215.0
SWISS FRANC - CHICAGO MERCANTILE EXCHANGE,2018-06-12,13020,50265,-3329.0,-5300.0,101245,378.0,-37245,1971.0
SWISS FRANC - CHICAGO MERCANTILE EXCHANGE,2018-06-19,18837,50794,5817.0,529.0,93601,-7644.0,-31957,5288.0
SWISS FRANC - CHICAGO MERCANTILE EXCHANGE,2018-06-26,13242,51273,-5595.0,479.0,92933,-668.0,-38031,-6074.0
SWISS FRANC - CHICAGO MERCANTILE EXCHANGE,2018-07-03,9599,50093,-3643.0,-1180.0,91196,-1737.0,-40494,-2463.0
SWISS FRANC - CHICAGO MERCANTILE EXCHANGE,2018-07-10,8308,48429,-1291.0,-1664.0,89910,-1286.0,-40121,373.0
SWISS FRANC - CHICAGO MERCANTILE EXCHANGE,2018-07-17,7320,49463,-988.0,1034.0,91952,2042.0,-42143,-2022.0
SWISS FRANC - CHICAGO MERCANTILE EXCHANGE,2018-07-24,4764,50572,-2556.0,1109.0,91838,-114.0,-45808,-3665.0
SWISS FRANC - CHICAGO MERCANTILE EXCHANGE,2018-07-31,6190,50612,1426.0,40.0,91099,-739.0,-44422,1386.0
SWISS FRANC - CHICAGO MERCANTILE EXCHANGE,2018-08-07,5728,51836,-462.0,1224.0,90930,-169.0,-46108,-1686.0
SWISS FRANC - CHICAGO MERCANTILE EXCHANGE,2018-08-14,5424,51273,-304.0,-563.0,90768,-162.0,-45849,259.0
SWISS FRANC - CHICAGO MERCANTILE EXCHANGE,2018-08-21,6302,53520,878.0,2247.0,90905,137.0,-47218,-1369.0
SWISS FRANC - CHICAGO MERCANTILE EXCHANGE,2018-08-28,5884,50628,-418.0,-2892.0,85366,-5539.0,-44744,2474.0
SWISS FRANC - CHICAGO MERCANTILE EXCHANGE,2018-09-04,7973,48367,2089.0,-2261.0,80733,-4633.0,-40394,4350.0
SWISS FRANC - CHICAGO MERCANTILE EXCHANGE,2018-09-11,7676,43026,-297.0,-5341.0,79879,-854.0,-35350,5044.0
SWISS FRANC - CHICAGO MERCANTILE EXCHANGE,2018-09-18,9875,28313,2199.0,-14713.0,54251,-25628.0,-18438,16912.0
SWISS FRANC - CHICAGO MERCANTILE EXCHANGE,2018-09-25,10394,26477,519.0,-1836.0,53927,-324.0,-16083,2355.0
SWISS FRANC - CHICAGO MERCANTILE EXCHANGE,2018-10-02,11848,25250,1454.0,-1227.0,54650,723.0,-13402,2681.0
SWISS FRANC - CHICAGO MERCANTILE EXCHANGE,2018-10-09,14990,27793,3142.0,2543.0,61862,7212.0,-12803,599.0
SWISS FRANC - CHICAGO MERCANTILE EXCHANGE,2018-10-16,13505,30029,-1485.0,2236.0,64635,2773.0,-16524,-3721.0
SWISS FRANC - CHICAGO MERCANTILE EXCHANGE,2018-10-23,13213,30318,-292.0,289.0,69685,5050.0,-17105,-581.0
SWISS FRANC - CHICAGO MERCANTILE EXCHANGE,2018-10-30,18851,33373,5638.0,3055.0,75835,6150.0,-14522,2583.0
SWISS FRANC - CHICAGO MERCANTILE EXCHANGE,2018-11-06,16747,36695,-2104.0,3322.0,77205,1370.0,-19948,-5426.0
SWISS FRANC - CHICAGO MERCANTILE EXCHANGE,2018-11-13,15841,34443,-906.0,-2252.0,77629,424.0,-18602,1346.0
SWISS FRANC - CHICAGO MERCANTILE EXCHANGE,2018-11-20,17418,37043,1577.0,2600.0,81100,3471.0,-19625,-1023.0
SWISS FRANC - CHICAGO MERCANTILE EXCHANGE,2018-11-27,16871,37939,-547.0,896.0,78973,-2127.0,-21068,-1443.0
SWISS FRANC - CHICAGO MERCANTILE EXCHANGE,2018-12-04,17913,37708,1042.0,-231.0,79008,35.0,-19795,1273.0
SWISS FRANC - CHICAGO MERCANTILE EXCHANGE,2018-12-11,16858,35125,-1055.0,-2583.0,81518,2510.0,-18267,1528.0
SWISS FRANC - CHICAGO MERCANTILE EXCHANGE,2018-12-18,8437,31363,-8421.0,-3762.0,70943,-10575.0,-22926,-4659.0
SWISS FRANC - CHICAGO MERCANTILE EXCHANGE,2018-12-24,6830,30159,-1607.0,-1204.0,70711,-232.0,-23329,-403.0
SWISS FRANC - CHICAGO MERCANTILE EXCHANGE,2018-12-31,5931,31461,-899.0,1302.0,67730,-2981.0,-25530,-2201.0
SWISS FRANC - CHICAGO MERCANTILE EXCHANGE,2019-01-08,5724,28910,-207.0,-2551.0,67100,-630.0,-23186,2344.0
SWISS FRANC - CHICAGO MERCANTILE EXCHANGE,2019-01-15,5870,21164,146.0,-7746.0,62523,-4577.0,-15294,7892.0
SWISS FRANC - CHICAGO MERCANTILE EXCHANGE,2019-01-22,6091,22493,221.0,1329.0,63095,572.0,-16402,-1108.0
SWISS FRANC - CHICAGO MERCANTILE EXCHANGE,2019-01-29,6826,24906,735.0,2413.0,65004,1909.0,-18080,-1678.0
SWISS FRANC - CHICAGO MERCANTILE EXCHANGE,2019-02-05,9664,27778,2838.0,2872.0,68402,3398.0,-18114,-34.0
SWISS FRANC - CHICAGO MERCANTILE EXCHANGE,2019-02-12,10246,30926,582.0,3148.0,72014,3612.0,-20680,-2566.0
SWISS FRANC - CHICAGO MERCANTILE EXCHANGE,2019-02-19,9497,32847,-749.0,1921.0,74612,2598.0,-23350,-2670.0
SWISS FRANC - CHICAGO MERCANTILE EXCHANGE,2019-02-26,8777,34126,-720.0,1279.0,75277,665.0,-25349,-1999.0
SWISS FRANC - CHICAGO MERCANTILE EXCHANGE,2019-03-05,11993,36097,3216.0,1971.0,79621,4344.0,-24104,1245.0
SWISS FRANC - CHICAGO MERCANTILE EXCHANGE,2019-03-12,12174,35479,181.0,-618.0,85572,5951.0,-23305,799.0
SWISS FRANC - CHICAGO MERCANTILE EXCHANGE,2019-03-19,7626,34815,-4548.0,-664.0,75896,-9676.0,-27189,-3884.0
SWISS FRANC - CHICAGO MERCANTILE EXCHANGE,2019-03-26,5759,33054,-1867.0,-1761.0,72539,-3357.0,-27295,-106.0
SWISS FRANC - CHICAGO MERCANTILE EXCHANGE,2019-04-02,7280,33546,1521.0,492.0,73617,1078.0,-26266,1029.0
SWISS FRANC - CHICAGO MERCANTILE EXCHANGE,2019-04-09,7285,35431,5.0,1885.0,74157,540.0,-28146,-1880.0
SWISS FRANC - CHICAGO MERCANTILE EXCHANGE,2019-04-16,6571,39155,-714.0,3724.0,81940,7783.0,-32584,-4438.0
SWISS FRANC - CHICAGO MERCANTILE EXCHANGE,2019-04-23,9639,47175,3068.0,8020.0,94115,12175.0,-37536,-4952.0
SWISS FRANC - CHICAGO MERCANTILE EXCHANGE,2019-04-30,14239,53985,4600.0,6810.0,102722,8607.0,-39746,-2210.0
SWISS FRANC - CHICAGO MERCANTILE EXCHANGE,2019-05-07,12383,51962,-1856.0,-2023.0,101595,-1127.0,-39579,167.0
SWISS FRANC - CHICAGO MERCANTILE EXCHANGE,2019-05-14,7646,47656,-4737.0,-4306.0,93782,-7813.0,-40010,-431.0
SWISS FRANC - CHICAGO MERCANTILE EXCHANGE,2019-05-21,5270,42765,-2376.0,-4891.0,88283,-5499.0,-37495,2515.0
SWISS FRANC - CHICAGO MERCANTILE EXCHANGE,2019-05-28,4644,39319,-626.0,-3446.0,85660,-2623.0,-34675,2820.0
SWISS FRANC - CHICAGO MERCANTILE EXCHANGE,2019-06-04,4541,40606,-103.0,1287.0,82843,-2817.0,-36065,-1390.0
SWISS FRANC - CHICAGO MERCANTILE EXCHANGE,2019-06-11,4466,29254,-75.0,-11352.0,72177,-10666.0,-24788,11277.0
SWISS FRANC - CHICAGO MERCANTILE EXCHANGE,2019-06-18,6317,21801,1851.0,-7453.0,58961,-13216.0,-15484,9304.0
SWISS FRANC - CHICAGO MERCANTILE EXCHANGE,2019-06-25,7030,23511,713.0,1710.0,55740,-3221.0,-16481,-997.0
SWISS FRANC - CHICAGO MERCANTILE EXCHANGE,2019-07-02,5672,16414,-1358.0,-7097.0,50766,-4974.0,-10742,5739.0
SWISS FRANC - CHICAGO MERCANTILE EXCHANGE,2019-07-09,7149,17577,1477.0,1163.0,51844,1078.0,-10428,314.0
SWISS FRANC - CHICAGO MERCANTILE EXCHANGE,2019-07-16,5962,17694,-1187.0,117.0,52203,359.0,-11732,-1304.0
SWISS FRANC - CHICAGO MERCANTILE EXCHANGE,2019-07-23,6886,20079,924.0,2385.0,53369,1166.0,-13193,-1461.0
SWISS FRANC - CHICAGO MERCANTILE EXCHANGE,2019-07-30,10821,25309,3935.0,5230.0,57805,4436.0,-14488,-1295.0
SWISS FRANC - CHICAGO MERCANTILE EXCHANGE,2019-08-06,8395,24826,-2426.0,-483.0,56716,-1089.0,-16431,-1943.0
SWISS FRANC - CHICAGO MERCANTILE EXCHANGE,2019-08-13,7760,20712,-635.0,-4114.0,54267,-2449.0,-12952,3479.0
SWISS FRANC - CHICAGO MERCANTILE EXCHANGE,2019-08-20,7925,19042,165.0,-1670.0,54941,674.0,-11117,1835.0
SWISS FRANC - CHICAGO MERCANTILE EXCHANGE,2019-08-27,14235,18035,6310.0,-1007.0,55251,310.0,-3800,7317.0
SWISS FRANC - CHICAGO MERCANTILE EXCHANGE,2019-09-03,16362,22201,2127.0,4166.0,60867,5616.0,-5839,-2039.0
SWISS FRANC - CHICAGO MERCANTILE EXCHANGE,2019-09-10,16087,18979,-275.0,-3222.0,64165,3298.0,-2892,2947.0
SWISS FRANC - CHICAGO MERCANTILE EXCHANGE,2019-09-17,15125,19681,-962.0,702.0,52487,-11678.0,-4556,-1664.0
SWISS FRANC - CHICAGO MERCANTILE EXCHANGE,2019-09-24,14279,24831,-846.0,5150.0,56934,4447.0,-10552,-5996.0
SWISS FRANC - CHICAGO MERCANTILE EXCHANGE,2019-10-01,18245,29780,3966.0,4949.0,65484,8550.0,-11535,-983.0
SWISS FRANC - CHICAGO MERCANTILE EXCHANGE,2019-10-08,15252,26299,-2993.0,-3481.0,64837,-647.0,-11047,488.0
SWISS FRANC - CHICAGO MERCANTILE EXCHANGE,2019-10-15,13534,26300,-1718.0,1.0,64763,-74.0,-12766,-1719.0
SWISS FRANC - CHICAGO MERCANTILE EXCHANGE,2019-10-22,13051,24386,-483.0,-1914.0,61619,-3144.0,-11335,1431.0
SWISS FRANC - CHICAGO MERCANTILE EXCHANGE,2019-10-29,14334,26818,1283.0,2432.0,65712,4093.0,-12484,-1149.0
SWISS FRANC - CHICAGO MERCANTILE EXCHANGE,2019-11-05,14048,28201,-286.0,1383.0,67855,2143.0,-14153,-1669.0
SWISS FRANC - CHICAGO MERCANTILE EXCHANGE,2019-11-12,12824,27944,-1224.0,-257.0,68066,211.0,-15120,-967.0
SWISS FRANC - CHICAGO MERCANTILE EXCHANGE,2019-11-19,11573,27765,-1251.0,-179.0,68223,157.0,-16192,-1072.0
SWISS FRANC - CHICAGO MERCANTILE EXCHANGE,2019-11-26,14767,35742,3194.0,7977.0,77318,9095.0,-20975,-4783.0
SWISS FRANC - CHICAGO MERCANTILE EXCHANGE,2019-12-03,15119,37406,352.0,1664.0,79183,1865.0,-22287,-1312.0
SWISS FRANC - CHICAGO MERCANTILE EXCHANGE,2019-12-10,10182,31047,-4937.0,-6359.0,75650,-3533.0,-20865,1422.0
SWISS FRANC - CHICAGO MERCANTILE EXCHANGE,2019-12-17,13762,24836,3580.0,-6211.0,61630,-14020.0,-11074,9791.0
SWISS FRANC - CHICAGO MERCANTILE EXCHANGE,2019-12-24,14516,24195,754.0,-641.0,60450,-1180.0,-9679,1395.0
SWISS FRANC - CHICAGO MERCANTILE EXCHANGE,2019-12-31,14549,20274,33.0,-3921.0,55514,-4936.0,-5725,3954.0
SWISS FRANC - CHICAGO MERCANTILE EXCHANGE,2020-01-07,11298,15767,-3251.0,-4507.0,49365,-6149.0,-4469,1256.0
SWISS FRANC - CHICAGO MERCANTILE EXCHANGE,2020-01-14,12417,12609,1119.0,-3158.0,49118,-247.0,-192,4277.0
SWISS FRANC - CHICAGO MERCANTILE EXCHANGE,2020-01-21,12375,10839,-42.0,-1770.0,50368,1250.0,1536,1728.0
SWISS FRANC - CHICAGO MERCANTILE EXCHANGE,2020-01-28,12969,9472,594.0,-1367.0,51440,1072.0,3497,1961.0
SWISS FRANC - CHICAGO MERCANTILE EXCHANGE,2020-02-04,14261,9342,1292.0,-130.0,49855,-1585.0,4919,1422.0
SWISS FRANC - CHICAGO MERCANTILE EXCHANGE,2020-02-11,15937,12170,1676.0,2828.0,51465,1610.0,3767,-1152.0
SWISS FRANC - CHICAGO MERCANTILE EXCHANGE,2020-02-18,17057,15516,1120.0,3346.0,52520,1055.0,1541,-2226.0
SWISS FRANC - CHICAGO MERCANTILE EXCHANGE,2020-02-25,19914,19298,2857.0,3782.0,57192,4672.0,616,-925.0
SWISS FRANC - CHICAGO MERCANTILE EXCHANGE,2020-03-03,14727,17969,-5187.0,-1329.0,54436,-2756.0,-3242,-3858.0
SWISS FRANC - CHICAGO MERCANTILE EXCHANGE,2020-03-10,13460,12865,-1267.0,-5104.0,50474,-3962.0,595,3837.0
SWISS FRANC - CHICAGO MERCANTILE EXCHANGE,2020-03-17,13963,6589,503.0,-6276.0,35254,-15220.0,7374,6779.0
SWISS FRANC - CHICAGO MERCANTILE EXCHANGE,2020-03-24,10294,5403,-3669.0,-1186.0,30767,-4487.0,4891,-2483.0
SWISS FRANC - CHICAGO MERCANTILE EXCHANGE,2020-03-31,10389,5442,95.0,39.0,29657,-1110.0,4947,56.0
SWISS FRANC - CHICAGO MERCANTILE EXCHANGE,2020-04-07,11186,5582,797.0,140.0,30391,734.0,5604,657.0
SWISS FRANC - CHICAGO MERCANTILE EXCHANGE,2020-04-14,11608,6951,422.0,1369.0,32718,2327.0,4657,-947.0
SWISS FRANC - CHICAGO MERCANTILE EXCHANGE,2020-04-21,12731,7807,1123.0,856.0,35026,2308.0,4924,267.0
SWISS FRANC - CHICAGO MERCANTILE EXCHANGE,2020-04-28,12474,6898,-257.0,-909.0,36326,1300.0,5576,652.0
SWISS FRANC - CHICAGO MERCANTILE EXCHANGE,2020-05-05,12967,5176,493.0,-1722.0,36257,-69.0,7791,2215.0
SWISS FRANC - CHICAGO MERCANTILE EXCHANGE,2020-05-12,12624,5976,-343.0,800.0,40469,4212.0,6648,-1143.0
SWISS FRANC - CHICAGO MERCANTILE EXCHANGE,2020-05-19,13678,4950,1054.0,-1026.0,38746,-1723.0,8728,2080.0
SWISS FRANC - CHICAGO MERCANTILE EXCHANGE,2020-05-26,13246,4507,-432.0,-443.0,39072,326.0,8739,11.0
SWISS FRANC - CHICAGO MERCANTILE EXCHANGE,2020-06-02,13364,4375,118.0,-132.0,40352,1280.0,8989,250.0
SWISS FRANC - CHICAGO MERCANTILE EXCHANGE,2020-06-09,10463,8697,-2901.0,4322.0,41580,1228.0,1766,-7223.0
SWISS FRANC - CHICAGO MERCANTILE EXCHANGE,2020-06-16,9150,7544,-1313.0,-1153.0,35733,-5847.0,1606,-160.0
SWISS FRANC - CHICAGO MERCANTILE EXCHANGE,2020-06-23,11739,10291,2589.0,2747.0,42299,6566.0,1448,-158.0
SWISS FRANC - CHICAGO MERCANTILE EXCHANGE,2020-06-30,12796,8458,1057.0,-1833.0,41400,-899.0,4338,2890.0
SWISS FRANC - CHICAGO MERCANTILE EXCHANGE,2020-07-07,12832,9054,36.0,596.0,45115,3715.0,3778,-560.0
SWISS FRANC - CHICAGO MERCANTILE EXCHANGE,2020-07-14,16526,9469,3694.0,415.0,48430,3315.0,7057,3279.0
SWISS FRANC - CHICAGO MERCANTILE EXCHANGE,2020-07-21,17761,10382,1235.0,913.0,51006,2576.0,7379,322.0
SWISS FRANC - CHICAGO MERCANTILE EXCHANGE,2020-07-28,17654,9212,-107.0,-1170.0,51799,793.0,8442,1063.0
SWISS FRANC - CHICAGO MERCANTILE EXCHANGE,2020-08-04,21760,10100,4106.0,888.0,56772,4973.0,11660,3218.0
SWISS FRANC - CHICAGO MERCANTILE EXCHANGE,2020-08-11,23084,5919,1324.0,-4181.0,56592,-180.0,17165,5505.0
SWISS FRANC - CHICAGO MERCANTILE EXCHANGE,2020-08-18,20774,6267,-2310.0,348.0,56114,-478.0,14507,-2658.0
SWISS FRANC - CHICAGO MERCANTILE EXCHANGE,2020-08-25,18344,6478,-2430.0,211.0,53085,-3029.0,11866,-2641.0
SWISS FRANC - CHICAGO MERCANTILE EXCHANGE,2020-09-01,19263,7666,919.0,1188.0,54037,952.0,11597,-269.0
SWISS FRANC - CHICAGO MERCANTILE EXCHANGE,2020-09-08,18440,6913,-823.0,-753.0,52562,-1475.0,11527,-70.0
SWISS FRANC - CHICAGO MERCANTILE EXCHANGE,2020-09-15,18649,6583,209.0,-330.0,52411,-151.0,12066,539.0
SWISS FRANC - CHICAGO MERCANTILE EXCHANGE,2020-09-22,21684,5768,3035.0,-815.0,51875,-536.0,15916,3850.0
SWISS FRANC - CHICAGO MERCANTILE EXCHANGE,2020-09-29,19166,6425,-2518.0,657.0,47666,-4209.0,12741,-3175.0
SWISS FRANC - CHICAGO MERCANTILE EXCHANGE,2020-10-06,16941,3845,-2225.0,-2580.0,45038,-2628.0,13096,355.0
SWISS FRANC - CHICAGO MERCANTILE EXCHANGE,2020-10-13,16896,4724,-45.0,879.0,47725,2687.0,12172,-924.0
SWISS FRANC - CHICAGO MERCANTILE EXCHANGE,2020-10-20,21682,7283,4786.0,2559.0,52755,5030.0,14399,2227.0
SWISS FRANC - CHICAGO MERCANTILE EXCHANGE,2020-10-27,22189,6686,507.0,-597.0,52735,-20.0,15503,1104.0
SWISS FRANC - CHICAGO MERCANTILE EXCHANGE,2020-11-03,20775,5880,-1414.0,-806.0,51092,-1643.0,14895,-608.0
SWISS FRANC - CHICAGO MERCANTILE EXCHANGE,2020-11-10,21403,5539,628.0,-341.0,52528,1436.0,15864,969.0
SWISS FRANC - CHICAGO MERCANTILE EXCHANGE,2020-11-17,19929,5005,-1474.0,-534.0,50775,-1753.0,14924,-940.0
SWISS FRANC - CHICAGO MERCANTILE EXCHANGE,2020-11-24,20117,5131,188.0,126.0,50388,-387.0,14986,62.0
SWISS FRANC - CHICAGO MERCANTILE EXCHANGE,2020-12-01,19860,5209,-257.0,78.0,51683,1295.0,14651,-335.0
SWISS FRANC - CHICAGO MERCANTILE EXCHANGE,2020-12-08,16693,6270,-3167.0,1061.0,54922,3239.0,10423,-4228.0
SWISS FRANC - CHICAGO MERCANTILE EXCHANGE,2020-12-15,17177,7886,484.0,1616.0,48913,-6009.0,9291,-1132.0
SWISS FRANC - CHICAGO MERCANTILE EXCHANGE,2020-12-21,23286,12042,6109.0,4156.0,53305,4392.0,11244,1953.0
SWISS FRANC - CHICAGO MERCANTILE EXCHANGE,2020-12-29,21496,9709,-1790.0,-2333.0,52404,-901.0,11787,543.0
SWISS FRANC - CHICAGO MERCANTILE EXCHANGE,2021-01-05,17386,8014,-4110.0,-1695.0,49028,-3376.0,9372,-2415.0
SWISS FRANC - CHICAGO MERCANTILE EXCHANGE,2021-01-12,20421,8446,3035.0,432.0,50164,1136.0,11975,2603.0
SWISS FRANC - CHICAGO MERCANTILE EXCHANGE,2021-01-19,17706,8286,-2715.0,-160.0,48530,-1634.0,9420,-2555.0
SWISS FRANC - CHICAGO MERCANTILE EXCHANGE,2021-01-26,17638,7546,-68.0,-740.0,48337,-193.0,10092,672.0
SWISS FRANC - CHICAGO MERCANTILE EXCHANGE,2021-02-02,22159,7518,4521.0,-28.0,50832,2495.0,14641,4549.0
SWISS FRANC - CHICAGO MERCANTILE EXCHANGE,2021-02-09,18778,7370,-3381.0,-148.0,48656,-2176.0,11408,-3233.0
SWISS FRANC - CHICAGO MERCANTILE EXCHANGE,2021-02-16,15745,7374,-3033.0,4.0,48093,-563.0,8371,-3037.0
SWISS FRANC - CHICAGO MERCANTILE EXCHANGE,2021-02-23,21561,10038,5816.0,2664.0,53002,4909.0,11523,3152.0
SWISS FRANC - CHICAGO MERCANTILE EXCHANGE,2021-03-02,21863,9602,302.0,-436.0,52707,-295.0,12261,738.0
SWISS FRANC - CHICAGO MERCANTILE EXCHANGE,2021-03-09,23614,9221,1751.0,-381.0,57348,4641.0,14393,2132.0
SWISS FRANC - CHICAGO MERCANTILE EXCHANGE,2021-03-16,13297,8626,-10317.0,-595.0,37985,-19363.0,4671,-9722.0
SWISS FRANC - CHICAGO MERCANTILE EXCHANGE,2021-03-23,12458,9586,-839.0,960.0,38302,317.0,2872,-1799.0
SWISS FRANC - CHICAGO MERCANTILE EXCHANGE,2021-03-30,16086,11817,3628.0,2231.0,42770,4468.0,4269,1397.0
SWISS FRANC - CHICAGO MERCANTILE EXCHANGE,2021-04-06,15690,12445,-396.0,628.0,43677,907.0,3245,-1024.0
SWISS FRANC - CHICAGO MERCANTILE EXCHANGE,2021-04-13,12965,12141,-2725.0,-304.0,42423,-1254.0,824,-2421.0
SWISS FRANC - CHICAGO MERCANTILE EXCHANGE,2021-04-20,11264,12906,-1701.0,765.0,41266,-1157.0,-1642,-2466.0
SWISS FRANC - CHICAGO MERCANTILE EXCHANGE,2021-04-27,11116,11802,-148.0,-1104.0,40783,-483.0,-686,956.0
SWISS FRANC - CHICAGO MERCANTILE EXCHANGE,2021-05-04,10276,10220,-840.0,-1582.0,39526,-1257.0,56,742.0
SWISS FRANC - CHICAGO MERCANTILE EXCHANGE,2021-05-11,10381,13232,105.0,3012.0,41585,2059.0,-2851,-2907.0
SWISS FRANC - CHICAGO MERCANTILE EXCHANGE,2021-05-18,11115,15380,734.0,2148.0,44162,2577.0,-4265,-1414.0
SWISS FRANC - CHICAGO MERCANTILE EXCHANGE,2021-05-25,12223,13426,1108.0,-1954.0,43521,-641.0,-1203,3062.0
SWISS FRANC - CHICAGO MERCANTILE EXCHANGE,2021-06-01,13940,13616,1717.0,190.0,46004,2483.0,324,1527.0
SWISS FRANC - CHICAGO MERCANTILE EXCHANGE,2021-06-08,12649,11573,-1291.0,-2043.0,49202,3198.0,1076,752.0
SWISS FRANC - CHICAGO MERCANTILE EXCHANGE,2021-06-15,14875,5488,2226.0,-6085.0,37057,-12145.0,9387,8311.0
SWISS FRANC - CHICAGO MERCANTILE EXCHANGE,2021-06-22,20980,7428,6105.0,1940.0,41889,4832.0,13552,4165.0
SWISS FRANC - CHICAGO MERCANTILE EXCHANGE,2021-06-29,18941,7876,-2039.0,448.0,42684,795.0,11065,-2487.0
SWISS FRANC - CHICAGO MERCANTILE EXCHANGE,2021-07-06,19230,9068,289.0,1192.0,44739,2055.0,10162,-903.0
SWISS FRANC - CHICAGO MERCANTILE EXCHANGE,2021-07-13,18074,10937,-1156.0,1869.0,45704,965.0,7137,-3025.0
SWISS FRANC - CHICAGO MERCANTILE EXCHANGE,2021-07-20,18061,10019,-13.0,-918.0,44735,-969.0,8042,905.0
SWISS FRANC - CHICAGO MERCANTILE EXCHANGE,2021-07-27,18262,9773,201.0,-246.0,44784,49.0,8489,447.0
SWISS FRANC - CHICAGO MERCANTILE EXCHANGE,2021-08-03,16522,8979,-1740.0,-794.0,42456,-2328.0,7543,-946.0
SWISS FRANC - CHICAGO MERCANTILE EXCHANGE,2021-08-10,18537,8859,2015.0,-120.0,45159,2703.0,9678,2135.0
SWISS FRANC - CHICAGO MERCANTILE EXCHANGE,2021-08-17,14354,8807,-4183.0,-52.0,44005,-1154.0,5547,-4131.0
SWISS FRANC - CHICAGO MERCANTILE EXCHANGE,2021-08-24,14608,10514,254.0,1707.0,43703,-302.0,4094,-1453.0
SWISS FRANC - CHICAGO MERCANTILE EXCHANGE,2021-08-31,14259,10284,-349.0,-230.0,43060,-643.0,3975,-119.0
SWISS FRANC - CHICAGO MERCANTILE EXCHANGE,2021-09-07,11671,11451,-2588.0,1167.0,44573,1513.0,220,-3755.0
SWISS FRANC - CHICAGO MERCANTILE EXCHANGE,2021-09-14,6170,12048,-5501.0,597.0,45513,940.0,-5878,-6098.0
SWISS FRANC - CHICAGO MERCANTILE EXCHANGE,2021-09-21,7447,16664,1277.0,4616.0,56838,11325.0,-9217,-3339.0
SWISS FRANC - CHICAGO MERCANTILE EXCHANGE,2021-09-28,6734,18321,-713.0,1657.0,58506,1668.0,-11587,-2370.0
SWISS FRANC - CHICAGO MERCANTILE EXCHANGE,2021-10-05,2274,17953,-4460.0,-368.0,55970,-2536.0,-15679,-4092.0
SWISS FRANC - CHICAGO MERCANTILE EXCHANGE,2021-10-12,3560,16532,1286.0,-1421.0,57341,1371.0,-12972,2707.0
SWISS FRANC - CHICAGO MERCANTILE EXCHANGE,2021-10-19,2365,19949,-1195.0,3417.0,55600,-1741.0,-17584,-4612.0
SWISS FRANC - CHICAGO MERCANTILE EXCHANGE,2021-10-26,1246,20625,-1119.0,676.0,54305,-1295.0,-19379,-1795.0
SWISS FRANC - CHICAGO MERCANTILE EXCHANGE,2021-11-02,1439,22087,193.0,1462.0,51613,-2692.0,-20648,-1269.0
SWISS FRANC - CHICAGO MERCANTILE EXCHANGE,2021-11-09,4690,21733,3251.0,-354.0,51546,-67.0,-17043,3605.0
SWISS FRANC - CHICAGO MERCANTILE EXCHANGE,2021-11-16,5502,14391,812.0,-7342.0,49320,-2226.0,-8889,8154.0
SWISS FRANC - CHICAGO MERCANTILE EXCHANGE,2021-11-23,6241,17617,739.0,3226.0,52412,3092.0,-11376,-2487.0
SWISS FRANC - CHICAGO MERCANTILE EXCHANGE,2021-11-30,3927,18109,-2314.0,492.0,50543,-1869.0,-14182,-2806.0
SWISS FRANC - CHICAGO MERCANTILE EXCHANGE,2021-12-07,2838,14891,-1089.0,-3218.0,51229,686.0,-12053,2129.0
SWISS FRANC - CHICAGO MERCANTILE EXCHANGE,2021-12-14,1344,9680,-1494.0,-5211.0,38467,-12762.0,-8336,3717.0
SWISS FRANC - CHICAGO MERCANTILE EXCHANGE,2021-12-21,2460,11687,1116.0,2007.0,40920,2453.0,-9227,-891.0
SWISS FRANC - CHICAGO MERCANTILE EXCHANGE,2021-12-28,1043,11761,-1417.0,74.0,40122,-798.0,-10718,-1491.0
SWISS FRANC - CHICAGO MERCANTILE EXCHANGE,2022-01-04,4510,14039,3467.0,2278.0,42251,2129.0,-9529,1189.0
SWISS FRANC - CHICAGO MERCANTILE EXCHANGE,2022-01-11,4571,12231,61.0,-1808.0,42713,462.0,-7660,1869.0
SWISS FRANC - CHICAGO MERCANTILE EXCHANGE,2022-01-18,925,11735,-3646.0,-496.0,39871,-2842.0,-10810,-3150.0
SWISS FRANC - CHICAGO MERCANTILE EXCHANGE,2022-01-25,1999,10795,1074.0,-940.0,39742,-129.0,-8796,2014.0
SWISS FRANC - CHICAGO MERCANTILE EXCHANGE,2022-02-01,698,8937,-1301.0,-1858.0,41054,1312.0,-8239,557.0
SWISS FRANC - CHICAGO MERCANTILE EXCHANGE,2022-02-08,1234,10633,536.0,1696.0,41481,427.0,-9399,-1160.0
SWISS FRANC - CHICAGO MERCANTILE EXCHANGE,2022-02-15,3652,13367,2418.0,2734.0,45522,4041.0,-9715,-316.0
SWISS FRANC - CHICAGO MERCANTILE EXCHANGE,2022-02-22,3785,14772,133.0,1405.0,47339,1817.0,-10987,-1272.0
SWISS FRANC - CHICAGO MERCANTILE EXCHANGE,2022-03-01,1651,16899,-2134.0,2127.0,47273,-66.0,-15248,-4261.0
SWISS FRANC - CHICAGO MERCANTILE EXCHANGE,2022-03-08,4856,14566,3205.0,-2333.0,51820,4547.0,-9710,5538.0
SWISS FRANC - CHICAGO MERCANTILE EXCHANGE,2022-03-15,5808,11037,952.0,-3529.0,43356,-8464.0,-5229,4481.0
SWISS FRANC - CHICAGO MERCANTILE EXCHANGE,2022-03-22,6012,14436,204.0,3399.0,44911,1555.0,-8424,-3195.0
SWISS FRANC - CHICAGO MERCANTILE EXCHANGE,2022-03-29,3292,14871,-2720.0,435.0,44327,-584.0,-11579,-3155.0
SWISS FRANC - CHICAGO MERCANTILE EXCHANGE,2022-04-05,1860,14253,-1432.0,-618.0,40005,-4322.0,-12393,-814.0
SWISS FRANC - CHICAGO MERCANTILE EXCHANGE,2022-04-12,1642,15584,-218.0,1331.0,41231,1226.0,-13942,-1549.0
SWISS FRANC - CHICAGO MERCANTILE EXCHANGE,2022-04-19,2900,14350,1258.0,-1234.0,44269,3038.0,-11450,2492.0
SWISS FRANC - CHICAGO MERCANTILE EXCHANGE,2022-04-26,4455,17324,1555.0,2974.0,47297,3028.0,-12869,-1419.0
SWISS FRANC - CHICAGO MERCANTILE EXCHANGE,2022-05-03,4357,18264,-98.0,940.0,49385,2088.0,-13907,-1038.0
SWISS FRANC - CHICAGO MERCANTILE EXCHANGE,2022-05-10,4727,20490,370.0,2226.0,51282,1897.0,-15763,-1856.0
SWISS FRANC - CHICAGO MERCANTILE EXCHANGE,2022-05-17,5240,21832,513.0,1342.0,53291,2009.0,-16592,-829.0
SWISS FRANC - CHICAGO MERCANTILE EXCHANGE,2022-05-24,1355,21028,-3885.0,-804.0,49918,-3373.0,-19673,-3081.0
SWISS FRANC - CHICAGO MERCANTILE EXCHANGE,2022-05-31,2641,23099,1286.0,2071.0,49579,-339.0,-20458,-785.0
SWISS FRANC - CHICAGO MERCANTILE EXCHANGE,2022-06-07,2609,18741,-32.0,-4358.0,49794,215.0,-16132,4326.0
SWISS FRANC - CHICAGO MERCANTILE EXCHANGE,2022-06-14,4291,11099,1682.0,-7642.0,39362,-10432.0,-6808,9324.0
SWISS FRANC - CHICAGO MERCANTILE EXCHANGE,2022-06-21,3068,10225,-1223.0,-874.0,37669,-1693.0,-7157,-349.0
SWISS FRANC - CHICAGO MERCANTILE EXCHANGE,2022-06-28,4523,13114,1455.0,2889.0,40123,2454.0,-8591,-1434.0
SWISS FRANC - CHICAGO MERCANTILE EXCHANGE,2022-07-05,3218,13353,-1305.0,239.0,38504,-1619.0,-10135,-1544.0
SWISS FRANC - CHICAGO MERCANTILE EXCHANGE,2022-07-12,7017,15741,3799.0,2388.0,41255,2751.0,-8724,1411.0
SWISS FRANC - CHICAGO MERCANTILE EXCHANGE,2022-07-19,6948,17860,-69.0,2119.0,41855,600.0,-10912,-2188.0
SWISS FRANC - CHICAGO MERCANTILE EXCHANGE,2022-07-26,8138,19437,1190.0,1577.0,44081,2226.0,-11299,-387.0
SWISS FRANC - CHICAGO MERCANTILE EXCHANGE,2022-08-02,8170,21478,32.0,2041.0,45874,1793.0,-13308,-2009.0
SWISS FRANC - CHICAGO MERCANTILE EXCHANGE,2022-08-09,8635,18417,465.0,-3061.0,43202,-2672.0,-9782,3526.0
SWISS FRANC - CHICAGO MERCANTILE EXCHANGE,2022-08-16,7773,12869,-862.0,-5548.0,39407,-3795.0,-5096,4686.0
SWISS FRANC - CHICAGO MERCANTILE EXCHANGE,2022-08-23,9541,11946,1768.0,-923.0,42471,3064.0,-2405,2691.0
SWISS FRANC - CHICAGO MERCANTILE EXCHANGE,2022-08-30,11915,14177,2374.0,2231.0,47168,4697.0,-2262,143.0
SWISS FRANC - CHICAGO MERCANTILE EXCHANGE,2022-09-06,10882,14919,-1033.0,742.0,48226,1058.0,-4037,-1775.0
SWISS FRANC - CHICAGO MERCANTILE EXCHANGE,2022-09-13,7704,15009,-3178.0,90.0,44853,-3373.0,-7305,-3268.0
SWISS FRANC - CHICAGO MERCANTILE EXCHANGE,2022-09-20,8167,14907,463.0,-102.0,40937,-3916.0,-6740,565.0
SWISS FRANC - CHICAGO MERCANTILE EXCHANGE,2022-09-27,7681,13411,-486.0,-1496.0,44492,3555.0,-5730,1010.0
SWISS FRANC - CHICAGO MERCANTILE EXCHANGE,2022-10-04,7816,14668,135.0,1257.0,43121,-1371.0,-6852,-1122.0
SWISS FRANC - CHICAGO MERCANTILE EXCHANGE,2022-10-11,5501,11391,-2315.0,-3277.0,43748,627.0,-5890,962.0
SWISS FRANC - CHICAGO MERCANTILE EXCHANGE,2022-10-18,7052,14138,1551.0,2747.0,44911,1163.0,-7086,-1196.0
SWISS FRANC - CHICAGO MERCANTILE EXCHANGE,2022-10-25,5538,16838,-1514.0,2700.0,46594,1683.0,-11300,-4214.0
SWISS FRANC - CHICAGO MERCANTILE EXCHANGE,2022-11-01,6612,21396,1074.0,4558.0,50107,3513.0,-14784,-3484.0
SWISS FRANC - CHICAGO MERCANTILE EXCHANGE,2022-11-08,4865,22019,-1747.0,623.0,49907,-200.0,-17154,-2370.0
SWISS FRANC - CHICAGO MERCANTILE EXCHANGE,2022-11-15,2271,19098,-2594.0,-2921.0,41966,-7941.0,-16827,327.0
SWISS FRANC - CHICAGO MERCANTILE EXCHANGE,2022-11-22,1910,16386,-361.0,-2712.0,41440,-526.0,-14476,2351.0
SWISS FRANC - CHICAGO MERCANTILE EXCHANGE,2022-11-29,1488,15735,-422.0,-651.0,41360,-80.0,-14247,229.0
SWISS FRANC - CHICAGO MERCANTILE EXCHANGE,2022-12-06,1343,13573,-145.0,-2162.0,40171,-1189.0,-12230,2017.0
SWISS FRANC - CHICAGO MERCANTILE EXCHANGE,2022-12-13,2081,13892,738.0,319.0,49340,9169.0,-11811,419.0
SWISS FRANC - CHICAGO MERCANTILE EXCHANGE,2022-12-20,5001,9065,2920.0,-4827.0,30040,-19300.0,-4064,7747.0
SWISS FRANC - CHICAGO MERCANTILE EXCHANGE,2022-12-27,3929,8060,-1072.0,-1005.0,29851,-189.0,-4131,-67.0
SWISS FRANC - CHICAGO MERCANTILE EXCHANGE,2023-01-03,6632,9486,2703.0,1426.0,33250,3399.0,-2854,1277.0
SWISS FRANC - CHICAGO MERCANTILE EXCHANGE,2023-01-10,3668,11038,-2964.0,1552.0,33266,16.0,-7370,-4516.0
SWISS FRANC - CHICAGO MERCANTILE EXCHANGE,2023-01-17,3919,11860,251.0,822.0,34300,1034.0,-7941,-571.0
SWISS FRANC - CHICAGO MERCANTILE EXCHANGE,2023-01-24,3624,13132,-295.0,1272.0,35368,1068.0,-9508,-1567.0
SWISS FRANC - CHICAGO MERCANTILE EXCHANGE,2023-01-31,5664,13978,2040.0,846.0,38345,2977.0,-8314,1194.0
SWISS FRANC - CHICAGO MERCANTILE EXCHANGE,2023-02-07,7052,13420,1388.0,-558.0,38842,497.0,-6368,1946.0
SWISS FRANC - CHICAGO MERCANTILE EXCHANGE,2023-02-14,4701,12169,-2351.0,-1251.0,37591,-1251.0,-7468,-1100.0
SWISS FRANC - CHICAGO MERCANTILE EXCHANGE,2023-02-21,7243,13763,2542.0,1594.0,39087,1496.0,-6520,948.0
SWISS FRANC - CHICAGO MERCANTILE EXCHANGE,2023-02-28,8876,13793,1633.0,30.0,41991,2904.0,-4917,1603.0
SWISS FRANC - CHICAGO MERCANTILE EXCHANGE,2023-03-07,10394,14344,1518.0,551.0,46745,4754.0,-3950,967.0
SWISS FRANC - CHICAGO MERCANTILE EXCHANGE,2023-03-14,3594,13559,-6800.0,-785.0,39006,-7739.0,-9965,-6015.0
SWISS FRANC - CHICAGO MERCANTILE EXCHANGE,2023-03-21,4853,12150,1259.0,-1409.0,35837,-3169.0,-7297,2668.0
SWISS FRANC - CHICAGO MERCANTILE EXCHANGE,2023-03-28,3978,10052,-875.0,-2098.0,34856,-981.0,-6074,1223.0
SWISS FRANC - CHICAGO MERCANTILE EXCHANGE,2023-04-04,2958,10961,-1020.0,909.0,37177,2321.0,-8003,-1929.0
SWISS FRANC - CHICAGO MERCANTILE EXCHANGE,2023-04-11,4155,10889,1197.0,-72.0,38272,1095.0,-6734,1269.0
SWISS FRANC - CHICAGO MERCANTILE EXCHANGE,2023-04-18,5347,10067,1192.0,-822.0,40870,2598.0,-4720,2014.0
SWISS FRANC - CHICAGO MERCANTILE EXCHANGE,2023-04-25,6556,10212,1209.0,145.0,41736,866.0,-3656,1064.0
SWISS FRANC - CHICAGO MERCANTILE EXCHANGE,2023-05-02,8230,11229,1674.0,1017.0,43251,1515.0,-2999,657.0
SWISS FRANC - CHICAGO MERCANTILE EXCHANGE,2023-05-09,7056,11523,-1174.0,294.0,43389,138.0,-4467,-1468.0
SWISS FRANC - CHICAGO MERCANTILE EXCHANGE,2023-05-16,8561,10420,1505.0,-1103.0,43681,292.0,-1859,2608.0
SWISS FRANC - CHICAGO MERCANTILE EXCHANGE,2023-05-23,10267,11170,1706.0,750.0,44808,1127.0,-903,956.0
SWISS FRANC - CHICAGO MERCANTILE EXCHANGE,2023-05-30,8482,8917,-1785.0,-2253.0,41354,-3454.0,-435,468.0
SWISS FRANC - CHICAGO MERCANTILE EXCHANGE,2023-06-06,11579,12893,3097.0,3976.0,44087,2733.0,-1314,-879.0
SWISS FRANC - CHICAGO MERCANTILE EXCHANGE,2023-06-13,8386,13429,-3193.0,536.0,48163,4076.0,-5043,-3729.0
SWISS FRANC - CHICAGO MERCANTILE EXCHANGE,2023-06-20,8322,13173,-64.0,-256.0,36128,-12035.0,-4851,192.0
SWISS FRANC - CHICAGO MERCANTILE EXCHANGE,2023-06-27,6627,11573,-1695.0,-1600.0,37379,1251.0,-4946,-95.0
SWISS FRANC - CHICAGO MERCANTILE EXCHANGE,2023-07-03,10634,14038,4007.0,2465.0,40639,3260.0,-3404,1542.0
SWISS FRANC - CHICAGO MERCANTILE EXCHANGE,2023-07-11,7417,15324,-3217.0,1286.0,43563,2924.0,-7907,-4503.0
SWISS FRANC - CHICAGO MERCANTILE EXCHANGE,2023-07-18,6772,16983,-645.0,1659.0,43213,-350.0,-10211,-2304.0
SWISS FRANC - CHICAGO MERCANTILE EXCHANGE,2023-07-25,7804,16235,1032.0,-748.0,44180,967.0,-8431,1780.0
SWISS FRANC - CHICAGO MERCANTILE EXCHANGE,2023-08-01,7299,16046,-505.0,-189.0,43983,-197.0,-8747,-316.0
SWISS FRANC - CHICAGO MERCANTILE EXCHANGE,2023-08-08,8509,13961,1210.0,-2085.0,43122,-861.0,-5452,3295.0
SWISS FRANC - CHICAGO MERCANTILE EXCHANGE,2023-08-15,8693,12700,184.0,-1261.0,42794,-328.0,-4007,1445.0
SWISS FRANC - CHICAGO MERCANTILE EXCHANGE,2023-08-22,10200,14066,1507.0,1366.0,44326,1532.0,-3866,141.0
SWISS FRANC - CHICAGO MERCANTILE EXCHANGE,2023-08-29,8253,12771,-1947.0,-1295.0,43242,-1084.0,-4518,-652.0
SWISS FRANC - CHICAGO MERCANTILE EXCHANGE,2023-09-05,11494,16819,3241.0,4048.0,46670,3428.0,-5325,-807.0
SWISS FRANC - CHICAGO MERCANTILE EXCHANGE,2023-09-12,9009,18347,-2485.0,1528.0,49945,3275.0,-9338,-4013.0
SWISS FRANC - CHICAGO MERCANTILE EXCHANGE,2023-09-19,12196,20131,3187.0,1784.0,46638,-3307.0,-7935,1403.0
SWISS FRANC - CHICAGO MERCANTILE EXCHANGE,2023-09-26,12377,21492,181.0,1361.0,53900,7262.0,-9115,-1180.0
SWISS FRANC - CHICAGO MERCANTILE EXCHANGE,2023-10-03,11143,27885,-1234.0,6393.0,58673,4773.0,-16742,-7627.0
SWISS FRANC - CHICAGO MERCANTILE EXCHANGE,2023-10-10,11633,27708,490.0,-177.0,61742,3069.0,-16075,667.0
SWISS FRANC - CHICAGO MERCANTILE EXCHANGE,2023-10-17,10327,27405,-1306.0,-303.0,61346,-396.0,-17078,-1003.0
SWISS FRANC - CHICAGO MERCANTILE EXCHANGE,2023-10-24,9807,24902,-520.0,-2503.0,59266,-2080.0,-15095,1983.0
SWISS FRANC - CHICAGO MERCANTILE EXCHANGE,2023-10-31,8888,23798,-919.0,-1104.0,56353,-2913.0,-14910,185.0
SWISS FRANC - CHICAGO MERCANTILE EXCHANGE,2023-11-07,8054,25616,-834.0,1818.0,56756,403.0,-17562,-2652.0
SWISS FRANC - CHICAGO MERCANTILE EXCHANGE,2023-11-14,5515,25666,-2539.0,50.0,59464,2708.0,-20151,-2589.0
SWISS FRANC - CHICAGO MERCANTILE EXCHANGE,2023-11-21,4727,23721,-788.0,-1945.0,58815,-649.0,-18994,1157.0
SWISS FRANC - CHICAGO MERCANTILE EXCHANGE,2023-11-28,4300,24589,-427.0,868.0,60479,1664.0,-20289,-1295.0
SWISS FRANC - CHICAGO MERCANTILE EXCHANGE,2023-12-05,3732,21584,-568.0,-3005.0,60356,-123.0,-17852,2437.0
SWISS FRANC - CHICAGO MERCANTILE EXCHANGE,2023-12-12,3970,18444,238.0,-3140.0,65186,4830.0,-14474,3378.0
SWISS FRANC - CHICAGO MERCANTILE EXCHANGE,2023-12-19,6723,12811,2753.0,-5633.0,45281,-19905.0,-6088,8386.0
SWISS FRANC - CHICAGO MERCANTILE EXCHANGE,2023-12-26,8422,11867,1699.0,-944.0,47222,1941.0,-3445,2643.0
SWISS FRANC - CHICAGO MERCANTILE EXCHANGE,2024-01-02,10734,15949,2312.0,4082.0,51236,4014.0,-5215,-1770.0
SWISS FRANC - CHICAGO MERCANTILE EXCHANGE,2024-01-09,11044,15436,310.0,-513.0,50169,-1067.0,-4392,823.0
SWISS FRANC - CHICAGO MERCANTILE EXCHANGE,2024-01-16,10627,14365,-417.0,-1071.0,50480,311.0,-3738,654.0
SWISS FRANC - CHICAGO MERCANTILE EXCHANGE,2024-01-23,10049,15220,-578.0,855.0,48398,-2082.0,-5171,-1433.0
SWISS FRANC - CHICAGO MERCANTILE EXCHANGE,2024-01-30,10137,14041,88.0,-1179.0,47783,-615.0,-3904,1267.0
SWISS FRANC - CHICAGO MERCANTILE EXCHANGE,2024-02-06,10591,16158,454.0,2117.0,49919,2136.0,-5567,-1663.0
SWISS FRANC - CHICAGO MERCANTILE EXCHANGE,2024-02-13,12689,18703,2098.0,2545.0,55069,5150.0,-6014,-447.0
SWISS FRANC - CHICAGO MERCANTILE EXCHANGE,2024-02-20,13036,22959,347.0,4256.0,60030,4961.0,-9923,-3909.0
SWISS FRANC - CHICAGO MERCANTILE EXCHANGE,2024-02-27,15857,27838,2821.0,4879.0,65207,5177.0,-11981,-2058.0
SWISS FRANC - CHICAGO MERCANTILE EXCHANGE,2024-03-05,16935,34486,1078.0,6648.0,76166,10959.0,-17551,-5570.0
SWISS FRANC - CHICAGO MERCANTILE EXCHANGE,2024-03-12,11236,29106,-5699.0,-5380.0,82442,6276.0,-17870,-319.0
SWISS FRANC - CHICAGO MERCANTILE EXCHANGE,2024-03-19,13003,33503,1767.0,4397.0,71545,-10897.0,-20500,-2630.0
SWISS FRANC - CHICAGO MERCANTILE EXCHANGE,2024-03-26,16323,38291,3320.0,4788.0,80460,8915.0,-21968,-1468.0
SWISS FRANC - CHICAGO MERCANTILE EXCHANGE,2024-04-02,21220,43590,4897.0,5299.0,87108,6648.0,-22370,-402.0
SWISS FRANC - CHICAGO MERCANTILE EXCHANGE,2024-04-09,16626,48390,-4594.0,4800.0,90833,3725.0,-31764,-9394.0
SWISS FRANC - CHICAGO MERCANTILE EXCHANGE,2024-04-16,14650,50862,-1976.0,2472.0,93411,2578.0,-36212,-4448.0
SWISS FRANC - CHICAGO MERCANTILE EXCHANGE,2024-04-23,9681,52243,-4969.0,1381.0,96029,2618.0,-42562,-6350.0
SWISS FRANC - CHICAGO MERCANTILE EXCHANGE,2024-04-30,11040,52826,1359.0,583.0,98926,2897.0,-41786,776.0
SWISS FRANC - CHICAGO MERCANTILE EXCHANGE,2024-05-07,9237,51024,-1803.0,-1802.0,94645,-4281.0,-41787,-1.0
SWISS FRANC - CHICAGO MERCANTILE EXCHANGE,2024-05-14,6646,47753,-2591.0,-3271.0,90701,-3944.0,-41107,680.0
SWISS FRANC - CHICAGO MERCANTILE EXCHANGE,2024-05-21,7688,48333,1042.0,580.0,94270,3569.0,-40645,462.0
SWISS FRANC - CHICAGO MERCANTILE EXCHANGE,2024-05-28,8943,53309,1255.0,4976.0,100381,6111.0,-44366,-3721.0
SWISS FRANC - CHICAGO MERCANTILE EXCHANGE,2024-06-04,7751,53514,-1192.0,205.0,98815,-1566.0,-45763,-1397.0
SWISS FRANC - CHICAGO MERCANTILE EXCHANGE,2024-06-11,7698,50561,-53.0,-2953.0,101556,2741.0,-42863,2900.0
SWISS FRANC - CHICAGO MERCANTILE EXCHANGE,2024-06-18,6474,43864,-1224.0,-6697.0,88290,-13266.0,-37390,5473.0
SWISS FRANC - CHICAGO MERCANTILE EXCHANGE,2024-06-25,6506,41563,32.0,-2301.0,84204,-4086.0,-35057,2333.0
SWISS FRANC - CHICAGO MERCANTILE EXCHANGE,2024-07-02,6179,49622,-327.0,8059.0,92286,8082.0,-43443,-8386.0
SWISS FRANC - CHICAGO MERCANTILE EXCHANGE,2024-07-09,5338,51426,-841.0,1804.0,93433,1147.0,-46088,-2645.0
SWISS FRANC - CHICAGO MERCANTILE EXCHANGE,2024-07-16,6491,56284,1153.0,4858.0,98671,5238.0,-49793,-3705.0
SWISS FRANC - CHICAGO MERCANTILE EXCHANGE,2024-07-23,5619,47856,-872.0,-8428.0,92633,-6038.0,-42237,7556.0
SWISS FRANC - CHICAGO MERCANTILE EXCHANGE,2024-07-30,7514,42034,1895.0,-5822.0,85475,-7158.0,-34520,7717.0
SWISS FRANC - CHICAGO MERCANTILE EXCHANGE,2024-08-06,9570,31643,2056.0,-10391.0,68503,-16972.0,-22073,12447.0
SWISS FRANC - CHICAGO MERCANTILE EXCHANGE,2024-08-13,9155,30819,-415.0,-824.0,65751,-2752.0,-21664,409.0
SWISS FRANC - CHICAGO MERCANTILE EXCHANGE,2024-08-20,7600,33314,-1555.0,2495.0,67104,1353.0,-25714,-4050.0
SWISS FRANC - CHICAGO MERCANTILE EXCHANGE,2024-08-27,9873,34485,2273.0,1171.0,68768,1664.0,-24612,1102.0
SWISS FRANC - CHICAGO MERCANTILE EXCHANGE,2024-09-03,8822,30704,-1051.0,-3781.0,67121,-1647.0,-21882,2730.0
SWISS FRANC - CHICAGO MERCANTILE EXCHANGE,2024-09-10,8082,29386,-740.0,-1318.0,80439,13318.0,-21304,578.0
SWISS FRANC - CHICAGO MERCANTILE EXCHANGE,2024-09-17,8579,25687,497.0,-3699.0,58554,-21885.0,-17108,4196.0
SWISS FRANC - CHICAGO MERCANTILE EXCHANGE,2024-09-24,7501,26791,-1078.0,1104.0,60688,2134.0,-19290,-2182.0
SWISS FRANC - CHICAGO MERCANTILE EXCHANGE,2024-10-01,6550,29404,-951.0,2613.0,62140,1452.0,-22854,-3564.0
SWISS FRANC - CHICAGO MERCANTILE EXCHANGE,2024-10-08,7619,30078,1069.0,674.0,63822,1682.0,-22459,395.0
SWISS FRANC - CHICAGO MERCANTILE EXCHANGE,2024-10-15,6834,32995,-785.0,2917.0,66154,2332.0,-26161,-3702.0
SWISS FRANC - CHICAGO MERCANTILE EXCHANGE,2024-10-22,5789,38443,-1045.0,5448.0,72719,6565.0,-32654,-6493.0
SWISS FRANC - CHICAGO MERCANTILE EXCHANGE,2024-10-29,7092,41090,1303.0,2647.0,78973,6254.0,-33998,-1344.0
SWISS FRANC - CHICAGO MERCANTILE EXCHANGE,2024-11-05,8107,38088,1015.0,-3002.0,75911,-3062.0,-29981,4017.0
SWISS FRANC - CHICAGO MERCANTILE EXCHANGE,2024-11-12,5365,38059,-2742.0,-29.0,78380,2469.0,-32694,-2713.0
SWISS FRANC - CHICAGO MERCANTILE EXCHANGE,2024-11-19,4036,41107,-1329.0,3048.0,82690,4310.0,-37071,-4377.0
SWISS FRANC - CHICAGO MERCANTILE EXCHANGE,2024-11-26,4458,44134,422.0,3027.0,86500,3810.0,-39676,-2605.0
SWISS FRANC - CHICAGO MERCANTILE EXCHANGE,2024-12-03,4874,45968,416.0,1834.0,85247,-1253.0,-41094,-1418.0
SWISS FRANC - CHICAGO MERCANTILE EXCHANGE,2024-12-10,4796,39788,-78.0,-6180.0,109379,24132.0,-34992,6102.0
SWISS FRANC - CHICAGO MERCANTILE EXCHANGE,2024-12-17,16872,38672,12076.0,-1116.0,85631,-23748.0,-21800,13192.0
SWISS FRANC - CHICAGO MERCANTILE EXCHANGE,2024-12-24,12518,40900,-4354.0,2228.0,85954,323.0,-28382,-6582.0
SWISS FRANC - CHICAGO MERCANTILE EXCHANGE,2024-12-31,10507,43320,-2011.0,2420.0,89129,3175.0,-32813,-4431.0
SWISS FRANC - CHICAGO MERCANTILE EXCHANGE,2025-01-07,7868,45756,-2639.0,2436.0,91244,2115.0,-37888,-5075.0
SWISS FRANC - CHICAGO MERCANTILE EXCHANGE,2025-01-14,7557,46258,-311.0,502.0,94045,2801.0,-38701,-813.0
SWISS FRANC - CHICAGO MERCANTILE EXCHANGE,2025-01-21,6526,48363,-1031.0,2105.0,96356,2311.0,-41837,-3136.0
SWISS FRANC - CHICAGO MERCANTILE EXCHANGE,2025-01-28,4996,47996,-1530.0,-367.0,97264,908.0,-43000,-1163.0
SWISS FRANC - CHICAGO MERCANTILE EXCHANGE,2025-02-04,5242,47500,246.0,-496.0,97931,667.0,-42258,742.0
SWISS FRANC - CHICAGO MERCANTILE EXCHANGE,2025-02-11,5553,44298,311.0,-3202.0,98159,228.0,-38745,3513.0
SWISS FRANC - CHICAGO MERCANTILE EXCHANGE,2025-02-18,7047,45406,1494.0,1108.0,97878,-281.0,-38359,386.0
SWISS FRANC - CHICAGO MERCANTILE EXCHANGE,2025-02-25,5019,44479,-2028.0,-927.0,97178,-700.0,-39460,-1101.0
SWISS FRANC - CHICAGO MERCANTILE EXCHANGE,2025-03-04,5572,43347,553.0,-1132.0,97021,-157.0,-37775,1685.0
SWISS FRANC - CHICAGO MERCANTILE EXCHANGE,2025-03-11,5129,42086,-443.0,-1261.0,100493,3472.0,-36957,818.0
SWISS FRANC - CHICAGO MERCANTILE EXCHANGE,2025-03-18,4087,38462,-1042.0,-3624.0,80057,-20436.0,-34375,2582.0
SWISS FRANC - CHICAGO MERCANTILE EXCHANGE,2025-03-25,4178,41771,91.0,3309.0,85731,5674.0,-37593,-3218.0
SWISS FRANC - CHICAGO MERCANTILE EXCHANGE,2025-04-01,4143,46907,-35.0,5136.0,89248,3517.0,-42764,-5171.0
SWISS FRANC - CHICAGO MERCANTILE EXCHANGE,2025-04-08,4348,34625,205.0,-12282.0,76433,-12815.0,-30277,12487.0
SWISS FRANC - CHICAGO MERCANTILE EXCHANGE,2025-04-15,5280,33864,932.0,-761.0,73479,-2954.0,-28584,1693.0
SWISS FRANC - CHICAGO MERCANTILE EXCHANGE,2025-04-22,5322,30796,42.0,-3068.0,72891,-588.0,-25474,3110.0
SWISS FRANC - CHICAGO MERCANTILE EXCHANGE,2025-04-29,5567,29881,245.0,-915.0,71949,-942.0,-24314,1160.0
SWISS FRANC - CHICAGO MERCANTILE EXCHANGE,2025-05-06,5558,29132,-9.0,-749.0,70578,-1371.0,-23574,740.0
SWISS FRANC - CHICAGO MERCANTILE EXCHANGE,2025-05-13,7443,30512,1885.0,1380.0,73088,2510.0,-23069,505.0
SWISS FRANC - CHICAGO MERCANTILE EXCHANGE,2025-05-20,7632,31399,189.0,887.0,73133,45.0,-23767,-698.0
SWISS FRANC - CHICAGO MERCANTILE EXCHANGE,2025-05-27,5789,31272,-1843.0,-127.0,73781,648.0,-25483,-1716.0
SWISS FRANC - CHICAGO MERCANTILE EXCHANGE,2025-06-03,7145,33211,1356.0,1939.0,81322,7541.0,-26066,-583.0
SWISS FRANC - CHICAGO MERCANTILE EXCHANGE,2025-06-10,9240,30508,2095.0,-2703.0,86928,5606.0,-21268,4798.0
SWISS FRANC - CHICAGO MERCANTILE EXCHANGE,2025-06-17,7857,27913,-1383.0,-2595.0,67383,-19545.0,-20056,1212.0
SWISS FRANC - CHICAGO MERCANTILE EXCHANGE,2025-06-24,8184,29128,327.0,1215.0,69488,2105.0,-20944,-888.0
SWISS FRANC - CHICAGO MERCANTILE EXCHANGE,2025-07-01,7100,30953,-1084.0,1825.0,72546,3058.0,-23853,-2909.0
SWISS FRANC - CHICAGO MERCANTILE EXCHANGE,2025-07-08,8488,30684,1388.0,-269.0,72761,215.0,-22196,1657.0
SWISS FRANC - CHICAGO MERCANTILE EXCHANGE,2025-07-15,9959,32596,1471.0,1912.0,74255,1494.0,-22637,-441.0
SWISS FRANC - CHICAGO MERCANTILE EXCHANGE,2025-07-22,8087,34152,-1872.0,1556.0,75681,1426.0,-26065,-3428.0
SWISS FRANC - CHICAGO MERCANTILE EXCHANGE,2025-07-29,9023,33057,936.0,-1095.0,76905,1224.0,-24034,2031.0
SWISS FRANC - CHICAGO MERCANTILE EXCHANGE,2025-08-05,6806,34183,-2217.0,1126.0,79837,2932.0,-27377,-3343.0
SWISS FRANC - CHICAGO MERCANTILE EXCHANGE,2025-08-12,6091,34134,-715.0,-49.0,80415,578.0,-28043,-666.0
SWISS FRANC - CHICAGO MERCANTILE EXCHANGE,2025-08-19,6459,33737,368.0,-397.0,80039,-376.0,-27278,765.0
SWISS FRANC - CHICAGO MERCANTILE EXCHANGE,2025-08-26,6659,33637,200.0,-100.0,78933,-1106.0,-26978,300.0
SWISS FRANC - CHICAGO MERCANTILE EXCHANGE,2025-09-02,8401,34289,1742.0,652.0,80906,1973.0,-25888,1090.0
SWISS FRANC - CHICAGO MERCANTILE EXCHANGE,2025-09-09,6989,35828,-1412.0,1539.0,105100,24194.0,-28839,-2951.0
SWISS FRANC - CHICAGO MERCANTILE EXCHANGE,2025-09-16,6235,32275,-754.0,-3553.0,71730,-33370.0,-26040,2799.0
SWISS FRANC - CHICAGO MERCANTILE EXCHANGE,2025-09-23,8227,31245,1992.0,-1030.0,72030,300.0,-23018,3022.0
SWISS FRANC - CHICAGO MERCANTILE EXCHANGE,2025-09-30,8377,34439,150.0,3194.0,71950,-80.0,-26062,-3044.0
SWISS FRANC - CHICAGO MERCANTILE EXCHANGE,2025-10-07,7568,35038,-809.0,599.0,72046,96.0,-27470,-1408.0
SWISS FRANC - CHICAGO MERCANTILE EXCHANGE,2025-10-14,8407,36613,839.0,1575.0,73172,1126.0,-28206,-736.0
SWISS FRANC - CHICAGO MERCANTILE EXCHANGE,2025-10-21,7366,35210,-1041.0,-1403.0,74034,862.0,-27844,362.0
SWISS FRANC - CHICAGO MERCANTILE EXCHANGE,2025-10-28,9149,37007,1783.0,1797.0,74922,888.0,-27858,-14.0
SWISS FRANC - CHICAGO MERCANTILE EXCHANGE,2025-11-04,8809,40696,-340.0,3689.0,81378,6456.0,-31887,-4029.0
SWISS FRANC - CHICAGO MERCANTILE EXCHANGE,2025-11-10,7403,43452,-1406.0,2756.0,82840,1462.0,-36049,-4162.0
SWISS FRANC - CHICAGO MERCANTILE EXCHANGE,2025-11-18,8746,40931,1343.0,-2521.0,76329,-6511.0,-32185,3864.0
SWISS FRANC - CHICAGO MERCANTILE EXCHANGE,2025-11-25,7571,42931,-1175.0,2000.0,77509,1180.0,-35360,-3175.0
SWISS FRANC - CHICAGO MERCANTILE EXCHANGE,2025-12-02,6894,42679,-677.0,-252.0,77275,-234.0,-35785,-425.0
SWISS FRANC - CHICAGO MERCANTILE EXCHANGE,2025-12-09,8456,47059,1562.0,4380.0,92395,15120.0,-38603,-2818.0
SWISS FRANC - CHICAGO MERCANTILE EXCHANGE,2025-12-16,9448,48355,992.0,1296.0,103436,11041.0,-38907,-304.0
SWISS FRANC - CHICAGO MERCANTILE EXCHANGE,2025-12-23,8780,52769,-668.0,4414.0,88305,-15131.0,-43989,-5082.0
SWISS FRANC - CHICAGO MERCANTILE EXCHANGE,2025-12-30,8910,53108,130.0,339.0,89124,819.0,-44198,-209.0
SWISS FRANC - CHICAGO MERCANTILE EXCHANGE,2026-01-06,11077,51343,2167.0,-1765.0,90378,1254.0,-40266,3932.0
SWISS FRANC - CHICAGO MERCANTILE EXCHANGE,2026-01-13,13395,56787,2318.0,5444.0,96220,5842.0,-43392,-3126.0
SWISS FRANC - CHICAGO MERCANTILE EXCHANGE,2026-01-20,12257,55464,-1138.0,-1323.0,98085,1865.0,-43207,185.0
SWISS FRANC - CHICAGO MERCANTILE EXCHANGE,2026-01-27,9724,52617,-2533.0,-2847.0,96111,-1974.0,-42893,314.0
SWISS FRANC - CHICAGO MERCANTILE EXCHANGE,2026-02-03,9687,50404,-37.0,-2213.0,93555,-2556.0,-40717,2176.0
SWISS FRANC - CHICAGO MERCANTILE EXCHANGE,2026-02-10,9600,51859,-87.0,1455.0,95799,2244.0,-42259,-1542.0
SWISS FRANC - CHICAGO MERCANTILE EXCHANGE,2026-02-17,10072,50953,472.0,-906.0,95743,-56.0,-40881,1378.0
SWISS FRANC - CHICAGO MERCANTILE EXCHANGE,2026-02-24,11525,52711,1453.0,1758.0,96835,1092.0,-41186,-305.0
SWISS FRANC - CHICAGO MERCANTILE EXCHANGE,2026-03-03,12390,53673,865.0,962.0,105413,8578.0,-41283,-97.0
SWISS FRANC - CHICAGO MERCANTILE EXCHANGE,2026-03-10,12152,53244,-238.0,-429.0,110897,5484.0,-41092,191.0
SWISS FRANC - CHICAGO MERCANTILE EXCHANGE,2026-03-17,8175,33388,-3977.0,-19856.0,74101,-36796.0,-25213,15879.0
SWISS FRANC - CHICAGO MERCANTILE EXCHANGE,2026-03-24,7831,34928,-344.0,1540.0,76518,2417.0,-27097,-1884.0
SWISS FRANC - CHICAGO MERCANTILE EXCHANGE,2026-03-31,9315,39186,1484.0,4258.0,79740,3222.0,-29871,-2774.0
SWISS FRANC - CHICAGO MERCANTILE EXCHANGE,2026-04-07,10586,41280,1271.0,2094.0,86646,6906.0,-30694,-823.0
SWISS FRANC - CHICAGO MERCANTILE EXCHANGE,2026-04-14,9637,43734,-949.0,2454.0,93376,6730.0,-34097,-3403.0
SWISS FRANC - CHICAGO MERCANTILE EXCHANGE,2026-04-21,8372,41645,-1265.0,-2089.0,91532,-1844.0,-33273,824.0
SWISS FRANC - CHICAGO MERCANTILE EXCHANGE,2026-04-28,6359,41580,-2013.0,-65.0,94111,2579.0,-35221,-1948.0
SWISS FRANC - CHICAGO MERCANTILE EXCHANGE,2026-05-05,7145,41666,786.0,86.0,94468,357.0,-34521,700.0
SWISS FRANC - CHICAGO MERCANTILE EXCHANGE,2026-05-12,5602,41799,-1543.0,133.0,94743,275.0,-36197,-1676.0
SWISS FRANC - CHICAGO MERCANTILE EXCHANGE,2026-05-19,6284,43221,682.0,1422.0,104225,9482.0,-36937,-740.0
SWISS FRANC - CHICAGO MERCANTILE EXCHANGE,2026-05-26,7118,42258,834.0,-963.0,105594,1369.0,-35140,1797.0
SWISS FRANC - CHICAGO MERCANTILE EXCHANGE,2026-06-02,6245,39154,-873.0,-3104.0,111432,5838.0,-32909,2231.0
SWISS FRANC - CHICAGO MERCANTILE EXCHANGE,2026-06-09,7335,44000,1090.0,4846.0,115412,3980.0,-36665,-3756.0
SWISS FRANC - CHICAGO MERCANTILE EXCHANGE,2026-06-16,7594,47652,259.0,3652.0,145747,30335.0,-40058,-3393.0
SWISS FRANC - CHICAGO MERCANTILE EXCHANGE,2026-06-23,7975,49069,381.0,1417.0,108626,-37121.0,-41094,-1036.0
SWISS FRANC - CHICAGO MERCANTILE EXCHANGE,2026-06-30,7975,46933,0.0,-2136.0,105912,-2714.0,-38958,2136.0
SWISS FRANC - CHICAGO MERCANTILE EXCHANGE,2026-07-07,10561,47975,2586.0,1042.0,107672,1760.0,-37414,1544.0
SWISS FRANC - CHICAGO MERCANTILE EXCHANGE,2026-07-14,9909,46865,-652.0,-1110.0,108412,740.0,-36956,458.0
SWISS FRANC - CHICAGO MERCANTILE EXCHANGE,2026-07-21,9817,44059,-92.0,-2806.0,107866,-546.0,-34242,2714.0
SWISS FRANC - CHICAGO MERCANTILE EXCHANGE,2026-07-28,10117,43579,300.0,-480.0,111939,4073.0,-33462,780.0
SWISS FRANC - CHICAGO MERCANTILE EXCHANGE,2026-08-04,11270,44092,1153.0,513.0,109573,-2366.0,-32822,640.0
SWISS FRANC - CHICAGO MERCANTILE EXCHANGE,2026-08-11,9773,42235,-1497.0,-1857.0,109874,301.0,-32462,360.0
SWISS FRANC - CHICAGO MERCANTILE EXCHANGE,2026-08-18,14041,41319,4268.0,-916.0,113749,3875.0,-27278,5184.0
SWISS FRANC - CHICAGO MERCANTILE EXCHANGE,2026-08-25,19938,39884,5897.0,-1435.0,108923,-4826.0,-19946,7332.0
SWISS FRANC - CHICAGO MERCANTILE EXCHANGE,2026-09-01,19912,42788,-26.0,2904.0,136962,28039.0,-22876,-2930.0
SWISS FRANC - CHICAGO MERCANTILE EXCHANGE,2026-09-08,17273,47258,-2639.0,4470.0,153683,16721.0,-29985,-7109.0
SWISS FRANC - CHICAGO MERCANTILE EXCHANGE,2026-09-15,20263,49251,2990.0,1993.0,171313,17630.0,-28988,997.0
SWISS FRANC - CHICAGO MERCANTILE EXCHANGE,2026-09-22,22189,48941,1926.0,-310.0,133495,-37818.0,-26752,2236.0
SWISS FRANC - CHICAGO MERCANTILE EXCHANGE,2026-09-29,24828,49445,2639.0,504.0,133872,377.0,-24617,2135.0
