Market and Exchange Names,As of Date in Form YYYY-MM-DD,Noncommercial Positions-Long (All),Noncommercial Positions-Short (All),Change in Noncommercial-Long (All),Change in Noncommercial-Short (All),Open Interest (All),Change in Open Interest (All),Net Positions,Change Net Positions
U.S. DOLLAR INDEX - NEW YORK COTTON EXCHANGE,1986-01-15,477,20,,,2522,,457,
U.S. DOLLAR INDEX - NEW YORK COTTON EXCHANGE,1986-01-31,124,193,-353.0,173.0,2288,-234.0,-69,-526.0
U.S. DOLLAR INDEX - NEW YORK COTTON EXCHANGE,1986-02-14,118,586,-6.0,393.0,3299,1011.0,-468,-399.0
U.S. DOLLAR INDEX - NEW YORK COTTON EXCHANGE,1986-02-28,115,188,-3.0,-398.0,2099,-1200.0,-73,395.0
U.S. DOLLAR INDEX - NEW YORK COTTON EXCHANGE,1986-03-14,27,49,-88.0,-139.0,3108,1009.0,-22,51.0
U.S. DOLLAR INDEX - NEW YORK COTTON EXCHANGE,1986-03-31,75,113,48.0,64.0,4883,1775.0,-38,-16.0
U.S. DOLLAR INDEX - NEW YORK COTTON EXCHANGE,1986-04-15,40,84,-35.0,-29.0,5135,252.0,-44,-6.0
U.S. DOLLAR INDEX - NEW YORK COTTON EXCHANGE,1986-04-30,107,197,67.0,113.0,5585,450.0,-90,-46.0
U.S. DOLLAR INDEX - NEW YORK COTTON EXCHANGE,1986-05-15,425,191,318.0,-6.0,5674,89.0,234,324.0
U.S. DOLLAR INDEX - NEW YORK COTTON EXCHANGE,1986-05-30,184,120,-241.0,-71.0,3341,-2333.0,64,-170.0
U.S. DOLLAR INDEX - NEW YORK COTTON EXCHANGE,1986-06-13,341,189,157.0,69.0,2466,-875.0,152,88.0
U.S. DOLLAR INDEX - NEW YORK COTTON EXCHANGE,1986-06-30,288,250,-53.0,61.0,3138,672.0,38,-114.0
U.S. DOLLAR INDEX - NEW YORK COTTON EXCHANGE,1986-07-15,79,385,-209.0,135.0,3002,-136.0,-306,-344.0
U.S. DOLLAR INDEX - NEW YORK COTTON EXCHANGE,1986-07-31,29,404,-50.0,19.0,3323,321.0,-375,-69.0
U.S. DOLLAR INDEX - NEW YORK COTTON EXCHANGE,1986-08-15,256,615,227.0,211.0,3617,294.0,-359,16.0
U.S. DOLLAR INDEX - NEW YORK COTTON EXCHANGE,1986-08-29,164,454,-92.0,-161.0,2743,-874.0,-290,69.0
U.S. DOLLAR INDEX - NEW YORK COTTON EXCHANGE,1986-09-15,376,482,212.0,28.0,2607,-136.0,-106,184.0
U.S. DOLLAR INDEX - NEW YORK COTTON EXCHANGE,1986-09-30,400,564,24.0,82.0,2469,-138.0,-164,-58.0
U.S. DOLLAR INDEX - NEW YORK COTTON EXCHANGE,1986-10-15,0,117,-400.0,-447.0,2615,146.0,-117,47.0
U.S. DOLLAR INDEX - NEW YORK COTTON EXCHANGE,1986-10-31,232,256,232.0,139.0,2541,-74.0,-24,93.0
U.S. DOLLAR INDEX - NEW YORK COTTON EXCHANGE,1986-11-14,369,296,137.0,40.0,2666,125.0,73,97.0
U.S. DOLLAR INDEX - NEW YORK COTTON EXCHANGE,1986-11-28,136,60,-233.0,-236.0,2258,-408.0,76,3.0
U.S. DOLLAR INDEX - NEW YORK COTTON EXCHANGE,1986-12-15,507,234,371.0,174.0,2171,-87.0,273,197.0
U.S. DOLLAR INDEX - NEW YORK COTTON EXCHANGE,1986-12-31,82,30,-425.0,-204.0,1853,-318.0,52,-221.0
U.S. DOLLAR INDEX - NEW YORK COTTON EXCHANGE,1987-01-15,52,55,-30.0,25.0,1942,89.0,-3,-55.0
U.S. DOLLAR INDEX - NEW YORK COTTON EXCHANGE,1987-01-30,505,109,453.0,54.0,2582,640.0,396,399.0
U.S. DOLLAR INDEX - NEW YORK COTTON EXCHANGE,1987-02-13,619,420,114.0,311.0,3286,704.0,199,-197.0
U.S. DOLLAR INDEX - NEW YORK COTTON EXCHANGE,1987-02-27,990,677,371.0,257.0,3403,117.0,313,114.0
U.S. DOLLAR INDEX - NEW YORK COTTON EXCHANGE,1987-03-13,232,344,-758.0,-333.0,5072,1669.0,-112,-425.0
U.S. DOLLAR INDEX - NEW YORK COTTON EXCHANGE,1987-03-31,1259,385,1027.0,41.0,4530,-542.0,874,986.0
U.S. DOLLAR INDEX - NEW YORK COTTON EXCHANGE,1987-04-15,696,304,-563.0,-81.0,4190,-340.0,392,-482.0
U.S. DOLLAR INDEX - NEW YORK COTTON EXCHANGE,1987-04-30,1061,937,365.0,633.0,5178,988.0,124,-268.0
U.S. DOLLAR INDEX - NEW YORK COTTON EXCHANGE,1987-05-15,393,1077,-668.0,140.0,5527,349.0,-684,-808.0
U.S. DOLLAR INDEX - NEW YORK COTTON EXCHANGE,1987-05-29,615,1200,222.0,123.0,5293,-234.0,-585,99.0
U.S. DOLLAR INDEX - NEW YORK COTTON EXCHANGE,1987-06-15,377,665,-238.0,-535.0,5965,672.0,-288,297.0
U.S. DOLLAR INDEX - NEW YORK COTTON EXCHANGE,1987-06-30,73,607,-304.0,-58.0,5055,-910.0,-534,-246.0
U.S. DOLLAR INDEX - NEW YORK COTTON EXCHANGE,1987-07-15,72,582,-1.0,-25.0,4935,-120.0,-510,24.0
U.S. DOLLAR INDEX - NEW YORK COTTON EXCHANGE,1987-07-31,502,640,430.0,58.0,4683,-252.0,-138,372.0
U.S. DOLLAR INDEX - NEW YORK COTTON EXCHANGE,1987-08-14,564,1324,62.0,684.0,5018,335.0,-760,-622.0
U.S. DOLLAR INDEX - NEW YORK COTTON EXCHANGE,1987-08-31,267,311,-297.0,-1013.0,4348,-670.0,-44,716.0
U.S. DOLLAR INDEX - NEW YORK COTTON EXCHANGE,1987-09-15,505,467,238.0,156.0,4831,483.0,38,82.0
U.S. DOLLAR INDEX - NEW YORK COTTON EXCHANGE,1987-09-30,551,1030,46.0,563.0,5308,477.0,-479,-517.0
U.S. DOLLAR INDEX - NEW YORK COTTON EXCHANGE,1987-10-15,520,1693,-31.0,663.0,6654,1346.0,-1173,-694.0
U.S. DOLLAR INDEX - NEW YORK COTTON EXCHANGE,1987-10-30,217,328,-303.0,-1365.0,1281,-5373.0,-111,1062.0
U.S. DOLLAR INDEX - NEW YORK COTTON EXCHANGE,1987-11-13,105,567,-112.0,239.0,5507,4226.0,-462,-351.0
U.S. DOLLAR INDEX - NEW YORK COTTON EXCHANGE,1987-11-30,1003,973,898.0,406.0,5972,465.0,30,492.0
U.S. DOLLAR INDEX - NEW YORK COTTON EXCHANGE,1987-12-15,489,995,-514.0,22.0,6188,216.0,-506,-536.0
U.S. DOLLAR INDEX - NEW YORK COTTON EXCHANGE,1987-12-31,442,1129,-47.0,134.0,5638,-550.0,-687,-181.0
U.S. DOLLAR INDEX - NEW YORK COTTON EXCHANGE,1988-01-15,199,860,-243.0,-269.0,5742,104.0,-661,26.0
U.S. DOLLAR INDEX - NEW YORK COTTON EXCHANGE,1988-01-29,466,1021,267.0,161.0,6336,594.0,-555,106.0
U.S. DOLLAR INDEX - NEW YORK COTTON EXCHANGE,1988-02-12,743,949,277.0,-72.0,6368,32.0,-206,349.0
U.S. DOLLAR INDEX - NEW YORK COTTON EXCHANGE,1988-02-29,1037,659,294.0,-290.0,3394,-2974.0,378,584.0
U.S. DOLLAR INDEX - NEW YORK COTTON EXCHANGE,1988-03-15,1519,1261,482.0,602.0,4607,1213.0,258,-120.0
U.S. DOLLAR INDEX - NEW YORK COTTON EXCHANGE,1988-03-31,1493,1038,-26.0,-223.0,5066,459.0,455,197.0
U.S. DOLLAR INDEX - NEW YORK COTTON EXCHANGE,1988-04-15,2161,1047,668.0,9.0,6801,1735.0,1114,659.0
U.S. DOLLAR INDEX - NEW YORK COTTON EXCHANGE,1988-04-29,1927,1098,-234.0,51.0,6840,39.0,829,-285.0
U.S. DOLLAR INDEX - NEW YORK COTTON EXCHANGE,1988-05-13,1998,1164,71.0,66.0,7172,332.0,834,5.0
U.S. DOLLAR INDEX - NEW YORK COTTON EXCHANGE,1988-05-31,940,1057,-1058.0,-107.0,7296,124.0,-117,-951.0
U.S. DOLLAR INDEX - NEW YORK COTTON EXCHANGE,1988-06-15,1016,2503,76.0,1446.0,6273,-1023.0,-1487,-1370.0
U.S. DOLLAR INDEX - NEW YORK COTTON EXCHANGE,1988-06-30,1164,2766,148.0,263.0,6142,-131.0,-1602,-115.0
U.S. DOLLAR INDEX - NEW YORK COTTON EXCHANGE,1988-07-15,1186,2542,22.0,-224.0,5925,-217.0,-1356,246.0
U.S. DOLLAR INDEX - NEW YORK COTTON EXCHANGE,1988-07-29,1614,2563,428.0,21.0,6431,506.0,-949,407.0
U.S. DOLLAR INDEX - NEW YORK COTTON EXCHANGE,1988-08-15,2045,2371,431.0,-192.0,6070,-361.0,-326,623.0
U.S. DOLLAR INDEX - NEW YORK COTTON EXCHANGE,1988-08-31,1659,977,-386.0,-1394.0,5950,-120.0,682,1008.0
U.S. DOLLAR INDEX - NEW YORK COTTON EXCHANGE,1988-09-15,444,799,-1215.0,-178.0,3067,-2883.0,-355,-1037.0
U.S. DOLLAR INDEX - NEW YORK COTTON EXCHANGE,1988-09-30,626,1190,182.0,391.0,5041,1974.0,-564,-209.0
U.S. DOLLAR INDEX - NEW YORK COTTON EXCHANGE,1988-10-14,1222,1655,596.0,465.0,6182,1141.0,-433,131.0
U.S. DOLLAR INDEX - NEW YORK COTTON EXCHANGE,1988-10-31,2028,2297,806.0,642.0,6462,280.0,-269,164.0
U.S. DOLLAR INDEX - NEW YORK COTTON EXCHANGE,1988-11-15,1425,1560,-603.0,-737.0,6096,-366.0,-135,134.0
U.S. DOLLAR INDEX - NEW YORK COTTON EXCHANGE,1988-11-30,1333,1007,-92.0,-553.0,6047,-49.0,326,461.0
U.S. DOLLAR INDEX - NEW YORK COTTON EXCHANGE,1988-12-15,1742,633,409.0,-374.0,7470,1423.0,1109,783.0
U.S. DOLLAR INDEX - NEW YORK COTTON EXCHANGE,1988-12-30,1204,1096,-538.0,463.0,6186,-1284.0,108,-1001.0
U.S. DOLLAR INDEX - NEW YORK COTTON EXCHANGE,1989-01-13,1543,433,339.0,-663.0,6295,109.0,1110,1002.0
U.S. DOLLAR INDEX - NEW YORK COTTON EXCHANGE,1989-01-31,1311,651,-232.0,218.0,5455,-840.0,660,-450.0
U.S. DOLLAR INDEX - NEW YORK COTTON EXCHANGE,1989-02-15,564,758,-747.0,107.0,4829,-626.0,-194,-854.0
U.S. DOLLAR INDEX - NEW YORK COTTON EXCHANGE,1989-02-28,1784,1930,1220.0,1172.0,6334,1505.0,-146,48.0
U.S. DOLLAR INDEX - NEW YORK COTTON EXCHANGE,1989-03-15,1731,1608,-53.0,-322.0,3980,-2354.0,123,269.0
U.S. DOLLAR INDEX - NEW YORK COTTON EXCHANGE,1989-03-31,1478,1147,-253.0,-461.0,5837,1857.0,331,208.0
U.S. DOLLAR INDEX - NEW YORK COTTON EXCHANGE,1989-04-14,2474,3119,996.0,1972.0,9490,3653.0,-645,-976.0
U.S. DOLLAR INDEX - NEW YORK COTTON EXCHANGE,1989-04-28,3297,2062,823.0,-1057.0,6150,-3340.0,1235,1880.0
U.S. DOLLAR INDEX - NEW YORK COTTON EXCHANGE,1989-05-15,1152,2021,-2145.0,-41.0,5830,-320.0,-869,-2104.0
U.S. DOLLAR INDEX - NEW YORK COTTON EXCHANGE,1989-05-31,1832,4502,680.0,2481.0,8464,2634.0,-2670,-1801.0
U.S. DOLLAR INDEX - NEW YORK COTTON EXCHANGE,1989-06-15,1403,1677,-429.0,-2825.0,4744,-3720.0,-274,2396.0
U.S. DOLLAR INDEX - NEW YORK COTTON EXCHANGE,1989-06-30,4013,1853,2610.0,176.0,6698,1954.0,2160,2434.0
U.S. DOLLAR INDEX - NEW YORK COTTON EXCHANGE,1989-07-14,2532,1869,-1481.0,16.0,5631,-1067.0,663,-1497.0
U.S. DOLLAR INDEX - NEW YORK COTTON EXCHANGE,1989-07-31,4753,3000,2221.0,1131.0,7804,2173.0,1753,1090.0
U.S. DOLLAR INDEX - NEW YORK COTTON EXCHANGE,1989-08-15,1645,1002,-3108.0,-1998.0,7281,-523.0,643,-1110.0
U.S. DOLLAR INDEX - NEW YORK COTTON EXCHANGE,1989-08-31,4486,2292,2841.0,1290.0,8559,1278.0,2194,1551.0
U.S. DOLLAR INDEX - NEW YORK COTTON EXCHANGE,1989-09-15,5537,2349,1051.0,57.0,10124,1565.0,3188,994.0
U.S. DOLLAR INDEX - NEW YORK COTTON EXCHANGE,1989-09-29,2214,2171,-3323.0,-178.0,5881,-4243.0,43,-3145.0
U.S. DOLLAR INDEX - NEW YORK COTTON EXCHANGE,1989-10-13,3088,2477,874.0,306.0,7513,1632.0,611,568.0
U.S. DOLLAR INDEX - NEW YORK COTTON EXCHANGE,1989-10-31,3147,559,59.0,-1918.0,7767,254.0,2588,1977.0
U.S. DOLLAR INDEX - NEW YORK COTTON EXCHANGE,1989-11-15,6213,2019,3066.0,1460.0,10280,2513.0,4194,1606.0
U.S. DOLLAR INDEX - NEW YORK COTTON EXCHANGE,1989-11-30,2515,849,-3698.0,-1170.0,7259,-3021.0,1666,-2528.0
U.S. DOLLAR INDEX - NEW YORK COTTON EXCHANGE,1989-12-15,1863,321,-652.0,-528.0,7288,29.0,1542,-124.0
U.S. DOLLAR INDEX - NEW YORK COTTON EXCHANGE,1989-12-29,1384,2005,-479.0,1684.0,3273,-4015.0,-621,-2163.0
U.S. DOLLAR INDEX - NEW YORK COTTON EXCHANGE,1990-01-15,1334,2352,-50.0,347.0,3592,319.0,-1018,-397.0
U.S. DOLLAR INDEX - NEW YORK COTTON EXCHANGE,1990-01-31,2030,3145,696.0,793.0,5045,1453.0,-1115,-97.0
U.S. DOLLAR INDEX - NEW YORK COTTON EXCHANGE,1990-02-15,1067,2470,-963.0,-675.0,4259,-786.0,-1403,-288.0
U.S. DOLLAR INDEX - NEW YORK COTTON EXCHANGE,1990-02-28,2478,3762,1411.0,1292.0,6034,1775.0,-1284,119.0
U.S. DOLLAR INDEX - NEW YORK COTTON EXCHANGE,1990-03-15,2748,5490,270.0,1728.0,8797,2763.0,-2742,-1458.0
U.S. DOLLAR INDEX - NEW YORK COTTON EXCHANGE,1990-03-30,4793,6359,2045.0,869.0,11593,2796.0,-1566,1176.0
U.S. DOLLAR INDEX - NEW YORK COTTON EXCHANGE,1990-04-12,3702,6249,-1091.0,-110.0,9569,-2024.0,-2547,-981.0
U.S. DOLLAR INDEX - NEW YORK COTTON EXCHANGE,1990-04-30,3619,6294,-83.0,45.0,9897,328.0,-2675,-128.0
U.S. DOLLAR INDEX - NEW YORK COTTON EXCHANGE,1990-05-15,2749,4296,-870.0,-1998.0,8029,-1868.0,-1547,1128.0
U.S. DOLLAR INDEX - NEW YORK COTTON EXCHANGE,1990-05-31,1201,2939,-1548.0,-1357.0,7602,-427.0,-1738,-191.0
U.S. DOLLAR INDEX - NEW YORK COTTON EXCHANGE,1990-06-15,3485,3621,2284.0,682.0,8770,1168.0,-136,1602.0
U.S. DOLLAR INDEX - NEW YORK COTTON EXCHANGE,1990-06-29,2458,2396,-1027.0,-1225.0,3543,-5227.0,62,198.0
U.S. DOLLAR INDEX - NEW YORK COTTON EXCHANGE,1990-07-13,3629,3770,1171.0,1374.0,7159,3616.0,-141,-203.0
U.S. DOLLAR INDEX - NEW YORK COTTON EXCHANGE,1990-07-31,3312,3388,-317.0,-382.0,5849,-1310.0,-76,65.0
U.S. DOLLAR INDEX - NEW YORK COTTON EXCHANGE,1990-08-15,3385,2409,73.0,-979.0,6910,1061.0,976,1052.0
U.S. DOLLAR INDEX - NEW YORK COTTON EXCHANGE,1990-08-31,4114,3814,729.0,1405.0,8297,1387.0,300,-676.0
U.S. DOLLAR INDEX - NEW YORK COTTON EXCHANGE,1990-09-14,2439,1143,-1675.0,-2671.0,5711,-2586.0,1296,996.0
U.S. DOLLAR INDEX - NEW YORK COTTON EXCHANGE,1990-09-28,3390,3279,951.0,2136.0,4838,-873.0,111,-1185.0
U.S. DOLLAR INDEX - NEW YORK COTTON EXCHANGE,1990-10-15,3860,3516,470.0,237.0,5178,340.0,344,233.0
U.S. DOLLAR INDEX - NEW YORK COTTON EXCHANGE,1990-10-31,5781,5747,1921.0,2231.0,7806,2628.0,34,-310.0
U.S. DOLLAR INDEX - NEW YORK COTTON EXCHANGE,1990-11-15,2008,1486,-3773.0,-4261.0,4894,-2912.0,522,488.0
U.S. DOLLAR INDEX - NEW YORK COTTON EXCHANGE,1990-11-30,1389,1683,-619.0,197.0,4985,91.0,-294,-816.0
U.S. DOLLAR INDEX - NEW YORK COTTON EXCHANGE,1990-12-14,1891,2703,502.0,1020.0,5747,762.0,-812,-518.0
U.S. DOLLAR INDEX - NEW YORK COTTON EXCHANGE,1990-12-31,1367,3426,-524.0,723.0,6938,1191.0,-2059,-1247.0
U.S. DOLLAR INDEX - NEW YORK COTTON EXCHANGE,1991-01-15,3571,6205,2204.0,2779.0,7665,727.0,-2634,-575.0
U.S. DOLLAR INDEX - NEW YORK COTTON EXCHANGE,1991-01-31,1858,2789,-1713.0,-3416.0,7215,-450.0,-931,1703.0
U.S. DOLLAR INDEX - NEW YORK COTTON EXCHANGE,1991-02-15,2691,2635,833.0,-154.0,8949,1734.0,56,987.0
U.S. DOLLAR INDEX - NEW YORK COTTON EXCHANGE,1991-02-28,2290,3196,-401.0,561.0,9121,172.0,-906,-962.0
U.S. DOLLAR INDEX - NEW YORK COTTON EXCHANGE,1991-03-15,5244,6028,2954.0,2832.0,9204,83.0,-784,122.0
U.S. DOLLAR INDEX - NEW YORK COTTON EXCHANGE,1991-03-28,3359,3386,-1885.0,-2642.0,5949,-3255.0,-27,757.0
U.S. DOLLAR INDEX - NEW YORK COTTON EXCHANGE,1991-04-15,5146,6099,1787.0,2713.0,8629,2680.0,-953,-926.0
U.S. DOLLAR INDEX - NEW YORK COTTON EXCHANGE,1991-04-30,3583,5202,-1563.0,-897.0,8836,207.0,-1619,-666.0
U.S. DOLLAR INDEX - NEW YORK COTTON EXCHANGE,1991-05-15,2930,3685,-653.0,-1517.0,6802,-2034.0,-755,864.0
U.S. DOLLAR INDEX - NEW YORK COTTON EXCHANGE,1991-05-31,4102,4117,1172.0,432.0,7832,1030.0,-15,740.0
U.S. DOLLAR INDEX - NEW YORK COTTON EXCHANGE,1991-06-14,4445,2863,343.0,-1254.0,8613,781.0,1582,1597.0
U.S. DOLLAR INDEX - NEW YORK COTTON EXCHANGE,1991-06-28,5352,3615,907.0,752.0,8487,-126.0,1737,155.0
U.S. DOLLAR INDEX - NEW YORK COTTON EXCHANGE,1991-07-15,1917,1010,-3435.0,-2605.0,5266,-3221.0,907,-830.0
U.S. DOLLAR INDEX - NEW YORK COTTON EXCHANGE,1991-07-31,1395,1411,-522.0,401.0,6237,971.0,-16,-923.0
U.S. DOLLAR INDEX - NEW YORK COTTON EXCHANGE,1991-08-15,2124,2722,729.0,1311.0,6233,-4.0,-598,-582.0
U.S. DOLLAR INDEX - NEW YORK COTTON EXCHANGE,1991-08-30,2295,3040,171.0,318.0,5764,-469.0,-745,-147.0
U.S. DOLLAR INDEX - NEW YORK COTTON EXCHANGE,1991-09-16,2413,4508,118.0,1468.0,6934,1170.0,-2095,-1350.0
U.S. DOLLAR INDEX - NEW YORK COTTON EXCHANGE,1991-09-30,1082,3137,-1331.0,-1371.0,5048,-1886.0,-2055,40.0
U.S. DOLLAR INDEX - NEW YORK COTTON EXCHANGE,1991-10-15,4147,6774,3065.0,3637.0,9023,3975.0,-2627,-572.0
U.S. DOLLAR INDEX - NEW YORK COTTON EXCHANGE,1991-10-31,1644,4519,-2503.0,-2255.0,6745,-2278.0,-2875,-248.0
U.S. DOLLAR INDEX - NEW YORK COTTON EXCHANGE,1991-11-15,2184,3462,540.0,-1057.0,6049,-696.0,-1278,1597.0
U.S. DOLLAR INDEX - NEW YORK COTTON EXCHANGE,1991-11-29,1722,4480,-462.0,1018.0,7629,1580.0,-2758,-1480.0
U.S. DOLLAR INDEX - NEW YORK COTTON EXCHANGE,1991-12-13,649,3398,-1073.0,-1082.0,5408,-2221.0,-2749,9.0
U.S. DOLLAR INDEX - NEW YORK COTTON EXCHANGE,1991-12-31,709,3773,60.0,375.0,5144,-264.0,-3064,-315.0
U.S. DOLLAR INDEX - NEW YORK COTTON EXCHANGE,1992-01-15,1912,2583,1203.0,-1190.0,5524,380.0,-671,2393.0
U.S. DOLLAR INDEX - NEW YORK COTTON EXCHANGE,1992-01-31,5405,4470,3493.0,1887.0,8855,3331.0,935,1606.0
U.S. DOLLAR INDEX - NEW YORK COTTON EXCHANGE,1992-02-14,5308,5061,-97.0,591.0,10204,1349.0,247,-688.0
U.S. DOLLAR INDEX - NEW YORK COTTON EXCHANGE,1992-02-28,4975,4890,-333.0,-171.0,10578,374.0,85,-162.0
U.S. DOLLAR INDEX - NEW YORK COTTON EXCHANGE,1992-03-13,4249,6273,-726.0,1383.0,10971,393.0,-2024,-2109.0
U.S. DOLLAR INDEX - NEW YORK COTTON EXCHANGE,1992-03-31,3631,4306,-618.0,-1967.0,7822,-3149.0,-675,1349.0
U.S. DOLLAR INDEX - NEW YORK COTTON EXCHANGE,1992-04-15,6023,6374,2392.0,2068.0,9698,1876.0,-351,324.0
U.S. DOLLAR INDEX - NEW YORK COTTON EXCHANGE,1992-04-30,2844,3564,-3179.0,-2810.0,6850,-2848.0,-720,-369.0
U.S. DOLLAR INDEX - NEW YORK COTTON EXCHANGE,1992-05-15,7106,8055,4262.0,4491.0,10362,3512.0,-949,-229.0
U.S. DOLLAR INDEX - NEW YORK COTTON EXCHANGE,1992-05-29,50,492,50.0,365.0,743,,-442,507.0
U.S. DOLLAR INDEX - NEW YORK COTTON EXCHANGE,1992-06-15,1176,2058,1126.0,1566.0,3586,2843.0,-882,-440.0
U.S. DOLLAR INDEX - NEW YORK COTTON EXCHANGE,1992-06-30,1621,3286,445.0,1228.0,4576,990.0,-1665,-783.0
U.S. DOLLAR INDEX - NEW YORK COTTON EXCHANGE,1992-07-15,1720,2572,99.0,-714.0,4073,-503.0,-852,813.0
U.S. DOLLAR INDEX - NEW YORK COTTON EXCHANGE,1992-07-31,1584,3119,-136.0,547.0,4421,348.0,-1535,-683.0
U.S. DOLLAR INDEX - NEW YORK COTTON EXCHANGE,1992-08-14,2095,3539,511.0,420.0,5372,951.0,-1444,91.0
U.S. DOLLAR INDEX - NEW YORK COTTON EXCHANGE,1992-08-31,1407,2595,-688.0,-944.0,4625,-747.0,-1188,256.0
U.S. DOLLAR INDEX - NEW YORK COTTON EXCHANGE,1992-09-15,2975,3677,1568.0,1082.0,5386,761.0,-702,486.0
U.S. DOLLAR INDEX - NEW YORK COTTON EXCHANGE,1992-09-30,1349,2226,-1626.0,-1451.0,4515,-871.0,-877,-175.0
U.S. DOLLAR INDEX - NEW YORK COTTON EXCHANGE,1992-10-06,2908,4439,1559.0,2213.0,6706,2191.0,-1531,-654.0
U.S. DOLLAR INDEX - NEW YORK COTTON EXCHANGE,1992-10-13,1062,2912,-1846.0,-1527.0,5003,-1703.0,-1850,-319.0
U.S. DOLLAR INDEX - NEW YORK COTTON EXCHANGE,1992-10-20,2190,3967,1128.0,1055.0,5874,871.0,-1777,73.0
U.S. DOLLAR INDEX - NEW YORK COTTON EXCHANGE,1992-10-27,1228,2738,-962.0,-1229.0,4301,-1573.0,-1510,267.0
U.S. DOLLAR INDEX - NEW YORK COTTON EXCHANGE,1992-11-03,1298,1878,70.0,-860.0,5064,763.0,-580,930.0
U.S. DOLLAR INDEX - NEW YORK COTTON EXCHANGE,1992-11-10,2474,2137,1176.0,259.0,6142,1078.0,337,917.0
U.S. DOLLAR INDEX - NEW YORK COTTON EXCHANGE,1992-11-17,2455,2653,-19.0,516.0,6078,-64.0,-198,-535.0
U.S. DOLLAR INDEX - NEW YORK COTTON EXCHANGE,1992-11-24,3662,3816,1207.0,1163.0,6987,909.0,-154,44.0
U.S. DOLLAR INDEX - NEW YORK COTTON EXCHANGE,1992-12-01,2189,2615,-1473.0,-1201.0,5508,-1479.0,-426,-272.0
U.S. DOLLAR INDEX - NEW YORK COTTON EXCHANGE,1992-12-08,1099,1494,-1090.0,-1121.0,3358,-2150.0,-395,31.0
U.S. DOLLAR INDEX - NEW YORK COTTON EXCHANGE,1992-12-15,917,1308,-182.0,-186.0,2274,-1084.0,-391,4.0
U.S. DOLLAR INDEX - NEW YORK COTTON EXCHANGE,1992-12-22,2079,3152,1162.0,1844.0,4033,1759.0,-1073,-682.0
U.S. DOLLAR INDEX - NEW YORK COTTON EXCHANGE,1992-12-29,3200,5212,1121.0,2060.0,5818,1785.0,-2012,-939.0
U.S. DOLLAR INDEX - NEW YORK COTTON EXCHANGE,1993-01-05,2886,6226,-314.0,1014.0,7253,1435.0,-3340,-1328.0
U.S. DOLLAR INDEX - NEW YORK COTTON EXCHANGE,1993-01-12,3902,7384,1016.0,1158.0,8288,1035.0,-3482,-142.0
U.S. DOLLAR INDEX - NEW YORK COTTON EXCHANGE,1993-01-19,2352,4062,-1550.0,-3322.0,5188,-3100.0,-1710,1772.0
U.S. DOLLAR INDEX - NEW YORK COTTON EXCHANGE,1993-01-26,1265,2356,-1087.0,-1706.0,3345,-1843.0,-1091,619.0
U.S. DOLLAR INDEX - NEW YORK COTTON EXCHANGE,1993-02-02,1785,3846,520.0,1490.0,6509,3164.0,-2061,-970.0
U.S. DOLLAR INDEX - NEW YORK COTTON EXCHANGE,1993-02-09,2357,4261,572.0,415.0,7167,658.0,-1904,157.0
U.S. DOLLAR INDEX - NEW YORK COTTON EXCHANGE,1993-02-16,1449,3066,-908.0,-1195.0,6136,-1031.0,-1617,287.0
U.S. DOLLAR INDEX - NEW YORK COTTON EXCHANGE,1993-02-23,2191,2835,742.0,-231.0,6144,8.0,-644,973.0
U.S. DOLLAR INDEX - NEW YORK COTTON EXCHANGE,1993-03-02,2744,3677,553.0,842.0,6535,391.0,-933,-289.0
U.S. DOLLAR INDEX - NEW YORK COTTON EXCHANGE,1993-03-09,4212,4555,1468.0,878.0,6548,13.0,-343,590.0
U.S. DOLLAR INDEX - NEW YORK COTTON EXCHANGE,1993-03-16,4469,3471,257.0,-1084.0,7014,466.0,998,1341.0
U.S. DOLLAR INDEX - NEW YORK COTTON EXCHANGE,1993-03-23,4841,3406,372.0,-65.0,6342,-672.0,1435,437.0
U.S. DOLLAR INDEX - NEW YORK COTTON EXCHANGE,1993-03-30,3616,1901,-1225.0,-1505.0,5260,-1082.0,1715,280.0
U.S. DOLLAR INDEX - NEW YORK COTTON EXCHANGE,1993-04-06,4334,3007,718.0,1106.0,6693,1433.0,1327,-388.0
U.S. DOLLAR INDEX - NEW YORK COTTON EXCHANGE,1993-04-13,5677,2640,1343.0,-367.0,8200,1507.0,3037,1710.0
U.S. DOLLAR INDEX - NEW YORK COTTON EXCHANGE,1993-04-20,5121,2649,-556.0,9.0,7992,-208.0,2472,-565.0
U.S. DOLLAR INDEX - NEW YORK COTTON EXCHANGE,1993-04-27,4810,2612,-311.0,-37.0,7737,-255.0,2198,-274.0
U.S. DOLLAR INDEX - NEW YORK COTTON EXCHANGE,1993-05-04,5139,3106,329.0,494.0,7121,-616.0,2033,-165.0
U.S. DOLLAR INDEX - NEW YORK COTTON EXCHANGE,1993-05-11,3753,2377,-1386.0,-729.0,6130,-991.0,1376,-657.0
U.S. DOLLAR INDEX - NEW YORK COTTON EXCHANGE,1993-05-18,3110,2876,-643.0,499.0,6452,322.0,234,-1142.0
U.S. DOLLAR INDEX - NEW YORK COTTON EXCHANGE,1993-05-25,3464,2871,354.0,-5.0,6915,463.0,593,359.0
U.S. DOLLAR INDEX - NEW YORK COTTON EXCHANGE,1993-06-01,4247,2901,783.0,30.0,6822,-93.0,1346,753.0
U.S. DOLLAR INDEX - NEW YORK COTTON EXCHANGE,1993-06-08,3226,2036,-1021.0,-865.0,7404,582.0,1190,-156.0
U.S. DOLLAR INDEX - NEW YORK COTTON EXCHANGE,1993-06-15,2739,2029,-487.0,-7.0,6010,-1394.0,710,-480.0
U.S. DOLLAR INDEX - NEW YORK COTTON EXCHANGE,1993-06-22,3779,5538,1040.0,3509.0,8781,2771.0,-1759,-2469.0
U.S. DOLLAR INDEX - NEW YORK COTTON EXCHANGE,1993-06-29,2632,4454,-1147.0,-1084.0,7640,-1141.0,-1822,-63.0
U.S. DOLLAR INDEX - NEW YORK COTTON EXCHANGE,1993-07-06,4280,7211,1648.0,2757.0,9942,2302.0,-2931,-1109.0
U.S. DOLLAR INDEX - NEW YORK COTTON EXCHANGE,1993-07-13,3674,7507,-606.0,296.0,10280,338.0,-3833,-902.0
U.S. DOLLAR INDEX - NEW YORK COTTON EXCHANGE,1993-07-20,3158,5896,-516.0,-1611.0,8727,-1553.0,-2738,1095.0
U.S. DOLLAR INDEX - NEW YORK COTTON EXCHANGE,1993-07-27,2562,5224,-596.0,-672.0,9767,1040.0,-2662,76.0
U.S. DOLLAR INDEX - NEW YORK COTTON EXCHANGE,1993-08-03,2997,5272,435.0,48.0,10368,601.0,-2275,387.0
U.S. DOLLAR INDEX - NEW YORK COTTON EXCHANGE,1993-08-10,3019,5131,22.0,-141.0,10051,-317.0,-2112,163.0
U.S. DOLLAR INDEX - NEW YORK COTTON EXCHANGE,1993-08-17,2296,3133,-723.0,-1998.0,8278,-1773.0,-837,1275.0
U.S. DOLLAR INDEX - NEW YORK COTTON EXCHANGE,1993-08-24,1876,2159,-420.0,-974.0,7541,-737.0,-283,554.0
U.S. DOLLAR INDEX - NEW YORK COTTON EXCHANGE,1993-08-31,2910,3163,1034.0,1004.0,8375,834.0,-253,30.0
U.S. DOLLAR INDEX - NEW YORK COTTON EXCHANGE,1993-09-07,5414,4356,2504.0,1193.0,7636,-739.0,1058,1311.0
U.S. DOLLAR INDEX - NEW YORK COTTON EXCHANGE,1993-09-14,4224,2764,-1190.0,-1592.0,7041,-595.0,1460,402.0
U.S. DOLLAR INDEX - NEW YORK COTTON EXCHANGE,1993-09-21,4599,2739,375.0,-25.0,5560,-1481.0,1860,400.0
U.S. DOLLAR INDEX - NEW YORK COTTON EXCHANGE,1993-09-28,4297,2469,-302.0,-270.0,5555,-5.0,1828,-32.0
U.S. DOLLAR INDEX - NEW YORK COTTON EXCHANGE,1993-10-05,3698,1532,-599.0,-937.0,7919,2364.0,2166,338.0
U.S. DOLLAR INDEX - NEW YORK COTTON EXCHANGE,1993-10-12,6994,5626,3296.0,4094.0,8951,1032.0,1368,-798.0
U.S. DOLLAR INDEX - NEW YORK COTTON EXCHANGE,1993-10-19,2049,1255,-4945.0,-4371.0,8031,-920.0,794,-574.0
U.S. DOLLAR INDEX - NEW YORK COTTON EXCHANGE,1993-10-26,2897,2708,848.0,1453.0,10291,2260.0,189,-605.0
U.S. DOLLAR INDEX - NEW YORK COTTON EXCHANGE,1993-11-02,2246,2232,-651.0,-476.0,9975,-316.0,14,-175.0
U.S. DOLLAR INDEX - NEW YORK COTTON EXCHANGE,1993-11-09,4482,4622,2236.0,2390.0,12298,2323.0,-140,-154.0
U.S. DOLLAR INDEX - NEW YORK COTTON EXCHANGE,1993-11-16,6047,6004,1565.0,1382.0,14430,2132.0,43,183.0
U.S. DOLLAR INDEX - NEW YORK COTTON EXCHANGE,1993-11-23,4015,4775,-2032.0,-1229.0,11894,-2536.0,-760,-803.0
U.S. DOLLAR INDEX - NEW YORK COTTON EXCHANGE,1993-11-30,3948,4822,-67.0,47.0,12132,238.0,-874,-114.0
U.S. DOLLAR INDEX - NEW YORK COTTON EXCHANGE,1993-12-07,3021,3403,-927.0,-1419.0,10260,-1872.0,-382,492.0
U.S. DOLLAR INDEX - NEW YORK COTTON EXCHANGE,1993-12-14,2974,2897,-47.0,-506.0,8468,-1792.0,77,459.0
U.S. DOLLAR INDEX - NEW YORK COTTON EXCHANGE,1993-12-21,2948,4333,-26.0,1436.0,7950,-518.0,-1385,-1462.0
U.S. DOLLAR INDEX - NEW YORK COTTON EXCHANGE,1993-12-28,2760,3237,-188.0,-1096.0,7796,-154.0,-477,908.0
U.S. DOLLAR INDEX - NEW YORK COTTON EXCHANGE,1994-01-04,6303,8321,3543.0,5084.0,11599,3803.0,-2018,-1541.0
U.S. DOLLAR INDEX - NEW YORK COTTON EXCHANGE,1994-01-11,5945,8122,-358.0,-199.0,11584,-15.0,-2177,-159.0
U.S. DOLLAR INDEX - NEW YORK COTTON EXCHANGE,1994-01-18,5809,8602,-136.0,480.0,11781,197.0,-2793,-616.0
U.S. DOLLAR INDEX - NEW YORK COTTON EXCHANGE,1994-01-25,6646,7327,837.0,-1275.0,10805,-976.0,-681,2112.0
U.S. DOLLAR INDEX - NEW YORK COTTON EXCHANGE,1994-02-01,4464,3782,-2182.0,-3545.0,8091,-2714.0,682,1363.0
U.S. DOLLAR INDEX - NEW YORK COTTON EXCHANGE,1994-02-08,5910,5421,1446.0,1639.0,8892,801.0,489,-193.0
U.S. DOLLAR INDEX - NEW YORK COTTON EXCHANGE,1994-02-15,2431,2136,-3479.0,-3285.0,6369,-2523.0,295,-194.0
U.S. DOLLAR INDEX - NEW YORK COTTON EXCHANGE,1994-02-22,2897,1893,466.0,-243.0,5899,-470.0,1004,709.0
U.S. DOLLAR INDEX - NEW YORK COTTON EXCHANGE,1994-03-01,3720,1894,823.0,1.0,6816,917.0,1826,822.0
U.S. DOLLAR INDEX - NEW YORK COTTON EXCHANGE,1994-03-08,3694,1594,-26.0,-300.0,5853,-963.0,2100,274.0
U.S. DOLLAR INDEX - NEW YORK COTTON EXCHANGE,1994-03-15,3448,2017,-246.0,423.0,5506,-347.0,1431,-669.0
U.S. DOLLAR INDEX - NEW YORK COTTON EXCHANGE,1994-03-22,2747,2328,-701.0,311.0,4486,-1020.0,419,-1012.0
U.S. DOLLAR INDEX - NEW YORK COTTON EXCHANGE,1994-03-29,2885,2118,138.0,-210.0,7310,2824.0,767,348.0
U.S. DOLLAR INDEX - NEW YORK COTTON EXCHANGE,1994-04-05,3704,2606,819.0,488.0,9172,1862.0,1098,331.0
U.S. DOLLAR INDEX - NEW YORK COTTON EXCHANGE,1994-04-12,3300,3666,-404.0,1060.0,9246,74.0,-366,-1464.0
U.S. DOLLAR INDEX - NEW YORK COTTON EXCHANGE,1994-04-19,2783,3069,-517.0,-597.0,8427,-819.0,-286,80.0
U.S. DOLLAR INDEX - NEW YORK COTTON EXCHANGE,1994-04-26,2623,3073,-160.0,4.0,7434,-993.0,-450,-164.0
U.S. DOLLAR INDEX - NEW YORK COTTON EXCHANGE,1994-05-03,3809,3433,1186.0,360.0,8714,1280.0,376,826.0
U.S. DOLLAR INDEX - NEW YORK COTTON EXCHANGE,1994-05-10,3799,3834,-10.0,401.0,7659,-1055.0,-35,-411.0
U.S. DOLLAR INDEX - NEW YORK COTTON EXCHANGE,1994-05-17,2698,2635,-1101.0,-1199.0,7494,-165.0,63,98.0
U.S. DOLLAR INDEX - NEW YORK COTTON EXCHANGE,1994-05-24,3238,2530,540.0,-105.0,8347,853.0,708,645.0
U.S. DOLLAR INDEX - NEW YORK COTTON EXCHANGE,1994-05-31,2723,2646,-515.0,116.0,7870,-477.0,77,-631.0
U.S. DOLLAR INDEX - NEW YORK COTTON EXCHANGE,1994-06-07,1285,1759,-1438.0,-887.0,7476,-394.0,-474,-551.0
U.S. DOLLAR INDEX - NEW YORK COTTON EXCHANGE,1994-06-14,3807,4353,2522.0,2594.0,10371,2895.0,-546,-72.0
U.S. DOLLAR INDEX - NEW YORK COTTON EXCHANGE,1994-06-21,6234,6526,2427.0,2173.0,14532,4161.0,-292,254.0
U.S. DOLLAR INDEX - NEW YORK COTTON EXCHANGE,1994-06-28,5484,6941,-750.0,415.0,14989,457.0,-1457,-1165.0
U.S. DOLLAR INDEX - NEW YORK COTTON EXCHANGE,1994-07-05,5527,6575,43.0,-366.0,14435,-554.0,-1048,409.0
U.S. DOLLAR INDEX - NEW YORK COTTON EXCHANGE,1994-07-12,4696,4313,-831.0,-2262.0,12350,-2085.0,383,1431.0
U.S. DOLLAR INDEX - NEW YORK COTTON EXCHANGE,1994-07-19,4645,5261,-51.0,948.0,13179,829.0,-616,-999.0
U.S. DOLLAR INDEX - NEW YORK COTTON EXCHANGE,1994-07-26,3345,4381,-1300.0,-880.0,11576,-1603.0,-1036,-420.0
U.S. DOLLAR INDEX - NEW YORK COTTON EXCHANGE,1994-08-02,1856,2310,-1489.0,-2071.0,9472,-2104.0,-454,582.0
U.S. DOLLAR INDEX - NEW YORK COTTON EXCHANGE,1994-08-09,1592,1733,-264.0,-577.0,9186,-286.0,-141,313.0
U.S. DOLLAR INDEX - NEW YORK COTTON EXCHANGE,1994-08-16,2503,2632,911.0,899.0,10468,1282.0,-129,12.0
U.S. DOLLAR INDEX - NEW YORK COTTON EXCHANGE,1994-08-23,3321,2482,818.0,-150.0,9581,-887.0,839,968.0
U.S. DOLLAR INDEX - NEW YORK COTTON EXCHANGE,1994-08-30,1535,1076,-1786.0,-1406.0,7828,-1753.0,459,-380.0
U.S. DOLLAR INDEX - NEW YORK COTTON EXCHANGE,1994-09-06,3108,2997,1573.0,1921.0,10069,2241.0,111,-348.0
U.S. DOLLAR INDEX - NEW YORK COTTON EXCHANGE,1994-09-13,3798,4777,690.0,1780.0,11310,1241.0,-979,-1090.0
U.S. DOLLAR INDEX - NEW YORK COTTON EXCHANGE,1994-09-20,4400,4822,602.0,45.0,7431,-3879.0,-422,557.0
U.S. DOLLAR INDEX - NEW YORK COTTON EXCHANGE,1994-09-27,5909,7767,1509.0,2945.0,9176,1745.0,-1858,-1436.0
U.S. DOLLAR INDEX - NEW YORK COTTON EXCHANGE,1994-10-04,4676,6838,-1233.0,-929.0,8411,-765.0,-2162,-304.0
U.S. DOLLAR INDEX - NEW YORK COTTON EXCHANGE,1994-10-11,4565,6100,-111.0,-738.0,8157,-254.0,-1535,627.0
U.S. DOLLAR INDEX - NEW YORK COTTON EXCHANGE,1994-10-18,6931,8287,2366.0,2187.0,10647,2490.0,-1356,179.0
U.S. DOLLAR INDEX - NEW YORK COTTON EXCHANGE,1994-10-25,5561,6093,-1370.0,-2194.0,9825,-822.0,-532,824.0
U.S. DOLLAR INDEX - NEW YORK COTTON EXCHANGE,1994-11-01,3873,4593,-1688.0,-1500.0,9606,-219.0,-720,-188.0
U.S. DOLLAR INDEX - NEW YORK COTTON EXCHANGE,1994-11-08,2688,2405,-1185.0,-2188.0,9767,161.0,283,1003.0
U.S. DOLLAR INDEX - NEW YORK COTTON EXCHANGE,1994-11-15,2110,2848,-578.0,443.0,8267,-1500.0,-738,-1021.0
U.S. DOLLAR INDEX - NEW YORK COTTON EXCHANGE,1994-11-22,1149,2174,-961.0,-674.0,8961,694.0,-1025,-287.0
U.S. DOLLAR INDEX - NEW YORK COTTON EXCHANGE,1994-11-29,2715,3725,1566.0,1551.0,9243,282.0,-1010,15.0
U.S. DOLLAR INDEX - NEW YORK COTTON EXCHANGE,1994-12-06,2996,4405,281.0,680.0,7913,-1330.0,-1409,-399.0
U.S. DOLLAR INDEX - NEW YORK COTTON EXCHANGE,1994-12-13,3201,4556,205.0,151.0,6418,-1495.0,-1355,54.0
U.S. DOLLAR INDEX - NEW YORK COTTON EXCHANGE,1994-12-20,3023,4463,-178.0,-93.0,6070,-348.0,-1440,-85.0
U.S. DOLLAR INDEX - NEW YORK COTTON EXCHANGE,1994-12-27,3368,4767,345.0,304.0,5503,-567.0,-1399,41.0
U.S. DOLLAR INDEX - NEW YORK COTTON EXCHANGE,1995-01-03,1739,2611,-1629.0,-2156.0,3609,-1894.0,-872,527.0
U.S. DOLLAR INDEX - NEW YORK COTTON EXCHANGE,1995-01-10,2034,3687,295.0,1076.0,4585,976.0,-1653,-781.0
U.S. DOLLAR INDEX - NEW YORK COTTON EXCHANGE,1995-01-17,1949,1368,-85.0,-2319.0,3677,-908.0,581,2234.0
U.S. DOLLAR INDEX - NEW YORK COTTON EXCHANGE,1995-01-24,2300,1742,351.0,374.0,3760,83.0,558,-23.0
U.S. DOLLAR INDEX - NEW YORK COTTON EXCHANGE,1995-01-31,1250,1536,-1050.0,-206.0,2865,-895.0,-286,-844.0
U.S. DOLLAR INDEX - NEW YORK COTTON EXCHANGE,1995-02-07,1662,2008,412.0,472.0,5217,2352.0,-346,-60.0
U.S. DOLLAR INDEX - NEW YORK COTTON EXCHANGE,1995-02-14,1770,2362,108.0,354.0,5303,86.0,-592,-246.0
U.S. DOLLAR INDEX - NEW YORK COTTON EXCHANGE,1995-02-21,3254,4061,1484.0,1699.0,5358,55.0,-807,-215.0
U.S. DOLLAR INDEX - NEW YORK COTTON EXCHANGE,1995-02-28,2979,3960,-275.0,-101.0,5437,79.0,-981,-174.0
U.S. DOLLAR INDEX - NEW YORK COTTON EXCHANGE,1995-03-07,2346,1997,-633.0,-1963.0,4469,-968.0,349,1330.0
U.S. DOLLAR INDEX - NEW YORK COTTON EXCHANGE,1995-03-14,2655,1970,309.0,-27.0,4322,-147.0,685,336.0
U.S. DOLLAR INDEX - NEW YORK COTTON EXCHANGE,1995-03-21,2297,2279,-358.0,309.0,3744,-578.0,18,-667.0
U.S. DOLLAR INDEX - NEW YORK COTTON EXCHANGE,1995-03-28,2944,3610,647.0,1331.0,5172,1428.0,-666,-684.0
U.S. DOLLAR INDEX - NEW YORK COTTON EXCHANGE,1995-04-04,3204,4283,260.0,673.0,5641,469.0,-1079,-413.0
U.S. DOLLAR INDEX - NEW YORK COTTON EXCHANGE,1995-04-11,3669,4070,465.0,-213.0,5930,289.0,-401,678.0
U.S. DOLLAR INDEX - NEW YORK COTTON EXCHANGE,1995-04-18,5161,5559,1492.0,1489.0,7682,1752.0,-398,3.0
U.S. DOLLAR INDEX - NEW YORK COTTON EXCHANGE,1995-04-25,3024,3261,-2137.0,-2298.0,5605,-2077.0,-237,161.0
U.S. DOLLAR INDEX - NEW YORK COTTON EXCHANGE,1995-05-02,3181,4246,157.0,985.0,5980,375.0,-1065,-828.0
U.S. DOLLAR INDEX - NEW YORK COTTON EXCHANGE,1995-05-09,3463,4412,282.0,166.0,6045,65.0,-949,116.0
U.S. DOLLAR INDEX - NEW YORK COTTON EXCHANGE,1995-05-16,2092,3210,-1371.0,-1202.0,6427,382.0,-1118,-169.0
U.S. DOLLAR INDEX - NEW YORK COTTON EXCHANGE,1995-05-23,3110,4111,1018.0,901.0,7557,1130.0,-1001,117.0
U.S. DOLLAR INDEX - NEW YORK COTTON EXCHANGE,1995-05-30,2239,2932,-871.0,-1179.0,5845,-1712.0,-693,308.0
U.S. DOLLAR INDEX - NEW YORK COTTON EXCHANGE,1995-06-06,2601,3087,362.0,155.0,6257,412.0,-486,207.0
U.S. DOLLAR INDEX - NEW YORK COTTON EXCHANGE,1995-06-13,2560,2949,-41.0,-138.0,5957,-300.0,-389,97.0
U.S. DOLLAR INDEX - NEW YORK COTTON EXCHANGE,1995-06-20,2040,2565,-520.0,-384.0,6897,940.0,-525,-136.0
U.S. DOLLAR INDEX - NEW YORK COTTON EXCHANGE,1995-06-27,1761,1842,-279.0,-723.0,5558,-1339.0,-81,444.0
U.S. DOLLAR INDEX - NEW YORK COTTON EXCHANGE,1995-07-03,1725,1954,-36.0,112.0,5843,285.0,-229,-148.0
U.S. DOLLAR INDEX - NEW YORK COTTON EXCHANGE,1995-07-11,2297,2602,572.0,648.0,6755,912.0,-305,-76.0
U.S. DOLLAR INDEX - NEW YORK COTTON EXCHANGE,1995-07-18,2272,3234,-25.0,632.0,7130,375.0,-962,-657.0
U.S. DOLLAR INDEX - NEW YORK COTTON EXCHANGE,1995-07-25,3016,3420,744.0,186.0,6558,-572.0,-404,558.0
U.S. DOLLAR INDEX - NEW YORK COTTON EXCHANGE,1995-08-01,3863,3579,847.0,159.0,7094,536.0,284,688.0
U.S. DOLLAR INDEX - NEW YORK COTTON EXCHANGE,1995-08-08,5920,5732,2057.0,2153.0,8216,1122.0,188,-96.0
U.S. DOLLAR INDEX - NEW YORK COTTON EXCHANGE,1995-08-15,6180,6851,260.0,1119.0,9052,836.0,-671,-859.0
U.S. DOLLAR INDEX - NEW YORK COTTON EXCHANGE,1995-08-22,5848,6263,-332.0,-588.0,8519,-533.0,-415,256.0
U.S. DOLLAR INDEX - NEW YORK COTTON EXCHANGE,1995-08-29,6482,6879,634.0,616.0,9289,770.0,-397,18.0
U.S. DOLLAR INDEX - NEW YORK COTTON EXCHANGE,1995-09-05,6529,6635,47.0,-244.0,9030,-259.0,-106,291.0
U.S. DOLLAR INDEX - NEW YORK COTTON EXCHANGE,1995-09-12,5678,6497,-851.0,-138.0,8712,-318.0,-819,-713.0
U.S. DOLLAR INDEX - NEW YORK COTTON EXCHANGE,1995-09-19,6288,7661,610.0,1164.0,9694,982.0,-1373,-554.0
U.S. DOLLAR INDEX - NEW YORK COTTON EXCHANGE,1995-09-26,4534,5060,-1754.0,-2601.0,6455,-3239.0,-526,847.0
U.S. DOLLAR INDEX - NEW YORK COTTON EXCHANGE,1995-10-03,4523,5011,-11.0,-49.0,6671,216.0,-488,38.0
U.S. DOLLAR INDEX - NEW YORK COTTON EXCHANGE,1995-10-10,4928,5188,405.0,177.0,6899,228.0,-260,228.0
U.S. DOLLAR INDEX - NEW YORK COTTON EXCHANGE,1995-10-17,1902,3259,-3026.0,-1929.0,6277,-622.0,-1357,-1097.0
U.S. DOLLAR INDEX - NEW YORK COTTON EXCHANGE,1995-10-24,2924,3846,1022.0,587.0,7384,1107.0,-922,435.0
U.S. DOLLAR INDEX - NEW YORK COTTON EXCHANGE,1995-10-31,2872,4273,-52.0,427.0,8246,862.0,-1401,-479.0
U.S. DOLLAR INDEX - NEW YORK COTTON EXCHANGE,1995-11-07,2172,3684,-700.0,-589.0,7758,-488.0,-1512,-111.0
U.S. DOLLAR INDEX - NEW YORK COTTON EXCHANGE,1995-11-14,2764,3785,592.0,101.0,5750,-2008.0,-1021,491.0
U.S. DOLLAR INDEX - NEW YORK COTTON EXCHANGE,1995-11-21,1782,3065,-982.0,-720.0,5969,219.0,-1283,-262.0
U.S. DOLLAR INDEX - NEW YORK COTTON EXCHANGE,1995-11-28,3030,4438,1248.0,1373.0,6583,614.0,-1408,-125.0
U.S. DOLLAR INDEX - NEW YORK COTTON EXCHANGE,1995-12-05,4415,6186,1385.0,1748.0,8026,1443.0,-1771,-363.0
U.S. DOLLAR INDEX - NEW YORK COTTON EXCHANGE,1995-12-12,4666,6873,251.0,687.0,8433,407.0,-2207,-436.0
U.S. DOLLAR INDEX - NEW YORK COTTON EXCHANGE,1995-12-19,3209,5221,-1457.0,-1652.0,6267,-2166.0,-2012,195.0
U.S. DOLLAR INDEX - NEW YORK COTTON EXCHANGE,1995-12-26,2524,4527,-685.0,-694.0,5291,-976.0,-2003,9.0
U.S. DOLLAR INDEX - NEW YORK COTTON EXCHANGE,1996-01-02,2646,4595,122.0,68.0,5340,49.0,-1949,54.0
U.S. DOLLAR INDEX - NEW YORK COTTON EXCHANGE,1996-01-09,5645,6847,2999.0,2252.0,8778,3438.0,-1202,747.0
U.S. DOLLAR INDEX - NEW YORK COTTON EXCHANGE,1996-01-16,5241,6961,-404.0,114.0,8534,-244.0,-1720,-518.0
U.S. DOLLAR INDEX - NEW YORK COTTON EXCHANGE,1996-01-23,7184,8134,1943.0,1173.0,10774,2240.0,-950,770.0
U.S. DOLLAR INDEX - NEW YORK COTTON EXCHANGE,1996-01-30,8365,8383,1181.0,249.0,11920,1146.0,-18,932.0
U.S. DOLLAR INDEX - NEW YORK COTTON EXCHANGE,1996-02-06,5916,6629,-2449.0,-1754.0,9582,-2338.0,-713,-695.0
U.S. DOLLAR INDEX - NEW YORK COTTON EXCHANGE,1996-02-13,4113,5242,-1803.0,-1387.0,7394,-2188.0,-1129,-416.0
U.S. DOLLAR INDEX - NEW YORK COTTON EXCHANGE,1996-02-20,3588,3861,-525.0,-1381.0,6298,-1096.0,-273,856.0
U.S. DOLLAR INDEX - NEW YORK COTTON EXCHANGE,1996-02-27,3658,3175,70.0,-686.0,6247,-51.0,483,756.0
U.S. DOLLAR INDEX - NEW YORK COTTON EXCHANGE,1996-03-05,3782,3217,124.0,42.0,6520,273.0,565,82.0
U.S. DOLLAR INDEX - NEW YORK COTTON EXCHANGE,1996-03-12,4348,4043,566.0,826.0,7310,790.0,305,-260.0
U.S. DOLLAR INDEX - NEW YORK COTTON EXCHANGE,1996-03-19,5478,4679,1130.0,636.0,8352,1042.0,799,494.0
U.S. DOLLAR INDEX - NEW YORK COTTON EXCHANGE,1996-03-26,2349,3367,-3129.0,-1312.0,4995,-3357.0,-1018,-1817.0
U.S. DOLLAR INDEX - NEW YORK COTTON EXCHANGE,1996-04-02,2933,4472,584.0,1105.0,6041,1046.0,-1539,-521.0
U.S. DOLLAR INDEX - NEW YORK COTTON EXCHANGE,1996-04-09,6692,6863,3759.0,2391.0,11660,5619.0,-171,1368.0
U.S. DOLLAR INDEX - NEW YORK COTTON EXCHANGE,1996-04-16,6813,7513,121.0,650.0,11532,-128.0,-700,-529.0
U.S. DOLLAR INDEX - NEW YORK COTTON EXCHANGE,1996-04-23,6278,6764,-535.0,-749.0,10601,-931.0,-486,214.0
U.S. DOLLAR INDEX - NEW YORK COTTON EXCHANGE,1996-04-30,5256,6272,-1022.0,-492.0,10158,-443.0,-1016,-530.0
U.S. DOLLAR INDEX - NEW YORK COTTON EXCHANGE,1996-05-07,4948,5335,-308.0,-937.0,9539,-619.0,-387,629.0
U.S. DOLLAR INDEX - NEW YORK COTTON EXCHANGE,1996-05-14,4241,4495,-707.0,-840.0,8609,-930.0,-254,133.0
U.S. DOLLAR INDEX - NEW YORK COTTON EXCHANGE,1996-05-21,6136,5853,1895.0,1358.0,10400,1791.0,283,537.0
U.S. DOLLAR INDEX - NEW YORK COTTON EXCHANGE,1996-05-28,7176,6865,1040.0,1012.0,11625,1225.0,311,28.0
U.S. DOLLAR INDEX - NEW YORK COTTON EXCHANGE,1996-06-04,3157,3380,-4019.0,-3485.0,6765,-4860.0,-223,-534.0
U.S. DOLLAR INDEX - NEW YORK COTTON EXCHANGE,1996-06-11,3815,4026,658.0,646.0,7623,858.0,-211,12.0
U.S. DOLLAR INDEX - NEW YORK COTTON EXCHANGE,1996-06-18,3602,3919,-213.0,-107.0,8039,416.0,-317,-106.0
U.S. DOLLAR INDEX - NEW YORK COTTON EXCHANGE,1996-06-25,3772,3221,170.0,-698.0,6112,-1927.0,551,868.0
U.S. DOLLAR INDEX - NEW YORK COTTON EXCHANGE,1996-07-02,2858,3095,-914.0,-126.0,6928,816.0,-237,-788.0
U.S. DOLLAR INDEX - NEW YORK COTTON EXCHANGE,1996-07-09,2996,3041,138.0,-54.0,6855,-73.0,-45,192.0
U.S. DOLLAR INDEX - NEW YORK COTTON EXCHANGE,1996-07-16,5131,3937,2135.0,896.0,8644,1789.0,1194,1239.0
U.S. DOLLAR INDEX - NEW YORK COTTON EXCHANGE,1996-07-23,7079,4147,1948.0,210.0,8881,237.0,2932,1738.0
U.S. DOLLAR INDEX - NEW YORK COTTON EXCHANGE,1996-07-30,5893,3766,-1186.0,-381.0,8726,-155.0,2127,-805.0
U.S. DOLLAR INDEX - NEW YORK COTTON EXCHANGE,1996-08-06,5014,2596,-879.0,-1170.0,8003,-723.0,2418,291.0
U.S. DOLLAR INDEX - NEW YORK COTTON EXCHANGE,1996-08-13,5986,3874,972.0,1278.0,9018,1015.0,2112,-306.0
U.S. DOLLAR INDEX - NEW YORK COTTON EXCHANGE,1996-08-20,5479,2716,-507.0,-1158.0,8671,-347.0,2763,651.0
U.S. DOLLAR INDEX - NEW YORK COTTON EXCHANGE,1996-08-27,5472,3452,-7.0,736.0,8715,44.0,2020,-743.0
U.S. DOLLAR INDEX - NEW YORK COTTON EXCHANGE,1996-09-03,4822,2884,-650.0,-568.0,7705,-1010.0,1938,-82.0
U.S. DOLLAR INDEX - NEW YORK COTTON EXCHANGE,1996-09-10,3841,2832,-981.0,-52.0,8604,899.0,1009,-929.0
U.S. DOLLAR INDEX - NEW YORK COTTON EXCHANGE,1996-09-17,5667,4123,1826.0,1291.0,9757,1153.0,1544,535.0
U.S. DOLLAR INDEX - NEW YORK COTTON EXCHANGE,1996-09-24,5382,3984,-285.0,-139.0,8198,-1559.0,1398,-146.0
U.S. DOLLAR INDEX - NEW YORK COTTON EXCHANGE,1996-10-01,4317,4016,-1065.0,32.0,7772,-426.0,301,-1097.0
U.S. DOLLAR INDEX - NEW YORK COTTON EXCHANGE,1996-10-08,4720,4734,403.0,718.0,8132,360.0,-14,-315.0
U.S. DOLLAR INDEX - NEW YORK COTTON EXCHANGE,1996-10-15,5666,4733,946.0,-1.0,9367,1235.0,933,947.0
U.S. DOLLAR INDEX - NEW YORK COTTON EXCHANGE,1996-10-22,2357,2230,-3309.0,-2503.0,5636,-3731.0,127,-806.0
U.S. DOLLAR INDEX - NEW YORK COTTON EXCHANGE,1996-10-29,2561,2053,204.0,-177.0,5722,86.0,508,381.0
U.S. DOLLAR INDEX - NEW YORK COTTON EXCHANGE,1996-11-05,2685,1608,124.0,-445.0,5428,-294.0,1077,569.0
U.S. DOLLAR INDEX - NEW YORK COTTON EXCHANGE,1996-11-12,5258,4069,2573.0,2461.0,7856,2428.0,1189,112.0
U.S. DOLLAR INDEX - NEW YORK COTTON EXCHANGE,1996-11-19,5143,3935,-115.0,-134.0,7714,-142.0,1208,19.0
U.S. DOLLAR INDEX - NEW YORK COTTON EXCHANGE,1996-11-26,4178,2273,-965.0,-1662.0,7792,78.0,1905,697.0
U.S. DOLLAR INDEX - NEW YORK COTTON EXCHANGE,1996-12-03,5252,4235,1074.0,1962.0,9234,1442.0,1017,-888.0
U.S. DOLLAR INDEX - NEW YORK COTTON EXCHANGE,1996-12-10,5146,3604,-106.0,-631.0,7902,-1332.0,1542,525.0
U.S. DOLLAR INDEX - NEW YORK COTTON EXCHANGE,1996-12-17,4280,2854,-866.0,-750.0,7576,-326.0,1426,-116.0
U.S. DOLLAR INDEX - NEW YORK COTTON EXCHANGE,1996-12-24,4177,2927,-103.0,73.0,7289,-287.0,1250,-176.0
U.S. DOLLAR INDEX - NEW YORK COTTON EXCHANGE,1996-12-31,3238,2642,-939.0,-285.0,5829,-1460.0,596,-654.0
U.S. DOLLAR INDEX - NEW YORK COTTON EXCHANGE,1997-01-07,5318,4404,2080.0,1762.0,8979,3150.0,914,318.0
U.S. DOLLAR INDEX - NEW YORK COTTON EXCHANGE,1997-01-14,7653,6158,2335.0,1754.0,11109,2130.0,1495,581.0
U.S. DOLLAR INDEX - NEW YORK COTTON EXCHANGE,1997-01-21,6977,5631,-676.0,-527.0,10493,-616.0,1346,-149.0
U.S. DOLLAR INDEX - NEW YORK COTTON EXCHANGE,1997-01-28,6222,4549,-755.0,-1082.0,9806,-687.0,1673,327.0
U.S. DOLLAR INDEX - NEW YORK COTTON EXCHANGE,1997-02-04,4928,3252,-1294.0,-1297.0,8566,-1240.0,1676,3.0
U.S. DOLLAR INDEX - NEW YORK COTTON EXCHANGE,1997-02-11,6597,4423,1669.0,1171.0,10150,1584.0,2174,498.0
U.S. DOLLAR INDEX - NEW YORK COTTON EXCHANGE,1997-02-18,5403,3598,-1194.0,-825.0,9009,-1141.0,1805,-369.0
U.S. DOLLAR INDEX - NEW YORK COTTON EXCHANGE,1997-02-25,3904,1996,-1499.0,-1602.0,7387,-1622.0,1908,103.0
U.S. DOLLAR INDEX - NEW YORK COTTON EXCHANGE,1997-03-04,6712,4641,2808.0,2645.0,10456,3069.0,2071,163.0
U.S. DOLLAR INDEX - NEW YORK COTTON EXCHANGE,1997-03-11,4996,4451,-1716.0,-190.0,7957,-2499.0,545,-1526.0
U.S. DOLLAR INDEX - NEW YORK COTTON EXCHANGE,1997-03-18,3140,3568,-1856.0,-883.0,5634,-2323.0,-428,-973.0
U.S. DOLLAR INDEX - NEW YORK COTTON EXCHANGE,1997-03-25,2961,3271,-179.0,-297.0,4968,-666.0,-310,118.0
U.S. DOLLAR INDEX - NEW YORK COTTON EXCHANGE,1997-04-01,3675,3067,714.0,-204.0,5064,96.0,608,918.0
U.S. DOLLAR INDEX - NEW YORK COTTON EXCHANGE,1997-04-08,2557,2382,-1118.0,-685.0,6802,1738.0,175,-433.0
U.S. DOLLAR INDEX - NEW YORK COTTON EXCHANGE,1997-04-15,2083,2825,-474.0,443.0,7224,422.0,-742,-917.0
U.S. DOLLAR INDEX - NEW YORK COTTON EXCHANGE,1997-04-22,2305,2695,222.0,-130.0,7445,221.0,-390,352.0
U.S. DOLLAR INDEX - NEW YORK COTTON EXCHANGE,1997-04-29,2648,3130,343.0,435.0,7764,319.0,-482,-92.0
U.S. DOLLAR INDEX - NEW YORK COTTON EXCHANGE,1997-05-06,3719,3644,1071.0,514.0,7403,-361.0,75,557.0
U.S. DOLLAR INDEX - NEW YORK COTTON EXCHANGE,1997-05-13,2228,1382,-1491.0,-2262.0,7418,15.0,846,771.0
U.S. DOLLAR INDEX - NEW YORK COTTON EXCHANGE,1997-05-20,3575,1678,1347.0,296.0,8260,842.0,1897,1051.0
U.S. DOLLAR INDEX - NEW YORK COTTON EXCHANGE,1997-05-27,3731,1711,156.0,33.0,7145,-1115.0,2020,123.0
U.S. DOLLAR INDEX - NEW YORK COTTON EXCHANGE,1997-06-03,3844,1418,113.0,-293.0,6389,-756.0,2426,406.0
U.S. DOLLAR INDEX - NEW YORK COTTON EXCHANGE,1997-06-10,3637,1782,-207.0,364.0,6183,-206.0,1855,-571.0
U.S. DOLLAR INDEX - NEW YORK COTTON EXCHANGE,1997-06-17,2787,2070,-850.0,288.0,6141,-42.0,717,-1138.0
U.S. DOLLAR INDEX - NEW YORK COTTON EXCHANGE,1997-06-24,1323,1689,-1464.0,-381.0,3804,-2337.0,-366,-1083.0
U.S. DOLLAR INDEX - NEW YORK COTTON EXCHANGE,1997-07-01,4749,4055,3426.0,2366.0,7231,3427.0,694,1060.0
U.S. DOLLAR INDEX - NEW YORK COTTON EXCHANGE,1997-07-08,3179,3406,-1570.0,-649.0,5877,-1354.0,-227,-921.0
U.S. DOLLAR INDEX - NEW YORK COTTON EXCHANGE,1997-07-15,5906,6816,2727.0,3410.0,9966,4089.0,-910,-683.0
U.S. DOLLAR INDEX - NEW YORK COTTON EXCHANGE,1997-07-22,8129,8731,2223.0,1915.0,12400,2434.0,-602,308.0
U.S. DOLLAR INDEX - NEW YORK COTTON EXCHANGE,1997-07-29,11209,11797,3080.0,3066.0,15474,3074.0,-588,14.0
U.S. DOLLAR INDEX - NEW YORK COTTON EXCHANGE,1997-08-05,5471,7742,-5738.0,-4055.0,10181,-5293.0,-2271,-1683.0
U.S. DOLLAR INDEX - NEW YORK COTTON EXCHANGE,1997-08-12,4777,6572,-694.0,-1170.0,8938,-1243.0,-1795,476.0
U.S. DOLLAR INDEX - NEW YORK COTTON EXCHANGE,1997-08-19,5015,5447,238.0,-1125.0,8465,-473.0,-432,1363.0
U.S. DOLLAR INDEX - NEW YORK COTTON EXCHANGE,1997-08-26,3113,3132,-1902.0,-2315.0,6105,-2360.0,-19,413.0
U.S. DOLLAR INDEX - NEW YORK COTTON EXCHANGE,1997-09-02,4551,4081,1438.0,949.0,7433,1328.0,470,489.0
U.S. DOLLAR INDEX - NEW YORK COTTON EXCHANGE,1997-09-09,5898,5627,1347.0,1546.0,9961,2528.0,271,-199.0
U.S. DOLLAR INDEX - NEW YORK COTTON EXCHANGE,1997-09-16,3340,3131,-2558.0,-2496.0,11473,1512.0,209,-62.0
U.S. DOLLAR INDEX - NEW YORK COTTON EXCHANGE,1997-09-23,3189,3124,-151.0,-7.0,8899,-2574.0,65,-144.0
U.S. DOLLAR INDEX - NEW YORK COTTON EXCHANGE,1997-09-30,3303,3125,114.0,1.0,9361,462.0,178,113.0
U.S. DOLLAR INDEX - NEW YORK COTTON EXCHANGE,1997-10-07,2981,2673,-322.0,-452.0,10921,1560.0,308,130.0
U.S. DOLLAR INDEX - NEW YORK COTTON EXCHANGE,1997-10-14,3112,2327,131.0,-346.0,10994,73.0,785,477.0
U.S. DOLLAR INDEX - NEW YORK COTTON EXCHANGE,1997-10-21,2205,1966,-907.0,-361.0,10572,-422.0,239,-546.0
U.S. DOLLAR INDEX - NEW YORK COTTON EXCHANGE,1997-10-28,874,1540,-1331.0,-426.0,11780,1208.0,-666,-905.0
U.S. DOLLAR INDEX - NEW YORK COTTON EXCHANGE,1997-11-04,2007,1866,1133.0,326.0,12186,406.0,141,807.0
U.S. DOLLAR INDEX - NEW YORK COTTON EXCHANGE,1997-11-11,2283,1829,276.0,-37.0,11435,-751.0,454,313.0
U.S. DOLLAR INDEX - NEW YORK COTTON EXCHANGE,1997-11-18,3681,3812,1398.0,1983.0,14164,2729.0,-131,-585.0
U.S. DOLLAR INDEX - NEW YORK COTTON EXCHANGE,1997-11-25,1785,1268,-1896.0,-2544.0,11305,-2859.0,517,648.0
U.S. DOLLAR INDEX - NEW YORK COTTON EXCHANGE,1997-12-02,5445,6685,3660.0,5417.0,13786,2481.0,-1240,-1757.0
U.S. DOLLAR INDEX - NEW YORK COTTON EXCHANGE,1997-12-09,5436,6695,-9.0,10.0,17514,3728.0,-1259,-19.0
U.S. DOLLAR INDEX - NEW YORK COTTON EXCHANGE,1997-12-16,4149,5187,-1287.0,-1508.0,14826,-2688.0,-1038,221.0
U.S. DOLLAR INDEX - NEW YORK COTTON EXCHANGE,1997-12-23,1987,3426,-2162.0,-1761.0,12921,-1905.0,-1439,-401.0
U.S. DOLLAR INDEX - NEW YORK COTTON EXCHANGE,1997-12-30,5126,6377,3139.0,2951.0,16408,3487.0,-1251,188.0
U.S. DOLLAR INDEX - NEW YORK COTTON EXCHANGE,1998-01-06,5892,7549,766.0,1172.0,17779,1371.0,-1657,-406.0
U.S. DOLLAR INDEX - NEW YORK COTTON EXCHANGE,1998-01-13,6554,7802,662.0,253.0,18203,424.0,-1248,409.0
U.S. DOLLAR INDEX - NEW YORK COTTON EXCHANGE,1998-01-20,5804,7582,-750.0,-220.0,17659,-544.0,-1778,-530.0
U.S. DOLLAR INDEX - NEW YORK COTTON EXCHANGE,1998-01-27,2325,3545,-3479.0,-4037.0,11752,-5907.0,-1220,558.0
U.S. DOLLAR INDEX - NEW YORK COTTON EXCHANGE,1998-02-03,1302,3136,-1023.0,-409.0,11902,150.0,-1834,-614.0
U.S. DOLLAR INDEX - NEW YORK COTTON EXCHANGE,1998-02-10,1722,3224,420.0,88.0,10804,-1098.0,-1502,332.0
U.S. DOLLAR INDEX - NEW YORK COTTON EXCHANGE,1998-02-17,2292,3295,570.0,71.0,12475,1671.0,-1003,499.0
U.S. DOLLAR INDEX - NEW YORK COTTON EXCHANGE,1998-02-24,2422,3186,130.0,-109.0,12297,-178.0,-764,239.0
U.S. DOLLAR INDEX - NEW YORK COTTON EXCHANGE,1998-03-03,3527,3830,1105.0,644.0,11808,-489.0,-303,461.0
U.S. DOLLAR INDEX - NEW YORK COTTON EXCHANGE,1998-03-10,3688,4328,161.0,498.0,6377,-5431.0,-640,-337.0
U.S. DOLLAR INDEX - NEW YORK COTTON EXCHANGE,1998-03-17,1619,2701,-2069.0,-1627.0,8723,2346.0,-1082,-442.0
U.S. DOLLAR INDEX - NEW YORK COTTON EXCHANGE,1998-03-24,3856,4791,2237.0,2090.0,11107,2384.0,-935,147.0
U.S. DOLLAR INDEX - NEW YORK COTTON EXCHANGE,1998-03-31,4117,5527,261.0,736.0,12209,1102.0,-1410,-475.0
U.S. DOLLAR INDEX - NEW YORK COTTON EXCHANGE,1998-04-07,6136,6979,2019.0,1452.0,14489,2280.0,-843,567.0
U.S. DOLLAR INDEX - NEW YORK COTTON EXCHANGE,1998-04-14,919,1439,-5217.0,-5540.0,7370,-7119.0,-520,323.0
U.S. DOLLAR INDEX - NEW YORK COTTON EXCHANGE,1998-04-21,1946,1954,1027.0,515.0,7044,-326.0,-8,512.0
U.S. DOLLAR INDEX - NEW YORK COTTON EXCHANGE,1998-04-28,2408,1856,462.0,-98.0,7388,344.0,552,560.0
U.S. DOLLAR INDEX - NEW YORK COTTON EXCHANGE,1998-05-05,5556,5797,3148.0,3941.0,7894,506.0,-241,-793.0
U.S. DOLLAR INDEX - NEW YORK COTTON EXCHANGE,1998-05-12,6193,6514,637.0,717.0,8523,629.0,-321,-80.0
U.S. DOLLAR INDEX - NEW YORK COTTON EXCHANGE,1998-05-19,4039,2724,-2154.0,-3790.0,10334,1811.0,1315,1636.0
U.S. DOLLAR INDEX - NEW YORK COTTON EXCHANGE,1998-05-26,3409,2254,-630.0,-470.0,7012,-3322.0,1155,-160.0
U.S. DOLLAR INDEX - NEW YORK COTTON EXCHANGE,1998-06-02,1992,890,-1417.0,-1364.0,7673,661.0,1102,-53.0
U.S. DOLLAR INDEX - NEW YORK COTTON EXCHANGE,1998-06-09,2577,1208,585.0,318.0,5194,-2479.0,1369,267.0
U.S. DOLLAR INDEX - NEW YORK COTTON EXCHANGE,1998-06-16,5272,5030,2695.0,3822.0,12659,7465.0,242,-1127.0
U.S. DOLLAR INDEX - NEW YORK COTTON EXCHANGE,1998-06-23,1552,2552,-3720.0,-2478.0,8137,-4522.0,-1000,-1242.0
U.S. DOLLAR INDEX - NEW YORK COTTON EXCHANGE,1998-06-30,2674,3521,1122.0,969.0,9595,1458.0,-847,153.0
U.S. DOLLAR INDEX - NEW YORK COTTON EXCHANGE,1998-07-07,2670,3708,-4.0,187.0,9762,167.0,-1038,-191.0
U.S. DOLLAR INDEX - NEW YORK COTTON EXCHANGE,1998-07-14,2818,3510,148.0,-198.0,9831,69.0,-692,346.0
U.S. DOLLAR INDEX - NEW YORK COTTON EXCHANGE,1998-07-21,1131,1351,-1687.0,-2159.0,7171,-2660.0,-220,472.0
U.S. DOLLAR INDEX - NEW YORK COTTON EXCHANGE,1998-07-28,3381,3960,2250.0,2609.0,5988,-1183.0,-579,-359.0
U.S. DOLLAR INDEX - NEW YORK COTTON EXCHANGE,1998-08-04,4228,5358,847.0,1398.0,6798,810.0,-1130,-551.0
U.S. DOLLAR INDEX - NEW YORK COTTON EXCHANGE,1998-08-11,1777,1785,-2451.0,-3573.0,7204,406.0,-8,1122.0
U.S. DOLLAR INDEX - NEW YORK COTTON EXCHANGE,1998-08-18,2315,1706,538.0,-79.0,9054,1850.0,609,617.0
U.S. DOLLAR INDEX - NEW YORK COTTON EXCHANGE,1998-08-25,4488,3182,2173.0,1476.0,11417,2363.0,1306,697.0
U.S. DOLLAR INDEX - NEW YORK COTTON EXCHANGE,1998-09-01,6599,5089,2111.0,1907.0,8510,-2907.0,1510,204.0
U.S. DOLLAR INDEX - NEW YORK COTTON EXCHANGE,1998-09-08,6276,4639,-323.0,-450.0,8711,201.0,1637,127.0
U.S. DOLLAR INDEX - NEW YORK COTTON EXCHANGE,1998-09-15,5933,3173,-343.0,-1466.0,9029,318.0,2760,1123.0
U.S. DOLLAR INDEX - NEW YORK COTTON EXCHANGE,1998-09-22,4883,3222,-1050.0,49.0,7849,-1180.0,1661,-1099.0
U.S. DOLLAR INDEX - NEW YORK COTTON EXCHANGE,1998-09-29,4642,2919,-241.0,-303.0,7791,-58.0,1723,62.0
U.S. DOLLAR INDEX - NEW YORK COTTON EXCHANGE,1998-10-06,4884,2612,242.0,-307.0,8180,389.0,2272,549.0
U.S. DOLLAR INDEX - NEW YORK COTTON EXCHANGE,1998-10-13,4366,2772,-518.0,160.0,6645,-1535.0,1594,-678.0
U.S. DOLLAR INDEX - NEW YORK COTTON EXCHANGE,1998-10-20,3325,1705,-1041.0,-1067.0,6345,-300.0,1620,26.0
U.S. DOLLAR INDEX - NEW YORK COTTON EXCHANGE,1998-10-27,3607,2573,282.0,868.0,6153,-192.0,1034,-586.0
U.S. DOLLAR INDEX - NEW YORK COTTON EXCHANGE,1998-11-03,4216,3457,609.0,884.0,5819,-334.0,759,-275.0
U.S. DOLLAR INDEX - NEW YORK COTTON EXCHANGE,1998-11-10,1722,845,-2494.0,-2612.0,5817,-2.0,877,118.0
U.S. DOLLAR INDEX - NEW YORK COTTON EXCHANGE,1998-11-17,4039,3497,2317.0,2652.0,5442,-375.0,542,-335.0
U.S. DOLLAR INDEX - NEW YORK COTTON EXCHANGE,1998-11-24,1774,913,-2265.0,-2584.0,5841,399.0,861,319.0
U.S. DOLLAR INDEX - NEW YORK COTTON EXCHANGE,1998-12-01,1056,862,-718.0,-51.0,6298,457.0,194,-667.0
U.S. DOLLAR INDEX - NEW YORK COTTON EXCHANGE,1998-12-08,963,456,-93.0,-406.0,3958,-2340.0,507,313.0
U.S. DOLLAR INDEX - NEW YORK COTTON EXCHANGE,1998-12-15,2881,1336,1918.0,880.0,6405,2447.0,1545,1038.0
U.S. DOLLAR INDEX - NEW YORK COTTON EXCHANGE,1998-12-22,1957,1068,-924.0,-268.0,5073,-1332.0,889,-656.0
U.S. DOLLAR INDEX - NEW YORK COTTON EXCHANGE,1998-12-29,2712,2030,755.0,962.0,5872,799.0,682,-207.0
U.S. DOLLAR INDEX - NEW YORK COTTON EXCHANGE,1999-01-05,3059,2266,347.0,236.0,4661,-1211.0,793,111.0
U.S. DOLLAR INDEX - NEW YORK COTTON EXCHANGE,1999-01-12,1922,1888,-1137.0,-378.0,4105,-556.0,34,-759.0
U.S. DOLLAR INDEX - NEW YORK COTTON EXCHANGE,1999-01-19,1617,1385,-305.0,-503.0,4022,-83.0,232,198.0
U.S. DOLLAR INDEX - NEW YORK COTTON EXCHANGE,1999-01-26,3365,3787,1748.0,2402.0,4411,389.0,-422,-654.0
U.S. DOLLAR INDEX - NEW YORK COTTON EXCHANGE,1999-02-02,6057,5507,2692.0,1720.0,11360,6949.0,550,972.0
U.S. DOLLAR INDEX - NEW YORK COTTON EXCHANGE,1999-02-09,5036,4749,-1021.0,-758.0,10467,-893.0,287,-263.0
U.S. DOLLAR INDEX - NEW YORK COTTON EXCHANGE,1999-02-16,5783,6629,747.0,1880.0,11781,1314.0,-846,-1133.0
U.S. DOLLAR INDEX - NEW YORK COTTON EXCHANGE,1999-02-23,5211,6121,-572.0,-508.0,9569,-2212.0,-910,-64.0
U.S. DOLLAR INDEX - NEW YORK COTTON EXCHANGE,1999-03-02,2893,3200,-2318.0,-2921.0,8592,-977.0,-307,603.0
U.S. DOLLAR INDEX - NEW YORK COTTON EXCHANGE,1999-03-09,3889,3456,996.0,256.0,7277,-1315.0,433,740.0
U.S. DOLLAR INDEX - NEW YORK COTTON EXCHANGE,1999-03-16,2192,2254,-1697.0,-1202.0,8834,1557.0,-62,-495.0
U.S. DOLLAR INDEX - NEW YORK COTTON EXCHANGE,1999-03-23,1858,2403,-334.0,149.0,7369,-1465.0,-545,-483.0
U.S. DOLLAR INDEX - NEW YORK COTTON EXCHANGE,1999-03-30,1673,2813,-185.0,410.0,7198,-171.0,-1140,-595.0
U.S. DOLLAR INDEX - NEW YORK COTTON EXCHANGE,1999-04-06,2003,3123,330.0,310.0,6504,-694.0,-1120,20.0
U.S. DOLLAR INDEX - NEW YORK COTTON EXCHANGE,1999-04-13,1923,2501,-80.0,-622.0,7298,794.0,-578,542.0
U.S. DOLLAR INDEX - NEW YORK COTTON EXCHANGE,1999-04-20,2365,2802,442.0,301.0,7807,509.0,-437,141.0
U.S. DOLLAR INDEX - NEW YORK COTTON EXCHANGE,1999-04-27,2494,3265,129.0,463.0,6477,-1330.0,-771,-334.0
U.S. DOLLAR INDEX - NEW YORK COTTON EXCHANGE,1999-05-04,2396,2711,-98.0,-554.0,7584,1107.0,-315,456.0
U.S. DOLLAR INDEX - NEW YORK COTTON EXCHANGE,1999-05-11,2707,2477,311.0,-234.0,7422,-162.0,230,545.0
U.S. DOLLAR INDEX - NEW YORK COTTON EXCHANGE,1999-05-18,2627,2170,-80.0,-307.0,6939,-483.0,457,227.0
U.S. DOLLAR INDEX - NEW YORK COTTON EXCHANGE,1999-05-25,4555,3658,1928.0,1488.0,9674,2735.0,897,440.0
U.S. DOLLAR INDEX - NEW YORK COTTON EXCHANGE,1999-06-01,5345,4432,790.0,774.0,11433,1759.0,913,16.0
U.S. DOLLAR INDEX - NEW YORK COTTON EXCHANGE,1999-06-08,4346,3747,-999.0,-685.0,7569,-3864.0,599,-314.0
U.S. DOLLAR INDEX - NEW YORK COTTON EXCHANGE,1999-06-15,3368,2887,-978.0,-860.0,9281,1712.0,481,-118.0
U.S. DOLLAR INDEX - NEW YORK COTTON EXCHANGE,1999-06-22,3616,3319,248.0,432.0,8961,-320.0,297,-184.0
U.S. DOLLAR INDEX - NEW YORK COTTON EXCHANGE,1999-06-29,3098,3190,-518.0,-129.0,8268,-693.0,-92,-389.0
U.S. DOLLAR INDEX - NEW YORK COTTON EXCHANGE,1999-07-06,3594,3624,496.0,434.0,8904,636.0,-30,62.0
U.S. DOLLAR INDEX - NEW YORK COTTON EXCHANGE,1999-07-13,5457,4528,1863.0,904.0,11497,2593.0,929,959.0
U.S. DOLLAR INDEX - NEW YORK COTTON EXCHANGE,1999-07-20,3585,2763,-1872.0,-1765.0,8736,-2761.0,822,-107.0
U.S. DOLLAR INDEX - NEW YORK COTTON EXCHANGE,1999-07-27,3682,1857,97.0,-906.0,8129,-607.0,1825,1003.0
U.S. DOLLAR INDEX - NEW YORK COTTON EXCHANGE,1999-08-03,3707,2045,25.0,188.0,7377,-752.0,1662,-163.0
U.S. DOLLAR INDEX - NEW YORK COTTON EXCHANGE,1999-08-10,3966,1946,259.0,-99.0,7892,515.0,2020,358.0
U.S. DOLLAR INDEX - NEW YORK COTTON EXCHANGE,1999-08-17,3506,2718,-460.0,772.0,5857,-2035.0,788,-1232.0
U.S. DOLLAR INDEX - NEW YORK COTTON EXCHANGE,1999-08-24,3412,2652,-94.0,-66.0,5374,-483.0,760,-28.0
U.S. DOLLAR INDEX - NEW YORK COTTON EXCHANGE,1999-08-31,3395,2962,-17.0,310.0,5361,-13.0,433,-327.0
U.S. DOLLAR INDEX - NEW YORK COTTON EXCHANGE,1999-09-07,3909,3733,514.0,771.0,6682,1321.0,176,-257.0
U.S. DOLLAR INDEX - NEW YORK COTTON EXCHANGE,1999-09-14,4862,4813,953.0,1080.0,11077,4395.0,49,-127.0
U.S. DOLLAR INDEX - NEW YORK COTTON EXCHANGE,1999-09-21,4831,4944,-31.0,131.0,10323,-754.0,-113,-162.0
U.S. DOLLAR INDEX - NEW YORK COTTON EXCHANGE,1999-09-28,5748,5344,917.0,400.0,11156,833.0,404,517.0
U.S. DOLLAR INDEX - NEW YORK COTTON EXCHANGE,1999-10-05,7643,7295,1895.0,1951.0,13753,2597.0,348,-56.0
U.S. DOLLAR INDEX - NEW YORK COTTON EXCHANGE,1999-10-12,7431,7732,-212.0,437.0,13676,-77.0,-301,-649.0
U.S. DOLLAR INDEX - NEW YORK COTTON EXCHANGE,1999-10-19,9082,9219,1651.0,1487.0,15551,1875.0,-137,164.0
U.S. DOLLAR INDEX - NEW YORK COTTON EXCHANGE,1999-10-26,6020,5431,-3062.0,-3788.0,11340,-4211.0,589,726.0
U.S. DOLLAR INDEX - NEW YORK COTTON EXCHANGE,1999-11-02,3970,2664,-2050.0,-2767.0,7841,-3499.0,1306,717.0
U.S. DOLLAR INDEX - NEW YORK COTTON EXCHANGE,1999-11-09,3155,2367,-815.0,-297.0,6881,-960.0,788,-518.0
U.S. DOLLAR INDEX - NEW YORK COTTON EXCHANGE,1999-11-16,3694,2856,539.0,489.0,8012,1131.0,838,50.0
U.S. DOLLAR INDEX - NEW YORK COTTON EXCHANGE,1999-11-23,4949,3604,1255.0,748.0,7822,-190.0,1345,507.0
U.S. DOLLAR INDEX - NEW YORK COTTON EXCHANGE,1999-11-30,5644,4034,695.0,430.0,10273,2451.0,1610,265.0
U.S. DOLLAR INDEX - NEW YORK COTTON EXCHANGE,1999-12-07,1680,1945,-3964.0,-2089.0,6395,-3878.0,-265,-1875.0
U.S. DOLLAR INDEX - NEW YORK COTTON EXCHANGE,1999-12-14,1627,1847,-53.0,-98.0,8276,1881.0,-220,45.0
U.S. DOLLAR INDEX - NEW YORK COTTON EXCHANGE,1999-12-21,1575,1550,-52.0,-297.0,6797,-1479.0,25,245.0
U.S. DOLLAR INDEX - NEW YORK COTTON EXCHANGE,1999-12-28,1744,1527,169.0,-23.0,6756,-41.0,217,192.0
U.S. DOLLAR INDEX - NEW YORK COTTON EXCHANGE,2000-01-04,2203,1967,459.0,440.0,7609,853.0,236,19.0
U.S. DOLLAR INDEX - NEW YORK COTTON EXCHANGE,2000-01-11,3652,6236,1449.0,4269.0,10756,3147.0,-2584,-2820.0
U.S. DOLLAR INDEX - NEW YORK COTTON EXCHANGE,2000-01-18,2932,1675,-720.0,-4561.0,8762,-1994.0,1257,3841.0
U.S. DOLLAR INDEX - NEW YORK COTTON EXCHANGE,2000-01-25,2801,1521,-131.0,-154.0,9064,302.0,1280,23.0
U.S. DOLLAR INDEX - NEW YORK COTTON EXCHANGE,2000-02-01,2594,1831,-207.0,310.0,8665,-399.0,763,-517.0
U.S. DOLLAR INDEX - NEW YORK COTTON EXCHANGE,2000-02-08,2737,1793,143.0,-38.0,8459,-206.0,944,181.0
U.S. DOLLAR INDEX - NEW YORK COTTON EXCHANGE,2000-02-15,2608,1456,-129.0,-337.0,8230,-229.0,1152,208.0
U.S. DOLLAR INDEX - NEW YORK COTTON EXCHANGE,2000-02-22,2778,1903,170.0,447.0,8059,-171.0,875,-277.0
U.S. DOLLAR INDEX - NEW YORK COTTON EXCHANGE,2000-02-29,4815,2831,2037.0,928.0,8276,217.0,1984,1109.0
U.S. DOLLAR INDEX - NEW YORK COTTON EXCHANGE,2000-03-07,4674,2734,-141.0,-97.0,7661,-615.0,1940,-44.0
U.S. DOLLAR INDEX - NEW YORK COTTON EXCHANGE,2000-03-14,2403,1700,-2271.0,-1034.0,5874,-1787.0,703,-1237.0
U.S. DOLLAR INDEX - NEW YORK COTTON EXCHANGE,2000-03-21,1961,1279,-442.0,-421.0,6721,847.0,682,-21.0
U.S. DOLLAR INDEX - NEW YORK COTTON EXCHANGE,2000-03-28,1818,1919,-143.0,640.0,7678,957.0,-101,-783.0
U.S. DOLLAR INDEX - NEW YORK COTTON EXCHANGE,2000-04-04,1322,881,-496.0,-1038.0,7158,-520.0,441,542.0
U.S. DOLLAR INDEX - NEW YORK COTTON EXCHANGE,2000-04-11,1814,897,492.0,16.0,7303,145.0,917,476.0
U.S. DOLLAR INDEX - NEW YORK COTTON EXCHANGE,2000-04-18,2529,1517,715.0,620.0,7774,471.0,1012,95.0
U.S. DOLLAR INDEX - NEW YORK COTTON EXCHANGE,2000-04-25,2982,2204,453.0,687.0,8513,739.0,778,-234.0
U.S. DOLLAR INDEX - NEW YORK COTTON EXCHANGE,2000-05-02,3468,3301,486.0,1097.0,8985,472.0,167,-611.0
U.S. DOLLAR INDEX - NEW YORK COTTON EXCHANGE,2000-05-09,3020,1891,-448.0,-1410.0,7986,-999.0,1129,962.0
U.S. DOLLAR INDEX - NEW YORK COTTON EXCHANGE,2000-05-16,2950,1594,-70.0,-297.0,7741,-245.0,1356,227.0
U.S. DOLLAR INDEX - NEW YORK COTTON EXCHANGE,2000-05-23,2577,1961,-373.0,367.0,7897,156.0,616,-740.0
U.S. DOLLAR INDEX - NEW YORK COTTON EXCHANGE,2000-08-01,1168,754,31.0,241.0,6489,353.0,414,-202.0
U.S. DOLLAR INDEX - NEW YORK COTTON EXCHANGE,2000-08-08,1319,548,151.0,-206.0,6423,-66.0,771,357.0
U.S. DOLLAR INDEX - NEW YORK COTTON EXCHANGE,2000-08-15,1719,798,400.0,250.0,6278,-145.0,921,150.0
U.S. DOLLAR INDEX - NEW YORK COTTON EXCHANGE,2000-08-22,2030,639,311.0,-159.0,7154,876.0,1391,470.0
U.S. DOLLAR INDEX - NEW YORK COTTON EXCHANGE,2000-08-29,2160,622,130.0,-17.0,7204,50.0,1538,147.0
U.S. DOLLAR INDEX - NEW YORK COTTON EXCHANGE,2000-09-05,2363,627,203.0,5.0,7463,259.0,1736,198.0
U.S. DOLLAR INDEX - NEW YORK COTTON EXCHANGE,2000-09-19,2398,980,48.0,318.0,7692,3451.0,1418,-318.0
U.S. DOLLAR INDEX - NEW YORK COTTON EXCHANGE,2000-10-17,1965,998,173.0,318.0,6695,629.0,967,-451.0
U.S. DOLLAR INDEX - NEW YORK COTTON EXCHANGE,2000-10-24,2097,1012,132.0,14.0,6554,-141.0,1085,118.0
U.S. DOLLAR INDEX - NEW YORK COTTON EXCHANGE,2000-10-31,2135,1245,38.0,233.0,6499,-55.0,890,-195.0
U.S. DOLLAR INDEX - NEW YORK COTTON EXCHANGE,2000-12-19,1546,1309,174.0,320.0,6589,523.0,237,-653.0
U.S. DOLLAR INDEX - NEW YORK COTTON EXCHANGE,2000-12-26,2063,1557,517.0,248.0,6655,66.0,506,269.0
U.S. DOLLAR INDEX - NEW YORK COTTON EXCHANGE,2001-01-02,2130,1685,67.0,128.0,7075,420.0,445,-61.0
U.S. DOLLAR INDEX - NEW YORK COTTON EXCHANGE,2001-01-09,2072,1775,-58.0,90.0,7078,3.0,297,-148.0
U.S. DOLLAR INDEX - NEW YORK COTTON EXCHANGE,2001-01-16,2091,1766,19.0,-9.0,7176,98.0,325,28.0
U.S. DOLLAR INDEX - NEW YORK COTTON EXCHANGE,2001-01-23,1437,1402,-654.0,-364.0,7117,-59.0,35,-290.0
U.S. DOLLAR INDEX - NEW YORK COTTON EXCHANGE,2001-01-30,1462,1530,25.0,128.0,7336,219.0,-68,-103.0
U.S. DOLLAR INDEX - NEW YORK COTTON EXCHANGE,2001-02-06,1573,1701,111.0,171.0,7602,266.0,-128,-60.0
U.S. DOLLAR INDEX - NEW YORK COTTON EXCHANGE,2001-03-27,1129,1910,-490.0,461.0,7222,185.0,-781,-653.0
U.S. DOLLAR INDEX - NEW YORK COTTON EXCHANGE,2001-05-22,4670,2383,,,8575,,2287,3068.0
U.S. DOLLAR INDEX - NEW YORK COTTON EXCHANGE,2001-05-29,5161,3082,491.0,699.0,9242,667.0,2079,-208.0
U.S. DOLLAR INDEX - NEW YORK COTTON EXCHANGE,2001-06-05,4982,2716,-179.0,-366.0,8998,-244.0,2266,187.0
U.S. DOLLAR INDEX - NEW YORK COTTON EXCHANGE,2001-06-12,5499,2781,517.0,65.0,9777,779.0,2718,452.0
U.S. DOLLAR INDEX - NEW YORK COTTON EXCHANGE,2001-06-19,2854,666,-2645.0,-2115.0,7847,-1930.0,2188,-530.0
U.S. DOLLAR INDEX - NEW YORK COTTON EXCHANGE,2001-06-26,3054,519,200.0,-147.0,8097,250.0,2535,347.0
U.S. DOLLAR INDEX - NEW YORK COTTON EXCHANGE,2001-07-03,5386,1073,2332.0,554.0,9843,1746.0,4313,1778.0
U.S. DOLLAR INDEX - NEW YORK COTTON EXCHANGE,2001-07-10,6506,919,1120.0,-154.0,10760,917.0,5587,1274.0
U.S. DOLLAR INDEX - NEW YORK COTTON EXCHANGE,2001-07-17,3654,488,-2852.0,-431.0,9009,-1751.0,3166,-2421.0
U.S. DOLLAR INDEX - NEW YORK COTTON EXCHANGE,2001-07-24,3809,1236,155.0,748.0,8384,-625.0,2573,-593.0
U.S. DOLLAR INDEX - NEW YORK COTTON EXCHANGE,2001-07-31,3839,973,30.0,-263.0,8451,67.0,2866,293.0
U.S. DOLLAR INDEX - NEW YORK COTTON EXCHANGE,2001-08-21,3703,1989,,,8854,,1714,-1152.0
U.S. DOLLAR INDEX - NEW YORK COTTON EXCHANGE,2001-08-28,3522,2066,-181.0,77.0,8856,2.0,1456,-258.0
U.S. DOLLAR INDEX - NEW YORK COTTON EXCHANGE,2002-01-29,5121,919,,,11561,,4202,2746.0
U.S. DOLLAR INDEX - NEW YORK COTTON EXCHANGE,2002-02-05,4795,1114,-326.0,195.0,11643,82.0,3681,-521.0
U.S. DOLLAR INDEX - NEW YORK COTTON EXCHANGE,2002-02-12,2821,834,-1974.0,-280.0,9791,-1852.0,1987,-1694.0
U.S. DOLLAR INDEX - NEW YORK COTTON EXCHANGE,2002-02-19,3214,1891,393.0,1057.0,9724,-67.0,1323,-664.0
U.S. DOLLAR INDEX - NEW YORK COTTON EXCHANGE,2002-02-26,4484,1179,1270.0,-712.0,10895,1171.0,3305,1982.0
U.S. DOLLAR INDEX - NEW YORK COTTON EXCHANGE,2002-03-05,3967,1331,-517.0,152.0,10059,-836.0,2636,-669.0
U.S. DOLLAR INDEX - NEW YORK COTTON EXCHANGE,2002-03-12,4002,1603,35.0,272.0,9799,-260.0,2399,-237.0
U.S. DOLLAR INDEX - NEW YORK COTTON EXCHANGE,2002-04-23,5818,4430,,,10649,,1388,-1011.0
U.S. DOLLAR INDEX - NEW YORK COTTON EXCHANGE,2002-04-30,6383,8411,565.0,3981.0,14958,4309.0,-2028,-3416.0
U.S. DOLLAR INDEX - NEW YORK COTTON EXCHANGE,2002-05-07,6753,8539,370.0,128.0,14835,-123.0,-1786,242.0
U.S. DOLLAR INDEX - NEW YORK COTTON EXCHANGE,2002-05-14,6286,6602,-467.0,-1937.0,12156,-2679.0,-316,1470.0
U.S. DOLLAR INDEX - NEW YORK COTTON EXCHANGE,2002-05-21,6216,7179,-70.0,577.0,12688,532.0,-963,-647.0
U.S. DOLLAR INDEX - NEW YORK COTTON EXCHANGE,2002-05-28,6125,7108,-91.0,-71.0,12788,100.0,-983,-20.0
U.S. DOLLAR INDEX - NEW YORK COTTON EXCHANGE,2002-06-04,6508,6334,383.0,-774.0,13145,357.0,174,1157.0
U.S. DOLLAR INDEX - NEW YORK COTTON EXCHANGE,2002-06-11,6663,6069,155.0,-265.0,15935,2790.0,594,420.0
U.S. DOLLAR INDEX - NEW YORK COTTON EXCHANGE,2002-06-18,5914,6355,-749.0,286.0,13584,-2351.0,-441,-1035.0
U.S. DOLLAR INDEX - NEW YORK COTTON EXCHANGE,2002-06-25,5797,4834,-117.0,-1521.0,12175,-1409.0,963,1404.0
U.S. DOLLAR INDEX - NEW YORK COTTON EXCHANGE,2002-07-02,6033,5275,236.0,441.0,12610,435.0,758,-205.0
U.S. DOLLAR INDEX - NEW YORK COTTON EXCHANGE,2002-07-09,5672,5139,-361.0,-136.0,12575,-35.0,533,-225.0
U.S. DOLLAR INDEX - NEW YORK COTTON EXCHANGE,2002-07-16,5935,4932,263.0,-207.0,12364,-211.0,1003,470.0
U.S. DOLLAR INDEX - NEW YORK COTTON EXCHANGE,2002-07-23,5637,5073,-298.0,141.0,11748,-616.0,564,-439.0
U.S. DOLLAR INDEX - NEW YORK COTTON EXCHANGE,2002-08-06,4699,4944,-938.0,-129.0,10927,-821.0,-245,-809.0
U.S. DOLLAR INDEX - NEW YORK COTTON EXCHANGE,2002-08-13,4587,4864,-112.0,-80.0,10779,-148.0,-277,-32.0
U.S. DOLLAR INDEX - NEW YORK COTTON EXCHANGE,2002-08-27,4670,4941,83.0,77.0,10636,-143.0,-271,6.0
U.S. DOLLAR INDEX - NEW YORK COTTON EXCHANGE,2002-09-03,5286,6164,616.0,1223.0,12462,1826.0,-878,-607.0
U.S. DOLLAR INDEX - NEW YORK COTTON EXCHANGE,2002-09-10,5167,5478,-119.0,-686.0,11060,-1402.0,-311,567.0
U.S. DOLLAR INDEX - NEW YORK COTTON EXCHANGE,2002-09-17,4478,5224,-689.0,-254.0,10140,-920.0,-746,-435.0
U.S. DOLLAR INDEX - NEW YORK COTTON EXCHANGE,2002-09-24,4460,5352,-18.0,128.0,10103,-37.0,-892,-146.0
U.S. DOLLAR INDEX - NEW YORK COTTON EXCHANGE,2002-10-01,4725,5351,265.0,-1.0,10248,145.0,-626,266.0
U.S. DOLLAR INDEX - NEW YORK COTTON EXCHANGE,2002-10-08,4471,4138,-254.0,-1213.0,9942,-306.0,333,959.0
U.S. DOLLAR INDEX - NEW YORK COTTON EXCHANGE,2002-10-15,6011,4075,1540.0,-63.0,10388,446.0,1936,1603.0
U.S. DOLLAR INDEX - NEW YORK COTTON EXCHANGE,2002-10-22,5768,3198,-243.0,-877.0,10725,337.0,2570,634.0
U.S. DOLLAR INDEX - NEW YORK COTTON EXCHANGE,2002-10-29,6014,7275,246.0,4077.0,12278,1553.0,-1261,-3831.0
U.S. DOLLAR INDEX - NEW YORK COTTON EXCHANGE,2002-11-05,7527,9697,1513.0,2422.0,16347,4069.0,-2170,-909.0
U.S. DOLLAR INDEX - NEW YORK COTTON EXCHANGE,2002-11-12,7724,13217,197.0,3520.0,20849,4502.0,-5493,-3323.0
U.S. DOLLAR INDEX - NEW YORK COTTON EXCHANGE,2002-11-19,7010,12749,-714.0,-468.0,20148,-701.0,-5739,-246.0
U.S. DOLLAR INDEX - NEW YORK COTTON EXCHANGE,2002-11-26,6145,10545,-865.0,-2204.0,17437,-2711.0,-4400,1339.0
U.S. DOLLAR INDEX - NEW YORK COTTON EXCHANGE,2002-12-03,5249,8063,-896.0,-2482.0,14749,-2688.0,-2814,1586.0
U.S. DOLLAR INDEX - NEW YORK COTTON EXCHANGE,2002-12-10,6113,8827,864.0,764.0,18078,3329.0,-2714,100.0
U.S. DOLLAR INDEX - NEW YORK COTTON EXCHANGE,2002-12-17,7404,13453,1291.0,4626.0,23164,5086.0,-6049,-3335.0
U.S. DOLLAR INDEX - NEW YORK COTTON EXCHANGE,2002-12-23,7025,13018,-379.0,-435.0,22461,-703.0,-5993,56.0
U.S. DOLLAR INDEX - NEW YORK COTTON EXCHANGE,2002-12-31,6666,11985,-359.0,-1033.0,21203,-1258.0,-5319,674.0
U.S. DOLLAR INDEX - NEW YORK COTTON EXCHANGE,2003-01-07,6324,12337,-342.0,352.0,21912,709.0,-6013,-694.0
U.S. DOLLAR INDEX - NEW YORK COTTON EXCHANGE,2003-01-14,6414,12029,90.0,-308.0,21876,-36.0,-5615,398.0
U.S. DOLLAR INDEX - NEW YORK COTTON EXCHANGE,2003-01-21,6109,11829,-305.0,-200.0,21628,-248.0,-5720,-105.0
U.S. DOLLAR INDEX - NEW YORK COTTON EXCHANGE,2003-01-28,6497,12039,388.0,210.0,21844,216.0,-5542,178.0
U.S. DOLLAR INDEX - NEW YORK COTTON EXCHANGE,2003-02-04,6495,11807,-2.0,-232.0,21561,-283.0,-5312,230.0
U.S. DOLLAR INDEX - NEW YORK COTTON EXCHANGE,2003-02-11,4910,10166,-1585.0,-1641.0,19257,-2304.0,-5256,56.0
U.S. DOLLAR INDEX - NEW YORK COTTON EXCHANGE,2003-02-14,4908,9989,-2.0,-177.0,19113,-144.0,-5081,175.0
U.S. DOLLAR INDEX - NEW YORK COTTON EXCHANGE,2003-02-25,4922,9720,14.0,-269.0,18569,-544.0,-4798,283.0
U.S. DOLLAR INDEX - NEW YORK COTTON EXCHANGE,2003-03-04,5783,10962,861.0,1242.0,20596,2027.0,-5179,-381.0
U.S. DOLLAR INDEX - NEW YORK COTTON EXCHANGE,2003-03-11,6266,11204,483.0,242.0,22162,1566.0,-4938,241.0
U.S. DOLLAR INDEX - NEW YORK COTTON EXCHANGE,2003-03-18,2785,5453,-3481.0,-5751.0,13316,-8846.0,-2668,2270.0
U.S. DOLLAR INDEX - NEW YORK COTTON EXCHANGE,2003-03-25,2449,6095,-336.0,642.0,12594,-722.0,-3646,-978.0
U.S. DOLLAR INDEX - NEW YORK COTTON EXCHANGE,2003-04-01,2700,3655,251.0,-2440.0,11184,-1410.0,-955,2691.0
U.S. DOLLAR INDEX - NEW YORK COTTON EXCHANGE,2003-04-22,3775,5869,,,13595,,-2094,-1139.0
U.S. DOLLAR INDEX - NEW YORK COTTON EXCHANGE,2003-04-29,4409,6267,634.0,398.0,14820,1225.0,-1858,236.0
U.S. DOLLAR INDEX - NEW YORK COTTON EXCHANGE,2003-05-06,6705,9259,2296.0,2992.0,19514,4694.0,-2554,-696.0
U.S. DOLLAR INDEX - NEW YORK COTTON EXCHANGE,2003-05-13,5932,8013,-773.0,-1246.0,18432,-1082.0,-2081,473.0
U.S. DOLLAR INDEX - NEW YORK COTTON EXCHANGE,2003-05-20,6410,8751,478.0,738.0,19370,938.0,-2341,-260.0
U.S. DOLLAR INDEX - NEW YORK COTTON EXCHANGE,2003-05-27,6349,8632,-61.0,-119.0,18724,-646.0,-2283,58.0
U.S. DOLLAR INDEX - NEW YORK COTTON EXCHANGE,2003-06-03,5915,9042,-434.0,410.0,18548,-176.0,-3127,-844.0
U.S. DOLLAR INDEX - NEW YORK COTTON EXCHANGE,2003-06-10,6231,9432,316.0,390.0,19701,1153.0,-3201,-74.0
U.S. DOLLAR INDEX - NEW YORK COTTON EXCHANGE,2003-06-17,4605,8273,-1626.0,-1159.0,18416,-1285.0,-3668,-467.0
U.S. DOLLAR INDEX - NEW YORK COTTON EXCHANGE,2003-06-24,5788,7649,1183.0,-624.0,14604,-3812.0,-1861,1807.0
U.S. DOLLAR INDEX - NEW YORK COTTON EXCHANGE,2003-07-01,6811,8825,1023.0,1176.0,14923,319.0,-2014,-153.0
U.S. DOLLAR INDEX - NEW YORK COTTON EXCHANGE,2003-07-08,6429,6969,-382.0,-1856.0,12393,-2530.0,-540,1474.0
U.S. DOLLAR INDEX - NEW YORK COTTON EXCHANGE,2003-07-15,5236,6042,-1193.0,-927.0,11331,-1062.0,-806,-266.0
U.S. DOLLAR INDEX - NEW YORK COTTON EXCHANGE,2003-07-22,4193,5082,-1043.0,-960.0,12248,917.0,-889,-83.0
U.S. DOLLAR INDEX - NEW YORK COTTON EXCHANGE,2003-07-29,5595,4636,1402.0,-446.0,12578,330.0,959,1848.0
U.S. DOLLAR INDEX - NEW YORK COTTON EXCHANGE,2003-08-05,4482,4719,-1113.0,83.0,11803,-775.0,-237,-1196.0
U.S. DOLLAR INDEX - NEW YORK COTTON EXCHANGE,2003-08-19,4105,5086,-377.0,367.0,12352,549.0,-981,-744.0
U.S. DOLLAR INDEX - NEW YORK COTTON EXCHANGE,2003-08-26,3796,3268,-309.0,-1818.0,12222,-130.0,528,1509.0
U.S. DOLLAR INDEX - NEW YORK COTTON EXCHANGE,2003-09-02,4112,3576,316.0,308.0,12721,499.0,536,8.0
U.S. DOLLAR INDEX - NEW YORK COTTON EXCHANGE,2003-09-09,4207,3862,95.0,286.0,14056,1335.0,345,-191.0
U.S. DOLLAR INDEX - NEW YORK COTTON EXCHANGE,2003-09-16,4707,4322,500.0,460.0,11795,-2261.0,385,40.0
U.S. DOLLAR INDEX - NEW YORK COTTON EXCHANGE,2003-09-23,8098,8083,3391.0,3761.0,16602,4807.0,15,-370.0
U.S. DOLLAR INDEX - NEW YORK COTTON EXCHANGE,2003-09-30,7999,11778,-99.0,3695.0,20550,3948.0,-3779,-3794.0
U.S. DOLLAR INDEX - NEW YORK COTTON EXCHANGE,2003-10-07,7188,11893,-811.0,115.0,21117,567.0,-4705,-926.0
U.S. DOLLAR INDEX - NEW YORK COTTON EXCHANGE,2003-10-14,7093,13319,-95.0,1426.0,22390,1273.0,-6226,-1521.0
U.S. DOLLAR INDEX - NEW YORK COTTON EXCHANGE,2003-10-21,5754,12713,-1339.0,-606.0,21673,-717.0,-6959,-733.0
U.S. DOLLAR INDEX - NEW YORK COTTON EXCHANGE,2003-10-28,6057,14193,303.0,1480.0,23490,1817.0,-8136,-1177.0
U.S. DOLLAR INDEX - NEW YORK COTTON EXCHANGE,2003-11-04,4528,12201,-1529.0,-1992.0,20034,-3456.0,-7673,463.0
U.S. DOLLAR INDEX - NEW YORK COTTON EXCHANGE,2003-11-11,4223,10183,-305.0,-2018.0,17820,-2214.0,-5960,1713.0
U.S. DOLLAR INDEX - NEW YORK COTTON EXCHANGE,2003-11-18,5580,14781,1357.0,4598.0,24290,6470.0,-9201,-3241.0
U.S. DOLLAR INDEX - NEW YORK COTTON EXCHANGE,2003-11-25,4723,11717,-857.0,-3064.0,20503,-3787.0,-6994,2207.0
U.S. DOLLAR INDEX - NEW YORK COTTON EXCHANGE,2003-12-02,6080,12697,1357.0,980.0,21966,1463.0,-6617,377.0
U.S. DOLLAR INDEX - NEW YORK COTTON EXCHANGE,2003-12-09,5485,11861,-595.0,-836.0,22245,279.0,-6376,241.0
U.S. DOLLAR INDEX - NEW YORK COTTON EXCHANGE,2003-12-16,4392,12641,-1093.0,780.0,20927,-1318.0,-8249,-1873.0
U.S. DOLLAR INDEX - NEW YORK COTTON EXCHANGE,2003-12-22,4687,12645,295.0,4.0,21447,520.0,-7958,291.0
U.S. DOLLAR INDEX - NEW YORK COTTON EXCHANGE,2003-12-30,5357,14715,670.0,2070.0,23826,2379.0,-9358,-1400.0
U.S. DOLLAR INDEX - NEW YORK COTTON EXCHANGE,2004-01-06,5340,14090,-17.0,-625.0,23146,-680.0,-8750,608.0
U.S. DOLLAR INDEX - NEW YORK COTTON EXCHANGE,2004-01-13,4761,12858,-579.0,-1232.0,22597,-549.0,-8097,653.0
U.S. DOLLAR INDEX - NEW YORK COTTON EXCHANGE,2004-01-20,2950,10240,-1811.0,-2618.0,18951,-3646.0,-7290,807.0
U.S. DOLLAR INDEX - NEW YORK COTTON EXCHANGE,2004-01-27,2601,9308,-349.0,-932.0,17755,-1196.0,-6707,583.0
U.S. DOLLAR INDEX - NEW YORK COTTON EXCHANGE,2004-02-03,2815,10074,214.0,766.0,18543,788.0,-7259,-552.0
U.S. DOLLAR INDEX - NEW YORK COTTON EXCHANGE,2004-02-10,3221,9862,406.0,-212.0,18809,266.0,-6641,618.0
U.S. DOLLAR INDEX - NEW YORK COTTON EXCHANGE,2004-02-17,4470,14087,1249.0,4225.0,24313,5504.0,-9617,-2976.0
U.S. DOLLAR INDEX - NEW YORK COTTON EXCHANGE,2004-02-24,3448,9585,-1022.0,-4502.0,18322,-5991.0,-6137,3480.0
U.S. DOLLAR INDEX - NEW YORK COTTON EXCHANGE,2004-03-02,1237,6691,-2211.0,-2894.0,15513,-2809.0,-5454,683.0
U.S. DOLLAR INDEX - NEW YORK COTTON EXCHANGE,2004-03-09,2418,5238,1181.0,-1453.0,15165,-348.0,-2820,2634.0
U.S. DOLLAR INDEX - NEW YORK COTTON EXCHANGE,2004-03-16,2392,4318,-26.0,-920.0,10814,-4351.0,-1926,894.0
U.S. DOLLAR INDEX - NEW YORK COTTON EXCHANGE,2004-03-23,2832,4500,440.0,182.0,10693,-121.0,-1668,258.0
U.S. DOLLAR INDEX - NEW YORK COTTON EXCHANGE,2004-03-30,2884,4716,52.0,216.0,10883,190.0,-1832,-164.0
U.S. DOLLAR INDEX - NEW YORK COTTON EXCHANGE,2004-04-06,2341,6735,-543.0,2019.0,14699,3816.0,-4394,-2562.0
U.S. DOLLAR INDEX - NEW YORK COTTON EXCHANGE,2004-04-12,2684,6519,343.0,-216.0,14601,-98.0,-3835,559.0
U.S. DOLLAR INDEX - NEW YORK COTTON EXCHANGE,2004-04-20,2444,5189,-240.0,-1330.0,12416,-2185.0,-2745,1090.0
U.S. DOLLAR INDEX - NEW YORK COTTON EXCHANGE,2004-04-27,2715,5450,271.0,261.0,12261,-155.0,-2735,10.0
U.S. DOLLAR INDEX - NEW YORK COTTON EXCHANGE,2004-05-04,2497,4040,-218.0,-1410.0,11056,-1205.0,-1543,1192.0
U.S. DOLLAR INDEX - NEW YORK COTTON EXCHANGE,2004-05-11,9113,2413,6616.0,-1627.0,15844,4788.0,6700,8243.0
U.S. DOLLAR INDEX - NEW YORK COTTON EXCHANGE,2004-05-18,7070,2315,-2043.0,-98.0,13384,-2460.0,4755,-1945.0
U.S. DOLLAR INDEX - NEW YORK COTTON EXCHANGE,2004-05-25,5736,2016,-1334.0,-299.0,10818,-2566.0,3720,-1035.0
U.S. DOLLAR INDEX - NEW YORK COTTON EXCHANGE,2004-06-01,4629,5050,-1107.0,3034.0,12062,1244.0,-421,-4141.0
U.S. DOLLAR INDEX - NEW YORK COTTON EXCHANGE,2004-06-08,4429,6074,-200.0,1024.0,12727,665.0,-1645,-1224.0
U.S. DOLLAR INDEX - NEW YORK COTTON EXCHANGE,2004-06-15,2540,4684,-1889.0,-1390.0,10201,-2526.0,-2144,-499.0
U.S. DOLLAR INDEX - NEW YORK COTTON EXCHANGE,2004-06-22,2761,4415,221.0,-269.0,10521,320.0,-1654,490.0
U.S. DOLLAR INDEX - NEW YORK COTTON EXCHANGE,2004-06-29,3893,4054,1132.0,-361.0,11924,1403.0,-161,1493.0
U.S. DOLLAR INDEX - NEW YORK COTTON EXCHANGE,2004-07-06,4434,8743,541.0,4689.0,15317,3393.0,-4309,-4148.0
U.S. DOLLAR INDEX - NEW YORK COTTON EXCHANGE,2004-07-13,4804,8999,370.0,256.0,16402,1085.0,-4195,114.0
U.S. DOLLAR INDEX - NEW YORK COTTON EXCHANGE,2004-07-20,5449,10820,645.0,1821.0,18047,1645.0,-5371,-1176.0
U.S. DOLLAR INDEX - NEW YORK COTTON EXCHANGE,2004-07-27,3479,6869,-1970.0,-3951.0,15081,-2966.0,-3390,1981.0
U.S. DOLLAR INDEX - NEW YORK COTTON EXCHANGE,2004-08-03,3480,5580,1.0,-1289.0,14334,-747.0,-2100,1290.0
U.S. DOLLAR INDEX - NEW YORK COTTON EXCHANGE,2004-08-10,3318,5276,-162.0,-304.0,14125,-209.0,-1958,142.0
U.S. DOLLAR INDEX - NEW YORK COTTON EXCHANGE,2004-08-17,3525,7326,207.0,2050.0,15143,1018.0,-3801,-1843.0
U.S. DOLLAR INDEX - NEW YORK COTTON EXCHANGE,2004-08-24,3451,6032,-74.0,-1294.0,14584,-559.0,-2581,1220.0
U.S. DOLLAR INDEX - NEW YORK COTTON EXCHANGE,2004-08-31,3744,6037,293.0,5.0,14591,7.0,-2293,288.0
U.S. DOLLAR INDEX - NEW YORK COTTON EXCHANGE,2004-09-07,3441,6000,-303.0,-37.0,16372,1781.0,-2559,-266.0
U.S. DOLLAR INDEX - NEW YORK COTTON EXCHANGE,2004-09-14,4201,9184,760.0,3184.0,13892,-2480.0,-4983,-2424.0
U.S. DOLLAR INDEX - NEW YORK COTTON EXCHANGE,2004-09-21,5060,12143,859.0,2959.0,16940,3048.0,-7083,-2100.0
U.S. DOLLAR INDEX - NEW YORK COTTON EXCHANGE,2004-09-28,5180,13931,120.0,1788.0,20199,3259.0,-8751,-1668.0
U.S. DOLLAR INDEX - NEW YORK COTTON EXCHANGE,2004-10-05,5722,16078,542.0,2147.0,23717,3518.0,-10356,-1605.0
U.S. DOLLAR INDEX - NEW YORK COTTON EXCHANGE,2004-10-12,5812,16330,90.0,252.0,24382,665.0,-10518,-162.0
U.S. DOLLAR INDEX - NEW YORK COTTON EXCHANGE,2004-10-19,5638,15899,-174.0,-431.0,24744,362.0,-10261,257.0
U.S. DOLLAR INDEX - NEW YORK COTTON EXCHANGE,2004-10-26,5565,16548,-73.0,649.0,24779,35.0,-10983,-722.0
U.S. DOLLAR INDEX - NEW YORK COTTON EXCHANGE,2004-11-02,6159,19384,594.0,2836.0,25874,1095.0,-13225,-2242.0
U.S. DOLLAR INDEX - NEW YORK COTTON EXCHANGE,2004-11-09,7624,22285,1465.0,2901.0,28426,2552.0,-14661,-1436.0
U.S. DOLLAR INDEX - NEW YORK COTTON EXCHANGE,2004-11-16,5280,19523,-2344.0,-2762.0,27615,-811.0,-14243,418.0
U.S. DOLLAR INDEX - NEW YORK COTTON EXCHANGE,2004-11-23,5318,19090,38.0,-433.0,27580,-35.0,-13772,471.0
U.S. DOLLAR INDEX - NEW YORK COTTON EXCHANGE,2004-11-30,6412,21274,1094.0,2184.0,29091,1511.0,-14862,-1090.0
U.S. DOLLAR INDEX - NEW YORK COTTON EXCHANGE,2004-12-07,5704,21336,-708.0,62.0,29025,-66.0,-15632,-770.0
U.S. DOLLAR INDEX - NEW YORK COTTON EXCHANGE,2004-12-14,5354,18969,-350.0,-2367.0,24811,-4214.0,-13615,2017.0
U.S. DOLLAR INDEX - NEW YORK COTTON EXCHANGE,2004-12-21,5799,17576,445.0,-1393.0,24045,-766.0,-11777,1838.0
U.S. DOLLAR INDEX - NEW YORK COTTON EXCHANGE,2004-12-28,6360,19279,561.0,1703.0,27370,3325.0,-12919,-1142.0
U.S. DOLLAR INDEX - NEW YORK BOARD OF TRADE,2005-01-04,5667,14532,-693.0,-4747.0,22089,-5281.0,-8865,4054.0
U.S. DOLLAR INDEX - NEW YORK BOARD OF TRADE,2005-01-11,4908,10078,-759.0,-4454.0,18150,-3939.0,-5170,3695.0
U.S. DOLLAR INDEX - NEW YORK BOARD OF TRADE,2005-01-18,4297,10221,-611.0,143.0,17426,-724.0,-5924,-754.0
U.S. DOLLAR INDEX - NEW YORK BOARD OF TRADE,2005-01-25,4976,9972,679.0,-249.0,18962,1536.0,-4996,928.0
U.S. DOLLAR INDEX - NEW YORK BOARD OF TRADE,2005-02-01,5932,9826,956.0,-146.0,19411,449.0,-3894,1102.0
U.S. DOLLAR INDEX - NEW YORK BOARD OF TRADE,2005-02-08,6279,7832,347.0,-1994.0,18658,-753.0,-1553,2341.0
U.S. DOLLAR INDEX - NEW YORK BOARD OF TRADE,2005-02-15,6075,6737,-204.0,-1095.0,16999,-1659.0,-662,891.0
U.S. DOLLAR INDEX - NEW YORK BOARD OF TRADE,2005-02-22,7027,12824,952.0,6087.0,21539,4540.0,-5797,-5135.0
U.S. DOLLAR INDEX - NEW YORK BOARD OF TRADE,2005-03-01,7442,14440,415.0,1616.0,23437,1898.0,-6998,-1201.0
U.S. DOLLAR INDEX - NEW YORK BOARD OF TRADE,2005-03-08,7896,16553,454.0,2113.0,31213,7776.0,-8657,-1659.0
U.S. DOLLAR INDEX - NEW YORK BOARD OF TRADE,2005-03-15,6913,19148,-983.0,2595.0,25241,-5972.0,-12235,-3578.0
U.S. DOLLAR INDEX - NEW YORK BOARD OF TRADE,2005-03-22,5161,12148,-1752.0,-7000.0,20060,-5181.0,-6987,5248.0
U.S. DOLLAR INDEX - NEW YORK BOARD OF TRADE,2005-03-29,5207,8017,46.0,-4131.0,18079,-1981.0,-2810,4177.0
U.S. DOLLAR INDEX - NEW YORK BOARD OF TRADE,2005-04-05,5927,5370,720.0,-2647.0,17753,-326.0,557,3367.0
U.S. DOLLAR INDEX - NEW YORK BOARD OF TRADE,2005-04-12,7195,5149,1268.0,-221.0,17744,-9.0,2046,1489.0
U.S. DOLLAR INDEX - NEW YORK BOARD OF TRADE,2005-04-19,7107,4423,-88.0,-726.0,16713,-1031.0,2684,638.0
U.S. DOLLAR INDEX - NEW YORK BOARD OF TRADE,2005-04-26,6912,4671,-195.0,248.0,17382,669.0,2241,-443.0
U.S. DOLLAR INDEX - NEW YORK BOARD OF TRADE,2005-05-03,8421,4704,1509.0,33.0,19584,2202.0,3717,1476.0
U.S. DOLLAR INDEX - NEW YORK BOARD OF TRADE,2005-05-10,8779,5365,358.0,661.0,20907,1323.0,3414,-303.0
U.S. DOLLAR INDEX - NEW YORK BOARD OF TRADE,2005-05-17,15293,3591,6514.0,-1774.0,26178,5271.0,11702,8288.0
U.S. DOLLAR INDEX - NEW YORK BOARD OF TRADE,2005-05-24,16795,2545,1502.0,-1046.0,28052,1874.0,14250,2548.0
U.S. DOLLAR INDEX - NEW YORK BOARD OF TRADE,2005-05-31,17717,2356,922.0,-189.0,29298,1246.0,15361,1111.0
U.S. DOLLAR INDEX - NEW YORK BOARD OF TRADE,2005-06-07,18011,1963,294.0,-393.0,35655,6357.0,16048,687.0
U.S. DOLLAR INDEX - NEW YORK BOARD OF TRADE,2005-06-14,19487,2523,1476.0,560.0,28682,-6973.0,16964,916.0
U.S. DOLLAR INDEX - NEW YORK BOARD OF TRADE,2005-06-21,18920,1792,-567.0,-731.0,29184,502.0,17128,164.0
U.S. DOLLAR INDEX - NEW YORK BOARD OF TRADE,2005-06-28,21511,2201,2591.0,409.0,31235,2051.0,19310,2182.0
U.S. DOLLAR INDEX - NEW YORK BOARD OF TRADE,2005-07-05,23445,2577,1934.0,376.0,33821,2586.0,20868,1558.0
U.S. DOLLAR INDEX - NEW YORK BOARD OF TRADE,2005-07-12,16946,1403,-6499.0,-1174.0,28052,-5769.0,15543,-5325.0
U.S. DOLLAR INDEX - NEW YORK BOARD OF TRADE,2005-07-19,17475,1741,529.0,338.0,29038,986.0,15734,191.0
U.S. DOLLAR INDEX - NEW YORK BOARD OF TRADE,2005-07-26,16344,1688,-1131.0,-53.0,28423,-615.0,14656,-1078.0
U.S. DOLLAR INDEX - NEW YORK BOARD OF TRADE,2005-08-02,11640,2405,-4704.0,717.0,25732,-2691.0,9235,-5421.0
U.S. DOLLAR INDEX - NEW YORK BOARD OF TRADE,2005-08-09,13115,2661,1475.0,256.0,26450,718.0,10454,1219.0
U.S. DOLLAR INDEX - NEW YORK BOARD OF TRADE,2005-08-16,5227,3099,-7888.0,438.0,19267,-7183.0,2128,-8326.0
U.S. DOLLAR INDEX - NEW YORK BOARD OF TRADE,2005-08-23,5842,3372,615.0,273.0,20169,902.0,2470,342.0
U.S. DOLLAR INDEX - NEW YORK BOARD OF TRADE,2005-08-30,6512,2522,670.0,-850.0,17497,-2672.0,3990,1520.0
U.S. DOLLAR INDEX - NEW YORK BOARD OF TRADE,2005-09-06,5880,11235,-632.0,8713.0,20866,3369.0,-5355,-9345.0
U.S. DOLLAR INDEX - NEW YORK BOARD OF TRADE,2005-09-13,4218,4187,-1662.0,-7048.0,18149,-2717.0,31,5386.0
U.S. DOLLAR INDEX - NEW YORK BOARD OF TRADE,2005-09-20,7555,2435,3337.0,-1752.0,12289,-5860.0,5120,5089.0
U.S. DOLLAR INDEX - NEW YORK BOARD OF TRADE,2005-09-27,12695,3131,5140.0,696.0,17573,5284.0,9564,4444.0
U.S. DOLLAR INDEX - NEW YORK BOARD OF TRADE,2005-10-04,13955,2816,1260.0,-315.0,19561,1988.0,11139,1575.0
U.S. DOLLAR INDEX - NEW YORK BOARD OF TRADE,2005-10-11,13706,5190,-249.0,2374.0,20688,1127.0,8516,-2623.0
U.S. DOLLAR INDEX - NEW YORK BOARD OF TRADE,2005-10-18,17026,3343,3320.0,-1847.0,24239,3551.0,13683,5167.0
U.S. DOLLAR INDEX - NEW YORK BOARD OF TRADE,2005-10-25,27806,3573,10780.0,230.0,34050,9811.0,24233,10550.0
U.S. DOLLAR INDEX - NEW YORK BOARD OF TRADE,2005-11-01,26542,2857,-1264.0,-716.0,33202,-848.0,23685,-548.0
U.S. DOLLAR INDEX - NEW YORK BOARD OF TRADE,2005-11-08,29756,2851,3214.0,-6.0,38747,5545.0,26905,3220.0
U.S. DOLLAR INDEX - NEW YORK BOARD OF TRADE,2005-11-15,32782,3554,3026.0,703.0,41712,2965.0,29228,2323.0
U.S. DOLLAR INDEX - NEW YORK BOARD OF TRADE,2005-11-22,31395,1958,-1387.0,-1596.0,38120,-3592.0,29437,209.0
U.S. DOLLAR INDEX - NEW YORK BOARD OF TRADE,2005-11-29,20597,1886,-10798.0,-72.0,29114,-9006.0,18711,-10726.0
U.S. DOLLAR INDEX - NEW YORK BOARD OF TRADE,2005-12-06,22787,3147,2190.0,1261.0,30676,1562.0,19640,929.0
U.S. DOLLAR INDEX - NEW YORK BOARD OF TRADE,2005-12-13,20827,3444,-1960.0,297.0,35108,4432.0,17383,-2257.0
U.S. DOLLAR INDEX - NEW YORK BOARD OF TRADE,2005-12-20,13543,2798,-7284.0,-646.0,25940,-9168.0,10745,-6638.0
U.S. DOLLAR INDEX - NEW YORK BOARD OF TRADE,2005-12-27,13242,2116,-301.0,-682.0,24463,-1477.0,11126,381.0
U.S. DOLLAR INDEX - NEW YORK BOARD OF TRADE,2006-01-03,13920,3392,678.0,1276.0,26629,2166.0,10528,-598.0
U.S. DOLLAR INDEX - NEW YORK BOARD OF TRADE,2006-01-10,10112,5170,-3808.0,1778.0,23845,-2784.0,4942,-5586.0
U.S. DOLLAR INDEX - NEW YORK BOARD OF TRADE,2006-01-17,9982,5278,-130.0,108.0,25968,2123.0,4704,-238.0
U.S. DOLLAR INDEX - NEW YORK BOARD OF TRADE,2006-01-24,10273,6446,291.0,1168.0,27516,1548.0,3827,-877.0
U.S. DOLLAR INDEX - NEW YORK BOARD OF TRADE,2006-01-31,10676,6615,403.0,169.0,27383,-133.0,4061,234.0
U.S. DOLLAR INDEX - NEW YORK BOARD OF TRADE,2006-02-07,11004,5006,328.0,-1609.0,26930,-453.0,5998,1937.0
U.S. DOLLAR INDEX - NEW YORK BOARD OF TRADE,2006-02-14,15244,3095,4240.0,-1911.0,29351,2421.0,12149,6151.0
U.S. DOLLAR INDEX - NEW YORK BOARD OF TRADE,2006-02-21,19027,4040,3783.0,945.0,32312,2961.0,14987,2838.0
U.S. DOLLAR INDEX - NEW YORK BOARD OF TRADE,2006-02-28,18146,2793,-881.0,-1247.0,30389,-1923.0,15353,366.0
U.S. DOLLAR INDEX - NEW YORK BOARD OF TRADE,2006-03-07,17143,2597,-1003.0,-196.0,32565,2176.0,14546,-807.0
U.S. DOLLAR INDEX - NEW YORK BOARD OF TRADE,2006-03-14,18310,2801,1167.0,204.0,28833,-3732.0,15509,963.0
U.S. DOLLAR INDEX - NEW YORK BOARD OF TRADE,2006-03-21,11114,4491,-7196.0,1690.0,27692,-1141.0,6623,-8886.0
U.S. DOLLAR INDEX - NEW YORK BOARD OF TRADE,2006-03-28,13693,3363,2579.0,-1128.0,27158,-534.0,10330,3707.0
U.S. DOLLAR INDEX - NEW YORK BOARD OF TRADE,2006-04-04,11227,4483,-2466.0,1120.0,27672,514.0,6744,-3586.0
U.S. DOLLAR INDEX - NEW YORK BOARD OF TRADE,2006-04-11,11162,4107,-65.0,-376.0,27493,-179.0,7055,311.0
U.S. DOLLAR INDEX - NEW YORK BOARD OF TRADE,2006-04-18,11223,4994,61.0,887.0,28704,1211.0,6229,-826.0
U.S. DOLLAR INDEX - NEW YORK BOARD OF TRADE,2006-04-25,10782,8504,-441.0,3510.0,32012,3308.0,2278,-3951.0
U.S. DOLLAR INDEX - NEW YORK BOARD OF TRADE,2006-05-02,8667,14090,-2115.0,5586.0,38433,6421.0,-5423,-7701.0
U.S. DOLLAR INDEX - NEW YORK BOARD OF TRADE,2006-05-09,10076,16794,1409.0,2704.0,40912,2479.0,-6718,-1295.0
U.S. DOLLAR INDEX - NEW YORK BOARD OF TRADE,2006-05-16,11455,15590,1379.0,-1204.0,38171,-2741.0,-4135,2583.0
U.S. DOLLAR INDEX - NEW YORK BOARD OF TRADE,2006-05-23,10257,16835,-1198.0,1245.0,38195,24.0,-6578,-2443.0
U.S. DOLLAR INDEX - NEW YORK BOARD OF TRADE,2006-05-30,10388,18663,131.0,1828.0,39881,1686.0,-8275,-1697.0
U.S. DOLLAR INDEX - NEW YORK BOARD OF TRADE,2006-06-06,10586,17847,198.0,-816.0,38771,-1110.0,-7261,1014.0
U.S. DOLLAR INDEX - NEW YORK BOARD OF TRADE,2006-06-13,8426,17233,-2160.0,-614.0,40169,1398.0,-8807,-1546.0
U.S. DOLLAR INDEX - NEW YORK BOARD OF TRADE,2006-06-20,7476,15555,-950.0,-1678.0,24660,-15509.0,-8079,728.0
U.S. DOLLAR INDEX - NEW YORK BOARD OF TRADE,2006-06-27,10176,13334,2700.0,-2221.0,20784,-3876.0,-3158,4921.0
U.S. DOLLAR INDEX - NEW YORK BOARD OF TRADE,2006-07-03,7089,11135,-3087.0,-2199.0,18821,-1963.0,-4046,-888.0
U.S. DOLLAR INDEX - NEW YORK BOARD OF TRADE,2006-07-11,7920,12524,831.0,1389.0,20530,1709.0,-4604,-558.0
U.S. DOLLAR INDEX - NEW YORK BOARD OF TRADE,2006-07-18,8847,7854,927.0,-4670.0,17233,-3297.0,993,5597.0
U.S. DOLLAR INDEX - NEW YORK BOARD OF TRADE,2006-07-25,8205,8065,-642.0,211.0,16878,-355.0,140,-853.0
U.S. DOLLAR INDEX - NEW YORK BOARD OF TRADE,2006-08-01,6808,7483,-1397.0,-582.0,15676,-1202.0,-675,-815.0
U.S. DOLLAR INDEX - NEW YORK BOARD OF TRADE,2006-08-08,7873,9849,1065.0,2366.0,18272,2596.0,-1976,-1301.0
U.S. DOLLAR INDEX - NEW YORK BOARD OF TRADE,2006-08-15,7371,10055,-502.0,206.0,18471,199.0,-2684,-708.0
U.S. DOLLAR INDEX - NEW YORK BOARD OF TRADE,2006-08-22,7304,10549,-67.0,494.0,19174,703.0,-3245,-561.0
U.S. DOLLAR INDEX - NEW YORK BOARD OF TRADE,2006-08-29,8533,11061,1229.0,512.0,19685,511.0,-2528,717.0
U.S. DOLLAR INDEX - NEW YORK BOARD OF TRADE,2006-09-05,8207,11635,-326.0,574.0,20114,429.0,-3428,-900.0
U.S. DOLLAR INDEX - NEW YORK BOARD OF TRADE,2006-09-12,11917,9015,3710.0,-2620.0,22167,2053.0,2902,6330.0
U.S. DOLLAR INDEX - NEW YORK BOARD OF TRADE,2006-09-19,6876,7225,-5041.0,-1790.0,17288,-4879.0,-349,-3251.0
U.S. DOLLAR INDEX - NEW YORK BOARD OF TRADE,2006-09-26,7482,8148,606.0,923.0,19545,2257.0,-666,-317.0
U.S. DOLLAR INDEX - NEW YORK BOARD OF TRADE,2006-10-03,13482,8270,6000.0,122.0,24522,4977.0,5212,5878.0
U.S. DOLLAR INDEX - NEW YORK BOARD OF TRADE,2006-10-10,19053,7823,5571.0,-447.0,30911,6389.0,11230,6018.0
U.S. DOLLAR INDEX - NEW YORK BOARD OF TRADE,2006-10-17,24649,8001,5596.0,178.0,36745,5834.0,16648,5418.0
U.S. DOLLAR INDEX - NEW YORK BOARD OF TRADE,2006-10-24,21741,7513,-2908.0,-488.0,33789,-2956.0,14228,-2420.0
U.S. DOLLAR INDEX - NEW YORK BOARD OF TRADE,2006-10-31,11910,8172,-9831.0,659.0,32961,-828.0,3738,-10490.0
U.S. DOLLAR INDEX - NEW YORK BOARD OF TRADE,2006-11-07,12826,10235,916.0,2063.0,34478,1517.0,2591,-1147.0
U.S. DOLLAR INDEX - NEW YORK BOARD OF TRADE,2006-11-14,12566,13312,-260.0,3077.0,34532,54.0,-746,-3337.0
U.S. DOLLAR INDEX - NEW YORK BOARD OF TRADE,2006-11-21,12579,12049,13.0,-1263.0,33582,-950.0,530,1276.0
U.S. DOLLAR INDEX - NEW YORK BOARD OF TRADE,2006-11-28,10311,17632,-2268.0,5583.0,37290,3708.0,-7321,-7851.0
U.S. DOLLAR INDEX - NEW YORK BOARD OF TRADE,2006-12-05,17985,21342,7674.0,3710.0,39682,2392.0,-3357,3964.0
U.S. DOLLAR INDEX - NEW YORK BOARD OF TRADE,2006-12-12,12528,24955,-5457.0,3613.0,46967,7285.0,-12427,-9070.0
U.S. DOLLAR INDEX - NEW YORK BOARD OF TRADE,2006-12-19,8708,21141,-3820.0,-3814.0,30678,-16289.0,-12433,-6.0
U.S. DOLLAR INDEX - NEW YORK BOARD OF TRADE,2006-12-26,7930,20385,-778.0,-756.0,29824,-854.0,-12455,-22.0
U.S. DOLLAR INDEX - NEW YORK BOARD OF TRADE,2007-01-03,9488,19001,1558.0,-1384.0,28542,-1282.0,-9513,2942.0
U.S. DOLLAR INDEX - NEW YORK BOARD OF TRADE,2007-01-09,11948,15254,2460.0,-3747.0,25856,-2686.0,-3306,6207.0
U.S. DOLLAR INDEX - NEW YORK BOARD OF TRADE,2007-01-16,12064,9892,116.0,-5362.0,21111,-4745.0,2172,5478.0
U.S. DOLLAR INDEX - NEW YORK BOARD OF TRADE,2007-01-23,12048,10666,-16.0,774.0,21969,858.0,1382,-790.0
U.S. DOLLAR INDEX - NEW YORK BOARD OF TRADE,2007-01-30,14049,9025,2001.0,-1641.0,22227,258.0,5024,3642.0
U.S. DOLLAR INDEX - NEW YORK BOARD OF TRADE,2007-02-06,14751,11056,702.0,2031.0,24626,2399.0,3695,-1329.0
U.S. DOLLAR INDEX - NEW YORK BOARD OF TRADE,2007-02-13,14240,10217,-511.0,-839.0,25207,581.0,4023,328.0
U.S. DOLLAR INDEX - NEW YORK BOARD OF TRADE,2007-02-20,14479,17451,239.0,7234.0,29787,4580.0,-2972,-6995.0
U.S. DOLLAR INDEX - NEW YORK BOARD OF TRADE,2007-02-27,11334,20717,-3145.0,3266.0,32784,2997.0,-9383,-6411.0
U.S. DOLLAR INDEX - NEW YORK BOARD OF TRADE,2007-03-06,10795,19455,-539.0,-1262.0,29328,-3456.0,-8660,723.0
U.S. DOLLAR INDEX - NEW YORK BOARD OF TRADE,2007-03-13,9524,15536,-1271.0,-3919.0,34213,4885.0,-6012,2648.0
U.S. DOLLAR INDEX - NEW YORK BOARD OF TRADE,2007-03-20,7718,19276,-1806.0,3740.0,28672,-5541.0,-11558,-5546.0
U.S. DOLLAR INDEX - NEW YORK BOARD OF TRADE,2007-03-27,8306,18896,588.0,-380.0,28790,118.0,-10590,968.0
U.S. DOLLAR INDEX - NEW YORK BOARD OF TRADE,2007-04-03,9539,20181,1233.0,1285.0,30160,1370.0,-10642,-52.0
U.S. DOLLAR INDEX - NEW YORK BOARD OF TRADE,2007-04-10,8814,20630,-725.0,449.0,31100,940.0,-11816,-1174.0
U.S. DOLLAR INDEX - NEW YORK BOARD OF TRADE,2007-04-17,9615,23155,801.0,2525.0,33602,2502.0,-13540,-1724.0
U.S. DOLLAR INDEX - NEW YORK BOARD OF TRADE,2007-04-24,9905,29463,290.0,6308.0,39208,5606.0,-19558,-6018.0
U.S. DOLLAR INDEX - NEW YORK BOARD OF TRADE,2007-05-01,9333,30459,-572.0,996.0,40972,1764.0,-21126,-1568.0
U.S. DOLLAR INDEX - NEW YORK BOARD OF TRADE,2007-05-08,8010,26890,-1323.0,-3569.0,36084,-4888.0,-18880,2246.0
U.S. DOLLAR INDEX - NEW YORK BOARD OF TRADE,2007-05-15,7883,25833,-127.0,-1057.0,34833,-1251.0,-17950,930.0
U.S. DOLLAR INDEX - NEW YORK BOARD OF TRADE,2007-05-22,5854,22077,-2029.0,-3756.0,30861,-3972.0,-16223,1727.0
U.S. DOLLAR INDEX - NEW YORK BOARD OF TRADE,2007-05-29,6263,22322,409.0,245.0,31076,215.0,-16059,164.0
U.S. DOLLAR INDEX - NEW YORK BOARD OF TRADE,2007-06-05,4869,19400,-1394.0,-2922.0,27472,-3604.0,-14531,1528.0
U.S. DOLLAR INDEX - NEW YORK BOARD OF TRADE,2007-06-12,4785,14710,-84.0,-4690.0,27553,81.0,-9925,4606.0
U.S. DOLLAR INDEX - NEW YORK BOARD OF TRADE,2007-06-19,7274,10411,2489.0,-4299.0,18675,-8878.0,-3137,6788.0
U.S. DOLLAR INDEX - NEW YORK BOARD OF TRADE,2007-06-26,7236,18124,-38.0,7713.0,24151,5476.0,-10888,-7751.0
U.S. DOLLAR INDEX - NEW YORK BOARD OF TRADE,2007-07-03,9495,28501,2259.0,10377.0,35149,10998.0,-19006,-8118.0
U.S. DOLLAR INDEX - NEW YORK BOARD OF TRADE,2007-07-10,9671,29630,176.0,1129.0,38063,2914.0,-19959,-953.0
U.S. DOLLAR INDEX - NEW YORK BOARD OF TRADE,2007-07-17,10449,35870,778.0,6240.0,44644,6581.0,-25421,-5462.0
U.S. DOLLAR INDEX - NEW YORK BOARD OF TRADE,2007-07-24,10371,38722,-78.0,2852.0,47619,2975.0,-28351,-2930.0
U.S. DOLLAR INDEX - NEW YORK BOARD OF TRADE,2007-07-31,9334,36311,-1037.0,-2411.0,44523,-3096.0,-26977,1374.0
U.S. DOLLAR INDEX - NEW YORK BOARD OF TRADE,2007-08-07,8971,34433,-363.0,-1878.0,42621,-1902.0,-25462,1515.0
U.S. DOLLAR INDEX - NEW YORK BOARD OF TRADE,2007-08-14,5175,22075,-3796.0,-12358.0,33933,-8688.0,-16900,8562.0
U.S. DOLLAR INDEX - NEW YORK BOARD OF TRADE,2007-08-21,2237,14038,-2938.0,-8037.0,25793,-8140.0,-11801,5099.0
U.S. DOLLAR INDEX - NEW YORK BOARD OF TRADE,2007-08-28,2200,15828,-37.0,1790.0,23662,-2131.0,-13628,-1827.0
U.S. DOLLAR INDEX - ICE FUTURES U.S.,2007-09-04,3325,17005,1125.0,1177.0,24242,580.0,-13680,-52.0
U.S. DOLLAR INDEX - ICE FUTURES U.S.,2007-09-11,5812,23016,2487.0,6011.0,34474,10232.0,-17204,-3524.0
U.S. DOLLAR INDEX - ICE FUTURES U.S.,2007-09-18,5271,30771,-541.0,7755.0,39341,4867.0,-25500,-8296.0
U.S. DOLLAR INDEX - ICE FUTURES U.S.,2007-09-25,5837,31860,566.0,1089.0,40781,1440.0,-26023,-523.0
U.S. DOLLAR INDEX - ICE FUTURES U.S.,2007-10-02,6766,31329,929.0,-531.0,40574,-207.0,-24563,1460.0
U.S. DOLLAR INDEX - ICE FUTURES U.S.,2007-10-09,6313,30676,-453.0,-653.0,40580,6.0,-24363,200.0
U.S. DOLLAR INDEX - ICE FUTURES U.S.,2007-10-16,5299,28060,-1014.0,-2616.0,39583,-997.0,-22761,1602.0
U.S. DOLLAR INDEX - ICE FUTURES U.S.,2007-10-23,6564,29008,1265.0,948.0,41114,1531.0,-22444,317.0
U.S. DOLLAR INDEX - ICE FUTURES U.S.,2007-10-30,7223,27357,659.0,-1651.0,41134,20.0,-20134,2310.0
U.S. DOLLAR INDEX - ICE FUTURES U.S.,2007-11-06,8058,26549,835.0,-808.0,41317,183.0,-18491,1643.0
U.S. DOLLAR INDEX - ICE FUTURES U.S.,2007-11-13,5245,19992,-2813.0,-6557.0,37711,-3606.0,-14747,3744.0
U.S. DOLLAR INDEX - ICE FUTURES U.S.,2007-11-20,5766,20416,521.0,424.0,38488,777.0,-14650,97.0
U.S. DOLLAR INDEX - ICE FUTURES U.S.,2007-11-27,6100,19300,334.0,-1116.0,38395,-93.0,-13200,1450.0
U.S. DOLLAR INDEX - ICE FUTURES U.S.,2007-12-04,5679,14650,-421.0,-4650.0,37432,-963.0,-8971,4229.0
U.S. DOLLAR INDEX - ICE FUTURES U.S.,2007-12-11,5935,13268,256.0,-1382.0,44569,7137.0,-7333,1638.0
U.S. DOLLAR INDEX - ICE FUTURES U.S.,2007-12-18,8359,7060,2424.0,-6208.0,34423,-10146.0,1299,8632.0
U.S. DOLLAR INDEX - ICE FUTURES U.S.,2007-12-24,8281,4995,-78.0,-2065.0,33192,-1231.0,3286,1987.0
U.S. DOLLAR INDEX - ICE FUTURES U.S.,2007-12-31,8984,7505,703.0,2510.0,34016,824.0,1479,-1807.0
U.S. DOLLAR INDEX - ICE FUTURES U.S.,2008-01-08,9952,11231,968.0,3726.0,37030,3014.0,-1279,-2758.0
U.S. DOLLAR INDEX - ICE FUTURES U.S.,2008-01-15,10664,13457,712.0,2226.0,39456,2426.0,-2793,-1514.0
U.S. DOLLAR INDEX - ICE FUTURES U.S.,2008-01-22,7574,10168,-3090.0,-3289.0,35993,-3463.0,-2594,199.0
U.S. DOLLAR INDEX - ICE FUTURES U.S.,2008-01-29,8081,13599,507.0,3431.0,39342,3349.0,-5518,-2924.0
U.S. DOLLAR INDEX - ICE FUTURES U.S.,2008-02-05,7364,15810,-717.0,2211.0,43742,4400.0,-8446,-2928.0
U.S. DOLLAR INDEX - ICE FUTURES U.S.,2008-02-12,5347,9377,-2017.0,-6433.0,36980,-6762.0,-4030,4416.0
U.S. DOLLAR INDEX - ICE FUTURES U.S.,2008-02-19,6462,12682,1115.0,3305.0,39574,2594.0,-6220,-2190.0
U.S. DOLLAR INDEX - ICE FUTURES U.S.,2008-02-26,9815,18026,3353.0,5344.0,46256,6682.0,-8211,-1991.0
U.S. DOLLAR INDEX - ICE FUTURES U.S.,2008-03-04,10818,18692,1003.0,666.0,47078,822.0,-7874,337.0
U.S. DOLLAR INDEX - ICE FUTURES U.S.,2008-03-11,14053,24506,3235.0,5814.0,55391,8313.0,-10453,-2579.0
U.S. DOLLAR INDEX - ICE FUTURES U.S.,2008-03-18,10801,19880,-3252.0,-4626.0,43911,-11480.0,-9079,1374.0
U.S. DOLLAR INDEX - ICE FUTURES U.S.,2008-03-25,12145,19890,1344.0,10.0,42371,-1540.0,-7745,1334.0
U.S. DOLLAR INDEX - ICE FUTURES U.S.,2008-04-01,12747,20185,602.0,295.0,42995,624.0,-7438,307.0
U.S. DOLLAR INDEX - ICE FUTURES U.S.,2008-04-08,13826,19755,1079.0,-430.0,41801,-1194.0,-5929,1509.0
U.S. DOLLAR INDEX - ICE FUTURES U.S.,2008-04-15,15333,19947,1507.0,192.0,43202,1401.0,-4614,1315.0
U.S. DOLLAR INDEX - ICE FUTURES U.S.,2008-04-22,14959,22743,-374.0,2796.0,45823,2621.0,-7784,-3170.0
U.S. DOLLAR INDEX - ICE FUTURES U.S.,2008-04-29,9798,13607,-5161.0,-9136.0,36165,-9658.0,-3809,3975.0
U.S. DOLLAR INDEX - ICE FUTURES U.S.,2008-05-06,10479,13625,681.0,18.0,34667,-1498.0,-3146,663.0
U.S. DOLLAR INDEX - ICE FUTURES U.S.,2008-05-13,11040,11535,561.0,-2090.0,33434,-1233.0,-495,2651.0
U.S. DOLLAR INDEX - ICE FUTURES U.S.,2008-05-20,16908,15318,5868.0,3783.0,38353,4919.0,1590,2085.0
U.S. DOLLAR INDEX - ICE FUTURES U.S.,2008-05-27,16073,17284,-835.0,1966.0,39949,1596.0,-1211,-2801.0
U.S. DOLLAR INDEX - ICE FUTURES U.S.,2008-06-03,16870,12690,797.0,-4594.0,37903,-2046.0,4180,5391.0
U.S. DOLLAR INDEX - ICE FUTURES U.S.,2008-06-10,18581,12736,1711.0,46.0,48962,11059.0,5845,1665.0
U.S. DOLLAR INDEX - ICE FUTURES U.S.,2008-06-17,14976,7181,-3605.0,-5555.0,26204,-22758.0,7795,1950.0
U.S. DOLLAR INDEX - ICE FUTURES U.S.,2008-06-24,18103,9150,3127.0,1969.0,30158,3954.0,8953,1158.0
U.S. DOLLAR INDEX - ICE FUTURES U.S.,2008-07-01,21944,14315,3841.0,5165.0,34557,4399.0,7629,-1324.0
U.S. DOLLAR INDEX - ICE FUTURES U.S.,2008-07-08,22657,14621,713.0,306.0,35197,640.0,8036,407.0
U.S. DOLLAR INDEX - ICE FUTURES U.S.,2008-07-15,25169,21261,2512.0,6640.0,39105,3908.0,3908,-4128.0
U.S. DOLLAR INDEX - ICE FUTURES U.S.,2008-07-22,23621,17530,-1548.0,-3731.0,38097,-1008.0,6091,2183.0
U.S. DOLLAR INDEX - ICE FUTURES U.S.,2008-07-29,21640,10765,-1981.0,-6765.0,36628,-1469.0,10875,4784.0
U.S. DOLLAR INDEX - ICE FUTURES U.S.,2008-08-05,18957,8572,-2683.0,-2193.0,32021,-4607.0,10385,-490.0
U.S. DOLLAR INDEX - ICE FUTURES U.S.,2008-08-12,20518,3370,1561.0,-5202.0,33273,1252.0,17148,6763.0
U.S. DOLLAR INDEX - ICE FUTURES U.S.,2008-08-19,29500,3401,8982.0,31.0,41746,8473.0,26099,8951.0
U.S. DOLLAR INDEX - ICE FUTURES U.S.,2008-08-26,32274,4154,2774.0,753.0,43723,1977.0,28120,2021.0
U.S. DOLLAR INDEX - ICE FUTURES U.S.,2008-09-02,37020,5690,4746.0,1536.0,49395,5672.0,31330,3210.0
U.S. DOLLAR INDEX - ICE FUTURES U.S.,2008-09-09,40724,6477,3704.0,787.0,78978,29583.0,34247,2917.0
U.S. DOLLAR INDEX - ICE FUTURES U.S.,2008-09-16,40302,2447,-422.0,-4030.0,52872,-26106.0,37855,3608.0
U.S. DOLLAR INDEX - ICE FUTURES U.S.,2008-09-23,30338,2628,-9964.0,181.0,49702,-3170.0,27710,-10145.0
U.S. DOLLAR INDEX - ICE FUTURES U.S.,2008-09-30,26916,1935,-3422.0,-693.0,46227,-3475.0,24981,-2729.0
U.S. DOLLAR INDEX - ICE FUTURES U.S.,2008-10-07,25947,2348,-969.0,413.0,45172,-1055.0,23599,-1382.0
U.S. DOLLAR INDEX - ICE FUTURES U.S.,2008-10-14,26674,1764,727.0,-584.0,46605,1433.0,24910,1311.0
U.S. DOLLAR INDEX - ICE FUTURES U.S.,2008-10-21,27766,1652,1092.0,-112.0,44040,-2565.0,26114,1204.0
U.S. DOLLAR INDEX - ICE FUTURES U.S.,2008-10-28,20373,1332,-7393.0,-320.0,39279,-4761.0,19041,-7073.0
U.S. DOLLAR INDEX - ICE FUTURES U.S.,2008-11-04,21057,1006,684.0,-326.0,38298,-981.0,20051,1010.0
U.S. DOLLAR INDEX - ICE FUTURES U.S.,2008-11-11,20682,1169,-375.0,163.0,38679,381.0,19513,-538.0
U.S. DOLLAR INDEX - ICE FUTURES U.S.,2008-11-18,19590,1085,-1092.0,-84.0,38314,-365.0,18505,-1008.0
U.S. DOLLAR INDEX - ICE FUTURES U.S.,2008-11-25,20569,1725,979.0,640.0,40815,2501.0,18844,339.0
U.S. DOLLAR INDEX - ICE FUTURES U.S.,2008-12-02,17837,1242,-2732.0,-483.0,39382,-1433.0,16595,-2249.0
U.S. DOLLAR INDEX - ICE FUTURES U.S.,2008-12-09,18079,1248,242.0,6.0,41502,2120.0,16831,236.0
U.S. DOLLAR INDEX - ICE FUTURES U.S.,2008-12-16,10250,1731,-7829.0,483.0,16566,-24936.0,8519,-8312.0
U.S. DOLLAR INDEX - ICE FUTURES U.S.,2008-12-22,8547,2688,-1703.0,957.0,15660,-906.0,5859,-2660.0
U.S. DOLLAR INDEX - ICE FUTURES U.S.,2008-12-30,8290,2270,-257.0,-418.0,15706,46.0,6020,161.0
U.S. DOLLAR INDEX - ICE FUTURES U.S.,2009-01-06,8346,2770,56.0,500.0,15924,218.0,5576,-444.0
U.S. DOLLAR INDEX - ICE FUTURES U.S.,2009-01-13,7339,1841,-1007.0,-929.0,13884,-2040.0,5498,-78.0
U.S. DOLLAR INDEX - ICE FUTURES U.S.,2009-01-20,7881,1887,542.0,46.0,15431,1547.0,5994,496.0
U.S. DOLLAR INDEX - ICE FUTURES U.S.,2009-01-27,10318,1819,2437.0,-68.0,18800,3369.0,8499,2505.0
U.S. DOLLAR INDEX - ICE FUTURES U.S.,2009-02-03,12226,1699,1908.0,-120.0,19347,547.0,10527,2028.0
U.S. DOLLAR INDEX - ICE FUTURES U.S.,2009-02-10,12029,1433,-197.0,-266.0,18679,-668.0,10596,69.0
U.S. DOLLAR INDEX - ICE FUTURES U.S.,2009-02-17,15226,1204,3197.0,-229.0,25037,6358.0,14022,3426.0
U.S. DOLLAR INDEX - ICE FUTURES U.S.,2009-02-24,14113,1499,-1113.0,295.0,22578,-2459.0,12614,-1408.0
U.S. DOLLAR INDEX - ICE FUTURES U.S.,2009-03-03,13580,1431,-533.0,-68.0,24186,1608.0,12149,-465.0
U.S. DOLLAR INDEX - ICE FUTURES U.S.,2009-03-10,16177,1214,2597.0,-217.0,29295,5109.0,14963,2814.0
U.S. DOLLAR INDEX - ICE FUTURES U.S.,2009-03-17,14316,2599,-1861.0,1385.0,22831,-6464.0,11717,-3246.0
U.S. DOLLAR INDEX - ICE FUTURES U.S.,2009-03-24,10633,3917,-3683.0,1318.0,24678,1847.0,6716,-5001.0
U.S. DOLLAR INDEX - ICE FUTURES U.S.,2009-03-31,11147,4480,514.0,563.0,23205,-1473.0,6667,-49.0
U.S. DOLLAR INDEX - ICE FUTURES U.S.,2009-04-07,13400,4036,2253.0,-444.0,23676,471.0,9364,2697.0
U.S. DOLLAR INDEX - ICE FUTURES U.S.,2009-04-14,12521,4642,-879.0,606.0,23893,217.0,7879,-1485.0
U.S. DOLLAR INDEX - ICE FUTURES U.S.,2009-04-21,13301,2745,780.0,-1897.0,23331,-562.0,10556,2677.0
U.S. DOLLAR INDEX - ICE FUTURES U.S.,2009-04-28,11700,2694,-1601.0,-51.0,22223,-1108.0,9006,-1550.0
U.S. DOLLAR INDEX - ICE FUTURES U.S.,2009-05-05,10126,3748,-1574.0,1054.0,23738,1515.0,6378,-2628.0
U.S. DOLLAR INDEX - ICE FUTURES U.S.,2009-05-12,10196,6548,70.0,2800.0,28144,4406.0,3648,-2730.0
U.S. DOLLAR INDEX - ICE FUTURES U.S.,2009-05-19,9748,8814,-448.0,2266.0,30331,2187.0,934,-2714.0
U.S. DOLLAR INDEX - ICE FUTURES U.S.,2009-05-26,13789,14740,4041.0,5926.0,37046,6715.0,-951,-1885.0
U.S. DOLLAR INDEX - ICE FUTURES U.S.,2009-06-02,14094,17200,305.0,2460.0,40030,2984.0,-3106,-2155.0
U.S. DOLLAR INDEX - ICE FUTURES U.S.,2009-06-09,12597,14108,-1497.0,-3092.0,42229,2199.0,-1511,1595.0
U.S. DOLLAR INDEX - ICE FUTURES U.S.,2009-06-16,4136,12231,-8461.0,-1877.0,20470,-21759.0,-8095,-6584.0
U.S. DOLLAR INDEX - ICE FUTURES U.S.,2009-06-23,4870,12007,734.0,-224.0,20532,62.0,-7137,958.0
U.S. DOLLAR INDEX - ICE FUTURES U.S.,2009-06-30,4637,10954,-233.0,-1053.0,20118,-414.0,-6317,820.0
U.S. DOLLAR INDEX - ICE FUTURES U.S.,2009-07-07,5135,11766,498.0,812.0,20244,126.0,-6631,-314.0
U.S. DOLLAR INDEX - ICE FUTURES U.S.,2009-07-14,5204,13270,69.0,1504.0,21435,1191.0,-8066,-1435.0
U.S. DOLLAR INDEX - ICE FUTURES U.S.,2009-07-21,8060,17468,2856.0,4198.0,27107,5672.0,-9408,-1342.0
U.S. DOLLAR INDEX - ICE FUTURES U.S.,2009-07-28,6429,15994,-1631.0,-1474.0,25803,-1304.0,-9565,-157.0
U.S. DOLLAR INDEX - ICE FUTURES U.S.,2009-08-04,7505,19398,1076.0,3404.0,28621,2818.0,-11893,-2328.0
U.S. DOLLAR INDEX - ICE FUTURES U.S.,2009-08-11,6148,15700,-1357.0,-3698.0,27863,-758.0,-9552,2341.0
U.S. DOLLAR INDEX - ICE FUTURES U.S.,2009-08-18,3934,11184,-2214.0,-4516.0,25171,-2692.0,-7250,2302.0
U.S. DOLLAR INDEX - ICE FUTURES U.S.,2009-08-25,5875,13684,1941.0,2500.0,27317,2146.0,-7809,-559.0
U.S. DOLLAR INDEX - ICE FUTURES U.S.,2009-09-01,8573,10255,2698.0,-3429.0,30351,3034.0,-1682,6127.0
U.S. DOLLAR INDEX - ICE FUTURES U.S.,2009-09-08,9842,16469,1269.0,6214.0,38153,7802.0,-6627,-4945.0
U.S. DOLLAR INDEX - ICE FUTURES U.S.,2009-09-15,10435,19557,593.0,3088.0,34399,-3754.0,-9122,-2495.0
U.S. DOLLAR INDEX - ICE FUTURES U.S.,2009-09-22,10913,20975,478.0,1418.0,33704,-695.0,-10062,-940.0
U.S. DOLLAR INDEX - ICE FUTURES U.S.,2009-09-29,8794,17304,-2119.0,-3671.0,29776,-3928.0,-8510,1552.0
U.S. DOLLAR INDEX - ICE FUTURES U.S.,2009-10-06,10558,19635,1764.0,2331.0,31874,2098.0,-9077,-567.0
U.S. DOLLAR INDEX - ICE FUTURES U.S.,2009-10-13,10890,20381,332.0,746.0,33891,2017.0,-9491,-414.0
U.S. DOLLAR INDEX - ICE FUTURES U.S.,2009-10-20,12477,22430,1587.0,2049.0,36619,2728.0,-9953,-462.0
U.S. DOLLAR INDEX - ICE FUTURES U.S.,2009-10-27,12790,21715,313.0,-715.0,36160,-459.0,-8925,1028.0
U.S. DOLLAR INDEX - ICE FUTURES U.S.,2009-11-03,14908,21002,2118.0,-713.0,35969,-191.0,-6094,2831.0
U.S. DOLLAR INDEX - ICE FUTURES U.S.,2009-11-09,16536,22138,1628.0,1136.0,37246,1277.0,-5602,492.0
U.S. DOLLAR INDEX - ICE FUTURES U.S.,2009-11-17,21579,22667,5043.0,529.0,42265,5019.0,-1088,4514.0
U.S. DOLLAR INDEX - ICE FUTURES U.S.,2009-11-24,22661,21210,1082.0,-1457.0,39858,-2407.0,1451,2539.0
U.S. DOLLAR INDEX - ICE FUTURES U.S.,2009-12-01,23687,19245,1026.0,-1965.0,39680,-178.0,4442,2991.0
U.S. DOLLAR INDEX - ICE FUTURES U.S.,2009-12-08,29139,15076,5452.0,-4169.0,48594,8914.0,14063,9621.0
U.S. DOLLAR INDEX - ICE FUTURES U.S.,2009-12-15,37579,11809,8440.0,-3267.0,51271,2677.0,25770,11707.0
U.S. DOLLAR INDEX - ICE FUTURES U.S.,2009-12-22,45973,11843,8394.0,34.0,59792,8521.0,34130,8360.0
U.S. DOLLAR INDEX - ICE FUTURES U.S.,2009-12-29,51050,12016,5077.0,173.0,63184,3392.0,39034,4904.0
U.S. DOLLAR INDEX - ICE FUTURES U.S.,2010-01-05,48623,9225,-2427.0,-2791.0,62056,-1128.0,39398,364.0
U.S. DOLLAR INDEX - ICE FUTURES U.S.,2010-01-12,40164,6655,-8459.0,-2570.0,52227,-9829.0,33509,-5889.0
U.S. DOLLAR INDEX - ICE FUTURES U.S.,2010-01-19,36332,6261,-3832.0,-394.0,49139,-3088.0,30071,-3438.0
U.S. DOLLAR INDEX - ICE FUTURES U.S.,2010-01-26,44152,6606,7820.0,345.0,59330,10191.0,37546,7475.0
U.S. DOLLAR INDEX - ICE FUTURES U.S.,2010-02-02,53325,10886,9173.0,4280.0,67283,7953.0,42439,4893.0
U.S. DOLLAR INDEX - ICE FUTURES U.S.,2010-02-09,45763,4774,-7562.0,-6112.0,58939,-8344.0,40989,-1450.0
U.S. DOLLAR INDEX - ICE FUTURES U.S.,2010-02-16,45728,8146,-35.0,3372.0,58733,-206.0,37582,-3407.0
U.S. DOLLAR INDEX - ICE FUTURES U.S.,2010-02-23,43653,5261,-2075.0,-2885.0,57575,-1158.0,38392,810.0
U.S. DOLLAR INDEX - ICE FUTURES U.S.,2010-03-02,43004,4931,-649.0,-330.0,55702,-1873.0,38073,-319.0
U.S. DOLLAR INDEX - ICE FUTURES U.S.,2010-03-09,40480,4535,-2524.0,-396.0,58121,2419.0,35945,-2128.0
U.S. DOLLAR INDEX - ICE FUTURES U.S.,2010-03-16,34602,5822,-5878.0,1287.0,46920,-11201.0,28780,-7165.0
U.S. DOLLAR INDEX - ICE FUTURES U.S.,2010-03-23,38354,6157,3752.0,335.0,51403,4483.0,32197,3417.0
U.S. DOLLAR INDEX - ICE FUTURES U.S.,2010-03-30,46012,10849,7658.0,4692.0,60419,9016.0,35163,2966.0
U.S. DOLLAR INDEX - ICE FUTURES U.S.,2010-04-06,35246,5092,-10766.0,-5757.0,50152,-10267.0,30154,-5009.0
U.S. DOLLAR INDEX - ICE FUTURES U.S.,2010-04-13,33177,5501,-2069.0,409.0,46766,-3386.0,27676,-2478.0
U.S. DOLLAR INDEX - ICE FUTURES U.S.,2010-04-20,31385,6405,-1792.0,904.0,44558,-2208.0,24980,-2696.0
U.S. DOLLAR INDEX - ICE FUTURES U.S.,2010-04-27,33093,7348,1708.0,943.0,47054,2496.0,25745,765.0
U.S. DOLLAR INDEX - ICE FUTURES U.S.,2010-05-04,35112,5443,2019.0,-1905.0,48517,1463.0,29669,3924.0
U.S. DOLLAR INDEX - ICE FUTURES U.S.,2010-05-11,29446,3361,-5666.0,-2082.0,42824,-5693.0,26085,-3584.0
U.S. DOLLAR INDEX - ICE FUTURES U.S.,2010-05-18,26794,2898,-2652.0,-463.0,39545,-3279.0,23896,-2189.0
U.S. DOLLAR INDEX - ICE FUTURES U.S.,2010-05-25,24483,3138,-2311.0,240.0,37952,-1593.0,21345,-2551.0
U.S. DOLLAR INDEX - ICE FUTURES U.S.,2010-06-01,23334,4162,-1149.0,1024.0,36277,-1675.0,19172,-2173.0
U.S. DOLLAR INDEX - ICE FUTURES U.S.,2010-06-08,25591,4849,2257.0,687.0,38248,1971.0,20742,1570.0
U.S. DOLLAR INDEX - ICE FUTURES U.S.,2010-06-15,24700,2738,-891.0,-2111.0,32329,-5919.0,21962,1220.0
U.S. DOLLAR INDEX - ICE FUTURES U.S.,2010-06-22,23764,3083,-936.0,345.0,32053,-276.0,20681,-1281.0
U.S. DOLLAR INDEX - ICE FUTURES U.S.,2010-06-29,22235,2998,-1529.0,-85.0,30261,-1792.0,19237,-1444.0
U.S. DOLLAR INDEX - ICE FUTURES U.S.,2010-07-06,21088,4770,-1147.0,1772.0,27998,-2263.0,16318,-2919.0
U.S. DOLLAR INDEX - ICE FUTURES U.S.,2010-07-13,19055,4796,-2033.0,26.0,25589,-2409.0,14259,-2059.0
U.S. DOLLAR INDEX - ICE FUTURES U.S.,2010-07-20,17676,3216,-1379.0,-1580.0,24176,-1413.0,14460,201.0
U.S. DOLLAR INDEX - ICE FUTURES U.S.,2010-07-27,16488,2536,-1188.0,-680.0,22557,-1619.0,13952,-508.0
U.S. DOLLAR INDEX - ICE FUTURES U.S.,2010-08-03,15644,3269,-844.0,733.0,22911,354.0,12375,-1577.0
U.S. DOLLAR INDEX - ICE FUTURES U.S.,2010-08-10,22349,6841,6705.0,3572.0,28784,5873.0,15508,3133.0
U.S. DOLLAR INDEX - ICE FUTURES U.S.,2010-08-17,25561,6814,3212.0,-27.0,31979,3195.0,18747,3239.0
U.S. DOLLAR INDEX - ICE FUTURES U.S.,2010-08-24,21384,5661,-4177.0,-1153.0,28979,-3000.0,15723,-3024.0
U.S. DOLLAR INDEX - ICE FUTURES U.S.,2010-08-31,17193,2220,-4191.0,-3441.0,24350,-4629.0,14973,-750.0
U.S. DOLLAR INDEX - ICE FUTURES U.S.,2010-09-07,17262,2914,69.0,694.0,24239,-111.0,14348,-625.0
U.S. DOLLAR INDEX - ICE FUTURES U.S.,2010-09-14,18174,12447,912.0,9533.0,24885,646.0,5727,-8621.0
U.S. DOLLAR INDEX - ICE FUTURES U.S.,2010-09-21,19860,16223,1686.0,3776.0,28701,3816.0,3637,-2090.0
U.S. DOLLAR INDEX - ICE FUTURES U.S.,2010-09-28,20808,19424,948.0,3201.0,33147,4446.0,1384,-2253.0
U.S. DOLLAR INDEX - ICE FUTURES U.S.,2010-10-05,19129,20709,-1679.0,1285.0,34586,1439.0,-1580,-2964.0
U.S. DOLLAR INDEX - ICE FUTURES U.S.,2010-10-12,19586,21078,457.0,369.0,34984,398.0,-1492,88.0
U.S. DOLLAR INDEX - ICE FUTURES U.S.,2010-10-19,22789,19608,3203.0,-1470.0,37745,2761.0,3181,4673.0
U.S. DOLLAR INDEX - ICE FUTURES U.S.,2010-10-26,24016,18166,1227.0,-1442.0,38585,840.0,5850,2669.0
U.S. DOLLAR INDEX - ICE FUTURES U.S.,2010-11-02,27912,19926,3896.0,1760.0,40266,1681.0,7986,2136.0
U.S. DOLLAR INDEX - ICE FUTURES U.S.,2010-11-09,26124,19809,-1788.0,-117.0,38371,-1895.0,6315,-1671.0
U.S. DOLLAR INDEX - ICE FUTURES U.S.,2010-11-16,21645,10818,-4479.0,-8991.0,32813,-5558.0,10827,4512.0
U.S. DOLLAR INDEX - ICE FUTURES U.S.,2010-11-23,22491,10188,846.0,-630.0,33749,936.0,12303,1476.0
U.S. DOLLAR INDEX - ICE FUTURES U.S.,2010-11-30,20115,9387,-2376.0,-801.0,34435,686.0,10728,-1575.0
U.S. DOLLAR INDEX - ICE FUTURES U.S.,2010-12-07,20044,10584,-71.0,1197.0,35071,636.0,9460,-1268.0
U.S. DOLLAR INDEX - ICE FUTURES U.S.,2010-12-14,16322,11209,-3722.0,625.0,25202,-9869.0,5113,-4347.0
U.S. DOLLAR INDEX - ICE FUTURES U.S.,2010-12-21,15938,11464,-384.0,255.0,27089,1887.0,4474,-639.0
U.S. DOLLAR INDEX - ICE FUTURES U.S.,2010-12-28,16083,11401,145.0,-63.0,26398,-691.0,4682,208.0
U.S. DOLLAR INDEX - ICE FUTURES U.S.,2011-01-04,18606,19874,2523.0,8473.0,27677,1279.0,-1268,-5950.0
U.S. DOLLAR INDEX - ICE FUTURES U.S.,2011-01-11,23937,13880,5331.0,-5994.0,36538,8861.0,10057,11325.0
U.S. DOLLAR INDEX - ICE FUTURES U.S.,2011-01-18,20226,15016,-3711.0,1136.0,33014,-3524.0,5210,-4847.0
U.S. DOLLAR INDEX - ICE FUTURES U.S.,2011-01-25,24258,22834,4032.0,7818.0,39190,6176.0,1424,-3786.0
U.S. DOLLAR INDEX - ICE FUTURES U.S.,2011-02-01,26115,29740,1857.0,6906.0,42472,3282.0,-3625,-5049.0
U.S. DOLLAR INDEX - ICE FUTURES U.S.,2011-02-08,27025,34423,910.0,4683.0,44039,1567.0,-7398,-3773.0
U.S. DOLLAR INDEX - ICE FUTURES U.S.,2011-02-15,24358,30118,-2667.0,-4305.0,40052,-3987.0,-5760,1638.0
U.S. DOLLAR INDEX - ICE FUTURES U.S.,2011-02-22,25404,31428,1046.0,1310.0,40335,283.0,-6024,-264.0
U.S. DOLLAR INDEX - ICE FUTURES U.S.,2011-03-01,29303,36391,3899.0,4963.0,46405,6070.0,-7088,-1064.0
U.S. DOLLAR INDEX - ICE FUTURES U.S.,2011-03-08,33803,40476,4500.0,4085.0,52704,6299.0,-6673,415.0
U.S. DOLLAR INDEX - ICE FUTURES U.S.,2011-03-15,25171,40665,-8632.0,189.0,51147,-1557.0,-15494,-8821.0
U.S. DOLLAR INDEX - ICE FUTURES U.S.,2011-03-22,27308,40917,2137.0,252.0,52822,1675.0,-13609,1885.0
U.S. DOLLAR INDEX - ICE FUTURES U.S.,2011-03-29,27421,41334,113.0,417.0,52915,93.0,-13913,-304.0
U.S. DOLLAR INDEX - ICE FUTURES U.S.,2011-04-05,24351,36050,-3070.0,-5284.0,50309,-2606.0,-11699,2214.0
U.S. DOLLAR INDEX - ICE FUTURES U.S.,2011-04-12,25479,35260,1128.0,-790.0,49843,-466.0,-9781,1918.0
U.S. DOLLAR INDEX - ICE FUTURES U.S.,2011-04-19,22428,32857,-3051.0,-2403.0,50159,316.0,-10429,-648.0
U.S. DOLLAR INDEX - ICE FUTURES U.S.,2011-04-26,25460,33949,3032.0,1092.0,51693,1534.0,-8489,1940.0
U.S. DOLLAR INDEX - ICE FUTURES U.S.,2011-05-03,27607,34723,2147.0,774.0,53901,2208.0,-7116,1373.0
U.S. DOLLAR INDEX - ICE FUTURES U.S.,2011-05-10,25593,30156,-2014.0,-4567.0,52362,-1539.0,-4563,2553.0
U.S. DOLLAR INDEX - ICE FUTURES U.S.,2011-05-17,28169,29439,2576.0,-717.0,55791,3429.0,-1270,3293.0
U.S. DOLLAR INDEX - ICE FUTURES U.S.,2011-05-24,32766,30281,4597.0,842.0,61833,6042.0,2485,3755.0
U.S. DOLLAR INDEX - ICE FUTURES U.S.,2011-05-31,28430,23643,-4336.0,-6638.0,55794,-6039.0,4787,2302.0
U.S. DOLLAR INDEX - ICE FUTURES U.S.,2011-06-07,34021,31937,5591.0,8294.0,62825,7031.0,2084,-2703.0
U.S. DOLLAR INDEX - ICE FUTURES U.S.,2011-06-14,37064,31093,3043.0,-844.0,53773,-9052.0,5971,3887.0
U.S. DOLLAR INDEX - ICE FUTURES U.S.,2011-06-21,31134,26191,-5930.0,-4902.0,46279,-7494.0,4943,-1028.0
U.S. DOLLAR INDEX - ICE FUTURES U.S.,2011-06-28,35543,22811,4409.0,-3380.0,50419,4140.0,12732,7789.0
U.S. DOLLAR INDEX - ICE FUTURES U.S.,2011-07-05,32928,25207,-2615.0,2396.0,47393,-3026.0,7721,-5011.0
U.S. DOLLAR INDEX - ICE FUTURES U.S.,2011-07-12,31861,24271,-1067.0,-936.0,49877,2484.0,7590,-131.0
U.S. DOLLAR INDEX - ICE FUTURES U.S.,2011-07-19,31029,21837,-832.0,-2434.0,46605,-3272.0,9192,1602.0
U.S. DOLLAR INDEX - ICE FUTURES U.S.,2011-07-26,39543,37215,8514.0,15378.0,60863,14258.0,2328,-6864.0
U.S. DOLLAR INDEX - ICE FUTURES U.S.,2011-08-02,36882,36404,-2661.0,-811.0,60529,-334.0,478,-1850.0
U.S. DOLLAR INDEX - ICE FUTURES U.S.,2011-08-09,34161,30860,-2721.0,-5544.0,57347,-3182.0,3301,2823.0
U.S. DOLLAR INDEX - ICE FUTURES U.S.,2011-08-16,29824,31071,-4337.0,211.0,54579,-2768.0,-1247,-4548.0
U.S. DOLLAR INDEX - ICE FUTURES U.S.,2011-08-23,32190,34751,2366.0,3680.0,57901,3322.0,-2561,-1314.0
U.S. DOLLAR INDEX - ICE FUTURES U.S.,2011-08-30,31025,34007,-1165.0,-744.0,55670,-2231.0,-2982,-421.0
U.S. DOLLAR INDEX - ICE FUTURES U.S.,2011-09-06,26202,27933,-4823.0,-6074.0,50566,-5104.0,-1731,1251.0
U.S. DOLLAR INDEX - ICE FUTURES U.S.,2011-09-13,37298,25627,11096.0,-2306.0,62802,12236.0,11671,13402.0
U.S. DOLLAR INDEX - ICE FUTURES U.S.,2011-09-20,44508,10260,7210.0,-15367.0,62452,-350.0,34248,22577.0
U.S. DOLLAR INDEX - ICE FUTURES U.S.,2011-09-27,47409,8989,2901.0,-1271.0,68631,6179.0,38420,4172.0
U.S. DOLLAR INDEX - ICE FUTURES U.S.,2011-10-04,49647,9315,2238.0,326.0,72521,3890.0,40332,1912.0
U.S. DOLLAR INDEX - ICE FUTURES U.S.,2011-10-11,50509,3623,862.0,-5692.0,69667,-2854.0,46886,6554.0
U.S. DOLLAR INDEX - ICE FUTURES U.S.,2011-10-18,47196,5445,-3313.0,1822.0,68006,-1661.0,41751,-5135.0
U.S. DOLLAR INDEX - ICE FUTURES U.S.,2011-10-25,43496,11386,-3700.0,5941.0,63947,-4059.0,32110,-9641.0
U.S. DOLLAR INDEX - ICE FUTURES U.S.,2011-11-01,37775,13952,-5721.0,2566.0,63639,-308.0,23823,-8287.0
U.S. DOLLAR INDEX - ICE FUTURES U.S.,2011-11-08,35277,13274,-2498.0,-678.0,59861,-3778.0,22003,-1820.0
U.S. DOLLAR INDEX - ICE FUTURES U.S.,2011-11-15,32628,10098,-2649.0,-3176.0,57305,-2556.0,22530,527.0
U.S. DOLLAR INDEX - ICE FUTURES U.S.,2011-11-22,31669,6341,-959.0,-3757.0,54442,-2863.0,25328,2798.0
U.S. DOLLAR INDEX - ICE FUTURES U.S.,2011-11-29,38876,8170,7207.0,1829.0,58641,4199.0,30706,5378.0
U.S. DOLLAR INDEX - ICE FUTURES U.S.,2011-12-06,40139,7986,1263.0,-184.0,57372,-1269.0,32153,1447.0
U.S. DOLLAR INDEX - ICE FUTURES U.S.,2011-12-13,46686,11051,6547.0,3065.0,66540,9168.0,35635,3482.0
U.S. DOLLAR INDEX - ICE FUTURES U.S.,2011-12-20,51825,10848,5139.0,-203.0,67062,522.0,40977,5342.0
U.S. DOLLAR INDEX - ICE FUTURES U.S.,2011-12-27,52237,9663,412.0,-1185.0,64646,-2416.0,42574,1597.0
U.S. DOLLAR INDEX - ICE FUTURES U.S.,2012-01-03,50762,8925,-1475.0,-738.0,66053,1407.0,41837,-737.0
U.S. DOLLAR INDEX - ICE FUTURES U.S.,2012-01-10,52644,8057,1882.0,-868.0,69024,2971.0,44587,2750.0
U.S. DOLLAR INDEX - ICE FUTURES U.S.,2012-01-17,51836,7078,-808.0,-979.0,68483,-541.0,44758,171.0
U.S. DOLLAR INDEX - ICE FUTURES U.S.,2012-01-24,50847,3924,-989.0,-3154.0,64148,-4335.0,46923,2165.0
U.S. DOLLAR INDEX - ICE FUTURES U.S.,2012-01-31,42962,4207,-7885.0,283.0,54946,-9202.0,38755,-8168.0
U.S. DOLLAR INDEX - ICE FUTURES U.S.,2012-02-07,39631,6834,-3331.0,2627.0,53362,-1584.0,32797,-5958.0
U.S. DOLLAR INDEX - ICE FUTURES U.S.,2012-02-14,38315,10500,-1316.0,3666.0,51997,-1365.0,27815,-4982.0
U.S. DOLLAR INDEX - ICE FUTURES U.S.,2012-02-21,37611,8599,-704.0,-1901.0,50648,-1349.0,29012,1197.0
U.S. DOLLAR INDEX - ICE FUTURES U.S.,2012-02-28,37415,12022,-196.0,3423.0,48598,-2050.0,25393,-3619.0
U.S. DOLLAR INDEX - ICE FUTURES U.S.,2012-03-06,38397,10681,982.0,-1341.0,52985,4387.0,27716,2323.0
U.S. DOLLAR INDEX - ICE FUTURES U.S.,2012-03-13,46630,12586,8233.0,1905.0,62925,9940.0,34044,6328.0
U.S. DOLLAR INDEX - ICE FUTURES U.S.,2012-03-20,46804,11110,174.0,-1476.0,60548,-2377.0,35694,1650.0
U.S. DOLLAR INDEX - ICE FUTURES U.S.,2012-03-27,39088,9457,-7716.0,-1653.0,51926,-8622.0,29631,-6063.0
U.S. DOLLAR INDEX - ICE FUTURES U.S.,2012-04-03,30027,11454,-9061.0,1997.0,44594,-7332.0,18573,-11058.0
U.S. DOLLAR INDEX - ICE FUTURES U.S.,2012-04-10,32036,13197,2009.0,1743.0,46655,2061.0,18839,266.0
U.S. DOLLAR INDEX - ICE FUTURES U.S.,2012-04-17,30334,12945,-1702.0,-252.0,45759,-896.0,17389,-1450.0
U.S. DOLLAR INDEX - ICE FUTURES U.S.,2012-04-24,26647,10669,-3687.0,-2276.0,43144,-2615.0,15978,-1411.0
U.S. DOLLAR INDEX - ICE FUTURES U.S.,2012-05-01,31374,17996,4727.0,7327.0,45539,2395.0,13378,-2600.0
U.S. DOLLAR INDEX - ICE FUTURES U.S.,2012-05-08,32090,22061,716.0,4065.0,45996,457.0,10029,-3349.0
U.S. DOLLAR INDEX - ICE FUTURES U.S.,2012-05-15,44261,26819,12171.0,4758.0,59379,13383.0,17442,7413.0
U.S. DOLLAR INDEX - ICE FUTURES U.S.,2012-05-22,58795,26008,14534.0,-811.0,74493,15114.0,32787,15345.0
U.S. DOLLAR INDEX - ICE FUTURES U.S.,2012-05-29,60724,19089,1929.0,-6919.0,76744,2251.0,41635,8848.0
U.S. DOLLAR INDEX - ICE FUTURES U.S.,2012-06-05,65872,20072,5148.0,983.0,80104,3360.0,45800,4165.0
U.S. DOLLAR INDEX - ICE FUTURES U.S.,2012-06-12,66685,14064,813.0,-6008.0,81310,1206.0,52621,6821.0
U.S. DOLLAR INDEX - ICE FUTURES U.S.,2012-06-19,58565,7798,-8120.0,-6266.0,69963,-11347.0,50767,-1854.0
U.S. DOLLAR INDEX - ICE FUTURES U.S.,2012-06-26,53518,11493,-5047.0,3695.0,66742,-3221.0,42025,-8742.0
U.S. DOLLAR INDEX - ICE FUTURES U.S.,2012-07-03,50645,12094,-2873.0,601.0,65041,-1701.0,38551,-3474.0
U.S. DOLLAR INDEX - ICE FUTURES U.S.,2012-07-10,51626,8477,981.0,-3617.0,64925,-116.0,43149,4598.0
U.S. DOLLAR INDEX - ICE FUTURES U.S.,2012-07-17,54441,6712,2815.0,-1765.0,68675,3750.0,47729,4580.0
U.S. DOLLAR INDEX - ICE FUTURES U.S.,2012-07-24,55109,7273,668.0,561.0,69554,879.0,47836,107.0
U.S. DOLLAR INDEX - ICE FUTURES U.S.,2012-07-31,49275,7225,-5834.0,-48.0,66186,-3368.0,42050,-5786.0
U.S. DOLLAR INDEX - ICE FUTURES U.S.,2012-08-07,49089,9865,-186.0,2640.0,65933,-253.0,39224,-2826.0
U.S. DOLLAR INDEX - ICE FUTURES U.S.,2012-08-14,46474,8242,-2615.0,-1623.0,62579,-3354.0,38232,-992.0
U.S. DOLLAR INDEX - ICE FUTURES U.S.,2012-08-21,48256,10085,1782.0,1843.0,65398,2819.0,38171,-61.0
U.S. DOLLAR INDEX - ICE FUTURES U.S.,2012-08-28,46494,10176,-1762.0,91.0,64880,-518.0,36318,-1853.0
U.S. DOLLAR INDEX - ICE FUTURES U.S.,2012-09-04,45287,9792,-1207.0,-384.0,65008,128.0,35495,-823.0
U.S. DOLLAR INDEX - ICE FUTURES U.S.,2012-09-11,52773,18138,7486.0,8346.0,72175,7167.0,34635,-860.0
U.S. DOLLAR INDEX - ICE FUTURES U.S.,2012-09-18,28541,23645,-24232.0,5507.0,40481,-31694.0,4896,-29739.0
U.S. DOLLAR INDEX - ICE FUTURES U.S.,2012-09-25,31024,34994,2483.0,11349.0,47992,7511.0,-3970,-8866.0
U.S. DOLLAR INDEX - ICE FUTURES U.S.,2012-10-02,28446,32804,-2578.0,-2190.0,45193,-2799.0,-4358,-388.0
U.S. DOLLAR INDEX - ICE FUTURES U.S.,2012-10-09,25415,31178,-3031.0,-1626.0,42452,-2741.0,-5763,-1405.0
U.S. DOLLAR INDEX - ICE FUTURES U.S.,2012-10-16,28162,33052,2747.0,1874.0,45816,3364.0,-4890,873.0
U.S. DOLLAR INDEX - ICE FUTURES U.S.,2012-10-23,25834,31760,-2328.0,-1292.0,43793,-2023.0,-5926,-1036.0
U.S. DOLLAR INDEX - ICE FUTURES U.S.,2012-10-30,24130,28996,-1704.0,-2764.0,41026,-2767.0,-4866,1060.0
U.S. DOLLAR INDEX - ICE FUTURES U.S.,2012-11-06,27243,25086,3113.0,-3910.0,36758,-4268.0,2157,7023.0
U.S. DOLLAR INDEX - ICE FUTURES U.S.,2012-11-13,27729,21919,486.0,-3167.0,38393,1635.0,5810,3653.0
U.S. DOLLAR INDEX - ICE FUTURES U.S.,2012-11-20,27435,21572,-294.0,-347.0,39211,818.0,5863,53.0
U.S. DOLLAR INDEX - ICE FUTURES U.S.,2012-11-27,24650,17201,-2785.0,-4371.0,35530,-3681.0,7449,1586.0
U.S. DOLLAR INDEX - ICE FUTURES U.S.,2012-12-04,31240,22022,6590.0,4821.0,43191,7661.0,9218,1769.0
U.S. DOLLAR INDEX - ICE FUTURES U.S.,2012-12-11,35658,28558,4418.0,6536.0,48730,5539.0,7100,-2118.0
U.S. DOLLAR INDEX - ICE FUTURES U.S.,2012-12-18,27205,35778,-8453.0,7220.0,43470,-5260.0,-8573,-15673.0
U.S. DOLLAR INDEX - ICE FUTURES U.S.,2012-12-24,23383,36330,-3822.0,552.0,43308,-162.0,-12947,-4374.0
U.S. DOLLAR INDEX - ICE FUTURES U.S.,2012-12-31,23677,33955,294.0,-2375.0,42593,-715.0,-10278,2669.0
U.S. DOLLAR INDEX - ICE FUTURES U.S.,2013-01-08,29404,23267,5727.0,-10688.0,44635,2042.0,6137,16415.0
U.S. DOLLAR INDEX - ICE FUTURES U.S.,2013-01-15,31886,25155,2482.0,1888.0,46567,1932.0,6731,594.0
U.S. DOLLAR INDEX - ICE FUTURES U.S.,2013-01-22,31028,22537,-858.0,-2618.0,42728,-3839.0,8491,1760.0
U.S. DOLLAR INDEX - ICE FUTURES U.S.,2013-01-29,30362,20685,-666.0,-1852.0,43634,906.0,9677,1186.0
U.S. DOLLAR INDEX - ICE FUTURES U.S.,2013-02-05,36900,34198,6538.0,13513.0,55093,11459.0,2702,-6975.0
U.S. DOLLAR INDEX - ICE FUTURES U.S.,2013-02-12,28520,25887,-8380.0,-8311.0,46236,-8857.0,2633,-69.0
U.S. DOLLAR INDEX - ICE FUTURES U.S.,2013-02-19,36057,23901,7537.0,-1986.0,50051,3815.0,12156,9523.0
U.S. DOLLAR INDEX - ICE FUTURES U.S.,2013-02-26,52367,30033,16310.0,6132.0,69583,19532.0,22334,10178.0
U.S. DOLLAR INDEX - ICE FUTURES U.S.,2013-03-05,59929,33940,7562.0,3907.0,78061,8478.0,25989,3655.0
U.S. DOLLAR INDEX - ICE FUTURES U.S.,2013-03-12,61629,29843,1700.0,-4097.0,79948,1887.0,31786,5797.0
U.S. DOLLAR INDEX - ICE FUTURES U.S.,2013-03-19,70051,16133,8422.0,-13710.0,85693,5745.0,53918,22132.0
U.S. DOLLAR INDEX - ICE FUTURES U.S.,2013-03-26,67997,13579,-2054.0,-2554.0,83063,-2630.0,54418,500.0
U.S. DOLLAR INDEX - ICE FUTURES U.S.,2013-04-02,73807,19540,5810.0,5961.0,89895,6832.0,54267,-151.0
U.S. DOLLAR INDEX - ICE FUTURES U.S.,2013-04-09,70002,20501,-3805.0,961.0,87508,-2387.0,49501,-4766.0
U.S. DOLLAR INDEX - ICE FUTURES U.S.,2013-04-16,60259,21866,-9743.0,1365.0,77787,-9721.0,38393,-11108.0
U.S. DOLLAR INDEX - ICE FUTURES U.S.,2013-04-23,59066,20797,-1193.0,-1069.0,78266,479.0,38269,-124.0
U.S. DOLLAR INDEX - ICE FUTURES U.S.,2013-04-30,50628,15264,-8438.0,-5533.0,70776,-7490.0,35364,-2905.0
U.S. DOLLAR INDEX - ICE FUTURES U.S.,2013-05-07,47555,15414,-3073.0,150.0,69141,-1635.0,32141,-3223.0
U.S. DOLLAR INDEX - ICE FUTURES U.S.,2013-05-14,59690,24537,12135.0,9123.0,80067,10926.0,35153,3012.0
U.S. DOLLAR INDEX - ICE FUTURES U.S.,2013-05-21,75673,29812,15983.0,5275.0,94765,14698.0,45861,10708.0
U.S. DOLLAR INDEX - ICE FUTURES U.S.,2013-05-28,72598,26943,-3075.0,-2869.0,92698,-2067.0,45655,-206.0
U.S. DOLLAR INDEX - ICE FUTURES U.S.,2013-06-04,62129,18179,-10469.0,-8764.0,80851,-11847.0,43950,-1705.0
U.S. DOLLAR INDEX - ICE FUTURES U.S.,2013-06-11,57814,14560,-4315.0,-3619.0,79315,-1536.0,43254,-696.0
U.S. DOLLAR INDEX - ICE FUTURES U.S.,2013-06-18,36438,21788,-21376.0,7228.0,51036,-28279.0,14650,-28604.0
U.S. DOLLAR INDEX - ICE FUTURES U.S.,2013-06-25,36658,24377,220.0,2589.0,52740,1704.0,12281,-2369.0
U.S. DOLLAR INDEX - ICE FUTURES U.S.,2013-07-02,39682,24010,3024.0,-367.0,55430,2690.0,15672,3391.0
U.S. DOLLAR INDEX - ICE FUTURES U.S.,2013-07-09,53446,24203,13764.0,193.0,69480,14050.0,29243,13571.0
U.S. DOLLAR INDEX - ICE FUTURES U.S.,2013-07-16,49979,20276,-3467.0,-3927.0,64342,-5138.0,29703,460.0
U.S. DOLLAR INDEX - ICE FUTURES U.S.,2013-07-23,46393,18231,-3586.0,-2045.0,60781,-3561.0,28162,-1541.0
U.S. DOLLAR INDEX - ICE FUTURES U.S.,2013-07-30,45347,20156,-1046.0,1925.0,63511,2730.0,25191,-2971.0
U.S. DOLLAR INDEX - ICE FUTURES U.S.,2013-08-06,49921,24731,4574.0,4575.0,67341,3830.0,25190,-1.0
U.S. DOLLAR INDEX - ICE FUTURES U.S.,2013-08-13,49791,34121,-130.0,9390.0,74194,6853.0,15670,-9520.0
U.S. DOLLAR INDEX - ICE FUTURES U.S.,2013-08-20,50429,38071,638.0,3950.0,75224,1030.0,12358,-3312.0
U.S. DOLLAR INDEX - ICE FUTURES U.S.,2013-08-27,49100,37391,-1329.0,-680.0,73930,-1294.0,11709,-649.0
U.S. DOLLAR INDEX - ICE FUTURES U.S.,2013-09-03,42118,29970,-6982.0,-7421.0,67467,-6463.0,12148,439.0
U.S. DOLLAR INDEX - ICE FUTURES U.S.,2013-09-10,43056,21856,938.0,-8114.0,70651,3184.0,21200,9052.0
U.S. DOLLAR INDEX - ICE FUTURES U.S.,2013-09-17,44826,22928,1770.0,1072.0,68238,-2413.0,21898,698.0
U.S. DOLLAR INDEX - ICE FUTURES U.S.,2013-09-24,37862,33813,-6964.0,10885.0,53075,-15163.0,4049,-17849.0
U.S. DOLLAR INDEX - ICE FUTURES U.S.,2013-10-01,36795,34610,-1067.0,797.0,53794,719.0,2185,-1864.0
U.S. DOLLAR INDEX - ICE FUTURES U.S.,2013-10-08,40103,40260,3308.0,5650.0,59355,5561.0,-157,-2342.0
U.S. DOLLAR INDEX - ICE FUTURES U.S.,2013-10-15,33958,32638,-6145.0,-7622.0,50217,-9138.0,1320,1477.0
U.S. DOLLAR INDEX - ICE FUTURES U.S.,2013-10-22,38918,35918,4960.0,3280.0,54206,3989.0,3000,1680.0
U.S. DOLLAR INDEX - ICE FUTURES U.S.,2013-10-29,36593,34969,-2325.0,-949.0,51946,-2260.0,1624,-1376.0
U.S. DOLLAR INDEX - ICE FUTURES U.S.,2013-11-05,32241,24312,-4352.0,-10657.0,43806,-8140.0,7929,6305.0
U.S. DOLLAR INDEX - ICE FUTURES U.S.,2013-11-12,30278,16030,-1963.0,-8282.0,41351,-2455.0,14248,6319.0
U.S. DOLLAR INDEX - ICE FUTURES U.S.,2013-11-19,31688,16590,1410.0,560.0,43239,1888.0,15098,850.0
U.S. DOLLAR INDEX - ICE FUTURES U.S.,2013-11-26,31678,15701,-10.0,-889.0,42877,-362.0,15977,879.0
U.S. DOLLAR INDEX - ICE FUTURES U.S.,2013-12-03,31815,20252,137.0,4551.0,46173,3296.0,11563,-4414.0
U.S. DOLLAR INDEX - ICE FUTURES U.S.,2013-12-10,34708,27527,2893.0,7275.0,49070,2897.0,7181,-4382.0
U.S. DOLLAR INDEX - ICE FUTURES U.S.,2013-12-17,25727,31555,-8981.0,4028.0,39322,-9748.0,-5828,-13009.0
U.S. DOLLAR INDEX - ICE FUTURES U.S.,2013-12-24,28425,32770,2698.0,1215.0,43607,4285.0,-4345,1483.0
U.S. DOLLAR INDEX - ICE FUTURES U.S.,2013-12-31,27644,31592,-781.0,-1178.0,43644,37.0,-3948,397.0
U.S. DOLLAR INDEX - ICE FUTURES U.S.,2014-01-07,29161,31525,1517.0,-67.0,46642,2998.0,-2364,1584.0
U.S. DOLLAR INDEX - ICE FUTURES U.S.,2014-01-14,27607,23768,-1554.0,-7757.0,42927,-3715.0,3839,6203.0
U.S. DOLLAR INDEX - ICE FUTURES U.S.,2014-01-21,32336,28095,4729.0,4327.0,49768,6841.0,4241,402.0
U.S. DOLLAR INDEX - ICE FUTURES U.S.,2014-01-28,32594,28604,258.0,509.0,48844,-924.0,3990,-251.0
U.S. DOLLAR INDEX - ICE FUTURES U.S.,2014-02-04,31164,26075,-1430.0,-2529.0,47614,-1230.0,5089,1099.0
U.S. DOLLAR INDEX - ICE FUTURES U.S.,2014-02-11,30980,24362,-184.0,-1713.0,47189,-425.0,6618,1529.0
U.S. DOLLAR INDEX - ICE FUTURES U.S.,2014-02-18,32461,29843,1481.0,5481.0,49629,2440.0,2618,-4000.0
U.S. DOLLAR INDEX - ICE FUTURES U.S.,2014-02-25,32921,32940,460.0,3097.0,49811,182.0,-19,-2637.0
U.S. DOLLAR INDEX - ICE FUTURES U.S.,2014-03-04,34864,35345,1943.0,2405.0,52552,2741.0,-481,-462.0
U.S. DOLLAR INDEX - ICE FUTURES U.S.,2014-03-11,41083,41261,6219.0,5916.0,58004,5452.0,-178,303.0
U.S. DOLLAR INDEX - ICE FUTURES U.S.,2014-03-18,31687,43857,-9396.0,2596.0,51698,-6306.0,-12170,-11992.0
U.S. DOLLAR INDEX - ICE FUTURES U.S.,2014-03-25,31654,42597,-33.0,-1260.0,50393,-1305.0,-10943,1227.0
U.S. DOLLAR INDEX - ICE FUTURES U.S.,2014-04-01,32765,42818,1111.0,221.0,52151,1758.0,-10053,890.0
U.S. DOLLAR INDEX - ICE FUTURES U.S.,2014-04-08,33471,32882,706.0,-9936.0,50988,-1163.0,589,10642.0
U.S. DOLLAR INDEX - ICE FUTURES U.S.,2014-04-15,36724,37258,3253.0,4376.0,52388,1400.0,-534,-1123.0
U.S. DOLLAR INDEX - ICE FUTURES U.S.,2014-04-22,34026,35645,-2698.0,-1613.0,50260,-2128.0,-1619,-1085.0
U.S. DOLLAR INDEX - ICE FUTURES U.S.,2014-04-29,36651,36987,2625.0,1342.0,52985,2725.0,-336,1283.0
U.S. DOLLAR INDEX - ICE FUTURES U.S.,2014-05-06,41459,43156,4808.0,6169.0,59850,6865.0,-1697,-1361.0
U.S. DOLLAR INDEX - ICE FUTURES U.S.,2014-05-13,34719,35054,-6740.0,-8102.0,50532,-9318.0,-335,1362.0
U.S. DOLLAR INDEX - ICE FUTURES U.S.,2014-05-20,32292,32609,-2427.0,-2445.0,47494,-3038.0,-317,18.0
U.S. DOLLAR INDEX - ICE FUTURES U.S.,2014-05-27,33442,34126,1150.0,1517.0,49243,1749.0,-684,-367.0
U.S. DOLLAR INDEX - ICE FUTURES U.S.,2014-06-03,37663,37369,4221.0,3243.0,54011,4768.0,294,978.0
U.S. DOLLAR INDEX - ICE FUTURES U.S.,2014-06-10,36218,36256,-1445.0,-1113.0,53957,-54.0,-38,-332.0
U.S. DOLLAR INDEX - ICE FUTURES U.S.,2014-06-17,42883,21361,6665.0,-14895.0,55245,1288.0,21522,21560.0
U.S. DOLLAR INDEX - ICE FUTURES U.S.,2014-06-24,44700,23005,1817.0,1644.0,58484,3239.0,21695,173.0
U.S. DOLLAR INDEX - ICE FUTURES U.S.,2014-07-01,43256,23199,-1444.0,194.0,58275,-209.0,20057,-1638.0
U.S. DOLLAR INDEX - ICE FUTURES U.S.,2014-07-08,38732,19030,-4524.0,-4169.0,54011,-4264.0,19702,-355.0
U.S. DOLLAR INDEX - ICE FUTURES U.S.,2014-07-15,37482,19810,-1250.0,780.0,53919,-92.0,17672,-2030.0
U.S. DOLLAR INDEX - ICE FUTURES U.S.,2014-07-22,41404,22783,3922.0,2973.0,57646,3727.0,18621,949.0
U.S. DOLLAR INDEX - ICE FUTURES U.S.,2014-07-29,55881,36470,14477.0,13687.0,74037,16391.0,19411,790.0
U.S. DOLLAR INDEX - ICE FUTURES U.S.,2014-08-05,63727,40075,7846.0,3605.0,82000,7963.0,23652,4241.0
U.S. DOLLAR INDEX - ICE FUTURES U.S.,2014-08-12,64323,41139,596.0,1064.0,84214,2214.0,23184,-468.0
U.S. DOLLAR INDEX - ICE FUTURES U.S.,2014-08-19,70323,43136,6000.0,1997.0,89417,5203.0,27187,4003.0
U.S. DOLLAR INDEX - ICE FUTURES U.S.,2014-08-26,72561,43720,2238.0,584.0,90807,1390.0,28841,1654.0
U.S. DOLLAR INDEX - ICE FUTURES U.S.,2014-09-02,69905,40754,-2656.0,-2966.0,87783,-3024.0,29151,310.0
U.S. DOLLAR INDEX - ICE FUTURES U.S.,2014-09-09,72225,39730,2320.0,-1024.0,89540,1757.0,32495,3344.0
U.S. DOLLAR INDEX - ICE FUTURES U.S.,2014-09-16,73991,20628,1766.0,-19102.0,90930,1390.0,53363,20868.0
U.S. DOLLAR INDEX - ICE FUTURES U.S.,2014-09-23,75950,18960,1959.0,-1668.0,93016,2086.0,56990,3627.0
U.S. DOLLAR INDEX - ICE FUTURES U.S.,2014-09-30,77468,21073,1518.0,2113.0,95588,2572.0,56395,-595.0
U.S. DOLLAR INDEX - ICE FUTURES U.S.,2014-10-07,73699,24022,-3769.0,2949.0,94286,-1302.0,49677,-6718.0
U.S. DOLLAR INDEX - ICE FUTURES U.S.,2014-10-14,71364,22398,-2335.0,-1624.0,92018,-2268.0,48966,-711.0
U.S. DOLLAR INDEX - ICE FUTURES U.S.,2014-10-21,62624,12398,-8740.0,-10000.0,80315,-11703.0,50226,1260.0
U.S. DOLLAR INDEX - ICE FUTURES U.S.,2014-10-28,62564,12258,-60.0,-140.0,79369,-946.0,50306,80.0
U.S. DOLLAR INDEX - ICE FUTURES U.S.,2014-11-04,72823,30058,10259.0,17800.0,92157,12788.0,42765,-7541.0
U.S. DOLLAR INDEX - ICE FUTURES U.S.,2014-11-11,70464,28839,-2359.0,-1219.0,95206,3049.0,41625,-1140.0
U.S. DOLLAR INDEX - ICE FUTURES U.S.,2014-11-18,67878,28522,-2586.0,-317.0,90731,-4475.0,39356,-2269.0
U.S. DOLLAR INDEX - ICE FUTURES U.S.,2014-11-25,71881,33414,4003.0,4892.0,98005,7274.0,38467,-889.0
U.S. DOLLAR INDEX - ICE FUTURES U.S.,2014-12-02,70833,34678,-1048.0,1264.0,97454,-551.0,36155,-2312.0
U.S. DOLLAR INDEX - ICE FUTURES U.S.,2014-12-09,67363,30957,-3470.0,-3721.0,94289,-3165.0,36406,251.0
U.S. DOLLAR INDEX - ICE FUTURES U.S.,2014-12-16,61628,29664,-5735.0,-1293.0,87377,-6912.0,31964,-4442.0
U.S. DOLLAR INDEX - ICE FUTURES U.S.,2014-12-23,69542,21610,7914.0,-8054.0,94321,6944.0,47932,15968.0
U.S. DOLLAR INDEX - ICE FUTURES U.S.,2014-12-30,81570,32737,12028.0,11127.0,106538,12217.0,48833,901.0
U.S. DOLLAR INDEX - ICE FUTURES U.S.,2015-01-06,97113,27327,15543.0,-5410.0,126083,19545.0,69786,20953.0
U.S. DOLLAR INDEX - ICE FUTURES U.S.,2015-01-13,94682,22722,-2431.0,-4605.0,127504,1421.0,71960,2174.0
U.S. DOLLAR INDEX - ICE FUTURES U.S.,2015-01-20,97140,23972,2458.0,1250.0,130077,2573.0,73168,1208.0
U.S. DOLLAR INDEX - ICE FUTURES U.S.,2015-01-27,92250,21577,-4890.0,-2395.0,129495,-582.0,70673,-2495.0
U.S. DOLLAR INDEX - ICE FUTURES U.S.,2015-02-03,88135,16529,-4115.0,-5048.0,125025,-4470.0,71606,933.0
U.S. DOLLAR INDEX - ICE FUTURES U.S.,2015-02-10,78694,9756,-9441.0,-6773.0,114816,-10209.0,68938,-2668.0
U.S. DOLLAR INDEX - ICE FUTURES U.S.,2015-02-17,76679,10617,-2015.0,861.0,115630,814.0,66062,-2876.0
U.S. DOLLAR INDEX - ICE FUTURES U.S.,2015-02-24,81571,13414,4892.0,2797.0,118929,3299.0,68157,2095.0
U.S. DOLLAR INDEX - ICE FUTURES U.S.,2015-03-03,85713,18495,4142.0,5081.0,123981,5052.0,67218,-939.0
U.S. DOLLAR INDEX - ICE FUTURES U.S.,2015-03-10,97139,15869,11426.0,-2626.0,148486,24505.0,81270,14052.0
U.S. DOLLAR INDEX - ICE FUTURES U.S.,2015-03-17,96554,16828,-585.0,959.0,132548,-15938.0,79726,-1544.0
U.S. DOLLAR INDEX - ICE FUTURES U.S.,2015-03-24,83434,12207,-13120.0,-4621.0,116148,-16400.0,71227,-8499.0
U.S. DOLLAR INDEX - ICE FUTURES U.S.,2015-03-31,87260,14117,3826.0,1910.0,118796,2648.0,73143,1916.0
U.S. DOLLAR INDEX - ICE FUTURES U.S.,2015-04-07,83404,10598,-3856.0,-3519.0,113690,-5106.0,72806,-337.0
U.S. DOLLAR INDEX - ICE FUTURES U.S.,2015-04-14,90489,14082,7085.0,3484.0,119021,5331.0,76407,3601.0
U.S. DOLLAR INDEX - ICE FUTURES U.S.,2015-04-21,85893,14172,-4596.0,90.0,115918,-3103.0,71721,-4686.0
U.S. DOLLAR INDEX - ICE FUTURES U.S.,2015-04-28,78124,13540,-7769.0,-632.0,112648,-3270.0,64584,-7137.0
U.S. DOLLAR INDEX - ICE FUTURES U.S.,2015-05-05,72708,13781,-5416.0,241.0,102100,-10548.0,58927,-5657.0
U.S. DOLLAR INDEX - ICE FUTURES U.S.,2015-05-12,67303,11967,-5405.0,-1814.0,99697,-2403.0,55336,-3591.0
U.S. DOLLAR INDEX - ICE FUTURES U.S.,2015-05-19,64375,10892,-2928.0,-1075.0,98050,-1647.0,53483,-1853.0
U.S. DOLLAR INDEX - ICE FUTURES U.S.,2015-05-26,69694,17398,5319.0,6506.0,103211,5161.0,52296,-1187.0
U.S. DOLLAR INDEX - ICE FUTURES U.S.,2015-06-02,72455,12733,2761.0,-4665.0,102174,-1037.0,59722,7426.0
U.S. DOLLAR INDEX - ICE FUTURES U.S.,2015-06-09,73453,10576,998.0,-2157.0,105463,3289.0,62877,3155.0
U.S. DOLLAR INDEX - ICE FUTURES U.S.,2015-06-16,63980,10560,-9473.0,-16.0,86281,-19182.0,53420,-9457.0
U.S. DOLLAR INDEX - ICE FUTURES U.S.,2015-06-23,63696,11351,-284.0,791.0,85932,-349.0,52345,-1075.0
U.S. DOLLAR INDEX - ICE FUTURES U.S.,2015-06-30,59112,7716,-4584.0,-3635.0,83260,-2672.0,51396,-949.0
U.S. DOLLAR INDEX - ICE FUTURES U.S.,2015-07-07,64474,5036,5362.0,-2680.0,89292,6032.0,59438,8042.0
U.S. DOLLAR INDEX - ICE FUTURES U.S.,2015-07-14,63866,5156,-608.0,120.0,88719,-573.0,58710,-728.0
U.S. DOLLAR INDEX - ICE FUTURES U.S.,2015-07-21,70947,8678,7081.0,3522.0,98609,9890.0,62269,3559.0
U.S. DOLLAR INDEX - ICE FUTURES U.S.,2015-07-28,69770,8593,-1177.0,-85.0,96069,-2540.0,61177,-1092.0
U.S. DOLLAR INDEX - ICE FUTURES U.S.,2015-08-04,72616,7444,2846.0,-1149.0,100515,4446.0,65172,3995.0
U.S. DOLLAR INDEX - ICE FUTURES U.S.,2015-08-11,71911,6319,-705.0,-1125.0,101605,1090.0,65592,420.0
U.S. DOLLAR INDEX - ICE FUTURES U.S.,2015-08-18,74212,11266,2301.0,4947.0,104952,3347.0,62946,-2646.0
U.S. DOLLAR INDEX - ICE FUTURES U.S.,2015-08-25,67446,15206,-6766.0,3940.0,100933,-4019.0,52240,-10706.0
U.S. DOLLAR INDEX - ICE FUTURES U.S.,2015-09-01,60763,9568,-6683.0,-5638.0,100231,-702.0,51195,-1045.0
U.S. DOLLAR INDEX - ICE FUTURES U.S.,2015-09-08,63250,9851,2487.0,283.0,94284,-5947.0,53399,2204.0
U.S. DOLLAR INDEX - ICE FUTURES U.S.,2015-09-15,49861,10107,-13389.0,256.0,65291,-28993.0,39754,-13645.0
U.S. DOLLAR INDEX - ICE FUTURES U.S.,2015-09-22,51474,10686,1613.0,579.0,68333,3042.0,40788,1034.0
U.S. DOLLAR INDEX - ICE FUTURES U.S.,2015-09-29,54504,8803,3030.0,-1883.0,71478,3145.0,45701,4913.0
U.S. DOLLAR INDEX - ICE FUTURES U.S.,2015-10-06,54656,8665,152.0,-138.0,70957,-521.0,45991,290.0
U.S. DOLLAR INDEX - ICE FUTURES U.S.,2015-10-13,49049,10174,-5607.0,1509.0,72734,1777.0,38875,-7116.0
U.S. DOLLAR INDEX - ICE FUTURES U.S.,2015-10-20,47578,19375,-1471.0,9201.0,81495,8761.0,28203,-10672.0
U.S. DOLLAR INDEX - ICE FUTURES U.S.,2015-10-27,49047,14356,1469.0,-5019.0,75389,-6106.0,34691,6488.0
U.S. DOLLAR INDEX - ICE FUTURES U.S.,2015-11-03,53003,13077,3956.0,-1279.0,76816,1427.0,39926,5235.0
U.S. DOLLAR INDEX - ICE FUTURES U.S.,2015-11-10,61394,17610,8391.0,4533.0,84478,7662.0,43784,3858.0
U.S. DOLLAR INDEX - ICE FUTURES U.S.,2015-11-17,65696,19169,4302.0,1559.0,89992,5514.0,46527,2743.0
U.S. DOLLAR INDEX - ICE FUTURES U.S.,2015-11-24,64881,18735,-815.0,-434.0,91193,1201.0,46146,-381.0
U.S. DOLLAR INDEX - ICE FUTURES U.S.,2015-12-01,66376,19039,1495.0,304.0,95037,3844.0,47337,1191.0
U.S. DOLLAR INDEX - ICE FUTURES U.S.,2015-12-08,68328,17300,1952.0,-1739.0,96798,1761.0,51028,3691.0
U.S. DOLLAR INDEX - ICE FUTURES U.S.,2015-12-15,52945,16043,-15383.0,-1257.0,71495,-25303.0,36902,-14126.0
U.S. DOLLAR INDEX - ICE FUTURES U.S.,2015-12-22,47926,14519,-5019.0,-1524.0,65071,-6424.0,33407,-3495.0
U.S. DOLLAR INDEX - ICE FUTURES U.S.,2015-12-29,47235,13620,-691.0,-899.0,64418,-653.0,33615,208.0
U.S. DOLLAR INDEX - ICE FUTURES U.S.,2016-01-05,53591,12882,6356.0,-738.0,74475,10057.0,40709,7094.0
U.S. DOLLAR INDEX - ICE FUTURES U.S.,2016-01-12,53224,10505,-367.0,-2377.0,73868,-607.0,42719,2010.0
U.S. DOLLAR INDEX - ICE FUTURES U.S.,2016-01-19,55084,12309,1860.0,1804.0,76206,2338.0,42775,56.0
U.S. DOLLAR INDEX - ICE FUTURES U.S.,2016-01-26,54688,10463,-396.0,-1846.0,75839,-367.0,44225,1450.0
U.S. DOLLAR INDEX - ICE FUTURES U.S.,2016-02-02,54787,9915,99.0,-548.0,76120,281.0,44872,647.0
U.S. DOLLAR INDEX - ICE FUTURES U.S.,2016-02-09,50735,15722,-4052.0,5807.0,75853,-267.0,35013,-9859.0
U.S. DOLLAR INDEX - ICE FUTURES U.S.,2016-02-16,46770,15428,-3965.0,-294.0,69926,-5927.0,31342,-3671.0
U.S. DOLLAR INDEX - ICE FUTURES U.S.,2016-02-23,45107,15682,-1663.0,254.0,69258,-668.0,29425,-1917.0
U.S. DOLLAR INDEX - ICE FUTURES U.S.,2016-03-01,41571,14786,-3536.0,-896.0,64297,-4961.0,26785,-2640.0
U.S. DOLLAR INDEX - ICE FUTURES U.S.,2016-03-08,40447,14069,-1124.0,-717.0,63702,-595.0,26378,-407.0
U.S. DOLLAR INDEX - ICE FUTURES U.S.,2016-03-15,33578,16067,-6869.0,1998.0,49684,-14018.0,17511,-8867.0
U.S. DOLLAR INDEX - ICE FUTURES U.S.,2016-03-22,35761,18087,2183.0,2020.0,52614,2930.0,17674,163.0
U.S. DOLLAR INDEX - ICE FUTURES U.S.,2016-03-29,37537,19787,1776.0,1700.0,53669,1055.0,17750,76.0
U.S. DOLLAR INDEX - ICE FUTURES U.S.,2016-04-05,40039,22724,2502.0,2937.0,56323,2654.0,17315,-435.0
U.S. DOLLAR INDEX - ICE FUTURES U.S.,2016-04-12,39571,25722,-468.0,2998.0,59054,2731.0,13849,-3466.0
U.S. DOLLAR INDEX - ICE FUTURES U.S.,2016-04-19,42058,28609,2487.0,2887.0,62494,3440.0,13449,-400.0
U.S. DOLLAR INDEX - ICE FUTURES U.S.,2016-04-26,40524,29194,-1534.0,585.0,64034,1540.0,11330,-2119.0
U.S. DOLLAR INDEX - ICE FUTURES U.S.,2016-05-03,44378,35204,3854.0,6010.0,71528,7494.0,9174,-2156.0
U.S. DOLLAR INDEX - ICE FUTURES U.S.,2016-05-10,42834,30717,-1544.0,-4487.0,67841,-3687.0,12117,2943.0
U.S. DOLLAR INDEX - ICE FUTURES U.S.,2016-05-17,38926,28480,-3908.0,-2237.0,65412,-2429.0,10446,-1671.0
U.S. DOLLAR INDEX - ICE FUTURES U.S.,2016-05-24,34618,23440,-4308.0,-5040.0,61266,-4146.0,11178,732.0
U.S. DOLLAR INDEX - ICE FUTURES U.S.,2016-05-31,34099,24193,-519.0,753.0,62195,929.0,9906,-1272.0
U.S. DOLLAR INDEX - ICE FUTURES U.S.,2016-06-07,37987,28188,3888.0,3995.0,70139,7944.0,9799,-107.0
U.S. DOLLAR INDEX - ICE FUTURES U.S.,2016-06-14,32024,27332,-5963.0,-856.0,50315,-19824.0,4692,-5107.0
U.S. DOLLAR INDEX - ICE FUTURES U.S.,2016-06-21,34097,24725,2073.0,-2607.0,50649,334.0,9372,4680.0
U.S. DOLLAR INDEX - ICE FUTURES U.S.,2016-06-28,31058,18879,-3039.0,-5846.0,47703,-2946.0,12179,2807.0
U.S. DOLLAR INDEX - ICE FUTURES U.S.,2016-07-05,32442,20163,1384.0,1284.0,51060,3357.0,12279,100.0
U.S. DOLLAR INDEX - ICE FUTURES U.S.,2016-07-12,33104,19120,662.0,-1043.0,52678,1618.0,13984,1705.0
U.S. DOLLAR INDEX - ICE FUTURES U.S.,2016-07-19,35300,20774,2196.0,1654.0,56826,4148.0,14526,542.0
U.S. DOLLAR INDEX - ICE FUTURES U.S.,2016-07-26,41251,18772,5951.0,-2002.0,63131,6305.0,22479,7953.0
U.S. DOLLAR INDEX - ICE FUTURES U.S.,2016-08-02,32200,14483,-9051.0,-4289.0,54870,-8261.0,17717,-4762.0
U.S. DOLLAR INDEX - ICE FUTURES U.S.,2016-08-09,32499,16730,299.0,2247.0,56359,1489.0,15769,-1948.0
U.S. DOLLAR INDEX - ICE FUTURES U.S.,2016-08-16,35849,19378,3350.0,2648.0,57759,1400.0,16471,702.0
U.S. DOLLAR INDEX - ICE FUTURES U.S.,2016-08-23,33766,17798,-2083.0,-1580.0,57651,-108.0,15968,-503.0
U.S. DOLLAR INDEX - ICE FUTURES U.S.,2016-08-30,30121,15155,-3645.0,-2643.0,55341,-2310.0,14966,-1002.0
U.S. DOLLAR INDEX - ICE FUTURES U.S.,2016-09-06,33728,16767,3607.0,1612.0,58169,2828.0,16961,1995.0
U.S. DOLLAR INDEX - ICE FUTURES U.S.,2016-09-13,34343,17269,615.0,502.0,55501,-2668.0,17074,113.0
U.S. DOLLAR INDEX - ICE FUTURES U.S.,2016-09-20,30268,15868,-4075.0,-1401.0,47964,-7537.0,14400,-2674.0
U.S. DOLLAR INDEX - ICE FUTURES U.S.,2016-09-27,31260,19055,992.0,3187.0,50534,2570.0,12205,-2195.0
U.S. DOLLAR INDEX - ICE FUTURES U.S.,2016-10-04,34210,22110,2950.0,3055.0,53795,3261.0,12100,-105.0
U.S. DOLLAR INDEX - ICE FUTURES U.S.,2016-10-11,50990,17441,16780.0,-4669.0,69769,15974.0,33549,21449.0
U.S. DOLLAR INDEX - ICE FUTURES U.S.,2016-10-18,60566,15144,9576.0,-2297.0,79933,10164.0,45422,11873.0
U.S. DOLLAR INDEX - ICE FUTURES U.S.,2016-10-25,67984,13994,7418.0,-1150.0,86683,6750.0,53990,8568.0
U.S. DOLLAR INDEX - ICE FUTURES U.S.,2016-11-01,67181,12851,-803.0,-1143.0,85739,-944.0,54330,340.0
U.S. DOLLAR INDEX - ICE FUTURES U.S.,2016-11-08,65523,13227,-1658.0,376.0,85931,192.0,52296,-2034.0
U.S. DOLLAR INDEX - ICE FUTURES U.S.,2016-11-15,60750,12322,-4773.0,-905.0,81170,-4761.0,48428,-3868.0
U.S. DOLLAR INDEX - ICE FUTURES U.S.,2016-11-22,72226,19037,11476.0,6715.0,93965,12795.0,53189,4761.0
U.S. DOLLAR INDEX - ICE FUTURES U.S.,2016-11-29,68042,14639,-4184.0,-4398.0,92156,-1809.0,53403,214.0
U.S. DOLLAR INDEX - ICE FUTURES U.S.,2016-12-06,66444,11842,-1598.0,-2797.0,93311,1155.0,54602,1199.0
U.S. DOLLAR INDEX - ICE FUTURES U.S.,2016-12-13,70157,13445,3713.0,1603.0,96087,2776.0,56712,2110.0
U.S. DOLLAR INDEX - ICE FUTURES U.S.,2016-12-20,63443,11076,-6714.0,-2369.0,84233,-11854.0,52367,-4345.0
U.S. DOLLAR INDEX - ICE FUTURES U.S.,2016-12-27,65725,13081,2282.0,2005.0,87191,2958.0,52644,277.0
U.S. DOLLAR INDEX - ICE FUTURES U.S.,2017-01-03,64538,10267,-1187.0,-2814.0,84941,-2250.0,54271,1627.0
U.S. DOLLAR INDEX - ICE FUTURES U.S.,2017-01-10,61218,8090,-3320.0,-2177.0,80618,-4323.0,53128,-1143.0
U.S. DOLLAR INDEX - ICE FUTURES U.S.,2017-01-17,57589,8467,-3629.0,377.0,77719,-2899.0,49122,-4006.0
U.S. DOLLAR INDEX - ICE FUTURES U.S.,2017-01-24,55098,6676,-2491.0,-1791.0,74838,-2881.0,48422,-700.0
U.S. DOLLAR INDEX - ICE FUTURES U.S.,2017-01-31,54801,8229,-297.0,1553.0,75601,763.0,46572,-1850.0
U.S. DOLLAR INDEX - ICE FUTURES U.S.,2017-02-07,54335,7602,-466.0,-627.0,73975,-1626.0,46733,161.0
U.S. DOLLAR INDEX - ICE FUTURES U.S.,2017-02-14,53115,7254,-1220.0,-348.0,74210,235.0,45861,-872.0
U.S. DOLLAR INDEX - ICE FUTURES U.S.,2017-02-21,52656,6842,-459.0,-412.0,74802,592.0,45814,-47.0
U.S. DOLLAR INDEX - ICE FUTURES U.S.,2017-02-28,52631,7821,-25.0,979.0,74909,107.0,44810,-1004.0
U.S. DOLLAR INDEX - ICE FUTURES U.S.,2017-03-07,57540,6489,4909.0,-1332.0,83511,8602.0,51051,6241.0
U.S. DOLLAR INDEX - ICE FUTURES U.S.,2017-03-14,54704,6961,-2836.0,472.0,74452,-9059.0,47743,-3308.0
U.S. DOLLAR INDEX - ICE FUTURES U.S.,2017-03-21,52787,6522,-1917.0,-439.0,72753,-1699.0,46265,-1478.0
U.S. DOLLAR INDEX - ICE FUTURES U.S.,2017-03-28,52912,8636,125.0,2114.0,74650,1897.0,44276,-1989.0
U.S. DOLLAR INDEX - ICE FUTURES U.S.,2017-04-04,48816,5857,-4096.0,-2779.0,69339,-5311.0,42959,-1317.0
U.S. DOLLAR INDEX - ICE FUTURES U.S.,2017-04-11,49095,4760,279.0,-1097.0,71495,2156.0,44335,1376.0
U.S. DOLLAR INDEX - ICE FUTURES U.S.,2017-04-18,46766,3329,-2329.0,-1431.0,66658,-4837.0,43437,-898.0
U.S. DOLLAR INDEX - ICE FUTURES U.S.,2017-04-25,49577,6036,2811.0,2707.0,70209,3551.0,43541,104.0
U.S. DOLLAR INDEX - ICE FUTURES U.S.,2017-05-02,50457,10437,880.0,4401.0,73868,3659.0,40020,-3521.0
U.S. DOLLAR INDEX - ICE FUTURES U.S.,2017-05-09,48718,12969,-1739.0,2532.0,74804,936.0,35749,-4271.0
U.S. DOLLAR INDEX - ICE FUTURES U.S.,2017-05-16,51495,17220,2777.0,4251.0,78050,3246.0,34275,-1474.0
U.S. DOLLAR INDEX - ICE FUTURES U.S.,2017-05-23,54832,23508,3337.0,6288.0,85136,7086.0,31324,-2951.0
U.S. DOLLAR INDEX - ICE FUTURES U.S.,2017-05-30,51405,23700,-3427.0,192.0,84839,-297.0,27705,-3619.0
U.S. DOLLAR INDEX - ICE FUTURES U.S.,2017-06-06,53866,25644,2461.0,1944.0,87243,2404.0,28222,517.0
U.S. DOLLAR INDEX - ICE FUTURES U.S.,2017-06-13,51901,23876,-1965.0,-1768.0,84987,-2256.0,28025,-197.0
U.S. DOLLAR INDEX - ICE FUTURES U.S.,2017-06-20,28313,22693,-23588.0,-1183.0,46708,-38279.0,5620,-22405.0
U.S. DOLLAR INDEX - ICE FUTURES U.S.,2017-06-27,27957,22499,-356.0,-194.0,48135,1427.0,5458,-162.0
U.S. DOLLAR INDEX - ICE FUTURES U.S.,2017-07-03,30078,24242,2121.0,1743.0,50721,2586.0,5836,378.0
U.S. DOLLAR INDEX - ICE FUTURES U.S.,2017-07-11,29628,27288,-450.0,3046.0,53048,2327.0,2340,-3496.0
U.S. DOLLAR INDEX - ICE FUTURES U.S.,2017-07-18,28513,26461,-1115.0,-827.0,53086,38.0,2052,-288.0
U.S. DOLLAR INDEX - ICE FUTURES U.S.,2017-07-25,25829,28334,-2684.0,1873.0,49984,-3102.0,-2505,-4557.0
U.S. DOLLAR INDEX - ICE FUTURES U.S.,2017-08-01,27331,28898,1502.0,564.0,51424,1440.0,-1567,938.0
U.S. DOLLAR INDEX - ICE FUTURES U.S.,2017-08-08,27332,30016,1.0,1118.0,52748,1324.0,-2684,-1117.0
U.S. DOLLAR INDEX - ICE FUTURES U.S.,2017-08-15,26652,28776,-680.0,-1240.0,51263,-1485.0,-2124,560.0
U.S. DOLLAR INDEX - ICE FUTURES U.S.,2017-08-22,27328,28764,676.0,-12.0,52379,1116.0,-1436,688.0
U.S. DOLLAR INDEX - ICE FUTURES U.S.,2017-08-29,31351,34405,4023.0,5641.0,58082,5703.0,-3054,-1618.0
U.S. DOLLAR INDEX - ICE FUTURES U.S.,2017-09-05,26830,30774,-4521.0,-3631.0,55828,-2254.0,-3944,-890.0
U.S. DOLLAR INDEX - ICE FUTURES U.S.,2017-09-12,29161,31352,2331.0,578.0,55883,55.0,-2191,1753.0
U.S. DOLLAR INDEX - ICE FUTURES U.S.,2017-09-19,26833,33046,-2328.0,1694.0,42287,-13596.0,-6213,-4022.0
U.S. DOLLAR INDEX - ICE FUTURES U.S.,2017-09-26,29288,35891,2455.0,2845.0,45590,3303.0,-6603,-390.0
U.S. DOLLAR INDEX - ICE FUTURES U.S.,2017-10-03,31209,34478,1921.0,-1413.0,47920,2330.0,-3269,3334.0
U.S. DOLLAR INDEX - ICE FUTURES U.S.,2017-10-10,29204,32875,-2005.0,-1603.0,45773,-2147.0,-3671,-402.0
U.S. DOLLAR INDEX - ICE FUTURES U.S.,2017-10-17,28420,33127,-784.0,252.0,46646,873.0,-4707,-1036.0
U.S. DOLLAR INDEX - ICE FUTURES U.S.,2017-10-24,32463,36664,4043.0,3537.0,51132,4486.0,-4201,506.0
U.S. DOLLAR INDEX - ICE FUTURES U.S.,2017-10-31,30077,30897,-2386.0,-5767.0,49228,-1904.0,-820,3381.0
U.S. DOLLAR INDEX - ICE FUTURES U.S.,2017-11-07,31599,31374,1522.0,477.0,52065,2837.0,225,1045.0
U.S. DOLLAR INDEX - ICE FUTURES U.S.,2017-11-14,27241,29992,-4358.0,-1382.0,46491,-5574.0,-2751,-2976.0
U.S. DOLLAR INDEX - ICE FUTURES U.S.,2017-11-21,22064,28631,-5177.0,-1361.0,40200,-6291.0,-6567,-3816.0
U.S. DOLLAR INDEX - ICE FUTURES U.S.,2017-11-28,24788,35397,2724.0,6766.0,43517,3317.0,-10609,-4042.0
U.S. DOLLAR INDEX - ICE FUTURES U.S.,2017-12-05,24369,32845,-419.0,-2552.0,45289,1772.0,-8476,2133.0
U.S. DOLLAR INDEX - ICE FUTURES U.S.,2017-12-12,24845,30530,476.0,-2315.0,43885,-1404.0,-5685,2791.0
U.S. DOLLAR INDEX - ICE FUTURES U.S.,2017-12-19,26355,22487,1510.0,-8043.0,40944,-2941.0,3868,9553.0
U.S. DOLLAR INDEX - ICE FUTURES U.S.,2017-12-26,28751,26293,2396.0,3806.0,44142,3198.0,2458,-1410.0
U.S. DOLLAR INDEX - ICE FUTURES U.S.,2018-01-02,34204,32045,5453.0,5752.0,52638,8496.0,2159,-299.0
U.S. DOLLAR INDEX - ICE FUTURES U.S.,2018-01-09,33449,32623,-755.0,578.0,51377,-1261.0,826,-1333.0
U.S. DOLLAR INDEX - ICE FUTURES U.S.,2018-01-16,34090,35363,641.0,2740.0,51436,59.0,-1273,-2099.0
U.S. DOLLAR INDEX - ICE FUTURES U.S.,2018-01-23,31170,35343,-2920.0,-20.0,49114,-2322.0,-4173,-2900.0
U.S. DOLLAR INDEX - ICE FUTURES U.S.,2018-01-30,28953,34740,-2217.0,-603.0,47086,-2028.0,-5787,-1614.0
U.S. DOLLAR INDEX - ICE FUTURES U.S.,2018-02-06,27554,31132,-1399.0,-3608.0,43794,-3292.0,-3578,2209.0
U.S. DOLLAR INDEX - ICE FUTURES U.S.,2018-02-13,24117,26970,-3437.0,-4162.0,40422,-3372.0,-2853,725.0
U.S. DOLLAR INDEX - ICE FUTURES U.S.,2018-02-20,23765,25802,-352.0,-1168.0,39428,-994.0,-2037,816.0
U.S. DOLLAR INDEX - ICE FUTURES U.S.,2018-02-27,22735,24823,-1030.0,-979.0,37902,-1526.0,-2088,-51.0
U.S. DOLLAR INDEX - ICE FUTURES U.S.,2018-03-06,24345,24466,1610.0,-357.0,37639,-263.0,-121,1967.0
U.S. DOLLAR INDEX - ICE FUTURES U.S.,2018-03-13,22492,21645,-1853.0,-2821.0,35920,-1719.0,847,968.0
U.S. DOLLAR INDEX - ICE FUTURES U.S.,2018-03-20,20950,21014,-1542.0,-631.0,29866,-6054.0,-64,-911.0
U.S. DOLLAR INDEX - ICE FUTURES U.S.,2018-03-27,24264,26024,3314.0,5010.0,35691,5825.0,-1760,-1696.0
U.S. DOLLAR INDEX - ICE FUTURES U.S.,2018-04-03,21990,23175,-2274.0,-2849.0,31226,-4465.0,-1185,575.0
U.S. DOLLAR INDEX - ICE FUTURES U.S.,2018-04-10,23544,25349,1554.0,2174.0,33497,2271.0,-1805,-620.0
U.S. DOLLAR INDEX - ICE FUTURES U.S.,2018-04-17,23278,25693,-266.0,344.0,34609,1112.0,-2415,-610.0
U.S. DOLLAR INDEX - ICE FUTURES U.S.,2018-04-24,21914,23695,-1364.0,-1998.0,32114,-2495.0,-1781,634.0
U.S. DOLLAR INDEX - ICE FUTURES U.S.,2018-05-01,24780,26514,2866.0,2819.0,35440,3326.0,-1734,47.0
U.S. DOLLAR INDEX - ICE FUTURES U.S.,2018-05-08,26058,26607,1278.0,93.0,37324,1884.0,-549,1185.0
U.S. DOLLAR INDEX - ICE FUTURES U.S.,2018-05-15,28694,28676,2636.0,2069.0,40239,2915.0,18,567.0
U.S. DOLLAR INDEX - ICE FUTURES U.S.,2018-05-22,30411,27825,1717.0,-851.0,42065,1826.0,2586,2568.0
U.S. DOLLAR INDEX - ICE FUTURES U.S.,2018-05-29,34414,30490,4003.0,2665.0,45941,3876.0,3924,1338.0
U.S. DOLLAR INDEX - ICE FUTURES U.S.,2018-06-05,33841,29427,-573.0,-1063.0,44949,-992.0,4414,490.0
U.S. DOLLAR INDEX - ICE FUTURES U.S.,2018-06-12,35074,30411,1233.0,984.0,49907,4958.0,4663,249.0
U.S. DOLLAR INDEX - ICE FUTURES U.S.,2018-06-19,37341,19269,2267.0,-11142.0,46993,-2914.0,18072,13409.0
U.S. DOLLAR INDEX - ICE FUTURES U.S.,2018-06-26,37927,19701,586.0,432.0,47596,603.0,18226,154.0
U.S. DOLLAR INDEX - ICE FUTURES U.S.,2018-07-03,40326,21654,2399.0,1953.0,49741,2145.0,18672,446.0
U.S. DOLLAR INDEX - ICE FUTURES U.S.,2018-07-10,37670,18985,-2656.0,-2669.0,47798,-1943.0,18685,13.0
U.S. DOLLAR INDEX - ICE FUTURES U.S.,2018-07-17,39314,20390,1644.0,1405.0,49216,1418.0,18924,239.0
U.S. DOLLAR INDEX - ICE FUTURES U.S.,2018-07-24,41132,15861,1818.0,-4529.0,52289,3073.0,25271,6347.0
U.S. DOLLAR INDEX - ICE FUTURES U.S.,2018-07-31,40760,12304,-372.0,-3557.0,53060,771.0,28456,3185.0
U.S. DOLLAR INDEX - ICE FUTURES U.S.,2018-08-07,41799,11697,1039.0,-607.0,53915,855.0,30102,1646.0
U.S. DOLLAR INDEX - ICE FUTURES U.S.,2018-08-14,45660,13627,3861.0,1930.0,57088,3173.0,32033,1931.0
U.S. DOLLAR INDEX - ICE FUTURES U.S.,2018-08-21,45042,10920,-618.0,-2707.0,55935,-1153.0,34122,2089.0
U.S. DOLLAR INDEX - ICE FUTURES U.S.,2018-08-28,41659,7088,-3383.0,-3832.0,52802,-3133.0,34571,449.0
U.S. DOLLAR INDEX - ICE FUTURES U.S.,2018-09-04,43987,10501,2328.0,3413.0,55783,2981.0,33486,-1085.0
U.S. DOLLAR INDEX - ICE FUTURES U.S.,2018-09-11,44223,9728,236.0,-773.0,58932,3149.0,34495,1009.0
U.S. DOLLAR INDEX - ICE FUTURES U.S.,2018-09-18,47280,9824,3057.0,96.0,56908,-2024.0,37456,2961.0
U.S. DOLLAR INDEX - ICE FUTURES U.S.,2018-09-25,43449,6440,-3831.0,-3384.0,52751,-4157.0,37009,-447.0
U.S. DOLLAR INDEX - ICE FUTURES U.S.,2018-10-02,43552,6516,103.0,76.0,53364,613.0,37036,27.0
U.S. DOLLAR INDEX - ICE FUTURES U.S.,2018-10-09,48465,10756,4913.0,4240.0,58150,4786.0,37709,673.0
U.S. DOLLAR INDEX - ICE FUTURES U.S.,2018-10-16,45830,7954,-2635.0,-2802.0,54917,-3233.0,37876,167.0
U.S. DOLLAR INDEX - ICE FUTURES U.S.,2018-10-23,48819,10791,2989.0,2837.0,59274,4357.0,38028,152.0
U.S. DOLLAR INDEX - ICE FUTURES U.S.,2018-10-30,49859,10336,1040.0,-455.0,60318,1044.0,39523,1495.0
U.S. DOLLAR INDEX - ICE FUTURES U.S.,2018-11-06,48295,8013,-1564.0,-2323.0,57888,-2430.0,40282,759.0
U.S. DOLLAR INDEX - ICE FUTURES U.S.,2018-11-13,48448,7935,153.0,-78.0,58329,441.0,40513,231.0
U.S. DOLLAR INDEX - ICE FUTURES U.S.,2018-11-20,45738,6398,-2710.0,-1537.0,57264,-1065.0,39340,-1173.0
U.S. DOLLAR INDEX - ICE FUTURES U.S.,2018-11-27,46349,7042,611.0,644.0,57063,-201.0,39307,-33.0
U.S. DOLLAR INDEX - ICE FUTURES U.S.,2018-12-04,45353,6904,-996.0,-138.0,56729,-334.0,38449,-858.0
U.S. DOLLAR INDEX - ICE FUTURES U.S.,2018-12-11,46660,8538,1307.0,1634.0,64006,7277.0,38122,-327.0
U.S. DOLLAR INDEX - ICE FUTURES U.S.,2018-12-18,43298,7249,-3362.0,-1289.0,50790,-13216.0,36049,-2073.0
U.S. DOLLAR INDEX - ICE FUTURES U.S.,2018-12-24,40353,7368,-2945.0,119.0,50245,-545.0,32985,-3064.0
U.S. DOLLAR INDEX - ICE FUTURES U.S.,2018-12-31,41729,9346,1376.0,1978.0,52699,2454.0,32383,-602.0
U.S. DOLLAR INDEX - ICE FUTURES U.S.,2019-01-08,49072,15871,7343.0,6525.0,60955,8256.0,33201,818.0
U.S. DOLLAR INDEX - ICE FUTURES U.S.,2019-01-15,50572,16031,1500.0,160.0,61790,835.0,34541,1340.0
U.S. DOLLAR INDEX - ICE FUTURES U.S.,2019-01-22,48913,15357,-1659.0,-674.0,59999,-1791.0,33556,-985.0
U.S. DOLLAR INDEX - ICE FUTURES U.S.,2019-01-29,48325,17311,-588.0,1954.0,60968,969.0,31014,-2542.0
U.S. DOLLAR INDEX - ICE FUTURES U.S.,2019-02-05,45640,14862,-2685.0,-2449.0,57842,-3126.0,30778,-236.0
U.S. DOLLAR INDEX - ICE FUTURES U.S.,2019-02-12,46646,13361,1006.0,-1501.0,56543,-1299.0,33285,2507.0
U.S. DOLLAR INDEX - ICE FUTURES U.S.,2019-02-19,48544,15705,1898.0,2344.0,59109,2566.0,32839,-446.0
U.S. DOLLAR INDEX - ICE FUTURES U.S.,2019-02-26,48597,16684,53.0,979.0,64599,5490.0,31913,-926.0
U.S. DOLLAR INDEX - ICE FUTURES U.S.,2019-03-05,41672,7958,-6925.0,-8726.0,54897,-9702.0,33714,1801.0
U.S. DOLLAR INDEX - ICE FUTURES U.S.,2019-03-12,45030,9956,3358.0,1998.0,60235,5338.0,35074,1360.0
U.S. DOLLAR INDEX - ICE FUTURES U.S.,2019-03-19,38607,12672,-6423.0,2716.0,44215,-16020.0,25935,-9139.0
U.S. DOLLAR INDEX - ICE FUTURES U.S.,2019-03-26,36943,11658,-1664.0,-1014.0,42802,-1413.0,25285,-650.0
U.S. DOLLAR INDEX - ICE FUTURES U.S.,2019-04-02,44774,15926,7831.0,4268.0,50702,7900.0,28848,3563.0
U.S. DOLLAR INDEX - ICE FUTURES U.S.,2019-04-09,44569,15123,-205.0,-803.0,50845,143.0,29446,598.0
U.S. DOLLAR INDEX - ICE FUTURES U.S.,2019-04-16,43126,14188,-1443.0,-935.0,49887,-958.0,28938,-508.0
U.S. DOLLAR INDEX - ICE FUTURES U.S.,2019-04-23,49172,20417,6046.0,6229.0,56644,6757.0,28755,-183.0
U.S. DOLLAR INDEX - ICE FUTURES U.S.,2019-04-30,51212,22263,2040.0,1846.0,58985,2341.0,28949,194.0
U.S. DOLLAR INDEX - ICE FUTURES U.S.,2019-05-07,46902,18669,-4310.0,-3594.0,54810,-4175.0,28233,-716.0
U.S. DOLLAR INDEX - ICE FUTURES U.S.,2019-05-14,40211,13534,-6691.0,-5135.0,48083,-6727.0,26677,-1556.0
U.S. DOLLAR INDEX - ICE FUTURES U.S.,2019-05-21,43400,16688,3189.0,3154.0,51830,3747.0,26712,35.0
U.S. DOLLAR INDEX - ICE FUTURES U.S.,2019-05-28,41919,14821,-1481.0,-1867.0,50088,-1742.0,27098,386.0
U.S. DOLLAR INDEX - ICE FUTURES U.S.,2019-06-04,39348,13114,-2571.0,-1707.0,46897,-3191.0,26234,-864.0
U.S. DOLLAR INDEX - ICE FUTURES U.S.,2019-06-11,36885,12896,-2463.0,-218.0,49167,2270.0,23989,-2245.0
U.S. DOLLAR INDEX - ICE FUTURES U.S.,2019-06-18,40319,11770,3434.0,-1126.0,47012,-2155.0,28549,4560.0
U.S. DOLLAR INDEX - ICE FUTURES U.S.,2019-06-25,34327,11961,-5992.0,191.0,45093,-1919.0,22366,-6183.0
U.S. DOLLAR INDEX - ICE FUTURES U.S.,2019-07-02,33497,11080,-830.0,-881.0,42805,-2288.0,22417,51.0
U.S. DOLLAR INDEX - ICE FUTURES U.S.,2019-07-09,36479,9423,2982.0,-1657.0,41935,-870.0,27056,4639.0
U.S. DOLLAR INDEX - ICE FUTURES U.S.,2019-07-16,36452,9120,-27.0,-303.0,42480,545.0,27332,276.0
U.S. DOLLAR INDEX - ICE FUTURES U.S.,2019-07-23,42218,13090,5766.0,3970.0,48047,5567.0,29128,1796.0
U.S. DOLLAR INDEX - ICE FUTURES U.S.,2019-07-30,49305,19022,7087.0,5932.0,55829,7782.0,30283,1155.0
U.S. DOLLAR INDEX - ICE FUTURES U.S.,2019-08-06,49331,18002,26.0,-1020.0,55694,-135.0,31329,1046.0
U.S. DOLLAR INDEX - ICE FUTURES U.S.,2019-08-13,47874,18032,-1457.0,30.0,55000,-694.0,29842,-1487.0
U.S. DOLLAR INDEX - ICE FUTURES U.S.,2019-08-20,49063,19564,1189.0,1532.0,56089,1089.0,29499,-343.0
U.S. DOLLAR INDEX - ICE FUTURES U.S.,2019-08-27,48102,18205,-961.0,-1359.0,55277,-812.0,29897,398.0
U.S. DOLLAR INDEX - ICE FUTURES U.S.,2019-09-03,54410,22674,6308.0,4469.0,62314,7037.0,31736,1839.0
U.S. DOLLAR INDEX - ICE FUTURES U.S.,2019-09-10,49483,17451,-4927.0,-5223.0,64908,2594.0,32032,296.0
U.S. DOLLAR INDEX - ICE FUTURES U.S.,2019-09-17,49626,7852,143.0,-9599.0,55837,-9071.0,41774,9742.0
U.S. DOLLAR INDEX - ICE FUTURES U.S.,2019-09-24,50313,8374,687.0,522.0,57183,1346.0,41939,165.0
U.S. DOLLAR INDEX - ICE FUTURES U.S.,2019-10-01,52568,9540,2255.0,1166.0,59045,1862.0,43028,1089.0
U.S. DOLLAR INDEX - ICE FUTURES U.S.,2019-10-08,48977,9118,-3591.0,-422.0,58016,-1029.0,39859,-3169.0
U.S. DOLLAR INDEX - ICE FUTURES U.S.,2019-10-15,44288,6852,-4689.0,-2266.0,54820,-3196.0,37436,-2423.0
U.S. DOLLAR INDEX - ICE FUTURES U.S.,2019-10-22,40833,9623,-3455.0,2771.0,53860,-960.0,31210,-6226.0
U.S. DOLLAR INDEX - ICE FUTURES U.S.,2019-10-29,37183,7674,-3650.0,-1949.0,49700,-4160.0,29509,-1701.0
U.S. DOLLAR INDEX - ICE FUTURES U.S.,2019-11-05,34983,6604,-2200.0,-1070.0,47015,-2685.0,28379,-1130.0
U.S. DOLLAR INDEX - ICE FUTURES U.S.,2019-11-12,33917,6133,-1066.0,-471.0,46188,-827.0,27784,-595.0
U.S. DOLLAR INDEX - ICE FUTURES U.S.,2019-11-19,31509,6884,-2408.0,751.0,45288,-900.0,24625,-3159.0
U.S. DOLLAR INDEX - ICE FUTURES U.S.,2019-11-26,29233,5095,-2276.0,-1789.0,42191,-3097.0,24138,-487.0
U.S. DOLLAR INDEX - ICE FUTURES U.S.,2019-12-03,31182,7305,1949.0,2210.0,44997,2806.0,23877,-261.0
U.S. DOLLAR INDEX - ICE FUTURES U.S.,2019-12-10,30754,8493,-428.0,1188.0,47127,2130.0,22261,-1616.0
U.S. DOLLAR INDEX - ICE FUTURES U.S.,2019-12-17,23048,11352,-7706.0,2859.0,32897,-14230.0,11696,-10565.0
U.S. DOLLAR INDEX - ICE FUTURES U.S.,2019-12-24,24038,10807,990.0,-545.0,32976,79.0,13231,1535.0
U.S. DOLLAR INDEX - ICE FUTURES U.S.,2019-12-31,24945,12891,907.0,2084.0,35967,2991.0,12054,-1177.0
U.S. DOLLAR INDEX - ICE FUTURES U.S.,2020-01-07,23825,11357,-1120.0,-1534.0,35179,-788.0,12468,414.0
U.S. DOLLAR INDEX - ICE FUTURES U.S.,2020-01-14,25590,12327,1765.0,970.0,36189,1010.0,13263,795.0
U.S. DOLLAR INDEX - ICE FUTURES U.S.,2020-01-21,25334,12394,-256.0,67.0,35878,-311.0,12940,-323.0
U.S. DOLLAR INDEX - ICE FUTURES U.S.,2020-01-28,28316,11883,2982.0,-511.0,36000,122.0,16433,3493.0
U.S. DOLLAR INDEX - ICE FUTURES U.S.,2020-02-04,29964,12831,1648.0,948.0,36874,874.0,17133,700.0
U.S. DOLLAR INDEX - ICE FUTURES U.S.,2020-02-11,41714,22228,11750.0,9397.0,49634,12760.0,19486,2353.0
U.S. DOLLAR INDEX - ICE FUTURES U.S.,2020-02-18,40400,16172,-1314.0,-6056.0,48471,-1163.0,24228,4742.0
U.S. DOLLAR INDEX - ICE FUTURES U.S.,2020-02-25,39762,14685,-638.0,-1487.0,47885,-586.0,25077,849.0
U.S. DOLLAR INDEX - ICE FUTURES U.S.,2020-03-03,31882,9394,-7880.0,-5291.0,39782,-8103.0,22488,-2589.0
U.S. DOLLAR INDEX - ICE FUTURES U.S.,2020-03-10,25602,13190,-6280.0,3796.0,44951,5169.0,12412,-10076.0
U.S. DOLLAR INDEX - ICE FUTURES U.S.,2020-03-17,19542,12390,-6060.0,-800.0,25322,-19629.0,7152,-5260.0
U.S. DOLLAR INDEX - ICE FUTURES U.S.,2020-03-24,22456,9936,2914.0,-2454.0,28338,3016.0,12520,5368.0
U.S. DOLLAR INDEX - ICE FUTURES U.S.,2020-03-31,22952,8887,496.0,-1049.0,28972,634.0,14065,1545.0
U.S. DOLLAR INDEX - ICE FUTURES U.S.,2020-04-07,22818,7794,-134.0,-1093.0,28696,-276.0,15024,959.0
U.S. DOLLAR INDEX - ICE FUTURES U.S.,2020-04-14,23862,8505,1044.0,711.0,29664,968.0,15357,333.0
U.S. DOLLAR INDEX - ICE FUTURES U.S.,2020-04-21,24844,9228,982.0,723.0,31390,1726.0,15616,259.0
U.S. DOLLAR INDEX - ICE FUTURES U.S.,2020-04-28,26269,10181,1425.0,953.0,32622,1232.0,16088,472.0
U.S. DOLLAR INDEX - ICE FUTURES U.S.,2020-05-05,24713,8288,-1556.0,-1893.0,31555,-1067.0,16425,337.0
U.S. DOLLAR INDEX - ICE FUTURES U.S.,2020-05-12,23956,7506,-757.0,-782.0,31123,-432.0,16450,25.0
U.S. DOLLAR INDEX - ICE FUTURES U.S.,2020-05-19,24515,7218,559.0,-288.0,31477,354.0,17297,847.0
U.S. DOLLAR INDEX - ICE FUTURES U.S.,2020-05-26,21039,6240,-3476.0,-978.0,28298,-3179.0,14799,-2498.0
U.S. DOLLAR INDEX - ICE FUTURES U.S.,2020-06-02,17877,9619,-3162.0,3379.0,26006,-2292.0,8258,-6541.0
U.S. DOLLAR INDEX - ICE FUTURES U.S.,2020-06-09,20876,16187,2999.0,6568.0,33934,7928.0,4689,-3569.0
U.S. DOLLAR INDEX - ICE FUTURES U.S.,2020-06-16,10796,16140,-10080.0,-47.0,19869,-14065.0,-5344,-10033.0
U.S. DOLLAR INDEX - ICE FUTURES U.S.,2020-06-23,11653,16967,857.0,827.0,21601,1732.0,-5314,30.0
U.S. DOLLAR INDEX - ICE FUTURES U.S.,2020-06-30,9812,14787,-1841.0,-2180.0,19441,-2160.0,-4975,339.0
U.S. DOLLAR INDEX - ICE FUTURES U.S.,2020-07-07,12136,17075,2324.0,2288.0,22869,3428.0,-4939,36.0
U.S. DOLLAR INDEX - ICE FUTURES U.S.,2020-07-14,12123,17162,-13.0,87.0,23499,630.0,-5039,-100.0
U.S. DOLLAR INDEX - ICE FUTURES U.S.,2020-07-21,18979,24772,6856.0,7610.0,31404,7905.0,-5793,-754.0
U.S. DOLLAR INDEX - ICE FUTURES U.S.,2020-07-28,22835,29562,3856.0,4790.0,37312,5908.0,-6727,-934.0
U.S. DOLLAR INDEX - ICE FUTURES U.S.,2020-08-04,20402,26877,-2433.0,-2685.0,35497,-1815.0,-6475,252.0
U.S. DOLLAR INDEX - ICE FUTURES U.S.,2020-08-11,18250,26432,-2152.0,-445.0,34460,-1037.0,-8182,-1707.0
U.S. DOLLAR INDEX - ICE FUTURES U.S.,2020-08-18,18587,26102,337.0,-330.0,34896,436.0,-7515,667.0
U.S. DOLLAR INDEX - ICE FUTURES U.S.,2020-08-25,13582,21355,-5005.0,-4747.0,30716,-4180.0,-7773,-258.0
U.S. DOLLAR INDEX - ICE FUTURES U.S.,2020-09-01,14348,21094,766.0,-261.0,30358,-358.0,-6746,1027.0
U.S. DOLLAR INDEX - ICE FUTURES U.S.,2020-09-08,13453,19211,-895.0,-1883.0,29776,-582.0,-5758,988.0
U.S. DOLLAR INDEX - ICE FUTURES U.S.,2020-09-15,13356,21596,-97.0,2385.0,28493,-1283.0,-8240,-2482.0
U.S. DOLLAR INDEX - ICE FUTURES U.S.,2020-09-22,11932,21078,-1424.0,-518.0,28767,274.0,-9146,-906.0
U.S. DOLLAR INDEX - ICE FUTURES U.S.,2020-09-29,14840,20395,2908.0,-683.0,28616,-151.0,-5555,3591.0
U.S. DOLLAR INDEX - ICE FUTURES U.S.,2020-10-06,18509,21543,3669.0,1148.0,31448,2832.0,-3034,2521.0
U.S. DOLLAR INDEX - ICE FUTURES U.S.,2020-10-13,20110,19673,1601.0,-1870.0,29233,-2215.0,437,3471.0
U.S. DOLLAR INDEX - ICE FUTURES U.S.,2020-10-20,18068,19734,-2042.0,61.0,29349,116.0,-1666,-2103.0
U.S. DOLLAR INDEX - ICE FUTURES U.S.,2020-10-27,18755,20009,687.0,275.0,29623,274.0,-1254,412.0
U.S. DOLLAR INDEX - ICE FUTURES U.S.,2020-11-03,17426,16685,-1329.0,-3324.0,26661,-2962.0,741,1995.0
U.S. DOLLAR INDEX - ICE FUTURES U.S.,2020-11-10,18603,19731,1177.0,3046.0,29066,2405.0,-1128,-1869.0
U.S. DOLLAR INDEX - ICE FUTURES U.S.,2020-11-17,19540,20514,937.0,783.0,29413,347.0,-974,154.0
U.S. DOLLAR INDEX - ICE FUTURES U.S.,2020-11-24,19647,22401,107.0,1887.0,31913,2500.0,-2754,-1780.0
U.S. DOLLAR INDEX - ICE FUTURES U.S.,2020-12-01,23708,26783,4061.0,4382.0,37196,5283.0,-3075,-321.0
U.S. DOLLAR INDEX - ICE FUTURES U.S.,2020-12-08,23208,29694,-500.0,2911.0,48516,11320.0,-6486,-3411.0
U.S. DOLLAR INDEX - ICE FUTURES U.S.,2020-12-15,14709,28765,-8499.0,-929.0,35894,-12622.0,-14056,-7570.0
U.S. DOLLAR INDEX - ICE FUTURES U.S.,2020-12-21,13504,28379,-1205.0,-386.0,34751,-1143.0,-14875,-819.0
U.S. DOLLAR INDEX - ICE FUTURES U.S.,2020-12-29,14610,29167,1106.0,788.0,35978,1227.0,-14557,318.0
U.S. DOLLAR INDEX - ICE FUTURES U.S.,2021-01-05,14889,29841,279.0,674.0,37569,1591.0,-14952,-395.0
U.S. DOLLAR INDEX - ICE FUTURES U.S.,2021-01-12,13948,27855,-941.0,-1986.0,34855,-2714.0,-13907,1045.0
U.S. DOLLAR INDEX - ICE FUTURES U.S.,2021-01-19,15440,29717,1492.0,1862.0,36065,1210.0,-14277,-370.0
U.S. DOLLAR INDEX - ICE FUTURES U.S.,2021-01-26,15369,30088,-71.0,371.0,37137,1072.0,-14719,-442.0
U.S. DOLLAR INDEX - ICE FUTURES U.S.,2021-02-02,15980,30810,611.0,722.0,36894,-243.0,-14830,-111.0
U.S. DOLLAR INDEX - ICE FUTURES U.S.,2021-02-09,15939,29814,-41.0,-996.0,36189,-705.0,-13875,955.0
U.S. DOLLAR INDEX - ICE FUTURES U.S.,2021-02-16,15842,30129,-97.0,315.0,35968,-221.0,-14287,-412.0
U.S. DOLLAR INDEX - ICE FUTURES U.S.,2021-02-23,17592,31443,1750.0,1314.0,41377,5409.0,-13851,436.0
U.S. DOLLAR INDEX - ICE FUTURES U.S.,2021-03-02,20767,30870,3175.0,-573.0,37546,-3831.0,-10103,3748.0
U.S. DOLLAR INDEX - ICE FUTURES U.S.,2021-03-09,23759,32646,2992.0,1776.0,41300,3754.0,-8887,1216.0
U.S. DOLLAR INDEX - ICE FUTURES U.S.,2021-03-16,26575,20738,2816.0,-11908.0,35368,-5932.0,5837,14724.0
U.S. DOLLAR INDEX - ICE FUTURES U.S.,2021-03-23,27846,22463,1271.0,1725.0,36732,1364.0,5383,-454.0
U.S. DOLLAR INDEX - ICE FUTURES U.S.,2021-03-30,30513,24787,2667.0,2324.0,40306,3574.0,5726,343.0
U.S. DOLLAR INDEX - ICE FUTURES U.S.,2021-04-06,27706,23257,-2807.0,-1530.0,39111,-1195.0,4449,-1277.0
U.S. DOLLAR INDEX - ICE FUTURES U.S.,2021-04-13,26679,20726,-1027.0,-2531.0,39165,54.0,5953,1504.0
U.S. DOLLAR INDEX - ICE FUTURES U.S.,2021-04-20,24707,21189,-1972.0,463.0,36777,-2388.0,3518,-2435.0
U.S. DOLLAR INDEX - ICE FUTURES U.S.,2021-04-27,23852,21106,-855.0,-83.0,36598,-179.0,2746,-772.0
U.S. DOLLAR INDEX - ICE FUTURES U.S.,2021-05-04,22016,19961,-1836.0,-1145.0,34179,-2419.0,2055,-691.0
U.S. DOLLAR INDEX - ICE FUTURES U.S.,2021-05-11,27111,24688,5095.0,4727.0,41836,7657.0,2423,368.0
U.S. DOLLAR INDEX - ICE FUTURES U.S.,2021-05-18,27138,24454,27.0,-234.0,42995,1159.0,2684,261.0
U.S. DOLLAR INDEX - ICE FUTURES U.S.,2021-05-25,27488,24708,350.0,254.0,43043,48.0,2780,96.0
U.S. DOLLAR INDEX - ICE FUTURES U.S.,2021-06-01,30212,27249,2724.0,2541.0,48045,5002.0,2963,183.0
U.S. DOLLAR INDEX - ICE FUTURES U.S.,2021-06-08,31891,30140,1679.0,2891.0,49573,1528.0,1751,-1212.0
U.S. DOLLAR INDEX - ICE FUTURES U.S.,2021-06-15,25618,27921,-6273.0,-2219.0,37453,-12120.0,-2303,-4054.0
U.S. DOLLAR INDEX - ICE FUTURES U.S.,2021-06-22,24504,25014,-1114.0,-2907.0,34629,-2824.0,-510,1793.0
U.S. DOLLAR INDEX - ICE FUTURES U.S.,2021-06-29,25133,25581,629.0,567.0,34924,295.0,-448,62.0
U.S. DOLLAR INDEX - ICE FUTURES U.S.,2021-07-06,27442,19873,2309.0,-5708.0,37205,2281.0,7569,8017.0
U.S. DOLLAR INDEX - ICE FUTURES U.S.,2021-07-13,27502,16245,60.0,-3628.0,37890,685.0,11257,3688.0
U.S. DOLLAR INDEX - ICE FUTURES U.S.,2021-07-20,28782,16594,1280.0,349.0,38918,1028.0,12188,931.0
U.S. DOLLAR INDEX - ICE FUTURES U.S.,2021-07-27,31758,15217,2976.0,-1377.0,43059,4141.0,16541,4353.0
U.S. DOLLAR INDEX - ICE FUTURES U.S.,2021-08-03,33461,14580,1703.0,-637.0,43131,72.0,18881,2340.0
U.S. DOLLAR INDEX - ICE FUTURES U.S.,2021-08-10,35975,16649,2514.0,2069.0,45126,1995.0,19326,445.0
U.S. DOLLAR INDEX - ICE FUTURES U.S.,2021-08-17,35460,16249,-515.0,-400.0,46576,1450.0,19211,-115.0
U.S. DOLLAR INDEX - ICE FUTURES U.S.,2021-08-24,36611,16249,1151.0,0.0,48509,1933.0,20362,1151.0
U.S. DOLLAR INDEX - ICE FUTURES U.S.,2021-08-31,35902,15212,-709.0,-1037.0,48837,328.0,20690,328.0
U.S. DOLLAR INDEX - ICE FUTURES U.S.,2021-09-07,33099,11634,-2803.0,-3578.0,46368,-2469.0,21465,775.0
U.S. DOLLAR INDEX - ICE FUTURES U.S.,2021-09-14,34805,10532,1706.0,-1102.0,44386,-1982.0,24273,2808.0
U.S. DOLLAR INDEX - ICE FUTURES U.S.,2021-09-21,36883,11783,2078.0,1251.0,45934,1548.0,25100,827.0
U.S. DOLLAR INDEX - ICE FUTURES U.S.,2021-09-28,45054,18593,8171.0,6810.0,55330,9396.0,26461,1361.0
U.S. DOLLAR INDEX - ICE FUTURES U.S.,2021-10-05,44715,12689,-339.0,-5904.0,57194,1864.0,32026,5565.0
U.S. DOLLAR INDEX - ICE FUTURES U.S.,2021-10-12,49394,14332,4679.0,1643.0,62836,5642.0,35062,3036.0
U.S. DOLLAR INDEX - ICE FUTURES U.S.,2021-10-19,47568,11634,-1826.0,-2698.0,60731,-2105.0,35934,872.0
U.S. DOLLAR INDEX - ICE FUTURES U.S.,2021-10-26,45189,10732,-2379.0,-902.0,58993,-1738.0,34457,-1477.0
U.S. DOLLAR INDEX - ICE FUTURES U.S.,2021-11-02,45395,10413,206.0,-319.0,57947,-1046.0,34982,525.0
U.S. DOLLAR INDEX - ICE FUTURES U.S.,2021-11-09,46521,11073,1126.0,660.0,57713,-234.0,35448,466.0
U.S. DOLLAR INDEX - ICE FUTURES U.S.,2021-11-16,47959,13051,1438.0,1978.0,59387,1674.0,34908,-540.0
U.S. DOLLAR INDEX - ICE FUTURES U.S.,2021-11-23,47116,11341,-843.0,-1710.0,57694,-1693.0,35775,867.0
U.S. DOLLAR INDEX - ICE FUTURES U.S.,2021-11-30,42010,6131,-5106.0,-5210.0,52172,-5522.0,35879,104.0
U.S. DOLLAR INDEX - ICE FUTURES U.S.,2021-12-07,43058,8193,1048.0,2062.0,59994,7822.0,34865,-1014.0
U.S. DOLLAR INDEX - ICE FUTURES U.S.,2021-12-14,42263,11022,-795.0,2829.0,52098,-7896.0,31241,-3624.0
U.S. DOLLAR INDEX - ICE FUTURES U.S.,2021-12-21,46222,11107,3959.0,85.0,56162,4064.0,35115,3874.0
U.S. DOLLAR INDEX - ICE FUTURES U.S.,2021-12-28,47169,10380,947.0,-727.0,57892,1730.0,36789,1674.0
U.S. DOLLAR INDEX - ICE FUTURES U.S.,2022-01-04,47750,8672,581.0,-1708.0,58089,197.0,39078,2289.0
U.S. DOLLAR INDEX - ICE FUTURES U.S.,2022-01-11,45872,7980,-1878.0,-692.0,57218,-871.0,37892,-1186.0
U.S. DOLLAR INDEX - ICE FUTURES U.S.,2022-01-18,42369,5935,-3503.0,-2045.0,53283,-3935.0,36434,-1458.0
U.S. DOLLAR INDEX - ICE FUTURES U.S.,2022-01-25,41772,4911,-597.0,-1024.0,52328,-955.0,36861,427.0
U.S. DOLLAR INDEX - ICE FUTURES U.S.,2022-02-01,43897,9326,2125.0,4415.0,56477,4149.0,34571,-2290.0
U.S. DOLLAR INDEX - ICE FUTURES U.S.,2022-02-08,40370,6605,-3527.0,-2721.0,53603,-2874.0,33765,-806.0
U.S. DOLLAR INDEX - ICE FUTURES U.S.,2022-02-15,42349,6963,1979.0,358.0,54283,680.0,35386,1621.0
U.S. DOLLAR INDEX - ICE FUTURES U.S.,2022-02-22,43726,7642,1377.0,679.0,54922,639.0,36084,698.0
U.S. DOLLAR INDEX - ICE FUTURES U.S.,2022-03-01,43761,8987,35.0,1345.0,56651,1729.0,34774,-1310.0
U.S. DOLLAR INDEX - ICE FUTURES U.S.,2022-03-08,46031,11987,2270.0,3000.0,62447,5796.0,34044,-730.0
U.S. DOLLAR INDEX - ICE FUTURES U.S.,2022-03-15,39767,11387,-6264.0,-600.0,47574,-14873.0,28380,-5664.0
U.S. DOLLAR INDEX - ICE FUTURES U.S.,2022-03-22,43561,13926,3794.0,2539.0,51952,4378.0,29635,1255.0
U.S. DOLLAR INDEX - ICE FUTURES U.S.,2022-03-29,44970,14029,1409.0,103.0,53967,2015.0,30941,1306.0
U.S. DOLLAR INDEX - ICE FUTURES U.S.,2022-04-05,41038,9186,-3932.0,-4843.0,49049,-4918.0,31852,911.0
U.S. DOLLAR INDEX - ICE FUTURES U.S.,2022-04-12,44303,14666,3265.0,5480.0,54836,5787.0,29637,-2215.0
U.S. DOLLAR INDEX - ICE FUTURES U.S.,2022-04-19,46685,14105,2382.0,-561.0,54524,-312.0,32580,2943.0
U.S. DOLLAR INDEX - ICE FUTURES U.S.,2022-04-26,49673,15794,2988.0,1689.0,56712,2188.0,33879,1299.0
U.S. DOLLAR INDEX - ICE FUTURES U.S.,2022-05-03,46264,13193,-3409.0,-2601.0,54092,-2620.0,33071,-808.0
U.S. DOLLAR INDEX - ICE FUTURES U.S.,2022-05-10,49864,15088,3600.0,1895.0,57556,3464.0,34776,1705.0
U.S. DOLLAR INDEX - ICE FUTURES U.S.,2022-05-17,53519,17306,3655.0,2218.0,61899,4343.0,36213,1437.0
U.S. DOLLAR INDEX - ICE FUTURES U.S.,2022-05-24,53675,15636,156.0,-1670.0,61857,-42.0,38039,1826.0
U.S. DOLLAR INDEX - ICE FUTURES U.S.,2022-05-31,54859,17321,1184.0,1685.0,63863,2006.0,37538,-501.0
U.S. DOLLAR INDEX - ICE FUTURES U.S.,2022-06-07,55460,17522,601.0,201.0,65163,1300.0,37938,400.0
U.S. DOLLAR INDEX - ICE FUTURES U.S.,2022-06-14,53133,8657,-2327.0,-8865.0,61144,-4019.0,44476,6538.0
U.S. DOLLAR INDEX - ICE FUTURES U.S.,2022-06-21,51606,6596,-1527.0,-2061.0,58543,-2601.0,45010,534.0
U.S. DOLLAR INDEX - ICE FUTURES U.S.,2022-06-28,54646,11417,3040.0,4821.0,63143,4600.0,43229,-1781.0
U.S. DOLLAR INDEX - ICE FUTURES U.S.,2022-07-05,52927,13676,-1719.0,2259.0,60857,-2286.0,39251,-3978.0
U.S. DOLLAR INDEX - ICE FUTURES U.S.,2022-07-12,51109,12755,-1818.0,-921.0,59565,-1292.0,38354,-897.0
U.S. DOLLAR INDEX - ICE FUTURES U.S.,2022-07-19,50234,11165,-875.0,-1590.0,59214,-351.0,39069,715.0
U.S. DOLLAR INDEX - ICE FUTURES U.S.,2022-07-26,51337,10802,1103.0,-363.0,60456,1242.0,40535,1466.0
U.S. DOLLAR INDEX - ICE FUTURES U.S.,2022-08-02,47918,8571,-3419.0,-2231.0,57054,-3402.0,39347,-1188.0
U.S. DOLLAR INDEX - ICE FUTURES U.S.,2022-08-09,50738,12101,2820.0,3530.0,59639,2585.0,38637,-710.0
U.S. DOLLAR INDEX - ICE FUTURES U.S.,2022-08-16,50782,12821,44.0,720.0,58909,-730.0,37961,-676.0
U.S. DOLLAR INDEX - ICE FUTURES U.S.,2022-08-23,49311,14212,-1471.0,1391.0,57608,-1301.0,35099,-2862.0
U.S. DOLLAR INDEX - ICE FUTURES U.S.,2022-08-30,51672,16157,2361.0,1945.0,60184,2576.0,35515,416.0
U.S. DOLLAR INDEX - ICE FUTURES U.S.,2022-09-06,52607,16500,935.0,343.0,61662,1478.0,36107,592.0
U.S. DOLLAR INDEX - ICE FUTURES U.S.,2022-09-13,48984,13315,-3623.0,-3185.0,62077,415.0,35669,-438.0
U.S. DOLLAR INDEX - ICE FUTURES U.S.,2022-09-20,45704,17773,-3280.0,4458.0,54292,-7785.0,27931,-7738.0
U.S. DOLLAR INDEX - ICE FUTURES U.S.,2022-09-27,47424,16862,1720.0,-911.0,56046,1754.0,30562,2631.0
U.S. DOLLAR INDEX - ICE FUTURES U.S.,2022-10-04,44449,12752,-2975.0,-4110.0,54638,-1408.0,31697,1135.0
U.S. DOLLAR INDEX - ICE FUTURES U.S.,2022-10-11,45079,12293,630.0,-459.0,54615,-23.0,32786,1089.0
U.S. DOLLAR INDEX - ICE FUTURES U.S.,2022-10-18,44956,12266,-123.0,-27.0,55234,619.0,32690,-96.0
U.S. DOLLAR INDEX - ICE FUTURES U.S.,2022-10-25,44998,14900,42.0,2634.0,59053,3819.0,30098,-2592.0
U.S. DOLLAR INDEX - ICE FUTURES U.S.,2022-11-01,42304,12516,-2694.0,-2384.0,55942,-3111.0,29788,-310.0
U.S. DOLLAR INDEX - ICE FUTURES U.S.,2022-11-08,42887,12694,583.0,178.0,56340,398.0,30193,405.0
U.S. DOLLAR INDEX - ICE FUTURES U.S.,2022-11-15,38965,12111,-3922.0,-583.0,48382,-7958.0,26854,-3339.0
U.S. DOLLAR INDEX - ICE FUTURES U.S.,2022-11-22,38310,14245,-655.0,2134.0,47718,-664.0,24065,-2789.0
U.S. DOLLAR INDEX - ICE FUTURES U.S.,2022-11-29,37279,12387,-1031.0,-1858.0,46836,-882.0,24892,827.0
U.S. DOLLAR INDEX - ICE FUTURES U.S.,2022-12-06,36157,11271,-1122.0,-1116.0,45115,-1721.0,24886,-6.0
U.S. DOLLAR INDEX - ICE FUTURES U.S.,2022-12-13,38766,12988,2609.0,1717.0,48069,2954.0,25778,892.0
U.S. DOLLAR INDEX - ICE FUTURES U.S.,2022-12-20,32727,15970,-6039.0,2982.0,41389,-6680.0,16757,-9021.0
U.S. DOLLAR INDEX - ICE FUTURES U.S.,2022-12-27,33142,16201,415.0,231.0,41653,264.0,16941,184.0
U.S. DOLLAR INDEX - ICE FUTURES U.S.,2023-01-03,33171,15410,29.0,-791.0,41850,197.0,17761,820.0
U.S. DOLLAR INDEX - ICE FUTURES U.S.,2023-01-10,33928,17388,757.0,1978.0,42307,457.0,16540,-1221.0
U.S. DOLLAR INDEX - ICE FUTURES U.S.,2023-01-17,31694,18336,-2234.0,948.0,39388,-2919.0,13358,-3182.0
U.S. DOLLAR INDEX - ICE FUTURES U.S.,2023-01-24,33291,18128,1597.0,-208.0,41233,1845.0,15163,1805.0
U.S. DOLLAR INDEX - ICE FUTURES U.S.,2023-01-31,29221,12684,-4070.0,-5444.0,38140,-3093.0,16537,1374.0
U.S. DOLLAR INDEX - ICE FUTURES U.S.,2023-02-07,24029,11760,-5192.0,-924.0,33546,-4594.0,12269,-4268.0
U.S. DOLLAR INDEX - ICE FUTURES U.S.,2023-02-14,23984,12010,-45.0,250.0,32966,-580.0,11974,-295.0
U.S. DOLLAR INDEX - ICE FUTURES U.S.,2023-02-21,26469,14271,2485.0,2261.0,36022,3056.0,12198,224.0
U.S. DOLLAR INDEX - ICE FUTURES U.S.,2023-02-28,27160,15284,691.0,1013.0,37290,1268.0,11876,-322.0
U.S. DOLLAR INDEX - ICE FUTURES U.S.,2023-03-07,26665,14109,-495.0,-1175.0,36943,-347.0,12556,680.0
U.S. DOLLAR INDEX - ICE FUTURES U.S.,2023-03-14,26446,12689,-219.0,-1420.0,35180,-1763.0,13757,1201.0
U.S. DOLLAR INDEX - ICE FUTURES U.S.,2023-03-21,26258,12114,-188.0,-575.0,33819,-1361.0,14144,387.0
U.S. DOLLAR INDEX - ICE FUTURES U.S.,2023-03-28,24552,11833,-1706.0,-281.0,31128,-2691.0,12719,-1425.0
U.S. DOLLAR INDEX - ICE FUTURES U.S.,2023-04-04,25574,11468,1022.0,-365.0,32076,948.0,14106,1387.0
U.S. DOLLAR INDEX - ICE FUTURES U.S.,2023-04-11,26090,12826,516.0,1358.0,33076,1000.0,13264,-842.0
U.S. DOLLAR INDEX - ICE FUTURES U.S.,2023-04-18,25192,14679,-898.0,1853.0,34865,1789.0,10513,-2751.0
U.S. DOLLAR INDEX - ICE FUTURES U.S.,2023-04-25,24149,13410,-1043.0,-1269.0,34441,-424.0,10739,226.0
U.S. DOLLAR INDEX - ICE FUTURES U.S.,2023-05-02,22988,11638,-1161.0,-1772.0,32774,-1667.0,11350,611.0
U.S. DOLLAR INDEX - ICE FUTURES U.S.,2023-05-09,21656,10500,-1332.0,-1138.0,32175,-599.0,11156,-194.0
U.S. DOLLAR INDEX - ICE FUTURES U.S.,2023-05-16,20669,11155,-987.0,655.0,30880,-1295.0,9514,-1642.0
U.S. DOLLAR INDEX - ICE FUTURES U.S.,2023-05-23,22194,10954,1525.0,-201.0,30203,-677.0,11240,1726.0
U.S. DOLLAR INDEX - ICE FUTURES U.S.,2023-05-30,23927,11159,1733.0,205.0,32373,2170.0,12768,1528.0
U.S. DOLLAR INDEX - ICE FUTURES U.S.,2023-06-06,24791,12572,864.0,1413.0,33930,1557.0,12219,-549.0
U.S. DOLLAR INDEX - ICE FUTURES U.S.,2023-06-13,22416,8418,-2375.0,-4154.0,32050,-1880.0,13998,1779.0
U.S. DOLLAR INDEX - ICE FUTURES U.S.,2023-06-20,20972,6111,-1444.0,-2307.0,27306,-4744.0,14861,863.0
U.S. DOLLAR INDEX - ICE FUTURES U.S.,2023-06-27,21265,6297,293.0,186.0,27691,385.0,14968,107.0
U.S. DOLLAR INDEX - ICE FUTURES U.S.,2023-07-03,20267,5950,-998.0,-347.0,26619,-1072.0,14317,-651.0
U.S. DOLLAR INDEX - ICE FUTURES U.S.,2023-07-11,20741,8730,474.0,2780.0,28925,2306.0,12011,-2306.0
U.S. DOLLAR INDEX - ICE FUTURES U.S.,2023-07-18,27410,16343,6669.0,7613.0,41045,12120.0,11067,-944.0
U.S. DOLLAR INDEX - ICE FUTURES U.S.,2023-07-25,21258,15204,-6152.0,-1139.0,34514,-6531.0,6054,-5013.0
U.S. DOLLAR INDEX - ICE FUTURES U.S.,2023-08-01,18494,15379,-2764.0,175.0,31435,-3079.0,3115,-2939.0
U.S. DOLLAR INDEX - ICE FUTURES U.S.,2023-08-08,17247,14623,-1247.0,-756.0,28930,-2505.0,2624,-491.0
U.S. DOLLAR INDEX - ICE FUTURES U.S.,2023-08-15,19617,14626,2370.0,3.0,26954,-1976.0,4991,2367.0
U.S. DOLLAR INDEX - ICE FUTURES U.S.,2023-08-22,23328,18739,3711.0,4113.0,33938,6984.0,4589,-402.0
U.S. DOLLAR INDEX - ICE FUTURES U.S.,2023-08-29,22882,20059,-446.0,1320.0,36732,2794.0,2823,-1766.0
U.S. DOLLAR INDEX - ICE FUTURES U.S.,2023-09-05,22881,19522,-1.0,-537.0,36579,-153.0,3359,536.0
U.S. DOLLAR INDEX - ICE FUTURES U.S.,2023-09-12,25145,19074,2264.0,-448.0,40982,4403.0,6071,2712.0
U.S. DOLLAR INDEX - ICE FUTURES U.S.,2023-09-19,24582,8948,-563.0,-10126.0,39249,-1733.0,15634,9563.0
U.S. DOLLAR INDEX - ICE FUTURES U.S.,2023-09-26,26606,9848,2024.0,900.0,42373,3124.0,16758,1124.0
U.S. DOLLAR INDEX - ICE FUTURES U.S.,2023-10-03,28057,9242,1451.0,-606.0,42340,-33.0,18815,2057.0
U.S. DOLLAR INDEX - ICE FUTURES U.S.,2023-10-10,27574,8097,-483.0,-1145.0,41288,-1052.0,19477,662.0
U.S. DOLLAR INDEX - ICE FUTURES U.S.,2023-10-17,28534,9367,960.0,1270.0,43051,1763.0,19167,-310.0
U.S. DOLLAR INDEX - ICE FUTURES U.S.,2023-10-24,28130,8459,-404.0,-908.0,42670,-381.0,19671,504.0
U.S. DOLLAR INDEX - ICE FUTURES U.S.,2023-10-31,27571,8586,-559.0,127.0,42803,133.0,18985,-686.0
U.S. DOLLAR INDEX - ICE FUTURES U.S.,2023-11-07,27866,8395,295.0,-191.0,41224,-1579.0,19471,486.0
U.S. DOLLAR INDEX - ICE FUTURES U.S.,2023-11-14,27271,7537,-595.0,-858.0,38842,-2382.0,19734,263.0
U.S. DOLLAR INDEX - ICE FUTURES U.S.,2023-11-21,28543,7846,1272.0,309.0,37894,-948.0,20697,963.0
U.S. DOLLAR INDEX - ICE FUTURES U.S.,2023-11-28,28798,9711,255.0,1865.0,39359,1465.0,19087,-1610.0
U.S. DOLLAR INDEX - ICE FUTURES U.S.,2023-12-05,28199,8255,-599.0,-1456.0,40451,1092.0,19944,857.0
U.S. DOLLAR INDEX - ICE FUTURES U.S.,2023-12-12,28100,10499,-99.0,2244.0,41345,894.0,17601,-2343.0
U.S. DOLLAR INDEX - ICE FUTURES U.S.,2023-12-19,15852,11910,-12248.0,1411.0,21734,-19611.0,3942,-13659.0
U.S. DOLLAR INDEX - ICE FUTURES U.S.,2023-12-26,15047,11910,-805.0,0.0,22039,305.0,3137,-805.0
U.S. DOLLAR INDEX - ICE FUTURES U.S.,2024-01-02,15941,13518,894.0,1608.0,23916,1877.0,2423,-714.0
U.S. DOLLAR INDEX - ICE FUTURES U.S.,2024-01-09,16041,13131,100.0,-387.0,23878,-38.0,2910,487.0
U.S. DOLLAR INDEX - ICE FUTURES U.S.,2024-01-16,15077,13777,-964.0,646.0,23501,-377.0,1300,-1610.0
U.S. DOLLAR INDEX - ICE FUTURES U.S.,2024-01-23,16526,14879,1449.0,1102.0,24663,1162.0,1647,347.0
U.S. DOLLAR INDEX - ICE FUTURES U.S.,2024-01-30,17238,16866,712.0,1987.0,25739,1076.0,372,-1275.0
U.S. DOLLAR INDEX - ICE FUTURES U.S.,2024-02-06,18474,16935,1236.0,69.0,29202,3463.0,1539,1167.0
U.S. DOLLAR INDEX - ICE FUTURES U.S.,2024-02-13,21096,19094,2622.0,2159.0,32227,3025.0,2002,463.0
U.S. DOLLAR INDEX - ICE FUTURES U.S.,2024-02-20,18732,17186,-2364.0,-1908.0,29958,-2269.0,1546,-456.0
U.S. DOLLAR INDEX - ICE FUTURES U.S.,2024-02-27,18827,16744,95.0,-442.0,29549,-409.0,2083,537.0
U.S. DOLLAR INDEX - ICE FUTURES U.S.,2024-03-05,17766,14667,-1061.0,-2077.0,28450,-1099.0,3099,1016.0
U.S. DOLLAR INDEX - ICE FUTURES U.S.,2024-03-12,17547,11361,-219.0,-3306.0,26365,-2085.0,6186,3087.0
U.S. DOLLAR INDEX - ICE FUTURES U.S.,2024-03-19,15573,14894,-1974.0,3533.0,23819,-2546.0,679,-5507.0
U.S. DOLLAR INDEX - ICE FUTURES U.S.,2024-03-26,19214,19843,3641.0,4949.0,31997,8178.0,-629,-1308.0
U.S. DOLLAR INDEX - ICE FUTURES U.S.,2024-04-02,23681,25577,4467.0,5734.0,38130,6133.0,-1896,-1267.0
U.S. DOLLAR INDEX - ICE FUTURES U.S.,2024-04-09,26733,27875,3052.0,2298.0,40448,2318.0,-1142,754.0
U.S. DOLLAR INDEX - ICE FUTURES U.S.,2024-04-16,29911,30840,3178.0,2965.0,44069,3621.0,-929,213.0
U.S. DOLLAR INDEX - ICE FUTURES U.S.,2024-04-23,31347,31560,1436.0,720.0,45725,1656.0,-213,716.0
U.S. DOLLAR INDEX - ICE FUTURES U.S.,2024-04-30,33593,33628,2246.0,2068.0,48784,3059.0,-35,178.0
U.S. DOLLAR INDEX - ICE FUTURES U.S.,2024-05-07,28881,27028,-4712.0,-6600.0,42962,-5822.0,1853,1888.0
U.S. DOLLAR INDEX - ICE FUTURES U.S.,2024-05-14,29682,27247,801.0,219.0,42817,-145.0,2435,582.0
U.S. DOLLAR INDEX - ICE FUTURES U.S.,2024-05-21,28292,24774,-1390.0,-2473.0,39920,-2897.0,3518,1083.0
U.S. DOLLAR INDEX - ICE FUTURES U.S.,2024-05-28,28325,24151,33.0,-623.0,40108,188.0,4174,656.0
U.S. DOLLAR INDEX - ICE FUTURES U.S.,2024-06-04,26803,21916,-1522.0,-2235.0,38645,-1463.0,4887,713.0
U.S. DOLLAR INDEX - ICE FUTURES U.S.,2024-06-11,26458,21445,-345.0,-471.0,38327,-318.0,5013,126.0
U.S. DOLLAR INDEX - ICE FUTURES U.S.,2024-06-18,30205,12610,3747.0,-8835.0,40237,1910.0,17595,12582.0
U.S. DOLLAR INDEX - ICE FUTURES U.S.,2024-06-25,31947,14425,1742.0,1815.0,43147,2910.0,17522,-73.0
U.S. DOLLAR INDEX - ICE FUTURES U.S.,2024-07-02,32776,16194,829.0,1769.0,45627,2480.0,16582,-940.0
U.S. DOLLAR INDEX - ICE FUTURES U.S.,2024-07-09,30587,14379,-2189.0,-1815.0,43263,-2364.0,16208,-374.0
U.S. DOLLAR INDEX - ICE FUTURES U.S.,2024-07-16,30327,11777,-260.0,-2602.0,38651,-4612.0,18550,2342.0
U.S. DOLLAR INDEX - ICE FUTURES U.S.,2024-07-23,30196,11976,-131.0,199.0,38818,167.0,18220,-330.0
U.S. DOLLAR INDEX - ICE FUTURES U.S.,2024-07-30,29973,13015,-223.0,1039.0,39266,448.0,16958,-1262.0
U.S. DOLLAR INDEX - ICE FUTURES U.S.,2024-08-06,30996,14860,1023.0,1845.0,42026,2760.0,16136,-822.0
U.S. DOLLAR INDEX - ICE FUTURES U.S.,2024-08-13,33686,15150,2690.0,290.0,45236,3210.0,18536,2400.0
U.S. DOLLAR INDEX - ICE FUTURES U.S.,2024-08-20,35452,17861,1766.0,2711.0,48713,3477.0,17591,-945.0
U.S. DOLLAR INDEX - ICE FUTURES U.S.,2024-08-27,37377,18464,1925.0,603.0,51056,2343.0,18913,1322.0
U.S. DOLLAR INDEX - ICE FUTURES U.S.,2024-09-03,34725,15296,-2652.0,-3168.0,48563,-2493.0,19429,516.0
U.S. DOLLAR INDEX - ICE FUTURES U.S.,2024-09-10,32116,11906,-2609.0,-3390.0,48653,90.0,20210,781.0
U.S. DOLLAR INDEX - ICE FUTURES U.S.,2024-09-17,15897,14099,-16219.0,2193.0,24759,-23894.0,1798,-18412.0
U.S. DOLLAR INDEX - ICE FUTURES U.S.,2024-09-24,16524,15565,627.0,1466.0,27029,2270.0,959,-839.0
U.S. DOLLAR INDEX - ICE FUTURES U.S.,2024-10-01,13829,13675,-2695.0,-1890.0,26321,-708.0,154,-805.0
U.S. DOLLAR INDEX - ICE FUTURES U.S.,2024-10-08,15016,16905,1187.0,3230.0,25635,-686.0,-1889,-2043.0
U.S. DOLLAR INDEX - ICE FUTURES U.S.,2024-10-15,15352,17452,336.0,547.0,24171,-1464.0,-2100,-211.0
U.S. DOLLAR INDEX - ICE FUTURES U.S.,2024-10-22,20118,19207,4766.0,1755.0,29942,5771.0,911,3011.0
U.S. DOLLAR INDEX - ICE FUTURES U.S.,2024-10-29,21825,20141,1707.0,934.0,32536,2594.0,1684,773.0
U.S. DOLLAR INDEX - ICE FUTURES U.S.,2024-11-05,20332,20237,-1493.0,96.0,30825,-1711.0,95,-1589.0
U.S. DOLLAR INDEX - ICE FUTURES U.S.,2024-11-12,22958,25270,2626.0,5033.0,36875,6050.0,-2312,-2407.0
U.S. DOLLAR INDEX - ICE FUTURES U.S.,2024-11-19,22613,25326,-345.0,56.0,37320,445.0,-2713,-401.0
U.S. DOLLAR INDEX - ICE FUTURES U.S.,2024-11-26,22960,25759,347.0,433.0,37797,477.0,-2799,-86.0
U.S. DOLLAR INDEX - ICE FUTURES U.S.,2024-12-03,21903,24957,-1057.0,-802.0,37510,-287.0,-3054,-255.0
U.S. DOLLAR INDEX - ICE FUTURES U.S.,2024-12-10,22883,26107,980.0,1150.0,40825,3315.0,-3224,-170.0
U.S. DOLLAR INDEX - ICE FUTURES U.S.,2024-12-17,25145,19504,2262.0,-6603.0,41281,456.0,5641,8865.0
U.S. DOLLAR INDEX - ICE FUTURES U.S.,2024-12-24,28539,22047,3394.0,2543.0,44472,3191.0,6492,851.0
U.S. DOLLAR INDEX - ICE FUTURES U.S.,2024-12-31,26598,19721,-1941.0,-2326.0,42976,-1496.0,6877,385.0
U.S. DOLLAR INDEX - ICE FUTURES U.S.,2025-01-07,27958,19313,1360.0,-408.0,44874,1898.0,8645,1768.0
U.S. DOLLAR INDEX - ICE FUTURES U.S.,2025-01-14,29512,16783,1554.0,-2530.0,45758,884.0,12729,4084.0
U.S. DOLLAR INDEX - ICE FUTURES U.S.,2025-01-21,28811,13939,-701.0,-2844.0,45714,-44.0,14872,2143.0
U.S. DOLLAR INDEX - ICE FUTURES U.S.,2025-01-28,25372,11172,-3439.0,-2767.0,40991,-4723.0,14200,-672.0
U.S. DOLLAR INDEX - ICE FUTURES U.S.,2025-02-04,25203,10664,-169.0,-508.0,39705,-1286.0,14539,339.0
U.S. DOLLAR INDEX - ICE FUTURES U.S.,2025-02-11,26261,10965,1058.0,301.0,39291,-414.0,15296,757.0
U.S. DOLLAR INDEX - ICE FUTURES U.S.,2025-02-18,26729,9961,468.0,-1004.0,38459,-832.0,16768,1472.0
U.S. DOLLAR INDEX - ICE FUTURES U.S.,2025-02-25,25906,10174,-823.0,213.0,38062,-397.0,15732,-1036.0
U.S. DOLLAR INDEX - ICE FUTURES U.S.,2025-03-04,27785,13047,1879.0,2873.0,39075,1013.0,14738,-994.0
U.S. DOLLAR INDEX - ICE FUTURES U.S.,2025-03-11,27969,11134,184.0,-1913.0,39865,790.0,16835,2097.0
U.S. DOLLAR INDEX - ICE FUTURES U.S.,2025-03-18,23657,16469,-4312.0,5335.0,29600,-10265.0,7188,-9647.0
U.S. DOLLAR INDEX - ICE FUTURES U.S.,2025-03-25,22699,15231,-958.0,-1238.0,29219,-381.0,7468,280.0
U.S. DOLLAR INDEX - ICE FUTURES U.S.,2025-04-01,23640,16599,941.0,1368.0,29279,60.0,7041,-427.0
U.S. DOLLAR INDEX - ICE FUTURES U.S.,2025-04-08,15487,12574,-8153.0,-4025.0,22770,-6509.0,2913,-4128.0
U.S. DOLLAR INDEX - ICE FUTURES U.S.,2025-04-15,15722,13894,235.0,1320.0,27224,4454.0,1828,-1085.0
U.S. DOLLAR INDEX - ICE FUTURES U.S.,2025-04-22,18696,19670,2974.0,5776.0,32880,5656.0,-974,-2802.0
U.S. DOLLAR INDEX - ICE FUTURES U.S.,2025-04-29,19093,19542,397.0,-128.0,32830,-50.0,-449,525.0
U.S. DOLLAR INDEX - ICE FUTURES U.S.,2025-05-06,21251,22359,2158.0,2817.0,35412,2582.0,-1108,-659.0
U.S. DOLLAR INDEX - ICE FUTURES U.S.,2025-05-13,15539,16154,-5712.0,-6205.0,27982,-7430.0,-615,493.0
U.S. DOLLAR INDEX - ICE FUTURES U.S.,2025-05-20,17583,18129,2044.0,1975.0,30189,2207.0,-546,69.0
U.S. DOLLAR INDEX - ICE FUTURES U.S.,2025-05-27,18406,18492,823.0,363.0,30979,790.0,-86,460.0
U.S. DOLLAR INDEX - ICE FUTURES U.S.,2025-06-03,15748,15131,-2658.0,-3361.0,28007,-2972.0,617,703.0
U.S. DOLLAR INDEX - ICE FUTURES U.S.,2025-06-10,17027,15625,1279.0,494.0,30659,2652.0,1402,785.0
U.S. DOLLAR INDEX - ICE FUTURES U.S.,2025-06-17,13215,16183,-3812.0,558.0,30721,62.0,-2968,-4370.0
U.S. DOLLAR INDEX - ICE FUTURES U.S.,2025-06-24,13283,19317,68.0,3134.0,31225,504.0,-6034,-3066.0
U.S. DOLLAR INDEX - ICE FUTURES U.S.,2025-07-01,16873,21155,3590.0,1838.0,36286,5061.0,-4282,1752.0
U.S. DOLLAR INDEX - ICE FUTURES U.S.,2025-07-08,16208,20194,-665.0,-961.0,35076,-1210.0,-3986,296.0
U.S. DOLLAR INDEX - ICE FUTURES U.S.,2025-07-15,16262,19927,54.0,-267.0,35177,101.0,-3665,321.0
U.S. DOLLAR INDEX - ICE FUTURES U.S.,2025-07-22,16925,20376,663.0,449.0,35725,548.0,-3451,214.0
U.S. DOLLAR INDEX - ICE FUTURES U.S.,2025-07-29,13960,18116,-2965.0,-2260.0,32919,-2806.0,-4156,-705.0
U.S. DOLLAR INDEX - ICE FUTURES U.S.,2025-08-05,11399,18429,-2561.0,313.0,30064,-2855.0,-7030,-2874.0
U.S. DOLLAR INDEX - ICE FUTURES U.S.,2025-08-12,12729,18976,1330.0,547.0,30410,346.0,-6247,783.0
U.S. DOLLAR INDEX - ICE FUTURES U.S.,2025-08-19,11359,17347,-1370.0,-1629.0,28891,-1519.0,-5988,259.0
U.S. DOLLAR INDEX - ICE FUTURES U.S.,2025-08-26,13158,19263,1799.0,1916.0,31488,2597.0,-6105,-117.0
U.S. DOLLAR INDEX - ICE FUTURES U.S.,2025-09-02,13645,18666,487.0,-597.0,31502,14.0,-5021,1084.0
U.S. DOLLAR INDEX - ICE FUTURES U.S.,2025-09-09,19192,24750,5547.0,6084.0,38029,6527.0,-5558,-537.0
U.S. DOLLAR INDEX - ICE FUTURES U.S.,2025-09-16,12491,25385,-6701.0,635.0,38526,497.0,-12894,-7336.0
U.S. DOLLAR INDEX - ICE FUTURES U.S.,2025-09-23,14032,24376,1541.0,-1009.0,40441,1915.0,-10344,2550.0
U.S. DOLLAR INDEX - ICE FUTURES U.S.,2025-09-30,9726,23362,-4306.0,-1014.0,35699,-4742.0,-13636,-3292.0
U.S. DOLLAR INDEX - ICE FUTURES U.S.,2025-10-07,12456,25601,2730.0,2239.0,38717,3018.0,-13145,491.0
U.S. DOLLAR INDEX - ICE FUTURES U.S.,2025-10-14,12279,27212,-177.0,1611.0,37137,-1580.0,-14933,-1788.0
U.S. DOLLAR INDEX - ICE FUTURES U.S.,2025-10-21,11137,26504,-1142.0,-708.0,35369,-1768.0,-15367,-434.0
U.S. DOLLAR INDEX - ICE FUTURES U.S.,2025-10-28,10607,26733,-530.0,229.0,34998,-371.0,-16126,-759.0
U.S. DOLLAR INDEX - ICE FUTURES U.S.,2025-11-04,16645,32207,6038.0,5474.0,43439,8441.0,-15562,564.0
U.S. DOLLAR INDEX - ICE FUTURES U.S.,2025-11-10,16004,31631,-641.0,-576.0,42792,-647.0,-15627,-65.0
U.S. DOLLAR INDEX - ICE FUTURES U.S.,2025-11-18,16893,33001,889.0,1370.0,44403,1611.0,-16108,-481.0
U.S. DOLLAR INDEX - ICE FUTURES U.S.,2025-11-25,18448,34795,1555.0,1794.0,47161,2758.0,-16347,-239.0
U.S. DOLLAR INDEX - ICE FUTURES U.S.,2025-12-02,14444,30662,-4004.0,-4133.0,43781,-3380.0,-16218,129.0
U.S. DOLLAR INDEX - ICE FUTURES U.S.,2025-12-09,14778,28652,334.0,-2010.0,42972,-809.0,-13874,2344.0
U.S. DOLLAR INDEX - ICE FUTURES U.S.,2025-12-16,15895,20490,1117.0,-8162.0,26994,-15978.0,-4595,9279.0
U.S. DOLLAR INDEX - ICE FUTURES U.S.,2025-12-23,16688,20709,793.0,219.0,28181,1187.0,-4021,574.0
U.S. DOLLAR INDEX - ICE FUTURES U.S.,2025-12-30,16652,20612,-36.0,-97.0,28984,803.0,-3960,61.0
U.S. DOLLAR INDEX - ICE FUTURES U.S.,2026-01-06,17671,21502,1019.0,890.0,30078,1094.0,-3831,129.0
U.S. DOLLAR INDEX - ICE FUTURES U.S.,2026-01-13,17929,21659,258.0,157.0,29868,-210.0,-3730,101.0
U.S. DOLLAR INDEX - ICE FUTURES U.S.,2026-01-20,16003,22421,-1926.0,762.0,29579,-289.0,-6418,-2688.0
U.S. DOLLAR INDEX - ICE FUTURES U.S.,2026-01-27,17945,22350,1942.0,-71.0,31746,2167.0,-4405,2013.0
U.S. DOLLAR INDEX - ICE FUTURES U.S.,2026-02-03,16610,17462,-1335.0,-4888.0,28190,-3556.0,-852,3553.0
U.S. DOLLAR INDEX - ICE FUTURES U.S.,2026-02-10,16131,16860,-479.0,-602.0,27789,-401.0,-729,123.0
U.S. DOLLAR INDEX - ICE FUTURES U.S.,2026-02-17,15416,15088,-715.0,-1772.0,26596,-1193.0,328,1057.0
U.S. DOLLAR INDEX - ICE FUTURES U.S.,2026-02-24,13295,15084,-2121.0,-4.0,26218,-378.0,-1789,-2117.0
U.S. DOLLAR INDEX - ICE FUTURES U.S.,2026-03-03,15061,20050,1766.0,4966.0,29871,3653.0,-4989,-3200.0
U.S. DOLLAR INDEX - ICE FUTURES U.S.,2026-03-10,16384,22266,1323.0,2216.0,32012,2141.0,-5882,-893.0
U.S. DOLLAR INDEX - ICE FUTURES U.S.,2026-03-17,21426,17733,5042.0,-4533.0,35456,3444.0,3693,9575.0
U.S. DOLLAR INDEX - ICE FUTURES U.S.,2026-03-24,20457,16840,-969.0,-893.0,36113,657.0,3617,-76.0
U.S. DOLLAR INDEX - ICE FUTURES U.S.,2026-03-31,21708,18027,1251.0,1187.0,38735,2622.0,3681,64.0
U.S. DOLLAR INDEX - ICE FUTURES U.S.,2026-04-07,23084,17573,1376.0,-454.0,36573,-2162.0,5511,1830.0
U.S. DOLLAR INDEX - ICE FUTURES U.S.,2026-04-14,18970,13800,-4114.0,-3773.0,32911,-3662.0,5170,-341.0
U.S. DOLLAR INDEX - ICE FUTURES U.S.,2026-04-21,17617,12634,-1353.0,-1166.0,30651,-2260.0,4983,-187.0
U.S. DOLLAR INDEX - ICE FUTURES U.S.,2026-04-28,17180,12672,-437.0,38.0,30611,-40.0,4508,-475.0
U.S. DOLLAR INDEX - ICE FUTURES U.S.,2026-05-05,17048,16355,-132.0,3683.0,32496,1885.0,693,-3815.0
U.S. DOLLAR INDEX - ICE FUTURES U.S.,2026-05-12,18912,15725,1864.0,-630.0,32108,-388.0,3187,2494.0
U.S. DOLLAR INDEX - ICE FUTURES U.S.,2026-05-19,21403,21882,2491.0,6157.0,40626,8518.0,-479,-3666.0
U.S. DOLLAR INDEX - ICE FUTURES U.S.,2026-05-26,22732,21882,1329.0,0.0,42278,1652.0,850,1329.0
U.S. DOLLAR INDEX - ICE FUTURES U.S.,2026-06-02,24584,20826,1852.0,-1056.0,43090,812.0,3758,2908.0
U.S. DOLLAR INDEX - ICE FUTURES U.S.,2026-06-09,27908,26524,3324.0,5698.0,50285,7195.0,1384,-2374.0
U.S. DOLLAR INDEX - ICE FUTURES U.S.,2026-06-16,31180,17983,3272.0,-8541.0,49411,-874.0,13197,11813.0
U.S. DOLLAR INDEX - ICE FUTURES U.S.,2026-06-23,34278,21350,3098.0,3367.0,54908,5497.0,12928,-269.0
U.S. DOLLAR INDEX - ICE FUTURES U.S.,2026-06-30,32524,19508,-1754.0,-1842.0,54306,-602.0,13016,88.0
U.S. DOLLAR INDEX - ICE FUTURES U.S.,2026-07-07,31921,18652,-603.0,-856.0,53384,-922.0,13269,253.0
U.S. DOLLAR INDEX - ICE FUTURES U.S.,2026-07-14,31641,18468,-280.0,-184.0,53293,-91.0,13173,-96.0
U.S. DOLLAR INDEX - ICE FUTURES U.S.,2026-07-21,33270,17656,1629.0,-812.0,53953,660.0,15614,2441.0
U.S. DOLLAR INDEX - ICE FUTURES U.S.,2026-07-28,35339,18142,2069.0,486.0,58251,4298.0,17197,1583.0
U.S. DOLLAR INDEX - ICE FUTURES U.S.,2026-08-04,35247,12748,-92.0,-5394.0,52154,-6097.0,22499,5302.0
U.S. DOLLAR INDEX - ICE FUTURES U.S.,2026-08-11,32651,11242,-2596.0,-1506.0,49541,-2613.0,21409,-1090.0
U.S. DOLLAR INDEX - ICE FUTURES U.S.,2026-08-18,29582,10503,-3069.0,-739.0,47928,-1613.0,19079,-2330.0
U.S. DOLLAR INDEX - ICE FUTURES U.S.,2026-08-25,29042,10360,-540.0,-143.0,47953,25.0,18682,-397.0
U.S. DOLLAR INDEX - ICE FUTURES U.S.,2026-09-01,28240,11215,-802.0,855.0,50020,2067.0,17025,-1657.0
U.S. DOLLAR INDEX - ICE FUTURES U.S.,2026-09-08,28407,10803,167.0,-412.0,57858,7838.0,17604,579.0
U.S. DOLLAR INDEX - ICE FUTURES U.S.,2026-09-15,25971,15378,-2436.0,4575.0,43744,-14114.0,10593,-7011.0
U.S. DOLLAR INDEX - ICE FUTURES U.S.,2026-09-22,27768,17438,1797.0,2060.0,46328,2584.0,10330,-263.0
U.S. DOLLAR INDEX - ICE FUTURES U.S.,2026-09-29,29742,17861,1974.0,423.0,48342,2014.0,11881,1551.0
